ts_code,trade_date,open,high,low,close,pre_close,change,pct_chg,vol,amount
300001.SZ,20241216,22.72,22.98,22.24,22.35,22.77,-0.42,-1.8445,141123.13,319347.984
300002.SZ,20241216,12.7,12.78,12.15,12.26,12.73,-0.47,-3.6921,763242.15,940386.422
300003.SZ,20241216,12.02,12.09,11.92,12.02,12.05,-0.03,-0.249,162997.0,195616.444
300004.SZ,20241216,6.91,7.22,6.87,6.98,6.87,0.11,1.6012,181860.0,128400.336
300005.SZ,20241216,8.51,9.16,8.4,8.5,8.33,0.17,2.0408,984649.01,865566.149
300006.SZ,20241216,5.84,6.02,5.7,5.95,5.84,0.11,1.8836,318451.21,188540.533
300007.SZ,20241216,23.02,23.48,22.16,22.41,23.65,-1.24,-5.2431,519677.13,1176563.828
300008.SZ,20241216,5.32,5.37,5.25,5.29,5.36,-0.07,-1.306,470226.0,249593.27
300009.SZ,20241216,9.06,9.14,9.0,9.06,9.07,-0.01,-0.1103,131069.6,118782.132
300010.SZ,20241216,9.62,9.81,9.4,9.49,9.41,0.08,0.8502,1392215.07,1341579.896
300011.SZ,20241216,8.58,8.72,8.46,8.55,8.63,-0.08,-0.927,136833.6,117674.914
300012.SZ,20241216,13.19,13.6,13.12,13.35,13.19,0.16,1.213,503061.43,670509.119
300013.SZ,20241216,4.11,4.26,3.84,3.95,4.09,-0.14,-3.423,218682.0,87851.668
300014.SZ,20241216,46.9,47.28,46.49,46.7,46.9,-0.2,-0.4264,161839.33,757243.506
300015.SZ,20241216,14.4,14.42,14.16,14.25,14.4,-0.15,-1.0417,676119.93,963814.999
300016.SZ,20241216,7.12,7.22,7.06,7.1,7.05,0.05,0.7092,76174.5,54228.885
300017.SZ,20241216,10.13,10.45,9.92,10.23,10.05,0.18,1.791,2223048.59,2268661.04
300018.SZ,20241216,7.51,7.61,7.33,7.43,7.49,-0.06,-0.8011,178127.9,132324.88
300019.SZ,20241216,15.85,16.0,15.64,15.75,15.95,-0.2,-1.2539,82187.98,129933.354
300020.SZ,20241216,4.04,4.14,3.3,3.52,4.04,-0.52,-12.8713,962675.64,359847.606
300021.SZ,20241216,4.54,4.58,4.47,4.51,4.51,0.0,0.0,203248.53,91947.713
300022.SZ,20241216,5.6,6.06,5.6,5.9,5.64,0.26,4.6099,516936.82,301357.767
300024.SZ,20241216,21.5,22.15,20.81,21.0,21.78,-0.78,-3.5813,1180600.44,2525662.284
300025.SZ,20241216,14.99,15.16,13.67,14.33,14.85,-0.52,-3.5017,507108.33,734157.59
300026.SZ,20241216,4.19,4.25,4.18,4.23,4.19,0.04,0.9547,604262.84,254691.329
300027.SZ,20241216,3.45,3.63,3.31,3.49,3.53,-0.04,-1.1331,3044791.54,1042447.388
300029.SZ,20241216,5.79,5.87,5.71,5.77,5.8,-0.03,-0.5172,25446.01,14736.784
300030.SZ,20241216,6.99,7.37,6.99,7.36,7.03,0.33,4.6942,199738.38,144804.859
300031.SZ,20241216,21.77,21.99,20.9,21.1,21.71,-0.61,-2.8098,323300.52,685863.807
300032.SZ,20241216,5.65,5.73,5.55,5.6,5.65,-0.05,-0.885,298338.38,168051.745
300033.SZ,20241216,306.97,308.45,296.02,298.15,306.9,-8.75,-2.8511,164745.94,4941246.096
300034.SZ,20241216,16.32,16.47,16.08,16.2,16.39,-0.19,-1.1592,87767.65,142523.682
300035.SZ,20241216,14.75,14.84,14.2,14.38,14.82,-0.44,-2.969,211894.71,305405.729
300036.SZ,20241216,18.84,19.19,18.32,18.66,18.84,-0.18,-0.9554,156198.47,291146.033
300037.SZ,20241216,37.82,38.2,37.1,37.34,38.12,-0.78,-2.0462,70183.69,263685.801
300039.SZ,20241216,6.9,7.03,6.8,6.85,6.92,-0.07,-1.0116,246204.1,170080.53
300040.SZ,20241216,6.63,6.87,6.63,6.69,6.66,0.03,0.4505,187397.93,126861.24
300041.SZ,20241216,8.95,9.02,8.83,8.89,8.95,-0.06,-0.6704,74949.08,66848.645
300042.SZ,20241216,22.8,23.37,22.28,22.7,22.87,-0.17,-0.7433,154208.21,352989.579
300043.SZ,20241216,5.53,5.53,5.05,5.16,5.53,-0.37,-6.6908,2157333.38,1132100.703
300044.SZ,20241216,7.68,7.73,7.43,7.53,7.68,-0.15,-1.9531,540644.3,410245.281
300045.SZ,20241216,24.8,24.89,23.4,23.56,24.93,-1.37,-5.4954,332187.78,796607.025
300046.SZ,20241216,39.12,40.2,37.92,38.26,39.59,-1.33,-3.3594,199234.32,779677.079
300047.SZ,20241216,13.87,13.95,13.17,13.28,13.98,-0.7,-5.0072,421434.52,568451.78
300048.SZ,20241216,5.31,5.36,5.24,5.28,5.31,-0.03,-0.565,113143.0,59978.768
300049.SZ,20241216,36.54,36.69,35.02,35.36,36.54,-1.18,-3.2293,103382.8,368780.195
300050.SZ,20241216,7.26,7.62,7.07,7.36,7.41,-0.05,-0.6748,558615.96,409460.441
300051.SZ,20241216,8.65,8.65,8.26,8.36,8.65,-0.29,-3.3526,80718.0,67604.134
300052.SZ,20241216,22.48,22.69,21.1,21.18,23.08,-1.9,-8.2322,412499.68,888306.908
300053.SZ,20241216,15.61,15.71,14.9,15.08,15.77,-0.69,-4.3754,287036.46,439189.517
300054.SZ,20241216,26.77,26.93,25.9,26.11,26.93,-0.82,-3.0449,155405.01,408379.192
300055.SZ,20241216,5.72,5.86,5.71,5.77,5.75,0.02,0.3478,91848.0,53296.92
300056.SZ,20241216,14.86,15.21,14.52,14.7,14.93,-0.23,-1.5405,132416.51,195843.812
300057.SZ,20241216,5.61,5.65,5.52,5.55,5.59,-0.04,-0.7156,135989.97,75680.103
300058.SZ,20241216,11.85,11.85,11.0,11.38,11.95,-0.57,-4.7699,4465432.42,5078808.174
300059.SZ,20241216,26.2,26.23,25.55,25.75,26.41,-0.66,-2.4991,5658128.9,14633294.311
300061.SZ,20241216,15.85,16.53,15.62,15.81,16.11,-0.3,-1.8622,364457.9,584859.675
300062.SZ,20241216,6.17,6.27,6.05,6.1,6.17,-0.07,-1.1345,159380.48,98046.071
300063.SZ,20241216,13.19,14.36,12.46,12.91,13.36,-0.45,-3.3683,2236718.25,3001668.361
300065.SZ,20241216,9.47,9.54,9.08,9.16,9.47,-0.31,-3.2735,303476.74,282135.072
300066.SZ,20241216,4.7,4.75,4.62,4.67,4.7,-0.03,-0.6383,180210.0,84327.172
300067.SZ,20241216,6.14,6.19,5.94,6.0,6.1,-0.1,-1.6393,531519.07,321850.938
300068.SZ,20241216,19.14,19.38,18.75,18.91,18.72,0.19,1.015,543763.41,1040043.41
300069.SZ,20241216,15.94,16.89,15.85,16.21,15.73,0.48,3.0515,60854.0,99185.076
300070.SZ,20241216,5.65,5.71,5.55,5.58,5.66,-0.08,-1.4134,399727.99,224684.279
300071.SZ,20241216,6.82,6.97,6.39,6.5,7.0,-0.5,-7.1429,1598616.6,1060713.07
300072.SZ,20241216,4.16,4.4,4.14,4.28,4.15,0.13,3.1325,628119.65,269658.669
300073.SZ,20241216,42.78,42.89,41.6,42.06,42.78,-0.72,-1.683,120090.36,506785.471
300074.SZ,20241216,5.15,5.26,5.02,5.06,5.1,-0.04,-0.7843,267033.28,137033.348
300075.SZ,20241216,19.3,19.3,18.56,18.71,19.15,-0.44,-2.2977,196118.02,370311.139
300076.SZ,20241216,8.88,10.45,8.81,10.17,8.76,1.41,16.0959,590105.94,575410.484
300077.SZ,20241216,28.52,28.92,27.68,27.86,28.71,-0.85,-2.9606,457747.15,1293604.414
300078.SZ,20241216,4.02,4.26,4.0,4.06,3.98,0.08,2.0101,756608.45,310528.023
300079.SZ,20241216,6.74,6.77,6.44,6.51,6.69,-0.18,-2.6906,681215.96,444363.999
300080.SZ,20241216,5.0,5.06,4.88,4.91,5.06,-0.15,-2.9644,225752.41,111248.496
300081.SZ,20241216,9.88,9.96,9.09,9.31,9.85,-0.54,-5.4822,795288.94,747137.285
300082.SZ,20241216,7.64,7.72,7.36,7.44,7.67,-0.23,-2.9987,151409.84,114004.032
300083.SZ,20241216,7.65,7.71,7.54,7.61,7.65,-0.04,-0.5229,398363.91,303304.794
300084.SZ,20241216,6.34,6.43,6.24,6.3,6.35,-0.05,-0.7874,64429.0,40757.503
300085.SZ,20241216,46.71,47.0,45.63,46.58,46.71,-0.13,-0.2783,370719.01,1711107.516
300086.SZ,20241216,6.1,6.23,6.0,6.05,6.08,-0.03,-0.4934,296753.5,180680.539
300087.SZ,20241216,11.99,12.46,11.78,12.34,12.1,0.24,1.9835,790411.98,961118.326
300088.SZ,20241216,7.09,7.16,6.88,6.92,7.12,-0.2,-2.809,834643.25,580145.075
300091.SZ,20241216,3.12,3.21,3.07,3.09,3.11,-0.02,-0.6431,506667.0,158489.78
300092.SZ,20241216,12.35,12.47,12.15,12.24,12.27,-0.03,-0.2445,47038.03,57922.792
300093.SZ,20241216,19.05,19.09,18.48,18.62,18.81,-0.19,-1.0101,83356.0,156529.843
300094.SZ,20241216,4.98,5.14,4.88,4.93,5.03,-0.1,-1.9881,1078329.51,538387.552
300095.SZ,20241216,7.43,7.47,7.25,7.3,7.4,-0.1,-1.3514,58928.03,43339.847
300096.SZ,20241216,3.82,3.87,3.75,3.79,3.85,-0.06,-1.5584,110692.0,42207.973
300097.SZ,20241216,6.28,6.37,6.13,6.19,6.32,-0.13,-2.057,348343.2,218282.228
300098.SZ,20241216,7.4,7.42,6.85,6.94,7.41,-0.47,-6.3428,1897901.08,1341489.146
300099.SZ,20241216,7.12,7.18,6.88,6.95,7.06,-0.11,-1.5581,305274.12,215456.696
300100.SZ,20241216,29.02,30.2,28.85,29.32,29.51,-0.19,-0.6438,266131.9,784613.56
300101.SZ,20241216,24.09,24.3,22.96,23.31,24.01,-0.7,-2.9155,204838.99,481777.609
300102.SZ,20241216,12.95,13.07,12.64,12.84,13.04,-0.2,-1.5337,402024.06,516950.267
300103.SZ,20241216,7.55,8.18,7.46,8.15,7.55,0.6,7.947,285722.69,228378.75
300105.SZ,20241216,7.43,7.54,7.33,7.35,7.43,-0.08,-1.0767,93844.11,69717.961
300106.SZ,20241216,11.61,11.9,11.21,11.41,11.9,-0.49,-4.1176,300937.0,347067.212
300107.SZ,20241216,10.94,11.27,10.87,10.98,10.94,0.04,0.3656,154313.8,170927.479
300108.SZ,20241216,2.1,2.15,2.06,2.08,2.16,-0.08,-3.7037,534115.68,112215.236
300109.SZ,20241216,16.56,16.78,16.21,16.38,16.7,-0.32,-1.9162,158324.34,260115.174
300110.SZ,20241216,4.02,4.11,3.99,4.01,4.02,-0.01,-0.2488,240621.33,97383.036
300111.SZ,20241216,3.79,3.84,3.72,3.76,3.78,-0.02,-0.5291,294197.6,111193.753
300112.SZ,20241216,10.31,10.38,9.9,10.0,10.38,-0.38,-3.6609,206512.0,207733.585
300113.SZ,20241216,17.02,18.65,16.51,17.9,16.22,1.68,10.3576,1125639.91,1963072.728
300115.SZ,20241216,17.51,17.65,16.98,17.13,17.67,-0.54,-3.056,443736.61,766363.028
300117.SZ,20241216,1.54,1.56,1.26,1.44,1.58,-0.14,-8.8608,821610.2,118326.741
300118.SZ,20241216,13.53,13.72,13.47,13.56,13.55,0.01,0.0738,222502.93,301873.132
300119.SZ,20241216,19.98,20.22,19.69,19.92,20.05,-0.13,-0.6484,46645.92,92927.485
300120.SZ,20241216,11.44,11.53,11.07,11.15,11.4,-0.25,-2.193,270749.43,305443.443
300121.SZ,20241216,13.35,13.44,12.92,13.0,13.34,-0.34,-2.5487,159165.94,208880.031
300122.SZ,20241216,28.72,28.74,28.02,28.17,28.8,-0.63,-2.1875,197731.56,560323.419
300123.SZ,20241216,7.07,7.1,6.8,6.85,7.1,-0.25,-3.5211,353647.66,245458.454
300124.SZ,20241216,59.7,60.28,58.54,59.9,60.5,-0.6,-0.9917,252612.55,1502018.672
300125.SZ,20241216,7.51,7.68,7.2,7.34,7.61,-0.27,-3.548,135792.0,101691.267
300126.SZ,20241216,6.33,6.41,6.28,6.33,6.33,0.0,0.0,49577.12,31486.25
300127.SZ,20241216,27.4,27.9,27.0,27.48,27.86,-0.38,-1.364,134680.62,368484.826
300128.SZ,20241216,5.91,5.99,5.68,5.75,5.96,-0.21,-3.5235,412749.11,241079.552
300129.SZ,20241216,7.79,7.89,7.61,7.66,7.77,-0.11,-1.4157,171199.11,132170.882
300130.SZ,20241216,24.78,24.87,23.69,23.88,24.77,-0.89,-3.5931,177019.07,426820.447
300131.SZ,20241216,8.48,8.55,8.04,8.13,8.47,-0.34,-4.0142,610409.0,502392.085
300132.SZ,20241216,5.82,6.1,5.8,5.88,5.81,0.07,1.2048,180875.22,106897.816
300133.SZ,20241216,9.25,9.98,8.67,9.35,9.29,0.06,0.6459,2803496.03,2542727.818
300134.SZ,20241216,14.44,14.47,13.88,14.03,14.41,-0.38,-2.6371,169504.0,240284.429
300135.SZ,20241216,4.68,4.72,4.51,4.54,4.68,-0.14,-2.9915,376126.0,172815.701
300136.SZ,20241216,26.23,26.29,25.51,25.69,26.25,-0.56,-2.1333,206615.85,534447.785
300137.SZ,20241216,5.79,5.88,5.72,5.85,5.72,0.13,2.2727,102468.4,59689.384
300138.SZ,20241216,9.3,9.81,9.28,9.57,9.28,0.29,3.125,197334.15,190222.119
300139.SZ,20241216,16.85,17.08,16.51,16.69,17.12,-0.43,-2.5117,167816.04,281166.056
300140.SZ,20241216,6.58,6.75,6.52,6.58,6.63,-0.05,-0.7541,201573.12,133766.163
300141.SZ,20241216,9.7,10.09,9.68,9.84,9.68,0.16,1.6529,68537.06,68073.732
300142.SZ,20241216,13.44,13.52,12.92,13.08,13.54,-0.46,-3.3973,533967.67,703071.775
300143.SZ,20241216,9.78,10.09,9.69,9.91,9.76,0.15,1.5369,83542.37,83074.221
300144.SZ,20241216,10.65,10.8,10.21,10.35,10.3,0.05,0.4854,1225540.65,1289866.606
300145.SZ,20241216,3.6,3.64,3.57,3.6,3.6,0.0,0.0,356315.0,128467.675
300146.SZ,20241216,13.43,13.48,13.16,13.24,13.29,-0.05,-0.3762,288582.19,384439.512
300147.SZ,20241216,13.05,13.24,12.36,12.45,13.26,-0.81,-6.1086,517225.19,657837.468
300148.SZ,20241216,5.21,5.27,4.88,5.08,5.14,-0.06,-1.1673,972429.51,485841.066
300149.SZ,20241216,8.2,8.48,7.92,8.01,7.67,0.34,4.4329,609465.03,498761.164
300150.SZ,20241216,5.6,6.19,5.36,6.04,5.58,0.46,8.2437,1056005.01,621123.231
300151.SZ,20241216,18.57,18.62,17.94,18.17,18.48,-0.31,-1.6775,86559.61,157874.705
300152.SZ,20241216,6.5,6.55,6.27,6.31,6.57,-0.26,-3.9574,487742.52,310712.228
300153.SZ,20241216,9.55,10.24,9.22,9.46,9.67,-0.21,-2.1717,351734.37,336845.105
300154.SZ,20241216,9.7,9.78,9.29,9.39,9.87,-0.48,-4.8632,187099.88,177274.823
300155.SZ,20241216,6.06,6.11,5.83,5.88,6.06,-0.18,-2.9703,236264.0,141091.236
300157.SZ,20241216,3.81,3.9,3.76,3.78,3.83,-0.05,-1.3055,378966.0,144938.241
300158.SZ,20241216,5.04,5.15,4.99,5.01,5.06,-0.05,-0.9881,196938.29,99796.396
300159.SZ,20241216,3.82,3.95,3.81,3.86,3.84,0.02,0.5208,671920.0,259436.261
300160.SZ,20241216,6.02,6.05,5.9,5.93,6.02,-0.09,-1.495,133708.65,79807.121
300161.SZ,20241216,28.72,29.36,28.51,28.69,28.63,0.06,0.2096,40766.0,117552.702
300162.SZ,20241216,9.51,9.65,8.95,9.01,9.4,-0.39,-4.1489,412224.59,381294.446
300163.SZ,20241216,2.72,2.81,2.7,2.76,2.74,0.02,0.7299,152038.0,42107.788
300164.SZ,20241216,4.8,4.85,4.72,4.76,4.79,-0.03,-0.6263,235014.31,112654.661
300165.SZ,20241216,3.6,3.62,3.44,3.47,3.62,-0.15,-4.1436,271273.2,95483.984
300166.SZ,20241216,11.31,11.47,10.78,10.92,11.43,-0.51,-4.4619,807090.08,885849.018
300167.SZ,20241216,2.77,3.19,2.73,2.94,2.77,0.17,6.1372,508700.62,153301.549
300168.SZ,20241216,9.35,9.82,9.25,9.64,9.24,0.4,4.329,615532.19,592427.158
300169.SZ,20241216,9.35,9.49,9.27,9.35,9.41,-0.06,-0.6376,168178.02,157089.83
300170.SZ,20241216,13.3,13.3,12.3,12.98,13.18,-0.2,-1.5175,1943680.72,2477468.051
300171.SZ,20241216,14.36,14.57,14.2,14.38,14.44,-0.06,-0.4155,101343.0,145737.22
300172.SZ,20241216,5.8,5.89,5.73,5.77,5.78,-0.01,-0.173,220751.04,128492.244
300173.SZ,20241216,6.73,6.79,6.47,6.53,6.67,-0.14,-2.099,554037.0,365369.281
300174.SZ,20241216,16.7,16.78,16.25,16.41,16.62,-0.21,-1.2635,42479.47,69992.116
300175.SZ,20241216,7.3,7.34,6.97,7.05,7.25,-0.2,-2.7586,213354.0,151964.79
300176.SZ,20241216,7.84,7.94,7.66,7.73,7.88,-0.15,-1.9036,130750.47,102003.903
300177.SZ,20241216,15.2,16.29,14.78,14.98,15.47,-0.49,-3.1674,1775862.99,2767814.017
300179.SZ,20241216,11.4,11.46,10.86,11.04,11.49,-0.45,-3.9164,277942.92,306527.461
300180.SZ,20241216,8.05,8.19,7.87,7.94,8.05,-0.11,-1.3665,884691.79,708814.434
300181.SZ,20241216,16.7,16.86,16.18,16.34,16.65,-0.31,-1.8619,135845.8,223324.218
300182.SZ,20241216,6.99,7.07,6.65,7.04,6.94,0.1,1.4409,2337622.18,1606264.574
300183.SZ,20241216,17.8,18.0,17.24,17.42,17.37,0.05,0.2879,101060.15,177866.435
300184.SZ,20241216,11.14,11.17,10.61,10.71,11.22,-0.51,-4.5455,683929.22,741928.97
300185.SZ,20241216,2.98,3.02,2.95,2.98,2.99,-0.01,-0.3344,686032.0,204567.75
300187.SZ,20241216,5.68,5.82,5.67,5.69,5.66,0.03,0.53,76018.9,43553.611
300188.SZ,20241216,16.11,16.37,15.88,15.96,16.11,-0.15,-0.9311,166546.8,268401.209
300189.SZ,20241216,4.63,5.24,4.63,4.9,4.66,0.24,5.1502,2207763.41,1074629.615
300190.SZ,20241216,4.09,4.18,4.06,4.13,4.08,0.05,1.2255,109753.6,45402.389
300191.SZ,20241216,13.93,14.08,13.75,13.88,13.92,-0.04,-0.2874,27884.0,38854.886
300192.SZ,20241216,17.0,18.4,16.73,18.4,15.33,3.07,20.0261,440692.14,781824.279
300193.SZ,20241216,9.62,9.72,9.5,9.57,9.64,-0.07,-0.7261,92894.44,89384.918
300194.SZ,20241216,5.02,5.09,4.99,5.0,4.99,0.01,0.2004,235154.25,118572.432
300195.SZ,20241216,6.82,6.91,6.64,6.72,6.81,-0.09,-1.3216,174831.0,118088.049
300196.SZ,20241216,11.8,11.89,11.7,11.78,11.75,0.03,0.2553,29136.48,34399.613
300197.SZ,20241216,2.93,3.02,2.84,2.92,2.93,-0.01,-0.3413,1478709.92,434700.778
300198.SZ,20241216,2.87,2.95,2.84,2.87,2.85,0.02,0.7018,436988.0,125981.176
300199.SZ,20241216,12.81,13.66,12.81,13.43,12.82,0.61,4.7582,432236.26,572245.839
300200.SZ,20241216,9.26,9.33,9.06,9.14,9.25,-0.11,-1.1892,62359.2,57356.798
300201.SZ,20241216,6.28,6.88,6.24,6.64,6.36,0.28,4.4025,910328.32,596204.71
300203.SZ,20241216,16.89,17.15,16.7,16.85,16.9,-0.05,-0.2959,90847.1,153763.5
300204.SZ,20241216,8.31,8.43,8.12,8.22,8.32,-0.1,-1.2019,69639.0,57595.372
300205.SZ,20241216,5.65,5.71,5.55,5.58,5.66,-0.08,-1.4134,75160.0,42399.581
300206.SZ,20241216,12.66,13.12,12.58,12.92,12.61,0.31,2.4584,223139.1,286494.797
300207.SZ,20241216,23.21,23.26,22.46,22.65,23.17,-0.52,-2.2443,285293.39,650970.94
300208.SZ,20241216,3.02,3.17,2.93,3.14,3.01,0.13,4.3189,218904.62,67364.444
300209.SZ,20241216,6.08,6.18,5.8,5.92,6.06,-0.14,-2.3102,190486.0,113125.416
300210.SZ,20241216,12.18,12.34,11.72,11.8,12.29,-0.49,-3.987,152840.8,183516.255
300211.SZ,20241216,9.16,9.73,9.14,9.37,9.25,0.12,1.2973,198417.07,187769.305
300212.SZ,20241216,25.99,26.25,25.25,25.42,26.2,-0.78,-2.9771,163945.95,420607.109
300213.SZ,20241216,9.45,10.01,9.19,9.79,9.41,0.38,4.0383,866317.43,837554.147
300214.SZ,20241216,6.41,6.73,6.36,6.45,6.42,0.03,0.4673,104924.0,68126.39
300215.SZ,20241216,6.69,6.89,6.58,6.61,6.79,-0.18,-2.651,199251.14,133577.701
300217.SZ,20241216,5.46,5.46,5.33,5.36,5.43,-0.07,-1.2891,459719.62,247314.208
300218.SZ,20241216,16.98,17.6,16.42,16.7,16.98,-0.28,-1.649,121436.8,205956.571
300219.SZ,20241216,8.5,8.54,8.11,8.18,8.44,-0.26,-3.0806,305981.5,252043.85
300220.SZ,20241216,18.03,18.03,16.12,16.49,18.21,-1.72,-9.4454,193939.03,324816.962
300221.SZ,20241216,6.66,6.78,6.63,6.68,6.69,-0.01,-0.1495,190327.0,127521.315
300222.SZ,20241216,12.35,12.45,11.51,11.62,12.26,-0.64,-5.2202,617092.44,735506.128
300223.SZ,20241216,72.02,72.27,68.0,68.61,71.12,-2.51,-3.5292,206423.13,1454440.931
300224.SZ,20241216,12.75,12.79,12.51,12.6,12.77,-0.17,-1.3312,142664.44,179879.438
300225.SZ,20241216,7.59,7.86,7.52,7.73,7.61,0.12,1.5769,141808.05,109402.823
300226.SZ,20241216,24.92,25.26,24.36,24.57,25.15,-0.58,-2.3062,126378.63,311601.099
300227.SZ,20241216,10.23,10.29,9.37,9.45,10.01,-0.56,-5.5944,335997.0,328283.91
300228.SZ,20241216,7.56,7.67,7.46,7.54,7.58,-0.04,-0.5277,150824.64,113950.775
300229.SZ,20241216,21.51,21.98,20.93,21.31,21.63,-0.32,-1.4794,523406.58,1123760.233
300230.SZ,20241216,5.06,5.08,4.96,4.99,5.06,-0.07,-1.3834,158905.16,79645.175
300231.SZ,20241216,14.03,14.65,13.9,14.39,14.17,0.22,1.5526,416817.51,596974.537
300232.SZ,20241216,8.4,8.48,7.77,7.89,8.32,-0.43,-5.1683,1410035.16,1121010.473
300233.SZ,20241216,13.29,13.45,13.24,13.3,13.32,-0.02,-0.1502,65886.53,87787.117
300234.SZ,20241216,5.38,5.47,5.35,5.38,5.36,0.02,0.3731,76048.13,41161.614
300235.SZ,20241216,13.01,13.06,12.55,12.72,12.95,-0.23,-1.7761,135429.55,172357.881
300236.SZ,20241216,39.2,39.28,38.34,38.54,39.21,-0.67,-1.7087,39916.0,154754.268
300237.SZ,20241216,2.73,2.86,2.72,2.77,2.75,0.02,0.7273,742731.6,206106.531
300238.SZ,20241216,13.8,14.18,13.7,13.77,13.87,-0.1,-0.721,76575.99,106415.833
300239.SZ,20241216,5.85,5.97,5.78,5.84,5.87,-0.03,-0.5111,93644.0,55072.57
300240.SZ,20241216,8.25,8.44,7.76,7.96,8.26,-0.3,-3.632,284138.96,229302.754
300241.SZ,20241216,6.09,6.11,5.86,5.93,6.06,-0.13,-2.1452,285991.93,170826.583
300242.SZ,20241216,6.59,6.75,6.2,6.47,6.36,0.11,1.7296,1280043.0,821400.051
300243.SZ,20241216,10.88,11.0,10.72,10.85,10.85,0.0,0.0,53862.5,58393.996
300244.SZ,20241216,13.15,13.21,12.9,13.04,13.14,-0.1,-0.761,98297.9,128177.081
300245.SZ,20241216,14.43,17.88,14.01,17.88,14.9,2.98,20.0,1054367.72,1750527.241
300246.SZ,20241216,7.97,8.16,7.95,8.09,7.92,0.17,2.1465,94465.5,76264.323
300247.SZ,20241216,4.63,4.77,4.4,4.44,4.51,-0.07,-1.5521,690658.68,319346.088
300248.SZ,20241216,11.52,11.89,11.04,11.19,11.51,-0.32,-2.7802,200617.59,229600.419
300249.SZ,20241216,12.3,12.31,11.18,11.29,12.0,-0.71,-5.9167,584078.37,684694.256
300250.SZ,20241216,17.28,17.42,16.61,16.79,17.2,-0.41,-2.3837,120188.81,203354.307
300251.SZ,20241216,9.75,9.85,9.44,9.55,9.79,-0.24,-2.4515,600585.92,575739.797
300252.SZ,20241216,9.88,10.52,9.79,10.38,9.89,0.49,4.9545,773927.95,789991.417
300253.SZ,20241216,7.94,8.06,7.78,7.91,7.95,-0.04,-0.5031,552120.89,436120.296
300254.SZ,20241216,9.74,9.95,9.65,9.7,9.7,0.0,0.0,120363.36,118141.875
300255.SZ,20241216,20.2,20.73,19.98,20.26,20.4,-0.14,-0.6863,205642.2,418655.756
300256.SZ,20241216,5.68,5.9,5.42,5.47,5.73,-0.26,-4.5375,2223477.82,1252900.709
300257.SZ,20241216,9.8,9.9,9.69,9.75,9.79,-0.04,-0.4086,61981.0,60637.558
300258.SZ,20241216,9.8,9.9,9.66,9.72,9.85,-0.13,-1.3198,78564.08,76727.264
300259.SZ,20241216,3.95,4.03,3.92,3.95,3.93,0.02,0.5089,185262.6,73668.016
300260.SZ,20241216,25.81,25.92,25.37,25.6,25.73,-0.13,-0.5052,59462.45,152169.588
300261.SZ,20241216,7.98,8.06,7.85,7.9,7.98,-0.08,-1.0025,169926.66,135097.322
300263.SZ,20241216,7.62,7.68,7.44,7.49,7.59,-0.1,-1.3175,248692.94,187726.144
300264.SZ,20241216,7.98,8.12,7.4,7.57,7.98,-0.41,-5.1378,1013596.76,772263.022
300265.SZ,20241216,8.8,8.95,8.64,8.72,8.8,-0.08,-0.9091,114004.0,100209.775
300266.SZ,20241216,3.48,3.57,3.42,3.47,3.47,0.0,0.0,475553.77,166425.423
300267.SZ,20241216,3.39,3.49,3.39,3.46,3.44,0.02,0.5814,571289.08,196968.209
300268.SZ,20241216,8.2,8.29,8.16,8.19,8.19,0.0,0.0,11338.0,9350.813
300269.SZ,20241216,5.39,5.79,5.25,5.63,5.41,0.22,4.0665,736576.22,406113.711
300270.SZ,20241216,9.5,9.6,9.12,9.2,9.66,-0.46,-4.7619,332564.0,310118.672
300271.SZ,20241216,8.44,8.49,8.2,8.27,8.49,-0.22,-2.5913,238375.26,197988.704
300272.SZ,20241216,7.1,7.43,7.0,7.01,7.03,-0.02,-0.2845,240409.42,173554.21
300274.SZ,20241216,76.41,76.66,75.3,75.66,76.47,-0.81,-1.0592,209433.54,1587576.387
300275.SZ,20241216,16.3,16.72,15.53,15.8,16.37,-0.57,-3.482,165534.35,267137.61
300276.SZ,20241216,11.25,11.45,9.4,10.44,11.5,-1.06,-9.2174,2186459.6,2359804.287
300277.SZ,20241216,13.3,13.31,12.55,12.67,13.63,-0.96,-7.0433,293450.11,376598.592
300278.SZ,20241216,7.57,7.63,7.2,7.25,7.54,-0.29,-3.8462,1025285.54,755802.205
300279.SZ,20241216,7.62,7.67,7.38,7.52,7.66,-0.14,-1.8277,288815.45,216014.049
300280.SZ,20241216,22.22,24.21,21.41,21.89,22.18,-0.29,-1.3075,737961.38,1681713.178
300281.SZ,20241216,6.82,6.9,6.72,6.81,6.86,-0.05,-0.7289,118672.0,80713.123
300283.SZ,20241216,6.56,6.63,6.43,6.48,6.56,-0.08,-1.2195,83052.5,54147.105
300284.SZ,20241216,11.36,11.67,11.06,11.12,11.47,-0.35,-3.0514,431771.92,490396.565
300285.SZ,20241216,18.12,18.14,17.8,17.98,18.14,-0.16,-0.882,95924.0,172012.724
300286.SZ,20241216,20.26,20.89,20.0,20.28,20.3,-0.02,-0.0985,34473.08,70486.154
300287.SZ,20241216,5.57,5.58,5.28,5.34,5.56,-0.22,-3.9568,1177649.13,636998.562
300288.SZ,20241216,17.71,18.41,17.4,17.92,17.71,0.21,1.1858,233894.94,422001.552
300289.SZ,20241216,5.89,6.04,5.85,5.88,5.85,0.03,0.5128,108931.0,64829.045
300290.SZ,20241216,22.2,22.96,21.63,21.8,21.53,0.27,1.2541,417224.66,930141.649
300291.SZ,20241216,6.73,7.46,6.48,7.03,6.6,0.43,6.5152,1369048.05,941723.646
300292.SZ,20241216,5.87,5.87,5.55,5.63,5.88,-0.25,-4.2517,1020125.19,578967.641
300293.SZ,20241216,27.01,27.29,25.88,26.07,27.15,-1.08,-3.9779,134576.33,356235.577
300294.SZ,20241216,30.8,31.03,30.47,30.65,30.88,-0.23,-0.7448,44546.18,136765.48
300295.SZ,20241216,21.2,21.2,19.89,20.16,20.89,-0.73,-3.4945,175313.6,361142.034
300296.SZ,20241216,8.55,9.31,8.03,8.2,8.06,0.14,1.737,9626040.47,8376290.947
300298.SZ,20241216,26.93,27.4,26.09,27.01,27.16,-0.15,-0.5523,103152.23,276350.271
300299.SZ,20241216,8.9,8.93,7.95,8.11,8.9,-0.79,-8.8764,2083683.52,1743870.824
300300.SZ,20241216,3.34,3.49,3.32,3.4,3.32,0.08,2.4096,318929.44,108491.656
300301.SZ,20241216,1.89,1.98,1.88,1.95,1.9,0.05,2.6316,205778.0,39817.012
300302.SZ,20241216,17.21,17.77,16.96,17.05,17.36,-0.31,-1.7857,266474.41,463805.045
300303.SZ,20241216,7.11,7.16,6.88,6.93,7.12,-0.19,-2.6685,488004.51,341303.402
300304.SZ,20241216,8.83,8.97,8.63,8.69,8.88,-0.19,-2.1396,243675.02,213975.903
300305.SZ,20241216,6.58,6.63,6.52,6.58,6.59,-0.01,-0.1517,57753.91,38003.167
300306.SZ,20241216,12.68,12.78,12.48,12.64,12.67,-0.03,-0.2368,42021.0,53138.407
300307.SZ,20241216,8.08,8.11,7.89,7.97,8.05,-0.08,-0.9938,207587.0,166069.627
300308.SZ,20241216,127.97,128.23,122.28,122.8,127.1,-4.3,-3.3832,291854.63,3608913.165
300310.SZ,20241216,10.4,10.74,9.98,10.15,10.48,-0.33,-3.1489,1097062.43,1127518.564
300311.SZ,20241216,7.39,7.39,7.02,7.09,7.39,-0.3,-4.0595,327003.33,235368.139
300313.SZ,20241216,6.84,6.9,6.72,6.77,6.84,-0.07,-1.0234,44536.0,30257.977
300314.SZ,20241216,12.6,12.84,12.46,12.54,12.61,-0.07,-0.5551,55411.0,70245.98
300315.SZ,20241216,6.72,6.72,6.41,6.45,6.72,-0.27,-4.0179,2456559.97,1593509.88
300316.SZ,20241216,32.78,32.99,32.13,32.38,32.8,-0.42,-1.2805,105426.86,342529.082
300317.SZ,20241216,4.52,4.59,4.42,4.46,4.48,-0.02,-0.4464,195504.0,88096.236
300318.SZ,20241216,6.31,6.39,6.25,6.27,6.33,-0.06,-0.9479,83890.84,52820.548
300319.SZ,20241216,13.0,13.55,12.94,13.35,13.07,0.28,2.1423,457126.78,610700.54
300320.SZ,20241216,10.71,10.82,10.43,10.51,10.72,-0.21,-1.959,128832.6,136461.763
300321.SZ,20241216,20.38,21.6,20.05,20.9,20.53,0.37,1.8022,41532.0,86480.731
300322.SZ,20241216,15.31,15.36,14.8,14.95,15.38,-0.43,-2.7958,210231.74,315587.529
300323.SZ,20241216,6.63,6.64,6.43,6.48,6.68,-0.2,-2.994,237165.42,154710.471
300324.SZ,20241216,4.35,4.39,4.15,4.19,4.3,-0.11,-2.5581,1174685.91,497731.75
300326.SZ,20241216,7.85,7.89,7.16,7.21,7.84,-0.63,-8.0357,423306.78,314102.622
300327.SZ,20241216,26.12,26.14,24.98,25.15,26.27,-1.12,-4.2634,139722.95,355372.012
300328.SZ,20241216,8.84,8.88,8.42,8.5,8.83,-0.33,-3.7373,211885.0,182049.926
300329.SZ,20241216,6.9,6.95,6.69,6.76,6.86,-0.1,-1.4577,141985.0,96835.606
300331.SZ,20241216,25.25,25.45,24.55,24.91,25.87,-0.96,-3.7109,198914.99,495920.49
300332.SZ,20241216,5.95,6.02,5.85,5.88,5.97,-0.09,-1.5075,118648.71,70319.515
300333.SZ,20241216,18.21,20.46,17.61,18.22,18.67,-0.45,-2.4103,1273921.46,2447212.007
300334.SZ,20241216,7.04,7.16,6.9,6.98,7.06,-0.08,-1.1331,81112.0,57170.756
300335.SZ,20241216,5.6,5.94,5.6,5.68,5.58,0.1,1.7921,311501.74,179636.233
300337.SZ,20241216,13.0,13.0,12.43,12.52,13.01,-0.49,-3.7663,328388.8,415533.914
300338.SZ,20241216,5.5,5.93,5.39,5.66,5.39,0.27,5.0093,345975.02,195401.595
300339.SZ,20241216,60.85,60.85,58.08,58.08,60.85,-2.77,-4.5522,660902.11,3893693.102
300340.SZ,20241216,11.45,11.59,11.14,11.28,11.34,-0.06,-0.5291,73422.74,83264.271
300341.SZ,20241216,20.07,20.24,19.65,19.93,20.08,-0.15,-0.747,83211.2,165656.068
300342.SZ,20241216,19.32,19.54,18.61,18.8,19.34,-0.54,-2.7921,204049.0,388569.712
300343.SZ,20241216,6.65,6.77,6.6,6.64,6.69,-0.05,-0.7474,284016.18,189655.924
300344.SZ,20241216,6.01,6.12,5.68,5.74,6.13,-0.39,-6.3622,467177.72,272050.366
300345.SZ,20241216,6.62,6.65,6.47,6.5,6.54,-0.04,-0.6116,78857.03,51714.97
300346.SZ,20241216,42.19,42.58,40.7,41.08,42.02,-0.94,-2.237,238922.36,993962.419
300347.SZ,20241216,62.5,62.81,61.68,61.91,62.54,-0.63,-1.0074,53010.85,329207.723
300348.SZ,20241216,16.03,16.85,15.68,16.4,16.2,0.2,1.2346,521566.25,849493.467
300349.SZ,20241216,14.22,14.25,13.72,13.83,14.22,-0.39,-2.7426,117763.0,164328.407
300350.SZ,20241216,6.65,6.72,6.47,6.55,6.7,-0.15,-2.2388,274635.0,180592.618
300351.SZ,20241216,18.22,18.59,17.92,18.09,18.09,0.0,0.0,79126.35,143719.847
300352.SZ,20241216,6.81,6.89,6.45,6.51,6.82,-0.31,-4.5455,930994.81,613390.173
300353.SZ,20241216,12.9,13.05,12.56,12.66,12.93,-0.27,-2.0882,186308.0,238360.852
300354.SZ,20241216,40.55,40.74,38.77,39.2,40.74,-1.54,-3.7801,78525.41,310311.116
300355.SZ,20241216,6.4,6.42,6.11,6.17,6.5,-0.33,-5.0769,1303580.04,812159.929
300357.SZ,20241216,22.02,22.16,21.62,21.95,22.13,-0.18,-0.8134,86107.33,188225.322
300358.SZ,20241216,8.01,8.07,7.88,7.93,8.01,-0.08,-0.9988,123621.73,98582.368
300359.SZ,20241216,6.96,7.22,6.91,7.09,6.86,0.23,3.3528,566493.07,400755.281
300360.SZ,20241216,16.8,16.98,16.5,16.58,16.79,-0.21,-1.2507,90643.9,150991.758
300363.SZ,20241216,17.73,17.87,17.36,17.5,17.76,-0.26,-1.464,107787.12,189308.107
300364.SZ,20241216,30.55,30.65,28.54,29.25,31.03,-1.78,-5.7364,919075.01,2691943.249
300365.SZ,20241216,7.19,7.24,6.99,7.05,7.17,-0.12,-1.6736,244013.75,173541.31
300366.SZ,20241216,11.68,11.78,11.17,11.28,11.71,-0.43,-3.6721,326727.32,371632.507
300368.SZ,20241216,4.8,4.94,4.73,4.83,4.83,0.0,0.0,174872.85,84462.608
300369.SZ,20241216,8.61,8.98,8.43,8.72,8.67,0.05,0.5767,342716.49,300276.102
300370.SZ,20241216,4.14,4.19,3.99,4.04,4.14,-0.1,-2.4155,977984.94,398152.264
300371.SZ,20241216,11.1,11.25,10.97,11.06,11.12,-0.06,-0.5396,32164.08,35643.834
300373.SZ,20241216,45.7,46.08,44.54,44.83,45.68,-0.85,-1.8608,92159.0,418282.607
300374.SZ,20241216,19.33,19.71,19.01,19.18,19.31,-0.13,-0.6732,92749.4,180003.104
300375.SZ,20241216,5.2,5.24,5.11,5.16,5.19,-0.03,-0.578,164688.0,85286.234
300376.SZ,20241216,3.93,3.96,3.88,3.9,3.91,-0.01,-0.2558,143637.0,56275.052
300377.SZ,20241216,33.1,33.75,31.25,31.61,33.42,-1.81,-5.4159,954769.98,3066257.498
300378.SZ,20241216,29.69,30.5,28.7,29.56,29.88,-0.32,-1.071,227608.31,671607.804
300379.SZ,20241216,18.51,18.65,17.76,17.89,18.74,-0.85,-4.5358,387503.31,699086.877
300380.SZ,20241216,58.31,60.45,54.88,55.99,59.43,-3.44,-5.7883,149676.15,852283.776
300381.SZ,20241216,9.01,9.09,8.4,8.51,8.72,-0.21,-2.4083,265743.43,230014.343
300382.SZ,20241216,12.0,12.3,11.68,12.05,11.99,0.06,0.5004,290879.19,347459.095
300383.SZ,20241216,12.36,12.87,11.95,12.59,12.41,0.18,1.4504,1333091.53,1660497.285
300384.SZ,20241216,17.66,18.25,17.58,17.8,17.72,0.08,0.4515,101550.8,181865.22
300385.SZ,20241216,5.93,6.07,5.86,5.91,5.89,0.02,0.3396,102651.58,61062.791
300386.SZ,20241216,18.12,19.13,17.6,18.58,18.19,0.39,2.144,318180.4,589279.196
300387.SZ,20241216,9.51,9.93,9.39,9.69,9.55,0.14,1.466,291228.83,282111.507
300388.SZ,20241216,8.38,8.63,8.2,8.25,8.35,-0.1,-1.1976,148989.56,125133.685
300389.SZ,20241216,13.68,13.79,12.78,12.9,13.42,-0.52,-3.8748,173576.8,228852.825
300390.SZ,20241216,25.34,25.37,24.75,25.06,25.34,-0.28,-1.105,127377.93,318824.387
300391.SZ,20241216,7.0,7.16,6.7,6.81,7.07,-0.26,-3.6775,269788.0,185644.568
300393.SZ,20241216,7.02,7.08,6.94,7.01,7.01,0.0,0.0,174941.2,122259.176
300394.SZ,20241216,104.65,105.2,97.61,100.51,104.65,-4.14,-3.956,263684.95,2641604.885
300395.SZ,20241216,41.57,42.18,40.41,41.5,41.86,-0.36,-0.86,66728.2,275166.81
300396.SZ,20241216,16.7,17.25,16.64,16.94,16.74,0.2,1.1947,72280.7,122763.136
300397.SZ,20241216,12.8,12.92,12.36,12.46,12.87,-0.41,-3.1857,170423.91,215351.486
300398.SZ,20241216,17.18,17.18,16.63,16.79,17.07,-0.28,-1.6403,130496.95,220309.268
300399.SZ,20241216,30.21,32.16,29.6,31.29,30.95,0.34,1.0985,296241.62,917072.485
300400.SZ,20241216,17.93,18.06,17.51,17.6,17.93,-0.33,-1.8405,61165.62,108704.904
300401.SZ,20241216,15.77,15.91,15.36,15.44,15.81,-0.37,-2.3403,151127.0,235112.785
300402.SZ,20241216,16.23,16.48,16.11,16.23,16.2,0.03,0.1852,37903.01,61722.66
300403.SZ,20241216,12.88,13.05,12.2,12.32,13.46,-1.14,-8.4695,890191.78,1115841.693
300404.SZ,20241216,9.85,10.02,9.75,9.85,9.83,0.02,0.2035,123010.78,121466.417
300405.SZ,20241216,5.88,6.09,5.83,5.96,5.87,0.09,1.5332,208234.15,124158.664
300406.SZ,20241216,14.71,14.83,14.34,14.44,14.75,-0.31,-2.1017,59188.85,85927.354
300407.SZ,20241216,12.29,12.5,11.72,11.84,12.23,-0.39,-3.1889,139053.0,168236.602
300408.SZ,20241216,38.18,38.34,37.27,37.53,38.21,-0.68,-1.7796,133286.88,502104.299
300409.SZ,20241216,14.92,15.02,14.4,14.52,15.03,-0.51,-3.3932,350957.63,514781.626
300410.SZ,20241216,6.97,6.97,6.78,6.84,6.94,-0.1,-1.4409,96739.35,66444.471
300411.SZ,20241216,14.84,16.19,14.66,15.66,14.86,0.8,5.3836,379173.99,590071.137
300412.SZ,20241216,5.67,5.73,5.47,5.53,5.71,-0.18,-3.1524,298571.61,166432.115
300413.SZ,20241216,29.96,30.83,29.38,30.41,30.02,0.39,1.2991,248873.85,750485.867
300414.SZ,20241216,8.92,9.07,8.84,8.91,8.9,0.01,0.1124,65059.67,58141.087
300415.SZ,20241216,21.68,21.75,21.1,21.31,21.61,-0.3,-1.3882,55759.0,118556.501
300416.SZ,20241216,13.26,13.31,12.78,12.94,13.32,-0.38,-2.8529,138583.98,180547.317
300417.SZ,20241216,13.76,14.2,13.74,13.81,13.94,-0.13,-0.9326,46235.22,64529.452
300418.SZ,20241216,45.52,45.79,43.28,43.78,45.43,-1.65,-3.632,565690.69,2487747.056
300419.SZ,20241216,5.7,5.75,5.59,5.63,5.69,-0.06,-1.0545,169047.0,95631.219
300420.SZ,20241216,3.87,4.47,3.76,4.07,4.25,-0.18,-4.2353,2587579.67,1075814.733
300421.SZ,20241216,13.02,13.2,12.71,12.81,13.14,-0.33,-2.5114,192508.21,248440.34
300422.SZ,20241216,5.25,5.39,5.23,5.32,5.24,0.08,1.5267,81303.0,43316.271
300423.SZ,20241216,8.91,8.96,8.27,8.34,8.91,-0.57,-6.3973,300598.51,256902.145
300424.SZ,20241216,18.02,18.53,17.7,18.16,18.03,0.13,0.721,94281.79,171600.22
300425.SZ,20241216,5.65,5.77,5.57,5.61,5.67,-0.06,-1.0582,108002.02,61128.862
300426.SZ,20241216,12.27,14.4,11.27,13.29,12.0,1.29,10.75,552901.04,702499.119
300427.SZ,20241216,7.1,7.21,6.88,6.93,7.13,-0.2,-2.805,202360.87,141821.476
300428.SZ,20241216,17.4,17.43,16.91,17.03,17.34,-0.31,-1.7878,54327.15,92986.588
300429.SZ,20241216,14.15,14.15,13.64,13.81,14.1,-0.29,-2.0567,147924.78,205196.32
300430.SZ,20241216,15.99,17.44,15.86,16.99,15.9,1.09,6.8553,255860.6,428927.692
300432.SZ,20241216,15.61,16.54,15.39,15.93,15.58,0.35,2.2465,440559.1,702506.7
300433.SZ,20241216,21.88,22.25,21.75,21.99,21.98,0.01,0.0455,251115.74,553545.155
300434.SZ,20241216,9.26,9.45,9.18,9.25,9.22,0.03,0.3254,47212.62,43921.057
300435.SZ,20241216,13.02,13.15,12.79,12.9,12.94,-0.04,-0.3091,46813.0,60702.818
300436.SZ,20241216,33.8,34.24,31.28,31.9,33.27,-1.37,-4.1178,92506.55,300017.886
300437.SZ,20241216,10.99,11.04,10.69,10.8,10.9,-0.1,-0.9174,56075.66,60729.097
300438.SZ,20241216,31.6,31.76,30.59,30.82,31.61,-0.79,-2.4992,161848.36,503149.441
300439.SZ,20241216,11.52,11.7,11.5,11.58,11.53,0.05,0.4337,59305.59,68996.438
300440.SZ,20241216,8.51,8.62,8.26,8.37,8.62,-0.25,-2.9002,258263.83,217028.203
300441.SZ,20241216,8.82,9.54,8.76,9.37,8.83,0.54,6.1155,400505.36,370042.264
300442.SZ,20241216,48.86,49.61,44.88,45.58,48.11,-2.53,-5.2588,749507.61,3477913.627
300443.SZ,20241216,24.2,24.45,23.3,23.53,24.19,-0.66,-2.7284,48792.0,115713.904
300444.SZ,20241216,7.5,7.61,7.36,7.45,7.53,-0.08,-1.0624,197795.66,147938.524
300445.SZ,20241216,17.58,17.87,17.3,17.43,17.57,-0.14,-0.7968,36868.4,64791.938
300446.SZ,20241216,18.33,18.33,17.53,17.59,18.36,-0.77,-4.1939,162836.48,290700.829
300447.SZ,20241216,14.8,15.33,14.61,14.75,14.69,0.06,0.4084,78049.3,116989.37
300448.SZ,20241216,8.57,8.57,8.06,8.15,8.65,-0.5,-5.7803,607730.71,500326.301
300449.SZ,20241216,8.91,9.07,8.61,8.7,8.99,-0.29,-3.2258,146166.2,127580.49
300450.SZ,20241216,21.66,22.07,21.28,21.45,21.74,-0.29,-1.3339,324690.52,702613.127
300451.SZ,20241216,5.49,5.92,5.47,5.7,5.48,0.22,4.0146,1550594.36,885665.629
300452.SZ,20241216,13.1,13.35,13.08,13.16,13.09,0.07,0.5348,47842.68,63180.364
300453.SZ,20241216,8.27,8.36,8.21,8.26,8.26,0.0,0.0,36684.32,30406.702
300454.SZ,20241216,64.3,64.3,61.51,62.02,64.3,-2.28,-3.5459,83762.34,523071.178
300455.SZ,20241216,14.73,14.82,14.23,14.36,14.66,-0.3,-2.0464,114529.78,166248.341
300456.SZ,20241216,19.71,19.8,18.92,19.06,19.43,-0.37,-1.9043,196916.0,381046.464
300457.SZ,20241216,21.4,21.44,20.48,20.61,21.44,-0.83,-3.8713,175917.66,365837.433
300458.SZ,20241216,41.2,43.8,39.69,40.54,39.93,0.61,1.5277,855467.19,3576011.396
300459.SZ,20241216,7.6,7.68,7.07,7.15,7.65,-0.5,-6.5359,4691155.3,3412719.274
300460.SZ,20241216,14.55,14.71,14.18,14.31,14.61,-0.3,-2.0534,91327.3,132106.826
300461.SZ,20241216,22.2,23.33,21.92,22.59,22.2,0.39,1.7568,59798.3,134620.138
300462.SZ,20241216,11.54,11.54,11.0,11.14,11.5,-0.36,-3.1304,99287.0,111751.769
300463.SZ,20241216,14.24,14.29,14.04,14.09,14.21,-0.12,-0.8445,58274.05,82590.142
300464.SZ,20241216,6.78,6.81,6.5,6.57,6.89,-0.32,-4.6444,285366.0,189616.188
300465.SZ,20241216,18.61,19.0,17.2,17.57,19.48,-1.91,-9.8049,991194.59,1773613.343
300466.SZ,20241216,9.01,9.14,8.86,8.94,9.09,-0.15,-1.6502,164486.0,147773.861
300467.SZ,20241216,19.5,19.85,18.42,18.87,19.5,-0.63,-3.2308,193761.0,366146.055
300468.SZ,20241216,20.2,21.99,19.43,21.6,20.38,1.22,5.9863,835774.49,1753723.389
300469.SZ,20241216,29.86,29.86,24.14,24.14,30.17,-6.03,-19.9867,537689.88,1387914.167
300470.SZ,20241216,36.54,38.1,36.44,37.01,36.71,0.3,0.8172,35150.49,130614.736
300471.SZ,20241216,10.7,10.91,10.6,10.69,10.75,-0.06,-0.5581,57766.95,62128.498
300472.SZ,20241216,9.01,9.89,8.8,8.87,8.99,-0.12,-1.3348,481508.81,448390.681
300473.SZ,20241216,23.68,24.7,23.11,24.19,23.68,0.51,2.1537,93832.42,223674.622
300474.SZ,20241216,94.45,96.72,91.9,92.29,95.73,-3.44,-3.5934,207220.11,1950083.747
300475.SZ,20241216,29.68,30.2,29.05,29.27,30.3,-1.03,-3.3993,156620.53,463952.419
300476.SZ,20241216,43.43,44.54,42.34,43.8,43.69,0.11,0.2518,298481.89,1301178.584
300477.SZ,20241216,3.59,3.63,3.53,3.57,3.6,-0.03,-0.8333,289998.95,103903.783
300478.SZ,20241216,11.64,11.99,11.0,11.06,12.1,-1.04,-8.595,159001.44,179250.508
300479.SZ,20241216,23.4,23.8,22.3,22.52,23.76,-1.24,-5.2189,249759.97,570510.688
300480.SZ,20241216,14.59,14.74,14.33,14.4,14.57,-0.17,-1.1668,43842.75,63424.401
300481.SZ,20241216,16.46,17.68,16.3,16.95,16.27,0.68,4.1795,168827.65,285787.545
300482.SZ,20241216,24.02,24.15,23.89,23.95,24.07,-0.12,-0.4985,41693.28,100020.136
300483.SZ,20241216,9.87,10.01,9.59,9.69,9.86,-0.17,-1.7241,71719.88,69972.115
300484.SZ,20241216,23.18,23.49,22.38,22.63,23.32,-0.69,-2.9588,131747.39,301513.699
300485.SZ,20241216,8.23,8.46,8.19,8.24,8.23,0.01,0.1215,44112.6,36639.599
300486.SZ,20241216,8.28,8.36,8.01,8.12,8.32,-0.2,-2.4038,198313.62,161565.938
300487.SZ,20241216,52.15,52.29,50.41,50.73,52.15,-1.42,-2.7229,37277.9,190538.147
300488.SZ,20241216,25.15,30.14,24.91,28.95,25.12,3.83,15.2468,154316.86,441857.61
300489.SZ,20241216,62.51,63.88,61.0,62.99,63.13,-0.14,-0.2218,66892.5,417470.429
300490.SZ,20241216,9.27,9.4,9.12,9.18,9.28,-0.1,-1.0776,84351.0,77942.369
300491.SZ,20241216,17.17,18.38,17.16,17.82,17.16,0.66,3.8462,194943.37,349447.078
300492.SZ,20241216,80.51,81.24,78.02,78.75,81.0,-2.25,-2.7778,9932.44,79001.91
300493.SZ,20241216,28.0,28.78,25.09,25.5,26.71,-1.21,-4.5301,1826246.25,4802815.453
300494.SZ,20241216,14.8,14.95,13.86,14.07,14.85,-0.78,-5.2525,621207.61,877735.717
300496.SZ,20241216,67.13,67.13,63.69,64.03,66.18,-2.15,-3.2487,398978.53,2611473.152
300497.SZ,20241216,9.83,9.86,9.5,9.57,9.84,-0.27,-2.7439,118044.15,113899.295
300498.SZ,20241216,17.55,17.67,17.12,17.17,17.44,-0.27,-1.5482,388258.38,673838.134
300499.SZ,20241216,18.89,19.54,18.0,18.26,18.16,0.1,0.5507,541617.38,1010547.481
300500.SZ,20241216,13.33,13.92,13.24,13.33,13.39,-0.06,-0.4481,68314.3,92427.521
300501.SZ,20241216,14.95,15.0,14.68,14.74,14.91,-0.17,-1.1402,35602.55,52901.497
300502.SZ,20241216,133.1,134.8,124.76,132.18,129.24,2.94,2.2748,465239.03,6094741.03
300503.SZ,20241216,22.6,24.3,22.17,23.29,22.98,0.31,1.349,344862.41,796979.87
300504.SZ,20241216,18.23,18.35,17.7,17.81,18.25,-0.44,-2.411,66993.69,120159.113
300505.SZ,20241216,15.87,15.97,15.58,15.74,15.88,-0.14,-0.8816,82243.95,129661.696
300506.SZ,20241216,3.57,3.61,3.34,3.36,3.58,-0.22,-6.1453,134732.8,46666.866
300507.SZ,20241216,7.62,7.65,7.42,7.53,7.66,-0.13,-1.6971,247588.25,186730.901
300508.SZ,20241216,29.25,29.56,28.8,29.22,29.28,-0.06,-0.2049,13646.0,39925.098
300509.SZ,20241216,8.07,8.2,7.63,7.74,8.08,-0.34,-4.2079,217050.74,172943.284
300510.SZ,20241216,4.95,5.07,4.87,4.9,5.01,-0.11,-2.1956,283917.39,140781.296
300511.SZ,20241216,4.47,4.63,4.45,4.49,4.49,0.0,0.0,275254.85,124818.506
300512.SZ,20241216,7.89,8.02,7.84,7.9,7.9,0.0,0.0,42661.0,33756.137
300513.SZ,20241216,10.33,10.37,10.11,10.18,10.3,-0.12,-1.165,62827.8,64285.163
300514.SZ,20241216,15.26,15.54,15.03,15.19,15.28,-0.09,-0.589,52101.0,79364.739
300515.SZ,20241216,13.01,13.18,12.86,12.97,13.03,-0.06,-0.4605,30692.0,39956.497
300516.SZ,20241216,36.66,37.24,36.3,36.65,36.66,-0.01,-0.0273,13090.0,47933.272
300517.SZ,20241216,10.02,10.16,9.96,10.02,10.02,0.0,0.0,33749.2,33920.578
300518.SZ,20241216,12.9,12.91,12.28,12.34,12.64,-0.3,-2.3734,60492.31,75368.563
300519.SZ,20241216,15.48,16.09,15.24,15.39,15.5,-0.11,-0.7097,59102.99,92484.545
300520.SZ,20241216,27.55,27.96,26.68,26.93,27.61,-0.68,-2.4629,246938.59,673912.11
300521.SZ,20241216,27.51,30.14,27.51,28.02,27.4,0.62,2.2628,145585.57,419916.868
300522.SZ,20241216,13.35,13.44,12.81,13.04,13.38,-0.34,-2.5411,117632.01,154273.225
300523.SZ,20241216,22.81,23.06,22.17,22.29,22.7,-0.41,-1.8062,38866.0,87585.549
300525.SZ,20241216,17.2,17.24,16.59,16.76,17.24,-0.48,-2.7842,146288.32,246162.748
300527.SZ,20241216,8.87,8.89,8.67,8.72,8.85,-0.13,-1.4689,129652.76,113683.73
300528.SZ,20241216,11.58,12.53,11.08,11.96,11.58,0.38,3.2815,367604.62,426277.456
300529.SZ,20241216,30.15,30.26,29.87,29.93,30.17,-0.24,-0.7955,39861.85,119687.62
300530.SZ,20241216,21.8,21.91,21.23,21.43,21.69,-0.26,-1.1987,22765.25,48937.077
300531.SZ,20241216,16.4,16.5,15.95,16.11,16.39,-0.28,-1.7084,106897.0,172788.486
300532.SZ,20241216,12.71,12.85,12.46,12.59,12.77,-0.18,-1.4096,175163.24,221594.547
300533.SZ,20241216,26.51,26.81,25.4,26.12,27.08,-0.96,-3.5451,104422.75,271294.671
300534.SZ,20241216,9.95,10.15,9.77,9.85,9.95,-0.1,-1.005,100173.0,99450.682
300535.SZ,20241216,15.68,15.98,15.43,15.59,15.59,0.0,0.0,25817.34,40468.017
300536.SZ,20241216,7.8,7.97,7.63,7.85,7.74,0.11,1.4212,112984.91,88015.778
300537.SZ,20241216,20.94,21.85,20.68,21.85,21.03,0.82,3.8992,241206.45,517384.758
300538.SZ,20241216,18.0,18.0,17.52,17.65,17.84,-0.19,-1.065,42852.31,75892.924
300539.SZ,20241216,12.22,12.33,12.02,12.11,12.22,-0.11,-0.9002,42615.0,51881.799
300540.SZ,20241216,25.58,25.72,24.89,25.04,25.57,-0.53,-2.0727,30984.0,78355.11
300541.SZ,20241216,13.5,13.75,13.19,13.31,13.61,-0.3,-2.2043,270283.69,362285.072
300542.SZ,20241216,25.9,27.34,25.01,27.1,26.33,0.77,2.9244,241799.09,639454.451
300543.SZ,20241216,11.21,11.25,10.74,10.84,11.15,-0.31,-2.7803,104961.17,114937.557
300545.SZ,20241216,33.1,33.26,32.51,32.63,33.05,-0.42,-1.2708,33950.73,111490.659
300546.SZ,20241216,20.03,20.35,19.12,19.26,20.57,-1.31,-6.3685,171643.74,338018.087
300547.SZ,20241216,19.56,19.66,18.87,19.04,19.56,-0.52,-2.6585,61241.4,117337.179
300548.SZ,20241216,26.0,28.36,25.7,28.36,23.63,4.73,20.0169,483744.65,1328809.914
300549.SZ,20241216,19.9,20.0,19.13,19.35,20.08,-0.73,-3.6355,78598.54,152160.329
300550.SZ,20241216,14.29,15.2,14.23,14.79,14.21,0.58,4.0816,117664.48,174729.553
300551.SZ,20241216,13.65,13.89,13.34,13.46,13.75,-0.29,-2.1091,145581.1,197169.76
300552.SZ,20241216,37.4,37.65,36.14,36.47,37.55,-1.08,-2.8762,99597.42,363742.923
300553.SZ,20241216,32.4,32.86,30.97,31.29,32.53,-1.24,-3.8119,22973.4,72736.448
300554.SZ,20241216,24.98,25.1,24.3,24.64,24.9,-0.26,-1.0442,33508.58,82886.689
300555.SZ,20241216,9.52,9.61,9.07,9.11,9.51,-0.4,-4.2061,75333.0,70116.539
300556.SZ,20241216,26.73,27.0,24.4,25.74,26.95,-1.21,-4.4898,318948.0,810614.85
300557.SZ,20241216,30.77,31.06,29.8,30.49,30.48,0.01,0.0328,16057.8,49235.737
300558.SZ,20241216,54.51,55.5,53.59,54.95,54.68,0.27,0.4938,51998.0,283847.37
300559.SZ,20241216,13.01,13.36,12.73,13.13,13.07,0.06,0.4591,76903.0,100857.506
300560.SZ,20241216,16.32,16.6,15.91,16.04,16.31,-0.27,-1.6554,120552.79,195794.235
300561.SZ,20241216,58.95,63.0,57.66,62.87,58.93,3.94,6.6859,573171.18,3469890.632
300562.SZ,20241216,14.43,17.32,14.43,17.32,14.43,2.89,20.0277,631070.05,1053637.264
300563.SZ,20241216,55.0,59.25,53.0,56.9,52.6,4.3,8.1749,271220.33,1530745.747
300564.SZ,20241216,16.21,16.48,15.77,15.86,16.18,-0.32,-1.9778,24324.2,39176.585
300565.SZ,20241216,14.46,14.55,14.03,14.11,14.49,-0.38,-2.6225,69274.53,98793.081
300566.SZ,20241216,18.3,18.57,18.07,18.2,18.35,-0.15,-0.8174,64584.5,118471.304
300567.SZ,20241216,67.35,67.85,64.29,64.86,67.35,-2.49,-3.6971,63501.92,415512.142
300568.SZ,20241216,10.47,10.54,10.13,10.27,10.52,-0.25,-2.3764,494139.5,508822.488
300569.SZ,20241216,5.33,5.4,5.24,5.28,5.3,-0.02,-0.3774,122132.0,64934.293
300570.SZ,20241216,70.49,71.66,65.64,69.62,69.14,0.48,0.6942,151772.8,1050783.495
300571.SZ,20241216,28.5,29.48,27.7,29.24,28.6,0.64,2.2378,88918.71,255950.058
300572.SZ,20241216,20.28,20.33,18.5,18.67,20.34,-1.67,-8.2104,128480.0,247149.341
300573.SZ,20241216,84.77,84.88,80.2,80.88,84.17,-3.29,-3.9088,99006.16,805635.646
300575.SZ,20241216,6.78,6.91,6.76,6.82,6.78,0.04,0.59,81771.2,55950.214
300576.SZ,20241216,48.89,49.18,47.82,48.21,48.83,-0.62,-1.2697,68974.82,334542.241
300577.SZ,20241216,26.86,30.99,26.68,29.13,26.87,2.26,8.4109,168073.91,474024.258
300578.SZ,20241216,22.22,22.56,21.16,21.39,22.9,-1.51,-6.5939,137514.23,296492.518
300579.SZ,20241216,33.01,33.2,31.42,31.72,33.56,-1.84,-5.4827,127491.06,407463.558
300580.SZ,20241216,25.3,26.19,24.6,25.1,25.6,-0.5,-1.9531,227147.02,573202.795
300581.SZ,20241216,12.46,12.63,12.1,12.2,12.55,-0.35,-2.7888,147202.69,181908.248
300582.SZ,20241216,15.2,16.68,14.8,14.88,15.14,-0.26,-1.7173,354070.74,554611.035
300583.SZ,20241216,24.0,24.65,23.6,24.26,23.89,0.37,1.5488,48514.0,116598.719
300584.SZ,20241216,22.92,23.9,22.72,22.9,22.81,0.09,0.3946,66693.11,155774.652
300585.SZ,20241216,15.65,15.88,15.3,15.42,15.65,-0.23,-1.4696,45795.0,71245.23
300586.SZ,20241216,9.73,9.8,9.49,9.52,9.83,-0.31,-3.1536,187296.79,179365.333
300587.SZ,20241216,4.83,4.99,4.77,4.89,4.76,0.13,2.7311,384454.0,188362.78
300588.SZ,20241216,16.7,17.22,16.18,16.33,16.82,-0.49,-2.9132,121877.09,203902.75
300589.SZ,20241216,13.38,13.71,13.35,13.61,13.41,0.2,1.4914,81149.09,109976.433
300590.SZ,20241216,15.28,15.42,14.91,15.02,15.25,-0.23,-1.5082,132672.8,201110.909
300591.SZ,20241216,5.15,5.4,5.15,5.24,5.16,0.08,1.5504,275306.4,145264.688
300592.SZ,20241216,16.86,16.98,15.81,15.98,16.83,-0.85,-5.0505,295434.9,483064.811
300593.SZ,20241216,12.6,12.6,12.2,12.31,12.75,-0.44,-3.451,122056.24,150845.393
300594.SZ,20241216,19.2,19.44,18.83,19.07,19.25,-0.18,-0.9351,28947.8,55310.228
300595.SZ,20241216,19.02,19.13,18.73,18.81,19.05,-0.24,-1.2598,66652.53,125737.624
300596.SZ,20241216,28.1,28.4,27.88,28.04,28.15,-0.11,-0.3908,22383.09,62939.525
300597.SZ,20241216,10.0,10.07,9.77,9.88,9.99,-0.11,-1.1011,114918.0,113935.108
300598.SZ,20241216,54.13,54.67,52.75,53.14,54.74,-1.6,-2.9229,86953.62,463000.201
300599.SZ,20241216,7.67,7.76,7.61,7.65,7.67,-0.02,-0.2608,34064.0,26188.843
300600.SZ,20241216,8.05,8.18,7.85,7.91,8.1,-0.19,-2.3457,37718.0,30113.228
300601.SZ,20241216,18.6,18.74,18.25,18.41,18.7,-0.29,-1.5508,115589.79,212769.431
300602.SZ,20241216,19.65,19.89,19.2,19.34,19.69,-0.35,-1.7776,128733.84,250905.982
300603.SZ,20241216,11.57,11.7,10.98,11.14,11.26,-0.12,-1.0657,406015.89,461823.795
300604.SZ,20241216,46.59,46.79,44.9,45.05,46.8,-1.75,-3.7393,193862.55,880339.095
300605.SZ,20241216,14.38,15.24,14.17,14.28,14.21,0.07,0.4926,122647.0,180382.413
300606.SZ,20241216,21.46,21.48,20.93,20.97,21.45,-0.48,-2.2378,35422.48,74889.07
300607.SZ,20241216,33.01,36.0,32.36,35.01,33.81,1.2,3.5492,766446.2,2657516.836
300608.SZ,20241216,13.5,13.54,13.13,13.21,13.54,-0.33,-2.4372,111746.16,148398.392
300609.SZ,20241216,29.8,31.66,29.61,31.35,29.6,1.75,5.9122,171466.2,528847.104
300610.SZ,20241216,10.85,11.33,10.78,11.19,10.78,0.41,3.8033,110589.19,122831.373
300611.SZ,20241216,12.02,12.14,11.55,11.68,12.05,-0.37,-3.0705,111897.7,131572.464
300612.SZ,20241216,20.17,20.34,18.86,19.58,20.09,-0.51,-2.5386,276355.0,538485.932
300613.SZ,20241216,52.99,54.2,51.32,52.02,52.3,-0.28,-0.5354,105337.39,556902.221
300614.SZ,20241216,12.0,13.0,11.99,12.49,11.99,0.5,4.1701,119378.15,150517.841
300615.SZ,20241216,13.73,14.2,13.53,13.88,13.68,0.2,1.462,97066.4,133966.189
300616.SZ,20241216,15.7,16.09,15.36,15.51,15.72,-0.21,-1.3359,125626.33,196924.084
300617.SZ,20241216,28.38,29.35,28.18,28.51,28.25,0.26,0.9204,50674.0,145995.696
300618.SZ,20241216,36.4,36.88,35.94,36.19,36.56,-0.37,-1.012,52516.47,191128.278
300619.SZ,20241216,26.49,26.7,25.94,26.16,26.41,-0.25,-0.9466,13572.4,35746.691
300620.SZ,20241216,47.07,48.34,46.52,47.63,47.26,0.37,0.7829,80858.5,384465.591
300621.SZ,20241216,11.45,12.1,11.44,11.67,11.43,0.24,2.0997,103852.5,122200.459
300622.SZ,20241216,51.0,58.02,49.5,50.72,50.82,-0.1,-0.1968,329931.05,1751943.437
300623.SZ,20241216,36.23,36.6,34.88,35.18,36.37,-1.19,-3.2719,252300.95,903159.716
300624.SZ,20241216,72.75,73.49,70.4,70.82,73.58,-2.76,-3.751,210941.38,1508250.118
300625.SZ,20241216,13.01,13.19,12.81,12.89,13.01,-0.12,-0.9224,25670.3,33313.302
300626.SZ,20241216,10.99,11.1,10.77,10.87,10.93,-0.06,-0.5489,48305.6,52586.786
300627.SZ,20241216,41.48,41.88,40.52,40.69,41.46,-0.77,-1.8572,116511.85,480014.798
300628.SZ,20241216,37.99,38.85,37.72,38.21,37.89,0.32,0.8446,76831.29,295205.31
300629.SZ,20241216,23.71,23.88,23.16,23.36,23.69,-0.33,-1.393,71598.67,167200.271
300630.SZ,20241216,9.01,9.14,8.87,8.9,9.01,-0.11,-1.2209,166073.63,149303.347
300631.SZ,20241216,22.95,23.33,22.81,23.0,23.12,-0.12,-0.519,14342.0,33076.066
300632.SZ,20241216,14.3,14.52,12.96,13.1,14.6,-1.5,-10.274,297624.0,401751.099
300633.SZ,20241216,33.42,33.7,32.38,32.85,33.78,-0.93,-2.7531,48285.19,158554.321
300634.SZ,20241216,24.9,25.18,24.47,24.92,24.86,0.06,0.2414,182648.84,454573.644
300635.SZ,20241216,12.1,12.42,12.07,12.21,12.13,0.08,0.6595,66393.34,81309.563
300636.SZ,20241216,8.71,8.85,8.64,8.71,8.73,-0.02,-0.2291,67732.53,59178.653
300637.SZ,20241216,11.1,11.16,10.63,10.73,11.18,-0.45,-4.025,102432.7,110993.542
300638.SZ,20241216,18.65,18.73,18.16,18.34,18.79,-0.45,-2.3949,257959.09,474476.485
300639.SZ,20241216,6.63,6.87,6.61,6.66,6.65,0.01,0.1504,108842.85,73115.748
300640.SZ,20241216,8.12,8.12,7.59,7.74,7.82,-0.08,-1.023,465166.53,366799.389
300641.SZ,20241216,22.47,23.0,22.15,22.3,22.61,-0.31,-1.3711,123798.04,278974.892
300642.SZ,20241216,16.35,16.64,16.1,16.2,16.25,-0.05,-0.3077,32425.6,52949.51
300643.SZ,20241216,13.6,13.69,13.34,13.45,13.56,-0.11,-0.8112,35377.0,47807.407
300644.SZ,20241216,25.66,25.92,24.97,25.25,25.93,-0.68,-2.6224,63928.15,162365.51
300645.SZ,20241216,17.33,17.87,16.92,17.35,17.19,0.16,0.9308,85638.64,149738.728
300647.SZ,20241216,7.64,7.67,7.4,7.46,7.68,-0.22,-2.8646,215370.6,161945.523
300648.SZ,20241216,28.05,28.25,26.36,26.62,28.47,-1.85,-6.4981,82335.12,222152.488
300649.SZ,20241216,13.13,13.5,13.13,13.3,13.06,0.24,1.8377,47835.0,63816.996
300650.SZ,20241216,12.54,12.78,12.39,12.51,12.54,-0.03,-0.2392,60428.25,76060.63
300651.SZ,20241216,15.63,16.5,15.53,15.74,15.51,0.23,1.4829,81886.7,130091.863
300652.SZ,20241216,32.13,32.38,30.8,31.68,31.92,-0.24,-0.7519,35450.0,111978.402
300653.SZ,20241216,22.82,23.1,22.57,22.77,22.86,-0.09,-0.3937,17755.78,40544.264
300654.SZ,20241216,14.47,14.69,13.11,13.13,13.78,-0.65,-4.717,550281.84,742845.238
300655.SZ,20241216,10.35,10.37,9.95,10.04,10.33,-0.29,-2.8074,293934.63,297062.286
300656.SZ,20241216,28.6,28.84,27.8,28.08,28.6,-0.52,-1.8182,28085.4,79403.624
300657.SZ,20241216,22.88,23.98,22.32,22.8,22.87,-0.07,-0.3061,422268.67,974675.87
300658.SZ,20241216,6.22,6.39,6.21,6.27,6.22,0.05,0.8039,87122.3,55000.882
300659.SZ,20241216,19.13,19.36,18.72,18.93,19.22,-0.29,-1.5088,51389.83,97445.21
300660.SZ,20241216,41.64,41.9,39.28,39.64,41.99,-2.35,-5.5966,234486.02,942041.402
300661.SZ,20241216,88.62,88.78,86.1,87.11,88.25,-1.14,-1.2918,46981.62,409591.692
300662.SZ,20241216,26.21,26.24,24.5,24.93,26.24,-1.31,-4.9924,73875.99,186614.435
300663.SZ,20241216,21.2,21.3,20.4,20.62,21.4,-0.78,-3.6449,234793.35,488728.797
300664.SZ,20241216,5.84,5.87,5.67,5.72,5.82,-0.1,-1.7182,243989.39,140512.689
300665.SZ,20241216,7.61,7.8,7.55,7.59,7.62,-0.03,-0.3937,58697.76,44868.067
300666.SZ,20241216,74.1,74.29,71.0,71.65,73.8,-2.15,-2.9133,64640.13,467733.938
300667.SZ,20241216,19.5,19.54,18.86,19.0,19.56,-0.56,-2.863,46895.09,89687.46
300668.SZ,20241216,23.8,24.0,22.71,22.81,23.52,-0.71,-3.0187,28206.0,64959.841
300669.SZ,20241216,21.01,21.08,20.51,20.51,21.12,-0.61,-2.8883,10764.0,22265.266
300670.SZ,20241216,7.06,7.18,6.89,6.95,6.98,-0.03,-0.4298,65100.9,45554.419
300671.SZ,20241216,38.36,41.0,38.09,40.0,36.96,3.04,8.2251,243987.79,977256.342
300672.SZ,20241216,68.96,70.4,66.83,67.58,68.25,-0.67,-0.9817,67555.28,463116.305
300673.SZ,20241216,17.84,19.9,17.07,17.24,17.9,-0.66,-3.6872,222435.84,398701.678
300674.SZ,20241216,21.3,21.55,21.02,21.25,21.3,-0.05,-0.2347,172182.69,366206.81
300675.SZ,20241216,17.08,17.16,16.6,16.73,17.03,-0.3,-1.7616,57015.0,95830.551
300676.SZ,20241216,46.39,46.6,45.78,46.08,46.5,-0.42,-0.9032,25696.0,118373.569
300677.SZ,20241216,27.81,28.39,27.61,27.75,27.55,0.2,0.726,134625.18,376435.519
300678.SZ,20241216,39.53,39.92,38.34,38.63,39.57,-0.94,-2.3755,121020.9,471343.066
300679.SZ,20241216,57.33,57.95,55.3,55.77,57.64,-1.87,-3.2443,78744.31,444731.167
300680.SZ,20241216,25.09,25.48,24.5,24.75,25.12,-0.37,-1.4729,70559.6,175663.137
300681.SZ,20241216,24.73,25.84,24.41,25.59,24.68,0.91,3.6872,108727.26,274925.477
300682.SZ,20241216,13.45,13.5,13.02,13.29,13.52,-0.23,-1.7012,241966.32,319791.14
300683.SZ,20241216,27.57,27.98,27.01,27.14,27.33,-0.19,-0.6952,13182.0,36230.454
300684.SZ,20241216,22.38,22.63,21.96,22.22,22.2,0.02,0.0901,107564.28,240020.039
300685.SZ,20241216,24.65,24.73,24.12,24.39,24.68,-0.29,-1.175,32935.04,80164.737
300686.SZ,20241216,10.43,10.58,10.15,10.3,10.41,-0.11,-1.0567,131587.01,136509.025
300687.SZ,20241216,20.43,20.6,19.95,20.13,20.54,-0.41,-1.9961,123295.53,248661.008
300688.SZ,20241216,37.56,37.56,32.83,33.48,31.3,2.18,6.9649,396047.35,1394115.91
300689.SZ,20241216,26.0,26.1,25.24,25.39,26.0,-0.61,-2.3462,12219.9,31283.783
300690.SZ,20241216,24.85,25.27,24.41,24.58,24.87,-0.29,-1.1661,53941.02,134067.618
300691.SZ,20241216,21.25,21.77,20.51,20.84,21.42,-0.58,-2.7077,112876.0,238293.343
300692.SZ,20241216,7.15,8.03,7.15,7.83,7.02,0.81,11.5385,334731.92,259469.64
300693.SZ,20241216,24.03,24.17,23.59,23.7,24.06,-0.36,-1.4963,45233.3,107883.669
300694.SZ,20241216,19.2,20.25,18.17,18.19,19.44,-1.25,-6.43,273155.47,523738.187
300695.SZ,20241216,47.73,47.82,45.91,46.46,47.41,-0.95,-2.0038,5972.0,27891.854
300696.SZ,20241216,16.44,16.54,16.02,16.15,16.43,-0.28,-1.7042,45383.12,73861.275
300697.SZ,20241216,12.04,12.2,11.9,11.99,12.03,-0.04,-0.3325,33562.08,40394.702
300698.SZ,20241216,40.2,40.45,38.6,38.74,40.21,-1.47,-3.6558,19147.0,75626.997
300699.SZ,20241216,33.98,34.11,33.59,33.74,33.98,-0.24,-0.7063,85359.72,288345.63
300700.SZ,20241216,8.8,8.93,8.71,8.86,8.74,0.12,1.373,68546.54,60461.17
300701.SZ,20241216,11.48,11.75,11.22,11.35,11.54,-0.19,-1.6464,116600.59,133671.946
300702.SZ,20241216,18.3,18.77,17.98,18.02,18.34,-0.32,-1.7448,37970.61,69093.439
300703.SZ,20241216,19.2,19.5,17.15,18.5,19.47,-0.97,-4.982,451448.61,822331.169
300705.SZ,20241216,25.9,26.28,24.4,24.98,26.21,-1.23,-4.6929,75142.19,188419.278
300706.SZ,20241216,25.42,26.63,25.2,26.31,25.38,0.93,3.6643,135120.63,351681.984
300707.SZ,20241216,16.72,17.09,16.33,16.44,16.91,-0.47,-2.7794,185613.13,310057.488
300708.SZ,20241216,12.12,12.12,11.6,11.71,12.05,-0.34,-2.8216,207883.4,246259.011
300709.SZ,20241216,41.28,41.67,40.05,40.39,41.9,-1.51,-3.6038,96387.07,391517.67
300710.SZ,20241216,21.45,21.74,21.14,21.35,21.32,0.03,0.1407,48357.05,103290.944
300711.SZ,20241216,26.42,26.8,25.68,25.9,27.18,-1.28,-4.7093,139087.53,361945.418
300712.SZ,20241216,29.1,29.74,28.73,29.42,28.95,0.47,1.6235,74305.0,217672.147
300713.SZ,20241216,17.31,17.5,16.96,17.16,17.28,-0.12,-0.6944,37798.65,65224.377
300715.SZ,20241216,7.76,7.88,7.72,7.8,7.77,0.03,0.3861,26893.67,20969.043
300716.SZ,20241216,16.4,16.58,16.11,16.39,16.3,0.09,0.5521,40008.5,65421.293
300717.SZ,20241216,16.43,16.69,16.26,16.52,16.43,0.09,0.5478,20136.0,33311.177
300718.SZ,20241216,19.95,20.77,19.81,20.38,20.17,0.21,1.0412,137944.5,280134.718
300719.SZ,20241216,20.16,20.52,19.79,20.02,20.13,-0.11,-0.5464,89934.28,181306.472
300720.SZ,20241216,23.08,24.13,21.8,22.16,22.98,-0.82,-3.5683,76363.74,173447.053
300721.SZ,20241216,14.37,14.42,14.1,14.2,14.38,-0.18,-1.2517,34205.4,48680.572
300722.SZ,20241216,28.73,29.02,28.09,28.29,28.87,-0.58,-2.009,44784.06,127575.941
300723.SZ,20241216,20.05,20.14,19.51,19.86,20.25,-0.39,-1.9259,67519.54,133621.001
300724.SZ,20241216,68.46,68.47,65.35,65.78,68.46,-2.68,-3.9147,114980.29,763130.752
300725.SZ,20241216,36.06,36.42,35.68,36.13,36.24,-0.11,-0.3035,45447.0,163919.126
300726.SZ,20241216,32.84,33.0,32.03,32.13,32.84,-0.71,-2.162,39666.94,128373.65
300727.SZ,20241216,29.66,30.91,29.28,30.89,29.69,1.2,4.0418,52041.8,157999.678
300729.SZ,20241216,17.07,17.17,16.54,16.71,17.07,-0.36,-2.109,83326.54,139944.231
300730.SZ,20241216,14.22,14.46,13.95,14.06,14.2,-0.14,-0.9859,84964.5,120274.739
300731.SZ,20241216,23.8,25.18,23.2,24.9,23.79,1.11,4.6658,163987.8,400055.856
300732.SZ,20241216,8.01,8.23,7.96,8.02,8.04,-0.02,-0.2488,81452.59,65869.841
300733.SZ,20241216,12.21,13.07,12.2,12.63,12.21,0.42,3.4398,108522.0,137996.561
300735.SZ,20241216,32.59,32.59,30.6,30.8,32.29,-1.49,-4.6144,332924.39,1038732.891
300736.SZ,20241216,12.75,13.26,12.31,12.47,12.75,-0.28,-2.1961,171591.0,217707.329
300737.SZ,20241216,5.65,5.69,5.55,5.6,5.68,-0.08,-1.4085,123342.47,69186.973
300738.SZ,20241216,13.71,13.82,13.24,13.36,13.78,-0.42,-3.0479,529733.57,714204.785
300739.SZ,20241216,14.66,14.79,14.39,14.5,14.66,-0.16,-1.0914,43761.75,63843.312
300740.SZ,20241216,13.75,14.15,13.64,13.83,13.74,0.09,0.655,107596.66,149679.909
300741.SZ,20241216,18.73,19.54,18.66,19.15,18.83,0.32,1.6994,53551.74,102148.051
300743.SZ,20241216,16.92,17.09,16.7,16.81,16.85,-0.04,-0.2374,32958.29,55607.084
300745.SZ,20241216,18.05,18.29,17.6,17.82,18.03,-0.21,-1.1647,34451.0,61628.251
300746.SZ,20241216,13.55,13.71,13.17,13.32,13.67,-0.35,-2.5604,60536.91,81138.324
300747.SZ,20241216,20.66,20.66,20.03,20.17,20.69,-0.52,-2.5133,96942.88,196893.36
300748.SZ,20241216,19.71,19.89,19.31,19.46,19.81,-0.35,-1.7668,207956.62,406004.977
300749.SZ,20241216,7.77,7.88,7.56,7.64,7.67,-0.03,-0.3911,131599.0,101434.375
300750.SZ,20241216,266.22,269.5,264.05,267.2,267.03,0.17,0.0637,162575.08,4333963.457
300751.SZ,20241216,116.98,117.6,111.09,111.79,116.23,-4.44,-3.82,41629.85,470769.425
300752.SZ,20241216,18.13,18.38,17.8,18.02,18.23,-0.21,-1.1519,48667.6,88134.902
300753.SZ,20241216,17.36,18.66,17.19,18.01,17.42,0.59,3.3869,128395.4,228559.383
300755.SZ,20241216,20.05,20.27,19.4,19.65,20.1,-0.45,-2.2388,115282.0,228681.952
300756.SZ,20241216,17.3,17.45,16.64,16.8,17.12,-0.32,-1.8692,87023.54,148034.615
300757.SZ,20241216,200.0,201.9,165.25,182.88,199.0,-16.12,-8.1005,93514.42,1733696.362
300758.SZ,20241216,12.9,12.99,12.6,12.7,12.88,-0.18,-1.3975,62678.42,79971.143
300759.SZ,20241216,28.28,28.67,27.86,28.07,28.54,-0.47,-1.6468,203662.99,574545.374
300760.SZ,20241216,260.2,261.0,252.19,253.7,259.17,-5.47,-2.1106,72487.61,1846670.577
300761.SZ,20241216,21.21,21.32,20.37,20.48,21.2,-0.72,-3.3962,106812.59,222335.229
300762.SZ,20241216,25.62,26.49,24.97,25.25,25.9,-0.65,-2.5097,400611.27,1028228.033
300763.SZ,20241216,67.93,68.56,66.06,66.8,69.0,-2.2,-3.1884,80176.48,537065.356
300765.SZ,20241216,28.56,28.66,27.38,27.53,28.62,-1.09,-3.8085,84639.46,235211.266
300766.SZ,20241216,16.93,17.03,16.03,16.5,16.87,-0.37,-2.1932,311999.75,512913.159
300767.SZ,20241216,11.52,12.2,11.45,12.04,11.42,0.62,5.4291,177777.66,211178.3
300768.SZ,20241216,19.91,19.96,18.96,19.17,20.01,-0.84,-4.1979,127011.0,245416.356
300769.SZ,20241216,43.01,43.89,42.48,43.24,43.4,-0.16,-0.3687,119219.0,513223.644
300770.SZ,20241216,43.5,44.16,42.86,43.5,43.56,-0.06,-0.1377,49518.68,215027.297
300771.SZ,20241216,12.02,12.19,11.92,12.03,12.07,-0.04,-0.3314,66488.9,79995.846
300772.SZ,20241216,14.8,15.28,14.24,14.35,14.75,-0.4,-2.7119,171168.92,251718.136
300773.SZ,20241216,20.19,20.26,19.63,19.79,20.23,-0.44,-2.175,168691.0,335277.786
300774.SZ,20241216,10.08,10.37,9.84,9.91,10.02,-0.11,-1.0978,113184.94,113934.782
300775.SZ,20241216,24.91,24.96,24.64,24.75,24.98,-0.23,-0.9207,78024.12,193279.825
300776.SZ,20241216,71.1,71.38,67.3,68.2,70.81,-2.61,-3.6859,61922.86,423919.062
300777.SZ,20241216,27.18,28.1,27.03,27.59,27.27,0.32,1.1735,110954.84,305364.728
300778.SZ,20241216,13.0,13.27,12.73,12.79,13.03,-0.24,-1.8419,71693.75,93225.722
300779.SZ,20241216,95.13,97.6,91.58,93.0,95.5,-2.5,-2.6178,34760.0,326497.693
300780.SZ,20241216,17.74,17.96,17.1,17.25,17.76,-0.51,-2.8716,63284.94,110839.549
300781.SZ,20241216,76.0,81.1,75.12,77.25,75.42,1.83,2.4264,171862.1,1343443.953
300782.SZ,20241216,96.96,97.68,94.39,95.06,97.22,-2.16,-2.2218,73294.11,703539.862
300783.SZ,20241216,35.99,37.72,34.82,35.34,37.09,-1.75,-4.7183,184247.64,665149.918
300784.SZ,20241216,70.28,71.6,68.72,70.04,70.71,-0.67,-0.9475,15506.0,108600.243
300785.SZ,20241216,43.29,45.82,39.6,40.25,41.76,-1.51,-3.6159,312192.43,1336209.395
300786.SZ,20241216,17.02,17.28,16.5,16.63,16.9,-0.27,-1.5976,169218.4,285679.738
300787.SZ,20241216,14.3,14.44,14.01,14.15,14.31,-0.16,-1.1181,38787.57,55155.998
300788.SZ,20241216,36.08,36.6,34.61,35.67,36.3,-0.63,-1.7355,92662.0,328789.039
300789.SZ,20241216,16.53,16.75,16.36,16.51,16.5,0.01,0.0606,16770.7,27768.308
300790.SZ,20241216,19.23,19.39,18.33,18.54,19.67,-1.13,-5.7448,256293.32,481065.07
300791.SZ,20241216,30.25,30.98,29.32,29.51,29.91,-0.4,-1.3373,50791.6,151661.986
300792.SZ,20241216,25.52,26.17,24.96,25.4,25.63,-0.23,-0.8974,114028.81,290949.19
300793.SZ,20241216,19.86,19.95,18.81,19.03,20.02,-0.99,-4.9451,356829.4,686986.276
300795.SZ,20241216,25.04,26.83,24.6,26.83,22.36,4.47,19.9911,318136.12,838895.793
300796.SZ,20241216,10.49,10.67,10.37,10.41,10.51,-0.1,-0.9515,54204.24,56846.765
300797.SZ,20241216,12.82,13.03,12.77,12.87,12.87,0.0,0.0,28783.0,37029.867
300798.SZ,20241216,6.68,6.8,6.57,6.64,6.71,-0.07,-1.0432,94274.0,62917.142
300800.SZ,20241216,11.87,12.1,11.72,11.81,11.88,-0.07,-0.5892,20918.5,24869.75
300801.SZ,20241216,17.43,17.62,17.2,17.33,17.46,-0.13,-0.7446,23960.0,41654.609
300802.SZ,20241216,19.81,19.83,18.96,19.1,19.84,-0.74,-3.7298,70257.63,135535.101
300803.SZ,20241216,97.5,97.5,94.5,95.15,98.65,-3.5,-3.5479,189376.3,1806986.01
300804.SZ,20241216,25.89,26.25,25.81,26.14,25.9,0.24,0.9266,9564.24,24926.169
300805.SZ,20241216,12.96,13.42,12.96,13.42,11.18,2.24,20.0358,218736.54,291149.173
300806.SZ,20241216,14.49,14.68,14.3,14.47,14.54,-0.07,-0.4814,72736.57,105234.63
300807.SZ,20241216,34.65,34.78,33.68,33.83,34.61,-0.78,-2.2537,18762.0,64156.031
300808.SZ,20241216,26.18,27.17,25.88,26.55,26.29,0.26,0.989,22125.29,58604.411
300809.SZ,20241216,32.62,32.65,31.58,31.81,32.59,-0.78,-2.3934,52827.71,169339.521
300810.SZ,20241216,21.92,23.19,21.76,22.59,21.94,0.65,2.9626,39379.5,89323.061
300811.SZ,20241216,50.4,51.89,49.71,50.68,50.5,0.18,0.3564,86233.08,438755.278
300812.SZ,20241216,25.22,25.42,24.37,24.58,25.17,-0.59,-2.3441,43612.0,108213.447
300813.SZ,20241216,19.99,20.15,19.59,19.69,19.76,-0.07,-0.3543,20976.4,41684.755
300814.SZ,20241216,31.12,32.88,31.0,31.98,31.12,0.86,2.7635,62940.3,202236.559
300815.SZ,20241216,16.28,16.42,16.06,16.15,16.24,-0.09,-0.5542,42259.04,68743.735
300816.SZ,20241216,25.69,27.5,25.68,26.81,25.5,1.31,5.1373,45484.0,121354.898
300817.SZ,20241216,14.43,14.64,14.12,14.28,14.55,-0.27,-1.8557,46776.63,66961.09
300818.SZ,20241216,30.06,30.49,29.29,29.75,30.01,-0.26,-0.8664,20462.6,60886.684
300819.SZ,20241216,14.79,14.97,14.63,14.79,14.79,0.0,0.0,24996.99,37002.466
300820.SZ,20241216,59.43,59.61,56.39,57.0,59.35,-2.35,-3.9596,35483.45,203966.186
300821.SZ,20241216,8.49,8.55,8.33,8.39,8.52,-0.13,-1.5258,73876.92,62255.922
300822.SZ,20241216,25.89,26.19,24.29,24.67,26.3,-1.63,-6.1977,209466.79,525019.592
300823.SZ,20241216,14.94,15.12,14.8,14.9,14.93,-0.03,-0.2009,32641.6,48877.316
300824.SZ,20241216,10.04,10.25,9.86,9.95,9.99,-0.04,-0.4004,89033.0,89751.074
300825.SZ,20241216,12.61,12.68,12.33,12.42,12.61,-0.19,-1.5067,160498.97,200130.29
300826.SZ,20241216,18.54,20.0,18.33,19.67,18.42,1.25,6.7861,134513.38,262922.645
300827.SZ,20241216,47.37,48.58,46.77,47.55,47.24,0.31,0.6562,63028.3,300656.781
300828.SZ,20241216,18.44,19.21,17.66,19.21,18.44,0.77,4.1757,224685.23,419511.339
300829.SZ,20241216,19.51,20.96,19.3,19.35,19.61,-0.26,-1.3259,117920.52,235915.978
300830.SZ,20241216,9.71,10.14,9.55,9.92,9.79,0.13,1.3279,179861.0,176239.747
300831.SZ,20241216,17.44,18.2,16.93,17.22,17.26,-0.04,-0.2317,309137.57,543017.262
300832.SZ,20241216,69.69,71.49,68.45,68.88,70.4,-1.52,-2.1591,45349.03,315583.422
300833.SZ,20241216,50.2,54.0,47.7,51.4,49.35,2.05,4.154,97161.76,491930.474
300834.SZ,20241216,21.41,21.7,21.41,21.5,21.48,0.02,0.0931,8693.0,18752.401
300835.SZ,20241216,33.28,33.4,32.4,32.76,33.29,-0.53,-1.5921,25211.6,82615.761
300836.SZ,20241216,50.05,50.05,47.0,47.71,50.08,-2.37,-4.7324,15895.0,76712.14
300837.SZ,20241216,22.8,23.18,22.76,22.86,22.79,0.07,0.3072,8751.0,20088.43
300838.SZ,20241216,13.75,13.97,13.63,13.88,13.75,0.13,0.9455,21442.0,29750.513
300839.SZ,20241216,8.2,8.25,8.04,8.09,8.11,-0.02,-0.2466,59574.56,48397.114
300840.SZ,20241216,25.24,25.3,22.37,22.94,26.0,-3.06,-11.7692,490122.18,1171590.84
300841.SZ,20241216,56.4,57.03,56.2,56.85,56.6,0.25,0.4417,15164.31,85863.927
300842.SZ,20241216,45.91,47.54,45.8,46.6,45.92,0.68,1.4808,38241.6,178860.653
300843.SZ,20241216,29.7,31.42,29.64,31.16,29.87,1.29,4.3187,109944.97,339641.256
300844.SZ,20241216,37.52,38.17,36.56,37.02,38.42,-1.4,-3.6439,20077.8,74767.222
300845.SZ,20241216,14.79,15.1,14.68,14.88,14.79,0.09,0.6085,40909.25,60938.958
300846.SZ,20241216,14.15,14.32,13.65,13.83,14.21,-0.38,-2.6742,250584.94,348472.913
300847.SZ,20241216,17.97,18.04,17.69,17.87,18.0,-0.13,-0.7222,36022.4,64371.735
300848.SZ,20241216,18.57,18.66,18.11,18.24,18.63,-0.39,-2.0934,26491.7,48593.065
300849.SZ,20241216,14.02,14.14,13.5,13.95,14.0,-0.05,-0.3571,66117.0,91718.099
300850.SZ,20241216,22.18,22.56,21.6,21.78,22.18,-0.4,-1.8034,68550.31,150637.803
300851.SZ,20241216,30.1,30.78,29.9,30.77,30.05,0.72,2.396,38609.84,117006.509
300852.SZ,20241216,27.25,28.3,27.05,27.6,27.42,0.18,0.6565,32502.56,90545.854
300853.SZ,20241216,25.04,26.15,23.79,24.15,25.28,-1.13,-4.4699,178483.75,442792.748
300854.SZ,20241216,15.11,15.44,14.83,15.0,15.2,-0.2,-1.3158,27109.0,40832.686
300855.SZ,20241216,27.58,27.77,26.75,26.99,27.55,-0.56,-2.0327,54452.19,148119.283
300856.SZ,20241216,27.51,27.8,26.88,27.02,27.55,-0.53,-1.9238,62049.02,168855.132
300857.SZ,20241216,102.8,105.8,100.0,103.04,103.16,-0.12,-0.1163,93081.16,952123.767
300858.SZ,20241216,17.07,17.14,16.37,16.49,17.06,-0.57,-3.3411,57679.5,96144.695
300859.SZ,20241216,44.99,48.49,43.98,44.66,44.43,0.23,0.5177,132648.15,613091.945
300860.SZ,20241216,38.04,43.46,38.01,38.96,36.22,2.74,7.5649,295390.68,1180647.569
300861.SZ,20241216,22.66,22.9,22.21,22.72,22.62,0.1,0.4421,67830.18,152753.437
300862.SZ,20241216,30.33,31.75,30.26,30.5,30.31,0.19,0.6269,67853.4,210843.291
300863.SZ,20241216,45.2,46.86,45.2,46.17,44.94,1.23,2.737,65919.08,304749.684
300864.SZ,20241216,22.44,23.1,22.43,22.55,22.36,0.19,0.8497,17172.35,39069.826
300865.SZ,20241216,27.52,27.74,27.05,27.15,27.44,-0.29,-1.0569,10589.0,28980.347
300866.SZ,20241216,90.3,90.5,87.97,89.5,90.4,-0.9,-0.9956,33401.33,297433.738
300867.SZ,20241216,13.98,14.36,13.9,13.98,14.0,-0.02,-0.1429,23665.54,33366.4
300868.SZ,20241216,29.23,29.59,28.01,28.39,29.41,-1.02,-3.4682,20089.08,57556.869
300869.SZ,20241216,16.02,16.51,15.97,16.19,15.95,0.24,1.5047,65076.04,105782.096
300870.SZ,20241216,85.0,92.0,83.76,90.16,84.2,5.96,7.0784,42949.02,379617.467
300871.SZ,20241216,12.63,12.92,12.44,12.62,12.54,0.08,0.638,22177.5,27944.358
300872.SZ,20241216,16.75,17.3,16.4,16.58,16.85,-0.27,-1.6024,171892.82,287981.565
300873.SZ,20241216,18.77,19.14,18.41,18.62,18.97,-0.35,-1.845,47512.4,88948.081
300875.SZ,20241216,34.42,35.87,34.08,34.55,34.89,-0.34,-0.9745,53316.87,186701.556
300876.SZ,20241216,23.68,25.74,23.4,25.09,23.79,1.3,5.4645,34749.85,86567.552
300877.SZ,20241216,15.99,16.49,15.99,16.35,16.07,0.28,1.7424,24726.16,40394.348
300878.SZ,20241216,19.92,21.71,19.9,20.42,19.9,0.52,2.6131,58823.51,121418.5
300879.SZ,20241216,16.5,18.42,16.17,17.3,15.52,1.78,11.4691,326239.5,568322.773
300880.SZ,20241216,23.8,24.49,23.56,23.77,23.89,-0.12,-0.5023,55779.77,133646.088
300881.SZ,20241216,32.8,33.58,32.5,32.93,32.8,0.13,0.3963,14418.9,47650.976
300882.SZ,20241216,16.6,16.9,16.48,16.64,16.56,0.08,0.4831,36948.33,61615.742
300883.SZ,20241216,6.7,6.84,6.52,6.66,6.69,-0.03,-0.4484,294270.75,196837.076
300884.SZ,20241216,12.29,12.61,12.1,12.2,12.3,-0.1,-0.813,93109.22,114950.519
300885.SZ,20241216,11.98,12.04,11.7,11.85,11.97,-0.12,-1.0025,54690.02,65008.809
300886.SZ,20241216,22.12,22.63,21.78,22.22,22.04,0.18,0.8167,11507.5,25625.318
300887.SZ,20241216,9.08,9.12,8.8,8.9,9.08,-0.18,-1.9824,135326.76,121147.311
300888.SZ,20241216,42.51,44.45,41.85,43.26,42.36,0.9,2.1246,109527.21,474783.415
300889.SZ,20241216,14.92,15.17,14.73,14.93,14.94,-0.01,-0.0669,27141.0,40503.951
300890.SZ,20241216,32.03,32.46,31.25,31.46,32.28,-0.82,-2.5403,57911.78,184230.225
300891.SZ,20241216,9.42,9.55,9.34,9.43,9.47,-0.04,-0.4224,29856.0,28216.599
300892.SZ,20241216,42.09,43.18,38.9,39.1,42.35,-3.25,-7.6741,67329.79,277929.201
300893.SZ,20241216,30.61,31.25,29.93,30.18,30.79,-0.61,-1.9812,12323.25,37375.987
300894.SZ,20241216,16.17,16.29,15.48,15.59,16.17,-0.58,-3.5869,170435.0,270060.253
300895.SZ,20241216,35.54,35.88,34.65,35.02,35.65,-0.63,-1.7672,42160.05,148095.723
300896.SZ,20241216,210.0,211.59,207.49,209.34,211.0,-1.66,-0.7867,33361.23,696627.287
300897.SZ,20241216,25.83,26.0,24.96,25.25,25.83,-0.58,-2.2455,24785.29,62661.245
300898.SZ,20241216,34.94,36.8,30.56,30.93,34.94,-4.01,-11.4768,226959.38,784467.791
300899.SZ,20241216,24.77,25.44,24.75,24.86,24.77,0.09,0.3633,18038.0,45224.596
300900.SZ,20241216,22.35,22.74,21.91,22.1,22.3,-0.2,-0.8969,61326.51,136683.73
300901.SZ,20241216,15.38,16.42,14.8,14.9,14.86,0.04,0.2692,296667.08,464597.423
300902.SZ,20241216,24.94,26.89,24.5,25.51,24.99,0.52,2.0808,106792.46,271944.106
300903.SZ,20241216,9.11,9.42,9.03,9.11,9.09,0.02,0.22,149637.8,138052.429
300904.SZ,20241216,64.0,64.28,61.0,62.0,65.13,-3.13,-4.8058,17247.0,107470.289
300905.SZ,20241216,31.77,32.43,30.79,31.32,31.97,-0.65,-2.0332,55430.24,175281.071
300906.SZ,20241216,27.19,27.28,26.46,26.67,26.82,-0.15,-0.5593,21199.19,56682.611
300907.SZ,20241216,23.44,23.72,23.28,23.48,23.39,0.09,0.3848,11640.0,27316.463
300908.SZ,20241216,34.96,35.36,33.72,34.31,35.0,-0.69,-1.9714,34969.0,120437.431
300909.SZ,20241216,27.17,27.43,26.18,26.34,27.16,-0.82,-3.0191,31416.0,83374.134
300910.SZ,20241216,46.09,46.26,43.88,44.0,46.06,-2.06,-4.4724,17748.1,79242.977
300911.SZ,20241216,35.42,36.0,34.53,34.9,35.35,-0.45,-1.273,24158.25,84839.718
300912.SZ,20241216,13.8,14.09,13.76,13.86,13.82,0.04,0.2894,31019.0,43154.19
300913.SZ,20241216,41.0,44.46,40.02,44.46,37.05,7.41,20.0,377821.16,1615662.306
300915.SZ,20241216,37.22,37.82,35.79,36.22,37.18,-0.96,-2.582,23101.6,84887.574
300916.SZ,20241216,30.78,31.37,30.2,30.72,30.95,-0.23,-0.7431,28447.85,87586.586
300917.SZ,20241216,56.51,56.98,54.66,55.18,56.86,-1.68,-2.9546,65361.99,362480.446
300918.SZ,20241216,11.7,11.88,11.62,11.66,11.76,-0.1,-0.8503,23481.46,27523.413
300919.SZ,20241216,39.03,39.13,37.41,37.72,39.24,-1.52,-3.8736,134365.46,510706.474
300920.SZ,20241216,19.0,19.88,18.75,19.82,18.9,0.92,4.8677,25646.0,50250.232
300921.SZ,20241216,29.0,29.0,27.0,27.61,29.05,-1.44,-4.957,265330.66,733403.918
300922.SZ,20241216,15.99,16.24,15.83,16.0,16.02,-0.02,-0.1248,37239.2,59798.944
300923.SZ,20241216,22.58,23.32,22.56,22.88,22.58,0.3,1.3286,19860.0,45602.429
300925.SZ,20241216,26.87,27.89,26.37,26.86,26.47,0.39,1.4734,367459.9,994580.438
300926.SZ,20241216,21.36,21.66,21.0,21.2,21.48,-0.28,-1.3035,37011.71,78488.097
300927.SZ,20241216,19.17,19.7,19.0,19.12,19.1,0.02,0.1047,25942.38,50229.657
300928.SZ,20241216,37.48,38.2,36.89,37.32,37.24,0.08,0.2148,14631.33,54907.172
300929.SZ,20241216,10.34,10.5,10.27,10.38,10.3,0.08,0.7767,31601.62,32821.059
300930.SZ,20241216,30.93,31.48,30.02,31.1,30.95,0.15,0.4847,47937.0,146740.262
300931.SZ,20241216,7.64,7.84,7.64,7.68,7.68,0.0,0.0,37805.0,29154.32
300932.SZ,20241216,16.34,16.36,15.4,15.68,16.34,-0.66,-4.0392,73465.06,115608.943
300933.SZ,20241216,7.49,7.75,7.36,7.43,7.51,-0.08,-1.0652,229638.57,174025.438
300935.SZ,20241216,24.27,24.86,23.8,24.18,24.15,0.03,0.1242,29299.4,71229.916
300936.SZ,20241216,45.33,45.93,43.98,44.41,45.33,-0.92,-2.0296,14617.0,65699.416
300937.SZ,20241216,31.99,33.63,30.68,31.56,31.63,-0.07,-0.2213,75703.44,243415.103
300938.SZ,20241216,26.01,26.31,24.97,25.08,26.23,-1.15,-4.3843,52342.88,133265.039
300939.SZ,20241216,35.6,35.8,34.3,34.96,35.12,-0.16,-0.4556,49796.0,174216.041
300940.SZ,20241216,15.4,15.5,14.9,15.1,15.46,-0.36,-2.3286,51172.6,77873.449
300941.SZ,20241216,23.56,25.15,23.04,24.26,23.55,0.71,3.0149,146160.0,354413.96
300942.SZ,20241216,9.75,9.9,9.6,9.71,9.75,-0.04,-0.4103,61050.33,59657.265
300943.SZ,20241216,13.66,13.8,13.41,13.61,13.57,0.04,0.2948,31861.0,43444.167
300945.SZ,20241216,12.87,13.25,12.7,13.14,12.66,0.48,3.7915,245881.18,319940.002
300946.SZ,20241216,29.1,30.8,28.99,29.76,29.14,0.62,2.1277,22751.6,67616.207
300947.SZ,20241216,20.21,20.97,19.71,20.32,20.07,0.25,1.2456,180665.97,368426.903
300948.SZ,20241216,11.7,12.13,11.65,11.77,11.7,0.07,0.5983,55150.79,65227.324
300949.SZ,20241216,45.0,50.0,45.0,46.88,44.28,2.6,5.8717,88067.75,415185.486
300950.SZ,20241216,17.49,18.48,17.48,17.61,17.42,0.19,1.0907,56494.98,101526.984
300951.SZ,20241216,32.08,32.37,31.36,31.61,32.08,-0.47,-1.4651,23883.82,76121.325
300952.SZ,20241216,24.16,24.27,23.52,23.68,23.96,-0.28,-1.1686,32900.0,78216.153
300953.SZ,20241216,77.12,77.88,74.3,75.34,78.27,-2.93,-3.7435,25174.78,190572.225
300955.SZ,20241216,18.39,18.71,17.7,18.06,18.29,-0.23,-1.2575,48611.39,88127.896
300956.SZ,20241216,19.0,19.19,18.52,18.64,19.0,-0.36,-1.8947,57483.77,108365.86
300957.SZ,20241216,49.83,49.88,47.53,47.82,49.78,-1.96,-3.9373,99408.01,479385.514
300958.SZ,20241216,13.45,13.69,13.38,13.46,13.41,0.05,0.3729,40081.0,54305.51
300959.SZ,20241216,39.34,39.98,38.12,38.35,40.19,-1.84,-4.5783,39485.0,153160.257
300960.SZ,20241216,23.42,24.18,23.26,24.18,23.22,0.96,4.1344,30868.05,73864.648
300961.SZ,20241216,14.73,14.77,13.15,13.91,15.44,-1.53,-9.9093,345506.51,474069.014
300962.SZ,20241216,16.62,17.18,16.62,17.0,16.67,0.33,1.9796,36079.0,61216.209
300963.SZ,20241216,9.46,9.74,9.4,9.46,9.44,0.02,0.2119,45583.3,43272.127
300964.SZ,20241216,39.81,41.05,39.46,40.83,39.8,1.03,2.5879,37542.0,151699.156
300965.SZ,20241216,36.05,36.58,35.86,36.11,36.08,0.03,0.0831,3261.0,11796.867
300966.SZ,20241216,18.9,19.38,18.54,18.64,18.82,-0.18,-0.9564,23279.0,44024.603
300967.SZ,20241216,13.6,13.86,13.49,13.62,13.59,0.03,0.2208,52103.07,71205.67
300968.SZ,20241216,20.01,20.02,19.16,19.44,20.13,-0.69,-3.4277,170477.0,332872.359
300969.SZ,20241216,91.21,94.84,90.85,91.53,92.12,-0.59,-0.6405,14067.17,130009.864
300970.SZ,20241216,14.25,14.46,14.19,14.32,14.17,0.15,1.0586,29368.0,42076.093
300971.SZ,20241216,22.68,23.88,22.61,23.27,22.6,0.67,2.9646,58973.5,136897.959
300972.SZ,20241216,79.45,80.9,75.5,79.22,79.8,-0.58,-0.7268,29874.08,233601.124
300973.SZ,20241216,45.8,45.89,42.42,43.0,46.5,-3.5,-7.5269,73498.21,326063.137
300975.SZ,20241216,12.38,12.77,12.18,12.29,12.45,-0.16,-1.2851,229883.2,286949.179
300976.SZ,20241216,72.79,72.91,69.03,69.75,72.95,-3.2,-4.3866,42765.12,300570.294
300977.SZ,20241216,20.41,20.59,19.83,19.98,20.45,-0.47,-2.2983,32962.43,66401.529
300978.SZ,20241216,12.06,12.18,11.82,11.92,12.1,-0.18,-1.4876,55911.0,67107.955
300979.SZ,20241216,76.17,76.71,74.06,74.94,76.51,-1.57,-2.052,16463.89,123470.545
300980.SZ,20241216,26.8,29.06,23.55,24.95,26.8,-1.85,-6.903,155937.32,410253.964
300981.SZ,20241216,14.51,14.84,14.46,14.59,14.55,0.04,0.2749,47421.56,69484.155
300982.SZ,20241216,19.73,20.32,19.58,19.98,19.84,0.14,0.7056,59414.0,118320.459
300983.SZ,20241216,20.83,21.08,20.46,20.62,20.83,-0.21,-1.0082,13800.19,28525.717
300984.SZ,20241216,38.45,41.34,38.29,40.61,38.41,2.2,5.7277,58352.85,233253.481
300985.SZ,20241216,19.8,20.33,19.75,19.93,19.82,0.11,0.555,25794.8,51797.577
300986.SZ,20241216,13.45,13.6,13.25,13.37,13.46,-0.09,-0.6686,31417.15,42186.152
300987.SZ,20241216,17.67,17.95,17.2,17.52,17.66,-0.14,-0.7928,84047.22,147488.451
300988.SZ,20241216,20.39,20.39,19.85,20.02,20.28,-0.26,-1.2821,30897.3,62146.294
300989.SZ,20241216,15.96,16.3,15.52,15.68,16.04,-0.36,-2.2444,69830.35,111431.984
300990.SZ,20241216,39.81,40.2,38.42,39.36,40.19,-0.83,-2.0652,38092.65,149349.906
300991.SZ,20241216,21.09,22.0,20.81,21.91,20.68,1.23,5.9478,168649.36,363555.669
300992.SZ,20241216,24.6,28.45,24.31,27.45,24.6,2.85,11.5854,58614.92,159520.61
300993.SZ,20241216,10.6,10.77,10.48,10.55,10.61,-0.06,-0.5655,51279.23,54416.391
300994.SZ,20241216,13.88,14.09,13.16,13.45,13.98,-0.53,-3.7911,128345.08,174357.611
300995.SZ,20241216,18.81,19.17,18.53,18.76,18.8,-0.04,-0.2128,18127.75,34251.429
300996.SZ,20241216,20.62,20.65,20.24,20.45,20.62,-0.17,-0.8244,30237.4,61762.968
300997.SZ,20241216,17.65,18.15,16.8,17.14,17.64,-0.5,-2.8345,119509.52,210340.737
300998.SZ,20241216,17.6,17.73,17.3,17.38,17.41,-0.03,-0.1723,28206.0,49275.957
300999.SZ,20241216,34.91,35.0,34.42,34.52,34.91,-0.39,-1.1172,71036.77,246510.944
301000.SZ,20241216,26.43,27.41,25.95,26.14,26.98,-0.84,-3.1134,148233.59,393332.83
301001.SZ,20241216,30.6,33.04,30.01,32.81,31.06,1.75,5.6343,109656.44,351271.758
301002.SZ,20241216,19.03,19.59,18.87,19.04,19.1,-0.06,-0.3141,47252.6,90833.436
301003.SZ,20241216,23.87,24.3,23.81,24.11,23.87,0.24,1.0054,9456.5,22804.442
301004.SZ,20241216,102.37,106.5,101.65,105.43,102.5,2.93,2.8585,8886.49,92830.306
301005.SZ,20241216,31.8,32.0,30.89,31.1,32.0,-0.9,-2.8125,47513.7,148464.944
301006.SZ,20241216,15.3,15.74,15.21,15.67,15.3,0.37,2.4183,25715.5,40058.392
301007.SZ,20241216,18.86,19.29,18.04,18.2,18.82,-0.62,-3.2944,98636.98,182000.636
301008.SZ,20241216,22.01,22.55,21.22,21.36,22.08,-0.72,-3.2609,33899.52,73905.288
301009.SZ,20241216,10.99,12.42,10.87,12.42,10.35,2.07,20.0,196868.53,233003.313
301010.SZ,20241216,24.97,26.06,23.99,24.56,21.72,2.84,13.0755,208037.69,524009.084
301011.SZ,20241216,32.8,33.2,28.72,29.31,33.28,-3.97,-11.9291,184670.25,564043.67
301012.SZ,20241216,25.2,25.62,24.13,24.65,25.25,-0.6,-2.3762,92702.78,230697.082
301013.SZ,20241216,13.7,13.86,13.33,13.44,13.7,-0.26,-1.8978,68732.0,93060.192
301015.SZ,20241216,27.19,27.41,27.03,27.19,27.21,-0.02,-0.0735,15327.95,41675.445
301016.SZ,20241216,23.4,25.35,23.18,24.29,23.4,0.89,3.8034,83515.79,204829.182
301017.SZ,20241216,14.78,15.6,14.78,15.05,14.87,0.18,1.2105,137346.0,208309.432
301018.SZ,20241216,32.8,33.6,30.88,31.08,32.87,-1.79,-5.4457,117524.94,378532.325
301019.SZ,20241216,16.07,16.48,16.07,16.25,16.12,0.13,0.8065,23032.54,37508.382
301020.SZ,20241216,20.6,20.87,20.53,20.68,20.59,0.09,0.4371,12676.0,26200.63
301021.SZ,20241216,29.23,29.3,28.24,28.44,28.99,-0.55,-1.8972,45153.81,129780.312
301022.SZ,20241216,24.29,24.37,23.61,24.07,24.05,0.02,0.0832,15072.03,36177.075
301023.SZ,20241216,51.6,51.79,49.97,50.46,51.55,-1.09,-2.1145,12272.5,62337.942
301024.SZ,20241216,29.85,30.45,29.3,29.58,29.53,0.05,0.1693,15182.68,45499.08
301025.SZ,20241216,12.33,12.65,11.76,12.29,12.16,0.13,1.0691,206122.33,251891.577
301026.SZ,20241216,30.29,30.48,29.95,30.21,30.31,-0.1,-0.3299,11690.0,35308.802
301027.SZ,20241216,15.45,15.73,15.0,15.32,15.27,0.05,0.3274,65075.0,100192.396
301028.SZ,20241216,11.43,11.55,11.26,11.37,11.43,-0.06,-0.5249,29282.4,33292.967
301029.SZ,20241216,28.56,28.58,26.95,27.2,28.58,-1.38,-4.8286,116238.21,318636.513
301030.SZ,20241216,28.02,28.09,26.83,27.05,28.04,-0.99,-3.5307,54952.58,150834.811
301031.SZ,20241216,107.3,111.95,106.38,106.98,107.21,-0.23,-0.2145,7778.0,84850.086
301032.SZ,20241216,10.69,10.86,10.64,10.79,10.7,0.09,0.8411,29254.0,31491.986
301033.SZ,20241216,45.46,46.48,45.34,45.92,45.45,0.47,1.0341,6525.0,30026.804
301035.SZ,20241216,48.66,48.88,48.1,48.52,48.66,-0.14,-0.2877,5522.0,26718.873
301036.SZ,20241216,43.95,44.65,43.11,43.5,44.71,-1.21,-2.7063,28349.0,124283.734
301037.SZ,20241216,12.03,12.17,11.95,12.12,11.95,0.17,1.4226,21794.46,26315.554
301038.SZ,20241216,22.1,22.8,22.0,22.5,22.12,0.38,1.7179,46326.9,103667.364
301039.SZ,20241216,9.85,9.95,9.67,9.72,9.87,-0.15,-1.5198,127651.57,124681.789
301040.SZ,20241216,17.1,17.1,15.86,16.04,16.28,-0.24,-1.4742,28467.0,46127.174
301041.SZ,20241216,27.04,27.55,26.57,26.83,27.04,-0.21,-0.7766,31712.0,85732.927
301042.SZ,20241216,38.99,39.47,38.1,38.95,38.48,0.47,1.2214,19084.0,74413.043
301043.SZ,20241216,30.87,31.44,30.5,30.73,31.05,-0.32,-1.0306,10828.15,33503.452
301045.SZ,20241216,22.88,23.04,22.5,22.67,22.83,-0.16,-0.7008,18795.0,42642.85
301046.SZ,20241216,22.12,22.63,21.76,21.85,22.12,-0.27,-1.2206,14014.0,31034.885
301047.SZ,20241216,66.95,67.88,66.34,66.64,67.32,-0.68,-1.0101,9086.78,60854.747
301048.SZ,20241216,9.9,10.1,9.84,9.91,9.92,-0.01,-0.1008,37088.86,37016.169
301049.SZ,20241216,29.0,29.31,28.2,28.4,29.2,-0.8,-2.7397,21593.0,62062.132
301050.SZ,20241216,53.88,53.9,51.71,52.1,54.01,-1.91,-3.5364,72434.63,381421.231
301051.SZ,20241216,30.06,30.17,29.2,29.5,29.91,-0.41,-1.3708,20373.0,60263.529
301052.SZ,20241216,32.19,32.96,31.0,31.81,32.0,-0.19,-0.5938,135193.8,433072.565
301053.SZ,20241216,22.65,23.14,22.52,22.72,22.72,0.0,0.0,9331.28,21299.268
301055.SZ,20241216,16.32,16.71,16.15,16.3,16.2,0.1,0.6173,24192.21,39736.434
301056.SZ,20241216,9.34,9.46,9.22,9.33,9.33,0.0,0.0,23662.0,22167.605
301057.SZ,20241216,14.88,15.02,14.77,14.88,14.79,0.09,0.6085,33288.0,49604.469
301058.SZ,20241216,12.35,13.27,12.22,12.88,12.14,0.74,6.0956,433306.4,550221.068
301059.SZ,20241216,11.39,11.63,11.35,11.44,11.39,0.05,0.439,22305.81,25590.452
301060.SZ,20241216,10.89,11.18,10.86,10.98,10.88,0.1,0.9191,87803.98,96586.805
301061.SZ,20241216,53.85,54.97,53.52,54.34,53.85,0.49,0.9099,6671.95,36222.51
301062.SZ,20241216,13.76,14.18,13.48,13.81,13.7,0.11,0.8029,115653.27,160889.601
301063.SZ,20241216,18.22,18.6,18.07,18.2,18.2,0.0,0.0,18596.84,34096.215
301065.SZ,20241216,21.11,21.64,21.03,21.12,21.08,0.04,0.1898,13745.0,29253.5
301066.SZ,20241216,17.36,17.98,16.0,16.09,17.28,-1.19,-6.8866,224930.29,389650.683
301067.SZ,20241216,27.18,28.15,26.84,27.19,27.08,0.11,0.4062,29529.4,80620.991
301068.SZ,20241216,31.17,32.26,30.5,30.95,31.42,-0.47,-1.4959,5557.4,17392.414
301069.SZ,20241216,16.49,16.61,16.13,16.26,16.64,-0.38,-2.2837,69995.0,114544.977
301070.SZ,20241216,48.51,50.99,48.5,49.62,48.91,0.71,1.4516,18992.0,94892.904
301071.SZ,20241216,30.95,31.13,30.11,30.3,30.96,-0.66,-2.1318,52712.27,160075.493
301072.SZ,20241216,22.5,22.68,22.13,22.25,22.45,-0.2,-0.8909,12814.57,28691.662
301073.SZ,20241216,26.25,27.36,25.87,26.12,26.72,-0.6,-2.2455,103483.51,275344.603
301075.SZ,20241216,21.98,22.56,21.68,21.81,21.86,-0.05,-0.2287,13030.0,28680.386
301076.SZ,20241216,30.72,31.38,28.6,29.2,31.63,-2.43,-7.6826,151637.99,452484.138
301077.SZ,20241216,27.1,27.3,26.1,26.22,27.3,-1.08,-3.956,25293.29,67252.597
301078.SZ,20241216,13.26,13.96,13.09,13.32,13.48,-0.16,-1.1869,520656.96,703792.392
301079.SZ,20241216,18.46,18.69,18.0,18.12,18.33,-0.21,-1.1457,44455.0,81181.724
301080.SZ,20241216,45.7,46.5,45.39,45.65,46.16,-0.51,-1.1049,11188.47,51241.429
301081.SZ,20241216,9.55,9.83,9.5,9.58,9.56,0.02,0.2092,24128.0,23277.952
301082.SZ,20241216,15.5,15.73,14.85,15.06,15.52,-0.46,-2.9639,125137.0,190599.942
301083.SZ,20241216,16.09,16.26,15.5,15.89,15.97,-0.08,-0.5009,22268.0,35585.31
301085.SZ,20241216,73.52,74.97,66.66,67.78,72.95,-5.17,-7.087,100462.27,695728.091
301086.SZ,20241216,51.33,53.48,51.03,53.12,51.68,1.44,2.7864,26377.62,138837.523
301087.SZ,20241216,39.02,39.83,38.81,39.02,38.88,0.14,0.3601,21994.98,86306.622
301088.SZ,20241216,15.1,15.56,15.03,15.32,15.25,0.07,0.459,52178.95,80022.186
301089.SZ,20241216,33.05,33.8,32.62,32.8,33.05,-0.25,-0.7564,21145.05,70027.954
301090.SZ,20241216,7.8,7.83,7.61,7.67,7.76,-0.09,-1.1598,54211.0,41731.503
301091.SZ,20241216,50.66,53.52,49.89,51.7,51.8,-0.1,-0.1931,150942.5,783980.597
301092.SZ,20241216,25.61,26.31,25.58,25.82,25.69,0.13,0.506,10690.0,27679.63
301093.SZ,20241216,24.22,24.48,24.01,24.17,24.24,-0.07,-0.2888,11678.13,28322.096
301095.SZ,20241216,58.85,59.35,56.15,56.67,58.85,-2.18,-3.7043,46802.95,268056.987
301096.SZ,20241216,41.3,41.65,40.8,41.09,41.3,-0.21,-0.5085,24071.62,99060.434
301097.SZ,20241216,41.98,42.75,41.37,42.48,41.99,0.49,1.1669,9011.0,37878.626
301098.SZ,20241216,9.4,9.59,9.36,9.44,9.4,0.04,0.4255,53618.24,50891.361
301099.SZ,20241216,44.8,45.93,44.18,44.39,44.29,0.1,0.2258,30930.45,139648.341
301100.SZ,20241216,18.52,18.72,18.23,18.43,18.54,-0.11,-0.5933,17644.23,32509.391
301101.SZ,20241216,44.97,46.78,42.99,43.83,43.59,0.24,0.5506,117779.0,527929.995
301102.SZ,20241216,14.0,14.18,13.22,13.94,13.74,0.2,1.4556,177511.56,244834.294
301103.SZ,20241216,23.68,24.11,23.35,23.6,23.65,-0.05,-0.2114,10464.06,24822.342
301105.SZ,20241216,32.86,33.5,32.01,32.27,32.91,-0.64,-1.9447,8049.0,26313.438
301106.SZ,20241216,30.45,30.97,29.99,30.22,30.41,-0.19,-0.6248,13788.6,42039.792
301107.SZ,20241216,28.88,29.36,28.46,28.67,28.74,-0.07,-0.2436,12435.0,35941.438
301108.SZ,20241216,30.21,31.31,29.67,31.27,30.4,0.87,2.8618,19504.22,59700.673
301109.SZ,20241216,17.61,17.77,17.43,17.55,17.54,0.01,0.057,18874.0,33218.495
301110.SZ,20241216,50.1,54.0,49.35,51.2,49.6,1.6,3.2258,69265.52,359872.943
301111.SZ,20241216,18.68,18.99,17.89,17.99,18.67,-0.68,-3.6422,49810.0,91068.681
301112.SZ,20241216,27.41,28.28,26.86,27.31,27.46,-0.15,-0.5462,23995.0,65799.581
301113.SZ,20241216,29.88,30.39,28.28,28.74,29.67,-0.93,-3.1345,25813.76,75052.519
301115.SZ,20241216,15.45,15.6,15.34,15.46,15.34,0.12,0.7823,21161.0,32778.113
301116.SZ,20241216,15.29,15.94,14.92,15.39,15.3,0.09,0.5882,164879.11,254246.009
301117.SZ,20241216,34.85,35.58,34.43,34.69,35.01,-0.32,-0.914,34590.0,120770.177
301118.SZ,20241216,21.9,22.66,21.85,22.48,21.96,0.52,2.3679,61565.37,137337.387
301119.SZ,20241216,31.09,31.6,30.36,30.86,31.43,-0.57,-1.8136,24501.02,75657.92
301120.SZ,20241216,10.1,10.29,9.95,9.98,10.08,-0.1,-0.9921,39352.5,39676.795
301121.SZ,20241216,53.61,54.0,50.05,50.49,53.7,-3.21,-5.9777,32290.0,166587.919
301122.SZ,20241216,22.14,23.98,22.01,23.45,22.11,1.34,6.0606,60940.67,141618.557
301123.SZ,20241216,20.6,20.82,20.29,20.48,20.57,-0.09,-0.4375,29338.0,60317.334
301125.SZ,20241216,13.99,14.36,12.96,13.25,14.5,-1.25,-8.6207,208040.41,279303.006
301126.SZ,20241216,12.26,12.69,11.97,12.17,12.22,-0.05,-0.4092,77612.0,95102.472
301127.SZ,20241216,17.65,18.19,16.6,16.71,17.55,-0.84,-4.7863,266499.82,457038.759
301128.SZ,20241216,55.71,55.79,53.33,53.82,55.71,-1.89,-3.3926,17284.0,94070.492
301129.SZ,20241216,27.25,27.46,26.56,26.86,27.25,-0.39,-1.4312,20758.6,55900.525
301130.SZ,20241216,28.63,29.26,28.5,28.67,28.81,-0.14,-0.4859,11305.37,32529.737
301131.SZ,20241216,39.4,39.78,38.66,39.06,39.5,-0.44,-1.1139,14883.0,58327.525
301132.SZ,20241216,28.84,29.03,28.13,28.37,28.75,-0.38,-1.3217,21526.74,61589.747
301133.SZ,20241216,24.35,24.58,24.11,24.29,24.4,-0.11,-0.4508,11232.0,27267.037
301135.SZ,20241216,26.36,26.89,26.04,26.27,26.33,-0.06,-0.2279,16914.97,44827.972
301136.SZ,20241216,13.79,14.07,13.71,13.8,13.81,-0.01,-0.0724,40778.28,56650.438
301137.SZ,20241216,18.59,18.88,18.5,18.73,18.65,0.08,0.429,17122.0,32045.41
301138.SZ,20241216,29.9,30.85,29.52,30.02,29.9,0.12,0.4013,21230.94,63990.162
301139.SZ,20241216,24.8,25.04,24.33,24.56,24.75,-0.19,-0.7677,33760.55,83398.805
301141.SZ,20241216,41.2,41.58,39.8,40.0,41.5,-1.5,-3.6145,26121.24,105556.807
301148.SZ,20241216,20.53,20.81,20.36,20.58,20.45,0.13,0.6357,17671.49,36396.172
301149.SZ,20241216,10.63,10.81,10.5,10.56,10.62,-0.06,-0.565,37732.0,40210.73
301150.SZ,20241216,23.9,24.04,23.39,23.49,23.88,-0.39,-1.6332,18959.57,44869.654
301151.SZ,20241216,17.3,18.24,17.3,17.5,17.24,0.26,1.5081,41136.85,72398.567
301152.SZ,20241216,35.5,35.5,34.48,34.88,35.29,-0.41,-1.1618,26909.58,94189.105
301153.SZ,20241216,31.09,31.41,30.5,30.93,31.33,-0.4,-1.2767,38994.47,120737.968
301155.SZ,20241216,61.88,63.78,61.3,61.87,61.88,-0.01,-0.0162,19684.92,122992.015
301156.SZ,20241216,14.8,15.2,14.76,14.95,14.87,0.08,0.538,23984.56,35887.766
301157.SZ,20241216,43.4,45.96,42.11,45.1,43.4,1.7,3.9171,45386.87,201195.164
301158.SZ,20241216,15.2,15.49,15.16,15.29,15.2,0.09,0.5921,21834.0,33368.312
301159.SZ,20241216,37.45,38.68,36.21,37.48,37.3,0.18,0.4826,27246.0,101689.36
301160.SZ,20241216,67.13,67.91,65.8,66.17,67.91,-1.74,-2.5622,30640.73,204256.646
301161.SZ,20241216,21.06,21.44,20.93,21.19,21.06,0.13,0.6173,45719.0,96846.624
301162.SZ,20241216,44.88,46.95,44.46,46.4,44.45,1.95,4.387,48425.13,222479.646
301163.SZ,20241216,24.07,24.52,23.79,24.0,24.12,-0.12,-0.4975,13157.0,31659.575
301165.SZ,20241216,51.79,54.32,49.3,53.05,49.7,3.35,6.7404,83817.11,436828.454
301166.SZ,20241216,31.58,31.94,31.13,31.35,31.36,-0.01,-0.0319,10387.48,32809.371
301167.SZ,20241216,14.74,15.05,14.74,14.87,14.71,0.16,1.0877,38977.2,58039.011
301168.SZ,20241216,29.64,30.01,29.29,29.53,29.65,-0.12,-0.4047,14625.0,43405.529
301169.SZ,20241216,46.4,47.88,45.44,47.01,46.39,0.62,1.3365,31347.56,146698.988
301170.SZ,20241216,25.4,25.53,24.93,25.11,25.33,-0.22,-0.8685,14660.15,36938.925
301171.SZ,20241216,33.3,33.54,31.2,32.0,33.85,-1.85,-5.4653,466334.27,1493069.193
301172.SZ,20241216,31.41,31.7,30.41,30.77,31.69,-0.92,-2.9031,28223.63,87462.262
301175.SZ,20241216,5.5,5.62,5.49,5.51,5.48,0.03,0.5474,188551.84,104539.752
301176.SZ,20241216,20.3,20.9,20.3,20.54,20.49,0.05,0.244,33050.41,68124.713
301177.SZ,20241216,25.8,26.4,25.5,25.79,25.93,-0.14,-0.5399,28237.52,73099.48
301178.SZ,20241216,32.77,32.77,31.25,31.52,32.82,-1.3,-3.961,38925.2,123705.972
301179.SZ,20241216,18.87,19.49,18.64,18.87,18.95,-0.08,-0.4222,41902.55,79420.008
301180.SZ,20241216,17.33,17.65,17.0,17.09,17.55,-0.46,-2.6211,88995.0,153608.293
301181.SZ,20241216,23.62,23.62,22.53,23.56,23.12,0.44,1.9031,16597.9,38813.565
301182.SZ,20241216,37.8,40.24,37.52,38.94,37.18,1.76,4.7337,99049.39,384256.576
301183.SZ,20241216,55.3,57.1,53.58,54.37,55.65,-1.28,-2.3001,70695.52,391040.292
301185.SZ,20241216,19.87,20.0,19.18,19.44,19.82,-0.38,-1.9173,57589.92,112586.211
301186.SZ,20241216,42.71,44.23,41.52,41.94,42.58,-0.64,-1.5031,15264.6,64892.57
301187.SZ,20241216,30.26,31.58,29.33,29.5,29.23,0.27,0.9237,35871.44,108789.568
301188.SZ,20241216,17.1,17.29,16.69,16.84,17.2,-0.36,-2.093,46424.83,78445.722
301189.SZ,20241216,27.3,27.5,26.19,26.36,27.24,-0.88,-3.2305,29746.0,79225.498
301190.SZ,20241216,16.49,16.78,16.49,16.6,16.52,0.08,0.4843,9007.73,14966.271
301191.SZ,20241216,81.87,82.72,79.92,81.02,78.92,2.1,2.6609,24794.62,201857.89
301192.SZ,20241216,20.29,20.31,19.87,20.08,19.98,0.1,0.5005,15342.0,30763.842
301193.SZ,20241216,17.54,17.81,17.3,17.61,17.56,0.05,0.2847,12548.6,22105.117
301195.SZ,20241216,35.61,35.88,34.62,34.89,35.57,-0.68,-1.9117,21160.5,74541.475
301196.SZ,20241216,36.6,36.95,36.07,36.29,36.67,-0.38,-1.0363,8941.0,32543.736
301197.SZ,20241216,17.72,18.47,17.52,18.27,17.71,0.56,3.1621,87640.1,157661.563
301198.SZ,20241216,14.58,15.0,14.33,14.59,14.7,-0.11,-0.7483,120571.01,176706.642
301199.SZ,20241216,33.21,35.98,32.48,35.08,33.91,1.17,3.4503,112013.63,386506.497
301200.SZ,20241216,38.04,38.39,37.43,37.69,37.95,-0.26,-0.6851,14517.0,54937.545
301201.SZ,20241216,22.65,22.97,22.35,22.49,22.69,-0.2,-0.8814,17342.09,39318.193
301202.SZ,20241216,35.27,36.42,34.51,36.42,35.27,1.15,3.2606,69930.97,250627.037
301203.SZ,20241216,30.94,31.55,30.94,31.17,30.97,0.2,0.6458,7558.0,23664.212
301205.SZ,20241216,72.3,82.8,71.1,78.3,71.95,6.35,8.8256,97226.4,755032.875
301206.SZ,20241216,29.08,29.38,28.65,28.86,29.2,-0.34,-1.1644,18279.45,53071.824
301207.SZ,20241216,18.84,19.25,18.64,18.83,19.0,-0.17,-0.8947,46447.82,87770.837
301208.SZ,20241216,38.18,38.66,37.5,37.77,38.53,-0.76,-1.9725,24272.0,92086.15
301209.SZ,20241216,28.97,29.43,28.72,29.0,28.87,0.13,0.4503,10662.0,30963.861
301210.SZ,20241216,35.65,35.68,35.01,35.26,35.41,-0.15,-0.4236,8611.26,30410.497
301211.SZ,20241216,19.86,20.14,19.57,19.65,19.77,-0.12,-0.607,25171.2,49878.929
301212.SZ,20241216,23.5,24.07,23.41,23.6,23.51,0.09,0.3828,8275.0,19583.766
301213.SZ,20241216,44.17,45.67,43.46,43.87,44.65,-0.78,-1.7469,42602.44,190395.449
301215.SZ,20241216,6.55,6.6,6.47,6.52,6.58,-0.06,-0.9119,106310.67,69507.753
301216.SZ,20241216,11.15,11.26,11.03,11.08,11.15,-0.07,-0.6278,38777.0,43178.464
301217.SZ,20241216,11.02,11.09,10.82,10.91,10.99,-0.08,-0.7279,40807.0,44676.1
301218.SZ,20241216,24.62,24.85,24.0,24.26,25.04,-0.78,-3.115,49953.5,121264.571
301219.SZ,20241216,48.23,48.45,47.08,47.36,48.3,-0.94,-1.9462,31294.68,149285.278
301220.SZ,20241216,35.99,37.8,35.5,36.25,35.7,0.55,1.5406,24922.0,91691.579
301221.SZ,20241216,53.5,54.06,52.6,53.41,53.35,0.06,0.1125,22680.92,121100.932
301222.SZ,20241216,28.24,29.16,27.99,28.54,28.1,0.44,1.5658,12479.0,35563.035
301223.SZ,20241216,17.76,17.97,17.71,17.84,17.72,0.12,0.6772,10173.0,18161.286
301225.SZ,20241216,29.0,30.1,28.7,29.29,29.0,0.29,1.0,18487.24,54512.957
301226.SZ,20241216,26.6,26.6,25.79,26.08,26.58,-0.5,-1.8811,38081.75,99603.974
301227.SZ,20241216,19.9,20.78,19.5,19.73,20.01,-0.28,-1.3993,31691.36,63439.083
301228.SZ,20241216,14.18,15.55,14.11,14.78,14.27,0.51,3.5739,92942.0,136523.915
301229.SZ,20241216,23.82,25.2,23.5,23.73,23.82,-0.09,-0.3778,46059.6,111712.963
301230.SZ,20241216,26.84,27.95,26.84,27.62,26.98,0.64,2.3721,54059.56,149119.042
301231.SZ,20241216,23.79,24.48,22.25,23.08,22.61,0.47,2.0787,140654.49,326697.592
301232.SZ,20241216,29.1,31.39,29.03,30.77,29.1,1.67,5.7388,52700.93,160679.39
301233.SZ,20241216,49.98,50.12,48.84,49.1,49.72,-0.62,-1.247,11398.44,56328.715
301234.SZ,20241216,29.1,29.66,28.96,29.22,29.24,-0.02,-0.0684,10242.18,29961.05
301235.SZ,20241216,21.76,22.12,21.7,21.85,21.72,0.13,0.5985,12006.0,26273.312
301236.SZ,20241216,61.85,63.11,60.25,60.83,62.2,-1.37,-2.2026,315410.14,1932636.643
301237.SZ,20241216,25.68,26.11,25.57,26.11,25.66,0.45,1.7537,5998.0,15515.34
301238.SZ,20241216,16.9,16.97,16.63,16.78,16.91,-0.13,-0.7688,46554.0,78221.111
301239.SZ,20241216,53.99,54.26,51.05,52.33,54.27,-1.94,-3.5747,39385.38,204713.533
301246.SZ,20241216,15.32,15.71,15.04,15.18,15.3,-0.12,-0.7843,54511.55,83661.147
301248.SZ,20241216,18.15,18.59,17.62,17.95,17.83,0.12,0.673,81395.5,147938.771
301251.SZ,20241216,35.28,35.8,34.17,34.6,35.25,-0.65,-1.844,41518.21,145253.028
301252.SZ,20241216,28.81,29.45,28.72,29.11,28.85,0.26,0.9012,14967.65,43487.706
301255.SZ,20241216,36.59,36.95,35.5,35.99,36.82,-0.83,-2.2542,26065.99,93979.047
301256.SZ,20241216,8.5,8.6,8.47,8.53,8.48,0.05,0.5896,38364.0,32758.625
301257.SZ,20241216,31.06,31.3,30.59,30.91,31.03,-0.12,-0.3867,14088.2,43647.502
301258.SZ,20241216,27.9,28.31,27.51,27.62,27.72,-0.1,-0.3608,13715.0,38189.175
301259.SZ,20241216,50.0,51.9,46.3,47.3,45.89,1.41,3.0726,64604.36,319322.842
301260.SZ,20241216,14.67,14.74,14.35,14.43,14.63,-0.2,-1.3671,25485.74,37052.736
301261.SZ,20241216,44.37,51.2,43.33,46.82,44.59,2.23,5.0011,63199.27,291600.514
301262.SZ,20241216,29.51,29.99,28.22,29.41,29.16,0.25,0.8573,70228.31,203472.974
301263.SZ,20241216,15.43,15.98,15.43,15.75,15.43,0.32,2.0739,67424.0,105811.434
301265.SZ,20241216,9.85,10.18,9.85,10.02,9.85,0.17,1.7259,41672.71,41881.061
301266.SZ,20241216,39.5,39.5,38.4,38.79,39.52,-0.73,-1.8472,27736.32,107609.435
301267.SZ,20241216,21.59,21.75,21.3,21.41,21.69,-0.28,-1.2909,36959.49,79371.53
301268.SZ,20241216,19.28,19.28,18.75,18.91,19.15,-0.24,-1.2533,29957.16,56595.383
301269.SZ,20241216,126.6,127.94,122.9,123.65,128.14,-4.49,-3.504,70335.56,875585.203
301270.SZ,20241216,43.7,44.58,41.55,42.8,42.95,-0.15,-0.3492,99761.08,426854.008
301272.SZ,20241216,38.31,39.11,38.2,38.42,38.46,-0.04,-0.104,8820.08,33953.038
301273.SZ,20241216,20.64,21.17,20.6,20.75,20.62,0.13,0.6305,10355.0,21521.216
301276.SZ,20241216,22.37,24.1,22.37,23.22,22.37,0.85,3.7997,61059.47,142817.897
301277.SZ,20241216,15.33,15.58,15.17,15.26,15.2,0.06,0.3947,32416.39,49790.135
301278.SZ,20241216,37.27,37.87,36.7,37.0,37.29,-0.29,-0.7777,11324.6,42159.514
301279.SZ,20241216,22.98,23.48,22.86,23.24,22.92,0.32,1.3962,17219.54,39839.577
301280.SZ,20241216,45.07,45.5,43.82,44.12,45.83,-1.71,-3.7312,25082.77,111801.146
301281.SZ,20241216,34.23,34.85,33.85,34.03,34.38,-0.35,-1.018,19136.0,65426.312
301282.SZ,20241216,22.6,22.92,22.35,22.5,22.47,0.03,0.1335,24664.0,55845.614
301283.SZ,20241216,28.82,29.7,28.82,29.64,28.88,0.76,2.6316,26378.48,77434.772
301285.SZ,20241216,29.97,30.42,29.11,29.64,29.98,-0.34,-1.1341,37144.0,109942.311
301286.SZ,20241216,34.87,35.68,34.21,34.5,34.8,-0.3,-0.8621,8714.0,30283.134
301287.SZ,20241216,33.46,35.58,33.2,33.3,32.4,0.9,2.7778,46570.94,160548.729
301288.SZ,20241216,18.87,18.94,18.41,18.65,18.82,-0.17,-0.9033,28720.27,53664.339
301289.SZ,20241216,52.43,53.24,50.03,50.51,52.36,-1.85,-3.5332,28939.22,148315.454
301290.SZ,20241216,26.58,27.0,26.08,26.31,26.7,-0.39,-1.4607,13591.58,36065.298
301291.SZ,20241216,44.23,46.77,43.0,43.21,44.46,-1.25,-2.8115,29863.52,133391.819
301292.SZ,20241216,14.91,15.2,14.87,15.07,14.96,0.11,0.7353,17989.0,26898.502
301293.SZ,20241216,47.6,50.98,47.2,49.38,47.75,1.63,3.4136,146005.59,719546.328
301295.SZ,20241216,23.5,23.95,23.48,23.79,23.4,0.39,1.6667,14193.6,33587.302
301296.SZ,20241216,10.2,10.33,9.95,10.06,10.23,-0.17,-1.6618,76560.34,77494.252
301297.SZ,20241216,48.88,49.95,48.33,49.89,48.72,1.17,2.4015,161049.84,794993.372
301298.SZ,20241216,14.79,15.0,14.7,14.83,14.82,0.01,0.0675,22451.78,33408.339
301299.SZ,20241216,62.88,65.68,61.53,63.67,61.75,1.92,3.1093,66563.15,424189.567
301300.SZ,20241216,29.67,29.85,29.3,29.53,29.43,0.1,0.3398,11960.35,35322.431
301301.SZ,20241216,12.81,12.97,12.6,12.64,12.91,-0.27,-2.0914,280409.75,357306.185
301302.SZ,20241216,26.58,27.0,25.21,25.45,26.61,-1.16,-4.3593,113737.0,294394.883
301303.SZ,20241216,15.91,16.1,15.59,15.7,15.9,-0.2,-1.2579,31303.24,49413.495
301305.SZ,20241216,18.72,18.88,18.38,18.55,18.71,-0.16,-0.8552,16034.61,29858.948
301306.SZ,20241216,44.38,45.52,43.23,43.53,44.56,-1.03,-2.3115,30203.87,133851.991
301307.SZ,20241216,23.45,23.8,23.07,23.26,23.45,-0.19,-0.8102,31150.77,72904.517
301308.SZ,20241216,90.5,92.3,87.55,88.06,91.45,-3.39,-3.7069,82474.69,740347.378
301309.SZ,20241216,26.32,26.69,26.13,26.39,26.32,0.07,0.266,9190.58,24222.891
301310.SZ,20241216,27.71,28.7,27.4,27.6,27.8,-0.2,-0.7194,29151.02,81133.817
301311.SZ,20241216,20.38,20.56,19.98,20.13,20.43,-0.3,-1.4684,29694.52,60016.165
301312.SZ,20241216,50.91,51.08,49.36,49.72,50.83,-1.11,-2.1837,17543.43,87950.432
301313.SZ,20241216,28.7,28.76,26.8,27.29,27.67,-0.38,-1.3733,147667.46,409368.335
301314.SZ,20241216,40.38,41.15,40.17,40.31,40.25,0.06,0.1491,10081.5,40863.58
301315.SZ,20241216,51.05,51.22,49.39,50.5,51.02,-0.52,-1.0192,31954.37,160698.176
301316.SZ,20241216,25.45,26.54,24.13,26.11,25.08,1.03,4.1069,480830.7,1218369.482
301317.SZ,20241216,23.69,23.95,22.32,22.52,23.69,-1.17,-4.9388,25211.11,58155.345
301318.SZ,20241216,34.0,34.59,33.02,33.31,33.91,-0.6,-1.7694,42446.54,142804.381
301319.SZ,20241216,32.92,32.95,32.32,32.61,32.79,-0.18,-0.5489,8200.15,26763.622
301320.SZ,20241216,17.58,18.45,17.38,17.43,17.14,0.29,1.6919,170349.05,305017.238
301321.SZ,20241216,16.9,17.17,16.68,16.79,17.01,-0.22,-1.2934,26801.2,45303.568
301322.SZ,20241216,25.94,26.09,25.61,25.94,25.94,0.0,0.0,14384.58,37037.59
301323.SZ,20241216,40.8,41.79,39.7,40.05,40.82,-0.77,-1.8863,19691.48,80176.733
301325.SZ,20241216,52.68,53.35,51.0,51.49,52.93,-1.44,-2.7206,37815.8,196320.583
301326.SZ,20241216,76.95,78.9,71.43,73.2,76.97,-3.77,-4.898,28732.27,214244.701
301327.SZ,20241216,83.0,84.26,82.32,83.06,83.1,-0.04,-0.0481,4985.8,41441.005
301328.SZ,20241216,41.15,42.4,40.7,41.45,41.23,0.22,0.5336,21686.0,90095.143
301329.SZ,20241216,20.52,20.99,20.18,20.35,20.58,-0.23,-1.1176,24489.21,50082.585
301330.SZ,20241216,29.9,29.99,28.71,28.94,29.6,-0.66,-2.2297,41409.05,120949.839
301331.SZ,20241216,25.66,26.35,25.41,26.0,25.68,0.32,1.2461,16891.42,44050.503
301332.SZ,20241216,11.34,11.56,11.14,11.2,11.34,-0.14,-1.2346,69332.66,78585.449
301333.SZ,20241216,55.04,55.67,54.53,54.7,55.3,-0.6,-1.085,5861.2,32315.075
301335.SZ,20241216,25.88,26.33,24.76,25.01,26.41,-1.4,-5.301,81567.45,207126.239
301336.SZ,20241216,40.07,42.9,39.68,40.9,39.49,1.41,3.5705,31448.29,129249.578
301337.SZ,20241216,36.03,38.0,35.67,36.3,35.21,1.09,3.0957,120846.93,446766.927
301338.SZ,20241216,35.46,35.55,34.34,34.63,35.44,-0.81,-2.2856,13518.8,47169.729
301339.SZ,20241216,20.97,21.04,20.55,20.69,20.97,-0.28,-1.3352,41805.0,86777.499
301345.SZ,20241216,62.2,63.77,60.21,60.4,62.12,-1.72,-2.7688,7179.0,44350.354
301348.SZ,20241216,29.4,30.15,28.55,30.12,29.4,0.72,2.449,153353.55,452702.981
301349.SZ,20241216,31.94,32.2,30.87,31.03,31.99,-0.96,-3.0009,20978.07,65914.923
301353.SZ,20241216,35.96,35.96,32.88,33.55,36.46,-2.91,-7.9813,89750.76,303721.854
301355.SZ,20241216,12.99,13.23,12.93,13.12,12.92,0.2,1.548,48238.97,63247.75
301356.SZ,20241216,18.95,19.19,18.74,19.07,18.89,0.18,0.9529,8836.58,16764.816
301357.SZ,20241216,38.13,38.17,36.65,36.98,38.05,-1.07,-2.8121,17749.59,66407.76
301358.SZ,20241216,47.3,47.59,44.74,45.12,47.33,-2.21,-4.6693,131960.71,600938.796
301359.SZ,20241216,25.4,25.76,25.0,25.25,25.45,-0.2,-0.7859,14246.0,36038.116
301360.SZ,20241216,59.45,63.0,58.66,59.05,60.05,-1.0,-1.6653,44996.35,274565.888
301361.SZ,20241216,27.7,28.01,27.22,27.68,27.67,0.01,0.0361,10888.0,30087.524
301362.SZ,20241216,43.5,43.68,42.61,42.94,42.8,0.14,0.3271,6636.0,28655.246
301363.SZ,20241216,32.37,32.45,31.68,31.9,32.6,-0.7,-2.1472,18766.06,59919.715
301365.SZ,20241216,15.89,16.12,15.68,15.8,15.83,-0.03,-0.1895,29626.73,47252.34
301366.SZ,20241216,47.0,49.54,46.81,49.3,47.19,2.11,4.4713,85500.54,415688.633
301367.SZ,20241216,69.1,70.3,68.35,69.77,69.34,0.43,0.6201,7708.5,53543.566
301368.SZ,20241216,54.0,54.8,52.33,52.8,54.86,-2.06,-3.755,96923.0,515022.599
301369.SZ,20241216,59.2,59.95,57.76,58.19,59.19,-1.0,-1.6895,13907.5,81544.843
301370.SZ,20241216,12.15,12.71,12.15,12.31,12.15,0.16,1.3169,105305.56,130444.599
301371.SZ,20241216,37.47,38.44,37.43,37.82,37.72,0.1,0.2651,21943.1,83319.615
301372.SZ,20241216,24.63,26.78,24.55,26.46,24.35,2.11,8.6653,69548.89,180075.864
301373.SZ,20241216,27.65,28.36,27.65,28.05,27.78,0.27,0.9719,6509.56,18277.238
301376.SZ,20241216,21.83,21.85,20.9,21.26,22.0,-0.74,-3.3636,44936.31,95518.103
301377.SZ,20241216,21.3,21.8,20.73,20.97,21.27,-0.3,-1.4104,33529.62,71028.058
301378.SZ,20241216,32.86,33.38,32.1,32.39,33.08,-0.69,-2.0859,22760.71,73998.554
301379.SZ,20241216,21.14,22.6,20.98,21.6,21.14,0.46,2.176,97681.8,212636.023
301380.SZ,20241216,50.0,50.0,46.03,46.94,49.77,-2.83,-5.6862,49959.78,238300.921
301381.SZ,20241216,26.53,27.05,25.97,26.02,26.77,-0.75,-2.8016,46944.3,124160.995
301382.SZ,20241216,33.87,34.03,31.52,31.85,33.93,-2.08,-6.1303,302091.07,976226.549
301383.SZ,20241216,45.66,46.03,41.07,41.56,46.59,-5.03,-10.7963,167261.19,718547.373
301386.SZ,20241216,23.52,25.13,23.32,24.97,23.52,1.45,6.165,99895.92,241967.642
301387.SZ,20241216,34.91,35.27,33.99,34.19,34.88,-0.69,-1.9782,25589.2,88417.086
301388.SZ,20241216,26.3,26.58,26.05,26.4,26.1,0.3,1.1494,30255.2,79536.075
301389.SZ,20241216,17.12,17.29,16.88,17.01,17.12,-0.11,-0.6425,20348.85,34754.534
301390.SZ,20241216,33.27,33.8,32.78,33.12,33.1,0.02,0.0604,12808.0,42635.442
301391.SZ,20241216,44.43,46.0,43.35,44.35,43.34,1.01,2.3304,65921.37,294382.133
301392.SZ,20241216,69.5,73.03,68.32,72.83,69.73,3.1,4.4457,32124.16,229602.405
301393.SZ,20241216,46.37,46.8,46.06,46.36,46.37,-0.01,-0.0216,9724.98,45208.118
301395.SZ,20241216,12.45,12.63,12.39,12.48,12.43,0.05,0.4023,18472.69,23160.141
301396.SZ,20241216,27.9,28.36,27.18,27.52,27.9,-0.38,-1.362,33563.99,93104.611
301397.SZ,20241216,28.84,30.4,28.84,29.47,28.5,0.97,3.4035,30376.79,89685.584
301398.SZ,20241216,53.5,54.38,51.7,52.32,54.16,-1.84,-3.3973,26193.04,138649.729
301399.SZ,20241216,24.5,24.68,24.01,24.22,24.87,-0.65,-2.6136,28067.05,68239.048
301408.SZ,20241216,13.32,13.81,12.97,13.14,13.32,-0.18,-1.3514,118918.18,157794.804
301413.SZ,20241216,59.3,59.49,57.5,57.89,59.35,-1.46,-2.46,22114.17,128860.936
301418.SZ,20241216,37.78,38.09,37.2,37.53,37.83,-0.3,-0.793,9060.24,34113.505
301419.SZ,20241216,32.6,32.99,31.76,32.3,32.85,-0.55,-1.6743,29317.75,95041.497
301421.SZ,20241216,53.52,53.99,51.06,51.4,54.0,-2.6,-4.8148,37950.0,197943.845
301428.SZ,20241216,36.66,37.38,35.3,36.21,36.52,-0.31,-0.8488,59839.33,218064.411
301429.SZ,20241216,18.05,18.5,17.94,18.29,18.07,0.22,1.2175,18152.23,33204.54
301439.SZ,20241216,13.97,14.32,13.89,14.05,13.95,0.1,0.7168,28840.82,40699.205
301446.SZ,20241216,22.88,23.65,22.8,23.63,22.79,0.84,3.6858,41192.66,96283.657
301448.SZ,20241216,23.43,23.8,22.7,22.91,23.35,-0.44,-1.8844,22038.3,51169.485
301456.SZ,20241216,25.96,26.49,25.57,25.88,25.94,-0.06,-0.2313,16812.0,43702.584
301459.SZ,20241216,42.9,44.83,41.55,41.97,42.76,-0.79,-1.8475,39065.84,167091.36
301468.SZ,20241216,23.74,23.87,23.5,23.63,23.71,-0.08,-0.3374,6664.54,15775.128
301469.SZ,20241216,27.5,28.44,27.44,27.58,28.15,-0.57,-2.0249,37856.93,105515.867
301486.SZ,20241216,47.22,48.74,45.67,47.2,46.61,0.59,1.2658,40354.0,190835.613
301487.SZ,20241216,27.5,29.53,27.4,28.76,27.84,0.92,3.3046,261518.39,749106.016
301488.SZ,20241216,61.5,61.67,60.52,60.99,61.67,-0.68,-1.1026,12334.36,75260.219
301489.SZ,20241216,66.85,67.3,64.48,65.05,66.69,-1.64,-2.4591,14407.28,94548.335
301498.SZ,20241216,69.5,72.29,68.61,69.47,69.74,-0.27,-0.3872,39269.0,274939.656
301499.SZ,20241216,28.26,28.54,27.18,27.48,28.38,-0.9,-3.1712,31633.03,87771.719
301500.SZ,20241216,19.52,19.68,19.19,19.35,19.58,-0.23,-1.1747,19181.9,37256.323
301502.SZ,20241216,45.62,49.5,45.45,47.16,45.8,1.36,2.9694,26902.18,128681.897
301503.SZ,20241216,36.0,36.28,35.2,35.45,36.18,-0.73,-2.0177,10760.0,38364.204
301505.SZ,20241216,27.32,27.56,27.02,27.18,27.36,-0.18,-0.6579,20231.0,55180.042
301507.SZ,20241216,14.05,14.5,14.05,14.2,13.9,0.3,2.1583,129914.71,185814.87
301508.SZ,20241216,37.66,39.16,37.65,38.63,37.85,0.78,2.0608,71127.58,275412.59
301509.SZ,20241216,30.04,30.72,29.68,29.8,30.26,-0.46,-1.5202,20190.1,60880.266
301510.SZ,20241216,30.09,30.29,29.26,29.42,30.44,-1.02,-3.3509,89169.53,264433.123
301511.SZ,20241216,14.58,14.6,13.92,14.07,14.61,-0.54,-3.6961,124958.43,177392.573
301512.SZ,20241216,46.23,46.95,44.9,45.28,46.05,-0.77,-1.6721,10061.41,46017.186
301515.SZ,20241216,20.79,21.04,20.56,20.7,20.73,-0.03,-0.1447,16348.41,34026.786
301516.SZ,20241216,18.68,19.38,18.67,18.89,18.74,0.15,0.8004,48654.9,92496.288
301517.SZ,20241216,56.3,57.99,55.59,57.95,56.24,1.71,3.0405,38863.29,222433.597
301518.SZ,20241216,18.35,18.79,18.35,18.58,18.31,0.27,1.4746,13261.37,24646.143
301519.SZ,20241216,14.19,14.46,14.12,14.31,14.21,0.1,0.7037,21788.16,31189.04
301520.SZ,20241216,42.9,43.2,42.08,42.38,42.5,-0.12,-0.2824,7794.83,33257.416
301522.SZ,20241216,41.09,41.74,40.48,41.42,41.19,0.23,0.5584,45080.61,185257.959
301525.SZ,20241216,64.0,64.0,61.38,61.94,64.06,-2.12,-3.3094,13757.14,85841.412
301526.SZ,20241216,4.37,4.39,4.24,4.27,4.4,-0.13,-2.9545,433493.69,185817.433
301528.SZ,20241216,44.95,45.74,44.53,45.37,44.93,0.44,0.9793,7419.61,33571.291
301529.SZ,20241216,33.35,33.97,33.3,33.52,33.46,0.06,0.1793,8801.0,29579.874
301533.SZ,20241216,33.6,35.34,33.6,34.04,33.68,0.36,1.0689,46235.65,158902.307
301536.SZ,20241216,58.57,58.7,53.26,53.6,59.06,-5.46,-9.2448,118915.6,659890.869
301538.SZ,20241216,81.84,82.41,80.72,81.13,82.41,-1.28,-1.5532,6938.38,56344.476
301539.SZ,20241216,20.47,20.61,20.09,20.28,20.41,-0.13,-0.6369,17339.66,35203.905
301548.SZ,20241216,45.75,46.22,44.88,45.32,45.81,-0.49,-1.0696,9600.09,43792.886
301550.SZ,20241216,75.94,77.32,72.44,73.47,76.0,-2.53,-3.3289,52244.1,389804.257
301551.SZ,20241216,63.1,67.65,60.92,65.39,63.01,2.38,3.7772,65110.39,417421.491
301552.SZ,20241216,56.78,57.21,56.08,56.44,56.52,-0.08,-0.1415,8652.0,48933.333
301555.SZ,20241216,28.67,29.28,27.6,27.93,28.66,-0.73,-2.5471,45262.2,128525.738
301556.SZ,20241216,107.94,115.99,104.28,112.01,109.03,2.98,2.7332,44994.02,490456.302
301558.SZ,20241216,10.53,11.08,10.32,10.97,10.48,0.49,4.6756,456416.0,490998.764
301559.SZ,20241216,16.41,16.54,16.2,16.29,16.4,-0.11,-0.6707,21017.14,34408.893
301565.SZ,20241216,24.75,25.39,24.55,24.76,24.79,-0.03,-0.121,54318.0,136050.597
301566.SZ,20241216,20.1,20.8,19.94,20.63,20.13,0.5,2.4839,104926.87,214981.814
301567.SZ,20241216,48.89,49.46,47.57,47.95,49.19,-1.24,-2.5208,12927.76,62598.391
301568.SZ,20241216,36.0,37.0,35.48,36.2,36.0,0.2,0.5556,26569.69,96376.022
301571.SZ,20241216,46.2,46.76,45.47,45.7,46.8,-1.1,-2.3504,23181.49,106427.097
301577.SZ,20241216,68.84,74.84,65.98,67.39,65.1,2.29,3.5177,42470.22,299038.02
301578.SZ,20241216,56.6,56.84,55.45,56.36,56.88,-0.52,-0.9142,11487.35,64621.802
301580.SZ,20241216,59.69,60.55,58.96,59.34,59.98,-0.64,-1.067,6005.0,35872.698
301586.SZ,20241216,57.4,60.48,57.0,58.35,57.77,0.58,1.004,16545.93,97512.253
301587.SZ,20241216,27.79,30.95,27.76,28.31,27.18,1.13,4.1575,67857.37,196073.476
301588.SZ,20241216,23.24,23.77,23.0,23.16,23.27,-0.11,-0.4727,18799.94,43839.339
301589.SZ,20241216,184.0,189.88,178.23,178.6,185.69,-7.09,-3.8182,17049.43,314215.835
301591.SZ,20241216,41.3,41.78,39.98,40.33,41.59,-1.26,-3.0296,27696.62,112346.756
301592.SZ,20241216,171.11,174.0,167.0,169.69,172.75,-3.06,-1.7713,21431.85,362804.497
301596.SZ,20241216,108.98,108.98,104.21,105.8,109.21,-3.41,-3.1224,13491.0,143247.509
301600.SZ,20241216,128.06,129.77,120.8,125.82,127.01,-1.19,-0.9369,27803.28,344176.899
301603.SZ,20241216,44.9,45.2,44.57,44.81,44.91,-0.1,-0.2227,14150.86,63559.523
301606.SZ,20241216,36.32,36.6,35.62,35.89,36.68,-0.79,-2.1538,25392.7,91487.503
301607.SZ,20241216,39.86,40.3,39.3,39.65,40.1,-0.45,-1.1222,10164.03,40354.177
301608.SZ,20241216,69.4,70.0,68.3,69.5,69.6,-0.1,-0.1437,16665.72,115076.603
301611.SZ,20241216,62.43,63.35,61.8,62.3,62.9,-0.6,-0.9539,33615.0,209262.839
301613.SZ,20241216,63.77,65.58,63.3,64.28,63.77,0.51,0.7997,13400.62,86407.519
301617.SZ,20241216,63.1,68.81,62.52,65.48,64.2,1.28,1.9938,94547.86,618026.481
301618.SZ,20241216,106.5,107.43,104.4,105.76,105.6,0.16,0.1515,7476.45,79030.889
301622.SZ,20241216,67.88,69.49,66.6,68.28,68.08,0.2,0.2938,64737.83,439901.009
301626.SZ,20241216,103.74,105.28,99.0,101.02,105.27,-4.25,-4.0372,20322.84,204662.483
301628.SZ,20241216,81.8,83.54,81.64,82.46,82.3,0.16,0.1944,11216.95,92417.989
301631.SZ,20241216,125.38,131.47,122.34,127.88,125.14,2.74,2.1895,21837.73,277120.744
301633.SZ,20241216,90.98,94.0,89.46,92.3,91.1,1.2,1.3172,12821.34,117364.966
302132.SZ,20241216,71.19,71.47,69.2,69.22,71.77,-2.55,-3.553,107481.14,752552.412
