ts_code,trade_date,open,high,low,close,pre_close,change,pct_chg,vol,amount
300001.SZ,20240227,19.1,19.49,18.95,19.49,19.16,0.33,1.7223,132151.45,255387.034
300002.SZ,20240227,10.63,11.42,10.59,11.41,10.77,0.64,5.9424,1659545.51,1843330.75
300003.SZ,20240227,14.71,14.98,14.64,14.98,14.81,0.17,1.1479,169408.03,250595.127
300004.SZ,20240227,4.75,4.83,4.71,4.82,4.75,0.07,1.4737,65895.0,31503.748
300005.SZ,20240227,5.18,5.32,5.15,5.32,5.19,0.13,2.5048,115130.5,60359.206
300006.SZ,20240227,2.76,2.93,2.76,2.91,2.87,0.04,1.3937,277982.51,79196.847
300007.SZ,20240227,16.36,17.21,16.16,16.93,16.49,0.44,2.6683,202729.27,339975.822
300008.SZ,20240227,3.68,3.78,3.65,3.78,3.7,0.08,2.1622,386657.88,144041.312
300009.SZ,20240227,9.72,9.89,9.66,9.85,9.67,0.18,1.8614,147309.78,143594.215
300010.SZ,20240227,2.33,2.36,2.28,2.34,2.32,0.02,0.8621,177337.32,41176.029
300011.SZ,20240227,5.96,6.25,5.95,6.25,6.05,0.2,3.3058,115243.16,70676.374
300012.SZ,20240227,12.99,13.14,12.73,13.14,13.05,0.09,0.6897,280440.61,362559.475
300013.SZ,20240227,2.78,3.41,2.74,3.23,2.84,0.39,13.7324,660408.37,211533.85
300014.SZ,20240227,35.8,36.65,35.68,36.65,35.95,0.7,1.9471,216896.14,784666.263
300015.SZ,20240227,14.35,14.55,14.26,14.55,14.43,0.12,0.8316,680196.66,979527.202
300016.SZ,20240227,5.13,5.22,5.04,5.2,5.11,0.09,1.7613,101956.9,52351.497
300017.SZ,20240227,8.89,10.69,8.84,10.3,8.92,1.38,15.4709,2383494.48,2331334.177
300018.SZ,20240227,5.01,5.12,4.97,5.12,5.01,0.11,2.1956,86407.0,43523.859
300019.SZ,20240227,14.01,14.2,13.8,14.19,14.02,0.17,1.2126,33227.63,46654.73
300020.SZ,20240227,6.8,7.03,6.68,7.03,6.75,0.28,4.1481,415516.34,284600.809
300021.SZ,20240227,3.96,4.06,3.94,4.06,3.98,0.08,2.0101,83466.98,33495.147
300022.SZ,20240227,4.1,4.24,4.05,4.18,4.13,0.05,1.2107,155649.85,64358.346
300024.SZ,20240227,12.25,12.4,11.9,12.39,12.55,-0.16,-1.2749,1011794.98,1228513.219
300025.SZ,20240227,8.26,8.49,8.13,8.49,8.24,0.25,3.034,121227.28,101339.376
300026.SZ,20240227,3.98,4.06,3.96,4.06,4.01,0.05,1.2469,476977.41,191751.111
300027.SZ,20240227,2.13,2.22,2.11,2.22,2.14,0.08,3.7383,658561.04,143740.552
300029.SZ,20240227,4.91,5.04,4.9,5.02,4.97,0.05,1.006,25807.12,12890.658
300030.SZ,20240227,5.3,5.6,5.24,5.58,5.34,0.24,4.4944,119504.89,64977.287
300031.SZ,20240227,15.33,16.24,15.24,16.24,15.5,0.74,4.7742,270706.98,429139.449
300032.SZ,20240227,4.67,4.86,4.61,4.84,4.81,0.03,0.6237,534866.26,255278.07
300033.SZ,20240227,127.0,135.5,126.62,135.45,130.09,5.36,4.1202,128806.87,1687275.062
300034.SZ,20240227,16.16,16.7,16.15,16.68,16.31,0.37,2.2685,109156.87,179499.108
300035.SZ,20240227,8.97,9.2,8.88,9.17,9.01,0.16,1.7758,109944.98,99876.859
300036.SZ,20240227,16.59,17.48,16.52,17.48,16.73,0.75,4.483,167602.86,286100.056
300037.SZ,20240227,42.51,42.51,40.96,41.72,42.83,-1.11,-2.5916,158151.68,654248.853
300039.SZ,20240227,6.32,6.43,6.29,6.42,6.33,0.09,1.4218,262331.85,167229.946
300040.SZ,20240227,4.38,4.48,4.36,4.48,4.39,0.09,2.0501,84792.29,37579.728
300041.SZ,20240227,8.69,8.89,8.6,8.87,8.73,0.14,1.6037,94656.19,83208.988
300042.SZ,20240227,29.99,33.4,29.8,33.15,30.45,2.7,8.867,141868.96,454134.623
300043.SZ,20240227,2.96,3.07,2.93,3.07,2.98,0.09,3.0201,384044.02,115757.67
300044.SZ,20240227,5.38,5.62,5.21,5.54,5.48,0.06,1.0949,1046855.72,567963.479
300045.SZ,20240227,20.14,23.1,19.92,22.28,20.13,2.15,10.6806,1076736.96,2296227.599
300046.SZ,20240227,12.17,12.69,11.99,12.68,12.17,0.51,4.1906,53887.77,66639.308
300047.SZ,20240227,7.27,7.77,7.22,7.77,7.35,0.42,5.7143,514559.96,386152.335
300048.SZ,20240227,4.65,4.68,4.62,4.68,4.65,0.03,0.6452,75115.03,34890.547
300049.SZ,20240227,43.73,44.44,42.8,43.66,42.58,1.08,2.5364,51214.71,223495.682
300050.SZ,20240227,3.43,3.61,3.38,3.6,3.48,0.12,3.4483,298523.59,104838.026
300051.SZ,20240227,9.53,9.85,9.32,9.78,9.52,0.26,2.7311,43804.67,41989.216
300052.SZ,20240227,15.4,16.27,15.3,16.19,15.48,0.71,4.5866,192963.07,306165.328
300053.SZ,20240227,10.43,11.14,10.33,11.01,10.55,0.46,4.3602,423750.19,458263.8
300054.SZ,20240227,20.01,20.69,19.82,20.68,20.01,0.67,3.3483,94253.62,191403.347
300055.SZ,20240227,5.03,5.1,4.98,5.1,5.02,0.08,1.5936,58909.86,29742.744
300056.SZ,20240227,8.78,9.29,8.68,9.25,8.78,0.47,5.3531,229678.25,207534.818
300057.SZ,20240227,4.75,4.91,4.72,4.91,4.79,0.12,2.5052,90060.6,43564.913
300058.SZ,20240227,7.26,7.64,7.2,7.63,7.23,0.4,5.5325,1686815.2,1254500.718
300059.SZ,20240227,13.75,14.03,13.7,14.02,13.55,0.47,3.4686,3461022.41,4794110.365
300061.SZ,20240227,4.49,4.68,4.4,4.66,4.52,0.14,3.0973,158570.03,72601.425
300062.SZ,20240227,4.73,4.88,4.69,4.88,4.76,0.12,2.521,85582.8,41101.791
300063.SZ,20240227,5.05,5.29,4.99,5.29,5.11,0.18,3.5225,943372.83,488914.016
300065.SZ,20240227,7.76,7.93,7.63,7.93,7.7,0.23,2.987,231709.42,180822.786
300066.SZ,20240227,3.83,4.0,3.81,4.0,3.87,0.13,3.3592,202668.19,79292.304
300067.SZ,20240227,4.08,4.1,3.82,3.99,4.2,-0.21,-5.0,1663168.14,659779.061
300068.SZ,20240227,11.24,11.55,11.2,11.55,11.3,0.25,2.2124,167123.12,190057.369
300069.SZ,20240227,11.0,11.18,10.62,11.18,10.91,0.27,2.4748,20430.01,22531.612
300070.SZ,20240227,5.07,5.11,5.03,5.1,5.08,0.02,0.3937,324501.7,164468.676
300071.SZ,20240227,2.86,2.93,2.86,2.93,2.93,0.0,0.0,272517.6,78982.81
300072.SZ,20240227,2.61,2.69,2.58,2.68,2.61,0.07,2.682,296484.72,78309.326
300073.SZ,20240227,33.4,34.5,33.25,34.5,33.6,0.9,2.6786,114696.75,389077.389
300074.SZ,20240227,3.72,3.81,3.69,3.81,3.75,0.06,1.6,239338.0,89954.346
300075.SZ,20240227,14.4,15.08,14.3,15.06,14.44,0.62,4.2936,234297.42,345518.707
300076.SZ,20240227,4.41,4.58,4.31,4.55,4.57,-0.02,-0.4376,523122.14,232138.829
300077.SZ,20240227,9.89,10.3,9.81,10.3,9.93,0.37,3.7261,238244.84,240340.79
300078.SZ,20240227,3.36,3.5,3.25,3.45,3.37,0.08,2.3739,528608.12,176782.926
300079.SZ,20240227,5.09,5.24,5.03,5.24,5.12,0.12,2.3438,584536.97,302228.259
300080.SZ,20240227,4.25,4.33,4.2,4.33,4.26,0.07,1.6432,80017.14,34187.466
300081.SZ,20240227,7.71,8.09,7.67,8.08,7.85,0.23,2.9299,484833.74,384459.857
300082.SZ,20240227,5.04,5.28,4.98,5.28,5.08,0.2,3.937,62868.87,32592.652
300083.SZ,20240227,5.45,5.45,5.28,5.44,5.6,-0.16,-2.8571,938036.67,503573.772
300084.SZ,20240227,5.93,6.16,5.81,6.09,5.97,0.12,2.0101,84729.2,51133.915
300085.SZ,20240227,11.03,11.59,10.98,11.59,11.07,0.52,4.6974,215248.21,243233.629
300086.SZ,20240227,4.91,5.1,4.84,5.09,4.92,0.17,3.4553,134788.7,67524.76
300087.SZ,20240227,7.92,8.1,7.89,8.07,7.94,0.13,1.6373,151424.02,121411.435
300088.SZ,20240227,5.22,5.41,5.18,5.41,5.26,0.15,2.8517,588932.08,312093.431
300091.SZ,20240227,2.12,2.18,2.09,2.17,2.14,0.03,1.4019,615764.66,131429.454
300092.SZ,20240227,11.47,11.79,11.28,11.79,11.9,-0.11,-0.9244,171257.77,197500.443
300093.SZ,20240227,20.98,21.8,20.81,21.76,21.32,0.44,2.0638,321354.65,682858.619
300094.SZ,20240227,3.74,4.0,3.72,3.89,3.71,0.18,4.8518,831691.46,322450.593
300095.SZ,20240227,6.73,6.85,6.62,6.82,6.75,0.07,1.037,64367.27,43501.256
300096.SZ,20240227,4.25,4.46,4.24,4.41,4.32,0.09,2.0833,292456.54,127761.102
300097.SZ,20240227,7.48,8.18,7.41,8.07,7.67,0.4,5.2151,330347.24,258494.725
300098.SZ,20240227,3.48,3.64,3.46,3.64,3.51,0.13,3.7037,488179.93,173318.892
300099.SZ,20240227,4.94,5.15,4.91,5.15,5.05,0.1,1.9802,146896.8,74130.799
300100.SZ,20240227,8.19,8.87,8.08,8.86,8.2,0.66,8.0488,177975.46,152249.536
300101.SZ,20240227,16.22,17.22,16.1,17.22,16.22,1.0,6.1652,154533.29,258598.653
300102.SZ,20240227,6.27,6.56,6.24,6.54,6.3,0.24,3.8095,154833.81,99652.296
300103.SZ,20240227,4.4,4.56,4.35,4.46,4.39,0.07,1.5945,81110.0,36015.758
300105.SZ,20240227,5.46,5.66,5.43,5.66,5.54,0.12,2.1661,152234.0,84924.516
300106.SZ,20240227,6.97,7.39,6.91,7.26,6.95,0.31,4.4604,101441.0,72993.275
300107.SZ,20240227,4.16,4.26,4.14,4.22,4.17,0.05,1.199,59071.16,24761.408
300108.SZ,20240227,2.63,2.69,2.63,2.68,2.66,0.02,0.7519,110036.52,29195.18
300109.SZ,20240227,16.92,17.82,16.81,17.75,17.0,0.75,4.4118,80793.09,140041.049
300110.SZ,20240227,3.6,3.67,3.55,3.67,3.61,0.06,1.662,126686.68,45984.181
300111.SZ,20240227,2.5,2.55,2.47,2.55,2.51,0.04,1.5936,174114.94,43633.939
300112.SZ,20240227,8.62,8.98,8.57,8.97,8.78,0.19,2.164,164931.09,145131.611
300113.SZ,20240227,12.13,12.85,12.0,12.85,12.15,0.7,5.7613,232818.81,291040.619
300115.SZ,20240227,9.76,10.13,9.67,10.13,9.8,0.33,3.3673,229880.8,228430.471
300117.SZ,20240227,1.7,1.79,1.68,1.78,1.78,0.0,0.0,636126.28,111053.376
300118.SZ,20240227,15.38,15.73,15.25,15.73,15.42,0.31,2.0104,275704.69,427684.422
300119.SZ,20240227,14.8,15.02,14.68,14.98,14.87,0.11,0.7397,28070.71,41638.977
300120.SZ,20240227,5.0,5.23,4.93,5.22,5.11,0.11,2.1526,118783.27,60624.206
300121.SZ,20240227,8.13,8.26,8.09,8.23,8.13,0.1,1.23,30026.98,24587.914
300122.SZ,20240227,52.52,54.06,52.52,54.04,53.35,0.69,1.2933,110157.48,587424.138
300123.SZ,20240227,5.65,6.02,5.62,6.02,5.69,0.33,5.7996,418556.34,245359.769
300124.SZ,20240227,60.48,62.27,60.21,62.01,60.8,1.21,1.9901,160403.89,985365.717
300125.SZ,20240227,8.64,8.77,7.9,8.75,8.83,-0.08,-0.906,248232.63,212559.062
300126.SZ,20240227,5.28,5.39,5.11,5.39,5.33,0.06,1.1257,88088.0,46544.171
300127.SZ,20240227,14.23,14.79,14.21,14.79,14.4,0.39,2.7083,48900.1,70977.606
300128.SZ,20240227,4.31,4.42,4.27,4.41,4.39,0.02,0.4556,301048.69,131082.976
300129.SZ,20240227,8.26,8.72,8.24,8.72,8.34,0.38,4.5564,316341.65,270519.798
300130.SZ,20240227,22.69,23.48,22.45,23.48,22.96,0.52,2.2648,164931.98,380132.573
300131.SZ,20240227,4.76,5.01,4.75,5.01,4.81,0.2,4.158,558690.9,272623.333
300132.SZ,20240227,3.86,3.96,3.85,3.96,3.93,0.03,0.7634,81787.53,32086.415
300133.SZ,20240227,5.43,5.71,5.41,5.7,5.51,0.19,3.4483,1163346.09,648868.913
300134.SZ,20240227,8.57,9.06,8.4,9.01,8.7,0.31,3.5632,335866.51,295337.226
300135.SZ,20240227,2.48,2.54,2.45,2.54,2.5,0.04,1.6,443616.09,111051.378
300136.SZ,20240227,19.27,20.4,19.08,20.29,19.18,1.11,5.7873,364296.92,722149.547
300137.SZ,20240227,4.76,4.81,4.66,4.8,4.75,0.05,1.0526,58659.0,27884.252
300138.SZ,20240227,11.98,12.14,11.9,12.14,12.01,0.13,1.0824,39721.51,47902.153
300139.SZ,20240227,7.79,8.15,7.76,8.15,7.84,0.31,3.9541,82178.35,65547.17
300140.SZ,20240227,6.93,7.01,6.85,7.01,6.95,0.06,0.8633,68272.55,47567.911
300141.SZ,20240227,7.3,7.49,7.1,7.49,7.25,0.24,3.3103,65914.26,48249.496
300142.SZ,20240227,18.17,18.44,18.03,18.44,18.18,0.26,1.4301,173215.67,316057.102
300143.SZ,20240227,8.55,8.84,8.5,8.84,8.51,0.33,3.8778,67572.92,58662.034
300144.SZ,20240227,10.23,10.4,10.2,10.36,10.23,0.13,1.2708,200578.34,206728.751
300145.SZ,20240227,2.69,2.77,2.68,2.76,2.71,0.05,1.845,308577.6,83993.773
300146.SZ,20240227,16.58,16.78,16.46,16.78,16.62,0.16,0.9627,100658.18,167466.987
300147.SZ,20240227,3.93,4.07,3.88,4.06,3.94,0.12,3.0457,150346.38,59987.362
300148.SZ,20240227,3.25,3.37,3.21,3.37,3.27,0.1,3.0581,434420.33,143453.501
300149.SZ,20240227,5.51,5.66,5.42,5.65,5.5,0.15,2.7273,84266.0,46737.291
300150.SZ,20240227,3.41,3.57,3.38,3.56,3.42,0.14,4.0936,130644.87,45386.121
300151.SZ,20240227,14.99,15.2,14.86,15.2,15.0,0.2,1.3333,35852.07,53893.961
300152.SZ,20240227,2.24,2.29,2.22,2.28,2.26,0.02,0.885,284974.0,64286.677
300153.SZ,20240227,6.01,6.22,5.95,6.21,6.07,0.14,2.3064,65561.0,40175.366
300154.SZ,20240227,5.81,5.99,5.73,5.99,5.87,0.12,2.0443,95549.0,56393.756
300155.SZ,20240227,3.95,4.16,3.9,4.16,4.0,0.16,4.0,167254.36,67991.446
300157.SZ,20240227,2.78,2.88,2.76,2.86,2.84,0.02,0.7042,283859.79,80429.906
300158.SZ,20240227,5.02,5.12,5.02,5.12,5.07,0.05,0.9862,301300.0,152958.531
300159.SZ,20240227,2.04,2.1,2.03,2.1,2.06,0.04,1.9417,382016.6,79235.62
300160.SZ,20240227,4.85,4.96,4.8,4.96,4.86,0.1,2.0576,95985.27,46849.126
300161.SZ,20240227,34.38,34.87,32.86,34.87,34.36,0.51,1.4843,284754.06,961919.673
300162.SZ,20240227,5.57,5.73,5.5,5.72,5.57,0.15,2.693,105501.02,59516.958
300163.SZ,20240227,2.77,2.87,2.72,2.85,2.79,0.06,2.1505,138352.0,38880.448
300164.SZ,20240227,3.91,4.0,3.88,4.0,3.93,0.07,1.7812,226322.78,89589.125
300165.SZ,20240227,4.3,4.47,4.26,4.46,4.39,0.07,1.5945,186796.0,81479.411
300166.SZ,20240227,8.44,8.85,8.36,8.85,8.45,0.4,4.7337,598131.88,515700.839
300167.SZ,20240227,2.45,2.57,2.41,2.53,2.5,0.03,1.2,156978.0,39128.963
300168.SZ,20240227,6.73,7.1,6.67,7.1,6.75,0.35,5.1852,209504.89,144946.822
300169.SZ,20240227,5.61,6.15,5.61,6.09,5.63,0.46,8.1705,453694.71,267116.95
300170.SZ,20240227,6.88,7.1,6.78,7.1,6.86,0.24,3.4985,350880.23,243638.27
300171.SZ,20240227,15.57,15.98,15.45,15.97,15.71,0.26,1.655,65260.56,102340.933
300172.SZ,20240227,4.94,5.05,4.91,5.05,5.0,0.05,1.0,469032.22,234251.737
300173.SZ,20240227,4.08,4.23,4.05,4.19,4.13,0.06,1.4528,293900.45,121522.8
300174.SZ,20240227,13.91,14.19,13.67,14.16,13.87,0.29,2.0908,34096.99,47973.445
300175.SZ,20240227,6.22,6.91,6.08,6.9,6.23,0.67,10.7544,398862.0,262852.153
300176.SZ,20240227,5.06,5.31,4.99,5.28,5.05,0.23,4.5545,98762.82,51626.479
300177.SZ,20240227,5.29,5.43,5.18,5.42,5.18,0.24,4.6332,229705.17,122053.689
300179.SZ,20240227,7.26,7.35,7.16,7.35,7.25,0.1,1.3793,80595.1,58427.637
300180.SZ,20240227,3.44,3.56,3.42,3.56,3.47,0.09,2.5937,508955.33,178186.778
300181.SZ,20240227,10.21,10.39,10.15,10.39,10.26,0.13,1.2671,109516.31,112714.553
300182.SZ,20240227,4.89,5.4,4.85,5.25,4.69,0.56,11.9403,3006720.5,1545896.31
300183.SZ,20240227,12.18,12.57,12.0,12.56,12.16,0.4,3.2895,65582.04,80478.788
300184.SZ,20240227,4.66,4.92,4.65,4.91,4.73,0.18,3.8055,680897.27,326499.428
300185.SZ,20240227,2.36,2.38,2.33,2.38,2.37,0.01,0.4219,375076.43,88350.77
300187.SZ,20240227,4.55,4.64,4.45,4.63,4.58,0.05,1.0917,70451.0,32159.797
300188.SZ,20240227,15.8,16.78,15.28,16.51,16.17,0.34,2.1027,691921.23,1099853.589
300189.SZ,20240227,2.86,3.02,2.85,2.97,2.89,0.08,2.7682,324157.72,95797.012
300190.SZ,20240227,3.4,3.49,3.39,3.47,3.46,0.01,0.289,114605.6,39429.386
300191.SZ,20240227,11.5,11.85,11.34,11.85,11.59,0.26,2.2433,29865.6,34930.39
300192.SZ,20240227,8.8,9.34,8.73,9.32,8.94,0.38,4.2506,254877.29,234030.399
300193.SZ,20240227,7.05,7.15,7.0,7.15,7.09,0.06,0.8463,66515.28,47083.092
300194.SZ,20240227,3.68,3.77,3.66,3.77,3.7,0.07,1.8919,242022.97,90072.271
300195.SZ,20240227,5.21,5.4,5.15,5.4,5.26,0.14,2.6616,159301.98,84481.304
300196.SZ,20240227,9.49,9.66,9.38,9.66,9.48,0.18,1.8987,28245.82,26929.638
300197.SZ,20240227,2.06,2.09,2.05,2.09,2.07,0.02,0.9662,408282.7,84749.304
300198.SZ,20240227,2.06,2.11,2.01,2.06,2.09,-0.03,-1.4354,606751.0,124199.352
300199.SZ,20240227,13.01,13.45,12.91,13.37,13.15,0.22,1.673,629397.84,832164.768
300200.SZ,20240227,6.48,6.75,6.43,6.74,6.54,0.2,3.0581,119391.44,78800.829
300201.SZ,20240227,4.62,4.76,4.5,4.7,4.64,0.06,1.2931,370460.95,172732.129
300203.SZ,20240227,13.0,13.28,12.89,13.28,13.21,0.07,0.5299,83286.7,108873.322
300204.SZ,20240227,7.34,7.54,7.24,7.54,7.36,0.18,2.4457,82680.48,61332.816
300205.SZ,20240227,6.02,6.23,5.96,6.15,6.09,0.06,0.9852,113178.58,69364.74
300206.SZ,20240227,9.14,9.38,9.08,9.38,9.17,0.21,2.2901,47761.0,44127.415
300207.SZ,20240227,13.88,14.17,13.71,14.15,13.88,0.27,1.9452,313842.09,436959.793
300208.SZ,20240227,4.25,4.35,4.16,4.28,4.34,-0.06,-1.3825,364458.12,154808.449
300209.SZ,20240227,2.9,3.28,2.9,3.23,2.98,0.25,8.3893,512658.78,159955.421
300210.SZ,20240227,11.19,12.77,10.9,12.77,11.67,1.1,9.4259,1137161.43,1322115.526
300211.SZ,20240227,7.11,7.38,6.98,7.36,7.11,0.25,3.5162,90569.16,65077.483
300212.SZ,20240227,25.3,26.99,25.12,26.88,25.53,1.35,5.2879,372089.78,978389.537
300213.SZ,20240227,6.19,6.36,6.06,6.36,6.18,0.18,2.9126,286058.0,177833.595
300214.SZ,20240227,5.24,5.37,5.18,5.36,5.25,0.11,2.0952,25489.81,13542.734
300215.SZ,20240227,3.98,4.16,3.97,4.15,4.04,0.11,2.7228,74497.0,30411.069
300217.SZ,20240227,4.6,4.75,4.58,4.75,4.61,0.14,3.0369,237892.64,111260.002
300218.SZ,20240227,11.61,11.79,11.44,11.76,11.65,0.11,0.9442,42569.0,49527.588
300219.SZ,20240227,6.6,6.83,6.48,6.83,6.6,0.23,3.4848,118286.1,79120.383
300220.SZ,20240227,6.43,6.53,6.32,6.51,6.44,0.07,1.087,13118.0,8431.606
300221.SZ,20240227,4.52,4.65,4.46,4.65,4.54,0.11,2.4229,118024.11,54123.324
300222.SZ,20240227,6.39,6.45,6.18,6.44,6.58,-0.14,-2.1277,411762.11,259425.332
300223.SZ,20240227,64.0,66.38,62.71,66.13,64.7,1.43,2.2102,255370.26,1651179.024
300224.SZ,20240227,10.45,10.65,10.36,10.63,10.5,0.13,1.2381,98131.68,103163.127
300225.SZ,20240227,6.11,6.34,5.98,6.33,6.17,0.16,2.5932,124926.0,77701.959
300226.SZ,20240227,22.6,23.78,22.53,23.78,22.72,1.06,4.6655,144956.88,337344.616
300227.SZ,20240227,6.23,6.52,6.18,6.52,6.29,0.23,3.6566,176615.79,112112.694
300228.SZ,20240227,7.67,7.73,7.45,7.56,7.63,-0.07,-0.9174,224490.41,169970.623
300229.SZ,20240227,14.73,16.0,14.65,15.97,14.78,1.19,8.0514,723156.93,1113313.279
300230.SZ,20240227,3.64,3.73,3.63,3.72,3.66,0.06,1.6393,86627.12,31996.317
300231.SZ,20240227,9.0,9.23,8.9,9.22,8.99,0.23,2.5584,245597.1,223606.063
300232.SZ,20240227,6.85,6.95,6.68,6.94,6.96,-0.02,-0.2874,551371.18,376333.685
300233.SZ,20240227,14.25,14.57,14.08,14.57,14.22,0.35,2.4613,36540.0,52340.999
300234.SZ,20240227,4.07,4.18,4.02,4.18,4.07,0.11,2.7027,64065.21,26449.246
300235.SZ,20240227,9.64,10.69,9.61,10.59,9.85,0.74,7.5127,298503.55,310701.005
300236.SZ,20240227,31.78,32.89,31.58,32.88,31.91,0.97,3.0398,52035.87,168212.382
300237.SZ,20240227,1.54,1.59,1.53,1.57,1.56,0.01,0.641,506205.22,78848.331
300238.SZ,20240227,10.5,10.79,10.4,10.78,10.59,0.19,1.7941,83018.38,87894.709
300239.SZ,20240227,4.91,5.01,4.81,5.01,4.91,0.1,2.0367,56117.15,27659.294
300240.SZ,20240227,5.65,6.34,5.56,5.9,5.73,0.17,2.9668,166141.96,99966.209
300241.SZ,20240227,3.94,4.14,3.87,4.14,3.93,0.21,5.3435,190269.0,76544.961
300242.SZ,20240227,2.9,3.04,2.86,3.04,2.92,0.12,4.1096,474474.0,139970.941
300243.SZ,20240227,7.29,7.46,7.17,7.46,7.31,0.15,2.052,51578.0,37974.911
300244.SZ,20240227,18.88,19.28,18.77,19.26,19.02,0.24,1.2618,72843.44,138790.712
300245.SZ,20240227,6.63,6.88,6.51,6.88,6.64,0.24,3.6145,127151.08,85026.455
300246.SZ,20240227,7.49,7.69,7.38,7.68,7.56,0.12,1.5873,71890.0,54178.758
300247.SZ,20240227,2.95,3.04,2.9,3.04,2.94,0.1,3.4014,126803.0,38031.32
300248.SZ,20240227,7.75,8.05,7.65,8.04,7.75,0.29,3.7419,88868.79,69878.337
300249.SZ,20240227,7.36,7.66,7.23,7.63,7.48,0.15,2.0053,412325.86,307761.535
300250.SZ,20240227,14.51,15.27,14.41,15.26,14.67,0.59,4.0218,127182.2,189294.981
300251.SZ,20240227,8.58,9.36,8.5,9.2,8.6,0.6,6.9767,663369.71,599619.86
300252.SZ,20240227,7.06,7.68,6.96,7.68,7.09,0.59,8.3216,386293.7,284598.889
300253.SZ,20240227,6.8,7.12,6.76,7.11,6.85,0.26,3.7956,435524.01,304165.811
300254.SZ,20240227,7.63,7.89,7.54,7.84,7.71,0.13,1.6861,46124.24,35851.849
300255.SZ,20240227,12.04,12.7,11.93,12.67,12.1,0.57,4.7107,924388.08,1146151.216
300256.SZ,20240227,2.32,2.42,2.3,2.42,2.33,0.09,3.8627,367007.44,86592.935
300257.SZ,20240227,14.15,14.25,13.9,14.25,14.15,0.1,0.7067,57890.87,81523.395
300258.SZ,20240227,10.68,11.01,10.53,11.0,10.64,0.36,3.3835,137490.11,149195.192
300259.SZ,20240227,3.16,3.2,3.13,3.2,3.15,0.05,1.5873,92933.48,29384.129
300260.SZ,20240227,24.06,25.48,24.01,25.41,24.32,1.09,4.4819,115654.37,286609.75
300261.SZ,20240227,6.0,6.16,5.92,6.16,6.02,0.14,2.3256,118987.33,72405.566
300263.SZ,20240227,6.03,6.18,5.97,6.18,6.03,0.15,2.4876,108468.71,66252.13
300264.SZ,20240227,6.52,6.78,6.45,6.78,6.63,0.15,2.2624,387681.9,258540.439
300265.SZ,20240227,6.69,6.91,6.61,6.91,6.74,0.17,2.5223,122272.97,82953.539
300266.SZ,20240227,2.08,2.11,2.04,2.11,2.1,0.01,0.4762,266037.75,55211.606
300267.SZ,20240227,2.64,2.7,2.61,2.7,2.64,0.06,2.2727,198540.69,52914.489
300268.SZ,20240227,9.79,9.99,9.71,9.96,9.79,0.17,1.7365,8078.0,7976.125
300269.SZ,20240227,4.75,5.02,4.71,4.99,4.8,0.19,3.9583,611418.05,298292.8
300270.SZ,20240227,8.28,8.28,7.32,7.72,8.27,-0.55,-6.6505,698955.28,536010.766
300271.SZ,20240227,6.5,6.7,6.38,6.7,6.5,0.2,3.0769,278441.82,181944.45
300272.SZ,20240227,4.7,4.94,4.65,4.86,4.64,0.22,4.7414,200626.78,96543.67
300274.SZ,20240227,83.49,84.07,82.35,84.07,83.68,0.39,0.4661,201407.2,1675049.749
300275.SZ,20240227,9.38,9.77,9.17,9.77,9.45,0.32,3.3862,69285.8,66149.366
300276.SZ,20240227,4.16,4.43,4.11,4.28,4.18,0.1,2.3923,905059.62,386546.657
300277.SZ,20240227,6.96,7.16,6.88,7.15,7.02,0.13,1.8519,112048.25,78973.086
300278.SZ,20240227,3.36,3.46,3.32,3.45,3.45,0.0,0.0,397650.97,135386.356
300279.SZ,20240227,4.92,5.09,4.81,5.09,4.91,0.18,3.666,127140.77,63362.103
300280.SZ,20240227,40.1,42.97,38.82,42.22,37.36,4.86,13.0086,216758.7,882305.642
300281.SZ,20240227,4.31,4.44,4.25,4.43,4.38,0.05,1.1416,164448.76,71365.944
300283.SZ,20240227,4.78,4.91,4.7,4.91,4.8,0.11,2.2917,110533.0,53086.396
300284.SZ,20240227,4.91,5.04,4.89,5.03,4.94,0.09,1.8219,98547.72,48925.452
300285.SZ,20240227,19.12,19.9,19.01,19.89,19.34,0.55,2.8438,101155.37,196687.46
300286.SZ,20240227,19.99,20.9,19.85,20.75,20.15,0.6,2.9777,52682.69,108176.731
300287.SZ,20240227,3.16,3.3,3.16,3.3,3.2,0.1,3.125,433818.49,140246.203
300288.SZ,20240227,13.14,13.92,13.08,13.92,13.29,0.63,4.7404,164887.0,222813.707
300289.SZ,20240227,4.69,4.86,4.59,4.85,4.7,0.15,3.1915,71556.5,34195.797
300290.SZ,20240227,5.88,6.83,5.8,6.64,5.9,0.74,12.5424,1078139.48,679297.423
300291.SZ,20240227,5.69,5.92,5.58,5.9,5.77,0.13,2.253,813391.97,469579.983
300292.SZ,20240227,3.08,3.23,3.07,3.23,3.1,0.13,4.1935,323943.0,102076.443
300293.SZ,20240227,13.38,14.19,13.22,14.14,13.8,0.34,2.4638,330119.46,452529.369
300294.SZ,20240227,28.05,28.57,27.86,28.54,28.1,0.44,1.5658,59023.73,166386.382
300295.SZ,20240227,9.4,10.02,9.3,9.99,9.51,0.48,5.0473,114872.0,111859.375
300296.SZ,20240227,5.22,5.37,5.18,5.37,5.22,0.15,2.8736,273834.42,144733.666
300298.SZ,20240227,23.56,23.99,23.3,23.98,23.56,0.42,1.7827,30858.43,73046.799
300299.SZ,20240227,4.75,5.02,4.71,5.02,4.79,0.23,4.8017,264716.67,129848.215
300300.SZ,20240227,3.05,3.14,3.0,3.14,3.06,0.08,2.6144,285475.19,87914.303
300301.SZ,20240227,1.53,1.56,1.52,1.54,1.53,0.01,0.6536,87284.0,13431.994
300302.SZ,20240227,10.06,10.56,9.86,10.54,10.06,0.48,4.7714,250302.7,257728.994
300303.SZ,20240227,4.86,5.27,4.81,5.23,4.85,0.38,7.8351,630415.27,317388.439
300304.SZ,20240227,5.76,5.98,5.73,5.97,5.79,0.18,3.1088,156086.65,92377.963
300305.SZ,20240227,6.98,7.13,6.81,7.13,7.01,0.12,1.7118,45815.03,32137.685
300306.SZ,20240227,9.59,9.99,9.46,9.99,9.61,0.38,3.9542,44512.49,43440.356
300307.SZ,20240227,5.41,5.59,5.31,5.57,5.5,0.07,1.2727,213356.49,116181.988
300308.SZ,20240227,147.46,164.7,146.02,161.94,149.03,12.91,8.6627,451322.77,7020038.75
300310.SZ,20240227,3.77,3.96,3.73,3.96,3.78,0.18,4.7619,273148.83,105807.948
300311.SZ,20240227,4.9,5.75,4.88,5.46,4.88,0.58,11.8852,403697.14,212373.363
300313.SZ,20240227,9.24,9.67,9.23,9.49,9.48,0.01,0.1055,94197.95,88749.042
300314.SZ,20240227,11.95,12.14,11.66,12.14,11.95,0.19,1.59,36230.22,43424.586
300315.SZ,20240227,5.25,5.79,5.2,5.65,5.28,0.37,7.0076,3869946.61,2152168.573
300316.SZ,20240227,35.1,36.5,34.9,36.5,35.35,1.15,3.2532,141712.69,506429.124
300317.SZ,20240227,3.97,4.05,3.9,4.05,3.97,0.08,2.0151,139764.65,55841.948
300318.SZ,20240227,4.63,4.8,4.62,4.8,4.67,0.13,2.7837,75270.99,35651.807
300319.SZ,20240227,7.99,8.33,7.88,8.33,7.9,0.43,5.443,328652.28,266693.92
300320.SZ,20240227,6.13,6.35,6.0,6.32,6.08,0.24,3.9474,62132.74,38586.662
300321.SZ,20240227,14.83,15.1,14.66,14.98,14.92,0.06,0.4021,17072.22,25557.19
300322.SZ,20240227,8.98,9.45,8.65,9.25,8.94,0.31,3.4676,675824.91,610420.198
300323.SZ,20240227,5.52,5.67,5.39,5.66,5.47,0.19,3.4735,122975.31,68156.975
300324.SZ,20240227,2.73,2.8,2.67,2.8,2.71,0.09,3.321,488817.31,133657.625
300326.SZ,20240227,5.21,5.34,5.15,5.34,5.21,0.13,2.4952,81803.91,43124.525
300327.SZ,20240227,18.8,19.64,18.6,19.63,18.81,0.82,4.3594,76582.48,146505.638
300328.SZ,20240227,5.26,5.45,5.25,5.44,5.34,0.1,1.8727,137696.35,73400.071
300329.SZ,20240227,5.04,5.27,4.99,5.27,4.99,0.28,5.6112,76744.0,39249.693
300331.SZ,20240227,18.18,18.75,17.91,18.75,18.22,0.53,2.9089,117766.12,216345.544
300332.SZ,20240227,7.0,7.14,6.94,7.14,7.02,0.12,1.7094,65868.0,46462.28
300333.SZ,20240227,5.21,5.53,5.2,5.53,5.28,0.25,4.7348,164222.46,87899.487
300334.SZ,20240227,5.69,5.87,5.66,5.87,5.66,0.21,3.7102,61872.0,35795.017
300335.SZ,20240227,4.38,4.53,4.35,4.53,4.41,0.12,2.7211,180164.08,80311.449
300337.SZ,20240227,6.26,6.54,6.2,6.54,6.32,0.22,3.481,250147.16,159518.622
300338.SZ,20240227,3.8,4.31,3.73,4.09,3.92,0.17,4.3367,590508.97,238850.037
300339.SZ,20240227,22.6,23.64,22.48,23.59,22.71,0.88,3.8749,616599.03,1429714.355
300340.SZ,20240227,8.5,8.78,8.38,8.78,8.49,0.29,3.4158,71744.55,62036.805
300341.SZ,20240227,9.17,9.59,9.16,9.57,9.26,0.31,3.3477,83293.14,77983.756
300342.SZ,20240227,13.0,14.35,13.0,13.94,12.83,1.11,8.6516,645021.12,875689.473
300343.SZ,20240227,5.27,5.44,5.23,5.44,5.33,0.11,2.0638,275013.21,147785.531
300344.SZ,20240227,4.45,4.69,4.36,4.63,4.52,0.11,2.4336,429699.36,192911.976
300345.SZ,20240227,7.01,7.09,6.95,7.08,7.06,0.02,0.2833,31230.0,21913.55
300346.SZ,20240227,23.88,25.0,23.71,24.99,24.1,0.89,3.6929,186363.79,455674.656
300347.SZ,20240227,43.99,44.8,43.41,44.8,44.3,0.5,1.1287,150927.32,663921.129
300348.SZ,20240227,8.2,8.64,8.13,8.64,8.25,0.39,4.7273,127425.27,107242.274
300349.SZ,20240227,11.66,11.94,11.43,11.93,11.57,0.36,3.1115,83199.0,97513.897
300350.SZ,20240227,4.75,5.05,4.75,4.94,4.7,0.24,5.1064,457709.8,224693.259
300351.SZ,20240227,16.88,17.88,16.6,17.81,16.6,1.21,7.2892,337743.15,583345.448
300352.SZ,20240227,4.3,4.45,4.25,4.45,4.27,0.18,4.2155,318477.26,138732.172
300353.SZ,20240227,10.93,11.03,10.32,10.78,10.61,0.17,1.6023,556499.77,593073.584
300354.SZ,20240227,46.33,47.24,43.97,46.53,47.0,-0.47,-1.0,36530.73,166298.205
300355.SZ,20240227,3.18,3.27,3.13,3.27,3.18,0.09,2.8302,376558.72,121395.364
300357.SZ,20240227,24.96,26.18,24.82,25.84,24.9,0.94,3.7751,92234.91,236215.014
300358.SZ,20240227,9.18,9.41,9.12,9.41,9.29,0.12,1.2917,110333.12,102170.135
300359.SZ,20240227,4.96,5.23,4.9,5.12,5.0,0.12,2.4,381199.03,193901.426
300360.SZ,20240227,15.94,16.18,15.76,16.16,16.06,0.1,0.6227,126032.87,201381.559
300363.SZ,20240227,19.5,20.0,19.43,20.0,19.62,0.38,1.9368,85525.0,168852.774
300364.SZ,20240227,28.03,31.0,27.8,30.25,28.95,1.3,4.4905,1882940.49,5488883.891
300365.SZ,20240227,5.36,5.62,5.29,5.62,5.43,0.19,3.4991,160154.01,87645.638
300366.SZ,20240227,9.99,10.72,9.94,10.59,9.95,0.64,6.4322,542307.23,559100.313
300368.SZ,20240227,5.78,6.06,5.73,6.0,5.79,0.21,3.6269,198143.0,116554.417
300369.SZ,20240227,7.41,7.77,7.31,7.77,7.38,0.39,5.2846,206932.4,156230.795
300370.SZ,20240227,2.23,2.29,2.21,2.29,2.27,0.02,0.8811,371966.42,83993.999
300371.SZ,20240227,9.18,9.52,8.99,9.49,9.23,0.26,2.8169,33347.12,31012.474
300373.SZ,20240227,38.3,40.15,38.16,40.15,38.52,1.63,4.2316,146846.92,577787.979
300374.SZ,20240227,16.02,17.16,15.8,16.98,16.26,0.72,4.428,386178.4,638306.389
300375.SZ,20240227,4.14,4.41,4.12,4.4,4.15,0.25,6.0241,501666.08,217171.869
300376.SZ,20240227,5.71,5.93,5.7,5.92,5.75,0.17,2.9565,195943.28,113891.711
300377.SZ,20240227,6.53,6.77,6.43,6.77,6.52,0.25,3.8344,267229.71,176512.064
300378.SZ,20240227,18.4,19.33,18.13,19.29,18.55,0.74,3.9892,152959.2,287055.383
300379.SZ,20240227,14.14,14.86,13.9,14.85,14.15,0.7,4.947,277324.83,399444.382
300380.SZ,20240227,18.05,19.34,17.8,19.05,18.45,0.6,3.252,145116.56,267269.317
300381.SZ,20240227,5.29,5.45,5.21,5.43,5.31,0.12,2.2599,72681.0,38829.997
300382.SZ,20240227,7.98,8.26,7.96,8.26,8.04,0.22,2.7363,86947.08,70666.724
300383.SZ,20240227,9.09,9.67,9.06,9.67,9.16,0.51,5.5677,366844.71,345729.458
300384.SZ,20240227,13.0,13.6,12.8,13.57,13.07,0.5,3.8256,49678.0,66072.9
300385.SZ,20240227,4.65,4.8,4.6,4.76,4.66,0.1,2.1459,81931.14,38478.944
300386.SZ,20240227,7.89,8.25,7.81,8.25,7.97,0.28,3.5132,76241.6,61135.504
300387.SZ,20240227,5.95,6.19,5.9,6.19,6.0,0.19,3.1667,119909.92,73256.983
300388.SZ,20240227,5.73,5.91,5.69,5.91,5.79,0.12,2.0725,61050.8,35594.663
300389.SZ,20240227,16.67,17.03,16.41,17.02,16.75,0.27,1.6119,51704.07,86752.648
300390.SZ,20240227,21.37,22.39,21.36,22.27,21.55,0.72,3.3411,149303.71,328349.566
300391.SZ,20240227,5.08,5.16,4.99,5.15,5.08,0.07,1.378,87829.0,44678.494
300393.SZ,20240227,9.04,9.26,8.97,9.26,9.07,0.19,2.0948,182075.04,166042.146
300394.SZ,20240227,117.98,137.55,116.3,133.0,118.99,14.01,11.7741,279027.07,3531376.209
300395.SZ,20240227,29.15,29.88,28.83,29.86,29.15,0.71,2.4357,76249.66,223671.016
300396.SZ,20240227,27.7,28.5,27.03,28.16,27.77,0.39,1.4044,25440.0,70414.846
300397.SZ,20240227,7.62,7.96,7.55,7.96,7.68,0.28,3.6458,127196.48,98794.018
300398.SZ,20240227,12.46,13.55,12.46,13.53,12.61,0.92,7.2958,235574.01,306199.428
300399.SZ,20240227,10.27,10.7,10.13,10.7,10.35,0.35,3.3816,54171.0,56863.978
300400.SZ,20240227,11.79,12.33,11.66,12.33,12.04,0.29,2.4086,103362.0,124241.665
300401.SZ,20240227,9.43,9.6,9.38,9.6,9.42,0.18,1.9108,51213.64,48633.051
300402.SZ,20240227,15.48,16.06,15.42,16.05,15.66,0.39,2.4904,79051.9,124756.267
300403.SZ,20240227,7.52,7.95,7.39,7.87,7.53,0.34,4.5153,388454.13,299463.418
300404.SZ,20240227,7.56,8.0,7.56,7.88,7.68,0.2,2.6042,276236.38,215758.689
300405.SZ,20240227,5.15,5.5,5.09,5.46,5.14,0.32,6.2257,251175.03,132713.152
300406.SZ,20240227,19.88,20.35,19.63,20.3,20.01,0.29,1.4493,41864.82,83727.742
300407.SZ,20240227,6.68,7.02,6.6,7.02,6.73,0.29,4.3091,62295.0,42696.777
300408.SZ,20240227,24.41,25.35,24.29,25.33,24.5,0.83,3.3878,127416.06,317025.51
300409.SZ,20240227,9.13,9.36,9.01,9.36,9.13,0.23,2.5192,71280.4,65566.301
300410.SZ,20240227,6.07,6.2,5.97,6.2,6.15,0.05,0.813,194199.18,118594.441
300411.SZ,20240227,5.43,5.51,5.28,5.49,5.53,-0.04,-0.7233,150009.3,80924.241
300412.SZ,20240227,4.0,4.09,3.95,4.09,4.06,0.03,0.7389,278950.8,112169.42
300413.SZ,20240227,23.62,24.88,23.56,24.82,23.79,1.03,4.3296,279309.75,679650.273
300414.SZ,20240227,7.34,7.62,7.21,7.62,7.38,0.24,3.252,85111.04,63414.182
300415.SZ,20240227,17.7,17.87,17.35,17.76,17.88,-0.12,-0.6711,87863.34,154596.047
300416.SZ,20240227,14.03,14.68,13.84,14.67,14.06,0.61,4.3385,97440.01,140237.612
300417.SZ,20240227,8.33,8.73,8.21,8.71,8.41,0.3,3.5672,52510.0,44834.394
300418.SZ,20240227,38.8,41.33,38.58,40.61,39.1,1.51,3.8619,924507.8,3709632.003
300419.SZ,20240227,4.87,5.01,4.79,5.01,4.89,0.12,2.454,303269.05,148762.417
300420.SZ,20240227,2.56,2.63,2.55,2.63,2.58,0.05,1.938,215290.97,55876.148
300421.SZ,20240227,9.23,9.46,9.1,9.4,9.29,0.11,1.1841,116017.69,108493.157
300422.SZ,20240227,4.54,4.66,4.45,4.62,4.56,0.06,1.3158,72123.51,32883.871
300423.SZ,20240227,6.11,6.35,6.01,6.35,6.18,0.17,2.7508,131037.25,81396.07
300424.SZ,20240227,9.76,10.14,9.63,10.14,9.75,0.39,4.0,45946.28,45477.291
300425.SZ,20240227,4.44,4.49,4.4,4.49,4.44,0.05,1.1261,292070.81,129985.066
300426.SZ,20240227,8.9,9.39,8.85,9.35,9.17,0.18,1.9629,136140.69,125300.44
300427.SZ,20240227,3.6,3.72,3.57,3.68,3.69,-0.01,-0.271,111917.56,40890.48
300428.SZ,20240227,17.27,17.95,17.25,17.95,17.41,0.54,3.1017,72331.73,128303.684
300429.SZ,20240227,9.46,10.53,9.33,10.29,9.63,0.66,6.8536,515699.0,510970.092
300430.SZ,20240227,13.42,14.31,13.38,14.05,13.56,0.49,3.6136,161529.53,222878.996
300432.SZ,20240227,8.16,8.42,8.09,8.42,8.1,0.32,3.9506,315541.68,261897.518
300433.SZ,20240227,11.73,12.08,11.7,12.07,11.81,0.26,2.2015,261718.88,312302.118
300434.SZ,20240227,9.06,9.36,9.0,9.36,9.14,0.22,2.407,54322.0,50035.803
300435.SZ,20240227,12.67,12.82,12.57,12.81,12.67,0.14,1.105,25386.02,32344.083
300436.SZ,20240227,20.1,21.26,19.63,20.81,20.21,0.6,2.9688,35660.8,73015.457
300437.SZ,20240227,9.66,10.0,9.65,9.99,9.71,0.28,2.8836,48209.61,47647.264
300438.SZ,20240227,21.67,22.33,21.55,22.32,21.51,0.81,3.7657,142782.47,312423.527
300439.SZ,20240227,9.35,9.65,9.24,9.65,9.36,0.29,3.0983,44001.0,41565.554
300440.SZ,20240227,6.19,6.22,6.01,6.21,6.14,0.07,1.1401,82325.0,50243.434
300441.SZ,20240227,6.23,6.33,6.15,6.31,6.2,0.11,1.7742,102416.0,63795.949
300442.SZ,20240227,25.06,26.8,24.75,26.51,25.25,1.26,4.9901,148243.9,382874.674
300443.SZ,20240227,19.5,20.25,19.33,20.23,19.66,0.57,2.8993,122209.1,241387.959
300444.SZ,20240227,5.77,5.94,5.69,5.94,5.79,0.15,2.5907,227350.84,133354.37
300445.SZ,20240227,18.1,18.64,17.84,18.48,18.05,0.43,2.3823,104626.4,191534.516
300446.SZ,20240227,12.91,13.52,12.81,13.49,12.99,0.5,3.8491,93735.6,124366.643
300447.SZ,20240227,11.29,11.88,11.29,11.88,11.42,0.46,4.028,55226.77,64080.853
300448.SZ,20240227,4.13,4.29,4.09,4.29,4.17,0.12,2.8777,133972.8,56269.769
300449.SZ,20240227,4.58,4.75,4.5,4.74,4.6,0.14,3.0435,107875.5,50326.747
300450.SZ,20240227,22.06,22.61,21.91,22.6,22.3,0.3,1.3453,261008.54,579759.198
300451.SZ,20240227,4.78,5.02,4.73,5.02,4.75,0.27,5.6842,364469.47,178050.99
300452.SZ,20240227,12.83,13.08,12.67,13.03,12.87,0.16,1.2432,27150.45,35051.019
300453.SZ,20240227,6.26,6.44,6.16,6.42,6.26,0.16,2.5559,41344.07,26176.691
300454.SZ,20240227,61.23,64.03,60.67,64.03,61.23,2.8,4.5729,41299.84,258148.951
300455.SZ,20240227,10.55,11.1,10.51,11.05,10.64,0.41,3.8534,191758.7,207744.48
300456.SZ,20240227,19.87,20.6,19.65,20.55,19.92,0.63,3.1627,239315.93,483976.412
300457.SZ,20240227,15.89,16.47,15.81,16.45,16.03,0.42,2.6201,128189.85,207563.04
300458.SZ,20240227,18.67,19.39,18.4,19.37,18.76,0.61,3.2516,181909.29,344844.974
300459.SZ,20240227,4.49,4.77,4.46,4.74,4.51,0.23,5.0998,2870499.85,1334746.769
300460.SZ,20240227,8.77,9.35,8.51,9.15,8.81,0.34,3.8593,142646.2,128071.969
300461.SZ,20240227,18.2,18.88,17.77,18.65,18.95,-0.3,-1.5831,78124.3,142418.598
300462.SZ,20240227,8.58,8.88,8.38,8.85,8.72,0.13,1.4908,97438.8,84375.8
300463.SZ,20240227,12.64,12.91,12.56,12.91,12.69,0.22,1.7336,53994.0,68945.846
300464.SZ,20240227,4.52,4.6,4.4,4.58,4.5,0.08,1.7778,42266.52,19076.786
300465.SZ,20240227,8.25,8.55,8.05,8.53,8.2,0.33,4.0244,119803.3,100015.628
300466.SZ,20240227,7.6,7.92,7.4,7.8,7.8,0.0,0.0,696767.6,530574.554
300467.SZ,20240227,13.29,13.99,13.1,13.98,13.28,0.7,5.2711,62600.0,85317.324
300468.SZ,20240227,8.72,9.32,8.67,9.2,8.74,0.46,5.2632,219098.78,197253.612
300469.SZ,20240227,10.14,10.47,9.86,10.44,10.15,0.29,2.8571,168354.07,171613.789
300470.SZ,20240227,33.01,33.7,32.61,33.58,33.55,0.03,0.0894,17363.0,57410.097
300471.SZ,20240227,9.79,10.15,9.77,10.15,9.87,0.28,2.8369,60095.2,60363.799
300472.SZ,20240227,6.66,6.99,6.34,6.9,6.98,-0.08,-1.1461,279318.32,186627.249
300473.SZ,20240227,15.06,15.87,15.06,15.84,15.2,0.64,4.2105,58705.0,91330.036
300474.SZ,20240227,59.23,65.0,58.88,63.26,59.99,3.27,5.4509,159651.11,984909.324
300475.SZ,20240227,30.19,32.38,30.01,32.19,30.4,1.79,5.8882,188577.49,594153.046
300476.SZ,20240227,19.98,22.5,19.9,22.43,20.2,2.23,11.0396,798242.25,1728185.576
300477.SZ,20240227,2.75,2.83,2.72,2.83,2.78,0.05,1.7986,208144.3,57962.621
300478.SZ,20240227,9.9,10.16,9.82,10.15,10.0,0.15,1.5,61527.8,61725.364
300479.SZ,20240227,17.04,17.76,16.88,17.75,17.25,0.5,2.8986,97366.72,168548.425
300480.SZ,20240227,16.91,17.52,16.73,17.48,17.26,0.22,1.2746,122473.42,209246.345
300481.SZ,20240227,13.75,14.1,13.65,14.09,13.82,0.27,1.9537,38375.07,53468.093
300482.SZ,20240227,26.21,26.91,26.03,26.9,26.2,0.7,2.6718,48964.39,129451.677
300483.SZ,20240227,8.88,9.09,8.73,9.09,8.85,0.24,2.7119,34112.6,30690.062
300484.SZ,20240227,9.06,9.35,8.83,9.35,9.06,0.29,3.2009,46930.45,42976.122
300485.SZ,20240227,8.31,8.51,8.25,8.51,8.35,0.16,1.9162,47281.0,39826.099
300486.SZ,20240227,7.14,7.92,6.95,7.92,6.6,1.32,20.0,941473.27,719101.278
300487.SZ,20240227,46.97,49.5,46.73,49.48,47.28,2.2,4.6531,48203.86,233066.202
300488.SZ,20240227,23.0,23.35,22.51,23.26,23.32,-0.06,-0.2573,41210.6,94418.023
300489.SZ,20240227,15.4,15.75,14.97,15.75,15.48,0.27,1.7442,24212.15,37491.597
300490.SZ,20240227,8.96,9.33,8.86,9.31,9.0,0.31,3.4444,145192.0,132542.546
300491.SZ,20240227,18.59,19.03,18.23,18.98,18.56,0.42,2.2629,45992.0,86014.785
300492.SZ,20240227,94.4,99.43,94.01,98.0,96.05,1.95,2.0302,9377.8,91834.769
300493.SZ,20240227,7.08,7.08,6.8,7.06,6.98,0.08,1.1461,251832.82,174913.42
300494.SZ,20240227,14.26,15.22,14.18,15.22,14.4,0.82,5.6944,711763.13,1058881.66
300496.SZ,20240227,57.67,60.9,57.26,60.82,58.43,2.39,4.0904,187937.37,1110444.703
300497.SZ,20240227,7.89,8.15,7.81,8.15,7.92,0.23,2.904,54721.42,43746.437
300498.SZ,20240227,19.37,19.9,19.33,19.76,19.44,0.32,1.6461,336023.27,662962.992
300499.SZ,20240227,11.05,12.01,11.05,11.94,11.25,0.69,6.1333,256559.92,299233.741
300500.SZ,20240227,9.92,10.27,9.74,10.25,9.91,0.34,3.4309,37662.19,38018.97
300501.SZ,20240227,11.8,12.03,11.47,12.01,11.86,0.15,1.2648,25139.14,29784.592
300502.SZ,20240227,59.67,65.0,59.12,63.73,60.72,3.01,4.9572,635617.37,3985691.395
300503.SZ,20240227,15.58,16.27,15.5,16.11,15.79,0.32,2.0266,333782.0,530862.258
300504.SZ,20240227,14.22,15.05,14.1,15.0,14.24,0.76,5.3371,54923.69,80261.466
300505.SZ,20240227,10.89,11.12,10.65,11.12,10.8,0.32,2.963,108483.88,118873.435
300506.SZ,20240227,3.66,3.92,3.58,3.92,3.69,0.23,6.2331,160503.95,60700.975
300507.SZ,20240227,5.27,5.55,5.22,5.55,5.28,0.27,5.1136,330890.92,179600.597
300508.SZ,20240227,22.3,23.3,21.86,23.26,23.61,-0.35,-1.4824,71815.72,161652.567
300509.SZ,20240227,5.12,5.32,5.05,5.31,5.15,0.16,3.1068,103272.26,54062.692
300510.SZ,20240227,4.73,4.89,4.7,4.89,4.77,0.12,2.5157,153047.39,73826.954
300511.SZ,20240227,4.07,4.18,4.03,4.17,4.07,0.1,2.457,109485.1,45241.273
300512.SZ,20240227,8.0,8.88,7.47,7.91,7.43,0.48,6.4603,350008.97,284077.186
300513.SZ,20240227,9.42,9.77,9.4,9.77,9.57,0.2,2.0899,84447.28,80879.813
300514.SZ,20240227,13.51,13.93,13.31,13.78,13.58,0.2,1.4728,80501.0,109563.496
300515.SZ,20240227,9.02,9.28,8.82,9.27,9.11,0.16,1.7563,43609.0,39890.092
300516.SZ,20240227,25.98,26.93,25.8,26.93,26.05,0.88,3.3781,22502.85,59654.408
300517.SZ,20240227,8.72,9.05,8.62,9.03,8.71,0.32,3.6739,29709.46,26380.254
300518.SZ,20240227,12.15,12.67,11.89,12.56,12.55,0.01,0.0797,69534.23,85592.662
300519.SZ,20240227,12.45,13.03,12.35,13.0,12.45,0.55,4.4177,36325.0,46474.327
300520.SZ,20240227,15.88,16.58,15.71,16.58,16.09,0.49,3.0454,117246.52,189491.588
300521.SZ,20240227,10.09,10.32,10.0,10.3,10.09,0.21,2.0813,30793.8,31336.416
300522.SZ,20240227,10.28,10.76,10.2,10.73,10.33,0.4,3.8722,43291.8,45554.518
300523.SZ,20240227,22.2,22.64,21.7,22.41,22.2,0.21,0.9459,112945.17,251330.985
300525.SZ,20240227,14.0,14.43,13.96,14.41,14.06,0.35,2.4893,103080.28,146383.642
300527.SZ,20240227,6.75,7.03,6.72,7.03,6.82,0.21,3.0792,135503.9,93117.128
300528.SZ,20240227,8.36,8.6,8.2,8.59,8.47,0.12,1.4168,119625.0,101290.269
300529.SZ,20240227,20.0,20.26,19.83,20.26,20.05,0.21,1.0474,41789.95,83886.785
300530.SZ,20240227,16.99,18.32,16.82,17.98,16.85,1.13,6.7062,85238.24,151097.513
300531.SZ,20240227,12.25,12.73,12.11,12.73,12.25,0.48,3.9184,124157.56,153969.204
300532.SZ,20240227,14.55,15.49,14.42,15.25,14.57,0.68,4.6671,232513.79,350083.38
300533.SZ,20240227,25.49,27.18,25.28,26.85,25.7,1.15,4.4747,163874.0,431335.282
300534.SZ,20240227,8.45,8.78,8.32,8.67,8.45,0.22,2.6036,138582.5,118641.437
300535.SZ,20240227,12.31,12.86,12.1,12.85,12.39,0.46,3.7127,26900.83,33921.247
300536.SZ,20240227,18.19,19.06,17.9,18.87,18.2,0.67,3.6813,71750.55,133124.261
300537.SZ,20240227,15.07,15.76,14.9,15.69,15.07,0.62,4.1141,142736.82,218990.223
300538.SZ,20240227,13.93,15.45,13.7,15.29,13.98,1.31,9.3705,154927.5,229440.906
300539.SZ,20240227,9.0,9.49,8.92,9.49,9.09,0.4,4.4004,63769.15,58898.195
300540.SZ,20240227,20.63,21.33,20.41,21.28,20.79,0.49,2.3569,16308.03,34422.063
300541.SZ,20240227,14.37,14.91,14.11,14.88,14.73,0.15,1.0183,274211.19,398936.175
300542.SZ,20240227,9.9,10.52,9.85,10.46,9.99,0.47,4.7047,98440.4,100685.562
300543.SZ,20240227,7.7,7.98,7.61,7.98,7.72,0.26,3.3679,52395.61,41091.281
300545.SZ,20240227,26.5,27.42,26.31,27.42,26.74,0.68,2.543,61652.61,166462.866
300546.SZ,20240227,11.53,12.7,11.31,12.55,11.58,0.97,8.3765,76884.4,93180.501
300547.SZ,20240227,15.4,16.04,15.12,16.04,15.19,0.85,5.5958,51107.93,80635.835
300548.SZ,20240227,24.81,26.61,24.45,26.33,24.83,1.5,6.0411,254498.22,655134.839
300549.SZ,20240227,15.01,15.97,14.68,15.81,15.01,0.8,5.3298,95911.45,148363.492
300550.SZ,20240227,11.85,12.15,11.75,12.08,11.95,0.13,1.0879,23841.5,28515.488
300551.SZ,20240227,14.75,14.95,14.11,14.87,14.93,-0.06,-0.4019,170914.06,248562.808
300552.SZ,20240227,19.72,21.3,19.38,21.0,19.67,1.33,6.7616,212878.8,437923.197
300553.SZ,20240227,26.24,26.98,25.8,26.95,26.52,0.43,1.6214,32272.3,85131.536
300554.SZ,20240227,18.41,19.55,18.26,19.52,18.63,0.89,4.7772,79316.63,150600.469
300555.SZ,20240227,6.26,6.35,6.22,6.32,6.29,0.03,0.4769,27383.92,17242.765
300556.SZ,20240227,23.2,24.82,22.96,24.72,23.99,0.73,3.0429,251464.96,603884.101
300557.SZ,20240227,27.9,28.4,27.54,28.38,27.59,0.79,2.8634,13956.0,39000.307
300558.SZ,20240227,42.57,43.66,42.4,43.63,42.9,0.73,1.7016,39570.69,170086.256
300559.SZ,20240227,12.12,13.11,12.06,12.93,12.3,0.63,5.122,112746.0,143024.22
300560.SZ,20240227,15.42,16.06,15.14,16.06,15.5,0.56,3.6129,205225.91,319160.112
300561.SZ,20240227,9.37,9.9,9.33,9.9,9.44,0.46,4.8729,62914.08,60733.157
300562.SZ,20240227,8.58,8.94,8.43,8.94,8.66,0.28,3.2333,77057.31,67421.41
300563.SZ,20240227,11.74,12.4,11.7,12.4,11.8,0.6,5.0847,64276.4,77584.838
300564.SZ,20240227,9.91,10.18,9.71,10.07,9.91,0.16,1.6145,31473.6,31542.011
300565.SZ,20240227,11.39,11.88,11.24,11.86,11.38,0.48,4.2179,59937.8,69513.895
300566.SZ,20240227,13.56,14.1,13.45,14.1,13.66,0.44,3.2211,59088.9,81810.861
300567.SZ,20240227,60.02,64.2,59.08,64.02,59.79,4.23,7.0748,54005.13,336167.429
300568.SZ,20240227,12.03,12.3,11.92,12.3,12.04,0.26,2.1595,215939.39,261656.384
300569.SZ,20240227,5.16,5.34,5.14,5.34,5.2,0.14,2.6923,179365.34,93892.715
300570.SZ,20240227,38.08,41.27,37.75,40.94,38.5,2.44,6.3377,260284.15,1030690.251
300571.SZ,20240227,26.36,28.46,26.29,28.37,26.75,1.62,6.0561,50089.5,137666.846
300572.SZ,20240227,12.47,12.65,12.26,12.65,12.61,0.04,0.3172,65469.7,81466.05
300573.SZ,20240227,145.5,150.48,142.66,149.8,146.89,2.91,1.9811,33744.56,495269.08
300575.SZ,20240227,6.31,6.5,6.24,6.5,6.35,0.15,2.3622,69876.42,44746.153
300576.SZ,20240227,34.75,36.65,34.71,36.63,35.15,1.48,4.2105,138735.41,497181.04
300577.SZ,20240227,12.7,13.75,12.7,13.23,12.87,0.36,2.7972,22229.54,29285.882
300578.SZ,20240227,15.54,15.99,15.33,15.9,16.06,-0.16,-0.9963,154242.55,241964.655
300579.SZ,20240227,21.94,22.87,21.81,22.87,21.95,0.92,4.1913,46439.28,104468.951
300580.SZ,20240227,27.92,30.91,27.46,30.91,28.2,2.71,9.6099,157887.44,458695.757
300581.SZ,20240227,7.65,7.94,7.56,7.93,7.63,0.3,3.9318,80668.02,62779.367
300582.SZ,20240227,8.68,9.03,8.5,9.01,8.67,0.34,3.9216,58652.37,51813.993
300583.SZ,20240227,16.85,17.7,16.68,17.7,16.85,0.85,5.0445,27163.36,47156.099
300584.SZ,20240227,17.83,18.27,17.56,18.25,17.9,0.35,1.9553,22759.0,40913.777
300585.SZ,20240227,11.97,13.08,11.68,12.76,12.2,0.56,4.5902,116572.01,142818.792
300586.SZ,20240227,6.49,6.64,6.39,6.64,6.44,0.2,3.1056,100009.25,65309.339
300587.SZ,20240227,4.25,4.47,4.25,4.46,4.3,0.16,3.7209,179066.58,78335.965
300588.SZ,20240227,9.1,9.77,9.01,9.73,9.17,0.56,6.1069,99833.2,94428.947
300589.SZ,20240227,11.1,11.36,11.0,11.36,11.12,0.24,2.1583,64474.95,72387.564
300590.SZ,20240227,9.07,9.5,9.02,9.5,9.14,0.36,3.9387,70441.71,65479.367
300591.SZ,20240227,4.4,4.56,4.33,4.56,4.5,0.06,1.3333,162635.2,72711.964
300592.SZ,20240227,19.55,20.45,19.43,20.41,19.71,0.7,3.5515,51655.47,103539.136
300593.SZ,20240227,10.61,11.25,10.5,11.15,10.61,0.54,5.0895,173785.08,188868.28
300594.SZ,20240227,15.75,16.24,15.45,16.1,15.5,0.6,3.871,24501.25,38584.895
300595.SZ,20240227,20.04,20.36,19.8,20.36,20.08,0.28,1.3944,102446.83,205600.743
300596.SZ,20240227,23.9,24.56,23.65,24.56,23.95,0.61,2.547,21733.23,52528.987
300597.SZ,20240227,7.31,7.63,7.25,7.63,7.33,0.3,4.0928,66926.0,49933.345
300598.SZ,20240227,38.86,40.0,38.62,39.93,38.86,1.07,2.7535,66303.34,260895.246
300599.SZ,20240227,5.99,6.25,5.92,6.24,6.04,0.2,3.3113,46631.0,28551.636
300600.SZ,20240227,8.33,8.57,8.27,8.56,8.34,0.22,2.6379,68204.5,57471.503
300601.SZ,20240227,23.86,24.44,23.66,24.44,24.04,0.4,1.6639,113153.55,272167.672
300602.SZ,20240227,13.91,15.2,13.75,15.08,13.93,1.15,8.2556,223756.04,323032.437
300603.SZ,20240227,8.63,9.11,8.59,9.05,8.71,0.34,3.9036,204767.38,181561.931
300604.SZ,20240227,27.86,29.47,27.17,29.2,28.04,1.16,4.1369,230414.16,655479.269
300605.SZ,20240227,10.88,11.31,10.81,11.31,11.01,0.3,2.7248,70486.18,77830.119
300606.SZ,20240227,23.25,24.04,22.77,24.0,23.8,0.2,0.8403,121013.6,283299.283
300607.SZ,20240227,13.25,13.6,12.9,13.58,13.38,0.2,1.4948,202750.55,268688.246
300608.SZ,20240227,12.03,13.23,12.0,13.18,12.24,0.94,7.6797,319695.93,406915.256
300609.SZ,20240227,20.81,21.76,20.32,21.74,20.75,0.99,4.7711,145810.54,308404.885
300610.SZ,20240227,8.71,8.78,8.51,8.77,8.64,0.13,1.5046,28774.91,25007.563
300611.SZ,20240227,8.62,8.97,8.48,8.94,8.42,0.52,6.1758,57900.0,50512.057
300612.SZ,20240227,17.05,18.0,16.58,17.88,17.92,-0.04,-0.2232,230664.78,402637.927
300613.SZ,20240227,34.49,36.92,34.28,36.92,34.68,2.24,6.4591,57730.63,207359.439
300614.SZ,20240227,13.32,13.8,13.18,13.79,13.31,0.48,3.6063,21350.55,28984.108
300615.SZ,20240227,12.32,12.99,12.12,12.95,12.3,0.65,5.2846,59276.0,74765.382
300616.SZ,20240227,14.5,14.92,14.36,14.91,14.58,0.33,2.2634,17883.03,26361.634
300617.SZ,20240227,26.5,27.2,26.32,27.19,26.6,0.59,2.218,15296.75,40961.44
300618.SZ,20240227,22.74,23.57,22.62,23.57,22.84,0.73,3.1961,45033.03,104260.939
300619.SZ,20240227,40.19,41.07,39.3,41.05,40.08,0.97,2.4202,7795.0,31652.38
300620.SZ,20240227,43.05,45.97,42.8,45.59,43.7,1.89,4.3249,224131.76,1001208.092
300621.SZ,20240227,8.42,8.74,8.28,8.66,8.43,0.23,2.7284,39986.5,34387.007
300622.SZ,20240227,15.76,16.95,15.61,16.76,15.83,0.93,5.8749,39328.15,64752.799
300623.SZ,20240227,13.81,14.63,13.71,14.63,13.87,0.76,5.4795,123196.84,175008.376
300624.SZ,20240227,100.88,106.8,100.18,105.79,102.53,3.26,3.1796,192020.85,1998441.669
300625.SZ,20240227,12.12,12.42,12.06,12.27,12.2,0.07,0.5738,35910.7,43886.074
300626.SZ,20240227,7.16,7.53,7.03,7.51,7.18,0.33,4.5961,74335.4,54484.282
300627.SZ,20240227,25.86,26.91,25.72,26.87,25.96,0.91,3.5054,74647.04,196776.132
300628.SZ,20240227,29.23,29.79,28.55,29.72,29.14,0.58,1.9904,89105.89,260665.255
300629.SZ,20240227,17.28,18.53,17.22,18.35,17.37,0.98,5.6419,80694.48,144303.862
300630.SZ,20240227,18.71,19.36,18.67,19.36,18.84,0.52,2.7601,147631.76,280978.683
300631.SZ,20240227,21.57,22.85,21.56,22.85,21.88,0.97,4.4333,20324.28,45817.753
300632.SZ,20240227,9.57,9.93,9.45,9.93,9.63,0.3,3.1153,41576.3,40514.199
300633.SZ,20240227,39.43,40.03,38.6,40.03,39.72,0.31,0.7805,39337.91,154796.89
300634.SZ,20240227,18.02,19.0,17.91,18.96,18.22,0.74,4.0615,248085.33,458647.498
300635.SZ,20240227,9.45,9.83,9.41,9.82,9.58,0.24,2.5052,80952.6,78384.427
300636.SZ,20240227,7.98,8.08,7.88,8.06,8.05,0.01,0.1242,49491.76,39628.566
300637.SZ,20240227,7.18,7.96,7.12,7.72,7.35,0.37,5.034,277940.3,207462.657
300638.SZ,20240227,15.86,16.8,15.78,16.78,15.85,0.93,5.8675,216048.78,352868.34
300639.SZ,20240227,7.37,7.5,7.34,7.5,7.39,0.11,1.4885,54733.13,40682.801
300640.SZ,20240227,4.84,4.96,4.81,4.95,4.88,0.07,1.4344,56378.7,27721.022
300641.SZ,20240227,4.16,4.32,4.11,4.32,4.15,0.17,4.0964,50172.5,21169.126
300642.SZ,20240227,13.9,14.19,13.75,14.06,13.89,0.17,1.2239,16837.0,23468.615
300643.SZ,20240227,9.74,10.16,9.66,10.15,9.78,0.37,3.7832,60883.12,60807.305
300644.SZ,20240227,15.04,16.0,14.81,15.68,15.04,0.64,4.2553,49159.2,76083.532
300645.SZ,20240227,14.59,15.14,14.3,15.11,14.8,0.31,2.0946,99225.63,146392.856
300647.SZ,20240227,4.45,4.68,4.39,4.67,4.44,0.23,5.1802,141913.92,64622.977
300648.SZ,20240227,18.88,19.43,18.6,19.43,18.94,0.49,2.5871,23522.0,44954.644
300649.SZ,20240227,12.22,12.6,11.98,12.6,12.08,0.52,4.3046,45596.66,56220.127
300650.SZ,20240227,9.87,10.22,9.65,10.22,9.95,0.27,2.7136,85624.58,85739.621
300651.SZ,20240227,14.65,15.45,14.47,15.4,14.69,0.71,4.8332,22738.8,34245.536
300652.SZ,20240227,18.98,19.99,18.77,19.95,19.07,0.88,4.6146,25414.51,49805.215
300653.SZ,20240227,23.55,23.95,23.36,23.9,23.57,0.33,1.4001,22429.4,52906.328
300654.SZ,20240227,9.7,10.15,9.54,10.15,9.79,0.36,3.6772,271466.34,270107.013
300655.SZ,20240227,7.65,8.0,7.58,8.0,7.7,0.3,3.8961,217987.74,170107.234
300656.SZ,20240227,20.51,21.18,20.36,21.17,20.5,0.67,3.2683,16789.21,35034.473
300657.SZ,20240227,16.65,17.71,16.58,17.66,16.79,0.87,5.1817,272950.09,470036.035
300658.SZ,20240227,5.16,5.37,5.11,5.34,5.16,0.18,3.4884,81550.58,42829.092
300659.SZ,20240227,16.76,18.49,16.65,18.09,16.95,1.14,6.7257,81411.6,142959.254
300660.SZ,20240227,25.72,27.5,25.5,27.49,26.1,1.39,5.3257,150959.22,406129.659
300661.SZ,20240227,67.38,71.89,66.24,71.23,67.81,3.42,5.0435,52053.41,356629.166
300662.SZ,20240227,21.6,22.29,21.52,22.29,21.75,0.54,2.4828,18845.23,41409.719
300663.SZ,20240227,11.28,11.82,11.19,11.82,11.3,0.52,4.6018,205447.76,237161.175
300664.SZ,20240227,4.66,4.75,4.64,4.75,4.68,0.07,1.4957,83581.0,39199.375
300665.SZ,20240227,6.38,6.6,6.37,6.6,6.41,0.19,2.9641,67596.48,44113.337
300666.SZ,20240227,45.44,47.37,45.43,47.37,45.93,1.44,3.1352,57216.47,265744.361
300667.SZ,20240227,13.46,13.91,13.22,13.89,13.54,0.35,2.5849,37956.19,51665.672
300668.SZ,20240227,21.76,22.4,21.64,22.2,22.0,0.2,0.9091,12463.78,27522.741
300669.SZ,20240227,12.15,12.73,12.15,12.67,12.21,0.46,3.7674,16626.94,20842.345
300670.SZ,20240227,5.28,5.44,5.16,5.41,5.29,0.12,2.2684,142258.84,75615.009
300671.SZ,20240227,24.42,25.77,24.31,25.74,24.67,1.07,4.3373,61083.18,153400.812
300672.SZ,20240227,51.8,54.76,51.45,54.69,52.21,2.48,4.75,84872.76,452112.304
300673.SZ,20240227,11.37,11.65,11.33,11.65,11.45,0.2,1.7467,18082.0,20851.466
300674.SZ,20240227,13.88,14.06,13.43,14.05,13.36,0.69,5.1647,219586.81,302000.838
300675.SZ,20240227,11.28,11.8,11.2,11.79,11.33,0.46,4.06,49643.25,57753.985
300676.SZ,20240227,43.9,45.13,43.56,45.13,44.1,1.03,2.3356,34729.16,154606.334
300677.SZ,20240227,21.44,21.48,21.16,21.46,21.42,0.04,0.1867,80814.6,172274.826
300678.SZ,20240227,33.02,36.39,32.35,35.66,33.88,1.78,5.2538,439744.29,1517163.84
300679.SZ,20240227,36.37,38.24,36.21,38.17,36.65,1.52,4.1473,47504.11,178124.418
300680.SZ,20240227,15.8,16.27,15.67,16.19,15.8,0.39,2.4684,37151.21,59569.199
300681.SZ,20240227,13.77,14.62,13.75,14.62,13.81,0.81,5.8653,54396.38,77695.905
300682.SZ,20240227,12.51,13.0,12.35,13.0,12.53,0.47,3.751,130874.88,166321.764
300683.SZ,20240227,26.05,26.79,25.86,26.78,26.24,0.54,2.0579,11113.0,29341.99
300684.SZ,20240227,14.45,15.39,14.45,15.37,14.63,0.74,5.0581,84801.72,126982.001
300685.SZ,20240227,20.46,21.3,20.28,21.3,20.53,0.77,3.7506,50891.4,106069.451
300686.SZ,20240227,7.09,7.33,7.03,7.33,7.16,0.17,2.3743,108932.99,78364.961
300687.SZ,20240227,18.38,19.38,18.18,19.37,18.41,0.96,5.2146,144451.09,272546.667
300688.SZ,20240227,24.9,27.25,24.7,26.6,25.3,1.3,5.1383,161594.34,419811.546
300689.SZ,20240227,13.84,15.17,13.8,15.04,13.93,1.11,7.9684,28364.3,41397.533
300690.SZ,20240227,13.55,14.47,13.5,14.42,13.52,0.9,6.6568,69961.34,98853.735
300691.SZ,20240227,16.91,17.52,16.79,17.52,17.15,0.37,2.1574,70575.65,121329.189
300692.SZ,20240227,5.28,5.44,5.25,5.42,5.32,0.1,1.8797,36848.4,19720.964
300693.SZ,20240227,27.38,29.0,27.28,28.95,27.68,1.27,4.5882,141105.79,396797.251
300694.SZ,20240227,9.5,9.84,9.4,9.83,9.58,0.25,2.6096,39283.0,38187.713
300695.SZ,20240227,42.18,44.0,41.31,43.99,42.19,1.8,4.2664,5810.31,25234.591
300696.SZ,20240227,13.2,13.65,13.04,13.63,13.18,0.45,3.4143,67108.64,89788.483
300697.SZ,20240227,9.28,9.59,9.18,9.57,9.32,0.25,2.6824,58170.0,55050.667
300698.SZ,20240227,28.55,30.98,28.1,30.38,28.5,1.88,6.5965,26509.0,79310.892
300699.SZ,20240227,26.54,27.48,26.37,27.48,26.56,0.92,3.4639,191698.6,519669.658
300700.SZ,20240227,12.23,12.77,12.08,12.76,12.38,0.38,3.0695,81972.27,101810.354
300701.SZ,20240227,7.97,8.24,7.81,8.24,8.04,0.2,2.4876,60061.33,48362.499
300702.SZ,20240227,17.53,17.72,17.38,17.72,17.49,0.23,1.315,21496.74,37758.1
300703.SZ,20240227,8.6,8.82,8.52,8.77,8.63,0.14,1.6222,50699.25,44260.749
300705.SZ,20240227,33.46,34.6,33.02,34.52,33.54,0.98,2.9219,36873.11,126186.013
300706.SZ,20240227,19.5,20.1,19.24,20.1,19.54,0.56,2.8659,25790.0,50908.677
300707.SZ,20240227,13.74,14.43,13.68,14.4,13.85,0.55,3.9711,80443.41,114352.612
300708.SZ,20240227,9.88,10.11,9.71,10.1,9.85,0.25,2.5381,120905.06,120240.499
300709.SZ,20240227,25.45,26.72,25.18,26.53,25.46,1.07,4.2027,147540.06,385422.763
300710.SZ,20240227,16.53,17.35,16.32,17.28,16.51,0.77,4.6638,25577.7,43234.197
300711.SZ,20240227,11.98,12.53,11.83,12.34,12.16,0.18,1.4803,137215.01,166973.703
300712.SZ,20240227,20.0,20.86,19.82,20.85,20.1,0.75,3.7313,20582.0,41952.48
300713.SZ,20240227,13.67,13.86,13.13,13.71,12.89,0.82,6.3615,74746.18,100535.98
300715.SZ,20240227,9.55,9.55,9.35,9.48,9.44,0.04,0.4237,11052.2,10430.045
300716.SZ,20240227,8.56,8.89,8.41,8.89,8.67,0.22,2.5375,93285.79,80978.984
300717.SZ,20240227,12.26,12.88,12.05,12.88,12.28,0.6,4.886,18183.91,22915.395
300718.SZ,20240227,15.49,16.19,15.25,15.99,15.63,0.36,2.3033,57314.43,90784.941
300719.SZ,20240227,10.29,10.84,10.2,10.83,10.36,0.47,4.5367,71047.0,74776.509
300720.SZ,20240227,14.0,14.48,13.41,14.0,14.24,-0.24,-1.6854,104331.58,146953.132
300721.SZ,20240227,10.54,11.0,10.31,10.97,10.4,0.57,5.4808,42461.11,45502.508
300722.SZ,20240227,21.36,21.97,20.67,21.96,21.38,0.58,2.7128,37437.44,81155.423
300723.SZ,20240227,22.72,23.2,22.65,23.2,22.91,0.29,1.2658,37420.96,85730.904
300724.SZ,20240227,61.3,63.77,61.01,63.77,61.72,2.05,3.3215,88407.41,552089.118
300725.SZ,20240227,30.32,31.3,30.02,31.3,30.49,0.81,2.6566,36105.54,111065.299
300726.SZ,20240227,24.08,25.37,23.88,25.37,24.19,1.18,4.878,52820.82,130370.005
300727.SZ,20240227,20.45,21.25,20.3,21.23,20.5,0.73,3.561,19214.42,40280.304
300729.SZ,20240227,18.1,18.63,17.75,18.59,18.18,0.41,2.2552,120876.29,220773.914
300730.SZ,20240227,9.89,10.31,9.81,10.25,9.98,0.27,2.7054,159945.5,161025.623
300731.SZ,20240227,14.93,16.76,14.65,16.36,15.09,1.27,8.4162,128764.61,203750.046
300732.SZ,20240227,7.32,7.55,7.24,7.54,7.32,0.22,3.0055,39149.27,28976.072
300733.SZ,20240227,8.97,9.45,8.85,9.44,8.92,0.52,5.8296,48681.4,44609.277
300735.SZ,20240227,18.37,19.88,18.15,19.44,18.67,0.77,4.1243,759832.41,1438012.11
300736.SZ,20240227,12.41,12.67,12.37,12.62,12.4,0.22,1.7742,17595.8,22138.19
300737.SZ,20240227,5.15,5.31,5.11,5.31,5.15,0.16,3.1068,128677.2,67531.936
300738.SZ,20240227,8.8,9.46,8.78,9.45,8.86,0.59,6.6591,460922.77,424490.356
300739.SZ,20240227,12.1,13.48,11.91,13.48,11.23,2.25,20.0356,144988.91,184551.891
300740.SZ,20240227,15.74,16.16,15.73,16.15,15.84,0.31,1.9571,74783.61,119888.82
300741.SZ,20240227,18.62,19.27,18.39,19.26,18.62,0.64,3.4372,17870.0,33659.142
300743.SZ,20240227,10.66,11.04,10.49,11.04,10.65,0.39,3.662,36205.37,39126.71
300745.SZ,20240227,18.87,19.73,18.74,19.68,18.72,0.96,5.1282,51729.28,99813.34
300746.SZ,20240227,7.39,7.62,7.33,7.62,7.39,0.23,3.1123,31828.0,23992.274
300747.SZ,20240227,20.75,21.48,20.46,21.43,20.91,0.52,2.4868,115014.55,241171.095
300748.SZ,20240227,17.57,17.86,17.41,17.86,17.71,0.15,0.847,133356.07,235699.35
300749.SZ,20240227,6.63,6.83,6.55,6.8,6.63,0.17,2.5641,58631.6,39513.1
300750.SZ,20240227,155.08,157.85,154.54,157.83,156.0,1.83,1.1731,290400.75,4531078.101
300751.SZ,20240227,116.76,117.35,114.5,117.35,117.83,-0.48,-0.4074,29482.36,341496.85
300752.SZ,20240227,12.82,13.34,12.57,13.33,12.76,0.57,4.4671,42557.01,55363.126
300753.SZ,20240227,12.1,12.65,12.01,12.65,12.14,0.51,4.201,39849.71,49474.505
300755.SZ,20240227,16.9,17.17,16.73,17.16,16.96,0.2,1.1792,20340.77,34651.544
300756.SZ,20240227,12.33,12.88,12.13,12.86,12.39,0.47,3.7934,33367.3,42367.217
300757.SZ,20240227,66.5,77.04,65.18,72.9,67.8,5.1,7.5221,82403.51,585631.08
300758.SZ,20240227,7.83,8.56,7.67,8.45,7.85,0.6,7.6433,78271.95,63884.818
300759.SZ,20240227,22.21,22.66,21.95,22.65,22.4,0.25,1.1161,272312.7,606313.382
300760.SZ,20240227,289.01,292.1,287.38,292.0,290.12,1.88,0.648,30177.26,874434.064
300761.SZ,20240227,19.3,19.7,18.7,19.07,19.0,0.07,0.3684,29314.95,55712.294
300762.SZ,20240227,12.91,13.4,12.4,13.21,12.43,0.78,6.2751,450792.79,587628.955
300763.SZ,20240227,62.2,65.3,61.8,65.05,62.85,2.2,3.5004,101399.16,643978.073
300765.SZ,20240227,32.39,34.6,31.72,34.28,32.08,2.2,6.8579,209165.29,700887.039
300766.SZ,20240227,11.56,12.5,11.32,12.45,11.56,0.89,7.699,239246.0,288628.571
300767.SZ,20240227,12.56,13.14,12.44,13.14,12.56,0.58,4.6178,76825.36,98961.809
300768.SZ,20240227,11.96,12.55,11.85,12.53,12.02,0.51,4.2429,58270.03,71406.047
300769.SZ,20240227,41.79,43.0,41.3,42.98,41.82,1.16,2.7738,97793.35,412131.409
300770.SZ,20240227,36.29,37.45,36.12,37.44,36.66,0.78,2.1277,40229.08,148792.045
300771.SZ,20240227,8.6,9.05,8.42,9.01,8.57,0.44,5.1342,53650.81,47343.454
300772.SZ,20240227,9.05,9.29,9.0,9.28,9.11,0.17,1.8661,75106.93,68836.086
300773.SZ,20240227,14.31,14.8,14.31,14.8,14.45,0.35,2.4221,174782.23,254926.346
300774.SZ,20240227,8.44,8.62,8.22,8.61,8.36,0.25,2.9904,46505.16,39575.171
300775.SZ,20240227,24.06,24.93,24.0,24.93,24.29,0.64,2.6348,85249.2,208598.267
300776.SZ,20240227,45.9,47.66,45.47,47.66,46.2,1.46,3.1602,41111.24,191697.694
300777.SZ,20240227,23.81,24.85,23.78,24.85,24.02,0.83,3.4555,49042.03,119189.618
300778.SZ,20240227,10.08,11.2,10.0,10.79,10.17,0.62,6.0964,95839.18,102486.667
300779.SZ,20240227,39.3,39.65,38.53,39.43,39.3,0.13,0.3308,23006.77,90184.618
300780.SZ,20240227,18.28,19.26,17.8,19.09,19.86,-0.77,-3.8771,270541.38,504176.935
300781.SZ,20240227,49.5,52.49,49.08,51.93,52.18,-0.25,-0.4791,232514.38,1180493.095
300782.SZ,20240227,98.9,103.18,98.22,103.06,100.1,2.96,2.957,87807.01,884993.808
300783.SZ,20240227,18.28,18.71,18.17,18.66,18.27,0.39,2.1346,81941.68,151955.101
300785.SZ,20240227,17.86,20.66,17.63,20.15,18.07,2.08,11.5108,158215.83,306945.756
300786.SZ,20240227,12.59,13.0,12.32,12.96,12.63,0.33,2.6128,67143.11,85331.996
300787.SZ,20240227,13.0,13.8,12.71,13.8,13.12,0.68,5.1829,22158.7,29672.308
300788.SZ,20240227,30.6,31.88,30.31,31.65,31.12,0.53,1.7031,130634.2,408326.45
300789.SZ,20240227,17.88,18.4,17.4,18.37,18.05,0.32,1.7729,29871.89,53756.012
300790.SZ,20240227,11.6,12.09,11.43,12.09,11.64,0.45,3.866,47403.0,56113.002
300791.SZ,20240227,30.64,30.79,29.88,30.77,30.7,0.07,0.228,5380.0,16389.307
300792.SZ,20240227,19.56,20.47,19.46,20.45,19.73,0.72,3.6493,48194.1,96745.881
300793.SZ,20240227,14.9,15.53,14.76,15.46,15.18,0.28,1.8445,207461.79,313214.849
300795.SZ,20240227,39.0,40.27,37.73,40.13,38.88,1.25,3.215,13266.62,52917.996
300796.SZ,20240227,15.6,15.85,15.41,15.78,15.52,0.26,1.6753,54724.91,85716.227
300797.SZ,20240227,10.55,10.92,10.45,10.9,10.59,0.31,2.9273,33905.37,36432.26
300798.SZ,20240227,7.93,8.39,7.83,8.38,7.96,0.42,5.2764,186572.7,152338.354
300800.SZ,20240227,10.36,10.65,10.06,10.56,10.39,0.17,1.6362,29980.0,31211.223
300801.SZ,20240227,13.56,13.79,13.45,13.79,13.61,0.18,1.3226,13416.26,18367.312
300802.SZ,20240227,16.36,17.98,16.22,17.73,16.7,1.03,6.1677,73162.96,124349.702
300803.SZ,20240227,46.22,49.09,46.11,49.06,46.23,2.83,6.1216,151677.35,720713.137
300804.SZ,20240227,23.26,24.19,23.05,24.0,23.37,0.63,2.6958,7284.52,17298.466
300805.SZ,20240227,7.62,8.0,7.51,8.0,7.66,0.34,4.4386,156860.0,122575.828
300806.SZ,20240227,9.57,9.88,9.42,9.86,9.58,0.28,2.9228,98668.6,94726.342
300807.SZ,20240227,23.15,24.8,22.8,24.51,23.47,1.04,4.4312,65760.75,156249.78
300808.SZ,20240227,13.47,14.05,13.25,13.9,13.53,0.37,2.7347,49042.0,66971.341
300809.SZ,20240227,26.32,28.2,25.8,27.39,26.97,0.42,1.5573,133320.72,356387.131
300810.SZ,20240227,16.13,16.77,15.91,16.7,16.22,0.48,2.9593,30110.0,49729.763
300811.SZ,20240227,53.01,57.77,52.91,56.39,53.53,2.86,5.3428,56279.27,313095.879
300812.SZ,20240227,29.48,30.98,29.2,30.88,30.43,0.45,1.4788,156457.8,471192.313
300813.SZ,20240227,17.51,17.9,17.18,17.86,17.57,0.29,1.6505,18087.76,31842.813
300814.SZ,20240227,29.45,31.6,29.4,31.17,29.94,1.23,4.1082,88763.02,271890.416
300815.SZ,20240227,12.89,13.13,12.65,13.13,12.96,0.17,1.3117,41788.28,54199.762
300816.SZ,20240227,18.68,19.89,18.47,19.89,18.88,1.01,5.3496,16130.02,31411.636
300817.SZ,20240227,12.22,12.7,11.91,12.66,12.39,0.27,2.1792,52927.51,65919.46
300818.SZ,20240227,30.62,30.99,30.08,30.88,30.47,0.41,1.3456,5145.51,15795.749
300819.SZ,20240227,11.79,12.27,11.58,12.15,11.85,0.3,2.5316,23048.88,27691.754
300820.SZ,20240227,44.0,45.68,43.29,45.68,44.44,1.24,2.7903,38348.07,171263.441
300821.SZ,20240227,7.32,7.55,7.25,7.54,7.38,0.16,2.168,93572.24,69558.847
300822.SZ,20240227,10.6,10.99,10.5,10.99,10.71,0.28,2.6144,50397.87,54324.105
300823.SZ,20240227,16.05,16.65,15.79,16.65,16.3,0.35,2.1472,38327.0,62815.546
300824.SZ,20240227,7.58,7.68,7.45,7.63,7.75,-0.12,-1.5484,47641.0,35998.398
300825.SZ,20240227,11.58,12.17,11.31,11.95,11.46,0.49,4.2757,196580.59,231492.836
300826.SZ,20240227,12.6,13.25,12.45,13.25,12.63,0.62,4.9089,66182.4,85458.383
300827.SZ,20240227,24.01,24.78,23.73,24.78,24.01,0.77,3.207,85414.96,207812.201
300828.SZ,20240227,11.58,12.08,11.28,11.94,11.54,0.4,3.4662,61844.5,72171.041
300829.SZ,20240227,15.54,16.28,15.39,16.1,15.43,0.67,4.3422,23309.8,37061.674
300830.SZ,20240227,6.1,6.46,6.06,6.43,6.14,0.29,4.7231,143487.0,89920.941
300831.SZ,20240227,9.52,10.05,9.4,10.05,9.51,0.54,5.6782,42019.0,41290.166
300832.SZ,20240227,77.43,78.8,76.49,78.72,77.79,0.93,1.1955,31784.02,246784.304
300833.SZ,20240227,107.0,107.0,104.01,104.92,106.0,-1.08,-1.0189,1557.0,16311.998
300834.SZ,20240227,17.66,17.94,17.46,17.92,17.66,0.26,1.4723,7742.5,13765.482
300835.SZ,20240227,24.03,24.81,23.95,24.76,24.24,0.52,2.1452,25927.4,63293.543
300836.SZ,20240227,21.18,22.46,21.02,22.12,22.26,-0.14,-0.6289,36240.82,78722.093
300837.SZ,20240227,22.99,24.1,22.87,23.97,23.52,0.45,1.9133,10682.54,25206.315
300838.SZ,20240227,12.5,12.99,12.4,12.99,12.58,0.41,3.2591,34556.0,44304.864
300839.SZ,20240227,9.11,9.19,8.97,9.15,9.12,0.03,0.3289,31451.25,28539.092
300840.SZ,20240227,14.95,15.37,14.7,15.25,15.0,0.25,1.6667,81264.0,123670.669
300841.SZ,20240227,63.75,65.6,63.51,65.29,63.91,1.38,2.1593,13486.13,87543.514
300842.SZ,20240227,77.5,79.6,77.18,79.54,78.15,1.39,1.7786,39614.53,312069.554
300843.SZ,20240227,16.15,16.96,16.0,16.96,16.18,0.78,4.8208,22786.46,37643.658
300844.SZ,20240227,23.9,24.96,23.57,24.94,24.25,0.69,2.8454,31239.4,76390.784
300845.SZ,20240227,13.51,14.65,13.42,14.4,13.65,0.75,5.4945,47298.5,67197.172
300846.SZ,20240227,12.3,12.98,12.06,12.93,12.38,0.55,4.4426,386551.95,486107.949
300847.SZ,20240227,15.85,16.52,15.72,16.52,16.0,0.52,3.25,158544.99,254623.051
300848.SZ,20240227,15.46,15.64,15.1,15.64,15.4,0.24,1.5584,30219.89,46491.462
300849.SZ,20240227,12.0,12.19,11.85,12.16,12.0,0.16,1.3333,20750.0,25078.433
300850.SZ,20240227,24.55,25.28,24.28,25.28,24.72,0.56,2.2654,77223.77,192384.752
300851.SZ,20240227,23.21,24.45,23.2,24.43,23.44,0.99,4.2235,12314.0,29504.73
300852.SZ,20240227,30.0,32.0,29.63,31.92,30.1,1.82,6.0465,18739.0,58251.332
300853.SZ,20240227,20.05,20.78,20.04,20.55,20.49,0.06,0.2928,43273.0,88024.496
300854.SZ,20240227,12.32,12.68,11.9,12.66,12.33,0.33,2.6764,41280.91,51269.823
300855.SZ,20240227,23.43,24.12,23.1,24.03,23.57,0.46,1.9516,25272.19,59536.694
300856.SZ,20240227,62.41,64.78,62.41,64.2,62.71,1.49,2.376,17680.56,113047.842
300857.SZ,20240227,47.0,50.18,45.99,49.81,47.33,2.48,5.2398,122510.4,594185.399
300858.SZ,20240227,16.87,17.27,16.72,17.26,16.97,0.29,1.7089,23614.64,40164.079
300859.SZ,20240227,24.22,24.79,24.03,24.75,24.23,0.52,2.1461,27970.13,68748.577
300860.SZ,20240227,39.72,41.4,39.61,41.4,39.93,1.47,3.6814,25638.05,104112.786
300861.SZ,20240227,27.08,27.97,26.93,27.96,27.29,0.67,2.4551,67485.02,185830.632
300862.SZ,20240227,33.7,36.0,33.4,35.97,33.95,2.02,5.9499,23219.78,81567.118
300863.SZ,20240227,38.92,41.33,38.53,41.0,38.53,2.47,6.4106,30192.76,122376.129
300864.SZ,20240227,18.12,18.69,17.95,18.6,18.21,0.39,2.1417,14355.39,26375.588
300865.SZ,20240227,14.94,15.18,14.5,15.16,14.65,0.51,3.4812,18476.85,27577.579
300866.SZ,20240227,79.95,81.85,79.38,81.84,80.36,1.48,1.8417,26944.38,216589.48
300867.SZ,20240227,12.18,12.45,12.08,12.45,12.2,0.25,2.0492,27031.01,33224.969
300868.SZ,20240227,14.5,15.42,14.15,15.4,14.35,1.05,7.3171,27511.99,41107.628
300869.SZ,20240227,17.58,18.07,17.43,18.05,17.55,0.5,2.849,36864.66,65492.377
300870.SZ,20240227,36.52,44.24,36.48,44.24,36.87,7.37,19.9892,46770.06,187957.789
300871.SZ,20240227,10.64,11.07,10.41,11.07,10.64,0.43,4.0414,34007.81,37034.361
300872.SZ,20240227,11.96,12.45,11.84,12.44,12.04,0.4,3.3223,49970.56,60889.457
300873.SZ,20240227,18.98,20.1,18.67,19.88,18.25,1.63,8.9315,82696.95,160929.893
300875.SZ,20240227,26.3,26.85,25.51,26.62,27.35,-0.73,-2.6691,96956.88,254881.538
300876.SZ,20240227,17.85,18.39,17.8,18.38,17.87,0.51,2.8539,8593.51,15635.3
300877.SZ,20240227,13.61,13.88,13.43,13.87,13.58,0.29,2.1355,14204.0,19442.103
300878.SZ,20240227,19.22,19.84,18.91,19.75,19.56,0.19,0.9714,29415.86,57438.588
300879.SZ,20240227,11.95,12.45,11.5,12.4,11.98,0.42,3.5058,38213.01,46265.287
300880.SZ,20240227,15.4,15.69,15.09,15.63,15.71,-0.08,-0.5092,87526.31,134634.596
300881.SZ,20240227,19.85,20.43,19.3,20.43,20.11,0.32,1.5912,17844.33,35644.008
300882.SZ,20240227,19.65,20.21,19.1,20.2,20.03,0.17,0.8487,87653.48,171728.422
300883.SZ,20240227,5.3,5.4,5.21,5.39,5.21,0.18,3.4549,85043.25,45265.859
300884.SZ,20240227,10.63,11.17,10.45,11.17,10.66,0.51,4.7842,121330.57,132529.525
300885.SZ,20240227,7.86,8.19,7.74,7.96,7.69,0.27,3.5111,141911.89,112690.161
300886.SZ,20240227,17.3,17.42,16.78,17.4,16.96,0.44,2.5943,8104.0,13955.197
300887.SZ,20240227,9.07,9.41,8.99,9.41,9.14,0.27,2.954,71750.28,66345.339
300888.SZ,20240227,34.7,35.38,34.56,35.38,34.92,0.46,1.3173,33166.65,116008.547
300889.SZ,20240227,12.1,12.12,11.57,11.99,12.2,-0.21,-1.7213,61864.84,72968.881
300890.SZ,20240227,24.61,25.37,24.5,25.29,24.75,0.54,2.1818,17270.77,43098.535
300891.SZ,20240227,7.45,7.93,7.45,7.92,7.47,0.45,6.0241,77071.85,60137.651
300892.SZ,20240227,16.8,17.38,16.56,17.38,16.8,0.58,3.4524,21797.0,37261.894
300893.SZ,20240227,29.55,30.68,29.34,30.56,29.1,1.46,5.0172,31562.56,95544.677
300894.SZ,20240227,13.91,14.13,13.8,14.1,14.1,0.0,0.0,64073.0,89420.225
300895.SZ,20240227,30.65,33.57,30.4,33.1,32.43,0.67,2.066,188163.17,595486.235
300896.SZ,20240227,317.11,319.89,311.93,319.5,319.0,0.5,0.1567,37614.76,1187913.219
300897.SZ,20240227,26.49,27.4,26.08,27.29,26.4,0.89,3.3712,8568.05,23090.275
300898.SZ,20240227,19.6,20.09,19.32,19.93,19.62,0.31,1.58,36740.0,72650.034
300899.SZ,20240227,22.69,23.68,22.55,23.5,22.94,0.56,2.4412,77343.33,180202.975
300900.SZ,20240227,19.96,20.31,19.68,20.3,19.82,0.48,2.4218,24585.97,49060.539
300901.SZ,20240227,8.13,8.45,7.79,8.36,8.55,-0.19,-2.2222,149153.66,120591.017
300902.SZ,20240227,27.88,29.48,27.61,29.04,28.36,0.68,2.3977,19087.13,55087.153
300903.SZ,20240227,7.84,8.24,7.76,8.13,8.09,0.04,0.4944,428083.61,340892.324
300904.SZ,20240227,48.03,49.32,47.18,49.22,47.92,1.3,2.7129,36321.9,175181.805
300905.SZ,20240227,13.4,14.14,13.36,14.08,13.57,0.51,3.7583,33863.74,46961.896
300906.SZ,20240227,19.2,19.71,19.09,19.71,19.29,0.42,2.1773,13138.58,25675.215
300907.SZ,20240227,16.0,16.76,15.91,16.76,16.18,0.58,3.5847,22247.0,36414.091
300908.SZ,20240227,38.16,38.4,37.04,37.77,36.15,1.62,4.4813,17994.35,67515.366
300909.SZ,20240227,21.36,22.39,20.91,22.39,21.2,1.19,5.6132,35899.05,78367.457
300910.SZ,20240227,43.21,44.38,43.21,44.35,43.93,0.42,0.9561,12681.9,55837.488
300911.SZ,20240227,30.4,31.75,29.8,31.38,30.68,0.7,2.2816,40118.03,123715.964
300912.SZ,20240227,13.4,13.79,13.19,13.7,13.48,0.22,1.632,42851.3,58312.405
300913.SZ,20240227,27.83,30.3,27.03,29.7,29.4,0.3,1.0204,214746.79,608192.662
300915.SZ,20240227,27.69,27.97,27.14,27.97,27.46,0.51,1.8572,7523.0,20810.194
300916.SZ,20240227,17.75,18.79,17.51,18.79,18.09,0.7,3.8695,34787.33,63880.854
300917.SZ,20240227,23.11,24.32,23.03,24.32,23.42,0.9,3.8429,98345.41,234420.789
300918.SZ,20240227,9.69,9.79,9.55,9.78,9.66,0.12,1.2422,23020.95,22286.595
300919.SZ,20240227,45.23,46.3,45.1,46.28,45.46,0.82,1.8038,30604.53,139845.218
300920.SZ,20240227,14.61,15.46,14.54,15.45,14.67,0.78,5.317,12054.27,18254.439
300921.SZ,20240227,19.16,20.27,19.06,20.24,19.51,0.73,3.7417,70148.46,138320.754
300922.SZ,20240227,12.1,12.7,11.9,12.7,12.18,0.52,4.2693,57267.54,71248.54
300923.SZ,20240227,16.98,17.86,16.86,17.85,17.03,0.82,4.815,14627.83,25501.599
300925.SZ,20240227,9.8,10.26,9.75,10.25,9.91,0.34,3.4309,187088.2,187493.061
300926.SZ,20240227,28.89,31.0,28.54,29.06,26.85,2.21,8.2309,104672.64,307227.692
300927.SZ,20240227,12.17,12.45,12.02,12.43,12.24,0.19,1.5523,23091.21,28443.707
300928.SZ,20240227,36.38,38.53,36.0,38.49,36.23,2.26,6.2379,27099.0,102196.423
300929.SZ,20240227,8.66,9.05,8.55,9.01,8.76,0.25,2.8539,38196.89,33942.861
300930.SZ,20240227,16.95,17.58,16.76,17.58,17.01,0.57,3.351,10626.99,18286.984
300931.SZ,20240227,5.9,6.12,5.83,6.09,5.89,0.2,3.3956,82968.0,49836.028
300932.SZ,20240227,11.09,11.74,11.06,11.74,11.12,0.62,5.5755,36231.6,41454.649
300933.SZ,20240227,6.81,6.96,6.66,6.96,6.77,0.19,2.8065,62115.41,42534.415
300935.SZ,20240227,19.8,20.35,19.64,20.35,20.15,0.2,0.9926,37121.96,74332.654
300936.SZ,20240227,32.32,38.88,32.17,35.93,32.77,3.16,9.643,51873.12,181212.812
300937.SZ,20240227,23.6,24.7,23.54,24.62,23.99,0.63,2.6261,27723.0,67124.493
300938.SZ,20240227,30.7,31.31,30.08,31.25,30.78,0.47,1.527,18613.9,57354.23
300939.SZ,20240227,27.86,30.8,27.7,30.2,27.93,2.27,8.1275,56730.14,166877.005
300940.SZ,20240227,14.74,15.49,14.58,15.47,14.7,0.77,5.2381,27947.51,42494.305
300941.SZ,20240227,18.95,20.76,18.72,20.19,19.09,1.1,5.7622,136801.5,271903.382
300942.SZ,20240227,8.05,8.42,7.86,8.41,8.03,0.38,4.7323,50028.27,41107.452
300943.SZ,20240227,10.72,10.99,10.38,10.99,10.92,0.07,0.641,53124.56,57119.035
300945.SZ,20240227,9.6,9.92,9.42,9.92,9.69,0.23,2.3736,72096.19,70131.906
300946.SZ,20240227,29.51,32.45,28.4,28.86,28.37,0.49,1.7272,67233.89,200669.933
300947.SZ,20240227,11.6,11.95,11.5,11.9,11.66,0.24,2.0583,31228.65,36772.715
300948.SZ,20240227,10.44,10.94,10.35,10.91,10.56,0.35,3.3144,54330.5,58352.351
300949.SZ,20240227,38.8,41.18,38.35,40.52,39.85,0.67,1.6813,46490.37,184969.327
300950.SZ,20240227,12.56,12.62,12.04,12.56,12.62,-0.06,-0.4754,72967.51,89386.821
300951.SZ,20240227,43.51,45.49,43.01,45.49,44.35,1.14,2.5705,39737.94,176686.311
300952.SZ,20240227,16.4,17.1,16.28,16.93,16.45,0.48,2.9179,13138.78,22056.166
300953.SZ,20240227,44.0,46.17,43.76,46.17,44.47,1.7,3.8228,9390.0,42430.28
300955.SZ,20240227,15.39,15.93,15.19,15.85,15.34,0.51,3.3246,15031.1,23519.431
300956.SZ,20240227,11.83,12.57,11.67,12.57,11.85,0.72,6.0759,47054.77,57302.6
300957.SZ,20240227,63.56,64.63,63.17,64.63,64.0,0.63,0.9844,20868.05,133323.658
300958.SZ,20240227,13.5,14.06,13.4,14.06,13.65,0.41,3.0037,44116.05,61089.794
300959.SZ,20240227,27.45,28.45,27.19,28.41,27.76,0.65,2.3415,16497.76,46006.436
300960.SZ,20240227,15.95,16.6,15.51,16.48,16.6,-0.12,-0.7229,51156.78,82479.891
300961.SZ,20240227,8.3,8.5,8.13,8.43,8.3,0.13,1.5663,39825.12,33347.835
300962.SZ,20240227,13.38,13.73,13.21,13.63,13.46,0.17,1.263,36122.0,48776.036
300963.SZ,20240227,9.77,10.15,9.63,10.13,9.78,0.35,3.5787,43231.17,43294.547
300964.SZ,20240227,32.88,38.99,32.5,36.26,34.82,1.44,4.1356,86323.01,300618.177
300965.SZ,20240227,33.2,39.86,32.75,37.25,33.41,3.84,11.4936,20543.42,74369.645
300966.SZ,20240227,17.05,18.0,16.82,17.95,17.01,0.94,5.5262,36830.0,64365.412
300967.SZ,20240227,9.84,11.41,9.65,10.56,9.58,0.98,10.2296,95488.92,101158.567
300968.SZ,20240227,8.88,9.43,8.77,9.4,8.89,0.51,5.7368,174022.41,159633.56
300969.SZ,20240227,83.44,86.12,81.52,84.54,82.7,1.84,2.2249,17477.5,147793.73
300970.SZ,20240227,12.89,13.28,12.78,13.28,12.91,0.37,2.866,27274.34,35845.092
300971.SZ,20240227,18.99,19.55,18.76,19.55,19.43,0.12,0.6176,51669.97,98697.412
300972.SZ,20240227,32.82,33.39,32.26,33.21,32.88,0.33,1.0036,5873.86,19353.774
300973.SZ,20240227,36.04,37.32,35.92,37.32,36.47,0.85,2.3307,20635.12,75546.715
300975.SZ,20240227,7.2,7.45,7.12,7.43,7.48,-0.05,-0.6684,315902.86,231149.533
300976.SZ,20240227,37.07,38.75,37.02,38.75,37.47,1.28,3.4161,7603.78,29005.409
300977.SZ,20240227,14.36,14.9,14.26,14.89,14.38,0.51,3.5466,23273.15,34126.188
300978.SZ,20240227,10.79,11.33,10.63,11.28,10.68,0.6,5.618,128064.0,141947.208
300979.SZ,20240227,56.88,57.5,56.46,56.73,57.4,-0.67,-1.1672,19780.31,112289.057
300980.SZ,20240227,16.77,17.36,16.45,17.15,16.61,0.54,3.2511,17760.87,30340.485
300981.SZ,20240227,11.63,11.99,11.51,11.98,11.74,0.24,2.0443,53751.19,63436.298
300982.SZ,20240227,21.82,22.73,21.5,22.72,21.9,0.82,3.7443,35641.1,79439.529
300983.SZ,20240227,24.06,24.66,23.83,24.6,24.07,0.53,2.2019,5978.8,14560.731
300984.SZ,20240227,19.79,20.6,19.55,20.41,19.8,0.61,3.0808,11707.73,23659.858
300985.SZ,20240227,29.1,29.8,28.72,29.69,29.58,0.11,0.3719,25213.84,74065.897
300986.SZ,20240227,9.29,9.39,9.02,9.36,9.31,0.05,0.5371,69172.25,63685.357
300987.SZ,20240227,15.1,15.75,14.92,15.72,15.73,-0.01,-0.0636,116031.72,178247.71
300988.SZ,20240227,15.59,16.88,15.4,16.62,15.44,1.18,7.6425,60995.24,99689.35
300989.SZ,20240227,14.84,15.7,14.84,15.55,15.12,0.43,2.8439,41789.37,64436.937
300990.SZ,20240227,33.89,35.56,33.57,35.56,34.61,0.95,2.7449,50769.7,176197.546
300991.SZ,20240227,12.61,13.35,12.61,13.35,12.82,0.53,4.1342,50375.87,65938.324
300992.SZ,20240227,15.93,16.41,15.8,16.38,15.99,0.39,2.439,25984.59,41740.706
300993.SZ,20240227,9.73,10.1,9.72,10.0,9.85,0.15,1.5228,37747.92,37489.619
300994.SZ,20240227,10.31,10.73,10.22,10.68,10.33,0.35,3.3882,39201.99,41324.294
300995.SZ,20240227,14.81,15.49,14.58,15.49,14.81,0.68,4.5915,20925.0,31739.539
300996.SZ,20240227,16.69,17.2,16.61,17.18,16.51,0.67,4.0581,95275.56,161258.118
300997.SZ,20240227,13.51,13.72,13.34,13.63,13.47,0.16,1.1878,43127.0,58563.464
300998.SZ,20240227,18.74,19.27,18.4,19.18,18.57,0.61,3.2849,19681.0,37390.699
300999.SZ,20240227,31.59,31.98,31.51,31.95,31.71,0.24,0.7569,58711.26,186135.663
301000.SZ,20240227,16.12,19.57,16.12,19.57,16.31,3.26,19.9877,103650.5,196164.638
301001.SZ,20240227,19.84,20.65,19.6,20.62,19.96,0.66,3.3066,17015.91,34554.573
301002.SZ,20240227,14.3,15.18,14.15,15.14,14.27,0.87,6.0967,29996.8,44285.346
301003.SZ,20240227,20.22,20.86,19.78,20.82,20.22,0.6,2.9674,13839.1,28351.689
301004.SZ,20240227,59.29,60.05,57.89,59.72,59.89,-0.17,-0.2839,12130.03,71658.153
301005.SZ,20240227,28.82,30.8,28.63,30.66,28.68,1.98,6.9038,24380.28,73637.629
301006.SZ,20240227,13.6,13.81,13.2,13.81,13.48,0.33,2.4481,19175.42,26055.044
301007.SZ,20240227,13.36,15.04,13.36,13.97,12.99,0.98,7.5443,252615.57,354555.542
301008.SZ,20240227,21.92,23.7,21.73,23.6,22.18,1.42,6.4022,20352.71,46670.978
301009.SZ,20240227,8.6,8.9,8.5,8.9,8.63,0.27,3.1286,36157.0,31722.383
301010.SZ,20240227,13.23,13.55,13.01,13.49,13.28,0.21,1.5813,26295.0,35217.106
301011.SZ,20240227,16.6,17.1,16.2,17.1,16.75,0.35,2.0896,30258.3,51138.195
301012.SZ,20240227,15.96,16.68,15.94,16.58,16.16,0.42,2.599,33225.14,54254.929
301013.SZ,20240227,10.86,11.57,10.66,11.54,10.93,0.61,5.581,122046.02,135835.214
301015.SZ,20240227,32.85,34.2,32.4,33.88,33.19,0.69,2.0789,34133.62,114106.777
301016.SZ,20240227,15.25,16.35,14.9,16.29,15.26,1.03,6.7497,36488.0,57687.405
301017.SZ,20240227,15.22,15.66,15.04,15.5,15.57,-0.07,-0.4496,84970.38,130811.073
301018.SZ,20240227,22.7,24.28,22.28,24.19,22.49,1.7,7.5589,99040.55,231243.696
301019.SZ,20240227,18.63,18.84,17.95,18.83,18.45,0.38,2.0596,12100.0,22326.658
301020.SZ,20240227,15.82,16.65,15.8,16.64,15.81,0.83,5.2498,19617.51,32153.609
301021.SZ,20240227,18.1,18.68,17.83,18.66,18.15,0.51,2.8099,34855.34,63572.284
301022.SZ,20240227,21.37,23.7,21.32,23.7,19.75,3.95,20.0,22953.98,53543.471
301023.SZ,20240227,29.97,30.96,29.31,30.84,30.52,0.32,1.0485,18308.02,55773.661
301024.SZ,20240227,20.9,21.47,20.32,21.44,20.95,0.49,2.3389,14418.69,30439.982
301025.SZ,20240227,8.92,9.12,8.67,9.08,9.11,-0.03,-0.3293,154662.04,136982.123
301026.SZ,20240227,23.7,23.96,22.98,23.9,23.96,-0.06,-0.2504,19267.0,45416.644
301027.SZ,20240227,9.3,9.48,9.19,9.35,9.31,0.04,0.4296,44958.99,41936.485
301028.SZ,20240227,8.52,8.86,8.38,8.85,8.59,0.26,3.0268,57195.0,49371.992
301029.SZ,20240227,21.9,22.94,21.7,22.94,22.32,0.62,2.7778,136336.19,303008.324
301030.SZ,20240227,50.4,52.15,49.66,51.97,50.88,1.09,2.1423,48598.1,249515.182
301031.SZ,20240227,106.0,108.37,106.0,108.37,106.55,1.82,1.7081,5360.8,57330.029
301032.SZ,20240227,7.28,7.52,7.15,7.52,7.4,0.12,1.6216,73146.0,54187.161
301033.SZ,20240227,32.31,33.28,31.52,33.28,32.26,1.02,3.1618,5854.0,19144.149
301035.SZ,20240227,63.95,65.18,63.07,65.18,63.95,1.23,1.9234,4518.88,29021.71
301036.SZ,20240227,16.54,17.25,16.3,17.25,16.55,0.7,4.2296,20062.65,33930.901
301037.SZ,20240227,13.49,13.94,13.16,13.92,13.65,0.27,1.978,26196.3,36013.532
301038.SZ,20240227,14.26,14.79,13.99,14.79,14.29,0.5,3.499,34356.3,49933.651
301039.SZ,20240227,9.51,9.85,9.48,9.8,9.6,0.2,2.0833,351211.96,342279.577
301040.SZ,20240227,12.99,13.52,12.99,13.5,13.09,0.41,3.1322,21635.9,28660.52
301041.SZ,20240227,21.06,22.59,20.82,22.3,22.69,-0.39,-1.7188,134207.4,291367.645
301042.SZ,20240227,32.19,33.68,31.68,33.54,33.0,0.54,1.6364,47646.65,155215.198
301043.SZ,20240227,25.67,26.8,25.48,26.5,25.72,0.78,3.0327,11074.03,29051.73
301045.SZ,20240227,19.2,19.8,19.02,19.75,19.28,0.47,2.4378,17023.5,33145.221
301046.SZ,20240227,22.15,22.84,21.75,22.84,22.25,0.59,2.6517,25157.31,56451.957
301047.SZ,20240227,71.17,72.86,70.35,72.8,71.59,1.21,1.6902,5963.66,42917.698
301048.SZ,20240227,9.13,9.25,9.0,9.24,9.09,0.15,1.6502,99587.15,90720.566
301049.SZ,20240227,16.58,18.02,16.3,17.2,17.51,-0.31,-1.7704,76702.84,129510.568
301050.SZ,20240227,49.53,51.05,49.02,50.97,49.46,1.51,3.053,33722.41,169439.132
301051.SZ,20240227,47.76,48.75,46.5,48.61,47.92,0.69,1.4399,12721.03,61062.623
301052.SZ,20240227,41.3,44.36,40.7,43.4,42.82,0.58,1.3545,140803.61,594822.86
301053.SZ,20240227,20.01,21.63,19.9,21.6,20.79,0.81,3.8961,15521.31,32551.915
301055.SZ,20240227,11.4,12.06,11.03,11.94,11.4,0.54,4.7368,33092.09,38982.025
301056.SZ,20240227,7.78,8.07,7.65,8.05,7.8,0.25,3.2051,51092.1,40553.934
301057.SZ,20240227,12.14,12.49,12.03,12.43,12.16,0.27,2.2204,25559.17,31494.924
301058.SZ,20240227,10.06,10.68,9.94,10.43,10.16,0.27,2.6575,213497.75,219010.771
301059.SZ,20240227,9.18,9.28,8.9,9.25,9.17,0.08,0.8724,26065.28,23719.338
301060.SZ,20240227,10.18,10.59,10.12,10.59,10.23,0.36,3.5191,41053.2,42653.619
301061.SZ,20240227,53.28,53.28,50.59,52.6,53.27,-0.67,-1.2577,5292.4,27653.749
301062.SZ,20240227,8.53,9.08,8.51,9.0,8.54,0.46,5.3864,58076.02,51582.49
301063.SZ,20240227,15.82,16.49,15.78,16.49,15.88,0.61,3.8413,32357.26,52488.588
301065.SZ,20240227,16.78,17.5,16.69,17.49,16.77,0.72,4.2934,13684.05,23540.065
301066.SZ,20240227,10.27,10.47,10.03,10.42,10.28,0.14,1.3619,36411.38,37589.498
301067.SZ,20240227,26.14,27.89,26.05,27.6,26.4,1.2,4.5455,20398.16,55222.119
301068.SZ,20240227,25.96,26.48,25.0,26.06,26.02,0.04,0.1537,9089.4,23450.631
301069.SZ,20240227,15.39,16.8,15.3,16.46,15.45,1.01,6.5372,77612.33,125932.015
301070.SZ,20240227,30.47,31.88,29.7,31.72,30.47,1.25,4.1024,13264.33,41394.651
301071.SZ,20240227,28.22,29.16,28.22,29.16,28.52,0.64,2.244,36047.55,103424.247
301072.SZ,20240227,19.88,21.8,19.88,21.49,20.56,0.93,4.5233,71926.37,152623.863
301073.SZ,20240227,19.88,20.35,19.52,20.24,19.65,0.59,3.0025,35226.95,70548.812
301075.SZ,20240227,19.05,19.95,18.81,19.95,19.25,0.7,3.6364,18022.66,35334.498
301076.SZ,20240227,24.98,30.14,24.48,28.89,25.12,3.77,15.008,183805.38,515310.138
301077.SZ,20240227,15.47,16.31,15.41,16.27,15.57,0.7,4.4958,11301.0,18092.316
301078.SZ,20240227,7.2,7.43,7.13,7.4,7.22,0.18,2.4931,133938.0,98183.135
301079.SZ,20240227,11.99,12.34,11.76,12.32,12.12,0.2,1.6502,36766.71,44850.336
301080.SZ,20240227,44.06,45.22,43.3,45.2,44.12,1.08,2.4479,15419.0,68330.126
301081.SZ,20240227,8.15,8.29,7.9,8.29,8.16,0.13,1.5931,38710.48,31724.992
301082.SZ,20240227,12.63,13.11,12.5,13.1,12.73,0.37,2.9065,27717.31,35566.177
301083.SZ,20240227,14.6,15.4,14.18,15.21,14.75,0.46,3.1186,161454.7,235004.853
301085.SZ,20240227,48.54,55.28,48.05,53.21,49.42,3.79,7.669,66380.01,340282.371
301086.SZ,20240227,34.36,35.53,34.05,35.51,34.35,1.16,3.377,14253.17,49730.047
301087.SZ,20240227,32.95,33.49,32.5,33.49,33.06,0.43,1.3007,13687.2,45032.384
301088.SZ,20240227,12.23,12.49,12.12,12.48,12.23,0.25,2.0442,10610.04,13071.105
301089.SZ,20240227,42.18,44.19,42.16,44.18,42.66,1.52,3.5631,43549.71,188472.748
301090.SZ,20240227,9.82,9.9,9.69,9.89,9.82,0.07,0.7128,30594.0,30002.907
301091.SZ,20240227,20.71,21.47,20.58,21.4,21.38,0.02,0.0935,103229.28,217725.595
301092.SZ,20240227,21.67,22.11,21.09,22.02,21.37,0.65,3.0416,14346.95,30930.343
301093.SZ,20240227,27.65,27.96,26.1,27.96,27.88,0.08,0.2869,9961.04,27407.633
301095.SZ,20240227,62.04,65.35,61.73,65.14,62.8,2.34,3.7261,22729.77,144950.41
301096.SZ,20240227,66.72,67.48,65.97,67.45,66.6,0.85,1.2763,7039.09,47176.132
301097.SZ,20240227,38.47,39.61,38.21,39.6,38.98,0.62,1.5906,3032.0,11842.33
301098.SZ,20240227,8.61,8.9,8.55,8.87,8.61,0.26,3.0197,29865.0,26118.906
301099.SZ,20240227,37.01,38.36,36.42,38.36,37.1,1.26,3.3962,34523.77,129928.481
301100.SZ,20240227,14.41,15.46,14.41,15.42,14.58,0.84,5.7613,26360.16,39934.267
301101.SZ,20240227,31.51,32.5,30.1,32.5,31.76,0.74,2.33,9744.95,31020.991
301102.SZ,20240227,15.61,17.2,15.26,16.56,15.68,0.88,5.6122,51950.79,85575.645
301103.SZ,20240227,25.17,25.96,24.95,25.94,25.44,0.5,1.9654,12794.03,32640.136
301105.SZ,20240227,26.82,27.76,26.2,27.49,26.81,0.68,2.5364,8561.0,23186.134
301106.SZ,20240227,33.0,39.79,32.81,38.48,33.46,5.02,15.003,22221.43,80810.924
301107.SZ,20240227,24.95,25.59,24.34,25.59,25.27,0.32,1.2663,30938.56,77363.266
301108.SZ,20240227,28.68,29.3,28.68,29.3,29.05,0.25,0.8606,4794.48,13924.173
301109.SZ,20240227,14.65,14.87,14.58,14.87,14.69,0.18,1.2253,18125.38,26786.304
301110.SZ,20240227,33.87,35.34,33.66,35.32,33.99,1.33,3.9129,12388.95,42885.753
301111.SZ,20240227,17.2,18.68,17.2,18.19,17.55,0.64,3.6467,125238.89,224276.462
301112.SZ,20240227,25.0,26.46,25.0,26.22,26.88,-0.66,-2.4554,78799.4,202877.156
301113.SZ,20240227,23.5,24.08,22.58,23.98,23.09,0.89,3.8545,7427.76,17576.218
301115.SZ,20240227,16.01,16.29,16.01,16.29,16.12,0.17,1.0546,8956.67,14492.343
301116.SZ,20240227,9.82,10.36,9.75,10.24,9.85,0.39,3.9594,43914.0,44455.08
301117.SZ,20240227,37.91,40.88,37.2,40.65,36.5,4.15,11.3699,73249.14,283114.475
301118.SZ,20240227,16.07,17.1,15.9,17.08,16.15,0.93,5.7585,21145.98,35233.949
301119.SZ,20240227,19.37,23.04,19.05,23.04,19.2,3.84,20.0,57380.01,127749.987
301120.SZ,20240227,8.62,8.96,8.51,8.96,8.74,0.22,2.5172,58521.5,51372.63
301121.SZ,20240227,29.23,30.37,28.53,30.36,29.28,1.08,3.6885,11940.0,35426.493
301122.SZ,20240227,27.99,28.86,27.62,28.65,28.21,0.44,1.5597,9164.15,26052.823
301123.SZ,20240227,16.45,17.11,16.12,17.1,16.28,0.82,5.0369,38904.82,64906.713
301125.SZ,20240227,13.89,13.98,13.28,13.93,14.0,-0.07,-0.5,98861.55,135066.315
301126.SZ,20240227,9.32,9.83,9.27,9.79,9.4,0.39,4.1489,44046.25,42327.868
301127.SZ,20240227,9.05,9.45,8.96,9.45,9.05,0.4,4.4199,57350.15,53013.27
301128.SZ,20240227,37.68,40.36,37.6,39.79,39.09,0.7,1.7907,49075.86,191379.893
301129.SZ,20240227,18.9,19.38,18.3,19.38,19.2,0.18,0.9375,33206.0,63089.674
301130.SZ,20240227,21.1,21.68,20.82,21.63,21.21,0.42,1.9802,13054.96,28060.573
301131.SZ,20240227,35.04,41.99,35.0,39.04,35.62,3.42,9.6013,48070.76,185078.819
301132.SZ,20240227,21.1,25.43,20.86,25.43,21.19,4.24,20.0094,60676.62,147658.431
301133.SZ,20240227,22.88,25.79,22.49,24.99,21.86,3.13,14.3184,65703.18,161756.091
301135.SZ,20240227,19.7,20.72,19.48,20.65,20.84,-0.19,-0.9117,52229.04,104549.868
301136.SZ,20240227,9.68,10.05,9.54,10.04,9.71,0.33,3.3986,41248.84,40819.08
301137.SZ,20240227,14.73,15.24,14.61,15.23,14.94,0.29,1.9411,55247.28,82754.1
301138.SZ,20240227,24.95,30.1,24.08,30.1,25.08,5.02,20.0159,117088.93,336842.536
301139.SZ,20240227,23.7,28.75,23.52,28.75,23.96,4.79,19.9917,120696.09,314777.635
301141.SZ,20240227,45.26,47.45,44.87,47.44,46.0,1.44,3.1304,50194.36,233733.65
301148.SZ,20240227,16.61,17.24,16.4,17.24,16.61,0.63,3.7929,15414.98,26058.753
301149.SZ,20240227,10.25,10.56,10.12,10.52,10.25,0.27,2.6341,40641.0,42427.854
301150.SZ,20240227,27.69,28.06,27.45,28.06,27.72,0.34,1.2266,13820.64,38429.069
301151.SZ,20240227,15.45,16.09,15.14,16.09,15.45,0.64,4.1424,32506.49,51358.598
301152.SZ,20240227,26.31,27.47,26.1,27.45,26.56,0.89,3.3509,44523.09,120261.147
301153.SZ,20240227,65.1,67.45,64.51,67.22,65.11,2.11,3.2407,17017.78,112526.512
301155.SZ,20240227,44.07,45.98,43.56,45.98,44.15,1.83,4.145,22807.78,102308.939
301156.SZ,20240227,14.52,15.23,14.41,14.99,14.6,0.39,2.6712,14846.73,22233.537
301157.SZ,20240227,33.74,34.1,32.66,33.98,33.53,0.45,1.3421,12904.5,42930.842
301158.SZ,20240227,12.98,13.29,12.73,13.27,12.98,0.29,2.2342,30925.17,40454.132
301159.SZ,20240227,34.93,36.83,34.38,36.4,34.54,1.86,5.3851,36268.78,129283.949
301160.SZ,20240227,35.33,36.39,34.75,36.02,35.48,0.54,1.522,14233.0,50856.348
301161.SZ,20240227,16.1,16.67,16.06,16.6,16.4,0.2,1.2195,16010.6,26319.422
301162.SZ,20240227,39.34,41.58,39.02,41.29,39.86,1.43,3.5876,13534.6,55038.005
301163.SZ,20240227,26.45,26.45,26.44,26.45,22.04,4.41,20.0091,40804.38,107927.569
301165.SZ,20240227,34.65,41.0,34.4,39.0,35.12,3.88,11.0478,125173.43,468486.751
301166.SZ,20240227,31.33,32.89,30.67,32.18,31.8,0.38,1.195,22903.05,72691.974
301167.SZ,20240227,12.41,12.87,12.31,12.84,12.45,0.39,3.1325,29830.8,37875.582
301168.SZ,20240227,43.88,45.33,43.85,45.29,44.14,1.15,2.6053,33417.88,149134.204
301169.SZ,20240227,39.5,41.46,38.92,41.42,39.63,1.79,4.5168,30663.13,123258.162
301170.SZ,20240227,23.37,25.48,23.13,25.27,23.45,1.82,7.7612,30819.86,76040.428
301171.SZ,20240227,19.65,20.61,19.53,20.59,20.0,0.59,2.95,296021.47,596304.33
301172.SZ,20240227,33.25,35.56,33.02,35.4,33.51,1.89,5.6401,52818.94,182447.725
301175.SZ,20240227,4.78,4.89,4.76,4.89,4.82,0.07,1.4523,189217.43,91780.257
301176.SZ,20240227,11.56,12.12,11.32,12.12,11.57,0.55,4.7537,24523.68,29194.631
301177.SZ,20240227,24.94,25.65,24.76,25.65,24.99,0.66,2.6411,11525.75,29160.091
301178.SZ,20240227,22.46,23.63,22.13,23.57,22.61,0.96,4.2459,29308.5,67201.318
301179.SZ,20240227,22.33,23.25,22.18,23.14,22.67,0.47,2.0732,26632.7,60978.836
301180.SZ,20240227,14.1,14.24,13.55,14.24,13.55,0.69,5.0923,52693.54,73237.028
301181.SZ,20240227,21.46,23.15,21.16,22.99,21.47,1.52,7.0796,26724.21,60380.851
301182.SZ,20240227,15.58,16.77,15.43,16.73,15.6,1.13,7.2436,26600.0,42928.657
301183.SZ,20240227,32.9,40.36,32.61,40.36,33.63,6.73,20.0119,146322.26,536191.232
301185.SZ,20240227,17.17,18.38,17.0,18.3,17.2,1.1,6.3953,87486.42,154860.774
301186.SZ,20240227,32.3,35.03,32.0,34.44,32.3,2.14,6.6254,25658.36,86670.867
301187.SZ,20240227,16.55,17.18,16.4,17.14,16.68,0.46,2.7578,34778.24,58788.223
301188.SZ,20240227,17.1,17.72,17.0,17.65,17.28,0.37,2.1412,26955.37,46989.722
301189.SZ,20240227,22.94,23.42,22.54,23.25,23.6,-0.35,-1.4831,35600.28,81713.333
301190.SZ,20240227,15.56,15.99,15.56,15.99,15.67,0.32,2.0421,9777.77,15533.201
301191.SZ,20240227,86.0,99.98,85.0,95.98,87.85,8.13,9.2544,47125.88,432771.526
301192.SZ,20240227,16.17,17.17,16.02,17.14,16.22,0.92,5.672,34978.5,58863.137
301193.SZ,20240227,17.11,17.62,16.9,17.43,17.37,0.06,0.3454,11413.5,19766.085
301195.SZ,20240227,37.52,38.68,37.0,38.62,38.22,0.4,1.0466,29534.47,111950.358
301196.SZ,20240227,29.46,31.19,29.42,30.72,29.71,1.01,3.3995,8959.44,27266.708
301197.SZ,20240227,13.49,14.37,13.34,14.26,13.5,0.76,5.6296,31582.22,43741.777
301198.SZ,20240227,8.97,9.25,8.86,9.24,8.95,0.29,3.2402,74725.81,67547.609
301199.SZ,20240227,25.0,28.62,24.52,25.38,23.86,1.52,6.3705,140848.57,366887.596
301200.SZ,20240227,35.4,35.98,34.8,35.66,36.47,-0.81,-2.221,30849.58,108934.118
301201.SZ,20240227,19.18,19.97,19.18,19.97,19.43,0.54,2.7792,20436.75,40008.093
301202.SZ,20240227,24.99,27.28,24.75,27.02,25.5,1.52,5.9608,63491.1,166975.336
301203.SZ,20240227,32.58,34.24,32.09,33.45,30.98,2.47,7.9729,26715.71,88815.6
301205.SZ,20240227,88.37,94.91,88.08,93.96,89.31,4.65,5.2066,89655.03,826822.402
301206.SZ,20240227,24.87,25.38,24.76,25.38,25.0,0.38,1.52,4336.0,10926.458
301207.SZ,20240227,24.39,25.15,24.2,25.13,24.55,0.58,2.3625,23676.05,58424.79
301208.SZ,20240227,34.18,35.25,33.6,35.23,34.25,0.98,2.8613,47796.58,164771.458
301209.SZ,20240227,17.75,18.47,17.12,18.4,17.75,0.65,3.662,15269.49,27740.994
301210.SZ,20240227,32.11,34.17,32.11,34.16,32.39,1.77,5.4646,13022.18,43554.587
301211.SZ,20240227,18.02,18.56,17.9,18.56,18.08,0.48,2.6549,46348.54,84732.995
301212.SZ,20240227,19.9,20.66,19.51,20.49,19.97,0.52,2.6039,8772.33,17685.82
301213.SZ,20240227,29.41,31.14,28.79,31.1,29.81,1.29,4.3274,23916.01,72351.579
301215.SZ,20240227,5.47,5.63,5.42,5.62,5.44,0.18,3.3088,258102.83,143459.851
301216.SZ,20240227,12.19,12.47,12.13,12.47,12.29,0.18,1.4646,38107.24,47037.6
301217.SZ,20240227,10.0,10.21,9.86,10.19,9.98,0.21,2.1042,45381.0,45729.138
301218.SZ,20240227,26.55,28.35,26.38,28.17,26.85,1.32,4.9162,105546.41,291694.634
301219.SZ,20240227,34.51,35.15,34.06,35.15,34.57,0.58,1.6778,17259.5,60119.328
301220.SZ,20240227,29.04,30.9,28.84,30.64,29.09,1.55,5.3283,7282.25,21945.212
301221.SZ,20240227,41.95,44.45,41.6,44.45,41.55,2.9,6.9795,44794.23,194234.027
301222.SZ,20240227,22.01,22.96,21.82,22.89,22.05,0.84,3.8095,11674.32,26376.381
301223.SZ,20240227,15.72,16.07,15.57,16.07,15.73,0.34,2.1615,9753.4,15537.287
301225.SZ,20240227,27.1,31.33,27.1,29.9,26.95,2.95,10.9462,39232.11,114926.51
301226.SZ,20240227,16.05,19.28,15.69,19.28,16.07,3.21,19.9751,58925.18,100705.772
301227.SZ,20240227,25.81,25.81,25.24,25.7,25.81,-0.11,-0.4262,11127.0,28462.577
301228.SZ,20240227,11.23,11.85,11.16,11.83,11.23,0.6,5.3428,50424.38,58489.93
301229.SZ,20240227,26.55,28.15,25.66,28.15,26.18,1.97,7.5248,32639.36,90147.0
301230.SZ,20240227,28.8,29.7,28.72,29.7,29.18,0.52,1.782,31507.08,92188.615
301231.SZ,20240227,21.9,22.96,20.81,22.6,23.38,-0.78,-3.3362,113835.79,249583.55
301232.SZ,20240227,42.06,43.97,40.61,42.8,42.45,0.35,0.8245,19050.51,81179.033
301233.SZ,20240227,32.88,34.45,32.6,34.45,32.91,1.54,4.6794,10576.81,35814.636
301234.SZ,20240227,25.45,26.11,24.88,26.11,25.88,0.23,0.8887,25981.99,66832.533
301235.SZ,20240227,19.88,20.46,19.46,20.35,19.92,0.43,2.1586,15415.0,30664.928
301236.SZ,20240227,40.0,43.88,39.71,43.01,40.32,2.69,6.6716,769576.86,3231135.634
301237.SZ,20240227,21.11,21.87,20.95,21.87,21.19,0.68,3.2091,7149.0,15436.052
301238.SZ,20240227,15.1,15.57,15.07,15.56,15.25,0.31,2.0328,46034.45,70612.586
301239.SZ,20240227,66.11,67.47,65.7,67.47,67.01,0.46,0.6865,24743.28,164332.534
301246.SZ,20240227,21.82,22.28,21.37,22.27,21.82,0.45,2.0623,11057.34,24242.99
301248.SZ,20240227,13.0,14.16,12.9,14.02,13.19,0.83,6.2926,84302.89,114798.33
301251.SZ,20240227,29.49,32.33,29.31,31.88,29.95,1.93,6.4441,68336.97,212499.544
301252.SZ,20240227,38.5,39.95,37.7,39.67,40.01,-0.34,-0.8498,39293.64,153112.764
301255.SZ,20240227,35.8,38.5,35.05,37.95,37.04,0.91,2.4568,55120.39,204883.451
301256.SZ,20240227,6.73,6.99,6.61,6.96,6.73,0.23,3.4175,46259.98,31558.044
301257.SZ,20240227,48.98,50.67,48.01,50.57,49.35,1.22,2.4721,12817.6,63575.806
301258.SZ,20240227,25.97,26.72,25.69,26.7,26.19,0.51,1.9473,12421.0,32709.654
301259.SZ,20240227,17.29,17.98,17.29,17.94,17.41,0.53,3.0442,27332.2,48269.884
301260.SZ,20240227,13.2,13.55,13.05,13.55,13.01,0.54,4.1507,47371.62,62800.13
301261.SZ,20240227,46.93,48.11,45.01,48.04,47.51,0.53,1.1156,21958.07,102040.813
301262.SZ,20240227,29.89,32.6,29.5,31.54,31.54,0.0,0.0,137941.99,422992.079
301263.SZ,20240227,14.39,14.73,14.29,14.7,14.28,0.42,2.9412,37742.8,54704.922
301265.SZ,20240227,9.97,9.97,9.3,9.85,10.14,-0.29,-2.86,114672.78,110983.969
301266.SZ,20240227,39.9,41.49,39.18,41.49,40.21,1.28,3.1833,35951.5,146153.558
301267.SZ,20240227,29.36,29.94,29.11,29.91,29.39,0.52,1.7693,56768.93,167966.751
301268.SZ,20240227,24.29,25.0,24.01,24.98,24.25,0.73,3.0103,23532.3,57856.153
301269.SZ,20240227,88.8,90.1,87.69,90.1,89.36,0.74,0.8281,35441.99,314904.875
301270.SZ,20240227,32.07,33.55,31.6,33.49,32.39,1.1,3.3961,53098.54,173733.984
301272.SZ,20240227,42.66,44.51,42.4,44.51,42.91,1.6,3.7287,6779.52,29742.047
301273.SZ,20240227,19.0,19.73,18.71,19.5,19.33,0.17,0.8795,14014.77,27119.755
301276.SZ,20240227,19.9,20.46,19.77,20.46,19.91,0.55,2.7624,12478.03,25271.297
301277.SZ,20240227,16.87,17.28,16.74,17.28,16.85,0.43,2.5519,34097.02,58080.064
301278.SZ,20240227,43.29,45.5,43.1,45.49,44.06,1.43,3.2456,20269.4,90304.264
301279.SZ,20240227,18.03,18.75,17.7,18.75,18.18,0.57,3.1353,20577.31,37727.275
301280.SZ,20240227,34.6,35.89,33.9,35.57,34.55,1.02,2.9522,24389.13,85113.532
301281.SZ,20240227,29.22,30.58,29.02,30.37,29.82,0.55,1.8444,52572.92,157740.051
301282.SZ,20240227,17.0,19.74,16.85,19.24,17.1,2.14,12.5146,67761.88,123484.141
301283.SZ,20240227,27.97,28.59,27.52,28.52,27.89,0.63,2.2589,7295.43,20637.857
301285.SZ,20240227,19.41,19.83,19.21,19.66,19.6,0.06,0.3061,59487.8,116128.3
301286.SZ,20240227,28.09,28.73,27.77,28.73,28.08,0.65,2.3148,10730.18,30472.658
301287.SZ,20240227,29.5,30.82,29.29,30.8,29.79,1.01,3.3904,15595.86,47262.426
301288.SZ,20240227,13.95,14.47,13.9,14.46,14.1,0.36,2.5532,20660.35,29491.379
301289.SZ,20240227,44.8,46.35,43.88,46.07,44.56,1.51,3.3887,27540.11,124853.801
301290.SZ,20240227,22.22,22.88,22.13,22.88,22.25,0.63,2.8315,11905.31,26855.482
301291.SZ,20240227,29.0,29.43,28.87,29.41,29.15,0.26,0.8919,15858.16,46385.278
301292.SZ,20240227,14.35,14.96,14.19,14.93,14.47,0.46,3.179,22586.28,33169.332
301293.SZ,20240227,66.81,69.16,65.22,69.07,67.78,1.29,1.9032,63884.49,433578.143
301295.SZ,20240227,24.6,25.72,24.6,25.65,24.95,0.7,2.8056,10338.55,26176.827
301296.SZ,20240227,8.77,9.08,8.66,9.05,8.81,0.24,2.7242,29094.67,25928.978
301297.SZ,20240227,21.15,22.35,20.93,22.3,21.54,0.76,3.5283,147791.88,319730.385
301298.SZ,20240227,13.54,14.99,13.54,14.25,13.5,0.75,5.5556,41399.03,58668.164
301299.SZ,20240227,44.08,46.67,42.86,46.61,44.2,2.41,5.4525,25387.3,114903.398
301300.SZ,20240227,22.57,23.39,22.36,23.37,22.57,0.8,3.5445,6588.3,15124.802
301301.SZ,20240227,9.11,9.29,9.05,9.28,9.09,0.19,2.0902,116485.63,106684.086
301302.SZ,20240227,20.2,21.3,19.87,21.28,20.3,0.98,4.8276,117758.46,242998.39
301303.SZ,20240227,16.38,16.8,16.32,16.79,16.5,0.29,1.7576,17334.96,28865.393
301305.SZ,20240227,15.08,15.38,14.82,15.37,15.12,0.25,1.6534,17381.11,26469.267
301306.SZ,20240227,34.45,35.22,32.95,35.22,35.3,-0.08,-0.2266,70038.41,239398.744
301307.SZ,20240227,23.39,28.27,23.2,28.27,23.56,4.71,19.9915,113864.02,296422.263
301308.SZ,20240227,82.89,86.0,82.11,85.7,83.45,2.25,2.6962,66764.94,564943.155
301309.SZ,20240227,23.69,25.8,23.07,24.74,23.69,1.05,4.4322,8432.15,20608.429
301310.SZ,20240227,42.16,43.9,40.03,40.36,38.62,1.74,4.5054,40665.78,168089.107
301311.SZ,20240227,22.36,23.6,22.36,23.53,22.7,0.83,3.6564,135188.24,310476.257
301312.SZ,20240227,73.55,76.17,70.93,75.7,75.8,-0.1,-0.1319,23508.6,173401.679
301313.SZ,20240227,24.72,25.92,24.4,25.74,24.99,0.75,3.0012,67505.69,170538.957
301314.SZ,20240227,36.06,39.06,34.5,38.4,36.37,2.03,5.5815,27032.17,99275.577
301315.SZ,20240227,62.0,65.35,61.2,65.11,63.01,2.1,3.3328,66889.65,424040.221
301316.SZ,20240227,19.42,20.42,19.17,20.42,19.45,0.97,4.9871,65552.46,130449.289
301317.SZ,20240227,15.48,15.93,15.25,15.93,15.8,0.13,0.8228,18060.76,28158.471
301318.SZ,20240227,58.02,63.0,58.02,60.8,62.0,-1.2,-1.9355,170134.35,1018082.698
301319.SZ,20240227,46.06,47.88,45.5,47.8,48.19,-0.39,-0.8093,15902.16,73946.902
301320.SZ,20240227,15.91,16.35,15.57,16.32,16.28,0.04,0.2457,75699.19,120597.18
301321.SZ,20240227,13.59,14.24,13.31,14.23,13.48,0.75,5.5638,52659.45,73187.185
301322.SZ,20240227,34.15,35.68,34.03,35.53,34.39,1.14,3.3149,23327.9,81636.384
301323.SZ,20240227,29.04,30.16,28.68,30.05,29.21,0.84,2.8757,14253.49,42038.483
301325.SZ,20240227,68.5,69.84,68.03,69.84,68.92,0.92,1.3349,12389.7,85713.303
301326.SZ,20240227,25.75,27.05,25.26,27.05,25.96,1.09,4.1988,16044.0,42425.245
301327.SZ,20240227,57.5,60.28,57.5,59.95,57.93,2.02,3.487,7742.38,45633.699
301328.SZ,20240227,41.2,42.58,39.78,42.15,42.58,-0.43,-1.0099,39613.68,163372.016
301329.SZ,20240227,16.72,17.68,16.61,17.66,16.88,0.78,4.6209,42398.08,73129.683
301330.SZ,20240227,27.5,28.89,27.3,28.86,27.67,1.19,4.3007,55587.6,156949.391
301331.SZ,20240227,34.67,35.81,34.38,35.8,34.77,1.03,2.9623,7580.72,26624.428
301332.SZ,20240227,12.92,13.63,12.15,12.59,12.72,-0.13,-1.022,265705.76,345732.531
301333.SZ,20240227,50.02,51.52,49.83,51.28,50.4,0.88,1.746,5987.4,30314.329
301335.SZ,20240227,17.27,17.77,17.15,17.75,17.27,0.48,2.7794,9809.67,17239.635
301336.SZ,20240227,33.0,34.5,32.31,34.35,32.99,1.36,4.1225,6477.0,22069.455
301337.SZ,20240227,42.0,47.66,41.2,45.05,44.68,0.37,0.8281,130147.15,564508.339
301338.SZ,20240227,29.26,31.28,28.0,31.27,29.42,1.85,6.2882,57223.05,169723.471
301339.SZ,20240227,16.28,17.1,16.08,17.09,16.32,0.77,4.7181,71492.09,118821.748
301345.SZ,20240227,52.42,53.51,52.21,53.44,52.68,0.76,1.4427,7051.29,37519.829
301348.SZ,20240227,36.29,37.3,35.33,37.1,34.98,2.12,6.0606,86680.63,314331.854
301349.SZ,20240227,30.5,31.57,29.95,31.53,30.45,1.08,3.5468,16256.53,50264.987
301353.SZ,20240227,25.88,26.64,25.24,26.64,26.53,0.11,0.4146,18187.38,47495.92
301355.SZ,20240227,12.82,13.17,12.51,13.0,12.96,0.04,0.3086,46378.57,59970.642
301356.SZ,20240227,16.2,16.45,15.99,16.34,16.12,0.22,1.3648,11391.29,18498.703
301357.SZ,20240227,36.55,39.39,36.03,39.39,36.52,2.87,7.8587,28067.14,107308.702
301358.SZ,20240227,26.01,26.49,25.91,26.49,26.2,0.29,1.1069,97046.98,255432.298
301359.SZ,20240227,18.48,19.72,18.18,19.71,18.55,1.16,6.2534,28052.22,52993.105
301360.SZ,20240227,56.3,59.68,55.3,59.16,57.66,1.5,2.6015,25192.87,144447.735
301361.SZ,20240227,17.85,18.8,17.51,18.8,17.85,0.95,5.3221,23740.17,43491.182
301362.SZ,20240227,33.7,34.72,33.58,34.7,33.9,0.8,2.3599,13438.27,46151.786
301363.SZ,20240227,29.29,30.65,29.13,30.55,29.55,1.0,3.3841,19205.05,57644.796
301365.SZ,20240227,11.26,11.77,11.25,11.76,11.35,0.41,3.6123,16193.95,18705.57
301366.SZ,20240227,24.91,27.09,24.66,26.69,25.43,1.26,4.9548,53582.66,139374.974
301367.SZ,20240227,103.79,105.79,103.36,105.75,104.2,1.55,1.4875,4532.16,47466.949
301368.SZ,20240227,45.0,47.48,44.04,46.4,48.53,-2.13,-4.389,201640.37,921482.023
301369.SZ,20240227,42.6,44.25,41.75,44.25,42.83,1.42,3.3154,14958.96,64550.377
301370.SZ,20240227,13.86,14.29,13.77,14.29,13.92,0.37,2.658,50930.66,71901.447
301371.SZ,20240227,31.66,32.47,31.35,32.44,31.66,0.78,2.4637,19791.64,63427.518
301372.SZ,20240227,34.35,37.9,33.85,36.53,34.22,2.31,6.7504,38429.03,138767.624
301373.SZ,20240227,24.53,25.35,24.32,25.3,24.65,0.65,2.6369,8452.38,21115.7
301376.SZ,20240227,23.05,24.04,22.86,24.03,23.27,0.76,3.266,25525.6,60053.882
301377.SZ,20240227,17.65,18.57,17.4,18.39,18.0,0.39,2.1667,49415.78,88478.758
301378.SZ,20240227,38.85,41.52,37.4,40.96,40.93,0.03,0.0733,53382.95,212049.612
301379.SZ,20240227,21.88,23.6,21.8,23.5,21.97,1.53,6.964,34532.76,79253.918
301380.SZ,20240227,36.23,38.38,36.1,38.35,36.43,1.92,5.2704,20894.9,77980.485
301381.SZ,20240227,26.32,27.44,26.19,27.35,26.59,0.76,2.8582,32471.61,87585.377
301382.SZ,20240227,30.29,31.72,30.01,31.62,30.27,1.35,4.4599,37748.92,117128.873
301383.SZ,20240227,45.12,47.18,44.53,46.95,46.7,0.25,0.5353,48052.21,219667.778
301386.SZ,20240227,20.16,20.75,19.74,20.75,20.24,0.51,2.5198,20490.83,41648.413
301387.SZ,20240227,46.99,52.28,46.99,50.2,47.06,3.14,6.6723,18922.12,94821.446
301388.SZ,20240227,17.59,19.2,17.48,19.2,17.83,1.37,7.6837,36056.45,66730.563
301389.SZ,20240227,13.12,13.88,13.04,13.86,13.3,0.56,4.2105,44055.2,59471.463
301390.SZ,20240227,32.28,33.31,31.7,33.3,32.41,0.89,2.7461,12718.16,41493.85
301391.SZ,20240227,114.69,116.66,113.05,115.0,115.3,-0.3,-0.2602,6452.64,74099.562
301393.SZ,20240227,49.3,51.46,49.01,51.35,50.53,0.82,1.6228,37411.03,188932.429
301395.SZ,20240227,14.8,15.5,14.56,15.41,14.81,0.6,4.0513,20038.86,30318.063
301396.SZ,20240227,22.66,23.38,22.18,23.3,22.79,0.51,2.2378,49965.72,114047.859
301397.SZ,20240227,34.79,36.79,34.79,36.48,34.81,1.67,4.7975,20940.75,75733.086
301398.SZ,20240227,43.8,48.0,43.0,47.08,44.63,2.45,5.4896,44619.28,204882.188
301399.SZ,20240227,30.02,31.17,29.7,31.17,30.67,0.5,1.6303,33498.21,101938.251
301408.SZ,20240227,12.56,13.04,12.48,13.02,12.68,0.34,2.6814,44608.41,57007.754
301413.SZ,20240227,51.01,56.5,50.99,56.3,52.18,4.12,7.8957,36321.17,198028.395
301418.SZ,20240227,38.7,41.08,38.7,40.95,39.11,1.84,4.7047,26609.16,106562.711
301419.SZ,20240227,29.3,31.79,29.29,31.72,30.2,1.52,5.0331,54499.87,166522.135
301421.SZ,20240227,48.2,50.9,48.18,50.73,48.72,2.01,4.1256,42476.04,210593.734
301428.SZ,20240227,29.1,31.05,28.71,30.89,29.12,1.77,6.0783,34551.39,103834.819
301429.SZ,20240227,14.9,15.54,14.72,15.52,14.89,0.63,4.231,20426.98,31150.586
301439.SZ,20240227,12.26,12.47,12.1,12.46,12.28,0.18,1.4658,25134.85,31051.89
301446.SZ,20240227,23.3,24.55,23.11,24.48,23.43,1.05,4.4814,18178.84,43545.609
301448.SZ,20240227,25.5,27.56,25.37,27.34,25.81,1.53,5.9279,35196.93,94146.091
301456.SZ,20240227,25.81,26.97,25.29,26.87,25.94,0.93,3.5852,29099.5,76749.031
301459.SZ,20240227,38.4,40.4,38.21,39.8,38.49,1.31,3.4035,24340.88,96305.838
301468.SZ,20240227,23.99,24.69,23.8,24.69,24.19,0.5,2.067,11024.43,26889.489
301469.SZ,20240227,27.01,27.98,26.89,27.89,27.26,0.63,2.3111,37847.22,104166.868
301486.SZ,20240227,34.5,36.25,33.81,36.18,34.8,1.38,3.9655,28012.27,98860.202
301487.SZ,20240227,32.5,34.17,32.08,34.15,32.88,1.27,3.8625,92501.55,309054.781
301488.SZ,20240227,48.61,51.32,48.39,51.29,48.68,2.61,5.3615,30948.07,156007.159
301489.SZ,20240227,52.5,58.0,52.5,57.88,52.35,5.53,10.5635,34931.7,192252.895
301498.SZ,20240227,40.9,42.26,40.8,41.7,41.16,0.54,1.312,11118.23,46274.201
301499.SZ,20240227,23.4,27.3,23.0,25.25,22.97,2.28,9.926,87339.9,217477.385
301500.SZ,20240227,17.15,17.78,16.91,17.78,17.47,0.31,1.7745,50330.31,87653.273
301502.SZ,20240227,45.06,48.75,45.06,48.6,45.41,3.19,7.0249,64908.94,305348.494
301503.SZ,20240227,26.5,28.28,26.38,28.08,26.99,1.09,4.0385,40052.33,109785.001
301505.SZ,20240227,26.0,27.33,25.55,27.32,26.05,1.27,4.8752,28476.71,76300.316
301507.SZ,20240227,13.6,13.97,13.6,13.97,13.7,0.27,1.9708,58793.25,81120.872
301508.SZ,20240227,38.81,41.5,38.76,41.24,39.46,1.78,4.5109,141284.32,570038.039
301509.SZ,20240227,64.35,66.68,64.2,66.33,64.9,1.43,2.2034,41990.44,275473.539
301510.SZ,20240227,31.6,33.43,31.11,33.08,32.33,0.75,2.3198,76285.03,249230.75
301511.SZ,20240227,20.76,21.56,20.75,21.55,21.01,0.54,2.5702,93539.68,198145.696
301512.SZ,20240227,48.0,50.28,46.8,50.28,48.77,1.51,3.0962,26457.14,128878.903
301515.SZ,20240227,21.45,22.4,21.3,22.4,21.58,0.82,3.7998,15602.75,34290.454
301516.SZ,20240227,21.73,23.48,21.5,23.32,22.03,1.29,5.8557,244981.26,558704.791
301517.SZ,20240227,42.72,50.1,41.55,50.1,41.75,8.35,20.0,52725.45,239545.956
301518.SZ,20240227,17.02,17.92,17.01,17.84,17.33,0.51,2.9429,29833.1,52351.342
301519.SZ,20240227,15.6,16.3,15.41,16.27,15.75,0.52,3.3016,30558.59,48801.906
301520.SZ,20240227,52.4,53.5,52.13,53.49,53.19,0.3,0.564,6790.14,35991.977
301525.SZ,20240227,72.0,72.0,69.2,71.83,69.85,1.98,2.8346,16513.24,117386.158
301526.SZ,20240227,4.8,5.13,4.77,5.08,4.85,0.23,4.7423,988306.22,492870.952
301528.SZ,20240227,53.01,56.16,53.0,56.16,53.95,2.21,4.0964,11935.46,65598.287
301529.SZ,20240227,30.67,33.28,30.23,33.18,31.5,1.68,5.3333,31837.83,103058.737
301533.SZ,20240227,26.52,27.87,26.18,27.87,27.0,0.87,3.2222,38514.43,104633.576
301548.SZ,20240227,48.87,52.57,48.2,52.15,49.16,2.99,6.0822,12188.39,62312.707
301550.SZ,20240227,33.52,39.01,33.51,35.92,34.22,1.7,4.9679,37963.1,136106.328
301555.SZ,20240227,28.4,30.24,28.22,30.2,28.69,1.51,5.2632,32592.44,96244.557
301558.SZ,20240227,11.95,12.5,11.82,12.43,11.95,0.48,4.0167,148846.46,181300.712
301559.SZ,20240227,16.65,16.95,16.52,16.95,16.7,0.25,1.497,28769.25,48321.774
301566.SZ,20240227,18.27,19.6,18.15,19.57,18.45,1.12,6.0705,77649.46,147548.159
301567.SZ,20240227,40.0,44.68,39.8,43.91,41.0,2.91,7.0976,74485.27,317320.689
301568.SZ,20240227,39.97,43.2,39.97,41.15,38.8,2.35,6.0567,105125.75,431743.242
301577.SZ,20240227,54.69,65.72,54.25,65.72,54.77,10.95,19.9927,54132.57,324943.738
301578.SZ,20240227,51.75,55.09,51.1,54.91,52.89,2.02,3.8192,38751.24,207202.594
301589.SZ,20240227,451.33,452.98,438.48,439.0,458.99,-19.99,-4.3552,14388.83,639855.333
302132.SZ,20240227,41.99,42.38,41.51,42.28,42.53,-0.25,-0.5878,88022.57,369520.393
