ts_code,trade_date,open,high,low,close,pre_close,change,pct_chg,vol,amount
300001.SZ,20240709,19.41,20.08,19.31,19.94,19.44,0.5,2.572,175650.39,346546.77
300002.SZ,20240709,8.21,8.48,8.15,8.43,8.22,0.21,2.5547,383672.3,318766.501
300003.SZ,20240709,13.4,13.47,13.04,13.28,13.4,-0.12,-0.8955,158038.39,209608.523
300004.SZ,20240709,4.1,4.31,4.01,4.26,4.13,0.13,3.1477,54781.0,22846.969
300005.SZ,20240709,4.7,4.8,4.63,4.77,4.72,0.05,1.0593,81864.68,38677.129
300006.SZ,20240709,2.31,2.33,2.23,2.32,2.33,-0.01,-0.4292,123822.37,28253.003
300007.SZ,20240709,12.84,13.1,12.56,13.09,12.79,0.3,2.3456,61846.89,79713.552
300008.SZ,20240709,3.63,3.69,3.51,3.69,3.62,0.07,1.9337,449365.83,162099.887
300009.SZ,20240709,8.31,8.45,8.16,8.4,8.3,0.1,1.2048,111012.39,92261.3
300010.SZ,20240709,2.52,2.56,2.46,2.55,2.52,0.03,1.1905,166616.89,41821.958
300011.SZ,20240709,4.74,4.91,4.7,4.9,4.75,0.15,3.1579,54502.05,26241.318
300012.SZ,20240709,10.93,11.35,10.86,11.27,10.95,0.32,2.9224,323006.32,359276.315
300013.SZ,20240709,1.61,1.66,1.58,1.64,1.61,0.03,1.8634,59227.33,9632.21
300014.SZ,20240709,36.22,36.39,34.95,35.54,36.24,-0.7,-1.9316,279754.76,993523.393
300015.SZ,20240709,9.88,9.9,9.67,9.82,9.88,-0.06,-0.6073,764545.58,749097.28
300016.SZ,20240709,4.35,4.36,4.17,4.32,4.35,-0.03,-0.6897,72438.3,30941.133
300017.SZ,20240709,7.38,7.63,7.26,7.58,7.54,0.04,0.5305,749133.16,557691.731
300018.SZ,20240709,4.34,4.44,4.24,4.44,4.32,0.12,2.7778,45151.67,19718.183
300019.SZ,20240709,12.75,13.36,12.68,13.34,13.0,0.34,2.6154,59492.64,78480.403
300020.SZ,20240709,1.71,1.75,1.65,1.73,1.72,0.01,0.5814,359118.96,61308.777
300021.SZ,20240709,3.26,3.32,3.17,3.29,3.28,0.01,0.3049,147923.54,47837.762
300022.SZ,20240709,3.64,3.76,3.61,3.76,3.68,0.08,2.1739,113220.99,41843.58
300024.SZ,20240709,9.2,9.57,9.17,9.56,9.2,0.36,3.913,206725.05,194271.204
300025.SZ,20240709,9.97,10.06,9.5,9.92,9.95,-0.03,-0.3015,84743.0,82754.294
300026.SZ,20240709,3.07,3.12,3.03,3.1,3.07,0.03,0.9772,259658.25,79960.48
300027.SZ,20240709,1.61,1.64,1.55,1.6,1.61,-0.01,-0.6211,350958.7,55990.245
300029.SZ,20240709,3.37,3.44,3.32,3.42,3.34,0.08,2.3952,13285.54,4496.071
300030.SZ,20240709,3.55,3.59,3.32,3.44,3.56,-0.12,-3.3708,117142.91,40082.933
300031.SZ,20240709,14.66,15.45,14.6,15.45,14.59,0.86,5.8944,391291.83,590422.955
300032.SZ,20240709,3.01,3.38,2.94,3.19,3.0,0.19,6.3333,227349.0,70316.281
300033.SZ,20240709,95.98,97.87,95.25,97.17,95.31,1.86,1.9515,67258.85,651175.041
300034.SZ,20240709,15.42,16.2,15.42,16.0,15.53,0.47,3.0264,192179.77,305684.251
300035.SZ,20240709,8.08,8.27,7.96,8.24,8.07,0.17,2.1066,56306.36,45770.702
300036.SZ,20240709,12.72,13.14,12.58,13.1,12.76,0.34,2.6646,68070.9,87773.771
300037.SZ,20240709,27.47,30.62,27.31,30.11,27.48,2.63,9.5706,124704.64,364608.97
300039.SZ,20240709,5.29,5.33,5.13,5.32,5.28,0.04,0.7576,121729.4,63787.526
300040.SZ,20240709,5.34,5.52,5.19,5.49,5.35,0.14,2.6168,353774.98,189537.469
300041.SZ,20240709,7.25,7.48,7.15,7.48,7.25,0.23,3.1724,73582.92,53883.671
300042.SZ,20240709,18.35,18.44,17.52,18.28,18.11,0.17,0.9387,61052.75,110142.516
300043.SZ,20240709,2.24,2.27,2.15,2.26,2.24,0.02,0.8929,348387.0,76914.584
300044.SZ,20240709,3.95,4.03,3.83,4.03,3.94,0.09,2.2843,319250.29,126304.04
300045.SZ,20240709,16.72,17.37,16.55,17.26,16.74,0.52,3.1063,211066.72,361916.705
300046.SZ,20240709,15.89,18.65,15.54,18.32,15.62,2.7,17.2855,647236.05,1127127.08
300047.SZ,20240709,6.29,6.49,6.16,6.47,6.32,0.15,2.3734,142458.67,90242.094
300048.SZ,20240709,4.35,4.49,4.3,4.48,4.35,0.13,2.9885,54489.0,23983.095
300049.SZ,20240709,49.4,49.83,47.85,49.28,49.46,-0.18,-0.3639,57238.94,279692.779
300050.SZ,20240709,2.63,2.64,2.51,2.62,2.63,-0.01,-0.3802,184418.13,47760.836
300051.SZ,20240709,7.08,7.19,6.83,7.18,7.08,0.1,1.4124,22488.0,15849.79
300052.SZ,20240709,11.31,11.37,10.81,11.31,11.27,0.04,0.3549,46122.55,51337.981
300053.SZ,20240709,8.5,8.82,8.42,8.79,8.51,0.28,3.2902,131094.26,113438.328
300054.SZ,20240709,22.14,23.06,22.06,22.87,22.14,0.73,3.2972,136603.19,309893.725
300055.SZ,20240709,3.98,4.01,3.8,3.97,3.96,0.01,0.2525,62872.0,24679.388
300056.SZ,20240709,8.6,8.84,8.31,8.61,8.6,0.01,0.1163,61608.34,52624.577
300057.SZ,20240709,3.85,3.94,3.75,3.91,3.86,0.05,1.2953,127854.45,49238.892
300058.SZ,20240709,5.14,5.23,5.02,5.21,5.12,0.09,1.7578,374795.04,192600.304
300059.SZ,20240709,9.98,10.21,9.87,10.13,9.96,0.17,1.7068,2138942.89,2150374.98
300061.SZ,20240709,3.65,3.8,3.52,3.73,3.78,-0.05,-1.3228,430651.5,157049.174
300062.SZ,20240709,4.61,4.99,4.58,4.94,4.62,0.32,6.9264,179156.4,86559.914
300063.SZ,20240709,3.63,3.69,3.51,3.68,3.61,0.07,1.9391,191277.85,69236.998
300065.SZ,20240709,6.06,6.27,5.97,6.25,6.02,0.23,3.8206,121305.95,74298.768
300066.SZ,20240709,3.05,3.06,2.89,3.03,3.08,-0.05,-1.6234,238840.39,71149.488
300067.SZ,20240709,3.83,3.92,3.76,3.92,3.83,0.09,2.3499,365307.62,140700.184
300068.SZ,20240709,8.12,8.26,7.9,8.2,8.19,0.01,0.1221,189352.65,153004.642
300069.SZ,20240709,9.94,10.04,9.3,9.84,9.8,0.04,0.4082,38510.69,37142.582
300070.SZ,20240709,4.15,4.26,4.1,4.24,4.16,0.08,1.9231,223981.18,93507.778
300071.SZ,20240709,2.21,2.26,2.06,2.15,2.25,-0.1,-4.4444,633776.98,135138.613
300072.SZ,20240709,1.8,1.82,1.73,1.81,1.8,0.01,0.5556,231010.09,41164.623
300073.SZ,20240709,31.46,31.68,30.58,31.3,31.4,-0.1,-0.3185,142684.78,444460.5
300074.SZ,20240709,3.08,3.11,2.92,3.08,3.07,0.01,0.3257,157324.05,47509.712
300075.SZ,20240709,14.2,14.56,13.67,14.46,14.2,0.26,1.831,176554.59,251294.874
300076.SZ,20240709,3.23,3.27,3.09,3.24,3.33,-0.09,-2.7027,254636.19,80870.304
300077.SZ,20240709,8.13,8.6,8.08,8.57,8.15,0.42,5.1534,124602.0,104702.554
300078.SZ,20240709,2.27,2.29,2.2,2.28,2.26,0.02,0.885,82412.15,18516.681
300079.SZ,20240709,3.93,4.0,3.85,4.0,3.93,0.07,1.7812,204303.2,80538.766
300080.SZ,20240709,2.8,2.84,2.71,2.8,2.8,0.0,0.0,112732.0,31416.366
300081.SZ,20240709,4.33,4.38,4.12,4.36,4.26,0.1,2.3474,176578.25,75353.197
300082.SZ,20240709,4.23,4.26,4.05,4.23,4.18,0.05,1.1962,35761.9,14932.074
300083.SZ,20240709,5.28,5.58,5.23,5.57,5.29,0.28,5.293,443771.79,240461.36
300084.SZ,20240709,5.02,5.11,4.78,5.08,4.99,0.09,1.8036,38872.8,19191.474
300085.SZ,20240709,8.33,8.33,8.01,8.28,8.39,-0.11,-1.3111,157440.57,128653.101
300086.SZ,20240709,3.65,3.65,3.42,3.54,3.62,-0.08,-2.2099,104379.41,36642.357
300087.SZ,20240709,5.99,6.06,5.83,6.01,6.02,-0.01,-0.1661,86624.33,51538.018
300088.SZ,20240709,4.35,4.64,4.33,4.62,4.35,0.27,6.2069,546743.27,246174.538
300091.SZ,20240709,1.33,1.41,1.31,1.34,1.34,0.0,0.0,398684.39,53720.216
300092.SZ,20240709,9.74,10.07,9.62,10.0,9.73,0.27,2.7749,63859.0,63050.604
300093.SZ,20240709,13.28,13.46,11.38,12.48,13.18,-0.7,-5.3111,236423.01,289851.33
300094.SZ,20240709,2.52,2.55,2.38,2.5,2.52,-0.02,-0.7937,372207.0,91548.59
300095.SZ,20240709,5.1,5.58,5.09,5.55,5.14,0.41,7.9767,89193.05,48182.154
300096.SZ,20240709,2.15,2.21,2.12,2.19,2.17,0.02,0.9217,88339.25,19137.651
300097.SZ,20240709,6.09,6.98,5.89,6.49,6.18,0.31,5.0162,413267.26,261332.823
300098.SZ,20240709,4.07,4.18,4.01,4.17,4.0,0.17,4.25,1456471.56,596564.37
300099.SZ,20240709,4.14,4.23,4.04,4.19,4.16,0.03,0.7212,74118.0,30758.769
300100.SZ,20240709,12.3,12.86,11.91,12.79,12.2,0.59,4.8361,332005.11,409386.611
300101.SZ,20240709,13.31,13.81,13.06,13.65,13.32,0.33,2.4775,90310.39,122073.492
300102.SZ,20240709,5.78,6.05,5.78,6.04,5.8,0.24,4.1379,120506.26,71347.429
300103.SZ,20240709,4.15,4.3,3.8,4.23,4.18,0.05,1.1962,160177.01,65106.237
300105.SZ,20240709,6.04,6.24,6.01,6.23,6.02,0.21,3.4884,93356.04,57458.853
300106.SZ,20240709,5.85,5.93,5.59,5.91,5.86,0.05,0.8532,55506.0,32044.519
300107.SZ,20240709,8.6,9.6,8.43,9.2,8.49,0.71,8.3628,595587.04,537343.657
300108.SZ,20240709,1.38,1.47,1.3,1.34,1.38,-0.04,-2.8986,576621.06,78930.763
300109.SZ,20240709,11.24,11.42,11.07,11.41,11.28,0.13,1.1525,58722.22,66271.956
300110.SZ,20240709,3.06,3.08,2.98,3.07,3.06,0.01,0.3268,166460.55,50481.5
300111.SZ,20240709,2.32,2.39,2.21,2.35,2.47,-0.12,-4.8583,999053.92,227602.954
300112.SZ,20240709,6.5,6.65,6.31,6.63,6.49,0.14,2.1572,43955.0,28648.691
300113.SZ,20240709,9.81,10.0,9.56,9.95,9.74,0.21,2.1561,85411.0,83630.049
300115.SZ,20240709,11.45,12.34,11.41,12.3,11.44,0.86,7.5175,1074473.13,1286219.878
300117.SZ,20240709,1.12,1.18,1.11,1.14,1.11,0.03,2.7027,367967.6,41862.464
300118.SZ,20240709,10.7,10.85,10.23,10.8,10.7,0.1,0.9346,377301.0,399409.228
300119.SZ,20240709,13.02,13.22,12.77,13.17,13.1,0.07,0.5344,31004.3,40372.043
300120.SZ,20240709,8.1,8.14,7.5,7.85,7.81,0.04,0.5122,1467242.31,1154346.816
300121.SZ,20240709,7.71,7.89,7.61,7.86,7.71,0.15,1.9455,22234.3,17270.063
300122.SZ,20240709,26.0,26.3,25.63,26.08,26.06,0.02,0.0767,153149.92,398073.586
300123.SZ,20240709,4.21,4.29,4.11,4.28,4.21,0.07,1.6627,208511.27,87962.97
300124.SZ,20240709,49.4,50.5,48.51,50.29,49.57,0.72,1.4525,124036.51,612445.106
300125.SZ,20240709,1.87,1.91,1.75,1.83,1.86,-0.03,-1.6129,148691.0,27227.532
300126.SZ,20240709,4.28,4.38,4.14,4.37,4.28,0.09,2.1028,35856.0,15365.83
300127.SZ,20240709,14.55,14.85,14.22,14.84,14.49,0.35,2.4155,38224.38,55799.617
300128.SZ,20240709,2.93,3.01,2.93,3.0,2.96,0.04,1.3514,97747.43,29091.966
300129.SZ,20240709,6.41,6.54,6.3,6.49,6.42,0.07,1.0903,66425.78,42756.184
300130.SZ,20240709,15.19,15.89,15.09,15.8,15.19,0.61,4.0158,122141.46,189279.245
300131.SZ,20240709,4.1,4.28,4.08,4.28,4.1,0.18,4.3902,304740.41,127912.902
300132.SZ,20240709,3.37,3.44,3.31,3.43,3.39,0.04,1.1799,39433.0,13349.545
300133.SZ,20240709,5.62,5.84,5.5,5.78,5.62,0.16,2.847,665195.09,377801.194
300134.SZ,20240709,6.24,6.54,6.17,6.52,6.23,0.29,4.6549,71301.1,45521.137
300135.SZ,20240709,2.43,2.48,2.36,2.47,2.43,0.04,1.6461,183677.0,44680.703
300136.SZ,20240709,18.27,21.6,18.2,21.2,18.25,2.95,16.1644,1055772.61,2124506.466
300137.SZ,20240709,4.18,4.25,4.11,4.24,4.22,0.02,0.4739,61094.6,25632.154
300138.SZ,20240709,8.13,8.21,7.81,8.04,8.18,-0.14,-1.7115,58982.1,46938.778
300139.SZ,20240709,12.41,12.75,11.96,12.55,12.3,0.25,2.0325,458515.52,566126.762
300140.SZ,20240709,5.65,5.84,5.55,5.8,5.65,0.15,2.6549,43944.0,25015.486
300141.SZ,20240709,7.97,8.5,7.76,8.49,8.2,0.29,3.5366,212197.33,173943.772
300142.SZ,20240709,10.81,10.93,10.61,10.85,10.87,-0.02,-0.184,158951.85,171486.197
300143.SZ,20240709,7.5,7.63,7.29,7.51,7.58,-0.07,-0.9235,64887.0,48623.589
300144.SZ,20240709,7.7,7.81,7.57,7.77,7.68,0.09,1.1719,206619.73,159277.139
300145.SZ,20240709,2.42,2.56,2.36,2.51,2.41,0.1,4.1494,276429.0,67690.871
300146.SZ,20240709,13.14,13.27,13.03,13.14,13.14,0.0,0.0,96002.29,126398.714
300147.SZ,20240709,3.45,3.5,3.29,3.44,3.58,-0.14,-3.9106,330359.37,111940.17
300148.SZ,20240709,2.32,2.37,2.22,2.31,2.31,0.0,0.0,236849.0,54116.346
300149.SZ,20240709,3.87,3.88,3.7,3.82,3.86,-0.04,-1.0363,63685.0,24167.091
300150.SZ,20240709,2.48,2.53,2.37,2.47,2.5,-0.03,-1.2,143211.1,35037.932
300151.SZ,20240709,14.65,14.96,14.25,14.87,14.67,0.2,1.3633,36716.0,53751.04
300152.SZ,20240709,1.58,1.61,1.52,1.58,1.61,-0.03,-1.8634,285423.22,44700.201
300153.SZ,20240709,5.49,5.6,5.31,5.57,5.51,0.06,1.0889,37463.0,20627.121
300154.SZ,20240709,5.04,5.25,4.9,5.18,5.04,0.14,2.7778,37952.0,19286.62
300155.SZ,20240709,3.31,3.34,3.15,3.31,3.29,0.02,0.6079,144038.0,47021.205
300157.SZ,20240709,1.81,1.84,1.73,1.8,1.82,-0.02,-1.0989,123819.34,22048.74
300158.SZ,20240709,3.85,3.87,3.71,3.84,3.85,-0.01,-0.2597,189589.26,71924.455
300159.SZ,20240709,1.92,1.94,1.84,1.92,1.9,0.02,1.0526,370755.0,70138.179
300160.SZ,20240709,4.49,4.58,4.38,4.56,4.48,0.08,1.7857,61520.6,27633.629
300161.SZ,20240709,20.31,20.83,19.87,20.74,20.33,0.41,2.0167,34528.83,70460.661
300162.SZ,20240709,6.04,6.38,5.98,6.37,6.04,0.33,5.4636,308859.09,191595.938
300163.SZ,20240709,1.28,1.33,1.26,1.29,1.29,0.0,0.0,110633.0,14281.896
300164.SZ,20240709,3.33,3.4,3.25,3.39,3.35,0.04,1.194,160287.0,53418.517
300165.SZ,20240709,2.45,2.55,2.37,2.46,2.57,-0.11,-4.2802,670119.3,162404.181
300166.SZ,20240709,5.85,6.03,5.69,6.02,5.84,0.18,3.0822,164012.96,96335.018
300167.SZ,20240709,1.38,1.42,1.33,1.4,1.39,0.01,0.7194,82313.0,11380.016
300168.SZ,20240709,4.65,4.7,4.42,4.61,4.64,-0.03,-0.6466,136737.68,62111.954
300169.SZ,20240709,4.44,4.66,4.4,4.65,4.44,0.21,4.7297,199347.01,90538.801
300170.SZ,20240709,5.87,6.05,5.73,6.02,5.87,0.15,2.5554,245574.59,144749.767
300171.SZ,20240709,11.44,11.59,11.15,11.48,11.48,0.0,0.0,47374.61,54018.491
300172.SZ,20240709,4.51,4.6,4.39,4.54,4.62,-0.08,-1.7316,229999.3,103738.5
300173.SZ,20240709,3.48,3.59,3.42,3.57,3.5,0.07,2.0,102972.0,36212.216
300174.SZ,20240709,12.8,12.95,12.58,12.88,12.77,0.11,0.8614,34274.57,43812.975
300175.SZ,20240709,6.22,6.4,6.05,6.37,6.21,0.16,2.5765,234556.02,146101.254
300176.SZ,20240709,5.1,5.36,5.06,5.25,5.38,-0.13,-2.4164,313579.6,163126.523
300177.SZ,20240709,5.7,5.86,5.53,5.79,5.45,0.34,6.2385,453870.69,257993.026
300179.SZ,20240709,7.33,7.39,7.05,7.3,7.42,-0.12,-1.6173,83302.91,60373.42
300180.SZ,20240709,3.4,3.48,3.34,3.47,3.41,0.06,1.7595,285699.27,97505.782
300181.SZ,20240709,14.86,15.28,14.77,15.21,14.9,0.31,2.0805,116047.97,174758.563
300182.SZ,20240709,3.54,3.65,3.49,3.62,3.54,0.08,2.2599,552187.93,197326.773
300183.SZ,20240709,10.66,11.19,10.58,11.14,10.66,0.48,4.5028,49858.86,54323.484
300184.SZ,20240709,4.38,4.58,4.35,4.57,4.38,0.19,4.3379,318861.13,142926.196
300185.SZ,20240709,1.74,1.8,1.72,1.79,1.75,0.04,2.2857,435289.93,76516.044
300187.SZ,20240709,4.12,4.2,4.05,4.17,4.12,0.05,1.2136,48577.23,20087.424
300188.SZ,20240709,10.8,11.24,10.59,11.17,10.81,0.36,3.3302,114511.02,125353.152
300189.SZ,20240709,1.81,1.9,1.76,1.85,1.86,-0.01,-0.5376,480723.3,87259.268
300190.SZ,20240709,2.82,2.89,2.78,2.87,2.85,0.02,0.7018,41141.8,11667.326
300191.SZ,20240709,13.15,13.33,12.78,13.29,13.2,0.09,0.6818,19195.0,25154.538
300192.SZ,20240709,9.07,9.32,8.83,9.28,9.08,0.2,2.2026,83303.0,75726.877
300193.SZ,20240709,6.9,7.15,6.89,7.13,6.95,0.18,2.5899,37513.1,26374.976
300194.SZ,20240709,3.7,3.79,3.67,3.78,3.73,0.05,1.3405,172842.41,64553.014
300195.SZ,20240709,4.0,4.08,3.88,4.06,3.99,0.07,1.7544,69804.0,27865.356
300196.SZ,20240709,9.63,9.65,9.28,9.46,9.6,-0.14,-1.4583,26604.47,25154.408
300197.SZ,20240709,1.37,1.39,1.29,1.34,1.37,-0.03,-2.1898,965748.12,128876.981
300198.SZ,20240709,1.2,1.21,1.12,1.16,1.2,-0.04,-3.3333,449153.0,51772.122
300199.SZ,20240709,10.03,10.19,9.77,10.1,10.03,0.07,0.6979,153836.85,153934.721
300200.SZ,20240709,7.25,7.65,7.25,7.63,7.31,0.32,4.3776,77917.39,58205.029
300201.SZ,20240709,3.4,3.52,3.39,3.5,3.42,0.08,2.3392,87048.67,30211.749
300203.SZ,20240709,10.43,10.73,9.96,10.72,10.4,0.32,3.0769,111984.2,115781.625
300204.SZ,20240709,5.61,5.65,5.41,5.63,5.61,0.02,0.3565,41194.0,22860.51
300205.SZ,20240709,7.44,7.45,7.21,7.39,7.44,-0.05,-0.672,52626.0,38595.242
300206.SZ,20240709,7.98,8.1,7.82,8.08,7.98,0.1,1.2531,31540.24,25170.057
300207.SZ,20240709,13.66,14.12,13.53,14.11,13.61,0.5,3.6738,231475.8,321090.295
300208.SZ,20240709,1.38,1.42,1.35,1.38,1.38,0.0,0.0,86875.35,11962.457
300209.SZ,20240709,2.28,2.36,2.24,2.31,2.31,0.0,0.0,46791.0,10713.89
300210.SZ,20240709,7.63,7.84,7.47,7.8,7.63,0.17,2.228,123157.07,94559.679
300211.SZ,20240709,5.03,5.15,4.77,5.14,4.98,0.16,3.2129,40125.0,20115.264
300212.SZ,20240709,16.0,16.36,15.58,16.2,16.14,0.06,0.3717,173053.6,276961.903
300213.SZ,20240709,5.41,5.56,5.26,5.52,5.4,0.12,2.2222,100643.0,54579.986
300214.SZ,20240709,5.27,5.46,5.25,5.45,5.29,0.16,3.0246,50629.0,27199.144
300215.SZ,20240709,5.02,5.16,4.91,5.14,5.01,0.13,2.5948,211197.0,106558.939
300217.SZ,20240709,3.57,3.65,3.44,3.63,3.58,0.05,1.3966,185856.88,65907.0
300218.SZ,20240709,13.28,13.86,13.0,13.84,13.3,0.54,4.0602,35059.3,47152.139
300219.SZ,20240709,5.15,5.35,5.06,5.33,5.13,0.2,3.8986,86945.86,45347.452
300220.SZ,20240709,7.0,7.16,6.77,7.12,7.02,0.1,1.4245,35784.0,24997.097
300221.SZ,20240709,4.8,4.98,4.7,4.95,4.75,0.2,4.2105,131145.0,63828.981
300222.SZ,20240709,5.17,5.21,4.95,5.19,5.08,0.11,2.1654,67673.79,34571.912
300223.SZ,20240709,52.66,55.39,52.38,55.27,52.89,2.38,4.4999,86942.9,472157.928
300224.SZ,20240709,8.78,9.0,8.66,8.92,8.78,0.14,1.5945,48675.75,43012.195
300225.SZ,20240709,5.24,5.8,5.05,5.49,4.95,0.54,10.9091,334442.1,177467.059
300226.SZ,20240709,16.3,16.58,15.92,16.44,16.3,0.14,0.8589,63788.4,103862.682
300227.SZ,20240709,5.05,5.29,4.97,5.28,5.05,0.23,4.5545,125200.8,64493.134
300228.SZ,20240709,5.7,5.95,5.49,5.83,5.27,0.56,10.6262,540443.71,307057.379
300229.SZ,20240709,12.75,13.23,12.55,13.16,12.7,0.46,3.622,144275.49,186670.74
300230.SZ,20240709,3.19,3.26,3.13,3.25,3.2,0.05,1.5625,78512.0,25175.097
300231.SZ,20240709,6.92,7.11,6.73,7.09,6.91,0.18,2.6049,73592.6,51033.445
300232.SZ,20240709,4.89,5.04,4.87,5.01,4.92,0.09,1.8293,150847.49,75009.18
300233.SZ,20240709,14.43,14.7,14.13,14.65,14.5,0.15,1.0345,42644.0,61634.05
300234.SZ,20240709,3.82,4.13,3.73,3.97,3.83,0.14,3.6554,82905.62,32424.771
300235.SZ,20240709,7.69,7.84,7.4,7.8,7.62,0.18,2.3622,43313.5,33085.569
300236.SZ,20240709,30.31,32.06,30.13,31.93,30.31,1.62,5.3448,50309.94,157516.998
300237.SZ,20240709,1.14,1.18,1.13,1.16,1.15,0.01,0.8696,223114.58,25711.736
300238.SZ,20240709,8.79,8.95,8.52,8.9,8.82,0.08,0.907,44209.03,38675.301
300239.SZ,20240709,4.65,4.68,4.48,4.68,4.65,0.03,0.6452,48499.26,22262.521
300240.SZ,20240709,5.6,5.7,5.25,5.35,5.0,0.35,7.0,165474.28,89214.549
300241.SZ,20240709,3.77,3.97,3.7,3.96,3.73,0.23,6.1662,283167.75,109098.421
300242.SZ,20240709,1.86,1.92,1.83,1.92,1.97,-0.05,-2.5381,624633.87,117464.389
300243.SZ,20240709,8.48,8.72,8.28,8.71,8.51,0.2,2.3502,64442.0,54806.591
300244.SZ,20240709,11.6,11.79,11.46,11.73,11.7,0.03,0.2564,67071.31,78147.666
300245.SZ,20240709,6.95,6.98,6.36,6.82,7.15,-0.33,-4.6154,530926.28,353443.822
300246.SZ,20240709,5.66,5.74,5.49,5.67,5.67,0.0,0.0,32313.5,18195.496
300247.SZ,20240709,2.37,2.4,2.3,2.37,2.4,-0.03,-1.25,189634.0,44640.458
300248.SZ,20240709,6.15,6.28,5.99,6.27,6.15,0.12,1.9512,46332.51,28558.599
300249.SZ,20240709,6.19,6.4,6.1,6.38,6.21,0.17,2.7375,69604.0,43697.075
300250.SZ,20240709,12.13,12.49,11.8,12.45,12.51,-0.06,-0.4796,212236.0,257614.215
300251.SZ,20240709,7.67,7.76,7.48,7.69,7.69,0.0,0.0,314674.79,240273.365
300252.SZ,20240709,5.82,6.12,5.78,6.09,5.8,0.29,5.0,162182.97,96902.837
300253.SZ,20240709,5.57,5.66,5.44,5.65,5.55,0.1,1.8018,179785.71,99962.526
300254.SZ,20240709,7.71,7.81,7.45,7.81,7.75,0.06,0.7742,62535.67,47853.536
300255.SZ,20240709,9.3,9.37,8.89,9.34,9.34,0.0,0.0,213186.18,195111.005
300256.SZ,20240709,1.81,1.83,1.71,1.82,1.83,-0.01,-0.5464,325504.51,58003.074
300257.SZ,20240709,9.0,9.15,8.86,9.06,9.05,0.01,0.1105,64025.38,57792.994
300258.SZ,20240709,7.57,7.81,7.47,7.8,7.58,0.22,2.9024,57271.02,43901.815
300259.SZ,20240709,2.49,2.53,2.42,2.5,2.5,0.0,0.0,110386.01,27277.389
300260.SZ,20240709,19.0,19.93,18.83,19.88,19.13,0.75,3.9205,87002.2,169006.651
300261.SZ,20240709,5.22,5.27,5.02,5.21,5.22,-0.01,-0.1916,99668.08,51302.448
300263.SZ,20240709,5.2,5.34,5.05,5.29,5.2,0.09,1.7308,100178.0,52074.063
300264.SZ,20240709,3.93,4.2,3.78,4.19,4.19,0.0,0.0,486282.36,192595.781
300265.SZ,20240709,6.7,7.25,6.65,7.15,6.83,0.32,4.6852,355359.52,248597.568
300266.SZ,20240709,1.33,1.36,1.26,1.31,1.34,-0.03,-2.2388,372243.0,48216.877
300267.SZ,20240709,2.11,2.13,2.03,2.1,2.12,-0.02,-0.9434,202047.3,42141.386
300268.SZ,20240709,6.86,6.95,6.76,6.84,6.93,-0.09,-1.2987,6871.0,4707.199
300269.SZ,20240709,2.42,2.46,2.33,2.41,2.42,-0.01,-0.4132,207390.52,49487.75
300270.SZ,20240709,5.72,5.87,5.53,5.87,5.75,0.12,2.087,125340.0,71758.75
300271.SZ,20240709,4.64,4.71,4.5,4.71,4.63,0.08,1.7279,178746.88,82464.06
300272.SZ,20240709,4.61,4.71,4.55,4.69,4.62,0.07,1.5152,82324.0,38236.281
300274.SZ,20240709,58.38,58.57,56.99,58.28,58.15,0.13,0.2236,244874.61,1414431.14
300275.SZ,20240709,9.36,9.53,9.07,9.5,9.4,0.1,1.0638,30845.05,28736.103
300276.SZ,20240709,3.23,3.31,3.15,3.31,3.25,0.06,1.8462,172858.92,55994.633
300277.SZ,20240709,6.34,6.42,6.1,6.4,6.32,0.08,1.2658,31995.74,20118.79
300278.SZ,20240709,2.79,2.81,2.69,2.79,2.76,0.03,1.087,99153.27,27359.142
300279.SZ,20240709,3.91,4.09,3.82,4.06,3.95,0.11,2.7848,85431.6,33878.492
300280.SZ,20240709,13.05,13.64,12.64,13.17,12.93,0.24,1.8561,157509.31,205699.217
300281.SZ,20240709,4.14,4.2,4.01,4.19,4.11,0.08,1.9465,102132.0,42051.966
300283.SZ,20240709,4.59,4.75,4.42,4.67,4.63,0.04,0.8639,277599.69,127172.172
300284.SZ,20240709,6.71,7.02,6.61,6.99,6.77,0.22,3.2496,641789.17,439786.088
300285.SZ,20240709,16.59,16.68,16.22,16.48,16.61,-0.13,-0.7827,97076.0,160130.336
300286.SZ,20240709,19.39,20.37,19.14,20.17,19.45,0.72,3.7018,27266.0,53808.38
300287.SZ,20240709,2.03,2.05,1.9,1.97,2.05,-0.08,-3.9024,1317959.62,256920.328
300288.SZ,20240709,10.05,10.29,9.74,10.27,10.06,0.21,2.0875,58653.23,58981.826
300289.SZ,20240709,3.79,3.81,3.65,3.76,3.8,-0.04,-1.0526,49538.92,18466.981
300290.SZ,20240709,9.0,9.42,8.8,9.31,9.04,0.27,2.9867,520220.56,475403.034
300291.SZ,20240709,4.1,4.12,3.93,4.08,4.04,0.04,0.9901,142836.5,57623.441
300292.SZ,20240709,3.3,3.46,3.28,3.45,3.31,0.14,4.2296,405362.69,136652.129
300293.SZ,20240709,13.0,13.76,12.62,13.67,12.89,0.78,6.0512,207411.91,277496.516
300294.SZ,20240709,34.58,34.95,34.21,34.58,34.67,-0.09,-0.2596,36367.65,125710.681
300295.SZ,20240709,8.87,8.92,8.4,8.92,8.8,0.12,1.3636,107414.0,93197.933
300296.SZ,20240709,4.1,4.27,4.08,4.25,4.13,0.12,2.9056,227392.33,95452.258
300298.SZ,20240709,22.5,22.5,21.56,21.74,22.41,-0.67,-2.9897,53784.44,117847.677
300299.SZ,20240709,3.4,3.45,3.31,3.44,3.4,0.04,1.1765,99611.76,33783.312
300300.SZ,20240709,1.12,1.16,1.11,1.12,1.12,0.0,0.0,261677.62,29519.288
300301.SZ,20240709,1.27,1.28,1.21,1.25,1.27,-0.02,-1.5748,62446.02,7754.005
300302.SZ,20240709,8.84,9.22,8.81,9.2,8.88,0.32,3.6036,103663.21,94088.588
300303.SZ,20240709,4.52,4.73,4.47,4.72,4.52,0.2,4.4248,244901.07,113122.056
300304.SZ,20240709,6.12,6.46,6.11,6.45,6.14,0.31,5.0489,181729.0,114794.191
300305.SZ,20240709,5.41,5.59,5.29,5.57,5.44,0.13,2.3897,45864.0,24958.585
300306.SZ,20240709,8.74,9.06,8.63,9.06,8.78,0.28,3.1891,34367.0,30548.736
300307.SZ,20240709,5.59,5.66,5.37,5.6,5.6,0.0,0.0,218501.15,120435.599
300308.SZ,20240709,143.89,156.0,142.41,154.33,144.39,9.94,6.8841,310067.87,4642266.377
300310.SZ,20240709,3.53,3.65,3.46,3.62,3.53,0.09,2.5496,172923.63,61657.753
300311.SZ,20240709,4.32,4.63,4.05,4.49,4.44,0.05,1.1261,811818.07,351763.818
300313.SZ,20240709,5.68,5.77,5.51,5.76,5.74,0.02,0.3484,42772.0,24248.149
300314.SZ,20240709,10.42,10.45,10.1,10.4,10.34,0.06,0.5803,28268.0,29136.891
300315.SZ,20240709,3.95,4.07,3.91,4.04,3.97,0.07,1.7632,468916.81,187522.467
300316.SZ,20240709,28.74,29.49,28.2,29.05,28.62,0.43,1.5024,177242.03,510014.171
300317.SZ,20240709,3.62,3.67,3.44,3.66,3.61,0.05,1.385,158905.9,56650.637
300318.SZ,20240709,4.8,4.84,4.62,4.82,4.8,0.02,0.4167,42064.78,19912.379
300319.SZ,20240709,9.68,10.22,9.63,10.04,9.79,0.25,2.5536,918637.81,911893.243
300320.SZ,20240709,7.15,7.66,7.12,7.62,7.16,0.46,6.4246,96113.76,71354.246
300321.SZ,20240709,14.33,15.16,14.11,14.9,14.23,0.67,4.7084,28276.34,41554.906
300322.SZ,20240709,7.84,8.49,7.75,8.48,7.95,0.53,6.6667,367764.08,304887.033
300323.SZ,20240709,4.11,4.24,4.03,4.23,4.05,0.18,4.4444,119118.99,49381.608
300324.SZ,20240709,2.15,2.16,1.99,2.11,2.17,-0.06,-2.765,1158616.82,240519.037
300326.SZ,20240709,3.74,3.79,3.59,3.73,3.75,-0.02,-0.5333,82454.31,30497.052
300327.SZ,20240709,18.4,19.48,18.24,19.46,18.44,1.02,5.5315,101166.88,192769.809
300328.SZ,20240709,4.11,4.28,4.03,4.28,4.1,0.18,4.3902,110826.71,46220.493
300329.SZ,20240709,4.15,4.18,3.84,4.04,4.25,-0.21,-4.9412,169796.49,67868.777
300331.SZ,20240709,14.56,15.39,14.38,15.39,14.52,0.87,5.9917,51836.98,77705.653
300332.SZ,20240709,5.22,5.3,5.14,5.3,5.23,0.07,1.3384,53191.0,27820.051
300333.SZ,20240709,4.97,5.28,4.78,5.2,5.02,0.18,3.5857,466000.48,234639.101
300334.SZ,20240709,4.47,4.53,4.28,4.47,4.47,0.0,0.0,45142.06,19854.55
300335.SZ,20240709,3.78,3.82,3.64,3.81,3.76,0.05,1.3298,85819.04,32098.73
300337.SZ,20240709,7.5,8.04,7.36,8.0,7.4,0.6,8.1081,844213.54,659318.227
300338.SZ,20240709,1.6,1.7,1.55,1.59,1.62,-0.03,-1.8519,167411.77,26983.875
300339.SZ,20240709,19.77,20.2,19.58,20.15,19.65,0.5,2.5445,206521.72,412254.06
300340.SZ,20240709,6.57,6.66,6.34,6.61,6.51,0.1,1.5361,44616.19,28994.652
300341.SZ,20240709,8.07,8.3,7.96,8.29,8.07,0.22,2.7261,33258.01,27077.041
300342.SZ,20240709,12.59,13.0,12.18,12.91,12.65,0.26,2.0553,248203.78,312793.385
300343.SZ,20240709,4.58,4.7,4.55,4.68,4.6,0.08,1.7391,112067.94,51986.172
300344.SZ,20240709,3.11,3.29,2.96,3.26,3.16,0.1,3.1646,316902.63,98536.624
300345.SZ,20240709,5.65,5.75,5.3,5.64,5.7,-0.06,-1.0526,48734.07,26745.385
300346.SZ,20240709,28.11,29.83,27.63,29.71,28.01,1.7,6.0693,401052.95,1167966.87
300347.SZ,20240709,48.7,49.08,46.9,48.3,49.0,-0.7,-1.4286,85808.77,411100.733
300348.SZ,20240709,7.16,7.33,6.91,7.3,7.21,0.09,1.2483,304590.03,217723.668
300349.SZ,20240709,11.05,11.35,10.97,11.32,11.07,0.25,2.2584,54263.1,60722.249
300350.SZ,20240709,4.36,4.48,4.3,4.47,4.33,0.14,3.2333,119187.4,52479.843
300351.SZ,20240709,13.87,14.38,13.73,14.31,13.85,0.46,3.3213,74610.73,105387.526
300352.SZ,20240709,3.69,3.76,3.59,3.75,3.68,0.07,1.9022,152910.66,56340.682
300353.SZ,20240709,6.58,6.79,6.47,6.77,6.61,0.16,2.4206,100092.03,66636.629
300354.SZ,20240709,30.96,32.18,30.8,32.1,31.06,1.04,3.3484,24284.0,77298.775
300355.SZ,20240709,2.21,2.24,2.15,2.23,2.22,0.01,0.4505,200581.03,44175.355
300357.SZ,20240709,19.07,19.19,18.54,18.9,19.06,-0.16,-0.8395,74932.43,141551.588
300358.SZ,20240709,7.01,7.2,6.9,7.17,7.01,0.16,2.2825,53753.5,37881.481
300359.SZ,20240709,4.03,4.12,3.9,4.1,4.04,0.06,1.4851,118222.0,47326.74
300360.SZ,20240709,15.68,16.3,15.3,16.18,15.69,0.49,3.123,126938.34,200463.041
300363.SZ,20240709,11.24,11.35,10.93,11.22,11.29,-0.07,-0.62,96191.44,107286.402
300364.SZ,20240709,19.42,20.14,19.04,19.93,19.26,0.67,3.4787,525800.69,1029278.645
300365.SZ,20240709,4.5,4.59,4.28,4.58,4.49,0.09,2.0045,121675.9,54132.072
300366.SZ,20240709,6.83,7.02,6.6,6.95,6.81,0.14,2.0558,123166.81,84091.411
300368.SZ,20240709,2.3,2.35,2.22,2.29,2.29,0.0,0.0,137800.0,31498.704
300369.SZ,20240709,4.77,4.82,4.58,4.8,4.76,0.04,0.8403,161926.27,76376.122
300370.SZ,20240709,1.64,1.68,1.6,1.65,1.65,0.0,0.0,129115.4,21166.759
300371.SZ,20240709,7.7,7.91,7.52,7.91,7.71,0.2,2.594,12311.2,9505.307
300373.SZ,20240709,37.08,40.15,37.01,40.04,37.31,2.73,7.3171,176180.06,690406.849
300374.SZ,20240709,14.23,14.6,14.03,14.56,14.39,0.17,1.1814,112049.0,161022.481
300375.SZ,20240709,3.72,3.84,3.64,3.82,3.72,0.1,2.6882,137285.65,51340.531
300376.SZ,20240709,3.21,3.21,3.21,3.21,4.01,-0.8,-19.9501,10337.0,3318.177
300377.SZ,20240709,4.93,5.03,4.77,5.01,4.92,0.09,1.8293,145151.52,71284.535
300378.SZ,20240709,15.17,15.47,14.53,15.36,15.22,0.14,0.9198,85656.2,128300.668
300379.SZ,20240709,7.57,7.69,7.3,7.6,7.57,0.03,0.3963,146713.03,110174.767
300380.SZ,20240709,14.9,15.43,14.49,15.34,15.15,0.19,1.2541,56886.5,84870.006
300381.SZ,20240709,5.99,6.01,5.78,5.94,5.92,0.02,0.3378,98158.5,57771.044
300382.SZ,20240709,5.37,5.47,5.25,5.44,5.36,0.08,1.4925,72314.34,38867.297
300383.SZ,20240709,7.97,8.27,7.91,8.27,7.97,0.3,3.7641,135638.45,110035.887
300384.SZ,20240709,12.06,12.23,11.8,12.21,12.06,0.15,1.2438,19817.96,23849.563
300385.SZ,20240709,3.33,3.34,3.19,3.3,3.3,0.0,0.0,35484.84,11588.048
300386.SZ,20240709,8.73,9.2,8.52,9.1,8.76,0.34,3.8813,340200.18,301044.273
300387.SZ,20240709,5.83,5.98,5.65,5.95,5.83,0.12,2.0583,73180.44,42723.36
300388.SZ,20240709,5.42,5.53,5.31,5.52,5.42,0.1,1.845,27160.78,14761.65
300389.SZ,20240709,11.5,11.93,11.3,11.87,11.48,0.39,3.3972,37663.2,43925.253
300390.SZ,20240709,16.2,16.49,15.99,16.38,16.25,0.13,0.8,74435.99,121145.719
300391.SZ,20240709,4.7,4.86,4.23,4.45,4.91,-0.46,-9.3686,665190.0,301222.197
300393.SZ,20240709,5.37,5.42,5.24,5.38,5.35,0.03,0.5607,138217.8,73812.829
300394.SZ,20240709,89.0,94.84,87.31,93.88,90.08,3.8,4.2185,260431.52,2386842.669
300395.SZ,20240709,28.65,29.25,27.78,28.82,28.76,0.06,0.2086,78854.48,224249.226
300396.SZ,20240709,18.08,18.1,17.22,17.77,17.96,-0.19,-1.0579,60932.46,107375.585
300397.SZ,20240709,8.69,8.9,8.53,8.86,8.71,0.15,1.7222,105351.87,91971.328
300398.SZ,20240709,11.53,12.24,11.33,12.2,11.61,0.59,5.0818,235205.12,279629.551
300399.SZ,20240709,9.16,9.88,8.96,9.81,9.19,0.62,6.7465,137032.78,131280.534
300400.SZ,20240709,10.2,10.79,10.13,10.77,10.23,0.54,5.2786,55218.09,57996.9
300401.SZ,20240709,14.46,14.82,14.17,14.8,14.5,0.3,2.069,695532.19,1010390.857
300402.SZ,20240709,12.06,12.39,11.82,12.38,12.19,0.19,1.5587,35621.14,43220.339
300403.SZ,20240709,6.18,6.42,6.15,6.41,6.21,0.2,3.2206,93944.2,59232.105
300404.SZ,20240709,7.44,7.47,7.06,7.37,7.39,-0.02,-0.2706,151136.07,109251.863
300405.SZ,20240709,3.48,3.55,3.36,3.5,3.49,0.01,0.2865,80508.5,27923.228
300406.SZ,20240709,14.94,15.26,14.78,15.14,14.98,0.16,1.0681,38389.0,57604.729
300407.SZ,20240709,7.31,7.55,7.12,7.53,7.35,0.18,2.449,50922.1,37560.783
300408.SZ,20240709,28.03,29.07,27.91,28.9,27.92,0.98,3.51,130206.88,372947.218
300409.SZ,20240709,8.31,8.57,8.17,8.53,8.25,0.28,3.3939,64603.07,54179.415
300410.SZ,20240709,4.71,4.83,4.56,4.8,4.71,0.09,1.9108,97627.85,46070.618
300411.SZ,20240709,11.4,12.3,10.97,11.85,11.28,0.57,5.0532,353303.89,409625.189
300412.SZ,20240709,2.89,2.91,2.77,2.85,2.91,-0.06,-2.0619,166888.8,47214.662
300413.SZ,20240709,19.62,19.98,19.1,19.84,19.53,0.31,1.5873,133707.37,261261.658
300414.SZ,20240709,5.75,6.14,5.75,6.13,5.98,0.15,2.5084,47512.8,28426.796
300415.SZ,20240709,18.7,18.89,18.35,18.74,18.7,0.04,0.2139,50728.1,94723.888
300416.SZ,20240709,10.98,11.29,10.68,11.17,10.97,0.2,1.8232,131370.8,144586.431
300417.SZ,20240709,8.64,9.16,8.4,9.03,8.78,0.25,2.8474,169305.95,150007.447
300418.SZ,20240709,29.8,30.68,29.5,30.52,29.68,0.84,2.8302,337937.98,1018645.448
300419.SZ,20240709,4.55,4.59,4.31,4.59,4.52,0.07,1.5487,189997.0,84409.79
300420.SZ,20240709,2.24,2.25,2.14,2.24,2.21,0.03,1.3575,155474.82,34162.333
300421.SZ,20240709,8.3,8.52,8.08,8.5,8.24,0.26,3.1553,90371.36,75400.402
300422.SZ,20240709,4.49,4.49,4.24,4.39,4.59,-0.2,-4.3573,147222.17,63944.641
300423.SZ,20240709,5.11,5.23,5.07,5.21,5.1,0.11,2.1569,96034.22,49607.351
300424.SZ,20240709,11.24,11.6,10.93,11.57,11.24,0.33,2.9359,79175.8,89452.824
300425.SZ,20240709,4.1,4.12,3.94,4.11,4.08,0.03,0.7353,81131.75,32812.565
300426.SZ,20240709,6.45,6.51,6.22,6.49,6.39,0.1,1.5649,45777.82,29322.951
300427.SZ,20240709,4.19,4.25,4.05,4.2,4.19,0.01,0.2387,52051.98,21572.183
300428.SZ,20240709,17.73,18.5,17.69,18.38,17.73,0.65,3.6661,49645.5,90020.989
300429.SZ,20240709,11.2,11.83,11.01,11.82,11.32,0.5,4.417,346803.34,401412.049
300430.SZ,20240709,13.65,14.36,13.58,14.36,13.7,0.66,4.8175,140622.1,197043.677
300432.SZ,20240709,6.13,6.31,6.0,6.27,6.14,0.13,2.1173,116823.52,71985.134
300433.SZ,20240709,17.99,19.67,17.91,19.46,17.84,1.62,9.0807,1057836.0,2008365.06
300434.SZ,20240709,7.42,7.48,7.2,7.47,7.45,0.02,0.2685,45810.32,33682.503
300435.SZ,20240709,10.86,11.04,10.63,10.99,10.92,0.07,0.641,27419.33,29759.966
300436.SZ,20240709,15.76,15.92,15.28,15.83,15.76,0.07,0.4442,15708.1,24605.249
300437.SZ,20240709,8.7,8.99,8.46,8.96,8.86,0.1,1.1287,86518.48,75961.338
300438.SZ,20240709,17.33,17.75,17.1,17.65,17.34,0.31,1.7878,92700.53,161398.222
300439.SZ,20240709,8.86,9.01,8.66,8.97,8.85,0.12,1.3559,30470.66,26983.55
300440.SZ,20240709,4.97,5.06,4.78,5.02,4.99,0.03,0.6012,56197.12,27827.821
300441.SZ,20240709,5.39,5.57,5.33,5.55,5.43,0.12,2.2099,53918.0,29366.174
300442.SZ,20240709,22.16,23.05,21.94,22.89,22.16,0.73,3.2942,131975.05,297294.96
300443.SZ,20240709,13.85,14.16,13.51,14.05,13.86,0.19,1.3709,45893.59,63588.296
300444.SZ,20240709,5.78,6.0,5.77,5.99,5.81,0.18,3.0981,170921.51,100961.933
300445.SZ,20240709,14.62,15.25,14.55,15.25,14.6,0.65,4.4521,21683.6,32396.701
300446.SZ,20240709,10.99,11.54,10.92,11.52,11.07,0.45,4.065,101952.6,114826.21
300447.SZ,20240709,11.05,11.48,11.02,11.48,11.14,0.34,3.0521,36187.0,40838.915
300448.SZ,20240709,4.31,4.54,4.18,4.46,4.31,0.15,3.4803,615131.34,269329.076
300449.SZ,20240709,4.47,5.32,4.36,4.85,4.51,0.34,7.5388,306193.49,145623.881
300450.SZ,20240709,15.33,15.65,15.05,15.62,15.32,0.3,1.9582,183548.74,282240.893
300451.SZ,20240709,3.21,3.26,3.1,3.23,3.21,0.02,0.6231,507371.04,161597.169
300452.SZ,20240709,10.73,10.82,10.42,10.74,10.75,-0.01,-0.093,19685.0,20943.761
300453.SZ,20240709,6.36,6.41,6.16,6.39,6.35,0.04,0.6299,27164.85,17136.417
300454.SZ,20240709,47.35,49.86,46.77,49.27,47.03,2.24,4.7629,38293.65,186094.335
300455.SZ,20240709,11.06,11.5,10.94,11.46,11.06,0.4,3.6166,196615.28,220855.237
300456.SZ,20240709,14.28,15.14,14.16,15.05,14.28,0.77,5.3922,171198.75,252607.756
300457.SZ,20240709,15.61,16.31,15.47,16.23,15.66,0.57,3.6398,196661.82,312949.294
300458.SZ,20240709,22.72,24.48,22.54,24.46,22.84,1.62,7.0928,499756.7,1192920.698
300459.SZ,20240709,3.29,3.34,3.21,3.33,3.27,0.06,1.8349,633754.14,208061.075
300460.SZ,20240709,7.63,8.32,7.54,8.32,7.63,0.69,9.0433,146065.61,116929.834
300461.SZ,20240709,16.02,18.8,16.0,18.03,16.26,1.77,10.8856,180997.32,313001.213
300462.SZ,20240709,9.83,10.47,9.61,9.95,9.35,0.6,6.4171,377359.53,376464.204
300463.SZ,20240709,10.95,11.5,10.91,11.45,10.99,0.46,4.1856,96434.03,108896.394
300464.SZ,20240709,3.39,3.46,3.33,3.46,3.4,0.06,1.7647,50782.0,17239.495
300465.SZ,20240709,6.82,6.96,6.59,6.94,6.83,0.11,1.6105,122675.31,83147.126
300466.SZ,20240709,5.78,5.9,5.62,5.89,5.75,0.14,2.4348,123277.2,71211.631
300467.SZ,20240709,12.46,12.83,12.38,12.78,12.46,0.32,2.5682,26944.0,34076.245
300468.SZ,20240709,8.12,8.26,7.85,8.24,8.13,0.11,1.353,172926.04,139975.57
300469.SZ,20240709,11.77,12.28,11.31,12.0,11.77,0.23,1.9541,496988.31,589133.791
300470.SZ,20240709,32.58,33.1,31.97,32.86,32.59,0.27,0.8285,8106.43,26399.827
300471.SZ,20240709,7.77,7.84,7.42,7.81,7.69,0.12,1.5605,38381.34,29368.944
300472.SZ,20240709,4.18,4.25,4.02,4.22,4.18,0.04,0.9569,61507.0,25493.922
300473.SZ,20240709,12.66,13.46,12.66,13.43,12.98,0.45,3.4669,24723.0,32581.101
300474.SZ,20240709,57.5,60.3,57.5,60.28,57.9,2.38,4.1105,77455.48,458681.426
300475.SZ,20240709,27.75,29.07,27.48,28.99,27.62,1.37,4.9602,110764.26,314670.021
300476.SZ,20240709,34.06,38.3,33.82,38.28,33.88,4.4,12.987,479274.09,1751197.06
300477.SZ,20240709,2.33,2.34,2.16,2.3,2.33,-0.03,-1.2876,306388.86,68915.964
300478.SZ,20240709,7.19,7.45,7.03,7.4,7.19,0.21,2.9207,15643.9,11352.727
300479.SZ,20240709,14.04,14.1,13.52,13.95,13.87,0.08,0.5768,43862.96,60841.932
300480.SZ,20240709,13.88,14.11,13.3,14.05,13.99,0.06,0.4289,90019.88,123810.228
300481.SZ,20240709,13.06,13.58,12.93,13.52,13.06,0.46,3.5222,53113.5,70596.561
300482.SZ,20240709,24.43,24.9,23.7,24.61,24.75,-0.14,-0.5657,96294.8,234369.13
300483.SZ,20240709,7.16,7.25,6.91,7.23,7.18,0.05,0.6964,34167.99,24259.875
300484.SZ,20240709,12.54,13.24,12.47,13.24,12.57,0.67,5.3302,111780.0,144398.897
300485.SZ,20240709,6.04,6.07,5.73,5.95,6.03,-0.08,-1.3267,51895.35,30443.292
300486.SZ,20240709,5.28,5.64,5.18,5.61,5.37,0.24,4.4693,507241.28,276846.303
300487.SZ,20240709,38.68,38.87,37.38,38.4,38.66,-0.26,-0.6725,36902.85,140870.929
300488.SZ,20240709,18.8,19.34,18.51,19.31,18.95,0.36,1.8997,6076.46,11550.261
300489.SZ,20240709,21.75,22.8,21.56,22.8,22.4,0.4,1.7857,74421.8,164902.812
300490.SZ,20240709,6.94,7.12,6.84,7.09,6.95,0.14,2.0144,62254.24,43528.954
300491.SZ,20240709,13.15,13.48,12.85,13.45,13.07,0.38,2.9074,31750.0,41988.865
300492.SZ,20240709,86.8,88.47,84.88,87.4,86.32,1.08,1.2512,7063.51,61192.27
300493.SZ,20240709,7.21,7.72,7.17,7.63,7.26,0.37,5.0964,138426.15,104016.165
300494.SZ,20240709,9.22,9.39,8.93,9.36,9.23,0.13,1.4085,158969.4,145872.507
300496.SZ,20240709,41.69,43.63,41.39,43.47,41.55,1.92,4.6209,166628.99,708891.8
300497.SZ,20240709,8.51,8.63,8.29,8.56,8.5,0.06,0.7059,60198.08,51059.774
300498.SZ,20240709,20.01,20.22,19.23,19.31,20.08,-0.77,-3.8347,425268.03,829932.598
300499.SZ,20240709,10.11,10.51,9.97,10.5,10.05,0.45,4.4776,66943.0,68748.254
300500.SZ,20240709,9.7,9.88,9.34,9.86,9.73,0.13,1.3361,62420.43,60223.601
300501.SZ,20240709,10.28,10.59,10.11,10.54,10.31,0.23,2.2308,11184.39,11587.653
300502.SZ,20240709,112.67,120.1,111.67,118.56,113.45,5.11,4.5042,285715.18,3327035.783
300503.SZ,20240709,11.49,11.98,11.4,11.97,11.48,0.49,4.2683,100199.5,117641.831
300504.SZ,20240709,11.02,11.55,10.95,11.55,11.06,0.49,4.4304,22408.66,25309.914
300505.SZ,20240709,12.27,12.7,12.06,12.7,12.2,0.5,4.0984,136486.5,170054.202
300506.SZ,20240709,1.68,1.84,1.68,1.71,1.71,0.0,0.0,191318.25,33484.534
300507.SZ,20240709,4.96,5.13,4.86,5.11,4.99,0.12,2.4048,258324.63,129588.359
300508.SZ,20240709,18.23,19.59,17.79,19.21,17.99,1.22,6.7815,28124.0,52883.25
300509.SZ,20240709,4.43,4.48,4.25,4.48,4.43,0.05,1.1287,44920.53,19681.453
300510.SZ,20240709,3.29,3.34,3.15,3.31,3.29,0.02,0.6079,117964.32,38387.185
300511.SZ,20240709,2.6,2.61,2.48,2.59,2.6,-0.01,-0.3846,149166.97,37992.611
300512.SZ,20240709,5.4,5.52,5.28,5.49,5.44,0.05,0.9191,23117.5,12493.377
300513.SZ,20240709,7.46,7.57,7.15,7.56,7.43,0.13,1.7497,66425.59,49189.197
300514.SZ,20240709,13.19,13.75,12.89,13.68,13.18,0.5,3.7936,58006.34,77763.528
300515.SZ,20240709,8.97,9.41,8.89,9.4,8.94,0.46,5.1454,35828.36,32871.156
300516.SZ,20240709,26.49,27.34,26.28,27.19,26.56,0.63,2.372,15014.0,40392.596
300517.SZ,20240709,8.35,8.55,8.21,8.49,8.36,0.13,1.555,59481.0,50159.886
300518.SZ,20240709,7.31,7.36,6.98,7.25,7.31,-0.06,-0.8208,46125.56,32923.807
300519.SZ,20240709,10.77,10.77,10.2,10.63,10.66,-0.03,-0.2814,24364.8,25483.803
300520.SZ,20240709,15.1,15.64,14.87,15.58,15.1,0.48,3.1788,83160.32,126948.881
300521.SZ,20240709,11.04,11.26,10.71,11.26,11.1,0.16,1.4414,25874.8,28577.387
300522.SZ,20240709,10.24,10.49,10.11,10.45,10.19,0.26,2.5515,32934.2,34057.554
300523.SZ,20240709,16.6,16.95,16.21,16.92,16.81,0.11,0.6544,50852.8,84189.104
300525.SZ,20240709,12.06,12.22,11.8,12.2,12.06,0.14,1.1609,93601.97,112496.459
300527.SZ,20240709,6.1,6.25,6.03,6.23,6.14,0.09,1.4658,83416.09,51240.268
300528.SZ,20240709,6.23,6.23,5.89,6.14,6.13,0.01,0.1631,50113.0,30252.03
300529.SZ,20240709,27.6,27.99,26.26,26.59,26.93,-0.34,-1.2625,120648.24,323405.049
300530.SZ,20240709,15.68,15.89,14.95,15.88,15.66,0.22,1.4049,24238.0,37445.774
300531.SZ,20240709,9.5,9.77,9.24,9.74,9.51,0.23,2.4185,50003.5,47751.808
300532.SZ,20240709,11.43,11.75,11.15,11.64,11.42,0.22,1.9264,46777.0,53610.016
300533.SZ,20240709,13.54,13.55,12.92,13.3,13.33,-0.03,-0.2251,40175.5,52960.021
300534.SZ,20240709,7.68,7.75,7.43,7.65,7.75,-0.1,-1.2903,119833.0,90877.922
300535.SZ,20240709,11.1,12.15,11.0,12.0,11.2,0.8,7.1429,48111.91,55883.072
300536.SZ,20240709,7.83,8.4,7.75,8.2,7.85,0.35,4.4586,55638.7,45117.504
300537.SZ,20240709,14.52,15.5,14.31,15.44,14.6,0.84,5.7534,113411.0,170817.467
300538.SZ,20240709,16.66,18.59,16.0,18.19,17.12,1.07,6.25,237821.7,414960.066
300539.SZ,20240709,7.31,7.55,7.15,7.54,7.35,0.19,2.585,35450.0,26147.329
300540.SZ,20240709,20.28,20.37,19.66,20.23,19.99,0.24,1.2006,11470.81,23062.247
300541.SZ,20240709,8.07,8.3,7.9,8.25,8.11,0.14,1.7263,89522.4,72743.904
300542.SZ,20240709,11.45,11.9,11.29,11.89,11.45,0.44,3.8428,87741.0,102271.681
300543.SZ,20240709,7.18,7.67,7.1,7.67,7.18,0.49,6.8245,79358.8,58997.062
300545.SZ,20240709,22.21,23.63,22.14,23.56,22.35,1.21,5.4139,41635.0,95995.588
300546.SZ,20240709,11.95,12.9,11.94,12.46,12.08,0.38,3.1457,275625.72,341218.279
300547.SZ,20240709,15.16,16.09,15.16,16.09,15.2,0.89,5.8553,54586.18,85407.891
300548.SZ,20240709,17.67,19.0,17.62,18.93,17.71,1.22,6.8888,114048.42,209669.314
300549.SZ,20240709,15.33,15.65,14.5,15.58,15.55,0.03,0.1929,159072.49,239423.663
300550.SZ,20240709,9.34,9.52,9.25,9.49,9.34,0.15,1.606,12032.46,11293.272
300551.SZ,20240709,5.27,5.33,5.0,5.23,5.29,-0.06,-1.1342,163495.0,84130.082
300552.SZ,20240709,32.87,33.45,31.73,33.32,32.02,1.3,4.06,150968.84,494450.726
300553.SZ,20240709,22.1,22.75,21.64,22.67,22.05,0.62,2.8118,12446.1,27708.512
300554.SZ,20240709,21.03,22.23,20.67,22.2,20.94,1.26,6.0172,56552.0,121720.388
300555.SZ,20240709,5.54,5.55,5.29,5.44,5.41,0.03,0.5545,4784.0,2594.196
300556.SZ,20240709,15.87,16.25,15.45,16.19,15.82,0.37,2.3388,39800.64,63272.707
300557.SZ,20240709,23.31,24.43,23.08,24.29,23.23,1.06,4.5631,33357.64,79431.113
300558.SZ,20240709,31.42,31.64,30.43,31.25,31.51,-0.26,-0.8251,76972.19,238039.06
300559.SZ,20240709,9.01,9.21,8.85,9.2,9.03,0.17,1.8826,45774.07,41547.36
300560.SZ,20240709,10.1,10.48,9.96,10.45,10.12,0.33,3.2609,48822.9,50004.135
300561.SZ,20240709,8.38,8.69,8.09,8.65,8.54,0.11,1.2881,282794.42,237728.363
300562.SZ,20240709,8.43,8.49,8.02,8.49,8.43,0.06,0.7117,78862.0,65457.279
300563.SZ,20240709,31.0,34.16,29.51,34.16,28.47,5.69,19.986,430777.25,1374039.285
300564.SZ,20240709,8.16,8.17,7.8,8.11,8.09,0.02,0.2472,11791.38,9445.17
300565.SZ,20240709,9.51,9.72,9.39,9.66,9.5,0.16,1.6842,26922.1,25769.37
300566.SZ,20240709,12.55,13.47,12.55,13.41,12.74,0.67,5.259,50174.89,65748.415
300567.SZ,20240709,53.0,55.66,52.5,55.25,53.21,2.04,3.8339,48201.0,261993.008
300568.SZ,20240709,7.55,7.88,7.52,7.81,7.6,0.21,2.7632,214458.9,165472.643
300569.SZ,20240709,3.96,4.05,3.86,4.03,3.97,0.06,1.5113,71286.92,28275.528
300570.SZ,20240709,30.08,34.6,29.84,33.47,30.06,3.41,11.344,179086.52,576906.375
300571.SZ,20240709,19.3,19.91,18.88,19.85,19.3,0.55,2.8497,16105.24,31383.624
300572.SZ,20240709,12.06,12.15,11.51,11.92,12.07,-0.15,-1.2428,80360.28,95509.852
300573.SZ,20240709,152.95,154.79,149.03,154.2,153.16,1.04,0.679,35417.07,539211.066
300575.SZ,20240709,6.48,6.55,6.25,6.51,6.52,-0.01,-0.1534,73139.61,46687.292
300576.SZ,20240709,35.92,37.6,35.27,37.6,36.0,1.6,4.4444,197914.01,732391.628
300577.SZ,20240709,20.03,20.47,19.4,20.06,19.79,0.27,1.3643,17948.0,35817.748
300578.SZ,20240709,15.04,15.9,14.85,15.9,15.38,0.52,3.381,214641.86,330636.707
300579.SZ,20240709,21.64,22.28,20.91,21.89,22.03,-0.14,-0.6355,152892.66,329379.545
300580.SZ,20240709,13.59,14.05,13.3,14.02,13.64,0.38,2.7859,132770.66,181446.719
300581.SZ,20240709,6.9,7.05,6.75,7.01,6.92,0.09,1.3006,64023.29,44398.045
300582.SZ,20240709,7.87,8.36,7.77,8.29,7.86,0.43,5.4707,46958.97,38035.745
300583.SZ,20240709,11.6,11.8,11.31,11.71,11.69,0.02,0.1711,14644.84,16924.445
300584.SZ,20240709,15.03,15.3,14.61,15.23,15.32,-0.09,-0.5875,17688.0,26480.3
300585.SZ,20240709,10.25,10.71,10.15,10.67,10.1,0.57,5.6436,92669.0,96859.858
300586.SZ,20240709,6.05,6.17,5.9,6.14,6.12,0.02,0.3268,55871.03,33865.746
300587.SZ,20240709,3.87,3.95,3.8,3.92,3.9,0.02,0.5128,127856.91,49790.127
300588.SZ,20240709,7.53,7.64,7.14,7.6,7.43,0.17,2.288,60527.0,44745.877
300589.SZ,20240709,11.14,11.34,10.88,11.34,11.01,0.33,2.9973,61083.8,68034.046
300590.SZ,20240709,11.05,12.35,10.97,12.25,11.01,1.24,11.2625,476883.72,564174.748
300591.SZ,20240709,3.06,3.09,2.94,3.08,3.06,0.02,0.6536,63795.2,19296.711
300592.SZ,20240709,10.24,10.35,9.9,10.32,10.16,0.16,1.5748,62190.2,62927.473
300593.SZ,20240709,8.89,9.07,8.5,8.99,8.91,0.08,0.8979,127962.81,112022.718
300594.SZ,20240709,12.71,13.5,12.52,13.34,12.59,0.75,5.9571,36917.0,48275.901
300595.SZ,20240709,15.04,15.25,14.75,15.15,15.1,0.05,0.3311,70266.92,105565.252
300596.SZ,20240709,25.02,25.73,24.86,25.63,25.29,0.34,1.3444,20474.5,51909.717
300597.SZ,20240709,6.57,6.83,6.44,6.82,6.52,0.3,4.6012,101951.0,67863.17
300598.SZ,20240709,26.55,27.29,26.32,27.23,26.44,0.79,2.9879,31883.96,85711.641
300599.SZ,20240709,4.8,4.93,4.7,4.91,4.81,0.1,2.079,19770.96,9539.294
300600.SZ,20240709,4.98,5.07,4.84,5.06,4.99,0.07,1.4028,33733.31,16768.72
300601.SZ,20240709,14.86,15.03,14.63,14.94,14.85,0.09,0.6061,89926.62,133255.357
300602.SZ,20240709,13.75,14.7,13.71,14.7,13.72,0.98,7.1429,195164.2,279468.516
300603.SZ,20240709,6.63,6.77,6.49,6.75,6.65,0.1,1.5038,53142.24,35386.737
300604.SZ,20240709,28.29,30.55,28.21,30.43,28.42,2.01,7.0725,258978.01,773660.827
300605.SZ,20240709,9.14,9.38,8.74,9.26,9.14,0.12,1.3129,83620.59,75808.066
300606.SZ,20240709,19.56,22.89,19.1,21.52,19.56,1.96,10.0204,256777.47,538156.177
300607.SZ,20240709,11.65,12.19,11.48,12.13,11.77,0.36,3.0586,116835.57,138532.251
300608.SZ,20240709,8.41,8.55,8.18,8.55,8.41,0.14,1.6647,61721.81,51840.153
300609.SZ,20240709,18.9,18.95,17.99,18.62,18.65,-0.03,-0.1609,30805.0,56803.548
300610.SZ,20240709,8.52,9.27,8.31,9.17,8.64,0.53,6.1343,85452.4,76860.558
300611.SZ,20240709,7.16,7.43,7.05,7.4,7.16,0.24,3.352,51772.7,37584.748
300612.SZ,20240709,12.65,12.92,12.16,12.91,12.49,0.42,3.3627,34009.09,42721.576
300613.SZ,20240709,32.5,34.28,32.22,34.0,32.72,1.28,3.912,90857.57,304798.194
300614.SZ,20240709,8.39,8.62,8.21,8.58,8.47,0.11,1.2987,21942.45,18488.623
300615.SZ,20240709,8.66,8.98,8.51,8.97,8.75,0.22,2.5143,18892.8,16609.811
300616.SZ,20240709,10.44,10.62,10.17,10.52,10.46,0.06,0.5736,14407.99,15007.49
300617.SZ,20240709,26.45,27.4,25.01,27.39,26.67,0.72,2.6997,37296.0,98787.836
300618.SZ,20240709,25.17,25.77,24.72,25.71,25.26,0.45,1.7815,42965.52,108730.435
300619.SZ,20240709,18.5,19.06,17.9,19.06,18.52,0.54,2.9158,31848.39,58816.131
300620.SZ,20240709,34.28,36.49,34.07,36.43,34.3,2.13,6.2099,55429.77,196292.506
300621.SZ,20240709,7.22,7.35,7.05,7.32,7.18,0.14,1.9499,20962.0,15134.056
300622.SZ,20240709,11.69,11.77,11.33,11.67,11.61,0.06,0.5168,9581.31,11110.87
300623.SZ,20240709,16.37,17.46,16.2,17.4,16.41,0.99,6.0329,193676.3,330113.074
300624.SZ,20240709,48.95,50.16,48.19,49.96,48.63,1.33,2.7349,69909.62,344614.007
300625.SZ,20240709,9.82,10.16,9.73,10.14,9.85,0.29,2.9442,14149.43,14090.782
300626.SZ,20240709,6.88,7.19,6.7,7.18,7.06,0.12,1.6997,83564.6,58297.525
300627.SZ,20240709,28.69,29.98,28.45,29.93,28.7,1.23,4.2857,124826.35,366756.379
300628.SZ,20240709,36.23,37.12,35.9,36.93,36.4,0.53,1.456,58724.78,215596.815
300629.SZ,20240709,16.41,16.85,16.18,16.77,16.47,0.3,1.8215,35331.51,58482.984
300630.SZ,20240709,7.9,8.55,7.9,7.94,9.88,-1.94,-19.6356,858611.16,686703.477
300631.SZ,20240709,18.59,18.85,18.1,18.79,18.46,0.33,1.7876,12114.64,22478.268
300632.SZ,20240709,9.1,9.55,9.01,9.54,9.15,0.39,4.2623,35127.03,32829.308
300633.SZ,20240709,33.45,33.45,32.06,32.34,33.56,-1.22,-3.6353,55844.23,181763.453
300634.SZ,20240709,15.96,16.73,15.75,16.67,16.02,0.65,4.0574,91374.67,148510.522
300635.SZ,20240709,7.05,7.21,6.93,7.19,7.11,0.08,1.1252,24889.0,17658.695
300636.SZ,20240709,9.38,9.48,8.88,9.41,9.39,0.02,0.213,64351.5,59292.942
300637.SZ,20240709,7.88,8.78,7.71,8.67,8.61,0.06,0.6969,308147.73,256535.824
300638.SZ,20240709,15.5,16.57,15.33,16.54,15.45,1.09,7.055,286029.44,459801.121
300639.SZ,20240709,4.51,4.68,4.35,4.56,4.51,0.05,1.1086,101209.1,45649.187
300640.SZ,20240709,3.78,3.84,3.63,3.82,3.77,0.05,1.3263,43671.47,16395.704
300641.SZ,20240709,31.0,31.8,30.01,31.19,32.32,-1.13,-3.4963,711379.06,2204458.894
300642.SZ,20240709,11.2,11.37,10.82,11.22,11.2,0.02,0.1786,10424.88,11575.842
300643.SZ,20240709,12.08,12.84,11.89,12.76,11.9,0.86,7.2269,239017.0,295919.163
300644.SZ,20240709,18.1,19.37,17.71,19.36,18.02,1.34,7.4362,86587.13,161298.858
300645.SZ,20240709,11.87,12.1,11.45,11.91,11.9,0.01,0.084,60706.8,71336.783
300647.SZ,20240709,4.41,4.76,4.37,4.71,4.46,0.25,5.6054,329097.6,150449.406
300648.SZ,20240709,15.86,16.34,15.64,16.28,15.86,0.42,2.6482,12274.0,19644.309
300649.SZ,20240709,9.71,9.81,9.4,9.77,9.65,0.12,1.2435,23922.74,23039.46
300650.SZ,20240709,9.28,9.85,9.21,9.85,9.31,0.54,5.8002,112755.6,108022.253
300651.SZ,20240709,12.15,12.6,11.9,12.35,12.35,0.0,0.0,30162.58,36798.283
300652.SZ,20240709,18.5,18.79,18.05,18.73,18.39,0.34,1.8488,10092.51,18682.279
300653.SZ,20240709,20.2,20.63,19.91,20.55,20.38,0.17,0.8342,11823.81,24035.88
300654.SZ,20240709,8.01,8.26,7.82,8.25,8.02,0.23,2.8678,93195.14,75221.98
300655.SZ,20240709,6.75,7.09,6.68,7.05,6.75,0.3,4.4444,218779.06,151892.575
300656.SZ,20240709,17.29,18.28,17.1,18.24,17.3,0.94,5.4335,41875.58,74749.995
300657.SZ,20240709,14.17,14.88,14.15,14.83,14.32,0.51,3.5615,98431.54,143463.004
300658.SZ,20240709,4.1,4.14,3.96,4.13,4.08,0.05,1.2255,36088.4,14678.477
300659.SZ,20240709,11.93,12.21,11.67,12.18,11.94,0.24,2.0101,31321.0,37507.779
300660.SZ,20240709,23.78,24.88,23.6,24.75,23.91,0.84,3.5132,36768.48,89363.995
300661.SZ,20240709,75.45,77.63,75.02,76.77,75.92,0.85,1.1196,40902.02,313499.289
300662.SZ,20240709,14.59,14.78,14.27,14.71,14.57,0.14,0.9609,34104.0,49669.476
300663.SZ,20240709,9.43,9.76,9.22,9.72,9.55,0.17,1.7801,101413.23,96398.029
300664.SZ,20240709,4.38,4.43,4.29,4.42,4.35,0.07,1.6092,40553.61,17707.676
300665.SZ,20240709,4.8,5.2,4.77,5.18,5.0,0.18,3.6,108747.07,54106.954
300666.SZ,20240709,47.32,49.89,47.31,49.89,47.71,2.18,4.5693,120140.68,586450.074
300667.SZ,20240709,13.5,13.61,12.55,13.28,13.81,-0.53,-3.8378,149520.82,195620.451
300668.SZ,20240709,15.46,17.56,15.44,16.31,15.0,1.31,8.7333,23010.64,38020.684
300669.SZ,20240709,12.9,12.94,12.69,12.79,12.92,-0.13,-1.0062,7061.5,9038.115
300670.SZ,20240709,5.24,5.37,5.03,5.37,5.2,0.17,3.2692,98727.7,51439.569
300671.SZ,20240709,28.75,30.5,28.38,30.11,28.14,1.97,7.0007,327278.59,968213.561
300672.SZ,20240709,50.28,53.69,49.82,53.56,50.55,3.01,5.9545,132230.01,695976.43
300673.SZ,20240709,12.76,13.2,12.73,13.07,12.87,0.2,1.554,19737.0,25613.473
300674.SZ,20240709,10.35,10.59,10.1,10.54,10.35,0.19,1.8357,79141.8,81981.302
300675.SZ,20240709,10.83,11.11,10.4,11.07,10.86,0.21,1.9337,48642.14,52223.806
300676.SZ,20240709,33.7,34.56,33.33,34.45,33.7,0.75,2.2255,18382.55,62513.523
300677.SZ,20240709,27.21,29.08,27.08,28.92,27.23,1.69,6.2064,150920.54,426059.534
300678.SZ,20240709,24.16,25.25,23.89,25.23,24.16,1.07,4.4288,85359.0,210246.754
300679.SZ,20240709,36.2,38.56,35.8,38.36,36.1,2.26,6.2604,60638.91,227173.326
300680.SZ,20240709,17.19,17.85,16.92,17.77,17.18,0.59,3.4342,65902.23,114835.665
300681.SZ,20240709,11.78,12.34,11.64,12.31,11.72,0.59,5.0341,44383.3,53076.224
300682.SZ,20240709,8.15,8.39,7.87,8.33,8.16,0.17,2.0833,190558.76,154852.316
300683.SZ,20240709,20.85,21.1,20.22,21.05,20.85,0.2,0.9592,8112.0,16849.464
300684.SZ,20240709,16.66,17.99,16.5,17.99,16.64,1.35,8.113,243682.4,423963.451
300685.SZ,20240709,17.54,17.88,17.2,17.75,17.5,0.25,1.4286,31907.03,56031.359
300686.SZ,20240709,7.64,8.39,7.64,8.12,8.42,-0.3,-3.5629,413032.1,329480.33
300687.SZ,20240709,12.83,13.15,12.5,13.11,12.83,0.28,2.1824,83994.8,107775.293
300688.SZ,20240709,24.04,24.31,23.12,24.3,23.65,0.65,2.7484,34674.64,82575.651
300689.SZ,20240709,12.66,13.02,12.25,13.01,12.53,0.48,3.8308,35964.4,45706.085
300690.SZ,20240709,17.01,17.57,16.65,17.48,17.0,0.48,2.8235,53545.0,92245.744
300691.SZ,20240709,13.66,14.6,13.63,14.58,13.66,0.92,6.735,42181.96,60002.619
300692.SZ,20240709,4.41,4.46,4.27,4.41,4.42,-0.01,-0.2262,30029.54,13142.4
300693.SZ,20240709,18.52,18.7,18.03,18.54,18.48,0.06,0.3247,83350.1,153403.762
300694.SZ,20240709,8.08,8.36,7.95,8.33,8.14,0.19,2.3342,30881.0,25219.592
300695.SZ,20240709,34.6,35.2,34.15,35.19,34.72,0.47,1.3537,2148.41,7466.082
300696.SZ,20240709,14.51,14.75,13.86,14.73,14.51,0.22,1.5162,135067.9,193757.638
300697.SZ,20240709,10.6,11.14,10.49,11.12,10.77,0.35,3.2498,111440.71,121743.327
300698.SZ,20240709,33.72,35.0,32.82,34.8,33.64,1.16,3.4483,25790.5,87687.304
300699.SZ,20240709,25.7,26.5,25.47,26.27,25.71,0.56,2.1781,86981.55,226186.056
300700.SZ,20240709,6.93,7.18,6.82,7.12,6.94,0.18,2.5937,61532.42,43471.096
300701.SZ,20240709,7.89,8.18,7.69,8.18,7.79,0.39,5.0064,55662.38,44375.906
300702.SZ,20240709,16.32,16.44,15.66,16.3,16.28,0.02,0.1229,20119.8,32339.871
300703.SZ,20240709,7.72,7.86,7.51,7.79,7.76,0.03,0.3866,30585.3,23528.863
300705.SZ,20240709,25.1,25.34,24.6,25.18,25.1,0.08,0.3187,38799.8,96704.394
300706.SZ,20240709,17.72,18.91,17.68,18.86,17.68,1.18,6.6742,46709.0,86142.052
300707.SZ,20240709,11.52,11.85,11.19,11.83,11.51,0.32,2.7802,66670.6,76968.001
300708.SZ,20240709,8.31,8.84,8.31,8.82,8.36,0.46,5.5024,130834.03,112647.396
300709.SZ,20240709,23.19,24.98,23.13,24.87,23.25,1.62,6.9677,99193.0,241440.975
300710.SZ,20240709,14.06,14.4,13.51,14.35,13.93,0.42,3.0151,23914.89,33392.428
300711.SZ,20240709,14.71,15.53,14.55,15.5,14.86,0.64,4.3069,120649.0,182716.47
300712.SZ,20240709,20.61,21.78,20.06,21.65,20.64,1.01,4.8934,19539.64,41124.911
300713.SZ,20240709,11.06,11.59,10.59,11.54,11.34,0.2,1.7637,65612.0,74034.571
300715.SZ,20240709,6.8,6.8,6.52,6.66,6.82,-0.16,-2.346,14368.05,9546.509
300716.SZ,20240709,7.1,8.0,7.0,7.7,7.27,0.43,5.9147,179217.05,134602.298
300717.SZ,20240709,14.67,15.05,14.37,14.96,14.76,0.2,1.355,29608.8,43798.765
300718.SZ,20240709,12.61,12.78,12.31,12.76,12.61,0.15,1.1895,30639.47,38550.712
300719.SZ,20240709,15.7,16.03,15.18,16.0,15.53,0.47,3.0264,128020.99,200549.568
300720.SZ,20240709,11.64,12.08,11.35,12.07,11.55,0.52,4.5022,26211.8,30823.123
300721.SZ,20240709,12.88,13.63,12.81,13.59,12.99,0.6,4.6189,68557.79,91410.239
300722.SZ,20240709,17.76,18.13,17.36,18.1,17.77,0.33,1.8571,57888.94,102834.679
300723.SZ,20240709,19.23,19.59,18.9,19.5,19.43,0.07,0.3603,17964.48,34628.574
300724.SZ,20240709,54.92,55.59,54.14,55.5,54.92,0.58,1.0561,86928.71,478114.534
300725.SZ,20240709,27.83,28.3,26.51,27.56,28.41,-0.85,-2.9919,78809.64,215530.088
300726.SZ,20240709,20.18,21.28,20.13,21.17,20.22,0.95,4.6983,57743.34,120149.402
300727.SZ,20240709,21.2,24.52,21.0,24.49,21.6,2.89,13.3796,90102.74,207977.854
300729.SZ,20240709,14.04,14.39,13.82,14.32,14.13,0.19,1.3447,33874.62,47849.711
300730.SZ,20240709,10.47,10.99,9.9,10.75,10.84,-0.09,-0.8303,422025.79,438437.548
300731.SZ,20240709,13.63,14.52,13.52,14.51,13.85,0.66,4.7653,53612.0,75884.478
300732.SZ,20240709,7.12,7.34,6.85,7.33,7.16,0.17,2.3743,150610.93,107353.304
300733.SZ,20240709,9.1,9.2,8.89,9.15,9.02,0.13,1.4412,19818.6,17969.865
300735.SZ,20240709,19.9,21.88,19.79,21.67,20.06,1.61,8.0259,603604.94,1274719.383
300736.SZ,20240709,9.21,9.48,8.84,9.35,9.35,0.0,0.0,141784.51,130855.358
300737.SZ,20240709,4.08,4.08,3.9,4.03,4.06,-0.03,-0.7389,133252.39,53336.109
300738.SZ,20240709,9.58,10.09,9.54,10.08,9.63,0.45,4.6729,342076.15,337010.045
300739.SZ,20240709,11.92,12.84,11.79,12.75,11.93,0.82,6.8734,143639.66,178160.609
300740.SZ,20240709,13.03,13.19,12.58,12.84,13.1,-0.26,-1.9847,117791.5,150647.279
300741.SZ,20240709,14.3,14.49,14.06,14.42,14.27,0.15,1.0512,12931.0,18502.75
300743.SZ,20240709,12.19,12.78,12.04,12.77,12.21,0.56,4.5864,34650.15,43125.012
300745.SZ,20240709,13.6,13.87,13.2,13.83,13.58,0.25,1.8409,36619.41,49628.649
300746.SZ,20240709,5.84,5.93,5.63,5.88,5.83,0.05,0.8576,29407.56,17069.622
300747.SZ,20240709,16.33,17.04,16.19,16.96,16.31,0.65,3.9853,62066.7,103150.877
300748.SZ,20240709,12.1,12.26,11.76,12.19,12.14,0.05,0.4119,137899.09,166430.471
300749.SZ,20240709,5.0,5.15,4.93,5.15,5.05,0.1,1.9802,27788.06,14066.956
300750.SZ,20240709,175.3,177.3,173.09,175.77,175.91,-0.14,-0.0796,164439.15,2876833.39
300751.SZ,20240709,110.19,110.19,105.42,106.62,110.2,-3.58,-3.2486,27147.14,290027.047
300752.SZ,20240709,12.65,13.57,12.51,13.51,12.59,0.92,7.3074,65852.93,86137.134
300753.SZ,20240709,10.52,10.74,10.16,10.65,10.51,0.14,1.3321,35444.88,37236.427
300755.SZ,20240709,13.49,13.61,13.12,13.57,13.44,0.13,0.9673,24581.8,32895.519
300756.SZ,20240709,13.44,13.45,12.92,13.4,13.38,0.02,0.1495,21790.0,28865.261
300757.SZ,20240709,79.58,84.0,78.45,83.87,79.85,4.02,5.0344,79675.0,656482.273
300758.SZ,20240709,10.31,10.57,10.08,10.56,10.26,0.3,2.924,89488.0,92771.909
300759.SZ,20240709,18.46,18.73,17.96,18.7,18.55,0.15,0.8086,128504.11,235840.272
300760.SZ,20240709,280.3,282.49,276.2,281.11,280.3,0.81,0.289,27912.49,779986.381
300761.SZ,20240709,22.6,22.75,22.1,22.38,22.61,-0.23,-1.0172,33863.67,75808.422
300762.SZ,20240709,15.81,15.96,14.86,15.7,15.87,-0.17,-1.0712,377590.72,582495.895
300763.SZ,20240709,45.79,48.71,45.72,47.36,46.01,1.35,2.9341,134108.35,631089.533
300765.SZ,20240709,23.93,24.4,23.15,23.6,23.93,-0.33,-1.379,102226.0,242439.89
300766.SZ,20240709,9.47,9.69,9.11,9.64,9.44,0.2,2.1186,99138.76,93509.432
300767.SZ,20240709,8.02,8.11,7.77,8.04,8.02,0.02,0.2494,43631.84,34729.125
300768.SZ,20240709,10.69,11.01,10.54,10.97,10.8,0.17,1.5741,52272.16,56369.943
300769.SZ,20240709,26.53,26.65,25.7,26.28,26.55,-0.27,-1.0169,75247.57,197037.844
300770.SZ,20240709,33.1,33.84,32.53,33.72,33.23,0.49,1.4746,17201.0,57180.771
300771.SZ,20240709,8.21,8.45,8.01,8.44,8.17,0.27,3.3048,42393.4,35020.668
300772.SZ,20240709,9.14,9.33,8.98,9.28,9.14,0.14,1.5317,48038.86,44007.48
300773.SZ,20240709,11.96,12.33,11.85,12.29,12.0,0.29,2.4167,73174.56,88632.19
300774.SZ,20240709,6.2,6.31,6.06,6.27,6.22,0.05,0.8039,17882.01,11059.109
300775.SZ,20240709,28.02,28.76,27.36,28.42,28.3,0.12,0.424,146458.9,411120.151
300776.SZ,20240709,44.56,45.6,44.01,45.42,44.5,0.92,2.0674,35362.62,158691.476
300777.SZ,20240709,19.97,20.29,19.46,20.2,19.97,0.23,1.1517,55902.8,111412.34
300778.SZ,20240709,9.5,9.58,9.08,9.58,9.46,0.12,1.2685,63481.45,59536.039
300779.SZ,20240709,42.63,44.06,41.8,43.76,42.63,1.13,2.6507,30148.85,129835.63
300780.SZ,20240709,12.24,12.56,11.87,12.54,12.15,0.39,3.2099,42403.0,52201.084
300781.SZ,20240709,50.3,52.84,48.64,52.47,50.8,1.67,3.2874,156501.52,796531.312
300782.SZ,20240709,70.71,74.44,70.71,73.96,71.2,2.76,3.8764,105156.04,768616.028
300783.SZ,20240709,20.48,20.64,20.12,20.54,20.45,0.09,0.4401,47010.1,95878.215
300784.SZ,20240709,61.09,64.69,61.09,64.0,62.05,1.95,3.1426,32053.94,203755.01
300785.SZ,20240709,16.4,16.68,15.8,16.61,16.36,0.25,1.5281,33557.5,54542.05
300786.SZ,20240709,10.44,10.76,10.17,10.68,10.32,0.36,3.4884,42741.2,45071.493
300787.SZ,20240709,11.05,12.02,10.97,11.99,11.04,0.95,8.6051,100063.63,115987.651
300788.SZ,20240709,23.53,23.99,22.95,23.94,23.52,0.42,1.7857,21058.43,49644.648
300789.SZ,20240709,11.92,12.42,11.54,12.34,11.91,0.43,3.6104,13448.34,16228.807
300790.SZ,20240709,13.03,13.92,13.03,13.88,13.06,0.82,6.2787,108240.5,146768.201
300791.SZ,20240709,23.03,23.44,22.5,23.34,23.01,0.33,1.4342,16975.04,39024.684
300792.SZ,20240709,14.5,14.99,14.1,14.85,14.6,0.25,1.7123,25955.01,37900.007
300793.SZ,20240709,11.78,12.39,11.73,12.38,11.83,0.55,4.6492,100162.78,121398.755
300795.SZ,20240709,15.87,16.18,15.44,15.98,15.97,0.01,0.0626,24021.75,37870.835
300796.SZ,20240709,14.2,14.35,13.94,14.23,14.23,0.0,0.0,23166.12,32880.543
300797.SZ,20240709,8.67,8.93,8.56,8.9,8.74,0.16,1.8307,25621.5,22425.516
300798.SZ,20240709,5.82,5.95,5.64,5.93,5.82,0.11,1.89,47240.0,27453.667
300800.SZ,20240709,9.59,9.88,9.43,9.87,9.61,0.26,2.7055,17800.0,17134.463
300801.SZ,20240709,14.67,15.08,14.2,14.97,14.67,0.3,2.045,19337.68,28385.36
300802.SZ,20240709,14.19,14.83,13.99,14.82,14.11,0.71,5.0319,18434.28,26726.404
300803.SZ,20240709,33.61,34.68,33.2,34.44,33.55,0.89,2.6528,64315.0,218582.02
300804.SZ,20240709,20.53,20.86,19.89,20.86,20.6,0.26,1.2621,5304.65,10823.52
300805.SZ,20240709,6.25,7.18,6.25,6.78,5.98,0.8,13.3779,283302.93,196642.63
300806.SZ,20240709,9.98,10.62,9.87,10.6,10.0,0.6,6.0,176739.97,183298.861
300807.SZ,20240709,25.33,25.33,24.29,25.33,21.11,4.22,19.9905,64999.0,164548.367
300808.SZ,20240709,16.75,17.37,16.62,17.37,16.75,0.62,3.7015,19336.09,33037.296
300809.SZ,20240709,18.49,19.09,18.22,19.09,18.52,0.57,3.0778,30258.6,56730.153
300810.SZ,20240709,13.88,14.09,13.45,13.94,13.88,0.06,0.4323,19477.0,26816.988
300811.SZ,20240709,40.14,42.15,38.76,41.94,40.41,1.53,3.7862,72733.2,294923.836
300812.SZ,20240709,19.37,20.7,19.29,20.58,19.6,0.98,5.0,59873.6,120900.542
300813.SZ,20240709,16.29,16.6,15.53,16.14,16.31,-0.17,-1.0423,22753.5,36451.433
300814.SZ,20240709,26.12,27.5,25.5,27.39,26.03,1.36,5.2247,55487.22,149919.411
300815.SZ,20240709,10.96,11.18,10.82,11.16,10.95,0.21,1.9178,21951.12,24263.752
300816.SZ,20240709,23.64,24.25,23.41,24.05,23.75,0.3,1.2632,6478.82,15479.746
300817.SZ,20240709,9.3,9.67,9.11,9.62,9.3,0.32,3.4409,61001.5,57516.799
300818.SZ,20240709,24.18,25.05,23.93,25.03,23.85,1.18,4.9476,21662.22,53241.365
300819.SZ,20240709,10.92,11.44,10.65,11.14,10.91,0.23,2.1082,19575.5,21638.528
300820.SZ,20240709,34.7,35.86,34.14,35.47,34.84,0.63,1.8083,25822.0,90575.296
300821.SZ,20240709,6.59,7.05,6.59,7.0,6.56,0.44,6.7073,203815.69,139395.202
300822.SZ,20240709,10.35,11.01,10.17,10.93,10.25,0.68,6.6341,148968.87,158495.665
300823.SZ,20240709,10.93,11.63,10.86,11.57,11.36,0.21,1.8486,44487.8,49930.84
300824.SZ,20240709,6.99,7.1,6.81,7.08,7.0,0.08,1.1429,17843.05,12465.503
300825.SZ,20240709,8.69,9.07,8.49,9.07,8.69,0.38,4.3728,88167.85,77659.519
300826.SZ,20240709,11.45,11.66,10.9,11.65,11.45,0.2,1.7467,81930.0,92573.377
300827.SZ,20240709,20.85,21.35,20.51,21.25,20.83,0.42,2.0163,46469.96,97202.488
300828.SZ,20240709,10.63,10.91,10.26,10.91,10.47,0.44,4.2025,25184.15,26705.434
300829.SZ,20240709,13.8,14.17,13.61,14.17,13.89,0.28,2.0158,18206.29,25402.981
300830.SZ,20240709,5.58,5.66,5.32,5.62,5.52,0.1,1.8116,86290.21,47475.652
300831.SZ,20240709,10.41,11.03,10.32,10.96,10.43,0.53,5.0815,71882.26,77666.588
300832.SZ,20240709,60.94,61.26,59.6,60.13,60.94,-0.81,-1.3292,26610.24,160166.131
300833.SZ,20240709,40.29,40.6,38.73,39.99,40.45,-0.46,-1.1372,13088.5,52118.324
300834.SZ,20240709,18.16,18.52,17.77,18.51,18.18,0.33,1.8152,17011.0,31081.795
300835.SZ,20240709,24.33,25.44,24.16,25.4,24.3,1.1,4.5267,71010.2,177036.478
300836.SZ,20240709,35.21,36.99,34.43,36.7,34.97,1.73,4.9471,22356.75,80223.519
300837.SZ,20240709,19.88,20.0,19.15,19.89,19.89,0.0,0.0,9008.0,17705.342
300838.SZ,20240709,9.7,9.9,9.46,9.9,9.71,0.19,1.9567,11558.22,11194.008
300839.SZ,20240709,5.41,5.47,5.17,5.37,5.4,-0.03,-0.5556,39875.55,21185.072
300840.SZ,20240709,8.4,8.57,8.14,8.54,8.35,0.19,2.2754,100366.0,83516.633
300841.SZ,20240709,49.99,50.66,49.12,50.52,50.3,0.22,0.4374,16556.5,82762.293
300842.SZ,20240709,37.62,38.5,37.1,38.35,37.6,0.75,1.9947,33793.68,127899.107
300843.SZ,20240709,25.75,30.76,25.73,30.76,25.63,5.13,20.0156,224095.75,637271.904
300844.SZ,20240709,23.75,24.08,22.76,24.02,23.68,0.34,1.4358,16685.42,39265.644
300845.SZ,20240709,9.71,10.04,9.52,10.01,9.73,0.28,2.8777,39359.2,38564.44
300846.SZ,20240709,9.04,9.35,8.86,9.34,9.04,0.3,3.3186,78521.48,71758.244
300847.SZ,20240709,13.54,13.87,13.35,13.87,13.51,0.36,2.6647,35602.5,48550.137
300848.SZ,20240709,15.06,15.42,14.23,14.86,15.16,-0.3,-1.9789,45587.46,67515.944
300849.SZ,20240709,12.66,13.12,12.54,13.06,12.68,0.38,2.9968,29259.51,37653.558
300850.SZ,20240709,13.94,14.21,13.68,14.06,13.99,0.07,0.5004,46565.66,65012.349
300851.SZ,20240709,21.52,21.9,20.72,21.56,21.0,0.56,2.6667,4324.0,9206.496
300852.SZ,20240709,26.01,27.3,25.55,27.26,25.68,1.58,6.1526,70328.93,188389.135
300853.SZ,20240709,12.85,12.92,12.24,12.78,12.78,0.0,0.0,17572.3,22144.018
300854.SZ,20240709,9.74,9.95,9.41,9.95,9.66,0.29,3.0021,28099.52,27315.334
300855.SZ,20240709,24.2,24.25,23.36,24.01,24.15,-0.14,-0.5797,25921.7,61866.081
300856.SZ,20240709,31.6,32.92,31.32,32.85,31.6,1.25,3.9557,42327.0,136556.582
300857.SZ,20240709,63.7,68.12,62.18,67.79,63.3,4.49,7.0932,128295.8,837711.997
300858.SZ,20240709,14.13,14.2,13.52,14.17,14.11,0.06,0.4252,12145.64,16885.555
300859.SZ,20240709,30.33,30.77,29.0,30.4,30.49,-0.09,-0.2952,60333.0,181157.851
300860.SZ,20240709,20.15,20.68,19.9,20.57,20.35,0.22,1.0811,14372.2,29223.042
300861.SZ,20240709,17.48,17.62,17.11,17.56,17.49,0.07,0.4002,40935.55,71174.001
300862.SZ,20240709,20.34,20.71,19.6,20.4,20.3,0.1,0.4926,21971.6,44221.877
300863.SZ,20240709,34.55,35.79,34.05,35.79,34.59,1.2,3.4692,20563.6,72671.442
300864.SZ,20240709,20.07,20.64,19.87,20.46,20.18,0.28,1.3875,8597.19,17476.244
300865.SZ,20240709,15.38,16.56,15.2,16.3,15.38,0.92,5.9818,12591.0,20059.535
300866.SZ,20240709,63.76,64.99,63.17,63.97,64.03,-0.06,-0.0937,35187.96,224679.864
300867.SZ,20240709,10.16,10.67,10.06,10.6,10.2,0.4,3.9216,24733.0,25768.627
300868.SZ,20240709,18.38,19.65,18.16,19.6,18.24,1.36,7.4561,134722.59,256433.172
300869.SZ,20240709,12.53,12.7,12.22,12.59,12.61,-0.02,-0.1586,23375.9,29190.851
300870.SZ,20240709,38.72,40.9,38.39,40.84,38.75,2.09,5.3935,22004.33,87941.659
300871.SZ,20240709,9.05,9.27,8.74,8.98,9.04,-0.06,-0.6637,28613.01,25640.075
300872.SZ,20240709,12.44,12.84,12.21,12.76,12.39,0.37,2.9863,89270.03,112088.052
300873.SZ,20240709,13.58,14.03,13.58,14.03,13.66,0.37,2.7086,16438.0,22746.226
300875.SZ,20240709,17.76,17.96,17.0,17.87,17.77,0.1,0.5627,31501.31,55080.62
300876.SZ,20240709,16.24,16.45,15.6,16.41,16.05,0.36,2.243,5949.0,9564.61
300877.SZ,20240709,10.23,10.44,9.85,10.35,10.22,0.13,1.272,10100.18,10254.407
300878.SZ,20240709,14.85,15.09,14.44,15.07,15.5,-0.43,-2.7742,41631.11,61261.527
300879.SZ,20240709,14.33,15.28,14.06,15.19,14.75,0.44,2.9831,77160.37,113797.172
300880.SZ,20240709,17.61,18.28,16.96,18.19,17.6,0.59,3.3523,53393.0,94515.146
300881.SZ,20240709,25.88,27.38,25.67,27.1,26.37,0.73,2.7683,48133.73,128710.125
300882.SZ,20240709,15.51,16.05,15.1,16.0,15.58,0.42,2.6958,66169.78,103504.621
300883.SZ,20240709,4.1,4.18,3.98,4.18,4.09,0.09,2.2005,52569.0,21511.716
300884.SZ,20240709,7.84,8.07,7.64,8.03,7.89,0.14,1.7744,41136.5,32460.88
300885.SZ,20240709,7.9,8.38,7.8,8.34,7.85,0.49,6.242,92475.13,74921.163
300886.SZ,20240709,15.23,15.87,14.86,15.8,15.18,0.62,4.0843,10071.01,15551.563
300887.SZ,20240709,7.51,7.82,7.18,7.46,7.73,-0.27,-3.4929,243572.38,180971.015
300888.SZ,20240709,24.62,25.21,24.51,25.09,24.63,0.46,1.8676,18170.2,45219.249
300889.SZ,20240709,9.8,10.06,9.57,10.01,9.8,0.21,2.1429,35160.0,34674.919
300890.SZ,20240709,23.65,24.07,22.99,23.96,23.52,0.44,1.8707,31174.0,73606.126
300891.SZ,20240709,8.54,8.88,7.73,8.0,7.47,0.53,7.095,134618.19,106898.283
300892.SZ,20240709,15.72,15.72,14.68,15.62,15.82,-0.2,-1.2642,51414.89,78319.494
300893.SZ,20240709,29.0,30.06,28.78,30.06,29.17,0.89,3.0511,13247.15,39210.595
300894.SZ,20240709,12.02,12.38,11.81,12.37,12.08,0.29,2.4007,52374.0,63480.573
300895.SZ,20240709,24.4,25.33,23.8,25.3,24.68,0.62,2.5122,33109.36,81642.556
300896.SZ,20240709,155.39,159.77,154.1,158.08,155.16,2.92,1.8819,28698.63,448824.836
300897.SZ,20240709,17.05,17.47,16.78,17.4,17.05,0.35,2.0528,6731.88,11557.767
300898.SZ,20240709,16.25,16.58,16.0,16.54,16.25,0.29,1.7846,15116.91,24595.804
300899.SZ,20240709,17.36,18.06,16.99,17.97,17.46,0.51,2.921,12683.0,22220.234
300900.SZ,20240709,16.49,17.04,16.2,16.87,16.55,0.32,1.9335,74635.0,124546.743
300901.SZ,20240709,9.01,9.1,8.31,8.52,9.01,-0.49,-5.4384,92483.1,79318.83
300902.SZ,20240709,17.65,18.4,17.29,18.24,17.88,0.36,2.0134,20473.25,36360.707
300903.SZ,20240709,6.83,7.1,6.7,7.07,6.75,0.32,4.7407,285783.52,197888.313
300904.SZ,20240709,40.98,42.12,40.5,41.64,41.13,0.51,1.24,16591.4,68690.625
300905.SZ,20240709,26.13,27.11,25.64,26.93,25.9,1.03,3.9768,52273.0,138755.705
300906.SZ,20240709,18.5,19.09,18.07,19.01,18.5,0.51,2.7568,12510.0,23365.54
300907.SZ,20240709,17.34,18.18,17.1,18.16,17.37,0.79,4.5481,15970.0,28287.184
300908.SZ,20240709,26.15,26.51,25.61,26.32,26.11,0.21,0.8043,9077.27,23729.241
300909.SZ,20240709,19.4,20.67,19.22,20.62,19.36,1.26,6.5083,29374.37,59183.829
300910.SZ,20240709,41.99,42.38,40.78,42.2,41.53,0.67,1.6133,12338.24,51574.872
300911.SZ,20240709,25.48,25.48,24.88,25.36,25.48,-0.12,-0.471,13188.3,33275.641
300912.SZ,20240709,8.98,10.72,8.88,10.72,8.93,1.79,20.0448,63307.96,65164.443
300913.SZ,20240709,31.73,34.23,31.73,34.0,31.74,2.26,7.1204,102296.81,340046.258
300915.SZ,20240709,24.65,25.56,24.37,25.49,24.72,0.77,3.1149,5909.0,14731.505
300916.SZ,20240709,24.0,27.65,23.69,26.88,23.84,3.04,12.7517,79586.5,207590.291
300917.SZ,20240709,31.87,32.17,30.61,32.07,31.82,0.25,0.7857,88404.0,278176.016
300918.SZ,20240709,8.3,8.42,8.0,8.35,8.27,0.08,0.9674,58907.0,48625.764
300919.SZ,20240709,28.58,28.66,27.84,28.28,28.62,-0.34,-1.188,59280.57,167425.435
300920.SZ,20240709,13.79,14.48,13.6,14.45,13.84,0.61,4.4075,22633.86,31897.156
300921.SZ,20240709,17.4,18.6,17.2,18.45,17.77,0.68,3.8267,82536.5,148590.649
300922.SZ,20240709,11.97,12.27,11.77,12.21,11.95,0.26,2.1757,33767.33,40731.023
300923.SZ,20240709,15.39,16.04,15.22,15.95,15.39,0.56,3.6387,7429.0,11625.844
300925.SZ,20240709,9.3,9.48,9.03,9.47,9.21,0.26,2.823,98643.62,91725.212
300926.SZ,20240709,20.75,21.65,20.46,21.65,20.75,0.9,4.3373,89135.71,188408.068
300927.SZ,20240709,12.8,13.13,12.41,13.05,12.83,0.22,1.7147,21992.6,28164.096
300928.SZ,20240709,36.29,37.99,35.35,37.0,35.88,1.12,3.1215,17840.96,65423.708
300929.SZ,20240709,6.85,7.01,6.66,7.01,6.83,0.18,2.6354,15104.2,10374.921
300930.SZ,20240709,23.1,24.89,23.1,24.58,23.4,1.18,5.0427,81939.86,197585.503
300931.SZ,20240709,5.15,5.31,5.02,5.29,5.17,0.12,2.3211,28779.0,14881.876
300932.SZ,20240709,9.04,9.55,8.87,9.53,8.89,0.64,7.1991,136240.8,126687.89
300933.SZ,20240709,5.86,5.92,5.6,5.89,5.77,0.12,2.0797,130633.77,75637.968
300935.SZ,20240709,14.73,15.05,14.1,14.97,14.73,0.24,1.6293,11316.7,16526.591
300936.SZ,20240709,37.16,39.64,37.0,39.45,38.02,1.43,3.7612,55006.0,213522.64
300937.SZ,20240709,20.19,20.38,19.29,20.02,20.19,-0.17,-0.842,11512.47,22768.049
300938.SZ,20240709,18.67,19.5,18.45,19.4,18.68,0.72,3.8544,19499.64,37282.694
300939.SZ,20240709,26.44,29.98,26.41,28.85,26.68,2.17,8.1334,53039.6,150248.324
300940.SZ,20240709,12.62,13.13,12.46,13.05,12.84,0.21,1.6355,39249.94,50553.946
300941.SZ,20240709,15.59,16.2,15.41,16.17,16.54,-0.37,-2.237,96176.81,152167.449
300942.SZ,20240709,6.99,7.58,6.43,6.7,6.87,-0.17,-2.4745,198061.44,137190.328
300943.SZ,20240709,9.76,10.25,9.56,10.25,9.7,0.55,5.6701,34027.5,33873.562
300945.SZ,20240709,8.71,8.79,8.36,8.78,8.73,0.05,0.5727,74519.31,64050.25
300946.SZ,20240709,25.77,27.66,25.47,27.38,25.86,1.52,5.8778,54116.82,145126.986
300947.SZ,20240709,16.06,16.6,15.08,16.58,16.7,-0.12,-0.7186,159765.6,252700.066
300948.SZ,20240709,8.41,8.61,8.23,8.55,8.43,0.12,1.4235,24584.44,20809.683
300949.SZ,20240709,28.0,28.2,27.03,28.19,27.92,0.27,0.967,7173.0,19860.718
300950.SZ,20240709,14.06,14.85,14.0,14.76,14.17,0.59,4.1637,26879.42,38832.471
300951.SZ,20240709,27.31,32.66,27.07,32.66,27.22,5.44,19.9853,106442.26,324151.843
300952.SZ,20240709,16.4,16.7,15.81,16.7,16.25,0.45,2.7692,11007.0,17949.682
300953.SZ,20240709,49.46,51.88,48.59,51.68,49.39,2.29,4.6366,10494.77,52559.498
300955.SZ,20240709,11.46,11.85,11.25,11.84,11.6,0.24,2.069,9041.65,10463.72
300956.SZ,20240709,18.41,22.14,18.02,22.14,18.45,3.69,20.0,350747.88,714180.161
300957.SZ,20240709,43.77,44.54,43.0,44.25,43.77,0.48,1.0966,18587.38,81577.231
300958.SZ,20240709,10.1,10.26,9.65,10.26,10.14,0.12,1.1834,27889.43,27918.171
300959.SZ,20240709,23.85,24.42,22.88,24.42,23.75,0.67,2.8211,22550.0,53626.801
300960.SZ,20240709,13.9,14.42,13.69,14.38,13.97,0.41,2.9349,10508.0,14837.59
300961.SZ,20240709,7.28,7.32,7.0,7.29,7.25,0.04,0.5517,18080.94,13010.663
300962.SZ,20240709,13.83,14.02,13.41,13.98,14.07,-0.09,-0.6397,32456.12,44723.061
300963.SZ,20240709,9.87,10.26,9.76,10.25,9.93,0.32,3.2226,27283.69,27489.782
300964.SZ,20240709,30.85,32.08,30.31,31.98,30.45,1.53,5.0246,33863.0,105947.552
300965.SZ,20240709,25.9,27.0,25.9,26.9,26.85,0.05,0.1862,2507.0,6689.741
300966.SZ,20240709,16.18,16.23,15.46,16.2,16.09,0.11,0.6837,29321.0,46450.021
300967.SZ,20240709,9.47,9.65,9.2,9.62,9.7,-0.08,-0.8247,67606.83,63830.863
300968.SZ,20240709,8.46,9.12,8.33,9.12,8.37,0.75,8.9606,155209.36,136641.62
300969.SZ,20240709,61.9,63.15,61.11,62.92,61.7,1.22,1.9773,12276.0,76734.67
300970.SZ,20240709,11.09,11.18,10.67,11.12,11.06,0.06,0.5425,20610.22,22523.707
300971.SZ,20240709,16.88,17.48,16.45,17.45,16.97,0.48,2.8285,31125.5,52950.969
300972.SZ,20240709,20.78,20.86,19.71,20.44,20.63,-0.19,-0.921,19178.73,38840.873
300973.SZ,20240709,25.44,25.88,24.57,25.35,25.45,-0.1,-0.3929,26586.6,66770.247
300975.SZ,20240709,8.2,8.61,8.12,8.57,8.18,0.39,4.7677,253270.63,213294.412
300976.SZ,20240709,42.1,45.28,42.01,45.24,42.1,3.14,7.4584,24355.72,107621.287
300977.SZ,20240709,16.43,17.03,15.95,16.9,16.68,0.22,1.3189,104825.81,173329.7
300978.SZ,20240709,8.8,10.5,8.8,9.89,8.75,1.14,13.0286,249543.02,252407.556
300979.SZ,20240709,60.16,60.99,59.1,59.89,60.28,-0.39,-0.647,21124.0,126190.708
300980.SZ,20240709,14.28,17.33,14.0,15.99,14.45,1.54,10.6574,47657.5,75563.103
300981.SZ,20240709,9.1,9.15,8.82,9.13,9.05,0.08,0.884,24439.86,22018.569
300982.SZ,20240709,16.8,17.27,16.42,17.13,17.0,0.13,0.7647,35839.4,60328.805
300983.SZ,20240709,14.66,15.21,14.27,15.18,14.67,0.51,3.4765,6680.4,9898.686
300984.SZ,20240709,19.56,20.87,19.54,20.87,19.56,1.31,6.6973,8389.56,17035.586
300985.SZ,20240709,14.83,15.38,14.68,15.34,14.74,0.6,4.0706,23623.8,35562.587
300986.SZ,20240709,6.6,6.82,6.36,6.79,6.62,0.17,2.568,31804.83,20924.339
300987.SZ,20240709,11.5,11.98,11.45,11.94,11.73,0.21,1.7903,16040.1,18814.179
300988.SZ,20240709,19.26,20.47,18.66,20.44,19.01,1.43,7.5224,116311.6,231447.113
300989.SZ,20240709,10.8,11.19,10.5,11.11,10.92,0.19,1.7399,41591.1,45250.56
300990.SZ,20240709,25.02,25.88,24.68,25.76,25.14,0.62,2.4662,12746.52,32384.22
300991.SZ,20240709,17.24,19.22,16.91,18.89,17.58,1.31,7.4516,295680.2,541050.193
300992.SZ,20240709,14.27,14.98,14.01,14.88,14.35,0.53,3.6934,13785.11,20054.059
300993.SZ,20240709,8.41,8.6,8.2,8.56,8.41,0.15,1.7836,52731.84,44377.881
300994.SZ,20240709,9.65,9.89,9.45,9.85,9.63,0.22,2.2845,25833.67,25092.458
300995.SZ,20240709,14.48,15.1,14.34,15.01,14.47,0.54,3.7319,11379.0,16802.865
300996.SZ,20240709,14.0,14.82,13.56,14.59,14.23,0.36,2.5299,159178.62,223475.488
300997.SZ,20240709,11.21,11.53,11.15,11.23,11.3,-0.07,-0.6195,25994.0,29396.975
300998.SZ,20240709,16.37,17.37,16.1,17.17,16.33,0.84,5.1439,20323.54,34240.664
300999.SZ,20240709,27.07,27.36,26.71,27.24,27.3,-0.06,-0.2198,62471.68,169020.749
301000.SZ,20240709,12.55,12.97,12.28,12.91,12.64,0.27,2.1361,43305.46,54790.718
301001.SZ,20240709,17.13,17.96,16.6,17.88,17.4,0.48,2.7586,25910.0,45013.899
301002.SZ,20240709,14.79,15.39,14.5,15.35,14.64,0.71,4.8497,25672.19,38545.59
301003.SZ,20240709,20.5,21.22,20.21,21.18,20.6,0.58,2.8155,6567.7,13659.347
301004.SZ,20240709,85.98,86.8,83.58,85.89,86.29,-0.4,-0.4636,5780.39,49257.207
301005.SZ,20240709,26.05,27.16,25.44,27.04,26.04,1.0,3.8402,72685.24,191180.175
301006.SZ,20240709,10.76,10.93,10.48,10.84,10.71,0.13,1.2138,8759.0,9408.545
301007.SZ,20240709,11.23,11.8,11.15,11.77,11.28,0.49,4.344,77923.11,89822.044
301008.SZ,20240709,16.59,16.83,15.93,16.78,16.32,0.46,2.8186,12389.8,20389.936
301009.SZ,20240709,7.17,7.36,7.04,7.3,7.22,0.08,1.108,15615.79,11250.399
301010.SZ,20240709,10.59,10.74,10.15,10.69,10.53,0.16,1.5195,16290.16,17096.867
301011.SZ,20240709,15.0,15.3,14.55,15.01,15.0,0.01,0.0667,15289.73,22771.231
301012.SZ,20240709,21.98,23.09,21.9,23.05,22.23,0.82,3.6887,60680.8,137031.143
301013.SZ,20240709,10.05,10.59,9.91,10.57,9.98,0.59,5.9118,107390.88,111499.634
301015.SZ,20240709,22.64,23.0,22.35,22.77,22.7,0.07,0.3084,21210.01,48156.967
301016.SZ,20240709,15.86,16.19,15.39,16.18,15.86,0.32,2.0177,13981.75,22162.384
301017.SZ,20240709,9.41,9.53,9.14,9.44,9.48,-0.04,-0.4219,26864.0,25081.956
301018.SZ,20240709,17.34,18.15,17.19,18.09,17.35,0.74,4.2651,31023.0,54911.808
301019.SZ,20240709,18.0,18.21,17.52,18.21,17.75,0.46,2.5915,3921.0,7017.129
301020.SZ,20240709,19.03,23.71,18.66,22.06,19.79,2.27,11.4704,156193.23,331435.964
301021.SZ,20240709,13.81,14.44,13.53,14.42,13.8,0.62,4.4928,27421.0,38453.078
301022.SZ,20240709,18.8,19.31,18.19,19.3,18.58,0.72,3.8751,16182.63,30520.099
301023.SZ,20240709,27.22,28.65,26.92,28.6,27.23,1.37,5.0312,6328.21,17671.588
301024.SZ,20240709,18.67,18.96,17.81,18.87,18.41,0.46,2.4986,8660.0,15981.331
301025.SZ,20240709,9.34,9.67,9.05,9.6,9.32,0.28,3.0043,93100.0,87827.527
301026.SZ,20240709,21.64,25.97,21.63,25.97,21.64,4.33,20.0092,46729.52,117093.745
301027.SZ,20240709,7.37,7.5,7.13,7.42,7.31,0.11,1.5048,72944.86,53583.691
301028.SZ,20240709,8.07,8.19,7.77,8.15,7.97,0.18,2.2585,25562.23,20480.418
301029.SZ,20240709,17.9,18.5,17.65,18.36,17.9,0.46,2.5698,35181.27,63744.439
301030.SZ,20240709,20.98,21.34,20.62,21.23,21.02,0.21,0.999,41164.82,86448.584
301031.SZ,20240709,71.85,74.84,71.42,73.9,71.85,2.05,2.8532,6106.0,44736.495
301032.SZ,20240709,6.27,6.39,5.99,6.38,6.19,0.19,3.0695,36906.38,22940.057
301033.SZ,20240709,36.96,37.74,36.25,37.55,36.83,0.72,1.9549,4445.0,16438.216
301035.SZ,20240709,39.99,39.99,38.66,39.17,39.85,-0.68,-1.7064,9180.27,35963.683
301036.SZ,20240709,24.07,24.99,23.52,24.86,23.84,1.02,4.2785,118618.1,290205.734
301037.SZ,20240709,8.42,8.74,8.2,8.68,8.41,0.27,3.2105,17647.54,15041.183
301038.SZ,20240709,13.57,13.85,13.22,13.67,13.71,-0.04,-0.2918,25423.0,34440.779
301039.SZ,20240709,7.98,8.17,7.86,8.14,8.0,0.14,1.75,136715.31,109817.957
301040.SZ,20240709,9.22,9.3,8.94,9.2,9.15,0.05,0.5464,26920.0,24568.31
301041.SZ,20240709,24.5,26.22,24.5,25.97,24.7,1.27,5.1417,69831.04,178649.892
301042.SZ,20240709,30.16,32.32,30.16,32.3,30.27,2.03,6.7063,13766.0,43117.651
301043.SZ,20240709,22.42,23.21,22.27,23.1,22.61,0.49,2.1672,5402.0,12322.5
301045.SZ,20240709,17.2,18.68,16.87,18.57,17.21,1.36,7.9024,27748.0,50259.663
301046.SZ,20240709,18.24,18.56,17.67,18.52,18.22,0.3,1.6465,13798.41,25116.703
301047.SZ,20240709,60.39,61.31,59.6,60.77,60.84,-0.07,-0.1151,5313.8,32133.753
301048.SZ,20240709,7.92,8.08,7.72,8.04,7.91,0.13,1.6435,24320.58,19265.488
301049.SZ,20240709,16.68,17.11,16.11,17.05,16.67,0.38,2.2795,19931.92,33230.534
301050.SZ,20240709,44.3,45.75,43.81,45.43,44.59,0.84,1.8838,30995.89,139256.318
301051.SZ,20240709,23.64,24.99,23.32,24.82,23.64,1.18,4.9915,24504.99,59456.468
301052.SZ,20240709,19.94,20.01,18.93,19.91,19.64,0.27,1.3747,41646.75,81420.148
301053.SZ,20240709,20.91,21.88,20.6,21.83,21.15,0.68,3.2151,40355.27,86072.573
301055.SZ,20240709,13.3,13.63,13.02,13.54,13.3,0.24,1.8045,29825.72,39934.848
301056.SZ,20240709,7.29,7.54,7.15,7.5,7.24,0.26,3.5912,31510.45,23155.725
301057.SZ,20240709,10.87,11.3,10.77,11.23,10.92,0.31,2.8388,13191.07,14608.253
301058.SZ,20240709,9.03,9.19,8.75,9.17,9.13,0.04,0.4381,66248.74,59564.477
301059.SZ,20240709,8.7,9.1,8.4,9.1,8.74,0.36,4.119,21139.36,18867.922
301060.SZ,20240709,7.81,7.87,7.47,7.75,7.76,-0.01,-0.1289,40570.51,31075.386
301061.SZ,20240709,42.58,43.39,42.03,43.07,42.24,0.83,1.965,9145.51,39294.824
301062.SZ,20240709,10.2,10.28,9.87,10.2,10.19,0.01,0.0981,19146.23,19293.933
301063.SZ,20240709,13.27,13.6,12.91,13.58,13.35,0.23,1.7228,14977.54,19940.694
301065.SZ,20240709,15.44,15.68,14.93,15.53,15.53,0.0,0.0,9556.0,14669.842
301066.SZ,20240709,7.81,7.92,7.54,7.88,7.83,0.05,0.6386,29073.51,22489.866
301067.SZ,20240709,24.51,28.5,23.0,26.49,24.65,1.84,7.4645,219051.55,560614.741
301068.SZ,20240709,19.27,20.03,19.11,19.96,19.66,0.3,1.5259,1961.79,3861.739
301069.SZ,20240709,12.55,12.85,12.28,12.74,12.55,0.19,1.5139,24402.58,30759.499
301070.SZ,20240709,38.13,38.88,37.66,38.51,38.5,0.01,0.026,2174.0,8340.423
301071.SZ,20240709,26.28,26.66,25.75,26.57,26.19,0.38,1.4509,21429.04,56402.816
301072.SZ,20240709,19.75,21.44,19.75,21.14,20.42,0.72,3.526,40065.86,83568.144
301073.SZ,20240709,17.05,17.52,16.6,17.41,17.1,0.31,1.8129,68403.14,116926.166
301075.SZ,20240709,15.26,15.5,14.63,15.3,15.31,-0.01,-0.0653,13489.34,20316.592
301076.SZ,20240709,18.08,18.77,17.9,18.67,18.13,0.54,2.9785,24620.61,45211.492
301077.SZ,20240709,17.0,17.35,16.54,17.34,16.88,0.46,2.7251,11226.65,19115.625
301078.SZ,20240709,5.08,5.08,4.87,5.05,5.07,-0.02,-0.3945,211202.04,105237.915
301079.SZ,20240709,11.86,12.49,11.7,12.43,12.07,0.36,2.9826,31433.3,38207.576
301080.SZ,20240709,32.46,32.94,31.71,32.66,32.46,0.2,0.6161,14056.0,45436.427
301081.SZ,20240709,7.67,7.88,7.45,7.8,7.71,0.09,1.1673,90379.69,69740.778
301082.SZ,20240709,9.41,9.64,9.11,9.64,9.32,0.32,3.4335,80197.61,75483.453
301083.SZ,20240709,13.78,14.38,13.34,14.31,13.62,0.69,5.0661,73611.0,102334.587
301085.SZ,20240709,39.4,40.55,38.31,40.41,39.09,1.32,3.3768,14554.07,57611.158
301086.SZ,20240709,35.62,41.66,35.35,40.36,35.58,4.78,13.4345,51798.29,203235.432
301087.SZ,20240709,32.59,32.67,31.61,32.26,32.58,-0.32,-0.9822,7475.0,23983.821
301088.SZ,20240709,10.63,10.63,10.24,10.55,10.42,0.13,1.2476,6615.0,6918.32
301089.SZ,20240709,28.66,28.7,27.46,28.42,28.42,0.0,0.0,22759.03,63861.77
301090.SZ,20240709,6.44,6.59,6.37,6.57,6.47,0.1,1.5456,37987.25,24692.117
301091.SZ,20240709,23.44,24.4,23.31,24.28,23.23,1.05,4.52,114383.8,273121.04
301092.SZ,20240709,21.02,21.88,20.91,21.86,21.25,0.61,2.8706,13083.35,28052.19
301093.SZ,20240709,18.1,18.16,17.58,18.08,18.1,-0.02,-0.1105,8701.09,15574.456
301095.SZ,20240709,39.21,40.83,39.01,40.68,39.47,1.21,3.0656,33800.96,135579.375
301096.SZ,20240709,49.8,50.39,47.5,49.22,50.1,-0.88,-1.7565,18861.35,92003.868
301097.SZ,20240709,33.97,34.99,33.54,34.89,34.2,0.69,2.0175,1960.0,6753.442
301098.SZ,20240709,7.27,7.38,7.06,7.36,7.26,0.1,1.3774,17313.0,12521.51
301099.SZ,20240709,39.02,41.6,39.02,41.44,39.4,2.04,5.1777,30685.62,124409.721
301100.SZ,20240709,11.97,12.3,11.66,12.27,12.0,0.27,2.25,7181.0,8645.393
301101.SZ,20240709,22.16,22.49,21.78,22.35,22.17,0.18,0.8119,10329.0,22985.728
301102.SZ,20240709,11.29,11.39,10.83,11.26,11.2,0.06,0.5357,26887.65,29859.245
301103.SZ,20240709,20.14,20.52,19.71,20.4,20.16,0.24,1.1905,8177.57,16460.4
301105.SZ,20240709,23.21,23.96,22.89,23.91,23.21,0.7,3.0159,5267.0,12364.185
301106.SZ,20240709,26.41,26.9,25.62,26.74,26.1,0.64,2.4521,25858.3,68386.867
301107.SZ,20240709,24.83,25.62,24.43,25.62,24.71,0.91,3.6827,15076.56,37878.604
301108.SZ,20240709,23.9,24.5,23.58,24.45,24.0,0.45,1.875,2484.67,5991.176
301109.SZ,20240709,14.62,14.78,14.38,14.7,14.63,0.07,0.4785,10091.9,14720.443
301110.SZ,20240709,30.0,30.55,28.55,29.32,29.84,-0.52,-1.7426,17007.32,49851.323
301111.SZ,20240709,14.2,14.34,13.62,14.33,14.2,0.13,0.9155,28289.42,39659.104
301112.SZ,20240709,19.63,20.1,18.83,19.99,19.75,0.24,1.2152,26669.0,52032.616
301113.SZ,20240709,18.19,18.6,17.61,18.53,18.19,0.34,1.8692,5365.0,9748.734
301115.SZ,20240709,12.48,12.58,12.19,12.52,12.48,0.04,0.3205,8323.2,10313.581
301116.SZ,20240709,9.5,9.5,9.0,9.28,9.46,-0.18,-1.9027,58623.15,54075.534
301117.SZ,20240709,22.88,23.12,22.1,22.99,22.6,0.39,1.7257,17114.0,38908.104
301118.SZ,20240709,18.66,19.29,18.18,18.5,20.09,-1.59,-7.9144,137150.08,256962.804
301119.SZ,20240709,19.07,19.87,18.26,19.81,20.05,-0.24,-1.197,71369.64,136215.824
301120.SZ,20240709,9.09,9.43,8.96,9.42,9.19,0.23,2.5027,100854.85,93116.821
301121.SZ,20240709,33.29,34.79,33.18,34.69,33.29,1.4,4.2055,14087.0,47995.659
301122.SZ,20240709,18.17,18.35,17.53,18.21,18.22,-0.01,-0.0549,11483.0,20634.986
301123.SZ,20240709,16.78,17.83,16.56,17.77,16.66,1.11,6.6627,74224.06,128741.809
301125.SZ,20240709,8.51,8.84,8.22,8.82,8.52,0.3,3.5211,57530.83,49109.278
301126.SZ,20240709,8.99,9.02,8.62,8.98,8.99,-0.01,-0.1112,41200.0,36477.884
301127.SZ,20240709,7.89,7.89,7.48,7.78,7.85,-0.07,-0.8917,62489.62,47902.58
301128.SZ,20240709,36.0,37.9,36.0,37.77,35.99,1.78,4.9458,22391.83,83395.492
301129.SZ,20240709,19.77,20.86,19.3,20.72,19.67,1.05,5.3381,69588.2,139950.004
301130.SZ,20240709,23.18,23.64,22.73,23.48,23.16,0.32,1.3817,4102.0,9508.697
301131.SZ,20240709,32.81,34.03,31.6,33.8,33.34,0.46,1.3797,29275.97,96189.123
301132.SZ,20240709,27.68,30.8,27.51,30.18,28.02,2.16,7.7088,188246.19,546630.571
301133.SZ,20240709,20.77,21.38,20.23,21.33,20.48,0.85,4.1504,27267.51,56961.788
301135.SZ,20240709,18.81,20.08,18.74,20.01,18.73,1.28,6.834,30088.0,58761.239
301136.SZ,20240709,10.5,10.85,10.1,10.81,10.57,0.24,2.2706,83344.29,87265.973
301137.SZ,20240709,13.59,13.9,13.1,13.9,13.48,0.42,3.1157,20488.5,27775.03
301138.SZ,20240709,24.08,24.69,23.19,24.58,23.87,0.71,2.9744,43560.12,104410.449
301139.SZ,20240709,19.99,21.08,19.46,20.82,19.93,0.89,4.4656,38534.66,78211.464
301141.SZ,20240709,30.0,31.29,29.48,31.15,30.76,0.39,1.2679,57332.66,174632.857
301148.SZ,20240709,16.5,16.68,16.0,16.59,16.8,-0.21,-1.25,17079.0,27937.283
301149.SZ,20240709,8.46,8.62,8.28,8.61,8.42,0.19,2.2565,28503.29,24198.2
301150.SZ,20240709,20.6,21.95,20.43,21.78,21.34,0.44,2.0619,92556.33,196436.365
301151.SZ,20240709,13.6,13.97,13.41,13.95,13.6,0.35,2.5735,17935.0,24554.948
301152.SZ,20240709,24.43,25.4,23.77,25.35,24.86,0.49,1.971,43870.82,108214.106
301153.SZ,20240709,23.42,23.98,22.51,23.52,23.65,-0.13,-0.5497,96723.21,224190.592
301155.SZ,20240709,37.37,38.25,36.02,38.0,37.0,1.0,2.7027,15811.8,58867.237
301156.SZ,20240709,12.85,13.2,12.4,13.2,12.96,0.24,1.8519,50846.9,65294.539
301157.SZ,20240709,29.29,30.37,28.59,30.28,29.38,0.9,3.0633,5590.07,16621.896
301158.SZ,20240709,11.52,11.85,11.31,11.81,11.63,0.18,1.5477,10413.15,12095.799
301159.SZ,20240709,30.59,31.8,29.5,30.95,32.16,-1.21,-3.7624,77154.12,234383.453
301160.SZ,20240709,33.95,35.8,33.92,35.74,34.3,1.44,4.1983,9717.39,33894.659
301161.SZ,20240709,14.4,14.71,13.93,14.65,14.45,0.2,1.3841,14018.6,20180.674
301162.SZ,20240709,38.38,40.01,37.5,39.68,38.4,1.28,3.3333,21904.71,85015.904
301163.SZ,20240709,18.55,19.5,18.31,19.4,18.73,0.67,3.5771,15001.0,28318.7
301165.SZ,20240709,28.55,29.98,28.33,29.82,28.55,1.27,4.4483,25568.11,74819.615
301166.SZ,20240709,26.5,26.5,25.29,26.26,26.16,0.1,0.3823,5281.31,13711.212
301167.SZ,20240709,10.81,11.06,10.43,10.99,10.81,0.18,1.6651,17788.88,19141.22
301168.SZ,20240709,25.7,26.02,25.22,25.7,25.65,0.05,0.1949,21647.05,55657.492
301169.SZ,20240709,33.7,36.49,32.45,35.69,34.7,0.99,2.853,97163.41,332803.635
301170.SZ,20240709,22.95,23.97,22.9,23.88,23.09,0.79,3.4214,24015.37,56540.208
301171.SZ,20240709,14.04,14.5,13.79,14.47,14.09,0.38,2.6969,88423.52,125445.962
301172.SZ,20240709,26.31,27.21,25.7,27.12,26.56,0.56,2.1084,16884.75,44856.57
301175.SZ,20240709,4.33,4.41,4.25,4.38,4.33,0.05,1.1547,87972.0,38223.996
301176.SZ,20240709,20.4,22.58,20.22,22.02,20.28,1.74,8.5799,158748.93,343880.535
301177.SZ,20240709,18.14,18.32,17.6,18.15,18.14,0.01,0.0551,11457.73,20565.295
301178.SZ,20240709,20.72,20.84,19.21,20.4,21.05,-0.65,-3.0879,78179.58,156283.927
301179.SZ,20240709,18.0,18.87,17.78,18.68,18.09,0.59,3.2615,44771.08,82135.924
301180.SZ,20240709,13.32,14.33,13.08,14.24,13.23,1.01,7.6342,101917.0,140540.399
301181.SZ,20240709,21.81,23.67,21.7,23.62,22.15,1.47,6.6366,64077.76,147373.666
301182.SZ,20240709,19.1,23.28,18.55,23.28,19.4,3.88,20.0,143419.85,302123.929
301183.SZ,20240709,39.0,41.4,38.68,41.23,38.66,2.57,6.6477,67126.0,270701.459
301185.SZ,20240709,13.52,13.89,13.23,13.84,13.55,0.29,2.1402,25284.4,34464.29
301186.SZ,20240709,34.33,35.64,33.03,35.53,35.01,0.52,1.4853,34724.12,119515.226
301187.SZ,20240709,24.3,25.37,23.9,25.23,24.31,0.92,3.7845,31389.35,77779.616
301188.SZ,20240709,13.25,13.49,12.95,13.25,13.38,-0.13,-0.9716,23129.0,30486.712
301189.SZ,20240709,19.99,21.3,19.99,21.25,19.99,1.26,6.3032,30471.0,62951.774
301190.SZ,20240709,13.16,13.34,12.47,13.02,13.01,0.01,0.0769,14012.63,17889.995
301191.SZ,20240709,62.79,65.4,62.31,65.4,62.51,2.89,4.6233,14106.78,90664.834
301192.SZ,20240709,15.88,16.58,15.66,16.52,16.0,0.52,3.25,9533.85,15464.606
301193.SZ,20240709,14.56,14.99,14.5,14.87,14.65,0.22,1.5017,19968.52,29505.037
301195.SZ,20240709,26.8,27.77,26.76,27.68,26.88,0.8,2.9762,8518.0,23243.54
301196.SZ,20240709,27.13,28.17,27.03,28.17,27.25,0.92,3.3761,9140.61,25332.092
301197.SZ,20240709,12.35,12.88,12.06,12.88,12.35,0.53,4.2915,26283.0,32865.864
301198.SZ,20240709,7.52,7.76,7.26,7.66,7.5,0.16,2.1333,84565.0,63539.758
301199.SZ,20240709,22.56,23.62,22.26,23.6,22.45,1.15,5.1225,23011.02,53060.43
301200.SZ,20240709,29.68,30.21,29.21,30.08,29.68,0.4,1.3477,5295.43,15800.313
301201.SZ,20240709,17.83,18.04,17.33,18.02,17.83,0.19,1.0656,13363.0,23691.426
301202.SZ,20240709,25.35,26.55,25.0,26.46,25.41,1.05,4.1322,23395.9,60665.012
301203.SZ,20240709,27.48,27.77,26.8,27.65,27.43,0.22,0.802,2976.4,8141.221
301205.SZ,20240709,56.05,65.5,55.39,61.83,55.85,5.98,10.7073,47538.73,284334.252
301206.SZ,20240709,24.06,24.59,23.63,24.25,24.0,0.25,1.0417,6077.83,14648.343
301207.SZ,20240709,16.67,16.86,16.17,16.72,16.67,0.05,0.2999,18135.96,29942.829
301208.SZ,20240709,24.5,25.43,23.98,25.36,24.59,0.77,3.1314,38463.11,95126.05
301209.SZ,20240709,20.48,21.6,19.66,20.66,19.9,0.76,3.8191,33560.0,68641.998
301210.SZ,20240709,26.68,26.68,25.45,25.87,26.29,-0.42,-1.5976,12447.5,32323.478
301211.SZ,20240709,14.25,14.99,13.63,14.53,14.06,0.47,3.3428,32788.34,46633.704
301212.SZ,20240709,19.2,21.91,18.6,20.29,19.02,1.27,6.6772,15095.0,29833.582
301213.SZ,20240709,25.11,25.59,24.33,25.58,25.1,0.48,1.9124,11463.0,28799.013
301215.SZ,20240709,5.14,5.37,5.14,5.37,5.11,0.26,5.0881,231911.0,122370.734
301216.SZ,20240709,11.3,11.66,11.26,11.64,11.39,0.25,2.1949,28100.65,32399.992
301217.SZ,20240709,11.66,12.35,11.06,12.11,11.75,0.36,3.0638,497081.08,577678.389
301218.SZ,20240709,22.65,22.96,21.78,22.96,22.71,0.25,1.1008,94874.79,212271.164
301219.SZ,20240709,37.52,38.6,37.0,38.5,37.55,0.95,2.53,23377.97,88622.392
301220.SZ,20240709,24.21,24.88,23.74,24.69,24.23,0.46,1.8985,9228.0,22463.779
301221.SZ,20240709,33.3,35.43,33.11,34.72,32.82,1.9,5.7892,46529.88,159079.464
301222.SZ,20240709,22.53,23.16,21.88,23.11,22.53,0.58,2.5743,12525.72,28256.525
301223.SZ,20240709,14.25,14.51,14.03,14.47,14.28,0.19,1.3305,3665.15,5252.326
301225.SZ,20240709,26.05,26.74,25.31,26.74,25.67,1.07,4.1683,15830.48,41557.303
301226.SZ,20240709,15.95,18.71,15.66,17.44,15.59,1.85,11.8666,70629.75,121723.975
301227.SZ,20240709,17.42,17.68,17.03,17.52,17.42,0.1,0.5741,6548.0,11393.198
301228.SZ,20240709,12.13,12.63,11.07,11.26,10.91,0.35,3.2081,178536.67,208939.441
301229.SZ,20240709,22.96,23.73,22.66,23.68,22.95,0.73,3.1808,18286.2,42902.784
301230.SZ,20240709,21.73,22.08,20.92,21.89,21.85,0.04,0.1831,39022.31,83554.208
301231.SZ,20240709,16.79,17.4,16.01,17.4,16.68,0.72,4.3165,69646.4,116558.04
301232.SZ,20240709,22.45,22.96,21.86,22.9,22.47,0.43,1.9137,11810.16,26552.753
301233.SZ,20240709,34.84,36.34,34.56,36.27,34.89,1.38,3.9553,9770.0,34860.928
301234.SZ,20240709,20.75,21.18,20.13,21.1,20.8,0.3,1.4423,7785.0,16112.895
301235.SZ,20240709,16.84,17.32,16.56,17.32,16.85,0.47,2.7893,8604.5,14534.533
301236.SZ,20240709,32.87,34.09,32.7,33.98,32.95,1.03,3.1259,262881.92,880195.545
301237.SZ,20240709,22.87,25.8,22.46,24.52,22.53,1.99,8.8327,31495.23,76610.295
301238.SZ,20240709,14.02,14.38,13.79,14.28,14.09,0.19,1.3485,53343.25,75287.347
301239.SZ,20240709,33.39,33.8,32.64,33.5,33.45,0.05,0.1495,14501.0,48219.502
301246.SZ,20240709,12.9,12.92,12.48,12.85,12.81,0.04,0.3123,27811.88,35421.624
301248.SZ,20240709,14.45,15.15,13.9,14.92,14.64,0.28,1.9126,102447.64,149137.413
301251.SZ,20240709,31.0,32.82,30.82,32.59,31.11,1.48,4.7573,67030.06,214999.54
301252.SZ,20240709,26.58,27.55,26.12,27.47,26.27,1.2,4.5679,24785.21,66711.587
301255.SZ,20240709,28.22,29.03,27.53,28.97,28.2,0.77,2.7305,14304.03,40603.049
301256.SZ,20240709,5.92,6.02,5.8,5.99,5.91,0.08,1.3536,20038.62,11862.676
301257.SZ,20240709,25.99,26.5,25.16,26.44,26.09,0.35,1.3415,13330.4,34581.598
301258.SZ,20240709,24.0,24.32,23.22,24.3,24.0,0.3,1.25,23962.0,56850.0
301259.SZ,20240709,19.81,20.0,19.54,19.86,19.98,-0.12,-0.6006,10667.4,21069.485
301260.SZ,20240709,14.76,15.06,14.21,14.92,14.89,0.03,0.2015,124266.04,182563.824
301261.SZ,20240709,38.18,40.46,37.78,40.1,40.31,-0.21,-0.521,48618.49,191245.911
301262.SZ,20240709,21.26,21.66,20.7,21.53,21.26,0.27,1.27,17914.93,38102.702
301263.SZ,20240709,12.02,12.39,11.92,12.34,12.13,0.21,1.7312,11565.2,14073.407
301265.SZ,20240709,7.51,7.65,7.33,7.54,7.52,0.02,0.266,15174.35,11349.555
301266.SZ,20240709,27.82,28.8,27.23,28.59,27.82,0.77,2.7678,27047.9,75980.605
301267.SZ,20240709,19.61,19.8,19.19,19.65,19.6,0.05,0.2551,31494.3,61437.249
301268.SZ,20240709,13.99,14.33,13.66,14.3,14.0,0.3,2.1429,16936.67,23786.279
301269.SZ,20240709,69.9,72.3,69.52,72.13,70.06,2.07,2.9546,22462.91,159490.922
301270.SZ,20240709,22.44,22.95,21.86,22.87,22.33,0.54,2.4183,14495.04,32491.471
301272.SZ,20240709,34.5,35.79,34.09,35.61,34.44,1.17,3.3972,3408.69,11937.437
301273.SZ,20240709,14.52,15.1,14.38,15.07,14.54,0.53,3.6451,9403.62,13882.626
301276.SZ,20240709,20.4,20.62,19.86,20.47,20.5,-0.03,-0.1463,3710.68,7538.553
301277.SZ,20240709,12.45,12.67,12.12,12.64,12.45,0.19,1.5261,37607.65,46672.199
301278.SZ,20240709,30.29,30.97,29.51,30.83,30.35,0.48,1.5815,9944.7,30104.556
301279.SZ,20240709,17.58,18.14,17.01,18.12,17.48,0.64,3.6613,51633.0,91262.881
301280.SZ,20240709,36.34,37.4,35.4,37.23,36.35,0.88,2.4209,13573.69,49496.647
301281.SZ,20240709,21.18,21.65,20.56,21.53,21.17,0.36,1.7005,12287.0,25923.05
301282.SZ,20240709,18.31,19.28,17.9,19.07,18.39,0.68,3.6977,97594.34,182433.632
301283.SZ,20240709,25.94,26.65,25.65,26.65,25.96,0.69,2.6579,6424.73,16821.481
301285.SZ,20240709,23.5,24.34,23.05,24.17,23.38,0.79,3.379,28766.0,68435.416
301286.SZ,20240709,26.87,27.39,26.42,26.83,26.66,0.17,0.6377,3783.13,10184.802
301287.SZ,20240709,25.03,25.73,24.59,25.7,25.03,0.67,2.6768,6027.0,15196.365
301288.SZ,20240709,10.49,10.74,10.17,10.69,10.46,0.23,2.1989,10733.0,11229.253
301289.SZ,20240709,38.69,39.95,38.68,39.76,38.69,1.07,2.7656,13801.24,54289.71
301290.SZ,20240709,19.41,19.74,19.02,19.69,19.34,0.35,1.8097,6039.38,11716.042
301291.SZ,20240709,32.58,33.8,31.51,33.62,32.58,1.04,3.1921,92928.78,304993.333
301292.SZ,20240709,11.87,12.09,11.53,12.07,11.88,0.19,1.5993,15054.61,17865.01
301293.SZ,20240709,33.82,34.83,33.3,34.81,34.05,0.76,2.232,40854.47,139481.159
301295.SZ,20240709,18.3,19.32,17.9,19.29,18.4,0.89,4.837,37572.71,70340.444
301296.SZ,20240709,6.81,7.05,6.78,7.03,6.85,0.18,2.6277,26148.0,18169.278
301297.SZ,20240709,19.49,20.54,19.31,20.53,19.49,1.04,5.3361,121643.64,245874.659
301298.SZ,20240709,11.97,12.31,11.78,12.3,11.9,0.4,3.3613,21632.31,26136.637
301299.SZ,20240709,39.79,41.1,39.25,40.98,39.79,1.19,2.9907,12655.71,51089.574
301300.SZ,20240709,27.7,30.84,27.54,30.84,25.7,5.14,20.0,59170.83,173814.211
301301.SZ,20240709,12.6,12.64,12.1,12.52,12.36,0.16,1.2945,366070.18,454711.799
301302.SZ,20240709,15.66,15.82,15.0,15.8,15.63,0.17,1.0877,30427.44,47061.95
301303.SZ,20240709,11.1,11.12,10.7,11.05,10.95,0.1,0.9132,14952.22,16318.625
301305.SZ,20240709,14.61,14.83,14.34,14.78,14.6,0.18,1.2329,7654.03,11190.641
301306.SZ,20240709,33.24,33.92,32.33,33.8,33.3,0.5,1.5015,47482.33,157880.862
301307.SZ,20240709,18.54,18.74,18.0,18.73,18.2,0.53,2.9121,20311.7,37606.629
301308.SZ,20240709,95.39,99.57,94.6,99.42,95.35,4.07,4.2685,101034.07,987690.07
301309.SZ,20240709,23.33,24.31,23.13,24.18,23.53,0.65,2.7624,3433.0,8164.968
301310.SZ,20240709,21.2,21.75,20.83,21.68,21.2,0.48,2.2642,12410.14,26547.286
301311.SZ,20240709,16.61,17.24,16.44,17.2,16.63,0.57,3.4275,19075.33,32226.913
301312.SZ,20240709,33.09,39.62,32.4,39.62,33.02,6.6,19.9879,65783.93,247586.915
301313.SZ,20240709,18.8,19.25,18.16,19.19,18.9,0.29,1.5344,26801.48,50286.759
301314.SZ,20240709,33.87,35.27,33.54,35.16,33.89,1.27,3.7474,24260.71,83880.508
301315.SZ,20240709,28.77,29.26,27.96,29.14,28.77,0.37,1.2861,28512.85,82018.901
301316.SZ,20240709,13.8,14.16,13.4,14.13,13.8,0.33,2.3913,58953.1,81513.136
301317.SZ,20240709,14.7,15.34,14.5,15.28,14.69,0.59,4.0163,5569.0,8371.706
301318.SZ,20240709,25.57,26.52,25.0,26.51,25.47,1.04,4.0832,24017.15,62109.116
301319.SZ,20240709,26.08,27.56,25.65,27.52,26.18,1.34,5.1184,12651.12,34003.589
301320.SZ,20240709,13.5,13.92,13.13,13.89,13.37,0.52,3.8893,30668.0,41744.018
301321.SZ,20240709,10.24,10.85,10.18,10.8,10.21,0.59,5.7786,35642.31,37701.554
301322.SZ,20240709,18.27,18.59,18.0,18.35,18.32,0.03,0.1638,12373.48,22682.144
301323.SZ,20240709,29.92,31.0,29.73,30.99,30.05,0.94,3.1281,10549.79,32287.999
301325.SZ,20240709,38.62,38.76,37.56,38.36,38.62,-0.26,-0.6732,27495.38,104624.022
301326.SZ,20240709,29.39,34.81,28.81,34.81,29.01,5.8,19.9931,55539.32,181847.55
301327.SZ,20240709,56.04,57.63,55.12,57.18,56.04,1.14,2.0343,3897.35,21933.956
301328.SZ,20240709,33.9,39.97,33.71,37.16,34.06,3.1,9.1016,29128.33,107680.684
301329.SZ,20240709,18.23,19.17,17.63,19.08,17.9,1.18,6.5922,62275.24,115785.701
301330.SZ,20240709,21.02,21.68,20.53,21.66,21.02,0.64,3.0447,15793.7,33533.257
301331.SZ,20240709,22.05,22.28,21.31,22.05,21.98,0.07,0.3185,4897.24,10687.361
301332.SZ,20240709,8.52,8.65,8.31,8.58,8.47,0.11,1.2987,27735.83,23575.103
301333.SZ,20240709,36.87,36.88,35.06,36.16,36.65,-0.49,-1.337,24051.2,86258.241
301335.SZ,20240709,15.3,15.63,15.06,15.57,15.45,0.12,0.7767,11494.62,17647.632
301336.SZ,20240709,27.79,28.98,27.3,28.81,27.79,1.02,3.6704,3497.7,9846.161
301337.SZ,20240709,24.77,25.67,24.38,25.67,24.77,0.9,3.6334,33445.17,84095.53
301338.SZ,20240709,28.0,29.96,27.72,29.94,28.07,1.87,6.6619,33904.0,99164.816
301339.SZ,20240709,18.2,18.3,17.43,18.25,17.88,0.37,2.0694,86686.36,155883.539
301345.SZ,20240709,51.68,52.3,50.37,51.52,51.68,-0.16,-0.3096,12395.66,63744.71
301348.SZ,20240709,28.29,34.32,28.06,34.32,28.6,5.72,20.0,136658.14,462020.526
301349.SZ,20240709,27.03,27.94,26.6,27.74,27.28,0.46,1.6862,4573.29,12446.132
301353.SZ,20240709,23.67,24.83,23.55,24.8,23.67,1.13,4.774,9775.0,23771.016
301355.SZ,20240709,9.26,9.52,9.15,9.46,9.4,0.06,0.6383,19471.51,18224.913
301356.SZ,20240709,11.76,11.98,11.45,11.85,11.76,0.09,0.7653,7426.66,8697.081
301357.SZ,20240709,26.76,27.8,26.1,27.8,27.34,0.46,1.6825,54331.25,146278.494
301358.SZ,20240709,28.5,28.68,28.0,28.23,28.63,-0.4,-1.3971,53830.72,152553.76
301359.SZ,20240709,20.64,21.89,20.46,21.82,20.61,1.21,5.8709,38336.92,81579.146
301360.SZ,20240709,40.19,43.6,39.6,43.0,40.19,2.81,6.9918,27243.46,115285.781
301361.SZ,20240709,25.47,27.3,24.78,27.18,25.1,2.08,8.2869,85568.85,224917.389
301362.SZ,20240709,31.83,32.78,31.45,32.66,31.83,0.83,2.6076,5390.88,17297.497
301363.SZ,20240709,27.34,28.56,27.02,28.07,27.62,0.45,1.6293,19760.76,54834.996
301365.SZ,20240709,10.06,10.2,9.59,10.05,10.04,0.01,0.0996,20204.92,20008.99
301366.SZ,20240709,28.01,29.6,27.8,29.51,28.2,1.31,4.6454,37881.63,109353.882
301367.SZ,20240709,60.07,60.68,58.03,59.57,60.22,-0.65,-1.0794,6916.26,41068.53
301368.SZ,20240709,41.79,42.64,40.16,42.51,41.26,1.25,3.0296,58907.87,245359.749
301369.SZ,20240709,39.29,43.98,39.03,42.65,39.42,3.23,8.1938,29279.5,122998.769
301370.SZ,20240709,10.9,11.15,10.6,11.03,10.72,0.31,2.8918,42483.17,46207.063
301371.SZ,20240709,28.76,29.45,28.36,29.22,28.79,0.43,1.4936,5884.17,17009.58
301372.SZ,20240709,24.08,24.73,23.4,24.56,24.83,-0.27,-1.0874,13563.04,32773.916
301373.SZ,20240709,21.36,22.9,21.36,22.72,21.66,1.06,4.8938,6807.0,15175.027
301376.SZ,20240709,19.52,19.88,19.02,19.69,19.54,0.15,0.7677,17854.88,34800.658
301377.SZ,20240709,17.5,18.5,16.72,18.13,17.2,0.93,5.407,134063.15,235406.628
301378.SZ,20240709,22.04,23.29,21.32,23.14,22.46,0.68,3.0276,62881.84,141133.688
301379.SZ,20240709,16.55,17.54,16.47,17.52,16.67,0.85,5.099,35189.75,60552.524
301380.SZ,20240709,30.73,31.5,29.98,31.45,30.88,0.57,1.8459,10029.0,30941.536
301381.SZ,20240709,21.51,21.78,21.01,21.77,21.5,0.27,1.2558,10901.48,23418.037
301382.SZ,20240709,16.71,17.18,16.4,17.18,16.67,0.51,3.0594,30921.6,52197.2
301383.SZ,20240709,24.31,26.7,24.31,26.7,24.68,2.02,8.1848,70579.71,181837.564
301386.SZ,20240709,19.32,20.01,18.98,20.01,19.31,0.7,3.6251,12387.71,24284.079
301387.SZ,20240709,29.84,32.26,29.52,32.22,29.75,2.47,8.3025,40983.65,127948.998
301388.SZ,20240709,21.14,22.27,20.86,22.1,21.48,0.62,2.8864,95872.89,207527.226
301389.SZ,20240709,14.84,15.98,14.81,15.9,15.25,0.65,4.2623,191008.59,295923.495
301390.SZ,20240709,29.9,31.3,29.6,31.1,29.65,1.45,4.8904,10504.8,32142.857
301391.SZ,20240709,39.38,40.06,38.57,39.88,39.42,0.46,1.1669,15065.8,59431.397
301392.SZ,20240709,50.95,54.54,49.52,53.43,50.95,2.48,4.8675,61194.11,317791.664
301393.SZ,20240709,39.53,40.4,39.16,40.4,39.84,0.56,1.4056,11117.8,44362.134
301395.SZ,20240709,9.48,9.67,9.15,9.64,9.48,0.16,1.6878,21829.61,20652.887
301396.SZ,20240709,21.09,21.22,19.65,20.99,21.45,-0.46,-2.1445,73868.1,151059.438
301397.SZ,20240709,27.79,28.37,27.35,28.34,28.0,0.34,1.2143,7666.99,21420.309
301398.SZ,20240709,36.68,37.81,36.11,37.77,36.64,1.13,3.0841,9659.88,35824.253
301399.SZ,20240709,18.38,19.37,18.1,19.26,18.4,0.86,4.6739,14326.45,27002.719
301408.SZ,20240709,10.05,10.12,9.82,10.07,9.99,0.08,0.8008,44019.48,43949.563
301413.SZ,20240709,35.88,38.01,35.7,38.01,35.88,2.13,5.9365,17087.42,62838.98
301418.SZ,20240709,34.73,36.85,34.4,36.45,34.78,1.67,4.8016,11584.86,41542.571
301419.SZ,20240709,22.93,24.15,22.7,24.04,22.92,1.12,4.8866,13119.75,30959.445
301421.SZ,20240709,39.35,40.93,38.78,40.91,39.0,1.91,4.8974,35184.66,141654.025
301428.SZ,20240709,24.42,25.16,23.83,25.08,24.4,0.68,2.7869,24656.74,60608.982
301429.SZ,20240709,14.44,14.59,13.85,14.52,14.42,0.1,0.6935,10359.86,14787.747
301439.SZ,20240709,11.71,12.17,11.58,12.13,11.71,0.42,3.5867,20746.57,24711.423
301446.SZ,20240709,17.94,18.47,17.06,18.32,18.07,0.25,1.3835,28157.5,50114.283
301448.SZ,20240709,20.17,20.8,19.35,20.8,20.2,0.6,2.9703,27220.64,54763.046
301456.SZ,20240709,23.91,24.68,22.6,24.42,24.3,0.12,0.4938,53519.82,125518.462
301459.SZ,20240709,34.96,35.97,34.61,35.9,34.96,0.94,2.6888,4432.06,15692.484
301468.SZ,20240709,21.62,21.73,20.85,21.69,21.44,0.25,1.166,5494.44,11704.298
301469.SZ,20240709,23.0,23.82,22.85,23.77,23.33,0.44,1.886,8360.29,19525.648
301486.SZ,20240709,38.5,42.67,38.2,42.54,38.7,3.84,9.9225,50782.08,208229.247
301487.SZ,20240709,24.28,24.62,23.74,24.57,24.4,0.17,0.6967,28723.73,69522.653
301488.SZ,20240709,47.01,49.12,46.8,48.6,46.2,2.4,5.1948,17905.6,85704.925
301489.SZ,20240709,64.42,68.57,63.5,68.56,64.51,4.05,6.2781,21763.6,145269.228
301498.SZ,20240709,50.61,51.73,49.67,51.38,50.48,0.9,1.7829,12471.09,63411.802
301499.SZ,20240709,20.77,22.13,20.62,22.1,20.71,1.39,6.7117,24236.08,52399.595
301500.SZ,20240709,17.01,17.65,16.61,17.52,17.24,0.28,1.6241,35377.26,60510.217
301502.SZ,20240709,34.98,35.97,34.62,35.87,34.98,0.89,2.5443,9803.38,34915.229
301503.SZ,20240709,29.87,32.0,29.18,31.81,30.78,1.03,3.3463,39653.0,123485.921
301505.SZ,20240709,26.07,26.79,25.34,26.77,26.34,0.43,1.6325,20114.96,52631.388
301507.SZ,20240709,12.45,12.5,11.68,12.17,12.82,-0.65,-5.0702,88723.2,106947.716
301508.SZ,20240709,33.38,34.44,32.9,34.44,33.05,1.39,4.2057,39747.25,134265.604
301509.SZ,20240709,30.71,31.37,29.65,31.22,31.08,0.14,0.4505,25246.2,76927.625
301510.SZ,20240709,25.08,26.1,24.85,25.96,25.11,0.85,3.3851,18175.96,46598.204
301511.SZ,20240709,14.41,15.22,14.38,15.18,14.7,0.48,3.2653,89779.35,132996.52
301512.SZ,20240709,43.0,46.16,41.58,45.21,40.93,4.28,10.4569,28647.0,124966.842
301515.SZ,20240709,18.36,18.84,18.02,18.78,18.45,0.33,1.7886,9873.26,18218.235
301516.SZ,20240709,16.37,16.72,15.99,16.7,16.33,0.37,2.2658,46459.51,76262.278
301517.SZ,20240709,46.62,49.04,46.58,48.71,46.83,1.88,4.0145,30349.52,145119.003
301518.SZ,20240709,16.24,16.68,15.84,16.58,16.04,0.54,3.3666,10062.0,16368.017
301519.SZ,20240709,15.17,15.17,13.98,14.66,16.0,-1.34,-8.375,88644.79,129190.605
301520.SZ,20240709,38.74,39.29,37.84,39.15,38.85,0.3,0.7722,7708.32,29796.192
301525.SZ,20240709,53.27,54.28,52.03,54.08,53.34,0.74,1.3873,7440.42,39607.453
301526.SZ,20240709,3.26,3.3,3.16,3.28,3.27,0.01,0.3058,241522.11,78119.703
301528.SZ,20240709,39.23,40.19,38.51,40.0,39.23,0.77,1.9628,4053.5,15997.273
301529.SZ,20240709,33.0,33.65,32.25,33.52,33.1,0.42,1.2689,16873.11,55917.232
301533.SZ,20240709,24.36,25.46,23.46,25.19,24.36,0.83,3.4072,17040.45,41691.205
301536.SZ,20240709,32.4,34.28,32.3,34.2,32.46,1.74,5.3604,46333.26,155437.313
301538.SZ,20240709,90.03,96.74,89.36,95.05,91.1,3.95,4.3359,18784.2,174823.563
301539.SZ,20240709,22.08,22.77,21.0,22.51,22.03,0.48,2.1788,54786.84,119681.621
301548.SZ,20240709,52.4,53.79,50.84,52.5,52.48,0.02,0.0381,17441.3,91378.854
301550.SZ,20240709,42.18,43.74,41.75,43.68,42.05,1.63,3.8763,43393.68,185742.67
301555.SZ,20240709,25.61,26.45,25.19,26.44,25.6,0.84,3.2813,10962.98,28498.967
301558.SZ,20240709,7.98,8.06,7.66,8.03,7.92,0.11,1.3889,46702.77,36851.214
301559.SZ,20240709,13.61,14.06,13.61,14.02,13.82,0.2,1.4472,10477.58,14578.047
301565.SZ,20240709,22.3,23.1,21.83,22.93,22.51,0.42,1.8658,128002.25,288109.876
301566.SZ,20240709,14.54,15.29,14.46,15.27,14.52,0.75,5.1653,43417.25,64799.487
301567.SZ,20240709,41.5,44.13,41.06,44.13,41.65,2.48,5.9544,36957.0,159135.628
301568.SZ,20240709,27.68,28.98,27.15,28.94,27.68,1.26,4.552,14998.44,42281.615
301577.SZ,20240709,63.78,71.88,63.5,70.36,65.45,4.91,7.5019,43150.64,295792.282
301578.SZ,20240709,34.05,36.48,33.73,36.1,34.22,1.88,5.4939,16630.16,58615.966
301580.SZ,20240709,63.72,64.61,62.03,64.12,64.0,0.12,0.1875,38089.29,241301.735
301587.SZ,20240709,24.16,25.18,24.1,25.14,24.16,0.98,4.0563,32622.8,80285.607
301588.SZ,20240709,20.49,20.88,19.9,20.78,20.51,0.27,1.3164,16430.21,33524.877
301589.SZ,20240709,189.5,197.58,188.91,195.27,192.3,2.97,1.5445,7730.41,149389.904
301591.SZ,20240709,36.33,37.57,35.2,37.57,35.8,1.77,4.9441,22126.32,80727.605
301596.SZ,20240709,71.8,74.38,70.71,74.17,71.92,2.25,3.1285,26055.0,189024.722
302132.SZ,20240709,48.5,50.19,47.43,49.74,48.19,1.55,3.2164,175418.82,862738.678
