ts_code,trade_date,open,high,low,close,pre_close,change,pct_chg,vol,amount
300001.SZ,20240206,15.71,17.73,15.5,17.61,15.8,1.81,11.4557,204411.91,345262.668
300002.SZ,20240206,9.0,10.5,8.91,10.31,9.38,0.93,9.9147,1534287.32,1495643.518
300003.SZ,20240206,12.55,14.28,12.52,14.17,12.69,1.48,11.6627,460211.41,639827.439
300004.SZ,20240206,3.8,3.99,3.47,3.82,3.88,-0.06,-1.5464,139723.14,51396.966
300005.SZ,20240206,3.8,4.11,3.54,3.96,3.82,0.14,3.6649,325853.0,123398.972
300006.SZ,20240206,2.3,2.47,2.12,2.35,2.33,0.02,0.8584,378017.65,85700.471
300007.SZ,20240206,11.99,13.28,11.52,12.93,12.26,0.67,5.4649,148837.2,184201.168
300008.SZ,20240206,3.08,3.35,2.98,3.28,3.08,0.2,6.4935,289862.22,92347.565
300009.SZ,20240206,7.94,9.08,7.94,9.03,8.1,0.93,11.4815,268141.93,231893.596
300010.SZ,20240206,1.66,1.85,1.64,1.77,1.72,0.05,2.907,136824.0,23702.668
300011.SZ,20240206,4.8,5.08,4.32,4.82,4.8,0.02,0.4167,187213.64,86613.915
300012.SZ,20240206,11.43,13.19,11.34,13.14,11.57,1.57,13.5696,393280.59,491313.411
300013.SZ,20240206,2.0,2.14,1.86,2.06,2.05,0.01,0.4878,281640.39,56168.714
300014.SZ,20240206,31.74,34.3,31.7,34.21,32.03,2.18,6.8061,306153.92,1023969.71
300015.SZ,20240206,13.19,14.44,13.12,14.4,13.35,1.05,7.8652,1511956.37,2135474.302
300016.SZ,20240206,4.02,4.34,3.72,4.14,4.24,-0.1,-2.3585,208037.5,83870.4
300017.SZ,20240206,7.93,8.54,7.93,8.49,8.15,0.34,4.1718,1174638.26,971427.873
300018.SZ,20240206,3.64,4.09,3.43,3.93,3.78,0.15,3.9683,194406.93,72112.716
300019.SZ,20240206,11.35,12.13,10.95,11.87,11.52,0.35,3.0382,67807.04,78118.948
300020.SZ,20240206,4.7,5.2,4.58,5.07,4.74,0.33,6.962,379016.64,184872.735
300021.SZ,20240206,3.31,3.6,3.16,3.46,3.38,0.08,2.3669,183827.5,61697.089
300022.SZ,20240206,3.34,3.6,3.17,3.43,3.52,-0.09,-2.5568,218683.98,72779.4
300024.SZ,20240206,8.07,9.3,8.01,9.21,8.24,0.97,11.7718,326648.44,285708.12
300025.SZ,20240206,6.0,6.4,5.45,6.21,6.1,0.11,1.8033,155307.41,92243.206
300026.SZ,20240206,3.18,3.64,3.17,3.61,3.22,0.39,12.1118,640238.8,220342.58
300027.SZ,20240206,1.75,1.95,1.67,1.89,1.76,0.13,7.3864,602530.83,108591.692
300029.SZ,20240206,3.97,4.19,3.71,4.01,4.01,0.0,0.0,37198.01,14816.954
300030.SZ,20240206,4.21,4.39,3.72,4.17,4.35,-0.18,-4.1379,197632.86,79223.888
300031.SZ,20240206,11.73,12.83,11.37,12.52,11.97,0.55,4.5948,255769.73,309641.129
300032.SZ,20240206,3.0,3.27,2.81,3.13,3.13,0.0,0.0,374983.0,112517.608
300033.SZ,20240206,107.8,121.85,106.9,121.44,108.55,12.89,11.8747,120982.28,1413997.08
300034.SZ,20240206,12.81,14.07,12.64,13.98,12.82,1.16,9.0484,179146.39,241023.901
300035.SZ,20240206,7.24,7.82,7.18,7.79,7.11,0.68,9.564,219728.76,166065.515
300036.SZ,20240206,12.5,13.86,12.4,13.73,12.6,1.13,8.9683,162154.83,212882.38
300037.SZ,20240206,39.74,44.11,39.3,43.98,40.11,3.87,9.6485,98629.96,417472.275
300039.SZ,20240206,5.53,6.14,5.47,6.05,5.6,0.45,8.0357,300298.48,175771.689
300040.SZ,20240206,3.51,3.72,3.21,3.63,3.57,0.06,1.6807,149682.85,51349.919
300041.SZ,20240206,7.28,7.9,7.03,7.83,7.23,0.6,8.2988,90674.28,68217.277
300042.SZ,20240206,22.13,26.48,22.05,25.83,23.49,2.34,9.9617,85150.22,207821.292
300043.SZ,20240206,2.16,2.41,2.05,2.33,2.27,0.06,2.6432,790028.39,174275.453
300044.SZ,20240206,3.35,3.68,3.1,3.59,3.46,0.13,3.7572,580541.7,195882.63
300045.SZ,20240206,13.7,15.2,13.5,14.79,13.92,0.87,6.25,404807.15,582798.448
300046.SZ,20240206,8.98,9.86,8.54,9.51,9.2,0.31,3.3696,91370.76,83058.153
300047.SZ,20240206,5.18,5.68,5.05,5.51,5.29,0.22,4.1588,290743.33,154932.102
300048.SZ,20240206,3.77,4.09,3.65,3.99,3.77,0.22,5.8355,125394.27,48565.723
300049.SZ,20240206,30.6,35.4,28.73,34.89,30.5,4.39,14.3934,97065.25,313678.9
300050.SZ,20240206,2.5,2.79,2.28,2.59,2.66,-0.07,-2.6316,414235.05,101759.306
300051.SZ,20240206,6.0,7.75,6.0,7.53,6.89,0.64,9.2888,100650.37,69863.247
300052.SZ,20240206,12.5,13.54,11.65,13.06,12.8,0.26,2.0313,175714.46,221244.213
300053.SZ,20240206,7.24,7.81,6.78,7.62,7.24,0.38,5.2486,289498.16,211698.577
300054.SZ,20240206,16.29,18.42,16.13,18.35,16.36,1.99,12.1638,134665.32,235124.339
300055.SZ,20240206,4.01,4.41,3.76,4.22,4.01,0.21,5.2369,111686.29,45043.633
300056.SZ,20240206,7.15,7.3,6.7,7.15,7.25,-0.1,-1.3793,107885.53,75503.317
300057.SZ,20240206,3.8,4.1,3.5,3.95,3.79,0.16,4.2216,219158.81,82181.391
300058.SZ,20240206,5.28,5.92,5.22,5.86,5.29,0.57,10.775,935884.08,526287.729
300059.SZ,20240206,12.19,13.28,12.12,13.2,12.33,0.87,7.056,3376731.39,4351404.587
300061.SZ,20240206,3.43,3.68,3.15,3.54,3.45,0.09,2.6087,208217.0,70916.181
300062.SZ,20240206,3.71,3.97,3.46,3.79,3.81,-0.02,-0.5249,190266.03,69657.162
300063.SZ,20240206,3.61,3.85,3.34,3.71,3.69,0.02,0.542,525525.0,187607.293
300065.SZ,20240206,5.4,5.88,5.06,5.68,5.46,0.22,4.0293,358137.27,195302.411
300066.SZ,20240206,2.92,3.25,2.79,3.12,2.96,0.16,5.4054,306758.26,91601.588
300067.SZ,20240206,1.93,2.06,1.76,1.95,1.98,-0.03,-1.5152,272142.74,51027.776
300068.SZ,20240206,9.38,10.18,9.27,10.1,9.45,0.65,6.8783,252811.44,246928.264
300069.SZ,20240206,8.55,8.68,7.04,8.1,8.53,-0.43,-5.041,47947.02,37155.591
300070.SZ,20240206,4.3,4.84,4.24,4.8,4.31,0.49,11.3689,469487.42,216169.421
300071.SZ,20240206,2.06,2.23,1.9,2.09,2.13,-0.04,-1.8779,342202.34,69344.006
300072.SZ,20240206,2.06,2.17,1.89,2.1,2.1,0.0,0.0,796059.6,159166.848
300073.SZ,20240206,28.0,31.0,27.82,30.96,28.21,2.75,9.7483,119158.31,354431.906
300074.SZ,20240206,2.74,2.99,2.51,2.83,2.86,-0.03,-1.049,409546.17,110995.22
300075.SZ,20240206,10.73,12.13,10.55,11.86,10.86,1.0,9.2081,205246.62,233139.95
300076.SZ,20240206,2.99,3.19,2.7,3.08,3.08,0.0,0.0,383017.5,112536.517
300077.SZ,20240206,6.72,7.39,6.48,7.28,6.5,0.78,12.0,169146.48,116840.736
300078.SZ,20240206,2.15,2.29,1.9,2.14,2.21,-0.07,-3.1674,456628.45,93482.273
300079.SZ,20240206,3.38,3.85,3.35,3.76,3.45,0.31,8.9855,379797.45,135663.543
300080.SZ,20240206,3.38,3.7,3.33,3.62,3.42,0.2,5.848,173551.59,60744.945
300081.SZ,20240206,5.61,6.2,5.22,5.93,5.81,0.12,2.0654,567381.69,321931.287
300082.SZ,20240206,4.0,4.32,3.69,4.1,4.03,0.07,1.737,130470.48,51477.92
300083.SZ,20240206,3.66,4.05,3.57,4.01,3.66,0.35,9.5628,387816.36,147852.763
300084.SZ,20240206,4.48,4.84,4.16,4.71,4.66,0.05,1.073,163720.46,73135.418
300085.SZ,20240206,8.06,9.2,8.0,8.92,8.3,0.62,7.4699,252947.26,217182.449
300086.SZ,20240206,3.95,4.28,3.75,4.18,3.98,0.2,5.0251,130664.34,52536.278
300087.SZ,20240206,6.55,7.21,6.39,7.11,6.77,0.34,5.0222,244457.33,167952.726
300088.SZ,20240206,3.93,4.45,3.92,4.37,3.94,0.43,10.9137,857115.17,358287.733
300091.SZ,20240206,1.45,1.63,1.4,1.53,1.54,-0.01,-0.6494,499683.27,73700.214
300092.SZ,20240206,8.1,8.5,7.38,8.23,8.08,0.15,1.8564,90169.52,71140.247
300093.SZ,20240206,16.64,18.56,16.64,18.16,17.05,1.11,6.5103,307807.14,539063.624
300094.SZ,20240206,3.0,3.31,2.85,3.19,3.05,0.14,4.5902,582484.75,178922.069
300095.SZ,20240206,5.02,5.55,4.85,5.32,5.17,0.15,2.9014,69613.35,35997.287
300096.SZ,20240206,3.23,3.56,2.81,3.4,3.32,0.08,2.4096,353803.41,113664.897
300097.SZ,20240206,5.45,5.81,4.97,5.53,5.53,0.0,0.0,174927.2,92842.847
300098.SZ,20240206,2.54,2.8,2.45,2.72,2.55,0.17,6.6667,416757.89,109161.776
300099.SZ,20240206,3.79,4.09,3.52,3.98,3.83,0.15,3.9164,157617.13,59800.529
300100.SZ,20240206,5.9,6.35,5.37,6.13,5.89,0.24,4.0747,157940.0,91809.315
300101.SZ,20240206,11.51,12.97,11.35,12.61,11.7,0.91,7.7778,197022.11,239260.953
300102.SZ,20240206,4.98,5.29,4.73,5.09,5.03,0.06,1.1928,278506.14,139592.415
300103.SZ,20240206,3.51,3.55,3.01,3.34,3.55,-0.21,-5.9155,157929.01,51232.851
300105.SZ,20240206,4.19,4.59,3.99,4.39,4.31,0.08,1.8561,167998.0,71377.573
300106.SZ,20240206,5.76,6.55,5.31,6.02,6.34,-0.32,-5.0473,175562.59,102068.262
300107.SZ,20240206,3.29,3.49,2.99,3.3,3.31,-0.01,-0.3021,86090.15,27496.842
300108.SZ,20240206,1.75,2.09,1.75,1.96,1.89,0.07,3.7037,279564.75,55334.456
300109.SZ,20240206,12.79,14.58,12.63,14.47,12.88,1.59,12.3447,91220.78,124538.53
300110.SZ,20240206,2.93,3.2,2.86,3.11,2.95,0.16,5.4237,236321.83,71410.931
300111.SZ,20240206,2.0,2.13,1.83,2.05,2.02,0.03,1.4851,285675.81,56591.021
300112.SZ,20240206,6.6,7.3,6.33,7.11,6.76,0.35,5.1775,87033.26,59564.089
300113.SZ,20240206,9.18,9.75,8.78,9.56,9.0,0.56,6.2222,252292.49,232401.649
300115.SZ,20240206,7.16,7.98,6.97,7.8,7.2,0.6,8.3333,351264.42,261326.234
300117.SZ,20240206,1.16,1.28,1.05,1.22,1.23,-0.01,-0.813,594991.33,68253.213
300118.SZ,20240206,12.52,14.01,12.52,13.98,12.7,1.28,10.0787,357384.58,477786.558
300119.SZ,20240206,12.03,13.85,12.02,13.8,12.4,1.4,11.2903,47235.13,61341.341
300120.SZ,20240206,3.79,4.03,3.49,3.87,3.93,-0.06,-1.5267,236543.82,87945.243
300121.SZ,20240206,6.87,7.38,6.64,7.15,6.91,0.24,3.4732,50820.36,35764.2
300122.SZ,20240206,46.51,51.65,46.09,51.4,47.26,4.14,8.7601,292651.29,1476585.575
300123.SZ,20240206,4.07,4.48,3.94,4.39,4.2,0.19,4.5238,449130.93,188806.405
300124.SZ,20240206,58.35,60.5,58.07,60.1,59.35,0.75,1.2637,194757.91,1157569.085
300125.SZ,20240206,5.8,6.69,5.36,6.16,6.42,-0.26,-4.0498,286169.23,167715.082
300126.SZ,20240206,3.93,4.24,3.42,3.99,4.12,-0.13,-3.1553,171564.0,64745.916
300127.SZ,20240206,11.55,12.66,11.32,12.33,11.61,0.72,6.2016,58613.56,70762.528
300128.SZ,20240206,3.19,3.78,2.97,3.62,3.26,0.36,11.0429,661008.19,225382.975
300129.SZ,20240206,7.39,8.25,6.93,8.19,7.47,0.72,9.6386,286929.11,225288.669
300130.SZ,20240206,17.95,19.99,17.93,19.48,18.42,1.06,5.7546,216572.66,412664.833
300131.SZ,20240206,3.55,3.87,3.38,3.76,3.6,0.16,4.4444,458825.88,165712.079
300132.SZ,20240206,3.03,3.27,2.84,3.15,3.07,0.08,2.6059,241901.23,72913.692
300133.SZ,20240206,3.97,4.44,3.88,4.36,4.01,0.35,8.7282,683526.96,282782.924
300134.SZ,20240206,5.87,6.42,5.57,6.26,5.99,0.27,4.5075,161678.4,96704.126
300135.SZ,20240206,1.86,1.99,1.7,1.87,1.94,-0.07,-3.6082,616513.6,111233.548
300136.SZ,20240206,14.7,16.45,14.52,16.23,14.83,1.4,9.4403,279612.35,435749.7
300137.SZ,20240206,3.82,4.05,3.53,3.88,3.86,0.02,0.5181,132239.94,49519.876
300138.SZ,20240206,10.5,11.4,10.19,11.11,10.85,0.26,2.3963,113411.02,123739.592
300139.SZ,20240206,5.91,6.5,5.51,6.23,6.1,0.13,2.1311,111179.46,66440.395
300140.SZ,20240206,5.88,6.53,5.55,6.28,5.94,0.34,5.7239,124597.0,75350.952
300141.SZ,20240206,5.72,5.99,5.13,5.79,5.9,-0.11,-1.8644,131214.59,72063.132
300142.SZ,20240206,15.52,17.24,15.52,17.17,15.81,1.36,8.6022,302632.21,503464.9
300143.SZ,20240206,6.6,7.56,6.54,7.44,6.75,0.69,10.2222,109716.06,76846.055
300144.SZ,20240206,8.7,9.61,8.59,9.56,8.83,0.73,8.2673,359936.49,330680.762
300145.SZ,20240206,2.11,2.34,2.02,2.25,2.16,0.09,4.1667,589938.38,126651.509
300146.SZ,20240206,14.7,16.43,14.7,16.25,14.84,1.41,9.5013,242214.06,383995.119
300147.SZ,20240206,3.15,3.43,3.01,3.26,3.24,0.02,0.6173,268217.57,85395.824
300148.SZ,20240206,2.42,2.63,2.21,2.53,2.48,0.05,2.0161,518756.97,124969.169
300149.SZ,20240206,4.2,4.52,3.82,4.27,4.33,-0.06,-1.3857,193162.59,79823.138
300150.SZ,20240206,2.55,2.71,2.25,2.54,2.62,-0.08,-3.0534,323377.0,79000.569
300151.SZ,20240206,11.49,12.3,10.24,12.1,11.25,0.85,7.5556,73779.84,82717.204
300152.SZ,20240206,1.74,1.87,1.59,1.76,1.77,-0.01,-0.565,298047.07,50526.546
300153.SZ,20240206,4.43,4.94,4.1,4.62,4.65,-0.03,-0.6452,136828.22,60093.39
300154.SZ,20240206,4.37,4.68,3.99,4.47,4.42,0.05,1.1312,127076.35,54209.155
300155.SZ,20240206,2.98,3.19,2.7,3.01,3.19,-0.18,-5.6426,252817.22,73029.645
300157.SZ,20240206,2.04,2.19,1.83,2.02,2.08,-0.06,-2.8846,257402.0,51082.331
300158.SZ,20240206,3.79,4.24,3.62,4.11,3.83,0.28,7.3107,431156.79,170056.915
300159.SZ,20240206,1.61,1.72,1.51,1.65,1.63,0.02,1.227,450069.16,72492.916
300160.SZ,20240206,3.78,4.15,3.69,3.99,3.88,0.11,2.8351,182593.1,70732.337
300161.SZ,20240206,20.5,22.74,19.92,22.34,21.45,0.89,4.1492,64642.72,137367.185
300162.SZ,20240206,4.09,4.24,3.6,4.08,4.15,-0.07,-1.6867,184989.63,72239.945
300163.SZ,20240206,2.25,2.29,1.98,2.17,2.3,-0.13,-5.6522,346203.59,72865.755
300164.SZ,20240206,3.09,3.41,2.93,3.3,3.21,0.09,2.8037,336866.54,107292.659
300165.SZ,20240206,3.2,3.4,2.9,3.23,3.32,-0.09,-2.7108,243128.68,75876.999
300166.SZ,20240206,5.85,6.54,5.76,6.44,5.96,0.48,8.0537,391916.16,240577.019
300167.SZ,20240206,1.79,1.97,1.72,1.9,1.87,0.03,1.6043,107289.0,19948.999
300168.SZ,20240206,4.98,5.49,4.71,5.41,5.04,0.37,7.3413,290853.95,148385.735
300169.SZ,20240206,4.3,4.81,3.95,4.64,4.38,0.26,5.9361,338215.42,148574.021
300170.SZ,20240206,4.9,5.48,4.74,5.34,4.95,0.39,7.8788,339830.77,173137.108
300171.SZ,20240206,12.6,14.27,12.5,14.2,12.78,1.42,11.1111,107824.37,146855.039
300172.SZ,20240206,4.0,4.42,3.82,4.28,4.02,0.26,6.4677,341539.91,141788.605
300173.SZ,20240206,3.0,3.32,2.85,3.14,3.09,0.05,1.6181,277161.78,84415.916
300174.SZ,20240206,11.4,12.25,10.89,11.71,11.52,0.19,1.6493,56902.1,66202.483
300175.SZ,20240206,4.99,5.73,4.83,5.55,5.03,0.52,10.338,175157.0,92912.532
300176.SZ,20240206,3.62,3.98,3.43,3.81,3.86,-0.05,-1.2953,147475.44,54013.901
300177.SZ,20240206,3.75,4.03,3.4,3.85,3.82,0.03,0.7853,339308.05,124662.974
300179.SZ,20240206,5.37,5.84,4.9,5.65,5.42,0.23,4.2435,110576.68,59862.149
300180.SZ,20240206,2.68,3.03,2.63,2.92,2.74,0.18,6.5693,617573.98,173381.32
300181.SZ,20240206,8.7,9.75,8.51,9.55,8.8,0.75,8.5227,174378.06,161407.907
300182.SZ,20240206,3.19,3.73,3.18,3.65,3.25,0.4,12.3077,1104702.14,382084.284
300183.SZ,20240206,8.71,9.98,8.43,9.7,8.81,0.89,10.1022,92436.16,84762.865
300184.SZ,20240206,3.37,3.72,3.24,3.62,3.41,0.21,6.1584,556329.09,193271.219
300185.SZ,20240206,1.98,2.2,1.96,2.18,2.0,0.18,9.0,535060.86,112643.913
300187.SZ,20240206,3.73,3.98,3.43,3.96,3.73,0.23,6.1662,91508.86,33822.621
300188.SZ,20240206,9.5,10.79,9.21,10.6,9.5,1.1,11.5789,228981.47,229911.51
300189.SZ,20240206,2.4,2.64,2.2,2.56,2.53,0.03,1.1858,286681.13,69707.379
300190.SZ,20240206,2.68,3.03,2.44,2.91,2.73,0.18,6.5934,244519.03,65598.187
300191.SZ,20240206,8.95,9.68,8.39,9.32,8.95,0.37,4.1341,72282.56,64832.47
300192.SZ,20240206,6.19,6.65,5.64,6.45,6.28,0.17,2.707,162231.16,99172.071
300193.SZ,20240206,5.44,5.93,5.11,5.74,5.46,0.28,5.1282,100438.82,55152.851
300194.SZ,20240206,2.98,3.28,2.95,3.21,2.99,0.22,7.3579,404661.11,126153.186
300195.SZ,20240206,3.95,4.19,3.61,4.01,4.02,-0.01,-0.2488,219664.39,84396.39
300196.SZ,20240206,7.82,8.63,7.49,8.43,7.87,0.56,7.1156,35990.64,28913.914
300197.SZ,20240206,2.02,2.06,1.67,1.96,2.06,-0.1,-4.8544,1093667.56,207114.721
300198.SZ,20240206,1.58,1.64,1.41,1.53,1.62,-0.09,-5.5556,415821.0,62426.008
300199.SZ,20240206,10.3,10.96,9.7,10.71,10.14,0.57,5.6213,586941.25,608585.401
300200.SZ,20240206,5.21,5.55,4.8,5.35,5.27,0.08,1.518,121444.8,62546.353
300201.SZ,20240206,3.05,3.54,3.05,3.44,3.2,0.24,7.5,313729.2,103134.193
300203.SZ,20240206,9.37,10.85,9.19,10.36,9.5,0.86,9.0526,125565.0,125446.095
300204.SZ,20240206,5.84,6.52,5.63,6.3,6.15,0.15,2.439,130248.26,78542.663
300205.SZ,20240206,4.25,4.76,4.01,4.54,4.49,0.05,1.1136,140654.95,61285.526
300206.SZ,20240206,7.57,8.39,7.29,8.3,7.55,0.75,9.9338,76217.87,60406.056
300207.SZ,20240206,11.18,12.46,11.12,12.37,11.42,0.95,8.3187,352009.46,419474.262
300208.SZ,20240206,2.42,2.72,2.22,2.6,2.58,0.02,0.7752,433159.05,106942.942
300209.SZ,20240206,1.39,1.49,1.32,1.44,1.46,-0.02,-1.3699,90741.76,12838.704
300210.SZ,20240206,6.2,6.99,5.98,6.83,6.38,0.45,7.0533,444091.2,286614.673
300211.SZ,20240206,5.46,5.54,4.58,5.26,5.56,-0.3,-5.3957,135131.86,67469.085
300212.SZ,20240206,18.6,20.7,18.05,20.11,18.63,1.48,7.9442,255233.24,496281.231
300213.SZ,20240206,4.46,5.02,4.26,4.8,4.57,0.23,5.0328,226816.0,104935.332
300214.SZ,20240206,4.3,4.54,4.01,4.37,4.32,0.05,1.1574,57369.0,24132.16
300215.SZ,20240206,3.2,3.46,2.97,3.3,3.29,0.01,0.304,136279.31,43180.905
300217.SZ,20240206,3.51,3.94,3.41,3.84,3.54,0.3,8.4746,384565.94,141143.182
300218.SZ,20240206,8.25,9.88,8.25,9.5,9.1,0.4,4.3956,93620.77,84911.638
300219.SZ,20240206,4.95,5.41,4.7,5.23,5.1,0.13,2.549,217211.36,109350.203
300220.SZ,20240206,5.79,6.1,5.27,5.79,5.84,-0.05,-0.8562,27755.2,15545.789
300221.SZ,20240206,3.47,3.76,3.31,3.64,3.59,0.05,1.3928,252822.97,88803.645
300222.SZ,20240206,4.21,4.6,3.92,4.43,4.26,0.17,3.9906,223854.93,94311.261
300223.SZ,20240206,43.47,46.78,43.0,46.67,43.81,2.86,6.5282,90850.99,412367.643
300224.SZ,20240206,8.38,9.28,8.22,9.17,8.39,0.78,9.2968,99238.03,87352.241
300225.SZ,20240206,4.6,4.87,4.13,4.66,4.69,-0.03,-0.6397,240465.03,106468.784
300226.SZ,20240206,18.18,19.8,17.48,19.59,18.18,1.41,7.7558,113785.29,213063.769
300227.SZ,20240206,4.52,4.98,4.21,4.75,4.7,0.05,1.0638,201397.5,91629.493
300228.SZ,20240206,5.59,6.1,5.35,5.8,5.7,0.1,1.7544,238558.82,135760.626
300229.SZ,20240206,10.05,11.04,9.56,10.81,10.06,0.75,7.4553,362408.9,375531.244
300230.SZ,20240206,2.94,3.22,2.79,3.14,3.0,0.14,4.6667,216655.2,64960.105
300231.SZ,20240206,6.1,6.75,5.94,6.59,6.26,0.33,5.2716,167697.5,106197.379
300232.SZ,20240206,4.78,5.33,4.66,5.25,4.78,0.47,9.8326,481005.71,241384.719
300233.SZ,20240206,11.13,12.97,11.13,12.63,11.76,0.87,7.398,83162.32,100414.76
300234.SZ,20240206,3.19,3.38,2.98,3.25,3.24,0.01,0.3086,140121.42,43947.533
300235.SZ,20240206,6.8,7.25,6.2,6.93,6.86,0.07,1.0204,139194.5,91980.383
300236.SZ,20240206,25.28,28.88,25.2,28.56,25.89,2.67,10.3129,59824.03,164431.88
300237.SZ,20240206,1.19,1.28,1.1,1.2,1.22,-0.02,-1.6393,689902.55,81022.286
300238.SZ,20240206,8.3,8.95,7.93,8.56,8.64,-0.08,-0.9259,112124.77,94193.424
300239.SZ,20240206,3.81,4.17,3.63,4.03,3.91,0.12,3.0691,151725.85,58721.33
300240.SZ,20240206,4.15,4.53,3.88,4.27,4.36,-0.09,-2.0642,97590.16,40413.429
300241.SZ,20240206,2.95,3.19,2.76,3.03,3.03,0.0,0.0,341615.98,100181.619
300242.SZ,20240206,2.31,2.36,2.0,2.19,2.33,-0.14,-6.0086,523518.0,111554.626
300243.SZ,20240206,5.53,5.97,5.12,5.69,5.71,-0.02,-0.3503,141433.74,76975.449
300244.SZ,20240206,16.23,18.43,15.9,18.09,16.09,2.0,12.4301,127774.27,223381.288
300245.SZ,20240206,4.67,5.13,4.34,4.88,5.0,-0.12,-2.4,180679.16,84316.089
300246.SZ,20240206,5.91,6.08,5.16,5.8,5.88,-0.08,-1.3605,125417.05,70075.464
300247.SZ,20240206,2.4,2.58,2.24,2.47,2.42,0.05,2.0661,221164.96,52915.761
300248.SZ,20240206,5.5,6.11,5.25,5.88,5.68,0.2,3.5211,147653.12,82888.037
300249.SZ,20240206,4.78,5.09,4.19,4.81,4.82,-0.01,-0.2075,198328.31,90993.414
300250.SZ,20240206,10.81,12.05,10.3,11.64,10.96,0.68,6.2044,82389.76,91970.284
300251.SZ,20240206,6.74,7.4,6.67,7.36,6.81,0.55,8.0764,406219.1,288459.306
300252.SZ,20240206,5.01,5.57,4.82,5.38,5.26,0.12,2.2814,192288.43,99275.538
300253.SZ,20240206,5.44,6.1,5.42,6.09,5.57,0.52,9.3357,615913.81,359719.834
300254.SZ,20240206,5.81,6.36,5.11,6.08,6.11,-0.03,-0.491,140165.09,81954.612
300255.SZ,20240206,7.8,8.82,7.56,8.52,7.8,0.72,9.2308,544557.36,443702.605
300256.SZ,20240206,1.8,2.0,1.76,1.94,1.85,0.09,4.8649,406355.9,76011.449
300257.SZ,20240206,11.18,12.77,10.97,12.65,11.6,1.05,9.0517,79776.7,95173.623
300258.SZ,20240206,7.58,8.33,7.15,8.06,7.66,0.4,5.2219,134340.16,103471.906
300259.SZ,20240206,2.4,2.63,2.32,2.55,2.45,0.1,4.0816,182073.54,44795.113
300260.SZ,20240206,16.55,19.05,16.55,18.68,17.33,1.35,7.79,126252.35,226200.759
300261.SZ,20240206,4.68,5.27,4.59,5.14,4.74,0.4,8.4388,148176.03,73089.011
300263.SZ,20240206,4.54,5.2,4.5,5.13,4.6,0.53,11.5217,191376.79,92923.114
300264.SZ,20240206,5.19,5.97,5.06,5.72,5.61,0.11,1.9608,352220.76,192467.584
300265.SZ,20240206,5.0,5.41,4.68,5.22,5.09,0.13,2.554,197238.77,98974.538
300266.SZ,20240206,1.67,1.81,1.51,1.73,1.68,0.05,2.9762,331390.69,54745.154
300267.SZ,20240206,2.13,2.33,2.08,2.26,2.13,0.13,6.1033,370716.79,81174.936
300268.SZ,20240206,7.78,8.27,7.24,8.2,7.78,0.42,5.3985,17755.0,14016.743
300269.SZ,20240206,3.6,4.08,3.57,3.96,3.71,0.25,6.7385,470534.13,181925.912
300270.SZ,20240206,4.02,4.27,3.71,4.06,4.27,-0.21,-4.918,177012.13,69801.066
300271.SZ,20240206,4.34,4.82,4.16,4.69,4.52,0.17,3.7611,280726.5,125247.896
300272.SZ,20240206,3.75,4.34,3.56,4.14,3.9,0.24,6.1538,311717.7,122313.159
300274.SZ,20240206,78.6,84.72,78.4,84.2,79.99,4.21,5.2632,218325.54,1803753.162
300275.SZ,20240206,6.3,7.0,5.93,6.68,6.6,0.08,1.2121,111361.3,70656.164
300276.SZ,20240206,3.48,3.78,2.89,3.61,3.61,0.0,0.0,782829.91,263905.092
300277.SZ,20240206,5.24,5.69,4.92,5.43,5.3,0.13,2.4528,118773.94,62353.636
300278.SZ,20240206,2.37,2.63,2.27,2.6,2.42,0.18,7.438,250617.32,60853.924
300279.SZ,20240206,3.69,3.92,3.4,3.72,3.76,-0.04,-1.0638,242472.83,86636.612
300280.SZ,20240206,26.66,28.5,24.66,27.85,26.59,1.26,4.7386,131820.32,353542.768
300281.SZ,20240206,3.37,3.58,3.02,3.38,3.47,-0.09,-2.5937,190304.5,61680.139
300283.SZ,20240206,3.63,3.91,3.36,3.72,3.74,-0.02,-0.5348,217287.5,77188.649
300284.SZ,20240206,4.16,4.56,4.06,4.48,4.19,0.29,6.9212,155071.89,66806.689
300285.SZ,20240206,16.42,19.1,16.25,18.85,16.43,2.42,14.7292,239179.86,428490.064
300286.SZ,20240206,14.91,16.23,14.3,15.4,15.42,-0.02,-0.1297,119118.31,181661.23
300287.SZ,20240206,2.31,2.56,2.19,2.48,2.38,0.1,4.2017,448192.84,105910.711
300288.SZ,20240206,9.45,10.48,8.96,10.19,9.74,0.45,4.6201,147548.32,143852.316
300289.SZ,20240206,3.74,4.07,3.57,3.91,3.9,0.01,0.2564,151749.0,57163.583
300290.SZ,20240206,3.66,3.98,3.5,3.81,3.74,0.07,1.8717,313042.0,116404.348
300291.SZ,20240206,3.84,4.14,3.56,4.01,3.95,0.06,1.519,392661.0,150203.175
300292.SZ,20240206,2.33,2.56,2.21,2.46,2.36,0.1,4.2373,423373.46,99602.19
300293.SZ,20240206,8.78,9.38,8.1,9.06,8.9,0.16,1.7978,135846.0,118129.946
300294.SZ,20240206,23.69,27.16,23.45,27.03,23.7,3.33,14.0506,120279.19,310758.218
300295.SZ,20240206,7.21,7.59,6.29,7.18,7.32,-0.14,-1.9126,145207.39,98629.609
300296.SZ,20240206,4.03,4.64,4.0,4.64,4.04,0.6,14.8515,527152.34,231918.064
300298.SZ,20240206,20.54,23.55,20.3,23.23,20.86,2.37,11.3615,69319.99,154166.922
300299.SZ,20240206,3.47,3.82,3.27,3.67,3.55,0.12,3.3803,318986.25,111917.167
300300.SZ,20240206,2.3,2.54,2.17,2.4,2.38,0.02,0.8403,334539.16,77105.53
300301.SZ,20240206,1.19,1.31,1.16,1.27,1.21,0.06,4.9587,117090.1,14475.519
300302.SZ,20240206,7.04,7.71,6.51,7.35,7.25,0.1,1.3793,240584.19,170415.479
300303.SZ,20240206,3.57,4.02,3.53,3.93,3.63,0.3,8.2645,455198.68,171289.116
300304.SZ,20240206,4.61,5.06,4.42,4.95,4.61,0.34,7.3753,158665.28,76197.754
300305.SZ,20240206,5.43,5.65,4.92,5.44,5.47,-0.03,-0.5484,63478.7,33241.495
300306.SZ,20240206,7.1,7.73,6.56,7.36,7.28,0.08,1.0989,77330.62,54443.902
300307.SZ,20240206,3.93,4.31,3.79,4.18,4.05,0.13,3.2099,227089.32,91404.581
300308.SZ,20240206,110.66,124.88,109.8,124.88,112.0,12.88,11.5,354968.8,4195653.492
300310.SZ,20240206,2.9,3.14,2.64,3.05,2.94,0.11,3.7415,350613.04,101051.698
300311.SZ,20240206,3.63,4.11,3.41,3.93,3.78,0.15,3.9683,196502.64,74053.581
300313.SZ,20240206,6.65,7.0,6.51,6.9,6.46,0.44,6.8111,94781.0,64483.054
300314.SZ,20240206,8.4,9.53,8.23,9.29,8.91,0.38,4.2649,109347.0,96927.818
300315.SZ,20240206,3.88,4.38,3.77,4.32,3.97,0.35,8.8161,1665341.39,687392.397
300316.SZ,20240206,30.97,33.36,30.81,33.24,31.15,2.09,6.7095,170711.37,553976.646
300317.SZ,20240206,2.99,3.26,2.87,3.11,3.05,0.06,1.9672,225147.61,68465.982
300318.SZ,20240206,3.88,4.12,3.59,3.96,3.87,0.09,2.3256,176484.62,67427.105
300319.SZ,20240206,5.79,6.41,5.69,6.34,5.95,0.39,6.5546,310923.6,188614.951
300320.SZ,20240206,4.73,5.07,4.52,4.88,4.73,0.15,3.1712,113398.43,53951.845
300321.SZ,20240206,9.37,10.96,9.01,10.51,10.89,-0.38,-3.4894,44171.44,43381.549
300322.SZ,20240206,6.01,6.29,5.39,6.02,6.02,0.0,0.0,290257.21,169483.627
300323.SZ,20240206,4.05,4.48,3.95,4.4,4.03,0.37,9.1811,266385.47,111343.802
300324.SZ,20240206,2.0,2.17,1.88,2.11,1.99,0.12,6.0302,584167.49,117948.374
300326.SZ,20240206,4.32,4.79,4.06,4.53,4.34,0.19,4.3779,157195.39,68591.167
300327.SZ,20240206,13.67,15.36,13.65,15.19,14.13,1.06,7.5018,111716.35,163127.443
300328.SZ,20240206,3.97,4.38,3.85,4.18,3.9,0.28,7.1795,237299.0,96627.578
300329.SZ,20240206,3.8,4.06,3.41,3.85,4.04,-0.19,-4.703,184217.0,67609.936
300331.SZ,20240206,12.71,13.59,11.63,13.05,12.71,0.34,2.6751,134333.78,169199.344
300332.SZ,20240206,6.03,6.76,5.9,6.63,6.19,0.44,7.1082,130524.77,83467.824
300333.SZ,20240206,3.99,4.24,3.62,4.03,4.1,-0.07,-1.7073,226825.67,87889.797
300334.SZ,20240206,4.66,4.85,4.2,4.61,4.75,-0.14,-2.9474,116758.0,52002.772
300335.SZ,20240206,3.5,3.76,3.3,3.56,3.58,-0.02,-0.5587,309639.23,107855.203
300337.SZ,20240206,4.77,5.15,4.51,5.0,4.84,0.16,3.3058,375452.36,180861.814
300338.SZ,20240206,2.46,2.55,2.09,2.38,2.49,-0.11,-4.4177,268083.09,61576.285
300339.SZ,20240206,17.69,19.41,17.53,19.05,17.67,1.38,7.8098,472370.01,874009.99
300340.SZ,20240206,6.34,6.93,5.91,6.55,6.63,-0.08,-1.2066,107265.0,68245.28
300341.SZ,20240206,7.0,7.6,6.68,7.45,7.08,0.37,5.226,107049.0,76169.334
300342.SZ,20240206,8.7,9.45,8.1,9.22,8.84,0.38,4.2986,261518.32,230055.922
300343.SZ,20240206,3.69,4.17,3.65,4.05,3.77,0.28,7.4271,337548.95,131533.987
300344.SZ,20240206,3.08,3.13,2.66,2.98,3.08,-0.1,-3.2468,399266.59,113780.634
300345.SZ,20240206,5.89,6.67,5.73,6.67,6.22,0.45,7.2347,51177.0,31389.508
300346.SZ,20240206,17.55,20.35,17.35,20.22,17.55,2.67,15.2137,184927.33,350750.366
300347.SZ,20240206,37.24,40.95,37.24,40.76,37.85,2.91,7.6882,179343.79,705540.729
300348.SZ,20240206,6.19,6.8,5.95,6.61,6.25,0.36,5.76,171138.87,108389.322
300349.SZ,20240206,8.85,9.76,8.42,9.5,8.91,0.59,6.6218,99449.54,90260.705
300350.SZ,20240206,3.71,3.98,3.63,3.92,3.68,0.24,6.5217,320151.93,121935.698
300351.SZ,20240206,12.16,13.46,11.4,12.92,12.33,0.59,4.7851,206917.52,256443.909
300352.SZ,20240206,3.1,3.54,3.08,3.47,3.15,0.32,10.1587,263668.98,87464.089
300353.SZ,20240206,8.5,9.98,8.38,9.7,9.42,0.28,2.9724,689781.9,630606.801
300354.SZ,20240206,33.38,37.12,32.43,36.0,34.01,1.99,5.8512,22706.31,79484.408
300355.SZ,20240206,2.61,2.84,2.53,2.78,2.67,0.11,4.1199,597071.76,159546.969
300357.SZ,20240206,19.23,23.41,19.11,23.3,19.51,3.79,19.4259,112606.65,246245.909
300358.SZ,20240206,7.2,7.97,7.01,7.89,7.21,0.68,9.4313,112774.0,85202.109
300359.SZ,20240206,3.47,3.78,3.3,3.62,3.57,0.05,1.4006,166219.43,58066.563
300360.SZ,20240206,12.91,14.5,12.7,14.27,13.1,1.17,8.9313,96570.78,133088.952
300363.SZ,20240206,15.2,16.96,15.2,16.92,15.59,1.33,8.5311,147218.86,238047.053
300364.SZ,20240206,16.9,18.79,16.52,18.45,17.41,1.04,5.9736,1047927.07,1863683.745
300365.SZ,20240206,4.0,4.35,3.72,4.2,4.11,0.09,2.1898,205090.99,81940.343
300366.SZ,20240206,7.15,7.87,6.83,7.6,7.34,0.26,3.5422,331421.24,242556.332
300368.SZ,20240206,4.46,4.99,4.35,4.85,4.55,0.3,6.5934,175266.6,82099.408
300369.SZ,20240206,5.12,5.65,4.97,5.5,5.24,0.26,4.9618,328511.71,173011.881
300370.SZ,20240206,1.66,1.79,1.54,1.71,1.68,0.03,1.7857,299216.19,49390.742
300371.SZ,20240206,7.12,7.41,6.49,7.18,7.36,-0.18,-2.4457,78554.64,54351.353
300373.SZ,20240206,34.56,38.66,34.55,38.49,35.3,3.19,9.0368,146423.61,547398.348
300374.SZ,20240206,16.13,17.44,14.02,15.99,16.98,-0.99,-5.8304,531952.48,842052.729
300375.SZ,20240206,3.14,3.37,2.99,3.26,3.22,0.04,1.2422,289582.0,91238.199
300376.SZ,20240206,4.81,5.17,4.66,5.11,4.82,0.29,6.0166,175846.13,87240.679
300377.SZ,20240206,4.58,5.07,4.37,4.92,4.67,0.25,5.3533,321225.45,151058.651
300378.SZ,20240206,13.2,15.15,12.71,14.66,13.6,1.06,7.7941,141377.24,198987.351
300379.SZ,20240206,11.33,11.7,10.5,11.25,11.22,0.03,0.2674,335858.78,376628.869
300380.SZ,20240206,12.5,13.68,11.56,12.82,13.0,-0.18,-1.3846,81019.04,101192.738
300381.SZ,20240206,4.22,4.34,3.81,4.18,4.13,0.05,1.2107,165726.0,66661.973
300382.SZ,20240206,5.65,6.59,5.65,6.45,5.9,0.55,9.322,98861.22,60719.445
300383.SZ,20240206,7.0,8.17,6.94,8.1,7.11,0.99,13.9241,335578.28,256579.456
300384.SZ,20240206,9.78,10.96,9.24,10.68,10.06,0.62,6.163,79063.28,80011.103
300385.SZ,20240206,3.91,4.11,3.48,3.88,4.12,-0.24,-5.8252,112527.16,41881.989
300386.SZ,20240206,5.83,6.22,5.44,5.95,6.0,-0.05,-0.8333,112968.09,65092.22
300387.SZ,20240206,4.81,5.15,4.49,4.94,4.96,-0.02,-0.4032,186087.4,88578.313
300388.SZ,20240206,5.08,5.38,4.82,5.19,5.15,0.04,0.7767,111762.48,56675.734
300389.SZ,20240206,11.02,14.04,11.02,14.04,11.7,2.34,20.0,127414.88,163606.175
300390.SZ,20240206,16.74,19.25,16.72,19.12,16.91,2.21,13.0692,238575.84,435206.373
300391.SZ,20240206,3.61,4.5,3.61,3.94,4.06,-0.12,-2.9557,172159.02,65728.254
300393.SZ,20240206,7.33,8.19,7.3,8.1,7.41,0.69,9.3117,218947.0,171583.487
300394.SZ,20240206,100.0,114.5,99.68,114.5,103.4,11.1,10.735,210763.45,2269908.876
300395.SZ,20240206,22.86,27.3,22.58,27.09,22.95,4.14,18.0392,136082.58,344293.218
300396.SZ,20240206,24.11,27.66,23.21,26.4,24.4,2.0,8.1967,25117.96,63979.632
300397.SZ,20240206,5.58,6.1,5.17,5.87,5.71,0.16,2.8021,177485.25,99842.677
300398.SZ,20240206,9.28,10.27,9.01,10.05,9.26,0.79,8.5313,185422.59,178370.267
300399.SZ,20240206,7.99,8.56,7.37,8.09,8.21,-0.12,-1.4616,81704.8,64329.658
300400.SZ,20240206,8.34,8.91,7.36,8.76,8.59,0.17,1.979,91337.53,75118.322
300401.SZ,20240206,7.66,8.72,7.58,8.49,7.98,0.51,6.391,110731.17,91001.911
300402.SZ,20240206,12.83,14.58,12.33,13.97,13.26,0.71,5.3544,33093.0,44368.436
300403.SZ,20240206,5.88,6.44,5.65,6.3,5.95,0.35,5.8824,194985.26,118445.517
300404.SZ,20240206,5.36,5.86,5.03,5.69,5.5,0.19,3.4545,137810.6,74464.11
300405.SZ,20240206,4.0,4.56,3.69,4.51,4.22,0.29,6.872,335069.06,139603.867
300406.SZ,20240206,17.18,19.45,17.04,19.1,17.4,1.7,9.7701,74290.16,136133.796
300407.SZ,20240206,5.2,5.43,4.69,5.2,5.33,-0.13,-2.439,158791.16,79705.945
300408.SZ,20240206,22.64,23.85,22.64,23.75,22.74,1.01,4.4415,202233.17,475303.647
300409.SZ,20240206,6.8,7.63,6.77,7.43,6.95,0.48,6.9065,130313.45,93331.709
300410.SZ,20240206,4.45,4.57,3.94,4.43,4.47,-0.04,-0.8949,156096.44,65386.904
300411.SZ,20240206,4.05,4.35,3.73,4.09,4.25,-0.16,-3.7647,161157.36,63835.94
300412.SZ,20240206,3.01,3.24,2.73,3.07,3.12,-0.05,-1.6026,316600.79,93292.495
300413.SZ,20240206,20.03,22.37,19.86,22.36,20.4,1.96,9.6078,246339.93,527480.284
300414.SZ,20240206,5.26,5.77,4.84,5.51,5.48,0.03,0.5474,159872.71,83519.569
300415.SZ,20240206,13.85,15.26,13.35,15.04,14.03,1.01,7.1989,66509.04,95775.042
300416.SZ,20240206,10.99,12.18,10.61,12.07,10.9,1.17,10.7339,134711.22,154540.248
300417.SZ,20240206,6.14,6.57,5.58,6.24,6.56,-0.32,-4.878,90165.9,54528.34
300418.SZ,20240206,26.86,32.08,26.86,31.25,27.44,3.81,13.8848,1073375.48,3203050.302
300419.SZ,20240206,3.31,3.53,2.99,3.33,3.39,-0.06,-1.7699,287857.8,92562.033
300420.SZ,20240206,1.99,2.16,1.87,2.1,2.05,0.05,2.439,267753.15,53476.551
300421.SZ,20240206,6.3,7.24,5.93,7.0,6.66,0.34,5.1051,240267.57,156501.178
300422.SZ,20240206,3.71,3.95,3.37,3.73,3.86,-0.13,-3.3679,137037.3,49381.599
300423.SZ,20240206,5.0,5.2,4.38,4.99,5.0,-0.01,-0.2,168975.92,79226.783
300424.SZ,20240206,7.42,8.08,6.98,7.8,7.78,0.02,0.2571,90831.62,67750.685
300425.SZ,20240206,3.92,4.21,3.76,4.08,4.05,0.03,0.7407,673191.08,269721.071
300426.SZ,20240206,6.56,6.86,5.77,6.85,6.61,0.24,3.6309,192745.7,121195.611
300427.SZ,20240206,2.63,3.18,2.53,3.07,2.65,0.42,15.8491,193394.75,59069.588
300428.SZ,20240206,13.2,15.04,13.0,14.92,13.29,1.63,12.2649,99811.48,139837.029
300429.SZ,20240206,6.8,7.35,6.24,7.06,6.91,0.15,2.1708,309139.14,208669.877
300430.SZ,20240206,8.62,9.31,7.85,9.08,8.72,0.36,4.1284,74957.66,64034.146
300432.SZ,20240206,5.67,6.3,5.53,6.21,5.81,0.4,6.8847,260371.86,154981.489
300433.SZ,20240206,10.25,11.04,10.11,11.0,10.25,0.75,7.3171,454592.9,486127.686
300434.SZ,20240206,7.18,8.32,6.89,8.12,7.34,0.78,10.6267,69574.8,52941.139
300435.SZ,20240206,10.65,11.68,10.41,11.42,10.78,0.64,5.9369,48831.84,53769.971
300436.SZ,20240206,16.72,17.21,15.42,16.85,16.6,0.25,1.506,26106.36,42323.322
300437.SZ,20240206,7.56,8.12,6.82,7.8,7.59,0.21,2.7668,77317.81,57310.953
300438.SZ,20240206,17.11,18.87,17.11,18.68,17.47,1.21,6.9262,179254.21,322952.288
300439.SZ,20240206,7.46,8.18,7.28,8.0,7.69,0.31,4.0312,88578.91,68219.507
300440.SZ,20240206,4.11,4.58,3.88,4.38,4.36,0.02,0.4587,219893.08,91934.063
300441.SZ,20240206,4.6,4.99,4.29,4.76,4.71,0.05,1.0616,237683.99,109313.904
300442.SZ,20240206,18.2,19.73,17.67,19.38,18.03,1.35,7.4875,105659.02,197714.167
300443.SZ,20240206,15.7,17.29,15.4,16.91,16.0,0.91,5.6875,122897.24,200065.189
300444.SZ,20240206,4.56,5.04,4.44,4.94,4.65,0.29,6.2366,163695.24,77499.454
300445.SZ,20240206,16.0,17.16,14.67,16.63,16.55,0.08,0.4834,128347.1,204029.768
300446.SZ,20240206,10.02,10.69,9.45,10.51,10.01,0.5,4.995,114438.02,114893.614
300447.SZ,20240206,8.26,9.28,8.01,8.84,8.48,0.36,4.2453,73609.01,62627.215
300448.SZ,20240206,2.99,3.2,2.69,3.03,3.08,-0.05,-1.6234,235406.24,68415.078
300449.SZ,20240206,3.44,3.79,3.17,3.52,3.62,-0.1,-2.7624,185135.75,62289.331
300450.SZ,20240206,18.59,19.91,18.57,19.77,18.75,1.02,5.44,280822.05,543866.305
300451.SZ,20240206,3.54,3.82,3.39,3.76,3.59,0.17,4.7354,818699.75,294451.068
300452.SZ,20240206,10.1,11.12,9.93,10.82,10.3,0.52,5.0485,57341.81,60617.154
300453.SZ,20240206,5.29,5.68,4.88,5.44,5.31,0.13,2.4482,163905.33,85375.67
300454.SZ,20240206,51.59,54.58,51.08,54.1,51.9,2.2,4.2389,51268.48,273193.637
300455.SZ,20240206,7.5,8.37,7.25,8.22,7.57,0.65,8.5865,162451.68,126560.983
300456.SZ,20240206,15.82,17.86,15.75,17.45,16.08,1.37,8.5199,233401.59,394038.038
300457.SZ,20240206,12.36,14.36,12.18,14.01,12.51,1.5,11.9904,266277.86,353970.28
300458.SZ,20240206,13.2,15.13,13.2,14.9,13.69,1.21,8.8386,186104.92,266929.812
300459.SZ,20240206,3.22,3.64,3.17,3.56,3.26,0.3,9.2025,1705232.85,585182.749
300460.SZ,20240206,6.39,6.67,5.65,6.33,6.56,-0.23,-3.5061,162920.8,99582.626
300461.SZ,20240206,13.1,13.69,11.22,12.95,13.08,-0.13,-0.9939,65701.78,82025.934
300462.SZ,20240206,6.06,6.51,5.65,6.18,6.53,-0.35,-5.3599,124854.0,74877.072
300463.SZ,20240206,10.28,11.37,10.1,11.32,10.3,1.02,9.9029,133658.66,145356.894
300464.SZ,20240206,3.35,3.68,3.11,3.44,3.68,-0.24,-6.5217,134709.85,44642.35
300465.SZ,20240206,6.05,6.68,5.78,6.45,6.2,0.25,4.0323,136566.6,84789.454
300466.SZ,20240206,5.73,6.89,5.62,6.89,5.74,1.15,20.0348,893441.37,554461.685
300467.SZ,20240206,9.96,10.84,9.09,10.33,10.2,0.13,1.2745,115486.94,114008.367
300468.SZ,20240206,6.55,7.18,6.3,6.95,6.67,0.28,4.1979,193293.12,130408.967
300469.SZ,20240206,7.65,7.81,6.63,7.4,7.71,-0.31,-4.0208,211903.02,150657.342
300470.SZ,20240206,30.06,33.45,30.06,32.96,30.4,2.56,8.4211,31667.19,102951.512
300471.SZ,20240206,7.5,8.21,7.06,8.0,7.62,0.38,4.9869,101136.0,76662.096
300472.SZ,20240206,4.12,4.51,3.83,4.28,4.49,-0.21,-4.6771,203786.24,83167.147
300473.SZ,20240206,11.65,12.8,11.08,12.41,12.09,0.32,2.6468,53291.38,62991.803
300474.SZ,20240206,43.8,49.58,43.8,49.4,44.69,4.71,10.5393,101064.95,477186.317
300475.SZ,20240206,20.0,23.36,19.8,22.75,20.8,1.95,9.375,167431.72,362727.354
300476.SZ,20240206,14.6,16.76,14.56,16.57,14.99,1.58,10.5404,358630.99,568678.994
300477.SZ,20240206,2.05,2.23,1.93,2.1,2.11,-0.01,-0.4739,388510.77,79378.108
300478.SZ,20240206,7.64,8.15,7.03,7.68,7.92,-0.24,-3.0303,75503.09,56701.706
300479.SZ,20240206,12.2,13.25,11.6,12.72,12.19,0.53,4.3478,60041.65,74479.616
300480.SZ,20240206,11.4,12.58,10.91,12.34,11.81,0.53,4.4877,103596.94,122291.814
300481.SZ,20240206,10.58,12.04,10.32,11.62,10.76,0.86,7.9926,57580.28,63970.659
300482.SZ,20240206,21.97,24.96,21.51,24.88,21.82,3.06,14.0238,77854.14,181976.592
300483.SZ,20240206,7.2,7.77,6.51,7.49,7.47,0.02,0.2677,66335.6,46979.161
300484.SZ,20240206,6.7,7.26,6.2,6.95,7.03,-0.08,-1.138,87802.06,58129.904
300485.SZ,20240206,6.53,7.43,6.53,7.21,6.89,0.32,4.6444,68661.71,47815.897
300486.SZ,20240206,3.6,3.78,3.1,3.63,3.71,-0.08,-2.1563,311603.2,106459.801
300487.SZ,20240206,41.25,49.82,41.02,49.17,41.52,7.65,18.4249,93579.05,439147.453
300488.SZ,20240206,16.0,17.81,15.7,17.31,16.5,0.81,4.9091,18472.49,31005.856
300489.SZ,20240206,12.18,12.72,10.92,12.25,12.18,0.07,0.5747,32548.32,38156.46
300490.SZ,20240206,6.9,7.34,6.5,7.19,7.0,0.19,2.7143,182504.47,125643.512
300491.SZ,20240206,13.36,14.38,12.48,14.14,13.44,0.7,5.2083,79372.23,105892.433
300492.SZ,20240206,84.18,88.0,83.51,85.7,86.44,-0.74,-0.8561,10421.5,89601.149
300493.SZ,20240206,4.69,5.07,4.28,4.88,4.71,0.17,3.6093,207574.39,96765.401
300494.SZ,20240206,11.0,12.07,10.44,11.87,11.07,0.8,7.2267,474777.0,541539.639
300496.SZ,20240206,45.3,49.4,44.57,48.81,45.43,3.38,7.44,138458.66,656344.451
300497.SZ,20240206,5.96,6.41,5.73,6.21,6.02,0.19,3.1561,137822.06,83297.873
300498.SZ,20240206,19.61,19.98,18.8,19.3,19.86,-0.56,-2.8197,534376.23,1037216.371
300499.SZ,20240206,7.5,8.14,7.05,7.76,7.62,0.14,1.8373,215079.48,162303.919
300500.SZ,20240206,8.0,8.47,6.92,7.85,8.14,-0.29,-3.5627,74430.28,55296.019
300501.SZ,20240206,9.32,9.98,8.83,9.57,9.62,-0.05,-0.5198,58726.39,54553.846
300502.SZ,20240206,44.4,52.38,44.21,51.8,46.32,5.48,11.8307,599511.81,2948024.279
300503.SZ,20240206,10.67,11.76,10.22,11.35,10.82,0.53,4.8983,183914.1,201205.278
300504.SZ,20240206,10.94,11.81,10.24,11.43,11.08,0.35,3.1588,48268.6,53313.053
300505.SZ,20240206,8.06,9.07,7.68,8.68,8.69,-0.01,-0.1151,195642.26,161594.093
300506.SZ,20240206,2.79,2.83,2.33,2.67,2.79,-0.12,-4.3011,224259.15,57658.391
300507.SZ,20240206,3.94,4.33,3.69,4.19,3.99,0.2,5.0125,312293.82,124401.919
300508.SZ,20240206,15.11,15.84,13.73,15.31,15.47,-0.16,-1.0343,42531.0,62221.902
300509.SZ,20240206,3.9,4.13,3.41,3.88,4.02,-0.14,-3.4826,143637.44,53670.108
300510.SZ,20240206,3.77,4.15,3.65,4.07,3.77,0.3,7.9576,181445.8,71280.899
300511.SZ,20240206,3.21,3.46,2.94,3.32,3.38,-0.06,-1.7751,252700.9,79674.862
300512.SZ,20240206,4.88,5.2,4.5,5.0,4.99,0.01,0.2004,61868.57,29694.042
300513.SZ,20240206,7.01,7.5,6.5,7.3,7.13,0.17,2.3843,133005.63,93466.017
300514.SZ,20240206,9.5,10.51,9.05,10.28,9.81,0.47,4.791,129866.84,127038.447
300515.SZ,20240206,6.7,7.19,6.25,6.95,6.95,0.0,0.0,86544.5,57744.469
300516.SZ,20240206,20.91,22.54,19.8,22.15,20.83,1.32,6.337,28418.65,60565.487
300517.SZ,20240206,7.06,7.06,5.82,6.8,7.06,-0.26,-3.6827,68085.86,43630.646
300518.SZ,20240206,8.68,8.68,7.34,8.33,8.7,-0.37,-4.2529,94170.34,74564.993
300519.SZ,20240206,10.47,11.08,9.6,10.63,10.46,0.17,1.6252,42234.84,43142.189
300520.SZ,20240206,11.0,12.06,10.31,11.67,11.26,0.41,3.6412,124494.35,138637.215
300521.SZ,20240206,7.82,8.75,6.94,8.16,8.5,-0.34,-4.0,70495.29,54292.738
300522.SZ,20240206,8.18,8.9,7.73,8.63,8.45,0.18,2.1302,83440.86,68846.991
300523.SZ,20240206,15.59,17.4,15.58,16.78,15.89,0.89,5.601,50697.2,82934.659
300525.SZ,20240206,12.3,13.22,11.95,13.18,12.35,0.83,6.7206,140841.91,176684.011
300527.SZ,20240206,5.11,5.79,4.94,5.55,5.21,0.34,6.5259,160246.77,85313.317
300528.SZ,20240206,6.83,7.16,6.0,6.85,6.97,-0.12,-1.7217,155774.51,103095.888
300529.SZ,20240206,16.5,18.49,16.45,18.4,16.6,1.8,10.8434,98799.82,174002.008
300530.SZ,20240206,11.84,14.2,11.84,13.5,13.83,-0.33,-2.3861,41156.26,53813.773
300531.SZ,20240206,9.12,10.26,8.7,9.91,9.37,0.54,5.7631,109548.4,102898.013
300532.SZ,20240206,10.35,11.25,9.83,11.19,10.41,0.78,7.4928,130882.94,137988.66
300533.SZ,20240206,19.54,21.75,18.91,21.2,19.95,1.25,6.2657,123423.12,251195.46
300534.SZ,20240206,6.49,7.27,6.3,7.05,6.64,0.41,6.1747,111068.38,75329.256
300535.SZ,20240206,9.6,10.16,8.51,9.65,9.86,-0.21,-2.1298,74649.28,68892.166
300536.SZ,20240206,13.1,14.0,11.5,13.29,13.13,0.16,1.2186,160764.7,205273.791
300537.SZ,20240206,11.1,12.27,10.21,11.75,11.32,0.43,3.7986,105853.05,118945.314
300538.SZ,20240206,10.56,11.1,9.42,10.68,10.52,0.16,1.5209,88088.12,89733.205
300539.SZ,20240206,6.7,6.94,5.98,6.71,6.81,-0.1,-1.4684,86983.8,55897.512
300540.SZ,20240206,14.8,16.89,14.3,16.28,15.79,0.49,3.1032,36179.5,55646.037
300541.SZ,20240206,10.04,11.1,9.81,10.96,10.13,0.83,8.1935,136502.49,143220.185
300542.SZ,20240206,8.48,8.76,7.51,8.35,8.49,-0.14,-1.649,96655.9,78196.28
300543.SZ,20240206,5.62,5.95,5.0,5.72,5.77,-0.05,-0.8666,167205.16,90766.479
300545.SZ,20240206,19.51,21.94,18.84,21.42,20.38,1.04,5.103,71911.71,146960.996
300546.SZ,20240206,8.56,8.92,7.43,8.46,8.53,-0.07,-0.8206,70820.81,57624.537
300547.SZ,20240206,12.52,13.42,11.03,12.95,12.36,0.59,4.7735,31089.45,39303.824
300548.SZ,20240206,17.45,19.41,17.1,19.17,17.71,1.46,8.2439,143519.28,265236.715
300549.SZ,20240206,11.29,12.02,10.52,11.56,11.68,-0.12,-1.0274,51875.0,57949.851
300550.SZ,20240206,8.1,9.11,7.03,8.58,8.12,0.46,5.665,74593.6,58111.951
300551.SZ,20240206,10.26,10.84,9.49,10.59,10.79,-0.2,-1.8536,216059.5,217275.337
300552.SZ,20240206,14.28,15.63,13.45,14.91,15.02,-0.11,-0.7324,101029.83,145464.468
300553.SZ,20240206,18.56,20.16,16.95,19.33,19.25,0.08,0.4156,40847.4,75581.588
300554.SZ,20240206,13.97,14.98,12.58,14.28,14.57,-0.29,-1.9904,83424.42,112972.947
300555.SZ,20240206,5.87,6.2,5.8,6.2,6.07,0.13,2.1417,32457.0,19434.422
300556.SZ,20240206,16.2,17.64,15.15,16.87,16.98,-0.11,-0.6478,158136.27,255465.372
300557.SZ,20240206,20.86,21.89,19.06,21.3,20.87,0.43,2.0604,18201.15,36937.14
300558.SZ,20240206,34.51,40.16,34.51,39.4,35.05,4.35,12.4108,94275.41,353894.827
300559.SZ,20240206,8.5,9.59,8.06,9.5,9.12,0.38,4.1667,182545.62,160449.226
300560.SZ,20240206,9.99,10.71,8.79,10.2,10.17,0.03,0.295,95009.5,92271.465
300561.SZ,20240206,6.9,7.61,6.52,7.33,7.22,0.11,1.5235,80485.79,56771.397
300562.SZ,20240206,6.58,7.31,6.29,6.99,7.01,-0.02,-0.2853,173362.02,117053.954
300563.SZ,20240206,8.5,9.09,7.8,8.8,8.78,0.02,0.2278,130843.04,109013.661
300564.SZ,20240206,7.32,7.9,6.66,7.44,7.71,-0.27,-3.5019,79385.38,56655.97
300565.SZ,20240206,8.5,9.02,7.71,8.57,8.61,-0.04,-0.4646,78118.39,64772.55
300566.SZ,20240206,10.19,11.2,9.63,10.92,10.23,0.69,6.7449,103625.08,107264.977
300567.SZ,20240206,47.58,51.12,46.38,51.0,47.92,3.08,6.4274,67819.88,337405.552
300568.SZ,20240206,9.75,10.98,9.65,10.98,9.85,1.13,11.4721,318764.99,333285.344
300569.SZ,20240206,4.14,4.41,3.95,4.32,4.14,0.18,4.3478,215778.49,90016.569
300570.SZ,20240206,26.87,30.5,26.71,30.28,27.4,2.88,10.5109,147020.95,425742.687
300571.SZ,20240206,18.9,20.86,17.62,19.92,19.21,0.71,3.696,60271.2,114879.085
300572.SZ,20240206,9.19,9.9,8.16,9.32,9.4,-0.08,-0.8511,96839.47,86568.227
300573.SZ,20240206,132.03,153.3,130.0,151.42,133.98,17.44,13.0169,34508.04,492536.953
300575.SZ,20240206,5.1,5.49,5.01,5.31,5.2,0.11,2.1154,128663.59,66948.912
300576.SZ,20240206,26.5,29.35,25.5,28.77,26.49,2.28,8.607,94828.32,262732.184
300577.SZ,20240206,9.31,10.68,9.18,10.27,9.79,0.48,4.903,44570.36,43804.029
300578.SZ,20240206,8.97,9.3,7.86,8.88,9.25,-0.37,-4.0,92488.54,78541.045
300579.SZ,20240206,16.54,18.28,15.87,17.8,16.69,1.11,6.6507,48097.84,82374.377
300580.SZ,20240206,18.0,20.1,17.21,19.17,18.2,0.97,5.3297,102637.72,190728.901
300581.SZ,20240206,5.76,6.42,5.58,6.23,5.92,0.31,5.2365,104665.96,63054.845
300582.SZ,20240206,6.33,6.75,5.8,6.49,6.52,-0.03,-0.4601,108963.64,66991.908
300583.SZ,20240206,14.95,16.07,13.7,15.25,14.96,0.29,1.9385,35808.59,52366.01
300584.SZ,20240206,13.57,15.31,12.86,14.52,14.19,0.33,2.3256,40959.0,56364.942
300585.SZ,20240206,8.77,9.39,7.85,8.88,8.97,-0.09,-1.0033,106472.0,89935.051
300586.SZ,20240206,4.37,5.12,4.37,4.97,4.78,0.19,3.9749,174584.3,81845.953
300587.SZ,20240206,3.17,3.62,3.02,3.54,3.25,0.29,8.9231,288774.04,95953.491
300588.SZ,20240206,6.55,7.23,5.96,6.89,6.93,-0.04,-0.5772,113990.78,74361.514
300589.SZ,20240206,8.95,9.5,8.46,9.32,8.94,0.38,4.2506,69727.33,62429.228
300590.SZ,20240206,6.9,7.43,6.45,7.22,6.97,0.25,3.5868,129993.13,89551.744
300591.SZ,20240206,3.89,4.18,3.44,3.92,4.17,-0.25,-5.9952,223703.5,83539.809
300592.SZ,20240206,15.36,17.47,14.81,17.02,15.42,1.6,10.3761,81703.99,132605.847
300593.SZ,20240206,7.85,8.82,7.7,8.6,8.17,0.43,5.2632,179300.75,148243.548
300594.SZ,20240206,11.76,12.34,10.39,12.23,11.77,0.46,3.9082,60561.0,67238.411
300595.SZ,20240206,16.48,19.38,16.41,19.15,16.71,2.44,14.602,216578.53,395634.745
300596.SZ,20240206,18.6,22.19,18.22,21.81,18.91,2.9,15.3358,51163.85,105240.018
300597.SZ,20240206,5.77,6.12,5.19,5.9,5.82,0.08,1.3746,102324.75,57484.17
300598.SZ,20240206,28.49,32.09,28.41,31.45,29.5,1.95,6.6102,51981.37,158785.907
300599.SZ,20240206,4.6,4.96,4.26,4.72,4.84,-0.12,-2.4793,97341.0,44303.252
300600.SZ,20240206,6.56,6.97,5.95,6.76,6.6,0.16,2.4242,90903.32,58553.677
300601.SZ,20240206,19.41,22.55,19.39,22.46,19.69,2.77,14.0681,246172.19,523321.373
300602.SZ,20240206,9.25,10.24,9.05,10.0,9.52,0.48,5.042,162993.09,156746.536
300603.SZ,20240206,6.46,7.24,6.11,6.98,6.68,0.3,4.491,129693.97,86368.942
300604.SZ,20240206,20.64,23.0,20.4,22.85,20.79,2.06,9.9086,176723.17,385750.894
300605.SZ,20240206,7.82,8.17,6.92,7.72,8.03,-0.31,-3.8605,96679.5,71968.497
300606.SZ,20240206,16.23,18.74,14.73,17.45,16.27,1.18,7.2526,110975.0,181994.306
300607.SZ,20240206,9.22,10.03,8.73,9.8,9.23,0.57,6.1755,116585.92,109861.143
300608.SZ,20240206,8.9,9.45,8.16,9.12,8.8,0.32,3.6364,190486.36,167516.645
300609.SZ,20240206,13.53,14.6,12.34,13.92,14.3,-0.38,-2.6573,100655.11,134274.733
300610.SZ,20240206,6.7,7.33,6.15,7.01,6.94,0.07,1.0086,50637.24,33859.219
300611.SZ,20240206,6.37,6.82,5.81,6.54,6.62,-0.08,-1.2085,124437.75,77615.467
300612.SZ,20240206,10.32,11.37,9.62,10.92,10.96,-0.04,-0.365,109965.9,114463.14
300613.SZ,20240206,25.1,28.2,24.71,28.1,25.9,2.2,8.4942,57022.02,152550.968
300614.SZ,20240206,10.7,11.19,9.36,10.47,10.89,-0.42,-3.8567,53032.58,53522.838
300615.SZ,20240206,8.78,9.46,8.14,9.21,9.15,0.06,0.6557,60432.49,52942.919
300616.SZ,20240206,11.52,12.26,10.44,12.26,11.64,0.62,5.3265,59115.65,66703.955
300617.SZ,20240206,21.5,23.2,20.53,22.78,21.73,1.05,4.832,17351.0,37743.806
300618.SZ,20240206,18.05,20.24,18.0,19.91,18.71,1.2,6.4137,66778.14,129085.439
300619.SZ,20240206,32.89,34.45,31.0,33.26,32.32,0.94,2.9084,15687.0,51337.219
300620.SZ,20240206,30.82,37.22,30.58,37.22,31.02,6.2,19.9871,211501.0,745760.483
300621.SZ,20240206,6.47,6.66,5.73,6.33,6.72,-0.39,-5.8036,93329.5,57100.473
300622.SZ,20240206,11.88,13.39,11.87,12.85,12.7,0.15,1.1811,45394.38,56605.892
300623.SZ,20240206,10.6,12.59,10.5,12.54,10.75,1.79,16.6512,174269.66,204858.725
300624.SZ,20240206,74.25,84.2,74.0,83.4,76.79,6.61,8.6079,127406.82,1022995.432
300625.SZ,20240206,9.3,10.19,8.88,9.85,9.55,0.3,3.1414,66492.75,62571.841
300626.SZ,20240206,5.52,5.73,4.72,5.43,5.77,-0.34,-5.8925,156858.45,80567.88
300627.SZ,20240206,22.99,25.49,22.71,25.15,23.2,1.95,8.4052,61226.61,150296.435
300628.SZ,20240206,23.95,26.67,23.72,26.49,24.33,2.16,8.8779,103509.32,266785.911
300629.SZ,20240206,13.15,14.82,12.85,14.43,13.27,1.16,8.7415,99033.15,136799.709
300630.SZ,20240206,14.7,16.85,14.49,16.65,14.95,1.7,11.3712,179496.35,281993.343
300631.SZ,20240206,16.61,18.37,14.5,16.85,16.58,0.27,1.6285,45498.73,72626.833
300632.SZ,20240206,7.04,7.75,6.56,7.5,7.3,0.2,2.7397,78325.46,55225.778
300633.SZ,20240206,33.48,38.68,33.37,37.98,33.37,4.61,13.8148,66855.93,244939.99
300634.SZ,20240206,13.2,14.4,12.7,14.09,13.13,0.96,7.3115,172673.02,234162.24
300635.SZ,20240206,7.78,7.96,6.61,7.57,7.75,-0.18,-2.3226,99703.0,72651.316
300636.SZ,20240206,5.84,6.71,5.76,6.42,6.2,0.22,3.5484,126495.67,78479.194
300637.SZ,20240206,5.4,5.86,4.95,5.54,5.67,-0.13,-2.2928,169490.54,90464.4
300638.SZ,20240206,11.95,13.53,11.88,13.3,12.06,1.24,10.2819,210968.03,268447.244
300639.SZ,20240206,5.71,6.69,5.7,6.63,5.91,0.72,12.1827,133623.12,83711.168
300640.SZ,20240206,3.68,3.92,3.33,3.66,3.77,-0.11,-2.9178,195216.13,68966.419
300641.SZ,20240206,3.13,3.37,2.88,3.16,3.31,-0.15,-4.5317,127549.93,39170.172
300642.SZ,20240206,10.55,11.48,9.94,11.13,10.8,0.33,3.0556,38679.85,41204.386
300643.SZ,20240206,7.48,7.89,6.78,7.42,7.58,-0.16,-2.1108,90294.18,65352.523
300644.SZ,20240206,11.61,12.55,10.82,11.92,12.08,-0.16,-1.3245,57995.81,66645.648
300645.SZ,20240206,9.8,10.78,9.36,10.27,10.54,-0.27,-2.5617,87799.0,87336.284
300647.SZ,20240206,3.38,3.62,3.05,3.4,3.51,-0.11,-3.1339,234843.0,76978.186
300648.SZ,20240206,14.53,15.1,13.21,14.73,14.48,0.25,1.7265,39556.19,56033.173
300649.SZ,20240206,9.7,10.2,8.42,9.73,10.01,-0.28,-2.7972,63368.8,58449.978
300650.SZ,20240206,7.26,7.76,6.48,7.38,7.4,-0.02,-0.2703,112100.75,79005.393
300651.SZ,20240206,11.55,11.88,10.15,11.28,11.91,-0.63,-5.2897,69996.9,76160.869
300652.SZ,20240206,14.3,15.39,13.09,14.64,14.53,0.11,0.7571,44759.98,63049.997
300653.SZ,20240206,19.02,21.68,18.79,21.43,19.16,2.27,11.8476,40928.27,82947.271
300654.SZ,20240206,7.03,7.51,6.38,7.24,6.95,0.29,4.1727,190470.3,131585.824
300655.SZ,20240206,5.5,6.24,5.39,6.14,5.54,0.6,10.8303,338426.08,196756.312
300656.SZ,20240206,17.85,18.87,16.95,18.13,17.73,0.4,2.2561,22177.31,39485.021
300657.SZ,20240206,11.71,12.69,10.98,12.27,11.72,0.55,4.6928,179033.39,211145.856
300658.SZ,20240206,4.05,4.29,3.77,4.08,4.21,-0.13,-3.0879,132456.43,52321.627
300659.SZ,20240206,12.46,13.35,11.25,12.88,12.64,0.24,1.8987,68754.0,84645.524
300660.SZ,20240206,18.93,20.9,18.52,20.57,18.88,1.69,8.9513,71739.07,141211.341
300661.SZ,20240206,62.0,67.23,61.28,66.85,63.9,2.95,4.6166,49170.24,320013.302
300662.SZ,20240206,17.17,18.37,16.63,17.9,17.51,0.39,2.2273,59183.44,103185.869
300663.SZ,20240206,8.18,9.01,7.8,8.73,8.3,0.43,5.1807,257392.7,214905.216
300664.SZ,20240206,4.01,4.36,3.88,4.26,4.05,0.21,5.1852,99132.0,40589.574
300665.SZ,20240206,5.16,5.39,4.56,5.17,5.31,-0.14,-2.6365,166775.31,81965.583
300666.SZ,20240206,34.77,37.96,34.6,37.95,35.0,2.95,8.4286,69394.87,254003.593
300667.SZ,20240206,9.81,10.77,9.23,10.38,9.99,0.39,3.9039,63190.99,62743.756
300668.SZ,20240206,16.23,18.93,16.0,17.9,17.08,0.82,4.8009,20083.65,34492.075
300669.SZ,20240206,9.36,10.29,9.03,9.91,10.05,-0.14,-1.393,39228.9,37975.954
300670.SZ,20240206,3.88,4.16,3.48,3.99,4.16,-0.17,-4.0865,153768.9,57853.279
300671.SZ,20240206,17.11,18.93,16.67,18.51,17.62,0.89,5.0511,67551.23,119790.599
300672.SZ,20240206,36.96,41.0,36.33,40.45,37.85,2.6,6.8692,94115.02,368811.652
300673.SZ,20240206,9.48,10.29,8.82,9.88,9.42,0.46,4.8832,53104.48,50279.693
300674.SZ,20240206,10.21,11.29,9.98,11.13,10.33,0.8,7.7444,170448.78,180457.366
300675.SZ,20240206,9.34,10.2,8.5,9.62,9.84,-0.22,-2.2358,68809.01,63714.184
300676.SZ,20240206,36.66,41.5,36.28,41.35,37.4,3.95,10.5615,55170.66,217791.989
300677.SZ,20240206,17.6,21.2,17.51,21.11,17.76,3.35,18.8626,136230.74,272809.466
300678.SZ,20240206,23.5,26.39,23.0,25.93,24.28,1.65,6.7957,175162.95,437222.104
300679.SZ,20240206,28.3,32.98,28.0,32.17,27.92,4.25,15.2221,79158.68,242774.516
300680.SZ,20240206,11.88,12.85,11.24,12.61,11.88,0.73,6.1448,62080.32,74872.943
300681.SZ,20240206,10.01,10.92,9.69,10.68,10.47,0.21,2.0057,104423.79,106743.755
300682.SZ,20240206,9.35,10.32,9.07,10.17,9.35,0.82,8.7701,251822.78,244616.661
300683.SZ,20240206,19.7,22.24,18.8,21.32,20.31,1.01,4.9729,25802.63,52524.593
300684.SZ,20240206,10.69,11.96,10.1,11.59,10.88,0.71,6.5257,69420.11,76993.825
300685.SZ,20240206,16.2,18.94,16.2,18.94,15.78,3.16,20.0253,135787.13,252813.008
300686.SZ,20240206,5.3,5.63,4.85,5.34,5.6,-0.26,-4.6429,117236.2,60180.287
300687.SZ,20240206,13.5,15.08,13.15,14.93,13.84,1.09,7.8757,151339.46,215517.164
300688.SZ,20240206,18.15,19.2,16.43,18.65,17.9,0.75,4.1899,87615.22,154519.203
300689.SZ,20240206,9.42,10.66,8.65,10.25,10.4,-0.15,-1.4423,61436.27,58953.741
300690.SZ,20240206,10.69,11.51,9.94,11.23,10.78,0.45,4.1744,61658.27,65445.42
300691.SZ,20240206,12.9,14.31,12.4,13.96,13.17,0.79,5.9985,81821.09,108951.942
300692.SZ,20240206,4.56,4.89,4.38,4.69,4.72,-0.03,-0.6356,92620.44,42714.908
300693.SZ,20240206,22.9,25.78,22.7,25.3,23.58,1.72,7.2943,137033.15,335112.437
300694.SZ,20240206,7.3,7.9,6.8,7.55,7.58,-0.03,-0.3958,78976.0,57392.846
300695.SZ,20240206,34.5,36.43,31.72,34.91,34.89,0.02,0.0573,10434.64,34880.755
300696.SZ,20240206,9.7,10.69,9.35,10.5,10.03,0.47,4.6859,78323.81,78228.397
300697.SZ,20240206,7.68,8.15,7.11,7.77,7.76,0.01,0.1289,85204.11,64293.327
300698.SZ,20240206,22.83,23.98,21.0,22.97,23.44,-0.47,-2.0051,26577.82,59561.406
300699.SZ,20240206,24.67,26.46,24.5,26.46,24.78,1.68,6.7797,199734.77,513891.69
300700.SZ,20240206,8.93,9.85,8.41,9.56,9.16,0.4,4.3668,98246.32,89207.682
300701.SZ,20240206,5.85,6.17,5.28,5.98,6.11,-0.13,-2.1277,115364.48,65637.984
300702.SZ,20240206,13.16,15.37,13.16,15.26,14.21,1.05,7.3892,68182.24,101457.831
300703.SZ,20240206,6.9,7.23,6.34,6.83,7.12,-0.29,-4.073,93671.8,62331.792
300705.SZ,20240206,29.12,33.35,29.02,32.62,29.69,2.93,9.8686,65996.01,208108.177
300706.SZ,20240206,14.51,15.71,13.75,15.29,15.0,0.29,1.9333,52410.0,76450.488
300707.SZ,20240206,10.08,11.09,9.02,10.58,10.27,0.31,3.0185,110377.04,110416.068
300708.SZ,20240206,8.4,8.92,8.03,8.79,8.36,0.43,5.1435,178898.5,151486.092
300709.SZ,20240206,18.69,19.94,17.53,19.37,18.93,0.44,2.3244,129249.22,240707.395
300710.SZ,20240206,13.36,14.44,11.6,13.48,13.93,-0.45,-3.2304,51278.55,66580.307
300711.SZ,20240206,8.3,8.79,7.53,8.46,8.4,0.06,0.7143,70349.05,56929.218
300712.SZ,20240206,15.0,16.64,14.75,16.2,15.52,0.68,4.3814,35592.59,55856.444
300713.SZ,20240206,9.51,10.14,8.42,9.8,10.2,-0.4,-3.9216,61171.95,56905.495
300715.SZ,20240206,8.07,8.79,6.52,8.55,8.0,0.55,6.875,45448.66,35699.575
300716.SZ,20240206,6.35,6.58,5.63,6.14,6.42,-0.28,-4.3614,103754.74,62384.112
300717.SZ,20240206,9.12,10.14,8.46,9.63,9.78,-0.15,-1.5337,53386.88,48763.601
300718.SZ,20240206,11.7,13.1,11.24,12.54,12.04,0.5,4.1528,72628.74,88421.17
300719.SZ,20240206,7.94,8.4,7.37,8.21,8.2,0.01,0.122,139053.25,109718.82
300720.SZ,20240206,10.49,10.49,8.99,9.78,10.35,-0.57,-5.5072,37515.77,36287.167
300721.SZ,20240206,7.81,8.54,7.01,8.15,8.3,-0.15,-1.8072,76415.14,59983.222
300722.SZ,20240206,17.06,18.79,16.53,18.44,17.35,1.09,6.2824,26937.93,47737.407
300723.SZ,20240206,18.0,20.98,17.99,20.66,18.43,2.23,12.0998,109727.5,216624.678
300724.SZ,20240206,52.2,58.3,51.75,57.82,53.0,4.82,9.0943,112495.03,625265.224
300725.SZ,20240206,24.17,26.76,23.56,26.23,24.4,1.83,7.5,64664.12,162991.891
300726.SZ,20240206,18.42,20.37,18.1,20.22,18.56,1.66,8.944,65765.15,127340.286
300727.SZ,20240206,15.95,16.88,14.5,16.37,15.89,0.48,3.0208,30244.5,47509.891
300729.SZ,20240206,14.54,16.7,14.29,16.2,14.8,1.4,9.4595,198520.53,309320.73
300730.SZ,20240206,7.08,7.66,6.45,7.29,7.29,0.0,0.0,123824.25,86661.513
300731.SZ,20240206,11.35,12.29,10.66,11.79,11.81,-0.02,-0.1693,62724.4,71108.589
300732.SZ,20240206,5.82,6.36,5.44,6.11,6.05,0.06,0.9917,80880.4,47239.607
300733.SZ,20240206,6.7,6.88,5.78,6.55,6.7,-0.15,-2.2388,81411.21,51315.324
300735.SZ,20240206,14.5,15.66,14.02,15.36,14.4,0.96,6.6667,383906.7,571628.647
300736.SZ,20240206,10.75,11.61,10.25,11.32,10.85,0.47,4.3318,55868.7,61150.318
300737.SZ,20240206,4.35,4.64,4.08,4.5,4.4,0.1,2.2727,196731.82,84992.908
300738.SZ,20240206,6.85,7.7,6.8,7.54,6.9,0.64,9.2754,319146.11,231662.353
300739.SZ,20240206,8.39,9.04,7.79,8.86,8.6,0.26,3.0233,70454.51,59438.942
300740.SZ,20240206,13.79,15.03,13.44,14.81,13.93,0.88,6.3173,72382.28,104105.408
300741.SZ,20240206,14.84,17.01,14.78,16.68,14.95,1.73,11.5719,47510.05,75882.954
300743.SZ,20240206,7.93,8.44,7.08,7.9,8.06,-0.16,-1.9851,93844.33,71661.907
300745.SZ,20240206,13.89,14.66,12.58,14.12,13.89,0.23,1.6559,93211.37,125480.721
300746.SZ,20240206,5.6,6.08,5.22,5.82,6.07,-0.25,-4.1186,99361.68,55589.879
300747.SZ,20240206,16.03,17.96,15.96,17.73,16.17,1.56,9.6475,106530.88,181269.2
300748.SZ,20240206,13.47,15.15,13.42,15.08,13.67,1.41,10.3146,192178.16,279936.32
300749.SZ,20240206,5.01,5.31,4.31,5.01,5.26,-0.25,-4.7529,149509.3,71009.328
300750.SZ,20240206,151.19,159.26,150.82,158.33,151.94,6.39,4.2056,437459.26,6828296.924
300751.SZ,20240206,106.62,115.28,106.58,114.01,110.5,3.51,3.1765,33362.53,374229.587
300752.SZ,20240206,9.5,10.11,8.9,9.65,9.83,-0.18,-1.8311,78674.07,74003.351
300753.SZ,20240206,9.23,9.93,8.52,9.49,9.78,-0.29,-2.9652,83621.18,75354.783
300755.SZ,20240206,14.5,16.3,14.42,15.94,14.78,1.16,7.8484,36436.33,56372.457
300756.SZ,20240206,9.41,9.93,8.54,9.52,9.71,-0.19,-1.9567,60306.2,54875.844
300757.SZ,20240206,42.14,46.25,39.63,45.05,42.78,2.27,5.3062,48457.44,207097.628
300758.SZ,20240206,5.69,6.23,5.48,6.02,6.13,-0.11,-1.7945,92079.5,53219.927
300759.SZ,20240206,18.77,20.79,18.51,20.71,19.16,1.55,8.0898,417539.35,827664.115
300760.SZ,20240206,282.36,296.62,281.51,292.5,284.34,8.16,2.8698,75487.74,2208264.947
300761.SZ,20240206,16.35,17.78,15.8,17.49,16.35,1.14,6.9725,37497.98,63769.985
300762.SZ,20240206,7.65,8.56,7.3,8.26,7.82,0.44,5.6266,377768.24,299841.598
300763.SZ,20240206,53.57,58.5,52.9,57.81,53.57,4.24,7.9149,95928.48,537964.031
300765.SZ,20240206,25.44,29.75,24.8,29.15,24.8,4.35,17.5403,365045.39,1005116.713
300766.SZ,20240206,8.21,9.05,7.75,8.72,8.59,0.13,1.5134,194358.0,161702.34
300767.SZ,20240206,9.6,10.37,8.97,10.03,9.8,0.23,2.3469,121085.5,116421.088
300768.SZ,20240206,10.0,10.29,9.36,10.1,10.25,-0.15,-1.4634,112351.99,110007.466
300769.SZ,20240206,33.9,37.18,33.3,36.21,34.66,1.55,4.472,185324.6,652450.108
300770.SZ,20240206,29.9,32.94,29.31,32.23,29.9,2.33,7.7926,50261.53,157035.68
300771.SZ,20240206,6.42,6.72,6.23,6.56,6.65,-0.09,-1.3534,87538.82,56775.449
300772.SZ,20240206,7.08,7.74,6.99,7.69,7.16,0.53,7.4022,122227.79,90163.712
300773.SZ,20240206,11.18,12.41,11.03,12.25,11.36,0.89,7.8345,160545.09,188886.295
300774.SZ,20240206,6.3,7.01,6.08,6.8,6.64,0.16,2.4096,64780.35,42058.849
300775.SZ,20240206,19.51,21.72,19.41,21.7,19.61,2.09,10.6578,103606.29,214534.727
300776.SZ,20240206,37.98,41.72,37.6,41.35,38.21,3.14,8.2177,44173.83,176236.877
300777.SZ,20240206,18.0,20.13,17.82,20.02,18.01,2.01,11.1605,87834.5,167882.189
300778.SZ,20240206,8.29,8.69,7.32,8.25,8.36,-0.11,-1.3158,72400.59,56904.561
300779.SZ,20240206,29.18,32.39,28.34,31.39,29.2,2.19,7.5,52693.54,160659.688
300780.SZ,20240206,11.5,12.7,10.93,12.11,12.21,-0.1,-0.819,88476.0,103299.845
300781.SZ,20240206,24.23,26.25,23.26,25.39,25.28,0.11,0.4351,85054.2,209408.743
300782.SZ,20240206,86.0,95.11,85.61,94.67,87.44,7.23,8.2685,84290.1,775525.208
300783.SZ,20240206,15.9,17.3,15.45,16.95,16.0,0.95,5.9375,122105.79,201209.583
300785.SZ,20240206,12.8,14.42,12.6,14.05,13.51,0.54,3.997,63896.16,86810.081
300786.SZ,20240206,8.3,9.55,7.52,8.9,9.21,-0.31,-3.3659,148690.76,124757.918
300787.SZ,20240206,8.84,10.35,8.58,10.03,9.71,0.32,3.2956,59924.37,56536.347
300788.SZ,20240206,23.0,25.35,21.48,24.3,24.01,0.29,1.2078,126951.19,292888.688
300789.SZ,20240206,12.8,13.72,11.65,13.04,13.24,-0.2,-1.5106,38827.85,48127.853
300790.SZ,20240206,8.35,9.17,7.86,8.85,8.51,0.34,3.9953,94682.1,79752.694
300791.SZ,20240206,26.42,29.18,25.86,28.09,26.97,1.12,4.1528,14308.48,39361.378
300792.SZ,20240206,15.31,17.4,14.99,16.9,15.53,1.37,8.8216,44734.35,72248.566
300793.SZ,20240206,10.76,11.78,10.27,11.5,11.04,0.46,4.1667,160844.47,176428.224
300795.SZ,20240206,26.59,36.2,26.59,35.43,31.13,4.3,13.813,22995.84,75271.483
300796.SZ,20240206,12.95,13.49,11.0,13.36,13.0,0.36,2.7692,99162.7,119948.845
300797.SZ,20240206,8.19,8.96,7.78,8.63,8.19,0.44,5.3724,61865.24,51159.283
300798.SZ,20240206,5.69,6.37,5.24,6.06,5.93,0.13,2.1922,207331.5,119191.536
300800.SZ,20240206,7.88,8.52,7.17,8.38,7.93,0.45,5.6747,60913.08,47506.707
300801.SZ,20240206,10.93,11.6,10.31,11.32,11.02,0.3,2.7223,20203.8,22010.354
300802.SZ,20240206,13.07,14.15,12.41,13.56,13.24,0.32,2.4169,34091.01,44558.119
300803.SZ,20240206,36.92,40.58,36.41,40.35,36.92,3.43,9.2904,159477.58,617537.859
300804.SZ,20240206,18.17,19.5,16.99,18.7,18.71,-0.01,-0.0534,14846.87,26676.15
300805.SZ,20240206,5.8,6.3,5.33,6.03,5.98,0.05,0.8361,156893.0,90097.107
300806.SZ,20240206,7.43,7.85,6.9,7.71,7.45,0.26,3.4899,149734.42,108495.082
300807.SZ,20240206,16.06,17.94,14.73,16.66,17.28,-0.62,-3.588,37516.0,59800.44
300808.SZ,20240206,10.5,10.5,9.06,10.16,10.71,-0.55,-5.1354,76362.36,75778.044
300809.SZ,20240206,18.12,20.3,17.76,19.74,18.71,1.03,5.5051,56022.36,106645.303
300810.SZ,20240206,12.42,12.83,11.35,12.41,12.84,-0.43,-3.3489,55540.5,66708.629
300811.SZ,20240206,41.0,47.57,40.4,46.98,41.85,5.13,12.2581,42407.7,191614.918
300812.SZ,20240206,21.02,22.88,19.94,22.1,21.52,0.58,2.6952,128921.57,275101.412
300813.SZ,20240206,13.09,13.98,11.63,13.22,13.4,-0.18,-1.3433,29743.24,38091.758
300814.SZ,20240206,22.2,24.59,22.07,24.16,22.85,1.31,5.733,57245.0,134733.572
300815.SZ,20240206,10.38,11.32,9.93,11.14,10.59,0.55,5.1936,78369.64,83316.659
300816.SZ,20240206,14.4,15.1,12.89,14.41,14.85,-0.44,-2.963,29634.0,40621.575
300817.SZ,20240206,9.14,9.7,8.22,9.22,9.4,-0.18,-1.9149,69128.0,61317.669
300818.SZ,20240206,22.01,25.1,21.7,25.09,23.95,1.14,4.7599,21692.14,51089.274
300819.SZ,20240206,9.47,10.13,8.39,9.62,9.77,-0.15,-1.5353,55716.4,50652.84
300820.SZ,20240206,31.7,35.71,30.66,35.66,32.2,3.46,10.7453,51958.62,174101.176
300821.SZ,20240206,5.8,6.55,5.72,6.43,5.88,0.55,9.3537,135729.63,84543.415
300822.SZ,20240206,7.7,8.03,6.7,7.63,7.81,-0.18,-2.3047,68174.45,49646.501
300823.SZ,20240206,11.91,13.13,10.69,12.29,12.93,-0.64,-4.9497,76606.0,89133.059
300824.SZ,20240206,5.6,6.66,5.5,6.25,6.15,0.1,1.626,62422.11,37653.727
300825.SZ,20240206,7.39,8.77,6.8,8.23,7.49,0.74,9.8798,276809.1,217437.464
300826.SZ,20240206,9.64,10.38,8.64,9.99,9.93,0.06,0.6042,90507.3,84412.662
300827.SZ,20240206,19.02,21.45,18.8,21.23,19.29,1.94,10.057,91348.34,185805.819
300828.SZ,20240206,7.85,9.0,7.45,8.35,8.5,-0.15,-1.7647,74828.5,60239.243
300829.SZ,20240206,11.82,12.76,11.3,12.4,12.25,0.15,1.2245,32847.18,39065.451
300830.SZ,20240206,4.56,4.89,4.13,4.62,4.58,0.04,0.8734,120687.0,53488.985
300831.SZ,20240206,7.1,7.99,6.5,7.63,7.31,0.32,4.3776,70806.43,50533.524
300832.SZ,20240206,70.5,74.68,70.1,74.28,71.07,3.21,4.5167,32591.91,236487.761
300833.SZ,20240206,95.81,101.95,92.01,100.86,97.88,2.98,3.0445,3645.0,35569.495
300834.SZ,20240206,13.83,14.9,13.21,14.56,14.26,0.3,2.1038,14524.76,20291.567
300835.SZ,20240206,20.4,22.05,19.41,21.46,20.66,0.8,3.8722,27311.1,56859.645
300836.SZ,20240206,14.35,15.75,13.25,14.99,15.41,-0.42,-2.7255,37025.5,52563.032
300837.SZ,20240206,18.1,19.23,16.58,18.72,18.33,0.39,2.1277,13968.08,24974.66
300838.SZ,20240206,9.65,10.35,8.85,10.03,9.88,0.15,1.5182,43583.11,41345.568
300839.SZ,20240206,6.81,7.33,6.51,7.22,6.84,0.38,5.5556,54646.56,37915.849
300840.SZ,20240206,14.61,15.48,13.49,14.95,14.75,0.2,1.3559,62977.0,93121.141
300841.SZ,20240206,49.5,56.69,47.8,55.78,50.3,5.48,10.8946,29548.4,156043.669
300842.SZ,20240206,62.6,69.25,61.71,68.99,62.65,6.34,10.1197,57447.01,379875.436
300843.SZ,20240206,12.74,12.94,11.19,12.43,12.76,-0.33,-2.5862,49078.43,58912.924
300844.SZ,20240206,19.36,19.66,16.14,18.81,19.95,-1.14,-5.7143,23309.89,42180.381
300845.SZ,20240206,9.62,9.86,8.27,9.48,9.85,-0.37,-3.7563,68008.83,60716.516
300846.SZ,20240206,8.06,8.85,7.57,8.53,8.19,0.34,4.1514,219683.1,180328.604
300847.SZ,20240206,13.3,14.51,12.3,13.72,13.83,-0.11,-0.7954,192068.51,253230.878
300848.SZ,20240206,12.01,13.38,11.27,13.06,12.25,0.81,6.6122,37465.75,45061.632
300849.SZ,20240206,8.24,9.2,7.56,9.18,8.94,0.24,2.6846,40753.76,34292.774
300850.SZ,20240206,19.0,21.18,18.8,20.62,19.33,1.29,6.6736,95077.27,188432.385
300851.SZ,20240206,18.0,19.0,16.34,17.82,19.01,-1.19,-6.2599,31444.68,54858.119
300852.SZ,20240206,22.65,24.49,21.55,23.82,23.11,0.71,3.0723,19712.81,45215.306
300853.SZ,20240206,14.32,15.29,13.4,14.56,14.61,-0.05,-0.3422,47190.4,67267.168
300854.SZ,20240206,9.33,9.99,8.21,9.37,9.78,-0.41,-4.1922,72299.56,64628.118
300855.SZ,20240206,18.51,20.49,17.78,20.27,18.5,1.77,9.5676,43691.42,85746.603
300856.SZ,20240206,54.99,60.99,53.53,60.15,55.1,5.05,9.1652,21142.49,122566.599
300857.SZ,20240206,33.85,37.58,32.02,36.23,34.38,1.85,5.381,180747.34,631028.453
300858.SZ,20240206,15.83,16.68,15.48,16.18,16.05,0.13,0.81,20773.5,33473.179
300859.SZ,20240206,19.3,21.6,18.64,20.9,19.74,1.16,5.8764,37957.8,76663.673
300860.SZ,20240206,30.0,34.14,29.74,33.17,31.99,1.18,3.6887,35760.04,112319.202
300861.SZ,20240206,21.67,24.13,21.34,24.04,21.8,2.24,10.2752,81535.96,187735.432
300862.SZ,20240206,26.9,29.5,25.39,28.2,26.85,1.35,5.0279,25369.85,69083.663
300863.SZ,20240206,30.22,32.4,28.91,31.72,30.35,1.37,4.514,13369.07,41124.69
300864.SZ,20240206,14.25,15.2,13.4,14.75,14.67,0.08,0.5453,28143.91,40183.271
300865.SZ,20240206,10.95,11.8,10.0,11.07,11.9,-0.83,-6.9748,33110.0,35534.085
300866.SZ,20240206,66.66,77.77,65.98,77.5,66.65,10.85,16.2791,47360.07,347441.997
300867.SZ,20240206,9.85,10.45,9.1,10.18,9.91,0.27,2.7245,46793.04,45425.837
300868.SZ,20240206,11.0,11.97,10.43,11.4,11.8,-0.4,-3.3898,47197.83,52259.272
300869.SZ,20240206,14.35,15.95,14.01,15.79,14.5,1.29,8.8966,50880.25,76379.703
300870.SZ,20240206,27.2,29.25,26.35,28.71,27.49,1.22,4.438,37302.2,103769.85
300871.SZ,20240206,8.69,8.98,7.87,8.68,8.71,-0.03,-0.3444,57838.93,47942.88
300872.SZ,20240206,9.0,9.97,8.67,9.71,9.09,0.62,6.8207,85923.68,79778.513
300873.SZ,20240206,14.1,15.58,13.0,15.15,14.24,0.91,6.3904,59726.45,85783.934
300875.SZ,20240206,17.79,19.14,16.2,18.29,18.05,0.24,1.3296,48635.68,84684.175
300876.SZ,20240206,13.73,14.15,11.83,13.36,13.73,-0.37,-2.6948,23738.88,30178.631
300877.SZ,20240206,10.35,11.5,9.52,10.87,10.59,0.28,2.644,54444.24,56300.657
300878.SZ,20240206,14.5,15.98,13.91,15.72,15.39,0.33,2.1442,32851.84,48799.516
300879.SZ,20240206,9.0,9.39,7.89,8.84,9.37,-0.53,-5.6564,55583.0,47341.426
300880.SZ,20240206,10.9,11.95,10.04,11.79,11.21,0.58,5.174,76532.61,83793.61
300881.SZ,20240206,15.45,16.22,13.92,15.65,15.6,0.05,0.3205,33475.88,50228.966
300882.SZ,20240206,13.82,15.1,13.11,14.76,14.0,0.76,5.4286,57905.45,81445.298
300883.SZ,20240206,4.08,4.59,3.75,4.16,4.22,-0.06,-1.4218,131721.71,53238.15
300884.SZ,20240206,7.75,8.26,7.04,8.03,7.72,0.31,4.0155,135891.26,103579.865
300885.SZ,20240206,5.81,5.98,5.0,5.63,5.81,-0.18,-3.0981,103798.68,56060.082
300886.SZ,20240206,13.05,13.66,11.11,12.85,13.11,-0.26,-1.9832,23645.98,28682.532
300887.SZ,20240206,6.9,7.68,6.68,7.51,7.03,0.48,6.8279,147510.64,105360.995
300888.SZ,20240206,30.97,34.5,30.58,34.21,31.2,3.01,9.6474,43510.9,144116.002
300889.SZ,20240206,8.9,9.22,8.02,8.69,8.97,-0.28,-3.1215,75229.64,63680.882
300890.SZ,20240206,18.8,20.37,18.01,19.96,19.08,0.88,4.6122,25600.87,48692.888
300891.SZ,20240206,5.46,6.27,5.46,6.05,6.04,0.01,0.1656,79631.75,46445.075
300892.SZ,20240206,15.09,15.1,13.06,14.32,15.09,-0.77,-5.1027,27694.16,38546.535
300893.SZ,20240206,19.5,23.65,19.44,23.15,22.7,0.45,1.9824,24645.02,55367.375
300894.SZ,20240206,10.8,11.8,10.33,11.55,10.95,0.6,5.4795,68520.94,75629.091
300895.SZ,20240206,18.48,20.55,17.02,19.43,19.0,0.43,2.2632,56588.37,104622.874
300896.SZ,20240206,298.33,322.22,296.73,320.5,301.7,18.8,6.2314,50591.07,1573496.446
300897.SZ,20240206,19.04,20.38,17.58,19.75,19.54,0.21,1.0747,16490.7,31203.064
300898.SZ,20240206,16.2,17.6,15.5,17.03,16.8,0.23,1.369,62504.32,102762.332
300899.SZ,20240206,18.08,21.97,17.18,20.5,19.1,1.4,7.3298,110126.65,211455.447
300900.SZ,20240206,15.52,16.46,14.72,16.33,15.68,0.65,4.1454,40695.27,63493.775
300901.SZ,20240206,5.74,6.03,5.27,5.72,5.99,-0.27,-4.5075,72469.03,40335.761
300902.SZ,20240206,20.79,22.47,19.5,21.71,20.83,0.88,4.2247,24984.41,52012.197
300903.SZ,20240206,5.08,5.29,4.6,5.05,5.15,-0.1,-1.9417,238006.7,116127.539
300904.SZ,20240206,35.45,38.58,33.82,37.5,37.01,0.49,1.324,20279.08,73333.579
300905.SZ,20240206,10.5,10.97,9.68,10.48,10.66,-0.18,-1.6886,68725.76,70033.159
300906.SZ,20240206,14.87,15.64,13.02,15.07,15.42,-0.35,-2.2698,29553.26,42299.381
300907.SZ,20240206,12.0,13.06,10.82,12.34,12.42,-0.08,-0.6441,40263.99,47287.278
300908.SZ,20240206,30.23,32.59,29.02,32.05,30.92,1.13,3.6546,14646.54,45255.623
300909.SZ,20240206,15.8,16.75,14.25,16.23,15.8,0.43,2.7215,44474.5,68382.185
300910.SZ,20240206,39.1,43.17,37.71,41.7,39.68,2.02,5.0907,42786.83,174519.157
300911.SZ,20240206,23.72,24.94,21.63,24.0,23.8,0.2,0.8403,37305.98,85421.465
300912.SZ,20240206,10.4,10.62,8.74,10.1,10.4,-0.3,-2.8846,63732.5,61229.065
300913.SZ,20240206,18.08,19.98,17.48,19.47,18.46,1.01,5.4713,65915.67,124066.255
300915.SZ,20240206,22.5,23.96,21.01,23.02,23.12,-0.1,-0.4325,7135.5,15957.61
300916.SZ,20240206,12.95,13.72,11.83,13.19,13.15,0.04,0.3042,33810.78,42694.172
300917.SZ,20240206,18.7,20.5,17.52,19.83,19.25,0.58,3.013,98492.99,186280.116
300918.SZ,20240206,7.78,8.64,7.33,8.38,7.88,0.5,6.3452,43491.59,34643.472
300919.SZ,20240206,41.0,43.86,40.68,43.76,41.47,2.29,5.5221,45958.85,195980.072
300920.SZ,20240206,12.07,12.47,10.35,11.5,12.38,-0.88,-7.1082,45606.55,50550.592
300921.SZ,20240206,13.62,14.37,12.09,13.89,13.9,-0.01,-0.0719,41868.07,55076.231
300922.SZ,20240206,9.3,9.88,8.43,9.7,9.65,0.05,0.5181,85294.22,77414.009
300923.SZ,20240206,13.08,13.99,11.52,13.39,13.77,-0.38,-2.7596,32190.71,40575.511
300925.SZ,20240206,7.3,7.97,6.92,7.71,7.38,0.33,4.4715,175873.3,129763.177
300926.SZ,20240206,18.5,22.88,17.91,22.75,19.33,3.42,17.6927,73547.27,150395.373
300927.SZ,20240206,9.4,10.0,8.61,9.45,9.73,-0.28,-2.8777,38812.19,35444.417
300928.SZ,20240206,27.52,29.69,23.89,28.1,27.7,0.4,1.444,34530.15,92569.176
300929.SZ,20240206,7.01,7.42,6.1,7.0,7.42,-0.42,-5.6604,93358.6,62614.412
300930.SZ,20240206,12.5,14.19,12.09,13.5,14.04,-0.54,-3.8462,30596.89,39629.721
300931.SZ,20240206,4.68,4.8,4.0,4.44,4.77,-0.33,-6.9182,133830.73,57666.084
300932.SZ,20240206,8.69,9.39,7.76,8.9,8.83,0.07,0.7928,50509.86,43119.584
300933.SZ,20240206,5.42,5.75,4.88,5.67,5.44,0.23,4.2279,117011.8,61835.381
300935.SZ,20240206,14.0,14.8,12.34,13.85,14.53,-0.68,-4.68,31771.3,42591.448
300936.SZ,20240206,23.55,26.17,21.86,25.16,24.4,0.76,3.1148,29427.48,70626.506
300937.SZ,20240206,19.29,20.87,17.83,20.02,19.49,0.53,2.7193,27573.5,52730.624
300938.SZ,20240206,26.33,29.5,25.01,29.02,26.98,2.04,7.5612,22207.87,60565.472
300939.SZ,20240206,20.01,22.15,19.21,21.53,20.71,0.82,3.9594,32949.81,67762.977
300940.SZ,20240206,12.7,13.38,11.84,12.79,12.9,-0.11,-0.8527,37148.95,46130.08
300941.SZ,20240206,14.08,15.15,13.12,14.74,14.06,0.68,4.8364,91522.21,129417.873
300942.SZ,20240206,6.71,7.14,6.17,6.85,6.81,0.04,0.5874,73531.5,48640.641
300943.SZ,20240206,7.9,8.33,6.55,7.93,7.97,-0.04,-0.5019,51525.76,39246.425
300945.SZ,20240206,7.92,8.3,7.13,7.87,7.96,-0.09,-1.1307,95738.0,72714.458
300946.SZ,20240206,19.35,20.16,17.46,19.62,18.88,0.74,3.9195,16044.22,29885.443
300947.SZ,20240206,8.88,9.13,7.6,8.86,9.16,-0.3,-3.2751,81465.91,67493.118
300948.SZ,20240206,8.58,9.0,7.58,8.61,8.81,-0.2,-2.2701,70902.5,58231.852
300949.SZ,20240206,25.23,28.68,24.85,27.52,29.26,-1.74,-5.9467,31676.92,83259.429
300950.SZ,20240206,9.3,9.65,8.2,9.19,9.36,-0.17,-1.8162,39044.71,34770.505
300951.SZ,20240206,31.5,34.56,30.04,33.69,32.19,1.5,4.6598,30100.84,96560.022
300952.SZ,20240206,13.0,14.55,11.6,13.85,13.43,0.42,3.1273,36896.06,48183.089
300953.SZ,20240206,31.01,38.0,29.83,37.91,31.9,6.01,18.8401,22443.0,75786.17
300955.SZ,20240206,12.31,12.65,10.5,11.86,12.31,-0.45,-3.6556,31615.17,36304.929
300956.SZ,20240206,9.1,9.28,7.78,8.71,9.28,-0.57,-6.1422,83255.25,69565.93
300957.SZ,20240206,53.67,60.05,53.45,59.94,54.58,5.36,9.8204,58210.22,336555.905
300958.SZ,20240206,11.0,11.75,10.25,11.5,11.31,0.19,1.6799,53452.38,58382.438
300959.SZ,20240206,21.08,21.85,18.67,21.6,21.1,0.5,2.3697,17432.82,35037.894
300960.SZ,20240206,12.38,12.82,10.74,12.04,12.61,-0.57,-4.5202,35934.0,41544.41
300961.SZ,20240206,6.77,7.24,5.71,6.7,6.86,-0.16,-2.3324,85881.67,54381.155
300962.SZ,20240206,10.97,11.96,10.18,11.43,11.18,0.25,2.2361,54379.36,59778.502
300963.SZ,20240206,7.35,8.06,6.8,7.76,7.61,0.15,1.9711,85089.22,62323.298
300964.SZ,20240206,21.3,22.58,19.46,21.74,22.0,-0.26,-1.1818,29188.01,60659.84
300965.SZ,20240206,24.9,26.0,22.35,25.07,25.42,-0.35,-1.3769,12718.69,30377.675
300966.SZ,20240206,13.64,14.61,12.57,14.04,13.94,0.1,0.7174,36881.87,49375.318
300967.SZ,20240206,8.54,8.71,7.57,8.37,8.61,-0.24,-2.7875,56503.8,45567.825
300968.SZ,20240206,6.69,7.26,6.08,6.92,6.63,0.29,4.3741,176088.97,115966.2
300969.SZ,20240206,61.2,68.81,59.8,66.5,62.44,4.06,6.5022,10651.75,68358.095
300970.SZ,20240206,10.06,10.65,9.27,10.2,10.46,-0.26,-2.4857,58783.26,57965.061
300971.SZ,20240206,14.1,15.0,12.53,14.36,14.41,-0.05,-0.347,40977.91,55751.018
300972.SZ,20240206,27.6,29.52,26.54,28.28,27.9,0.38,1.362,23725.92,66494.476
300973.SZ,20240206,28.62,30.7,27.14,30.1,29.06,1.04,3.5788,41849.0,122049.153
300975.SZ,20240206,5.2,5.77,4.84,5.59,5.33,0.26,4.878,190642.34,100986.054
300976.SZ,20240206,28.59,31.51,27.11,30.72,29.47,1.25,4.2416,12282.93,35788.365
300977.SZ,20240206,11.68,12.04,10.21,11.62,11.91,-0.29,-2.4349,36589.55,40562.112
300978.SZ,20240206,8.08,8.75,7.58,8.52,8.3,0.22,2.6506,100362.02,81201.983
300979.SZ,20240206,57.45,61.47,57.0,60.9,58.48,2.42,4.1382,35458.29,210956.856
300980.SZ,20240206,12.09,13.65,11.35,13.25,12.88,0.37,2.8727,41304.67,51519.802
300981.SZ,20240206,8.91,9.76,8.31,9.29,9.16,0.13,1.4192,95526.59,85294.016
300982.SZ,20240206,16.79,18.3,16.32,17.8,17.1,0.7,4.0936,56619.02,97341.158
300983.SZ,20240206,21.21,21.96,20.01,20.91,21.36,-0.45,-2.1067,8232.0,17193.495
300984.SZ,20240206,15.91,16.81,14.4,15.66,16.42,-0.76,-4.6285,19122.0,29526.157
300985.SZ,20240206,21.5,23.08,20.0,22.0,21.85,0.15,0.6865,26907.67,57172.181
300986.SZ,20240206,6.95,7.18,6.21,6.87,7.13,-0.26,-3.6466,90064.2,60243.803
300987.SZ,20240206,11.26,12.32,10.44,11.72,11.76,-0.04,-0.3401,84549.72,95045.152
300988.SZ,20240206,12.0,12.45,10.68,12.07,12.16,-0.09,-0.7401,48307.61,55380.943
300989.SZ,20240206,11.51,12.43,10.41,12.0,12.1,-0.1,-0.8264,51873.65,58662.721
300990.SZ,20240206,23.28,25.59,22.05,24.96,24.07,0.89,3.6975,35787.02,84980.831
300991.SZ,20240206,10.56,10.86,9.21,10.47,10.85,-0.38,-3.5023,56358.72,55686.325
300992.SZ,20240206,12.3,12.86,10.63,12.06,12.59,-0.53,-4.2097,54219.47,63093.243
300993.SZ,20240206,8.28,8.72,7.91,8.49,8.39,0.1,1.1919,48189.62,40034.083
300994.SZ,20240206,8.01,8.34,7.11,8.09,8.19,-0.1,-1.221,75060.55,57084.77
300995.SZ,20240206,10.34,11.7,9.53,11.0,11.4,-0.4,-3.5088,49241.31,51272.494
300996.SZ,20240206,11.68,12.57,10.69,12.05,11.71,0.34,2.9035,107969.65,124780.621
300997.SZ,20240206,10.3,11.62,10.21,11.41,10.9,0.51,4.6789,162045.72,176589.991
300998.SZ,20240206,12.86,14.43,12.11,14.19,13.82,0.37,2.6773,30643.93,40389.404
300999.SZ,20240206,29.19,31.37,28.99,31.35,29.6,1.75,5.9122,129213.35,396014.552
301000.SZ,20240206,12.3,13.16,11.36,12.67,12.5,0.17,1.36,22312.53,27078.438
301001.SZ,20240206,14.85,15.94,13.71,15.23,15.5,-0.27,-1.7419,42338.17,61576.344
301002.SZ,20240206,11.72,11.88,10.18,11.31,11.72,-0.41,-3.4983,32353.85,35415.729
301003.SZ,20240206,15.99,16.39,14.4,15.65,16.21,-0.56,-3.4547,29556.76,44978.675
301004.SZ,20240206,48.51,56.06,48.03,54.55,50.27,4.28,8.514,26911.12,141561.828
301005.SZ,20240206,24.78,25.81,23.1,25.0,24.96,0.04,0.1603,13010.64,32426.796
301006.SZ,20240206,9.98,10.48,9.22,10.13,10.19,-0.06,-0.5888,31816.65,31198.787
301007.SZ,20240206,9.17,9.94,8.29,9.42,9.57,-0.15,-1.5674,149511.33,133453.843
301008.SZ,20240206,16.05,17.57,14.82,16.42,17.09,-0.67,-3.9204,25978.58,41880.415
301009.SZ,20240206,6.96,7.66,6.8,7.36,7.3,0.06,0.8219,39235.3,28119.449
301010.SZ,20240206,10.58,10.91,9.2,10.33,10.68,-0.35,-3.2772,44835.83,44137.078
301011.SZ,20240206,12.46,13.92,11.8,13.53,13.3,0.23,1.7293,57293.59,72833.846
301012.SZ,20240206,11.6,12.16,10.23,11.21,11.92,-0.71,-5.9564,101530.98,111584.715
301013.SZ,20240206,7.84,8.38,6.85,7.92,7.81,0.11,1.4085,144659.14,108832.25
301015.SZ,20240206,25.64,29.31,25.64,28.94,26.16,2.78,10.6269,79839.72,221450.026
301016.SZ,20240206,11.0,12.18,10.4,11.68,11.91,-0.23,-1.9312,42049.89,46603.714
301017.SZ,20240206,13.13,13.81,12.41,13.24,13.03,0.21,1.6117,30328.18,39709.474
301018.SZ,20240206,15.28,16.6,14.45,16.3,15.5,0.8,5.1613,58572.88,90959.148
301019.SZ,20240206,14.6,15.43,13.5,14.68,14.82,-0.14,-0.9447,19247.0,27573.62
301020.SZ,20240206,12.03,13.01,11.09,12.35,12.03,0.32,2.66,29267.98,34704.626
301021.SZ,20240206,13.18,14.4,12.22,13.21,13.73,-0.52,-3.7873,53798.53,70749.562
301022.SZ,20240206,14.99,16.09,14.08,15.67,15.41,0.26,1.6872,20038.78,29966.477
301023.SZ,20240206,21.04,23.19,19.67,22.4,22.07,0.33,1.4952,13870.87,29384.131
301024.SZ,20240206,17.2,17.8,15.01,16.89,17.33,-0.44,-2.5389,23611.84,38593.762
301025.SZ,20240206,6.72,6.95,5.86,6.56,6.79,-0.23,-3.3873,106174.01,66759.626
301026.SZ,20240206,18.5,19.58,17.08,19.02,18.5,0.52,2.8108,19811.06,36281.774
301027.SZ,20240206,6.83,7.29,6.02,6.98,7.3,-0.32,-4.3836,115579.35,75954.424
301028.SZ,20240206,6.58,7.12,6.09,6.89,6.67,0.22,3.2984,75618.96,49382.143
301029.SZ,20240206,16.92,18.93,16.8,18.68,17.22,1.46,8.4785,80648.63,144186.73
301030.SZ,20240206,39.46,43.58,35.55,41.78,40.48,1.3,3.2115,74796.73,295311.676
301031.SZ,20240206,92.5,108.59,90.0,105.0,94.34,10.66,11.2996,8500.53,84683.901
301032.SZ,20240206,5.86,6.04,5.14,5.64,6.0,-0.36,-6.0,119818.36,65632.131
301033.SZ,20240206,24.68,26.23,22.37,26.0,24.68,1.32,5.3485,17426.69,42217.836
301035.SZ,20240206,57.5,61.59,56.13,61.44,58.92,2.52,4.277,24588.36,146778.244
301036.SZ,20240206,12.67,13.66,11.7,12.98,13.3,-0.32,-2.406,40728.26,50688.473
301037.SZ,20240206,10.2,11.32,9.54,10.57,11.36,-0.79,-6.9542,54292.76,55446.112
301038.SZ,20240206,11.91,12.43,10.42,12.0,11.91,0.09,0.7557,40434.8,46102.428
301039.SZ,20240206,7.96,8.54,7.78,8.42,7.97,0.45,5.6462,213453.04,175754.172
301040.SZ,20240206,9.51,10.32,8.55,9.64,9.86,-0.22,-2.2312,55512.67,51283.675
301041.SZ,20240206,13.6,14.73,12.34,14.24,14.25,-0.01,-0.0702,68300.3,92567.066
301042.SZ,20240206,21.5,22.5,19.17,21.61,21.8,-0.19,-0.8716,26782.79,55449.756
301043.SZ,20240206,19.7,21.83,18.01,20.61,20.46,0.15,0.7331,22072.4,43885.033
301045.SZ,20240206,14.9,15.93,13.6,15.0,15.2,-0.2,-1.3158,34025.03,49247.609
301046.SZ,20240206,18.15,19.57,17.21,19.15,18.41,0.74,4.0196,40538.89,74314.37
301047.SZ,20240206,59.47,65.65,58.12,65.33,60.58,4.75,7.8409,10050.59,62486.155
301048.SZ,20240206,7.45,8.18,6.99,7.98,7.68,0.3,3.9063,92691.28,70255.239
301049.SZ,20240206,12.46,12.99,11.01,12.25,12.89,-0.64,-4.9651,29848.07,35147.132
301050.SZ,20240206,38.72,44.65,38.65,44.53,39.51,5.02,12.7056,39134.14,165190.381
301051.SZ,20240206,44.06,47.5,42.0,46.0,44.29,1.71,3.8609,14458.26,63969.938
301052.SZ,20240206,25.48,27.38,23.0,26.42,26.21,0.21,0.8012,66444.24,165739.355
301053.SZ,20240206,15.2,16.38,14.4,15.79,15.88,-0.09,-0.5668,22801.33,34515.965
301055.SZ,20240206,8.22,8.9,7.78,8.73,8.66,0.07,0.8083,55826.52,46032.145
301056.SZ,20240206,6.08,6.39,5.55,6.06,6.27,-0.21,-3.3493,93991.81,55248.848
301057.SZ,20240206,9.7,9.98,8.34,9.4,9.77,-0.37,-3.7871,55977.28,50327.662
301058.SZ,20240206,8.42,9.17,7.8,8.63,8.75,-0.12,-1.3714,248688.01,206303.921
301059.SZ,20240206,6.72,7.38,6.21,7.12,6.92,0.2,2.8902,44308.09,29933.04
301060.SZ,20240206,7.85,8.62,7.34,8.34,7.88,0.46,5.8376,78888.13,62520.398
301061.SZ,20240206,47.67,53.66,45.0,50.82,48.3,2.52,5.2174,13193.6,65611.887
301062.SZ,20240206,7.12,7.86,6.55,7.49,7.38,0.11,1.4905,69523.93,49736.094
301063.SZ,20240206,11.99,12.75,10.71,11.98,11.99,-0.01,-0.0834,51693.65,59742.007
301065.SZ,20240206,12.6,13.85,11.81,13.17,13.36,-0.19,-1.4222,32264.65,40784.523
301066.SZ,20240206,7.55,8.07,7.01,7.78,8.03,-0.25,-3.1133,75279.86,55566.093
301067.SZ,20240206,22.1,25.8,20.29,23.82,24.66,-0.84,-3.4063,34983.2,79814.906
301068.SZ,20240206,17.55,18.28,15.58,17.24,17.66,-0.42,-2.3783,11588.0,19603.867
301069.SZ,20240206,11.56,13.4,11.44,13.13,11.91,1.22,10.2435,58739.07,72622.794
301070.SZ,20240206,21.82,22.3,18.09,21.33,22.4,-1.07,-4.7768,24481.0,49206.746
301071.SZ,20240206,23.64,26.68,23.64,26.37,24.15,2.22,9.1925,48397.32,123764.617
301072.SZ,20240206,14.17,14.49,12.01,13.86,14.17,-0.31,-2.1877,32386.84,42709.87
301073.SZ,20240206,15.02,16.4,13.9,15.75,15.45,0.3,1.9417,74378.23,111727.896
301075.SZ,20240206,14.85,16.19,13.81,15.3,15.44,-0.14,-0.9067,30917.14,45401.076
301076.SZ,20240206,17.98,20.09,17.37,19.28,18.4,0.88,4.7826,73906.16,137509.54
301077.SZ,20240206,12.1,12.78,11.09,12.09,12.32,-0.23,-1.8669,21269.75,25033.49
301078.SZ,20240206,5.64,6.16,5.5,6.07,5.73,0.34,5.9337,133742.4,77638.973
301079.SZ,20240206,9.21,9.91,8.1,9.19,9.46,-0.27,-2.8541,49495.32,43629.493
301080.SZ,20240206,34.25,39.45,33.37,39.3,34.55,4.75,13.7482,31081.13,113784.87
301081.SZ,20240206,6.01,6.66,5.81,6.32,6.43,-0.11,-1.7107,64156.93,39394.607
301082.SZ,20240206,9.9,10.16,8.79,9.77,9.91,-0.14,-1.4127,51969.21,48826.738
301083.SZ,20240206,9.7,10.73,9.05,10.24,10.0,0.24,2.4,67501.13,65702.321
301085.SZ,20240206,33.0,36.27,31.31,35.1,34.0,1.1,3.2353,36361.67,122214.032
301086.SZ,20240206,24.7,26.63,23.29,26.25,25.08,1.17,4.6651,10915.0,27132.77
301087.SZ,20240206,26.23,31.77,26.03,31.0,26.7,4.3,16.1049,25975.2,76757.249
301088.SZ,20240206,9.98,10.44,9.24,10.11,10.07,0.04,0.3972,16340.87,16015.426
301089.SZ,20240206,33.01,38.52,31.84,37.59,33.61,3.98,11.8417,46929.3,165802.337
301090.SZ,20240206,8.28,9.16,8.15,9.01,8.38,0.63,7.5179,39575.86,34412.224
301091.SZ,20240206,15.51,17.05,14.5,16.48,15.74,0.74,4.7014,81587.47,128182.021
301092.SZ,20240206,16.18,18.11,15.53,17.48,16.69,0.79,4.7334,13872.62,23243.402
301093.SZ,20240206,22.56,25.59,21.5,24.15,22.99,1.16,5.0457,19139.04,44251.768
301095.SZ,20240206,49.01,53.15,46.72,52.7,48.92,3.78,7.7269,40270.18,203118.154
301096.SZ,20240206,53.4,60.58,52.63,59.36,54.68,4.68,8.5589,21931.61,124686.147
301097.SZ,20240206,30.67,33.88,28.5,32.15,31.21,0.94,3.0119,8419.06,26006.736
301098.SZ,20240206,6.78,6.97,5.88,6.75,6.82,-0.07,-1.0264,87549.31,55827.033
301099.SZ,20240206,27.35,28.97,24.5,28.79,27.35,1.44,5.2651,21785.9,58579.399
301100.SZ,20240206,11.58,12.34,10.61,11.91,11.63,0.28,2.4076,18781.01,21501.284
301101.SZ,20240206,24.8,27.53,24.05,26.94,24.85,2.09,8.4105,15972.5,41226.468
301102.SZ,20240206,11.67,12.45,10.18,12.2,11.73,0.47,4.0068,49114.96,56231.15
301103.SZ,20240206,20.33,23.38,20.3,22.52,20.99,1.53,7.2892,18545.72,40166.558
301105.SZ,20240206,20.83,23.13,18.53,21.44,21.6,-0.16,-0.7407,10398.0,21340.83
301106.SZ,20240206,35.5,36.78,31.66,35.0,36.79,-1.79,-4.8655,15406.0,53688.314
301107.SZ,20240206,16.58,18.15,15.8,17.35,17.34,0.01,0.0577,23609.7,39577.796
301108.SZ,20240206,24.96,25.86,23.14,25.31,25.25,0.06,0.2376,7827.5,19156.733
301109.SZ,20240206,12.88,13.64,12.53,13.53,13.01,0.52,3.9969,22039.93,28696.383
301110.SZ,20240206,25.08,26.47,22.22,25.58,25.1,0.48,1.9124,14999.17,36222.608
301111.SZ,20240206,13.33,14.7,12.61,13.94,14.06,-0.12,-0.8535,62755.72,84560.384
301112.SZ,20240206,15.81,18.0,15.3,17.35,17.04,0.31,1.8192,22769.13,37366.508
301113.SZ,20240206,18.9,19.21,16.33,17.99,18.91,-0.92,-4.8652,13564.75,23652.599
301115.SZ,20240206,13.98,14.96,13.71,14.54,14.35,0.19,1.324,12102.47,17382.259
301116.SZ,20240206,8.08,8.61,7.67,8.35,8.33,0.02,0.2401,71957.87,58137.429
301117.SZ,20240206,24.94,26.5,22.2,25.29,25.02,0.27,1.0791,48710.71,117482.034
301118.SZ,20240206,13.25,13.78,11.9,12.89,13.33,-0.44,-3.3008,27739.0,35064.298
301119.SZ,20240206,14.83,15.52,13.25,14.66,14.95,-0.29,-1.9398,27521.3,39206.818
301120.SZ,20240206,6.64,7.18,6.34,6.94,6.84,0.1,1.462,69087.98,45998.889
301121.SZ,20240206,21.89,23.25,19.83,22.15,22.49,-0.34,-1.5118,22479.1,47633.586
301122.SZ,20240206,20.89,21.68,18.93,21.24,20.89,0.35,1.6754,23089.4,46821.783
301123.SZ,20240206,12.0,12.98,11.1,12.31,12.25,0.06,0.4898,54980.97,65288.496
301125.SZ,20240206,9.53,10.28,8.53,9.6,10.15,-0.55,-5.4187,69950.79,65018.149
301126.SZ,20240206,7.8,8.16,7.15,7.81,7.86,-0.05,-0.6361,62750.37,47497.441
301127.SZ,20240206,7.48,7.94,6.86,7.6,7.58,0.02,0.2639,108936.04,80424.906
301128.SZ,20240206,24.0,25.99,22.01,24.8,25.11,-0.31,-1.2346,28530.45,67908.441
301129.SZ,20240206,13.8,14.18,12.08,13.48,13.81,-0.33,-2.3896,39694.99,51581.286
301130.SZ,20240206,15.89,18.13,15.23,16.99,16.38,0.61,3.7241,30696.89,50521.227
301131.SZ,20240206,28.26,29.9,26.0,28.88,28.75,0.13,0.4522,17382.11,48469.204
301132.SZ,20240206,15.19,16.42,14.1,15.85,15.64,0.21,1.3427,47055.34,71310.473
301133.SZ,20240206,17.8,18.87,16.01,18.0,18.1,-0.1,-0.5525,32658.64,56606.981
301135.SZ,20240206,14.9,15.44,13.07,14.47,14.99,-0.52,-3.469,28984.45,40985.687
301136.SZ,20240206,7.83,8.15,7.12,7.78,7.91,-0.13,-1.6435,55897.42,42252.486
301137.SZ,20240206,11.87,12.58,10.7,11.96,12.08,-0.12,-0.9934,52196.75,60048.627
301138.SZ,20240206,15.81,16.99,14.02,16.19,16.51,-0.32,-1.9382,23772.29,36563.022
301139.SZ,20240206,16.8,18.08,15.25,17.45,17.24,0.21,1.2181,73469.0,121105.322
301141.SZ,20240206,30.67,35.9,30.36,35.2,33.25,1.95,5.8647,46502.61,158214.252
301148.SZ,20240206,13.23,13.95,12.16,13.32,13.63,-0.31,-2.2744,29840.32,38249.22
301149.SZ,20240206,8.04,8.68,7.52,8.46,8.19,0.27,3.2967,103683.82,84117.727
301150.SZ,20240206,19.59,21.05,18.77,20.8,20.19,0.61,3.0213,19273.06,38374.441
301151.SZ,20240206,12.11,12.85,11.21,12.46,12.38,0.08,0.6462,33858.0,40460.766
301152.SZ,20240206,23.0,25.09,22.08,24.08,24.01,0.07,0.2915,41372.97,96989.821
301153.SZ,20240206,48.08,57.28,46.58,56.53,48.01,8.52,17.7463,31569.92,165332.338
301155.SZ,20240206,34.31,38.99,33.82,38.4,34.56,3.84,11.1111,43229.82,158631.26
301156.SZ,20240206,10.63,11.4,9.61,10.86,11.01,-0.15,-1.3624,41566.56,43795.683
301157.SZ,20240206,24.22,26.9,23.52,26.37,25.32,1.05,4.1469,10396.14,26391.322
301158.SZ,20240206,9.69,10.51,9.16,10.19,9.98,0.21,2.1042,46788.98,45468.329
301159.SZ,20240206,25.96,27.25,23.3,26.04,26.31,-0.27,-1.0262,33604.46,83471.318
301160.SZ,20240206,28.0,30.08,26.39,28.85,28.33,0.52,1.8355,24124.19,67833.793
301161.SZ,20240206,11.77,13.95,11.77,13.39,13.25,0.14,1.0566,16093.04,20969.315
301162.SZ,20240206,30.79,33.78,29.02,33.34,30.8,2.54,8.2468,28883.54,90835.101
301163.SZ,20240206,14.78,15.5,12.99,14.5,15.05,-0.55,-3.6545,19726.0,27732.234
301165.SZ,20240206,25.48,28.55,24.9,28.01,25.55,2.46,9.6282,42735.37,114332.315
301166.SZ,20240206,24.48,25.86,22.81,25.19,24.3,0.89,3.6626,12185.39,29593.467
301167.SZ,20240206,9.62,10.24,8.57,9.65,9.97,-0.32,-3.2096,63330.76,58776.885
301168.SZ,20240206,35.0,38.91,34.82,38.12,35.77,2.35,6.5698,33455.87,124420.209
301169.SZ,20240206,27.61,31.22,26.52,29.47,29.3,0.17,0.5802,31971.17,90933.054
301170.SZ,20240206,18.0,19.25,16.67,18.78,18.5,0.28,1.5135,21223.19,38129.246
301171.SZ,20240206,13.56,14.95,13.32,14.66,13.81,0.85,6.155,79794.5,113445.207
301172.SZ,20240206,26.11,28.0,24.3,27.33,26.11,1.22,4.6725,38343.44,101557.341
301175.SZ,20240206,4.08,4.53,3.99,4.35,4.12,0.23,5.5825,324900.12,138917.209
301176.SZ,20240206,8.7,8.96,7.75,8.48,8.93,-0.45,-5.0392,43362.66,35890.955
301177.SZ,20240206,19.53,21.48,19.03,21.1,19.89,1.21,6.0835,17220.79,35022.067
301178.SZ,20240206,16.39,17.46,14.55,17.29,17.07,0.22,1.2888,41582.13,66200.131
301179.SZ,20240206,17.77,18.55,16.5,17.89,17.62,0.27,1.5323,21792.92,38111.898
301180.SZ,20240206,10.22,11.39,10.22,11.39,9.49,1.9,20.0211,30724.67,34053.719
301181.SZ,20240206,16.28,17.37,14.77,16.82,16.57,0.25,1.5088,20091.57,32432.152
301182.SZ,20240206,11.53,11.9,9.95,11.35,12.0,-0.65,-5.4167,42814.74,46403.204
301183.SZ,20240206,22.7,25.45,20.62,23.63,23.63,0.0,0.0,49405.42,111407.287
301185.SZ,20240206,12.51,13.67,11.77,13.16,12.72,0.44,3.4591,79119.56,99138.428
301186.SZ,20240206,22.63,25.55,21.89,24.75,23.51,1.24,5.2744,16475.45,38804.722
301187.SZ,20240206,12.0,13.3,11.6,12.91,12.52,0.39,3.115,55024.97,68176.506
301188.SZ,20240206,12.69,14.26,11.81,13.81,12.8,1.01,7.8906,42425.55,55303.054
301189.SZ,20240206,15.85,17.14,14.9,16.49,16.25,0.24,1.4769,16465.65,26204.606
301190.SZ,20240206,13.8,14.5,13.21,13.79,14.17,-0.38,-2.6817,15958.14,22059.691
301191.SZ,20240206,59.19,64.4,57.33,64.2,60.79,3.41,5.6095,24107.03,147519.838
301192.SZ,20240206,12.5,13.39,10.69,12.24,12.75,-0.51,-4.0,32674.93,38210.106
301193.SZ,20240206,11.84,13.92,11.84,13.14,13.29,-0.15,-1.1287,27280.46,34881.388
301195.SZ,20240206,28.6,31.49,26.82,30.71,29.0,1.71,5.8966,19618.04,57229.232
301196.SZ,20240206,23.77,26.08,22.5,25.95,23.79,2.16,9.0794,12494.78,30695.011
301197.SZ,20240206,10.01,10.87,9.05,10.11,10.38,-0.27,-2.6012,43039.06,41899.777
301198.SZ,20240206,6.74,7.16,6.24,6.78,7.1,-0.32,-4.507,78344.14,51722.627
301199.SZ,20240206,14.6,15.72,13.05,15.05,14.88,0.17,1.1425,35980.93,51479.019
301200.SZ,20240206,29.08,32.33,28.01,31.53,30.0,1.53,5.1,31171.81,94631.259
301201.SZ,20240206,15.31,16.79,14.6,16.2,15.89,0.31,1.9509,37919.84,58789.398
301202.SZ,20240206,17.31,18.9,16.12,18.14,17.63,0.51,2.8928,32232.76,55943.928
301203.SZ,20240206,24.3,26.11,23.31,25.11,25.13,-0.02,-0.0796,11636.4,28709.168
301205.SZ,20240206,64.06,74.28,63.0,72.5,66.62,5.88,8.8262,72945.69,506881.645
301206.SZ,20240206,21.34,23.19,20.8,22.45,21.66,0.79,3.6473,5778.25,12706.807
301207.SZ,20240206,19.67,22.46,19.5,22.28,20.24,2.04,10.0791,53892.38,114730.229
301208.SZ,20240206,23.01,24.8,21.9,24.15,23.35,0.8,3.4261,22392.57,52182.789
301209.SZ,20240206,13.69,14.44,11.68,13.19,13.9,-0.71,-5.1079,27882.48,36069.364
301210.SZ,20240206,25.97,27.55,24.24,26.6,26.07,0.53,2.033,9649.22,24876.606
301211.SZ,20240206,14.48,16.06,14.35,15.76,14.82,0.94,6.3428,37007.51,56390.518
301212.SZ,20240206,14.5,15.9,13.98,15.21,15.54,-0.33,-2.1236,14897.12,21969.054
301213.SZ,20240206,22.01,22.85,19.46,22.04,22.36,-0.32,-1.4311,22084.76,46545.109
301215.SZ,20240206,4.31,4.72,4.04,4.55,4.48,0.07,1.5625,311418.63,136091.062
301216.SZ,20240206,10.28,11.28,10.11,11.07,10.38,0.69,6.6474,44489.05,47767.47
301217.SZ,20240206,7.63,8.48,7.4,8.28,7.73,0.55,7.1151,80514.77,63656.962
301218.SZ,20240206,19.74,20.9,18.06,20.36,19.81,0.55,2.7764,72901.31,141790.166
301219.SZ,20240206,28.2,32.48,28.01,32.1,28.55,3.55,12.4343,32342.35,99355.046
301220.SZ,20240206,26.0,27.8,25.01,26.96,26.49,0.47,1.7743,7252.42,19041.682
301221.SZ,20240206,29.2,32.69,27.62,31.68,30.1,1.58,5.2492,44102.97,132883.904
301222.SZ,20240206,16.0,17.55,15.26,17.11,16.8,0.31,1.8452,20849.92,33679.51
301223.SZ,20240206,12.71,13.7,12.36,13.35,12.9,0.45,3.4884,13654.59,17742.821
301225.SZ,20240206,21.0,22.05,19.1,21.45,20.87,0.58,2.7791,19571.42,40273.709
301226.SZ,20240206,12.04,12.77,10.6,11.95,12.22,-0.27,-2.2095,34134.8,38975.955
301227.SZ,20240206,19.71,22.82,19.21,21.97,19.02,2.95,15.51,37532.23,80408.995
301228.SZ,20240206,8.3,9.37,8.11,8.85,9.5,-0.65,-6.8421,66190.76,56792.169
301229.SZ,20240206,20.0,21.86,18.05,21.29,20.6,0.69,3.3495,26215.0,51860.255
301230.SZ,20240206,22.56,24.8,21.16,24.0,23.25,0.75,3.2258,29065.69,67161.166
301231.SZ,20240206,14.02,15.51,12.98,14.38,14.83,-0.45,-3.0344,45466.27,63080.678
301232.SZ,20240206,29.8,32.09,28.08,30.85,30.45,0.4,1.3136,6331.35,19135.011
301233.SZ,20240206,24.76,27.3,23.08,25.88,25.84,0.04,0.1548,16827.21,41536.912
301234.SZ,20240206,19.35,20.79,17.83,19.71,19.35,0.36,1.8605,23961.52,45717.857
301235.SZ,20240206,15.03,16.3,14.03,15.87,15.3,0.57,3.7255,30373.86,45569.194
301236.SZ,20240206,28.91,32.93,28.91,32.25,29.34,2.91,9.9182,564152.08,1754830.826
301237.SZ,20240206,16.45,16.95,14.58,16.01,16.84,-0.83,-4.9287,18502.94,28985.37
301238.SZ,20240206,11.85,13.27,11.72,13.06,12.0,1.06,8.8333,65364.86,82123.304
301239.SZ,20240206,54.02,62.55,52.69,61.99,54.76,7.23,13.2031,36154.05,210463.099
301246.SZ,20240206,17.6,19.53,17.05,19.2,17.77,1.43,8.0473,15831.34,29147.403
301248.SZ,20240206,9.63,10.13,8.57,9.58,9.8,-0.22,-2.2449,64332.69,59742.209
301251.SZ,20240206,24.51,26.25,22.31,25.58,25.49,0.09,0.3531,45491.8,111268.818
301252.SZ,20240206,24.2,26.37,22.52,25.52,24.73,0.79,3.1945,12746.89,30985.552
301255.SZ,20240206,25.5,27.39,23.33,26.26,25.67,0.59,2.2984,20588.61,51906.036
301256.SZ,20240206,5.49,5.89,5.16,5.7,5.53,0.17,3.0741,48807.53,26790.785
301257.SZ,20240206,35.32,39.78,33.6,38.71,36.8,1.91,5.1902,30913.54,113700.13
301258.SZ,20240206,20.7,22.3,19.66,21.65,20.81,0.84,4.0365,17106.8,35705.315
301259.SZ,20240206,15.44,15.84,14.1,15.33,15.31,0.02,0.1306,31639.8,47696.911
301260.SZ,20240206,9.95,10.48,9.12,10.26,10.01,0.25,2.4975,55755.29,54240.794
301261.SZ,20240206,31.62,35.3,29.71,33.72,32.15,1.57,4.8834,16532.49,53558.843
301262.SZ,20240206,21.08,22.63,19.9,22.04,21.0,1.04,4.9524,40728.94,86878.514
301263.SZ,20240206,11.93,13.1,11.65,12.6,12.1,0.5,4.1322,48616.1,60430.816
301265.SZ,20240206,7.11,7.65,6.71,7.34,7.23,0.11,1.5214,26615.65,18747.163
301266.SZ,20240206,30.5,33.77,30.06,33.09,31.15,1.94,6.2279,36293.23,117058.326
301267.SZ,20240206,26.29,28.69,26.08,28.18,26.59,1.59,5.9797,73719.1,204062.61
301268.SZ,20240206,18.0,21.1,17.88,20.52,18.54,1.98,10.6796,34269.49,66818.204
301269.SZ,20240206,74.5,81.74,73.69,81.74,75.25,6.49,8.6246,30793.45,243814.195
301270.SZ,20240206,21.2,23.59,20.24,22.86,22.02,0.84,3.8147,48130.89,105258.477
301272.SZ,20240206,32.18,35.83,31.0,34.84,32.9,1.94,5.8967,11694.37,38773.695
301273.SZ,20240206,13.65,15.49,12.75,14.41,14.7,-0.29,-1.9728,23654.12,32614.242
301276.SZ,20240206,16.52,17.87,15.88,17.34,17.03,0.31,1.8203,10018.2,16808.903
301277.SZ,20240206,13.49,14.99,13.02,14.62,13.82,0.8,5.7887,33037.49,46083.357
301278.SZ,20240206,34.05,37.8,33.72,36.85,34.9,1.95,5.5874,19494.56,69566.756
301279.SZ,20240206,13.19,14.24,12.13,13.78,13.59,0.19,1.3981,24852.72,32359.544
301280.SZ,20240206,25.17,26.92,23.71,26.3,24.99,1.31,5.2421,21936.68,55813.064
301281.SZ,20240206,21.1,22.56,19.58,22.09,21.19,0.9,4.2473,21104.67,44700.582
301282.SZ,20240206,12.5,13.33,11.41,12.79,12.88,-0.09,-0.6988,48938.48,60055.635
301283.SZ,20240206,23.25,24.31,21.31,23.62,23.25,0.37,1.5914,17510.01,39283.683
301285.SZ,20240206,16.8,17.59,13.89,17.16,17.27,-0.11,-0.6369,139622.07,228249.884
301286.SZ,20240206,24.69,26.36,23.89,25.88,25.69,0.19,0.7396,9228.57,23204.025
301287.SZ,20240206,22.11,24.11,21.21,23.82,23.11,0.71,3.0723,14547.6,32944.88
301288.SZ,20240206,11.68,12.15,10.5,11.59,12.04,-0.45,-3.7375,25367.0,28510.216
301289.SZ,20240206,34.68,37.08,32.23,36.25,34.8,1.45,4.1667,22640.11,78315.743
301290.SZ,20240206,17.01,18.7,16.6,18.21,17.53,0.68,3.8791,13641.91,23958.016
301291.SZ,20240206,24.1,26.17,22.8,25.74,24.36,1.38,5.665,25393.12,63047.847
301292.SZ,20240206,11.76,12.39,11.01,11.96,11.83,0.13,1.0989,28056.53,32610.177
301293.SZ,20240206,53.0,58.5,48.22,56.56,54.66,1.9,3.476,76600.3,405809.417
301295.SZ,20240206,19.49,21.25,17.9,19.95,20.15,-0.2,-0.9926,15917.55,30563.184
301296.SZ,20240206,6.95,7.61,6.57,7.37,7.0,0.37,5.2857,58514.27,41328.273
301297.SZ,20240206,14.85,16.86,14.59,16.43,15.67,0.76,4.85,90045.12,141810.162
301298.SZ,20240206,10.11,10.75,9.25,10.47,10.37,0.1,0.9643,45726.56,45184.635
301299.SZ,20240206,31.88,34.5,29.43,33.37,32.9,0.47,1.4286,20201.03,63998.187
301300.SZ,20240206,16.51,18.61,16.4,17.63,18.24,-0.61,-3.3443,12562.41,21779.789
301301.SZ,20240206,7.06,8.25,7.0,8.1,7.19,0.91,12.6565,177659.36,137147.678
301302.SZ,20240206,14.89,15.88,13.51,15.15,15.1,0.05,0.3311,112640.73,164353.042
301303.SZ,20240206,13.6,14.56,13.02,14.24,13.69,0.55,4.0175,18250.93,25199.73
301305.SZ,20240206,12.46,13.18,11.75,12.79,12.47,0.32,2.5662,16308.32,20299.312
301306.SZ,20240206,20.06,20.94,17.56,20.54,20.12,0.42,2.0875,26376.0,50716.324
301307.SZ,20240206,17.0,18.95,16.22,18.4,17.42,0.98,5.6257,45015.04,79177.297
301308.SZ,20240206,66.94,75.0,66.82,74.96,69.0,5.96,8.6377,68772.37,494017.308
301309.SZ,20240206,19.03,20.36,18.0,20.05,19.03,1.02,5.36,4302.36,8327.672
301310.SZ,20240206,28.38,31.23,27.57,30.39,28.51,1.88,6.5942,16339.34,47955.239
301311.SZ,20240206,16.33,17.87,15.11,17.32,16.75,0.57,3.403,73629.58,120565.752
301312.SZ,20240206,51.43,54.58,47.78,52.46,51.3,1.16,2.2612,17611.98,89277.533
301313.SZ,20240206,17.62,18.61,15.71,17.59,17.73,-0.14,-0.7896,58674.92,99279.52
301314.SZ,20240206,24.43,26.39,22.77,25.58,25.5,0.08,0.3137,9846.05,24149.143
301315.SZ,20240206,54.5,61.7,51.8,59.54,56.88,2.66,4.6765,77633.94,444508.33
301316.SZ,20240206,13.4,15.18,13.05,14.75,14.04,0.71,5.057,81930.13,115416.442
301317.SZ,20240206,11.42,11.94,10.29,11.45,11.7,-0.25,-2.1368,21019.02,23504.108
301318.SZ,20240206,18.55,19.38,16.57,18.78,18.63,0.15,0.8052,23767.85,42594.744
301319.SZ,20240206,32.82,35.79,30.55,35.21,33.5,1.71,5.1045,9379.85,30799.243
301320.SZ,20240206,11.67,12.66,11.39,12.17,11.66,0.51,4.3739,50788.58,60661.701
301321.SZ,20240206,10.05,10.83,9.16,10.2,10.34,-0.14,-1.354,66755.75,65564.709
301322.SZ,20240206,26.6,28.95,25.37,28.14,26.6,1.54,5.7895,16681.59,45233.681
301323.SZ,20240206,21.94,23.98,20.7,23.34,22.51,0.83,3.6873,17114.57,38183.438
301325.SZ,20240206,53.05,58.88,50.6,58.48,53.06,5.42,10.2149,13396.63,74030.616
301326.SZ,20240206,18.56,20.49,17.37,18.91,19.5,-0.59,-3.0256,15535.41,28828.917
301327.SZ,20240206,49.13,55.36,49.13,54.2,51.35,2.85,5.5501,10763.87,57099.529
301328.SZ,20240206,28.69,31.45,26.41,30.02,29.03,0.99,3.4103,16493.01,47234.48
301329.SZ,20240206,12.5,13.89,12.19,13.45,12.96,0.49,3.7809,30277.66,39233.916
301330.SZ,20240206,19.95,21.36,18.02,20.66,19.98,0.68,3.4034,47231.52,92258.373
301331.SZ,20240206,29.4,31.3,27.95,30.6,29.45,1.15,3.9049,10307.03,30768.639
301332.SZ,20240206,7.92,8.57,7.7,8.36,8.23,0.13,1.5796,41136.3,33506.582
301333.SZ,20240206,41.0,46.8,38.61,44.75,43.0,1.75,4.0698,19021.19,80920.381
301335.SZ,20240206,14.54,14.98,13.34,14.3,14.69,-0.39,-2.6549,13752.14,19259.181
301336.SZ,20240206,25.47,28.0,22.25,26.22,26.25,-0.03,-0.1143,9963.0,24889.632
301337.SZ,20240206,28.03,30.32,27.81,30.09,27.9,2.19,7.8495,73594.17,212762.363
301338.SZ,20240206,20.3,22.17,18.43,21.1,21.1,0.0,0.0,32201.75,64857.814
301339.SZ,20240206,11.89,12.89,11.16,12.51,12.12,0.39,3.2178,61069.67,73391.844
301345.SZ,20240206,47.44,52.59,44.84,50.87,48.44,2.43,5.0165,12042.38,59043.507
301348.SZ,20240206,26.76,29.23,25.54,28.9,26.9,2.0,7.4349,50311.73,138633.3
301349.SZ,20240206,23.8,25.7,22.19,25.39,24.51,0.88,3.5904,28014.76,66244.121
301353.SZ,20240206,18.8,20.74,18.25,19.87,19.6,0.27,1.3776,8753.66,16893.285
301355.SZ,20240206,9.83,10.5,9.1,10.14,9.96,0.18,1.8072,26547.02,25853.635
301356.SZ,20240206,12.59,13.39,11.62,12.78,12.48,0.3,2.4038,14252.1,17601.728
301357.SZ,20240206,27.93,29.99,25.5,28.65,28.03,0.62,2.2119,17828.35,48384.415
301358.SZ,20240206,23.19,25.81,23.01,25.35,23.5,1.85,7.8723,48080.05,118053.861
301359.SZ,20240206,13.7,14.55,12.23,13.85,13.86,-0.01,-0.0722,46631.98,61442.068
301360.SZ,20240206,39.9,43.87,38.2,42.45,40.89,1.56,3.8151,12050.05,49162.143
301361.SZ,20240206,13.5,14.59,12.66,14.03,13.93,0.1,0.7179,26281.9,35472.462
301362.SZ,20240206,26.89,29.88,25.53,28.5,26.89,1.61,5.9874,26167.72,73640.274
301363.SZ,20240206,23.54,27.1,22.5,25.99,23.8,2.19,9.2017,33096.56,81489.986
301365.SZ,20240206,8.5,9.31,8.08,8.94,9.12,-0.18,-1.9737,26951.73,23199.962
301366.SZ,20240206,18.5,19.65,17.2,19.08,18.8,0.28,1.4894,29317.55,53781.353
301367.SZ,20240206,87.0,98.58,84.6,95.2,88.07,7.13,8.0958,10540.04,96122.199
301368.SZ,20240206,24.76,27.19,23.57,26.48,25.52,0.96,3.7618,41331.55,105059.36
301369.SZ,20240206,31.46,33.96,29.21,32.6,32.1,0.5,1.5576,18271.34,57313.936
301370.SZ,20240206,11.2,12.27,10.66,11.96,11.3,0.66,5.8407,55345.1,63481.662
301371.SZ,20240206,25.94,28.87,25.3,28.09,25.94,2.15,8.2884,26556.43,72158.609
301372.SZ,20240206,26.87,28.9,25.58,28.38,27.6,0.78,2.8261,12085.67,32838.035
301373.SZ,20240206,19.35,20.54,17.7,19.83,19.35,0.48,2.4806,12133.15,23064.548
301376.SZ,20240206,17.8,20.31,17.12,19.85,18.5,1.35,7.2973,42245.83,79392.338
301377.SZ,20240206,12.55,13.92,11.81,13.62,12.78,0.84,6.5728,48975.99,62941.391
301378.SZ,20240206,23.57,26.88,23.55,26.1,26.38,-0.28,-1.0614,14071.4,35049.478
301379.SZ,20240206,16.88,17.66,14.99,16.9,17.15,-0.25,-1.4577,36362.21,58861.249
301380.SZ,20240206,27.5,30.12,25.82,29.15,28.51,0.64,2.2448,19955.2,55608.907
301381.SZ,20240206,21.3,24.15,21.06,23.32,21.66,1.66,7.6639,33476.85,75498.514
301382.SZ,20240206,23.38,24.99,21.52,24.4,23.3,1.1,4.721,31824.36,74365.577
301383.SZ,20240206,32.4,37.68,31.45,35.5,33.27,2.23,6.7027,32616.5,111006.403
301386.SZ,20240206,15.8,16.76,14.6,16.02,15.78,0.24,1.5209,18488.57,28671.556
301387.SZ,20240206,31.89,39.96,31.13,38.35,33.3,5.05,15.1652,28864.3,101977.7
301388.SZ,20240206,13.18,14.07,12.43,13.53,13.75,-0.22,-1.6,23360.7,30561.388
301389.SZ,20240206,10.29,10.99,9.77,10.6,10.5,0.1,0.9524,48958.59,50405.628
301390.SZ,20240206,25.51,27.36,23.67,26.46,26.36,0.1,0.3794,13578.0,34568.438
301391.SZ,20240206,91.99,105.51,91.0,103.07,93.58,9.49,10.1411,7740.87,76925.655
301393.SZ,20240206,38.0,41.85,36.51,41.29,37.5,3.79,10.1067,30067.68,118382.571
301395.SZ,20240206,12.24,12.84,11.35,12.4,12.32,0.08,0.6494,18158.48,21840.807
301396.SZ,20240206,15.52,16.34,13.8,15.74,15.62,0.12,0.7682,36287.19,54340.88
301397.SZ,20240206,25.9,28.5,24.21,27.35,26.16,1.19,4.5489,13519.38,35455.289
301398.SZ,20240206,29.2,32.59,27.0,32.04,29.65,2.39,8.0607,30168.91,90263.752
301399.SZ,20240206,21.32,22.64,19.4,21.9,21.59,0.31,1.4358,19098.29,39747.397
301408.SZ,20240206,10.44,11.35,9.94,11.07,10.53,0.54,5.1282,37043.65,39453.087
301413.SZ,20240206,38.19,41.91,38.19,40.92,38.18,2.74,7.1765,22617.83,89977.299
301418.SZ,20240206,30.2,32.22,28.02,31.38,30.65,0.73,2.3817,13761.58,41289.889
301419.SZ,20240206,20.31,21.87,18.8,21.09,20.69,0.4,1.9333,25455.33,51584.508
301421.SZ,20240206,34.0,38.88,32.9,37.6,34.57,3.03,8.7648,32676.3,117319.213
301428.SZ,20240206,22.2,23.78,20.25,23.06,22.45,0.61,2.7171,25982.32,57189.118
301429.SZ,20240206,11.77,12.77,10.89,12.09,12.2,-0.11,-0.9016,30419.07,35443.089
301439.SZ,20240206,9.9,10.76,9.46,10.46,9.96,0.5,5.0201,27904.73,28316.925
301446.SZ,20240206,19.19,19.93,17.5,19.31,19.21,0.1,0.5206,16273.67,30260.422
301448.SZ,20240206,19.42,21.68,18.54,20.89,20.6,0.29,1.4078,24663.71,49197.743
301456.SZ,20240206,20.32,21.73,19.39,21.21,20.2,1.01,5.0,18227.8,37410.971
301459.SZ,20240206,30.97,33.44,30.24,33.04,31.09,1.95,6.2721,16384.0,52500.316
301468.SZ,20240206,19.64,20.9,18.31,20.46,19.67,0.79,4.0163,9442.52,18767.192
301469.SZ,20240206,23.8,25.89,21.31,25.0,26.1,-1.1,-4.2146,78720.08,185211.148
301486.SZ,20240206,25.77,28.2,25.07,27.65,26.68,0.97,3.6357,20206.74,53621.12
301487.SZ,20240206,26.0,28.46,25.0,27.81,26.25,1.56,5.9429,48794.89,131105.757
301488.SZ,20240206,37.55,40.01,35.13,38.9,38.0,0.9,2.3684,28074.25,106211.746
301489.SZ,20240206,38.0,41.68,36.1,39.86,38.89,0.97,2.4942,17437.42,67024.914
301498.SZ,20240206,36.42,38.86,35.57,38.25,36.9,1.35,3.6585,12291.25,46209.798
301499.SZ,20240206,17.19,18.45,15.7,17.81,17.35,0.46,2.6513,34087.96,58192.352
301500.SZ,20240206,14.68,15.6,13.74,15.24,14.78,0.46,3.1123,25641.23,37558.306
301502.SZ,20240206,45.88,65.0,44.51,59.05,47.51,11.54,24.2896,95413.07,516273.059
301503.SZ,20240206,19.39,21.08,18.54,20.35,20.06,0.29,1.4457,28859.48,56564.649
301505.SZ,20240206,20.28,22.97,19.92,22.09,22.42,-0.33,-1.4719,23113.06,49085.173
301507.SZ,20240206,10.6,11.95,10.28,11.65,10.9,0.75,6.8807,60521.24,67687.38
301508.SZ,20240206,30.23,33.32,29.0,32.88,30.8,2.08,6.7532,143716.2,455641.867
301509.SZ,20240206,54.01,59.8,50.0,58.09,56.07,2.02,3.6026,56238.6,310963.418
301510.SZ,20240206,22.0,23.84,20.79,23.46,22.05,1.41,6.3946,24255.89,54766.453
301511.SZ,20240206,15.6,17.23,15.17,16.9,15.8,1.1,6.962,75074.05,121848.352
301512.SZ,20240206,35.0,37.93,32.71,36.88,35.7,1.18,3.3053,15049.26,53183.172
301515.SZ,20240206,17.03,18.5,16.08,17.98,17.39,0.59,3.3928,25906.55,44627.126
301516.SZ,20240206,16.82,19.36,16.27,18.51,18.21,0.3,1.6474,234316.42,409626.102
301517.SZ,20240206,32.49,34.8,30.12,34.3,32.66,1.64,5.0214,20210.54,65940.586
301518.SZ,20240206,13.89,14.71,12.81,14.05,14.03,0.02,0.1426,31981.04,43423.891
301519.SZ,20240206,12.63,13.68,11.89,13.18,12.87,0.31,2.4087,26395.82,33513.366
301520.SZ,20240206,43.41,47.6,42.9,46.89,44.68,2.21,4.9463,7149.23,32700.516
301525.SZ,20240206,50.74,56.11,49.63,54.77,52.0,2.77,5.3269,10998.51,58096.839
301526.SZ,20240206,3.92,4.5,3.88,4.41,3.98,0.43,10.804,985232.83,419475.224
301528.SZ,20240206,43.76,46.01,40.46,44.74,44.26,0.48,1.0845,9563.58,41074.555
301529.SZ,20240206,22.43,23.69,20.68,22.87,22.76,0.11,0.4833,23307.25,51263.767
301533.SZ,20240206,21.39,23.68,20.22,22.66,22.34,0.32,1.4324,29585.11,64672.356
301548.SZ,20240206,35.9,39.76,33.94,38.6,36.68,1.92,5.2345,10950.84,40363.373
301550.SZ,20240206,25.08,28.5,24.44,27.38,25.53,1.85,7.2464,29104.77,76569.581
301555.SZ,20240206,24.22,25.2,22.53,24.95,24.22,0.73,3.014,24757.07,58745.617
301558.SZ,20240206,9.2,10.27,9.05,9.99,9.42,0.57,6.051,100445.03,97555.071
301559.SZ,20240206,14.23,15.32,13.83,14.95,14.34,0.61,4.2538,27064.02,39524.091
301566.SZ,20240206,14.5,16.18,14.5,15.85,14.55,1.3,8.9347,84425.77,129376.99
301567.SZ,20240206,31.48,34.5,30.15,33.45,32.4,1.05,3.2407,48525.4,158160.168
301568.SZ,20240206,25.52,27.46,24.02,27.28,25.82,1.46,5.6545,32014.1,83113.082
301577.SZ,20240206,44.0,48.66,43.01,47.0,44.75,2.25,5.0279,39826.1,183990.623
301578.SZ,20240206,39.88,43.8,38.89,42.35,40.9,1.45,3.5452,20740.73,85631.704
302132.SZ,20240206,33.49,36.95,33.42,36.8,33.97,2.83,8.3309,105406.27,375210.297
