ts_code,trade_date,open,high,low,close,pre_close,change,pct_chg,vol,amount
300001.SZ,20241209,22.05,22.56,22.01,22.29,22.15,0.14,0.6321,138219.21,307548.613
300002.SZ,20241209,12.85,13.3,12.71,12.91,12.82,0.09,0.702,1105109.15,1432257.954
300003.SZ,20241209,12.36,12.46,12.12,12.19,12.29,-0.1,-0.8137,215381.61,264345.886
300004.SZ,20241209,7.16,7.18,6.88,6.98,7.12,-0.14,-1.9663,149889.0,105047.073
300005.SZ,20241209,8.1,8.12,7.55,7.72,8.17,-0.45,-5.508,400484.1,312691.932
300006.SZ,20241209,5.88,6.24,5.88,6.03,5.73,0.3,5.2356,717181.6,437139.207
300007.SZ,20241209,19.9,21.35,19.83,20.92,20.1,0.82,4.0796,534210.09,1107694.033
300008.SZ,20241209,5.45,5.47,5.3,5.36,5.49,-0.13,-2.3679,719713.0,386893.195
300009.SZ,20241209,9.1,9.23,9.07,9.16,9.03,0.13,1.4396,281461.31,257666.986
300010.SZ,20241209,10.29,10.98,10.19,10.44,10.23,0.21,2.0528,2606063.42,2752758.726
300011.SZ,20241209,8.73,8.81,8.42,8.61,8.73,-0.12,-1.3746,161305.0,138593.559
300012.SZ,20241209,13.23,13.27,12.92,13.04,13.2,-0.16,-1.2121,307289.0,402051.878
300013.SZ,20241209,4.38,4.52,4.2,4.2,4.47,-0.27,-6.0403,294483.0,127020.888
300014.SZ,20241209,48.98,50.88,48.86,49.9,49.1,0.8,1.6293,341823.67,1707985.877
300015.SZ,20241209,14.76,14.92,14.51,14.62,14.76,-0.14,-0.9485,720229.62,1059953.831
300016.SZ,20241209,7.23,7.4,7.12,7.17,7.12,0.05,0.7022,162216.5,117877.007
300017.SZ,20241209,9.58,9.68,9.33,9.5,9.58,-0.08,-0.8351,887292.24,840925.712
300018.SZ,20241209,7.31,7.64,7.31,7.42,7.31,0.11,1.5048,230806.0,171703.161
300019.SZ,20241209,16.69,17.04,16.58,16.86,16.71,0.15,0.8977,184404.13,309960.951
300020.SZ,20241209,3.51,3.97,3.42,3.89,3.47,0.42,12.1037,1223532.93,451798.808
300021.SZ,20241209,4.55,4.58,4.41,4.49,4.55,-0.06,-1.3187,229205.0,102904.359
300022.SZ,20241209,5.11,5.25,5.09,5.15,5.19,-0.04,-0.7707,217097.1,111822.635
300024.SZ,20241209,21.83,23.49,21.69,22.44,22.46,-0.02,-0.089,2058606.18,4634137.721
300025.SZ,20241209,13.57,13.99,12.88,13.17,13.71,-0.54,-3.9387,395322.0,527350.299
300026.SZ,20241209,4.28,4.31,4.17,4.2,4.23,-0.03,-0.7092,774296.12,328403.219
300027.SZ,20241209,3.47,3.5,3.32,3.38,3.47,-0.09,-2.5937,1903502.91,647592.976
300029.SZ,20241209,5.78,5.97,5.75,5.81,5.78,0.03,0.519,48290.0,28331.609
300030.SZ,20241209,7.2,7.53,7.09,7.17,7.19,-0.02,-0.2782,140458.0,101715.072
300031.SZ,20241209,22.16,22.3,21.57,21.97,22.22,-0.25,-1.1251,286431.82,626718.98
300032.SZ,20241209,5.57,5.7,5.46,5.55,5.62,-0.07,-1.2456,289243.16,161078.515
300033.SZ,20241209,337.0,343.86,324.91,330.31,342.01,-11.7,-3.421,197961.36,6560093.266
300034.SZ,20241209,16.7,16.83,16.47,16.59,16.79,-0.2,-1.1912,93982.35,156475.896
300035.SZ,20241209,15.53,15.71,15.23,15.33,15.46,-0.13,-0.8409,166117.0,256551.937
300036.SZ,20241209,18.64,18.82,18.17,18.34,18.63,-0.29,-1.5566,106980.29,197131.204
300037.SZ,20241209,39.83,40.68,39.01,39.45,39.99,-0.54,-1.3503,95124.68,376867.366
300039.SZ,20241209,6.83,6.92,6.74,6.78,6.8,-0.02,-0.2941,232188.31,158542.926
300040.SZ,20241209,6.76,6.85,6.7,6.79,6.81,-0.02,-0.2937,165470.99,112279.534
300041.SZ,20241209,9.04,9.26,9.03,9.18,9.07,0.11,1.2128,146297.03,133729.879
300042.SZ,20241209,21.0,21.25,20.55,20.65,21.07,-0.42,-1.9934,64838.1,135345.721
300043.SZ,20241209,4.5,4.58,4.29,4.37,4.47,-0.1,-2.2371,1190226.6,525398.626
300044.SZ,20241209,8.0,8.28,7.94,8.06,8.09,-0.03,-0.3708,918559.39,746158.969
300045.SZ,20241209,24.7,24.8,23.92,24.14,24.81,-0.67,-2.7005,212022.0,514665.89
300046.SZ,20241209,39.56,40.05,38.59,39.05,40.03,-0.98,-2.4482,176372.13,690610.714
300047.SZ,20241209,14.45,15.36,14.41,14.9,14.8,0.1,0.6757,773164.24,1144113.848
300048.SZ,20241209,5.44,5.51,5.38,5.43,5.45,-0.02,-0.367,183557.81,99825.23
300049.SZ,20241209,38.76,39.09,38.26,38.53,38.65,-0.12,-0.3105,57099.99,220598.626
300050.SZ,20241209,7.14,7.48,7.06,7.38,7.13,0.25,3.5063,663080.52,484300.518
300051.SZ,20241209,8.87,8.87,8.56,8.63,8.72,-0.09,-1.0321,73611.0,63856.573
300052.SZ,20241209,20.6,20.7,19.9,20.21,20.62,-0.41,-1.9884,174870.89,354101.16
300053.SZ,20241209,15.38,15.38,14.85,15.06,15.4,-0.34,-2.2078,243762.39,367355.319
300054.SZ,20241209,27.25,27.5,26.68,26.93,27.19,-0.26,-0.9562,99102.0,267706.727
300055.SZ,20241209,5.95,6.0,5.77,5.83,5.96,-0.13,-2.1812,127527.0,74701.979
300056.SZ,20241209,15.15,15.31,14.59,14.77,15.31,-0.54,-3.5271,218359.4,324387.478
300057.SZ,20241209,5.68,5.73,5.59,5.64,5.7,-0.06,-1.0526,173921.02,98426.987
300058.SZ,20241209,11.94,11.97,11.23,11.6,11.83,-0.23,-1.9442,4308321.41,4961909.321
300059.SZ,20241209,27.57,28.14,27.2,27.54,27.84,-0.3,-1.0776,5740585.0,15865793.66
300061.SZ,20241209,16.34,17.41,16.34,16.84,16.69,0.15,0.8987,669984.06,1132291.88
300062.SZ,20241209,6.09,6.12,5.97,6.06,6.09,-0.03,-0.4926,133778.0,80985.298
300063.SZ,20241209,10.58,11.07,10.41,10.63,10.76,-0.13,-1.2082,967964.71,1029321.715
300065.SZ,20241209,9.73,9.85,9.57,9.67,9.83,-0.16,-1.6277,172797.49,167651.727
300066.SZ,20241209,4.85,4.94,4.73,4.81,4.88,-0.07,-1.4344,377741.97,182407.941
300067.SZ,20241209,6.42,6.48,6.08,6.24,6.3,-0.06,-0.9524,1038699.26,650365.046
300068.SZ,20241209,19.11,20.04,19.05,19.91,19.31,0.6,3.1072,919658.12,1804573.195
300069.SZ,20241209,15.7,15.8,15.44,15.71,15.64,0.07,0.4476,18984.0,29679.553
300070.SZ,20241209,5.97,6.05,5.85,5.9,5.97,-0.07,-1.1725,511472.06,303480.355
300071.SZ,20241209,7.29,8.06,6.96,8.06,6.72,1.34,19.9405,4128709.51,3054236.478
300072.SZ,20241209,4.36,4.4,4.21,4.24,4.4,-0.16,-3.6364,543842.63,233031.239
300073.SZ,20241209,45.4,46.14,44.78,45.25,45.84,-0.59,-1.2871,120877.98,549113.465
300074.SZ,20241209,5.02,5.07,4.82,4.9,4.99,-0.09,-1.8036,251787.23,123990.847
300075.SZ,20241209,19.35,19.64,18.88,19.09,19.64,-0.55,-2.8004,300854.33,578040.472
300076.SZ,20241209,7.45,8.4,7.32,8.05,7.38,0.67,9.0786,467499.38,366777.319
300077.SZ,20241209,31.03,31.1,29.2,29.51,31.34,-1.83,-5.8392,739072.13,2215723.929
300078.SZ,20241209,4.33,4.78,4.18,4.21,4.15,0.06,1.4458,1610840.57,709190.193
300079.SZ,20241209,6.87,7.13,6.67,6.72,6.66,0.06,0.9009,1743277.59,1201171.756
300080.SZ,20241209,5.27,5.3,5.08,5.13,5.25,-0.12,-2.2857,265176.0,136880.049
300081.SZ,20241209,9.19,9.25,8.8,8.97,9.11,-0.14,-1.5368,624914.85,564373.394
300082.SZ,20241209,8.04,8.2,7.75,8.11,8.05,0.06,0.7453,379058.8,302693.348
300083.SZ,20241209,7.9,8.03,7.74,7.83,7.94,-0.11,-1.3854,597663.08,469565.057
300084.SZ,20241209,6.52,6.61,6.38,6.45,6.56,-0.11,-1.6768,84612.0,54815.669
300085.SZ,20241209,52.0,53.66,50.65,51.15,53.98,-2.83,-5.2427,752716.41,3901202.747
300086.SZ,20241209,5.95,6.11,5.87,5.94,5.98,-0.04,-0.6689,425249.34,254103.742
300087.SZ,20241209,11.37,11.45,11.01,11.06,11.44,-0.38,-3.3217,349497.39,390096.709
300088.SZ,20241209,6.97,7.18,6.86,6.99,6.96,0.03,0.431,710741.0,497476.933
300091.SZ,20241209,3.27,3.33,3.14,3.21,3.27,-0.06,-1.8349,897854.47,290567.409
300092.SZ,20241209,12.57,12.72,12.4,12.53,12.58,-0.05,-0.3975,61883.0,77698.025
300093.SZ,20241209,20.0,20.68,19.55,19.75,20.1,-0.35,-1.7413,191091.0,383176.644
300094.SZ,20241209,4.84,5.08,4.73,5.05,4.91,0.14,2.8513,1701843.41,836108.806
300095.SZ,20241209,7.51,7.67,7.48,7.56,7.52,0.04,0.5319,81822.0,61825.596
300096.SZ,20241209,3.88,4.18,3.88,3.96,3.86,0.1,2.5907,313827.5,125798.072
300097.SZ,20241209,8.14,8.37,8.04,8.18,8.2,-0.02,-0.2439,147014.6,120438.071
300098.SZ,20241209,7.07,7.23,7.0,7.11,7.15,-0.04,-0.5594,1693347.18,1206346.872
300099.SZ,20241209,6.95,7.04,6.78,6.87,6.98,-0.11,-1.5759,232698.31,160075.309
300100.SZ,20241209,26.38,31.55,26.38,30.3,26.54,3.76,14.1673,786475.3,2248786.763
300101.SZ,20241209,25.92,26.13,24.62,24.83,26.07,-1.24,-4.7564,264155.41,662922.867
300102.SZ,20241209,11.41,11.45,10.97,11.16,11.47,-0.31,-2.7027,302264.0,338067.945
300103.SZ,20241209,7.55,7.61,7.39,7.45,7.57,-0.12,-1.5852,72624.0,54097.358
300105.SZ,20241209,7.5,7.66,7.38,7.64,7.49,0.15,2.0027,206105.35,155355.117
300106.SZ,20241209,10.36,10.52,10.1,10.27,10.48,-0.21,-2.0038,138420.07,142148.636
300107.SZ,20241209,11.03,11.13,10.84,10.96,11.09,-0.13,-1.1722,129271.0,142020.741
300108.SZ,20241209,1.85,1.92,1.79,1.91,1.91,0.0,0.0,944842.56,173087.526
300109.SZ,20241209,16.78,18.26,16.65,17.8,16.41,1.39,8.4704,617569.15,1070029.989
300110.SZ,20241209,4.12,4.16,4.01,4.06,4.09,-0.03,-0.7335,352018.95,143329.911
300111.SZ,20241209,3.69,3.86,3.69,3.77,3.69,0.08,2.168,843627.34,316021.203
300112.SZ,20241209,10.02,10.33,9.86,10.04,10.15,-0.11,-1.0837,203064.78,204126.467
300113.SZ,20241209,15.64,16.14,15.42,15.72,15.64,0.08,0.5115,306564.26,483830.174
300115.SZ,20241209,18.56,19.94,18.41,19.1,18.7,0.4,2.139,1330208.49,2563539.184
300117.SZ,20241209,1.51,1.64,1.45,1.58,1.49,0.09,6.0403,946376.35,144496.929
300118.SZ,20241209,14.47,14.5,13.95,14.06,14.44,-0.38,-2.6316,368845.0,522775.008
300119.SZ,20241209,20.04,20.32,19.76,20.0,20.07,-0.07,-0.3488,51132.0,102624.139
300120.SZ,20241209,11.7,11.74,11.22,11.34,11.53,-0.19,-1.6479,339618.51,389195.794
300121.SZ,20241209,13.75,13.9,13.5,13.62,13.81,-0.19,-1.3758,121290.99,165953.603
300122.SZ,20241209,30.93,30.94,29.83,29.97,30.31,-0.34,-1.1217,322415.26,978235.401
300123.SZ,20241209,7.19,7.23,6.98,7.06,7.18,-0.12,-1.6713,291503.87,206675.091
300124.SZ,20241209,62.17,63.53,61.7,62.52,62.17,0.35,0.563,249597.36,1564941.625
300125.SZ,20241209,7.43,7.69,7.38,7.69,7.49,0.2,2.6702,192783.0,145498.713
300126.SZ,20241209,6.26,6.43,6.24,6.33,6.28,0.05,0.7962,63705.0,40372.917
300127.SZ,20241209,30.18,31.27,29.3,29.5,32.43,-2.93,-9.0348,278975.91,843849.904
300128.SZ,20241209,6.05,6.14,5.88,5.91,6.06,-0.15,-2.4752,351979.21,209610.549
300129.SZ,20241209,7.88,7.93,7.78,7.81,7.92,-0.11,-1.3889,171820.02,134873.514
300130.SZ,20241209,25.45,25.45,24.53,24.73,25.28,-0.55,-2.1756,162388.77,404062.717
300131.SZ,20241209,8.1,8.22,7.87,7.96,8.14,-0.18,-2.2113,528500.99,423993.878
300132.SZ,20241209,5.6,5.65,5.5,5.58,5.59,-0.01,-0.1789,136506.12,76150.68
300133.SZ,20241209,8.8,8.84,8.35,8.6,8.69,-0.09,-1.0357,1523676.87,1306481.296
300134.SZ,20241209,14.34,14.45,13.91,14.06,14.4,-0.34,-2.3611,173842.08,246109.736
300135.SZ,20241209,4.94,5.0,4.75,4.81,4.93,-0.12,-2.4341,480872.2,233387.191
300136.SZ,20241209,25.91,26.12,25.55,25.95,26.14,-0.19,-0.7269,239569.21,619357.715
300137.SZ,20241209,5.6,5.68,5.52,5.65,5.62,0.03,0.5338,68340.68,38218.665
300138.SZ,20241209,9.13,9.23,9.03,9.1,9.12,-0.02,-0.2193,68531.65,62515.856
300139.SZ,20241209,16.92,18.0,16.88,17.7,16.71,0.99,5.9246,452525.85,792082.021
300140.SZ,20241209,6.81,6.87,6.68,6.76,6.81,-0.05,-0.7342,140525.0,95176.533
300141.SZ,20241209,9.79,9.96,9.71,9.92,9.83,0.09,0.9156,56554.56,55676.358
300142.SZ,20241209,14.81,14.95,14.28,14.43,14.67,-0.24,-1.636,286083.86,416645.277
300143.SZ,20241209,10.25,10.35,9.91,10.06,10.17,-0.11,-1.0816,66640.0,67086.205
300144.SZ,20241209,9.55,9.73,9.42,9.5,9.58,-0.08,-0.8351,321893.4,307368.36
300145.SZ,20241209,3.88,3.9,3.69,3.74,3.86,-0.12,-3.1088,1040619.09,393440.014
300146.SZ,20241209,12.77,12.87,12.63,12.71,12.75,-0.04,-0.3137,153860.0,196078.995
300147.SZ,20241209,12.62,12.87,12.13,12.18,12.43,-0.25,-2.0113,319723.39,396707.91
300148.SZ,20241209,5.15,5.24,4.77,4.94,4.98,-0.04,-0.8032,1130762.73,562175.459
300149.SZ,20241209,8.04,8.5,7.98,8.5,7.08,1.42,20.0565,334057.0,282642.837
300150.SZ,20241209,5.12,5.2,4.99,5.09,5.08,0.01,0.1969,179307.0,91252.566
300151.SZ,20241209,19.65,19.94,19.35,19.48,19.73,-0.25,-1.2671,74657.31,146467.886
300152.SZ,20241209,6.6,6.67,6.38,6.49,6.66,-0.17,-2.5526,622211.57,404322.623
300153.SZ,20241209,8.58,8.59,8.37,8.53,8.47,0.06,0.7084,101663.06,86400.503
300154.SZ,20241209,8.29,9.91,8.26,9.91,8.26,1.65,19.9758,457364.6,412812.01
300155.SZ,20241209,6.17,6.24,5.91,6.02,6.31,-0.29,-4.5959,451543.86,273712.767
300157.SZ,20241209,3.85,4.66,3.85,4.28,3.89,0.39,10.0257,1387781.34,596151.942
300158.SZ,20241209,5.19,5.27,5.11,5.16,5.15,0.01,0.1942,302654.0,157541.659
300159.SZ,20241209,3.93,4.02,3.81,3.85,3.97,-0.12,-3.0227,904714.0,353036.632
300160.SZ,20241209,6.11,6.39,6.06,6.28,6.1,0.18,2.9508,389099.65,242311.893
300161.SZ,20241209,30.55,31.07,29.95,30.44,30.53,-0.09,-0.2948,77101.97,234825.86
300162.SZ,20241209,8.64,8.84,8.44,8.54,8.65,-0.11,-1.2717,265741.42,228511.393
300163.SZ,20241209,2.76,2.85,2.66,2.83,2.73,0.1,3.663,322417.5,89609.651
300164.SZ,20241209,4.85,4.98,4.82,4.91,4.86,0.05,1.0288,567472.0,278131.362
300166.SZ,20241209,10.95,11.35,10.65,10.87,10.86,0.01,0.0921,705200.26,770906.888
300167.SZ,20241209,2.39,2.69,2.39,2.6,2.41,0.19,7.8838,405034.22,103514.827
300168.SZ,20241209,9.56,9.82,9.23,9.37,9.51,-0.14,-1.4721,453069.82,431440.22
300169.SZ,20241209,9.79,9.92,9.57,9.75,9.97,-0.22,-2.2066,287148.01,279667.839
300170.SZ,20241209,10.38,10.44,10.09,10.23,10.23,0.0,0.0,621706.0,638572.592
300171.SZ,20241209,14.65,15.26,14.5,14.93,14.62,0.31,2.1204,213710.04,317753.848
300172.SZ,20241209,5.83,5.85,5.67,5.73,5.84,-0.11,-1.8836,306064.86,175883.765
300173.SZ,20241209,6.55,7.33,6.55,6.87,8.17,-1.3,-15.9119,1698843.58,1182843.464
300174.SZ,20241209,17.19,17.43,16.87,17.1,17.26,-0.16,-0.927,58933.0,100804.69
300175.SZ,20241209,7.08,7.16,6.85,6.93,7.12,-0.19,-2.6685,184943.99,129233.908
300176.SZ,20241209,8.06,8.41,8.06,8.16,8.05,0.11,1.3665,225498.0,185084.498
300177.SZ,20241209,12.8,13.27,12.64,12.79,12.94,-0.15,-1.1592,471189.5,607909.072
300179.SZ,20241209,12.66,13.94,12.38,12.62,13.07,-0.45,-3.443,620329.41,811787.968
300180.SZ,20241209,7.62,7.68,7.37,7.45,7.62,-0.17,-2.231,615628.13,460324.963
300181.SZ,20241209,16.86,17.11,16.45,16.5,16.86,-0.36,-2.1352,141580.0,236912.408
300182.SZ,20241209,6.78,7.04,6.62,6.79,6.76,0.03,0.4438,3381760.56,2303456.995
300183.SZ,20241209,17.93,18.04,17.44,17.71,18.15,-0.44,-2.4242,123434.72,218903.535
300184.SZ,20241209,10.97,10.98,10.58,10.65,10.99,-0.34,-3.0937,598383.09,641877.638
300185.SZ,20241209,3.11,3.17,3.05,3.08,3.11,-0.03,-0.9646,1528355.08,471842.636
300187.SZ,20241209,5.78,5.83,5.65,5.73,5.85,-0.12,-2.0513,102707.21,59018.036
300188.SZ,20241209,16.6,16.88,16.07,16.64,16.45,0.19,1.155,352365.99,581694.314
300189.SZ,20241209,4.45,4.53,4.36,4.43,4.54,-0.11,-2.4229,1189593.0,525649.922
300190.SZ,20241209,4.26,4.3,4.11,4.17,4.24,-0.07,-1.6509,141995.8,59388.218
300191.SZ,20241209,14.37,14.73,14.32,14.65,14.49,0.16,1.1042,45400.0,66072.199
300192.SZ,20241209,15.8,15.95,14.95,15.16,15.59,-0.43,-2.7582,274342.86,418273.98
300193.SZ,20241209,9.96,10.14,9.9,10.09,9.94,0.15,1.5091,189568.09,190092.477
300194.SZ,20241209,5.15,5.21,5.06,5.1,5.12,-0.02,-0.3906,394337.0,202366.347
300195.SZ,20241209,6.69,7.57,6.69,7.0,6.71,0.29,4.3219,566368.88,401247.493
300196.SZ,20241209,11.8,11.94,11.75,11.94,11.8,0.14,1.1864,40171.0,47652.598
300197.SZ,20241209,3.24,3.3,2.97,3.0,3.18,-0.18,-5.6604,4658272.12,1452434.938
300198.SZ,20241209,2.97,3.12,2.87,3.08,3.04,0.04,1.3158,1273989.6,380548.9
300199.SZ,20241209,13.04,13.35,12.95,13.08,12.89,0.19,1.474,480101.97,631662.767
300200.SZ,20241209,9.33,9.62,9.23,9.51,9.35,0.16,1.7112,106174.02,99908.544
300201.SZ,20241209,6.13,6.28,5.97,6.05,6.12,-0.07,-1.1438,413200.34,251322.577
300203.SZ,20241209,17.85,18.05,17.3,17.5,18.13,-0.63,-3.4749,169434.17,297458.316
300204.SZ,20241209,8.48,8.72,8.39,8.44,8.48,-0.04,-0.4717,108524.26,92798.118
300205.SZ,20241209,5.75,5.79,5.66,5.71,5.76,-0.05,-0.8681,107583.0,61605.841
300206.SZ,20241209,13.43,13.74,12.96,13.19,13.21,-0.02,-0.1514,401182.13,534837.591
300207.SZ,20241209,23.65,24.11,23.23,23.47,23.65,-0.18,-0.7611,286326.95,676555.11
300208.SZ,20241209,2.98,3.18,2.96,3.15,3.0,0.15,5.0,245677.38,76357.386
300209.SZ,20241209,6.49,6.49,6.07,6.1,6.2,-0.1,-1.6129,129317.09,80590.099
300210.SZ,20241209,12.3,12.4,11.79,12.0,12.45,-0.45,-3.6145,166072.78,199664.537
300211.SZ,20241209,9.27,9.48,9.04,9.38,9.13,0.25,2.7382,302246.4,281144.279
300212.SZ,20241209,27.32,27.75,26.58,26.82,27.52,-0.7,-2.5436,208782.97,563807.893
300213.SZ,20241209,8.68,8.74,8.26,8.45,8.7,-0.25,-2.8736,373214.0,315934.273
300214.SZ,20241209,6.22,6.35,6.17,6.3,6.2,0.1,1.6129,110745.63,69371.199
300215.SZ,20241209,6.81,6.95,6.64,6.92,6.81,0.11,1.6153,236819.49,160784.699
300217.SZ,20241209,5.67,5.77,5.6,5.7,5.69,0.01,0.1757,518460.0,295458.552
300218.SZ,20241209,15.77,15.9,15.57,15.82,15.79,0.03,0.19,28749.0,45340.517
300219.SZ,20241209,8.15,8.22,7.93,8.02,8.21,-0.19,-2.3143,239433.77,193077.918
300220.SZ,20241209,17.4,18.5,17.25,18.48,17.32,1.16,6.6975,281364.77,505566.292
300221.SZ,20241209,6.86,6.92,6.69,6.81,6.86,-0.05,-0.7289,301213.18,204689.119
300222.SZ,20241209,12.5,12.85,12.19,12.32,12.44,-0.12,-0.9646,728540.98,909773.653
300223.SZ,20241209,69.62,70.15,67.96,68.59,70.05,-1.46,-2.0842,99368.73,685044.03
300224.SZ,20241209,13.28,13.46,13.01,13.13,13.41,-0.28,-2.088,264468.07,349556.425
300225.SZ,20241209,7.3,7.42,7.25,7.39,7.3,0.09,1.2329,88277.6,64899.912
300226.SZ,20241209,26.51,27.06,25.8,26.34,26.65,-0.31,-1.1632,218408.66,576100.162
300227.SZ,20241209,9.61,9.79,9.53,9.69,9.67,0.02,0.2068,158015.2,152345.169
300228.SZ,20241209,7.83,7.9,7.62,7.73,7.8,-0.07,-0.8974,260084.21,201674.424
300229.SZ,20241209,22.63,23.72,21.97,22.49,22.82,-0.33,-1.4461,835881.96,1890008.894
300230.SZ,20241209,5.26,5.28,5.06,5.17,5.23,-0.06,-1.1472,302014.78,155639.018
300231.SZ,20241209,14.68,14.8,14.21,14.48,14.89,-0.41,-2.7535,443924.53,643756.125
300232.SZ,20241209,7.19,7.3,7.09,7.2,7.22,-0.02,-0.277,271226.61,195019.681
300233.SZ,20241209,13.48,13.66,13.37,13.54,13.43,0.11,0.8191,91378.0,123680.898
300234.SZ,20241209,5.41,5.42,5.27,5.36,5.38,-0.02,-0.3717,86582.09,46193.0
300235.SZ,20241209,13.6,14.23,13.2,13.78,13.36,0.42,3.1437,340146.39,465419.9
300236.SZ,20241209,40.18,40.28,39.0,39.25,40.19,-0.94,-2.3389,51227.47,202317.551
300237.SZ,20241209,2.92,3.09,2.85,2.95,2.91,0.04,1.3746,1515211.2,445994.034
300238.SZ,20241209,13.65,13.88,13.26,13.38,13.35,0.03,0.2247,106098.19,144140.29
300239.SZ,20241209,5.92,6.07,5.88,5.96,5.89,0.07,1.1885,328631.2,196244.875
300240.SZ,20241209,7.84,7.93,7.62,7.72,7.8,-0.08,-1.0256,179873.09,139257.709
300241.SZ,20241209,6.01,6.02,5.83,5.92,6.0,-0.08,-1.3333,241985.0,143295.983
300242.SZ,20241209,6.18,6.61,5.88,5.98,6.06,-0.08,-1.3201,2107023.53,1313158.627
300243.SZ,20241209,11.05,11.19,10.87,11.01,11.14,-0.13,-1.167,73023.32,80423.225
300244.SZ,20241209,13.28,13.45,13.05,13.23,13.09,0.14,1.0695,175279.37,231746.859
300245.SZ,20241209,14.46,14.79,14.1,14.26,14.57,-0.31,-2.1277,483274.34,694760.116
300246.SZ,20241209,7.92,8.09,7.81,7.95,7.9,0.05,0.6329,99414.08,78860.858
300247.SZ,20241209,4.4,4.52,4.32,4.41,4.4,0.01,0.2273,260682.0,114885.283
300248.SZ,20241209,11.81,12.2,11.8,11.95,12.02,-0.07,-0.5824,323308.31,386792.132
300249.SZ,20241209,10.85,10.93,10.34,10.48,10.75,-0.27,-2.5116,307837.71,326240.965
300250.SZ,20241209,16.9,17.06,16.4,16.66,16.88,-0.22,-1.3033,100862.23,168618.484
300251.SZ,20241209,9.55,9.7,9.18,9.35,9.75,-0.4,-4.1026,664405.31,621798.457
300252.SZ,20241209,9.65,9.65,9.27,9.39,9.62,-0.23,-2.3909,208820.6,196892.038
300253.SZ,20241209,8.28,8.44,7.99,8.05,8.15,-0.1,-1.227,628447.3,515363.447
300254.SZ,20241209,9.81,9.98,9.6,9.69,9.74,-0.05,-0.5133,112479.0,109860.471
300255.SZ,20241209,20.04,20.2,19.03,19.24,19.78,-0.54,-2.73,212300.65,414049.941
300256.SZ,20241209,4.99,5.11,4.86,4.95,4.97,-0.02,-0.4024,967966.89,481362.387
300257.SZ,20241209,9.93,10.02,9.8,9.9,9.93,-0.03,-0.3021,66906.0,66375.222
300258.SZ,20241209,9.91,10.16,9.9,10.04,10.02,0.02,0.1996,134838.74,135317.795
300259.SZ,20241209,4.09,4.11,4.02,4.06,4.08,-0.02,-0.4902,269457.5,109584.343
300260.SZ,20241209,26.93,27.23,26.46,26.83,27.07,-0.24,-0.8866,82552.44,221336.623
300261.SZ,20241209,8.27,8.47,7.97,8.04,8.1,-0.06,-0.7407,359712.11,294870.218
300263.SZ,20241209,7.46,7.53,7.33,7.53,7.47,0.06,0.8032,230895.48,172093.439
300264.SZ,20241209,7.2,7.27,6.88,7.08,7.18,-0.1,-1.3928,439585.05,311295.119
300265.SZ,20241209,8.8,8.85,8.66,8.78,8.82,-0.04,-0.4535,101281.79,88697.594
300266.SZ,20241209,3.79,3.96,3.62,3.71,3.76,-0.05,-1.3298,1066581.37,401202.961
300267.SZ,20241209,3.58,3.83,3.53,3.59,3.52,0.07,1.9886,1552202.56,564496.961
300268.SZ,20241209,8.09,8.19,8.02,8.1,8.07,0.03,0.3717,10350.0,8391.972
300269.SZ,20241209,5.14,5.32,5.05,5.15,5.13,0.02,0.3899,402808.0,208108.635
300270.SZ,20241209,8.48,8.65,8.37,8.51,8.53,-0.02,-0.2345,173579.0,147761.812
300271.SZ,20241209,8.47,8.6,8.15,8.28,8.37,-0.09,-1.0753,285356.26,237532.518
300272.SZ,20241209,6.97,7.02,6.83,6.89,6.97,-0.08,-1.1478,75308.0,52116.307
300274.SZ,20241209,80.38,80.4,78.1,78.77,80.69,-1.92,-2.3795,305114.71,2408930.438
300275.SZ,20241209,15.16,16.09,14.97,15.7,15.16,0.54,3.562,195011.0,305944.438
300276.SZ,20241209,8.55,10.6,8.54,10.6,8.83,1.77,20.0453,4696899.83,4662000.178
300277.SZ,20241209,14.63,15.11,14.16,14.38,14.82,-0.44,-2.969,334737.49,486839.146
300278.SZ,20241209,6.82,7.28,6.76,7.02,6.92,0.1,1.4451,1223149.77,856443.972
300279.SZ,20241209,7.23,7.41,7.09,7.18,7.27,-0.09,-1.238,233380.97,168614.515
300280.SZ,20241209,17.45,17.69,16.89,17.13,17.59,-0.46,-2.6151,143957.0,248481.365
300281.SZ,20241209,6.79,6.88,6.62,6.74,6.83,-0.09,-1.3177,141806.0,95549.229
300283.SZ,20241209,6.79,6.86,6.71,6.77,6.81,-0.04,-0.5874,97942.21,66429.723
300284.SZ,20241209,11.39,11.47,11.11,11.19,11.47,-0.28,-2.4412,274641.4,308849.259
300285.SZ,20241209,18.49,18.6,18.12,18.29,18.52,-0.23,-1.2419,109993.9,201841.842
300286.SZ,20241209,20.08,21.1,20.0,21.06,20.08,0.98,4.8805,106938.7,221548.771
300287.SZ,20241209,5.35,5.43,5.16,5.26,5.39,-0.13,-2.4119,1100473.0,580393.023
300288.SZ,20241209,17.88,18.98,17.81,17.96,17.84,0.12,0.6726,440076.66,803907.804
300289.SZ,20241209,5.75,5.83,5.66,5.74,5.75,-0.01,-0.1739,95477.02,54826.095
300290.SZ,20241209,22.48,22.86,21.4,21.45,23.04,-1.59,-6.901,514080.77,1125069.675
300291.SZ,20241209,6.49,6.63,6.22,6.32,6.53,-0.21,-3.2159,437052.0,278406.282
300292.SZ,20241209,5.35,5.5,5.18,5.43,5.37,0.06,1.1173,917556.59,491103.501
300293.SZ,20241209,27.78,27.9,26.9,27.0,27.87,-0.87,-3.1216,129114.37,352331.183
300294.SZ,20241209,31.28,31.45,30.72,30.96,31.21,-0.25,-0.801,38713.26,120605.72
300295.SZ,20241209,21.31,21.43,20.2,20.44,21.31,-0.87,-4.0826,150674.82,311078.576
300296.SZ,20241209,5.92,6.29,5.88,6.01,5.89,0.12,2.0374,2043914.85,1242938.035
300298.SZ,20241209,26.45,26.52,24.99,25.11,26.33,-1.22,-4.6335,100275.0,256400.835
300299.SZ,20241209,6.57,6.74,6.35,6.49,6.62,-0.13,-1.9637,587952.91,384152.171
300300.SZ,20241209,3.33,3.41,3.23,3.28,3.31,-0.03,-0.9063,250740.08,83216.425
300301.SZ,20241209,1.87,1.98,1.85,1.98,1.88,0.1,5.3191,318651.57,62085.733
300302.SZ,20241209,16.3,16.44,15.93,16.06,16.44,-0.38,-2.3114,128994.1,208283.961
300303.SZ,20241209,6.86,6.94,6.71,6.78,6.87,-0.09,-1.31,421241.88,286772.194
300304.SZ,20241209,9.13,9.44,9.12,9.19,9.16,0.03,0.3275,321820.07,298402.197
300305.SZ,20241209,6.63,6.71,6.56,6.65,6.65,0.0,0.0,74533.0,49473.429
300306.SZ,20241209,12.74,12.85,12.57,12.73,12.74,-0.01,-0.0785,45639.96,58136.322
300307.SZ,20241209,8.31,8.62,8.18,8.37,8.4,-0.03,-0.3571,458056.79,385051.027
300308.SZ,20241209,131.55,131.59,123.41,125.1,131.51,-6.41,-4.8742,376290.52,4745718.897
300310.SZ,20241209,9.48,9.65,9.1,9.51,9.84,-0.33,-3.3537,944536.09,884192.75
300311.SZ,20241209,7.53,7.64,7.31,7.4,7.66,-0.26,-3.3943,344894.32,257430.807
300313.SZ,20241209,6.73,6.9,6.73,6.85,6.79,0.06,0.8837,58988.0,40154.775
300314.SZ,20241209,12.94,13.17,12.73,12.97,13.03,-0.06,-0.4605,73454.02,94809.309
300315.SZ,20241209,6.89,6.95,6.58,6.7,6.9,-0.2,-2.8986,3000530.4,2019893.198
300316.SZ,20241209,34.7,34.85,34.01,34.18,34.77,-0.59,-1.6969,111231.14,382627.745
300317.SZ,20241209,4.77,4.8,4.58,4.63,4.75,-0.12,-2.5263,391115.59,182064.662
300318.SZ,20241209,6.66,6.72,6.46,6.55,6.56,-0.01,-0.1524,139644.0,91909.023
300319.SZ,20241209,12.5,12.65,12.17,12.3,12.48,-0.18,-1.4423,185976.0,229994.66
300320.SZ,20241209,11.05,11.16,10.97,11.13,11.04,0.09,0.8152,103561.0,114706.66
300321.SZ,20241209,20.2,21.09,20.12,21.0,20.28,0.72,3.5503,32540.0,67570.483
300322.SZ,20241209,15.75,15.82,15.2,15.39,15.81,-0.42,-2.6565,215749.0,334383.888
300323.SZ,20241209,6.29,6.32,6.12,6.19,6.28,-0.09,-1.4331,159057.36,98697.867
300324.SZ,20241209,4.21,4.3,4.06,4.13,4.25,-0.12,-2.8235,1241971.61,516613.203
300326.SZ,20241209,7.13,7.75,7.13,7.67,7.13,0.54,7.5736,579232.21,435262.539
300327.SZ,20241209,26.1,26.28,25.46,26.26,26.09,0.17,0.6516,106995.19,277503.568
300328.SZ,20241209,8.71,9.25,8.65,9.16,8.84,0.32,3.6199,454965.17,409879.601
300329.SZ,20241209,6.53,6.65,6.35,6.46,6.58,-0.12,-1.8237,122218.0,79455.534
300331.SZ,20241209,24.02,24.35,23.59,23.81,24.21,-0.4,-1.6522,74384.41,177800.261
300332.SZ,20241209,6.37,6.44,6.2,6.24,6.36,-0.12,-1.8868,157580.83,99087.286
300333.SZ,20241209,14.9,15.37,14.73,15.02,15.19,-0.17,-1.1192,519019.26,777057.028
300334.SZ,20241209,7.02,7.07,6.78,6.88,7.02,-0.14,-1.9943,85541.62,59075.177
300335.SZ,20241209,5.57,5.61,5.45,5.53,5.57,-0.04,-0.7181,149709.0,82658.209
300337.SZ,20241209,13.04,13.15,12.66,12.79,13.04,-0.25,-1.9172,321155.06,412788.61
300338.SZ,20241209,4.81,5.22,4.81,5.18,4.88,0.3,6.1475,313998.41,159277.775
300339.SZ,20241209,58.2,58.5,56.24,57.52,58.19,-0.67,-1.1514,619287.08,3546788.671
300340.SZ,20241209,12.6,12.66,12.2,12.22,12.78,-0.56,-4.3818,147748.0,183348.977
300341.SZ,20241209,21.1,21.18,20.11,20.38,20.74,-0.36,-1.7358,116915.0,240337.868
300342.SZ,20241209,18.87,19.0,18.3,18.69,18.94,-0.25,-1.32,183027.48,340780.806
300343.SZ,20241209,7.08,7.47,6.94,7.21,7.08,0.13,1.8362,709258.67,510495.42
300344.SZ,20241209,5.96,6.2,5.86,6.01,6.09,-0.08,-1.3136,480559.92,289026.8
300345.SZ,20241209,6.65,6.68,6.5,6.55,6.63,-0.08,-1.2066,75349.0,49642.008
300346.SZ,20241209,42.0,42.2,40.94,41.4,42.22,-0.82,-1.9422,186334.08,773940.89
300347.SZ,20241209,68.88,69.1,65.31,66.35,66.5,-0.15,-0.2256,130668.04,875577.603
300348.SZ,20241209,16.78,16.78,16.2,16.29,16.8,-0.51,-3.0357,343460.1,564321.636
300349.SZ,20241209,13.9,14.11,13.7,13.87,13.9,-0.03,-0.2158,95113.62,131977.182
300350.SZ,20241209,6.56,6.62,6.36,6.46,6.57,-0.11,-1.6743,249740.13,161712.871
300351.SZ,20241209,18.78,19.2,18.38,18.66,18.93,-0.27,-1.4263,174775.98,326841.881
300352.SZ,20241209,7.07,7.18,6.69,6.79,7.4,-0.61,-8.2432,2669806.77,1835224.856
300353.SZ,20241209,13.91,14.06,13.51,13.66,13.97,-0.31,-2.219,189159.94,259828.455
300354.SZ,20241209,36.52,42.56,36.52,40.55,37.0,3.55,9.5946,173936.1,703140.167
300355.SZ,20241209,7.0,7.33,6.86,7.12,7.0,0.12,1.7143,1999025.24,1419612.735
300357.SZ,20241209,23.31,23.44,22.54,22.7,22.84,-0.14,-0.613,65951.8,151447.439
300358.SZ,20241209,8.33,8.47,8.22,8.37,8.32,0.05,0.601,186162.14,155456.664
300359.SZ,20241209,7.0,7.11,6.76,6.82,6.98,-0.16,-2.2923,397076.49,274261.878
300360.SZ,20241209,16.86,16.94,16.65,16.76,16.91,-0.15,-0.887,79038.29,132746.817
300363.SZ,20241209,20.64,21.01,18.97,19.13,19.78,-0.65,-3.2861,357995.71,704855.866
300364.SZ,20241209,31.49,31.6,30.05,30.63,31.19,-0.56,-1.7954,712889.59,2186230.766
300365.SZ,20241209,7.09,7.15,6.87,6.98,7.1,-0.12,-1.6901,264203.61,184875.823
300366.SZ,20241209,11.45,11.55,11.0,11.1,11.41,-0.31,-2.7169,249310.72,279355.609
300368.SZ,20241209,4.62,4.84,4.49,4.75,4.62,0.13,2.8139,214775.0,99129.805
300369.SZ,20241209,8.95,8.98,8.58,8.67,8.92,-0.25,-2.8027,278345.0,243256.039
300370.SZ,20241209,4.04,4.45,3.97,4.38,4.07,0.31,7.6167,2501549.47,1049494.453
300371.SZ,20241209,10.95,11.63,10.92,11.17,10.9,0.27,2.4771,86441.76,97078.901
300373.SZ,20241209,45.7,45.74,44.61,44.98,45.8,-0.82,-1.7904,85136.74,384236.782
300374.SZ,20241209,20.01,20.15,19.47,19.66,20.2,-0.54,-2.6733,130054.9,257486.243
300375.SZ,20241209,5.28,5.38,5.24,5.32,5.3,0.02,0.3774,250321.8,133002.46
300376.SZ,20241209,3.87,4.15,3.84,4.03,3.85,0.18,4.6753,465038.24,187934.814
300377.SZ,20241209,34.35,36.0,34.35,35.0,35.46,-0.46,-1.2972,1081855.7,3794213.5
300378.SZ,20241209,31.25,33.46,30.7,31.26,30.2,1.06,3.5099,378956.41,1208608.742
300379.SZ,20241209,18.98,19.23,18.31,18.49,19.14,-0.65,-3.396,401734.4,749531.827
300380.SZ,20241209,59.53,60.89,58.48,59.46,60.52,-1.06,-1.7515,135720.1,807414.459
300381.SZ,20241209,7.96,8.05,7.85,7.93,7.89,0.04,0.507,71993.0,57296.282
300382.SZ,20241209,12.28,12.53,12.14,12.31,12.3,0.01,0.0813,327511.87,404359.052
300383.SZ,20241209,11.41,11.48,11.12,11.2,11.37,-0.17,-1.4952,296558.54,334297.789
300384.SZ,20241209,17.3,17.66,17.1,17.34,17.3,0.04,0.2312,96261.96,167182.592
300385.SZ,20241209,5.78,5.84,5.63,5.7,5.78,-0.08,-1.3841,97287.88,55521.623
300386.SZ,20241209,17.9,20.4,17.8,18.65,18.09,0.56,3.0956,426392.89,804535.73
300387.SZ,20241209,8.99,9.74,8.98,9.31,8.96,0.35,3.9063,300436.12,282095.52
300388.SZ,20241209,8.75,8.88,8.4,8.49,8.7,-0.21,-2.4138,192109.46,165084.227
300389.SZ,20241209,12.38,12.75,12.28,12.58,12.4,0.18,1.4516,101687.68,127350.097
300390.SZ,20241209,27.0,27.26,26.52,26.87,27.2,-0.33,-1.2132,117180.1,315307.949
300391.SZ,20241209,6.98,7.26,6.92,6.93,6.92,0.01,0.1445,271412.25,191917.687
300393.SZ,20241209,7.47,7.49,7.2,7.27,7.46,-0.19,-2.5469,183592.0,134202.457
300394.SZ,20241209,107.99,107.99,104.1,105.6,108.72,-3.12,-2.8698,144794.99,1528004.833
300395.SZ,20241209,41.79,42.0,39.6,39.78,41.82,-2.04,-4.878,117391.84,473926.267
300396.SZ,20241209,17.59,17.72,17.07,17.27,17.37,-0.1,-0.5757,90326.74,156561.974
300397.SZ,20241209,13.68,13.77,13.36,13.51,13.89,-0.38,-2.7358,249540.22,337369.186
300398.SZ,20241209,17.79,17.92,17.48,17.72,17.97,-0.25,-1.3912,173967.14,307759.669
300399.SZ,20241209,30.67,33.58,28.93,30.67,31.58,-0.91,-2.8816,557643.04,1754679.516
300400.SZ,20241209,18.41,18.54,17.88,18.09,18.36,-0.27,-1.4706,67606.57,122892.075
300401.SZ,20241209,15.33,15.53,15.19,15.24,15.25,-0.01,-0.0656,159717.41,244880.244
300402.SZ,20241209,16.45,16.95,16.31,16.6,16.49,0.11,0.6671,68653.0,114168.525
300403.SZ,20241209,10.42,11.68,10.39,11.53,10.52,1.01,9.6008,910614.73,1010956.982
300404.SZ,20241209,10.0,11.49,9.9,10.33,9.59,0.74,7.7164,621939.82,651922.744
300405.SZ,20241209,5.69,5.83,5.61,5.72,5.67,0.05,0.8818,171925.7,98316.828
300406.SZ,20241209,14.73,14.98,14.6,14.73,14.67,0.06,0.409,69525.0,102693.692
300407.SZ,20241209,11.6,11.74,11.33,11.5,11.66,-0.16,-1.3722,65860.14,75869.928
300408.SZ,20241209,37.12,38.17,36.61,37.96,36.77,1.19,3.2363,240010.28,904625.442
300409.SZ,20241209,15.85,16.44,15.7,16.0,15.91,0.09,0.5657,479099.7,770618.178
300410.SZ,20241209,7.05,7.13,6.91,7.02,7.09,-0.07,-0.9873,101707.54,71507.94
300411.SZ,20241209,14.82,15.06,14.52,14.75,14.95,-0.2,-1.3378,119799.4,176307.183
300412.SZ,20241209,5.55,6.38,5.55,6.03,5.38,0.65,12.0818,1068898.62,643568.085
300413.SZ,20241209,29.82,30.99,29.35,30.65,29.29,1.36,4.6432,347258.42,1053801.134
300414.SZ,20241209,8.98,9.06,8.82,8.94,9.01,-0.07,-0.7769,61248.87,54764.334
300415.SZ,20241209,21.21,21.6,21.03,21.25,21.2,0.05,0.2358,57769.0,122863.073
300416.SZ,20241209,13.34,13.51,13.2,13.39,13.37,0.02,0.1496,127971.87,170872.483
300417.SZ,20241209,14.66,14.97,14.32,14.45,15.69,-1.24,-7.9031,166405.84,243366.138
300418.SZ,20241209,49.35,50.0,48.02,49.94,48.92,1.02,2.085,929857.65,4573280.453
300419.SZ,20241209,5.63,5.72,5.53,5.61,5.63,-0.02,-0.3552,182230.0,102427.705
300421.SZ,20241209,13.12,13.96,13.04,13.68,13.2,0.48,3.6364,365988.13,494067.831
300422.SZ,20241209,5.4,5.44,5.3,5.44,5.4,0.04,0.7407,97529.42,52339.451
300423.SZ,20241209,7.97,8.32,7.88,8.04,7.97,0.07,0.8783,161567.65,130667.337
300424.SZ,20241209,18.25,18.25,17.73,17.96,18.27,-0.31,-1.6968,81410.06,146226.595
300425.SZ,20241209,5.9,6.0,5.8,5.87,5.96,-0.09,-1.5101,249259.21,146275.987
300426.SZ,20241209,10.81,10.98,10.46,10.64,10.77,-0.13,-1.2071,118706.5,126852.733
300427.SZ,20241209,7.41,7.46,7.18,7.25,7.4,-0.15,-2.027,241913.1,176562.769
300428.SZ,20241209,18.18,18.25,17.82,17.94,18.2,-0.26,-1.4286,46277.1,83507.604
300429.SZ,20241209,14.62,14.68,14.13,14.27,14.76,-0.49,-3.3198,187793.49,269982.647
300430.SZ,20241209,16.22,16.66,16.15,16.38,16.15,0.23,1.4241,149948.0,245484.541
300432.SZ,20241209,15.2,15.9,15.19,15.5,15.25,0.25,1.6393,301678.56,469578.908
300433.SZ,20241209,21.88,22.13,21.54,21.7,21.95,-0.25,-1.139,239335.83,521393.505
300434.SZ,20241209,9.53,9.78,9.52,9.59,9.5,0.09,0.9474,94757.23,91213.565
300435.SZ,20241209,13.08,13.5,13.01,13.33,13.08,0.25,1.9113,100849.0,134260.111
300436.SZ,20241209,33.0,33.43,31.0,32.87,31.63,1.24,3.9203,156872.61,508848.143
300437.SZ,20241209,11.6,11.65,11.12,11.28,11.56,-0.28,-2.4221,102528.8,116247.46
300438.SZ,20241209,32.56,33.88,32.31,33.31,32.45,0.86,2.6502,275123.51,914068.962
300439.SZ,20241209,11.76,11.88,11.57,11.68,11.64,0.04,0.3436,75960.0,89193.134
300440.SZ,20241209,8.45,8.95,8.4,8.78,8.58,0.2,2.331,371176.41,322226.44
300441.SZ,20241209,8.95,9.02,8.83,8.89,8.98,-0.09,-1.0022,110283.36,98493.416
300442.SZ,20241209,34.36,36.46,34.36,35.0,33.99,1.01,2.9715,302734.02,1075622.771
300443.SZ,20241209,24.39,24.95,24.05,24.69,24.39,0.3,1.23,51317.0,125582.694
300444.SZ,20241209,7.86,7.96,7.72,7.93,7.88,0.05,0.6345,334027.43,262430.127
300445.SZ,20241209,17.74,18.11,17.6,17.8,17.82,-0.02,-0.1122,48016.2,85656.317
300446.SZ,20241209,17.61,17.62,16.98,17.26,17.65,-0.39,-2.2096,133479.98,230678.911
300447.SZ,20241209,14.52,14.66,14.37,14.51,14.66,-0.15,-1.0232,41851.4,60750.507
300448.SZ,20241209,8.46,8.83,8.4,8.7,8.51,0.19,2.2327,693680.12,597877.041
300449.SZ,20241209,8.4,8.8,8.31,8.46,8.4,0.06,0.7143,160381.0,136439.187
300450.SZ,20241209,23.11,23.35,22.71,22.87,23.21,-0.34,-1.4649,313602.7,721584.463
300451.SZ,20241209,5.75,5.85,5.52,5.6,5.67,-0.07,-1.2346,769031.45,436246.408
300452.SZ,20241209,12.92,13.28,12.92,13.12,12.89,0.23,1.7843,80775.07,106023.836
300453.SZ,20241209,8.36,8.51,8.26,8.44,8.36,0.08,0.9569,59578.27,50002.572
300454.SZ,20241209,64.73,65.65,63.12,63.97,65.28,-1.31,-2.0067,52092.64,334285.412
300455.SZ,20241209,14.83,14.9,14.46,14.61,14.82,-0.21,-1.417,131828.11,193180.569
300456.SZ,20241209,19.61,19.85,19.27,19.51,19.8,-0.29,-1.4646,213343.75,416640.466
300457.SZ,20241209,22.0,22.38,21.71,21.99,22.09,-0.1,-0.4527,101653.61,223826.807
300458.SZ,20241209,35.9,35.96,34.66,35.1,35.94,-0.84,-2.3372,176072.21,619820.133
300459.SZ,20241209,7.47,7.57,7.09,7.25,7.4,-0.15,-2.027,4502132.29,3290515.976
300460.SZ,20241209,14.48,15.05,14.37,14.93,14.61,0.32,2.1903,154192.88,228213.689
300461.SZ,20241209,22.7,23.89,22.35,23.1,22.9,0.2,0.8734,109846.6,254221.109
300462.SZ,20241209,11.89,12.15,11.55,12.15,11.99,0.16,1.3344,176241.0,208090.983
300463.SZ,20241209,14.39,14.49,14.09,14.2,14.27,-0.07,-0.4905,75074.43,107253.221
300464.SZ,20241209,6.35,6.48,6.25,6.33,6.46,-0.13,-2.0124,262164.29,165895.42
300465.SZ,20241209,16.1,16.65,16.01,16.32,16.49,-0.17,-1.0309,287749.0,468645.975
300466.SZ,20241209,9.32,9.58,9.18,9.26,9.4,-0.14,-1.4894,187204.8,174596.121
300467.SZ,20241209,18.42,18.63,17.8,18.08,18.38,-0.3,-1.6322,87591.25,159283.655
300468.SZ,20241209,19.5,19.55,18.87,19.07,19.46,-0.39,-2.0041,266861.93,510617.469
300469.SZ,20241209,31.98,32.48,31.55,32.4,32.01,0.39,1.2184,184655.55,592601.905
300470.SZ,20241209,37.24,37.73,36.81,36.98,37.4,-0.42,-1.123,31350.45,116675.229
300471.SZ,20241209,10.98,11.14,10.85,10.97,11.0,-0.03,-0.2727,83875.0,92396.059
300472.SZ,20241209,7.82,7.95,7.68,7.81,7.9,-0.09,-1.1392,102076.18,79751.688
300473.SZ,20241209,24.92,25.15,24.25,24.67,24.97,-0.3,-1.2014,73717.0,182056.963
300474.SZ,20241209,93.94,95.28,90.82,92.36,95.61,-3.25,-3.3992,230710.26,2133745.368
300475.SZ,20241209,29.95,30.04,29.2,29.5,29.92,-0.42,-1.4037,85227.5,252487.171
300476.SZ,20241209,42.9,43.83,42.31,43.15,43.6,-0.45,-1.0321,214902.4,921280.868
300477.SZ,20241209,3.84,3.88,3.69,3.77,3.86,-0.09,-2.3316,711527.0,268415.069
300478.SZ,20241209,11.12,11.19,10.82,10.95,11.16,-0.21,-1.8817,32139.74,35286.605
300479.SZ,20241209,22.0,22.3,20.54,20.75,21.49,-0.74,-3.4435,207358.24,438530.817
300480.SZ,20241209,15.11,15.24,14.74,14.86,15.11,-0.25,-1.6545,44538.55,66508.417
300481.SZ,20241209,16.46,16.63,16.3,16.47,16.52,-0.05,-0.3027,52866.0,86967.861
300482.SZ,20241209,24.7,24.87,24.21,24.36,24.56,-0.2,-0.8143,58322.57,142919.284
300483.SZ,20241209,10.42,10.52,10.22,10.3,10.33,-0.03,-0.2904,78039.55,80853.983
300484.SZ,20241209,25.5,26.38,24.55,25.08,25.48,-0.4,-1.5699,263898.44,668594.347
300485.SZ,20241209,8.38,8.5,8.25,8.29,8.28,0.01,0.1208,65276.77,54654.418
300486.SZ,20241209,8.55,8.85,8.41,8.44,8.62,-0.18,-2.0882,303095.28,259224.626
300487.SZ,20241209,54.7,54.97,52.3,52.33,54.69,-2.36,-4.3152,85793.81,457320.262
300488.SZ,20241209,25.62,26.75,25.57,25.89,25.8,0.09,0.3488,40808.99,106843.341
300489.SZ,20241209,66.55,66.67,63.8,63.91,66.55,-2.64,-3.9669,53855.99,349508.015
300490.SZ,20241209,9.58,9.89,9.5,9.79,9.56,0.23,2.4059,234120.43,228158.294
300491.SZ,20241209,16.74,16.95,16.48,16.8,16.73,0.07,0.4184,49935.3,83677.856
300492.SZ,20241209,80.01,80.24,76.28,78.2,79.96,-1.76,-2.2011,11622.86,90529.977
300493.SZ,20241209,15.08,15.15,14.58,14.82,15.1,-0.28,-1.8543,247739.0,367388.733
300494.SZ,20241209,15.1,15.79,14.52,14.82,14.93,-0.11,-0.7368,1428148.74,2156547.004
300496.SZ,20241209,55.59,58.59,55.4,57.23,55.69,1.54,2.7653,220078.2,1260642.672
300497.SZ,20241209,10.23,10.34,10.12,10.2,10.15,0.05,0.4926,132894.74,135978.722
300498.SZ,20241209,17.28,17.28,16.95,16.99,17.28,-0.29,-1.6782,470495.49,803372.32
300499.SZ,20241209,16.15,17.17,16.03,16.22,15.93,0.29,1.8205,276163.99,456463.193
300500.SZ,20241209,12.79,12.93,12.58,12.77,12.8,-0.03,-0.2344,51550.0,65653.597
300501.SZ,20241209,14.73,15.08,14.66,14.83,14.73,0.1,0.6789,29707.38,44122.493
300502.SZ,20241209,120.9,120.9,115.01,116.0,120.9,-4.9,-4.0529,256470.86,2994076.932
300503.SZ,20241209,20.0,21.73,20.0,21.35,20.32,1.03,5.0689,537162.81,1135080.112
300504.SZ,20241209,18.06,18.2,17.41,17.68,17.85,-0.17,-0.9524,73135.69,130031.698
300505.SZ,20241209,16.47,16.84,16.21,16.28,16.43,-0.15,-0.913,141667.54,234321.206
300506.SZ,20241209,3.56,3.59,3.31,3.42,3.57,-0.15,-4.2017,182878.1,62148.465
300507.SZ,20241209,7.69,7.8,7.56,7.68,7.66,0.02,0.2611,421523.05,323226.673
300508.SZ,20241209,29.86,30.28,29.45,29.89,29.86,0.03,0.1005,20759.55,61847.787
300509.SZ,20241209,7.39,7.62,7.33,7.52,7.37,0.15,2.0353,114365.41,86063.613
300510.SZ,20241209,5.07,5.16,5.0,5.07,5.06,0.01,0.1976,350166.78,177968.478
300511.SZ,20241209,4.35,4.39,4.23,4.28,4.35,-0.07,-1.6092,180271.85,77437.915
300512.SZ,20241209,7.85,8.03,7.82,7.94,7.82,0.12,1.5345,62915.12,49872.798
300513.SZ,20241209,10.27,10.35,10.02,10.16,10.28,-0.12,-1.1673,101645.1,103512.566
300514.SZ,20241209,15.37,15.51,15.2,15.42,15.34,0.08,0.5215,58901.0,90639.228
300515.SZ,20241209,12.64,13.22,12.57,12.88,12.66,0.22,1.7378,67548.44,86502.251
300516.SZ,20241209,37.59,37.59,36.5,37.03,37.6,-0.57,-1.516,19032.46,70525.988
300517.SZ,20241209,9.93,10.15,9.82,10.02,9.93,0.09,0.9063,44045.0,43905.284
300518.SZ,20241209,13.16,13.23,12.78,12.87,13.09,-0.22,-1.6807,78155.36,101527.511
300519.SZ,20241209,15.16,15.55,14.84,15.07,15.01,0.06,0.3997,44294.0,66874.987
300520.SZ,20241209,29.01,29.9,28.0,28.82,28.5,0.32,1.1228,434114.4,1255602.897
300521.SZ,20241209,20.04,24.05,20.01,24.05,20.04,4.01,20.01,166647.4,373572.381
300522.SZ,20241209,12.8,12.99,12.62,12.8,12.9,-0.1,-0.7752,52194.0,66929.157
300523.SZ,20241209,24.9,25.34,24.01,24.53,25.13,-0.6,-2.3876,48625.55,119182.658
300525.SZ,20241209,17.65,17.69,17.02,17.12,17.6,-0.48,-2.7273,127040.6,219269.719
300527.SZ,20241209,9.05,9.05,8.82,8.94,9.07,-0.13,-1.4333,155285.09,138863.383
300528.SZ,20241209,10.62,10.74,10.18,10.46,10.83,-0.37,-3.4164,185179.8,193094.793
300529.SZ,20241209,30.47,30.76,29.82,30.1,30.38,-0.28,-0.9217,43934.05,132769.686
300530.SZ,20241209,22.9,22.96,22.12,22.47,22.9,-0.43,-1.8777,39204.0,88273.559
300531.SZ,20241209,16.15,16.21,15.64,15.81,16.19,-0.38,-2.3471,94687.0,150362.704
300532.SZ,20241209,12.5,13.08,12.5,12.59,12.61,-0.02,-0.1586,172624.18,219561.927
300533.SZ,20241209,24.01,24.58,23.48,24.06,24.35,-0.29,-1.191,94696.5,227543.102
300534.SZ,20241209,9.98,10.12,9.79,9.88,9.95,-0.07,-0.7035,107915.0,107535.446
300535.SZ,20241209,15.54,16.5,15.47,16.08,15.45,0.63,4.0777,85555.67,137304.306
300536.SZ,20241209,7.01,7.11,6.9,7.02,7.08,-0.06,-0.8475,73273.73,51216.477
300537.SZ,20241209,20.25,20.27,19.64,19.89,20.35,-0.46,-2.2604,111263.63,221600.608
300538.SZ,20241209,17.3,18.45,17.08,18.38,17.36,1.02,5.8756,164363.16,295774.887
300539.SZ,20241209,12.41,12.74,12.32,12.67,12.44,0.23,1.8489,89137.13,111936.378
300540.SZ,20241209,26.66,26.66,25.91,26.05,26.47,-0.42,-1.5867,24789.0,64885.248
300541.SZ,20241209,13.32,13.43,12.93,13.12,13.36,-0.24,-1.7964,171187.42,224938.75
300542.SZ,20241209,24.15,24.49,23.66,23.96,24.35,-0.39,-1.6016,90247.52,216390.007
300543.SZ,20241209,10.65,10.98,10.52,10.78,10.74,0.04,0.3724,103887.38,111638.288
300545.SZ,20241209,34.18,34.33,33.56,33.96,34.3,-0.34,-0.9913,34869.23,118255.803
300546.SZ,20241209,19.5,19.69,19.13,19.4,19.59,-0.19,-0.9699,98484.41,190964.04
300547.SZ,20241209,19.53,19.88,19.33,19.68,19.68,0.0,0.0,57386.0,112483.901
300548.SZ,20241209,23.41,23.51,22.91,23.22,23.54,-0.32,-1.3594,59723.43,138731.686
300549.SZ,20241209,19.36,19.98,19.32,19.38,19.6,-0.22,-1.1224,68875.0,134540.074
300550.SZ,20241209,14.15,14.35,14.0,14.2,14.04,0.16,1.1396,41424.74,58710.642
300551.SZ,20241209,14.75,14.79,13.94,13.96,15.03,-1.07,-7.1191,355439.0,508130.212
300552.SZ,20241209,37.8,43.13,37.41,40.18,37.78,2.4,6.3526,304029.15,1225754.04
300553.SZ,20241209,29.24,31.31,28.92,31.31,29.21,2.1,7.1893,45939.19,138747.096
300554.SZ,20241209,25.5,26.58,25.21,26.36,25.6,0.76,2.9688,78204.0,203199.022
300555.SZ,20241209,8.56,9.55,8.56,9.54,9.28,0.26,2.8017,147730.9,135016.711
300556.SZ,20241209,23.31,23.95,22.14,23.14,22.87,0.27,1.1806,189941.0,435459.633
300557.SZ,20241209,31.0,31.34,30.6,31.11,31.09,0.02,0.0643,15571.0,48180.166
300558.SZ,20241209,57.82,57.97,55.26,55.79,57.52,-1.73,-3.0076,76533.54,430433.158
300559.SZ,20241209,13.63,13.79,13.02,13.25,13.65,-0.4,-2.9304,103431.41,137640.047
300560.SZ,20241209,15.9,16.03,15.47,15.71,15.9,-0.19,-1.195,66735.0,105143.304
300561.SZ,20241209,44.0,49.98,43.8,49.95,45.68,4.27,9.3476,640501.69,3024821.665
300562.SZ,20241209,14.95,15.18,14.38,14.52,14.67,-0.15,-1.0225,174478.15,258799.498
300563.SZ,20241209,54.08,55.29,53.29,55.29,54.58,0.71,1.3008,125473.7,683141.036
300564.SZ,20241209,16.0,16.83,15.5,16.72,17.05,-0.33,-1.9355,79363.13,128700.189
300565.SZ,20241209,13.62,13.74,13.3,13.47,13.62,-0.15,-1.1013,70831.3,95524.33
300566.SZ,20241209,18.48,18.5,18.1,18.24,18.39,-0.15,-0.8157,81446.5,149113.274
300567.SZ,20241209,69.02,69.51,66.76,67.36,69.1,-1.74,-2.5181,45727.83,310488.752
300568.SZ,20241209,11.19,11.26,10.96,11.05,11.23,-0.18,-1.6028,286721.72,317928.621
300569.SZ,20241209,5.52,5.55,5.38,5.44,5.52,-0.08,-1.4493,176214.76,96239.501
300570.SZ,20241209,68.51,69.0,65.77,66.88,69.25,-2.37,-3.4224,110898.04,742006.615
300571.SZ,20241209,29.0,29.75,28.52,28.81,29.13,-0.32,-1.0985,58885.8,170077.718
300572.SZ,20241209,21.45,21.6,20.7,21.1,22.55,-1.45,-6.4302,174117.18,368243.106
300573.SZ,20241209,84.95,85.68,83.0,83.51,84.86,-1.35,-1.5909,39863.18,334644.116
300575.SZ,20241209,7.12,7.26,7.04,7.1,7.14,-0.04,-0.5602,154715.23,110359.147
300576.SZ,20241209,50.01,50.78,49.02,49.65,50.78,-1.13,-2.2253,88961.37,442153.777
300577.SZ,20241209,24.72,25.6,24.21,24.38,24.71,-0.33,-1.3355,41316.72,103027.1
300578.SZ,20241209,23.71,24.47,23.05,23.42,23.95,-0.53,-2.2129,150438.98,354505.841
300579.SZ,20241209,33.02,33.5,31.8,32.31,32.79,-0.48,-1.4639,108999.91,354332.481
300580.SZ,20241209,24.14,27.2,24.11,26.02,24.73,1.29,5.2163,547558.34,1396391.756
300581.SZ,20241209,12.32,12.45,12.15,12.31,12.59,-0.28,-2.224,170105.79,209020.862
300582.SZ,20241209,13.75,14.38,13.75,14.16,13.75,0.41,2.9818,179729.25,253986.584
300583.SZ,20241209,24.74,25.16,24.05,24.55,24.74,-0.19,-0.768,48312.4,118613.102
300584.SZ,20241209,22.42,22.67,22.02,22.26,22.23,0.03,0.135,26123.48,58384.906
300585.SZ,20241209,15.78,16.02,15.39,15.62,15.8,-0.18,-1.1392,61238.0,95750.422
300586.SZ,20241209,10.12,10.33,9.8,9.83,10.23,-0.4,-3.9101,396179.74,397290.91
300587.SZ,20241209,4.95,4.97,4.8,4.88,4.95,-0.07,-1.4141,186582.38,91140.846
300588.SZ,20241209,15.77,16.01,14.93,15.17,16.06,-0.89,-5.5417,150740.97,231634.664
300589.SZ,20241209,13.27,13.37,13.08,13.34,13.26,0.08,0.6033,62640.7,83015.633
300590.SZ,20241209,15.06,15.58,14.75,15.57,15.12,0.45,2.9762,295752.97,450197.433
300591.SZ,20241209,5.36,5.4,5.17,5.23,5.37,-0.14,-2.6071,178739.62,94225.948
300592.SZ,20241209,15.78,16.06,15.16,15.31,15.78,-0.47,-2.9785,198046.13,308805.108
300593.SZ,20241209,12.44,12.47,12.12,12.29,12.48,-0.19,-1.5224,85316.47,104568.029
300594.SZ,20241209,19.86,20.1,19.6,19.98,19.82,0.16,0.8073,39388.0,78326.441
300595.SZ,20241209,19.79,19.84,19.15,19.33,19.66,-0.33,-1.6785,83722.86,162552.481
300596.SZ,20241209,28.86,29.1,28.55,28.8,28.86,-0.06,-0.2079,27267.22,78560.354
300597.SZ,20241209,9.75,9.94,9.61,9.72,9.8,-0.08,-0.8163,102101.0,99703.326
300598.SZ,20241209,56.16,57.48,54.89,55.79,56.72,-0.93,-1.6396,88595.97,495386.335
300599.SZ,20241209,7.83,7.92,7.65,7.86,7.83,0.03,0.3831,61127.0,47484.614
300600.SZ,20241209,7.72,8.14,7.72,7.91,7.74,0.17,2.1964,66929.2,53138.121
300601.SZ,20241209,19.58,19.68,18.87,19.05,19.29,-0.24,-1.2442,136904.8,262588.204
300602.SZ,20241209,20.9,20.98,20.15,20.48,20.88,-0.4,-1.9157,155413.58,318448.508
300603.SZ,20241209,10.65,10.79,10.32,10.41,10.72,-0.31,-2.8918,201070.75,211571.297
300604.SZ,20241209,46.3,47.0,45.58,46.41,46.16,0.25,0.5416,193172.0,896528.296
300605.SZ,20241209,13.77,13.93,13.51,13.8,13.84,-0.04,-0.289,36870.0,50629.129
300606.SZ,20241209,22.08,22.2,21.5,21.82,22.07,-0.25,-1.1328,42251.5,92284.027
300607.SZ,20241209,32.9,37.5,32.9,35.29,33.86,1.43,4.2233,1051080.0,3705161.381
300608.SZ,20241209,13.25,13.49,12.9,13.1,13.38,-0.28,-2.0927,126505.18,166644.185
300609.SZ,20241209,27.37,27.9,26.73,27.15,27.27,-0.12,-0.44,55690.0,152098.246
300610.SZ,20241209,10.59,10.83,10.59,10.81,10.62,0.19,1.7891,57249.4,61534.855
300611.SZ,20241209,11.56,11.8,11.53,11.72,11.62,0.1,0.8606,52159.16,60911.367
300612.SZ,20241209,18.95,19.89,18.49,19.06,18.94,0.12,0.6336,237067.35,451392.451
300613.SZ,20241209,53.4,53.96,51.6,52.99,54.4,-1.41,-2.5919,147757.53,778629.501
300614.SZ,20241209,11.55,11.7,11.34,11.48,11.58,-0.1,-0.8636,36941.0,42454.449
300615.SZ,20241209,12.82,12.9,12.58,12.78,12.83,-0.05,-0.3897,42671.0,54367.073
300616.SZ,20241209,14.54,14.64,14.22,14.42,14.54,-0.12,-0.8253,52478.13,75630.628
300617.SZ,20241209,26.92,27.59,26.8,27.5,26.9,0.6,2.2305,22507.49,61548.183
300618.SZ,20241209,38.23,38.56,37.51,37.98,38.3,-0.32,-0.8355,65486.4,249501.646
300619.SZ,20241209,27.57,27.59,26.95,27.21,27.55,-0.34,-1.2341,16331.37,44497.1
300620.SZ,20241209,47.61,47.61,46.01,46.68,47.61,-0.93,-1.9534,53186.55,248009.643
300621.SZ,20241209,11.43,11.86,11.22,11.5,11.42,0.08,0.7005,82234.0,94661.206
300622.SZ,20241209,43.25,45.72,42.77,44.52,44.39,0.13,0.2929,149885.83,665553.782
300623.SZ,20241209,38.57,38.75,37.1,37.43,39.0,-1.57,-4.0256,320567.0,1212049.854
300624.SZ,20241209,85.21,87.0,80.0,83.1,81.88,1.22,1.49,561746.1,4703203.525
300625.SZ,20241209,13.2,13.36,13.0,13.07,13.39,-0.32,-2.3898,56320.0,73985.758
300626.SZ,20241209,10.9,11.24,10.9,11.07,11.02,0.05,0.4537,104383.07,115673.958
300627.SZ,20241209,39.68,40.78,39.29,40.55,39.74,0.81,2.0382,117058.78,471332.12
300628.SZ,20241209,38.52,39.17,38.1,38.53,38.6,-0.07,-0.1813,61323.57,236534.811
300629.SZ,20241209,24.09,24.46,23.45,24.0,24.16,-0.16,-0.6623,130270.36,312576.285
300630.SZ,20241209,9.54,9.89,9.54,9.69,9.56,0.13,1.3598,262326.82,255266.799
300631.SZ,20241209,23.3,23.3,22.61,22.79,23.07,-0.28,-1.2137,16813.0,38490.122
300632.SZ,20241209,14.58,15.74,14.21,14.39,13.12,1.27,9.6799,535820.65,807922.196
300633.SZ,20241209,34.83,35.14,34.14,34.2,34.89,-0.69,-1.9776,37688.1,130018.908
300634.SZ,20241209,26.07,27.79,25.62,25.85,25.51,0.34,1.3328,509553.8,1343585.627
300635.SZ,20241209,12.36,12.85,12.26,12.73,13.08,-0.35,-2.6758,224539.56,280769.632
300636.SZ,20241209,8.81,8.96,8.76,8.86,8.82,0.04,0.4535,66225.88,58796.611
300637.SZ,20241209,11.14,11.16,10.85,11.0,11.18,-0.18,-1.61,69500.87,76504.159
300638.SZ,20241209,17.33,18.3,17.33,18.16,17.39,0.77,4.4278,457345.9,822471.24
300639.SZ,20241209,7.01,7.11,6.81,6.91,6.93,-0.02,-0.2886,161932.87,112458.029
300640.SZ,20241209,7.07,7.13,6.87,7.12,7.13,-0.01,-0.1403,288533.07,201634.04
300641.SZ,20241209,22.81,22.88,22.28,22.52,22.91,-0.39,-1.7023,100862.54,227386.577
300642.SZ,20241209,16.35,16.82,16.24,16.46,16.24,0.22,1.3547,77432.6,127859.742
300643.SZ,20241209,13.61,13.82,13.55,13.8,13.65,0.15,1.0989,55183.0,75715.657
300644.SZ,20241209,24.56,26.88,24.35,26.5,24.68,1.82,7.3744,180017.71,464628.38
300645.SZ,20241209,17.35,17.66,17.1,17.55,17.43,0.12,0.6885,102271.9,177534.935
300647.SZ,20241209,7.8,7.85,7.48,7.6,7.69,-0.09,-1.1704,269374.7,206098.682
300648.SZ,20241209,25.99,26.4,25.61,26.04,26.07,-0.03,-0.1151,26758.0,69496.151
300649.SZ,20241209,13.18,13.48,12.84,13.22,13.25,-0.03,-0.2264,53314.0,69843.747
300650.SZ,20241209,13.13,13.14,12.68,12.93,13.13,-0.2,-1.5232,111566.0,143505.033
300651.SZ,20241209,14.77,14.78,14.38,14.65,14.68,-0.03,-0.2044,23881.0,34905.725
300652.SZ,20241209,31.22,33.58,31.22,33.02,31.22,1.8,5.7655,73878.61,239197.916
300653.SZ,20241209,22.62,23.12,22.42,22.83,22.4,0.43,1.9196,34657.75,78709.432
300654.SZ,20241209,12.61,13.18,12.5,12.83,12.58,0.25,1.9873,447338.31,573167.503
300655.SZ,20241209,10.7,10.77,10.42,10.54,10.79,-0.25,-2.317,271317.45,287133.568
300656.SZ,20241209,28.5,28.77,27.78,28.12,28.67,-0.55,-1.9184,37392.62,105435.049
300657.SZ,20241209,21.74,21.87,20.83,21.04,21.74,-0.7,-3.2199,227591.76,483718.607
300658.SZ,20241209,6.1,6.14,6.04,6.13,6.1,0.03,0.4918,66406.0,40470.819
300659.SZ,20241209,20.31,20.64,19.11,19.39,20.46,-1.07,-5.2297,123239.87,242523.481
300660.SZ,20241209,37.68,45.0,37.43,41.73,38.27,3.46,9.041,374484.04,1541238.941
300661.SZ,20241209,94.0,94.99,93.0,94.36,94.38,-0.02,-0.0212,44747.31,421042.013
300662.SZ,20241209,22.3,23.3,22.17,22.48,22.18,0.3,1.3526,50619.66,115075.814
300663.SZ,20241209,20.89,21.94,20.52,21.64,20.99,0.65,3.0967,489220.21,1044638.036
300664.SZ,20241209,6.03,6.13,5.83,5.9,6.06,-0.16,-2.6403,380055.4,227017.073
300665.SZ,20241209,7.52,7.55,7.32,7.48,7.49,-0.01,-0.1335,62473.12,46570.571
300666.SZ,20241209,75.76,76.19,72.93,73.58,76.28,-2.7,-3.5396,72235.57,536003.158
300667.SZ,20241209,19.85,20.55,19.66,19.93,19.81,0.12,0.6058,96987.0,195364.512
300668.SZ,20241209,21.95,21.95,21.3,21.53,21.86,-0.33,-1.5096,14060.0,30341.986
300669.SZ,20241209,21.18,21.45,20.91,21.3,21.3,0.0,0.0,10505.95,22285.759
300670.SZ,20241209,7.08,7.12,6.95,7.12,7.09,0.03,0.4231,80209.5,56594.846
300671.SZ,20241209,38.24,38.69,37.25,37.6,38.61,-1.01,-2.6159,59901.96,226607.218
300672.SZ,20241209,68.82,68.9,66.84,67.39,69.08,-1.69,-2.4464,51534.0,349528.626
300673.SZ,20241209,16.25,16.38,15.94,16.12,16.25,-0.13,-0.8,52035.5,83988.308
300674.SZ,20241209,21.85,22.06,21.38,21.58,21.68,-0.1,-0.4613,221238.2,479482.863
300675.SZ,20241209,17.13,17.49,16.7,17.03,17.71,-0.68,-3.8396,142897.47,243236.973
300676.SZ,20241209,48.6,49.34,47.1,47.78,47.57,0.21,0.4415,64327.7,309591.576
300677.SZ,20241209,28.33,28.59,27.8,28.1,28.13,-0.03,-0.1066,135919.21,383545.271
300678.SZ,20241209,40.42,41.31,39.68,39.78,40.7,-0.92,-2.2604,133584.93,540054.158
300679.SZ,20241209,54.81,57.68,54.68,57.44,54.93,2.51,4.5695,96698.07,547488.958
300680.SZ,20241209,26.27,27.94,25.7,27.2,26.12,1.08,4.1348,207297.6,555822.674
300681.SZ,20241209,24.8,25.63,24.54,25.39,24.79,0.6,2.4203,140524.8,353939.923
300682.SZ,20241209,13.73,13.96,13.44,13.6,13.66,-0.06,-0.4392,140302.0,191404.867
300683.SZ,20241209,27.99,28.5,27.2,27.49,27.51,-0.02,-0.0727,17178.0,47625.142
300684.SZ,20241209,22.27,22.45,21.41,21.85,22.2,-0.35,-1.5766,109959.49,240016.925
300685.SZ,20241209,25.15,25.28,24.65,24.89,24.97,-0.08,-0.3204,35602.02,88868.356
300686.SZ,20241209,9.8,9.96,9.67,9.81,9.87,-0.06,-0.6079,63195.0,61997.27
300687.SZ,20241209,21.71,22.15,21.08,21.36,21.61,-0.25,-1.1569,248780.04,534891.994
300689.SZ,20241209,27.39,27.47,26.3,26.62,26.88,-0.26,-0.9673,14125.5,37687.533
300690.SZ,20241209,24.38,25.15,23.91,25.15,24.37,0.78,3.2007,94552.2,234020.577
300691.SZ,20241209,21.56,21.58,20.45,20.81,21.64,-0.83,-3.8355,163036.0,341005.313
300692.SZ,20241209,6.84,6.98,6.57,6.71,6.79,-0.08,-1.1782,138213.0,93007.949
300693.SZ,20241209,24.31,24.7,24.12,24.45,24.37,0.08,0.3283,60599.1,147927.465
300694.SZ,20241209,17.0,19.03,17.0,18.5,17.45,1.05,6.0172,392714.44,718600.124
300695.SZ,20241209,46.81,48.55,46.7,47.62,47.95,-0.33,-0.6882,11138.1,53212.6
300696.SZ,20241209,17.03,17.12,16.68,16.81,17.03,-0.22,-1.2918,51234.56,86284.462
300697.SZ,20241209,12.13,12.21,11.9,12.04,12.13,-0.09,-0.742,37825.0,45602.026
300698.SZ,20241209,39.16,39.58,38.45,38.8,39.06,-0.26,-0.6656,12298.0,47808.395
300699.SZ,20241209,34.79,35.13,34.3,34.93,34.78,0.15,0.4313,79472.36,275949.484
300700.SZ,20241209,8.54,9.29,8.48,9.13,8.54,0.59,6.9087,293915.9,262748.003
300701.SZ,20241209,10.53,11.09,10.41,10.86,10.53,0.33,3.1339,124899.0,134483.983
300702.SZ,20241209,17.59,17.72,17.27,17.47,17.41,0.06,0.3446,28903.51,50625.91
300703.SZ,20241209,12.4,12.45,12.12,12.35,12.19,0.16,1.3126,120612.9,148128.215
300705.SZ,20241209,26.05,26.2,25.38,25.8,25.79,0.01,0.0388,33804.74,87027.372
300706.SZ,20241209,24.74,24.84,24.16,24.41,24.78,-0.37,-1.4931,34422.0,84205.536
300707.SZ,20241209,15.93,17.44,15.81,16.85,15.94,0.91,5.7089,204694.0,339650.118
300708.SZ,20241209,11.49,11.55,11.2,11.36,11.54,-0.18,-1.5598,116373.94,132225.307
300709.SZ,20241209,39.1,39.51,38.22,38.62,39.15,-0.53,-1.3538,56735.0,219927.4
300710.SZ,20241209,20.71,20.95,20.28,20.82,20.8,0.02,0.0962,35455.6,72988.583
300711.SZ,20241209,23.88,25.5,23.88,24.51,24.68,-0.17,-0.6888,194586.56,477823.334
300712.SZ,20241209,28.22,28.76,27.68,27.9,28.2,-0.3,-1.0638,44502.59,125696.666
300713.SZ,20241209,18.1,18.11,17.5,17.67,18.13,-0.46,-2.5372,61638.33,109382.039
300715.SZ,20241209,7.73,7.84,7.6,7.74,7.73,0.01,0.1294,29253.6,22593.207
300716.SZ,20241209,16.41,17.18,16.28,16.73,16.41,0.32,1.95,74488.0,125286.334
300717.SZ,20241209,16.28,16.8,16.19,16.57,16.31,0.26,1.5941,33842.5,55773.218
300718.SZ,20241209,20.18,21.64,20.18,21.22,20.48,0.74,3.6133,242639.48,513595.481
300719.SZ,20241209,19.66,19.66,18.93,19.15,19.62,-0.47,-2.3955,68883.5,132331.031
300720.SZ,20241209,20.0,22.5,19.88,21.13,20.0,1.13,5.65,123973.25,261410.109
300721.SZ,20241209,14.19,14.4,14.03,14.36,14.22,0.14,0.9845,40329.2,57494.153
300722.SZ,20241209,29.5,29.62,28.73,29.12,29.56,-0.44,-1.4885,41859.9,121678.812
300723.SZ,20241209,20.2,22.48,20.1,21.37,20.19,1.18,5.8445,278956.04,596087.351
300724.SZ,20241209,68.2,68.95,67.58,68.05,68.6,-0.55,-0.8017,68647.75,468246.411
300725.SZ,20241209,38.92,40.43,38.3,38.42,37.49,0.93,2.4807,204182.37,804650.381
300726.SZ,20241209,32.85,32.88,31.79,31.91,32.84,-0.93,-2.8319,50010.1,161348.207
300727.SZ,20241209,26.3,26.76,26.06,26.55,26.21,0.34,1.2972,22230.0,58818.754
300729.SZ,20241209,16.9,17.16,16.84,17.01,17.0,0.01,0.0588,50211.75,85215.005
300730.SZ,20241209,14.2,14.44,13.8,14.02,14.33,-0.31,-2.1633,85509.5,120212.464
300731.SZ,20241209,24.19,24.8,22.05,23.14,23.74,-0.6,-2.5274,164584.54,381948.659
300732.SZ,20241209,8.01,8.08,7.83,7.96,8.08,-0.12,-1.4851,107323.16,85303.487
300733.SZ,20241209,12.42,12.75,12.35,12.57,12.47,0.1,0.8019,61969.35,77987.711
300735.SZ,20241209,32.14,32.41,31.38,31.67,32.46,-0.79,-2.4338,249715.28,793950.807
300736.SZ,20241209,11.69,12.06,11.53,11.75,11.67,0.08,0.6855,113978.0,134447.412
300737.SZ,20241209,5.7,5.74,5.59,5.65,5.7,-0.05,-0.8772,155008.0,87906.115
300738.SZ,20241209,13.43,13.68,13.1,13.31,13.32,-0.01,-0.0751,602592.67,803841.5
300739.SZ,20241209,14.73,15.07,14.55,14.81,14.84,-0.03,-0.2022,74727.27,110525.817
300740.SZ,20241209,13.66,13.66,13.26,13.36,13.68,-0.32,-2.3392,86108.3,115595.684
300741.SZ,20241209,18.62,18.76,18.3,18.42,18.56,-0.14,-0.7543,13748.0,25427.061
300743.SZ,20241209,16.88,17.45,16.64,16.95,16.97,-0.02,-0.1179,54717.75,92787.455
300745.SZ,20241209,18.78,19.14,18.52,18.73,18.78,-0.05,-0.2662,48120.0,90551.204
300746.SZ,20241209,14.15,14.15,13.47,13.57,14.27,-0.7,-4.9054,70789.54,97214.029
300747.SZ,20241209,21.22,21.28,20.73,20.94,21.26,-0.32,-1.5052,93383.95,196294.169
300748.SZ,20241209,20.88,21.23,20.61,20.8,21.05,-0.25,-1.1876,273141.1,570717.775
300749.SZ,20241209,7.28,7.4,7.18,7.34,7.27,0.07,0.9629,55734.8,40676.892
300750.SZ,20241209,266.99,269.66,264.41,268.05,266.55,1.5,0.5627,224560.9,6005103.479
300751.SZ,20241209,118.54,120.5,116.79,117.57,119.73,-2.16,-1.8041,21232.74,251003.151
300752.SZ,20241209,18.96,19.1,18.56,18.86,18.98,-0.12,-0.6322,59977.2,112833.136
300753.SZ,20241209,16.4,16.88,16.11,16.7,16.36,0.34,2.0782,165499.52,273379.591
300755.SZ,20241209,18.39,18.86,18.3,18.53,18.43,0.1,0.5426,67560.0,125302.74
300756.SZ,20241209,16.67,16.71,16.17,16.49,16.71,-0.22,-1.3166,32953.0,54175.707
300757.SZ,20241209,182.11,183.37,172.0,175.22,185.0,-9.78,-5.2865,75419.22,1330399.278
300758.SZ,20241209,13.32,13.44,13.08,13.18,13.33,-0.15,-1.1253,87002.66,115205.621
300759.SZ,20241209,30.98,31.17,29.56,29.6,29.55,0.05,0.1692,583049.21,1762776.115
300760.SZ,20241209,262.81,263.52,258.18,259.85,262.81,-2.96,-1.1263,44533.86,1159163.175
300761.SZ,20241209,20.93,21.4,20.78,21.05,21.02,0.03,0.1427,88159.42,186132.207
300762.SZ,20241209,23.0,23.95,22.7,23.52,23.02,0.5,2.172,499151.34,1165277.953
300763.SZ,20241209,69.5,70.69,67.72,68.67,70.62,-1.95,-2.7613,97677.2,672168.783
300765.SZ,20241209,30.3,30.84,29.51,29.97,29.8,0.17,0.5705,70856.25,213921.792
300766.SZ,20241209,16.9,17.14,16.18,16.43,16.82,-0.39,-2.3187,286299.0,473155.347
300767.SZ,20241209,11.16,11.25,10.95,11.06,11.12,-0.06,-0.5396,63535.83,70443.187
300768.SZ,20241209,19.45,19.6,18.8,19.06,19.45,-0.39,-2.0051,61788.5,118445.613
300769.SZ,20241209,47.05,48.5,46.75,48.02,47.39,0.63,1.3294,172992.4,826273.791
300770.SZ,20241209,43.47,43.5,42.27,42.92,43.2,-0.28,-0.6481,46586.09,199513.879
300771.SZ,20241209,12.07,12.3,12.0,12.1,12.16,-0.06,-0.4934,88349.0,107229.979
300772.SZ,20241209,14.76,15.19,14.53,14.7,14.8,-0.1,-0.6757,109722.62,162672.031
300773.SZ,20241209,20.54,20.63,20.01,20.24,20.56,-0.32,-1.5564,171843.0,348189.116
300774.SZ,20241209,9.76,9.8,9.57,9.63,9.76,-0.13,-1.332,41827.0,40501.329
300775.SZ,20241209,25.16,25.24,24.48,24.78,25.16,-0.38,-1.5103,102311.31,254101.026
300776.SZ,20241209,71.0,73.18,70.23,70.69,71.74,-1.05,-1.4636,30119.09,215400.094
300777.SZ,20241209,27.3,27.38,26.71,26.97,27.32,-0.35,-1.2811,63224.0,170446.666
300778.SZ,20241209,12.65,12.98,12.35,12.57,13.18,-0.61,-4.6282,151124.88,189954.522
300779.SZ,20241209,87.6,89.02,86.5,86.98,88.06,-1.08,-1.2264,18868.14,165164.875
300780.SZ,20241209,18.12,18.55,17.41,17.63,18.2,-0.57,-3.1319,97058.0,173811.45
300781.SZ,20241209,74.37,75.97,72.25,75.22,73.33,1.89,2.5774,141673.12,1049059.314
300782.SZ,20241209,102.01,104.55,100.38,101.88,103.29,-1.41,-1.3651,115713.68,1179388.655
300783.SZ,20241209,32.56,32.76,31.16,31.62,32.58,-0.96,-2.9466,96646.0,308426.786
300784.SZ,20241209,69.0,69.26,66.3,66.5,68.6,-2.1,-3.0612,16767.3,112970.327
300785.SZ,20241209,33.68,35.58,32.58,35.57,33.34,2.23,6.6887,293254.59,1001076.771
300786.SZ,20241209,16.7,16.95,16.34,16.94,16.7,0.24,1.4371,279549.69,464925.615
300787.SZ,20241209,13.95,14.97,13.77,14.66,13.82,0.84,6.0781,137300.26,199852.481
300788.SZ,20241209,35.56,35.95,34.12,34.83,35.56,-0.73,-2.0529,94747.32,329336.233
300789.SZ,20241209,16.82,17.08,16.55,16.84,16.76,0.08,0.4773,27880.18,46852.93
300790.SZ,20241209,18.11,19.1,18.0,18.88,18.03,0.85,4.7144,334164.41,627375.904
300791.SZ,20241209,27.19,28.48,27.06,28.06,27.18,0.88,3.2377,35899.83,100019.489
300792.SZ,20241209,25.08,25.2,24.23,24.6,25.33,-0.73,-2.882,147866.51,364883.964
300793.SZ,20241209,18.21,18.7,18.08,18.5,18.2,0.3,1.6484,340238.04,625856.365
300795.SZ,20241209,18.69,18.96,18.16,18.28,18.78,-0.5,-2.6624,32600.49,60179.462
300796.SZ,20241209,10.69,10.9,10.5,10.84,10.65,0.19,1.784,82209.04,88393.264
300797.SZ,20241209,13.0,13.09,12.75,12.9,13.04,-0.14,-1.0736,31021.04,40121.096
300798.SZ,20241209,6.89,6.92,6.7,6.8,6.84,-0.04,-0.5848,86075.0,58521.37
300800.SZ,20241209,11.69,11.7,11.45,11.67,11.61,0.06,0.5168,34376.5,39898.155
300801.SZ,20241209,18.07,18.38,17.95,18.17,17.87,0.3,1.6788,60405.88,109684.217
300802.SZ,20241209,19.41,19.87,19.15,19.47,19.57,-0.1,-0.511,67761.66,131576.581
300803.SZ,20241209,106.57,108.5,101.83,103.4,108.16,-4.76,-4.4009,277813.08,2891085.64
300804.SZ,20241209,25.95,26.29,25.35,26.18,25.93,0.25,0.9641,13522.36,35107.223
300805.SZ,20241209,10.11,10.26,9.75,9.99,10.16,-0.17,-1.6732,146121.0,145307.042
300806.SZ,20241209,14.56,14.56,13.86,14.01,14.59,-0.58,-3.9753,111237.57,156935.746
300807.SZ,20241209,35.5,36.52,35.18,35.91,35.5,0.41,1.1549,41303.14,148266.827
300808.SZ,20241209,27.57,27.6,26.68,27.11,27.56,-0.45,-1.6328,26114.0,70661.533
300809.SZ,20241209,30.73,32.5,30.73,31.7,31.62,0.08,0.253,98538.27,313237.113
300810.SZ,20241209,22.1,22.16,21.55,21.88,22.11,-0.23,-1.0403,14203.0,31031.528
300811.SZ,20241209,48.85,49.8,48.55,48.99,48.8,0.19,0.3893,39805.1,195591.225
300812.SZ,20241209,24.44,24.86,24.15,24.43,24.62,-0.19,-0.7717,30306.6,74167.502
300813.SZ,20241209,20.31,20.44,19.71,19.9,20.43,-0.53,-2.5942,36363.91,72667.851
300814.SZ,20241209,30.75,30.89,30.01,30.38,30.76,-0.38,-1.2354,18863.0,57468.572
300815.SZ,20241209,17.15,17.18,16.65,16.88,17.23,-0.35,-2.0313,90715.02,152900.517
300816.SZ,20241209,25.12,25.66,25.02,25.45,25.14,0.31,1.2331,17391.28,44180.273
300817.SZ,20241209,15.28,15.58,14.6,14.82,15.33,-0.51,-3.3268,133998.93,200860.106
300818.SZ,20241209,28.86,29.98,28.63,29.52,29.48,0.04,0.1357,24049.6,70881.797
300819.SZ,20241209,14.7,14.75,14.2,14.39,14.83,-0.44,-2.967,43116.98,62307.029
300820.SZ,20241209,63.49,63.5,61.5,62.5,63.51,-1.01,-1.5903,28508.05,177862.661
300821.SZ,20241209,8.57,8.71,8.5,8.6,8.57,0.03,0.3501,100851.88,86747.086
300822.SZ,20241209,26.01,26.96,25.32,26.63,26.09,0.54,2.0698,229568.29,601547.872
300823.SZ,20241209,14.75,14.97,14.45,14.84,14.83,0.01,0.0674,45583.8,67254.93
300824.SZ,20241209,9.75,9.82,9.52,9.63,9.76,-0.13,-1.332,60923.01,58928.468
300825.SZ,20241209,13.17,13.5,12.89,12.95,13.38,-0.43,-3.2138,434196.0,571349.906
300826.SZ,20241209,17.29,17.88,17.2,17.8,17.17,0.63,3.6692,104483.5,183838.267
300827.SZ,20241209,49.1,51.6,48.95,50.32,49.2,1.12,2.2764,85008.27,431624.161
300828.SZ,20241209,16.5,18.5,16.4,18.11,17.45,0.66,3.7822,209825.27,364847.55
300829.SZ,20241209,17.22,18.08,17.2,17.9,17.3,0.6,3.4682,60667.77,107916.889
300830.SZ,20241209,9.61,10.19,9.46,9.85,9.72,0.13,1.3374,434421.75,425887.362
300831.SZ,20241209,16.78,16.78,16.09,16.27,16.78,-0.51,-3.0393,131343.5,214798.549
300832.SZ,20241209,68.55,69.94,67.85,68.8,69.09,-0.29,-0.4197,27973.62,193245.334
300833.SZ,20241209,44.87,45.05,43.22,43.41,44.88,-1.47,-3.2754,27499.0,121271.115
300834.SZ,20241209,21.5,21.8,21.46,21.72,21.66,0.06,0.277,12514.57,27069.108
300835.SZ,20241209,33.7,35.17,33.7,34.58,34.13,0.45,1.3185,47559.0,164128.564
300836.SZ,20241209,49.22,49.78,48.0,48.9,49.22,-0.32,-0.6501,9720.1,47388.641
300837.SZ,20241209,22.94,23.25,22.8,23.18,23.01,0.17,0.7388,12863.62,29644.381
300838.SZ,20241209,13.61,13.95,13.61,13.9,13.6,0.3,2.2059,43192.0,59768.53
300839.SZ,20241209,7.93,8.35,7.88,8.27,7.9,0.37,4.6835,111395.66,91438.129
300840.SZ,20241209,25.0,29.0,23.9,26.17,24.82,1.35,5.4392,794840.66,2125071.158
300841.SZ,20241209,58.59,59.28,57.58,58.0,58.87,-0.87,-1.4778,28259.1,165000.297
300842.SZ,20241209,47.25,47.75,46.66,47.04,47.51,-0.47,-0.9893,29966.73,141337.176
300843.SZ,20241209,29.32,29.69,28.9,29.54,29.49,0.05,0.1695,44643.55,130713.205
300844.SZ,20241209,37.95,38.38,36.8,37.61,38.93,-1.32,-3.3907,36785.37,137728.935
300845.SZ,20241209,15.1,15.17,14.57,14.9,15.13,-0.23,-1.5202,56776.82,84409.29
300846.SZ,20241209,14.15,14.6,13.83,14.13,14.1,0.03,0.2128,315344.0,449126.427
300847.SZ,20241209,18.6,18.64,18.14,18.31,18.83,-0.52,-2.7616,86406.99,158651.864
300848.SZ,20241209,18.66,18.9,18.26,18.44,18.64,-0.2,-1.073,23948.62,44288.441
300849.SZ,20241209,13.33,13.42,13.13,13.31,13.34,-0.03,-0.2249,34945.0,46450.604
300850.SZ,20241209,24.21,24.3,23.64,23.81,24.15,-0.34,-1.4079,47975.94,114704.378
300851.SZ,20241209,30.18,30.21,29.32,29.68,30.3,-0.62,-2.0462,15693.26,46504.531
300852.SZ,20241209,27.4,28.38,27.03,27.8,26.95,0.85,3.154,56222.39,155629.212
300853.SZ,20241209,20.4,24.16,20.25,24.16,20.13,4.03,20.0199,214139.23,508538.741
300854.SZ,20241209,14.07,14.51,13.81,14.21,14.06,0.15,1.0669,42531.09,60339.138
300855.SZ,20241209,24.7,25.93,24.62,25.7,24.58,1.12,4.5566,105532.65,268542.123
300856.SZ,20241209,26.79,26.96,26.49,26.78,26.79,-0.01,-0.0373,37864.2,101257.056
300857.SZ,20241209,104.1,106.0,101.23,105.75,103.99,1.76,1.6925,141233.21,1468057.694
300858.SZ,20241209,17.21,17.4,16.86,16.89,17.21,-0.32,-1.8594,49696.5,84893.813
300859.SZ,20241209,40.01,41.52,39.2,40.5,42.6,-2.1,-4.9296,75375.91,304533.929
300860.SZ,20241209,28.03,28.26,27.16,27.62,28.21,-0.59,-2.0915,52286.94,144515.864
300861.SZ,20241209,25.31,25.45,23.99,24.18,25.38,-1.2,-4.7281,70150.51,171395.627
300862.SZ,20241209,30.55,30.6,29.0,29.7,30.79,-1.09,-3.5401,66684.6,197637.174
300863.SZ,20241209,44.02,44.3,42.91,43.53,44.02,-0.49,-1.1131,23177.65,101195.978
300864.SZ,20241209,23.06,23.23,22.66,22.94,22.99,-0.05,-0.2175,12676.34,29094.942
300865.SZ,20241209,28.38,28.62,27.59,27.95,28.3,-0.35,-1.2367,17593.26,49147.923
300866.SZ,20241209,86.86,87.75,85.3,86.86,86.6,0.26,0.3002,38658.82,334739.972
300867.SZ,20241209,14.46,14.51,14.2,14.33,14.46,-0.13,-0.899,29602.0,42486.663
300868.SZ,20241209,29.25,30.1,28.6,29.68,29.25,0.43,1.4701,28192.35,83185.087
300869.SZ,20241209,16.18,16.31,15.93,16.05,16.09,-0.04,-0.2486,38932.0,62779.658
300870.SZ,20241209,83.8,85.12,80.6,82.12,82.27,-0.15,-0.1823,31769.27,261465.32
300871.SZ,20241209,12.51,12.88,12.33,12.47,12.62,-0.15,-1.1886,20592.0,25813.912
300872.SZ,20241209,16.53,16.65,15.92,16.15,16.58,-0.43,-2.5935,163369.0,265153.006
300873.SZ,20241209,18.72,20.9,18.4,19.76,18.75,1.01,5.3867,161516.81,314650.828
300875.SZ,20241209,33.85,33.86,32.67,33.05,34.14,-1.09,-3.1927,39339.87,130323.13
300876.SZ,20241209,24.59,24.63,23.25,23.39,24.69,-1.3,-5.2653,17861.65,42328.553
300877.SZ,20241209,15.82,16.21,15.7,16.1,15.67,0.43,2.7441,36849.5,59032.898
300878.SZ,20241209,19.31,19.69,18.95,19.25,19.16,0.09,0.4697,31684.0,61223.56
300879.SZ,20241209,15.71,15.97,15.55,15.76,15.87,-0.11,-0.6931,61209.62,96404.767
300880.SZ,20241209,23.94,25.6,23.85,25.58,23.95,1.63,6.8058,147607.45,366864.602
300881.SZ,20241209,33.33,34.04,33.2,33.59,33.35,0.24,0.7196,15069.36,50612.976
300882.SZ,20241209,16.44,17.4,16.32,17.4,16.44,0.96,5.8394,118185.56,199165.182
300883.SZ,20241209,6.32,6.35,6.14,6.21,6.37,-0.16,-2.5118,181320.77,112995.318
300884.SZ,20241209,12.64,13.47,12.63,12.83,12.95,-0.12,-0.9266,273039.42,355822.918
300885.SZ,20241209,11.92,12.35,11.86,12.24,11.92,0.32,2.6846,95594.1,116115.342
300886.SZ,20241209,22.42,23.2,21.82,22.31,22.28,0.03,0.1346,17115.9,38205.997
300887.SZ,20241209,9.79,9.87,9.52,9.7,9.87,-0.17,-1.7224,191427.31,185298.901
300888.SZ,20241209,37.19,37.87,36.7,37.05,37.15,-0.1,-0.2692,39539.73,147324.807
300889.SZ,20241209,15.5,15.98,15.15,15.39,15.61,-0.22,-1.4094,39154.84,60792.457
300890.SZ,20241209,32.57,33.17,32.2,32.62,32.95,-0.33,-1.0015,49343.23,161091.181
300891.SZ,20241209,9.49,10.23,9.44,9.89,9.51,0.38,3.9958,157764.23,155943.37
300892.SZ,20241209,39.5,42.18,38.91,41.09,39.96,1.13,2.8278,71382.0,288721.728
300893.SZ,20241209,30.65,31.3,30.52,30.9,30.88,0.02,0.0648,14160.09,43744.796
300894.SZ,20241209,15.62,15.88,15.37,15.57,15.75,-0.18,-1.1429,122551.0,191438.67
300895.SZ,20241209,35.96,36.38,34.99,36.05,35.95,0.1,0.2782,57275.45,204478.793
300896.SZ,20241209,212.01,212.88,207.45,208.54,212.9,-4.36,-2.0479,24894.6,522099.771
300897.SZ,20241209,24.38,24.38,23.24,23.58,23.48,0.1,0.4259,15612.84,36954.81
300898.SZ,20241209,23.3,26.88,22.88,25.01,23.39,1.62,6.926,140631.88,351380.49
300899.SZ,20241209,25.07,25.08,24.38,24.87,24.91,-0.04,-0.1606,15075.19,37376.179
300900.SZ,20241209,22.79,22.99,22.13,22.4,22.84,-0.44,-1.9264,69897.4,156649.456
300901.SZ,20241209,13.53,13.53,11.8,11.96,13.21,-1.25,-9.4625,113856.26,139013.945
300902.SZ,20241209,21.29,22.2,20.95,21.3,21.1,0.2,0.9479,93237.49,200814.66
300903.SZ,20241209,9.18,9.24,8.99,9.11,9.2,-0.09,-0.9783,105811.4,96456.428
300904.SZ,20241209,62.74,64.6,61.01,63.74,62.71,1.03,1.6425,24401.0,154500.694
300905.SZ,20241209,32.91,33.2,31.75,32.5,33.58,-1.08,-3.2162,97902.4,316913.753
300906.SZ,20241209,29.1,29.6,28.35,28.89,29.53,-0.64,-2.1673,42922.13,123381.594
300907.SZ,20241209,23.1,24.34,23.1,23.8,23.16,0.64,2.7634,30479.02,72634.602
300908.SZ,20241209,32.93,34.08,32.38,32.97,32.93,0.04,0.1215,26226.07,87057.961
300909.SZ,20241209,27.96,28.92,27.63,27.88,28.12,-0.24,-0.8535,31880.5,89947.654
300910.SZ,20241209,44.64,44.65,43.0,43.11,44.48,-1.37,-3.08,23117.1,100934.379
300911.SZ,20241209,32.3,32.45,31.44,31.82,32.46,-0.64,-1.9717,36906.61,117379.356
300912.SZ,20241209,13.96,14.36,13.92,14.15,14.03,0.12,0.8553,58675.33,82764.763
300913.SZ,20241209,34.12,34.32,33.34,33.82,34.12,-0.3,-0.8792,34288.6,115769.543
300915.SZ,20241209,34.32,35.37,33.92,34.2,34.32,-0.12,-0.3497,12983.5,44835.386
300916.SZ,20241209,31.23,31.74,30.71,31.45,31.23,0.22,0.7045,34491.2,107760.21
300917.SZ,20241209,59.55,60.59,57.09,57.76,60.35,-2.59,-4.2916,86297.2,501901.484
300918.SZ,20241209,11.77,12.35,11.65,11.95,11.69,0.26,2.2241,84655.81,101654.624
300919.SZ,20241209,39.47,40.18,38.96,39.37,39.78,-0.41,-1.0307,71047.23,280542.522
300920.SZ,20241209,18.82,19.29,18.68,18.93,18.8,0.13,0.6915,10819.0,20557.715
300921.SZ,20241209,23.62,23.7,22.9,23.3,23.69,-0.39,-1.6463,37828.0,87959.018
300922.SZ,20241209,16.31,16.45,16.05,16.24,16.33,-0.09,-0.5511,49393.6,80139.603
300923.SZ,20241209,23.15,23.2,22.63,22.95,22.86,0.09,0.3937,25135.97,57648.651
300925.SZ,20241209,24.72,24.87,24.0,24.27,24.92,-0.65,-2.6083,203069.6,493935.76
300926.SZ,20241209,21.87,22.18,21.66,22.08,21.87,0.21,0.9602,53597.28,117756.427
300927.SZ,20241209,20.19,20.68,19.8,20.06,20.1,-0.04,-0.199,52050.6,105366.019
300928.SZ,20241209,37.56,37.8,37.08,37.57,37.55,0.02,0.0533,13311.0,49892.981
300929.SZ,20241209,10.2,10.25,9.9,10.03,10.15,-0.12,-1.1823,37707.54,37996.506
300930.SZ,20241209,26.95,27.49,26.56,26.9,26.95,-0.05,-0.1855,18934.4,51201.11
300931.SZ,20241209,7.55,7.58,7.44,7.53,7.48,0.05,0.6684,51359.0,38580.21
300932.SZ,20241209,15.42,15.97,15.2,15.83,15.34,0.49,3.1943,108154.01,168066.536
300933.SZ,20241209,7.2,7.29,7.1,7.21,7.22,-0.01,-0.1385,108051.01,77649.06
300935.SZ,20241209,23.88,25.0,23.61,23.86,24.06,-0.2,-0.8313,27370.6,66197.839
300936.SZ,20241209,45.17,45.49,44.4,44.9,45.16,-0.26,-0.5757,9844.1,44164.344
300937.SZ,20241209,30.33,31.49,30.14,30.68,30.33,0.35,1.154,51975.92,160494.78
300938.SZ,20241209,24.97,26.78,24.51,26.15,25.11,1.04,4.1418,135711.82,351157.931
300939.SZ,20241209,33.49,34.14,32.9,33.64,33.49,0.15,0.4479,28268.1,95094.078
300940.SZ,20241209,15.02,15.16,14.67,14.86,14.99,-0.13,-0.8672,40353.85,60266.729
300941.SZ,20241209,22.84,23.08,22.29,22.54,22.95,-0.41,-1.7865,60630.5,137193.895
300942.SZ,20241209,9.98,10.56,9.62,10.25,9.82,0.43,4.3788,227349.82,229361.878
300943.SZ,20241209,14.0,14.12,13.84,13.98,14.03,-0.05,-0.3564,40767.0,56942.242
300945.SZ,20241209,12.35,12.72,12.26,12.4,12.28,0.12,0.9772,229770.0,286290.988
300946.SZ,20241209,29.6,30.19,29.47,29.82,29.75,0.07,0.2353,12505.71,37257.597
300947.SZ,20241209,18.68,18.77,17.95,18.17,18.68,-0.51,-2.7302,49199.3,89687.475
300948.SZ,20241209,11.39,11.84,11.33,11.75,11.39,0.36,3.1607,70104.16,81853.697
300949.SZ,20241209,36.48,36.6,35.61,36.18,36.53,-0.35,-0.9581,16187.18,58385.699
300950.SZ,20241209,17.72,17.85,17.39,17.66,17.71,-0.05,-0.2823,25113.5,44270.643
300951.SZ,20241209,31.78,31.95,31.2,31.59,31.56,0.03,0.0951,20934.6,66038.749
300952.SZ,20241209,25.5,26.52,24.94,25.38,26.22,-0.84,-3.2037,111358.52,287498.809
300953.SZ,20241209,73.9,76.89,73.36,74.58,74.35,0.23,0.3093,35432.05,265609.363
300955.SZ,20241209,16.83,16.89,15.98,16.2,16.83,-0.63,-3.7433,40239.32,65415.945
300956.SZ,20241209,18.7,18.94,18.55,18.8,18.75,0.05,0.2667,44147.39,82697.513
300957.SZ,20241209,49.15,49.31,48.22,48.65,49.28,-0.63,-1.2784,34816.29,169722.893
300958.SZ,20241209,13.39,13.53,13.14,13.33,13.4,-0.07,-0.5224,46318.0,61632.087
300959.SZ,20241209,38.11,38.62,37.3,38.4,37.7,0.7,1.8568,53688.1,204504.213
300960.SZ,20241209,23.71,24.06,23.53,23.88,23.58,0.3,1.2723,18215.99,43386.214
300961.SZ,20241209,12.79,13.48,12.42,12.42,12.3,0.12,0.9756,204944.85,261061.221
300962.SZ,20241209,16.76,16.98,16.55,16.7,16.71,-0.01,-0.0598,26137.0,43745.293
300963.SZ,20241209,9.48,9.56,9.2,9.32,9.56,-0.24,-2.5105,70256.97,65871.874
300964.SZ,20241209,38.98,38.98,38.0,38.88,39.76,-0.88,-2.2133,26911.0,103791.71
300965.SZ,20241209,33.33,35.05,33.33,34.4,33.4,1.0,2.994,5842.34,20143.157
300966.SZ,20241209,19.1,19.25,18.66,18.92,18.89,0.03,0.1588,26979.01,51160.025
300967.SZ,20241209,13.06,13.14,12.82,13.11,13.12,-0.01,-0.0762,43062.0,55931.979
300968.SZ,20241209,19.94,20.08,18.8,19.04,20.38,-1.34,-6.5751,286615.84,557136.132
300969.SZ,20241209,87.05,96.66,86.56,93.75,87.75,6.0,6.8376,40006.3,374323.867
300970.SZ,20241209,14.04,14.17,13.78,14.03,14.0,0.03,0.2143,26795.0,37509.513
300971.SZ,20241209,23.17,23.3,22.6,22.94,23.02,-0.08,-0.3475,39659.34,90974.386
300972.SZ,20241209,73.11,74.39,71.59,71.94,73.4,-1.46,-1.9891,15313.47,111180.237
300973.SZ,20241209,38.05,38.87,37.47,37.9,38.23,-0.33,-0.8632,23170.1,88136.357
300975.SZ,20241209,12.2,12.26,11.9,12.08,12.2,-0.12,-0.9836,214449.8,258726.773
300976.SZ,20241209,62.88,63.88,61.56,62.85,62.89,-0.04,-0.0636,16153.1,101593.266
300977.SZ,20241209,20.44,20.88,20.09,20.27,20.63,-0.36,-1.745,35031.25,71520.985
300978.SZ,20241209,12.17,12.3,12.04,12.21,12.2,0.01,0.082,60142.41,73198.8
300979.SZ,20241209,72.21,76.19,71.06,76.0,71.92,4.08,5.673,38291.76,284495.189
300980.SZ,20241209,25.2,26.15,24.68,25.99,25.45,0.54,2.1218,50914.29,129240.14
300981.SZ,20241209,15.11,15.24,14.71,14.93,15.08,-0.15,-0.9947,83451.43,125052.61
300982.SZ,20241209,19.24,19.34,19.0,19.34,19.24,0.1,0.5198,30578.6,58737.091
300983.SZ,20241209,19.35,19.46,19.12,19.31,19.3,0.01,0.0518,7556.88,14590.067
300984.SZ,20241209,36.5,39.36,35.53,37.2,38.01,-0.81,-2.131,79131.25,298021.894
300985.SZ,20241209,20.24,20.69,19.89,20.11,20.24,-0.13,-0.6423,25706.0,51961.512
300986.SZ,20241209,13.12,13.47,12.87,13.39,13.03,0.36,2.7629,49258.49,64909.546
300987.SZ,20241209,17.36,17.49,16.91,17.2,17.37,-0.17,-0.9787,69132.3,118794.366
300988.SZ,20241209,20.3,21.99,20.08,20.8,20.13,0.67,3.3284,125061.0,264877.06
300989.SZ,20241209,14.74,15.48,14.52,15.46,14.74,0.72,4.8847,105347.12,158302.425
300990.SZ,20241209,37.16,37.63,36.56,36.96,37.18,-0.22,-0.5917,16791.07,62181.99
300991.SZ,20241209,19.7,19.82,19.23,19.49,19.74,-0.25,-1.2665,42529.0,82810.067
300992.SZ,20241209,23.3,27.0,23.3,25.05,23.3,1.75,7.5107,45672.49,115122.47
300993.SZ,20241209,10.31,10.36,10.12,10.28,10.35,-0.07,-0.6763,52703.98,53984.326
300994.SZ,20241209,12.04,12.15,11.84,12.14,12.0,0.14,1.1667,30134.4,36235.303
300995.SZ,20241209,18.34,18.9,18.02,18.5,18.15,0.35,1.9284,31583.0,58401.282
300996.SZ,20241209,20.83,21.07,20.49,20.8,20.78,0.02,0.0962,51349.01,106775.59
300997.SZ,20241209,16.7,17.25,16.65,16.97,16.98,-0.01,-0.0589,108660.01,183765.283
300998.SZ,20241209,16.75,18.15,16.75,17.9,16.89,1.01,5.9799,74871.0,131593.814
300999.SZ,20241209,34.88,35.04,34.21,34.45,34.86,-0.41,-1.1761,67665.28,234173.125
301000.SZ,20241209,26.42,28.89,26.42,28.18,26.95,1.23,4.564,377828.63,1044549.434
301001.SZ,20241209,29.58,29.82,28.39,28.7,29.6,-0.9,-3.0405,50036.75,144507.603
301002.SZ,20241209,18.4,18.58,18.04,18.5,18.35,0.15,0.8174,19445.86,35709.069
301003.SZ,20241209,24.31,24.34,23.82,24.17,24.18,-0.01,-0.0414,8720.5,21058.942
301004.SZ,20241209,101.55,107.95,101.31,107.5,102.16,5.34,5.2271,11823.63,125289.026
301005.SZ,20241209,30.27,32.25,30.0,32.19,30.43,1.76,5.7838,104349.04,327829.708
301006.SZ,20241209,15.48,15.68,15.3,15.66,15.52,0.14,0.9021,16305.0,25355.257
301007.SZ,20241209,18.01,19.0,18.0,18.33,18.42,-0.09,-0.4886,225342.69,417837.553
301008.SZ,20241209,21.34,21.59,21.04,21.49,21.33,0.16,0.7501,20814.08,44366.339
301009.SZ,20241209,9.87,10.03,9.68,9.86,9.85,0.01,0.1015,26476.99,26062.84
301010.SZ,20241209,14.99,15.1,14.6,14.99,15.08,-0.09,-0.5968,30222.0,45108.569
301011.SZ,20241209,31.58,31.94,30.7,31.67,31.82,-0.15,-0.4714,105972.59,332628.264
301012.SZ,20241209,23.7,24.15,23.7,23.89,23.77,0.12,0.5048,39266.94,93992.855
301013.SZ,20241209,13.59,13.9,13.48,13.83,13.39,0.44,3.286,141081.5,193395.826
301015.SZ,20241209,27.6,27.81,27.13,27.33,27.54,-0.21,-0.7625,18098.48,49610.609
301016.SZ,20241209,24.45,24.64,23.98,24.28,24.49,-0.21,-0.8575,30552.6,74129.044
301017.SZ,20241209,14.14,14.42,13.95,14.29,14.08,0.21,1.4915,77248.95,109628.488
301018.SZ,20241209,27.6,29.4,27.5,29.1,27.97,1.13,4.04,123939.91,355857.362
301019.SZ,20241209,16.59,16.59,16.16,16.26,16.63,-0.37,-2.2249,32967.06,53815.004
301020.SZ,20241209,20.66,21.32,20.58,20.89,20.66,0.23,1.1133,23035.0,48138.135
301021.SZ,20241209,31.76,31.76,29.98,30.29,32.07,-1.78,-5.5504,90229.2,277077.381
301022.SZ,20241209,24.06,25.46,23.64,24.32,23.94,0.38,1.5873,31031.11,75980.382
301023.SZ,20241209,51.99,55.79,51.73,55.61,52.49,3.12,5.944,34337.76,186365.432
301024.SZ,20241209,27.71,29.78,27.61,29.17,27.77,1.4,5.0414,31713.5,91612.623
301025.SZ,20241209,11.95,12.06,11.6,11.84,11.99,-0.15,-1.251,94242.0,111237.972
301026.SZ,20241209,29.2,30.83,29.2,29.97,29.16,0.81,2.7778,25001.82,75048.189
301027.SZ,20241209,13.9,14.1,13.57,13.96,13.9,0.06,0.4317,45490.0,63062.123
301028.SZ,20241209,11.64,11.75,11.53,11.66,11.61,0.05,0.4307,45995.0,53520.995
301029.SZ,20241209,26.81,27.8,26.58,26.91,26.92,-0.01,-0.0371,69271.71,187927.172
301030.SZ,20241209,28.77,28.91,27.9,27.93,28.87,-0.94,-3.256,58944.23,166600.789
301031.SZ,20241209,110.11,113.54,109.03,111.63,110.66,0.97,0.8766,8056.0,89794.569
301032.SZ,20241209,10.85,11.14,10.7,11.08,10.81,0.27,2.4977,60243.46,66311.626
301033.SZ,20241209,47.49,47.94,46.33,46.72,47.49,-0.77,-1.6214,8693.42,40865.271
301035.SZ,20241209,50.8,51.1,50.05,50.57,50.89,-0.32,-0.6288,4753.1,24049.579
301036.SZ,20241209,44.7,44.7,43.16,43.8,44.73,-0.93,-2.0791,31086.1,136016.275
301037.SZ,20241209,11.81,11.96,11.56,11.87,11.81,0.06,0.508,30233.25,35575.681
301038.SZ,20241209,21.31,21.73,20.52,21.23,21.58,-0.35,-1.6219,57807.65,121262.96
301039.SZ,20241209,9.85,9.97,9.75,9.83,9.88,-0.05,-0.5061,146457.59,144481.855
301040.SZ,20241209,16.27,16.31,15.55,15.88,16.03,-0.15,-0.9357,25074.0,39943.681
301041.SZ,20241209,27.11,27.56,26.78,27.1,27.11,-0.01,-0.0369,67044.15,181905.643
301042.SZ,20241209,39.49,40.7,38.89,39.59,38.4,1.19,3.099,41336.33,164321.003
301043.SZ,20241209,30.2,30.3,29.56,30.04,30.14,-0.1,-0.3318,7069.75,21170.988
301045.SZ,20241209,21.67,22.0,21.4,21.82,21.76,0.06,0.2757,17671.0,38408.044
301046.SZ,20241209,22.29,22.48,22.0,22.26,22.27,-0.01,-0.0449,14047.0,31233.747
301047.SZ,20241209,70.5,71.19,68.73,68.83,69.28,-0.45,-0.6495,15764.36,110133.853
301048.SZ,20241209,10.28,10.36,10.04,10.18,10.31,-0.13,-1.2609,78341.0,79902.935
301049.SZ,20241209,28.62,30.53,28.0,29.66,28.92,0.74,2.5588,39446.22,114415.596
301050.SZ,20241209,53.8,54.28,52.8,53.33,54.0,-0.67,-1.2407,51805.4,276600.683
301051.SZ,20241209,31.48,31.68,30.09,30.5,31.83,-1.33,-4.1784,51576.61,158222.517
301052.SZ,20241209,31.34,31.95,30.31,30.93,31.1,-0.17,-0.5466,110564.15,342704.234
301053.SZ,20241209,22.71,22.85,22.45,22.84,22.67,0.17,0.7499,11644.55,26478.293
301055.SZ,20241209,15.86,16.09,15.49,15.79,15.87,-0.08,-0.5041,25366.0,40051.869
301056.SZ,20241209,9.49,9.52,9.33,9.47,9.43,0.04,0.4242,34779.0,32844.056
301057.SZ,20241209,14.59,14.82,14.47,14.68,14.5,0.18,1.2414,34862.07,51053.547
301058.SZ,20241209,11.58,11.61,11.36,11.44,11.58,-0.14,-1.209,77890.0,89412.565
301059.SZ,20241209,11.47,11.52,11.22,11.46,11.43,0.03,0.2625,22317.1,25506.13
301060.SZ,20241209,11.24,11.39,10.99,11.13,11.04,0.09,0.8152,145644.29,162807.767
301061.SZ,20241209,56.29,58.16,55.31,56.6,55.77,0.83,1.4883,8596.83,49131.624
301062.SZ,20241209,14.6,15.08,14.38,14.77,14.75,0.02,0.1356,200740.99,297294.081
301063.SZ,20241209,18.21,18.43,17.99,18.33,18.06,0.27,1.495,26560.0,48394.817
301065.SZ,20241209,21.7,21.91,21.28,21.46,21.55,-0.09,-0.4176,17425.0,37581.728
301066.SZ,20241209,16.9,16.95,16.51,16.82,17.36,-0.54,-3.1106,183455.89,306422.617
301067.SZ,20241209,26.4,26.79,26.03,26.28,26.42,-0.14,-0.5299,17105.82,45093.958
301068.SZ,20241209,30.8,32.48,30.39,31.39,30.64,0.75,2.4478,8570.8,27010.307
301069.SZ,20241209,16.46,17.6,16.4,17.12,16.16,0.96,5.9406,224334.34,381611.273
301070.SZ,20241209,49.0,49.38,47.04,47.65,48.79,-1.14,-2.3365,12384.5,59476.944
301071.SZ,20241209,33.8,36.0,32.71,33.23,33.2,0.03,0.0904,180558.61,620076.215
301072.SZ,20241209,22.84,23.38,22.81,23.15,22.96,0.19,0.8275,15509.26,35900.975
301073.SZ,20241209,23.49,23.98,23.23,23.47,23.7,-0.23,-0.9705,46331.5,109444.178
301075.SZ,20241209,21.4,21.64,21.01,21.29,21.13,0.16,0.7572,12229.0,26088.198
301076.SZ,20241209,24.02,28.82,23.76,28.82,24.02,4.8,19.9833,203356.77,551475.985
301077.SZ,20241209,25.84,26.28,25.39,25.73,25.91,-0.18,-0.6947,19258.33,49484.976
301078.SZ,20241209,14.27,14.38,13.33,13.44,14.46,-1.02,-7.0539,638042.83,873955.19
301079.SZ,20241209,18.41,18.49,17.8,18.02,18.3,-0.28,-1.5301,52255.3,94171.957
301080.SZ,20241209,47.3,48.94,46.56,46.87,46.81,0.06,0.1282,22317.86,106848.13
301081.SZ,20241209,9.49,9.54,9.34,9.5,9.41,0.09,0.9564,30362.6,28703.79
301082.SZ,20241209,16.27,16.3,15.7,15.8,16.43,-0.63,-3.8344,157466.4,250860.106
301083.SZ,20241209,16.41,16.7,16.21,16.46,16.43,0.03,0.1826,39718.0,65216.856
301085.SZ,20241209,59.94,62.78,59.5,61.83,60.26,1.57,2.6054,42355.91,260270.362
301086.SZ,20241209,50.23,50.58,49.38,50.04,50.28,-0.24,-0.4773,7931.5,39602.689
301087.SZ,20241209,37.8,37.98,36.97,37.43,37.65,-0.22,-0.5843,11497.3,43057.642
301088.SZ,20241209,14.66,14.78,14.38,14.67,14.67,0.0,0.0,28626.3,41693.051
301089.SZ,20241209,33.83,35.56,33.15,34.09,32.84,1.25,3.8063,84196.33,291361.196
301090.SZ,20241209,7.85,7.91,7.74,7.82,7.84,-0.02,-0.2551,58227.0,45637.438
301091.SZ,20241209,49.65,50.43,48.9,48.99,50.28,-1.29,-2.5656,83444.84,413245.163
301092.SZ,20241209,26.03,27.2,25.82,26.35,26.02,0.33,1.2683,27272.5,72309.058
301093.SZ,20241209,24.18,24.48,24.12,24.41,24.31,0.1,0.4114,14236.3,34626.231
301095.SZ,20241209,61.56,61.64,59.32,60.11,61.84,-1.73,-2.7975,43327.57,261647.291
301096.SZ,20241209,42.97,43.49,42.17,42.52,42.22,0.3,0.7106,47201.5,202011.086
301097.SZ,20241209,44.7,45.45,44.02,44.65,44.58,0.07,0.157,5138.0,22975.454
301098.SZ,20241209,9.21,9.37,9.19,9.31,9.22,0.09,0.9761,66818.25,61958.966
301099.SZ,20241209,44.66,46.55,44.44,45.02,45.06,-0.04,-0.0888,41634.87,189568.107
301100.SZ,20241209,18.57,19.29,18.57,18.81,18.63,0.18,0.9662,32890.88,61972.371
301101.SZ,20241209,38.6,41.28,38.03,39.53,38.98,0.55,1.411,91523.47,364729.662
301102.SZ,20241209,13.47,13.9,13.11,13.86,13.6,0.26,1.9118,312211.69,421254.848
301103.SZ,20241209,23.97,24.22,23.48,23.86,23.71,0.15,0.6326,17825.2,42507.874
301105.SZ,20241209,32.25,33.73,31.9,32.47,32.27,0.2,0.6198,8665.0,28118.17
301106.SZ,20241209,30.06,30.75,29.72,30.14,31.17,-1.03,-3.3045,30593.4,92118.286
301107.SZ,20241209,28.73,29.28,28.71,29.02,28.88,0.14,0.4848,10777.1,31262.531
301108.SZ,20241209,28.29,28.75,28.1,28.72,28.28,0.44,1.5559,9600.99,27339.551
301109.SZ,20241209,18.66,18.85,18.06,18.16,18.47,-0.31,-1.6784,80321.89,148099.246
301110.SZ,20241209,45.8,45.8,43.11,44.45,45.43,-0.98,-2.1572,24910.14,111235.836
301111.SZ,20241209,18.94,19.23,18.38,18.69,19.04,-0.35,-1.8382,56084.0,105332.856
301112.SZ,20241209,27.61,28.26,27.38,27.65,27.74,-0.09,-0.3244,22340.0,62084.719
301113.SZ,20241209,26.59,27.04,26.2,26.86,26.63,0.23,0.8637,7091.0,18893.443
301115.SZ,20241209,15.67,15.82,15.44,15.57,15.73,-0.16,-1.0172,38661.04,60329.657
301116.SZ,20241209,13.66,14.19,13.51,13.86,13.91,-0.05,-0.3595,162421.46,224095.456
301117.SZ,20241209,35.6,36.66,34.79,35.05,36.05,-1.0,-2.7739,61358.67,218182.079
301118.SZ,20241209,20.53,22.2,20.53,21.45,20.58,0.87,4.2274,71345.24,153493.908
301119.SZ,20241209,31.4,32.71,30.84,31.52,31.4,0.12,0.3822,24151.92,77171.7
301120.SZ,20241209,10.38,10.41,10.14,10.31,10.34,-0.03,-0.2901,41331.18,42484.705
301121.SZ,20241209,49.4,50.1,49.1,49.75,49.56,0.19,0.3834,15218.09,75673.909
301122.SZ,20241209,23.64,23.64,22.62,22.86,23.43,-0.57,-2.4328,32055.39,74158.856
301123.SZ,20241209,20.58,21.28,20.5,21.24,20.66,0.58,2.8074,66518.0,139224.676
301125.SZ,20241209,11.94,12.09,11.79,11.95,11.9,0.05,0.4202,42568.2,50880.456
301126.SZ,20241209,11.96,12.08,11.74,11.88,11.9,-0.02,-0.1681,51335.51,61281.032
301127.SZ,20241209,16.92,19.25,16.87,18.82,16.68,2.14,12.8297,378318.05,689279.1
301128.SZ,20241209,54.4,55.8,54.0,54.89,54.54,0.35,0.6417,13628.88,74817.559
301129.SZ,20241209,27.45,28.6,27.11,28.56,27.85,0.71,2.5494,58381.6,162496.908
301130.SZ,20241209,28.8,29.38,28.5,28.69,28.53,0.16,0.5608,17175.61,49372.439
301131.SZ,20241209,38.69,41.0,38.27,40.5,38.7,1.8,4.6512,39239.56,157484.908
301132.SZ,20241209,29.11,29.33,28.63,28.85,29.12,-0.27,-0.9272,21307.95,61757.267
301133.SZ,20241209,24.35,25.04,24.19,24.77,24.35,0.42,1.7248,24494.0,60571.251
301135.SZ,20241209,26.63,27.5,26.12,26.45,26.77,-0.32,-1.1954,30606.09,81412.733
301136.SZ,20241209,14.14,14.29,13.85,14.02,14.23,-0.21,-1.4758,54862.0,77077.316
301137.SZ,20241209,18.94,19.1,18.56,18.88,19.03,-0.15,-0.7882,25722.74,48444.119
301138.SZ,20241209,31.33,32.14,30.6,30.92,31.64,-0.72,-2.2756,35866.1,111773.261
301139.SZ,20241209,25.0,25.48,24.28,25.25,24.99,0.26,1.0404,53019.5,131768.1
301141.SZ,20241209,41.58,42.14,41.21,41.57,42.0,-0.43,-1.0238,20447.94,85147.256
301148.SZ,20241209,20.48,20.48,20.07,20.41,20.37,0.04,0.1964,15934.0,32354.94
301149.SZ,20241209,10.53,10.65,10.45,10.65,10.53,0.12,1.1396,41874.0,44321.773
301150.SZ,20241209,24.25,25.21,24.02,24.88,24.28,0.6,2.4712,45125.44,111429.93
301151.SZ,20241209,17.2,18.58,17.09,18.09,17.24,0.85,4.9304,102727.16,182840.95
301152.SZ,20241209,34.44,36.15,33.88,35.0,34.8,0.2,0.5747,52208.03,181633.659
301153.SZ,20241209,33.61,33.97,32.44,32.9,33.58,-0.68,-2.025,66741.12,219997.936
301155.SZ,20241209,63.66,63.99,61.88,62.66,64.0,-1.34,-2.0938,21750.0,136681.728
301156.SZ,20241209,14.5,14.53,14.18,14.51,14.34,0.17,1.1855,17052.1,24547.606
301157.SZ,20241209,39.65,39.99,39.22,39.85,39.57,0.28,0.7076,12907.0,51161.801
301158.SZ,20241209,15.43,15.55,15.29,15.43,15.43,0.0,0.0,29726.0,45801.412
301159.SZ,20241209,37.57,38.3,36.6,37.26,37.68,-0.42,-1.1146,29865.49,111761.252
301160.SZ,20241209,62.88,73.78,62.84,73.78,61.48,12.3,20.0065,77964.84,550253.092
301161.SZ,20241209,21.53,22.36,21.38,21.77,21.32,0.45,2.1107,118225.79,257724.334
301162.SZ,20241209,44.6,45.7,43.8,45.33,44.53,0.8,1.7965,43484.76,195550.965
301163.SZ,20241209,24.33,24.88,24.24,24.53,24.3,0.23,0.9465,23942.0,58675.434
301165.SZ,20241209,48.86,49.37,47.4,48.37,48.86,-0.49,-1.0029,22454.0,108536.961
301166.SZ,20241209,31.55,32.2,31.25,31.53,31.4,0.13,0.414,13989.59,44266.942
301167.SZ,20241209,14.6,14.74,14.35,14.6,14.69,-0.09,-0.6127,42528.8,61921.905
301168.SZ,20241209,30.27,30.66,29.8,30.39,30.36,0.03,0.0988,14554.0,43951.262
301169.SZ,20241209,47.1,47.8,45.61,46.24,47.63,-1.39,-2.9183,31566.6,146856.234
301170.SZ,20241209,25.3,25.6,25.1,25.57,25.15,0.42,1.67,17264.38,43906.444
301171.SZ,20241209,38.05,39.48,36.6,38.5,38.2,0.3,0.7853,831684.68,3156320.983
301172.SZ,20241209,31.62,31.79,30.8,31.35,31.52,-0.17,-0.5393,24537.0,76725.799
301175.SZ,20241209,5.63,5.67,5.53,5.6,5.63,-0.03,-0.5329,217278.0,121682.36
301176.SZ,20241209,19.72,21.2,19.52,20.73,19.71,1.02,5.175,95794.84,197648.49
301177.SZ,20241209,24.88,25.0,24.33,24.6,24.86,-0.26,-1.0459,13637.0,33591.41
301178.SZ,20241209,35.5,36.39,33.22,33.36,32.61,0.75,2.2999,114981.31,399664.776
301179.SZ,20241209,18.74,18.92,18.55,18.77,18.82,-0.05,-0.2657,42131.88,78939.367
301180.SZ,20241209,15.83,16.16,15.68,15.99,15.83,0.16,1.0107,44974.06,71789.071
301181.SZ,20241209,23.58,23.77,23.33,23.66,23.58,0.08,0.3393,11377.2,26836.609
301182.SZ,20241209,35.68,36.06,34.85,34.99,36.05,-1.06,-2.9404,22991.75,81057.492
301183.SZ,20241209,51.52,53.27,51.2,52.0,50.88,1.12,2.2013,55752.54,290794.911
301185.SZ,20241209,19.55,19.57,18.96,19.24,19.4,-0.16,-0.8247,45064.0,86674.786
301186.SZ,20241209,42.19,43.78,42.0,43.11,42.19,0.92,2.1806,23043.6,99270.573
301187.SZ,20241209,30.01,31.47,29.38,31.19,30.56,0.63,2.0615,32601.87,99953.194
301188.SZ,20241209,16.39,16.44,16.09,16.37,16.38,-0.01,-0.0611,38000.86,62026.302
301189.SZ,20241209,25.95,26.11,25.5,25.86,25.94,-0.08,-0.3084,13718.32,35502.258
301190.SZ,20241209,16.54,16.88,16.45,16.7,16.51,0.19,1.1508,17041.0,28464.707
301191.SZ,20241209,79.8,79.96,78.32,78.8,79.39,-0.59,-0.7432,10381.5,82069.586
301192.SZ,20241209,19.8,20.16,19.67,20.02,19.69,0.33,1.676,14137.73,28241.385
301193.SZ,20241209,17.44,17.52,17.11,17.23,17.44,-0.21,-1.2041,9287.2,16056.961
301195.SZ,20241209,35.96,36.21,35.25,35.48,35.96,-0.48,-1.3348,23416.6,83729.399
301196.SZ,20241209,36.5,36.72,36.11,36.51,36.44,0.07,0.1921,9717.11,35423.276
301197.SZ,20241209,16.59,16.68,16.33,16.62,16.53,0.09,0.5445,22462.68,37173.482
301198.SZ,20241209,15.5,15.5,13.5,15.5,12.92,2.58,19.969,423938.47,642431.488
301199.SZ,20241209,30.35,32.45,30.35,31.5,30.91,0.59,1.9088,52700.28,165573.486
301200.SZ,20241209,39.04,39.74,38.66,39.0,40.0,-1.0,-2.5,40116.21,156912.092
301201.SZ,20241209,22.48,25.5,22.21,23.48,22.08,1.4,6.3406,81990.43,195645.639
301202.SZ,20241209,34.61,34.84,34.17,34.73,34.64,0.09,0.2598,21081.0,72895.93
301203.SZ,20241209,31.81,31.81,30.88,31.36,31.7,-0.34,-1.0726,11391.0,35532.506
301205.SZ,20241209,72.39,72.51,70.28,71.06,72.4,-1.34,-1.8508,20576.87,146546.6
301206.SZ,20241209,28.03,28.57,27.9,28.45,28.06,0.39,1.3899,18533.66,52345.876
301207.SZ,20241209,19.89,20.06,19.2,19.32,19.6,-0.28,-1.4286,34652.9,67737.603
301208.SZ,20241209,39.02,39.34,37.8,38.06,38.8,-0.74,-1.9072,41942.77,160387.279
301209.SZ,20241209,30.55,30.6,29.45,29.78,30.4,-0.62,-2.0395,18337.82,54838.436
301210.SZ,20241209,34.7,39.88,34.56,37.22,34.62,2.6,7.5101,37329.8,138576.808
301211.SZ,20241209,20.09,20.67,20.0,20.37,19.9,0.47,2.3618,60988.26,124309.595
301212.SZ,20241209,23.96,24.15,23.39,23.78,24.0,-0.22,-0.9167,14380.0,34220.858
301213.SZ,20241209,42.45,42.84,41.25,42.09,42.85,-0.76,-1.7736,32121.2,134693.309
301215.SZ,20241209,6.78,6.81,6.64,6.76,6.77,-0.01,-0.1477,207070.18,139567.346
301216.SZ,20241209,11.24,11.31,11.11,11.21,11.23,-0.02,-0.1781,32772.24,36781.903
301217.SZ,20241209,11.18,11.26,10.96,11.06,11.18,-0.12,-1.0733,51610.0,57253.482
301218.SZ,20241209,26.36,26.43,25.35,25.5,26.24,-0.74,-2.8201,50946.5,131327.088
301219.SZ,20241209,49.8,50.2,48.88,49.59,49.59,0.0,0.0,29606.64,146771.716
301220.SZ,20241209,36.13,36.46,34.6,34.99,36.31,-1.32,-3.6354,22864.68,80655.793
301221.SZ,20241209,54.43,56.9,53.61,56.6,54.68,1.92,3.5113,82237.27,456682.3
301222.SZ,20241209,28.54,28.75,28.22,28.52,28.68,-0.16,-0.5579,8609.1,24483.001
301223.SZ,20241209,18.0,18.4,17.61,17.74,18.25,-0.51,-2.7945,35315.39,63081.612
301225.SZ,20241209,29.02,29.86,28.81,29.3,29.21,0.09,0.3081,15985.67,46818.241
301226.SZ,20241209,26.16,27.27,25.85,26.69,26.37,0.32,1.2135,67168.81,178650.286
301227.SZ,20241209,19.0,19.16,18.7,19.1,19.04,0.06,0.3151,11578.0,22012.221
301228.SZ,20241209,14.1,14.21,13.76,14.17,14.12,0.05,0.3541,38680.77,54207.196
301229.SZ,20241209,23.18,23.87,23.12,23.78,23.29,0.49,2.1039,35073.8,82810.37
301230.SZ,20241209,29.5,30.2,27.5,28.0,28.18,-0.18,-0.6388,118244.01,341464.965
301231.SZ,20241209,21.85,22.2,21.03,21.41,21.63,-0.22,-1.0171,49960.25,107455.545
301232.SZ,20241209,29.89,30.05,29.41,29.66,29.87,-0.21,-0.703,11515.77,34221.796
301233.SZ,20241209,51.77,53.79,51.66,52.29,52.28,0.01,0.0191,32362.41,169791.583
301234.SZ,20241209,28.39,29.42,28.39,29.16,28.5,0.66,2.3158,15264.1,44351.848
301235.SZ,20241209,22.15,22.43,21.8,22.04,22.13,-0.09,-0.4067,12082.0,26739.925
301236.SZ,20241209,59.66,63.08,58.5,61.46,59.95,1.51,2.5188,545931.76,3323922.221
301237.SZ,20241209,25.27,25.92,25.27,25.76,25.23,0.53,2.1007,8893.0,22824.646
301238.SZ,20241209,17.5,17.71,17.25,17.53,17.5,0.03,0.1714,76232.0,133496.232
301239.SZ,20241209,55.72,57.54,55.05,56.79,55.63,1.16,2.0852,25926.0,146417.407
301246.SZ,20241209,15.23,15.47,15.12,15.25,15.15,0.1,0.6601,55395.9,84686.473
301248.SZ,20241209,17.96,18.07,17.47,17.69,17.94,-0.25,-1.3935,55170.0,97829.885
301251.SZ,20241209,36.08,36.12,34.98,35.12,35.8,-0.68,-1.8994,48566.7,171683.438
301252.SZ,20241209,29.98,30.22,29.27,29.68,30.13,-0.45,-1.4935,22239.35,66292.782
301255.SZ,20241209,36.42,37.8,36.0,37.2,36.71,0.49,1.3348,34394.26,127651.597
301256.SZ,20241209,8.69,8.74,8.51,8.6,8.66,-0.06,-0.6928,72939.0,62867.755
301257.SZ,20241209,32.18,32.86,31.78,31.91,31.59,0.32,1.013,52948.75,171227.045
301258.SZ,20241209,28.12,28.5,27.55,27.7,27.88,-0.18,-0.6456,14101.0,39459.938
301259.SZ,20241209,47.0,47.43,45.51,45.9,47.12,-1.22,-2.5891,14621.0,67675.265
301260.SZ,20241209,14.69,14.85,14.61,14.74,14.72,0.02,0.1359,28341.0,41728.77
301261.SZ,20241209,43.8,46.65,43.66,46.53,44.22,2.31,5.2239,68773.97,313823.209
301262.SZ,20241209,28.79,29.33,28.41,29.16,28.8,0.36,1.25,59188.49,170842.099
301263.SZ,20241209,15.19,15.48,15.06,15.34,15.18,0.16,1.054,60449.08,92416.646
301265.SZ,20241209,9.99,10.09,9.88,9.99,9.96,0.03,0.3012,28578.0,28454.885
301266.SZ,20241209,41.8,41.87,40.01,40.45,42.0,-1.55,-3.6905,43014.78,175162.598
301267.SZ,20241209,22.44,22.53,21.9,22.1,22.33,-0.23,-1.03,50413.53,111838.294
301268.SZ,20241209,20.46,20.58,19.6,19.87,20.48,-0.61,-2.9785,37577.0,75305.122
301269.SZ,20241209,126.0,126.86,121.58,123.22,127.46,-4.24,-3.3265,66939.21,830107.305
301270.SZ,20241209,39.57,40.48,38.85,39.15,39.57,-0.42,-1.0614,34951.06,138182.135
301272.SZ,20241209,38.28,38.67,37.92,38.37,38.28,0.09,0.2351,7105.0,27243.625
301273.SZ,20241209,19.96,20.32,19.61,20.17,19.93,0.24,1.2042,11908.0,23948.956
301276.SZ,20241209,21.4,21.69,21.11,21.37,21.48,-0.11,-0.5121,17436.76,37330.259
301277.SZ,20241209,15.7,15.95,15.42,15.61,15.48,0.13,0.8398,54656.75,85477.633
301278.SZ,20241209,37.84,37.98,37.06,37.55,37.85,-0.3,-0.7926,11870.6,44596.016
301279.SZ,20241209,23.61,24.3,23.01,23.67,23.9,-0.23,-0.9623,36627.36,86320.205
301280.SZ,20241209,45.44,46.33,44.66,45.69,45.66,0.03,0.0657,18243.82,82969.494
301281.SZ,20241209,35.2,35.98,34.37,34.82,34.9,-0.08,-0.2292,22984.1,80532.398
301282.SZ,20241209,22.88,23.16,22.61,22.85,23.0,-0.15,-0.6522,19933.81,45597.729
301283.SZ,20241209,28.87,28.87,28.03,28.35,28.3,0.05,0.1767,14152.0,40265.945
301285.SZ,20241209,29.0,29.27,28.18,28.5,29.15,-0.65,-2.2298,32942.94,94269.934
301286.SZ,20241209,37.46,37.6,34.4,35.9,38.11,-2.21,-5.799,27382.0,99285.455
301287.SZ,20241209,31.2,31.49,30.52,30.85,30.74,0.11,0.3578,8491.0,26296.965
301288.SZ,20241209,19.48,19.52,18.76,19.35,19.36,-0.01,-0.0517,68078.0,130497.773
301289.SZ,20241209,49.31,49.54,48.51,48.62,49.56,-0.94,-1.8967,18200.5,88993.045
301290.SZ,20241209,26.72,27.32,26.55,26.81,26.72,0.09,0.3368,13769.0,37155.859
301291.SZ,20241209,43.35,43.49,42.1,42.89,43.13,-0.24,-0.5565,21848.9,93680.05
301292.SZ,20241209,15.33,15.54,15.19,15.38,15.37,0.01,0.0651,20493.83,31552.32
301293.SZ,20241209,48.82,50.37,48.11,49.65,48.83,0.82,1.6793,104744.93,517461.376
301295.SZ,20241209,23.5,23.67,23.22,23.64,23.38,0.26,1.1121,13805.37,32416.807
301296.SZ,20241209,10.12,10.36,10.06,10.33,10.07,0.26,2.5819,97840.84,100084.765
301297.SZ,20241209,47.52,47.94,46.58,46.95,47.52,-0.57,-1.1995,76320.55,359470.337
301298.SZ,20241209,15.35,15.45,15.12,15.24,15.36,-0.12,-0.7813,41505.28,63382.873
301299.SZ,20241209,63.3,63.98,60.24,61.22,64.44,-3.22,-4.9969,46453.53,286303.224
301300.SZ,20241209,29.91,30.61,29.53,30.39,29.61,0.78,2.6342,26791.72,80340.017
301301.SZ,20241209,13.48,13.53,13.15,13.26,13.3,-0.04,-0.3008,228840.1,305571.435
301302.SZ,20241209,26.51,28.8,26.2,27.01,26.52,0.49,1.8477,240374.41,656014.281
301303.SZ,20241209,15.52,15.89,15.48,15.82,15.53,0.29,1.8674,47661.83,75015.578
301305.SZ,20241209,19.01,19.38,18.86,19.09,19.1,-0.01,-0.0524,23269.16,44476.496
301306.SZ,20241209,43.09,43.76,42.41,43.02,43.28,-0.26,-0.6007,21815.0,93845.654
301307.SZ,20241209,24.28,24.98,23.89,24.57,24.28,0.29,1.1944,52306.0,127793.66
301308.SZ,20241209,89.0,89.85,87.15,88.84,89.67,-0.83,-0.9256,41114.79,364166.775
301309.SZ,20241209,26.99,27.05,26.26,26.3,26.83,-0.53,-1.9754,23625.49,62781.861
301310.SZ,20241209,29.88,31.74,29.2,29.42,29.32,0.1,0.3411,95839.99,288530.063
301311.SZ,20241209,20.8,20.95,20.37,20.78,20.8,-0.02,-0.0962,45527.61,94139.946
301312.SZ,20241209,49.96,50.21,48.51,49.0,50.28,-1.28,-2.5457,20767.7,102369.964
301313.SZ,20241209,28.15,28.9,26.7,27.86,27.85,0.01,0.0359,164517.95,458431.289
301314.SZ,20241209,41.42,41.84,40.4,40.92,42.22,-1.3,-3.0791,21875.0,89876.33
301315.SZ,20241209,54.01,56.78,54.01,55.5,56.28,-0.78,-1.3859,66324.63,366747.538
301316.SZ,20241209,20.64,21.07,20.3,20.5,20.63,-0.13,-0.6302,136887.69,283004.085
301317.SZ,20241209,23.94,24.26,23.35,23.6,23.7,-0.1,-0.4219,16265.19,38572.284
301318.SZ,20241209,34.38,37.66,34.0,35.51,34.16,1.35,3.952,139369.89,495982.079
301319.SZ,20241209,32.86,33.06,32.33,32.81,32.86,-0.05,-0.1522,13120.75,42917.33
301320.SZ,20241209,16.68,16.86,16.48,16.71,16.68,0.03,0.1799,25615.41,42733.782
301321.SZ,20241209,16.88,17.1,16.55,16.69,17.05,-0.36,-2.1114,26943.9,45220.716
301322.SZ,20241209,26.12,26.27,25.6,26.02,26.12,-0.1,-0.3828,12577.9,32616.168
301323.SZ,20241209,38.65,39.1,37.91,38.65,38.9,-0.25,-0.6427,16365.1,63014.021
301325.SZ,20241209,53.3,53.3,50.9,51.53,53.5,-1.97,-3.6822,46176.98,239883.091
301326.SZ,20241209,80.88,82.0,77.45,81.0,80.88,0.12,0.1484,19771.88,157777.006
301327.SZ,20241209,81.49,82.45,80.53,81.48,81.39,0.09,0.1106,5220.98,42611.707
301328.SZ,20241209,41.33,43.15,40.91,42.54,41.49,1.05,2.5307,37516.1,158914.246
301329.SZ,20241209,20.07,20.67,19.99,20.2,20.07,0.13,0.6477,30375.46,61429.239
301330.SZ,20241209,30.91,31.2,30.25,30.46,30.7,-0.24,-0.7818,49587.14,151387.982
301331.SZ,20241209,25.41,25.82,25.21,25.58,25.41,0.17,0.669,8362.24,21385.865
301332.SZ,20241209,11.1,11.17,10.99,11.06,11.12,-0.06,-0.5396,44572.0,49386.203
301333.SZ,20241209,61.29,62.48,56.85,57.44,59.3,-1.86,-3.1366,15652.87,92163.719
301335.SZ,20241209,24.34,25.07,24.2,24.9,24.64,0.26,1.0552,70376.03,173465.126
301336.SZ,20241209,35.75,36.5,35.06,35.82,35.73,0.09,0.2519,6504.12,23234.995
301337.SZ,20241209,34.2,34.66,33.01,34.19,34.26,-0.07,-0.2043,20643.0,70367.109
301338.SZ,20241209,35.37,35.37,34.28,34.95,35.35,-0.4,-1.1315,17164.63,59839.481
301339.SZ,20241209,21.19,21.49,20.96,21.29,21.12,0.17,0.8049,91513.06,194237.101
301345.SZ,20241209,60.03,61.1,59.71,60.33,60.03,0.3,0.4998,6273.69,37860.179
301348.SZ,20241209,28.44,28.47,27.67,27.99,28.45,-0.46,-1.6169,40840.0,114548.243
301349.SZ,20241209,32.57,33.16,32.32,32.7,32.79,-0.09,-0.2745,19114.8,62511.623
301353.SZ,20241209,28.51,28.88,28.23,28.87,28.51,0.36,1.2627,6580.33,18870.604
301355.SZ,20241209,12.86,12.99,12.6,12.87,12.85,0.02,0.1556,58378.87,74709.633
301356.SZ,20241209,17.89,18.96,17.83,18.96,17.87,1.09,6.0996,23636.45,43812.414
301357.SZ,20241209,38.81,39.29,37.8,38.34,39.65,-1.31,-3.3039,34328.8,131783.723
301358.SZ,20241209,49.99,50.96,48.0,49.27,50.02,-0.75,-1.4994,81324.71,403895.944
301359.SZ,20241209,25.64,25.8,25.24,25.62,25.65,-0.03,-0.117,13116.86,33445.104
301360.SZ,20241209,56.4,56.8,55.38,56.14,56.51,-0.37,-0.6548,10849.29,60969.473
301361.SZ,20241209,28.2,28.68,28.08,28.61,28.2,0.41,1.4539,21979.0,62389.825
301362.SZ,20241209,44.7,44.7,43.32,43.77,44.73,-0.96,-2.1462,11017.93,48398.878
301363.SZ,20241209,30.6,31.75,30.5,31.16,30.38,0.78,2.5675,32434.58,101560.81
301365.SZ,20241209,16.19,16.42,15.84,15.96,16.17,-0.21,-1.2987,32721.5,52454.44
301366.SZ,20241209,44.5,46.66,44.11,46.21,44.66,1.55,3.4707,48816.54,223218.195
301367.SZ,20241209,68.94,68.94,67.32,67.72,68.53,-0.81,-1.182,6962.52,47397.896
301368.SZ,20241209,53.0,55.31,52.07,53.8,53.04,0.76,1.4329,127495.83,685772.767
301369.SZ,20241209,59.5,59.98,58.36,59.15,60.1,-0.95,-1.5807,11351.5,67172.04
301370.SZ,20241209,12.02,12.24,11.9,12.01,11.99,0.02,0.1668,62760.0,75725.443
301371.SZ,20241209,36.28,37.93,36.28,37.24,36.48,0.76,2.0833,32493.47,120002.027
301372.SZ,20241209,24.41,24.85,24.1,24.68,24.4,0.28,1.1475,22518.31,55191.118
301373.SZ,20241209,28.5,28.93,28.09,28.3,28.55,-0.25,-0.8757,15602.23,44311.519
301376.SZ,20241209,20.82,20.87,20.34,20.48,20.79,-0.31,-1.4911,25072.0,51591.955
301377.SZ,20241209,21.15,21.48,20.78,20.95,21.15,-0.2,-0.9456,33017.4,69659.235
301378.SZ,20241209,35.5,36.8,33.93,34.91,34.95,-0.04,-0.1144,50154.42,176668.194
301379.SZ,20241209,20.1,20.35,19.95,20.2,20.09,0.11,0.5475,33860.65,68315.948
301380.SZ,20241209,46.75,50.82,45.87,50.71,47.68,3.03,6.3549,93188.91,452354.886
301381.SZ,20241209,26.88,26.97,26.28,26.48,27.08,-0.6,-2.2157,42709.72,113388.08
301382.SZ,20241209,29.69,29.99,28.92,29.04,29.9,-0.86,-2.8763,76007.3,222927.974
301383.SZ,20241209,35.81,36.56,35.46,35.93,35.64,0.29,0.8137,37109.6,133855.417
301386.SZ,20241209,21.84,22.03,21.62,21.96,21.84,0.12,0.5495,17394.0,38067.733
301387.SZ,20241209,33.9,34.71,33.5,34.3,33.94,0.36,1.0607,23565.35,80376.655
301388.SZ,20241209,29.5,30.2,27.5,27.55,30.48,-2.93,-9.6129,156825.98,440127.955
301389.SZ,20241209,16.89,16.94,16.63,16.83,16.89,-0.06,-0.3552,30802.0,51713.97
301390.SZ,20241209,33.37,33.82,32.75,33.68,33.37,0.31,0.929,11715.36,38989.044
301391.SZ,20241209,40.9,41.99,40.45,41.09,40.75,0.34,0.8344,17065.81,70317.786
301392.SZ,20241209,75.0,75.62,70.06,70.41,75.7,-5.29,-6.9881,40731.79,292512.602
301393.SZ,20241209,47.94,48.97,47.45,48.57,46.99,1.58,3.3624,32978.82,159407.646
301395.SZ,20241209,12.6,12.99,12.6,12.94,12.65,0.29,2.2925,47343.94,60801.272
301396.SZ,20241209,29.01,29.23,28.11,28.44,29.06,-0.62,-2.1335,41094.4,117671.415
301397.SZ,20241209,29.6,31.77,29.42,30.26,29.82,0.44,1.4755,55517.95,170267.905
301398.SZ,20241209,51.85,55.8,50.89,54.22,51.71,2.51,4.854,61011.5,328499.756
301399.SZ,20241209,25.53,26.86,25.22,26.0,25.63,0.37,1.4436,56487.43,146753.84
301408.SZ,20241209,12.18,12.31,12.05,12.15,12.15,0.0,0.0,36273.0,44241.563
301413.SZ,20241209,60.49,67.36,60.0,65.1,61.58,3.52,5.7161,51788.04,332560.502
301418.SZ,20241209,37.74,38.19,37.52,38.18,37.74,0.44,1.1659,12979.18,49204.008
301419.SZ,20241209,33.7,36.14,33.23,35.4,34.75,0.65,1.8705,51789.72,180740.406
301421.SZ,20241209,54.35,54.97,53.1,53.8,54.85,-1.05,-1.9143,30876.0,166259.987
301428.SZ,20241209,36.05,36.58,35.25,36.0,35.8,0.2,0.5587,66314.16,238099.564
301429.SZ,20241209,17.94,18.01,17.6,17.99,17.88,0.11,0.6152,10670.0,19134.113
301439.SZ,20241209,13.94,14.05,13.82,13.99,13.94,0.05,0.3587,27416.4,38259.177
301446.SZ,20241209,22.73,22.96,22.34,22.61,22.64,-0.03,-0.1325,12616.6,28539.107
301448.SZ,20241209,23.49,23.78,23.25,23.65,23.46,0.19,0.8099,17792.95,41900.118
301456.SZ,20241209,26.72,27.23,26.51,27.2,26.83,0.37,1.3791,25683.59,69208.294
301459.SZ,20241209,39.78,40.1,39.35,39.86,39.71,0.15,0.3777,10488.49,41627.259
301468.SZ,20241209,23.83,23.99,23.66,23.82,23.84,-0.02,-0.0839,8734.07,20805.312
301469.SZ,20241209,25.74,25.95,25.43,25.71,25.81,-0.1,-0.3874,12572.09,32296.82
301486.SZ,20241209,45.16,45.18,43.9,44.33,45.05,-0.72,-1.5982,20200.1,89760.443
301487.SZ,20241209,28.0,28.12,27.21,27.56,28.23,-0.67,-2.3734,166892.92,461985.864
301488.SZ,20241209,62.36,65.6,61.69,64.46,62.52,1.94,3.103,36799.97,235435.905
301489.SZ,20241209,65.2,67.98,64.59,67.94,65.6,2.34,3.5671,30789.95,205891.565
301498.SZ,20241209,65.3,66.9,64.5,65.31,65.67,-0.36,-0.5482,15480.16,101932.337
301499.SZ,20241209,27.88,28.6,27.8,28.38,28.0,0.38,1.3571,26776.43,75646.876
301500.SZ,20241209,19.89,20.11,19.6,20.0,19.8,0.2,1.0101,21337.0,42353.112
301502.SZ,20241209,43.03,43.68,42.88,43.3,43.03,0.27,0.6275,9571.99,41385.309
301503.SZ,20241209,35.6,36.93,35.35,36.38,35.65,0.73,2.0477,21553.1,77976.636
301505.SZ,20241209,28.3,28.73,27.67,27.85,28.74,-0.89,-3.0967,48084.12,135295.432
301507.SZ,20241209,13.9,14.08,13.76,13.88,13.83,0.05,0.3615,61608.0,85721.479
301508.SZ,20241209,38.0,38.4,37.38,37.66,38.72,-1.06,-2.7376,52773.0,199905.786
301509.SZ,20241209,29.5,31.77,29.49,31.12,28.98,2.14,7.3844,74717.84,229093.143
301510.SZ,20241209,28.78,29.68,28.5,28.84,28.93,-0.09,-0.3111,98364.72,285763.063
301511.SZ,20241209,14.85,15.08,14.74,14.95,14.91,0.04,0.2683,83335.2,124514.551
301512.SZ,20241209,45.98,46.99,44.81,45.7,46.03,-0.33,-0.7169,19239.29,88105.97
301515.SZ,20241209,20.76,21.08,20.56,20.72,20.76,-0.04,-0.1927,20172.3,41974.427
301516.SZ,20241209,19.09,19.3,18.8,19.2,19.08,0.12,0.6289,42776.73,81699.917
301517.SZ,20241209,55.28,55.48,54.36,54.8,55.28,-0.48,-0.8683,16715.85,91645.394
301518.SZ,20241209,18.46,18.61,18.33,18.61,18.42,0.19,1.0315,14836.0,27422.175
301519.SZ,20241209,14.55,14.85,14.38,14.72,14.65,0.07,0.4778,53074.98,77319.916
301520.SZ,20241209,45.0,46.0,43.4,43.82,43.24,0.58,1.3414,23015.92,102027.075
301522.SZ,20241209,42.5,43.32,42.41,42.98,43.0,-0.02,-0.0465,53379.74,228606.865
301525.SZ,20241209,65.0,67.16,64.48,66.27,65.44,0.83,1.2683,22232.94,146542.669
301526.SZ,20241209,4.4,4.5,4.34,4.41,4.4,0.01,0.2273,632531.74,278704.948
301528.SZ,20241209,46.0,46.77,45.31,46.41,45.72,0.69,1.5092,9501.49,43966.154
301529.SZ,20241209,33.83,33.98,33.25,33.37,33.76,-0.39,-1.1552,11228.05,37684.792
301533.SZ,20241209,32.19,33.66,31.78,32.56,32.55,0.01,0.0307,35392.42,115271.627
301536.SZ,20241209,46.0,46.74,44.91,46.59,45.91,0.68,1.4812,48737.21,224362.254
301538.SZ,20241209,87.0,87.9,83.8,85.88,87.46,-1.58,-1.8065,22038.93,188005.174
301539.SZ,20241209,20.9,21.2,20.75,20.92,20.9,0.02,0.0957,22889.27,47971.314
301548.SZ,20241209,46.87,49.74,46.49,49.74,46.93,2.81,5.9876,27631.91,134103.728
301550.SZ,20241209,64.5,70.0,64.13,69.75,65.97,3.78,5.7299,92909.46,625755.136
301551.SZ,20241209,61.26,68.8,61.26,66.93,61.15,5.78,9.4522,109758.76,724331.474
301552.SZ,20241209,56.81,60.19,56.07,59.97,56.82,3.15,5.5438,31037.98,182707.534
301555.SZ,20241209,27.37,27.79,27.13,27.76,27.37,0.39,1.4249,16157.43,44433.354
301556.SZ,20241209,102.8,113.33,99.5,112.9,97.5,15.4,15.7949,64733.68,675437.89
301558.SZ,20241209,10.61,10.81,10.32,10.4,10.79,-0.39,-3.6145,302810.59,318792.329
301559.SZ,20241209,16.61,16.63,16.41,16.56,16.6,-0.04,-0.241,20402.51,33733.192
301565.SZ,20241209,25.63,26.3,25.42,25.86,25.64,0.22,0.858,68193.74,175971.241
301566.SZ,20241209,19.65,19.69,19.03,19.3,19.7,-0.4,-2.0305,37195.36,71784.531
301567.SZ,20241209,48.8,49.2,47.96,48.98,48.77,0.21,0.4306,10438.65,50824.795
301568.SZ,20241209,35.63,35.98,34.9,35.22,35.85,-0.63,-1.7573,28507.8,100843.906
301571.SZ,20241209,47.88,49.38,46.95,49.36,48.1,1.26,2.6195,41053.04,198003.584
301577.SZ,20241209,66.96,69.33,65.3,66.32,67.65,-1.33,-1.966,17772.4,118489.924
301578.SZ,20241209,60.77,61.65,59.35,59.83,61.77,-1.94,-3.1407,19368.2,116466.617
301580.SZ,20241209,58.05,60.88,57.61,60.56,58.0,2.56,4.4138,16629.83,98989.813
301586.SZ,20241209,57.74,59.69,57.01,58.82,57.77,1.05,1.8176,23823.29,139137.595
301587.SZ,20241209,26.75,27.32,26.52,27.3,26.84,0.46,1.7139,22356.78,60353.02
301588.SZ,20241209,23.21,23.26,22.47,22.87,23.12,-0.25,-1.0813,25084.22,57284.025
301589.SZ,20241209,173.5,174.6,171.03,172.71,173.13,-0.42,-0.2426,5927.5,102427.636
301591.SZ,20241209,38.76,44.11,38.61,42.5,39.19,3.31,8.446,73013.19,304877.738
301592.SZ,20241209,179.0,192.6,177.3,189.01,182.24,6.77,3.7149,48081.26,894351.519
301596.SZ,20241209,113.0,121.85,112.49,120.0,114.39,5.61,4.9043,31422.5,371334.237
301600.SZ,20241209,114.02,135.88,112.0,135.88,113.23,22.65,20.0035,53877.98,666176.179
301603.SZ,20241209,44.97,48.5,44.6,47.9,44.97,2.93,6.5155,62034.68,291548.593
301606.SZ,20241209,35.4,36.28,34.9,36.1,35.35,0.75,2.1216,35443.0,126526.167
301607.SZ,20241209,40.49,42.79,39.88,42.53,40.38,2.15,5.3244,43409.02,180926.357
301608.SZ,20241209,67.2,80.2,66.3,73.52,66.83,6.69,10.0105,58904.71,421985.437
301611.SZ,20241209,66.4,68.58,65.2,68.26,67.35,0.91,1.3512,68599.79,458416.912
301613.SZ,20241209,64.5,66.6,64.31,66.48,64.71,1.77,2.7353,24283.53,159452.846
301618.SZ,20241209,106.38,110.98,106.03,108.78,106.82,1.96,1.8349,14425.04,156745.135
301622.SZ,20241209,77.1,78.78,75.78,76.18,79.83,-3.65,-4.5722,86204.36,662623.424
301626.SZ,20241209,100.83,101.49,98.19,101.28,100.35,0.93,0.9268,15456.29,154677.189
301628.SZ,20241209,84.26,87.1,83.57,87.0,85.26,1.74,2.0408,25185.95,215160.016
301631.SZ,20241209,129.91,137.25,128.64,137.25,129.63,7.62,5.8783,33856.01,452335.276
301633.SZ,20241209,92.68,98.62,92.0,97.33,92.63,4.7,5.074,26157.6,248801.291
302132.SZ,20241209,68.09,68.3,66.55,67.02,68.8,-1.78,-2.5872,115533.02,778028.275
