ts_code,trade_date,open,high,low,close,pre_close,change,pct_chg,vol,amount
300001.SZ,20240812,19.17,19.29,18.93,19.02,19.09,-0.07,-0.3667,64252.67,122476.518
300002.SZ,20240812,8.42,8.64,8.36,8.4,8.48,-0.08,-0.9434,395388.62,335664.164
300003.SZ,20240812,12.34,12.54,12.29,12.41,12.34,0.07,0.5673,182382.21,226838.528
300004.SZ,20240812,4.31,4.35,4.2,4.22,4.27,-0.05,-1.171,49856.0,21147.931
300005.SZ,20240812,4.51,4.61,4.49,4.56,4.52,0.04,0.885,107005.45,48747.692
300006.SZ,20240812,2.56,2.73,2.54,2.6,2.55,0.05,1.9608,281715.0,74225.281
300007.SZ,20240812,12.91,13.05,12.8,12.83,13.0,-0.17,-1.3077,29686.0,38272.159
300008.SZ,20240812,3.72,3.74,3.66,3.68,3.72,-0.04,-1.0753,198824.0,73393.56
300009.SZ,20240812,8.61,8.88,8.58,8.76,8.58,0.18,2.0979,154732.96,135587.719
300010.SZ,20240812,2.56,2.64,2.51,2.55,2.63,-0.08,-3.0418,462660.01,118544.382
300011.SZ,20240812,5.27,5.31,5.15,5.19,5.29,-0.1,-1.8904,90223.0,47131.055
300012.SZ,20240812,11.7,12.08,11.65,11.92,11.6,0.32,2.7586,209305.0,249690.972
300013.SZ,20240812,2.05,2.5,2.05,2.48,2.08,0.4,19.2308,575292.24,133072.589
300014.SZ,20240812,37.17,37.45,36.4,36.65,36.97,-0.32,-0.8656,77078.7,282876.217
300015.SZ,20240812,10.66,10.76,10.56,10.62,10.68,-0.06,-0.5618,378064.12,402628.028
300016.SZ,20240812,4.68,4.89,4.68,4.79,4.69,0.1,2.1322,96094.5,46140.621
300017.SZ,20240812,7.05,7.12,6.99,7.08,7.09,-0.01,-0.141,249060.96,175791.232
300018.SZ,20240812,4.79,4.79,4.5,4.52,4.56,-0.04,-0.8772,84387.7,38457.322
300019.SZ,20240812,11.4,11.49,11.2,11.22,11.43,-0.21,-1.8373,18811.0,21327.387
300020.SZ,20240812,2.12,2.16,2.0,2.03,2.17,-0.14,-6.4516,642318.05,132477.538
300021.SZ,20240812,3.36,3.39,3.35,3.37,3.35,0.02,0.597,82685.03,27859.531
300022.SZ,20240812,3.68,3.7,3.63,3.66,3.7,-0.04,-1.0811,39394.0,14434.209
300024.SZ,20240812,9.51,9.63,9.36,9.4,9.56,-0.16,-1.6736,113199.6,106822.04
300025.SZ,20240812,8.61,8.69,8.33,8.38,8.67,-0.29,-3.3449,45909.0,38842.59
300026.SZ,20240812,3.39,3.85,3.38,3.68,3.34,0.34,10.1796,1620840.69,590228.878
300027.SZ,20240812,1.7,1.79,1.68,1.72,1.74,-0.02,-1.1494,527758.9,90915.345
300029.SZ,20240812,4.14,4.22,3.98,4.01,4.22,-0.21,-4.9763,52920.1,21538.828
300030.SZ,20240812,4.12,4.67,4.1,4.36,4.0,0.36,9.0,320008.0,139450.821
300031.SZ,20240812,14.45,14.57,14.15,14.39,14.62,-0.23,-1.5732,115323.49,165156.887
300032.SZ,20240812,3.25,3.5,3.13,3.17,3.25,-0.08,-2.4615,470518.54,154766.433
300033.SZ,20240812,100.98,101.55,99.5,100.47,101.24,-0.77,-0.7606,33737.0,339091.824
300034.SZ,20240812,14.82,14.82,14.46,14.53,14.8,-0.27,-1.8243,107583.52,156476.046
300035.SZ,20240812,8.2,8.26,8.13,8.15,8.19,-0.04,-0.4884,64564.73,52669.144
300036.SZ,20240812,13.81,13.89,13.55,13.65,13.97,-0.32,-2.2906,93615.0,128267.258
300037.SZ,20240812,30.22,31.75,30.08,31.3,30.13,1.17,3.8832,49965.02,155419.739
300039.SZ,20240812,5.67,6.11,5.64,5.91,5.62,0.29,5.1601,601377.82,355581.884
300040.SZ,20240812,5.62,6.16,5.5,5.57,5.32,0.25,4.6992,911454.47,527261.46
300041.SZ,20240812,7.28,7.3,7.15,7.2,7.29,-0.09,-1.2346,30720.9,22211.89
300042.SZ,20240812,16.55,16.9,16.21,16.45,16.99,-0.54,-3.1783,45640.0,75162.181
300043.SZ,20240812,2.34,2.36,2.27,2.28,2.36,-0.08,-3.3898,248625.0,57387.166
300044.SZ,20240812,4.24,4.24,4.1,4.14,4.23,-0.09,-2.1277,257942.4,107170.953
300045.SZ,20240812,16.88,17.03,16.42,16.55,17.03,-0.48,-2.8186,170843.0,283475.249
300046.SZ,20240812,19.5,21.17,19.5,20.22,20.44,-0.22,-1.0763,343218.54,695635.862
300047.SZ,20240812,6.27,6.31,6.17,6.2,6.31,-0.11,-1.7433,97692.33,60792.584
300048.SZ,20240812,4.45,4.46,4.36,4.37,4.42,-0.05,-1.1312,42072.09,18563.601
300049.SZ,20240812,45.08,46.2,44.92,45.25,44.98,0.27,0.6003,20289.6,92250.909
300050.SZ,20240812,2.98,3.14,2.97,3.02,3.04,-0.02,-0.6579,274467.0,84200.798
300051.SZ,20240812,6.6,6.8,6.41,6.53,6.48,0.05,0.7716,51274.0,33643.622
300052.SZ,20240812,10.32,11.23,10.2,10.29,12.26,-1.97,-16.0685,216602.73,230701.971
300053.SZ,20240812,11.1,11.25,10.71,10.89,11.26,-0.37,-3.286,547912.28,597064.544
300054.SZ,20240812,20.47,20.63,20.04,20.46,20.46,0.0,0.0,49704.54,101321.697
300055.SZ,20240812,4.15,4.25,4.05,4.07,4.11,-0.04,-0.9732,75186.97,31036.911
300056.SZ,20240812,8.77,8.94,8.4,8.5,8.67,-0.17,-1.9608,53687.06,46180.956
300057.SZ,20240812,3.86,3.96,3.82,3.84,3.88,-0.04,-1.0309,93942.6,36507.995
300058.SZ,20240812,5.11,5.13,5.03,5.07,5.13,-0.06,-1.1696,226051.93,114705.619
300059.SZ,20240812,10.53,10.69,10.48,10.55,10.46,0.09,0.8604,1401138.37,1482831.723
300061.SZ,20240812,5.87,6.38,5.65,6.01,6.14,-0.13,-2.1173,951543.3,571361.381
300062.SZ,20240812,5.07,5.24,4.99,5.05,4.98,0.07,1.4056,243171.8,123854.003
300063.SZ,20240812,3.97,3.97,3.85,3.85,4.03,-0.18,-4.4665,282702.68,110623.26
300065.SZ,20240812,6.29,6.3,6.17,6.21,6.27,-0.06,-0.9569,76399.37,47462.312
300066.SZ,20240812,2.98,3.04,2.96,3.0,2.99,0.01,0.3344,82881.0,24885.746
300067.SZ,20240812,3.39,3.4,3.28,3.3,3.38,-0.08,-2.3669,280462.65,92920.27
300068.SZ,20240812,8.23,8.24,8.0,8.05,8.18,-0.13,-1.5892,122128.82,98557.359
300069.SZ,20240812,10.81,11.5,10.56,11.2,10.7,0.5,4.6729,58075.0,64400.857
300070.SZ,20240812,4.12,4.16,4.09,4.09,4.08,0.01,0.2451,202394.43,83392.204
300071.SZ,20240812,2.25,2.3,2.19,2.22,2.25,-0.03,-1.3333,236677.4,52959.223
300072.SZ,20240812,2.03,2.05,1.96,1.98,2.01,-0.03,-1.4925,200047.65,39909.812
300073.SZ,20240812,28.69,29.19,28.3,28.43,28.56,-0.13,-0.4552,53029.46,151516.953
300074.SZ,20240812,3.13,3.17,3.09,3.1,3.17,-0.07,-2.2082,73633.0,22936.539
300075.SZ,20240812,12.35,12.52,12.25,12.32,12.42,-0.1,-0.8052,85670.71,105924.357
300076.SZ,20240812,3.34,3.49,3.28,3.3,3.36,-0.06,-1.7857,168107.0,56558.258
300077.SZ,20240812,10.2,10.35,9.8,9.89,10.38,-0.49,-4.7206,317690.26,317742.334
300078.SZ,20240812,2.63,2.8,2.61,2.76,2.69,0.07,2.6022,743928.63,202938.777
300079.SZ,20240812,4.0,4.01,3.95,3.97,4.01,-0.04,-0.9975,114998.0,45676.275
300080.SZ,20240812,2.85,2.91,2.83,2.85,2.84,0.01,0.3521,109637.52,31389.633
300081.SZ,20240812,4.2,4.24,4.12,4.15,4.23,-0.08,-1.8913,125471.68,52352.734
300082.SZ,20240812,4.44,4.5,4.37,4.4,4.45,-0.05,-1.1236,44698.0,19755.958
300083.SZ,20240812,5.47,5.6,5.41,5.5,5.52,-0.02,-0.3623,367457.0,201250.447
300084.SZ,20240812,5.2,5.2,5.0,5.13,5.11,0.02,0.3914,23556.0,11915.284
300085.SZ,20240812,8.36,8.38,8.11,8.18,8.43,-0.25,-2.9656,77440.24,63606.365
300086.SZ,20240812,3.76,4.0,3.76,3.95,3.81,0.14,3.6745,187567.5,73736.397
300087.SZ,20240812,6.42,6.49,6.34,6.39,6.51,-0.12,-1.8433,138952.71,88972.877
300088.SZ,20240812,4.39,4.41,4.24,4.26,4.41,-0.15,-3.4014,510637.28,219571.77
300091.SZ,20240812,1.41,1.43,1.37,1.37,1.4,-0.03,-2.1429,200185.3,28032.491
300092.SZ,20240812,9.49,9.76,9.4,9.62,9.48,0.14,1.4768,50383.0,48278.14
300093.SZ,20240812,13.03,13.21,11.85,11.9,12.67,-0.77,-6.0773,186518.0,235343.071
300094.SZ,20240812,2.71,2.73,2.6,2.62,2.71,-0.09,-3.321,392728.86,103716.309
300095.SZ,20240812,5.58,5.59,5.42,5.48,5.53,-0.05,-0.9042,28491.0,15660.095
300096.SZ,20240812,2.59,2.6,2.44,2.45,2.62,-0.17,-6.4885,126802.0,31689.5
300097.SZ,20240812,5.76,6.13,5.63,5.7,5.87,-0.17,-2.8961,252906.0,148192.285
300098.SZ,20240812,4.06,4.1,3.96,3.98,4.1,-0.12,-2.9268,655145.27,262555.881
300099.SZ,20240812,4.67,4.71,4.56,4.62,4.69,-0.07,-1.4925,212880.63,98147.032
300100.SZ,20240812,12.5,12.73,12.01,12.13,12.45,-0.32,-2.5703,160039.16,196288.165
300101.SZ,20240812,13.83,13.9,13.52,13.62,13.95,-0.33,-2.3656,60248.72,82231.007
300102.SZ,20240812,6.74,6.88,6.21,6.25,7.16,-0.91,-12.7095,1198900.23,775213.503
300103.SZ,20240812,4.25,4.52,4.17,4.41,4.34,0.07,1.6129,110258.48,48057.585
300105.SZ,20240812,5.8,5.88,5.62,5.63,5.73,-0.1,-1.7452,82774.0,47473.604
300106.SZ,20240812,6.12,6.18,6.05,6.07,6.18,-0.11,-1.7799,35644.0,21756.016
300107.SZ,20240812,8.81,8.85,8.51,8.64,8.84,-0.2,-2.2624,244911.0,211380.979
300108.SZ,20240812,1.93,2.1,1.83,2.05,1.91,0.14,7.3298,473026.48,94584.884
300109.SZ,20240812,11.51,11.75,11.4,11.61,11.51,0.1,0.8688,45109.49,52369.987
300110.SZ,20240812,3.25,3.43,3.25,3.36,3.23,0.13,4.0248,509995.15,171135.342
300111.SZ,20240812,2.25,2.46,2.21,2.34,2.27,0.07,3.0837,601224.67,140555.902
300112.SZ,20240812,6.66,6.71,6.59,6.63,6.71,-0.08,-1.1923,24455.0,16231.334
300113.SZ,20240812,9.99,10.01,9.77,9.84,9.98,-0.14,-1.4028,72421.0,71187.971
300115.SZ,20240812,10.33,10.52,10.3,10.35,10.41,-0.06,-0.5764,184604.97,191881.228
300117.SZ,20240812,1.52,1.55,1.42,1.48,1.44,0.04,2.7778,326386.0,48351.938
300118.SZ,20240812,10.94,11.04,10.61,10.66,10.69,-0.03,-0.2806,206364.54,222986.835
300119.SZ,20240812,13.26,13.68,13.24,13.5,13.33,0.17,1.2753,31705.26,42756.748
300120.SZ,20240812,5.39,5.42,5.23,5.25,5.47,-0.22,-4.0219,275388.3,145955.28
300121.SZ,20240812,7.24,7.28,7.18,7.21,7.25,-0.04,-0.5517,29125.35,21031.518
300122.SZ,20240812,25.63,26.96,25.37,26.46,25.51,0.95,3.724,298519.17,785892.616
300123.SZ,20240812,4.76,4.78,4.57,4.61,4.77,-0.16,-3.3543,274368.02,126570.34
300124.SZ,20240812,44.64,44.88,43.8,43.97,44.9,-0.93,-2.0713,128425.2,567807.606
300125.SZ,20240812,3.99,4.07,3.61,3.66,4.1,-0.44,-10.7317,521722.31,198868.202
300126.SZ,20240812,4.49,4.49,4.4,4.46,4.49,-0.03,-0.6682,24228.0,10773.757
300127.SZ,20240812,14.01,14.08,13.82,13.88,14.01,-0.13,-0.9279,9902.0,13769.945
300128.SZ,20240812,3.13,3.2,3.1,3.12,3.15,-0.03,-0.9524,132909.18,41700.205
300129.SZ,20240812,6.96,7.07,6.73,6.76,6.72,0.04,0.5952,110373.0,75595.109
300130.SZ,20240812,14.6,14.72,14.45,14.49,14.62,-0.13,-0.8892,64974.0,94515.87
300131.SZ,20240812,4.25,4.3,4.18,4.2,4.28,-0.08,-1.8692,152504.57,64543.4
300132.SZ,20240812,3.61,3.61,3.51,3.56,3.63,-0.07,-1.9284,44626.18,15902.67
300133.SZ,20240812,5.51,5.52,5.27,5.31,5.52,-0.21,-3.8043,629250.95,337111.459
300134.SZ,20240812,6.85,6.94,6.4,6.43,6.97,-0.54,-7.7475,226169.34,149237.211
300135.SZ,20240812,2.55,2.55,2.48,2.49,2.56,-0.07,-2.7344,153536.0,38424.983
300136.SZ,20240812,17.49,17.69,17.3,17.43,17.58,-0.15,-0.8532,105176.6,183831.628
300137.SZ,20240812,4.45,4.55,4.15,4.17,4.15,0.02,0.4819,156449.2,67152.79
300138.SZ,20240812,7.96,8.0,7.91,7.92,7.95,-0.03,-0.3774,13432.12,10676.427
300139.SZ,20240812,13.2,13.86,12.78,13.7,13.45,0.25,1.8587,458913.06,609278.793
300140.SZ,20240812,5.03,5.11,4.81,4.81,4.81,0.0,0.0,226250.49,110559.158
300141.SZ,20240812,8.33,8.55,8.27,8.45,8.42,0.03,0.3563,100880.0,84938.787
300142.SZ,20240812,11.36,12.04,11.29,11.75,11.29,0.46,4.0744,324526.45,380484.97
300143.SZ,20240812,7.51,7.72,7.48,7.59,7.56,0.03,0.3968,27987.23,21293.126
300144.SZ,20240812,8.0,8.0,7.73,7.8,8.03,-0.23,-2.8643,335904.91,262543.937
300145.SZ,20240812,2.44,2.5,2.44,2.45,2.43,0.02,0.823,180431.0,44406.283
300146.SZ,20240812,11.65,11.78,11.6,11.69,11.71,-0.02,-0.1708,84686.36,99008.159
300147.SZ,20240812,9.2,10.61,9.04,10.61,8.84,1.77,20.0226,2255044.01,2274761.284
300148.SZ,20240812,2.44,2.45,2.38,2.41,2.47,-0.06,-2.4291,211173.27,50915.294
300149.SZ,20240812,5.11,5.83,4.96,5.57,5.05,0.52,10.297,699567.85,379493.565
300150.SZ,20240812,2.57,2.61,2.52,2.55,2.59,-0.04,-1.5444,52845.0,13481.963
300151.SZ,20240812,15.8,15.91,15.51,15.58,15.8,-0.22,-1.3924,25616.24,40189.074
300152.SZ,20240812,1.88,1.96,1.86,1.89,1.81,0.08,4.4199,576940.0,109972.358
300153.SZ,20240812,5.69,5.73,5.62,5.64,5.7,-0.06,-1.0526,20440.0,11573.294
300154.SZ,20240812,5.21,5.21,5.13,5.15,5.18,-0.03,-0.5792,15659.0,8084.732
300155.SZ,20240812,3.49,3.52,3.27,3.3,3.56,-0.26,-7.3034,307770.57,103735.917
300157.SZ,20240812,1.92,1.95,1.9,1.91,1.93,-0.02,-1.0363,70602.0,13529.884
300158.SZ,20240812,4.33,4.68,4.3,4.49,4.35,0.14,3.2184,659260.48,296691.888
300159.SZ,20240812,2.34,2.4,2.25,2.27,2.35,-0.08,-3.4043,923443.91,211067.562
300160.SZ,20240812,4.61,4.66,4.58,4.6,4.64,-0.04,-0.8621,36674.2,16949.841
300161.SZ,20240812,24.09,24.19,23.13,23.23,24.42,-1.19,-4.8731,59921.07,140878.109
300162.SZ,20240812,6.23,6.28,5.76,5.78,6.14,-0.36,-5.8632,399422.0,238642.944
300163.SZ,20240812,1.48,1.48,1.38,1.4,1.5,-0.1,-6.6667,330869.0,47016.567
300164.SZ,20240812,3.6,3.86,3.52,3.8,3.64,0.16,4.3956,497764.85,184241.306
300165.SZ,20240812,2.53,2.67,2.45,2.52,2.47,0.05,2.0243,409247.0,103913.403
300166.SZ,20240812,6.01,6.03,5.92,5.96,6.03,-0.07,-1.1609,77810.07,46351.377
300167.SZ,20240812,1.78,1.81,1.66,1.69,1.82,-0.13,-7.1429,145224.0,25036.759
300168.SZ,20240812,5.09,5.13,4.92,4.95,5.12,-0.17,-3.3203,182647.66,91012.113
300169.SZ,20240812,5.06,5.33,5.06,5.12,5.2,-0.08,-1.5385,241951.33,125436.205
300170.SZ,20240812,5.83,5.91,5.78,5.8,5.88,-0.08,-1.3605,116510.05,67737.043
300171.SZ,20240812,11.29,11.57,11.24,11.43,11.27,0.16,1.4197,42694.91,48684.137
300172.SZ,20240812,4.88,5.35,4.75,4.9,4.59,0.31,6.7538,733938.11,364409.1
300173.SZ,20240812,3.41,3.44,3.38,3.39,3.44,-0.05,-1.4535,71937.87,24518.394
300174.SZ,20240812,12.83,13.2,12.8,12.97,12.8,0.17,1.3281,29273.0,38077.728
300175.SZ,20240812,5.8,5.85,5.6,5.67,5.84,-0.17,-2.911,153194.71,87379.729
300176.SZ,20240812,4.49,4.52,4.39,4.42,4.49,-0.07,-1.559,38142.0,16967.708
300177.SZ,20240812,6.68,6.71,6.45,6.59,6.72,-0.13,-1.9345,281871.19,185348.327
300179.SZ,20240812,6.58,6.67,6.57,6.6,6.62,-0.02,-0.3021,13413.0,8870.046
300180.SZ,20240812,3.61,3.63,3.56,3.57,3.65,-0.08,-2.1918,211975.72,76030.232
300181.SZ,20240812,14.73,15.19,14.73,14.96,14.74,0.22,1.4925,155755.76,234285.656
300182.SZ,20240812,3.62,3.65,3.57,3.58,3.63,-0.05,-1.3774,287995.0,103734.45
300183.SZ,20240812,10.7,10.78,10.58,10.66,10.72,-0.06,-0.5597,22595.0,24091.897
300184.SZ,20240812,4.51,4.55,4.45,4.47,4.55,-0.08,-1.7582,181119.4,81427.788
300185.SZ,20240812,1.86,1.87,1.82,1.83,1.85,-0.02,-1.0811,192961.0,35452.892
300187.SZ,20240812,5.03,5.03,4.82,5.03,4.19,0.84,20.0477,379582.58,189080.358
300188.SZ,20240812,10.88,10.94,10.57,10.66,10.92,-0.26,-2.381,80408.36,86158.238
300189.SZ,20240812,2.27,2.3,2.16,2.2,2.32,-0.12,-5.1724,826617.0,182741.37
300190.SZ,20240812,2.92,3.08,2.92,2.93,2.88,0.05,1.7361,87804.2,25900.272
300191.SZ,20240812,12.9,13.3,12.81,13.14,12.98,0.16,1.2327,23218.96,30363.89
300192.SZ,20240812,11.97,11.97,11.17,11.33,11.97,-0.64,-5.3467,335160.47,383924.339
300193.SZ,20240812,7.14,7.14,7.05,7.09,7.13,-0.04,-0.561,19729.0,13991.065
300194.SZ,20240812,4.11,4.21,4.1,4.12,4.11,0.01,0.2433,328996.95,136658.067
300195.SZ,20240812,4.23,4.3,4.17,4.18,4.23,-0.05,-1.182,52539.88,22252.582
300196.SZ,20240812,9.49,9.49,9.32,9.38,9.46,-0.08,-0.8457,11570.0,10871.124
300197.SZ,20240812,1.5,1.67,1.43,1.43,1.41,0.02,1.4184,1549209.72,234874.428
300198.SZ,20240812,1.37,1.39,1.31,1.32,1.38,-0.06,-4.3478,361157.8,48532.641
300199.SZ,20240812,9.66,10.2,9.66,10.09,9.56,0.53,5.5439,436779.71,437121.916
300200.SZ,20240812,7.08,7.12,6.95,7.04,7.12,-0.08,-1.1236,34941.0,24563.109
300201.SZ,20240812,3.2,3.29,3.16,3.27,3.19,0.08,2.5078,132382.86,42897.86
300203.SZ,20240812,11.59,11.92,11.57,11.68,11.5,0.18,1.5652,51810.74,60701.449
300204.SZ,20240812,7.07,8.18,6.96,8.07,6.93,1.14,16.4502,556009.16,431805.215
300205.SZ,20240812,6.74,6.75,6.54,6.55,6.75,-0.2,-2.963,23869.1,15848.291
300206.SZ,20240812,8.48,8.54,8.3,8.45,8.34,0.11,1.3189,27367.0,23100.427
300207.SZ,20240812,15.89,16.16,15.89,16.03,15.96,0.07,0.4386,167858.78,269150.83
300208.SZ,20240812,1.9,1.95,1.77,1.8,1.98,-0.18,-9.0909,327180.49,60292.724
300209.SZ,20240812,2.88,2.96,2.76,2.95,2.87,0.08,2.7875,72574.0,21047.229
300210.SZ,20240812,7.0,7.11,6.88,6.92,7.01,-0.09,-1.2839,76225.0,53155.379
300211.SZ,20240812,5.06,5.15,5.02,5.05,5.1,-0.05,-0.9804,22607.5,11474.395
300212.SZ,20240812,16.67,16.85,16.06,16.12,16.76,-0.64,-3.8186,154114.84,253054.925
300213.SZ,20240812,5.72,5.76,5.6,5.64,5.77,-0.13,-2.253,142530.0,80777.615
300214.SZ,20240812,5.2,5.25,5.16,5.21,5.2,0.01,0.1923,17534.0,9122.195
300215.SZ,20240812,5.2,5.47,5.18,5.18,5.14,0.04,0.7782,402453.34,213865.509
300217.SZ,20240812,3.52,3.54,3.47,3.49,3.54,-0.05,-1.4124,92486.37,32339.643
300218.SZ,20240812,14.1,14.25,14.01,14.07,14.15,-0.08,-0.5654,24470.0,34552.638
300219.SZ,20240812,5.3,5.31,5.16,5.18,5.31,-0.13,-2.4482,51033.0,26636.482
300220.SZ,20240812,7.21,7.3,6.82,6.9,6.94,-0.04,-0.5764,26758.0,18616.043
300221.SZ,20240812,4.8,4.92,4.75,4.77,4.84,-0.07,-1.4463,138791.82,66952.281
300222.SZ,20240812,5.6,5.67,5.51,5.55,5.61,-0.06,-1.0695,73669.0,41063.937
300223.SZ,20240812,49.58,50.03,48.05,48.34,50.6,-2.26,-4.4664,70570.96,344761.675
300224.SZ,20240812,8.43,8.45,8.34,8.35,8.41,-0.06,-0.7134,21086.26,17663.806
300225.SZ,20240812,5.09,5.13,5.04,5.06,5.09,-0.03,-0.5894,52484.0,26644.636
300226.SZ,20240812,16.48,16.49,16.19,16.26,16.5,-0.24,-1.4545,39243.23,63930.028
300227.SZ,20240812,4.93,4.99,4.82,4.84,4.96,-0.12,-2.4194,107889.0,52691.737
300228.SZ,20240812,5.6,6.04,5.56,5.89,5.64,0.25,4.4326,353613.8,206038.66
300229.SZ,20240812,11.75,11.89,11.6,11.66,11.82,-0.16,-1.3536,73769.84,86425.095
300230.SZ,20240812,3.26,3.26,3.21,3.23,3.24,-0.01,-0.3086,46780.0,15119.956
300231.SZ,20240812,6.92,6.96,6.82,6.88,6.95,-0.07,-1.0072,32148.9,22136.384
300232.SZ,20240812,4.87,4.87,4.77,4.8,4.86,-0.06,-1.2346,67088.0,32331.852
300233.SZ,20240812,14.35,14.78,14.21,14.64,14.39,0.25,1.7373,69598.0,101523.405
300234.SZ,20240812,3.99,4.05,3.9,3.93,3.92,0.01,0.2551,54116.81,21395.962
300235.SZ,20240812,8.08,8.1,7.82,7.91,8.15,-0.24,-2.9448,96550.52,76430.837
300236.SZ,20240812,30.81,31.04,30.46,30.61,30.9,-0.29,-0.9385,12474.0,38304.206
300237.SZ,20240812,1.3,1.37,1.29,1.3,1.29,0.01,0.7752,338166.0,44788.532
300238.SZ,20240812,9.08,9.55,9.08,9.3,9.22,0.08,0.8677,110989.97,103873.459
300239.SZ,20240812,4.6,4.83,4.56,4.71,4.69,0.02,0.4264,79289.0,37213.486
300240.SZ,20240812,5.98,6.07,5.89,5.98,6.03,-0.05,-0.8292,152998.5,91318.32
300241.SZ,20240812,3.78,3.94,3.75,3.86,3.81,0.05,1.3123,216079.94,83517.065
300242.SZ,20240812,2.0,2.08,1.94,1.95,1.99,-0.04,-2.0101,373906.0,75111.066
300243.SZ,20240812,8.14,8.23,8.02,8.11,8.14,-0.03,-0.3686,31134.0,25282.473
300244.SZ,20240812,12.52,12.96,12.31,12.66,12.23,0.43,3.5159,132173.49,167031.026
300245.SZ,20240812,5.61,5.68,5.45,5.48,5.68,-0.2,-3.5211,88822.84,48908.782
300246.SZ,20240812,6.11,6.34,6.1,6.17,6.15,0.02,0.3252,44600.5,27731.682
300247.SZ,20240812,2.46,2.53,2.46,2.48,2.48,0.0,0.0,100316.0,25011.871
300248.SZ,20240812,6.23,6.31,6.14,6.21,6.25,-0.04,-0.64,28570.0,17762.829
300249.SZ,20240812,6.25,6.28,6.15,6.16,6.24,-0.08,-1.2821,56941.0,35237.901
300250.SZ,20240812,11.16,11.16,10.88,10.93,11.16,-0.23,-2.0609,38692.0,42433.627
300251.SZ,20240812,7.25,7.31,7.15,7.24,7.26,-0.02,-0.2755,139753.0,101150.412
300252.SZ,20240812,6.9,6.91,6.62,6.69,6.97,-0.28,-4.0172,244475.56,164082.568
300253.SZ,20240812,5.39,5.46,5.34,5.37,5.4,-0.03,-0.5556,142087.65,76661.553
300254.SZ,20240812,8.4,9.1,8.4,8.95,8.36,0.59,7.0574,223630.77,196861.322
300255.SZ,20240812,9.71,10.04,9.66,9.81,9.75,0.06,0.6154,178633.01,176301.423
300256.SZ,20240812,2.27,2.5,2.16,2.37,2.08,0.29,13.9423,3258902.13,783569.532
300257.SZ,20240812,8.7,8.7,8.57,8.6,8.7,-0.1,-1.1494,30183.0,26021.678
300258.SZ,20240812,7.61,7.65,7.49,7.5,7.6,-0.1,-1.3158,30944.0,23320.183
300259.SZ,20240812,2.57,2.58,2.5,2.52,2.62,-0.1,-3.8168,195499.2,49373.407
300260.SZ,20240812,18.29,19.01,18.2,18.33,18.36,-0.03,-0.1634,54868.6,101554.884
300261.SZ,20240812,5.55,6.56,5.53,6.26,5.52,0.74,13.4058,703007.68,427626.001
300263.SZ,20240812,5.41,5.49,5.33,5.37,5.39,-0.02,-0.3711,75083.0,40556.365
300264.SZ,20240812,4.06,4.06,3.93,3.96,4.04,-0.08,-1.9802,108280.0,43008.773
300265.SZ,20240812,7.23,7.34,6.74,6.8,7.27,-0.47,-6.4649,494507.13,341070.016
300266.SZ,20240812,1.47,1.54,1.41,1.42,1.4,0.02,1.4286,446229.63,65561.847
300267.SZ,20240812,2.47,2.75,2.4,2.59,2.5,0.09,3.6,1381924.88,356365.754
300268.SZ,20240812,7.04,7.24,6.78,6.83,7.11,-0.28,-3.9381,13753.0,9480.353
300269.SZ,20240812,2.67,2.68,2.52,2.61,2.75,-0.14,-5.0909,620618.25,161974.919
300270.SZ,20240812,5.85,5.88,5.69,5.74,5.89,-0.15,-2.5467,67289.0,38790.936
300271.SZ,20240812,4.5,4.51,4.42,4.43,4.51,-0.08,-1.7738,83646.0,37280.496
300272.SZ,20240812,4.83,5.0,4.81,4.9,4.85,0.05,1.0309,110816.1,54436.051
300274.SZ,20240812,70.9,71.49,68.5,68.7,69.8,-1.1,-1.5759,147762.6,1027403.821
300275.SZ,20240812,10.0,10.23,10.0,10.09,10.11,-0.02,-0.1978,34240.2,34626.538
300276.SZ,20240812,3.33,3.34,3.28,3.3,3.33,-0.03,-0.9009,89393.44,29558.527
300277.SZ,20240812,6.33,6.34,6.16,6.2,6.29,-0.09,-1.4308,16375.0,10178.254
300278.SZ,20240812,2.84,2.86,2.81,2.84,2.84,0.0,0.0,84973.0,24074.313
300279.SZ,20240812,4.24,4.24,4.12,4.16,4.26,-0.1,-2.3474,73896.0,30794.726
300280.SZ,20240812,16.24,16.39,15.18,15.46,16.3,-0.84,-5.1534,163985.0,254572.611
300281.SZ,20240812,4.97,4.97,4.83,4.92,5.05,-0.13,-2.5743,215693.0,105476.109
300283.SZ,20240812,4.56,4.63,4.51,4.56,4.65,-0.09,-1.9355,75522.0,34428.062
300284.SZ,20240812,7.11,7.12,6.85,6.91,7.1,-0.19,-2.6761,377725.4,261859.795
300285.SZ,20240812,17.18,17.25,16.86,16.92,17.22,-0.3,-1.7422,61058.27,103664.937
300286.SZ,20240812,17.58,17.85,17.38,17.46,17.59,-0.13,-0.7391,14368.0,25231.737
300287.SZ,20240812,2.38,2.39,2.29,2.35,2.38,-0.03,-1.2605,631137.18,147789.699
300288.SZ,20240812,11.17,11.17,10.64,10.76,11.08,-0.32,-2.8881,60001.0,64839.174
300289.SZ,20240812,3.99,4.24,3.99,4.08,3.98,0.1,2.5126,101080.5,41788.297
300290.SZ,20240812,8.98,9.19,8.92,8.96,9.05,-0.09,-0.9945,197672.28,178357.531
300291.SZ,20240812,4.1,4.11,4.01,4.03,4.09,-0.06,-1.467,132985.0,53852.438
300292.SZ,20240812,3.16,3.17,3.1,3.11,3.17,-0.06,-1.8927,169299.0,52853.086
300293.SZ,20240812,14.83,15.05,14.59,14.76,15.06,-0.3,-1.992,149333.0,220591.483
300294.SZ,20240812,32.5,33.4,32.4,32.96,32.79,0.17,0.5185,25149.15,83237.997
300295.SZ,20240812,9.77,9.77,8.93,9.09,9.9,-0.81,-8.1818,265532.0,246691.251
300296.SZ,20240812,4.24,4.25,4.15,4.18,4.25,-0.07,-1.6471,131586.84,55258.657
300298.SZ,20240812,24.51,25.25,24.37,24.74,24.45,0.29,1.1861,18690.66,46344.816
300299.SZ,20240812,3.86,3.9,3.76,3.8,3.92,-0.12,-3.0612,246193.48,93726.953
300300.SZ,20240812,1.39,1.4,1.31,1.33,1.42,-0.09,-6.338,373045.37,50087.172
300301.SZ,20240812,1.26,1.27,1.22,1.22,1.27,-0.05,-3.937,75127.68,9308.164
300302.SZ,20240812,10.03,10.09,9.74,9.87,10.03,-0.16,-1.5952,106251.0,105028.731
300303.SZ,20240812,4.62,4.68,4.57,4.6,4.65,-0.05,-1.0753,233003.58,107563.426
300304.SZ,20240812,5.94,6.0,5.9,5.94,5.95,-0.01,-0.1681,70015.82,41610.085
300305.SZ,20240812,4.92,4.94,4.79,4.81,4.89,-0.08,-1.636,50059.0,24218.857
300306.SZ,20240812,8.84,8.87,8.69,8.74,8.79,-0.05,-0.5688,14619.0,12823.801
300307.SZ,20240812,5.25,5.31,5.2,5.22,5.3,-0.08,-1.5094,78765.0,41309.855
300308.SZ,20240812,112.35,115.4,112.35,113.35,112.53,0.82,0.7287,175289.98,1998402.06
300310.SZ,20240812,3.74,3.77,3.62,3.68,3.8,-0.12,-3.1579,291983.94,107405.845
300311.SZ,20240812,3.18,3.18,3.18,3.18,3.97,-0.79,-19.8992,148898.0,47349.564
300313.SZ,20240812,6.03,6.08,5.81,5.85,6.14,-0.29,-4.7231,69994.27,41398.248
300314.SZ,20240812,10.46,10.8,10.41,10.56,10.47,0.09,0.8596,28148.0,29867.101
300315.SZ,20240812,4.03,4.04,3.97,3.99,4.04,-0.05,-1.2376,356270.0,142522.904
300316.SZ,20240812,28.24,28.59,27.56,27.77,27.83,-0.06,-0.2156,76444.7,212749.026
300317.SZ,20240812,3.49,3.65,3.49,3.54,3.43,0.11,3.207,236059.43,84443.181
300318.SZ,20240812,5.01,5.24,5.01,5.14,5.02,0.12,2.3904,95281.0,49202.78
300319.SZ,20240812,8.81,8.97,8.65,8.75,8.9,-0.15,-1.6854,188470.44,165431.737
300320.SZ,20240812,7.2,7.31,7.1,7.16,7.23,-0.07,-0.9682,30832.68,22182.321
300321.SZ,20240812,14.87,15.17,14.55,15.14,14.87,0.27,1.8157,10825.15,16183.604
300322.SZ,20240812,9.3,9.39,8.83,8.91,9.5,-0.59,-6.2105,332540.45,300309.415
300323.SZ,20240812,4.12,4.17,4.03,4.06,4.13,-0.07,-1.6949,93415.07,38217.986
300324.SZ,20240812,2.13,2.14,2.07,2.09,2.13,-0.04,-1.8779,324881.0,68169.313
300326.SZ,20240812,4.15,4.22,4.06,4.1,4.3,-0.2,-4.6512,305918.68,126494.514
300327.SZ,20240812,19.35,19.62,18.97,19.13,19.51,-0.38,-1.9477,46810.46,90167.885
300328.SZ,20240812,5.25,5.82,5.02,5.12,5.29,-0.17,-3.2136,1141177.02,619139.021
300329.SZ,20240812,4.19,4.22,4.06,4.09,4.24,-0.15,-3.5377,139846.0,57732.898
300331.SZ,20240812,13.9,13.92,13.6,13.7,13.92,-0.22,-1.5805,24145.0,33080.367
300332.SZ,20240812,5.15,5.17,5.1,5.12,5.13,-0.01,-0.1949,37145.0,19049.588
300333.SZ,20240812,4.41,4.46,4.33,4.4,4.46,-0.06,-1.3453,87443.0,38321.483
300334.SZ,20240812,5.03,5.49,4.93,5.3,4.9,0.4,8.1633,211978.35,109885.407
300335.SZ,20240812,3.92,4.02,3.92,3.96,3.89,0.07,1.7995,117626.0,46673.15
300337.SZ,20240812,6.9,7.01,6.8,6.84,7.13,-0.29,-4.0673,199222.44,137593.354
300338.SZ,20240812,1.87,1.92,1.8,1.81,1.92,-0.11,-5.7292,283855.0,52317.45
300339.SZ,20240812,19.0,19.12,18.51,18.6,19.11,-0.51,-2.6688,149092.81,279607.211
300340.SZ,20240812,6.51,6.59,6.45,6.49,6.54,-0.05,-0.7645,20194.0,13127.618
300341.SZ,20240812,8.27,8.52,8.27,8.41,8.38,0.03,0.358,30929.77,26038.633
300342.SZ,20240812,13.99,14.31,13.22,13.31,14.28,-0.97,-6.7927,522988.5,703875.789
300343.SZ,20240812,4.45,4.47,4.4,4.41,4.45,-0.04,-0.8989,72025.0,31865.084
300344.SZ,20240812,3.03,3.04,2.97,2.99,3.03,-0.04,-1.3201,65008.2,19511.271
300345.SZ,20240812,6.73,6.9,6.61,6.76,6.8,-0.04,-0.5882,27296.0,18401.458
300346.SZ,20240812,26.7,27.04,26.42,26.63,26.91,-0.28,-1.0405,80950.64,215905.451
300347.SZ,20240812,53.75,54.25,53.19,53.42,53.77,-0.35,-0.6509,69834.76,374594.213
300348.SZ,20240812,7.21,7.21,6.98,7.01,7.17,-0.16,-2.2315,68641.75,48311.956
300349.SZ,20240812,10.6,10.63,10.44,10.46,10.63,-0.17,-1.5992,40278.0,42359.491
300350.SZ,20240812,4.55,4.7,4.45,4.63,4.55,0.08,1.7582,145272.4,66430.704
300351.SZ,20240812,14.55,14.71,14.08,14.16,14.64,-0.48,-3.2787,101615.0,144949.619
300352.SZ,20240812,3.8,3.82,3.72,3.75,3.8,-0.05,-1.3158,91342.5,34253.997
300353.SZ,20240812,7.94,8.66,7.68,8.22,8.0,0.22,2.75,349892.35,283136.184
300354.SZ,20240812,31.26,31.75,30.58,31.49,31.21,0.28,0.8971,9962.0,31195.088
300355.SZ,20240812,2.35,2.42,2.32,2.32,2.32,0.0,0.0,335010.94,79482.764
300357.SZ,20240812,19.35,19.8,19.26,19.55,19.43,0.12,0.6176,38959.0,76217.281
300358.SZ,20240812,7.25,7.4,7.18,7.31,7.22,0.09,1.2465,36492.49,26669.428
300359.SZ,20240812,4.52,4.58,4.36,4.39,4.6,-0.21,-4.5652,227052.5,100097.036
300360.SZ,20240812,13.61,13.68,13.2,13.28,13.6,-0.32,-2.3529,57233.6,76494.731
300363.SZ,20240812,12.8,13.21,12.71,12.95,12.86,0.09,0.6998,68846.0,89538.121
300364.SZ,20240812,18.31,18.68,18.03,18.37,18.38,-0.01,-0.0544,246633.83,452945.935
300365.SZ,20240812,4.53,4.6,4.47,4.5,4.52,-0.02,-0.4425,80113.99,36238.074
300366.SZ,20240812,7.28,7.32,7.02,7.07,7.31,-0.24,-3.2832,135444.21,96313.01
300368.SZ,20240812,2.82,2.85,2.61,2.64,2.87,-0.23,-8.0139,338701.0,91870.258
300369.SZ,20240812,4.86,4.88,4.73,4.76,4.86,-0.1,-2.0576,107883.94,51588.248
300370.SZ,20240812,1.77,1.78,1.7,1.72,1.8,-0.08,-4.4444,245329.0,42497.034
300371.SZ,20240812,7.61,7.69,7.52,7.55,7.66,-0.11,-1.436,17037.15,12902.951
300373.SZ,20240812,39.69,39.86,39.07,39.21,39.73,-0.52,-1.3088,40909.0,160950.914
300374.SZ,20240812,15.22,15.32,14.36,14.43,15.32,-0.89,-5.8094,181720.3,268460.58
300375.SZ,20240812,3.91,3.93,3.87,3.89,3.93,-0.04,-1.0178,102556.08,39903.692
300376.SZ,20240812,2.63,2.64,2.43,2.51,2.61,-0.1,-3.8314,279467.5,70658.988
300377.SZ,20240812,5.44,5.5,5.24,5.28,5.53,-0.25,-4.5208,215552.08,115227.217
300378.SZ,20240812,15.41,16.09,15.34,15.84,15.01,0.83,5.5296,151198.68,239111.41
300379.SZ,20240812,7.68,7.7,7.49,7.59,7.71,-0.12,-1.5564,93036.72,70646.74
300380.SZ,20240812,17.0,17.0,16.52,16.67,17.07,-0.4,-2.3433,40629.1,67977.198
300381.SZ,20240812,6.21,6.43,6.16,6.29,6.17,0.12,1.9449,194137.86,122057.714
300382.SZ,20240812,5.25,5.3,5.17,5.21,5.26,-0.05,-0.9506,49797.0,25920.113
300383.SZ,20240812,7.79,7.8,7.69,7.71,7.78,-0.07,-0.8997,90183.97,69669.292
300384.SZ,20240812,11.83,12.03,11.74,11.82,11.72,0.1,0.8532,18445.04,21931.32
300385.SZ,20240812,3.72,3.99,3.49,3.59,3.52,0.07,1.9886,167212.6,62762.285
300386.SZ,20240812,8.14,8.17,7.95,8.03,8.14,-0.11,-1.3514,85300.0,68686.667
300387.SZ,20240812,5.95,6.03,5.94,5.97,6.0,-0.03,-0.5,45026.04,26940.901
300388.SZ,20240812,5.78,5.96,5.71,5.73,5.66,0.07,1.2367,50524.2,29172.775
300389.SZ,20240812,9.74,9.79,9.54,9.57,9.75,-0.18,-1.8462,45061.4,43557.774
300390.SZ,20240812,16.65,16.73,16.42,16.56,16.59,-0.03,-0.1808,45240.7,74874.756
300391.SZ,20240812,4.03,4.16,3.97,4.01,3.98,0.03,0.7538,253632.29,103131.015
300393.SZ,20240812,5.93,5.97,5.74,5.79,5.76,0.03,0.5208,126216.66,73530.957
300394.SZ,20240812,82.99,85.12,82.99,83.71,83.72,-0.01,-0.0119,92517.17,778053.572
300395.SZ,20240812,30.97,31.1,30.19,30.42,31.1,-0.68,-2.1865,53739.96,164066.859
300396.SZ,20240812,17.27,17.65,16.92,17.25,16.63,0.62,3.7282,149140.37,258338.788
300397.SZ,20240812,8.87,8.88,8.62,8.66,8.87,-0.21,-2.3675,72150.0,62671.681
300398.SZ,20240812,11.42,11.5,11.22,11.31,11.51,-0.2,-1.7376,63185.0,71783.179
300399.SZ,20240812,10.15,10.31,9.76,9.88,10.37,-0.49,-4.7252,116870.18,116956.029
300400.SZ,20240812,11.7,11.87,11.45,11.84,11.79,0.05,0.4241,134452.0,156685.819
300401.SZ,20240812,14.86,15.08,14.35,14.49,14.91,-0.42,-2.8169,391917.29,570186.027
300402.SZ,20240812,12.78,12.82,12.61,12.69,12.77,-0.08,-0.6265,17349.03,22046.295
300403.SZ,20240812,6.39,6.45,6.33,6.36,6.44,-0.08,-1.2422,63346.0,40426.571
300404.SZ,20240812,7.61,7.84,7.57,7.68,7.57,0.11,1.4531,96861.72,74756.932
300405.SZ,20240812,3.71,3.83,3.64,3.69,3.67,0.02,0.545,106412.9,39779.952
300406.SZ,20240812,13.9,14.35,13.82,14.07,13.77,0.3,2.1786,52103.0,73411.888
300407.SZ,20240812,7.92,7.92,7.67,7.72,7.85,-0.13,-1.6561,35108.0,27244.694
300408.SZ,20240812,31.68,32.08,31.6,31.69,31.71,-0.02,-0.0631,60627.62,193047.122
300409.SZ,20240812,8.76,8.87,8.68,8.73,8.82,-0.09,-1.0204,50781.0,44551.901
300410.SZ,20240812,4.57,4.57,4.4,4.43,4.52,-0.09,-1.9912,66332.0,29517.217
300411.SZ,20240812,11.49,11.51,10.95,11.09,11.5,-0.41,-3.5652,217449.5,241095.705
300412.SZ,20240812,3.07,3.22,3.07,3.15,3.11,0.04,1.2862,165969.0,52607.318
300413.SZ,20240812,20.31,20.6,20.07,20.42,20.35,0.07,0.344,65948.56,134543.109
300414.SZ,20240812,6.5,6.51,6.33,6.36,6.52,-0.16,-2.454,35475.88,22687.716
300415.SZ,20240812,17.89,17.9,17.56,17.74,17.9,-0.16,-0.8939,26080.9,46282.484
300416.SZ,20240812,10.81,10.83,10.55,10.72,10.85,-0.13,-1.1982,83365.87,89020.774
300417.SZ,20240812,7.85,7.97,7.36,7.47,7.35,0.12,1.6327,42559.2,32006.023
300418.SZ,20240812,26.96,27.06,26.38,26.55,27.0,-0.45,-1.6667,223670.61,595495.762
300419.SZ,20240812,4.51,4.53,4.38,4.4,4.51,-0.11,-2.439,84732.0,37515.581
300420.SZ,20240812,2.23,2.24,2.19,2.19,2.24,-0.05,-2.2321,95077.3,21043.315
300421.SZ,20240812,8.42,8.46,8.22,8.27,8.42,-0.15,-1.7815,47532.6,39593.366
300422.SZ,20240812,4.63,4.74,4.43,4.5,4.45,0.05,1.1236,226474.76,103963.176
300423.SZ,20240812,5.15,5.37,5.05,5.16,5.09,0.07,1.3752,142302.55,74133.981
300424.SZ,20240812,13.39,13.42,12.69,12.93,13.22,-0.29,-2.1936,139088.83,179283.141
300425.SZ,20240812,4.23,4.32,4.12,4.14,4.17,-0.03,-0.7194,144068.69,60807.517
300426.SZ,20240812,7.9,8.04,7.51,7.71,7.83,-0.12,-1.5326,176558.46,137342.544
300427.SZ,20240812,4.1,4.13,4.04,4.05,4.23,-0.18,-4.2553,74873.86,30607.874
300428.SZ,20240812,16.29,16.35,16.11,16.21,16.18,0.03,0.1854,26653.0,43249.328
300429.SZ,20240812,10.04,10.2,9.75,9.86,10.12,-0.26,-2.5692,155540.99,154192.663
300430.SZ,20240812,10.71,10.91,10.59,10.7,10.8,-0.1,-0.9259,63297.61,67995.307
300432.SZ,20240812,6.09,6.13,6.01,6.03,6.08,-0.05,-0.8224,67501.8,40797.751
300433.SZ,20240812,16.95,17.44,16.91,17.12,17.03,0.09,0.5285,247398.66,426143.058
300434.SZ,20240812,7.66,8.15,7.65,7.97,7.72,0.25,3.2383,84168.04,67001.555
300435.SZ,20240812,10.74,10.97,10.64,10.8,10.74,0.06,0.5587,32439.01,35038.461
300436.SZ,20240812,20.1,21.56,20.0,21.56,17.97,3.59,19.9777,81780.22,171664.891
300437.SZ,20240812,8.5,8.8,8.43,8.64,8.32,0.32,3.8462,53664.78,46183.143
300438.SZ,20240812,17.58,17.73,17.11,17.21,17.49,-0.28,-1.6009,58758.84,101634.057
300439.SZ,20240812,9.52,9.65,9.25,9.37,9.17,0.2,2.181,88981.0,83695.2
300440.SZ,20240812,4.87,4.92,4.79,4.83,4.9,-0.07,-1.4286,66087.55,31957.311
300441.SZ,20240812,6.07,6.1,6.02,6.05,6.1,-0.05,-0.8197,62293.0,37787.8
300442.SZ,20240812,20.97,21.31,20.77,21.05,21.06,-0.01,-0.0475,57865.8,121635.435
300443.SZ,20240812,16.19,16.45,15.88,15.88,15.82,0.06,0.3793,71742.0,116011.048
300444.SZ,20240812,5.82,5.86,5.72,5.79,5.73,0.06,1.0471,93416.0,54090.303
300445.SZ,20240812,14.66,14.75,14.52,14.57,14.66,-0.09,-0.6139,8509.0,12438.064
300446.SZ,20240812,12.98,13.33,12.76,13.09,13.12,-0.03,-0.2287,174000.9,227498.83
300447.SZ,20240812,12.25,12.33,11.9,12.03,12.41,-0.38,-3.062,58184.0,70066.244
300448.SZ,20240812,4.69,4.72,4.43,4.49,4.77,-0.28,-5.87,351779.0,158836.611
300449.SZ,20240812,4.48,4.48,4.32,4.35,4.49,-0.14,-3.118,57393.8,25128.567
300450.SZ,20240812,16.05,16.16,15.75,15.79,15.94,-0.15,-0.941,92802.91,147234.253
300451.SZ,20240812,3.26,3.27,3.2,3.22,3.28,-0.06,-1.8293,380022.24,122750.867
300452.SZ,20240812,11.07,11.45,11.06,11.34,11.09,0.25,2.2543,39126.5,44228.748
300453.SZ,20240812,6.44,6.61,6.43,6.48,6.53,-0.05,-0.7657,78310.92,50953.447
300454.SZ,20240812,47.3,47.67,47.0,47.37,47.53,-0.16,-0.3366,11652.4,55163.276
300455.SZ,20240812,11.72,11.72,11.34,11.44,11.82,-0.38,-3.2149,177209.0,202697.564
300456.SZ,20240812,14.4,14.45,14.05,14.18,14.41,-0.23,-1.5961,78660.0,111821.281
300457.SZ,20240812,14.49,14.54,14.28,14.34,14.43,-0.09,-0.6237,61109.33,87744.238
300458.SZ,20240812,23.81,24.18,23.43,23.68,24.25,-0.57,-2.3505,181229.1,430690.642
300459.SZ,20240812,3.39,3.4,3.33,3.35,3.4,-0.05,-1.4706,469876.18,157725.203
300460.SZ,20240812,8.44,8.51,8.12,8.23,8.5,-0.27,-3.1765,77007.65,63786.877
300461.SZ,20240812,15.6,15.62,14.99,15.1,15.61,-0.51,-3.2671,29346.0,44642.415
300462.SZ,20240812,10.25,10.38,9.88,9.94,10.46,-0.52,-4.9713,171113.0,172434.013
300463.SZ,20240812,13.78,13.78,12.55,12.81,11.88,0.93,7.8283,355717.34,460020.61
300464.SZ,20240812,3.44,3.5,3.37,3.4,3.46,-0.06,-1.7341,41179.0,14025.041
300465.SZ,20240812,6.6,6.68,6.51,6.53,6.65,-0.12,-1.8045,36101.0,23674.771
300466.SZ,20240812,5.69,5.71,5.62,5.64,5.7,-0.06,-1.0526,49616.62,28059.803
300467.SZ,20240812,12.59,12.59,12.34,12.37,12.59,-0.22,-1.7474,20381.24,25358.797
300468.SZ,20240812,7.9,7.92,7.7,7.73,7.95,-0.22,-2.7673,75582.06,58858.907
300469.SZ,20240812,11.38,11.42,10.92,11.23,11.31,-0.08,-0.7073,111665.04,124857.657
300470.SZ,20240812,30.19,30.48,29.98,30.32,30.11,0.21,0.6974,3358.65,10152.357
300471.SZ,20240812,7.76,9.31,7.7,8.68,7.76,0.92,11.8557,192747.88,167422.843
300472.SZ,20240812,4.83,5.02,4.7,5.0,4.86,0.14,2.8807,211087.13,103212.033
300473.SZ,20240812,14.72,15.06,14.34,15.0,14.71,0.29,1.9714,54041.87,79651.772
300474.SZ,20240812,59.79,60.05,58.6,58.9,59.79,-0.89,-1.4885,34314.88,203102.443
300475.SZ,20240812,25.97,26.11,25.24,25.41,26.08,-0.67,-2.569,85164.98,218165.872
300476.SZ,20240812,31.68,33.55,31.68,32.93,31.68,1.25,3.9457,376225.52,1236373.179
300477.SZ,20240812,2.33,2.35,2.27,2.29,2.35,-0.06,-2.5532,149591.0,34488.945
300478.SZ,20240812,7.35,7.35,7.1,7.13,7.24,-0.11,-1.5193,12394.0,8891.5
300479.SZ,20240812,13.45,13.58,13.27,13.35,13.58,-0.23,-1.6937,15849.0,21200.366
300480.SZ,20240812,12.86,12.9,12.64,12.69,12.84,-0.15,-1.1682,18164.0,23118.573
300481.SZ,20240812,12.72,12.81,12.59,12.62,12.76,-0.14,-1.0972,18456.99,23413.402
300482.SZ,20240812,24.84,25.57,24.5,25.09,24.25,0.84,3.4639,116057.45,291763.289
300483.SZ,20240812,7.43,8.2,7.35,7.9,7.43,0.47,6.3257,79704.0,61964.028
300484.SZ,20240812,12.91,12.99,12.49,12.7,13.01,-0.31,-2.3828,78731.0,99896.777
300485.SZ,20240812,6.73,6.97,6.72,6.84,6.75,0.09,1.3333,59226.41,40641.951
300486.SZ,20240812,5.1,5.12,4.96,5.05,5.15,-0.1,-1.9417,107179.25,53974.73
300487.SZ,20240812,40.33,41.1,39.98,40.7,40.1,0.6,1.4963,18375.77,74655.632
300488.SZ,20240812,19.95,20.15,19.82,20.07,20.11,-0.04,-0.1989,5648.0,11313.947
300489.SZ,20240812,18.7,18.95,18.51,18.55,18.86,-0.31,-1.6437,9212.0,17198.219
300490.SZ,20240812,7.28,7.42,7.17,7.38,7.18,0.2,2.7855,123371.81,90226.553
300491.SZ,20240812,14.0,14.11,13.52,13.68,13.99,-0.31,-2.2159,30158.0,41589.776
300492.SZ,20240812,74.59,74.59,71.89,72.26,73.19,-0.93,-1.2707,5937.68,43052.403
300493.SZ,20240812,8.29,8.39,8.1,8.19,8.36,-0.17,-2.0335,265933.5,218860.299
300494.SZ,20240812,9.23,9.33,9.12,9.17,9.34,-0.17,-1.8201,116768.4,107385.048
300496.SZ,20240812,40.32,40.43,38.85,39.05,40.56,-1.51,-3.7229,137390.61,540498.115
300497.SZ,20240812,8.57,8.73,8.53,8.64,8.58,0.06,0.6993,41194.0,35635.55
300498.SZ,20240812,19.73,20.19,19.58,19.78,19.78,0.0,0.0,238879.29,476532.1
300499.SZ,20240812,10.64,11.16,10.57,10.75,10.59,0.16,1.5109,113009.0,123014.652
300500.SZ,20240812,11.49,11.7,10.63,10.69,11.02,-0.33,-2.9946,102450.0,114104.859
300501.SZ,20240812,10.55,10.63,10.45,10.58,10.55,0.03,0.2844,8472.51,8931.235
300502.SZ,20240812,93.1,97.69,93.1,95.43,93.88,1.55,1.651,195970.77,1869464.759
300503.SZ,20240812,12.75,12.93,12.5,12.75,12.82,-0.07,-0.546,82974.0,105624.104
300504.SZ,20240812,11.68,11.68,11.13,11.17,11.61,-0.44,-3.7898,29785.0,33580.051
300505.SZ,20240812,11.6,11.7,11.46,11.56,11.65,-0.09,-0.7725,38534.3,44639.365
300506.SZ,20240812,1.9,1.94,1.74,1.78,2.0,-0.22,-11.0,225343.74,41645.825
300507.SZ,20240812,5.56,5.63,5.48,5.58,5.61,-0.03,-0.5348,145767.89,80862.993
300508.SZ,20240812,20.62,20.82,20.2,20.48,20.99,-0.51,-2.4297,13409.4,27454.837
300509.SZ,20240812,4.56,4.6,4.5,4.54,4.55,-0.01,-0.2198,21684.3,9855.173
300510.SZ,20240812,3.46,3.5,3.39,3.4,3.44,-0.04,-1.1628,53827.93,18463.17
300511.SZ,20240812,2.87,2.88,2.77,2.84,2.91,-0.07,-2.4055,242664.4,68368.755
300512.SZ,20240812,5.67,5.79,5.6,5.62,5.88,-0.26,-4.4218,76364.0,43380.069
300513.SZ,20240812,7.39,7.45,7.22,7.27,7.38,-0.11,-1.4905,35470.57,25880.932
300514.SZ,20240812,12.0,12.13,11.9,12.01,11.98,0.03,0.2504,20139.4,24208.827
300515.SZ,20240812,9.05,9.17,8.97,9.03,9.09,-0.06,-0.6601,15324.0,13867.188
300516.SZ,20240812,28.56,28.9,28.24,28.35,28.85,-0.5,-1.7331,17311.0,49399.813
300517.SZ,20240812,8.49,8.52,8.22,8.27,8.55,-0.28,-3.2749,42715.4,35552.324
300518.SZ,20240812,7.55,7.58,7.36,7.45,7.57,-0.12,-1.5852,25642.06,19127.137
300519.SZ,20240812,12.2,13.3,12.14,13.12,12.27,0.85,6.9275,130944.88,168366.064
300520.SZ,20240812,15.0,15.08,14.5,14.59,15.13,-0.54,-3.5691,64222.49,94558.263
300521.SZ,20240812,10.14,10.24,9.99,10.13,10.24,-0.11,-1.0742,6576.0,6633.767
300522.SZ,20240812,9.5,9.56,9.33,9.37,9.54,-0.17,-1.782,18879.0,17804.035
300523.SZ,20240812,15.74,15.74,15.36,15.42,15.67,-0.25,-1.5954,9611.0,14872.618
300525.SZ,20240812,11.1,11.2,11.0,11.15,11.1,0.05,0.4505,46597.2,51693.823
300527.SZ,20240812,6.53,6.6,6.4,6.5,6.56,-0.06,-0.9146,67323.99,43811.102
300528.SZ,20240812,7.42,7.59,6.9,7.05,7.77,-0.72,-9.2664,168755.8,122692.885
300529.SZ,20240812,25.8,26.77,25.62,26.38,25.8,0.58,2.2481,61723.42,162624.704
300530.SZ,20240812,14.95,15.17,14.63,14.67,14.96,-0.29,-1.9385,9276.75,13673.156
300531.SZ,20240812,9.73,9.76,9.44,9.7,9.83,-0.13,-1.3225,45645.0,43884.537
300532.SZ,20240812,11.78,11.89,11.68,11.74,11.84,-0.1,-0.8446,32760.24,38498.207
300533.SZ,20240812,15.39,15.59,14.7,15.07,15.66,-0.59,-3.7676,91157.75,137151.505
300534.SZ,20240812,7.7,8.19,7.7,8.11,7.74,0.37,4.7804,197241.5,158546.25
300535.SZ,20240812,11.21,11.8,11.03,11.06,11.14,-0.08,-0.7181,31944.01,36292.065
300536.SZ,20240812,6.95,7.11,6.84,6.92,7.04,-0.12,-1.7045,34286.0,23844.445
300537.SZ,20240812,14.9,14.99,14.51,14.7,14.97,-0.27,-1.8036,48929.0,72006.272
300538.SZ,20240812,13.91,14.06,13.68,13.83,14.0,-0.17,-1.2143,34412.51,47672.041
300539.SZ,20240812,7.43,7.45,7.22,7.3,7.39,-0.09,-1.2179,16398.85,12015.066
300540.SZ,20240812,18.66,19.29,18.63,18.77,18.66,0.11,0.5895,15750.0,29888.416
300541.SZ,20240812,7.81,7.89,7.72,7.78,7.88,-0.1,-1.269,36718.22,28602.508
300542.SZ,20240812,12.29,12.35,11.86,11.92,12.36,-0.44,-3.5599,95548.0,114639.628
300543.SZ,20240812,7.12,7.12,6.75,6.8,6.92,-0.12,-1.7341,27593.4,18832.292
300545.SZ,20240812,22.4,22.6,21.66,21.73,22.1,-0.37,-1.6742,31695.0,70126.518
300546.SZ,20240812,11.0,11.05,10.6,10.83,11.09,-0.26,-2.3445,59886.46,64698.347
300547.SZ,20240812,14.05,14.29,13.89,13.93,14.17,-0.24,-1.6937,22106.0,30969.567
300548.SZ,20240812,17.33,17.54,17.1,17.17,17.42,-0.25,-1.4351,42761.58,73765.407
300549.SZ,20240812,13.18,13.24,12.89,12.96,13.18,-0.22,-1.6692,17235.82,22467.996
300550.SZ,20240812,10.97,11.14,10.6,10.77,11.03,-0.26,-2.3572,41768.16,45119.279
300551.SZ,20240812,5.82,5.88,5.57,5.66,5.9,-0.24,-4.0678,204322.89,115955.431
300552.SZ,20240812,29.38,30.14,28.7,29.5,29.55,-0.05,-0.1692,64031.99,187763.933
300553.SZ,20240812,25.0,25.0,23.58,24.31,23.48,0.83,3.5349,56279.72,135720.236
300554.SZ,20240812,22.22,22.35,21.2,21.33,22.6,-1.27,-5.6195,57148.0,123586.884
300555.SZ,20240812,6.25,6.38,6.18,6.31,6.26,0.05,0.7987,12885.5,8115.939
300556.SZ,20240812,15.59,15.62,15.2,15.34,15.57,-0.23,-1.4772,22992.0,35325.88
300557.SZ,20240812,23.9,23.9,23.18,23.35,24.03,-0.68,-2.8298,14162.0,33189.644
300558.SZ,20240812,35.66,36.55,35.2,35.43,35.66,-0.23,-0.645,81162.47,291311.992
300559.SZ,20240812,8.33,8.37,8.04,8.15,8.43,-0.28,-3.3215,111205.82,90813.909
300560.SZ,20240812,10.26,10.29,9.99,10.05,10.25,-0.2,-1.9512,53883.0,54333.812
300561.SZ,20240812,7.95,7.95,7.74,7.79,7.97,-0.18,-2.2585,49590.75,38751.997
300562.SZ,20240812,8.75,9.04,8.6,8.85,8.75,0.1,1.1429,149138.59,132298.384
300563.SZ,20240812,37.17,39.35,36.97,38.56,37.2,1.36,3.6559,276826.4,1057036.853
300564.SZ,20240812,9.19,9.5,8.73,8.76,9.0,-0.24,-2.6667,49145.6,44728.028
300565.SZ,20240812,11.13,11.25,10.96,11.14,11.25,-0.11,-0.9778,122478.9,135986.688
300566.SZ,20240812,14.2,14.37,13.98,14.01,14.25,-0.24,-1.6842,40058.0,56432.51
300567.SZ,20240812,56.61,58.04,56.08,57.49,57.0,0.49,0.8596,21430.87,122858.601
300568.SZ,20240812,7.67,7.73,7.6,7.66,7.67,-0.01,-0.1304,85021.89,65059.073
300569.SZ,20240812,4.35,4.4,4.25,4.26,4.26,0.0,0.0,125849.78,54569.04
300570.SZ,20240812,29.5,29.9,29.1,29.32,29.82,-0.5,-1.6767,63656.76,187260.701
300571.SZ,20240812,18.79,18.87,18.34,18.49,18.79,-0.3,-1.5966,9894.78,18335.457
300572.SZ,20240812,12.26,12.45,12.03,12.15,12.38,-0.23,-1.8578,58757.56,71855.329
300573.SZ,20240812,111.78,113.38,108.77,109.39,111.69,-2.3,-2.0593,36416.89,401674.3
300575.SZ,20240812,5.86,5.86,5.77,5.85,5.87,-0.02,-0.3407,11090.0,6443.524
300576.SZ,20240812,33.73,34.3,33.14,33.58,34.1,-0.52,-1.5249,61737.43,207520.345
300577.SZ,20240812,17.54,18.32,17.47,18.06,17.72,0.34,1.9187,10150.0,18214.001
300578.SZ,20240812,13.82,13.94,13.38,13.52,13.8,-0.28,-2.029,32504.0,44031.791
300579.SZ,20240812,19.88,19.88,19.36,19.45,19.92,-0.47,-2.3594,24261.19,47354.699
300580.SZ,20240812,13.7,13.85,13.44,13.61,13.72,-0.11,-0.8017,63367.64,86501.425
300581.SZ,20240812,7.65,7.69,7.41,7.52,7.73,-0.21,-2.7167,79471.09,59813.89
300582.SZ,20240812,8.36,8.4,8.22,8.26,8.4,-0.14,-1.6667,34466.0,28556.798
300583.SZ,20240812,12.6,13.12,12.51,12.95,12.59,0.36,2.8594,69866.0,90025.02
300584.SZ,20240812,16.8,18.4,16.61,17.5,16.82,0.68,4.0428,75817.96,132792.135
300585.SZ,20240812,11.35,11.75,11.17,11.65,11.46,0.19,1.6579,67444.0,77466.94
300586.SZ,20240812,5.78,5.78,5.6,5.62,5.69,-0.07,-1.2302,33027.8,18718.396
300587.SZ,20240812,3.81,3.85,3.75,3.77,3.82,-0.05,-1.3089,78513.41,29646.565
300588.SZ,20240812,7.64,7.64,7.4,7.46,7.66,-0.2,-2.611,25117.4,18806.55
300589.SZ,20240812,11.57,11.62,11.37,11.43,11.66,-0.23,-1.9726,55933.3,64192.452
300590.SZ,20240812,10.62,10.75,10.39,10.54,10.71,-0.17,-1.5873,75973.4,80104.267
300591.SZ,20240812,3.01,3.04,2.96,3.0,3.02,-0.02,-0.6623,48482.0,14549.387
300592.SZ,20240812,10.95,11.28,10.85,11.13,10.95,0.18,1.6438,62619.46,69350.097
300593.SZ,20240812,10.17,10.2,9.77,9.81,10.17,-0.36,-3.5398,73845.8,73034.511
300594.SZ,20240812,14.89,14.99,14.3,14.48,15.11,-0.63,-4.1694,82864.0,120691.639
300595.SZ,20240812,15.88,16.2,15.82,16.01,16.0,0.01,0.0625,43984.58,70496.251
300596.SZ,20240812,23.68,24.05,23.5,23.79,23.75,0.04,0.1684,12201.0,28982.193
300597.SZ,20240812,7.05,7.1,6.8,6.89,7.04,-0.15,-2.1307,45432.1,31533.789
300598.SZ,20240812,27.7,27.77,27.22,27.3,27.7,-0.4,-1.444,26266.78,72061.757
300599.SZ,20240812,5.4,5.54,5.26,5.46,5.42,0.04,0.738,47194.0,25594.822
300600.SZ,20240812,5.68,5.68,5.48,5.5,5.69,-0.19,-3.3392,41642.0,23195.627
300601.SZ,20240812,15.27,15.87,15.2,15.69,15.3,0.39,2.549,118732.61,185578.76
300602.SZ,20240812,13.32,13.45,13.06,13.1,13.33,-0.23,-1.7254,54668.26,72260.398
300603.SZ,20240812,7.03,7.07,6.83,6.88,7.05,-0.17,-2.4113,57662.79,40002.193
300604.SZ,20240812,31.8,31.9,30.69,30.93,31.75,-0.82,-2.5827,116583.89,362564.616
300605.SZ,20240812,9.36,9.49,9.18,9.34,9.55,-0.21,-2.199,43476.0,40439.231
300606.SZ,20240812,17.59,17.94,17.13,17.27,17.85,-0.58,-3.2493,52711.5,91877.807
300607.SZ,20240812,11.53,11.6,11.37,11.41,11.6,-0.19,-1.6379,35214.2,40334.768
300608.SZ,20240812,8.27,8.33,8.05,8.13,8.31,-0.18,-2.1661,48611.34,39666.734
300609.SZ,20240812,20.2,20.48,19.82,19.89,20.21,-0.32,-1.5834,19423.0,39139.349
300610.SZ,20240812,8.31,8.39,8.25,8.28,8.36,-0.08,-0.9569,11254.4,9353.488
300611.SZ,20240812,8.08,8.15,7.95,8.04,8.12,-0.08,-0.9852,34099.0,27387.601
300612.SZ,20240812,12.78,12.95,12.65,12.7,12.86,-0.16,-1.2442,15614.0,19909.081
300613.SZ,20240812,39.17,40.99,39.01,40.15,40.17,-0.02,-0.0498,79793.23,319892.281
300614.SZ,20240812,9.5,9.75,8.84,9.02,8.88,0.14,1.5766,76511.0,70320.965
300615.SZ,20240812,15.0,15.33,13.01,13.01,16.26,-3.25,-19.9877,374652.04,504402.796
300616.SZ,20240812,10.64,10.72,10.47,10.51,10.77,-0.26,-2.4141,23539.98,24845.039
300617.SZ,20240812,24.75,25.08,24.58,24.66,24.7,-0.04,-0.1619,5203.0,12919.432
300618.SZ,20240812,23.83,23.98,23.53,23.65,23.84,-0.19,-0.797,17428.6,41296.676
300619.SZ,20240812,17.4,17.69,17.19,17.27,17.49,-0.22,-1.2579,15733.06,27355.223
300620.SZ,20240812,31.69,32.31,31.51,31.75,32.07,-0.32,-0.9978,26866.49,85398.632
300621.SZ,20240812,7.93,8.05,7.6,7.77,7.99,-0.22,-2.7534,78117.5,60669.699
300622.SZ,20240812,15.11,18.25,15.03,18.23,15.21,3.02,19.8554,190492.76,332896.298
300623.SZ,20240812,17.8,18.06,17.54,17.61,17.85,-0.24,-1.3445,83705.91,148686.154
300624.SZ,20240812,43.94,44.25,43.35,43.59,44.0,-0.41,-0.9318,37901.95,165744.767
300625.SZ,20240812,10.47,10.95,10.37,10.63,10.48,0.15,1.4313,51585.64,55110.506
300626.SZ,20240812,7.64,7.83,7.58,7.73,7.68,0.05,0.651,37708.0,29107.48
300627.SZ,20240812,28.55,29.18,28.31,28.57,28.5,0.07,0.2456,67524.15,193719.688
300628.SZ,20240812,32.33,33.41,32.18,32.8,32.32,0.48,1.4851,34107.7,112368.512
300629.SZ,20240812,16.64,16.84,16.51,16.73,16.8,-0.07,-0.4167,22918.43,38165.401
300630.SZ,20240812,8.98,9.43,8.76,9.07,8.87,0.2,2.2548,366086.51,335751.959
300631.SZ,20240812,16.55,17.2,16.43,16.7,16.43,0.27,1.6433,21201.0,35601.918
300632.SZ,20240812,9.42,9.52,9.13,9.2,9.41,-0.21,-2.2317,34002.22,31719.201
300633.SZ,20240812,35.06,35.95,34.78,35.33,35.13,0.2,0.5693,23896.71,84425.942
300634.SZ,20240812,14.41,14.43,13.64,13.74,15.43,-1.69,-10.9527,247259.53,343646.377
300635.SZ,20240812,7.9,8.05,7.56,7.67,7.83,-0.16,-2.0434,34359.13,26438.649
300636.SZ,20240812,8.57,8.79,8.52,8.66,8.49,0.17,2.0024,26237.29,22754.967
300637.SZ,20240812,8.71,8.88,8.48,8.63,8.85,-0.22,-2.4859,117973.5,101776.368
300638.SZ,20240812,11.65,11.71,11.43,11.47,11.75,-0.28,-2.383,175506.2,202453.737
300639.SZ,20240812,4.89,5.69,4.87,5.69,4.74,0.95,20.0422,392781.64,211363.415
300640.SZ,20240812,3.89,3.91,3.85,3.88,3.91,-0.03,-0.7673,21167.0,8184.099
300641.SZ,20240812,21.88,22.09,20.94,21.21,22.1,-0.89,-4.0271,348942.25,739680.984
300642.SZ,20240812,11.73,12.16,11.68,11.97,11.58,0.39,3.3679,28581.8,34268.26
300643.SZ,20240812,11.05,11.23,10.87,11.08,11.07,0.01,0.0903,33875.0,37425.857
300644.SZ,20240812,17.95,18.15,17.4,17.52,18.03,-0.51,-2.8286,48640.04,85589.601
300645.SZ,20240812,11.18,11.19,10.9,11.01,11.2,-0.19,-1.6964,23464.0,25821.52
300647.SZ,20240812,5.41,5.45,5.06,5.12,5.42,-0.3,-5.5351,676633.7,350566.382
300648.SZ,20240812,15.75,15.96,15.55,15.6,15.82,-0.22,-1.3906,11484.0,18030.563
300649.SZ,20240812,9.99,10.2,9.73,9.84,9.9,-0.06,-0.6061,25370.0,25088.878
300650.SZ,20240812,9.16,9.18,8.95,8.97,9.16,-0.19,-2.0742,35399.5,31959.669
300651.SZ,20240812,12.01,12.07,11.68,11.78,12.17,-0.39,-3.2046,30747.7,36310.255
300652.SZ,20240812,17.36,17.72,17.33,17.52,17.54,-0.02,-0.114,6265.0,10981.237
300653.SZ,20240812,22.06,22.06,20.5,20.87,24.46,-3.59,-14.677,169041.11,359366.525
300654.SZ,20240812,7.85,7.97,7.67,7.87,7.91,-0.04,-0.5057,71743.67,56170.901
300655.SZ,20240812,6.8,6.82,6.5,6.59,6.81,-0.22,-3.2305,121147.95,80678.153
300656.SZ,20240812,20.82,21.88,19.78,19.93,21.02,-1.09,-5.1855,149789.21,309673.857
300657.SZ,20240812,13.23,13.38,13.01,13.04,13.22,-0.18,-1.3616,61785.0,81351.496
300658.SZ,20240812,4.23,4.24,4.15,4.19,4.23,-0.04,-0.9456,19273.0,8075.319
300659.SZ,20240812,11.67,11.85,11.41,11.45,11.7,-0.25,-2.1368,18555.0,21371.668
300660.SZ,20240812,23.13,23.2,22.86,22.93,23.15,-0.22,-0.9503,14342.2,33009.283
300661.SZ,20240812,71.0,72.99,70.89,71.65,71.99,-0.34,-0.4723,14378.0,103476.612
300662.SZ,20240812,14.74,14.82,14.28,14.45,14.84,-0.39,-2.628,51656.69,74696.648
300663.SZ,20240812,9.31,9.37,9.0,9.05,9.3,-0.25,-2.6882,60897.5,55282.332
300664.SZ,20240812,4.48,4.52,4.4,4.42,4.37,0.05,1.1442,79999.5,35541.428
300665.SZ,20240812,5.16,5.18,5.06,5.08,5.11,-0.03,-0.5871,42823.0,21953.161
300666.SZ,20240812,49.0,50.16,48.83,49.14,50.1,-0.96,-1.9162,34068.39,168283.126
300667.SZ,20240812,13.84,14.15,13.71,13.95,13.86,0.09,0.6494,42469.25,59288.95
300668.SZ,20240812,16.6,17.09,16.6,16.96,16.88,0.08,0.4739,10105.0,17071.54
300669.SZ,20240812,12.12,12.19,12.0,12.09,12.14,-0.05,-0.4119,5055.0,6105.743
300670.SZ,20240812,5.13,5.24,5.05,5.08,5.13,-0.05,-0.9747,55559.0,28528.634
300671.SZ,20240812,28.76,29.3,28.25,28.59,29.34,-0.75,-2.5562,61882.24,177124.186
300672.SZ,20240812,50.0,50.49,49.18,49.85,50.53,-0.68,-1.3457,36309.76,180899.179
300673.SZ,20240812,12.1,12.39,12.0,12.21,12.06,0.15,1.2438,18240.28,22279.498
300674.SZ,20240812,10.1,10.1,9.9,9.95,10.09,-0.14,-1.3875,47458.6,47328.742
300675.SZ,20240812,15.0,16.0,13.35,13.45,13.74,-0.29,-2.1106,319449.08,469626.353
300676.SZ,20240812,36.8,38.64,36.65,37.72,35.86,1.86,5.1868,68364.11,258125.675
300677.SZ,20240812,25.65,26.5,25.58,26.1,25.66,0.44,1.7147,97193.07,254021.19
300678.SZ,20240812,23.3,23.48,22.69,22.8,23.26,-0.46,-1.9776,37699.0,86471.616
300679.SZ,20240812,31.7,32.18,31.4,31.65,31.89,-0.24,-0.7526,33957.24,107586.567
300680.SZ,20240812,17.56,17.6,17.29,17.37,17.62,-0.25,-1.4188,44039.0,76631.556
300681.SZ,20240812,12.28,12.28,12.0,12.15,12.28,-0.13,-1.0586,21185.0,25697.261
300682.SZ,20240812,8.12,8.17,8.03,8.06,8.12,-0.06,-0.7389,56757.5,45862.021
300683.SZ,20240812,22.46,23.26,22.46,23.11,22.66,0.45,1.9859,11065.0,25522.608
300684.SZ,20240812,14.31,14.66,14.18,14.23,14.47,-0.24,-1.6586,39048.0,55896.954
300685.SZ,20240812,18.81,19.22,18.52,18.99,18.42,0.57,3.0945,56834.3,107906.419
300686.SZ,20240812,6.71,7.25,6.5,6.59,6.74,-0.15,-2.2255,161034.0,109396.537
300687.SZ,20240812,12.18,12.19,11.83,12.07,12.23,-0.16,-1.3083,47541.12,56968.198
300688.SZ,20240812,23.4,23.43,22.77,23.05,23.14,-0.09,-0.3889,20338.42,46906.16
300689.SZ,20240812,13.67,13.8,13.38,13.46,13.81,-0.35,-2.5344,26502.4,35859.268
300690.SZ,20240812,19.87,19.87,18.81,19.26,19.2,0.06,0.3125,85539.5,164953.29
300691.SZ,20240812,14.16,14.26,14.01,14.08,14.27,-0.19,-1.3315,16973.0,23919.861
300692.SZ,20240812,4.56,5.04,4.56,4.67,4.4,0.27,6.1364,166650.45,78501.314
300693.SZ,20240812,20.33,20.83,19.85,19.96,20.05,-0.09,-0.4489,57462.95,115556.925
300694.SZ,20240812,8.25,8.37,8.22,8.29,8.3,-0.01,-0.1205,19300.0,16047.36
300695.SZ,20240812,35.36,35.36,34.81,35.0,35.34,-0.34,-0.9621,1567.0,5488.18
300696.SZ,20240812,13.24,13.46,13.12,13.32,13.53,-0.21,-1.5521,46330.0,61451.129
300697.SZ,20240812,9.81,9.94,9.6,9.65,9.94,-0.29,-2.9175,38412.0,37364.748
300698.SZ,20240812,33.82,36.8,33.58,34.93,33.82,1.11,3.2821,30238.3,105867.442
300699.SZ,20240812,27.52,27.79,27.23,27.35,27.5,-0.15,-0.5455,38654.0,106336.085
300700.SZ,20240812,6.51,6.62,6.47,6.5,6.51,-0.01,-0.1536,39275.1,25692.871
300701.SZ,20240812,7.64,7.67,7.48,7.51,7.66,-0.15,-1.9582,22120.0,16743.463
300702.SZ,20240812,16.17,16.55,15.98,16.38,16.09,0.29,1.8024,18138.19,29574.181
300703.SZ,20240812,7.83,7.83,7.63,7.68,7.75,-0.07,-0.9032,13373.0,10288.314
300705.SZ,20240812,22.6,23.15,22.11,22.71,23.21,-0.5,-2.1542,110111.56,249376.898
300706.SZ,20240812,18.1,18.15,17.57,17.63,18.15,-0.52,-2.865,21268.66,37783.661
300707.SZ,20240812,10.43,10.54,10.34,10.44,10.46,-0.02,-0.1912,29822.0,31100.593
300708.SZ,20240812,8.79,8.82,8.63,8.68,8.85,-0.17,-1.9209,98597.4,85822.192
300709.SZ,20240812,28.4,30.29,27.87,28.15,28.85,-0.7,-2.4263,294683.76,851814.076
300710.SZ,20240812,15.52,15.82,15.0,15.1,16.13,-1.03,-6.3856,64238.0,97908.086
300711.SZ,20240812,15.51,15.55,14.68,14.84,15.79,-0.95,-6.0165,130601.2,194695.909
300712.SZ,20240812,19.59,19.85,19.32,19.38,19.34,0.04,0.2068,10866.49,21199.82
300713.SZ,20240812,14.1,14.18,13.78,14.01,13.92,0.09,0.6466,54981.0,76955.312
300715.SZ,20240812,6.45,6.48,6.29,6.3,6.4,-0.1,-1.5625,9683.0,6152.382
300716.SZ,20240812,7.61,7.89,7.47,7.73,7.45,0.28,3.7584,131178.5,100877.495
300717.SZ,20240812,13.08,13.57,12.95,13.5,13.15,0.35,2.6616,25299.0,33871.44
300718.SZ,20240812,12.27,12.53,12.25,12.34,12.36,-0.02,-0.1618,21553.0,26705.217
300719.SZ,20240812,16.42,16.47,15.63,15.92,16.29,-0.37,-2.2713,105217.0,166967.087
300720.SZ,20240812,11.4,11.42,11.2,11.33,11.48,-0.15,-1.3066,9142.0,10335.539
300721.SZ,20240812,10.97,11.1,10.75,10.87,10.97,-0.1,-0.9116,19062.4,20728.134
300722.SZ,20240812,19.25,19.35,18.68,18.95,19.45,-0.5,-2.5707,48087.41,91129.86
300723.SZ,20240812,15.88,16.72,15.72,16.28,15.82,0.46,2.9077,61778.71,100223.601
300724.SZ,20240812,48.5,48.94,47.7,47.96,48.02,-0.06,-0.1249,55554.72,267183.925
300725.SZ,20240812,29.45,30.2,29.3,29.72,29.35,0.37,1.2606,40477.52,120683.572
300726.SZ,20240812,21.93,22.01,21.58,21.72,21.99,-0.27,-1.2278,23944.04,52087.306
300727.SZ,20240812,21.0,21.11,20.63,20.72,20.88,-0.16,-0.7663,10682.0,22234.582
300729.SZ,20240812,13.86,14.06,13.77,13.95,13.93,0.02,0.1436,17645.1,24538.031
300730.SZ,20240812,9.28,9.28,8.89,8.95,9.2,-0.25,-2.7174,70920.5,63705.22
300731.SZ,20240812,13.87,13.95,13.68,13.72,13.9,-0.18,-1.295,14419.0,19899.022
300732.SZ,20240812,7.44,7.55,7.19,7.28,7.51,-0.23,-3.0626,136344.97,99561.562
300733.SZ,20240812,10.33,10.4,10.03,10.09,10.58,-0.49,-4.6314,58230.6,59211.85
300735.SZ,20240812,18.17,18.52,17.97,18.07,18.33,-0.26,-1.4184,127473.42,232228.484
300736.SZ,20240812,8.3,8.47,8.14,8.18,8.33,-0.15,-1.8007,70312.0,58558.749
300737.SZ,20240812,4.35,4.39,4.17,4.19,4.39,-0.2,-4.5558,156909.9,66536.979
300738.SZ,20240812,9.13,9.18,8.92,9.0,9.18,-0.18,-1.9608,143826.94,129756.073
300739.SZ,20240812,11.36,11.61,11.22,11.37,11.46,-0.09,-0.7853,37632.05,42948.921
300740.SZ,20240812,11.65,11.72,11.5,11.59,11.69,-0.1,-0.8554,33724.0,39136.366
300741.SZ,20240812,15.04,15.19,14.93,15.14,15.01,0.13,0.8661,10890.94,16433.302
300743.SZ,20240812,11.55,11.76,11.46,11.65,11.63,0.02,0.172,18397.02,21404.498
300745.SZ,20240812,13.66,13.7,13.41,13.51,13.76,-0.25,-1.8169,25954.15,35071.816
300746.SZ,20240812,6.36,6.44,6.16,6.22,6.36,-0.14,-2.2013,32241.85,20214.001
300747.SZ,20240812,16.21,16.32,15.89,15.96,16.34,-0.38,-2.3256,62886.58,101040.828
300748.SZ,20240812,11.54,11.56,11.4,11.46,11.52,-0.06,-0.5208,62094.16,71019.477
300749.SZ,20240812,5.22,5.26,5.13,5.18,5.21,-0.03,-0.5758,17647.0,9140.235
300750.SZ,20240812,170.57,171.12,166.8,169.0,170.0,-1.0,-0.5882,174155.81,2934605.438
300751.SZ,20240812,106.0,107.18,103.58,104.0,105.34,-1.34,-1.2721,8478.95,88600.986
300752.SZ,20240812,11.83,11.84,11.51,11.58,11.83,-0.25,-2.1133,22114.07,25773.329
300753.SZ,20240812,11.47,11.67,11.32,11.43,11.47,-0.04,-0.3487,44408.59,51146.809
300755.SZ,20240812,13.58,13.83,13.53,13.7,13.84,-0.14,-1.0116,19263.0,26329.196
300756.SZ,20240812,12.68,12.78,12.33,12.4,12.93,-0.53,-4.099,20491.36,25579.947
300757.SZ,20240812,82.91,84.28,82.01,82.19,83.72,-1.53,-1.8275,29971.49,248139.526
300758.SZ,20240812,10.15,10.19,9.88,9.94,10.16,-0.22,-2.1654,67855.36,68021.467
300759.SZ,20240812,20.91,21.2,20.7,20.77,20.91,-0.14,-0.6695,101327.0,211921.514
300760.SZ,20240812,259.0,263.5,257.53,262.0,259.78,2.22,0.8546,23195.65,605636.596
300761.SZ,20240812,21.89,22.18,21.67,21.87,21.82,0.05,0.2291,28225.2,61867.718
300762.SZ,20240812,14.8,15.12,14.38,14.88,15.16,-0.28,-1.847,263768.0,388605.681
300763.SZ,20240812,63.46,63.78,61.08,61.97,62.48,-0.51,-0.8163,55371.01,343656.987
300765.SZ,20240812,23.7,24.17,23.37,23.46,23.62,-0.16,-0.6774,71928.11,170931.913
300766.SZ,20240812,9.05,9.06,8.84,8.91,9.05,-0.14,-1.547,58890.0,52625.646
300767.SZ,20240812,8.27,8.38,8.12,8.17,8.27,-0.1,-1.2092,27859.11,22890.753
300768.SZ,20240812,11.6,11.61,11.33,11.45,11.5,-0.05,-0.4348,23580.08,27029.207
300769.SZ,20240812,25.36,25.66,24.42,24.57,25.12,-0.55,-2.1895,68516.7,169610.541
300770.SZ,20240812,32.29,32.55,31.8,32.29,32.35,-0.06,-0.1855,8419.0,27100.69
300771.SZ,20240812,8.81,8.81,8.59,8.65,8.81,-0.16,-1.8161,50459.1,43792.175
300772.SZ,20240812,11.21,11.38,11.04,11.1,11.01,0.09,0.8174,154235.14,172181.565
300773.SZ,20240812,12.18,12.47,12.1,12.14,11.9,0.24,2.0168,140261.49,172542.51
300774.SZ,20240812,6.55,6.65,6.31,6.33,6.32,0.01,0.1582,31106.0,19899.431
300775.SZ,20240812,29.0,30.05,28.7,29.1,28.97,0.13,0.4487,83502.0,245234.163
300776.SZ,20240812,45.27,45.8,44.65,44.96,45.0,-0.04,-0.0889,18719.89,84174.56
300777.SZ,20240812,21.36,21.36,20.88,21.02,21.2,-0.18,-0.8491,23323.0,49041.735
300778.SZ,20240812,10.14,10.3,9.6,9.73,10.14,-0.41,-4.0434,65938.68,64936.077
300779.SZ,20240812,43.9,43.9,41.38,41.56,42.05,-0.49,-1.1653,31702.29,134174.233
300780.SZ,20240812,13.74,13.74,13.21,13.39,13.81,-0.42,-3.0413,60914.0,81434.482
300781.SZ,20240812,42.4,43.41,41.94,42.76,42.75,0.01,0.0234,37168.3,158820.355
300782.SZ,20240812,71.01,71.29,69.44,69.52,71.37,-1.85,-2.5921,43137.22,302335.636
300783.SZ,20240812,17.51,17.67,17.33,17.5,17.62,-0.12,-0.681,60208.0,105292.007
300784.SZ,20240812,52.43,53.35,51.45,53.14,52.85,0.29,0.5487,11541.84,60670.751
300785.SZ,20240812,15.78,15.78,15.38,15.51,15.77,-0.26,-1.6487,16428.0,25512.213
300786.SZ,20240812,10.34,10.5,10.18,10.38,10.08,0.3,2.9762,53230.8,55102.465
300787.SZ,20240812,10.5,10.59,10.28,10.44,10.49,-0.05,-0.4766,26229.36,27312.318
300788.SZ,20240812,23.51,24.09,23.07,23.6,23.51,0.09,0.3828,21025.0,49827.37
300789.SZ,20240812,12.4,12.53,12.22,12.31,12.41,-0.1,-0.8058,8654.5,10690.566
300790.SZ,20240812,12.74,12.85,12.56,12.61,12.8,-0.19,-1.4844,28756.5,36357.695
300791.SZ,20240812,23.88,25.0,23.68,24.61,23.51,1.1,4.6789,41599.0,101906.018
300792.SZ,20240812,14.91,14.94,14.5,14.79,14.95,-0.16,-1.0702,19132.0,28214.03
300793.SZ,20240812,11.42,11.88,11.4,11.7,11.56,0.14,1.2111,54557.0,63470.923
300795.SZ,20240812,15.15,15.24,14.87,14.95,15.14,-0.19,-1.255,9409.5,14133.796
300796.SZ,20240812,9.8,10.3,9.65,10.18,9.79,0.39,3.9837,148245.0,148336.413
300797.SZ,20240812,8.82,8.85,8.71,8.75,8.81,-0.06,-0.681,15276.0,13393.161
300798.SZ,20240812,5.56,5.59,5.33,5.35,5.55,-0.2,-3.6036,41439.0,22473.648
300800.SZ,20240812,10.12,10.5,9.81,10.42,9.73,0.69,7.0915,73771.67,75272.077
300801.SZ,20240812,14.07,14.16,13.93,13.96,14.0,-0.04,-0.2857,6795.99,9532.531
300802.SZ,20240812,13.88,13.9,13.68,13.71,13.9,-0.19,-1.3669,9344.96,12855.86
300803.SZ,20240812,36.98,37.46,36.6,37.1,37.26,-0.16,-0.4294,70922.01,262325.874
300804.SZ,20240812,21.04,21.16,20.8,20.91,21.03,-0.12,-0.5706,3325.0,6969.254
300805.SZ,20240812,6.9,6.9,6.7,6.76,7.01,-0.25,-3.5663,109946.0,74372.543
300806.SZ,20240812,9.6,9.61,9.27,9.34,9.75,-0.41,-4.2051,77764.0,73300.26
300807.SZ,20240812,27.89,29.0,26.86,28.15,27.91,0.24,0.8599,67696.0,188041.986
300808.SZ,20240812,16.12,16.32,15.91,16.04,16.18,-0.14,-0.8653,6749.0,10875.017
300809.SZ,20240812,21.06,21.88,20.77,21.6,21.2,0.4,1.8868,106273.83,227510.838
300810.SZ,20240812,16.06,16.42,15.81,16.04,16.13,-0.09,-0.558,19128.0,30783.118
300811.SZ,20240812,37.8,38.19,37.44,37.63,37.94,-0.31,-0.8171,12027.48,45343.485
300812.SZ,20240812,18.05,18.28,17.5,17.6,18.6,-1.0,-5.3763,46667.0,83395.873
300813.SZ,20240812,16.5,17.57,16.46,17.2,16.61,0.59,3.5521,27502.5,47227.114
300814.SZ,20240812,23.2,23.58,23.0,23.23,23.54,-0.31,-1.3169,18337.0,42618.205
300815.SZ,20240812,12.19,12.31,12.03,12.07,11.95,0.12,1.0042,38137.6,46323.884
300816.SZ,20240812,18.26,18.37,18.07,18.26,18.29,-0.03,-0.164,6197.0,11295.11
300817.SZ,20240812,9.31,9.43,9.14,9.31,9.34,-0.03,-0.3212,23327.25,21722.222
300818.SZ,20240812,21.46,21.71,21.03,21.2,21.46,-0.26,-1.2116,8993.9,19096.876
300819.SZ,20240812,10.85,10.9,10.64,10.76,10.81,-0.05,-0.4625,8949.5,9647.293
300820.SZ,20240812,40.4,40.6,39.42,39.93,39.87,0.06,0.1505,12917.24,51555.69
300821.SZ,20240812,6.62,6.69,6.54,6.57,6.64,-0.07,-1.0542,30650.0,20262.621
300822.SZ,20240812,9.85,9.92,9.67,9.75,9.9,-0.15,-1.5152,34435.2,33675.08
300823.SZ,20240812,11.23,11.4,11.15,11.19,11.33,-0.14,-1.2357,14281.6,16028.312
300824.SZ,20240812,7.65,7.73,7.52,7.63,7.71,-0.08,-1.0376,43193.5,32911.289
300825.SZ,20240812,9.5,9.5,9.23,9.32,9.51,-0.19,-1.9979,78273.5,72961.338
300826.SZ,20240812,12.19,12.38,11.84,11.94,12.25,-0.31,-2.5306,54375.0,65288.692
300827.SZ,20240812,31.88,32.56,30.2,31.12,31.15,-0.03,-0.0963,140682.2,442082.096
300828.SZ,20240812,11.22,12.38,11.0,11.82,11.37,0.45,3.9578,86183.0,100164.337
300829.SZ,20240812,13.8,13.89,13.59,13.7,13.82,-0.12,-0.8683,9712.1,13337.286
300830.SZ,20240812,5.54,5.58,5.43,5.47,5.54,-0.07,-1.2635,33978.0,18663.391
300831.SZ,20240812,10.44,10.52,10.19,10.25,10.53,-0.28,-2.6591,25317.0,26189.687
300832.SZ,20240812,64.7,66.16,64.34,65.13,64.8,0.33,0.5093,11758.11,76856.322
300833.SZ,20240812,39.02,39.62,38.8,39.28,39.28,0.0,0.0,3765.21,14775.1
300834.SZ,20240812,17.78,18.5,17.78,18.5,17.87,0.63,3.5255,17472.7,31876.169
300835.SZ,20240812,22.91,23.03,22.58,22.69,22.97,-0.28,-1.219,14286.5,32536.798
300836.SZ,20240812,38.0,38.8,36.5,37.2,37.48,-0.28,-0.7471,8225.0,30687.849
300837.SZ,20240812,19.56,19.8,19.45,19.58,19.53,0.05,0.256,4735.0,9288.736
300838.SZ,20240812,10.05,10.14,9.96,10.01,10.04,-0.03,-0.2988,7910.0,7932.777
300839.SZ,20240812,6.42,6.6,6.12,6.59,7.15,-0.56,-7.8322,219470.1,139620.206
300840.SZ,20240812,8.47,8.57,8.37,8.43,8.52,-0.09,-1.0563,68806.0,58225.01
300841.SZ,20240812,51.58,53.18,51.44,52.46,51.65,0.81,1.5682,15004.56,78717.658
300842.SZ,20240812,36.04,36.68,35.33,35.52,35.71,-0.19,-0.5321,25518.23,91549.757
300843.SZ,20240812,26.21,26.3,25.0,25.21,26.66,-1.45,-5.4389,74386.16,189719.61
300844.SZ,20240812,26.34,27.13,25.21,25.54,26.49,-0.95,-3.5863,21934.41,56636.569
300845.SZ,20240812,10.16,10.17,9.92,10.03,10.15,-0.12,-1.1823,23554.16,23627.171
300846.SZ,20240812,9.16,9.24,8.99,9.05,9.17,-0.12,-1.3086,50238.44,45522.649
300847.SZ,20240812,13.89,13.94,13.63,13.93,13.85,0.08,0.5776,22671.38,31313.053
300848.SZ,20240812,13.92,14.59,13.76,14.23,13.92,0.31,2.227,13682.05,19526.261
300849.SZ,20240812,13.68,13.7,12.81,13.44,13.63,-0.19,-1.394,43084.5,57018.219
300850.SZ,20240812,17.36,17.87,16.7,16.83,16.72,0.11,0.6579,193670.87,335013.316
300851.SZ,20240812,23.3,23.82,22.82,23.67,23.3,0.37,1.588,20978.92,49007.213
300852.SZ,20240812,22.33,22.69,22.12,22.41,22.53,-0.12,-0.5326,10618.6,23809.691
300853.SZ,20240812,12.23,12.27,12.03,12.05,12.19,-0.14,-1.1485,9481.0,11481.589
300854.SZ,20240812,12.23,12.23,11.51,11.58,10.19,1.39,13.6408,184570.08,222959.681
300855.SZ,20240812,24.22,24.26,23.55,23.73,24.26,-0.53,-2.1847,24542.7,58340.196
300856.SZ,20240812,32.39,32.67,31.6,31.85,32.29,-0.44,-1.3627,31595.0,101257.468
300857.SZ,20240812,55.58,56.8,54.78,55.08,55.6,-0.52,-0.9353,88274.63,491076.708
300858.SZ,20240812,13.8,13.94,13.73,13.79,13.8,-0.01,-0.0725,4921.5,6806.292
300859.SZ,20240812,26.82,26.82,25.68,26.07,26.88,-0.81,-3.0134,58268.0,151411.776
300860.SZ,20240812,20.98,21.1,20.6,20.82,21.1,-0.28,-1.327,11107.78,23124.793
300861.SZ,20240812,18.95,19.03,18.72,18.89,18.84,0.05,0.2654,11183.0,21083.791
300862.SZ,20240812,21.18,21.86,21.02,21.28,21.2,0.08,0.3774,16617.4,35686.284
300863.SZ,20240812,36.9,36.9,36.2,36.58,36.79,-0.21,-0.5708,5422.3,19804.56
300864.SZ,20240812,19.56,20.33,19.56,20.19,19.22,0.97,5.0468,15989.4,31953.282
300865.SZ,20240812,14.36,14.49,14.08,14.3,14.38,-0.08,-0.5563,8741.0,12448.082
300866.SZ,20240812,54.01,55.32,53.27,53.92,54.4,-0.48,-0.8824,38314.45,207400.923
300867.SZ,20240812,11.18,11.43,10.83,10.85,10.73,0.12,1.1184,47188.76,52044.06
300868.SZ,20240812,16.96,17.22,16.76,16.95,17.08,-0.13,-0.7611,30803.0,52254.12
300869.SZ,20240812,13.09,13.52,13.09,13.37,13.13,0.24,1.8279,39864.59,53353.91
300870.SZ,20240812,35.8,36.11,35.35,35.73,35.91,-0.18,-0.5013,8571.05,30604.853
300871.SZ,20240812,9.17,9.47,9.13,9.23,9.17,0.06,0.6543,14292.0,13212.575
300872.SZ,20240812,11.56,11.67,11.31,11.57,11.52,0.05,0.434,36789.46,42350.156
300873.SZ,20240812,14.32,14.38,14.11,14.18,14.38,-0.2,-1.3908,13172.0,18697.026
300875.SZ,20240812,19.41,22.99,19.39,22.99,19.16,3.83,19.9896,111570.46,233790.985
300876.SZ,20240812,15.21,15.64,14.98,15.06,15.25,-0.19,-1.2459,4560.0,6884.82
300877.SZ,20240812,10.41,10.5,10.24,10.4,10.43,-0.03,-0.2876,7796.5,8090.534
300878.SZ,20240812,15.6,16.4,15.59,16.05,15.75,0.3,1.9048,42480.0,68562.859
300879.SZ,20240812,13.0,13.18,12.89,13.0,13.11,-0.11,-0.8391,18424.87,24012.35
300880.SZ,20240812,16.72,17.72,16.6,17.37,16.4,0.97,5.9146,105845.63,180364.469
300881.SZ,20240812,22.89,23.44,22.81,23.0,22.82,0.18,0.7888,10104.0,23381.877
300882.SZ,20240812,13.61,13.87,13.43,13.52,13.61,-0.09,-0.6613,39599.33,53952.95
300883.SZ,20240812,4.23,4.29,4.19,4.25,4.23,0.02,0.4728,36807.0,15621.323
300884.SZ,20240812,8.42,8.42,8.22,8.29,8.45,-0.16,-1.8935,28600.0,23763.174
300885.SZ,20240812,8.04,8.22,7.87,8.2,7.96,0.24,3.0151,64890.75,52577.578
300886.SZ,20240812,17.01,17.1,16.65,17.0,17.19,-0.19,-1.1053,16366.29,27617.497
300887.SZ,20240812,6.86,7.22,6.82,7.0,6.8,0.2,2.9412,148618.65,103834.819
300888.SZ,20240812,26.08,26.47,25.9,26.08,26.01,0.07,0.2691,16069.47,42113.533
300889.SZ,20240812,10.58,10.67,10.37,10.44,10.56,-0.12,-1.1364,29776.0,31260.545
300890.SZ,20240812,23.86,24.15,23.47,23.55,23.56,-0.01,-0.0424,25806.0,61311.719
300891.SZ,20240812,7.17,7.24,7.08,7.12,7.21,-0.09,-1.2483,20701.02,14818.44
300892.SZ,20240812,16.82,16.95,16.1,16.44,16.75,-0.31,-1.8507,30908.28,50819.882
300893.SZ,20240812,25.66,25.88,25.51,25.63,25.83,-0.2,-0.7743,4039.89,10376.935
300894.SZ,20240812,13.08,13.3,12.63,12.7,13.15,-0.45,-3.4221,102696.59,131872.739
300895.SZ,20240812,24.8,24.8,24.01,24.17,24.74,-0.57,-2.304,11521.23,28070.503
300896.SZ,20240812,170.2,171.59,169.02,169.37,171.02,-1.65,-0.9648,11031.73,187707.219
300897.SZ,20240812,17.0,17.16,16.8,17.07,17.04,0.03,0.1761,3524.48,5995.656
300898.SZ,20240812,16.97,17.14,16.71,16.86,17.01,-0.15,-0.8818,18043.0,30484.621
300899.SZ,20240812,19.2,19.43,18.66,18.78,18.76,0.02,0.1066,24480.0,46821.215
300900.SZ,20240812,17.58,17.6,16.73,16.88,17.41,-0.53,-3.0442,83832.41,142197.735
300901.SZ,20240812,9.6,9.67,9.09,9.38,9.52,-0.14,-1.4706,63163.0,59231.201
300902.SZ,20240812,17.23,17.45,16.88,17.22,17.39,-0.17,-0.9776,13924.6,23854.441
300903.SZ,20240812,6.42,6.51,6.33,6.39,6.49,-0.1,-1.5408,83040.23,53160.572
300904.SZ,20240812,39.61,40.8,39.36,39.45,39.35,0.1,0.2541,9016.24,36047.102
300905.SZ,20240812,22.77,23.16,22.65,22.81,22.88,-0.07,-0.3059,21768.0,49685.583
300906.SZ,20240812,20.13,20.35,19.86,20.23,20.18,0.05,0.2478,6651.0,13389.403
300907.SZ,20240812,16.5,16.65,16.36,16.47,16.55,-0.08,-0.4834,7783.0,12848.687
300908.SZ,20240812,24.8,25.26,24.7,24.99,24.92,0.07,0.2809,5849.59,14636.517
300909.SZ,20240812,18.26,18.45,17.94,18.08,18.31,-0.23,-1.2561,17314.0,31496.382
300910.SZ,20240812,40.4,41.08,40.05,40.91,40.6,0.31,0.7635,9623.61,39101.202
300911.SZ,20240812,21.56,21.81,21.41,21.6,21.74,-0.14,-0.644,4637.7,10021.049
300912.SZ,20240812,9.7,9.81,9.49,9.57,9.69,-0.12,-1.2384,19878.44,19115.453
300913.SZ,20240812,28.19,28.44,27.79,27.94,28.18,-0.24,-0.8517,22915.37,64263.236
300915.SZ,20240812,26.75,26.84,26.01,26.39,26.75,-0.36,-1.3458,2562.0,6799.281
300916.SZ,20240812,22.64,22.75,22.0,22.47,22.29,0.18,0.8075,12953.39,29086.0
300917.SZ,20240812,34.98,36.24,34.14,34.6,36.48,-1.88,-5.1535,180298.59,628785.324
300918.SZ,20240812,7.99,8.01,7.86,7.87,7.97,-0.1,-1.2547,27390.0,21712.494
300919.SZ,20240812,28.54,28.78,27.98,28.06,28.58,-0.52,-1.8195,40959.09,115864.236
300920.SZ,20240812,14.03,14.13,13.81,13.97,14.05,-0.08,-0.5694,8001.0,11163.443
300921.SZ,20240812,18.25,18.88,17.51,18.8,18.11,0.69,3.81,81189.04,148908.89
300922.SZ,20240812,12.96,13.04,12.62,12.88,13.06,-0.18,-1.3783,33045.6,42373.143
300923.SZ,20240812,19.35,19.63,18.89,19.21,19.35,-0.14,-0.7235,31460.57,60445.883
300925.SZ,20240812,9.32,9.39,9.16,9.24,9.42,-0.18,-1.9108,54713.63,50565.433
300926.SZ,20240812,17.6,17.84,17.5,17.7,17.66,0.04,0.2265,13089.04,23165.163
300927.SZ,20240812,15.54,15.54,14.96,15.12,15.64,-0.52,-3.3248,52902.06,80310.49
300928.SZ,20240812,30.4,30.83,29.88,30.29,30.69,-0.4,-1.3034,7931.0,24062.391
300929.SZ,20240812,7.54,7.72,7.22,7.24,7.27,-0.03,-0.4127,34244.06,25258.356
300930.SZ,20240812,21.55,21.9,20.92,21.2,21.39,-0.19,-0.8883,14399.0,30493.073
300931.SZ,20240812,5.42,5.42,5.32,5.35,5.42,-0.07,-1.2915,32657.0,17521.368
300932.SZ,20240812,9.93,10.2,9.54,9.6,9.91,-0.31,-3.1282,69825.32,67968.27
300933.SZ,20240812,5.61,5.7,5.47,5.53,5.62,-0.09,-1.6014,61903.0,34494.171
300935.SZ,20240812,16.08,16.18,15.61,15.93,16.28,-0.35,-2.1499,20626.0,32746.777
300936.SZ,20240812,32.5,33.27,31.95,32.46,32.87,-0.41,-1.2473,15522.25,50468.944
300937.SZ,20240812,20.58,21.29,20.48,20.88,20.58,0.3,1.4577,25202.36,52762.765
300938.SZ,20240812,18.19,18.58,18.06,18.34,18.21,0.13,0.7139,15138.26,27783.921
300939.SZ,20240812,29.53,29.53,27.86,28.1,29.64,-1.54,-5.1957,31325.5,89332.247
300940.SZ,20240812,11.8,11.84,11.43,11.51,11.8,-0.29,-2.4576,11785.6,13679.269
300941.SZ,20240812,14.86,14.86,14.47,14.64,15.03,-0.39,-2.5948,25675.6,37611.136
300942.SZ,20240812,6.66,6.9,6.63,6.76,6.54,0.22,3.3639,119712.6,81333.146
300943.SZ,20240812,11.26,11.68,10.96,11.16,11.51,-0.35,-3.0408,116736.33,130687.899
300945.SZ,20240812,8.76,9.08,8.51,8.87,8.91,-0.04,-0.4489,125515.99,109607.744
300946.SZ,20240812,24.09,24.09,23.46,23.57,24.2,-0.63,-2.6033,10590.66,25071.544
300947.SZ,20240812,15.2,15.25,14.09,14.14,15.58,-1.44,-9.2426,138384.25,201384.875
300948.SZ,20240812,8.91,9.12,8.69,8.77,8.69,0.08,0.9206,39114.03,34788.028
300949.SZ,20240812,30.0,30.09,28.21,28.42,29.33,-0.91,-3.1026,9639.6,27662.874
300950.SZ,20240812,13.48,13.7,12.93,13.12,13.11,0.01,0.0763,38167.76,50582.425
300951.SZ,20240812,26.83,27.15,26.13,26.38,27.05,-0.67,-2.4769,19815.1,52618.36
300952.SZ,20240812,17.45,17.47,17.16,17.35,17.3,0.05,0.289,6301.93,10912.734
300953.SZ,20240812,48.05,48.36,47.7,47.94,48.17,-0.23,-0.4775,4748.0,22765.231
300955.SZ,20240812,12.1,12.3,12.07,12.17,12.23,-0.06,-0.4906,5908.0,7199.523
300956.SZ,20240812,16.73,16.97,16.21,16.31,16.57,-0.26,-1.5691,82004.05,134990.786
300957.SZ,20240812,45.58,46.25,45.3,45.87,45.97,-0.1,-0.2175,11861.56,54256.907
300958.SZ,20240812,10.49,10.69,10.13,10.23,10.07,0.16,1.5889,48618.57,50234.518
300959.SZ,20240812,23.2,23.51,22.98,23.17,23.4,-0.23,-0.9829,5173.0,11984.97
300960.SZ,20240812,19.6,20.15,18.55,19.66,19.28,0.38,1.971,64009.0,123982.218
300961.SZ,20240812,8.38,8.58,8.13,8.2,8.13,0.07,0.861,47428.36,39526.291
300962.SZ,20240812,13.8,14.09,13.62,13.92,13.82,0.1,0.7236,17024.0,23677.933
300963.SZ,20240812,8.05,8.24,7.89,8.17,8.39,-0.22,-2.6222,194454.47,156487.149
300964.SZ,20240812,33.28,33.55,32.21,32.75,33.54,-0.79,-2.3554,22772.0,74601.161
300965.SZ,20240812,27.32,27.32,26.43,26.6,27.41,-0.81,-2.9551,2999.06,8031.072
300966.SZ,20240812,16.31,16.94,16.26,16.67,16.31,0.36,2.2072,30105.0,50158.794
300967.SZ,20240812,10.02,10.43,9.92,10.05,10.09,-0.04,-0.3964,59032.0,59945.991
300968.SZ,20240812,8.01,8.3,7.84,7.9,8.01,-0.11,-1.3733,69925.0,56331.488
300969.SZ,20240812,64.52,64.97,63.52,64.18,64.55,-0.37,-0.5732,4353.0,27923.485
300970.SZ,20240812,11.38,11.57,11.23,11.45,11.46,-0.01,-0.0873,22924.0,26217.168
300971.SZ,20240812,18.71,18.71,17.79,18.11,18.84,-0.73,-3.8747,46805.0,84269.767
300972.SZ,20240812,20.2,20.73,19.93,20.52,20.3,0.22,1.0837,16897.9,34441.174
300973.SZ,20240812,26.3,26.52,25.7,25.9,26.55,-0.65,-2.4482,29295.3,76407.264
300975.SZ,20240812,8.33,8.37,7.95,7.97,8.39,-0.42,-5.006,279388.11,224841.801
300976.SZ,20240812,44.8,45.6,44.04,44.95,44.83,0.12,0.2677,9792.0,44007.551
300977.SZ,20240812,16.81,17.17,15.77,15.94,16.65,-0.71,-4.2643,93262.81,152816.142
300978.SZ,20240812,9.28,9.51,9.26,9.33,9.51,-0.18,-1.8927,53189.0,49613.728
300979.SZ,20240812,59.54,60.68,59.0,60.47,59.44,1.03,1.7328,12226.87,73629.245
300980.SZ,20240812,14.93,15.37,14.72,14.76,15.08,-0.32,-2.122,10191.0,15270.072
300981.SZ,20240812,9.89,10.32,9.67,9.93,10.12,-0.19,-1.8775,118391.23,118460.709
300982.SZ,20240812,16.71,17.29,16.53,16.61,16.65,-0.04,-0.2402,19493.4,32733.233
300983.SZ,20240812,15.4,15.48,15.15,15.27,15.4,-0.13,-0.8442,5102.47,7807.676
300984.SZ,20240812,19.03,19.12,18.76,18.99,19.04,-0.05,-0.2626,1967.0,3729.634
300985.SZ,20240812,14.82,16.55,14.53,15.5,14.65,0.85,5.802,66122.85,102688.383
300986.SZ,20240812,7.18,7.3,7.0,7.02,7.17,-0.15,-2.0921,17652.6,12488.573
300987.SZ,20240812,11.87,11.98,11.7,11.81,11.91,-0.1,-0.8396,12646.8,14969.503
300988.SZ,20240812,17.0,17.3,16.69,16.98,17.0,-0.02,-0.1176,18642.0,31701.719
300989.SZ,20240812,12.45,12.77,11.93,12.03,12.85,-0.82,-6.3813,87621.3,107146.189
300990.SZ,20240812,26.15,26.39,25.9,26.09,26.28,-0.19,-0.723,8725.24,22794.382
300991.SZ,20240812,15.69,15.69,14.16,14.25,16.22,-1.97,-12.1455,138251.08,202946.396
300992.SZ,20240812,16.3,16.3,15.66,15.92,15.87,0.05,0.3151,7146.0,11343.37
300993.SZ,20240812,8.3,8.43,8.23,8.35,8.35,0.0,0.0,27034.28,22537.552
300994.SZ,20240812,9.28,9.5,9.12,9.23,9.29,-0.06,-0.6459,14234.4,13189.005
300995.SZ,20240812,14.6,14.64,14.3,14.5,14.64,-0.14,-0.9563,8638.0,12475.494
300996.SZ,20240812,14.63,15.13,14.49,14.96,14.69,0.27,1.838,45668.43,67955.563
300997.SZ,20240812,11.32,11.5,11.26,11.3,11.36,-0.06,-0.5282,15803.55,17952.852
300998.SZ,20240812,14.45,14.49,13.16,13.38,14.43,-1.05,-7.2765,50612.0,68351.305
300999.SZ,20240812,27.13,27.33,26.88,27.01,27.13,-0.12,-0.4423,42374.0,114822.645
301000.SZ,20240812,13.1,13.19,12.89,13.04,13.16,-0.12,-0.9119,21348.8,27836.873
301001.SZ,20240812,19.05,19.45,18.3,18.53,19.15,-0.62,-3.2376,30545.24,57408.213
301002.SZ,20240812,14.49,14.86,13.88,14.79,15.43,-0.64,-4.1478,20741.78,30114.179
301003.SZ,20240812,19.62,19.89,19.23,19.89,19.6,0.29,1.4796,8753.5,17037.171
301004.SZ,20240812,80.61,81.39,79.94,80.44,80.61,-0.17,-0.2109,2237.0,18045.672
301005.SZ,20240812,24.95,25.19,24.48,24.99,25.2,-0.21,-0.8333,27715.62,68890.219
301006.SZ,20240812,10.76,10.83,10.61,10.69,10.75,-0.06,-0.5581,4719.0,5056.776
301007.SZ,20240812,11.97,12.08,11.68,11.82,11.97,-0.15,-1.2531,45772.15,54048.935
301008.SZ,20240812,17.09,17.29,16.9,17.19,17.21,-0.02,-0.1162,10675.0,18273.441
301009.SZ,20240812,7.55,7.72,7.5,7.63,7.6,0.03,0.3947,17473.34,13327.832
301010.SZ,20240812,11.58,13.5,11.26,12.36,11.25,1.11,9.8667,84754.18,103224.945
301011.SZ,20240812,13.44,13.73,13.35,13.5,13.61,-0.11,-0.8082,10675.69,14461.714
301012.SZ,20240812,20.15,20.55,19.94,20.03,20.15,-0.12,-0.5955,25265.2,50928.797
301013.SZ,20240812,9.49,9.62,9.2,9.23,9.51,-0.28,-2.9443,48195.99,45131.501
301015.SZ,20240812,22.95,23.78,22.77,23.38,22.89,0.49,2.1407,26088.62,61074.343
301016.SZ,20240812,19.33,20.95,18.58,19.8,18.95,0.85,4.4855,165935.38,330241.769
301017.SZ,20240812,10.2,10.39,9.97,10.18,10.22,-0.04,-0.3914,37307.86,38086.695
301018.SZ,20240812,19.0,19.14,18.53,18.66,18.66,0.0,0.0,17520.01,32929.541
301019.SZ,20240812,13.03,13.07,12.88,13.0,13.05,-0.05,-0.3831,3452.83,4474.467
301020.SZ,20240812,15.76,16.5,15.76,16.19,16.19,0.0,0.0,13884.0,22538.423
301021.SZ,20240812,16.52,16.68,15.96,16.08,16.68,-0.6,-3.5971,44736.5,72418.865
301022.SZ,20240812,18.74,18.88,18.29,18.45,18.71,-0.26,-1.3896,7867.6,14542.28
301023.SZ,20240812,30.11,30.5,29.8,29.92,30.03,-0.11,-0.3663,3444.0,10357.11
301024.SZ,20240812,22.75,23.8,20.86,21.0,22.7,-1.7,-7.489,23581.0,51397.515
301025.SZ,20240812,8.4,8.51,8.26,8.41,8.4,0.01,0.119,39589.0,33243.365
301026.SZ,20240812,22.9,23.21,22.52,22.68,23.02,-0.34,-1.477,10765.0,24503.084
301027.SZ,20240812,7.5,7.71,7.39,7.44,7.53,-0.09,-1.1952,38532.0,28847.799
301028.SZ,20240812,8.43,8.43,8.23,8.3,8.42,-0.12,-1.4252,16785.0,13935.356
301029.SZ,20240812,18.99,18.99,18.15,18.35,18.96,-0.61,-3.2173,54649.8,100581.772
301030.SZ,20240812,24.46,25.91,24.28,24.8,23.97,0.83,3.4627,185867.79,465879.113
301031.SZ,20240812,73.0,73.64,71.51,71.95,72.6,-0.65,-0.8953,4779.71,34672.19
301032.SZ,20240812,6.46,6.46,6.31,6.39,6.44,-0.05,-0.7764,24398.0,15589.621
301033.SZ,20240812,37.32,39.33,36.88,38.8,38.11,0.69,1.8105,8539.76,32575.384
301035.SZ,20240812,39.25,39.39,38.67,39.01,39.3,-0.29,-0.7379,8240.0,32127.511
301036.SZ,20240812,28.27,30.08,28.26,28.73,29.48,-0.75,-2.5441,86726.21,252225.728
301037.SZ,20240812,8.89,9.03,8.81,8.9,8.93,-0.03,-0.3359,12516.8,11134.242
301038.SZ,20240812,13.79,13.99,13.25,13.3,13.7,-0.4,-2.9197,30577.7,41435.551
301039.SZ,20240812,8.25,8.25,8.08,8.14,8.2,-0.06,-0.7317,78191.0,63631.182
301040.SZ,20240812,10.5,11.76,10.26,10.54,10.01,0.53,5.2947,83593.66,90342.2
301041.SZ,20240812,20.67,20.8,20.25,20.45,20.67,-0.22,-1.0643,16356.0,33563.678
301042.SZ,20240812,29.77,29.84,29.15,29.19,29.82,-0.63,-2.1127,4945.0,14567.319
301043.SZ,20240812,22.98,23.71,22.72,23.58,23.32,0.26,1.1149,5954.0,13964.644
301045.SZ,20240812,15.79,15.93,15.52,15.6,15.77,-0.17,-1.078,12497.97,19625.528
301046.SZ,20240812,18.87,19.11,18.32,18.49,18.61,-0.12,-0.6448,9963.0,18650.697
301047.SZ,20240812,63.3,64.45,63.02,63.2,64.0,-0.8,-1.25,5972.8,37940.721
301048.SZ,20240812,8.38,8.38,8.1,8.12,8.28,-0.16,-1.9324,25681.0,21088.684
301049.SZ,20240812,21.38,21.97,20.2,20.54,20.05,0.49,2.4439,62975.0,131896.178
301050.SZ,20240812,45.57,45.71,44.7,45.21,45.79,-0.58,-1.2667,24470.56,110388.783
301051.SZ,20240812,23.18,24.43,22.8,22.9,23.94,-1.04,-4.3442,24736.49,57823.102
301052.SZ,20240812,19.08,19.45,18.62,19.02,19.26,-0.24,-1.2461,31816.15,60464.266
301053.SZ,20240812,22.9,25.49,22.52,24.46,23.0,1.46,6.3478,54308.65,129931.271
301055.SZ,20240812,12.59,12.59,12.19,12.4,12.59,-0.19,-1.5091,11974.56,14778.886
301056.SZ,20240812,7.38,7.38,7.21,7.25,7.33,-0.08,-1.0914,15666.0,11385.089
301057.SZ,20240812,11.53,11.75,11.21,11.59,11.58,0.01,0.0864,32673.17,37666.429
301058.SZ,20240812,8.68,8.8,8.55,8.61,8.73,-0.12,-1.3746,38063.0,33029.853
301059.SZ,20240812,8.53,8.76,8.53,8.67,8.61,0.06,0.6969,7447.5,6457.853
301060.SZ,20240812,8.12,9.62,8.05,9.62,8.02,1.6,19.9501,195765.34,183334.213
301061.SZ,20240812,44.23,44.75,43.2,43.32,43.88,-0.56,-1.2762,6455.4,28425.73
301062.SZ,20240812,10.7,10.89,10.65,10.79,10.72,0.07,0.653,22128.0,23818.079
301063.SZ,20240812,15.05,15.3,14.6,14.64,14.61,0.03,0.2053,40433.0,60029.887
301065.SZ,20240812,19.26,20.01,18.33,19.46,19.27,0.19,0.986,65198.59,126024.008
301066.SZ,20240812,8.25,8.33,8.1,8.19,8.27,-0.08,-0.9674,17517.4,14340.872
301067.SZ,20240812,19.85,19.89,19.21,19.41,19.95,-0.54,-2.7068,25438.0,49530.671
301068.SZ,20240812,18.6,21.0,18.56,19.61,18.11,1.5,8.2827,13940.81,26891.741
301069.SZ,20240812,11.88,11.99,11.74,11.8,11.95,-0.15,-1.2552,15416.65,18267.59
301070.SZ,20240812,37.83,37.88,35.38,35.99,38.31,-2.32,-6.0559,13732.0,50000.744
301071.SZ,20240812,24.65,24.87,24.32,24.64,24.82,-0.18,-0.7252,13991.6,34377.412
301072.SZ,20240812,18.19,18.22,17.52,17.65,18.02,-0.37,-2.0533,12036.0,21365.453
301073.SZ,20240812,17.7,17.73,17.03,17.12,17.88,-0.76,-4.2506,68530.6,118462.97
301075.SZ,20240812,20.23,23.0,19.54,22.2,19.82,2.38,12.0081,87249.1,185757.087
301076.SZ,20240812,16.98,17.75,16.6,16.81,17.52,-0.71,-4.0525,37354.89,63047.815
301077.SZ,20240812,16.6,17.06,16.5,16.83,16.6,0.23,1.3855,11484.0,19262.431
301078.SZ,20240812,5.37,5.39,5.29,5.33,5.39,-0.06,-1.1132,101011.0,53853.154
301079.SZ,20240812,15.75,15.8,14.68,15.1,16.01,-0.91,-5.6839,118765.64,178675.166
301080.SZ,20240812,36.61,37.2,36.37,36.56,36.58,-0.02,-0.0547,12894.5,47335.892
301081.SZ,20240812,7.4,7.58,7.15,7.24,7.16,0.08,1.1173,45595.62,33237.595
301082.SZ,20240812,9.02,9.18,8.78,8.82,9.02,-0.2,-2.2173,37351.4,33332.517
301083.SZ,20240812,13.08,13.24,12.86,13.14,13.08,0.06,0.4587,19786.0,25886.855
301085.SZ,20240812,38.76,38.97,37.4,37.77,38.76,-0.99,-2.5542,8840.0,33662.789
301086.SZ,20240812,39.01,40.0,38.95,39.82,39.48,0.34,0.8612,16428.0,65148.36
301087.SZ,20240812,31.19,32.18,31.19,31.85,31.42,0.43,1.3686,7651.0,24378.89
301088.SZ,20240812,10.59,10.65,10.5,10.58,10.6,-0.02,-0.1887,4687.0,4950.038
301089.SZ,20240812,32.18,34.68,32.01,34.15,31.5,2.65,8.4127,96889.18,326554.276
301090.SZ,20240812,6.01,6.08,5.98,6.0,6.04,-0.04,-0.6623,38926.99,23481.676
301091.SZ,20240812,28.7,28.97,27.76,28.55,28.98,-0.43,-1.4838,189512.73,536738.981
301092.SZ,20240812,20.93,22.21,20.93,21.44,21.04,0.4,1.9011,14408.44,30750.298
301093.SZ,20240812,19.1,19.29,18.86,19.16,18.9,0.26,1.3757,6269.06,11994.124
301095.SZ,20240812,40.99,41.01,39.99,40.25,41.01,-0.76,-1.8532,17222.1,69508.096
301096.SZ,20240812,42.89,44.23,42.58,43.5,42.73,0.77,1.802,20154.0,87651.498
301097.SZ,20240812,33.86,35.33,33.86,35.0,34.55,0.45,1.3025,2758.0,9557.473
301098.SZ,20240812,7.51,7.55,7.39,7.43,7.46,-0.03,-0.4021,12793.0,9509.809
301099.SZ,20240812,34.43,34.51,33.13,33.32,34.86,-1.54,-4.4177,35353.27,119028.708
301100.SZ,20240812,13.11,13.28,12.9,13.02,13.06,-0.04,-0.3063,14620.0,19088.095
301101.SZ,20240812,20.17,21.16,20.11,20.68,20.25,0.43,2.1235,26371.0,54615.968
301102.SZ,20240812,8.11,8.15,7.95,8.03,8.12,-0.09,-1.1084,23451.0,18848.535
301103.SZ,20240812,20.93,21.29,20.85,21.05,20.93,0.12,0.5733,6251.0,13181.375
301105.SZ,20240812,24.58,25.1,24.5,24.8,24.63,0.17,0.6902,4321.02,10735.958
301106.SZ,20240812,24.95,25.14,24.68,25.1,25.02,0.08,0.3197,7059.4,17586.537
301107.SZ,20240812,22.09,22.22,21.79,21.89,22.27,-0.38,-1.7063,5311.0,11628.676
301108.SZ,20240812,23.4,23.56,23.27,23.42,23.4,0.02,0.0855,1720.0,4023.504
301109.SZ,20240812,14.53,14.76,14.5,14.67,14.4,0.27,1.875,19141.5,27994.475
301110.SZ,20240812,27.02,27.02,26.25,26.35,26.68,-0.33,-1.2369,3040.36,8019.622
301111.SZ,20240812,15.15,16.3,15.15,16.09,15.3,0.79,5.1634,77579.23,124007.515
301112.SZ,20240812,21.58,21.76,21.08,21.46,21.53,-0.07,-0.3251,23183.0,49620.975
301113.SZ,20240812,19.56,19.86,19.31,19.66,19.59,0.07,0.3573,4806.16,9440.029
301115.SZ,20240812,12.38,12.5,12.31,12.35,12.35,0.0,0.0,7025.0,8703.087
301116.SZ,20240812,9.93,10.09,9.8,9.92,9.98,-0.06,-0.6012,21654.22,21561.325
301117.SZ,20240812,25.83,25.99,25.07,25.82,26.04,-0.22,-0.8449,37914.0,97163.098
301118.SZ,20240812,17.72,17.75,16.65,16.92,17.91,-0.99,-5.5276,50252.0,85879.74
301119.SZ,20240812,17.66,17.73,17.35,17.53,17.68,-0.15,-0.8484,9329.7,16341.471
301120.SZ,20240812,8.79,8.99,8.62,8.76,8.71,0.05,0.5741,40113.0,35318.744
301121.SZ,20240812,32.0,32.25,31.42,31.53,31.92,-0.39,-1.2218,4404.39,13962.953
301122.SZ,20240812,18.92,19.3,18.42,18.92,18.93,-0.01,-0.0528,31492.26,59264.826
301123.SZ,20240812,16.12,16.25,15.74,15.8,16.16,-0.36,-2.2277,29889.0,47508.721
301125.SZ,20240812,8.92,9.13,8.78,9.09,9.05,0.04,0.442,35518.84,31904.48
301126.SZ,20240812,9.78,9.79,9.5,9.54,9.63,-0.09,-0.9346,74959.48,72240.234
301127.SZ,20240812,8.06,8.18,7.91,7.97,7.9,0.07,0.8861,34604.17,27815.207
301128.SZ,20240812,38.72,40.8,38.72,39.8,37.89,1.91,5.0409,51712.0,205344.234
301129.SZ,20240812,19.06,19.18,18.02,18.29,18.94,-0.65,-3.4319,27005.6,49677.506
301130.SZ,20240812,24.76,26.71,24.68,25.6,25.76,-0.16,-0.6211,33002.61,85559.265
301131.SZ,20240812,32.03,32.48,31.61,31.8,32.48,-0.68,-2.0936,6470.0,20681.779
301132.SZ,20240812,24.44,24.98,24.0,24.36,24.48,-0.12,-0.4902,34445.11,84032.044
301133.SZ,20240812,21.3,21.39,20.72,20.98,21.25,-0.27,-1.2706,10736.0,22493.017
301135.SZ,20240812,18.12,18.28,17.8,17.92,18.1,-0.18,-0.9945,6276.28,11269.247
301136.SZ,20240812,15.44,15.77,13.7,14.07,15.0,-0.93,-6.2,344423.01,493015.934
301137.SZ,20240812,14.59,14.65,14.13,14.27,14.6,-0.33,-2.2603,29685.0,42638.753
301138.SZ,20240812,22.52,22.8,21.81,21.93,22.5,-0.57,-2.5333,8114.0,17824.118
301139.SZ,20240812,19.18,19.27,18.65,18.78,19.28,-0.5,-2.5934,23681.06,44680.493
301141.SZ,20240812,29.67,29.88,28.75,28.89,29.64,-0.75,-2.5304,15917.71,46415.586
301148.SZ,20240812,16.17,16.88,16.16,16.68,15.9,0.78,4.9057,25372.48,41945.15
301149.SZ,20240812,8.24,8.38,8.14,8.16,8.23,-0.07,-0.8505,18211.0,14915.785
301150.SZ,20240812,17.16,17.29,16.91,17.0,17.15,-0.15,-0.8746,8435.91,14388.872
301151.SZ,20240812,15.2,15.35,14.25,14.35,14.33,0.02,0.1396,54777.6,80070.189
301152.SZ,20240812,24.25,24.37,23.9,23.94,24.04,-0.1,-0.416,10475.09,25218.38
301153.SZ,20240812,18.53,18.66,18.13,18.34,18.54,-0.2,-1.0787,29452.87,54131.793
301155.SZ,20240812,39.69,40.4,38.55,38.58,38.8,-0.22,-0.567,20003.0,78630.865
301156.SZ,20240812,12.85,12.96,12.26,12.29,13.03,-0.74,-5.6792,41808.12,52216.711
301157.SZ,20240812,31.72,32.8,31.31,32.32,31.72,0.6,1.8916,5136.0,16404.448
301158.SZ,20240812,12.11,12.28,12.0,12.26,12.17,0.09,0.7395,15233.0,18506.534
301159.SZ,20240812,27.01,27.63,26.5,27.62,27.43,0.19,0.6927,18095.43,49057.426
301160.SZ,20240812,34.03,34.89,34.03,34.55,34.12,0.43,1.2603,6873.0,23773.977
301161.SZ,20240812,15.02,15.14,14.84,14.9,15.02,-0.12,-0.7989,7752.27,11614.658
301162.SZ,20240812,36.09,36.78,35.33,35.5,35.78,-0.28,-0.7826,10108.4,36249.826
301163.SZ,20240812,19.51,19.79,18.96,19.2,19.31,-0.11,-0.5697,12481.0,24024.985
301165.SZ,20240812,29.56,30.3,29.27,30.1,29.3,0.8,2.7304,37704.02,113087.88
301166.SZ,20240812,28.83,30.41,28.23,28.64,28.37,0.27,0.9517,28793.97,84428.529
301167.SZ,20240812,11.26,11.75,11.15,11.27,11.24,0.03,0.2669,28114.2,31897.452
301168.SZ,20240812,27.03,27.4,26.49,26.67,26.62,0.05,0.1878,16580.21,44368.658
301169.SZ,20240812,28.45,28.51,27.58,27.99,28.47,-0.48,-1.686,12853.0,35938.99
301170.SZ,20240812,21.21,21.28,20.88,20.99,21.21,-0.22,-1.0372,5894.31,12380.438
301171.SZ,20240812,12.96,13.03,12.71,12.81,12.95,-0.14,-1.0811,53438.0,68556.0
301172.SZ,20240812,24.34,24.39,23.65,23.75,24.33,-0.58,-2.3839,14059.57,33624.713
301175.SZ,20240812,4.77,4.88,4.62,4.65,4.59,0.06,1.3072,285683.0,134758.237
301176.SZ,20240812,17.74,18.2,17.4,17.98,17.86,0.12,0.6719,31710.0,56589.732
301177.SZ,20240812,18.87,18.88,18.32,18.45,18.64,-0.19,-1.0193,7288.0,13468.473
301178.SZ,20240812,20.31,20.51,19.56,19.95,20.51,-0.56,-2.7304,20923.0,41598.312
301179.SZ,20240812,15.69,15.97,15.35,15.43,15.67,-0.24,-1.5316,16930.71,26408.122
301180.SZ,20240812,12.61,12.79,12.3,12.38,12.61,-0.23,-1.8239,20858.0,25952.585
301181.SZ,20240812,18.9,19.15,18.63,19.04,18.98,0.06,0.3161,6462.0,12291.297
301182.SZ,20240812,18.65,19.06,17.66,17.8,18.67,-0.87,-4.6599,66472.22,119807.07
301183.SZ,20240812,35.53,35.81,34.71,35.11,35.83,-0.72,-2.0095,18769.0,66049.769
301185.SZ,20240812,13.47,13.55,13.11,13.29,13.44,-0.15,-1.1161,27921.01,37033.516
301186.SZ,20240812,30.02,30.02,29.51,29.77,30.0,-0.23,-0.7667,3972.0,11819.68
301187.SZ,20240812,18.39,18.63,18.24,18.42,18.48,-0.06,-0.3247,12629.0,23307.212
301188.SZ,20240812,13.39,14.02,13.3,13.77,13.5,0.27,2.0,37518.0,51332.945
301189.SZ,20240812,20.67,20.83,20.33,20.47,20.72,-0.25,-1.2066,9765.31,20050.692
301190.SZ,20240812,13.41,13.59,13.32,13.33,13.46,-0.13,-0.9658,2956.0,3957.264
301191.SZ,20240812,58.75,59.4,57.8,58.36,59.07,-0.71,-1.202,5065.5,29594.913
301192.SZ,20240812,15.5,16.58,15.5,16.02,15.55,0.47,3.0225,14366.04,22996.157
301193.SZ,20240812,14.25,14.33,14.01,14.18,14.2,-0.02,-0.1408,5942.23,8426.803
301195.SZ,20240812,27.82,28.18,27.51,28.0,27.98,0.02,0.0715,8383.99,23349.395
301196.SZ,20240812,27.09,27.35,27.03,27.08,27.26,-0.18,-0.6603,2046.26,5553.019
301197.SZ,20240812,12.51,12.66,12.33,12.45,12.56,-0.11,-0.8758,17927.07,22362.566
301198.SZ,20240812,7.89,8.0,7.85,7.97,7.94,0.03,0.3778,30305.0,24027.059
301199.SZ,20240812,23.62,24.0,23.19,23.57,23.78,-0.21,-0.8831,14745.0,34735.021
301200.SZ,20240812,29.74,29.97,29.52,29.68,29.72,-0.04,-0.1346,4172.18,12407.691
301201.SZ,20240812,18.8,19.8,18.8,19.45,18.93,0.52,2.747,22313.6,43399.735
301202.SZ,20240812,25.91,26.34,25.4,25.72,26.21,-0.49,-1.8695,13554.38,34956.776
301203.SZ,20240812,26.68,26.96,26.11,26.42,25.85,0.57,2.205,7548.54,20117.314
301205.SZ,20240812,51.9,52.44,51.1,51.81,52.3,-0.49,-0.9369,13290.55,68720.045
301206.SZ,20240812,25.25,25.47,25.02,25.18,25.38,-0.2,-0.788,4567.5,11538.757
301207.SZ,20240812,16.98,17.67,16.93,17.45,16.95,0.5,2.9499,46292.2,80676.572
301208.SZ,20240812,25.25,25.25,24.28,24.52,25.29,-0.77,-3.0447,20380.6,50140.089
301209.SZ,20240812,21.43,21.79,21.17,21.51,21.63,-0.12,-0.5548,15150.0,32651.252
301210.SZ,20240812,26.1,26.25,25.7,25.88,26.13,-0.25,-0.9568,3227.66,8379.392
301211.SZ,20240812,15.63,17.33,15.46,16.65,15.17,1.48,9.7561,146658.39,240854.435
301212.SZ,20240812,19.78,19.95,19.13,19.33,19.79,-0.46,-2.3244,14621.0,28385.349
301213.SZ,20240812,30.64,30.76,29.51,30.12,31.41,-1.29,-4.107,29461.5,88523.221
301215.SZ,20240812,5.37,5.39,5.2,5.24,5.39,-0.15,-2.7829,130221.0,68635.22
301216.SZ,20240812,11.29,11.3,11.21,11.22,11.25,-0.03,-0.2667,9517.69,10701.683
301217.SZ,20240812,9.53,9.62,9.3,9.36,9.53,-0.17,-1.7838,34082.0,31982.293
301218.SZ,20240812,19.5,19.59,19.0,19.36,19.59,-0.23,-1.1741,16143.5,31137.818
301219.SZ,20240812,36.24,36.4,35.97,36.05,36.22,-0.17,-0.4694,15286.58,55205.762
301220.SZ,20240812,25.5,26.58,25.09,25.77,25.77,0.0,0.0,31975.01,82632.921
301221.SZ,20240812,34.14,35.18,33.33,34.05,34.57,-0.52,-1.5042,15550.0,52969.226
301222.SZ,20240812,21.68,21.93,21.44,21.57,21.74,-0.17,-0.782,4909.0,10611.67
301223.SZ,20240812,15.05,15.15,14.91,15.14,15.03,0.11,0.7319,8477.54,12772.102
301225.SZ,20240812,24.61,25.1,24.28,24.64,24.61,0.03,0.1219,3380.0,8324.653
301226.SZ,20240812,20.13,20.28,19.72,19.78,19.98,-0.2,-1.001,28806.11,57289.331
301227.SZ,20240812,17.14,17.37,16.95,17.08,17.29,-0.21,-1.2146,8066.0,13791.316
301228.SZ,20240812,9.96,10.18,9.78,10.07,9.83,0.24,2.4415,42465.96,42298.101
301229.SZ,20240812,20.95,21.09,20.62,20.76,21.13,-0.37,-1.7511,7088.8,14741.443
301230.SZ,20240812,22.78,23.3,22.41,23.03,22.41,0.62,2.7666,42595.18,97554.667
301231.SZ,20240812,15.88,16.49,15.53,16.1,16.02,0.08,0.4994,38118.25,61194.224
301232.SZ,20240812,27.0,27.28,25.78,26.1,26.69,-0.59,-2.2106,37748.52,98913.204
301233.SZ,20240812,38.2,38.9,37.91,38.77,38.21,0.56,1.4656,15228.0,58534.997
301234.SZ,20240812,23.6,25.82,23.22,25.0,24.4,0.6,2.459,45982.57,112814.619
301235.SZ,20240812,18.1,18.64,18.1,18.44,18.23,0.21,1.1519,7935.57,14643.313
301236.SZ,20240812,30.89,31.01,30.45,30.68,30.96,-0.28,-0.9044,101574.95,311811.828
301237.SZ,20240812,21.9,22.2,21.67,21.74,21.9,-0.16,-0.7306,3723.0,8149.481
301238.SZ,20240812,13.21,13.35,13.05,13.12,13.22,-0.1,-0.7564,25301.0,33264.125
301239.SZ,20240812,37.78,38.18,37.3,37.5,37.81,-0.31,-0.8199,15945.98,60018.727
301246.SZ,20240812,12.86,13.07,12.77,12.8,12.88,-0.08,-0.6211,40837.62,52651.87
301248.SZ,20240812,13.83,13.84,13.35,13.49,13.95,-0.46,-3.2975,42222.5,57093.664
301251.SZ,20240812,29.6,29.96,28.95,29.53,29.8,-0.27,-0.906,24511.16,72141.159
301252.SZ,20240812,26.06,27.0,25.71,26.33,26.04,0.29,1.1137,17396.55,46109.891
301255.SZ,20240812,27.63,28.5,27.22,27.83,27.94,-0.11,-0.3937,7979.02,22190.609
301256.SZ,20240812,5.96,6.04,5.93,6.03,5.99,0.04,0.6678,17569.23,10531.752
301257.SZ,20240812,27.5,28.37,26.95,27.64,27.46,0.18,0.6555,12994.1,36123.508
301258.SZ,20240812,24.58,25.42,24.24,24.44,25.02,-0.58,-2.3181,34103.0,84458.066
301259.SZ,20240812,23.92,24.25,23.2,23.48,23.68,-0.2,-0.8446,14232.3,33527.74
301260.SZ,20240812,12.44,12.49,12.24,12.3,12.41,-0.11,-0.8864,15572.0,19201.165
301261.SZ,20240812,35.68,36.1,34.83,35.8,35.58,0.22,0.6183,8961.25,31890.704
301262.SZ,20240812,21.09,21.51,20.93,21.12,21.25,-0.13,-0.6118,12469.5,26415.569
301263.SZ,20240812,13.92,14.19,13.8,14.0,14.0,0.0,0.0,29273.6,40962.657
301265.SZ,20240812,8.04,8.22,7.86,7.92,7.84,0.08,1.0204,27968.03,22392.718
301266.SZ,20240812,33.0,33.29,31.96,32.48,32.38,0.1,0.3088,34831.0,113314.718
301267.SZ,20240812,19.52,19.99,19.46,19.73,19.66,0.07,0.3561,22478.5,44386.953
301268.SZ,20240812,14.99,14.99,14.62,14.78,14.89,-0.11,-0.7388,8864.0,13091.722
301269.SZ,20240812,76.01,76.5,74.6,74.8,76.73,-1.93,-2.5153,14889.0,112120.371
301270.SZ,20240812,21.9,21.9,21.41,21.52,21.93,-0.41,-1.8696,7294.0,15723.889
301272.SZ,20240812,32.6,32.87,32.05,32.22,32.6,-0.38,-1.1656,1850.9,5979.889
301273.SZ,20240812,16.28,17.9,15.8,16.35,15.33,1.02,6.6536,42575.38,70353.95
301276.SZ,20240812,19.28,19.46,19.08,19.26,19.26,0.0,0.0,3475.33,6699.291
301277.SZ,20240812,13.25,13.65,13.21,13.46,13.2,0.26,1.9697,50798.0,68388.973
301278.SZ,20240812,34.13,34.34,31.91,32.02,33.17,-1.15,-3.467,21759.44,71718.595
301279.SZ,20240812,17.33,17.4,16.9,17.21,17.26,-0.05,-0.2897,14323.0,24624.446
301280.SZ,20240812,33.32,33.45,32.89,32.94,33.46,-0.52,-1.5541,4988.0,16509.823
301281.SZ,20240812,22.16,23.43,22.02,22.75,22.49,0.26,1.1561,32179.49,73839.597
301282.SZ,20240812,17.08,17.31,16.78,16.99,17.19,-0.2,-1.1635,19235.0,32829.877
301283.SZ,20240812,25.31,25.64,25.0,25.19,25.37,-0.18,-0.7095,6050.0,15294.512
301285.SZ,20240812,23.0,23.0,21.4,21.63,23.2,-1.57,-6.7672,48140.0,106222.191
301286.SZ,20240812,27.18,27.35,27.02,27.05,27.39,-0.34,-1.2413,968.0,2627.927
301287.SZ,20240812,25.22,25.68,24.71,25.58,25.57,0.01,0.0391,6561.96,16607.077
301288.SZ,20240812,13.5,14.38,13.5,14.38,11.98,2.4,20.0334,80412.91,114765.38
301289.SZ,20240812,39.6,40.25,39.56,39.62,39.92,-0.3,-0.7515,10187.44,40570.516
301290.SZ,20240812,20.71,21.26,20.62,21.15,20.82,0.33,1.585,14278.0,30078.355
301291.SZ,20240812,32.66,32.98,31.64,31.73,32.45,-0.72,-2.2188,15664.77,50218.836
301292.SZ,20240812,11.8,11.97,11.75,11.81,11.88,-0.07,-0.5892,8487.18,10060.554
301293.SZ,20240812,34.1,35.19,33.91,34.68,34.46,0.22,0.6384,31997.44,110741.385
301295.SZ,20240812,19.03,19.45,18.93,19.05,19.56,-0.51,-2.6074,16233.8,31171.544
301296.SZ,20240812,7.26,7.29,7.2,7.24,7.28,-0.04,-0.5495,8775.67,6362.164
301297.SZ,20240812,19.3,19.52,18.76,18.93,19.44,-0.51,-2.6235,50438.0,96105.993
301298.SZ,20240812,12.21,12.26,12.0,12.05,12.16,-0.11,-0.9046,8270.0,9993.735
301299.SZ,20240812,39.58,40.02,39.17,39.29,39.79,-0.5,-1.2566,10564.0,41800.289
301300.SZ,20240812,21.97,22.24,21.66,21.96,21.96,0.0,0.0,6498.21,14284.728
301301.SZ,20240812,11.57,12.02,11.51,11.81,11.71,0.1,0.854,294694.43,348370.264
301302.SZ,20240812,16.24,16.24,15.9,16.04,16.48,-0.44,-2.6699,24424.99,39239.662
301303.SZ,20240812,11.09,11.13,11.03,11.08,11.1,-0.02,-0.1802,6463.8,7159.172
301305.SZ,20240812,15.96,16.49,15.89,16.03,15.78,0.25,1.5843,20971.02,33672.902
301306.SZ,20240812,34.34,34.55,33.13,34.13,34.75,-0.62,-1.7842,38012.0,128796.855
301307.SZ,20240812,18.19,18.19,17.7,17.88,18.17,-0.29,-1.596,14501.0,25901.844
301308.SZ,20240812,72.75,73.6,72.21,72.83,73.13,-0.3,-0.4102,22217.14,161577.984
301309.SZ,20240812,21.75,22.66,21.53,22.07,21.87,0.2,0.9145,11292.18,24823.416
301310.SZ,20240812,21.34,21.52,21.08,21.12,21.33,-0.21,-0.9845,6085.88,12970.516
301311.SZ,20240812,16.27,16.35,15.95,16.09,16.34,-0.25,-1.53,17677.0,28448.313
301312.SZ,20240812,35.23,35.23,34.06,34.35,35.27,-0.92,-2.6084,8852.2,30568.984
301313.SZ,20240812,19.11,19.38,18.62,18.99,19.1,-0.11,-0.5759,25551.0,48447.559
301314.SZ,20240812,32.93,32.93,31.5,32.58,33.47,-0.89,-2.6591,19227.55,61642.858
301315.SZ,20240812,31.83,32.22,31.22,32.05,31.9,0.15,0.4702,18563.96,59081.111
301316.SZ,20240812,13.23,13.27,12.85,13.01,13.23,-0.22,-1.6629,44633.5,58040.461
301317.SZ,20240812,14.96,15.11,14.71,15.01,14.96,0.05,0.3342,2924.22,4368.825
301318.SZ,20240812,25.85,25.85,25.1,25.35,25.7,-0.35,-1.3619,13351.65,33937.788
301319.SZ,20240812,24.83,24.94,24.35,24.52,24.83,-0.31,-1.2485,4790.15,11763.752
301320.SZ,20240812,12.81,12.93,12.62,12.75,12.93,-0.18,-1.3921,16014.16,20396.032
301321.SZ,20240812,10.37,10.45,10.01,10.06,10.49,-0.43,-4.0991,29474.5,29829.583
301322.SZ,20240812,18.85,18.87,18.52,18.57,18.76,-0.19,-1.0128,4300.23,8001.703
301323.SZ,20240812,27.22,28.59,27.07,28.34,27.25,1.09,4.0,9598.73,26623.589
301325.SZ,20240812,36.18,36.46,35.53,35.8,36.18,-0.38,-1.0503,9560.35,34312.12
301326.SZ,20240812,27.88,28.06,27.31,27.5,27.91,-0.41,-1.469,10023.73,27668.96
301327.SZ,20240812,66.99,67.01,65.82,66.29,66.39,-0.1,-0.1506,3306.1,21947.88
301328.SZ,20240812,35.4,35.58,34.55,34.86,35.58,-0.72,-2.0236,7978.0,27872.35
301329.SZ,20240812,16.25,16.49,15.98,16.09,16.33,-0.24,-1.4697,15729.39,25394.531
301330.SZ,20240812,20.4,20.45,19.98,20.09,20.33,-0.24,-1.1805,8320.52,16716.717
301331.SZ,20240812,22.7,23.39,22.6,22.95,22.78,0.17,0.7463,11088.0,25615.796
301332.SZ,20240812,8.74,8.78,8.58,8.65,8.74,-0.09,-1.0297,18925.19,16408.185
301333.SZ,20240812,44.49,44.94,43.43,44.09,44.62,-0.53,-1.1878,15406.0,68134.98
301335.SZ,20240812,16.09,16.27,15.9,16.0,16.19,-0.19,-1.1736,3739.55,6025.165
301336.SZ,20240812,29.0,29.43,28.73,29.03,29.25,-0.22,-0.7521,2909.0,8447.898
301337.SZ,20240812,25.2,25.55,24.61,25.14,25.2,-0.06,-0.2381,16704.03,41915.31
301338.SZ,20240812,29.17,29.35,28.18,28.41,29.35,-0.94,-3.2027,14737.61,42204.358
301339.SZ,20240812,20.59,20.59,19.85,19.99,20.3,-0.31,-1.5271,21234.59,42529.943
301345.SZ,20240812,44.36,45.2,44.03,44.65,44.65,0.0,0.0,4665.56,20811.29
301348.SZ,20240812,24.0,26.5,22.98,22.98,28.73,-5.75,-20.0139,117841.5,276988.72
301349.SZ,20240812,24.13,24.28,23.8,24.13,24.14,-0.01,-0.0414,3682.0,8861.225
301353.SZ,20240812,24.9,25.29,24.71,24.88,25.11,-0.23,-0.916,4015.0,10004.955
301355.SZ,20240812,10.15,10.17,9.9,10.14,10.18,-0.04,-0.3929,22198.63,22320.442
301356.SZ,20240812,11.95,12.11,11.89,11.96,12.03,-0.07,-0.5819,5264.52,6308.053
301357.SZ,20240812,28.3,28.82,27.32,28.82,28.29,0.53,1.8735,22225.09,62747.889
301358.SZ,20240812,26.29,26.6,26.03,26.33,26.36,-0.03,-0.1138,23514.0,61848.545
301359.SZ,20240812,19.5,19.55,19.03,19.16,19.58,-0.42,-2.145,14590.0,27987.072
301360.SZ,20240812,40.46,40.85,39.5,40.29,40.81,-0.52,-1.2742,6083.0,24391.451
301361.SZ,20240812,22.8,23.72,22.33,22.4,22.81,-0.41,-1.7975,44279.0,101828.049
301362.SZ,20240812,31.56,32.32,31.55,32.13,31.61,0.52,1.645,4101.82,13148.538
301363.SZ,20240812,27.63,28.27,27.62,27.97,27.88,0.09,0.3228,8817.8,24627.34
301365.SZ,20240812,10.4,10.47,10.12,10.21,10.33,-0.12,-1.1617,17899.46,18348.817
301366.SZ,20240812,27.1,27.38,26.6,27.12,27.44,-0.32,-1.1662,16601.8,44784.911
301367.SZ,20240812,68.5,70.38,68.0,68.6,68.5,0.1,0.146,4144.01,28631.173
301368.SZ,20240812,38.48,38.56,37.07,37.46,38.12,-0.66,-1.7314,26466.0,99436.556
301369.SZ,20240812,43.24,44.88,43.0,43.31,47.07,-3.76,-7.9881,49054.33,214452.312
301370.SZ,20240812,9.87,10.14,9.78,9.94,9.99,-0.05,-0.5005,66018.41,65739.68
301371.SZ,20240812,28.26,28.98,28.08,28.39,28.39,0.0,0.0,5678.64,16190.084
301372.SZ,20240812,23.04,23.66,22.18,22.21,22.1,0.11,0.4977,17761.5,40794.048
301373.SZ,20240812,21.76,21.76,21.4,21.7,21.68,0.02,0.0923,1940.71,4180.43
301376.SZ,20240812,18.73,18.94,18.6,18.77,18.84,-0.07,-0.3715,7536.13,14143.346
301377.SZ,20240812,15.59,15.66,15.41,15.55,15.59,-0.04,-0.2566,9339.54,14500.022
301378.SZ,20240812,20.62,20.87,20.12,20.21,20.63,-0.42,-2.0359,7992.6,16209.018
301379.SZ,20240812,16.02,16.17,15.69,15.76,16.0,-0.24,-1.5,13302.8,21067.819
301380.SZ,20240812,31.58,31.73,30.77,30.85,31.57,-0.72,-2.2806,5841.01,18209.149
301381.SZ,20240812,21.76,21.81,21.38,21.51,21.72,-0.21,-0.9669,7725.0,16671.269
301382.SZ,20240812,16.26,16.31,15.97,16.03,16.26,-0.23,-1.4145,24494.3,39437.282
301383.SZ,20240812,25.0,25.23,24.51,25.13,24.96,0.17,0.6811,19979.81,49796.856
301386.SZ,20240812,19.46,19.69,19.31,19.42,19.59,-0.17,-0.8678,7395.0,14421.415
301387.SZ,20240812,28.51,29.38,28.07,28.22,28.82,-0.6,-2.0819,12155.0,34698.654
301388.SZ,20240812,19.1,19.1,18.56,18.65,18.94,-0.29,-1.5312,18864.68,35290.146
301389.SZ,20240812,13.35,13.38,13.1,13.15,13.34,-0.19,-1.4243,26271.0,34714.848
301390.SZ,20240812,28.03,28.41,27.72,27.79,28.0,-0.21,-0.75,4677.0,13098.576
301391.SZ,20240812,36.61,36.96,36.0,36.35,36.68,-0.33,-0.8997,5990.0,21795.366
301392.SZ,20240812,45.8,46.51,44.44,46.29,46.03,0.26,0.5648,22584.26,102907.252
301393.SZ,20240812,39.1,40.48,38.88,39.72,39.09,0.63,1.6117,10969.8,43675.494
301395.SZ,20240812,9.4,9.45,9.28,9.32,9.39,-0.07,-0.7455,8502.1,7940.41
301396.SZ,20240812,20.8,21.6,20.4,21.47,20.79,0.68,3.2708,65374.07,138327.789
301397.SZ,20240812,22.7,23.99,22.52,23.58,22.36,1.22,5.4562,30160.59,70640.298
301398.SZ,20240812,34.02,34.55,33.6,33.75,34.29,-0.54,-1.5748,5533.0,18726.618
301399.SZ,20240812,19.79,23.6,19.65,21.95,19.84,2.11,10.6351,82896.41,182842.552
301408.SZ,20240812,10.62,10.85,10.43,10.66,10.7,-0.04,-0.3738,37111.13,39549.774
301413.SZ,20240812,36.14,36.14,35.0,35.51,36.49,-0.98,-2.6857,8371.92,29826.285
301418.SZ,20240812,35.69,36.1,35.05,35.45,35.91,-0.46,-1.281,5414.0,19211.852
301419.SZ,20240812,21.96,21.96,21.38,21.47,21.95,-0.48,-2.1868,6642.0,14317.139
301421.SZ,20240812,39.07,39.07,36.53,36.76,39.12,-2.36,-6.0327,30202.51,113238.076
301428.SZ,20240812,26.46,26.84,25.82,26.44,26.6,-0.16,-0.6015,17139.67,45101.406
301429.SZ,20240812,14.09,14.16,13.9,14.0,14.13,-0.13,-0.92,8489.0,11893.038
301439.SZ,20240812,11.19,11.24,11.05,11.08,11.19,-0.11,-0.983,9579.21,10654.744
301446.SZ,20240812,19.39,19.99,18.97,19.81,19.31,0.5,2.5893,42825.45,83960.653
301448.SZ,20240812,19.22,19.46,18.98,19.16,19.37,-0.21,-1.0842,6708.0,12884.232
301456.SZ,20240812,22.01,22.2,21.43,21.52,21.74,-0.22,-1.012,10878.97,23733.983
301459.SZ,20240812,34.02,34.22,33.5,33.95,34.0,-0.05,-0.1471,2551.98,8639.388
301468.SZ,20240812,19.78,19.92,19.61,19.87,19.76,0.11,0.5567,4158.22,8215.532
301469.SZ,20240812,23.72,23.78,22.85,23.04,23.72,-0.68,-2.8668,15365.27,35601.317
301486.SZ,20240812,36.18,36.69,35.67,35.98,36.38,-0.4,-1.0995,11890.01,42966.902
301487.SZ,20240812,16.3,16.33,14.26,14.66,17.5,-2.84,-16.2286,393483.57,580366.283
301488.SZ,20240812,52.39,53.39,51.5,51.74,52.38,-0.64,-1.2218,10274.43,53446.053
301489.SZ,20240812,56.6,57.29,55.64,56.18,57.11,-0.93,-1.6284,5557.59,31341.033
301498.SZ,20240812,43.21,43.57,42.42,42.86,43.08,-0.22,-0.5107,6672.73,28697.936
301499.SZ,20240812,22.02,22.39,21.4,21.76,22.19,-0.43,-1.9378,10700.33,23277.532
301500.SZ,20240812,16.57,17.16,16.52,16.92,16.42,0.5,3.0451,27549.89,46333.063
301502.SZ,20240812,38.39,38.39,33.78,35.17,38.43,-3.26,-8.483,34539.61,122943.252
301503.SZ,20240812,26.86,27.31,26.5,27.15,27.02,0.13,0.4811,6830.0,18426.052
301505.SZ,20240812,23.59,24.18,22.88,23.45,23.75,-0.3,-1.2632,16717.33,38889.698
301507.SZ,20240812,14.8,15.99,14.06,14.21,16.11,-1.9,-11.7939,316280.31,471988.757
301508.SZ,20240812,32.52,32.63,31.52,31.82,32.68,-0.86,-2.6316,25556.57,81475.435
301509.SZ,20240812,30.09,31.65,29.89,30.63,30.46,0.17,0.5581,31274.43,96264.734
301510.SZ,20240812,23.9,24.0,23.43,23.54,24.01,-0.47,-1.9575,16938.92,40055.3
301511.SZ,20240812,12.72,12.77,12.14,12.23,12.72,-0.49,-3.8522,52192.15,64503.018
301512.SZ,20240812,40.14,40.38,39.53,39.87,40.44,-0.57,-1.4095,4032.94,16096.411
301515.SZ,20240812,18.89,19.46,18.4,19.03,19.2,-0.17,-0.8854,25734.43,48809.712
301516.SZ,20240812,16.2,16.32,15.75,15.8,16.3,-0.5,-3.0675,34505.34,54897.988
301517.SZ,20240812,50.1,50.12,48.02,48.81,50.19,-1.38,-2.7496,20406.34,99458.418
301518.SZ,20240812,16.03,16.2,15.82,15.87,16.03,-0.16,-0.9981,5793.85,9248.674
301519.SZ,20240812,12.96,13.1,12.7,12.85,12.77,0.08,0.6265,17560.9,22629.426
301520.SZ,20240812,39.8,41.04,39.76,40.49,40.22,0.27,0.6713,10890.31,44058.434
301525.SZ,20240812,48.98,49.16,48.29,48.37,48.98,-0.61,-1.2454,3699.52,17996.111
301526.SZ,20240812,3.24,3.25,3.17,3.18,3.23,-0.05,-1.548,96517.0,30895.649
301528.SZ,20240812,43.1,43.2,41.2,41.5,43.2,-1.7,-3.9352,9033.0,37830.996
301529.SZ,20240812,29.78,30.07,28.99,29.76,30.07,-0.31,-1.0309,7223.79,21166.652
301533.SZ,20240812,26.35,26.35,25.4,25.42,26.4,-0.98,-3.7121,10757.61,27700.75
301536.SZ,20240812,33.3,34.39,32.22,32.44,33.99,-1.55,-4.5602,34531.56,113107.297
301538.SZ,20240812,84.0,85.45,83.39,84.02,85.05,-1.03,-1.2111,5789.0,48721.377
301539.SZ,20240812,19.55,19.78,19.0,19.23,19.51,-0.28,-1.4352,18954.46,36465.467
301548.SZ,20240812,47.57,50.0,47.0,48.75,47.56,1.19,2.5021,9951.22,48340.043
301550.SZ,20240812,40.8,41.62,40.11,41.2,40.88,0.32,0.7828,28512.6,116716.815
301552.SZ,20240812,46.4,47.39,46.1,46.77,47.21,-0.44,-0.932,14243.75,66398.652
301555.SZ,20240812,26.69,26.87,25.31,25.47,26.3,-0.83,-3.1559,10718.48,27614.963
301558.SZ,20240812,7.99,7.99,7.75,7.78,7.97,-0.19,-2.3839,33433.71,26128.193
301559.SZ,20240812,14.98,15.04,14.73,14.9,14.87,0.03,0.2017,8250.15,12278.469
301565.SZ,20240812,21.11,21.56,20.41,21.29,21.26,0.03,0.1411,78194.08,164488.951
301566.SZ,20240812,17.39,17.8,16.83,17.05,17.76,-0.71,-3.9977,56075.83,96741.372
301567.SZ,20240812,40.3,40.66,38.2,38.71,40.48,-1.77,-4.3725,16717.2,65441.68
301568.SZ,20240812,26.28,26.29,25.72,25.9,26.25,-0.35,-1.3333,7022.91,18229.821
301577.SZ,20240812,52.99,54.66,51.87,53.31,53.49,-0.18,-0.3365,10890.0,57792.689
301578.SZ,20240812,34.9,35.11,34.18,34.42,34.99,-0.57,-1.629,6044.66,20898.938
301580.SZ,20240812,61.52,62.38,58.51,59.2,62.99,-3.79,-6.0168,29644.29,177858.341
301587.SZ,20240812,24.33,24.35,23.4,23.8,24.33,-0.53,-2.1784,19539.0,46428.811
301588.SZ,20240812,20.7,20.83,20.01,20.18,20.72,-0.54,-2.6062,14545.11,29500.472
301589.SZ,20240812,158.02,166.58,158.02,161.8,159.74,2.06,1.2896,13698.57,222047.715
301591.SZ,20240812,33.88,34.37,33.25,33.3,34.02,-0.72,-2.1164,12118.0,40689.142
301596.SZ,20240812,69.86,70.47,67.1,68.45,71.09,-2.64,-3.7136,20924.0,143142.92
301603.SZ,20240812,39.56,40.01,38.16,38.42,40.38,-1.96,-4.8539,51950.7,201405.054
301606.SZ,20240812,30.05,30.68,29.79,30.17,29.85,0.32,1.072,50908.16,153814.906
301608.SZ,20240812,59.59,61.43,58.36,60.07,60.01,0.06,0.1,46128.05,275896.186
302132.SZ,20240812,44.68,44.68,43.9,44.21,44.88,-0.67,-1.4929,49802.11,220505.07
