ts_code,trade_date,open,high,low,close,pre_close,change,pct_chg,vol,amount
300001.SZ,20240319,20.7,20.7,20.35,20.38,20.77,-0.39,-1.8777,119516.15,245223.685
300002.SZ,20240319,10.52,10.79,10.49,10.5,10.6,-0.1,-0.9434,1099815.6,1172462.072
300003.SZ,20240319,15.18,15.2,14.97,14.98,15.16,-0.18,-1.1873,116652.84,175692.192
300004.SZ,20240319,4.94,5.0,4.92,4.96,4.95,0.01,0.202,54986.02,27287.385
300005.SZ,20240319,5.43,5.5,5.39,5.44,5.42,0.02,0.369,154130.58,83933.707
300006.SZ,20240319,3.08,3.12,3.06,3.07,3.1,-0.03,-0.9677,243862.79,75269.824
300007.SZ,20240319,17.7,17.8,17.34,17.4,17.9,-0.5,-2.7933,177489.14,310935.736
300008.SZ,20240319,3.92,3.94,3.88,3.89,3.93,-0.04,-1.0178,288545.89,112897.561
300009.SZ,20240319,10.17,10.18,10.04,10.05,10.17,-0.12,-1.1799,133995.38,135514.123
300010.SZ,20240319,2.51,2.54,2.45,2.46,2.52,-0.06,-2.381,147385.71,36642.551
300011.SZ,20240319,6.69,6.86,6.56,6.68,6.67,0.01,0.1499,190533.0,127362.47
300012.SZ,20240319,13.2,13.48,13.02,13.03,13.24,-0.21,-1.5861,192886.88,255021.027
300013.SZ,20240319,3.07,3.09,3.02,3.03,3.08,-0.05,-1.6234,158180.68,48281.607
300014.SZ,20240319,42.0,42.65,41.5,41.6,42.08,-0.48,-1.1407,204855.15,858813.067
300015.SZ,20240319,13.99,14.02,13.8,13.8,14.03,-0.23,-1.6393,636061.73,883140.388
300016.SZ,20240319,5.36,5.39,5.25,5.28,5.36,-0.08,-1.4925,112090.87,59664.187
300017.SZ,20240319,10.09,10.09,9.91,9.92,10.19,-0.27,-2.6497,970695.28,969746.582
300018.SZ,20240319,5.31,5.39,5.28,5.3,5.33,-0.03,-0.5629,81101.27,43234.491
300019.SZ,20240319,14.91,14.91,14.58,14.58,14.99,-0.41,-2.7352,49205.87,72308.981
300020.SZ,20240319,7.13,7.32,7.08,7.18,7.14,0.04,0.5602,388490.77,279611.242
300021.SZ,20240319,4.16,4.19,4.14,4.15,4.17,-0.02,-0.4796,68003.0,28310.243
300022.SZ,20240319,4.28,4.42,4.26,4.32,4.27,0.05,1.171,168367.02,73181.734
300024.SZ,20240319,12.55,12.65,12.35,12.36,12.64,-0.28,-2.2152,480902.83,599998.242
300025.SZ,20240319,10.87,11.17,10.65,10.99,10.83,0.16,1.4774,243134.53,265470.199
300026.SZ,20240319,4.1,4.11,4.04,4.04,4.12,-0.08,-1.9417,470697.29,191708.751
300027.SZ,20240319,2.37,2.44,2.35,2.37,2.41,-0.04,-1.6598,805400.85,191816.816
300029.SZ,20240319,5.17,5.39,5.15,5.21,5.15,0.06,1.165,31447.18,16607.192
300030.SZ,20240319,5.74,6.07,5.6,5.72,5.7,0.02,0.3509,184478.02,106714.476
300031.SZ,20240319,16.1,16.42,16.03,16.11,16.2,-0.09,-0.5556,239468.17,388291.131
300032.SZ,20240319,4.65,4.69,4.6,4.6,4.67,-0.07,-1.4989,255690.01,118499.969
300033.SZ,20240319,138.41,138.79,135.52,135.52,139.2,-3.68,-2.6437,65245.73,892582.519
300034.SZ,20240319,16.91,17.15,16.75,16.91,17.02,-0.11,-0.6463,102299.27,173534.401
300035.SZ,20240319,9.5,9.57,9.44,9.49,9.5,-0.01,-0.1053,76278.95,72483.163
300036.SZ,20240319,17.38,17.72,17.21,17.48,17.35,0.13,0.7493,194850.69,340871.079
300037.SZ,20240319,40.31,40.76,39.94,40.16,40.61,-0.45,-1.1081,96307.24,387755.838
300039.SZ,20240319,6.5,6.55,6.46,6.48,6.54,-0.06,-0.9174,205416.8,133481.401
300040.SZ,20240319,4.68,4.71,4.64,4.67,4.68,-0.01,-0.2137,72664.06,33991.446
300041.SZ,20240319,9.17,9.24,9.1,9.12,9.22,-0.1,-1.0846,119527.62,109473.734
300042.SZ,20240319,34.51,35.0,33.96,34.62,34.63,-0.01,-0.0289,61053.5,211395.494
300043.SZ,20240319,3.12,3.19,3.11,3.13,3.14,-0.01,-0.3185,385446.0,121622.924
300044.SZ,20240319,5.92,6.34,5.86,6.18,5.99,0.19,3.172,1307152.35,796926.998
300045.SZ,20240319,25.22,26.65,24.34,26.0,25.05,0.95,3.7924,1063297.85,2683171.369
300046.SZ,20240319,13.05,13.18,12.92,13.07,13.04,0.03,0.2301,52941.52,69151.173
300047.SZ,20240319,8.55,8.73,8.48,8.48,8.64,-0.16,-1.8519,394527.83,338850.255
300048.SZ,20240319,5.19,5.26,5.16,5.2,5.2,0.0,0.0,63787.04,33258.64
300049.SZ,20240319,56.8,57.5,55.12,55.25,56.8,-1.55,-2.7289,73796.93,413252.22
300050.SZ,20240319,3.69,3.75,3.66,3.72,3.69,0.03,0.813,253808.0,94353.389
300051.SZ,20240319,10.2,10.27,10.1,10.23,10.21,0.02,0.1959,27882.01,28460.208
300052.SZ,20240319,16.89,17.3,16.8,16.81,17.0,-0.19,-1.1176,109754.5,186354.795
300053.SZ,20240319,12.35,12.63,12.14,12.21,12.5,-0.29,-2.32,376429.96,464574.002
300054.SZ,20240319,21.65,22.3,21.65,21.88,21.9,-0.02,-0.0913,82013.88,180235.938
300055.SZ,20240319,5.19,5.24,5.13,5.15,5.19,-0.04,-0.7707,53792.43,27822.419
300056.SZ,20240319,8.7,8.75,8.52,8.6,8.69,-0.09,-1.0357,93268.27,80801.56
300057.SZ,20240319,5.03,5.09,5.0,5.03,5.04,-0.01,-0.1984,108709.65,54903.309
300058.SZ,20240319,7.48,7.63,7.39,7.4,7.52,-0.12,-1.5957,906421.81,682040.68
300059.SZ,20240319,13.9,13.9,13.71,13.71,13.97,-0.26,-1.8611,2052849.29,2833099.86
300061.SZ,20240319,4.61,4.69,4.59,4.62,4.63,-0.01,-0.216,116543.0,54091.789
300062.SZ,20240319,5.15,5.18,5.11,5.13,5.14,-0.01,-0.1946,79007.73,40614.254
300063.SZ,20240319,5.39,5.51,5.28,5.3,5.4,-0.1,-1.8519,771903.55,415243.328
300065.SZ,20240319,8.66,8.98,8.58,8.75,8.53,0.22,2.5791,393303.97,345069.764
300066.SZ,20240319,4.07,4.09,4.02,4.04,4.08,-0.04,-0.9804,143489.66,58125.858
300067.SZ,20240319,4.42,4.68,4.36,4.42,4.49,-0.07,-1.559,1297710.78,585095.406
300068.SZ,20240319,12.46,12.59,12.31,12.35,12.54,-0.19,-1.5152,181270.74,225246.356
300069.SZ,20240319,11.68,12.04,11.61,11.62,11.67,-0.05,-0.4284,21151.81,24925.179
300070.SZ,20240319,5.13,5.14,5.04,5.05,5.14,-0.09,-1.751,335551.01,170392.739
300071.SZ,20240319,3.04,3.13,3.01,3.02,3.05,-0.03,-0.9836,271694.34,83129.235
300072.SZ,20240319,2.64,2.67,2.61,2.61,2.64,-0.03,-1.1364,261206.37,68808.971
300073.SZ,20240319,36.79,36.79,35.84,35.84,36.55,-0.71,-1.9425,89690.66,323876.095
300074.SZ,20240319,4.06,4.1,3.99,4.01,4.05,-0.04,-0.9877,276382.0,111821.329
300075.SZ,20240319,15.2,15.95,15.13,15.6,15.25,0.35,2.2951,362634.39,565152.979
300076.SZ,20240319,4.49,4.56,4.45,4.47,4.5,-0.03,-0.6667,207551.45,93311.718
300077.SZ,20240319,10.41,11.6,10.33,11.07,10.44,0.63,6.0345,468398.04,519634.24
300078.SZ,20240319,3.7,4.22,3.69,3.88,3.75,0.13,3.4667,685137.16,270168.912
300079.SZ,20240319,5.21,5.28,5.17,5.18,5.2,-0.02,-0.3846,321694.58,168075.546
300080.SZ,20240319,4.5,4.54,4.45,4.45,4.49,-0.04,-0.8909,74396.27,33432.649
300081.SZ,20240319,8.42,8.75,8.41,8.41,8.54,-0.13,-1.5222,511880.03,437494.558
300082.SZ,20240319,5.28,5.34,5.21,5.26,5.3,-0.04,-0.7547,40554.0,21338.301
300083.SZ,20240319,5.41,5.43,5.3,5.31,5.39,-0.08,-1.4842,278360.52,149381.028
300084.SZ,20240319,6.32,6.5,6.28,6.33,6.32,0.01,0.1582,64471.02,41185.18
300085.SZ,20240319,12.06,12.17,11.95,11.97,12.08,-0.11,-0.9106,161970.72,195305.309
300086.SZ,20240319,5.21,5.25,5.18,5.2,5.2,0.0,0.0,85755.0,44592.895
300087.SZ,20240319,8.12,8.22,8.09,8.17,8.12,0.05,0.6158,145302.34,118705.756
300088.SZ,20240319,5.68,5.76,5.61,5.63,5.66,-0.03,-0.53,613819.36,349099.033
300091.SZ,20240319,2.32,2.36,2.28,2.28,2.32,-0.04,-1.7241,305988.0,70766.048
300092.SZ,20240319,11.82,11.85,11.57,11.58,11.88,-0.3,-2.5253,88413.8,103183.438
300093.SZ,20240319,21.65,22.33,21.47,21.6,21.8,-0.2,-0.9174,229427.91,503048.291
300094.SZ,20240319,3.72,3.84,3.71,3.78,3.73,0.05,1.3405,648683.73,245975.662
300095.SZ,20240319,7.13,7.13,7.0,7.05,7.13,-0.08,-1.122,56922.0,40212.074
300096.SZ,20240319,4.09,4.32,4.06,4.15,4.07,0.08,1.9656,309447.65,129486.496
300097.SZ,20240319,8.43,8.48,8.31,8.32,8.46,-0.14,-1.6548,165803.0,138858.347
300098.SZ,20240319,3.77,3.9,3.75,3.84,3.8,0.04,1.0526,534588.2,205553.887
300099.SZ,20240319,5.32,5.38,5.29,5.31,5.33,-0.02,-0.3752,75919.0,40436.201
300100.SZ,20240319,9.45,9.65,9.38,9.48,9.52,-0.04,-0.4202,75306.4,71800.409
300101.SZ,20240319,18.1,18.45,17.96,18.17,18.22,-0.05,-0.2744,149256.76,272347.023
300102.SZ,20240319,6.9,7.06,6.85,6.97,6.9,0.07,1.0145,110463.5,77210.359
300103.SZ,20240319,4.74,4.8,4.56,4.58,4.72,-0.14,-2.9661,114565.0,53235.172
300105.SZ,20240319,6.03,6.11,6.01,6.05,6.04,0.01,0.1656,83449.0,50642.926
300106.SZ,20240319,7.3,7.42,7.24,7.29,7.3,-0.01,-0.137,86158.0,63070.432
300107.SZ,20240319,5.29,5.66,5.15,5.17,5.3,-0.13,-2.4528,416874.7,222299.774
300108.SZ,20240319,2.5,2.56,2.48,2.5,2.49,0.01,0.4016,91097.25,22911.063
300109.SZ,20240319,19.53,19.73,19.15,19.17,19.53,-0.36,-1.8433,71593.58,139124.826
300110.SZ,20240319,3.7,3.73,3.68,3.68,3.72,-0.04,-1.0753,110370.39,40833.13
300111.SZ,20240319,2.61,2.62,2.58,2.58,2.61,-0.03,-1.1494,141074.0,36669.692
300112.SZ,20240319,9.25,9.25,9.06,9.14,9.24,-0.1,-1.0823,115450.57,105634.912
300113.SZ,20240319,13.12,13.63,12.95,13.38,13.15,0.23,1.749,354992.97,469952.446
300115.SZ,20240319,10.92,11.24,10.85,10.9,10.94,-0.04,-0.3656,375795.01,415121.85
300117.SZ,20240319,1.84,1.86,1.81,1.82,1.85,-0.03,-1.6216,345391.0,63218.078
300118.SZ,20240319,16.38,16.57,16.19,16.2,16.43,-0.23,-1.3999,205096.14,334785.521
300119.SZ,20240319,14.59,14.8,14.54,14.68,14.61,0.07,0.4791,37575.64,55189.486
300120.SZ,20240319,5.5,5.57,5.41,5.46,5.51,-0.05,-0.9074,114560.7,62911.434
300121.SZ,20240319,8.8,8.83,8.69,8.7,8.85,-0.15,-1.6949,42654.83,37350.377
300122.SZ,20240319,50.0,51.92,49.83,50.4,50.44,-0.04,-0.0793,248663.53,1261038.315
300123.SZ,20240319,6.26,6.39,6.17,6.3,6.23,0.07,1.1236,454431.67,287207.302
300124.SZ,20240319,64.34,64.34,62.76,62.94,64.34,-1.4,-2.1759,119182.99,754890.025
300125.SZ,20240319,8.51,8.72,8.28,8.3,8.6,-0.3,-3.4884,164371.02,138314.989
300126.SZ,20240319,5.66,5.78,5.56,5.6,5.65,-0.05,-0.885,70091.2,39587.574
300127.SZ,20240319,15.28,15.94,15.23,15.49,15.3,0.19,1.2418,74811.0,116889.959
300128.SZ,20240319,4.44,4.6,4.42,4.55,4.44,0.11,2.4775,327578.19,148149.149
300129.SZ,20240319,8.73,8.85,8.65,8.66,8.79,-0.13,-1.479,296422.91,259130.836
300130.SZ,20240319,24.0,24.0,23.6,23.66,24.07,-0.41,-1.7034,97815.54,232869.716
300131.SZ,20240319,5.18,5.6,5.17,5.35,5.22,0.13,2.4904,1032195.36,556996.929
300132.SZ,20240319,4.03,4.12,4.02,4.06,4.04,0.02,0.495,66120.73,26858.673
300133.SZ,20240319,6.2,6.95,6.18,6.4,6.04,0.36,5.9603,2150398.86,1402109.335
300134.SZ,20240319,9.3,9.46,9.21,9.3,9.4,-0.1,-1.0638,164647.62,153538.1
300135.SZ,20240319,2.61,2.68,2.59,2.62,2.6,0.02,0.7692,375676.0,98763.735
300136.SZ,20240319,21.66,22.0,21.45,21.52,21.79,-0.27,-1.2391,451799.79,982032.217
300137.SZ,20240319,5.1,5.22,5.03,5.11,5.09,0.02,0.3929,79397.48,40575.226
300138.SZ,20240319,11.49,11.74,11.46,11.65,11.49,0.16,1.3925,91768.8,106713.46
300139.SZ,20240319,8.69,8.8,8.63,8.65,8.73,-0.08,-0.9164,95111.0,82835.824
300140.SZ,20240319,7.15,7.15,7.04,7.07,7.12,-0.05,-0.7022,45767.0,32372.74
300141.SZ,20240319,8.1,8.65,8.07,8.31,8.12,0.19,2.3399,139215.16,116649.831
300142.SZ,20240319,18.13,18.15,17.81,17.82,18.15,-0.33,-1.8182,137148.95,246339.18
300143.SZ,20240319,8.85,8.85,8.7,8.71,8.84,-0.13,-1.4706,41954.97,36687.232
300144.SZ,20240319,10.94,11.07,10.88,10.88,10.82,0.06,0.5545,234268.31,256979.834
300145.SZ,20240319,3.11,3.14,3.08,3.09,3.13,-0.04,-1.278,342782.74,106563.171
300146.SZ,20240319,17.74,17.84,17.26,17.36,17.22,0.14,0.813,236854.26,414232.714
300147.SZ,20240319,4.47,4.48,4.39,4.42,4.51,-0.09,-1.9956,273209.04,121013.179
300148.SZ,20240319,3.36,3.48,3.34,3.37,3.38,-0.01,-0.2959,424993.0,144833.178
300149.SZ,20240319,6.19,6.39,6.06,6.08,6.23,-0.15,-2.4077,343827.14,213810.717
300150.SZ,20240319,3.6,3.69,3.57,3.66,3.59,0.07,1.9499,137654.0,50243.592
300151.SZ,20240319,16.4,16.5,16.07,16.08,16.44,-0.36,-2.1898,59008.0,95947.697
300152.SZ,20240319,3.06,3.1,3.0,3.01,3.09,-0.08,-2.589,590216.57,178861.296
300153.SZ,20240319,6.52,6.68,6.48,6.53,6.52,0.01,0.1534,66949.0,44035.432
300154.SZ,20240319,6.21,6.27,6.16,6.2,6.22,-0.02,-0.3215,51186.2,31792.265
300155.SZ,20240319,4.18,4.27,4.16,4.2,4.19,0.01,0.2387,96964.96,40913.629
300157.SZ,20240319,2.97,3.01,2.94,2.95,2.97,-0.02,-0.6734,199963.06,59312.738
300158.SZ,20240319,5.21,5.27,5.17,5.18,5.23,-0.05,-0.956,210535.02,109663.695
300159.SZ,20240319,2.26,2.29,2.22,2.24,2.26,-0.02,-0.885,385447.38,86826.348
300160.SZ,20240319,5.06,5.1,5.04,5.07,5.08,-0.01,-0.1969,62693.5,31787.294
300161.SZ,20240319,33.82,34.74,33.62,33.94,33.94,0.0,0.0,109194.0,373633.146
300162.SZ,20240319,5.84,5.93,5.79,5.84,5.82,0.02,0.3436,75498.0,44255.666
300163.SZ,20240319,2.86,2.93,2.84,2.84,2.88,-0.04,-1.3889,108916.5,31280.603
300164.SZ,20240319,4.15,4.18,4.1,4.1,4.11,-0.01,-0.2433,291547.82,120715.223
300165.SZ,20240319,4.65,4.73,4.6,4.63,4.68,-0.05,-1.0684,159410.7,74329.312
300166.SZ,20240319,9.12,9.13,8.93,8.97,9.12,-0.15,-1.6447,407130.32,367224.491
300167.SZ,20240319,2.29,2.38,2.26,2.31,2.29,0.02,0.8734,122527.0,28410.175
300168.SZ,20240319,7.08,7.31,7.08,7.18,7.16,0.02,0.2793,278503.52,199978.114
300169.SZ,20240319,6.42,6.48,6.26,6.28,6.5,-0.22,-3.3846,288155.0,182832.244
300170.SZ,20240319,7.08,7.15,7.02,7.06,7.06,0.0,0.0,261140.07,185137.114
300171.SZ,20240319,16.26,16.26,15.94,15.99,16.28,-0.29,-1.7813,63510.41,101992.634
300172.SZ,20240319,5.17,5.24,5.12,5.13,5.19,-0.06,-1.1561,358438.98,185267.373
300173.SZ,20240319,4.46,4.49,4.39,4.4,4.5,-0.1,-2.2222,254599.05,112718.626
300174.SZ,20240319,14.8,14.96,14.54,14.86,14.72,0.14,0.9511,42664.0,63000.131
300175.SZ,20240319,5.92,6.09,5.89,5.95,5.99,-0.04,-0.6678,214470.05,128052.802
300176.SZ,20240319,5.38,5.49,5.35,5.44,5.37,0.07,1.3035,63675.0,34673.323
300177.SZ,20240319,5.59,5.68,5.48,5.55,5.49,0.06,1.0929,229680.72,128147.582
300179.SZ,20240319,8.1,8.16,8.03,8.07,8.21,-0.14,-1.7052,93505.69,75485.161
300180.SZ,20240319,3.6,3.62,3.56,3.56,3.6,-0.04,-1.1111,248359.01,89015.17
300181.SZ,20240319,13.38,13.7,12.89,12.93,13.35,-0.42,-3.1461,374744.93,498284.166
300182.SZ,20240319,5.38,5.63,5.27,5.28,5.4,-0.12,-2.2222,2203066.67,1200691.645
300183.SZ,20240319,13.52,13.57,13.27,13.27,13.7,-0.43,-3.1387,102520.96,136965.045
300184.SZ,20240319,5.92,5.97,5.75,5.76,6.0,-0.24,-4.0,1057409.72,616082.929
300185.SZ,20240319,2.4,2.4,2.37,2.37,2.4,-0.03,-1.25,238406.8,56858.577
300187.SZ,20240319,5.57,5.58,5.21,5.24,5.56,-0.32,-5.7554,158580.0,85066.169
300188.SZ,20240319,16.03,16.06,15.75,15.78,16.12,-0.34,-2.1092,189410.72,301066.646
300189.SZ,20240319,2.99,3.08,2.98,3.05,3.01,0.04,1.3289,286017.99,86921.006
300190.SZ,20240319,3.45,3.49,3.43,3.44,3.45,-0.01,-0.2899,67200.6,23238.753
300191.SZ,20240319,13.2,13.44,13.17,13.19,13.11,0.08,0.6102,30624.52,40651.291
300192.SZ,20240319,11.15,11.27,10.91,11.13,11.3,-0.17,-1.5044,229192.0,253971.69
300193.SZ,20240319,7.81,7.88,7.76,7.8,7.81,-0.01,-0.128,41489.4,32453.992
300194.SZ,20240319,3.82,3.84,3.78,3.78,3.81,-0.03,-0.7874,227556.55,86547.508
300195.SZ,20240319,5.58,5.64,5.49,5.51,5.62,-0.11,-1.9573,106765.85,59171.768
300196.SZ,20240319,9.75,9.85,9.73,9.77,9.8,-0.03,-0.3061,24393.0,23865.251
300197.SZ,20240319,1.99,2.0,1.97,1.98,2.0,-0.02,-1.0,349857.04,69336.678
300198.SZ,20240319,2.03,2.07,2.01,2.02,2.04,-0.02,-0.9804,384881.78,78637.286
300199.SZ,20240319,13.59,13.87,13.42,13.42,13.66,-0.24,-1.757,403803.29,549255.429
300200.SZ,20240319,6.8,6.99,6.77,6.97,6.83,0.14,2.0498,138245.79,95152.1
300201.SZ,20240319,4.78,4.8,4.71,4.72,4.82,-0.1,-2.0747,204752.34,97389.964
300203.SZ,20240319,15.46,16.3,15.29,15.81,15.4,0.41,2.6623,113800.0,180342.129
300204.SZ,20240319,7.6,7.8,7.56,7.65,7.71,-0.06,-0.7782,109083.78,83801.182
300205.SZ,20240319,6.06,6.12,5.97,5.97,6.08,-0.11,-1.8092,67364.0,40718.846
300206.SZ,20240319,12.5,13.69,12.11,13.25,12.56,0.69,5.4936,564576.71,720596.655
300207.SZ,20240319,14.34,15.12,14.23,14.63,14.4,0.23,1.5972,613581.01,900690.994
300208.SZ,20240319,4.87,5.03,4.8,4.88,4.85,0.03,0.6186,302648.75,148464.478
300209.SZ,20240319,3.1,3.19,3.03,3.04,3.15,-0.11,-3.4921,171458.67,53097.578
300210.SZ,20240319,12.8,13.87,12.7,13.1,13.04,0.06,0.4601,651792.87,866025.14
300211.SZ,20240319,7.86,7.92,7.71,7.73,8.09,-0.36,-4.4499,167559.86,130612.907
300212.SZ,20240319,28.41,28.83,28.16,28.22,28.72,-0.5,-1.7409,246835.63,702168.107
300213.SZ,20240319,7.15,7.28,7.1,7.11,7.3,-0.19,-2.6027,271735.0,194643.978
300214.SZ,20240319,5.71,6.06,5.59,5.92,5.85,0.07,1.1966,126597.98,72399.499
300215.SZ,20240319,4.32,4.43,4.32,4.37,4.32,0.05,1.1574,91934.52,40324.131
300217.SZ,20240319,5.01,5.01,4.92,4.92,5.01,-0.09,-1.7964,212665.72,105414.523
300218.SZ,20240319,13.25,13.49,13.13,13.26,13.24,0.02,0.1511,22630.0,30160.712
300219.SZ,20240319,7.04,7.32,7.03,7.2,7.05,0.15,2.1277,133848.26,96133.386
300220.SZ,20240319,6.88,7.08,6.86,7.01,6.88,0.13,1.8895,9519.42,6632.767
300221.SZ,20240319,4.93,5.07,4.9,4.96,4.97,-0.01,-0.2012,235713.0,117594.81
300222.SZ,20240319,6.69,6.69,6.57,6.57,6.7,-0.13,-1.9403,156176.02,103449.216
300223.SZ,20240319,68.23,71.13,67.38,67.38,68.23,-0.85,-1.2458,204029.17,1413058.245
300224.SZ,20240319,11.06,11.45,10.97,11.16,11.05,0.11,0.9955,155316.18,174341.691
300225.SZ,20240319,6.33,6.43,6.3,6.33,6.3,0.03,0.4762,120846.28,76809.97
300226.SZ,20240319,24.3,24.42,23.93,23.98,24.4,-0.42,-1.7213,112051.7,270700.245
300227.SZ,20240319,6.96,6.98,6.78,6.92,6.97,-0.05,-0.7174,179660.27,123786.066
300228.SZ,20240319,8.23,8.42,8.18,8.28,8.32,-0.04,-0.4808,210655.6,174670.479
300229.SZ,20240319,17.16,17.59,17.0,17.29,17.3,-0.01,-0.0578,532058.11,919018.095
300230.SZ,20240319,4.01,4.04,3.95,3.96,4.01,-0.05,-1.2469,242478.0,96698.791
300231.SZ,20240319,10.32,10.55,10.1,10.11,10.39,-0.28,-2.6949,262843.94,270818.681
300232.SZ,20240319,6.66,6.78,6.59,6.59,6.64,-0.05,-0.753,465541.41,310587.273
300233.SZ,20240319,16.89,17.0,16.69,16.85,16.89,-0.04,-0.2368,35550.9,59845.597
300234.SZ,20240319,4.35,4.43,4.32,4.37,4.35,0.02,0.4598,57192.81,25024.841
300235.SZ,20240319,10.05,10.14,9.96,10.06,10.04,0.02,0.1992,100707.5,101261.947
300236.SZ,20240319,35.11,35.64,34.9,35.19,35.34,-0.15,-0.4244,43547.87,153463.894
300237.SZ,20240319,1.64,1.64,1.59,1.59,1.64,-0.05,-3.0488,387357.94,62390.774
300238.SZ,20240319,11.01,11.19,10.9,10.9,10.99,-0.09,-0.8189,70187.01,77269.337
300239.SZ,20240319,5.21,5.22,5.16,5.16,5.2,-0.04,-0.7692,94669.0,49085.892
300240.SZ,20240319,5.65,5.83,5.59,5.66,5.64,0.02,0.3546,62404.86,35453.47
300241.SZ,20240319,4.2,4.29,4.16,4.26,4.21,0.05,1.1876,140536.61,59631.974
300242.SZ,20240319,3.02,3.13,3.02,3.03,3.02,0.01,0.3311,402751.0,123204.07
300243.SZ,20240319,7.58,7.68,7.51,7.52,7.56,-0.04,-0.5291,40781.6,30930.01
300244.SZ,20240319,19.83,20.23,19.33,19.37,19.85,-0.48,-2.4181,198538.9,393854.163
300245.SZ,20240319,6.8,6.91,6.76,6.85,6.82,0.03,0.4399,84663.0,57974.105
300246.SZ,20240319,7.77,7.89,7.67,7.79,7.76,0.03,0.3866,62828.39,48896.08
300247.SZ,20240319,2.95,3.01,2.95,2.96,2.97,-0.01,-0.3367,88482.0,26332.586
300248.SZ,20240319,8.2,8.77,8.2,8.25,8.16,0.09,1.1029,227186.15,191528.347
300249.SZ,20240319,8.08,8.15,7.96,8.0,8.06,-0.06,-0.7444,176719.58,142061.193
300250.SZ,20240319,15.89,16.16,15.66,15.92,15.91,0.01,0.0629,97426.39,155468.734
300251.SZ,20240319,9.6,9.7,9.42,9.45,9.65,-0.2,-2.0725,293892.54,280284.397
300252.SZ,20240319,7.84,9.4,7.81,8.69,7.87,0.82,10.4193,932337.28,798270.275
300253.SZ,20240319,7.6,7.81,7.54,7.63,7.61,0.02,0.2628,546868.0,420695.605
300254.SZ,20240319,10.9,11.11,9.52,9.81,11.0,-1.19,-10.8182,351997.05,351056.164
300255.SZ,20240319,12.9,13.18,12.81,12.9,13.04,-0.14,-1.0736,426623.2,553631.633
300256.SZ,20240319,2.48,2.51,2.45,2.46,2.48,-0.02,-0.8065,430935.54,107010.132
300257.SZ,20240319,14.15,14.15,13.85,13.87,14.11,-0.24,-1.7009,44480.12,62232.92
300258.SZ,20240319,10.99,11.0,10.68,10.69,10.92,-0.23,-2.1062,98149.27,106093.961
300259.SZ,20240319,3.3,3.35,3.29,3.33,3.33,0.0,0.0,102117.5,33991.393
300260.SZ,20240319,26.77,27.3,26.5,26.97,26.95,0.02,0.0742,93425.27,252032.762
300261.SZ,20240319,6.2,6.28,6.19,6.19,6.22,-0.03,-0.4823,89288.2,55573.675
300263.SZ,20240319,6.38,6.39,6.3,6.31,6.39,-0.08,-1.252,94608.21,59997.814
300264.SZ,20240319,6.42,6.59,6.4,6.46,6.45,0.01,0.155,331516.2,215460.411
300265.SZ,20240319,7.21,7.28,7.18,7.24,7.23,0.01,0.1383,95437.05,69037.117
300266.SZ,20240319,2.16,2.2,2.11,2.11,2.15,-0.04,-1.8605,226909.7,48700.215
300267.SZ,20240319,2.65,2.69,2.63,2.64,2.65,-0.01,-0.3774,268604.25,71341.547
300268.SZ,20240319,9.82,9.9,9.61,9.66,9.81,-0.15,-1.5291,9858.0,9612.774
300269.SZ,20240319,5.21,5.23,5.08,5.15,5.21,-0.06,-1.1516,432693.8,222851.445
300270.SZ,20240319,6.41,6.64,6.34,6.59,6.42,0.17,2.648,214021.35,139734.228
300271.SZ,20240319,6.65,6.8,6.6,6.74,6.68,0.06,0.8982,176657.24,118796.025
300272.SZ,20240319,5.0,5.03,4.94,4.95,4.98,-0.03,-0.6024,91641.7,45665.744
300274.SZ,20240319,107.7,110.88,105.55,105.55,107.08,-1.53,-1.4288,188771.86,2032451.473
300275.SZ,20240319,9.67,9.91,9.61,9.72,9.69,0.03,0.3096,54646.6,53292.444
300276.SZ,20240319,4.83,4.98,4.68,4.69,4.89,-0.2,-4.09,1055913.28,508531.208
300277.SZ,20240319,7.6,7.88,7.55,7.69,7.63,0.06,0.7864,86046.53,66462.784
300278.SZ,20240319,3.61,3.63,3.54,3.55,3.62,-0.07,-1.9337,217060.97,77807.542
300279.SZ,20240319,5.23,5.33,5.2,5.27,5.23,0.04,0.7648,136909.0,72152.521
300280.SZ,20240319,42.57,43.55,41.55,41.8,42.85,-1.05,-2.4504,104153.14,439773.018
300281.SZ,20240319,4.8,4.92,4.77,4.85,4.79,0.06,1.2526,193529.14,93719.972
300283.SZ,20240319,5.22,5.7,5.18,5.3,5.2,0.1,1.9231,215979.35,117197.388
300284.SZ,20240319,5.03,5.06,4.97,4.97,5.02,-0.05,-0.996,63577.92,31759.036
300285.SZ,20240319,18.79,18.79,18.41,18.46,18.73,-0.27,-1.4415,111970.02,207565.799
300286.SZ,20240319,23.38,24.22,23.1,23.37,23.38,-0.01,-0.0428,38482.08,90665.467
300287.SZ,20240319,3.37,3.41,3.34,3.35,3.39,-0.04,-1.1799,473201.2,159325.879
300288.SZ,20240319,15.99,16.4,15.71,16.18,16.52,-0.34,-2.0581,439422.44,706379.24
300289.SZ,20240319,4.92,4.96,4.87,4.9,4.92,-0.02,-0.4065,64698.84,31835.441
300290.SZ,20240319,8.85,10.5,8.7,9.63,8.93,0.7,7.8387,1536695.5,1473647.699
300291.SZ,20240319,5.83,6.01,5.78,5.83,5.83,0.0,0.0,483712.47,286129.463
300292.SZ,20240319,3.31,3.46,3.28,3.37,3.31,0.06,1.8127,537714.0,181659.687
300293.SZ,20240319,16.19,16.98,15.93,16.75,16.25,0.5,3.0769,395612.41,652008.644
300294.SZ,20240319,28.49,28.52,28.07,28.09,28.56,-0.47,-1.6457,37101.95,104786.656
300295.SZ,20240319,9.96,10.19,9.9,10.04,9.99,0.05,0.5005,97937.74,98832.979
300296.SZ,20240319,5.4,5.47,5.36,5.42,5.4,0.02,0.3704,296300.37,160985.534
300298.SZ,20240319,22.49,22.51,21.97,21.99,22.48,-0.49,-2.1797,34104.56,75675.741
300299.SZ,20240319,5.18,5.32,5.15,5.16,5.28,-0.12,-2.2727,376011.24,196124.365
300300.SZ,20240319,3.15,3.18,3.12,3.13,3.14,-0.01,-0.3185,211397.92,66688.8
300301.SZ,20240319,1.4,1.51,1.39,1.48,1.4,0.08,5.7143,171728.0,25021.656
300302.SZ,20240319,13.36,13.95,13.12,13.28,13.4,-0.12,-0.8955,450955.56,611276.959
300303.SZ,20240319,5.46,5.52,5.43,5.45,5.54,-0.09,-1.6245,437857.28,239803.734
300304.SZ,20240319,6.24,6.33,6.21,6.28,6.26,0.02,0.3195,129865.18,81560.235
300305.SZ,20240319,7.45,7.56,7.41,7.49,7.45,0.04,0.5369,32867.0,24628.423
300306.SZ,20240319,10.7,10.85,10.61,10.66,10.69,-0.03,-0.2806,28401.0,30451.659
300307.SZ,20240319,5.79,5.82,5.72,5.78,5.8,-0.02,-0.3448,100182.42,57821.026
300308.SZ,20240319,173.31,176.65,171.45,173.81,179.99,-6.18,-3.4335,332772.31,5780641.202
300310.SZ,20240319,4.31,4.48,4.24,4.31,4.21,0.1,2.3753,526373.62,230024.671
300311.SZ,20240319,5.52,5.58,5.43,5.44,5.54,-0.1,-1.8051,165145.23,90821.655
300313.SZ,20240319,10.38,10.62,10.18,10.38,10.34,0.04,0.3868,86328.0,89703.922
300314.SZ,20240319,12.24,12.3,12.12,12.17,12.29,-0.12,-0.9764,38434.18,46935.486
300315.SZ,20240319,6.23,6.33,6.07,6.08,6.34,-0.26,-4.1009,3327158.39,2057395.233
300316.SZ,20240319,38.55,39.12,37.9,37.91,38.7,-0.79,-2.0413,117871.69,451468.673
300317.SZ,20240319,4.67,4.82,4.6,4.61,4.63,-0.02,-0.432,406000.44,190623.075
300318.SZ,20240319,4.89,4.94,4.82,4.85,4.92,-0.07,-1.4228,70880.98,34501.599
300319.SZ,20240319,8.46,8.62,8.41,8.51,8.49,0.02,0.2356,184063.48,156940.389
300320.SZ,20240319,6.42,6.45,6.35,6.36,6.43,-0.07,-1.0886,50551.87,32277.753
300321.SZ,20240319,18.05,18.15,17.2,17.28,18.05,-0.77,-4.2659,28641.57,50563.331
300322.SZ,20240319,10.0,10.26,9.93,10.1,10.08,0.02,0.1984,320988.44,324011.067
300323.SZ,20240319,5.33,5.4,5.32,5.35,5.36,-0.01,-0.1866,108439.08,58174.246
300324.SZ,20240319,3.23,3.25,3.16,3.17,3.25,-0.08,-2.4615,698198.62,223071.621
300326.SZ,20240319,5.25,5.34,5.2,5.29,5.36,-0.07,-1.306,86849.65,45984.657
300327.SZ,20240319,19.52,19.81,19.44,19.6,19.6,0.0,0.0,66853.19,131465.137
300328.SZ,20240319,5.75,5.84,5.72,5.75,5.76,-0.01,-0.1736,175376.56,101309.629
300329.SZ,20240319,5.27,5.37,5.23,5.28,5.26,0.02,0.3802,44206.0,23463.601
300331.SZ,20240319,19.11,19.77,18.92,19.44,19.17,0.27,1.4085,99461.35,193169.333
300332.SZ,20240319,6.89,6.93,6.76,6.76,6.89,-0.13,-1.8868,108461.05,74049.114
300333.SZ,20240319,5.6,5.75,5.59,5.65,5.58,0.07,1.2545,147144.57,83476.253
300334.SZ,20240319,5.99,6.08,5.95,5.97,5.99,-0.02,-0.3339,46979.0,28239.349
300335.SZ,20240319,4.61,4.68,4.59,4.65,4.62,0.03,0.6494,133798.66,62024.162
300337.SZ,20240319,7.12,7.19,7.04,7.06,7.21,-0.15,-2.0804,306754.65,217749.563
300338.SZ,20240319,3.73,3.8,3.66,3.68,3.75,-0.07,-1.8667,239331.84,89131.917
300339.SZ,20240319,24.88,25.38,24.72,24.76,25.03,-0.27,-1.0787,545958.1,1368203.439
300340.SZ,20240319,9.04,10.09,9.02,9.37,9.07,0.3,3.3076,159310.33,151120.692
300341.SZ,20240319,10.32,10.77,10.27,10.37,10.4,-0.03,-0.2885,148457.0,156392.975
300342.SZ,20240319,14.34,15.18,14.2,14.87,14.38,0.49,3.4075,474583.35,699296.865
300343.SZ,20240319,5.56,5.72,5.5,5.59,5.57,0.02,0.3591,310030.02,174517.239
300344.SZ,20240319,4.95,5.22,4.92,4.94,4.86,0.08,1.6461,383743.13,193537.394
300345.SZ,20240319,8.44,8.64,8.41,8.48,8.49,-0.01,-0.1178,55386.0,47128.841
300346.SZ,20240319,25.79,26.57,25.53,26.19,25.89,0.3,1.1587,198300.35,516537.844
300347.SZ,20240319,52.0,53.48,51.67,52.3,52.98,-0.68,-1.2835,274787.95,1445173.364
300348.SZ,20240319,8.69,8.75,8.6,8.66,8.69,-0.03,-0.3452,129148.07,112152.625
300349.SZ,20240319,13.08,13.28,12.95,13.2,13.15,0.05,0.3802,93754.13,122927.611
300350.SZ,20240319,5.01,5.05,4.94,4.95,5.03,-0.08,-1.5905,216169.0,107753.456
300351.SZ,20240319,19.4,20.16,19.28,19.56,19.42,0.14,0.7209,278520.05,551264.575
300352.SZ,20240319,4.55,4.59,4.52,4.53,4.59,-0.06,-1.3072,245358.48,111764.902
300353.SZ,20240319,10.42,10.98,10.27,10.69,10.44,0.25,2.3946,460843.73,492181.564
300354.SZ,20240319,49.76,49.78,46.25,47.3,50.05,-2.75,-5.4945,47546.36,226609.641
300355.SZ,20240319,3.32,3.32,3.27,3.27,3.32,-0.05,-1.506,250542.0,82604.751
300357.SZ,20240319,26.28,26.29,25.53,25.54,26.05,-0.51,-1.9578,33128.01,85482.087
300358.SZ,20240319,10.24,10.35,10.01,10.07,10.24,-0.17,-1.6602,159270.1,161413.037
300359.SZ,20240319,5.15,5.23,5.1,5.11,5.17,-0.06,-1.1605,175373.66,90508.839
300360.SZ,20240319,17.47,17.48,17.08,17.13,17.66,-0.53,-3.0011,93713.14,161553.083
300363.SZ,20240319,20.39,20.63,20.04,20.05,20.6,-0.55,-2.6699,119930.5,242963.708
300364.SZ,20240319,29.18,29.78,28.24,28.24,29.18,-0.94,-3.2214,1089440.16,3150966.275
300365.SZ,20240319,5.9,6.04,5.85,5.93,5.92,0.01,0.1689,201062.59,119751.581
300366.SZ,20240319,11.66,11.69,11.33,11.33,11.61,-0.28,-2.4117,405122.93,463292.267
300368.SZ,20240319,5.96,6.05,5.92,5.96,5.98,-0.02,-0.3344,113733.6,68039.573
300369.SZ,20240319,7.67,7.81,7.63,7.72,7.69,0.03,0.3901,157258.45,121446.884
300370.SZ,20240319,2.3,2.31,2.26,2.26,2.31,-0.05,-2.1645,265289.71,60387.233
300371.SZ,20240319,10.95,10.99,10.4,10.7,11.11,-0.41,-3.6904,72095.09,76679.395
300373.SZ,20240319,41.56,42.6,40.99,41.98,41.65,0.33,0.7923,145653.03,609349.865
300374.SZ,20240319,16.01,16.2,15.63,15.67,15.95,-0.28,-1.7555,141997.45,225591.711
300375.SZ,20240319,5.26,5.26,5.01,5.03,5.27,-0.24,-4.5541,605306.01,308511.931
300376.SZ,20240319,6.32,6.37,6.27,6.28,6.34,-0.06,-0.9464,140773.58,88859.681
300377.SZ,20240319,6.78,6.9,6.73,6.82,6.78,0.04,0.59,177644.48,121367.268
300378.SZ,20240319,20.2,20.39,19.87,19.93,20.32,-0.39,-1.9193,109931.82,220332.666
300379.SZ,20240319,14.5,14.79,14.43,14.58,14.59,-0.01,-0.0685,184550.36,269537.564
300380.SZ,20240319,19.5,19.64,19.06,19.06,19.83,-0.77,-3.883,90718.3,175570.13
300381.SZ,20240319,5.56,5.69,5.55,5.63,5.53,0.1,1.8083,61442.95,34648.302
300382.SZ,20240319,8.48,8.53,8.42,8.45,8.5,-0.05,-0.5882,43347.97,36741.987
300383.SZ,20240319,9.89,9.97,9.83,9.85,9.94,-0.09,-0.9054,208188.56,205946.119
300384.SZ,20240319,14.72,14.84,14.45,14.45,14.75,-0.3,-2.0339,23468.0,34145.859
300385.SZ,20240319,4.79,4.88,4.75,4.79,4.79,0.0,0.0,59730.15,28730.256
300386.SZ,20240319,8.2,8.35,8.15,8.27,8.18,0.09,1.1002,56352.0,46602.684
300387.SZ,20240319,6.21,6.3,6.19,6.23,6.23,0.0,0.0,61945.0,38648.718
300388.SZ,20240319,5.92,6.0,5.89,5.94,5.93,0.01,0.1686,43888.53,26075.434
300389.SZ,20240319,19.18,19.72,15.3,18.75,18.93,-0.18,-0.9509,67996.27,130748.557
300390.SZ,20240319,22.32,22.68,22.22,22.24,22.45,-0.21,-0.9354,99350.45,222546.633
300391.SZ,20240319,5.61,5.66,5.48,5.5,5.66,-0.16,-2.8269,137550.22,76247.743
300393.SZ,20240319,9.36,9.48,9.35,9.35,9.43,-0.08,-0.8484,122544.59,115130.401
300394.SZ,20240319,161.0,165.53,154.94,162.55,161.95,0.6,0.3705,174313.27,2796598.068
300395.SZ,20240319,32.5,32.5,31.73,31.86,32.37,-0.51,-1.5755,56002.18,179528.097
300396.SZ,20240319,24.97,24.99,24.35,24.43,25.2,-0.77,-3.0556,39938.0,98247.288
300397.SZ,20240319,8.49,8.57,8.39,8.48,8.49,-0.01,-0.1178,94301.49,79955.67
300398.SZ,20240319,14.26,14.51,14.05,14.28,14.32,-0.04,-0.2793,209298.81,298957.147
300399.SZ,20240319,11.25,11.35,11.13,11.18,11.3,-0.12,-1.0619,58793.49,66089.701
300400.SZ,20240319,12.91,13.22,12.9,12.95,12.98,-0.03,-0.2311,75607.13,98793.46
300401.SZ,20240319,9.66,9.7,9.57,9.6,9.67,-0.07,-0.7239,38208.32,36829.874
300402.SZ,20240319,16.76,17.1,16.62,16.64,16.8,-0.16,-0.9524,72027.08,120931.8
300403.SZ,20240319,8.34,8.41,8.17,8.17,8.41,-0.24,-2.8537,285692.67,236211.813
300404.SZ,20240319,8.25,8.42,8.15,8.28,8.36,-0.08,-0.9569,238732.95,197206.707
300405.SZ,20240319,5.48,5.63,5.33,5.44,5.43,0.01,0.1842,232340.79,127553.155
300406.SZ,20240319,20.73,20.76,20.28,20.37,20.73,-0.36,-1.7366,35906.5,73430.151
300407.SZ,20240319,7.46,7.88,7.38,7.61,7.52,0.09,1.1968,166113.52,126045.472
300408.SZ,20240319,26.4,26.85,26.35,26.67,26.57,0.1,0.3764,119235.45,317617.819
300409.SZ,20240319,9.88,10.08,9.85,9.91,9.93,-0.02,-0.2014,87043.75,86805.587
300410.SZ,20240319,6.32,6.44,6.28,6.4,6.35,0.05,0.7874,110775.58,70560.511
300411.SZ,20240319,10.96,12.48,10.68,11.04,11.46,-0.42,-3.6649,921528.07,1066801.003
300412.SZ,20240319,4.16,4.24,4.14,4.17,4.15,0.02,0.4819,149574.2,62695.319
300413.SZ,20240319,25.25,25.91,24.98,24.99,25.1,-0.11,-0.4382,372150.18,948922.268
300414.SZ,20240319,8.05,8.22,7.99,8.08,8.04,0.04,0.4975,65285.89,52800.076
300415.SZ,20240319,18.25,18.82,18.16,18.49,18.22,0.27,1.4819,66961.44,124148.507
300416.SZ,20240319,14.5,14.57,14.26,14.27,14.49,-0.22,-1.5183,67940.49,97744.068
300417.SZ,20240319,8.95,8.97,8.72,8.77,8.83,-0.06,-0.6795,28923.0,25514.958
300418.SZ,20240319,42.49,44.18,41.6,41.6,42.48,-0.88,-2.0716,807524.47,3455819.445
300419.SZ,20240319,5.32,6.14,5.32,6.14,5.12,1.02,19.9219,831854.18,496269.666
300420.SZ,20240319,2.84,3.05,2.82,2.87,2.85,0.02,0.7018,493235.31,145508.534
300421.SZ,20240319,9.26,9.7,9.26,9.41,9.3,0.11,1.1828,126697.78,119832.917
300422.SZ,20240319,4.76,4.85,4.67,4.68,4.76,-0.08,-1.6807,70565.83,33465.614
300423.SZ,20240319,7.05,7.36,7.03,7.04,6.96,0.08,1.1494,214065.41,153397.896
300424.SZ,20240319,11.9,12.26,11.65,11.77,12.36,-0.59,-4.7735,223895.5,266021.941
300425.SZ,20240319,4.43,4.47,4.38,4.38,4.44,-0.06,-1.3514,190715.75,84275.455
300426.SZ,20240319,9.17,9.68,9.17,9.3,9.25,0.05,0.5405,169956.0,160224.003
300427.SZ,20240319,3.9,3.94,3.86,3.87,3.9,-0.03,-0.7692,52948.5,20636.029
300428.SZ,20240319,18.58,18.66,18.25,18.31,18.68,-0.37,-1.9807,54203.82,100006.626
300429.SZ,20240319,10.65,11.4,10.58,11.16,10.72,0.44,4.1045,598489.97,662224.494
300430.SZ,20240319,19.0,19.3,18.21,18.92,19.21,-0.29,-1.5096,119804.77,223938.333
300432.SZ,20240319,8.49,8.59,8.4,8.41,8.52,-0.11,-1.2911,166435.05,141061.792
300433.SZ,20240319,13.17,13.68,13.17,13.38,13.25,0.13,0.9811,642758.03,867316.026
300434.SZ,20240319,9.65,9.65,9.39,9.44,9.49,-0.05,-0.5269,50829.6,48232.251
300435.SZ,20240319,13.43,13.65,13.36,13.46,13.47,-0.01,-0.0742,40868.0,55011.723
300436.SZ,20240319,20.87,20.95,20.35,20.44,20.92,-0.48,-2.2945,27564.02,56786.641
300437.SZ,20240319,10.33,10.53,10.21,10.32,10.33,-0.01,-0.0968,52465.34,54419.62
300438.SZ,20240319,26.4,26.57,25.4,25.45,26.57,-1.12,-4.2153,278945.38,721475.786
300439.SZ,20240319,9.82,9.92,9.77,9.81,9.85,-0.04,-0.4061,38673.52,38019.04
300440.SZ,20240319,6.46,6.56,6.4,6.47,6.44,0.03,0.4658,59331.83,38589.904
300441.SZ,20240319,7.06,7.24,7.0,7.16,7.13,0.03,0.4208,141770.88,101398.745
300442.SZ,20240319,24.9,25.45,24.45,24.98,25.0,-0.02,-0.08,174418.88,435227.155
300443.SZ,20240319,23.08,23.08,22.6,22.65,23.09,-0.44,-1.9056,88326.16,201021.198
300444.SZ,20240319,6.41,6.56,6.4,6.44,6.48,-0.04,-0.6173,214393.0,138878.778
300445.SZ,20240319,20.29,20.3,19.52,19.6,20.46,-0.86,-4.2033,102147.04,202767.43
300446.SZ,20240319,15.86,15.96,15.45,15.47,16.18,-0.71,-4.3881,182591.1,286995.497
300447.SZ,20240319,12.59,12.98,12.41,12.87,12.59,0.28,2.224,72124.55,91829.084
300448.SZ,20240319,4.43,4.72,4.41,4.57,4.42,0.15,3.3937,249372.62,114473.238
300449.SZ,20240319,4.79,4.92,4.76,4.81,4.79,0.02,0.4175,67573.8,32759.751
300450.SZ,20240319,25.99,26.12,24.9,25.17,25.73,-0.56,-2.1764,589658.68,1496890.347
300451.SZ,20240319,5.05,5.14,4.98,4.99,5.05,-0.06,-1.1881,470771.09,238428.486
300452.SZ,20240319,13.17,13.2,13.0,13.01,13.18,-0.17,-1.2898,20437.2,26714.774
300453.SZ,20240319,6.85,6.94,6.82,6.86,6.9,-0.04,-0.5797,40079.8,27554.583
300454.SZ,20240319,68.2,74.5,67.7,72.42,68.22,4.2,6.1566,154701.32,1100939.127
300455.SZ,20240319,11.51,11.64,11.44,11.5,11.6,-0.1,-0.8621,117972.04,136004.228
300456.SZ,20240319,22.27,22.87,21.94,22.27,22.19,0.08,0.3605,316670.84,710184.32
300457.SZ,20240319,17.28,17.28,16.97,16.98,17.28,-0.3,-1.7361,110063.91,188198.48
300458.SZ,20240319,20.35,20.8,20.31,20.44,20.51,-0.07,-0.3413,139955.81,288221.733
300459.SZ,20240319,4.78,4.88,4.72,4.72,4.81,-0.09,-1.8711,1560429.63,748921.976
300460.SZ,20240319,9.49,9.79,9.45,9.65,9.48,0.17,1.7932,169220.6,162775.044
300461.SZ,20240319,17.98,18.36,17.78,17.97,18.03,-0.06,-0.3328,32316.18,58461.55
300462.SZ,20240319,9.11,9.6,9.05,9.16,9.1,0.06,0.6593,111767.0,103873.732
300463.SZ,20240319,13.69,13.7,13.53,13.55,13.72,-0.17,-1.2391,49854.58,67829.071
300464.SZ,20240319,4.66,4.72,4.63,4.65,4.66,-0.01,-0.2146,22937.62,10701.654
300465.SZ,20240319,8.62,8.68,8.56,8.58,8.63,-0.05,-0.5794,92779.98,79965.402
300466.SZ,20240319,10.72,10.98,10.41,10.53,11.11,-0.58,-5.2205,600483.66,638067.094
300467.SZ,20240319,14.5,14.73,14.36,14.49,14.5,-0.01,-0.069,72913.0,105866.142
300468.SZ,20240319,9.48,9.85,9.43,9.56,9.5,0.06,0.6316,244478.55,234657.873
300469.SZ,20240319,14.7,15.72,14.45,15.1,14.92,0.18,1.2064,372979.72,568682.476
300470.SZ,20240319,35.32,35.47,34.65,34.74,35.45,-0.71,-2.0028,9731.21,33989.176
300471.SZ,20240319,11.26,11.83,11.26,11.42,11.26,0.16,1.421,167998.91,194095.619
300472.SZ,20240319,6.64,7.15,6.6,6.87,6.64,0.23,3.4639,248199.48,169696.932
300473.SZ,20240319,16.38,16.66,16.26,16.54,16.45,0.09,0.5471,37046.0,60934.644
300474.SZ,20240319,87.97,87.98,83.9,84.0,89.76,-5.76,-6.4171,331458.65,2830966.686
300475.SZ,20240319,43.13,44.0,41.81,41.88,42.8,-0.92,-2.1495,202619.25,870215.347
300476.SZ,20240319,26.73,27.16,26.3,26.6,27.16,-0.56,-2.0619,313996.97,836488.422
300477.SZ,20240319,2.9,3.03,2.9,2.92,2.91,0.01,0.3436,245152.0,72483.569
300478.SZ,20240319,10.9,11.49,10.88,11.18,10.98,0.2,1.8215,73533.3,82762.955
300479.SZ,20240319,19.17,19.62,19.0,19.1,20.1,-1.0,-4.9751,171470.99,329675.784
300480.SZ,20240319,19.33,19.68,19.01,19.4,19.36,0.04,0.2066,75925.68,146764.032
300481.SZ,20240319,14.09,14.24,14.06,14.11,14.16,-0.05,-0.3531,47690.57,67439.465
300482.SZ,20240319,26.85,26.98,26.31,26.33,26.82,-0.49,-1.827,29030.88,77337.11
300483.SZ,20240319,9.0,9.13,8.96,8.96,9.04,-0.08,-0.885,30124.8,27245.618
300484.SZ,20240319,12.66,13.48,12.08,12.74,12.85,-0.11,-0.856,334609.0,426271.75
300485.SZ,20240319,9.01,9.03,8.84,8.84,9.0,-0.16,-1.7778,64238.17,57189.652
300486.SZ,20240319,6.39,6.57,6.21,6.22,6.34,-0.12,-1.8927,358156.95,229504.954
300487.SZ,20240319,45.7,46.33,45.45,45.9,45.75,0.15,0.3279,32901.97,151019.008
300488.SZ,20240319,23.76,24.06,23.55,23.62,23.8,-0.18,-0.7563,15306.38,36391.709
300489.SZ,20240319,16.72,17.58,16.53,17.34,16.76,0.58,3.4606,31282.0,53625.097
300490.SZ,20240319,9.72,9.86,9.66,9.73,9.72,0.01,0.1029,87299.08,85081.457
300491.SZ,20240319,20.8,20.9,20.23,20.27,20.48,-0.21,-1.0254,53264.53,109277.544
300492.SZ,20240319,104.0,104.41,101.24,101.74,104.28,-2.54,-2.4357,9351.0,95976.642
300493.SZ,20240319,8.25,8.5,7.97,7.99,8.25,-0.26,-3.1515,315193.38,257783.281
300494.SZ,20240319,15.5,15.99,15.34,15.37,15.6,-0.23,-1.4744,664609.28,1038942.18
300496.SZ,20240319,62.88,67.08,61.75,66.04,63.14,2.9,4.593,373209.14,2427793.077
300497.SZ,20240319,8.9,9.01,8.79,9.01,9.0,0.01,0.1111,67280.64,59956.753
300498.SZ,20240319,17.8,18.7,17.78,18.61,17.89,0.72,4.0246,676716.8,1249026.367
300499.SZ,20240319,14.2,14.22,13.87,13.98,14.32,-0.34,-2.3743,203599.57,285618.014
300500.SZ,20240319,10.37,10.46,10.15,10.15,10.41,-0.26,-2.4976,34471.0,35387.81
300501.SZ,20240319,12.24,12.45,12.16,12.2,12.24,-0.04,-0.3268,20352.5,25041.745
300502.SZ,20240319,77.3,78.48,75.43,77.06,79.4,-2.34,-2.9471,479493.57,3694312.938
300503.SZ,20240319,16.98,17.48,16.78,16.82,17.22,-0.4,-2.3229,256946.0,438778.066
300504.SZ,20240319,15.45,15.71,15.27,15.5,15.46,0.04,0.2587,61013.0,94503.432
300505.SZ,20240319,11.26,11.57,11.16,11.45,11.26,0.19,1.6874,145065.06,165049.921
300506.SZ,20240319,5.18,5.45,5.13,5.36,5.22,0.14,2.682,161735.4,85483.228
300507.SZ,20240319,5.87,5.91,5.8,5.8,5.91,-0.11,-1.8613,239483.89,139771.971
300508.SZ,20240319,24.22,24.44,23.69,23.82,24.1,-0.28,-1.1618,30893.44,74140.551
300509.SZ,20240319,5.41,5.51,5.34,5.37,5.42,-0.05,-0.9225,79744.29,43193.021
300510.SZ,20240319,5.1,5.17,5.1,5.1,5.12,-0.02,-0.3906,121304.32,62215.262
300511.SZ,20240319,4.1,4.19,4.09,4.14,4.12,0.02,0.4854,137049.87,56980.422
300512.SZ,20240319,6.88,6.97,6.84,6.88,6.92,-0.04,-0.578,57728.4,39818.985
300513.SZ,20240319,10.36,10.47,10.3,10.31,10.4,-0.09,-0.8654,62422.16,64689.247
300514.SZ,20240319,15.56,15.84,15.4,15.43,15.66,-0.23,-1.4687,59140.43,92176.28
300515.SZ,20240319,9.72,9.82,9.61,9.71,9.7,0.01,0.1031,42860.0,41652.257
300516.SZ,20240319,27.9,29.0,27.58,28.06,27.5,0.56,2.0364,35237.46,99484.436
300517.SZ,20240319,8.86,8.9,8.71,8.74,8.83,-0.09,-1.0193,25853.9,22705.861
300518.SZ,20240319,12.48,12.74,12.3,12.58,12.49,0.09,0.7206,33122.4,41820.106
300519.SZ,20240319,13.26,13.44,13.09,13.2,13.23,-0.03,-0.2268,38733.07,51329.189
300520.SZ,20240319,17.49,18.31,17.29,18.05,17.38,0.67,3.855,187737.13,335462.456
300521.SZ,20240319,11.14,11.6,11.09,11.45,11.09,0.36,3.2462,44594.8,50883.17
300522.SZ,20240319,12.58,12.58,12.28,12.42,12.5,-0.08,-0.64,33817.0,42018.636
300523.SZ,20240319,21.34,21.56,21.16,21.17,21.5,-0.33,-1.5349,33394.32,71233.028
300525.SZ,20240319,14.14,14.14,13.9,13.92,14.14,-0.22,-1.5559,84618.3,118404.845
300527.SZ,20240319,7.04,7.08,6.97,6.98,7.04,-0.06,-0.8523,69990.42,49134.884
300528.SZ,20240319,8.84,9.15,8.74,8.75,8.84,-0.09,-1.0181,97028.18,86572.823
300529.SZ,20240319,23.65,24.0,23.53,23.6,23.77,-0.17,-0.7152,40110.76,95365.926
300530.SZ,20240319,24.52,24.86,23.89,23.96,25.53,-1.57,-6.1496,87368.04,211529.39
300531.SZ,20240319,12.6,12.85,12.52,12.71,12.64,0.07,0.5538,99412.77,126274.986
300532.SZ,20240319,15.75,16.06,15.58,15.79,15.58,0.21,1.3479,134662.98,212975.616
300533.SZ,20240319,28.99,29.88,28.71,28.73,29.37,-0.64,-2.1791,166341.37,487265.978
300534.SZ,20240319,8.74,9.04,8.69,9.01,8.76,0.25,2.8539,224371.95,199076.479
300535.SZ,20240319,13.12,13.37,13.0,13.14,13.15,-0.01,-0.076,18982.08,24982.477
300536.SZ,20240319,21.23,22.0,20.86,21.4,21.32,0.08,0.3752,90158.05,194315.8
300537.SZ,20240319,16.46,17.9,16.31,17.46,16.33,1.13,6.9198,264825.19,457149.525
300538.SZ,20240319,15.52,16.27,15.51,16.08,15.62,0.46,2.9449,125427.61,199794.884
300539.SZ,20240319,9.52,9.67,9.47,9.61,9.58,0.03,0.3132,53860.0,51566.79
300540.SZ,20240319,24.08,24.69,23.7,23.92,24.07,-0.15,-0.6232,31220.01,75155.504
300541.SZ,20240319,14.99,15.07,14.8,14.84,15.13,-0.29,-1.9167,141017.81,210746.636
300542.SZ,20240319,11.51,11.66,11.25,11.27,11.74,-0.47,-4.0034,160783.63,183509.896
300543.SZ,20240319,8.36,9.15,8.2,8.54,8.37,0.17,2.0311,163765.36,142472.747
300545.SZ,20240319,28.74,29.35,28.31,28.43,28.87,-0.44,-1.5241,58987.0,169196.302
300546.SZ,20240319,12.48,12.73,12.44,12.53,12.48,0.05,0.4006,44006.31,55298.786
300547.SZ,20240319,19.17,19.88,18.73,19.75,18.93,0.82,4.3317,148856.0,290122.73
300548.SZ,20240319,29.43,32.7,28.94,31.55,29.9,1.65,5.5184,459861.72,1419722.284
300549.SZ,20240319,18.95,19.16,18.47,18.65,19.23,-0.58,-3.0161,80324.13,151064.156
300550.SZ,20240319,12.0,12.45,11.92,12.22,12.02,0.2,1.6639,37190.08,45507.666
300551.SZ,20240319,15.99,16.28,15.8,16.11,15.9,0.21,1.3208,141820.95,227703.976
300552.SZ,20240319,22.0,25.64,21.87,25.64,21.37,4.27,19.9813,247295.78,589421.379
300553.SZ,20240319,30.85,31.02,30.03,30.47,31.94,-1.47,-4.6024,59859.76,182992.878
300554.SZ,20240319,27.5,28.21,26.81,26.9,27.39,-0.49,-1.789,186891.94,512417.309
300555.SZ,20240319,6.45,6.55,6.43,6.47,6.47,0.0,0.0,16717.5,10824.019
300556.SZ,20240319,26.45,27.3,26.32,26.49,26.61,-0.12,-0.451,168841.74,454045.214
300557.SZ,20240319,29.27,29.65,29.01,29.24,29.27,-0.03,-0.1025,10475.0,30689.697
300558.SZ,20240319,46.31,46.68,45.96,46.0,46.7,-0.7,-1.4989,43895.61,202923.446
300559.SZ,20240319,13.56,13.85,13.44,13.54,13.5,0.04,0.2963,154049.69,210709.746
300560.SZ,20240319,17.31,17.33,16.5,16.59,17.08,-0.49,-2.8689,134637.52,226316.737
300561.SZ,20240319,10.24,10.38,10.19,10.26,10.28,-0.02,-0.1946,52464.76,53875.764
300562.SZ,20240319,9.63,10.1,9.5,9.52,9.68,-0.16,-1.6529,140332.5,136143.008
300563.SZ,20240319,12.8,14.25,12.76,14.03,12.85,1.18,9.1829,172903.5,236268.67
300564.SZ,20240319,10.38,10.48,10.19,10.22,10.42,-0.2,-1.9194,25966.0,26791.427
300565.SZ,20240319,12.56,12.8,12.4,12.6,12.48,0.12,0.9615,69438.84,87417.678
300566.SZ,20240319,14.5,14.79,14.45,14.62,14.57,0.05,0.3432,50884.65,74613.303
300567.SZ,20240319,71.19,72.48,69.68,70.9,71.19,-0.29,-0.4074,44700.47,317043.855
300568.SZ,20240319,12.4,12.43,12.16,12.17,12.45,-0.28,-2.249,228373.64,280032.538
300569.SZ,20240319,5.47,5.53,5.45,5.45,5.49,-0.04,-0.7286,144223.37,79063.596
300570.SZ,20240319,41.8,46.8,41.2,44.78,42.67,2.11,4.9449,377005.0,1662143.02
300571.SZ,20240319,30.65,30.84,30.07,30.14,30.65,-0.51,-1.6639,39981.0,121677.759
300572.SZ,20240319,13.4,13.55,13.16,13.19,13.52,-0.33,-2.4408,63304.28,84358.799
300573.SZ,20240319,204.01,217.86,204.01,214.0,205.08,8.92,4.3495,39597.7,843117.673
300575.SZ,20240319,6.28,6.41,6.26,6.37,6.31,0.06,0.9509,102644.21,65123.576
300576.SZ,20240319,40.28,43.0,39.66,41.78,40.22,1.56,3.8787,199974.83,822520.525
300577.SZ,20240319,13.77,13.8,13.55,13.69,13.69,0.0,0.0,11799.03,16154.447
300578.SZ,20240319,15.12,15.49,15.0,15.13,15.2,-0.07,-0.4605,82584.57,126020.766
300579.SZ,20240319,23.28,23.54,23.11,23.23,23.25,-0.02,-0.086,33052.0,77072.213
300580.SZ,20240319,30.13,30.13,28.88,29.17,30.32,-1.15,-3.7929,136994.2,399842.883
300581.SZ,20240319,8.68,8.84,8.58,8.63,8.69,-0.06,-0.6904,120904.3,105268.477
300582.SZ,20240319,9.2,9.31,9.17,9.24,9.22,0.02,0.2169,48906.08,45196.503
300583.SZ,20240319,17.28,17.34,17.1,17.12,17.34,-0.22,-1.2687,18610.0,32027.819
300584.SZ,20240319,18.79,19.03,18.63,18.69,18.87,-0.18,-0.9539,33289.89,62562.818
300585.SZ,20240319,13.06,13.43,12.99,13.24,13.13,0.11,0.8378,83361.51,110225.263
300586.SZ,20240319,6.85,7.01,6.82,6.9,6.85,0.05,0.7299,96760.7,66726.877
300587.SZ,20240319,4.5,4.54,4.47,4.49,4.5,-0.01,-0.2222,118497.68,53392.056
300588.SZ,20240319,10.18,10.44,10.13,10.32,10.3,0.02,0.1942,101693.97,105129.358
300589.SZ,20240319,11.97,12.43,11.8,12.0,11.8,0.2,1.6949,117536.31,142838.998
300590.SZ,20240319,9.69,10.1,9.62,9.98,9.69,0.29,2.9928,113167.28,112012.209
300591.SZ,20240319,4.75,4.75,4.61,4.68,4.69,-0.01,-0.2132,97481.0,45658.308
300592.SZ,20240319,21.23,21.39,20.81,20.91,21.32,-0.41,-1.9231,48702.0,102792.016
300593.SZ,20240319,11.38,11.4,11.22,11.23,11.34,-0.11,-0.97,99574.34,112442.744
300594.SZ,20240319,17.66,17.93,17.46,17.59,17.85,-0.26,-1.4566,39842.0,70442.892
300595.SZ,20240319,20.19,20.26,19.84,19.87,20.27,-0.4,-1.9734,71090.28,142491.58
300596.SZ,20240319,24.85,25.1,24.4,24.49,24.86,-0.37,-1.4883,18318.0,45237.654
300597.SZ,20240319,7.79,7.89,7.73,7.79,7.77,0.02,0.2574,62757.54,49124.302
300598.SZ,20240319,45.0,46.25,44.4,44.64,45.45,-0.81,-1.7822,87567.47,396791.584
300599.SZ,20240319,6.38,6.38,6.25,6.3,6.34,-0.04,-0.6309,33620.97,21248.297
300600.SZ,20240319,8.97,9.29,8.9,9.06,8.98,0.08,0.8909,87763.0,79681.789
300601.SZ,20240319,24.07,24.13,23.76,23.76,24.19,-0.43,-1.7776,82356.31,196974.15
300602.SZ,20240319,17.35,17.59,17.21,17.33,17.5,-0.17,-0.9714,159303.16,277116.968
300603.SZ,20240319,9.67,9.92,9.67,9.68,9.91,-0.23,-2.3209,240842.06,235236.67
300604.SZ,20240319,30.75,33.17,30.56,31.94,30.8,1.14,3.7013,253548.55,814361.114
300605.SZ,20240319,11.66,11.77,11.55,11.6,11.62,-0.02,-0.1721,50498.63,58825.118
300606.SZ,20240319,24.69,25.62,23.88,23.95,23.8,0.15,0.6303,160288.99,395241.947
300607.SZ,20240319,14.39,14.49,14.18,14.18,14.47,-0.29,-2.0041,98990.38,141701.946
300608.SZ,20240319,13.54,13.87,13.39,13.7,13.56,0.14,1.0324,249954.88,342453.442
300609.SZ,20240319,21.16,21.95,20.97,21.52,21.09,0.43,2.0389,109572.18,235368.664
300610.SZ,20240319,9.67,9.86,9.53,9.74,10.18,-0.44,-4.3222,136036.92,131938.235
300611.SZ,20240319,9.15,9.3,9.02,9.09,9.13,-0.04,-0.4381,48600.0,44487.618
300612.SZ,20240319,17.77,18.1,17.5,17.52,17.77,-0.25,-1.4069,123572.09,219360.538
300613.SZ,20240319,37.39,37.81,36.97,37.27,37.33,-0.06,-0.1607,36739.85,137467.419
300614.SZ,20240319,13.68,13.86,13.57,13.69,13.68,0.01,0.0731,26199.13,35859.469
300615.SZ,20240319,13.3,14.16,13.23,13.7,13.32,0.38,2.8529,83366.0,114721.066
300616.SZ,20240319,14.68,15.05,14.68,14.87,14.83,0.04,0.2697,33225.75,49404.714
300617.SZ,20240319,29.04,29.35,28.95,29.06,29.15,-0.09,-0.3087,12433.0,36250.844
300618.SZ,20240319,24.84,25.95,24.81,25.2,25.04,0.16,0.639,90342.98,230019.668
300619.SZ,20240319,42.08,42.57,41.98,42.01,42.37,-0.36,-0.8497,8103.5,34193.133
300620.SZ,20240319,52.89,61.66,51.89,57.57,53.94,3.63,6.7297,382552.46,2140787.446
300621.SZ,20240319,8.68,8.87,8.56,8.66,8.64,0.02,0.2315,27015.0,23511.802
300622.SZ,20240319,17.18,17.39,17.15,17.22,17.24,-0.02,-0.116,14629.0,25257.658
300623.SZ,20240319,15.8,15.85,15.63,15.64,15.97,-0.33,-2.0664,107135.93,168389.705
300624.SZ,20240319,111.6,115.0,106.42,106.72,107.87,-1.15,-1.0661,164074.75,1821530.593
300625.SZ,20240319,12.91,13.06,12.88,12.9,12.96,-0.06,-0.463,20744.0,26883.289
300626.SZ,20240319,8.0,8.37,8.0,8.22,8.18,0.04,0.489,165663.0,135479.465
300627.SZ,20240319,25.78,26.59,25.7,25.97,25.7,0.27,1.0506,132849.93,347907.212
300628.SZ,20240319,27.69,28.08,27.17,27.51,27.67,-0.16,-0.5782,76915.57,211424.177
300629.SZ,20240319,18.98,19.19,18.85,19.0,19.11,-0.11,-0.5756,55702.66,105978.82
300630.SZ,20240319,20.4,20.65,20.06,20.12,20.6,-0.48,-2.3301,202426.42,410813.861
300631.SZ,20240319,24.03,24.85,24.03,24.12,24.02,0.1,0.4163,24379.64,59425.272
300632.SZ,20240319,10.12,10.33,10.12,10.18,10.15,0.03,0.2956,36433.0,37187.863
300633.SZ,20240319,43.85,44.4,43.28,43.58,44.1,-0.52,-1.1791,25753.68,112719.414
300634.SZ,20240319,18.74,20.95,18.59,19.87,18.75,1.12,5.9733,535425.35,1056309.315
300635.SZ,20240319,10.0,10.04,9.88,9.95,9.96,-0.01,-0.1004,30214.87,30121.23
300636.SZ,20240319,8.05,8.07,7.94,7.96,8.04,-0.08,-0.995,39092.42,31268.737
300637.SZ,20240319,8.0,9.08,7.95,8.88,7.98,0.9,11.2782,420647.99,350628.914
300638.SZ,20240319,17.22,17.77,17.09,17.47,17.35,0.12,0.6916,217461.54,380138.201
300639.SZ,20240319,7.48,7.55,7.43,7.44,7.51,-0.07,-0.9321,48749.92,36382.092
300640.SZ,20240319,5.08,5.15,5.04,5.07,5.07,0.0,0.0,54148.72,27565.057
300641.SZ,20240319,4.42,4.48,4.35,4.37,4.41,-0.04,-0.907,50736.23,22275.174
300642.SZ,20240319,14.18,14.35,14.11,14.2,14.21,-0.01,-0.0704,17294.9,24609.381
300643.SZ,20240319,10.88,11.23,10.79,10.94,10.88,0.06,0.5515,41597.49,45718.128
300644.SZ,20240319,16.1,16.43,15.93,16.13,16.08,0.05,0.3109,30827.4,49760.895
300645.SZ,20240319,15.55,16.16,15.55,16.07,15.69,0.38,2.4219,84004.42,133656.547
300647.SZ,20240319,5.13,5.25,5.08,5.1,5.18,-0.08,-1.5444,262850.0,135327.614
300648.SZ,20240319,20.29,20.55,20.04,20.1,20.44,-0.34,-1.6634,31278.81,63093.065
300649.SZ,20240319,12.8,12.89,12.58,12.6,12.8,-0.2,-1.5625,30746.0,39025.472
300650.SZ,20240319,10.41,10.66,10.4,10.42,10.39,0.03,0.2887,63638.86,66826.659
300651.SZ,20240319,15.27,15.44,15.1,15.2,15.25,-0.05,-0.3279,15671.0,23960.107
300652.SZ,20240319,21.8,23.31,21.68,22.9,21.72,1.18,5.4328,37374.0,84902.406
300653.SZ,20240319,24.83,24.91,24.44,24.52,24.92,-0.4,-1.6051,18766.0,46225.028
300654.SZ,20240319,10.8,11.49,10.71,10.75,10.62,0.13,1.2241,372564.62,411356.883
300655.SZ,20240319,8.55,8.67,8.4,8.49,8.56,-0.07,-0.8178,275238.96,234041.019
300656.SZ,20240319,21.61,21.9,21.39,21.66,21.8,-0.14,-0.6422,21515.03,46545.678
300657.SZ,20240319,18.78,19.09,18.6,18.64,18.89,-0.25,-1.3235,170118.25,320056.317
300658.SZ,20240319,5.38,5.48,5.36,5.41,5.39,0.02,0.3711,46478.3,25194.599
300659.SZ,20240319,18.25,18.6,18.03,18.21,18.15,0.06,0.3306,79016.0,144996.346
300660.SZ,20240319,29.35,29.67,28.9,29.04,29.67,-0.63,-2.1234,93843.87,273853.619
300661.SZ,20240319,72.28,73.73,71.82,72.75,72.31,0.44,0.6085,20461.71,149301.624
300662.SZ,20240319,23.08,23.16,22.79,22.82,23.18,-0.36,-1.5531,41051.64,94069.397
300663.SZ,20240319,12.88,13.5,12.32,12.35,11.96,0.39,3.2609,543232.95,694149.321
300664.SZ,20240319,4.84,4.86,4.8,4.81,4.85,-0.04,-0.8247,63159.0,30515.933
300665.SZ,20240319,6.83,6.97,6.76,6.87,6.85,0.02,0.292,52682.12,36277.217
300666.SZ,20240319,49.72,50.07,49.2,49.42,49.76,-0.34,-0.6833,33468.75,166370.142
300667.SZ,20240319,14.53,14.91,14.36,14.66,14.54,0.12,0.8253,43691.0,63734.048
300668.SZ,20240319,21.38,21.95,21.14,21.18,21.35,-0.17,-0.7963,15381.5,32977.299
300669.SZ,20240319,14.84,14.91,14.65,14.71,14.79,-0.08,-0.5409,11923.3,17583.216
300670.SZ,20240319,5.76,5.8,5.68,5.7,5.76,-0.06,-1.0417,92202.7,52776.299
300671.SZ,20240319,26.35,28.12,26.16,26.68,26.44,0.24,0.9077,88480.97,239780.033
300672.SZ,20240319,57.8,58.51,57.36,57.37,58.11,-0.74,-1.2734,48964.99,283485.457
300673.SZ,20240319,11.36,11.66,11.36,11.48,11.36,0.12,1.0563,25779.0,29641.34
300674.SZ,20240319,14.23,14.39,14.16,14.2,14.26,-0.06,-0.4208,118567.16,169262.745
300675.SZ,20240319,11.74,11.83,11.67,11.75,11.74,0.01,0.0852,29268.0,34402.05
300676.SZ,20240319,45.0,46.16,44.7,44.75,44.98,-0.23,-0.5113,46188.14,209261.102
300677.SZ,20240319,21.0,21.07,20.77,20.87,21.05,-0.18,-0.8551,63472.73,132645.08
300678.SZ,20240319,36.19,36.68,35.85,35.88,36.49,-0.61,-1.6717,180969.03,655780.15
300679.SZ,20240319,40.21,41.65,39.85,40.99,40.3,0.69,1.7122,47285.74,193946.086
300680.SZ,20240319,17.13,17.34,16.82,16.87,17.26,-0.39,-2.2596,77047.26,131315.689
300681.SZ,20240319,17.5,17.79,16.8,17.14,17.9,-0.76,-4.2458,162111.25,280675.622
300682.SZ,20240319,13.26,13.61,13.08,13.41,13.2,0.21,1.5909,176420.46,236871.089
300683.SZ,20240319,27.32,27.36,26.97,27.04,27.3,-0.26,-0.9524,10756.0,29182.205
300684.SZ,20240319,18.45,18.82,18.2,18.22,18.85,-0.63,-3.3422,178752.72,329707.292
300685.SZ,20240319,23.6,23.6,23.07,23.11,23.63,-0.52,-2.2006,23817.7,55335.356
300686.SZ,20240319,8.33,8.6,8.32,8.36,8.46,-0.1,-1.182,168460.53,142431.363
300687.SZ,20240319,19.88,19.99,19.62,19.71,19.94,-0.23,-1.1535,86595.54,171496.139
300688.SZ,20240319,26.8,27.26,26.63,26.69,26.99,-0.3,-1.1115,80457.31,216487.008
300689.SZ,20240319,16.01,16.16,15.46,15.53,15.96,-0.43,-2.6942,21214.04,33267.875
300690.SZ,20240319,17.88,18.88,17.19,18.29,18.02,0.27,1.4983,206583.8,372665.708
300691.SZ,20240319,18.34,18.7,18.11,18.4,18.4,0.0,0.0,64539.54,118992.691
300692.SZ,20240319,5.35,5.36,5.3,5.31,5.35,-0.04,-0.7477,30717.19,16364.441
300693.SZ,20240319,31.96,32.35,31.7,31.78,31.96,-0.18,-0.5632,100654.33,321765.463
300694.SZ,20240319,10.49,10.69,10.42,10.49,10.49,0.0,0.0,42091.0,44386.486
300695.SZ,20240319,44.5,45.3,44.41,44.59,44.48,0.11,0.2473,3300.88,14832.303
300696.SZ,20240319,14.61,14.97,14.47,14.64,14.67,-0.03,-0.2045,88191.2,129920.382
300697.SZ,20240319,12.13,12.4,11.77,11.96,12.46,-0.5,-4.0128,219065.41,263350.12
300698.SZ,20240319,32.31,36.0,32.31,34.27,32.3,1.97,6.0991,33739.07,115523.32
300699.SZ,20240319,29.91,31.62,29.79,30.6,29.87,0.73,2.4439,276088.75,848666.423
300700.SZ,20240319,13.37,13.65,13.33,13.46,13.47,-0.01,-0.0742,65877.75,88834.648
300701.SZ,20240319,8.6,8.8,8.59,8.76,8.59,0.17,1.979,80751.44,70283.729
300702.SZ,20240319,18.01,18.06,17.72,17.73,18.0,-0.27,-1.5,21548.6,38415.549
300703.SZ,20240319,8.89,9.1,8.85,8.89,8.9,-0.01,-0.1124,39585.0,35446.95
300705.SZ,20240319,37.6,37.96,36.79,37.4,37.6,-0.2,-0.5319,22624.2,84443.33
300706.SZ,20240319,20.79,20.84,20.52,20.66,20.86,-0.2,-0.9588,31630.0,65390.862
300707.SZ,20240319,14.58,14.86,14.36,14.53,14.56,-0.03,-0.206,84182.0,123017.055
300708.SZ,20240319,9.28,9.45,9.21,9.33,9.28,0.05,0.5388,176884.99,165193.358
300709.SZ,20240319,37.2,37.23,35.8,36.48,38.45,-1.97,-5.1235,304915.44,1118625.003
300710.SZ,20240319,18.08,18.85,18.02,18.42,18.2,0.22,1.2088,36020.4,66082.103
300711.SZ,20240319,13.05,13.37,12.89,13.23,13.06,0.17,1.3017,69000.52,90751.214
300712.SZ,20240319,25.93,26.18,25.6,26.1,25.99,0.11,0.4232,41355.11,106976.202
300713.SZ,20240319,14.72,15.2,14.55,14.82,14.69,0.13,0.885,81622.64,121920.351
300715.SZ,20240319,9.47,9.47,9.27,9.42,9.41,0.01,0.1063,14499.34,13616.077
300716.SZ,20240319,9.91,10.14,9.75,9.76,9.91,-0.15,-1.5136,45612.0,45081.077
300717.SZ,20240319,13.39,13.79,13.35,13.42,13.5,-0.08,-0.5926,20025.26,27039.002
300718.SZ,20240319,17.23,17.47,17.13,17.13,17.2,-0.07,-0.407,26870.66,46473.228
300719.SZ,20240319,12.41,12.75,12.33,12.35,12.8,-0.45,-3.5156,169520.55,211308.311
300720.SZ,20240319,15.98,16.22,15.7,15.88,15.98,-0.1,-0.6258,34136.2,54200.643
300721.SZ,20240319,11.2,11.36,11.03,11.16,11.18,-0.02,-0.1789,59272.9,66271.536
300722.SZ,20240319,23.34,23.63,23.02,23.3,23.39,-0.09,-0.3848,36696.05,85844.15
300723.SZ,20240319,27.53,28.97,27.33,27.94,28.7,-0.76,-2.6481,146311.76,409297.957
300724.SZ,20240319,68.0,68.79,66.9,66.91,68.29,-1.38,-2.0208,52482.02,354906.147
300725.SZ,20240319,37.5,39.44,36.79,36.92,37.67,-0.75,-1.991,183973.97,697922.384
300726.SZ,20240319,26.18,26.29,25.88,25.98,26.31,-0.33,-1.2543,42850.81,111622.867
300727.SZ,20240319,33.8,34.49,32.9,32.9,35.33,-2.43,-6.878,177967.63,598813.291
300729.SZ,20240319,18.96,19.1,18.62,18.7,19.14,-0.44,-2.2989,82683.8,155256.798
300730.SZ,20240319,12.18,12.3,11.8,11.84,12.39,-0.55,-4.4391,200928.05,242040.755
300731.SZ,20240319,19.58,19.58,18.93,18.94,19.52,-0.58,-2.9713,83686.2,160370.259
300732.SZ,20240319,7.55,7.61,7.48,7.51,7.55,-0.04,-0.5298,30842.97,23251.28
300733.SZ,20240319,10.2,10.2,10.04,10.06,10.2,-0.14,-1.3725,30158.03,30475.168
300735.SZ,20240319,28.63,29.36,28.0,28.11,29.21,-1.1,-3.7658,844288.31,2420982.472
300736.SZ,20240319,14.37,14.69,14.31,14.61,14.39,0.22,1.5288,25152.0,36622.177
300737.SZ,20240319,5.17,5.19,5.09,5.12,5.17,-0.05,-0.9671,101070.7,51864.609
300738.SZ,20240319,10.03,10.12,9.91,9.96,10.14,-0.18,-1.7751,361298.86,361191.167
300739.SZ,20240319,14.37,14.52,14.2,14.33,14.4,-0.07,-0.4861,83252.35,119490.228
300740.SZ,20240319,17.2,17.55,17.05,17.3,17.25,0.05,0.2899,67244.88,116344.379
300741.SZ,20240319,19.23,19.31,19.05,19.19,19.28,-0.09,-0.4668,13001.91,24997.968
300743.SZ,20240319,11.42,11.58,11.27,11.41,11.37,0.04,0.3518,25728.0,29391.092
300745.SZ,20240319,20.4,20.84,20.25,20.45,20.43,0.02,0.0979,48822.39,100342.61
300746.SZ,20240319,7.94,8.0,7.7,7.74,7.98,-0.24,-3.0075,49205.44,38407.016
300747.SZ,20240319,22.06,22.1,21.7,21.71,22.17,-0.46,-2.0749,107644.2,235552.454
300748.SZ,20240319,16.51,16.94,16.37,16.48,16.56,-0.08,-0.4831,223799.74,372976.995
300749.SZ,20240319,7.01,7.09,6.87,6.88,7.02,-0.14,-1.9943,51206.27,35553.76
300750.SZ,20240319,190.49,192.3,186.6,187.25,190.96,-3.71,-1.9428,269575.76,5099068.939
300751.SZ,20240319,119.25,121.3,117.3,117.3,120.37,-3.07,-2.5505,20403.79,241555.56
300752.SZ,20240319,13.01,13.2,12.92,13.08,12.97,0.11,0.8481,43763.0,57231.273
300753.SZ,20240319,13.5,13.51,13.14,13.15,13.51,-0.36,-2.6647,52344.75,69646.586
300755.SZ,20240319,17.4,17.69,17.3,17.41,17.47,-0.06,-0.3434,18715.48,32726.566
300756.SZ,20240319,13.82,14.24,13.69,14.05,13.81,0.24,1.7379,31366.39,44056.497
300757.SZ,20240319,126.98,130.88,122.03,129.35,129.4,-0.05,-0.0386,114600.68,1452714.882
300758.SZ,20240319,8.58,8.83,8.58,8.69,8.7,-0.01,-0.1149,52672.98,45853.479
300759.SZ,20240319,23.35,23.51,22.84,22.84,23.6,-0.76,-3.2203,319291.64,738222.307
300760.SZ,20240319,292.02,295.83,291.06,292.77,293.07,-0.3,-0.1024,22583.42,663369.494
300761.SZ,20240319,20.5,20.5,19.96,20.02,19.96,0.06,0.3006,23482.76,47385.82
300762.SZ,20240319,14.87,15.07,14.5,14.55,15.06,-0.51,-3.3865,318249.07,469677.219
300763.SZ,20240319,68.27,69.7,66.51,66.57,68.27,-1.7,-2.4901,66860.28,453116.83
300765.SZ,20240319,40.5,41.3,39.92,40.12,40.9,-0.78,-1.9071,96630.63,390868.108
300766.SZ,20240319,14.9,15.18,14.53,14.55,14.9,-0.35,-2.349,270192.08,400827.908
300767.SZ,20240319,12.9,13.08,12.8,12.86,12.9,-0.04,-0.3101,50477.78,65216.9
300768.SZ,20240319,12.53,12.98,12.45,12.76,12.51,0.25,1.9984,71437.52,90939.896
300769.SZ,20240319,44.89,45.05,43.66,43.67,44.9,-1.23,-2.7394,97253.67,429064.415
300770.SZ,20240319,40.39,41.62,40.11,40.7,40.6,0.1,0.2463,41083.39,168825.379
300771.SZ,20240319,11.01,12.08,10.93,11.83,11.03,0.8,7.2529,413226.78,477898.27
300772.SZ,20240319,9.6,9.72,9.52,9.52,9.67,-0.15,-1.5512,56159.99,53934.959
300773.SZ,20240319,14.54,14.56,14.31,14.37,14.53,-0.16,-1.1012,106222.75,153275.058
300774.SZ,20240319,8.86,8.99,8.78,8.84,8.83,0.01,0.1133,33144.33,29459.505
300775.SZ,20240319,26.0,26.17,25.55,25.62,26.05,-0.43,-1.6507,86265.21,222812.055
300776.SZ,20240319,48.47,48.98,47.61,47.64,48.71,-1.07,-2.1967,25920.46,124664.097
300777.SZ,20240319,25.36,26.55,25.32,25.82,25.53,0.29,1.1359,120509.59,313474.366
300778.SZ,20240319,10.82,10.95,10.73,10.8,10.82,-0.02,-0.1848,42584.95,46159.965
300779.SZ,20240319,41.44,41.95,40.9,41.0,41.44,-0.44,-1.0618,15632.59,64718.69
300780.SZ,20240319,21.93,22.08,20.76,20.81,22.16,-1.35,-6.0921,178054.57,381327.883
300781.SZ,20240319,63.44,67.89,60.55,61.0,62.46,-1.46,-2.3375,238717.61,1528750.609
300782.SZ,20240319,111.0,116.19,110.21,113.86,111.0,2.86,2.5766,93861.7,1071998.816
300783.SZ,20240319,21.4,21.65,21.19,21.38,21.45,-0.07,-0.3263,66687.78,142810.043
300785.SZ,20240319,20.45,21.7,20.2,21.58,20.4,1.18,5.7843,138591.73,290509.994
300786.SZ,20240319,14.0,14.39,13.79,14.1,14.01,0.09,0.6424,82780.92,116487.461
300787.SZ,20240319,14.15,14.25,13.95,14.1,14.1,0.0,0.0,20639.4,29142.205
300788.SZ,20240319,30.6,31.6,30.32,30.45,30.42,0.03,0.0986,80114.0,247932.576
300789.SZ,20240319,19.73,19.76,19.35,19.39,19.68,-0.29,-1.4736,14361.72,28019.989
300790.SZ,20240319,12.5,13.48,12.5,12.96,12.6,0.36,2.8571,99847.6,129979.026
300791.SZ,20240319,35.98,36.18,35.05,35.3,36.0,-0.7,-1.9444,6841.48,24307.564
300792.SZ,20240319,20.25,20.45,20.0,20.21,20.27,-0.06,-0.296,42957.02,86997.022
300793.SZ,20240319,15.97,16.35,15.9,16.03,16.08,-0.05,-0.3109,149116.66,240509.135
300795.SZ,20240319,39.99,40.3,38.81,39.02,39.81,-0.79,-1.9844,8265.5,32474.24
300796.SZ,20240319,14.73,14.8,14.34,14.6,14.72,-0.12,-0.8152,44299.39,64312.883
300797.SZ,20240319,11.37,11.7,11.25,11.44,11.32,0.12,1.0601,44167.5,50578.805
300798.SZ,20240319,8.55,8.74,8.45,8.54,8.54,0.0,0.0,135317.0,116113.422
300800.SZ,20240319,10.96,11.08,10.73,10.75,11.1,-0.35,-3.1532,31225.5,33806.613
300801.SZ,20240319,14.14,14.24,14.06,14.06,14.16,-0.1,-0.7062,13445.0,19010.005
300802.SZ,20240319,17.71,18.06,17.66,17.71,17.85,-0.14,-0.7843,29662.4,52764.176
300803.SZ,20240319,49.75,49.86,48.28,48.5,50.09,-1.59,-3.1743,106167.29,520016.799
300804.SZ,20240319,25.59,25.88,25.3,25.36,25.7,-0.34,-1.323,7131.49,18243.198
300805.SZ,20240319,8.15,8.48,8.1,8.14,8.21,-0.07,-0.8526,153391.82,126503.478
300806.SZ,20240319,10.01,10.52,9.92,10.25,10.03,0.22,2.1934,165824.96,169192.855
300807.SZ,20240319,25.46,30.48,25.43,30.48,25.4,5.08,20.0,133612.32,392529.943
300808.SZ,20240319,19.0,19.08,17.91,18.28,18.72,-0.44,-2.3504,168757.31,307656.954
300809.SZ,20240319,28.13,29.0,27.73,27.74,28.45,-0.71,-2.4956,78656.8,222510.589
300810.SZ,20240319,19.03,19.35,18.66,18.82,18.9,-0.08,-0.4233,51237.49,97515.198
300811.SZ,20240319,57.49,61.09,56.61,58.6,58.07,0.53,0.9127,60439.2,353675.567
300812.SZ,20240319,29.8,32.0,29.7,31.77,29.92,1.85,6.1832,205980.07,644657.324
300813.SZ,20240319,18.12,18.35,17.87,18.05,18.11,-0.06,-0.3313,18474.58,33484.589
300814.SZ,20240319,32.94,34.98,32.88,33.89,33.37,0.52,1.5583,100282.87,340311.592
300815.SZ,20240319,13.4,13.51,13.32,13.42,13.45,-0.03,-0.223,33085.65,44395.821
300816.SZ,20240319,20.61,20.88,20.4,20.65,20.9,-0.25,-1.1962,19546.0,40296.825
300817.SZ,20240319,12.96,13.08,12.87,12.96,12.98,-0.02,-0.1541,25806.33,33496.023
300818.SZ,20240319,32.68,33.3,32.62,32.63,32.99,-0.36,-1.0912,5225.0,17145.085
300819.SZ,20240319,12.31,12.54,12.23,12.34,12.4,-0.06,-0.4839,32263.46,39878.879
300820.SZ,20240319,53.99,54.31,52.7,52.7,54.79,-2.09,-3.8146,38917.74,207423.595
300821.SZ,20240319,8.0,8.04,7.87,7.87,8.02,-0.15,-1.8703,94651.13,75030.19
300822.SZ,20240319,11.37,11.6,11.34,11.48,11.42,0.06,0.5254,39820.08,45733.65
300823.SZ,20240319,17.5,17.82,17.27,17.36,17.55,-0.19,-1.0826,22851.0,40030.109
300824.SZ,20240319,7.57,7.68,7.51,7.61,7.57,0.04,0.5284,22583.5,17164.247
300825.SZ,20240319,14.04,15.94,13.82,14.49,14.39,0.1,0.6949,539080.79,796017.734
300826.SZ,20240319,13.6,13.75,13.49,13.57,13.65,-0.08,-0.5861,50959.94,69419.391
300827.SZ,20240319,28.3,28.85,27.86,27.87,28.3,-0.43,-1.5194,81925.65,231523.952
300828.SZ,20240319,13.18,13.18,12.82,12.97,13.18,-0.21,-1.5933,52822.0,68488.322
300829.SZ,20240319,17.37,19.0,17.05,17.97,17.71,0.26,1.4681,63356.78,113162.348
300830.SZ,20240319,6.79,6.96,6.75,6.83,6.8,0.03,0.4412,76922.72,52729.326
300831.SZ,20240319,10.49,10.75,10.44,10.67,10.49,0.18,1.7159,35645.0,37909.268
300832.SZ,20240319,82.81,82.99,81.57,82.01,82.92,-0.91,-1.0974,10859.32,89138.711
300833.SZ,20240319,94.3,95.26,93.03,93.92,94.75,-0.83,-0.876,3707.0,34974.699
300834.SZ,20240319,18.33,18.74,18.16,18.68,18.32,0.36,1.9651,14238.91,26295.201
300835.SZ,20240319,25.46,26.19,25.35,25.49,25.5,-0.01,-0.0392,28982.4,74563.019
300836.SZ,20240319,26.27,26.61,25.63,25.64,26.56,-0.92,-3.4639,38163.62,99336.991
300837.SZ,20240319,26.3,26.47,25.63,25.8,26.24,-0.44,-1.6768,10019.82,26020.46
300838.SZ,20240319,13.33,13.46,13.22,13.37,13.33,0.04,0.3001,20069.0,26764.971
300839.SZ,20240319,9.16,9.22,9.09,9.1,9.17,-0.07,-0.7634,17667.58,16169.542
300840.SZ,20240319,16.27,16.72,16.12,16.66,16.28,0.38,2.3342,57101.0,94174.948
300841.SZ,20240319,61.82,64.38,61.0,63.05,62.29,0.76,1.2201,41203.81,258075.697
300842.SZ,20240319,79.0,79.29,75.51,76.95,80.41,-3.46,-4.3029,66267.98,509730.603
300843.SZ,20240319,17.58,18.89,17.36,18.29,17.75,0.54,3.0423,46152.0,83221.013
300844.SZ,20240319,27.21,28.31,26.5,26.7,27.32,-0.62,-2.2694,38427.2,103927.399
300845.SZ,20240319,14.6,14.98,14.53,14.57,14.8,-0.23,-1.5541,45878.59,67701.44
300846.SZ,20240319,13.24,13.46,13.1,13.16,13.18,-0.02,-0.1517,231370.0,306840.871
300847.SZ,20240319,15.71,16.23,15.56,15.94,15.75,0.19,1.2063,113183.6,180400.76
300848.SZ,20240319,17.37,19.5,17.27,18.48,17.41,1.07,6.1459,47889.64,87650.042
300849.SZ,20240319,13.06,13.08,12.98,13.04,13.08,-0.04,-0.3058,24545.0,31977.656
300850.SZ,20240319,26.26,27.18,25.8,26.14,26.28,-0.14,-0.5327,85922.93,226378.122
300851.SZ,20240319,25.66,26.26,25.59,25.75,25.66,0.09,0.3507,11246.0,29107.696
300852.SZ,20240319,32.99,33.12,32.55,32.88,32.93,-0.05,-0.1518,9632.0,31592.703
300853.SZ,20240319,21.41,21.44,20.91,21.1,21.16,-0.06,-0.2836,32029.51,67686.746
300854.SZ,20240319,13.1,13.6,12.88,12.97,13.16,-0.19,-1.4438,52354.0,69123.903
300855.SZ,20240319,24.72,24.95,24.55,24.6,24.95,-0.35,-1.4028,14917.48,36876.96
300856.SZ,20240319,79.62,81.0,79.08,80.3,79.99,0.31,0.3875,8131.0,65212.425
300857.SZ,20240319,64.0,65.44,62.02,62.76,64.75,-1.99,-3.0734,97593.76,618127.031
300858.SZ,20240319,16.96,19.88,16.81,18.2,16.89,1.31,7.7561,62265.85,112401.571
300859.SZ,20240319,27.8,28.18,27.55,27.92,28.15,-0.23,-0.8171,49031.0,136673.202
300860.SZ,20240319,40.95,41.5,40.27,40.39,41.0,-0.61,-1.4878,31684.1,129042.336
300861.SZ,20240319,29.6,29.8,29.06,29.1,29.6,-0.5,-1.6892,58572.19,171921.248
300862.SZ,20240319,32.1,33.24,32.1,32.85,32.34,0.51,1.577,24922.2,81938.333
300863.SZ,20240319,40.7,43.99,40.19,42.3,40.6,1.7,4.1872,38991.45,164370.624
300864.SZ,20240319,19.67,19.77,19.35,19.39,19.65,-0.26,-1.3232,10660.93,20785.586
300865.SZ,20240319,15.74,16.17,15.32,15.5,15.76,-0.26,-1.6497,15635.95,24635.209
300866.SZ,20240319,84.44,87.24,83.9,85.33,84.3,1.03,1.2218,23949.2,205768.739
300867.SZ,20240319,12.65,12.65,12.45,12.48,12.65,-0.17,-1.3439,32679.0,40969.167
300868.SZ,20240319,15.72,16.2,15.66,16.01,15.72,0.29,1.8448,39741.73,63551.083
300869.SZ,20240319,17.96,18.09,17.86,17.87,18.05,-0.18,-0.9972,25506.97,45814.001
300870.SZ,20240319,49.08,49.29,47.84,47.88,48.91,-1.03,-2.1059,41981.23,203029.048
300871.SZ,20240319,10.94,11.34,10.92,11.22,10.91,0.31,2.8414,36992.02,41198.876
300872.SZ,20240319,12.47,12.76,12.42,12.55,12.51,0.04,0.3197,60835.8,76882.168
300873.SZ,20240319,19.7,19.8,19.28,19.51,19.77,-0.26,-1.3151,26929.1,52683.782
300875.SZ,20240319,28.95,29.24,28.5,28.52,28.94,-0.42,-1.4513,55135.36,158994.683
300876.SZ,20240319,18.49,18.8,18.4,18.62,18.45,0.17,0.9214,9956.0,18501.246
300877.SZ,20240319,14.43,14.68,14.17,14.22,14.43,-0.21,-1.4553,17204.42,24687.177
300878.SZ,20240319,20.35,21.06,20.02,20.64,20.37,0.27,1.3255,48223.55,99088.612
300879.SZ,20240319,12.64,12.8,12.45,12.6,12.58,0.02,0.159,20738.65,26158.54
300880.SZ,20240319,16.96,17.33,16.78,17.07,16.96,0.11,0.6486,40003.98,68425.497
300881.SZ,20240319,25.0,28.25,24.33,26.39,24.6,1.79,7.2764,83132.04,216304.882
300882.SZ,20240319,22.16,22.9,22.07,22.8,22.29,0.51,2.288,66447.36,150223.701
300883.SZ,20240319,5.38,5.44,5.35,5.37,5.39,-0.02,-0.3711,56313.0,30378.02
300884.SZ,20240319,11.06,11.18,11.0,11.05,11.06,-0.01,-0.0904,67111.75,74424.724
300885.SZ,20240319,8.08,8.16,7.99,8.03,8.1,-0.07,-0.8642,49468.0,39866.101
300886.SZ,20240319,18.24,18.8,17.66,17.71,18.36,-0.65,-3.5403,10082.7,18164.339
300887.SZ,20240319,9.4,9.41,9.22,9.23,9.39,-0.16,-1.7039,100291.29,93170.059
300888.SZ,20240319,36.3,36.37,36.1,36.14,36.42,-0.28,-0.7688,15416.0,55823.766
300889.SZ,20240319,12.17,12.24,11.98,12.07,12.05,0.02,0.166,32633.54,39527.372
300890.SZ,20240319,28.5,28.67,27.83,28.28,28.9,-0.62,-2.1453,53089.85,149974.374
300891.SZ,20240319,7.9,8.11,7.87,7.97,7.9,0.07,0.8861,44901.65,35833.457
300892.SZ,20240319,17.3,17.98,17.22,17.4,17.2,0.2,1.1628,19523.0,34233.524
300893.SZ,20240319,31.69,31.98,31.22,31.22,31.93,-0.71,-2.2236,18107.6,57212.766
300894.SZ,20240319,14.1,14.1,13.92,13.96,14.09,-0.13,-0.9226,29263.29,40948.571
300895.SZ,20240319,32.1,33.87,32.06,33.08,32.44,0.64,1.9729,103801.5,342983.885
300896.SZ,20240319,345.6,358.0,344.0,352.91,345.6,7.31,2.1152,31360.21,1105608.915
300897.SZ,20240319,28.7,29.44,28.56,28.86,28.73,0.13,0.4525,7359.68,21344.014
300898.SZ,20240319,20.04,20.45,20.0,20.12,20.12,0.0,0.0,32122.0,64922.579
300899.SZ,20240319,23.29,24.2,23.13,23.85,23.35,0.5,2.1413,69203.38,164245.723
300900.SZ,20240319,28.28,29.3,27.58,27.75,29.35,-1.6,-5.4514,173611.03,490481.368
300901.SZ,20240319,8.25,8.53,8.09,8.32,8.18,0.14,1.7115,72671.0,60165.491
300902.SZ,20240319,30.4,30.5,29.88,30.15,30.42,-0.27,-0.8876,12479.0,37717.656
300903.SZ,20240319,7.91,8.24,7.85,8.05,7.85,0.2,2.5478,244929.71,196806.716
300904.SZ,20240319,60.7,61.46,59.11,59.43,60.72,-1.29,-2.1245,33576.77,201224.356
300905.SZ,20240319,14.79,14.79,14.41,14.52,14.65,-0.13,-0.8874,30369.14,44200.404
300906.SZ,20240319,20.49,20.82,20.39,20.45,20.45,0.0,0.0,12699.14,26122.636
300907.SZ,20240319,17.37,17.8,17.27,17.59,17.52,0.07,0.3995,20728.3,36379.948
300908.SZ,20240319,40.21,40.56,39.99,40.0,40.33,-0.33,-0.8182,4700.88,18918.945
300909.SZ,20240319,27.51,28.96,27.12,27.55,27.41,0.14,0.5108,97535.47,272707.947
300910.SZ,20240319,40.78,40.78,39.96,40.22,40.75,-0.53,-1.3006,22322.9,89688.721
300911.SZ,20240319,30.79,30.8,30.3,30.4,30.86,-0.46,-1.4906,20305.43,61905.903
300912.SZ,20240319,13.94,14.27,13.7,14.03,13.94,0.09,0.6456,32108.42,45112.859
300913.SZ,20240319,34.5,39.54,32.52,39.54,32.95,6.59,20.0,336395.85,1221198.929
300915.SZ,20240319,28.31,28.31,27.62,27.7,27.63,0.07,0.2533,7634.97,21335.282
300916.SZ,20240319,19.41,19.85,19.11,19.8,19.43,0.37,1.9043,40000.39,78515.211
300917.SZ,20240319,24.59,25.03,24.46,24.52,24.77,-0.25,-1.0093,67593.64,167338.702
300918.SZ,20240319,9.86,9.93,9.78,9.8,9.87,-0.07,-0.7092,25332.62,24920.387
300919.SZ,20240319,55.62,56.2,55.01,55.82,55.79,0.03,0.0538,49562.11,276755.115
300920.SZ,20240319,15.35,15.98,15.3,15.36,15.35,0.01,0.0651,14092.0,21966.53
300921.SZ,20240319,20.8,21.55,20.61,21.47,20.9,0.57,2.7273,71746.32,151613.143
300922.SZ,20240319,13.1,13.25,12.94,13.07,13.05,0.02,0.1533,34978.0,45938.319
300923.SZ,20240319,18.9,19.07,18.68,18.89,18.94,-0.05,-0.264,12643.52,23821.524
300925.SZ,20240319,10.7,11.0,10.65,10.69,10.76,-0.07,-0.6506,174183.56,187783.687
300926.SZ,20240319,29.02,29.02,27.98,27.98,29.17,-1.19,-4.0795,64958.12,183784.721
300927.SZ,20240319,12.7,12.91,12.57,12.6,12.62,-0.02,-0.1585,18027.28,22908.082
300928.SZ,20240319,41.1,42.39,40.1,41.71,41.36,0.35,0.8462,42869.75,177912.147
300929.SZ,20240319,9.54,9.64,9.36,9.42,9.49,-0.07,-0.7376,23364.2,22145.722
300930.SZ,20240319,18.58,18.71,18.1,18.18,18.6,-0.42,-2.2581,18589.71,34035.745
300931.SZ,20240319,6.59,6.61,6.39,6.39,6.54,-0.15,-2.2936,47958.75,31074.125
300932.SZ,20240319,12.15,12.24,12.03,12.14,12.03,0.11,0.9144,27225.19,33066.544
300933.SZ,20240319,7.81,7.84,7.6,7.75,7.85,-0.1,-1.2739,194188.54,150082.023
300935.SZ,20240319,20.4,20.94,20.4,20.59,20.57,0.02,0.0972,30794.8,63615.748
300936.SZ,20240319,37.6,38.88,37.42,38.27,37.86,0.41,1.0829,35090.67,134261.109
300937.SZ,20240319,25.9,26.84,25.51,25.53,25.4,0.13,0.5118,34905.47,90949.59
300938.SZ,20240319,34.2,36.1,34.1,35.09,34.27,0.82,2.3928,28175.08,98889.334
300939.SZ,20240319,31.66,35.6,31.55,33.77,32.01,1.76,5.4983,87428.94,294631.83
300940.SZ,20240319,16.99,17.55,16.81,17.17,16.8,0.37,2.2024,24860.91,42595.323
300941.SZ,20240319,20.44,20.96,20.27,20.47,20.48,-0.01,-0.0488,92713.26,191204.247
300942.SZ,20240319,8.46,8.55,8.35,8.36,8.42,-0.06,-0.7126,42923.0,36202.197
300943.SZ,20240319,11.55,12.46,11.43,11.86,11.56,0.3,2.5952,71034.06,85193.515
300945.SZ,20240319,10.01,10.24,10.01,10.04,10.08,-0.04,-0.3968,121053.29,122255.506
300946.SZ,20240319,27.17,27.3,26.9,26.91,27.17,-0.26,-0.9569,10599.91,28736.46
300947.SZ,20240319,11.67,11.96,11.54,11.76,11.68,0.08,0.6849,40548.02,47682.728
300948.SZ,20240319,11.28,11.35,11.16,11.19,11.3,-0.11,-0.9735,30926.0,34809.156
300949.SZ,20240319,47.15,54.45,46.56,48.7,47.6,1.1,2.3109,65264.15,324189.164
300950.SZ,20240319,13.84,14.25,13.76,13.93,13.86,0.07,0.5051,49954.08,69993.378
300951.SZ,20240319,46.92,47.42,46.25,46.45,46.75,-0.3,-0.6417,31465.22,147294.519
300952.SZ,20240319,17.71,17.93,17.53,17.77,17.78,-0.01,-0.0562,10355.3,18342.95
300953.SZ,20240319,58.89,60.35,58.42,59.17,58.7,0.47,0.8007,12618.37,74845.105
300955.SZ,20240319,16.27,16.5,16.16,16.28,16.27,0.01,0.0615,9574.41,15610.99
300956.SZ,20240319,13.21,13.53,13.15,13.26,13.21,0.05,0.3785,62357.02,82893.432
300957.SZ,20240319,67.9,69.08,67.23,67.56,67.89,-0.33,-0.4861,34767.86,236697.21
300958.SZ,20240319,14.37,14.49,14.15,14.15,14.37,-0.22,-1.531,31127.0,44573.806
300959.SZ,20240319,29.1,30.9,28.89,30.14,29.27,0.87,2.9723,28432.5,86095.655
300960.SZ,20240319,17.34,17.94,17.14,17.73,17.34,0.39,2.2491,45314.62,79492.712
300961.SZ,20240319,9.98,10.15,9.74,9.74,10.21,-0.47,-4.6033,86956.5,86234.327
300962.SZ,20240319,13.61,13.67,13.41,13.41,13.61,-0.2,-1.4695,23152.72,31298.062
300963.SZ,20240319,10.51,10.66,10.37,10.43,10.51,-0.08,-0.7612,45034.0,47266.21
300964.SZ,20240319,36.51,39.58,36.39,38.61,36.89,1.72,4.6625,71734.04,273199.235
300965.SZ,20240319,37.51,38.7,37.08,38.02,37.96,0.06,0.1581,21888.25,82611.227
300966.SZ,20240319,18.12,18.69,18.12,18.16,18.3,-0.14,-0.765,28258.05,51935.131
300967.SZ,20240319,10.01,11.67,10.01,10.65,10.01,0.64,6.3936,125074.8,135617.731
300968.SZ,20240319,10.2,10.55,10.13,10.33,10.15,0.18,1.7734,241554.66,250205.888
300969.SZ,20240319,84.19,89.82,84.19,86.02,84.29,1.73,2.0524,14688.96,127259.713
300970.SZ,20240319,13.82,13.98,13.7,13.75,13.87,-0.12,-0.8652,30820.87,42609.918
300971.SZ,20240319,21.8,21.9,20.94,21.0,22.03,-1.03,-4.6754,58855.13,125615.031
300972.SZ,20240319,30.88,31.87,30.71,31.67,30.87,0.8,2.5915,13494.72,42352.751
300973.SZ,20240319,36.6,37.06,36.02,36.54,36.59,-0.05,-0.1366,21165.27,77462.8
300975.SZ,20240319,10.9,11.38,10.69,10.69,11.38,-0.69,-6.0633,890286.95,977380.17
300976.SZ,20240319,39.42,40.5,39.03,39.71,39.43,0.28,0.7101,8712.4,34670.738
300977.SZ,20240319,15.1,15.3,15.02,15.2,15.18,0.02,0.1318,18220.34,27602.219
300978.SZ,20240319,11.77,12.04,11.65,11.86,11.81,0.05,0.4234,65838.72,78130.224
300979.SZ,20240319,59.4,60.1,57.62,57.91,59.58,-1.67,-2.803,28331.38,164895.782
300980.SZ,20240319,18.94,19.2,18.64,18.7,19.11,-0.41,-2.1455,12031.28,22673.031
300981.SZ,20240319,11.96,12.88,11.91,12.44,12.08,0.36,2.9801,86858.02,107775.915
300982.SZ,20240319,22.94,23.02,22.63,22.64,22.95,-0.31,-1.3508,33993.48,77408.936
300983.SZ,20240319,26.32,26.5,25.51,25.64,26.32,-0.68,-2.5836,10405.4,26927.615
300984.SZ,20240319,23.22,23.26,22.55,22.64,23.22,-0.58,-2.4978,11337.58,25869.626
300985.SZ,20240319,31.0,32.47,30.66,32.16,31.07,1.09,3.5082,35890.67,114319.036
300986.SZ,20240319,9.22,9.25,9.01,9.15,9.14,0.01,0.1094,38378.18,35178.187
300987.SZ,20240319,15.75,16.35,15.58,15.96,15.78,0.18,1.1407,95235.8,153325.42
300988.SZ,20240319,17.2,17.46,17.08,17.11,17.25,-0.14,-0.8116,31944.0,55082.31
300989.SZ,20240319,16.19,16.92,16.11,16.31,16.26,0.05,0.3075,41449.63,68119.266
300990.SZ,20240319,40.52,40.82,39.61,39.81,40.96,-1.15,-2.8076,39085.53,156488.996
300991.SZ,20240319,14.61,15.85,14.47,15.18,14.37,0.81,5.6367,134205.31,202504.115
300992.SZ,20240319,17.75,17.87,17.42,17.5,17.67,-0.17,-0.9621,11392.0,20108.635
300993.SZ,20240319,10.81,10.98,10.77,10.83,10.81,0.02,0.185,20151.48,21905.075
300994.SZ,20240319,10.85,11.2,10.76,11.01,10.86,0.15,1.3812,32823.8,36125.498
300995.SZ,20240319,20.0,22.0,19.15,20.19,18.96,1.23,6.4873,135967.85,276247.504
300996.SZ,20240319,16.7,17.07,16.45,16.79,16.7,0.09,0.5389,59358.45,99439.832
300997.SZ,20240319,14.81,15.59,14.76,15.44,14.81,0.63,4.2539,57162.72,87232.536
300998.SZ,20240319,21.8,21.94,21.03,21.4,21.8,-0.4,-1.8349,19453.61,41843.142
300999.SZ,20240319,31.9,32.1,31.81,31.86,32.11,-0.25,-0.7786,41540.86,132687.618
301000.SZ,20240319,19.06,19.25,18.71,18.91,19.25,-0.34,-1.7662,30463.54,57801.728
301001.SZ,20240319,20.9,21.29,20.65,21.09,20.85,0.24,1.1511,17324.6,36464.548
301002.SZ,20240319,15.32,15.43,15.21,15.33,15.3,0.03,0.1961,14244.0,21836.196
301003.SZ,20240319,22.23,22.63,22.06,22.09,22.19,-0.1,-0.4507,9573.0,21331.132
301004.SZ,20240319,64.83,65.87,63.93,64.72,64.82,-0.1,-0.1543,8527.28,55524.264
301005.SZ,20240319,35.8,36.59,35.12,35.6,35.52,0.08,0.2252,18345.1,65718.129
301006.SZ,20240319,14.59,14.7,14.36,14.52,14.52,0.0,0.0,17610.0,25587.518
301007.SZ,20240319,15.15,15.89,14.93,14.95,15.0,-0.05,-0.3333,202532.87,310774.17
301008.SZ,20240319,24.18,24.58,23.84,24.01,24.03,-0.02,-0.0832,9186.4,22167.641
301009.SZ,20240319,8.84,9.05,8.75,8.97,8.85,0.12,1.3559,32893.17,29535.419
301010.SZ,20240319,14.22,14.34,13.81,13.86,14.39,-0.53,-3.6831,50515.0,70899.439
301011.SZ,20240319,17.2,17.6,17.05,17.26,17.44,-0.18,-1.0321,31037.77,53873.475
301012.SZ,20240319,19.2,19.4,18.61,18.76,19.34,-0.58,-2.999,52535.43,99436.189
301013.SZ,20240319,12.91,13.3,12.83,12.84,13.03,-0.19,-1.4582,169912.99,220826.44
301015.SZ,20240319,36.94,37.0,36.2,36.45,36.94,-0.49,-1.3265,11841.86,43219.069
301016.SZ,20240319,17.72,18.69,17.4,18.69,17.61,1.08,6.1329,82638.65,149076.867
301017.SZ,20240319,14.91,14.91,14.71,14.73,14.93,-0.2,-1.3396,34928.88,51638.994
301018.SZ,20240319,28.46,28.6,27.75,27.77,28.78,-1.01,-3.5094,76174.0,213477.896
301019.SZ,20240319,19.35,19.48,19.17,19.24,19.34,-0.1,-0.5171,10300.18,19900.693
301020.SZ,20240319,19.24,19.85,19.19,19.28,19.38,-0.1,-0.516,43411.03,84401.415
301021.SZ,20240319,19.3,19.63,19.17,19.38,19.3,0.08,0.4145,23881.62,46257.522
301022.SZ,20240319,22.62,22.71,22.3,22.41,22.51,-0.1,-0.4442,20033.1,45049.828
301023.SZ,20240319,33.25,33.25,32.65,32.96,33.28,-0.32,-0.9615,11825.41,38917.559
301024.SZ,20240319,25.09,26.97,23.8,24.04,25.76,-1.72,-6.677,56311.4,139208.352
301025.SZ,20240319,9.2,9.49,9.03,9.11,9.22,-0.11,-1.1931,97604.08,89853.644
301026.SZ,20240319,27.6,29.88,27.1,28.65,28.06,0.59,2.1026,58109.54,166370.023
301027.SZ,20240319,9.44,9.52,9.21,9.26,9.39,-0.13,-1.3845,31287.0,29273.351
301028.SZ,20240319,9.19,9.28,9.11,9.17,9.19,-0.02,-0.2176,32089.65,29423.865
301029.SZ,20240319,28.34,29.75,27.91,28.92,28.83,0.09,0.3122,183525.38,528037.45
301030.SZ,20240319,60.0,62.0,57.6,57.67,58.45,-0.78,-1.3345,58872.2,352568.464
301031.SZ,20240319,106.88,108.77,104.8,107.07,107.44,-0.37,-0.3444,6866.11,73647.297
301032.SZ,20240319,7.92,8.13,7.85,7.86,7.87,-0.01,-0.1271,51062.0,40569.586
301033.SZ,20240319,34.77,34.93,34.2,34.57,34.7,-0.13,-0.3746,3716.0,12858.564
301035.SZ,20240319,70.15,72.27,69.53,71.17,70.15,1.02,1.454,7836.75,55864.763
301036.SZ,20240319,18.11,18.36,17.89,18.16,18.06,0.1,0.5537,26032.17,47150.489
301037.SZ,20240319,14.7,14.8,14.4,14.55,14.75,-0.2,-1.3559,19800.04,28839.813
301038.SZ,20240319,15.13,15.35,15.1,15.17,15.22,-0.05,-0.3285,30796.6,46831.126
301039.SZ,20240319,10.05,10.08,9.9,9.9,10.08,-0.18,-1.7857,213572.14,212569.705
301040.SZ,20240319,14.0,14.2,13.82,13.83,13.99,-0.16,-1.1437,19657.78,27518.591
301041.SZ,20240319,26.06,31.78,25.84,28.78,26.72,2.06,7.7096,175172.43,492094.243
301042.SZ,20240319,34.77,35.1,34.36,34.41,35.36,-0.95,-2.6867,29961.03,103646.682
301043.SZ,20240319,27.23,27.4,26.71,26.95,27.03,-0.08,-0.296,9218.78,24931.536
301045.SZ,20240319,20.24,20.58,20.02,20.25,20.31,-0.06,-0.2954,15502.0,31436.61
301046.SZ,20240319,22.93,23.19,22.74,22.76,22.99,-0.23,-1.0004,18667.11,42764.141
301047.SZ,20240319,75.85,76.15,74.7,74.7,76.33,-1.63,-2.1355,6375.07,47895.079
301048.SZ,20240319,9.53,9.54,9.33,9.36,9.5,-0.14,-1.4737,61722.0,58135.575
301049.SZ,20240319,29.4,32.64,26.45,28.88,27.37,1.51,5.517,178938.66,533093.758
301050.SZ,20240319,52.1,52.72,51.41,51.9,52.16,-0.26,-0.4985,41267.89,214907.152
301051.SZ,20240319,47.08,48.3,46.0,47.05,47.32,-0.27,-0.5706,14859.72,70474.89
301052.SZ,20240319,43.98,46.49,43.81,43.83,44.85,-1.02,-2.2742,99988.2,449121.799
301053.SZ,20240319,21.48,21.65,21.14,21.27,21.32,-0.05,-0.2345,8704.0,18591.52
301055.SZ,20240319,11.35,13.52,11.35,12.8,11.34,1.46,12.8748,71772.96,91316.241
301056.SZ,20240319,8.56,8.7,8.53,8.58,8.55,0.03,0.3509,26216.3,22538.218
301057.SZ,20240319,12.89,13.23,12.81,12.9,12.81,0.09,0.7026,18458.62,23979.83
301058.SZ,20240319,10.05,10.06,9.78,9.78,9.99,-0.21,-2.1021,107703.0,106718.085
301059.SZ,20240319,9.59,9.75,9.47,9.55,9.65,-0.1,-1.0363,17594.11,16883.351
301060.SZ,20240319,11.2,11.88,11.12,11.23,10.97,0.26,2.3701,165602.3,189851.521
301061.SZ,20240319,57.2,59.86,56.92,58.29,57.3,0.99,1.7277,6967.76,40600.992
301062.SZ,20240319,9.3,9.38,9.09,9.16,9.28,-0.12,-1.2931,57952.0,53368.387
301063.SZ,20240319,17.0,17.12,16.69,16.74,16.88,-0.14,-0.8294,37346.76,62977.156
301065.SZ,20240319,17.5,17.75,17.43,17.72,17.55,0.17,0.9687,11487.2,20236.941
301066.SZ,20240319,10.65,10.71,10.53,10.57,10.58,-0.01,-0.0945,26516.64,28148.252
301067.SZ,20240319,28.33,28.99,27.53,28.47,29.18,-0.71,-2.4332,46357.68,131367.959
301068.SZ,20240319,33.11,33.11,31.4,31.54,34.09,-2.55,-7.4802,19274.91,61855.066
301069.SZ,20240319,15.91,16.09,15.77,15.88,15.99,-0.11,-0.6879,26166.03,41688.199
301070.SZ,20240319,32.24,32.93,31.97,32.2,32.25,-0.05,-0.155,13574.5,43887.265
301071.SZ,20240319,36.35,37.69,35.15,36.0,36.41,-0.41,-1.1261,107066.8,385437.979
301072.SZ,20240319,26.0,26.38,24.81,24.96,26.47,-1.51,-5.7046,72389.13,184474.151
301073.SZ,20240319,22.65,23.28,22.56,22.79,22.66,0.13,0.5737,28149.98,64532.891
301075.SZ,20240319,21.49,23.45,21.2,22.28,21.62,0.66,3.0527,48693.74,109174.005
301076.SZ,20240319,29.1,29.12,28.28,28.28,29.5,-1.22,-4.1356,88244.6,252771.687
301077.SZ,20240319,16.46,16.56,16.34,16.45,16.35,0.1,0.6116,9668.0,15899.031
301078.SZ,20240319,7.13,7.19,7.09,7.09,7.15,-0.06,-0.8392,98406.72,70215.047
301079.SZ,20240319,13.0,13.01,12.63,12.69,12.98,-0.29,-2.2342,29922.86,38194.998
301080.SZ,20240319,47.49,48.15,46.81,46.9,47.71,-0.81,-1.6978,14720.93,69432.114
301081.SZ,20240319,8.55,8.68,8.38,8.44,8.5,-0.06,-0.7059,23877.02,20296.067
301082.SZ,20240319,13.58,13.6,13.35,13.49,13.53,-0.04,-0.2956,25350.1,34190.969
301083.SZ,20240319,15.85,16.02,15.52,15.58,16.06,-0.48,-2.9888,84547.29,133121.801
301085.SZ,20240319,53.37,55.17,52.81,54.09,53.7,0.39,0.7263,46156.0,249927.176
301086.SZ,20240319,38.25,39.49,38.25,38.64,38.11,0.53,1.3907,17938.74,69738.593
301087.SZ,20240319,34.85,35.19,34.45,34.56,34.8,-0.24,-0.6897,11965.25,41671.582
301088.SZ,20240319,12.64,12.75,12.5,12.63,12.58,0.05,0.3975,10952.76,13834.638
301089.SZ,20240319,44.8,45.99,44.62,44.96,45.1,-0.14,-0.3104,39967.12,180886.125
301090.SZ,20240319,9.7,9.73,9.62,9.64,9.74,-0.1,-1.0267,23359.0,22608.833
301091.SZ,20240319,28.13,29.29,27.17,27.5,27.2,0.3,1.1029,237009.29,666361.847
301092.SZ,20240319,22.56,22.88,22.24,22.51,22.46,0.05,0.2226,9950.67,22488.391
301093.SZ,20240319,27.3,27.37,25.57,25.9,27.32,-1.42,-5.1977,34907.52,91958.442
301095.SZ,20240319,59.12,60.08,58.64,58.73,59.67,-0.94,-1.5753,27437.47,162618.106
301096.SZ,20240319,73.4,73.4,71.7,71.91,73.41,-1.5,-2.0433,8980.25,64857.246
301097.SZ,20240319,43.8,45.27,43.5,43.68,43.81,-0.13,-0.2967,2260.69,9914.016
301098.SZ,20240319,8.98,9.07,8.82,8.92,8.99,-0.07,-0.7786,23764.5,21298.664
301099.SZ,20240319,40.1,41.9,40.1,41.0,40.76,0.24,0.5888,41015.32,168431.713
301100.SZ,20240319,15.9,16.45,15.7,16.43,15.88,0.55,3.4635,19299.4,31283.538
301101.SZ,20240319,30.93,31.42,30.71,30.75,30.93,-0.18,-0.582,10699.28,33218.141
301102.SZ,20240319,15.68,16.06,15.58,15.67,15.69,-0.02,-0.1275,28322.0,44821.291
301103.SZ,20240319,26.25,26.38,25.98,26.1,26.35,-0.25,-0.9488,9177.32,24024.447
301105.SZ,20240319,28.37,29.27,28.12,28.4,28.34,0.06,0.2117,8521.17,24354.64
301106.SZ,20240319,36.2,36.36,35.51,35.77,36.25,-0.48,-1.3241,8004.0,28722.28
301107.SZ,20240319,26.28,26.63,25.96,25.98,26.52,-0.54,-2.0362,21939.14,57508.353
301108.SZ,20240319,29.67,29.98,29.42,29.5,29.47,0.03,0.1018,3558.61,10542.973
301109.SZ,20240319,15.28,15.39,15.21,15.26,15.3,-0.04,-0.2614,15443.0,23617.07
301110.SZ,20240319,36.88,37.49,36.55,36.98,37.0,-0.02,-0.0541,7036.06,25993.378
301111.SZ,20240319,18.91,20.86,18.91,20.27,19.24,1.03,5.3534,156277.79,312179.337
301112.SZ,20240319,26.6,26.69,25.93,26.1,26.85,-0.75,-2.7933,27659.16,72811.727
301113.SZ,20240319,24.99,26.4,24.31,25.4,24.19,1.21,5.0021,18047.28,46248.164
301115.SZ,20240319,16.5,16.65,16.43,16.55,16.52,0.03,0.1816,7848.98,12982.089
301116.SZ,20240319,10.11,10.45,10.09,10.29,10.11,0.18,1.7804,40499.95,41739.614
301117.SZ,20240319,39.03,39.66,38.6,39.31,38.97,0.34,0.8725,47213.6,185079.246
301118.SZ,20240319,16.9,17.7,16.63,17.07,16.9,0.17,1.0059,22240.38,38380.856
301119.SZ,20240319,21.6,22.25,21.3,21.92,21.67,0.25,1.1537,29737.15,65310.889
301120.SZ,20240319,10.97,11.0,10.7,10.7,10.91,-0.21,-1.9248,79565.97,86112.807
301121.SZ,20240319,32.18,37.92,31.77,37.92,31.6,6.32,20.0,35758.01,128549.763
301122.SZ,20240319,30.44,30.65,29.0,29.56,30.45,-0.89,-2.9228,16178.6,48031.379
301123.SZ,20240319,17.62,19.84,17.4,18.96,17.49,1.47,8.4048,102375.74,190674.628
301125.SZ,20240319,15.9,16.28,15.8,15.82,16.42,-0.6,-3.6541,56192.54,89786.451
301126.SZ,20240319,9.89,9.98,9.78,9.83,9.9,-0.07,-0.7071,35019.67,34556.246
301127.SZ,20240319,9.5,9.54,9.38,9.4,9.46,-0.06,-0.6342,35754.0,33789.612
301128.SZ,20240319,49.19,49.2,47.85,48.19,49.65,-1.46,-2.9406,38627.52,187121.034
301129.SZ,20240319,20.68,20.97,20.08,20.37,21.01,-0.64,-3.0462,48397.25,98506.771
301130.SZ,20240319,23.91,24.1,23.6,23.84,23.8,0.04,0.1681,10626.0,25396.151
301131.SZ,20240319,38.99,39.49,38.33,38.55,39.5,-0.95,-2.4051,27710.35,107567.907
301132.SZ,20240319,24.27,24.8,24.19,24.41,24.59,-0.18,-0.732,51373.5,125664.657
301133.SZ,20240319,24.26,24.95,24.2,24.47,24.35,0.12,0.4928,19198.6,47260.619
301135.SZ,20240319,24.18,24.66,23.72,24.65,25.0,-0.35,-1.4,83279.65,200402.211
301136.SZ,20240319,10.05,10.06,9.89,9.93,10.03,-0.1,-0.997,35944.98,35787.729
301137.SZ,20240319,15.67,15.76,15.49,15.55,15.74,-0.19,-1.2071,21380.7,33387.135
301138.SZ,20240319,30.6,31.28,30.19,30.86,31.26,-0.4,-1.2796,53141.19,163073.254
301139.SZ,20240319,29.42,30.6,28.99,29.97,29.85,0.12,0.402,85637.66,254938.18
301141.SZ,20240319,52.31,54.99,51.91,52.77,52.29,0.48,0.918,54409.94,291370.445
301148.SZ,20240319,17.56,17.73,17.44,17.54,17.57,-0.03,-0.1707,16647.03,29275.317
301149.SZ,20240319,11.39,11.42,11.13,11.22,11.38,-0.16,-1.406,42326.57,47515.406
301150.SZ,20240319,31.2,31.35,30.8,30.87,31.21,-0.34,-1.0894,12199.38,37776.556
301151.SZ,20240319,16.31,16.58,16.31,16.4,16.4,0.0,0.0,25685.94,42212.998
301152.SZ,20240319,28.0,28.4,27.88,27.97,28.27,-0.3,-1.0612,27131.58,76211.924
301153.SZ,20240319,69.81,71.2,69.51,69.94,70.46,-0.52,-0.738,21355.9,150337.793
301155.SZ,20240319,54.58,55.98,53.36,53.57,55.38,-1.81,-3.2683,29436.16,159867.922
301156.SZ,20240319,15.65,15.91,15.4,15.49,15.69,-0.2,-1.2747,21817.41,34057.431
301157.SZ,20240319,41.95,42.79,40.66,40.66,41.91,-1.25,-2.9826,22886.92,94434.953
301158.SZ,20240319,13.64,13.82,13.58,13.64,13.64,0.0,0.0,22016.9,30100.375
301159.SZ,20240319,38.45,38.62,37.81,37.95,38.7,-0.75,-1.938,24514.0,93629.37
301160.SZ,20240319,37.2,37.59,36.91,37.08,37.28,-0.2,-0.5365,9255.84,34491.179
301161.SZ,20240319,16.58,16.93,16.42,16.59,16.57,0.02,0.1207,12374.7,20656.522
301162.SZ,20240319,49.73,50.55,48.76,50.0,49.37,0.63,1.2761,30983.22,154191.452
301163.SZ,20240319,22.39,22.76,22.13,22.43,22.36,0.07,0.3131,39584.74,89010.96
301165.SZ,20240319,39.35,40.8,38.9,40.18,39.74,0.44,1.1072,85680.72,342588.279
301166.SZ,20240319,31.68,31.92,31.33,31.39,31.75,-0.36,-1.1339,9781.97,30939.768
301167.SZ,20240319,13.08,13.2,12.98,13.04,13.08,-0.04,-0.3058,25797.17,33735.654
301168.SZ,20240319,45.5,45.7,44.8,44.85,45.65,-0.8,-1.7525,26967.04,121997.148
301169.SZ,20240319,44.48,44.97,43.55,43.56,44.48,-0.92,-2.0683,34888.98,153855.05
301170.SZ,20240319,25.52,26.08,25.33,25.8,25.52,0.28,1.0972,18571.33,47770.04
301171.SZ,20240319,19.28,19.66,18.92,18.96,19.58,-0.62,-3.1665,282256.8,541985.749
301172.SZ,20240319,36.19,37.98,35.91,36.84,36.33,0.51,1.4038,58184.6,215777.952
301175.SZ,20240319,4.98,5.0,4.9,4.91,4.98,-0.07,-1.4056,124606.2,61626.282
301176.SZ,20240319,12.6,12.74,12.4,12.57,12.6,-0.03,-0.2381,14761.0,18585.98
301177.SZ,20240319,25.75,25.93,25.56,25.57,25.75,-0.18,-0.699,8988.09,23091.346
301178.SZ,20240319,24.3,24.79,24.16,24.34,24.26,0.08,0.3298,20856.32,50930.22
301179.SZ,20240319,24.08,24.17,23.7,23.7,24.1,-0.4,-1.6598,14320.8,34230.097
301180.SZ,20240319,14.7,15.08,14.65,14.84,14.72,0.12,0.8152,34264.0,51053.468
301181.SZ,20240319,22.98,23.5,22.9,23.22,23.07,0.15,0.6502,12975.0,30153.761
301182.SZ,20240319,17.82,18.14,17.45,17.89,17.65,0.24,1.3598,17766.36,31524.95
301183.SZ,20240319,57.9,61.92,57.66,58.46,59.11,-0.65,-1.0996,139849.34,836380.166
301185.SZ,20240319,20.3,21.23,19.94,19.95,20.47,-0.52,-2.5403,108873.7,222371.786
301186.SZ,20240319,36.1,36.43,35.6,35.8,36.36,-0.56,-1.5402,12468.45,44795.871
301187.SZ,20240319,18.33,19.08,18.2,18.6,18.35,0.25,1.3624,38364.28,71626.778
301188.SZ,20240319,18.35,18.49,18.05,18.34,18.35,-0.01,-0.0545,17747.0,32478.11
301189.SZ,20240319,25.75,25.81,25.2,25.2,26.28,-1.08,-4.1096,37439.56,94950.379
301190.SZ,20240319,16.4,16.52,16.2,16.34,16.49,-0.15,-0.9096,12606.0,20610.577
301191.SZ,20240319,94.11,101.0,92.6,97.81,95.25,2.56,2.6877,44382.17,429611.199
301192.SZ,20240319,17.39,17.74,17.25,17.25,17.35,-0.1,-0.5764,15642.0,27233.39
301193.SZ,20240319,18.35,18.75,17.8,18.7,18.36,0.34,1.8519,13420.43,24541.625
301195.SZ,20240319,42.65,42.83,42.0,42.08,42.86,-0.78,-1.8199,9522.8,40271.072
301196.SZ,20240319,30.33,30.58,30.15,30.43,30.37,0.06,0.1976,5233.0,15924.7
301197.SZ,20240319,14.48,14.55,14.2,14.31,14.4,-0.09,-0.625,18728.9,26910.75
301198.SZ,20240319,9.57,9.59,9.34,9.4,9.48,-0.08,-0.8439,28189.3,26616.09
301199.SZ,20240319,24.04,24.47,23.5,23.55,24.18,-0.63,-2.6055,41755.02,99927.335
301200.SZ,20240319,35.1,35.6,34.87,35.21,35.16,0.05,0.1422,9739.29,34357.984
301201.SZ,20240319,22.14,22.16,21.8,21.85,22.23,-0.38,-1.7094,29385.1,64490.046
301202.SZ,20240319,44.61,45.28,42.85,43.4,46.5,-3.1,-6.6667,131791.63,577369.255
301203.SZ,20240319,32.8,33.44,32.68,32.74,33.07,-0.33,-0.9979,10334.84,34125.655
301205.SZ,20240319,106.47,113.17,104.95,109.56,108.53,1.03,0.949,89120.24,973541.123
301206.SZ,20240319,24.99,25.06,24.83,24.87,25.06,-0.19,-0.7582,4755.23,11858.871
301207.SZ,20240319,25.3,25.3,24.95,24.97,25.29,-0.32,-1.2653,17507.34,43942.604
301208.SZ,20240319,36.55,37.44,36.27,37.21,36.86,0.35,0.9495,33187.34,122926.61
301209.SZ,20240319,19.54,19.73,19.26,19.49,19.64,-0.15,-0.7637,14360.04,27973.834
301210.SZ,20240319,35.53,36.5,35.3,35.54,35.54,0.0,0.0,9127.86,32767.755
301211.SZ,20240319,18.82,19.14,18.82,18.9,19.0,-0.1,-0.5263,45307.3,86039.63
301212.SZ,20240319,21.42,21.49,21.02,21.07,21.66,-0.59,-2.7239,14990.44,31755.632
301213.SZ,20240319,34.68,38.53,34.57,36.48,34.92,1.56,4.4674,49416.22,179181.604
301215.SZ,20240319,5.68,5.77,5.63,5.71,5.72,-0.01,-0.1748,188138.2,107052.689
301216.SZ,20240319,13.09,13.15,13.0,13.01,13.14,-0.13,-0.9893,37850.35,49471.031
301217.SZ,20240319,10.55,10.79,10.5,10.66,10.6,0.06,0.566,45073.26,48099.905
301218.SZ,20240319,27.96,29.33,27.81,28.88,28.11,0.77,2.7392,91132.01,261147.933
301219.SZ,20240319,38.5,39.52,38.4,38.71,38.89,-0.18,-0.4628,32556.87,126828.978
301220.SZ,20240319,29.45,30.08,29.3,29.41,29.42,-0.01,-0.034,4193.25,12430.054
301221.SZ,20240319,46.0,49.79,45.6,48.4,46.39,2.01,4.3328,90769.71,438219.088
301222.SZ,20240319,23.12,23.55,23.08,23.4,23.16,0.24,1.0363,12292.8,28694.492
301223.SZ,20240319,16.09,16.16,15.98,16.01,16.09,-0.08,-0.4972,6956.5,11181.016
301225.SZ,20240319,30.48,30.96,30.23,30.42,30.57,-0.15,-0.4907,16345.52,49956.173
301226.SZ,20240319,19.0,19.25,18.64,19.21,19.51,-0.3,-1.5377,45792.85,86868.316
301227.SZ,20240319,27.01,27.39,26.71,26.98,27.0,-0.02,-0.0741,4867.0,13144.165
301228.SZ,20240319,11.91,12.49,11.91,11.94,11.83,0.11,0.9298,57804.02,69906.789
301229.SZ,20240319,31.26,32.02,30.85,31.31,31.37,-0.06,-0.1913,22410.59,70762.405
301230.SZ,20240319,46.91,51.72,45.08,47.7,44.84,2.86,6.3782,204434.84,986249.122
301231.SZ,20240319,22.19,22.36,21.41,21.57,21.92,-0.35,-1.5967,59684.52,130443.288
301232.SZ,20240319,42.31,42.75,41.87,41.9,42.27,-0.37,-0.8753,6947.32,29354.771
301233.SZ,20240319,38.05,38.89,37.55,37.75,38.89,-1.14,-2.9313,23548.62,89622.366
301234.SZ,20240319,26.86,27.2,26.68,26.92,26.84,0.08,0.2981,13609.62,36670.659
301235.SZ,20240319,21.31,21.89,21.01,21.17,21.4,-0.23,-1.0748,26884.45,57378.717
301236.SZ,20240319,52.71,55.88,52.55,53.2,53.27,-0.07,-0.1314,810556.32,4391256.572
301237.SZ,20240319,22.08,22.36,21.77,22.22,21.98,0.24,1.0919,6717.05,14867.403
301238.SZ,20240319,16.42,16.97,16.39,16.52,16.39,0.13,0.7932,80739.62,134472.41
301239.SZ,20240319,62.8,63.1,61.22,61.25,63.09,-1.84,-2.9165,28103.26,174634.824
301246.SZ,20240319,22.4,22.62,22.3,22.38,22.57,-0.19,-0.8418,10056.04,22607.075
301248.SZ,20240319,14.64,14.97,14.51,14.74,14.76,-0.02,-0.1355,82226.88,121276.602
301251.SZ,20240319,33.2,34.6,32.7,34.46,33.19,1.27,3.8265,83277.9,281222.813
301252.SZ,20240319,42.82,43.32,42.35,42.42,44.01,-1.59,-3.6128,26864.32,114770.106
301255.SZ,20240319,38.03,38.99,37.79,37.97,38.42,-0.45,-1.1713,34252.93,131567.589
301256.SZ,20240319,7.28,7.28,7.1,7.13,7.21,-0.08,-1.1096,35849.8,25684.31
301257.SZ,20240319,53.7,54.33,52.6,52.63,54.33,-1.7,-3.129,20769.29,110617.556
301258.SZ,20240319,26.68,26.88,26.52,26.64,26.7,-0.06,-0.2247,12701.17,33908.607
301259.SZ,20240319,23.54,23.94,23.01,23.53,23.59,-0.06,-0.2543,27590.6,64837.447
301260.SZ,20240319,13.3,13.5,13.2,13.33,13.31,0.02,0.1503,39784.03,53071.528
301261.SZ,20240319,52.18,52.57,50.08,50.17,52.71,-2.54,-4.8188,27169.27,138987.066
301262.SZ,20240319,28.97,30.3,28.91,29.49,29.27,0.22,0.7516,76750.04,228176.943
301263.SZ,20240319,15.01,15.1,14.81,14.93,15.0,-0.07,-0.4667,36761.95,54930.485
301265.SZ,20240319,11.25,12.19,11.15,11.58,11.62,-0.04,-0.3442,186848.55,216198.884
301266.SZ,20240319,47.8,51.22,47.61,48.16,47.6,0.56,1.1765,66992.43,328100.488
301267.SZ,20240319,28.58,28.66,28.16,28.19,28.66,-0.47,-1.6399,45178.0,128049.726
301268.SZ,20240319,25.17,25.41,25.01,25.27,25.24,0.03,0.1189,20902.19,52751.433
301269.SZ,20240319,88.64,89.66,87.81,88.62,88.92,-0.3,-0.3374,17035.0,151238.93
301270.SZ,20240319,32.58,33.35,32.42,32.93,32.6,0.33,1.0123,52131.95,171535.602
301272.SZ,20240319,44.5,45.1,44.08,44.95,44.5,0.45,1.0112,9545.21,42711.214
301273.SZ,20240319,20.29,20.55,19.91,20.05,20.39,-0.34,-1.6675,13496.0,27228.123
301276.SZ,20240319,20.68,20.82,20.62,20.63,20.77,-0.14,-0.674,6513.13,13488.004
301277.SZ,20240319,17.85,18.18,17.69,17.73,18.0,-0.27,-1.5,32832.5,58575.258
301278.SZ,20240319,46.26,46.9,45.6,45.7,45.96,-0.26,-0.5657,17797.82,82288.445
301279.SZ,20240319,18.99,19.2,18.62,18.75,18.65,0.1,0.5362,19627.27,37063.661
301280.SZ,20240319,39.5,40.82,39.11,39.55,39.9,-0.35,-0.8772,41706.78,165798.752
301281.SZ,20240319,31.32,36.66,30.99,33.03,31.06,1.97,6.3426,103062.51,345375.718
301282.SZ,20240319,19.02,19.75,18.88,19.45,19.09,0.36,1.8858,40218.97,77918.7
301283.SZ,20240319,30.64,32.44,30.62,31.99,30.6,1.39,4.5425,15752.43,49943.714
301285.SZ,20240319,25.25,26.96,24.93,26.2,25.2,1.0,3.9683,77532.93,202733.387
301286.SZ,20240319,30.5,31.13,30.38,30.59,30.5,0.09,0.2951,7069.0,21723.756
301287.SZ,20240319,30.46,30.64,30.16,30.2,30.44,-0.24,-0.7884,7541.68,22895.54
301288.SZ,20240319,15.45,15.78,15.02,15.07,15.5,-0.43,-2.7742,44952.59,68960.892
301289.SZ,20240319,46.3,47.21,46.3,46.57,46.64,-0.07,-0.1501,23076.31,108037.327
301290.SZ,20240319,23.35,23.55,23.11,23.19,23.36,-0.17,-0.7277,11721.32,27325.497
301291.SZ,20240319,33.51,34.97,33.47,33.92,33.75,0.17,0.5037,41903.92,143862.945
301292.SZ,20240319,18.16,18.65,17.83,17.87,18.55,-0.68,-3.6658,97073.29,176119.254
301293.SZ,20240319,69.48,70.97,68.59,69.58,69.99,-0.41,-0.5858,40956.21,285184.113
301295.SZ,20240319,27.38,28.0,26.8,27.12,27.15,-0.03,-0.1105,14506.87,39463.588
301296.SZ,20240319,8.93,9.0,8.86,8.89,8.95,-0.06,-0.6704,31122.82,27763.322
301297.SZ,20240319,22.41,23.78,22.21,23.6,22.49,1.11,4.9355,192114.76,442457.652
301298.SZ,20240319,14.69,15.0,14.65,14.74,14.74,0.0,0.0,22604.09,33487.298
301299.SZ,20240319,48.14,48.6,47.5,47.56,48.68,-1.12,-2.3007,17165.64,82312.335
301300.SZ,20240319,24.99,25.02,24.39,24.4,25.16,-0.76,-3.0207,11307.43,27832.39
301301.SZ,20240319,9.62,9.78,9.6,9.72,9.66,0.06,0.6211,139533.28,135776.37
301302.SZ,20240319,22.61,26.34,22.61,24.37,22.08,2.29,10.3714,230472.55,559663.676
301303.SZ,20240319,17.39,17.53,17.25,17.38,17.38,0.0,0.0,14270.16,24853.199
301305.SZ,20240319,16.55,16.76,16.42,16.45,16.65,-0.2,-1.2012,20844.7,34563.362
301306.SZ,20240319,34.0,35.58,33.71,34.75,34.15,0.6,1.757,47382.44,165699.516
301307.SZ,20240319,27.38,28.12,26.83,27.75,27.37,0.38,1.3884,63225.3,174752.97
301308.SZ,20240319,93.81,98.6,93.72,94.3,93.85,0.45,0.4795,105334.32,1013967.024
301309.SZ,20240319,24.62,24.76,24.44,24.49,24.61,-0.12,-0.4876,2503.9,6149.335
301310.SZ,20240319,40.06,41.26,40.06,40.48,40.39,0.09,0.2228,15294.93,62218.946
301311.SZ,20240319,22.38,22.69,22.13,22.39,22.38,0.01,0.0447,55358.17,124244.611
301312.SZ,20240319,73.78,75.78,72.29,72.62,75.38,-2.76,-3.6614,26206.47,193239.206
301313.SZ,20240319,27.94,29.29,27.8,28.82,28.03,0.79,2.8184,107441.65,308232.226
301314.SZ,20240319,37.8,38.29,37.47,38.04,38.45,-0.41,-1.0663,12471.9,47244.353
301315.SZ,20240319,61.61,69.0,61.61,63.87,62.22,1.65,2.6519,66589.68,430972.556
301316.SZ,20240319,20.23,20.95,20.08,20.58,20.23,0.35,1.7301,114207.85,234466.55
301317.SZ,20240319,18.28,18.78,18.06,18.7,18.36,0.34,1.8519,11947.24,22043.058
301318.SZ,20240319,56.0,57.5,52.71,52.77,55.76,-2.99,-5.3623,99407.09,546051.025
301319.SZ,20240319,53.38,54.5,52.0,52.3,53.01,-0.71,-1.3394,10481.1,55676.885
301320.SZ,20240319,16.99,17.19,16.8,17.17,17.18,-0.01,-0.0582,58973.32,100085.917
301321.SZ,20240319,14.77,15.46,14.62,15.19,14.86,0.33,2.2207,56514.45,85680.089
301322.SZ,20240319,35.82,36.88,35.6,36.0,35.9,0.1,0.2786,17025.48,61565.702
301323.SZ,20240319,32.5,33.33,32.34,32.56,32.66,-0.1,-0.3062,17161.3,56352.122
301325.SZ,20240319,70.56,72.99,70.28,71.85,70.92,0.93,1.3113,14376.13,103221.228
301326.SZ,20240319,28.14,28.98,28.14,28.57,28.65,-0.08,-0.2792,15773.66,45161.603
301327.SZ,20240319,58.92,60.2,58.43,59.8,58.85,0.95,1.6143,13795.55,82012.047
301328.SZ,20240319,44.33,44.84,42.8,44.07,44.52,-0.45,-1.0108,27091.81,118744.393
301329.SZ,20240319,19.51,20.18,19.05,19.48,19.78,-0.3,-1.5167,90135.85,174786.648
301330.SZ,20240319,30.15,30.35,29.67,29.67,30.41,-0.74,-2.4334,44706.38,134019.178
301331.SZ,20240319,36.61,37.61,36.61,36.77,37.03,-0.26,-0.7021,9206.0,34170.267
301332.SZ,20240319,11.38,11.43,11.19,11.19,11.45,-0.26,-2.2707,46285.17,52343.979
301333.SZ,20240319,55.29,55.49,53.89,54.2,55.79,-1.59,-2.85,23022.74,125608.061
301335.SZ,20240319,17.89,18.26,17.6,18.12,17.92,0.2,1.1161,7871.0,14236.349
301336.SZ,20240319,34.99,35.24,34.32,34.36,34.68,-0.32,-0.9227,3760.0,13039.418
301337.SZ,20240319,41.0,43.88,40.7,43.26,41.14,2.12,5.1531,97733.31,416959.67
301338.SZ,20240319,32.24,32.68,32.0,32.28,32.29,-0.01,-0.031,35604.56,115145.809
301339.SZ,20240319,17.16,19.8,17.15,18.96,17.12,1.84,10.7477,196649.66,370686.182
301345.SZ,20240319,56.02,58.12,55.83,56.22,56.01,0.21,0.3749,6417.03,36613.822
301348.SZ,20240319,36.2,37.48,36.02,37.1,36.47,0.63,1.7274,64865.53,239597.232
301349.SZ,20240319,34.3,34.45,33.81,34.0,34.59,-0.59,-1.7057,22394.32,76277.256
301353.SZ,20240319,26.63,26.94,26.38,26.71,26.65,0.06,0.2251,8277.02,22079.755
301355.SZ,20240319,13.08,13.1,12.95,13.0,13.07,-0.07,-0.5356,14851.85,19341.678
301356.SZ,20240319,17.25,20.58,17.13,19.72,17.25,2.47,14.3188,105373.9,199987.901
301357.SZ,20240319,39.04,39.98,38.63,39.42,39.13,0.29,0.7411,21042.0,83226.997
301358.SZ,20240319,29.88,30.49,29.69,29.96,29.94,0.02,0.0668,92782.43,279263.004
301359.SZ,20240319,19.7,20.19,19.51,19.92,19.69,0.23,1.1681,20109.1,40050.758
301360.SZ,20240319,58.9,61.58,58.0,60.1,59.07,1.03,1.7437,24730.56,148419.551
301361.SZ,20240319,19.62,20.08,19.57,19.67,19.63,0.04,0.2038,29814.56,59090.913
301362.SZ,20240319,36.17,36.41,35.76,35.79,36.2,-0.41,-1.1326,8737.43,31477.479
301363.SZ,20240319,28.17,28.26,27.6,27.62,28.28,-0.66,-2.3338,18606.25,51719.08
301365.SZ,20240319,12.12,12.24,11.99,12.06,12.12,-0.06,-0.495,18918.42,22944.184
301366.SZ,20240319,31.18,32.88,30.12,30.24,29.91,0.33,1.1033,92659.73,290962.541
301367.SZ,20240319,99.99,100.17,98.21,98.21,100.42,-2.21,-2.2008,5489.0,54324.229
301368.SZ,20240319,54.15,58.1,52.8,53.11,55.1,-1.99,-3.6116,169326.11,933302.88
301369.SZ,20240319,47.0,47.0,46.16,46.43,46.7,-0.27,-0.5782,16381.78,76356.124
301370.SZ,20240319,14.36,14.93,14.32,14.4,14.32,0.08,0.5587,65172.14,95016.183
301371.SZ,20240319,32.36,33.34,32.22,32.69,32.46,0.23,0.7086,23495.84,77155.917
301372.SZ,20240319,36.18,36.72,35.85,35.93,36.37,-0.44,-1.2098,15284.69,55262.171
301373.SZ,20240319,26.35,26.74,26.01,26.16,26.57,-0.41,-1.5431,9721.26,25562.901
301376.SZ,20240319,24.39,24.58,24.12,24.15,24.49,-0.34,-1.3883,11735.84,28559.755
301377.SZ,20240319,20.16,20.22,19.8,19.89,20.03,-0.14,-0.699,34187.37,68140.169
301378.SZ,20240319,37.6,39.17,37.23,38.03,37.62,0.41,1.0898,23915.05,91382.775
301379.SZ,20240319,23.9,26.36,23.75,24.62,23.89,0.73,3.0557,52859.87,132891.286
301380.SZ,20240319,39.59,40.81,39.3,39.82,39.68,0.14,0.3528,23080.0,92297.319
301381.SZ,20240319,26.65,27.77,26.4,27.15,26.65,0.5,1.8762,47986.38,130342.202
301382.SZ,20240319,32.07,32.86,32.0,32.45,32.28,0.17,0.5266,31353.25,101932.777
301383.SZ,20240319,42.21,45.99,42.16,45.14,42.39,2.75,6.4874,53394.12,238602.479
301386.SZ,20240319,21.7,22.2,21.57,21.89,21.62,0.27,1.2488,24500.78,53565.003
301387.SZ,20240319,55.97,58.64,55.73,56.79,55.77,1.02,1.8289,30227.96,172491.623
301388.SZ,20240319,19.01,19.44,19.01,19.3,19.12,0.18,0.9414,17604.97,33836.032
301389.SZ,20240319,15.0,15.7,14.75,15.57,15.0,0.57,3.8,137464.44,210940.613
301390.SZ,20240319,37.08,38.26,36.98,37.5,37.29,0.21,0.5632,18316.91,68688.744
301391.SZ,20240319,131.43,132.05,127.7,129.0,130.73,-1.73,-1.3233,8013.01,103663.9
301393.SZ,20240319,50.3,51.73,49.85,50.85,50.36,0.49,0.973,25461.64,129346.623
301395.SZ,20240319,15.84,16.33,15.78,15.92,15.83,0.09,0.5685,17879.6,28643.113
301396.SZ,20240319,26.99,27.7,25.84,25.93,26.59,-0.66,-2.4821,153014.06,408724.495
301397.SZ,20240319,37.18,37.5,36.83,36.86,37.38,-0.52,-1.3911,15886.71,58946.924
301398.SZ,20240319,56.0,57.88,54.45,54.59,57.61,-3.02,-5.2421,53533.35,298138.566
301399.SZ,20240319,37.86,38.78,37.6,37.84,38.23,-0.39,-1.0201,23245.2,88344.551
301408.SZ,20240319,13.08,13.27,12.88,12.89,12.94,-0.05,-0.3864,34187.11,44531.759
301413.SZ,20240319,66.65,67.0,64.54,64.86,66.66,-1.8,-2.7003,13193.87,86052.036
301418.SZ,20240319,42.55,43.27,42.25,42.76,42.72,0.04,0.0936,16160.09,69079.529
301419.SZ,20240319,32.4,34.38,31.79,33.97,32.26,1.71,5.3007,49489.91,163228.54
301421.SZ,20240319,50.28,52.88,49.81,52.79,50.49,2.3,4.5554,66412.25,343234.77
301428.SZ,20240319,31.89,32.33,31.67,31.67,32.25,-0.58,-1.7984,27446.86,87672.723
301429.SZ,20240319,15.71,15.75,15.33,15.55,15.49,0.06,0.3873,20529.6,31784.493
301439.SZ,20240319,13.29,14.58,13.26,14.02,13.3,0.72,5.4135,104012.88,144616.943
301446.SZ,20240319,25.3,25.77,25.0,25.25,25.2,0.05,0.1984,12513.0,31667.008
301448.SZ,20240319,28.5,28.85,28.33,28.68,28.67,0.01,0.0349,23379.16,66895.252
301456.SZ,20240319,27.6,27.69,27.25,27.25,27.7,-0.45,-1.6245,19123.87,52497.854
301459.SZ,20240319,42.4,44.17,41.5,43.84,42.52,1.32,3.1044,29613.25,126230.017
301468.SZ,20240319,25.17,25.34,24.99,25.17,25.2,-0.03,-0.119,7704.37,19373.783
301469.SZ,20240319,28.1,29.17,28.07,28.56,28.25,0.31,1.0973,34158.64,97804.636
301486.SZ,20240319,39.3,47.0,39.11,42.32,39.9,2.42,6.0652,108969.23,460793.262
301487.SZ,20240319,35.58,36.17,35.0,35.0,35.69,-0.69,-1.9333,66351.97,235925.175
301488.SZ,20240319,55.24,57.86,54.58,56.95,55.09,1.86,3.3763,34399.22,195075.993
301489.SZ,20240319,82.0,91.5,81.5,81.86,84.79,-2.93,-3.4556,62794.9,537118.73
301498.SZ,20240319,41.56,44.08,41.56,43.35,41.85,1.5,3.5842,21107.0,91327.826
301499.SZ,20240319,25.51,28.36,25.4,27.06,26.09,0.97,3.7179,95513.54,259512.404
301500.SZ,20240319,20.0,21.38,19.71,20.96,20.43,0.53,2.5942,109413.8,228266.834
301502.SZ,20240319,45.88,48.0,45.5,47.16,46.4,0.76,1.6379,39937.3,186380.293
301503.SZ,20240319,30.12,32.48,29.69,31.9,30.18,1.72,5.6991,60737.84,191274.79
301505.SZ,20240319,27.42,28.49,27.4,27.93,27.67,0.26,0.9396,31028.5,86572.87
301507.SZ,20240319,13.59,13.69,13.5,13.51,13.59,-0.08,-0.5887,39050.52,53061.627
301508.SZ,20240319,38.38,38.58,37.63,37.78,38.61,-0.83,-2.1497,59330.57,225864.459
301509.SZ,20240319,65.16,66.06,64.35,64.47,65.76,-1.29,-1.9617,25999.59,169240.211
301510.SZ,20240319,44.62,48.02,44.1,44.1,44.6,-0.5,-1.1211,165732.34,759308.119
301511.SZ,20240319,21.88,22.56,21.8,21.84,22.02,-0.18,-0.8174,73559.06,162587.356
301512.SZ,20240319,59.31,59.4,57.83,57.83,60.7,-2.87,-4.7282,28617.72,167515.413
301515.SZ,20240319,23.07,24.42,23.07,23.53,23.14,0.39,1.6854,36394.71,86310.923
301516.SZ,20240319,23.6,23.69,22.75,22.82,23.7,-0.88,-3.7131,99523.3,231247.491
301517.SZ,20240319,52.7,57.51,50.88,54.42,51.86,2.56,4.9364,60057.14,325644.498
301518.SZ,20240319,18.38,18.64,18.28,18.42,18.34,0.08,0.4362,21933.52,40513.874
301519.SZ,20240319,16.76,16.77,16.35,16.35,16.51,-0.16,-0.9691,30844.44,51008.494
301520.SZ,20240319,55.89,56.15,54.3,54.62,56.15,-1.53,-2.7248,9946.41,54601.106
301525.SZ,20240319,70.26,70.4,69.42,69.73,70.4,-0.67,-0.9517,10676.85,74635.17
301526.SZ,20240319,4.81,4.9,4.79,4.82,4.83,-0.01,-0.207,446300.05,216468.165
301528.SZ,20240319,56.54,57.25,56.22,56.35,56.85,-0.5,-0.8795,8255.41,46729.834
301529.SZ,20240319,33.73,34.01,33.2,33.21,33.58,-0.37,-1.1018,16786.82,56347.447
301533.SZ,20240319,30.1,32.5,29.83,30.8,30.1,0.7,2.3256,58251.53,181446.274
301548.SZ,20240319,53.99,55.66,53.55,54.51,55.09,-0.58,-1.0528,12055.91,65844.019
301550.SZ,20240319,36.65,36.65,35.64,35.64,36.56,-0.92,-2.5164,37648.55,135309.087
301555.SZ,20240319,34.79,36.79,34.11,34.94,33.8,1.14,3.3728,64011.7,227179.822
301558.SZ,20240319,11.93,12.61,11.88,12.4,11.76,0.64,5.4422,279044.21,342152.246
301559.SZ,20240319,17.1,17.18,16.98,17.11,17.12,-0.01,-0.0584,20901.3,35748.967
301566.SZ,20240319,19.5,20.06,19.34,19.83,19.6,0.23,1.1735,65039.54,128394.985
301567.SZ,20240319,61.44,65.66,59.82,59.82,61.78,-1.96,-3.1725,71673.85,451138.068
301568.SZ,20240319,45.32,47.77,44.91,44.93,46.28,-1.35,-2.917,70843.76,327893.818
301577.SZ,20240319,62.21,63.33,61.2,62.46,61.99,0.47,0.7582,35634.88,221920.797
301578.SZ,20240319,59.01,59.67,58.35,58.55,59.25,-0.7,-1.1814,20034.42,117775.352
301588.SZ,20240319,33.8,34.8,32.5,32.5,34.95,-2.45,-7.01,113156.99,379234.574
301589.SZ,20240319,494.49,508.0,484.01,485.08,494.1,-9.02,-1.8255,6404.26,316372.218
301591.SZ,20240319,51.37,52.38,50.98,51.1,51.99,-0.89,-1.7119,29374.24,151469.153
302132.SZ,20240319,43.1,44.2,42.86,43.6,43.06,0.54,1.2541,93815.64,408926.401
