ts_code,trade_date,open,high,low,close,pre_close,change,pct_chg,vol,amount
300001.SZ,20240822,18.28,18.37,17.98,18.0,18.08,-0.08,-0.4425,82622.14,149929.157
300002.SZ,20240822,8.31,8.41,7.99,8.0,8.32,-0.32,-3.8462,457880.06,371430.451
300003.SZ,20240822,11.34,11.38,11.1,11.14,11.3,-0.16,-1.4159,167691.79,187932.91
300004.SZ,20240822,4.23,4.32,4.09,4.09,4.33,-0.24,-5.5427,318392.03,133121.211
300005.SZ,20240822,5.07,6.06,5.02,6.06,5.05,1.01,20.0,939096.04,545386.253
300006.SZ,20240822,2.5,2.53,2.44,2.46,2.51,-0.05,-1.992,86342.0,21414.168
300007.SZ,20240822,13.21,13.27,12.65,12.66,13.2,-0.54,-4.0909,74029.0,95584.83
300008.SZ,20240822,3.62,3.64,3.56,3.56,3.61,-0.05,-1.385,186571.0,67044.935
300009.SZ,20240822,8.22,8.3,8.15,8.16,8.25,-0.09,-1.0909,60304.32,49449.615
300010.SZ,20240822,2.52,2.52,2.42,2.42,2.53,-0.11,-4.3478,276135.0,68323.144
300011.SZ,20240822,5.82,5.82,5.63,5.65,5.9,-0.25,-4.2373,259145.3,148043.342
300012.SZ,20240822,10.93,10.96,10.71,10.72,10.93,-0.21,-1.9213,72020.0,77864.373
300013.SZ,20240822,2.51,2.59,2.39,2.46,2.49,-0.03,-1.2048,247133.54,61172.639
300014.SZ,20240822,35.23,35.31,33.78,34.2,35.22,-1.02,-2.8961,223914.2,767765.186
300015.SZ,20240822,10.3,10.34,9.9,9.95,10.26,-0.31,-3.0214,685912.17,688278.629
300016.SZ,20240822,4.61,4.64,4.49,4.53,4.6,-0.07,-1.5217,39430.25,17969.811
300017.SZ,20240822,6.94,7.0,6.82,6.85,6.92,-0.07,-1.0116,300335.72,206989.106
300018.SZ,20240822,4.8,4.89,4.75,4.78,4.82,-0.04,-0.8299,104535.44,50422.69
300019.SZ,20240822,10.83,10.84,10.34,10.37,10.79,-0.42,-3.8925,42404.38,44795.139
300020.SZ,20240822,1.92,2.0,1.91,1.91,1.94,-0.03,-1.5464,386003.01,75473.277
300021.SZ,20240822,3.26,3.27,3.1,3.1,3.34,-0.24,-7.1856,206145.15,64986.515
300022.SZ,20240822,3.49,3.53,3.43,3.43,3.5,-0.07,-2.0,33249.0,11503.479
300024.SZ,20240822,9.56,9.58,9.14,9.17,9.53,-0.36,-3.7775,173626.73,161664.939
300025.SZ,20240822,8.63,8.76,8.53,8.62,8.62,0.0,0.0,35533.01,30738.921
300026.SZ,20240822,3.23,3.28,3.18,3.19,3.24,-0.05,-1.5432,261052.0,84066.523
300027.SZ,20240822,2.47,2.62,2.22,2.3,2.65,-0.35,-13.2075,5320475.97,1272244.521
300029.SZ,20240822,3.99,4.18,3.97,4.04,3.99,0.05,1.2531,47458.77,19425.165
300030.SZ,20240822,4.0,4.05,3.89,3.91,4.02,-0.11,-2.7363,60587.01,23934.316
300031.SZ,20240822,14.93,15.2,14.38,14.41,15.0,-0.59,-3.9333,161888.45,237856.258
300032.SZ,20240822,3.35,3.55,3.31,3.46,3.39,0.07,2.0649,443647.96,150843.715
300033.SZ,20240822,100.04,100.59,95.5,95.61,100.01,-4.4,-4.3996,61723.16,602097.688
300034.SZ,20240822,13.83,13.96,13.7,13.74,13.86,-0.12,-0.8658,67968.14,93687.515
300035.SZ,20240822,7.73,7.81,7.63,7.66,7.74,-0.08,-1.0336,48912.0,37714.289
300036.SZ,20240822,13.33,13.67,13.08,13.1,13.44,-0.34,-2.5298,78990.0,105488.626
300037.SZ,20240822,31.98,32.24,31.02,31.12,31.76,-0.64,-2.0151,43223.79,136764.296
300039.SZ,20240822,5.4,5.45,5.31,5.33,5.4,-0.07,-1.2963,74425.49,39965.662
300040.SZ,20240822,5.07,5.15,4.98,5.0,4.99,0.01,0.2004,266195.01,135105.486
300041.SZ,20240822,7.7,7.82,7.51,7.67,7.75,-0.08,-1.0323,136115.11,104144.655
300042.SZ,20240822,17.9,18.39,17.05,17.26,18.33,-1.07,-5.8374,93614.13,165294.78
300043.SZ,20240822,2.44,2.48,2.34,2.36,2.46,-0.1,-4.065,413901.42,98811.521
300044.SZ,20240822,4.24,4.27,4.1,4.1,4.23,-0.13,-3.0733,223725.4,93222.266
300045.SZ,20240822,16.3,16.5,16.0,16.01,16.28,-0.27,-1.6585,135350.6,219540.009
300046.SZ,20240822,16.01,16.29,15.76,15.94,16.01,-0.07,-0.4372,173719.0,277559.227
300047.SZ,20240822,6.7,6.96,6.61,6.64,6.72,-0.08,-1.1905,238436.01,161312.107
300048.SZ,20240822,4.32,4.38,4.29,4.31,4.32,-0.01,-0.2315,38718.2,16782.202
300049.SZ,20240822,42.91,43.9,42.72,42.8,43.11,-0.31,-0.7191,18984.0,81949.306
300050.SZ,20240822,5.08,5.68,5.08,5.32,4.8,0.52,10.8333,2240622.38,1204001.765
300051.SZ,20240822,6.19,6.34,6.05,6.07,6.22,-0.15,-2.4116,37795.57,23321.489
300052.SZ,20240822,10.41,10.66,10.25,10.26,10.49,-0.23,-2.1926,53864.0,56282.407
300053.SZ,20240822,10.05,10.94,9.98,10.46,10.08,0.38,3.7698,765237.0,809487.747
300054.SZ,20240822,19.6,19.67,19.1,19.2,19.51,-0.31,-1.5889,74900.77,144376.016
300055.SZ,20240822,4.02,4.05,3.87,3.89,4.01,-0.12,-2.9925,61873.0,24397.154
300056.SZ,20240822,8.12,8.12,7.14,7.3,8.08,-0.78,-9.6535,144204.62,108166.769
300057.SZ,20240822,3.95,4.03,3.9,3.9,3.96,-0.06,-1.5152,121717.37,48250.046
300058.SZ,20240822,5.37,5.45,5.08,5.1,5.19,-0.09,-1.7341,804249.37,423552.671
300059.SZ,20240822,10.55,10.58,10.18,10.19,10.51,-0.32,-3.0447,1691113.53,1746002.46
300061.SZ,20240822,7.76,8.15,7.05,7.16,8.13,-0.97,-11.9311,1645749.99,1248672.096
300062.SZ,20240822,4.96,4.98,4.81,4.81,4.91,-0.1,-2.0367,71868.2,35206.835
300063.SZ,20240822,3.97,4.68,3.86,4.4,4.01,0.39,9.7257,1433909.52,609780.335
300065.SZ,20240822,6.04,6.12,5.96,5.97,6.06,-0.09,-1.4851,83300.0,50189.844
300066.SZ,20240822,3.16,3.19,3.06,3.09,3.23,-0.14,-4.3344,203973.0,63605.765
300067.SZ,20240822,3.1,3.14,3.08,3.1,3.11,-0.01,-0.3215,291164.05,90688.835
300068.SZ,20240822,7.47,7.62,7.37,7.41,7.43,-0.02,-0.2692,184261.42,137895.664
300069.SZ,20240822,10.93,12.77,10.78,11.6,10.93,0.67,6.1299,106212.78,123290.437
300070.SZ,20240822,3.99,4.02,3.92,3.93,4.01,-0.08,-1.995,193881.79,76926.394
300071.SZ,20240822,2.24,2.32,2.22,2.25,2.25,0.0,0.0,168054.22,37922.592
300072.SZ,20240822,1.92,1.94,1.87,1.88,1.93,-0.05,-2.5907,187574.53,35590.244
300073.SZ,20240822,30.06,31.68,30.06,30.2,30.46,-0.26,-0.8536,393893.66,1209250.888
300074.SZ,20240822,3.26,3.3,3.14,3.15,3.24,-0.09,-2.7778,113744.0,36591.691
300075.SZ,20240822,12.45,12.58,12.02,12.05,12.43,-0.38,-3.0571,89643.56,109696.814
300076.SZ,20240822,3.65,4.34,3.61,3.77,3.62,0.15,4.1436,637447.13,252641.484
300077.SZ,20240822,9.51,9.57,9.26,9.27,9.53,-0.26,-2.7282,141751.48,133059.753
300078.SZ,20240822,2.64,2.72,2.45,2.45,2.63,-0.18,-6.8441,594339.16,153521.141
300079.SZ,20240822,4.43,4.63,4.25,4.27,4.5,-0.23,-5.1111,780572.76,344341.3
300080.SZ,20240822,2.79,2.83,2.73,2.73,2.8,-0.07,-2.5,133743.01,37069.154
300081.SZ,20240822,4.54,5.52,4.54,5.1,4.6,0.5,10.8696,1086481.7,567852.05
300082.SZ,20240822,4.7,4.84,4.52,4.54,4.8,-0.26,-5.4167,160353.49,74490.048
300083.SZ,20240822,6.08,6.13,5.89,5.91,6.09,-0.18,-2.9557,464136.0,276634.309
300084.SZ,20240822,4.94,4.99,4.9,4.93,4.97,-0.04,-0.8048,12316.2,6086.759
300085.SZ,20240822,8.4,8.51,8.0,8.02,8.37,-0.35,-4.1816,112387.2,92144.269
300086.SZ,20240822,3.73,3.8,3.67,3.67,3.71,-0.04,-1.0782,50149.0,18682.095
300087.SZ,20240822,6.02,6.07,5.9,5.9,6.02,-0.12,-1.9934,57603.9,34348.84
300088.SZ,20240822,4.42,4.46,4.31,4.33,4.43,-0.1,-2.2573,371865.99,162321.985
300091.SZ,20240822,1.43,1.46,1.38,1.4,1.43,-0.03,-2.0979,294024.12,41752.875
300092.SZ,20240822,9.62,9.7,9.15,9.17,9.87,-0.7,-7.0922,142216.0,133507.226
300093.SZ,20240822,10.8,10.89,10.26,10.32,10.61,-0.29,-2.7333,82411.0,86658.54
300094.SZ,20240822,2.66,2.82,2.64,2.76,2.66,0.1,3.7594,666123.0,182314.1
300095.SZ,20240822,5.5,5.6,5.38,5.39,5.52,-0.13,-2.3551,31548.01,17294.828
300096.SZ,20240822,2.4,2.85,2.38,2.53,2.39,0.14,5.8577,259278.17,67953.422
300097.SZ,20240822,5.77,5.78,5.55,5.57,5.79,-0.22,-3.7997,119017.8,67059.027
300098.SZ,20240822,4.04,4.1,3.98,3.99,4.09,-0.1,-2.445,491239.15,197488.193
300099.SZ,20240822,4.59,4.63,4.44,4.47,4.6,-0.13,-2.8261,131208.0,59292.671
300100.SZ,20240822,12.7,12.74,12.05,12.11,12.66,-0.55,-4.3444,161118.68,197314.433
300101.SZ,20240822,13.05,13.17,12.84,12.88,13.01,-0.13,-0.9992,49973.01,64883.461
300102.SZ,20240822,6.07,6.42,6.02,6.31,6.06,0.25,4.1254,545200.53,341044.233
300103.SZ,20240822,4.66,4.71,4.53,4.53,4.68,-0.15,-3.2051,84568.01,39016.145
300105.SZ,20240822,5.88,6.25,5.65,5.65,5.42,0.23,4.2435,352183.91,209993.061
300106.SZ,20240822,6.12,6.3,5.82,5.83,5.77,0.06,1.0399,96330.01,57966.009
300107.SZ,20240822,8.27,8.42,8.07,8.19,8.29,-0.1,-1.2063,196607.27,161842.951
300108.SZ,20240822,2.06,2.07,1.92,1.94,2.05,-0.11,-5.3659,252070.08,49832.832
300109.SZ,20240822,10.96,10.98,10.74,10.78,10.86,-0.08,-0.7366,25726.51,27859.722
300110.SZ,20240822,3.22,3.25,3.14,3.16,3.22,-0.06,-1.8634,236995.0,75442.903
300111.SZ,20240822,2.3,2.32,2.19,2.2,2.32,-0.12,-5.1724,332648.0,74301.503
300112.SZ,20240822,7.01,7.02,6.75,6.77,7.01,-0.24,-3.4237,57665.24,39634.574
300113.SZ,20240822,10.58,11.16,10.57,10.67,11.17,-0.5,-4.4763,364421.94,392129.133
300115.SZ,20240822,10.83,10.89,10.48,10.63,10.89,-0.26,-2.3875,284256.39,303176.823
300117.SZ,20240822,1.61,1.71,1.6,1.68,1.63,0.05,3.0675,257528.0,42902.944
300118.SZ,20240822,10.25,10.29,9.59,9.68,10.18,-0.5,-4.9116,261749.13,257871.154
300119.SZ,20240822,12.57,12.68,12.36,12.44,12.54,-0.1,-0.7974,17549.0,21891.11
300120.SZ,20240822,5.55,5.57,5.26,5.3,5.82,-0.52,-8.9347,636562.36,341941.112
300121.SZ,20240822,7.07,7.09,6.98,6.99,7.06,-0.07,-0.9915,17833.2,12523.157
300122.SZ,20240822,22.85,22.99,22.45,22.52,22.85,-0.33,-1.4442,149958.11,339737.527
300123.SZ,20240822,4.49,4.58,4.42,4.44,4.53,-0.09,-1.9868,181604.05,81648.563
300124.SZ,20240822,40.67,40.95,39.17,40.05,40.8,-0.75,-1.8382,176955.94,704283.248
300125.SZ,20240822,4.09,4.57,4.09,4.14,4.17,-0.03,-0.7194,603351.46,260809.204
300126.SZ,20240822,4.57,4.6,4.36,4.41,4.57,-0.16,-3.5011,32530.0,14584.927
300127.SZ,20240822,13.69,13.76,13.37,13.4,13.64,-0.24,-1.7595,11418.0,15440.451
300128.SZ,20240822,3.28,3.32,3.2,3.27,3.26,0.01,0.3067,193563.03,62988.155
300129.SZ,20240822,6.41,6.53,6.3,6.3,6.34,-0.04,-0.6309,76560.78,48882.624
300130.SZ,20240822,15.34,15.97,15.13,15.15,15.39,-0.24,-1.5595,295154.02,459410.006
300131.SZ,20240822,4.88,5.05,4.78,4.83,4.96,-0.13,-2.621,787884.63,385193.092
300132.SZ,20240822,3.58,3.6,3.5,3.51,3.57,-0.06,-1.6807,42005.0,14849.802
300133.SZ,20240822,5.27,5.36,5.09,5.11,5.28,-0.17,-3.2197,509116.0,263562.874
300134.SZ,20240822,6.83,7.18,6.77,6.83,6.84,-0.01,-0.1462,179434.51,124416.381
300135.SZ,20240822,2.57,2.58,2.5,2.51,2.57,-0.06,-2.3346,125779.0,31948.212
300136.SZ,20240822,18.01,18.2,17.58,17.76,18.24,-0.48,-2.6316,263925.53,469530.643
300137.SZ,20240822,4.04,4.19,3.98,4.01,4.04,-0.03,-0.7426,82082.9,33518.282
300138.SZ,20240822,7.3,7.37,7.15,7.2,7.26,-0.06,-0.8264,24812.0,17902.629
300139.SZ,20240822,13.44,13.59,12.78,12.86,13.57,-0.71,-5.2321,429842.0,561321.519
300140.SZ,20240822,4.58,4.63,4.5,4.51,4.61,-0.1,-2.1692,71513.57,32568.041
300141.SZ,20240822,7.72,7.98,7.65,7.84,7.72,0.12,1.5544,62541.51,49076.387
300142.SZ,20240822,10.42,10.46,10.14,10.15,10.39,-0.24,-2.3099,136479.8,140067.196
300143.SZ,20240822,7.22,7.27,7.06,7.07,7.22,-0.15,-2.0776,25593.0,18234.263
300144.SZ,20240822,7.66,7.68,7.45,7.46,7.66,-0.2,-2.611,229294.8,172588.579
300145.SZ,20240822,2.34,2.37,2.32,2.33,2.35,-0.02,-0.8511,131642.0,30905.46
300146.SZ,20240822,10.94,10.98,10.73,10.78,10.94,-0.16,-1.4625,86479.67,93775.666
300147.SZ,20240822,7.93,8.77,7.89,8.03,8.04,-0.01,-0.1244,1692248.65,1405972.022
300148.SZ,20240822,2.71,2.8,2.57,2.6,2.77,-0.17,-6.1372,804134.81,213226.091
300149.SZ,20240822,4.65,4.66,4.49,4.53,4.61,-0.08,-1.7354,134656.0,61391.54
300150.SZ,20240822,2.72,2.81,2.61,2.62,2.73,-0.11,-4.0293,331806.0,88997.574
300151.SZ,20240822,14.66,14.69,14.15,14.18,14.6,-0.42,-2.8767,25852.0,36996.955
300152.SZ,20240822,1.8,1.82,1.76,1.76,1.79,-0.03,-1.676,157014.04,28025.536
300153.SZ,20240822,5.5,5.68,5.44,5.46,5.55,-0.09,-1.6216,52127.01,28750.558
300154.SZ,20240822,5.14,5.14,4.98,5.0,5.12,-0.12,-2.3438,31698.17,15952.413
300155.SZ,20240822,3.54,3.57,3.33,3.35,3.52,-0.17,-4.8295,166496.09,56901.862
300157.SZ,20240822,2.1,2.14,2.06,2.07,2.12,-0.05,-2.3585,245011.65,51326.285
300158.SZ,20240822,4.06,4.07,3.95,3.96,4.06,-0.1,-2.4631,140533.0,56167.234
300159.SZ,20240822,2.16,2.23,2.14,2.15,2.16,-0.01,-0.463,617647.98,134582.03
300160.SZ,20240822,4.37,4.37,4.26,4.28,4.35,-0.07,-1.6092,43927.03,18911.994
300161.SZ,20240822,21.64,21.89,21.25,21.35,21.62,-0.27,-1.2488,19374.0,41747.717
300162.SZ,20240822,6.03,6.1,5.79,5.8,6.12,-0.32,-5.2288,332388.45,196205.454
300163.SZ,20240822,1.38,1.45,1.37,1.41,1.38,0.03,2.1739,242342.01,34342.417
300164.SZ,20240822,3.46,3.53,3.43,3.45,3.52,-0.07,-1.9886,194958.0,67568.943
300165.SZ,20240822,2.63,2.68,2.57,2.59,2.69,-0.1,-3.7175,272444.0,71398.643
300166.SZ,20240822,6.07,6.21,5.87,5.88,6.04,-0.16,-2.649,142819.08,85940.787
300167.SZ,20240822,1.63,1.71,1.63,1.68,1.63,0.05,3.0675,132842.36,22312.743
300168.SZ,20240822,5.13,5.23,4.94,4.94,5.11,-0.17,-3.3268,153566.0,77775.427
300169.SZ,20240822,5.33,5.39,5.02,5.05,5.26,-0.21,-3.9924,270964.01,140211.28
300170.SZ,20240822,6.09,6.23,5.96,5.98,6.13,-0.15,-2.447,180864.14,109959.43
300171.SZ,20240822,10.57,10.76,10.27,10.29,10.5,-0.21,-2.0,33404.0,34804.027
300172.SZ,20240822,4.69,4.71,4.52,4.52,4.69,-0.17,-3.6247,224893.3,103486.014
300173.SZ,20240822,3.64,3.64,3.51,3.53,3.64,-0.11,-3.022,190173.04,67678.659
300174.SZ,20240822,12.69,12.78,12.41,12.45,12.68,-0.23,-1.8139,14775.29,18540.448
300175.SZ,20240822,5.3,5.4,5.2,5.25,5.32,-0.07,-1.3158,142367.01,75127.084
300176.SZ,20240822,4.88,4.91,4.68,4.74,4.87,-0.13,-2.6694,95696.45,45633.929
300177.SZ,20240822,6.37,6.41,6.16,6.19,6.4,-0.21,-3.2813,263444.93,164980.187
300179.SZ,20240822,6.56,6.61,6.41,6.43,6.57,-0.14,-2.1309,41379.7,26829.703
300180.SZ,20240822,4.12,4.14,3.86,3.87,4.14,-0.27,-6.5217,1365997.02,541310.836
300181.SZ,20240822,14.77,15.06,14.73,14.78,14.75,0.03,0.2034,79445.01,118250.735
300182.SZ,20240822,3.72,3.8,3.63,3.64,3.74,-0.1,-2.6738,480980.75,177867.515
300183.SZ,20240822,12.38,12.65,12.32,12.38,12.5,-0.12,-0.96,93951.18,116759.271
300184.SZ,20240822,8.25,8.63,7.62,7.67,8.33,-0.66,-7.9232,4916594.55,3998849.999
300185.SZ,20240822,1.8,1.83,1.77,1.77,1.79,-0.02,-1.1173,188915.53,33985.119
300187.SZ,20240822,4.36,4.36,4.22,4.22,4.35,-0.13,-2.9885,93451.0,39897.391
300188.SZ,20240822,10.54,10.65,10.16,10.22,10.54,-0.32,-3.0361,68572.03,71039.821
300189.SZ,20240822,2.09,2.1,1.99,2.0,2.09,-0.09,-4.3062,389188.05,79022.577
300190.SZ,20240822,2.86,2.89,2.8,2.82,2.85,-0.03,-1.0526,34606.0,9862.077
300191.SZ,20240822,12.71,12.78,12.38,12.43,12.68,-0.25,-1.9716,11673.23,14688.937
300192.SZ,20240822,11.44,11.73,10.86,10.9,11.71,-0.81,-6.9172,329550.89,368034.646
300193.SZ,20240822,7.15,7.15,7.06,7.08,7.11,-0.03,-0.4219,23693.0,16806.457
300194.SZ,20240822,3.97,3.98,3.88,3.89,3.97,-0.08,-2.0151,155778.0,61198.773
300195.SZ,20240822,4.23,4.25,4.07,4.07,4.23,-0.16,-3.7825,48709.01,20187.703
300196.SZ,20240822,9.24,9.3,9.1,9.12,9.25,-0.13,-1.4054,9334.0,8570.49
300197.SZ,20240822,1.32,1.34,1.31,1.32,1.33,-0.01,-0.7519,303057.5,40131.274
300198.SZ,20240822,1.34,1.36,1.29,1.29,1.33,-0.04,-3.0075,280805.94,37167.803
300199.SZ,20240822,9.08,9.17,8.96,9.01,9.09,-0.08,-0.8801,91998.99,83149.057
300200.SZ,20240822,6.68,6.71,6.48,6.51,6.69,-0.18,-2.6906,35951.77,23654.298
300201.SZ,20240822,3.15,3.16,3.06,3.07,3.15,-0.08,-2.5397,54541.8,16909.982
300203.SZ,20240822,11.33,11.44,11.07,11.09,11.33,-0.24,-2.1183,39010.01,43704.944
300204.SZ,20240822,6.64,6.7,6.44,6.49,6.65,-0.16,-2.406,80455.0,52974.041
300205.SZ,20240822,5.59,5.75,5.5,5.56,5.59,-0.03,-0.5367,34998.0,19705.258
300206.SZ,20240822,8.03,8.12,7.91,7.94,8.01,-0.07,-0.8739,22329.0,17840.888
300207.SZ,20240822,15.96,16.13,15.75,15.8,16.03,-0.23,-1.4348,244371.79,388301.671
300208.SZ,20240822,1.71,1.77,1.68,1.7,1.72,-0.02,-1.1628,189817.02,32768.43
300209.SZ,20240822,3.22,3.48,3.22,3.31,3.33,-0.02,-0.6006,106742.63,35555.714
300210.SZ,20240822,6.94,7.02,6.71,6.72,6.91,-0.19,-2.7496,67882.0,46414.876
300211.SZ,20240822,5.38,5.66,5.37,5.47,5.29,0.18,3.4026,263058.66,144162.688
300212.SZ,20240822,14.32,14.63,14.0,14.06,14.33,-0.27,-1.8842,108088.38,154378.231
300213.SZ,20240822,5.94,6.17,5.89,6.05,5.91,0.14,2.3689,261261.0,157535.299
300214.SZ,20240822,5.06,5.1,5.02,5.03,5.07,-0.04,-0.789,12368.01,6237.554
300215.SZ,20240822,4.69,4.77,4.55,4.56,4.64,-0.08,-1.7241,129121.0,60142.136
300217.SZ,20240822,3.58,3.59,3.43,3.44,3.57,-0.13,-3.6415,178464.37,62217.762
300218.SZ,20240822,13.81,13.9,13.57,13.62,13.8,-0.18,-1.3043,25035.0,34238.349
300219.SZ,20240822,5.65,5.69,5.38,5.4,5.69,-0.29,-5.0967,172471.64,94965.529
300220.SZ,20240822,6.87,6.9,6.71,6.73,6.85,-0.12,-1.7518,15946.0,10853.93
300221.SZ,20240822,4.73,4.75,4.53,4.55,4.73,-0.18,-3.8055,136996.0,63019.889
300222.SZ,20240822,5.55,5.59,5.37,5.4,5.57,-0.17,-3.0521,76878.34,41950.344
300223.SZ,20240822,45.32,45.87,44.95,45.24,45.34,-0.1,-0.2206,55820.88,253633.495
300224.SZ,20240822,8.1,8.21,8.0,8.03,8.13,-0.1,-1.23,27081.09,21862.923
300225.SZ,20240822,4.96,5.01,4.9,4.9,4.99,-0.09,-1.8036,40191.0,19869.494
300226.SZ,20240822,16.08,16.22,15.54,15.55,16.08,-0.53,-3.296,60385.88,95544.941
300227.SZ,20240822,5.0,5.05,4.88,4.88,5.04,-0.16,-3.1746,80147.6,39780.288
300228.SZ,20240822,6.18,6.29,6.07,6.1,6.18,-0.08,-1.2945,350489.28,216312.453
300229.SZ,20240822,11.44,11.59,11.0,11.03,11.41,-0.38,-3.3304,119313.42,134052.826
300230.SZ,20240822,3.16,3.17,3.09,3.1,3.16,-0.06,-1.8987,45185.0,14091.225
300231.SZ,20240822,7.17,7.33,6.95,6.97,7.2,-0.23,-3.1944,63406.28,45048.085
300232.SZ,20240822,5.08,5.11,4.91,4.94,5.1,-0.16,-3.1373,162235.4,81277.52
300233.SZ,20240822,12.04,12.15,11.91,12.04,12.08,-0.04,-0.3311,67877.3,81650.548
300234.SZ,20240822,3.76,3.76,3.65,3.65,3.74,-0.09,-2.4064,26457.0,9776.613
300235.SZ,20240822,7.91,7.98,7.63,7.64,7.9,-0.26,-3.2911,54504.5,42404.033
300236.SZ,20240822,30.83,30.91,30.01,30.05,30.79,-0.74,-2.4034,19140.03,58347.743
300237.SZ,20240822,1.3,1.34,1.3,1.31,1.3,0.01,0.7692,195067.6,25711.23
300238.SZ,20240822,8.89,8.9,8.63,8.65,8.81,-0.16,-1.8161,27992.0,24439.936
300239.SZ,20240822,4.6,4.6,4.53,4.53,4.56,-0.03,-0.6579,29899.0,13586.056
300240.SZ,20240822,5.83,5.88,5.74,5.76,5.85,-0.09,-1.5385,129422.89,75126.114
300241.SZ,20240822,4.54,4.62,4.11,4.14,5.08,-0.94,-18.5039,1641981.16,717774.933
300242.SZ,20240822,2.13,2.25,2.06,2.21,2.15,0.06,2.7907,641425.0,137731.936
300243.SZ,20240822,7.8,7.8,7.6,7.61,7.75,-0.14,-1.8065,35933.0,27556.893
300244.SZ,20240822,11.58,11.64,10.97,11.02,11.56,-0.54,-4.6713,106542.0,119182.484
300245.SZ,20240822,5.9,6.07,5.67,5.68,5.92,-0.24,-4.0541,98810.99,57687.477
300246.SZ,20240822,6.0,6.05,5.85,5.87,5.96,-0.09,-1.5101,19738.5,11746.094
300247.SZ,20240822,2.43,2.46,2.4,2.42,2.46,-0.04,-1.626,74663.0,18092.296
300248.SZ,20240822,6.54,6.6,6.3,6.34,6.51,-0.17,-2.6114,38348.0,24650.93
300249.SZ,20240822,6.45,6.62,6.35,6.35,6.48,-0.13,-2.0062,87013.0,56395.805
300250.SZ,20240822,11.52,12.1,11.07,11.1,11.57,-0.47,-4.0622,96442.81,110827.045
300251.SZ,20240822,7.09,7.11,6.91,6.92,7.07,-0.15,-2.1216,182767.39,127298.562
300252.SZ,20240822,6.55,6.57,6.35,6.37,6.58,-0.21,-3.1915,196230.18,126229.929
300253.SZ,20240822,5.23,5.29,5.13,5.15,5.22,-0.07,-1.341,175590.0,91515.251
300254.SZ,20240822,8.45,8.49,7.94,8.03,8.45,-0.42,-4.9704,109457.6,88847.697
300255.SZ,20240822,9.37,9.41,9.14,9.18,9.35,-0.17,-1.8182,84716.0,78371.254
300256.SZ,20240822,2.4,2.52,2.36,2.48,2.42,0.06,2.4793,2258724.67,551859.624
300257.SZ,20240822,8.05,8.11,7.96,8.04,8.03,0.01,0.1245,52781.0,42405.805
300258.SZ,20240822,7.47,7.51,7.24,7.25,7.48,-0.23,-3.0749,42130.0,30916.217
300259.SZ,20240822,2.6,2.65,2.53,2.55,2.62,-0.07,-2.6718,96997.4,25013.55
300260.SZ,20240822,16.82,17.05,16.48,16.59,16.8,-0.21,-1.25,64056.8,107222.656
300261.SZ,20240822,5.51,5.58,5.29,5.31,5.56,-0.25,-4.4964,147428.69,79359.239
300263.SZ,20240822,5.33,5.38,5.18,5.18,5.35,-0.17,-3.1776,74937.84,39360.749
300264.SZ,20240822,4.57,5.15,4.51,4.51,4.56,-0.05,-1.0965,559314.0,267404.869
300265.SZ,20240822,6.62,6.76,6.47,6.6,6.59,0.01,0.1517,200902.0,133025.685
300266.SZ,20240822,1.42,1.44,1.38,1.39,1.42,-0.03,-2.1127,163927.5,23150.408
300267.SZ,20240822,2.24,2.27,2.18,2.19,2.23,-0.04,-1.7937,261286.0,57839.178
300268.SZ,20240822,6.32,6.45,6.32,6.35,6.34,0.01,0.1577,4429.0,2826.06
300269.SZ,20240822,2.97,3.0,2.83,2.85,2.94,-0.09,-3.0612,605152.0,175393.241
300270.SZ,20240822,5.53,5.57,5.38,5.39,5.53,-0.14,-2.5316,61720.0,33655.552
300271.SZ,20240822,4.58,4.68,4.39,4.4,4.63,-0.23,-4.9676,156534.0,70459.223
300272.SZ,20240822,4.72,4.73,4.61,4.62,4.72,-0.1,-2.1186,61589.07,28675.007
300274.SZ,20240822,66.66,67.29,65.57,66.61,66.48,0.13,0.1955,117711.16,782402.59
300275.SZ,20240822,10.09,10.33,9.99,10.0,10.1,-0.1,-0.9901,43726.23,44286.94
300276.SZ,20240822,3.7,3.75,3.51,3.53,3.76,-0.23,-6.117,605114.82,218740.992
300277.SZ,20240822,6.31,6.43,6.19,6.22,6.32,-0.1,-1.5823,24760.0,15623.454
300278.SZ,20240822,3.16,3.24,3.03,3.04,3.27,-0.23,-7.0336,481871.87,150131.393
300279.SZ,20240822,4.36,4.42,4.25,4.26,4.4,-0.14,-3.1818,103624.0,44886.523
300280.SZ,20240822,13.94,14.59,13.76,13.82,13.94,-0.12,-0.8608,109510.0,153971.269
300281.SZ,20240822,4.65,4.7,4.55,4.58,4.65,-0.07,-1.5054,164782.0,76181.879
300283.SZ,20240822,4.46,4.82,4.45,4.59,4.52,0.07,1.5487,218506.0,101497.326
300284.SZ,20240822,6.55,6.58,6.38,6.4,6.54,-0.14,-2.1407,236600.4,152436.928
300285.SZ,20240822,15.64,15.68,15.38,15.45,15.58,-0.13,-0.8344,44061.0,68155.312
300286.SZ,20240822,16.82,16.88,16.28,16.38,16.78,-0.4,-2.3838,19178.49,31771.779
300287.SZ,20240822,2.27,2.34,2.2,2.21,2.27,-0.06,-2.6432,492632.0,111481.133
300288.SZ,20240822,10.7,10.88,10.39,10.4,10.74,-0.34,-3.1657,43796.0,46294.797
300289.SZ,20240822,3.94,4.03,3.85,3.86,3.91,-0.05,-1.2788,48799.99,19204.431
300290.SZ,20240822,8.8,8.92,8.24,8.25,8.82,-0.57,-6.4626,411120.5,348741.204
300291.SZ,20240822,4.17,4.23,3.96,3.98,4.16,-0.18,-4.3269,220207.0,89474.436
300292.SZ,20240822,3.35,3.46,3.32,3.35,3.37,-0.02,-0.5935,496990.0,168965.142
300293.SZ,20240822,14.62,14.73,14.1,14.17,14.61,-0.44,-3.0116,116490.0,166456.724
300294.SZ,20240822,32.1,32.3,31.83,32.0,32.0,0.0,0.0,16721.35,53540.913
300295.SZ,20240822,9.62,9.86,9.19,9.2,9.76,-0.56,-5.7377,163936.32,154817.777
300296.SZ,20240822,4.8,4.95,4.66,4.77,4.67,0.1,2.1413,1339939.59,645465.315
300298.SZ,20240822,23.35,23.88,23.03,23.79,23.34,0.45,1.928,19867.02,47037.654
300299.SZ,20240822,4.47,4.59,4.11,4.14,4.54,-0.4,-8.8106,1041155.71,445203.599
300300.SZ,20240822,1.34,1.4,1.34,1.37,1.35,0.02,1.4815,365831.65,50081.2
300301.SZ,20240822,1.18,1.21,1.18,1.19,1.2,-0.01,-0.8333,39593.84,4725.563
300302.SZ,20240822,10.3,10.44,9.98,10.03,10.27,-0.24,-2.3369,121415.65,123489.122
300303.SZ,20240822,4.86,4.88,4.75,4.77,4.85,-0.08,-1.6495,175239.0,84233.336
300304.SZ,20240822,5.93,5.94,5.63,5.68,5.91,-0.23,-3.8917,165527.0,94302.188
300305.SZ,20240822,4.78,4.81,4.64,4.67,4.77,-0.1,-2.0964,50570.3,23909.902
300306.SZ,20240822,9.26,9.31,9.06,9.08,9.26,-0.18,-1.9438,28481.0,26114.962
300307.SZ,20240822,5.4,5.45,5.22,5.23,5.4,-0.17,-3.1481,123549.99,65691.84
300308.SZ,20240822,122.46,123.27,120.47,121.39,122.22,-0.83,-0.6791,106734.65,1302086.378
300310.SZ,20240822,3.95,4.7,3.94,4.17,3.98,0.19,4.7739,1155214.74,495996.987
300311.SZ,20240822,3.02,3.08,2.97,2.97,3.02,-0.05,-1.6556,184093.69,55647.388
300313.SZ,20240822,5.59,5.75,5.44,5.49,5.55,-0.06,-1.0811,38641.0,21693.378
300314.SZ,20240822,9.68,9.68,9.39,9.44,9.57,-0.13,-1.3584,22823.0,21642.137
300315.SZ,20240822,4.13,4.21,4.0,4.01,4.16,-0.15,-3.6058,730528.75,297982.982
300316.SZ,20240822,24.32,24.68,23.32,23.37,24.33,-0.96,-3.9457,165705.95,392703.232
300317.SZ,20240822,3.22,3.29,3.15,3.17,3.25,-0.08,-2.4615,116960.86,37567.746
300318.SZ,20240822,5.18,5.19,4.82,4.83,5.07,-0.24,-4.7337,176990.0,87444.691
300319.SZ,20240822,8.95,8.99,8.62,8.64,8.94,-0.3,-3.3557,281699.43,246148.105
300320.SZ,20240822,6.99,6.99,6.85,6.85,6.95,-0.1,-1.4388,29689.0,20485.616
300321.SZ,20240822,14.5,14.72,14.29,14.59,14.41,0.18,1.2491,14250.0,20738.869
300322.SZ,20240822,9.48,9.6,9.26,9.27,9.56,-0.29,-3.0335,342309.76,321374.779
300323.SZ,20240822,4.4,4.6,4.38,4.48,4.43,0.05,1.1287,426624.03,190897.708
300324.SZ,20240822,2.21,2.26,2.15,2.17,2.23,-0.06,-2.6906,481469.59,105848.321
300326.SZ,20240822,3.91,3.96,3.85,3.86,3.93,-0.07,-1.7812,47311.0,18451.968
300327.SZ,20240822,18.41,18.5,17.96,18.02,18.31,-0.29,-1.5838,36895.68,66830.928
300328.SZ,20240822,5.6,5.84,5.41,5.71,5.63,0.08,1.421,694018.51,391714.266
300329.SZ,20240822,4.19,4.19,3.96,3.99,4.16,-0.17,-4.0865,128610.0,51940.476
300331.SZ,20240822,14.87,15.09,14.42,14.47,14.8,-0.33,-2.2297,54926.0,80647.537
300332.SZ,20240822,4.96,4.97,4.9,4.91,4.95,-0.04,-0.8081,31264.2,15422.643
300333.SZ,20240822,4.72,4.81,4.5,4.52,4.72,-0.2,-4.2373,150260.0,69777.981
300334.SZ,20240822,5.07,5.14,4.82,4.84,5.11,-0.27,-5.2838,86048.05,42423.058
300335.SZ,20240822,3.94,4.02,3.86,3.86,3.88,-0.02,-0.5155,87811.0,34540.997
300337.SZ,20240822,7.4,7.67,7.38,7.48,7.47,0.01,0.1339,404346.93,303799.758
300338.SZ,20240822,2.02,2.12,1.98,2.02,2.04,-0.02,-0.9804,215654.0,43784.753
300339.SZ,20240822,19.38,20.39,19.32,19.58,19.31,0.27,1.3982,374045.14,745859.763
300340.SZ,20240822,7.15,7.15,6.83,6.85,7.16,-0.31,-4.3296,74849.0,52218.036
300341.SZ,20240822,8.16,8.18,7.89,7.93,8.06,-0.13,-1.6129,24013.0,19180.56
300342.SZ,20240822,12.89,13.88,12.8,13.28,12.93,0.35,2.7069,430782.95,577655.749
300343.SZ,20240822,4.4,4.45,4.3,4.31,4.38,-0.07,-1.5982,112393.75,49192.553
300344.SZ,20240822,3.17,3.22,3.07,3.09,3.19,-0.1,-3.1348,104994.91,32884.129
300345.SZ,20240822,6.63,6.65,6.37,6.4,6.65,-0.25,-3.7594,29242.0,19006.743
300346.SZ,20240822,25.88,26.1,25.54,25.64,26.02,-0.38,-1.4604,87090.79,224209.315
300347.SZ,20240822,48.59,48.96,47.57,47.76,48.59,-0.83,-1.7082,51314.0,246749.531
300348.SZ,20240822,7.16,7.39,6.99,7.02,7.22,-0.2,-2.7701,110248.76,78968.973
300349.SZ,20240822,11.34,11.99,11.1,11.15,11.43,-0.28,-2.4497,294792.44,340795.708
300350.SZ,20240822,4.51,4.52,4.39,4.39,4.5,-0.11,-2.4444,71810.0,31877.616
300351.SZ,20240822,13.66,13.83,13.35,13.39,13.77,-0.38,-2.7596,51498.86,69724.379
300352.SZ,20240822,3.87,3.96,3.8,3.81,3.89,-0.08,-2.0566,136961.95,52990.054
300353.SZ,20240822,7.76,8.21,7.75,7.78,7.72,0.06,0.7772,178084.95,141653.102
300354.SZ,20240822,29.2,29.22,28.49,28.72,29.2,-0.48,-1.6438,9038.0,26008.92
300355.SZ,20240822,2.29,2.32,2.26,2.27,2.29,-0.02,-0.8734,118813.97,27115.468
300357.SZ,20240822,18.49,18.63,18.09,18.13,18.55,-0.42,-2.2642,30414.0,55604.913
300358.SZ,20240822,7.03,7.05,6.84,6.86,7.02,-0.16,-2.2792,37580.65,26036.704
300359.SZ,20240822,4.78,4.92,4.65,4.68,4.9,-0.22,-4.4898,322914.33,154200.018
300360.SZ,20240822,13.5,13.5,13.06,13.15,13.43,-0.28,-2.0849,43514.3,57621.822
300363.SZ,20240822,11.97,12.07,11.6,11.66,11.97,-0.31,-2.5898,54652.0,64416.251
300364.SZ,20240822,17.9,18.15,17.13,17.2,17.95,-0.75,-4.1783,326099.72,570130.635
300365.SZ,20240822,4.73,4.81,4.6,4.61,4.79,-0.18,-3.7578,107429.0,50506.025
300366.SZ,20240822,7.07,7.26,6.93,6.94,7.12,-0.18,-2.5281,121759.0,86222.991
300368.SZ,20240822,2.54,2.67,2.53,2.58,2.55,0.03,1.1765,226940.41,59279.629
300369.SZ,20240822,5.02,5.15,4.8,4.81,5.02,-0.21,-4.1833,215267.68,106689.456
300370.SZ,20240822,1.77,1.79,1.71,1.73,1.77,-0.04,-2.2599,141793.0,24849.613
300371.SZ,20240822,8.52,9.43,8.52,9.14,8.74,0.4,4.5767,191088.26,173569.048
300373.SZ,20240822,36.99,37.11,36.19,36.33,36.88,-0.55,-1.4913,46234.48,168602.189
300374.SZ,20240822,13.03,13.13,12.42,12.44,13.07,-0.63,-4.8202,97399.39,123992.934
300375.SZ,20240822,3.9,3.93,3.85,3.86,3.9,-0.04,-1.0256,92499.01,35973.002
300376.SZ,20240822,2.41,2.41,2.33,2.33,2.4,-0.07,-2.9167,146958.0,34780.38
300377.SZ,20240822,5.68,5.76,5.42,5.46,5.72,-0.26,-4.5455,251999.0,139991.781
300378.SZ,20240822,16.14,16.38,15.88,15.96,16.02,-0.06,-0.3745,69807.0,112591.469
300379.SZ,20240822,8.75,9.08,8.38,8.43,8.76,-0.33,-3.7671,453200.33,393332.234
300380.SZ,20240822,16.58,16.94,15.93,15.96,16.58,-0.62,-3.7394,42705.0,69997.742
300381.SZ,20240822,5.84,5.91,5.75,5.78,5.84,-0.06,-1.0274,59253.0,34521.07
300382.SZ,20240822,5.14,5.19,5.0,5.01,5.12,-0.11,-2.1484,50196.0,25438.663
300383.SZ,20240822,7.82,7.98,7.7,7.72,7.82,-0.1,-1.2788,110002.0,85911.192
300384.SZ,20240822,11.59,11.65,11.44,11.45,11.57,-0.12,-1.0372,14437.24,16675.176
300385.SZ,20240822,3.84,3.88,3.55,3.6,3.9,-0.3,-7.6923,119229.66,44232.863
300386.SZ,20240822,8.48,8.65,8.17,8.2,8.53,-0.33,-3.8687,158501.66,132250.963
300387.SZ,20240822,6.06,6.21,6.01,6.21,6.07,0.14,2.3064,67866.48,41291.788
300388.SZ,20240822,5.62,5.68,5.61,5.63,5.65,-0.02,-0.354,19991.0,11265.374
300389.SZ,20240822,9.6,9.68,9.34,9.38,9.6,-0.22,-2.2917,31701.0,29980.48
300390.SZ,20240822,16.45,16.53,15.99,16.0,16.46,-0.46,-2.7947,67324.4,109033.177
300391.SZ,20240822,3.64,3.82,3.58,3.6,3.58,0.02,0.5587,190166.25,69805.984
300393.SZ,20240822,5.38,5.42,5.24,5.25,5.37,-0.12,-2.2346,76534.92,40644.691
300394.SZ,20240822,86.98,87.5,85.13,85.61,87.18,-1.57,-1.8009,100006.87,859706.249
300395.SZ,20240822,28.45,29.27,27.91,29.08,28.5,0.58,2.0351,53498.15,153650.217
300396.SZ,20240822,15.95,16.31,15.73,15.84,15.92,-0.08,-0.5025,51574.0,82556.829
300397.SZ,20240822,8.44,8.55,8.31,8.33,8.44,-0.11,-1.3033,64277.8,54069.229
300398.SZ,20240822,10.57,10.86,10.46,10.52,10.54,-0.02,-0.1898,114530.0,121429.645
300399.SZ,20240822,10.39,10.52,9.71,9.78,10.37,-0.59,-5.6895,138976.06,139516.533
300400.SZ,20240822,13.09,13.2,12.49,12.51,13.35,-0.84,-6.2921,189180.0,242933.374
300401.SZ,20240822,13.89,13.97,13.3,13.47,13.78,-0.31,-2.2496,281227.49,379718.155
300402.SZ,20240822,12.35,12.49,12.14,12.19,12.4,-0.21,-1.6935,39411.0,48359.371
300403.SZ,20240822,6.84,6.84,6.4,6.43,6.89,-0.46,-6.6763,248494.35,163896.466
300404.SZ,20240822,7.24,7.36,7.1,7.12,7.29,-0.17,-2.332,43264.33,31140.946
300405.SZ,20240822,3.72,3.73,3.6,3.63,3.69,-0.06,-1.626,66036.81,24073.773
300406.SZ,20240822,13.1,13.16,12.86,12.9,13.07,-0.17,-1.3007,29019.0,37519.146
300407.SZ,20240822,8.19,8.25,7.66,7.67,7.91,-0.24,-3.0341,80185.0,63321.057
300408.SZ,20240822,29.95,30.08,29.33,29.83,30.03,-0.2,-0.666,94277.22,279771.108
300409.SZ,20240822,8.93,9.1,8.73,8.79,8.92,-0.13,-1.4574,117813.45,104585.293
300410.SZ,20240822,5.1,5.86,5.0,5.29,5.09,0.2,3.9293,528381.8,283118.701
300411.SZ,20240822,10.23,10.41,10.05,10.12,10.3,-0.18,-1.7476,173683.5,177014.625
300412.SZ,20240822,3.31,3.31,3.09,3.11,3.27,-0.16,-4.893,221889.3,70250.524
300413.SZ,20240822,19.9,19.98,18.8,18.9,19.9,-1.0,-5.0251,170314.8,325813.124
300414.SZ,20240822,6.4,6.44,6.18,6.2,6.39,-0.19,-2.9734,32973.97,20718.657
300415.SZ,20240822,17.11,17.16,16.65,17.06,17.0,0.06,0.3529,62604.06,105952.725
300416.SZ,20240822,11.03,11.8,11.03,11.22,10.9,0.32,2.9358,243658.14,276578.664
300417.SZ,20240822,8.0,8.05,7.77,7.84,7.93,-0.09,-1.1349,32397.59,25605.97
300418.SZ,20240822,27.2,28.05,26.59,26.62,27.2,-0.58,-2.1324,297691.0,805394.768
300419.SZ,20240822,4.5,4.59,4.35,4.36,4.5,-0.14,-3.1111,99430.0,44170.932
300420.SZ,20240822,2.28,2.29,2.22,2.23,2.28,-0.05,-2.193,143826.1,32310.126
300421.SZ,20240822,10.39,10.39,9.3,9.43,10.39,-0.96,-9.2397,544081.15,529200.499
300422.SZ,20240822,4.42,4.45,4.23,4.23,4.39,-0.16,-3.6446,94155.82,40695.01
300423.SZ,20240822,5.28,5.36,5.09,5.12,5.2,-0.08,-1.5385,156517.0,82102.148
300424.SZ,20240822,12.01,12.17,11.78,11.82,11.97,-0.15,-1.2531,102629.0,122796.83
300425.SZ,20240822,3.98,4.0,3.9,3.91,3.98,-0.07,-1.7588,53098.0,20940.363
300426.SZ,20240822,7.36,7.4,6.95,6.98,7.35,-0.37,-5.034,86161.0,61370.363
300427.SZ,20240822,4.21,4.22,4.15,4.18,4.21,-0.03,-0.7126,39060.29,16320.994
300428.SZ,20240822,15.54,15.57,15.2,15.26,15.54,-0.28,-1.8018,35504.0,54448.03
300429.SZ,20240822,9.6,9.69,9.38,9.52,9.69,-0.17,-1.7544,156422.5,148946.844
300430.SZ,20240822,10.91,11.0,10.46,10.48,11.06,-0.58,-5.2441,111005.84,118119.081
300432.SZ,20240822,6.32,6.55,6.3,6.48,6.32,0.16,2.5316,260696.67,167666.947
300433.SZ,20240822,17.27,17.44,16.77,17.21,17.35,-0.14,-0.8069,380714.62,652037.14
300434.SZ,20240822,7.48,7.59,7.33,7.34,7.49,-0.15,-2.0027,22277.6,16567.924
300435.SZ,20240822,10.07,10.12,9.91,9.95,10.08,-0.13,-1.2897,16491.0,16459.52
300436.SZ,20240822,19.9,20.18,18.68,18.86,20.07,-1.21,-6.0289,144323.7,279484.506
300437.SZ,20240822,8.3,8.39,8.07,8.08,8.3,-0.22,-2.6506,23860.0,19544.294
300438.SZ,20240822,21.98,23.63,21.61,23.63,19.69,3.94,20.0102,641436.18,1465217.702
300439.SZ,20240822,8.99,9.1,8.88,8.89,9.01,-0.12,-1.3319,39786.9,35727.016
300440.SZ,20240822,5.08,5.12,4.9,4.92,5.06,-0.14,-2.7668,57914.0,28951.205
300441.SZ,20240822,6.08,6.12,6.0,6.05,6.07,-0.02,-0.3295,58091.28,35119.035
300442.SZ,20240822,22.24,23.6,22.24,22.87,22.26,0.61,2.7403,223682.76,517166.158
300443.SZ,20240822,15.88,16.44,15.58,15.7,15.49,0.21,1.3557,135118.79,216128.083
300444.SZ,20240822,5.65,5.95,5.58,5.78,5.59,0.19,3.3989,283998.88,164588.586
300445.SZ,20240822,14.3,14.34,13.88,13.93,14.23,-0.3,-2.1082,15165.0,21383.426
300446.SZ,20240822,12.63,12.79,12.46,12.56,12.69,-0.13,-1.0244,88647.48,111746.296
300447.SZ,20240822,11.52,11.68,11.39,11.42,11.49,-0.07,-0.6092,33171.0,38229.401
300448.SZ,20240822,4.86,4.92,4.62,4.63,5.03,-0.4,-7.9523,515793.72,245585.512
300449.SZ,20240822,4.62,4.69,4.43,4.46,4.61,-0.15,-3.2538,65683.0,29856.355
300450.SZ,20240822,15.36,15.47,14.91,14.94,15.24,-0.3,-1.9685,149478.34,226901.551
300451.SZ,20240822,3.23,3.26,3.1,3.11,3.22,-0.11,-3.4161,437106.66,138264.561
300452.SZ,20240822,10.83,10.89,10.67,10.67,10.83,-0.16,-1.4774,15694.65,16855.943
300453.SZ,20240822,6.15,6.22,6.1,6.1,6.18,-0.08,-1.2945,23101.14,14219.166
300454.SZ,20240822,45.36,45.84,44.04,44.08,45.33,-1.25,-2.7576,20838.8,93525.201
300455.SZ,20240822,10.99,11.3,10.9,11.02,11.01,0.01,0.0908,137169.0,151985.524
300456.SZ,20240822,15.92,16.44,15.51,15.6,16.04,-0.44,-2.7431,283318.75,451907.565
300457.SZ,20240822,15.24,15.28,14.63,14.68,15.3,-0.62,-4.0523,177937.83,265856.639
300458.SZ,20240822,22.43,22.52,21.6,21.69,22.41,-0.72,-3.2129,264203.61,578364.681
300459.SZ,20240822,3.45,3.51,3.36,3.37,3.47,-0.1,-2.8818,791705.02,270235.383
300460.SZ,20240822,10.8,11.35,10.32,10.38,10.94,-0.56,-5.1188,416539.8,446805.2
300461.SZ,20240822,20.95,23.66,19.5,21.55,20.32,1.23,6.0531,285235.94,602900.167
300462.SZ,20240822,9.2,9.37,8.93,8.93,9.2,-0.27,-2.9348,123628.19,112715.758
300463.SZ,20240822,11.73,11.84,11.56,11.61,11.69,-0.08,-0.6843,66490.2,77741.895
300464.SZ,20240822,3.76,3.78,3.59,3.61,3.73,-0.12,-3.2172,96921.0,35221.915
300465.SZ,20240822,7.73,7.74,7.29,7.3,7.77,-0.47,-6.0489,284182.29,211742.933
300466.SZ,20240822,6.1,6.13,5.77,5.8,6.15,-0.35,-5.6911,170939.0,101226.69
300467.SZ,20240822,13.13,13.63,12.56,12.59,13.45,-0.86,-6.3941,110534.85,143523.924
300468.SZ,20240822,9.5,9.98,8.89,8.92,9.74,-0.82,-8.4189,707574.44,658102.341
300469.SZ,20240822,13.1,13.36,11.85,12.09,13.5,-1.41,-10.4444,521358.45,651319.491
300470.SZ,20240822,29.0,29.25,28.71,28.81,29.03,-0.22,-0.7578,6271.21,18115.69
300471.SZ,20240822,8.7,8.86,8.47,8.86,8.7,0.16,1.8391,116770.73,101487.725
300472.SZ,20240822,5.35,5.64,5.23,5.25,5.51,-0.26,-4.7187,257577.44,138866.779
300473.SZ,20240822,16.2,16.89,16.0,16.0,16.58,-0.58,-3.4982,124722.95,204764.236
300474.SZ,20240822,57.34,57.8,55.57,55.62,57.52,-1.9,-3.3032,55294.43,311349.866
300475.SZ,20240822,25.33,25.43,24.84,25.02,25.35,-0.33,-1.3018,45723.35,114780.845
300476.SZ,20240822,34.43,34.7,33.33,34.31,34.5,-0.19,-0.5507,203984.14,694102.546
300477.SZ,20240822,2.47,2.77,2.47,2.56,2.45,0.11,4.4898,937758.73,244968.299
300478.SZ,20240822,8.25,8.3,7.45,7.84,8.37,-0.53,-6.3321,149878.56,115999.967
300479.SZ,20240822,14.16,14.36,13.58,13.62,14.09,-0.47,-3.3357,32138.0,44833.287
300480.SZ,20240822,12.81,13.08,12.45,12.5,12.76,-0.26,-2.0376,39626.0,50440.109
300481.SZ,20240822,12.33,12.37,11.98,12.01,12.33,-0.32,-2.5953,31605.41,38303.531
300482.SZ,20240822,21.94,21.99,21.33,21.42,21.84,-0.42,-1.9231,46374.78,99831.354
300483.SZ,20240822,7.14,7.18,7.02,7.04,7.14,-0.1,-1.4006,15225.72,10817.221
300484.SZ,20240822,12.9,13.02,12.47,12.51,13.09,-0.58,-4.4309,131080.0,166533.519
300485.SZ,20240822,6.48,6.59,6.44,6.46,6.5,-0.04,-0.6154,27187.0,17689.162
300486.SZ,20240822,5.34,5.8,5.2,5.48,5.36,0.12,2.2388,372614.45,204478.341
300487.SZ,20240822,38.63,38.89,37.48,37.68,38.45,-0.77,-2.0026,14554.5,55183.498
300488.SZ,20240822,19.2,19.44,19.01,19.01,19.4,-0.39,-2.0103,3591.13,6887.307
300489.SZ,20240822,18.68,19.05,18.42,18.64,18.68,-0.04,-0.2141,11441.0,21322.546
300490.SZ,20240822,7.49,8.28,7.38,7.84,7.45,0.39,5.2349,295166.24,230617.04
300491.SZ,20240822,13.2,13.41,13.03,13.1,13.17,-0.07,-0.5315,20040.0,26460.04
300492.SZ,20240822,71.56,72.98,70.01,70.65,70.6,0.05,0.0708,6816.0,48720.463
300493.SZ,20240822,8.5,8.77,8.46,8.5,8.6,-0.1,-1.1628,105434.5,90433.036
300494.SZ,20240822,9.78,10.09,9.26,9.29,9.94,-0.65,-6.5392,318002.6,305301.86
300496.SZ,20240822,39.0,39.66,38.04,38.08,39.12,-1.04,-2.6585,86410.12,333634.332
300497.SZ,20240822,7.96,8.08,7.7,7.75,8.06,-0.31,-3.8462,64580.86,50602.532
300498.SZ,20240822,17.61,17.91,17.18,17.53,17.81,-0.28,-1.5722,462063.38,805279.17
300499.SZ,20240822,10.65,10.97,10.65,10.78,10.78,0.0,0.0,52364.0,56756.156
300500.SZ,20240822,9.95,10.19,9.71,9.82,9.82,0.0,0.0,43917.0,43604.679
300501.SZ,20240822,11.12,11.87,11.04,11.85,11.08,0.77,6.9495,68149.24,78792.592
300502.SZ,20240822,100.86,101.66,98.65,100.45,100.41,0.04,0.0398,120281.6,1206547.578
300503.SZ,20240822,13.73,13.87,12.82,12.83,14.0,-1.17,-8.3571,313752.0,417631.814
300504.SZ,20240822,13.68,14.98,13.6,14.09,13.79,0.3,2.1755,234755.25,333283.173
300505.SZ,20240822,11.1,11.18,10.88,10.88,11.14,-0.26,-2.3339,43660.3,47872.557
300506.SZ,20240822,1.71,1.8,1.69,1.77,1.69,0.08,4.7337,149911.27,26409.647
300507.SZ,20240822,5.27,5.32,5.12,5.15,5.29,-0.14,-2.6465,173361.15,89936.242
300508.SZ,20240822,20.21,20.31,19.64,19.68,20.18,-0.5,-2.4777,10055.52,20006.391
300509.SZ,20240822,4.55,4.64,4.4,4.41,4.54,-0.13,-2.8634,24431.71,10954.232
300510.SZ,20240822,3.32,3.37,3.24,3.25,3.3,-0.05,-1.5152,88753.0,29345.744
300511.SZ,20240822,3.21,3.21,2.94,2.96,3.2,-0.24,-7.5,459144.77,139047.919
300512.SZ,20240822,5.97,6.03,5.76,5.8,5.98,-0.18,-3.01,35500.07,20838.646
300513.SZ,20240822,7.01,7.52,6.98,7.15,7.05,0.1,1.4184,78220.92,56504.798
300514.SZ,20240822,11.95,12.17,11.85,11.89,11.93,-0.04,-0.3353,26225.0,31433.172
300515.SZ,20240822,8.92,9.03,8.73,8.73,8.95,-0.22,-2.4581,13484.0,11958.163
300516.SZ,20240822,28.94,31.01,28.8,30.25,28.95,1.3,4.4905,56492.65,170484.107
300517.SZ,20240822,8.29,8.49,8.16,8.44,8.34,0.1,1.199,46278.2,38504.118
300518.SZ,20240822,8.96,9.7,8.4,8.7,9.59,-0.89,-9.2805,286985.74,256359.285
300519.SZ,20240822,11.83,11.86,11.57,11.61,11.74,-0.13,-1.1073,20025.0,23380.193
300520.SZ,20240822,14.74,14.96,14.4,14.42,14.73,-0.31,-2.1045,51108.58,74704.737
300521.SZ,20240822,10.25,10.34,10.0,10.01,10.26,-0.25,-2.4366,8460.0,8543.512
300522.SZ,20240822,9.42,9.48,9.21,9.23,9.43,-0.2,-2.1209,19617.9,18263.112
300523.SZ,20240822,14.8,14.98,14.63,14.68,14.86,-0.18,-1.2113,7746.0,11449.472
300525.SZ,20240822,11.11,11.29,11.0,11.03,11.16,-0.13,-1.1649,36950.25,41114.461
300527.SZ,20240822,6.38,6.48,6.34,6.36,6.4,-0.04,-0.625,45302.51,28960.418
300528.SZ,20240822,6.73,6.79,6.33,6.4,6.72,-0.32,-4.7619,117307.2,75838.128
300529.SZ,20240822,25.29,25.48,25.0,25.13,25.33,-0.2,-0.7896,28754.8,72351.75
300530.SZ,20240822,15.85,17.59,15.85,16.89,16.08,0.81,5.0373,68791.0,115547.749
300531.SZ,20240822,12.07,13.47,11.4,11.47,12.18,-0.71,-5.8292,341663.01,419450.163
300532.SZ,20240822,13.73,14.01,13.68,13.74,13.74,0.0,0.0,108110.95,149559.407
300533.SZ,20240822,15.27,15.8,14.5,14.53,15.44,-0.91,-5.8938,119057.0,177192.975
300534.SZ,20240822,7.48,7.55,7.34,7.35,7.47,-0.12,-1.6064,37592.0,27944.745
300535.SZ,20240822,11.0,11.06,10.68,10.68,11.0,-0.32,-2.9091,8736.0,9447.99
300536.SZ,20240822,6.47,7.07,6.47,6.61,6.57,0.04,0.6088,118306.83,80333.095
300537.SZ,20240822,14.98,14.98,14.3,14.3,15.03,-0.73,-4.857,52590.6,76776.484
300538.SZ,20240822,13.86,14.27,13.61,13.81,13.89,-0.08,-0.576,52468.8,72882.475
300539.SZ,20240822,8.2,8.28,7.77,7.81,8.35,-0.54,-6.4671,99486.94,79666.605
300540.SZ,20240822,19.3,19.3,18.57,18.6,18.95,-0.35,-1.847,9231.0,17352.13
300541.SZ,20240822,8.23,8.4,7.92,7.94,8.19,-0.25,-3.0525,111947.4,91246.967
300542.SZ,20240822,11.7,11.87,11.38,11.43,11.68,-0.25,-2.1404,108515.88,125744.767
300543.SZ,20240822,7.84,7.9,7.26,7.28,7.94,-0.66,-8.3123,245237.12,184574.15
300545.SZ,20240822,22.53,22.53,21.63,21.72,22.24,-0.52,-2.3381,29771.0,65204.799
300546.SZ,20240822,11.12,11.22,10.63,10.69,11.06,-0.37,-3.3454,47863.75,51934.638
300547.SZ,20240822,13.76,13.86,13.5,13.6,13.76,-0.16,-1.1628,16987.0,23142.118
300548.SZ,20240822,18.15,18.39,17.68,17.73,18.23,-0.5,-2.7427,51862.5,93280.178
300549.SZ,20240822,14.15,14.16,13.16,13.19,14.35,-1.16,-8.0836,60814.82,82756.252
300550.SZ,20240822,10.94,11.19,10.7,10.75,11.03,-0.28,-2.5385,24894.0,27081.065
300551.SZ,20240822,6.63,6.75,6.32,6.34,6.67,-0.33,-4.9475,211455.19,137093.61
300552.SZ,20240822,29.0,29.27,27.91,28.07,28.94,-0.87,-3.0062,99386.0,283571.879
300553.SZ,20240822,20.21,20.47,19.9,19.96,20.09,-0.13,-0.6471,9572.0,19282.456
300554.SZ,20240822,21.4,21.85,20.61,20.67,21.25,-0.58,-2.7294,43142.01,91413.174
300555.SZ,20240822,6.14,6.23,6.09,6.14,6.1,0.04,0.6557,9019.7,5538.486
300556.SZ,20240822,16.52,18.27,16.32,16.49,17.01,-0.52,-3.057,156760.27,268274.941
300557.SZ,20240822,23.24,23.32,22.5,22.56,22.99,-0.43,-1.8704,11946.1,27289.689
300558.SZ,20240822,35.83,36.16,34.79,35.1,35.81,-0.71,-1.9827,51887.11,183452.572
300559.SZ,20240822,8.49,8.69,8.1,8.15,8.47,-0.32,-3.778,85970.41,71597.814
300560.SZ,20240822,10.86,11.28,10.6,10.65,10.88,-0.23,-2.114,79170.0,86028.779
300561.SZ,20240822,8.06,8.22,7.76,7.76,8.1,-0.34,-4.1975,70665.0,56059.898
300562.SZ,20240822,8.87,9.34,8.83,8.95,8.88,0.07,0.7883,120453.0,109879.707
300563.SZ,20240822,37.11,40.7,36.21,38.59,37.71,0.88,2.3336,268583.8,1026288.183
300564.SZ,20240822,8.56,8.71,8.1,8.14,8.74,-0.6,-6.865,98697.0,82420.023
300565.SZ,20240822,10.91,11.19,10.56,10.6,10.98,-0.38,-3.4608,79038.9,85679.652
300566.SZ,20240822,15.01,15.03,14.59,14.69,15.01,-0.32,-2.1319,65504.09,96760.168
300567.SZ,20240822,53.64,54.04,53.04,53.4,53.58,-0.18,-0.3359,18538.39,99306.36
300568.SZ,20240822,7.39,7.47,7.2,7.21,7.35,-0.14,-1.9048,185656.55,136339.731
300569.SZ,20240822,4.14,4.18,4.05,4.05,4.1,-0.05,-1.2195,70746.81,29115.316
300570.SZ,20240822,30.01,30.4,29.61,29.7,29.74,-0.04,-0.1345,68200.04,204716.72
300571.SZ,20240822,20.1,20.88,19.78,20.32,20.18,0.14,0.6938,32659.0,66502.242
300572.SZ,20240822,12.73,13.54,12.65,13.1,12.64,0.46,3.6392,86505.6,113949.538
300573.SZ,20240822,98.65,101.06,97.01,97.98,97.54,0.44,0.4511,35692.13,350783.269
300575.SZ,20240822,5.65,5.76,5.62,5.63,5.69,-0.06,-1.0545,31111.25,17666.868
300576.SZ,20240822,32.73,32.84,31.88,31.94,32.69,-0.75,-2.2943,70317.2,226416.562
300577.SZ,20240822,17.76,17.97,17.48,17.76,17.76,0.0,0.0,8592.0,15204.53
300578.SZ,20240822,14.56,14.77,14.01,14.1,14.39,-0.29,-2.0153,59955.0,86118.192
300579.SZ,20240822,19.43,19.49,18.7,18.8,19.24,-0.44,-2.2869,29442.06,55967.287
300580.SZ,20240822,13.8,13.97,13.3,13.36,13.83,-0.47,-3.3984,107375.57,145971.866
300581.SZ,20240822,7.21,7.35,7.15,7.17,7.21,-0.04,-0.5548,60106.44,43541.604
300582.SZ,20240822,8.39,8.44,8.2,8.23,8.4,-0.17,-2.0238,41749.0,34595.554
300583.SZ,20240822,12.77,12.93,12.4,12.45,12.71,-0.26,-2.0456,30573.52,38519.036
300584.SZ,20240822,21.3,21.59,19.1,19.35,20.59,-1.24,-6.0223,140181.95,282088.515
300585.SZ,20240822,12.3,12.86,12.17,12.46,12.49,-0.03,-0.2402,116580.0,146492.471
300586.SZ,20240822,5.86,6.25,5.78,6.16,5.86,0.3,5.1195,221425.83,134009.119
300587.SZ,20240822,3.69,3.72,3.6,3.61,3.68,-0.07,-1.9022,59293.35,21558.601
300588.SZ,20240822,7.92,8.05,7.62,7.65,7.92,-0.27,-3.4091,32025.0,25066.991
300589.SZ,20240822,11.4,11.47,11.19,11.26,11.41,-0.15,-1.3146,44341.9,50176.231
300590.SZ,20240822,10.41,10.52,10.27,10.29,10.41,-0.12,-1.1527,56688.49,58756.933
300591.SZ,20240822,2.96,3.23,2.86,3.05,2.96,0.09,3.0405,331012.86,99846.727
300592.SZ,20240822,10.74,10.88,10.4,10.46,10.74,-0.28,-2.6071,51414.8,54286.271
300593.SZ,20240822,9.28,9.49,9.22,9.25,9.34,-0.09,-0.9636,39010.35,36412.015
300594.SZ,20240822,13.8,13.93,13.45,13.48,13.78,-0.3,-2.1771,16626.0,22622.588
300595.SZ,20240822,14.35,14.43,13.91,13.91,14.36,-0.45,-3.1337,81335.5,114479.931
300596.SZ,20240822,23.0,23.09,22.46,22.5,23.04,-0.54,-2.3438,23248.0,52630.419
300597.SZ,20240822,7.21,7.38,6.92,6.98,7.25,-0.27,-3.7241,92419.15,66124.231
300598.SZ,20240822,28.42,29.74,28.18,28.28,28.57,-0.29,-1.0151,79056.15,228930.242
300599.SZ,20240822,5.02,5.03,4.83,4.84,4.99,-0.15,-3.006,49683.93,24353.067
300600.SZ,20240822,5.53,5.57,5.47,5.47,5.53,-0.06,-1.085,27694.0,15291.906
300601.SZ,20240822,14.31,14.45,13.88,13.91,14.38,-0.47,-3.2684,87503.26,123439.429
300602.SZ,20240822,14.96,15.18,14.49,14.54,15.1,-0.56,-3.7086,239684.31,354025.178
300603.SZ,20240822,7.03,7.2,6.86,6.86,7.03,-0.17,-2.4182,57984.0,40652.652
300604.SZ,20240822,29.64,30.19,29.0,29.29,29.81,-0.52,-1.7444,130474.81,385413.526
300605.SZ,20240822,9.64,9.94,9.3,9.34,9.65,-0.31,-3.2124,46711.0,44849.631
300606.SZ,20240822,17.08,17.19,16.32,16.4,17.08,-0.68,-3.9813,41151.0,68319.113
300607.SZ,20240822,11.49,11.49,10.88,10.9,11.54,-0.64,-5.5459,73394.96,81261.829
300608.SZ,20240822,8.5,8.77,8.3,8.33,8.51,-0.18,-2.1152,67234.0,57341.444
300609.SZ,20240822,22.75,23.52,21.65,21.76,23.27,-1.51,-6.489,75705.0,171006.585
300610.SZ,20240822,8.37,8.41,8.21,8.21,8.39,-0.18,-2.1454,23502.06,19535.875
300611.SZ,20240822,8.05,8.18,7.84,7.87,8.1,-0.23,-2.8395,40164.08,32010.131
300612.SZ,20240822,13.12,13.94,12.86,13.4,13.27,0.13,0.9797,75530.23,101025.961
300613.SZ,20240822,34.76,35.0,33.98,34.1,35.0,-0.9,-2.5714,43154.5,148053.256
300614.SZ,20240822,8.49,8.64,8.31,8.43,8.49,-0.06,-0.7067,19072.0,16120.862
300615.SZ,20240822,10.32,10.52,9.94,9.96,10.38,-0.42,-4.0462,118075.0,120931.687
300616.SZ,20240822,9.78,9.95,9.58,9.67,9.8,-0.13,-1.3265,33026.27,32034.968
300617.SZ,20240822,23.19,23.19,22.64,22.8,22.94,-0.14,-0.6103,9093.0,20889.966
300618.SZ,20240822,23.4,23.59,22.9,22.91,23.49,-0.58,-2.4691,33229.0,76891.422
300619.SZ,20240822,19.0,21.55,18.81,21.19,19.63,1.56,7.947,117846.39,240979.434
300620.SZ,20240822,33.82,34.69,33.3,34.12,33.8,0.32,0.9467,78228.88,266125.205
300621.SZ,20240822,7.27,7.4,7.17,7.17,7.29,-0.12,-1.6461,14956.5,10841.947
300622.SZ,20240822,28.5,29.84,28.42,29.37,29.1,0.27,0.9278,346820.58,1009529.03
300623.SZ,20240822,17.85,17.95,17.53,17.6,17.76,-0.16,-0.9009,104356.74,184957.596
300624.SZ,20240822,41.6,42.08,40.38,40.48,41.38,-0.9,-2.175,56390.41,231267.619
300625.SZ,20240822,10.48,10.58,10.22,10.25,10.5,-0.25,-2.381,18725.0,19400.882
300626.SZ,20240822,7.7,9.2,7.7,7.95,7.69,0.26,3.381,155402.0,125680.702
300627.SZ,20240822,27.83,27.99,27.42,27.6,27.83,-0.23,-0.8264,31098.58,85915.134
300628.SZ,20240822,32.51,32.6,32.14,32.35,32.4,-0.05,-0.1543,24533.4,79414.242
300629.SZ,20240822,16.52,16.62,16.07,16.2,16.59,-0.39,-2.3508,28231.37,46141.892
300630.SZ,20240822,11.4,11.62,10.09,10.11,11.13,-1.02,-9.1644,583445.09,620636.652
300631.SZ,20240822,15.71,15.86,15.43,15.43,15.7,-0.27,-1.7197,9969.0,15521.321
300632.SZ,20240822,9.7,9.85,9.38,9.41,9.75,-0.34,-3.4872,54687.09,52153.034
300633.SZ,20240822,31.9,32.33,31.29,31.39,31.97,-0.58,-1.8142,20355.52,64344.325
300634.SZ,20240822,13.25,13.55,13.04,13.07,13.22,-0.15,-1.1346,80725.0,107024.927
300635.SZ,20240822,7.39,7.46,7.13,7.15,7.39,-0.24,-3.2476,20426.82,14831.114
300636.SZ,20240822,8.23,8.23,7.97,8.0,8.12,-0.12,-1.4778,18856.86,15266.098
300637.SZ,20240822,8.48,8.52,8.32,8.34,8.51,-0.17,-1.9976,78929.5,66275.92
300638.SZ,20240822,11.32,11.36,10.99,11.05,11.31,-0.26,-2.2989,136523.51,151818.71
300639.SZ,20240822,6.07,6.18,5.72,5.78,5.92,-0.14,-2.3649,377823.65,222927.306
300640.SZ,20240822,3.93,3.96,3.81,3.83,3.93,-0.1,-2.5445,30767.5,11900.736
300641.SZ,20240822,19.55,19.93,19.2,19.24,19.68,-0.44,-2.2358,239031.41,463724.75
300642.SZ,20240822,12.93,13.13,11.93,12.15,12.63,-0.48,-3.8005,90264.56,111840.492
300643.SZ,20240822,10.95,10.95,10.62,10.65,10.89,-0.24,-2.2039,32317.0,34758.018
300644.SZ,20240822,17.25,17.28,16.75,16.75,17.15,-0.4,-2.3324,21867.0,37070.635
300645.SZ,20240822,11.65,11.78,11.16,11.21,11.65,-0.44,-3.7768,32986.0,37506.212
300647.SZ,20240822,5.76,5.92,5.52,5.56,5.85,-0.29,-4.9573,775649.7,439072.86
300648.SZ,20240822,16.03,19.0,15.95,18.23,16.11,2.12,13.1595,107718.71,191794.124
300649.SZ,20240822,9.7,9.78,9.26,9.3,9.66,-0.36,-3.7267,16815.0,15938.43
300650.SZ,20240822,9.47,9.66,9.17,9.18,9.42,-0.24,-2.5478,58637.8,55046.969
300651.SZ,20240822,11.05,11.25,10.97,10.98,11.06,-0.08,-0.7233,13115.0,14557.975
300652.SZ,20240822,17.89,17.96,17.13,17.13,17.88,-0.75,-4.1946,9714.0,16893.366
300653.SZ,20240822,19.3,19.35,18.67,18.72,19.3,-0.58,-3.0052,22430.0,42463.98
300654.SZ,20240822,8.1,8.25,7.85,7.87,8.16,-0.29,-3.5539,85401.78,68571.976
300655.SZ,20240822,6.38,6.41,6.19,6.19,6.33,-0.14,-2.2117,87317.56,54687.241
300656.SZ,20240822,19.93,20.55,18.91,18.91,19.98,-1.07,-5.3554,54407.52,108096.116
300657.SZ,20240822,13.34,13.56,13.15,13.16,13.42,-0.26,-1.9374,61837.0,82234.617
300658.SZ,20240822,4.14,4.2,4.07,4.08,4.15,-0.07,-1.6867,20859.2,8592.742
300659.SZ,20240822,11.75,11.99,11.3,11.39,11.82,-0.43,-3.6379,23410.0,27247.577
300660.SZ,20240822,22.88,23.08,22.18,22.21,23.07,-0.86,-3.7278,29827.11,67028.119
300661.SZ,20240822,67.1,67.1,64.76,65.9,66.89,-0.99,-1.48,35057.33,229831.455
300662.SZ,20240822,13.01,13.1,12.55,12.61,13.01,-0.4,-3.0746,57988.69,73895.493
300663.SZ,20240822,9.23,9.64,9.03,9.06,9.28,-0.22,-2.3707,99327.06,92185.217
300664.SZ,20240822,4.32,4.33,4.24,4.24,4.33,-0.09,-2.0785,38583.0,16521.341
300665.SZ,20240822,5.68,5.75,5.28,5.33,5.74,-0.41,-7.1429,181358.63,98262.276
300666.SZ,20240822,48.66,48.95,47.65,47.85,48.5,-0.65,-1.3402,24809.18,119787.318
300667.SZ,20240822,13.53,13.85,13.3,13.59,13.57,0.02,0.1474,39720.75,53909.983
300668.SZ,20240822,16.35,16.35,15.65,15.68,16.13,-0.45,-2.7898,4514.0,7163.856
300669.SZ,20240822,12.31,12.31,12.02,12.03,12.26,-0.23,-1.876,3692.0,4476.955
300670.SZ,20240822,5.09,5.15,4.9,4.9,4.98,-0.08,-1.6064,45035.0,22611.271
300671.SZ,20240822,27.07,27.48,26.81,26.86,27.07,-0.21,-0.7758,37232.31,100723.695
300672.SZ,20240822,47.8,47.98,46.88,46.92,47.53,-0.61,-1.2834,27854.0,131723.478
300673.SZ,20240822,11.87,11.92,11.65,11.78,11.85,-0.07,-0.5907,16260.5,19165.6
300674.SZ,20240822,9.94,10.14,9.72,9.75,9.95,-0.2,-2.0101,78420.69,77525.996
300675.SZ,20240822,11.79,11.94,11.31,11.46,11.99,-0.53,-4.4204,93709.33,108668.93
300676.SZ,20240822,35.59,35.79,34.74,34.75,35.62,-0.87,-2.4424,20027.02,70283.199
300677.SZ,20240822,25.92,26.02,25.52,25.55,25.89,-0.34,-1.3132,44448.1,114187.369
300678.SZ,20240822,22.04,22.38,21.6,21.66,22.04,-0.38,-1.7241,41075.5,90174.528
300679.SZ,20240822,31.21,31.25,30.6,30.99,31.18,-0.19,-0.6094,30004.86,92793.856
300680.SZ,20240822,16.83,17.2,16.61,16.85,16.74,0.11,0.6571,47718.0,80718.193
300681.SZ,20240822,12.12,12.3,11.82,11.89,12.12,-0.23,-1.8977,19788.35,23826.051
300682.SZ,20240822,7.71,7.78,7.52,7.56,7.72,-0.16,-2.0725,97953.06,74658.534
300683.SZ,20240822,23.0,23.1,21.77,21.86,22.85,-0.99,-4.3326,10072.0,22490.091
300684.SZ,20240822,14.33,14.62,14.23,14.38,15.0,-0.62,-4.1333,95062.0,137126.303
300685.SZ,20240822,17.81,17.93,17.59,17.66,17.8,-0.14,-0.7865,14878.91,26337.389
300686.SZ,20240822,6.91,6.97,6.66,6.68,6.97,-0.29,-4.1607,78415.99,53250.177
300687.SZ,20240822,11.67,11.96,11.47,11.53,11.72,-0.19,-1.6212,46466.1,54290.317
300688.SZ,20240822,23.12,23.5,22.92,23.0,23.13,-0.13,-0.562,19667.3,45594.328
300689.SZ,20240822,13.79,16.3,13.73,14.99,13.99,1.0,7.148,94302.5,142432.253
300690.SZ,20240822,18.07,18.28,16.98,17.04,17.34,-0.3,-1.7301,84722.0,146958.529
300691.SZ,20240822,15.0,15.34,14.65,14.8,15.01,-0.21,-1.3991,86200.35,128662.619
300692.SZ,20240822,4.4,4.43,4.27,4.29,4.39,-0.1,-2.2779,32066.9,13896.462
300693.SZ,20240822,19.1,19.3,18.55,18.67,19.09,-0.42,-2.2001,59083.99,111378.795
300694.SZ,20240822,8.29,8.3,8.05,8.06,8.24,-0.18,-2.1845,16940.5,13831.433
300695.SZ,20240822,36.05,36.08,33.86,33.93,36.43,-2.5,-6.8625,10266.73,35543.265
300696.SZ,20240822,12.47,12.95,12.41,12.46,12.45,0.01,0.0803,69584.0,87954.482
300697.SZ,20240822,9.58,9.66,9.46,9.48,9.61,-0.13,-1.3528,22368.0,21365.987
300698.SZ,20240822,33.59,33.81,32.9,32.95,33.58,-0.63,-1.8761,5855.0,19394.023
300699.SZ,20240822,26.26,26.47,25.71,26.2,26.16,0.04,0.1529,42912.86,112194.222
300700.SZ,20240822,6.0,6.03,5.85,5.86,5.97,-0.11,-1.8425,45134.54,26758.735
300701.SZ,20240822,7.79,7.85,7.54,7.58,7.79,-0.21,-2.6958,30242.12,23142.249
300702.SZ,20240822,15.01,15.3,14.73,14.95,15.14,-0.19,-1.255,14638.39,21858.987
300703.SZ,20240822,7.41,7.49,7.27,7.27,7.4,-0.13,-1.7568,18653.25,13680.169
300705.SZ,20240822,21.86,22.56,21.73,22.48,22.02,0.46,2.089,44598.6,99566.909
300706.SZ,20240822,17.6,17.74,17.28,17.28,17.68,-0.4,-2.2624,15205.4,26563.913
300707.SZ,20240822,10.68,10.75,10.31,10.32,10.68,-0.36,-3.3708,62150.47,65104.2
300708.SZ,20240822,8.47,8.5,8.3,8.31,8.52,-0.21,-2.4648,109517.28,91836.932
300709.SZ,20240822,27.68,29.3,27.28,28.72,27.87,0.85,3.0499,224806.7,641880.732
300710.SZ,20240822,15.33,15.71,15.17,15.19,15.45,-0.26,-1.6828,27986.0,43216.893
300711.SZ,20240822,14.26,14.5,14.01,14.1,14.26,-0.16,-1.122,65527.5,93192.095
300712.SZ,20240822,18.77,18.92,18.54,18.55,18.75,-0.2,-1.0667,7186.66,13467.246
300713.SZ,20240822,13.54,13.77,13.32,13.39,13.57,-0.18,-1.3265,39268.0,53030.618
300715.SZ,20240822,6.31,6.35,6.09,6.12,6.29,-0.17,-2.7027,7224.6,4482.09
300716.SZ,20240822,7.67,7.74,7.31,7.36,7.53,-0.17,-2.2576,94402.99,70523.928
300717.SZ,20240822,13.37,13.39,13.08,13.11,13.37,-0.26,-1.9447,8610.0,11393.48
300718.SZ,20240822,17.5,18.38,14.26,14.51,17.31,-2.8,-16.1756,508937.79,835251.044
300719.SZ,20240822,14.99,15.23,14.72,14.86,14.99,-0.13,-0.8672,102739.0,154010.889
300720.SZ,20240822,13.0,13.45,12.7,12.88,13.42,-0.54,-4.0238,72437.92,94172.758
300721.SZ,20240822,10.84,10.84,10.46,10.49,10.71,-0.22,-2.0542,18373.7,19432.225
300722.SZ,20240822,20.3,20.48,19.72,19.76,20.4,-0.64,-3.1373,67344.12,134841.687
300723.SZ,20240822,15.65,16.23,15.59,15.93,15.79,0.14,0.8866,51165.57,81571.357
300724.SZ,20240822,45.99,45.99,43.99,44.17,45.65,-1.48,-3.2421,93345.12,416533.377
300725.SZ,20240822,26.48,26.75,25.68,25.79,26.48,-0.69,-2.6057,30232.55,78566.383
300726.SZ,20240822,23.56,23.83,22.71,22.75,24.11,-1.36,-5.6408,132902.02,308469.299
300727.SZ,20240822,21.05,21.06,20.0,20.14,20.99,-0.85,-4.0495,17722.0,36349.803
300729.SZ,20240822,13.6,13.7,13.43,13.44,13.54,-0.1,-0.7386,15749.6,21326.496
300730.SZ,20240822,8.92,9.17,8.74,8.77,8.95,-0.18,-2.0112,96757.05,86404.943
300731.SZ,20240822,14.13,14.3,13.81,13.86,14.21,-0.35,-2.4631,24625.0,34394.023
300732.SZ,20240822,7.02,7.05,6.7,6.71,7.03,-0.32,-4.5519,75377.76,51693.078
300733.SZ,20240822,10.03,10.15,9.7,9.78,10.03,-0.25,-2.4925,39847.8,39337.194
300735.SZ,20240822,18.61,18.65,18.05,18.18,18.43,-0.25,-1.3565,150582.0,275538.852
300736.SZ,20240822,8.02,8.12,7.7,7.76,8.04,-0.28,-3.4826,84854.6,66671.288
300737.SZ,20240822,3.97,4.03,3.87,3.87,3.96,-0.09,-2.2727,75293.0,29620.69
300738.SZ,20240822,8.97,9.1,8.7,8.75,8.94,-0.19,-2.1253,184652.52,163713.447
300739.SZ,20240822,11.49,11.55,11.18,11.2,11.48,-0.28,-2.439,39199.25,44345.196
300740.SZ,20240822,10.44,10.52,10.02,10.08,10.44,-0.36,-3.4483,107034.98,109357.356
300741.SZ,20240822,15.09,15.25,14.88,14.94,15.09,-0.15,-0.994,11783.98,17707.049
300743.SZ,20240822,11.83,11.83,11.53,11.53,11.75,-0.22,-1.8723,11803.0,13755.294
300745.SZ,20240822,13.34,13.47,12.89,12.96,13.33,-0.37,-2.7757,25076.46,32869.088
300746.SZ,20240822,6.03,6.23,5.97,5.99,6.12,-0.13,-2.1242,18858.59,11440.898
300747.SZ,20240822,15.42,15.55,15.07,15.12,15.44,-0.32,-2.0725,43544.42,66485.318
300748.SZ,20240822,10.83,10.92,10.58,10.6,10.88,-0.28,-2.5735,88641.8,94778.674
300749.SZ,20240822,5.16,5.24,5.03,5.05,5.15,-0.1,-1.9417,19430.0,9965.116
300750.SZ,20240822,174.98,179.97,174.3,178.8,174.01,4.79,2.7527,199011.36,3536569.764
300751.SZ,20240822,84.5,84.5,82.63,83.01,83.9,-0.89,-1.0608,16075.65,133811.906
300752.SZ,20240822,12.38,12.56,12.1,12.15,12.42,-0.27,-2.1739,35583.2,43665.78
300753.SZ,20240822,11.74,11.89,11.4,11.45,11.61,-0.16,-1.3781,21689.0,25187.881
300755.SZ,20240822,12.99,13.04,12.57,12.62,12.9,-0.28,-2.1705,18107.57,23048.149
300756.SZ,20240822,11.76,11.89,11.4,11.44,11.82,-0.38,-3.2149,10789.36,12507.854
300757.SZ,20240822,82.24,82.5,78.58,80.02,82.3,-2.28,-2.7704,50699.81,407915.078
300758.SZ,20240822,10.05,10.1,9.83,9.84,10.05,-0.21,-2.0896,45827.4,45582.42
300759.SZ,20240822,19.68,19.8,18.81,18.88,19.68,-0.8,-4.065,184278.12,352191.793
300760.SZ,20240822,249.5,250.94,247.6,249.0,249.72,-0.72,-0.2883,31604.56,786853.246
300761.SZ,20240822,20.6,20.68,20.24,20.43,20.53,-0.1,-0.4871,20811.9,42480.817
300762.SZ,20240822,13.9,14.34,13.82,13.99,14.0,-0.01,-0.0714,189656.6,267514.308
300763.SZ,20240822,55.89,56.2,54.45,55.5,55.9,-0.4,-0.7156,58133.3,322805.474
300765.SZ,20240822,25.28,25.65,24.41,24.47,25.36,-0.89,-3.5095,108922.7,271525.467
300766.SZ,20240822,9.14,9.25,8.8,8.85,9.14,-0.29,-3.1729,80847.0,72377.867
300767.SZ,20240822,7.73,7.81,7.48,7.53,7.72,-0.19,-2.4611,38261.03,29121.958
300768.SZ,20240822,11.7,11.9,11.49,11.53,11.72,-0.19,-1.6212,26929.5,31380.734
300769.SZ,20240822,24.03,24.32,23.26,23.26,24.07,-0.81,-3.3652,94781.0,225156.155
300770.SZ,20240822,32.78,32.92,31.88,31.97,32.77,-0.8,-2.4413,13307.1,42982.64
300771.SZ,20240822,8.75,8.79,8.48,8.49,8.76,-0.27,-3.0822,38541.0,33155.434
300772.SZ,20240822,9.89,10.08,9.68,9.78,9.66,0.12,1.2422,153716.58,150614.66
300773.SZ,20240822,12.3,12.5,11.86,11.9,12.41,-0.51,-4.1096,221029.31,268604.834
300774.SZ,20240822,7.58,7.6,7.13,7.16,7.66,-0.5,-6.5274,114175.85,83860.054
300775.SZ,20240822,28.31,28.76,28.09,28.11,28.32,-0.21,-0.7415,51176.3,145038.167
300776.SZ,20240822,41.98,42.23,40.96,41.29,41.86,-0.57,-1.3617,19004.78,78600.956
300777.SZ,20240822,20.06,20.18,19.62,19.7,19.97,-0.27,-1.352,25904.0,51350.719
300778.SZ,20240822,9.71,9.89,9.46,9.53,9.83,-0.3,-3.0519,39143.99,37808.824
300779.SZ,20240822,37.99,39.38,37.8,38.69,37.99,0.7,1.8426,37658.8,145376.443
300780.SZ,20240822,13.02,13.22,12.6,12.65,13.06,-0.41,-3.1394,41655.0,53600.849
300781.SZ,20240822,41.4,41.69,40.4,40.5,41.37,-0.87,-2.103,36566.0,149588.351
300782.SZ,20240822,66.11,66.34,64.38,64.68,66.13,-1.45,-2.1927,48683.83,316696.438
300783.SZ,20240822,17.0,17.05,16.67,16.72,16.92,-0.2,-1.182,47396.0,79538.81
300784.SZ,20240822,49.9,49.99,48.56,48.87,49.86,-0.99,-1.9856,12244.2,60073.543
300785.SZ,20240822,15.45,15.65,14.98,15.05,15.44,-0.39,-2.5259,20580.55,31293.116
300786.SZ,20240822,9.41,9.43,9.12,9.13,9.4,-0.27,-2.8723,33845.0,31239.064
300787.SZ,20240822,11.71,11.81,11.05,11.11,11.85,-0.74,-6.2447,124183.16,140338.215
300788.SZ,20240822,28.0,31.2,27.66,29.44,29.45,-0.01,-0.034,217414.91,638762.559
300789.SZ,20240822,12.54,12.67,12.1,12.18,12.54,-0.36,-2.8708,14440.1,17801.795
300790.SZ,20240822,13.22,13.34,12.93,13.01,13.15,-0.14,-1.0646,45398.5,59324.437
300791.SZ,20240822,23.87,24.13,23.53,23.64,23.84,-0.2,-0.8389,9131.7,21663.99
300792.SZ,20240822,15.16,15.38,14.56,14.57,15.3,-0.73,-4.7712,35682.0,52896.334
300793.SZ,20240822,12.74,12.86,11.93,12.05,12.68,-0.63,-4.9685,186960.87,230320.422
300795.SZ,20240822,13.9,14.0,13.65,13.71,13.89,-0.18,-1.2959,8813.5,12119.267
300796.SZ,20240822,9.94,10.03,9.6,9.62,9.99,-0.37,-3.7037,61798.0,60261.475
300797.SZ,20240822,8.56,8.66,8.45,8.45,8.59,-0.14,-1.6298,15784.0,13503.605
300798.SZ,20240822,5.28,5.35,5.17,5.19,5.3,-0.11,-2.0755,32690.29,17144.407
300800.SZ,20240822,10.12,10.18,9.71,9.75,10.11,-0.36,-3.5608,29450.46,29120.75
300801.SZ,20240822,13.74,13.85,13.56,13.56,13.73,-0.17,-1.2382,7089.99,9708.372
300802.SZ,20240822,14.33,14.45,14.05,14.09,14.28,-0.19,-1.3305,10774.0,15323.409
300803.SZ,20240822,36.89,37.12,34.9,35.04,36.55,-1.51,-4.1313,83516.97,298885.872
300804.SZ,20240822,21.52,21.54,20.97,21.02,21.36,-0.34,-1.5918,3077.06,6511.981
300805.SZ,20240822,6.63,6.73,6.46,6.47,6.65,-0.18,-2.7068,71722.0,46996.51
300806.SZ,20240822,10.2,10.3,9.76,9.84,10.12,-0.28,-2.7668,124815.0,123888.363
300807.SZ,20240822,27.61,28.17,26.71,26.87,27.94,-1.07,-3.8296,44668.0,122422.394
300808.SZ,20240822,15.85,16.23,15.78,15.85,15.88,-0.03,-0.1889,8781.62,14030.648
300809.SZ,20240822,19.68,19.68,18.71,18.71,19.54,-0.83,-4.2477,44011.73,83776.605
300810.SZ,20240822,16.62,16.75,16.07,16.12,16.62,-0.5,-3.0084,32213.0,52513.239
300811.SZ,20240822,38.48,38.78,37.0,37.35,38.35,-1.0,-2.6076,16586.24,62468.684
300812.SZ,20240822,18.45,18.59,17.9,17.94,18.46,-0.52,-2.8169,30683.49,55711.127
300813.SZ,20240822,16.04,16.13,15.57,15.61,16.04,-0.43,-2.6808,8610.1,13619.006
300814.SZ,20240822,23.47,23.65,22.87,22.87,23.49,-0.62,-2.6394,18689.13,43163.731
300815.SZ,20240822,11.73,11.74,11.45,11.46,11.74,-0.28,-2.385,22396.6,25894.22
300816.SZ,20240822,17.74,17.83,17.46,17.5,17.67,-0.17,-0.9621,7591.0,13365.791
300817.SZ,20240822,10.87,11.17,10.22,10.25,11.14,-0.89,-7.9892,171244.6,181080.078
300818.SZ,20240822,20.73,20.92,20.21,20.24,20.89,-0.65,-3.1115,11260.13,22992.61
300819.SZ,20240822,10.4,10.51,10.1,10.27,10.4,-0.13,-1.25,14237.5,14673.297
300820.SZ,20240822,37.62,37.76,36.74,36.86,37.52,-0.66,-1.7591,14845.85,55160.739
300821.SZ,20240822,6.26,6.34,6.12,6.13,6.27,-0.14,-2.2329,44967.22,27828.817
300822.SZ,20240822,10.1,10.13,9.72,9.75,10.11,-0.36,-3.5608,39623.2,39100.256
300823.SZ,20240822,11.26,11.3,10.86,10.89,11.21,-0.32,-2.8546,19069.8,21073.704
300824.SZ,20240822,7.05,7.1,6.84,6.9,7.04,-0.14,-1.9886,30666.0,21316.546
300825.SZ,20240822,9.63,9.65,9.18,9.19,9.68,-0.49,-5.062,118208.0,110878.393
300826.SZ,20240822,11.9,11.98,11.54,11.56,11.93,-0.37,-3.1014,32312.0,37799.915
300827.SZ,20240822,31.59,31.89,30.58,30.92,31.59,-0.67,-2.1209,82894.38,256948.808
300828.SZ,20240822,11.96,11.96,11.37,11.37,12.14,-0.77,-6.3427,58788.47,68178.995
300829.SZ,20240822,13.02,13.21,12.65,12.65,12.97,-0.32,-2.4672,9563.0,12277.903
300830.SZ,20240822,5.66,5.77,5.55,5.59,5.66,-0.07,-1.2367,45646.0,25762.474
300831.SZ,20240822,10.02,10.11,9.95,9.97,10.01,-0.04,-0.3996,21535.0,21577.417
300832.SZ,20240822,62.0,64.64,61.62,62.93,62.18,0.75,1.2062,25072.8,158897.728
300833.SZ,20240822,37.96,38.2,37.0,37.16,37.95,-0.79,-2.0817,5287.72,19722.407
300834.SZ,20240822,17.26,17.37,17.03,17.03,17.27,-0.24,-1.3897,4475.0,7677.751
300835.SZ,20240822,22.4,22.47,21.91,21.93,22.43,-0.5,-2.2292,14117.5,31268.358
300836.SZ,20240822,38.15,38.39,37.02,37.3,38.15,-0.85,-2.228,11012.3,41325.932
300837.SZ,20240822,19.21,19.33,18.64,18.68,19.21,-0.53,-2.759,5108.0,9669.157
300838.SZ,20240822,9.9,10.0,9.55,9.63,9.85,-0.22,-2.2335,7178.0,6999.542
300839.SZ,20240822,6.47,6.58,6.26,6.27,6.56,-0.29,-4.4207,59731.9,37991.925
300840.SZ,20240822,7.98,9.4,7.91,9.08,7.92,1.16,14.6465,334765.0,296877.28
300841.SZ,20240822,49.3,49.77,48.88,49.3,49.18,0.12,0.244,11039.06,54394.141
300842.SZ,20240822,33.99,34.15,33.05,33.06,33.99,-0.93,-2.7361,20285.8,67937.761
300843.SZ,20240822,24.56,25.24,23.74,24.16,24.61,-0.45,-1.8285,66272.0,161506.215
300844.SZ,20240822,25.7,26.14,25.05,25.13,25.88,-0.75,-2.898,9630.0,24551.997
300845.SZ,20240822,11.06,11.29,10.73,11.01,11.3,-0.29,-2.5664,91389.46,100315.702
300846.SZ,20240822,9.07,9.34,8.89,8.99,9.2,-0.21,-2.2826,112713.42,102580.91
300847.SZ,20240822,14.28,14.4,13.66,13.71,14.35,-0.64,-4.4599,66438.32,92717.968
300848.SZ,20240822,14.01,14.22,13.3,13.38,14.15,-0.77,-5.4417,20613.0,28008.719
300849.SZ,20240822,13.3,13.3,13.13,13.22,13.26,-0.04,-0.3017,10968.5,14494.363
300850.SZ,20240822,15.35,15.59,14.4,14.41,14.92,-0.51,-3.4182,124286.82,185740.958
300851.SZ,20240822,24.3,24.5,23.74,24.4,24.53,-0.13,-0.53,25855.0,62322.095
300852.SZ,20240822,21.64,21.96,20.96,21.05,21.7,-0.65,-2.9954,19339.4,40966.156
300853.SZ,20240822,14.76,14.85,13.28,13.45,14.83,-1.38,-9.3055,132049.9,183272.37
300854.SZ,20240822,9.95,10.04,9.72,9.73,9.9,-0.17,-1.7172,22225.0,21896.79
300855.SZ,20240822,22.7,22.96,22.4,22.54,22.7,-0.16,-0.7048,10945.5,24736.457
300856.SZ,20240822,26.18,26.55,25.7,26.46,26.26,0.2,0.7616,36619.0,95995.944
300857.SZ,20240822,52.98,53.16,51.65,52.65,52.99,-0.34,-0.6416,44742.95,234743.098
300858.SZ,20240822,13.99,14.6,13.99,14.3,14.12,0.18,1.2748,18740.0,26946.19
300859.SZ,20240822,25.12,25.17,23.98,24.06,25.19,-1.13,-4.4859,33718.0,82460.886
300860.SZ,20240822,23.58,23.58,22.37,22.71,23.92,-1.21,-5.0585,59582.71,136292.102
300861.SZ,20240822,18.0,18.1,17.49,17.53,18.0,-0.47,-2.6111,17655.0,31271.827
300862.SZ,20240822,19.88,19.9,19.5,19.72,19.88,-0.16,-0.8048,8892.8,17490.234
300863.SZ,20240822,38.13,38.9,37.78,38.19,38.43,-0.24,-0.6245,13587.45,51948.559
300864.SZ,20240822,19.97,20.08,19.27,19.34,19.96,-0.62,-3.1062,7352.85,14362.207
300865.SZ,20240822,13.47,13.61,13.14,13.25,13.54,-0.29,-2.1418,19717.9,26323.832
300866.SZ,20240822,56.37,57.07,55.0,55.06,56.46,-1.4,-2.4796,30836.96,171522.903
300867.SZ,20240822,10.95,11.09,10.59,10.62,10.9,-0.28,-2.5688,15296.55,16550.685
300868.SZ,20240822,17.91,18.45,17.63,17.69,18.4,-0.71,-3.8587,70372.12,126270.103
300869.SZ,20240822,12.8,12.89,12.47,12.51,12.8,-0.29,-2.2656,17845.0,22576.329
300870.SZ,20240822,35.81,35.97,34.91,34.93,35.73,-0.8,-2.239,8207.0,28936.636
300871.SZ,20240822,8.26,8.39,8.16,8.19,8.25,-0.06,-0.7273,13412.0,11047.049
300872.SZ,20240822,11.7,11.82,11.22,11.23,11.66,-0.43,-3.6878,47947.83,54869.338
300873.SZ,20240822,13.6,13.64,13.37,13.4,13.59,-0.19,-1.3981,8414.0,11318.354
300875.SZ,20240822,23.4,25.47,22.76,24.52,23.61,0.91,3.8543,131088.7,315766.447
300876.SZ,20240822,14.33,14.37,13.71,13.92,14.22,-0.3,-2.1097,5219.0,7354.362
300877.SZ,20240822,10.21,10.36,10.04,10.1,10.21,-0.11,-1.0774,12362.86,12607.05
300878.SZ,20240822,15.11,15.29,14.79,14.87,15.14,-0.27,-1.7834,14412.6,21602.706
300879.SZ,20240822,13.25,13.47,12.97,12.98,13.33,-0.35,-2.6257,17017.23,22540.617
300880.SZ,20240822,18.45,19.58,18.36,18.8,18.01,0.79,4.3865,153531.4,289651.333
300881.SZ,20240822,23.48,23.87,23.24,23.41,23.32,0.09,0.3859,17707.7,41737.227
300882.SZ,20240822,13.23,13.4,13.03,13.06,13.19,-0.13,-0.9856,29806.53,39355.179
300883.SZ,20240822,4.24,4.25,4.11,4.12,4.2,-0.08,-1.9048,32937.0,13683.2
300884.SZ,20240822,8.9,8.9,8.32,8.38,8.6,-0.22,-2.5581,42210.0,35939.981
300885.SZ,20240822,8.4,8.62,8.21,8.45,8.41,0.04,0.4756,85275.22,71580.917
300886.SZ,20240822,17.35,17.58,16.76,16.76,16.95,-0.19,-1.1209,13635.9,23347.106
300887.SZ,20240822,7.5,7.5,7.01,7.05,7.4,-0.35,-4.7297,162853.36,117025.764
300888.SZ,20240822,23.65,23.91,23.46,23.57,23.69,-0.12,-0.5065,14414.2,34062.683
300889.SZ,20240822,10.84,10.86,10.53,10.56,10.73,-0.17,-1.5843,22633.0,24109.149
300890.SZ,20240822,25.69,27.0,25.45,25.57,25.9,-0.33,-1.2741,132532.38,346287.148
300891.SZ,20240822,7.72,8.05,7.48,7.58,7.87,-0.29,-3.6849,170414.59,130882.638
300892.SZ,20240822,14.86,15.21,13.98,14.04,14.52,-0.48,-3.3058,27295.0,39399.029
300893.SZ,20240822,25.36,25.58,25.0,25.02,25.5,-0.48,-1.8824,4826.0,12164.644
300894.SZ,20240822,11.76,11.88,11.49,11.5,11.74,-0.24,-2.0443,40973.0,47541.379
300895.SZ,20240822,24.28,24.98,24.05,24.17,24.27,-0.1,-0.412,19077.15,46645.167
300896.SZ,20240822,156.0,156.8,143.35,143.87,164.07,-20.2,-12.3118,65850.22,976131.863
300897.SZ,20240822,18.39,20.0,18.03,19.35,18.59,0.76,4.0882,36824.68,70370.489
300898.SZ,20240822,16.77,17.4,15.96,16.0,15.61,0.39,2.4984,53835.8,89726.474
300899.SZ,20240822,18.37,18.57,17.92,17.92,18.38,-0.46,-2.5027,11375.76,20689.653
300900.SZ,20240822,15.72,16.05,15.51,15.53,15.72,-0.19,-1.2087,56973.6,89570.736
300901.SZ,20240822,9.03,9.09,8.83,8.88,9.0,-0.12,-1.3333,41938.0,37642.303
300902.SZ,20240822,16.39,16.87,16.3,16.43,16.44,-0.01,-0.0608,11517.4,19167.755
300903.SZ,20240822,6.48,6.54,6.3,6.35,6.47,-0.12,-1.8547,81495.6,52056.91
300904.SZ,20240822,40.5,41.48,38.81,39.01,38.22,0.79,2.067,20008.16,80224.267
300905.SZ,20240822,22.45,22.71,21.76,21.79,22.61,-0.82,-3.6267,43609.37,96400.781
300906.SZ,20240822,19.38,19.45,18.98,19.04,19.29,-0.25,-1.296,7448.0,14280.731
300907.SZ,20240822,16.48,16.6,16.09,16.12,16.32,-0.2,-1.2255,6398.0,10416.161
300908.SZ,20240822,23.49,23.68,22.9,23.13,23.27,-0.14,-0.6016,7605.82,17626.364
300909.SZ,20240822,18.12,18.18,17.61,17.67,18.11,-0.44,-2.4296,13761.29,24537.798
300910.SZ,20240822,38.69,38.69,37.65,37.95,38.32,-0.37,-0.9656,8790.0,33376.128
300911.SZ,20240822,21.4,21.56,21.21,21.4,21.41,-0.01,-0.0467,4288.4,9147.312
300912.SZ,20240822,9.54,9.62,9.24,9.25,9.51,-0.26,-2.734,14132.0,13248.689
300913.SZ,20240822,27.4,27.63,26.91,26.97,27.39,-0.42,-1.5334,30217.0,82258.826
300915.SZ,20240822,26.29,27.15,25.2,25.36,25.72,-0.36,-1.3997,4901.0,12782.16
300916.SZ,20240822,21.51,21.72,21.18,21.29,21.66,-0.37,-1.7082,13303.0,28474.721
300917.SZ,20240822,32.26,32.93,30.3,30.41,31.94,-1.53,-4.7902,121571.06,389452.508
300918.SZ,20240822,7.33,8.4,7.32,8.08,7.33,0.75,10.2319,139479.59,110459.53
300919.SZ,20240822,27.77,28.07,27.4,27.46,27.54,-0.08,-0.2905,49850.41,138073.237
300920.SZ,20240822,13.77,13.87,13.37,13.4,13.75,-0.35,-2.5455,9110.0,12349.831
300921.SZ,20240822,18.65,19.37,18.38,18.51,18.95,-0.44,-2.3219,40192.86,75795.051
300922.SZ,20240822,12.19,12.38,12.04,12.05,12.16,-0.11,-0.9046,27331.8,33304.738
300923.SZ,20240822,19.01,19.22,18.6,18.64,19.07,-0.43,-2.2549,22350.0,41998.21
300925.SZ,20240822,9.5,9.95,9.21,9.22,9.58,-0.36,-3.7578,174802.52,168218.521
300926.SZ,20240822,18.49,18.57,17.68,17.72,18.48,-0.76,-4.1126,30835.4,55366.48
300927.SZ,20240822,14.69,14.7,13.95,13.99,14.81,-0.82,-5.5368,56756.34,80710.472
300928.SZ,20240822,29.28,29.67,28.68,28.8,29.6,-0.8,-2.7027,8562.0,24921.984
300929.SZ,20240822,7.15,7.25,6.89,6.92,7.15,-0.23,-3.2168,14549.0,10195.682
300930.SZ,20240822,20.57,20.8,20.12,20.18,20.6,-0.42,-2.0388,13362.0,27206.948
300931.SZ,20240822,5.26,5.29,5.1,5.11,5.24,-0.13,-2.4809,29735.0,15361.273
300932.SZ,20240822,9.93,10.18,9.78,10.15,9.85,0.3,3.0457,82157.86,82261.811
300933.SZ,20240822,5.48,5.55,5.39,5.4,5.48,-0.08,-1.4599,44928.0,24603.8
300935.SZ,20240822,16.41,17.03,15.95,15.98,16.46,-0.48,-2.9162,17981.4,29520.997
300936.SZ,20240822,32.5,32.58,31.48,31.53,32.4,-0.87,-2.6852,14710.0,46904.905
300937.SZ,20240822,19.66,19.82,18.83,18.89,19.66,-0.77,-3.9166,12032.0,23082.059
300938.SZ,20240822,17.84,17.86,17.45,17.65,17.84,-0.19,-1.065,12633.75,22215.753
300939.SZ,20240822,28.84,28.95,27.15,27.2,28.83,-1.63,-5.6538,32693.0,90628.748
300940.SZ,20240822,12.73,12.79,12.02,12.06,12.9,-0.84,-6.5116,48476.96,60029.057
300941.SZ,20240822,15.3,15.77,14.82,14.9,15.29,-0.39,-2.5507,40996.07,62619.46
300942.SZ,20240822,6.64,6.69,6.32,6.34,6.63,-0.29,-4.3741,93646.0,60375.666
300943.SZ,20240822,11.13,11.63,11.06,11.18,11.11,0.07,0.6301,98780.56,112406.034
300945.SZ,20240822,8.41,8.49,8.12,8.16,8.49,-0.33,-3.8869,91739.43,75854.029
300946.SZ,20240822,23.13,23.3,22.6,22.67,23.05,-0.38,-1.6486,7242.2,16562.243
300947.SZ,20240822,13.83,14.11,13.46,13.63,13.67,-0.04,-0.2926,73178.07,100874.261
300948.SZ,20240822,8.51,8.6,8.2,8.27,8.5,-0.23,-2.7059,17361.0,14487.826
300949.SZ,20240822,33.0,37.35,32.63,33.5,35.66,-2.16,-6.0572,61914.55,211888.02
300950.SZ,20240822,13.23,13.4,12.95,12.95,13.22,-0.27,-2.0424,12639.0,16529.871
300951.SZ,20240822,26.73,26.9,25.64,25.69,26.79,-1.1,-4.106,31395.75,81707.874
300952.SZ,20240822,16.84,17.43,16.6,17.13,16.87,0.26,1.5412,12612.59,21534.53
300953.SZ,20240822,46.99,48.14,46.57,47.7,46.8,0.9,1.9231,7283.26,34525.298
300955.SZ,20240822,12.13,12.24,11.72,11.74,12.18,-0.44,-3.6125,16048.08,19045.438
300956.SZ,20240822,15.89,15.98,15.34,15.41,15.78,-0.37,-2.3447,123121.22,190667.08
300957.SZ,20240822,41.07,41.3,39.63,39.78,41.08,-1.3,-3.1646,22994.35,92610.621
300958.SZ,20240822,10.84,11.31,10.7,10.98,10.65,0.33,3.0986,76656.37,84732.1
300959.SZ,20240822,23.85,25.65,23.74,24.63,23.85,0.78,3.2704,32272.33,80040.513
300960.SZ,20240822,18.93,19.55,18.8,19.0,19.1,-0.1,-0.5236,38437.65,73750.436
300961.SZ,20240822,7.74,7.74,7.32,7.34,7.68,-0.34,-4.4271,23202.34,17348.301
300962.SZ,20240822,13.11,13.25,12.95,12.95,13.11,-0.16,-1.2204,8798.0,11507.69
300963.SZ,20240822,7.43,7.54,7.33,7.4,7.31,0.09,1.2312,56398.14,41985.541
300964.SZ,20240822,32.36,32.4,31.43,31.53,32.37,-0.84,-2.595,19551.08,62167.518
300965.SZ,20240822,26.03,26.26,25.71,25.92,26.0,-0.08,-0.3077,2328.56,6060.641
300966.SZ,20240822,15.54,15.68,15.18,15.2,15.54,-0.34,-2.1879,12762.0,19574.287
300967.SZ,20240822,9.48,9.55,9.35,9.38,9.48,-0.1,-1.0549,21233.0,20048.056
300968.SZ,20240822,8.98,9.4,8.89,9.19,8.95,0.24,2.6816,310033.84,283870.59
300969.SZ,20240822,62.69,63.6,61.72,61.8,62.69,-0.89,-1.4197,5993.0,37429.963
300970.SZ,20240822,11.67,11.74,11.06,11.08,11.69,-0.61,-5.2181,33581.72,37906.471
300971.SZ,20240822,18.59,19.34,18.59,18.72,18.65,0.07,0.3753,39158.87,74006.788
300972.SZ,20240822,29.0,29.76,28.4,28.53,29.25,-0.72,-2.4615,46913.05,135461.711
300973.SZ,20240822,23.32,24.05,22.86,22.91,23.24,-0.33,-1.42,31153.29,72553.358
300975.SZ,20240822,7.85,7.86,7.62,7.64,7.85,-0.21,-2.6752,150015.0,115634.445
300976.SZ,20240822,46.48,47.01,46.06,46.15,46.65,-0.5,-1.0718,10915.0,50723.951
300977.SZ,20240822,15.25,15.55,14.67,14.73,15.34,-0.61,-3.9765,45885.5,68922.876
300978.SZ,20240822,9.34,9.48,9.14,9.36,9.31,0.05,0.5371,67366.0,62993.225
300979.SZ,20240822,62.59,65.04,61.9,64.52,62.69,1.83,2.9191,12323.04,78903.598
300980.SZ,20240822,14.98,14.98,14.27,14.34,14.79,-0.45,-3.0426,10874.5,15780.28
300981.SZ,20240822,9.7,9.8,9.49,9.51,9.68,-0.17,-1.7562,37629.64,36175.83
300982.SZ,20240822,15.61,15.76,15.25,15.3,15.6,-0.3,-1.9231,17792.2,27519.256
300983.SZ,20240822,14.68,14.76,14.46,14.49,14.72,-0.23,-1.5625,3374.54,4920.657
300984.SZ,20240822,18.68,18.92,18.02,18.21,18.68,-0.47,-2.5161,3977.48,7346.794
300985.SZ,20240822,16.68,17.4,16.36,16.88,16.91,-0.03,-0.1774,78396.15,132430.007
300986.SZ,20240822,7.83,8.18,7.73,8.01,7.86,0.15,1.9084,43503.86,34619.975
300987.SZ,20240822,12.14,12.34,11.73,11.73,12.18,-0.45,-3.6946,20184.0,24131.365
300988.SZ,20240822,16.7,16.9,16.33,16.35,16.66,-0.31,-1.8607,22180.0,36872.639
300989.SZ,20240822,11.86,11.97,11.48,11.51,11.96,-0.45,-3.7625,47094.3,54861.755
300990.SZ,20240822,25.03,25.17,24.68,24.71,24.88,-0.17,-0.6833,9635.6,23984.441
300991.SZ,20240822,15.49,15.79,15.23,15.27,15.57,-0.3,-1.9268,38432.34,59308.397
300992.SZ,20240822,15.79,17.57,14.61,14.96,15.68,-0.72,-4.5918,37558.98,59793.844
300993.SZ,20240822,8.11,8.19,8.03,8.06,8.12,-0.06,-0.7389,18698.48,15161.46
300994.SZ,20240822,8.97,8.99,8.83,8.85,8.95,-0.1,-1.1173,11356.2,10114.366
300995.SZ,20240822,14.7,14.7,14.01,14.05,14.63,-0.58,-3.9645,11065.0,15748.413
300996.SZ,20240822,15.6,15.97,15.1,15.21,15.6,-0.39,-2.5,58903.6,91620.889
300997.SZ,20240822,10.76,10.9,10.52,10.55,10.72,-0.17,-1.5858,9409.9,10010.463
300998.SZ,20240822,12.7,13.78,12.48,13.27,12.62,0.65,5.1506,42200.2,55512.592
300999.SZ,20240822,25.25,25.36,24.76,25.07,25.19,-0.12,-0.4764,41994.12,104941.418
301000.SZ,20240822,13.24,13.59,13.03,13.07,13.18,-0.11,-0.8346,27707.56,36896.622
301001.SZ,20240822,19.53,19.75,18.35,18.36,20.0,-1.64,-8.2,46187.2,86903.021
301002.SZ,20240822,14.58,15.4,14.58,14.85,14.72,0.13,0.8832,18366.26,27503.276
301003.SZ,20240822,18.68,18.88,18.41,18.43,18.68,-0.25,-1.3383,4088.0,7584.831
301004.SZ,20240822,78.0,78.79,77.0,78.58,78.02,0.56,0.7178,3939.0,30738.282
301005.SZ,20240822,25.15,25.98,25.1,25.57,25.17,0.4,1.5892,53257.19,136424.86
301006.SZ,20240822,10.58,10.7,10.34,10.35,10.59,-0.24,-2.2663,7051.0,7396.157
301007.SZ,20240822,11.89,12.01,11.5,11.53,11.92,-0.39,-3.2718,46011.44,53836.63
301008.SZ,20240822,16.19,16.66,16.07,16.25,16.2,0.05,0.3086,19195.28,31301.706
301009.SZ,20240822,7.39,7.46,7.31,7.34,7.39,-0.05,-0.6766,12328.0,9103.672
301010.SZ,20240822,12.17,12.41,11.47,11.61,12.3,-0.69,-5.6098,39153.35,46768.055
301011.SZ,20240822,14.58,16.8,14.33,15.0,14.6,0.4,2.7397,92077.86,140503.599
301012.SZ,20240822,19.67,19.91,19.05,19.06,19.31,-0.25,-1.2947,25521.63,49334.071
301013.SZ,20240822,10.16,10.5,10.01,10.14,10.23,-0.09,-0.8798,97245.0,99733.788
301015.SZ,20240822,21.22,21.51,21.18,21.27,21.3,-0.03,-0.1408,13569.0,28888.256
301016.SZ,20240822,22.0,23.53,21.55,21.56,22.66,-1.1,-4.8544,157990.04,355698.995
301017.SZ,20240822,9.39,9.39,9.16,9.18,9.34,-0.16,-1.7131,15766.36,14593.69
301018.SZ,20240822,18.2,18.38,17.86,17.88,18.2,-0.32,-1.7582,12785.21,23098.73
301019.SZ,20240822,12.48,12.55,12.23,12.26,12.45,-0.19,-1.5261,2925.3,3624.202
301020.SZ,20240822,16.1,16.2,15.7,15.7,16.12,-0.42,-2.6055,9780.0,15545.661
301021.SZ,20240822,16.22,16.48,15.88,15.91,16.38,-0.47,-2.8694,27782.0,44852.246
301022.SZ,20240822,18.46,18.75,17.71,17.87,18.37,-0.5,-2.7218,8052.5,14593.569
301023.SZ,20240822,31.2,32.6,31.2,31.93,31.7,0.23,0.7256,16745.5,53824.481
301024.SZ,20240822,21.04,21.3,20.19,20.26,21.06,-0.8,-3.7987,13313.0,27394.644
301025.SZ,20240822,8.8,8.95,8.33,8.43,8.88,-0.45,-5.0676,77961.03,66980.463
301026.SZ,20240822,22.55,22.67,22.0,22.05,22.54,-0.49,-2.1739,5708.0,12688.385
301027.SZ,20240822,7.36,7.4,7.15,7.17,7.36,-0.19,-2.5815,31899.78,23129.38
301028.SZ,20240822,8.21,8.34,8.11,8.12,8.33,-0.21,-2.521,13207.0,10831.61
301029.SZ,20240822,17.76,17.77,17.07,17.13,17.55,-0.42,-2.3932,25179.6,43544.93
301030.SZ,20240822,21.31,21.41,20.48,20.56,21.37,-0.81,-3.7904,41491.6,86082.663
301031.SZ,20240822,67.14,68.93,66.97,68.25,67.07,1.18,1.7594,4679.0,31772.34
301032.SZ,20240822,6.27,6.35,6.16,6.17,6.27,-0.1,-1.5949,17695.0,11024.172
301033.SZ,20240822,40.4,41.95,40.32,40.6,40.4,0.2,0.495,6800.0,27891.42
301035.SZ,20240822,37.42,37.94,37.09,37.27,37.41,-0.14,-0.3742,5601.0,20974.559
301036.SZ,20240822,26.89,27.91,25.91,27.91,26.83,1.08,4.0253,89272.64,240902.4
301037.SZ,20240822,8.78,8.88,8.54,8.56,8.82,-0.26,-2.9478,10470.9,9074.455
301038.SZ,20240822,13.29,13.33,12.75,12.76,13.29,-0.53,-3.988,20357.4,26478.219
301039.SZ,20240822,8.06,8.08,7.93,7.99,8.02,-0.03,-0.3741,57072.98,45683.98
301040.SZ,20240822,11.9,12.66,11.1,11.5,11.46,0.04,0.349,105290.21,125355.44
301041.SZ,20240822,20.9,20.9,20.11,20.17,20.83,-0.66,-3.1685,18625.0,37987.558
301042.SZ,20240822,29.71,30.66,29.71,30.2,29.95,0.25,0.8347,8947.2,27064.144
301043.SZ,20240822,22.91,23.16,22.7,22.73,22.98,-0.25,-1.0879,3348.0,7665.716
301045.SZ,20240822,15.84,15.98,15.41,15.61,15.92,-0.31,-1.9472,13971.0,22016.511
301046.SZ,20240822,18.2,18.2,17.33,17.33,17.84,-0.51,-2.8587,10983.0,19438.575
301047.SZ,20240822,56.78,57.24,55.8,55.96,56.86,-0.9,-1.5828,6365.39,35848.055
301048.SZ,20240822,7.94,7.96,7.74,7.75,7.93,-0.18,-2.2699,18661.43,14637.039
301049.SZ,20240822,18.81,18.88,18.09,18.21,18.6,-0.39,-2.0968,22288.33,40942.176
301050.SZ,20240822,43.42,44.2,43.0,43.23,43.42,-0.19,-0.4376,19545.09,84906.846
301051.SZ,20240822,23.0,23.2,22.61,22.68,23.07,-0.39,-1.6905,8942.04,20421.634
301052.SZ,20240822,20.07,20.51,18.98,19.03,20.33,-1.3,-6.3945,75683.99,148649.258
301053.SZ,20240822,18.11,18.96,17.73,18.44,18.28,0.16,0.8753,27604.94,50578.575
301055.SZ,20240822,12.78,12.78,12.38,12.43,12.64,-0.21,-1.6614,6194.0,7746.853
301056.SZ,20240822,6.96,7.0,6.79,6.8,6.97,-0.17,-2.439,17598.0,12115.379
301057.SZ,20240822,11.13,11.19,10.94,10.99,11.13,-0.14,-1.2579,21131.0,23402.881
301058.SZ,20240822,7.99,8.01,7.79,7.8,7.96,-0.16,-2.0101,33738.84,26565.074
301059.SZ,20240822,8.52,8.56,8.26,8.29,8.47,-0.18,-2.1251,9531.34,7991.269
301060.SZ,20240822,9.56,9.65,8.61,8.62,9.36,-0.74,-7.906,231306.71,208065.625
301061.SZ,20240822,43.53,44.4,43.21,43.8,43.96,-0.16,-0.364,3637.9,15870.374
301062.SZ,20240822,10.39,10.39,10.07,10.1,10.35,-0.25,-2.4155,26504.47,26959.992
301063.SZ,20240822,14.29,14.53,13.92,13.96,14.19,-0.23,-1.6209,16638.0,23512.609
301065.SZ,20240822,17.45,17.7,16.98,17.13,17.45,-0.32,-1.8338,14895.27,25634.135
301066.SZ,20240822,8.35,8.47,8.23,8.29,8.34,-0.05,-0.5995,18110.3,15100.443
301067.SZ,20240822,22.32,23.44,22.03,22.65,22.75,-0.1,-0.4396,66563.4,150762.044
301068.SZ,20240822,17.52,17.98,17.42,17.79,17.7,0.09,0.5085,3228.8,5718.019
301069.SZ,20240822,11.22,12.69,11.1,12.14,11.22,0.92,8.1996,89519.15,107936.176
301070.SZ,20240822,36.69,37.48,35.8,35.92,36.68,-0.76,-2.072,6591.0,23874.1
301071.SZ,20240822,23.61,23.92,23.23,23.33,23.82,-0.49,-2.0571,15134.6,35534.201
301072.SZ,20240822,17.51,18.3,17.51,17.55,17.41,0.14,0.8041,18053.0,32273.272
301073.SZ,20240822,16.95,17.1,16.29,16.3,16.95,-0.65,-3.8348,31806.63,52744.507
301075.SZ,20240822,17.9,17.9,17.21,17.32,17.97,-0.65,-3.6171,20247.0,35382.991
301076.SZ,20240822,16.4,16.47,15.92,15.92,16.33,-0.41,-2.5107,17834.18,28810.595
301077.SZ,20240822,16.66,16.71,16.07,16.09,16.37,-0.28,-1.7104,7844.61,12717.334
301078.SZ,20240822,5.06,5.08,4.9,4.94,5.04,-0.1,-1.9841,101012.19,50137.107
301079.SZ,20240822,15.06,15.68,14.96,15.01,15.18,-0.17,-1.1199,84538.1,129263.51
301080.SZ,20240822,33.4,33.74,32.38,32.51,33.45,-0.94,-2.8102,15185.5,49790.311
301081.SZ,20240822,7.11,7.2,7.01,7.07,7.16,-0.09,-1.257,14392.2,10216.485
301082.SZ,20240822,9.21,9.84,8.86,9.51,9.13,0.38,4.1621,173665.78,163091.994
301083.SZ,20240822,12.88,13.58,12.43,12.48,12.91,-0.43,-3.3308,30327.33,38846.564
301085.SZ,20240822,37.89,37.92,35.64,35.65,38.14,-2.49,-6.5286,20382.28,74426.412
301086.SZ,20240822,42.0,42.0,39.7,39.91,42.3,-2.39,-5.6501,23613.0,96084.478
301087.SZ,20240822,30.9,31.07,29.44,29.48,31.07,-1.59,-5.1175,27370.5,82380.515
301088.SZ,20240822,10.44,10.87,10.27,10.34,10.41,-0.07,-0.6724,12547.0,13199.979
301089.SZ,20240822,30.43,30.55,29.01,29.11,30.54,-1.43,-4.6824,38895.61,115493.864
301090.SZ,20240822,5.56,5.6,5.49,5.49,5.58,-0.09,-1.6129,44942.22,24819.923
301091.SZ,20240822,26.88,27.25,26.18,26.3,27.1,-0.8,-2.952,125748.87,335075.938
301092.SZ,20240822,21.21,21.3,20.61,20.61,21.22,-0.61,-2.8746,8792.0,18436.735
301093.SZ,20240822,18.3,18.45,18.05,18.13,18.3,-0.17,-0.929,5091.0,9239.49
301095.SZ,20240822,36.74,37.35,36.45,37.04,36.92,0.12,0.325,22267.99,82274.629
301096.SZ,20240822,36.51,36.93,35.76,35.91,36.64,-0.73,-1.9924,20368.0,73538.434
301097.SZ,20240822,35.5,35.92,34.59,35.29,35.63,-0.34,-0.9543,3606.0,12733.221
301098.SZ,20240822,7.39,7.43,7.12,7.16,7.32,-0.16,-2.1858,12753.53,9240.272
301099.SZ,20240822,32.32,33.35,32.05,32.25,32.21,0.04,0.1242,27630.48,90343.188
301100.SZ,20240822,12.99,13.11,12.65,12.7,12.93,-0.23,-1.7788,9931.0,12787.294
301101.SZ,20240822,27.01,27.27,24.86,25.06,27.5,-2.44,-8.8727,138643.72,360263.312
301102.SZ,20240822,8.06,8.12,7.71,7.74,8.08,-0.34,-4.2079,35047.98,27625.506
301103.SZ,20240822,20.63,20.75,19.74,19.74,20.64,-0.9,-4.3605,8980.0,18015.093
301105.SZ,20240822,25.4,25.6,24.1,24.2,25.52,-1.32,-5.1724,4935.0,12113.614
301106.SZ,20240822,26.46,27.66,26.46,27.22,26.63,0.59,2.2155,20908.4,56953.048
301107.SZ,20240822,21.38,21.69,20.69,20.76,21.49,-0.73,-3.3969,4756.78,10010.277
301108.SZ,20240822,22.86,23.06,22.78,22.84,22.91,-0.07,-0.3055,2922.48,6699.779
301109.SZ,20240822,14.3,14.38,14.12,14.16,14.3,-0.14,-0.979,8402.32,11990.57
301110.SZ,20240822,27.39,27.88,26.7,26.93,27.5,-0.57,-2.0727,6998.4,19078.83
301111.SZ,20240822,14.46,14.58,14.1,14.13,14.46,-0.33,-2.2822,21294.89,30405.694
301112.SZ,20240822,21.26,21.38,20.2,20.32,21.28,-0.96,-4.5113,25057.0,51749.249
301113.SZ,20240822,19.68,19.75,19.01,19.07,19.63,-0.56,-2.8528,3353.0,6479.584
301115.SZ,20240822,12.19,12.25,11.84,11.85,12.18,-0.33,-2.7094,12851.0,15441.325
301116.SZ,20240822,9.39,9.57,9.22,9.23,9.37,-0.14,-1.4941,12848.0,11971.765
301117.SZ,20240822,24.0,24.47,23.49,23.57,24.31,-0.74,-3.044,40761.0,97354.283
301118.SZ,20240822,16.76,16.8,16.08,16.15,16.75,-0.6,-3.5821,25198.6,41189.919
301119.SZ,20240822,17.18,17.67,16.83,16.88,17.27,-0.39,-2.2583,9383.3,16066.93
301120.SZ,20240822,8.72,8.93,8.55,8.56,8.48,0.08,0.9434,53716.0,46963.65
301121.SZ,20240822,34.05,35.33,33.61,35.1,34.19,0.91,2.6616,37149.22,129096.393
301122.SZ,20240822,18.25,18.3,17.54,17.62,18.15,-0.53,-2.9201,18731.8,33368.764
301123.SZ,20240822,16.4,16.55,16.01,16.02,16.36,-0.34,-2.0782,25295.0,40879.276
301125.SZ,20240822,8.79,8.86,8.46,8.5,8.79,-0.29,-3.2992,20113.57,17362.016
301126.SZ,20240822,8.9,8.92,8.6,8.6,8.86,-0.26,-2.9345,31995.64,27921.031
301127.SZ,20240822,8.74,8.79,8.12,8.15,8.76,-0.61,-6.9635,123074.59,103297.401
301128.SZ,20240822,40.21,41.51,39.61,39.61,39.85,-0.24,-0.6023,28679.0,116396.585
301129.SZ,20240822,17.75,17.92,17.37,17.46,17.79,-0.33,-1.855,16116.0,28351.599
301130.SZ,20240822,24.97,25.1,23.97,24.0,24.9,-0.9,-3.6145,19478.12,47368.767
301131.SZ,20240822,31.0,31.51,30.66,30.89,31.43,-0.54,-1.7181,4862.0,15117.627
301132.SZ,20240822,24.95,25.14,24.24,24.3,25.18,-0.88,-3.4948,51556.0,126356.454
301133.SZ,20240822,21.09,21.25,20.52,20.52,21.1,-0.58,-2.7488,15203.0,31728.817
301135.SZ,20240822,18.21,18.25,17.58,17.58,18.21,-0.63,-3.4596,9070.0,16213.352
301136.SZ,20240822,12.5,12.79,12.25,12.33,12.59,-0.26,-2.0651,102349.0,127515.486
301137.SZ,20240822,13.55,13.79,13.21,13.27,13.84,-0.57,-4.1185,28367.0,38116.588
301138.SZ,20240822,22.25,22.48,21.27,21.35,22.3,-0.95,-4.2601,10532.98,22823.971
301139.SZ,20240822,19.3,19.69,18.7,18.72,19.28,-0.56,-2.9046,18865.0,36121.453
301141.SZ,20240822,28.18,28.46,27.11,27.28,28.26,-0.98,-3.4678,18856.53,52070.221
301148.SZ,20240822,17.16,17.3,16.45,16.47,17.25,-0.78,-4.5217,22317.0,37410.503
301149.SZ,20240822,7.74,9.26,7.67,9.26,7.72,1.54,19.9482,200815.85,176755.941
301150.SZ,20240822,17.15,18.9,17.07,18.18,17.06,1.12,6.5651,53973.35,97345.625
301151.SZ,20240822,15.1,15.24,14.34,14.45,15.29,-0.84,-5.4938,105665.95,155263.084
301152.SZ,20240822,26.01,26.55,25.43,25.6,26.27,-0.67,-2.5504,46140.0,120051.402
301153.SZ,20240822,17.98,18.19,17.52,17.55,17.9,-0.35,-1.9553,26011.28,46253.713
301155.SZ,20240822,38.51,39.23,36.6,36.65,37.88,-1.23,-3.2471,18550.21,69487.241
301156.SZ,20240822,12.08,12.21,11.1,11.1,12.16,-1.06,-8.7171,35989.83,41219.731
301157.SZ,20240822,31.8,32.09,31.2,31.27,31.71,-0.44,-1.3876,3236.71,10219.294
301158.SZ,20240822,12.0,12.0,11.42,11.47,11.9,-0.43,-3.6134,18199.0,21084.036
301159.SZ,20240822,26.96,27.02,25.74,25.96,26.6,-0.64,-2.406,13519.98,35576.442
301160.SZ,20240822,32.56,32.77,31.45,31.7,32.46,-0.76,-2.3413,9887.75,31568.342
301161.SZ,20240822,14.64,14.64,14.17,14.21,14.56,-0.35,-2.4038,8090.46,11634.48
301162.SZ,20240822,33.49,34.1,32.8,32.8,33.46,-0.66,-1.9725,9553.84,31950.053
301163.SZ,20240822,19.6,19.98,18.62,18.7,19.28,-0.58,-3.0083,14801.0,28386.21
301165.SZ,20240822,31.39,32.6,31.18,32.1,31.34,0.76,2.425,26265.77,84041.642
301166.SZ,20240822,27.84,28.05,26.23,26.31,27.77,-1.46,-5.2575,20617.19,55418.546
301167.SZ,20240822,11.16,11.27,10.61,10.63,11.22,-0.59,-5.2585,40288.8,43819.749
301168.SZ,20240822,24.7,24.79,23.78,23.85,24.41,-0.56,-2.2941,13384.0,32344.175
301169.SZ,20240822,28.65,29.33,27.68,27.75,28.57,-0.82,-2.8701,13042.0,37062.102
301170.SZ,20240822,20.53,20.76,19.71,19.77,20.47,-0.7,-3.4196,9956.0,20056.4
301171.SZ,20240822,13.62,13.8,13.11,13.19,13.67,-0.48,-3.5113,102879.0,138100.633
301172.SZ,20240822,27.28,28.12,25.85,26.03,28.41,-2.38,-8.3773,83282.3,223781.326
301175.SZ,20240822,4.5,4.54,4.41,4.43,4.5,-0.07,-1.5556,64415.0,28716.558
301176.SZ,20240822,17.63,17.9,17.37,17.7,17.69,0.01,0.0565,28506.13,50348.129
301177.SZ,20240822,17.93,18.2,17.7,17.78,18.11,-0.33,-1.8222,6482.58,11608.09
301178.SZ,20240822,19.49,19.79,18.84,18.88,19.49,-0.61,-3.1298,15209.0,29173.067
301179.SZ,20240822,14.55,14.71,14.17,14.35,14.48,-0.13,-0.8978,21790.53,31307.82
301180.SZ,20240822,13.4,13.59,13.21,13.25,13.53,-0.28,-2.0695,45719.0,60958.21
301181.SZ,20240822,20.02,20.03,18.88,18.92,20.38,-1.46,-7.1639,24049.72,46364.772
301182.SZ,20240822,20.91,21.66,20.11,21.29,20.68,0.61,2.9497,111432.18,233697.674
301183.SZ,20240822,36.44,36.5,35.28,35.32,36.16,-0.84,-2.323,19627.67,70162.72
301185.SZ,20240822,13.79,14.04,13.48,13.53,13.79,-0.26,-1.8854,21647.0,29778.0
301186.SZ,20240822,29.42,29.98,29.18,29.19,29.75,-0.56,-1.8824,3530.82,10427.386
301187.SZ,20240822,18.21,18.4,17.85,17.91,18.25,-0.34,-1.863,16075.35,29028.265
301188.SZ,20240822,11.81,11.87,11.28,11.44,11.76,-0.32,-2.7211,62479.62,71878.41
301189.SZ,20240822,21.45,21.58,20.64,20.69,21.24,-0.55,-2.5895,11479.0,24135.514
301190.SZ,20240822,13.04,13.12,12.67,12.74,13.04,-0.3,-2.3006,4625.0,5935.479
301191.SZ,20240822,59.8,62.88,59.5,60.13,59.8,0.33,0.5518,16739.6,102755.617
301192.SZ,20240822,15.44,15.45,15.0,15.01,15.33,-0.32,-2.0874,7965.04,12141.514
301193.SZ,20240822,13.85,13.85,13.53,13.59,13.72,-0.13,-0.9475,3714.8,5062.174
301195.SZ,20240822,26.25,26.4,25.48,25.54,26.2,-0.66,-2.5191,9987.0,25784.11
301196.SZ,20240822,26.8,26.94,26.2,26.2,26.8,-0.6,-2.2388,2798.92,7430.714
301197.SZ,20240822,11.96,12.15,11.73,11.73,11.93,-0.2,-1.6764,13768.0,16345.932
301198.SZ,20240822,8.27,8.31,7.8,7.86,8.35,-0.49,-5.8683,75223.21,60263.521
301199.SZ,20240822,25.07,25.09,23.57,23.71,25.13,-1.42,-5.6506,31652.44,77000.666
301200.SZ,20240822,29.56,29.8,29.11,29.19,29.57,-0.38,-1.2851,3922.35,11499.567
301201.SZ,20240822,18.28,18.42,17.82,17.84,18.24,-0.4,-2.193,9718.2,17572.811
301202.SZ,20240822,25.1,25.42,24.6,24.6,25.18,-0.58,-2.3034,10541.0,26217.418
301203.SZ,20240822,26.43,26.66,25.71,25.76,26.42,-0.66,-2.4981,2181.92,5702.012
301205.SZ,20240822,50.88,51.37,49.82,50.0,50.94,-0.94,-1.8453,13248.27,66738.577
301206.SZ,20240822,24.44,24.44,23.96,24.22,24.39,-0.17,-0.697,3459.3,8375.635
301207.SZ,20240822,16.51,16.59,16.1,16.11,16.57,-0.46,-2.7761,15705.0,25560.951
301208.SZ,20240822,25.9,28.26,25.9,26.89,25.83,1.06,4.1038,85182.1,231977.795
301209.SZ,20240822,20.74,20.85,20.14,20.27,20.74,-0.47,-2.2662,12018.0,24487.524
301210.SZ,20240822,26.91,27.76,26.0,26.3,26.94,-0.64,-2.3756,14251.18,38429.416
301211.SZ,20240822,14.57,14.71,14.45,14.54,14.61,-0.07,-0.4791,16930.09,24689.226
301212.SZ,20240822,18.52,18.98,18.1,18.15,18.52,-0.37,-1.9978,6652.0,12299.691
301213.SZ,20240822,28.28,28.5,27.56,27.58,28.28,-0.7,-2.4752,16048.0,44877.299
301215.SZ,20240822,5.14,5.17,5.0,5.01,5.15,-0.14,-2.7184,96798.0,49108.634
301216.SZ,20240822,10.25,10.3,10.21,10.24,10.24,0.0,0.0,10590.0,10857.292
301217.SZ,20240822,9.31,9.41,9.09,9.15,9.36,-0.21,-2.2436,36765.0,33931.044
301218.SZ,20240822,19.71,20.78,19.62,19.84,19.76,0.08,0.4049,46532.0,94231.348
301219.SZ,20240822,36.72,36.75,35.67,35.72,36.55,-0.83,-2.2709,20991.74,75663.499
301220.SZ,20240822,23.23,23.47,22.78,22.8,23.18,-0.38,-1.6393,8679.0,19936.232
301221.SZ,20240822,32.47,32.99,31.25,31.45,32.58,-1.13,-3.4684,16132.0,51567.991
301222.SZ,20240822,21.4,22.21,21.26,21.6,21.27,0.33,1.5515,11173.0,24296.975
301223.SZ,20240822,14.13,14.2,14.03,14.04,14.07,-0.03,-0.2132,3244.15,4574.021
301225.SZ,20240822,24.05,24.2,23.26,23.36,24.08,-0.72,-2.99,4015.66,9511.584
301226.SZ,20240822,19.81,20.2,18.54,18.7,19.8,-1.1,-5.5556,87036.8,167486.308
301227.SZ,20240822,15.01,15.15,14.68,14.71,15.01,-0.3,-1.9987,7185.09,10682.663
301228.SZ,20240822,10.52,10.57,9.94,10.02,10.67,-0.65,-6.0918,65022.8,66259.26
301229.SZ,20240822,19.46,19.59,19.15,19.15,19.43,-0.28,-1.4411,7865.2,15212.812
301230.SZ,20240822,21.03,21.28,20.01,20.09,21.0,-0.91,-4.3333,22383.67,45740.914
301231.SZ,20240822,16.37,16.69,15.6,15.69,16.55,-0.86,-5.1964,53190.39,85209.382
301232.SZ,20240822,25.0,25.58,24.45,25.47,24.7,0.77,3.1174,38325.73,96478.451
301233.SZ,20240822,36.61,37.56,36.56,36.6,37.07,-0.47,-1.2679,6897.58,25526.834
301234.SZ,20240822,22.01,22.43,21.51,21.6,22.17,-0.57,-2.571,11046.09,24209.37
301235.SZ,20240822,17.48,17.48,16.99,16.99,17.31,-0.32,-1.8486,5689.0,9725.947
301236.SZ,20240822,30.81,32.35,30.42,30.57,30.89,-0.32,-1.0359,308642.54,971308.207
301237.SZ,20240822,20.98,21.17,20.58,20.59,21.0,-0.41,-1.9524,4362.0,9082.482
301238.SZ,20240822,13.57,14.31,13.52,13.82,13.57,0.25,1.8423,227962.52,317269.46
301239.SZ,20240822,33.42,33.56,31.89,31.98,33.42,-1.44,-4.3088,16497.0,53670.829
301246.SZ,20240822,12.03,12.12,11.75,11.75,11.99,-0.24,-2.0017,39707.94,47176.781
301248.SZ,20240822,13.6,13.63,13.07,13.1,13.46,-0.36,-2.6746,27279.73,36225.519
301251.SZ,20240822,28.86,28.86,27.74,28.04,28.78,-0.74,-2.5712,21880.0,61704.256
301252.SZ,20240822,24.66,24.97,24.2,24.21,24.82,-0.61,-2.4577,9445.4,23180.85
301255.SZ,20240822,29.4,29.87,27.57,27.61,29.66,-2.05,-6.9117,21806.0,62052.404
301256.SZ,20240822,5.86,5.94,5.75,5.78,5.88,-0.1,-1.7007,11670.17,6798.992
301257.SZ,20240822,24.48,24.64,23.59,23.69,24.32,-0.63,-2.5905,9429.6,22666.21
301258.SZ,20240822,22.35,22.48,21.6,21.63,22.17,-0.54,-2.4357,13867.0,30503.128
301259.SZ,20240822,24.37,25.44,24.2,24.42,24.24,0.18,0.7426,23643.8,58474.236
301260.SZ,20240822,11.8,12.03,11.57,11.57,11.99,-0.42,-3.5029,30064.0,35413.098
301261.SZ,20240822,37.68,38.12,35.27,35.31,38.08,-2.77,-7.2742,26542.52,97513.502
301262.SZ,20240822,21.06,21.31,20.53,20.57,20.95,-0.38,-1.8138,10857.01,22603.455
301263.SZ,20240822,13.34,13.48,12.91,12.98,13.4,-0.42,-3.1343,22930.46,29943.01
301265.SZ,20240822,7.75,7.81,7.56,7.58,7.75,-0.17,-2.1935,12049.83,9262.195
301266.SZ,20240822,29.79,29.94,28.46,28.66,29.4,-0.74,-2.517,19992.0,57931.673
301267.SZ,20240822,17.88,17.95,17.34,17.42,17.82,-0.4,-2.2447,32070.24,56267.658
301268.SZ,20240822,14.07,14.51,13.83,13.85,14.34,-0.49,-3.417,20150.54,28389.668
301269.SZ,20240822,71.28,71.66,70.43,70.56,71.26,-0.7,-0.9823,8218.29,58357.28
301270.SZ,20240822,24.08,26.5,24.08,24.83,24.6,0.23,0.935,57490.23,144693.181
301272.SZ,20240822,30.84,31.1,30.2,30.35,30.75,-0.4,-1.3008,3025.0,9272.071
301273.SZ,20240822,15.4,15.77,14.93,14.94,15.29,-0.35,-2.2891,7979.77,12140.634
301276.SZ,20240822,17.76,17.85,17.56,17.65,17.75,-0.1,-0.5634,4645.43,8215.248
301277.SZ,20240822,12.55,12.71,12.32,12.36,12.61,-0.25,-1.9826,19312.32,24087.301
301278.SZ,20240822,30.01,30.37,29.05,29.16,29.94,-0.78,-2.6052,10266.9,30453.827
301279.SZ,20240822,17.55,18.0,17.2,17.24,18.03,-0.79,-4.3816,21182.88,37206.642
301280.SZ,20240822,33.2,33.59,32.36,32.4,33.36,-0.96,-2.8777,6237.5,20480.847
301281.SZ,20240822,21.2,21.46,20.5,20.53,21.32,-0.79,-3.7054,12101.37,25190.897
301282.SZ,20240822,18.06,18.1,17.68,17.74,18.13,-0.39,-2.1511,27458.93,49088.168
301283.SZ,20240822,23.08,23.13,22.61,22.71,23.03,-0.32,-1.3895,5764.27,13175.418
301285.SZ,20240822,22.32,22.5,21.95,22.1,22.45,-0.35,-1.559,9751.0,21578.443
301286.SZ,20240822,27.17,27.38,27.02,27.19,27.18,0.01,0.0368,1607.0,4379.14
301287.SZ,20240822,25.27,25.28,24.71,24.73,25.18,-0.45,-1.7871,4286.0,10717.802
301288.SZ,20240822,14.88,15.28,14.49,14.62,15.18,-0.56,-3.6891,83759.03,124454.528
301289.SZ,20240822,40.24,40.33,38.78,38.87,40.26,-1.39,-3.4526,10855.5,42861.273
301290.SZ,20240822,19.8,19.85,19.2,19.29,19.73,-0.44,-2.2301,5520.41,10733.721
301291.SZ,20240822,28.11,28.26,27.31,27.64,27.9,-0.26,-0.9319,32699.16,90545.575
301292.SZ,20240822,11.47,11.74,11.34,11.35,11.52,-0.17,-1.4757,16198.52,18724.535
301293.SZ,20240822,32.06,32.2,31.0,31.23,31.89,-0.66,-2.0696,24857.39,78279.928
301295.SZ,20240822,18.52,18.66,17.9,17.9,18.52,-0.62,-3.3477,10098.93,18429.006
301296.SZ,20240822,7.6,7.66,7.38,7.47,7.62,-0.15,-1.9685,75349.5,56429.743
301297.SZ,20240822,18.5,18.67,18.18,18.2,18.62,-0.42,-2.2556,37871.0,69580.765
301298.SZ,20240822,13.01,13.4,12.15,12.27,12.21,0.06,0.4914,66437.89,84945.826
301299.SZ,20240822,37.54,38.09,36.53,36.68,37.83,-1.15,-3.0399,6200.09,23035.391
301300.SZ,20240822,21.48,21.58,20.92,20.97,21.49,-0.52,-2.4197,7133.0,15133.884
301301.SZ,20240822,11.14,11.16,10.84,10.88,11.13,-0.25,-2.2462,149107.07,162910.634
301302.SZ,20240822,16.34,16.9,15.96,15.99,16.49,-0.5,-3.0321,34491.45,56659.149
301303.SZ,20240822,10.96,10.98,10.8,10.82,10.94,-0.12,-1.0969,7206.7,7851.089
301305.SZ,20240822,15.82,15.95,15.32,15.34,15.82,-0.48,-3.0341,9092.95,14182.302
301306.SZ,20240822,32.89,34.54,32.5,33.75,32.89,0.86,2.6148,53738.0,180405.89
301307.SZ,20240822,17.54,18.2,17.38,17.8,17.44,0.36,2.0642,31934.97,57191.833
301308.SZ,20240822,71.31,71.61,69.66,70.78,71.06,-0.28,-0.394,31925.84,224994.056
301309.SZ,20240822,21.3,21.3,20.77,20.77,21.21,-0.44,-2.0745,4377.0,9202.455
301310.SZ,20240822,20.84,21.08,20.32,20.36,20.85,-0.49,-2.3501,7191.58,14854.771
301311.SZ,20240822,16.0,16.1,15.56,15.57,16.01,-0.44,-2.7483,11950.0,18853.041
301312.SZ,20240822,42.37,43.79,40.51,41.05,42.93,-1.88,-4.3792,57545.36,242117.605
301313.SZ,20240822,19.24,20.09,18.96,19.02,19.44,-0.42,-2.1605,26996.67,52424.527
301314.SZ,20240822,32.2,33.55,32.0,32.3,32.4,-0.1,-0.3086,17682.5,57838.749
301315.SZ,20240822,31.0,31.55,30.0,30.2,30.98,-0.78,-2.5178,21540.51,66174.204
301316.SZ,20240822,18.82,19.15,16.6,17.5,18.29,-0.79,-4.3193,529512.99,957107.577
301317.SZ,20240822,15.0,15.08,14.66,14.69,15.0,-0.31,-2.0667,3144.0,4656.226
301318.SZ,20240822,26.4,27.15,25.03,25.13,26.09,-0.96,-3.6796,28417.11,73435.18
301319.SZ,20240822,25.13,25.6,24.7,24.7,25.34,-0.64,-2.5257,9986.23,25028.905
301320.SZ,20240822,12.96,13.55,12.9,13.07,12.95,0.12,0.9266,40154.39,53092.599
301321.SZ,20240822,11.4,11.6,11.01,11.14,11.47,-0.33,-2.8771,43290.0,48744.693
301322.SZ,20240822,17.51,17.68,17.07,17.07,17.5,-0.43,-2.4571,5539.77,9601.186
301323.SZ,20240822,26.79,26.79,26.02,26.02,26.51,-0.49,-1.8484,3966.56,10421.334
301325.SZ,20240822,33.34,34.1,32.8,32.8,33.44,-0.64,-1.9139,16855.87,56426.01
301326.SZ,20240822,35.09,35.89,31.85,31.85,34.2,-2.35,-6.8713,91888.02,311899.759
301327.SZ,20240822,67.48,67.76,66.46,66.9,67.18,-0.28,-0.4168,5343.1,35840.082
301328.SZ,20240822,35.83,36.01,34.48,34.55,35.83,-1.28,-3.5724,9134.5,31981.211
301329.SZ,20240822,16.42,16.85,16.16,16.16,16.42,-0.26,-1.5834,27126.58,44538.178
301330.SZ,20240822,20.26,20.67,19.8,19.87,20.36,-0.49,-2.4067,10923.4,22067.696
301331.SZ,20240822,22.26,22.39,21.53,21.98,22.24,-0.26,-1.1691,5598.0,12245.143
301332.SZ,20240822,8.32,8.42,8.17,8.2,8.37,-0.17,-2.0311,17762.41,14715.194
301333.SZ,20240822,40.1,40.5,39.0,39.09,40.11,-1.02,-2.543,7621.6,30166.389
301335.SZ,20240822,16.22,16.46,15.98,16.0,16.28,-0.28,-1.7199,4342.11,7036.382
301336.SZ,20240822,28.14,28.3,27.6,27.63,27.98,-0.35,-1.2509,2374.51,6632.81
301337.SZ,20240822,26.0,31.51,25.75,28.8,26.26,2.54,9.6725,154800.72,463045.501
301338.SZ,20240822,28.4,28.75,27.51,27.58,28.47,-0.89,-3.1261,12506.28,34997.833
301339.SZ,20240822,20.05,20.07,18.9,18.94,20.02,-1.08,-5.3946,42072.0,81260.752
301345.SZ,20240822,43.49,43.71,43.05,43.06,43.5,-0.44,-1.0115,3435.64,14860.749
301348.SZ,20240822,21.45,23.59,21.45,23.33,21.65,1.68,7.7598,144623.16,328552.36
301349.SZ,20240822,22.7,23.23,22.11,22.24,22.53,-0.29,-1.2872,14534.55,32989.757
301353.SZ,20240822,23.98,24.11,23.44,23.46,23.97,-0.51,-2.1277,3377.0,8013.701
301355.SZ,20240822,9.76,9.91,9.73,9.8,9.83,-0.03,-0.3052,13290.63,13025.115
301356.SZ,20240822,11.89,11.9,11.46,11.47,11.85,-0.38,-3.2068,6129.2,7152.323
301357.SZ,20240822,26.85,27.35,26.29,26.37,26.84,-0.47,-1.7511,14125.06,37889.015
301358.SZ,20240822,24.31,24.77,24.21,24.31,24.5,-0.19,-0.7755,40429.63,98763.447
301359.SZ,20240822,19.3,19.3,18.59,18.62,19.11,-0.49,-2.5641,10548.94,19874.214
301360.SZ,20240822,42.92,42.92,40.8,40.85,43.07,-2.22,-5.1544,22761.37,94733.843
301361.SZ,20240822,22.5,23.2,21.69,22.86,22.22,0.64,2.8803,37266.14,83631.64
301362.SZ,20240822,32.01,32.1,31.39,31.5,32.07,-0.57,-1.7774,2298.01,7271.755
301363.SZ,20240822,28.24,28.34,27.61,27.9,28.24,-0.34,-1.204,13490.16,37619.623
301365.SZ,20240822,10.76,10.88,10.42,10.5,10.9,-0.4,-3.6697,22127.98,23506.428
301366.SZ,20240822,31.96,31.96,29.17,29.3,33.34,-4.04,-12.1176,133303.54,405045.254
301367.SZ,20240822,63.18,64.46,61.65,62.12,63.56,-1.44,-2.2656,4696.8,29358.691
301368.SZ,20240822,39.5,39.58,36.1,36.27,39.98,-3.71,-9.2796,65287.82,246098.764
301369.SZ,20240822,45.12,45.14,42.35,42.62,45.14,-2.52,-5.5826,33175.5,144272.899
301370.SZ,20240822,9.3,9.38,8.92,8.92,9.32,-0.4,-4.2918,58502.38,53265.846
301371.SZ,20240822,26.86,27.09,26.27,26.32,26.86,-0.54,-2.0104,5028.34,13377.653
301372.SZ,20240822,20.35,20.35,19.15,19.41,20.18,-0.77,-3.8157,16244.22,31929.687
301373.SZ,20240822,21.2,21.35,20.64,20.67,21.09,-0.42,-1.9915,2722.91,5695.449
301376.SZ,20240822,18.0,18.38,17.01,17.06,18.72,-1.66,-8.8675,34925.91,60895.407
301377.SZ,20240822,16.14,16.28,15.62,15.63,16.16,-0.53,-3.2797,14697.3,23359.137
301378.SZ,20240822,19.29,19.67,18.86,18.87,19.31,-0.44,-2.2786,10681.3,20499.932
301379.SZ,20240822,15.68,15.8,15.25,15.28,15.68,-0.4,-2.551,15819.8,24416.279
301380.SZ,20240822,32.32,33.27,31.86,31.98,32.3,-0.32,-0.9907,12158.0,39662.602
301381.SZ,20240822,21.65,21.71,20.89,20.9,21.53,-0.63,-2.9261,15423.06,32655.048
301382.SZ,20240822,17.85,18.45,17.21,17.24,17.91,-0.67,-3.7409,102682.84,183453.059
301383.SZ,20240822,27.86,27.98,26.63,26.81,27.8,-0.99,-3.5612,65203.83,176703.547
301386.SZ,20240822,19.33,19.36,18.68,18.73,19.22,-0.49,-2.5494,10401.66,19744.7
301387.SZ,20240822,29.6,29.9,28.59,28.74,29.88,-1.14,-3.8153,22144.49,64112.812
301388.SZ,20240822,18.48,18.7,17.97,17.98,18.33,-0.35,-1.9094,17998.48,32886.372
301389.SZ,20240822,13.56,13.6,13.15,13.15,13.58,-0.43,-3.1664,38491.0,51298.881
301390.SZ,20240822,26.6,27.01,26.31,26.34,26.66,-0.32,-1.2003,3019.71,8041.071
301391.SZ,20240822,34.44,34.79,33.49,33.61,34.46,-0.85,-2.4666,8213.2,27883.88
301392.SZ,20240822,44.45,44.82,42.67,42.79,44.33,-1.54,-3.4739,26613.25,116390.096
301393.SZ,20240822,36.66,36.89,35.53,35.55,36.66,-1.11,-3.0278,6567.01,23665.587
301395.SZ,20240822,9.13,9.16,8.88,8.89,9.09,-0.2,-2.2002,10956.53,9856.463
301396.SZ,20240822,20.46,20.86,20.02,20.11,20.67,-0.56,-2.7092,25696.6,52298.617
301397.SZ,20240822,22.1,22.25,21.11,21.13,22.04,-0.91,-4.1289,10127.8,21891.706
301398.SZ,20240822,33.66,34.19,33.01,33.02,33.96,-0.94,-2.768,11182.28,37317.407
301399.SZ,20240822,20.12,20.35,18.88,19.01,20.3,-1.29,-6.3547,28805.9,56260.82
301408.SZ,20240822,10.06,10.11,10.0,10.01,10.05,-0.04,-0.398,16189.0,16279.908
301413.SZ,20240822,37.35,37.95,35.1,35.1,37.91,-2.81,-7.4123,21221.35,76893.472
301418.SZ,20240822,30.62,31.09,30.0,30.34,30.71,-0.37,-1.2048,13367.96,40874.395
301419.SZ,20240822,21.79,22.29,21.47,21.47,22.06,-0.59,-2.6745,5553.41,12101.479
301421.SZ,20240822,36.8,37.45,35.33,35.42,37.06,-1.64,-4.4253,32239.56,116602.911
301428.SZ,20240822,26.64,26.89,25.41,25.63,26.37,-0.74,-2.8062,19241.89,50194.991
301429.SZ,20240822,13.57,13.66,13.31,13.33,13.53,-0.2,-1.4782,9408.99,12655.47
301439.SZ,20240822,10.97,11.03,10.73,10.77,10.92,-0.15,-1.3736,9949.49,10805.088
301446.SZ,20240822,20.05,20.12,19.01,19.15,19.83,-0.68,-3.4291,26938.2,52406.344
301448.SZ,20240822,19.2,19.2,18.5,18.5,19.01,-0.51,-2.6828,8115.6,15241.739
301456.SZ,20240822,21.0,21.49,20.21,20.29,20.69,-0.4,-1.9333,11500.54,23846.34
301459.SZ,20240822,34.66,34.66,32.77,32.78,34.15,-1.37,-4.0117,5054.12,16965.112
301468.SZ,20240822,19.37,19.49,18.89,18.95,19.37,-0.42,-2.1683,3593.0,6886.479
301469.SZ,20240822,20.63,20.99,20.41,20.8,20.67,0.13,0.6289,10465.28,21672.975
301486.SZ,20240822,38.68,39.91,37.2,37.45,39.77,-2.32,-5.8335,61675.03,236686.08
301487.SZ,20240822,14.82,17.84,14.69,17.84,14.87,2.97,19.9731,465493.67,781982.617
301488.SZ,20240822,50.3,50.85,49.16,49.4,50.67,-1.27,-2.5064,9910.61,49470.837
301489.SZ,20240822,60.9,62.39,58.3,59.13,61.07,-1.94,-3.1767,22356.82,134055.491
301498.SZ,20240822,47.33,47.67,46.7,47.09,47.6,-0.51,-1.0714,16167.74,76137.048
301499.SZ,20240822,21.76,21.94,21.08,21.19,21.66,-0.47,-2.1699,11631.18,24862.821
301500.SZ,20240822,16.3,16.37,15.65,15.66,16.21,-0.55,-3.393,21786.0,34661.822
301502.SZ,20240822,36.98,37.98,36.58,36.81,37.0,-0.19,-0.5135,5393.93,20002.165
301503.SZ,20240822,28.4,29.78,28.4,28.76,28.98,-0.22,-0.7591,33945.0,98815.951
301505.SZ,20240822,22.45,22.46,21.73,21.75,22.38,-0.63,-2.815,10375.94,22835.227
301507.SZ,20240822,12.2,12.22,11.69,11.71,12.16,-0.45,-3.7007,82048.72,97611.574
301508.SZ,20240822,30.83,30.99,29.81,29.86,30.84,-0.98,-3.1777,26533.59,80083.152
301509.SZ,20240822,27.41,27.41,26.39,26.39,27.33,-0.94,-3.4394,15881.17,42524.719
301510.SZ,20240822,20.23,20.53,20.03,20.06,20.23,-0.17,-0.8403,39548.69,80133.869
301511.SZ,20240822,10.2,10.67,10.1,10.32,10.23,0.09,0.8798,164688.84,171983.84
301512.SZ,20240822,42.5,42.5,39.95,40.16,42.23,-2.07,-4.9017,11570.28,47490.466
301515.SZ,20240822,17.31,17.49,17.07,17.09,17.26,-0.17,-0.9849,5335.55,9179.926
301516.SZ,20240822,15.28,15.54,14.84,14.88,15.35,-0.47,-3.0619,39404.43,59587.283
301517.SZ,20240822,49.4,51.88,48.9,50.85,49.73,1.12,2.2522,48832.15,246808.469
301518.SZ,20240822,14.5,14.57,14.2,14.32,14.52,-0.2,-1.3774,7785.9,11191.409
301519.SZ,20240822,12.28,12.38,11.96,11.96,12.26,-0.3,-2.447,12492.06,15121.403
301520.SZ,20240822,37.8,38.09,36.61,36.63,37.92,-1.29,-3.4019,5906.0,21956.889
301525.SZ,20240822,44.8,45.01,43.16,43.3,44.79,-1.49,-3.3266,6437.09,28188.849
301526.SZ,20240822,3.11,3.12,3.02,3.04,3.11,-0.07,-2.2508,121340.8,37244.176
301528.SZ,20240822,40.11,40.89,38.8,39.09,40.67,-1.58,-3.8849,7306.06,29165.829
301529.SZ,20240822,28.03,28.6,27.8,27.95,28.03,-0.08,-0.2854,9251.51,26110.344
301533.SZ,20240822,24.69,24.78,23.43,23.47,24.76,-1.29,-5.21,10431.0,25042.989
301536.SZ,20240822,34.41,35.67,33.33,33.51,34.96,-1.45,-4.1476,58630.47,201704.882
301538.SZ,20240822,70.37,71.8,69.2,69.76,70.38,-0.62,-0.8809,12356.4,87031.552
301539.SZ,20240822,18.1,18.4,17.7,17.9,18.12,-0.22,-1.2141,20500.46,37096.068
301548.SZ,20240822,45.25,46.09,44.65,44.65,45.24,-0.59,-1.3042,3334.58,15116.612
301550.SZ,20240822,45.01,45.35,40.94,41.2,45.37,-4.17,-9.1911,70647.06,299388.704
301552.SZ,20240822,45.42,45.73,43.41,43.5,45.7,-2.2,-4.814,23079.47,102232.942
301555.SZ,20240822,25.1,25.6,24.44,24.47,25.3,-0.83,-3.2806,9920.24,24652.504
301558.SZ,20240822,7.82,7.91,7.34,7.35,7.88,-0.53,-6.7259,113469.42,85605.377
301559.SZ,20240822,14.91,15.0,14.79,14.84,14.88,-0.04,-0.2688,9255.4,13794.935
301565.SZ,20240822,18.54,18.61,18.04,18.09,18.75,-0.66,-3.52,64823.21,118288.248
301566.SZ,20240822,16.2,16.39,15.35,15.45,16.26,-0.81,-4.9815,44445.84,69970.874
301567.SZ,20240822,42.05,42.38,40.29,40.45,42.3,-1.85,-4.3735,21677.0,89035.674
301568.SZ,20240822,30.53,31.5,29.64,30.01,31.2,-1.19,-3.8141,56728.99,172563.664
301571.SZ,20240822,34.18,35.89,32.0,32.5,35.65,-3.15,-8.8359,202922.47,681891.603
301577.SZ,20240822,53.0,53.24,51.0,51.2,52.93,-1.73,-3.2685,8537.0,44274.639
301578.SZ,20240822,45.2,49.89,41.6,43.7,44.29,-0.59,-1.3321,92047.54,422065.765
301580.SZ,20240822,55.21,55.75,53.9,53.9,55.49,-1.59,-2.8654,9513.51,52084.195
301587.SZ,20240822,22.31,23.13,22.01,22.25,22.48,-0.23,-1.0231,25467.24,57818.687
301588.SZ,20240822,18.99,19.03,18.42,18.44,18.98,-0.54,-2.8451,13261.11,24759.363
301589.SZ,20240822,149.0,154.59,146.89,152.7,148.9,3.8,2.552,10679.89,161760.912
301591.SZ,20240822,30.5,30.5,29.46,29.55,30.25,-0.7,-2.314,10514.04,31376.626
301596.SZ,20240822,67.2,67.37,62.13,62.27,67.59,-5.32,-7.871,23532.0,151216.085
301603.SZ,20240822,36.83,37.05,35.49,35.57,36.84,-1.27,-3.4473,29378.79,106107.528
301606.SZ,20240822,29.54,29.55,27.81,27.85,29.85,-2.0,-6.7002,68832.49,195665.56
301608.SZ,20240822,52.28,54.02,51.55,51.55,52.75,-1.2,-2.2749,30823.33,162590.184
301611.SZ,20240822,28.41,31.06,28.02,29.85,28.4,1.45,5.1056,265589.06,786350.041
302132.SZ,20240822,41.64,42.08,41.18,41.45,41.8,-0.35,-0.8373,46756.48,194671.489
