ts_code,trade_date,open,high,low,close,pre_close,change,pct_chg,vol,amount
300001.SZ,20241122,23.35,23.64,22.57,22.57,23.62,-1.05,-4.4454,224577.46,518021.111
300002.SZ,20241122,12.61,13.04,12.15,12.18,12.72,-0.54,-4.2453,1127995.82,1426669.188
300003.SZ,20241122,12.37,12.39,11.85,11.89,12.41,-0.52,-4.1902,239961.13,290918.731
300004.SZ,20241122,7.39,7.48,6.8,6.8,7.22,-0.42,-5.8172,315044.0,225920.017
300005.SZ,20241122,7.96,7.98,7.64,7.68,8.0,-0.32,-4.0,180055.01,140609.971
300006.SZ,20241122,4.88,4.89,4.56,4.58,4.88,-0.3,-6.1475,274147.4,129131.656
300007.SZ,20241122,18.03,18.27,17.17,17.23,18.06,-0.83,-4.5958,161784.0,287772.798
300008.SZ,20241122,5.24,5.68,5.18,5.32,5.27,0.05,0.9488,1706124.37,927356.652
300009.SZ,20241122,9.04,9.08,8.74,8.75,9.11,-0.36,-3.9517,278249.71,247542.04
300010.SZ,20241122,10.3,11.3,9.95,9.98,10.56,-0.58,-5.4924,3082924.88,3277104.821
300011.SZ,20241122,7.96,7.97,7.54,7.55,7.97,-0.42,-5.2698,148321.0,115104.655
300012.SZ,20241122,13.8,13.86,13.16,13.19,13.77,-0.58,-4.2121,296159.2,399980.57
300013.SZ,20241122,3.71,3.9,3.68,3.73,3.67,0.06,1.6349,212871.5,80574.883
300014.SZ,20241122,49.78,50.04,48.2,48.26,50.01,-1.75,-3.4993,300944.54,1479878.287
300015.SZ,20241122,14.96,14.99,14.26,14.28,15.01,-0.73,-4.8634,1150821.65,1682912.266
300016.SZ,20241122,6.86,6.9,6.54,6.58,6.9,-0.32,-4.6377,118876.7,80221.984
300017.SZ,20241122,9.39,9.68,9.01,9.05,9.46,-0.41,-4.334,1105879.82,1039424.382
300018.SZ,20241122,7.3,7.51,7.06,7.09,7.4,-0.31,-4.1892,390392.99,282711.819
300019.SZ,20241122,18.51,19.1,17.55,17.6,19.15,-1.55,-8.094,538106.38,982809.705
300020.SZ,20241122,2.5,2.54,2.38,2.4,2.5,-0.1,-4.0,421918.0,104480.57
300021.SZ,20241122,4.39,4.39,4.18,4.2,4.4,-0.2,-4.5455,176232.0,75782.181
300022.SZ,20241122,4.75,4.78,4.53,4.55,4.75,-0.2,-4.2105,119368.0,55789.569
300024.SZ,20241122,19.6,19.95,18.45,18.49,19.75,-1.26,-6.3797,1444194.12,2765700.027
300025.SZ,20241122,10.54,11.28,10.37,10.72,10.51,0.21,1.9981,537683.89,584415.817
300026.SZ,20241122,4.1,4.13,3.92,3.92,4.12,-0.2,-4.8544,630306.02,253637.387
300027.SZ,20241122,3.07,3.25,2.98,2.99,3.1,-0.11,-3.5484,2124305.58,663731.85
300029.SZ,20241122,6.1,6.2,5.88,6.03,6.12,-0.09,-1.4706,57712.01,34783.201
300030.SZ,20241122,6.66,6.86,6.37,6.41,6.73,-0.32,-4.7548,132110.69,88042.711
300031.SZ,20241122,20.82,21.88,20.36,20.55,20.9,-0.35,-1.6746,547112.37,1163399.406
300032.SZ,20241122,5.45,5.49,5.14,5.16,5.49,-0.33,-6.0109,396483.0,211438.724
300033.SZ,20241122,290.8,298.13,278.66,279.59,293.2,-13.61,-4.6419,215824.13,6230132.521
300034.SZ,20241122,17.05,17.21,16.53,16.55,17.11,-0.56,-3.2729,142101.83,240261.641
300035.SZ,20241122,16.18,16.74,15.52,15.57,16.36,-0.79,-4.8289,311716.92,502797.289
300036.SZ,20241122,18.8,19.31,18.02,18.05,18.9,-0.85,-4.4974,162899.0,305199.496
300037.SZ,20241122,44.11,45.12,43.9,43.99,44.75,-0.76,-1.6983,137649.9,612463.24
300039.SZ,20241122,6.69,6.72,6.38,6.4,6.71,-0.31,-4.62,243715.58,159451.712
300040.SZ,20241122,6.77,6.9,6.51,6.54,6.78,-0.24,-3.5398,289556.31,195290.402
300041.SZ,20241122,9.04,9.04,8.58,8.61,9.07,-0.46,-5.0717,145016.4,128038.228
300042.SZ,20241122,21.79,23.63,21.49,21.71,21.93,-0.22,-1.0032,135270.47,303735.574
300043.SZ,20241122,3.47,4.31,3.46,3.84,3.59,0.25,6.9638,3338931.89,1328558.323
300044.SZ,20241122,7.6,7.88,7.28,7.33,7.54,-0.21,-2.7851,929660.54,701674.684
300045.SZ,20241122,26.4,26.4,24.8,24.89,26.65,-1.76,-6.6041,365856.55,939352.415
300046.SZ,20241122,41.95,42.58,38.76,39.05,41.61,-2.56,-6.1524,280773.25,1137304.851
300047.SZ,20241122,14.66,15.19,14.04,14.06,14.86,-0.8,-5.3836,615258.32,902369.553
300048.SZ,20241122,5.4,5.4,5.09,5.1,5.4,-0.3,-5.5556,192517.2,100641.681
300049.SZ,20241122,38.97,39.15,36.43,36.59,39.17,-2.58,-6.5867,108629.81,409013.552
300050.SZ,20241122,7.0,7.07,6.57,6.58,7.06,-0.48,-6.7989,555927.0,380717.869
300051.SZ,20241122,9.23,9.26,8.71,8.71,9.3,-0.59,-6.3441,126377.64,113632.653
300052.SZ,20241122,20.3,21.43,19.66,19.89,20.4,-0.51,-2.5,273994.0,565485.586
300053.SZ,20241122,15.67,15.77,14.59,14.64,15.64,-1.0,-6.3939,394905.56,598867.409
300054.SZ,20241122,27.65,28.11,26.73,26.79,27.72,-0.93,-3.355,168996.38,464254.219
300055.SZ,20241122,5.67,5.78,5.51,5.53,5.69,-0.16,-2.812,139483.96,79085.116
300056.SZ,20241122,14.06,14.24,13.6,13.62,14.26,-0.64,-4.4881,177575.11,247421.608
300057.SZ,20241122,5.91,6.03,5.69,5.73,5.97,-0.24,-4.0201,313804.58,184533.977
300058.SZ,20241122,10.5,11.45,10.17,10.37,10.74,-0.37,-3.4451,7125592.57,7766555.806
300059.SZ,20241122,27.15,27.66,25.73,25.9,27.39,-1.49,-5.4399,9245168.73,24723464.289
300061.SZ,20241122,14.82,16.04,14.59,15.0,14.83,0.17,1.1463,647461.79,998183.212
300062.SZ,20241122,6.18,6.18,5.79,5.85,6.16,-0.31,-5.0325,232472.0,139371.773
300063.SZ,20241122,10.07,10.76,9.91,10.03,10.32,-0.29,-2.8101,1212200.2,1258300.682
300065.SZ,20241122,9.35,9.59,9.06,9.06,9.4,-0.34,-3.617,250672.08,233943.77
300066.SZ,20241122,4.44,4.6,4.36,4.37,4.48,-0.11,-2.4554,387053.58,173958.234
300067.SZ,20241122,5.57,5.72,5.28,5.33,5.61,-0.28,-4.9911,579918.36,320698.659
300068.SZ,20241122,18.47,18.62,17.51,17.53,18.65,-1.12,-6.0054,681734.53,1235004.243
300069.SZ,20241122,15.46,15.56,14.57,14.6,15.26,-0.66,-4.325,40668.0,60955.905
300070.SZ,20241122,5.93,6.04,5.79,5.8,5.97,-0.17,-2.8476,846929.42,503737.485
300071.SZ,20241122,4.82,5.19,4.61,4.69,4.97,-0.28,-5.6338,1295930.67,639086.914
300072.SZ,20241122,3.98,4.1,3.81,3.84,4.01,-0.17,-4.2394,640748.9,254446.204
300073.SZ,20241122,48.78,48.79,46.45,46.45,48.89,-2.44,-4.9908,242383.93,1157407.473
300074.SZ,20241122,4.8,4.89,4.68,4.72,4.87,-0.15,-3.0801,480775.24,230007.936
300075.SZ,20241122,18.45,18.88,17.52,17.6,18.5,-0.9,-4.8649,276223.0,505373.946
300076.SZ,20241122,6.29,7.6,6.18,6.86,6.38,0.48,7.5235,599774.66,401404.372
300077.SZ,20241122,29.4,29.99,27.45,27.63,29.73,-2.1,-7.0636,766959.75,2202087.579
300078.SZ,20241122,3.6,3.79,3.52,3.55,3.63,-0.08,-2.2039,666850.35,244023.073
300079.SZ,20241122,6.08,6.31,5.88,5.89,6.12,-0.23,-3.7582,810832.34,497830.295
300080.SZ,20241122,4.94,4.98,4.71,4.72,5.0,-0.28,-5.6,275531.45,134165.463
300081.SZ,20241122,8.2,9.34,8.0,8.32,8.34,-0.02,-0.2398,1569161.21,1359735.905
300082.SZ,20241122,7.34,8.62,7.27,8.62,7.18,1.44,20.0557,989732.81,840455.431
300083.SZ,20241122,7.47,7.54,7.11,7.13,7.49,-0.36,-4.8064,399766.78,292915.324
300084.SZ,20241122,6.39,6.46,6.06,6.07,6.38,-0.31,-4.8589,107400.6,67089.042
300085.SZ,20241122,50.3,51.55,47.2,47.38,51.98,-4.6,-8.8496,967804.31,4810377.488
300086.SZ,20241122,5.15,5.2,4.95,4.99,5.19,-0.2,-3.8536,134124.0,68422.288
300087.SZ,20241122,11.0,11.36,10.81,10.84,11.13,-0.29,-2.6056,566258.34,628517.934
300088.SZ,20241122,7.29,7.45,6.92,6.94,7.29,-0.35,-4.8011,1074499.56,774355.928
300091.SZ,20241122,2.88,2.92,2.73,2.74,2.9,-0.16,-5.5172,473133.0,134156.937
300092.SZ,20241122,12.81,13.2,12.09,12.12,12.71,-0.59,-4.642,150484.47,190148.449
300093.SZ,20241122,18.4,18.8,17.63,17.74,19.02,-1.28,-6.7298,190329.88,348541.998
300094.SZ,20241122,4.33,4.37,4.1,4.11,4.36,-0.25,-5.7339,848518.72,361528.197
300095.SZ,20241122,7.21,7.21,6.88,6.88,7.19,-0.31,-4.3115,63331.0,44620.516
300096.SZ,20241122,3.54,3.63,3.43,3.43,3.56,-0.13,-3.6517,139084.0,49219.29
300097.SZ,20241122,7.65,7.97,7.45,7.45,7.7,-0.25,-3.2468,191137.04,148109.246
300098.SZ,20241122,6.45,6.53,6.05,6.06,6.43,-0.37,-5.7543,1293153.52,815196.535
300099.SZ,20241122,6.45,6.59,6.19,6.21,6.5,-0.29,-4.4615,162039.19,103917.868
300100.SZ,20241122,21.43,21.58,19.78,19.81,21.49,-1.68,-7.8176,175786.0,361696.69
300101.SZ,20241122,25.18,25.52,23.5,23.65,25.34,-1.69,-6.6693,286006.6,701909.304
300102.SZ,20241122,11.62,11.82,11.11,11.15,11.85,-0.7,-5.9072,386622.05,444539.41
300103.SZ,20241122,7.28,7.53,7.14,7.23,7.25,-0.02,-0.2759,135485.0,99543.639
300105.SZ,20241122,7.32,7.37,7.0,7.01,7.31,-0.3,-4.104,103921.0,74668.033
300106.SZ,20241122,9.75,9.84,9.15,9.22,9.79,-0.57,-5.8223,103450.0,98584.322
300107.SZ,20241122,11.5,11.83,10.91,11.18,11.37,-0.19,-1.6711,356834.94,408835.504
300108.SZ,20241122,2.78,2.8,2.51,2.56,2.82,-0.26,-9.2199,393039.5,104113.561
300109.SZ,20241122,15.3,15.48,14.56,14.61,15.53,-0.92,-5.924,346599.18,520568.212
300110.SZ,20241122,3.92,3.92,3.72,3.73,3.93,-0.2,-5.0891,216084.7,82634.682
300111.SZ,20241122,3.15,3.21,3.04,3.05,3.18,-0.13,-4.0881,293622.35,91976.267
300112.SZ,20241122,9.29,9.96,9.14,9.2,9.31,-0.11,-1.1815,242710.8,229813.674
300113.SZ,20241122,14.74,15.52,14.56,14.66,14.89,-0.23,-1.5447,395317.49,597692.469
300115.SZ,20241122,17.18,17.38,16.31,16.37,17.15,-0.78,-4.5481,485856.15,822385.827
300117.SZ,20241122,1.29,1.31,1.22,1.22,1.31,-0.09,-6.8702,881057.84,110910.541
300118.SZ,20241122,14.58,14.82,13.47,13.47,14.82,-1.35,-9.1093,816012.25,1152828.612
300119.SZ,20241122,19.2,19.48,18.4,18.4,19.3,-0.9,-4.6632,55434.3,104379.097
300120.SZ,20241122,11.66,11.66,10.98,10.99,11.74,-0.75,-6.3884,414762.22,470153.176
300121.SZ,20241122,14.81,15.2,14.12,14.18,14.93,-0.75,-5.0234,302838.95,445333.594
300122.SZ,20241122,29.69,29.7,28.19,28.22,29.77,-1.55,-5.2066,290051.01,840774.241
300123.SZ,20241122,7.0,7.06,6.67,6.69,7.07,-0.38,-5.3748,376892.48,259798.661
300124.SZ,20241122,60.88,61.05,58.12,58.24,60.88,-2.64,-4.3364,237665.9,1415559.911
300125.SZ,20241122,6.02,6.08,5.65,5.72,6.07,-0.35,-5.7661,189025.91,110899.683
300126.SZ,20241122,6.09,6.12,5.83,5.86,6.09,-0.23,-3.7767,96217.81,57249.311
300127.SZ,20241122,28.15,33.87,27.36,32.34,28.33,4.01,14.1546,468533.39,1421923.374
300128.SZ,20241122,5.62,5.8,5.4,5.41,5.67,-0.26,-4.5855,558325.02,312809.652
300129.SZ,20241122,7.82,7.86,7.52,7.55,7.86,-0.31,-3.944,188285.05,144337.421
300130.SZ,20241122,24.6,25.2,23.6,23.63,24.77,-1.14,-4.6023,234989.37,576381.713
300132.SZ,20241122,5.02,5.07,4.85,4.85,5.05,-0.2,-3.9604,96139.0,47760.273
300133.SZ,20241122,7.68,8.06,7.39,7.47,7.73,-0.26,-3.3635,1420749.72,1106681.422
300134.SZ,20241122,13.8,14.1,13.21,13.26,13.98,-0.72,-5.1502,187817.28,257338.954
300135.SZ,20241122,5.22,5.41,4.79,4.85,5.33,-0.48,-9.0056,1462300.41,739789.933
300136.SZ,20241122,27.25,27.42,25.55,25.62,27.26,-1.64,-6.0161,414021.0,1096233.105
300137.SZ,20241122,5.69,5.92,5.64,5.69,5.69,0.0,0.0,188212.56,109151.903
300138.SZ,20241122,8.88,8.96,8.5,8.51,8.96,-0.45,-5.0223,90675.84,79080.124
300139.SZ,20241122,18.55,19.3,17.65,18.38,18.22,0.16,0.8782,561478.72,1032022.106
300140.SZ,20241122,6.59,6.62,6.28,6.29,6.59,-0.3,-4.5524,170993.68,110401.542
300141.SZ,20241122,10.02,10.26,9.7,9.74,10.12,-0.38,-3.7549,122718.0,122662.785
300142.SZ,20241122,15.33,15.33,14.41,14.46,15.32,-0.86,-5.6136,268448.04,398799.997
300143.SZ,20241122,10.11,10.11,9.53,9.53,10.1,-0.57,-5.6436,77937.02,76625.023
300144.SZ,20241122,9.41,9.47,9.06,9.06,9.42,-0.36,-3.8217,386171.37,358650.251
300145.SZ,20241122,3.4,3.46,3.28,3.29,3.43,-0.14,-4.0816,504470.39,170781.501
300146.SZ,20241122,12.92,12.95,12.39,12.4,12.93,-0.53,-4.099,199164.22,252230.324
300147.SZ,20241122,12.89,13.13,11.95,12.07,12.71,-0.64,-5.0354,488475.01,610341.504
300148.SZ,20241122,4.18,4.62,4.11,4.36,4.27,0.09,2.1077,1533558.32,674469.738
300149.SZ,20241122,6.8,6.92,6.51,6.62,6.83,-0.21,-3.0747,142672.0,96252.494
300150.SZ,20241122,4.65,4.9,4.54,4.55,4.69,-0.14,-2.9851,256088.0,121167.619
300151.SZ,20241122,22.72,22.84,21.25,21.3,22.71,-1.41,-6.2087,147134.0,325168.819
300152.SZ,20241122,7.38,7.56,6.8,6.86,7.64,-0.78,-10.2094,1248764.8,900331.399
300153.SZ,20241122,8.3,8.38,7.9,7.92,8.38,-0.46,-5.4893,122934.63,100509.045
300154.SZ,20241122,7.16,7.19,6.82,6.85,7.16,-0.31,-4.3296,66390.0,46743.132
300155.SZ,20241122,5.12,5.29,4.97,4.97,5.13,-0.16,-3.1189,198335.0,102392.927
300157.SZ,20241122,3.29,3.43,3.19,3.21,3.29,-0.08,-2.4316,354123.5,118004.162
300158.SZ,20241122,5.0,5.01,4.77,4.79,5.0,-0.21,-4.2,260968.45,127878.005
300159.SZ,20241122,3.84,3.93,3.58,3.59,3.83,-0.24,-6.2663,1276493.94,478289.089
300160.SZ,20241122,5.92,5.97,5.63,5.64,5.92,-0.28,-4.7297,144091.9,83814.129
300161.SZ,20241122,28.82,28.87,27.2,27.2,28.88,-1.68,-5.8172,63771.67,179132.643
300162.SZ,20241122,7.99,8.16,7.65,7.65,8.09,-0.44,-5.4388,244606.87,194069.74
300163.SZ,20241122,2.23,2.33,2.17,2.19,2.22,-0.03,-1.3514,175790.0,39557.261
300164.SZ,20241122,4.73,4.9,4.55,4.57,4.72,-0.15,-3.178,580763.45,276888.242
300165.SZ,20241122,3.93,4.01,3.75,3.79,3.93,-0.14,-3.5623,214618.0,83990.111
300166.SZ,20241122,10.59,11.28,10.2,10.24,10.88,-0.64,-5.8824,1363865.51,1459815.163
300167.SZ,20241122,2.1,2.17,2.08,2.09,2.12,-0.03,-1.4151,209853.0,44526.068
300168.SZ,20241122,9.36,9.46,8.57,8.63,9.5,-0.87,-9.1579,1172838.93,1057245.168
300169.SZ,20241122,9.28,9.38,8.66,8.68,9.43,-0.75,-7.9533,333675.9,301351.15
300170.SZ,20241122,9.61,10.0,9.23,9.26,9.67,-0.41,-4.2399,609836.0,590304.9
300171.SZ,20241122,13.24,13.24,12.54,12.55,13.27,-0.72,-5.4258,110729.5,142742.057
300172.SZ,20241122,5.61,5.77,5.52,5.55,5.65,-0.1,-1.7699,436417.5,247724.385
300173.SZ,20241122,7.9,8.49,7.66,7.7,8.17,-0.47,-5.7528,1694687.65,1365367.097
300174.SZ,20241122,19.05,19.27,18.06,18.27,19.44,-1.17,-6.0185,196632.0,365980.468
300175.SZ,20241122,6.99,7.29,6.89,6.94,6.98,-0.04,-0.5731,330844.0,235175.408
300176.SZ,20241122,8.77,8.89,8.11,8.22,8.96,-0.74,-8.2589,590288.97,503957.384
300177.SZ,20241122,12.92,13.33,12.76,12.76,13.04,-0.28,-2.1472,892462.67,1162101.69
300179.SZ,20241122,8.48,8.55,7.97,7.99,8.57,-0.58,-6.7678,112666.0,92833.614
300180.SZ,20241122,7.85,7.99,7.5,7.5,7.92,-0.42,-5.303,947832.21,736377.016
300181.SZ,20241122,17.36,17.55,16.56,16.59,17.42,-0.83,-4.7646,169107.89,288033.341
300182.SZ,20241122,6.16,6.57,6.06,6.1,6.25,-0.15,-2.4,3231996.94,2051543.346
300183.SZ,20241122,17.12,17.35,16.2,16.31,17.15,-0.84,-4.898,105145.23,176737.417
300184.SZ,20241122,11.15,11.33,10.55,10.58,11.25,-0.67,-5.9556,939109.26,1030000.785
300185.SZ,20241122,2.84,2.87,2.73,2.74,2.86,-0.12,-4.1958,910743.57,255806.345
300187.SZ,20241122,5.71,5.82,5.48,5.5,5.8,-0.3,-5.1724,256160.44,144985.473
300188.SZ,20241122,15.81,16.44,15.12,15.21,15.89,-0.68,-4.2794,279552.63,443106.863
300189.SZ,20241122,3.56,3.75,3.53,3.58,3.63,-0.05,-1.3774,1111524.78,404934.562
300190.SZ,20241122,4.02,4.08,3.87,3.88,4.05,-0.17,-4.1975,160213.6,63870.114
300191.SZ,20241122,14.55,15.02,13.91,13.92,14.45,-0.53,-3.6678,65711.0,95077.602
300192.SZ,20241122,14.52,14.75,13.62,13.66,14.45,-0.79,-5.4671,198867.39,282828.622
300193.SZ,20241122,9.49,9.6,9.12,9.16,9.52,-0.36,-3.7815,150152.4,141480.907
300194.SZ,20241122,5.01,5.09,4.78,4.78,5.01,-0.23,-4.5908,348480.0,172172.968
300195.SZ,20241122,6.57,6.6,6.13,6.16,6.73,-0.57,-8.4695,574304.2,366402.583
300196.SZ,20241122,11.5,11.6,11.13,11.15,11.49,-0.34,-2.9591,42347.0,48358.092
300197.SZ,20241122,2.42,2.48,2.32,2.33,2.43,-0.1,-4.1152,955360.42,231138.042
300198.SZ,20241122,2.4,2.53,2.36,2.37,2.56,-0.19,-7.4219,779306.87,189679.128
300199.SZ,20241122,12.56,12.61,11.69,11.72,12.58,-0.86,-6.8362,423107.51,511405.105
300200.SZ,20241122,9.25,9.31,8.77,8.78,9.25,-0.47,-5.0811,90964.11,82407.802
300201.SZ,20241122,5.82,5.85,5.48,5.5,5.89,-0.39,-6.6214,681676.24,385703.392
300203.SZ,20241122,17.48,17.68,16.75,16.77,17.53,-0.76,-4.3354,85814.34,147553.835
300204.SZ,20241122,8.02,8.09,7.65,7.68,8.08,-0.4,-4.9505,83120.61,65518.312
300205.SZ,20241122,5.52,5.84,5.48,5.51,5.49,0.02,0.3643,113826.05,64166.968
300206.SZ,20241122,11.49,12.5,11.4,11.65,11.75,-0.1,-0.8511,376759.07,444406.286
300207.SZ,20241122,23.75,24.15,22.71,22.76,23.77,-1.01,-4.2491,446465.73,1048484.92
300208.SZ,20241122,2.75,2.8,2.62,2.62,2.73,-0.11,-4.0293,132628.12,36168.281
300209.SZ,20241122,6.15,6.43,5.96,6.09,5.84,0.25,4.2808,177724.0,109830.077
300210.SZ,20241122,12.22,12.43,11.65,11.73,12.31,-0.58,-4.7116,187083.6,225564.286
300211.SZ,20241122,7.42,7.58,7.07,7.1,7.44,-0.34,-4.5699,90989.0,66823.982
300212.SZ,20241122,27.28,28.5,26.23,26.28,27.44,-1.16,-4.2274,315451.01,869025.71
300213.SZ,20241122,8.23,8.46,7.91,7.92,8.32,-0.4,-4.8077,267321.01,219806.597
300214.SZ,20241122,6.39,6.56,6.04,6.05,6.43,-0.38,-5.9098,287206.47,179784.728
300215.SZ,20241122,6.51,6.65,6.23,6.25,6.53,-0.28,-4.2879,270981.0,175007.047
300217.SZ,20241122,5.68,5.78,5.3,5.33,5.72,-0.39,-6.8182,1174795.02,651091.609
300218.SZ,20241122,15.97,16.05,15.32,15.32,15.85,-0.53,-3.3438,37607.0,59095.501
300219.SZ,20241122,7.63,8.04,7.47,7.49,7.69,-0.2,-2.6008,344211.0,268398.717
300220.SZ,20241122,12.5,14.92,12.5,14.92,12.43,2.49,20.0322,180958.85,259265.943
300221.SZ,20241122,6.42,6.51,6.1,6.13,6.46,-0.33,-5.1084,300810.18,190633.598
300222.SZ,20241122,13.58,14.6,12.65,13.96,13.62,0.34,2.4963,2445483.66,3328899.049
300223.SZ,20241122,72.0,73.02,68.0,68.1,72.07,-3.97,-5.5085,161663.69,1139061.899
300224.SZ,20241122,12.89,14.28,12.6,13.52,12.97,0.55,4.2406,825695.9,1106932.487
300225.SZ,20241122,7.24,7.38,6.93,6.96,7.29,-0.33,-4.5267,95219.01,68493.584
300226.SZ,20241122,25.86,26.6,24.53,24.62,25.84,-1.22,-4.7214,205495.64,528687.916
300227.SZ,20241122,9.5,9.72,9.02,9.05,9.48,-0.43,-4.5359,269063.19,253460.576
300228.SZ,20241122,7.59,7.64,7.18,7.19,7.62,-0.43,-5.643,343452.0,255327.181
300229.SZ,20241122,17.44,21.12,17.31,21.12,17.6,3.52,20.0,2066000.71,4266927.744
300230.SZ,20241122,4.92,5.05,4.75,4.77,4.97,-0.2,-4.0241,322964.37,158224.34
300231.SZ,20241122,13.6,14.68,13.01,13.2,13.82,-0.62,-4.4863,959829.87,1331113.06
300232.SZ,20241122,6.92,7.07,6.66,6.69,6.92,-0.23,-3.3237,260405.61,179902.574
300233.SZ,20241122,13.58,13.65,12.91,12.94,13.62,-0.68,-4.9927,80123.43,106432.749
300234.SZ,20241122,5.3,5.35,5.08,5.09,5.32,-0.23,-4.3233,110876.43,57786.44
300235.SZ,20241122,11.14,11.77,10.8,10.85,11.15,-0.3,-2.6906,163440.24,184887.71
300236.SZ,20241122,39.8,40.8,37.8,37.85,39.66,-1.81,-4.5638,80537.91,318097.247
300237.SZ,20241122,2.49,2.51,2.35,2.35,2.5,-0.15,-6.0,658707.8,160164.521
300238.SZ,20241122,13.46,13.61,12.7,12.7,13.57,-0.87,-6.4112,87915.0,115296.397
300239.SZ,20241122,5.57,5.63,5.36,5.37,5.55,-0.18,-3.2432,123829.0,68319.878
300240.SZ,20241122,7.54,7.68,7.09,7.13,7.35,-0.22,-2.9932,448098.75,333382.049
300241.SZ,20241122,5.67,5.85,5.46,5.46,5.7,-0.24,-4.2105,295637.0,168040.322
300242.SZ,20241122,4.57,4.86,4.48,4.53,4.65,-0.12,-2.5806,717183.04,337743.428
300243.SZ,20241122,12.18,13.17,12.18,12.58,12.19,0.39,3.1993,313038.1,397428.011
300244.SZ,20241122,13.19,13.3,12.38,12.39,13.25,-0.86,-6.4906,168249.27,215150.423
300245.SZ,20241122,13.15,13.33,12.18,12.21,13.56,-1.35,-9.9558,589464.25,755467.212
300246.SZ,20241122,7.44,7.49,7.13,7.17,7.46,-0.29,-3.8874,71040.0,52305.864
300247.SZ,20241122,4.0,4.03,3.81,3.82,4.0,-0.18,-4.5,214847.0,84633.466
300248.SZ,20241122,11.63,12.19,11.19,11.23,11.64,-0.41,-3.5223,460256.9,540836.65
300249.SZ,20241122,11.6,12.33,11.07,11.39,11.16,0.23,2.0609,1557890.71,1840691.328
300250.SZ,20241122,16.4,17.18,15.76,15.8,16.7,-0.9,-5.3892,211969.19,351065.408
300251.SZ,20241122,8.69,8.91,8.43,8.45,8.74,-0.29,-3.3181,464075.44,403057.731
300252.SZ,20241122,9.51,9.57,8.97,9.02,9.53,-0.51,-5.3515,254734.8,237059.802
300253.SZ,20241122,8.1,8.15,7.61,7.63,8.05,-0.42,-5.2174,521477.66,411702.169
300254.SZ,20241122,9.4,9.4,8.88,8.91,9.42,-0.51,-5.414,112781.36,103037.745
300255.SZ,20241122,20.71,20.95,18.95,18.95,21.1,-2.15,-10.1896,412239.63,818865.886
300256.SZ,20241122,4.8,5.25,4.75,4.83,4.85,-0.02,-0.4124,1760101.44,881979.79
300257.SZ,20241122,9.64,9.68,9.31,9.33,9.68,-0.35,-3.6157,89250.84,84811.515
300258.SZ,20241122,9.37,9.46,8.97,9.02,9.45,-0.43,-4.5503,105809.41,97763.268
300259.SZ,20241122,3.74,3.8,3.62,3.63,3.77,-0.14,-3.7135,186855.6,69487.802
300260.SZ,20241122,26.49,29.0,26.49,26.56,26.78,-0.22,-0.8215,232809.64,645103.298
300261.SZ,20241122,8.18,8.18,7.73,7.74,8.18,-0.44,-5.379,257610.85,205199.398
300263.SZ,20241122,7.6,7.67,7.37,7.43,7.62,-0.19,-2.4934,317736.44,238563.889
300264.SZ,20241122,7.02,7.88,6.85,7.3,7.21,0.09,1.2483,1311968.22,963422.042
300265.SZ,20241122,8.51,8.58,8.13,8.15,8.58,-0.43,-5.0117,149573.0,125222.154
300266.SZ,20241122,3.31,3.33,3.19,3.2,3.33,-0.13,-3.9039,723982.0,235083.646
300267.SZ,20241122,3.14,3.17,2.98,3.0,3.16,-0.16,-5.0633,484622.78,150087.796
300268.SZ,20241122,8.22,8.23,7.79,7.86,8.22,-0.36,-4.3796,17942.0,14378.465
300269.SZ,20241122,4.85,5.02,4.6,4.62,4.92,-0.3,-6.0976,427832.0,206942.395
300270.SZ,20241122,7.65,8.04,7.39,7.41,7.72,-0.31,-4.0155,152002.0,117170.623
300271.SZ,20241122,8.08,8.48,7.83,7.86,8.09,-0.23,-2.843,355854.44,291564.25
300272.SZ,20241122,6.58,6.63,6.31,6.33,6.59,-0.26,-3.9454,143126.47,92889.028
300274.SZ,20241122,82.0,83.59,80.24,80.3,82.21,-1.91,-2.3233,334867.18,2749130.756
300275.SZ,20241122,16.25,16.64,15.38,15.47,16.12,-0.65,-4.0323,184489.72,297655.94
300276.SZ,20241122,5.83,6.13,5.66,5.68,5.95,-0.27,-4.5378,1286753.95,759556.653
300277.SZ,20241122,13.42,14.64,13.42,13.55,13.45,0.1,0.7435,472107.58,659053.828
300278.SZ,20241122,6.35,6.64,6.15,6.18,6.4,-0.22,-3.4375,940039.71,599757.572
300279.SZ,20241122,6.75,6.81,6.39,6.42,6.74,-0.32,-4.7478,183568.0,121655.228
300280.SZ,20241122,18.02,18.88,16.93,17.12,17.99,-0.87,-4.836,274770.0,495283.434
300281.SZ,20241122,6.47,6.69,6.28,6.34,6.51,-0.17,-2.6114,200977.3,130557.679
300283.SZ,20241122,6.53,6.73,6.25,6.29,6.6,-0.31,-4.697,179701.06,116263.197
300284.SZ,20241122,11.86,12.14,11.31,11.36,12.24,-0.88,-7.1895,851792.11,993130.755
300285.SZ,20241122,19.37,19.45,18.43,18.43,19.5,-1.07,-5.4872,150109.35,284017.051
300286.SZ,20241122,19.72,19.72,18.78,18.87,19.72,-0.85,-4.3103,40036.0,77306.183
300287.SZ,20241122,5.09,5.19,4.85,4.86,5.14,-0.28,-5.4475,1230932.32,620707.555
300288.SZ,20241122,15.42,15.98,14.85,14.89,15.5,-0.61,-3.9355,157397.0,243521.362
300289.SZ,20241122,5.44,5.49,5.18,5.19,5.46,-0.27,-4.9451,97199.0,51862.278
300290.SZ,20241122,23.15,27.03,22.83,25.5,23.15,2.35,10.1512,950720.99,2339589.089
300291.SZ,20241122,5.59,5.95,5.5,5.53,5.65,-0.12,-2.1239,607882.69,349483.288
300292.SZ,20241122,5.36,5.48,5.11,5.12,5.3,-0.18,-3.3962,839225.1,447911.445
300293.SZ,20241122,28.29,28.61,26.5,26.51,28.21,-1.7,-6.0262,205684.0,569125.228
300294.SZ,20241122,32.67,32.95,31.33,31.43,32.63,-1.2,-3.6776,86799.53,277681.721
300295.SZ,20241122,18.7,20.61,18.5,18.86,18.84,0.02,0.1062,190892.0,371722.45
300296.SZ,20241122,5.57,5.73,5.35,5.35,5.48,-0.13,-2.3723,1079255.44,602220.735
300298.SZ,20241122,24.68,24.68,23.25,23.29,24.66,-1.37,-5.5556,59647.62,142316.588
300299.SZ,20241122,5.68,6.85,5.52,6.85,5.71,1.14,19.965,1028758.97,678296.319
300300.SZ,20241122,3.01,3.14,2.98,3.01,3.03,-0.02,-0.6601,294706.11,90085.711
300301.SZ,20241122,1.71,1.72,1.65,1.65,1.72,-0.07,-4.0698,175143.08,29574.726
300302.SZ,20241122,16.25,16.41,15.3,15.39,16.29,-0.9,-5.5249,179893.7,285527.353
300303.SZ,20241122,7.1,7.2,6.72,6.75,7.14,-0.39,-5.4622,569943.87,397890.147
300304.SZ,20241122,8.54,8.67,8.15,8.19,8.55,-0.36,-4.2105,375457.91,315954.9
300305.SZ,20241122,6.45,6.55,6.11,6.13,6.46,-0.33,-5.1084,101121.0,64156.429
300306.SZ,20241122,12.17,12.35,11.71,11.73,12.18,-0.45,-3.6946,46423.0,56118.855
300307.SZ,20241122,7.87,8.09,7.61,7.62,7.92,-0.3,-3.7879,315025.78,248466.633
300308.SZ,20241122,133.8,138.98,131.78,132.28,133.8,-1.52,-1.136,301187.68,4081642.111
300310.SZ,20241122,11.46,12.1,10.78,10.9,11.16,-0.26,-2.3297,2483132.95,2851237.692
300311.SZ,20241122,7.25,7.42,6.82,6.86,7.31,-0.45,-6.156,398951.48,284457.376
300313.SZ,20241122,6.53,6.85,6.45,6.51,6.6,-0.09,-1.3636,59687.0,39460.131
300314.SZ,20241122,12.3,12.33,11.75,11.76,12.36,-0.6,-4.8544,37180.0,44789.799
300315.SZ,20241122,5.91,6.48,5.83,5.98,5.97,0.01,0.1675,4148521.66,2559443.203
300316.SZ,20241122,35.5,35.81,34.03,34.1,35.88,-1.78,-4.961,217444.54,757582.316
300317.SZ,20241122,4.38,4.44,4.2,4.21,4.43,-0.22,-4.9661,212738.0,92200.577
300318.SZ,20241122,6.71,6.76,6.2,6.21,6.68,-0.47,-7.0359,216724.56,139421.053
300319.SZ,20241122,12.78,13.05,12.21,12.27,12.92,-0.65,-5.031,321412.56,407361.614
300320.SZ,20241122,11.08,11.09,10.36,10.4,11.1,-0.7,-6.3063,182802.48,195361.97
300321.SZ,20241122,19.36,19.57,18.28,18.4,19.38,-0.98,-5.0568,21126.0,40102.835
300322.SZ,20241122,16.28,16.67,15.0,15.28,16.38,-1.1,-6.7155,394400.04,626084.356
300323.SZ,20241122,6.36,6.45,6.05,6.07,6.4,-0.33,-5.1563,195868.92,122897.318
300324.SZ,20241122,3.91,4.05,3.76,3.78,3.95,-0.17,-4.3038,944243.5,370526.356
300326.SZ,20241122,6.09,6.31,6.03,6.05,6.1,-0.05,-0.8197,244584.0,150888.82
300327.SZ,20241122,25.52,26.04,24.52,24.55,25.72,-1.17,-4.549,122818.04,311199.423
300328.SZ,20241122,8.03,8.22,7.8,7.8,8.05,-0.25,-3.1056,298918.5,240814.643
300329.SZ,20241122,6.32,6.35,5.92,5.95,6.31,-0.36,-5.7052,80395.0,49653.287
300331.SZ,20241122,23.88,24.06,22.55,22.58,24.12,-1.54,-6.3847,111902.69,261121.681
300332.SZ,20241122,6.49,6.89,6.43,6.44,6.52,-0.08,-1.227,324160.59,216000.138
300333.SZ,20241122,11.7,11.84,10.88,10.97,11.8,-0.83,-7.0339,360450.21,409637.342
300334.SZ,20241122,6.99,7.02,6.55,6.58,6.82,-0.24,-3.5191,81522.0,55400.337
300335.SZ,20241122,5.42,5.46,5.17,5.2,5.42,-0.22,-4.059,300157.0,160657.682
300337.SZ,20241122,14.35,14.85,14.0,14.01,14.69,-0.68,-4.629,654646.02,946922.71
300338.SZ,20241122,4.7,5.22,4.66,4.87,4.74,0.13,2.7426,348300.19,172828.423
300339.SZ,20241122,63.8,66.75,61.3,61.37,64.91,-3.54,-5.4537,974768.78,6230442.934
300340.SZ,20241122,12.92,13.81,12.57,12.89,13.39,-0.5,-3.7341,464044.81,605323.119
300341.SZ,20241122,22.22,22.4,20.61,20.61,22.22,-1.61,-7.2457,195765.61,420395.44
300342.SZ,20241122,18.81,19.49,17.96,17.96,19.0,-1.04,-5.4737,343021.29,644124.252
300343.SZ,20241122,7.9,7.98,7.22,7.25,7.98,-0.73,-9.1479,1801443.82,1351220.189
300344.SZ,20241122,5.25,6.41,5.11,6.02,5.34,0.68,12.7341,1723255.1,1075765.893
300345.SZ,20241122,6.68,6.68,6.35,6.36,6.72,-0.36,-5.3571,123928.0,80673.831
300346.SZ,20241122,40.02,40.78,38.12,38.13,40.04,-1.91,-4.7702,289821.8,1144680.028
300347.SZ,20241122,65.18,65.18,61.14,61.33,64.9,-3.57,-5.5008,94317.44,594035.503
300348.SZ,20241122,16.0,16.4,15.28,15.32,16.12,-0.8,-4.9628,448250.17,709228.289
300349.SZ,20241122,13.75,13.9,13.09,13.15,13.85,-0.7,-5.0542,107663.01,145516.428
300350.SZ,20241122,6.17,6.3,5.86,5.89,6.18,-0.29,-4.6926,331964.0,203385.667
300351.SZ,20241122,18.7,19.15,17.92,17.95,18.9,-0.95,-5.0265,258909.68,482475.267
300352.SZ,20241122,6.07,6.32,5.9,5.92,6.15,-0.23,-3.7398,740039.71,454567.313
300353.SZ,20241122,13.28,13.89,12.88,12.93,13.35,-0.42,-3.1461,352333.86,471960.131
300354.SZ,20241122,34.75,35.3,32.8,33.02,35.06,-2.04,-5.8186,38358.84,131362.255
300355.SZ,20241122,6.52,6.69,6.12,6.15,6.62,-0.47,-7.0997,1753802.56,1119353.683
300357.SZ,20241122,23.3,23.42,22.02,22.18,23.3,-1.12,-4.8069,92300.54,209406.791
300358.SZ,20241122,8.02,8.14,7.58,7.61,8.01,-0.4,-4.9938,146295.64,114817.619
300359.SZ,20241122,6.35,6.5,6.05,6.08,6.31,-0.23,-3.645,281422.0,177437.883
300360.SZ,20241122,17.6,17.66,16.86,16.87,17.65,-0.78,-4.4193,120798.83,208525.252
300363.SZ,20241122,18.13,18.26,17.2,17.2,18.16,-0.96,-5.2863,124770.0,220832.031
300364.SZ,20241122,27.69,30.0,27.41,27.83,28.07,-0.24,-0.855,1209749.66,3493424.708
300365.SZ,20241122,6.62,6.96,6.44,6.49,6.68,-0.19,-2.8443,344590.5,231721.789
300366.SZ,20241122,11.55,11.91,10.95,11.05,11.93,-0.88,-7.3764,532279.13,610366.218
300368.SZ,20241122,4.46,4.55,4.21,4.24,4.38,-0.14,-3.1963,174223.0,76973.896
300369.SZ,20241122,8.68,9.0,8.31,8.34,8.67,-0.33,-3.8062,325613.45,283280.188
300370.SZ,20241122,3.01,3.02,2.86,2.87,3.03,-0.16,-5.2805,506287.95,149121.397
300371.SZ,20241122,10.63,10.73,10.13,10.16,10.67,-0.51,-4.7798,36994.16,38748.782
300373.SZ,20241122,46.03,46.88,43.77,43.85,46.37,-2.52,-5.4345,125767.42,568778.426
300374.SZ,20241122,23.01,23.69,21.72,21.99,22.86,-0.87,-3.8058,293291.86,672488.006
300375.SZ,20241122,5.09,5.11,4.82,4.83,5.11,-0.28,-5.4795,249722.04,124620.995
300376.SZ,20241122,3.69,3.73,3.58,3.58,3.7,-0.12,-3.2432,219012.0,79852.366
300377.SZ,20241122,29.87,32.3,29.0,29.75,30.55,-0.8,-2.6187,2029951.72,6238984.495
300378.SZ,20241122,29.54,31.5,28.6,28.68,28.68,0.0,0.0,501047.32,1499509.966
300379.SZ,20241122,18.61,19.93,18.35,18.4,18.9,-0.5,-2.6455,712882.38,1368749.303
300380.SZ,20241122,56.7,57.8,53.85,54.3,58.0,-3.7,-6.3793,187428.57,1048562.151
300381.SZ,20241122,7.61,7.69,7.25,7.27,7.65,-0.38,-4.9673,76788.0,57460.605
300382.SZ,20241122,10.09,10.14,9.52,9.61,10.16,-0.55,-5.4134,142272.82,139583.81
300383.SZ,20241122,11.31,11.79,11.02,11.04,11.46,-0.42,-3.6649,611742.06,700695.647
300384.SZ,20241122,16.55,16.98,15.8,15.83,16.64,-0.81,-4.8678,102988.9,168644.17
300385.SZ,20241122,5.77,5.77,5.3,5.36,5.94,-0.58,-9.7643,377774.94,209249.094
300386.SZ,20241122,17.18,17.42,15.94,15.94,17.72,-1.78,-10.0451,415124.95,700084.186
300387.SZ,20241122,8.5,8.54,8.04,8.07,8.57,-0.5,-5.8343,150207.47,124325.056
300388.SZ,20241122,7.52,7.66,7.31,7.35,7.53,-0.18,-2.3904,117589.09,88270.668
300389.SZ,20241122,11.89,12.2,11.51,11.56,11.94,-0.38,-3.1826,75080.0,89700.962
300390.SZ,20241122,28.28,29.49,27.2,27.31,28.8,-1.49,-5.1736,369936.16,1046589.3
300391.SZ,20241122,7.0,7.0,6.34,6.42,6.98,-0.56,-8.0229,291884.51,195003.0
300393.SZ,20241122,7.41,7.46,7.04,7.04,7.47,-0.43,-5.7564,230545.19,167201.677
300394.SZ,20241122,114.35,116.5,110.03,110.06,114.35,-4.29,-3.7516,154687.93,1751608.223
300395.SZ,20241122,39.81,40.99,38.28,38.37,39.81,-1.44,-3.6172,72089.53,285953.679
300396.SZ,20241122,16.55,16.57,15.58,15.63,16.55,-0.92,-5.5589,80894.04,129762.579
300397.SZ,20241122,12.91,14.34,12.63,13.18,12.96,0.22,1.6975,452008.69,609100.487
300398.SZ,20241122,17.6,18.02,16.65,16.74,17.68,-0.94,-5.3167,297797.93,519464.07
300399.SZ,20241122,21.25,21.72,19.93,20.0,21.46,-1.46,-6.8034,155478.09,323538.34
300400.SZ,20241122,18.08,18.25,17.0,17.1,18.08,-0.98,-5.4204,101486.17,179199.829
300401.SZ,20241122,14.92,15.63,14.8,14.81,14.94,-0.13,-0.8701,328987.34,502488.972
300402.SZ,20241122,16.62,16.99,15.89,15.89,16.62,-0.73,-4.3923,81432.0,133949.647
300403.SZ,20241122,9.4,9.56,9.04,9.05,9.53,-0.48,-5.0367,296255.5,276113.941
300404.SZ,20241122,9.25,9.25,8.66,8.69,9.26,-0.57,-6.1555,111943.0,100067.911
300405.SZ,20241122,5.75,5.87,5.41,5.45,5.93,-0.48,-8.0944,462381.03,261426.966
300406.SZ,20241122,14.81,14.87,14.0,14.0,14.85,-0.85,-5.7239,88079.02,127176.022
300407.SZ,20241122,12.15,12.15,11.36,11.37,12.22,-0.85,-6.9558,139135.94,163014.517
300408.SZ,20241122,36.4,36.89,35.22,35.23,36.46,-1.23,-3.3736,125876.0,455116.004
300409.SZ,20241122,16.8,18.6,16.62,17.04,16.82,0.22,1.308,1290457.42,2261200.141
300410.SZ,20241122,6.74,6.78,6.3,6.35,6.74,-0.39,-5.7864,132681.78,87320.961
300411.SZ,20241122,15.48,15.61,14.83,14.84,15.53,-0.69,-4.443,230048.0,349720.899
300412.SZ,20241122,4.5,4.54,4.28,4.3,4.5,-0.2,-4.4444,154682.0,68700.519
300413.SZ,20241122,28.17,29.05,27.48,27.49,28.3,-0.81,-2.8622,187297.96,531152.739
300414.SZ,20241122,8.72,8.85,8.36,8.38,8.74,-0.36,-4.119,81935.83,70940.325
300415.SZ,20241122,22.73,22.75,21.37,21.39,22.75,-1.36,-5.978,103799.65,228056.478
300416.SZ,20241122,13.3,13.46,12.79,12.8,13.49,-0.69,-5.1149,192110.62,253112.467
300417.SZ,20241122,12.33,12.33,11.66,11.74,12.3,-0.56,-4.5528,42299.1,50950.985
300418.SZ,20241122,43.12,46.19,42.61,42.76,43.87,-1.11,-2.5302,1049028.19,4682988.191
300419.SZ,20241122,5.41,5.52,5.25,5.25,5.43,-0.18,-3.3149,184655.0,99608.862
300420.SZ,20241122,3.25,3.45,3.19,3.2,3.26,-0.06,-1.8405,574319.9,189643.147
300421.SZ,20241122,11.72,12.07,11.46,11.47,11.62,-0.15,-1.2909,377257.35,445588.405
300422.SZ,20241122,5.16,5.24,4.93,4.98,5.2,-0.22,-4.2308,101593.53,51996.398
300423.SZ,20241122,8.61,8.63,7.7,7.76,8.6,-0.84,-9.7674,296451.7,240626.633
300424.SZ,20241122,18.17,18.31,17.39,17.43,18.29,-0.86,-4.702,138645.71,248220.08
300425.SZ,20241122,5.63,5.7,5.42,5.43,5.65,-0.22,-3.8938,169791.02,94739.827
300426.SZ,20241122,10.56,11.08,10.01,10.15,10.67,-0.52,-4.8735,246977.31,262776.758
300427.SZ,20241122,7.18,7.34,6.96,6.99,7.23,-0.24,-3.3195,266196.48,191847.207
300428.SZ,20241122,18.58,18.71,17.8,17.8,18.75,-0.95,-5.0667,77279.31,141256.739
300429.SZ,20241122,14.75,14.95,13.87,13.92,14.88,-0.96,-6.4516,316592.21,456523.325
300430.SZ,20241122,15.52,15.63,14.48,14.51,15.67,-1.16,-7.4027,198375.1,298903.968
300432.SZ,20241122,15.48,15.53,14.71,14.71,15.3,-0.59,-3.8562,390842.05,590280.098
300433.SZ,20241122,21.08,21.2,20.13,20.16,21.08,-0.92,-4.3643,364358.54,752706.103
300434.SZ,20241122,9.34,9.36,8.78,8.79,9.32,-0.53,-5.6867,91266.8,82652.509
300435.SZ,20241122,13.43,14.0,13.06,13.1,13.57,-0.47,-3.4635,203608.93,277060.093
300436.SZ,20241122,28.33,28.44,26.66,26.73,28.53,-1.8,-6.3091,61755.0,168672.827
300437.SZ,20241122,12.65,13.07,11.55,11.65,12.81,-1.16,-9.0554,337220.06,411881.914
300438.SZ,20241122,35.02,35.55,33.09,33.22,35.42,-2.2,-6.2112,249942.0,860138.321
300439.SZ,20241122,11.42,11.47,10.8,10.81,11.42,-0.61,-5.3415,76114.0,84601.724
300440.SZ,20241122,7.45,7.55,7.05,7.1,7.45,-0.35,-4.698,158175.0,116443.402
300441.SZ,20241122,8.58,8.66,8.26,8.28,8.67,-0.39,-4.4983,123972.0,105138.32
300442.SZ,20241122,32.42,34.06,31.92,31.97,32.57,-0.6,-1.8422,251653.72,835855.59
300443.SZ,20241122,23.74,23.82,22.44,22.46,23.84,-1.38,-5.7886,56526.0,130674.254
300444.SZ,20241122,7.63,7.67,7.21,7.23,7.68,-0.45,-5.8594,369266.58,275402.647
300445.SZ,20241122,16.9,16.93,16.01,16.05,16.9,-0.85,-5.0296,36583.0,60270.121
300446.SZ,20241122,18.02,18.07,16.96,16.99,17.98,-0.99,-5.5061,177875.56,311231.51
300447.SZ,20241122,14.39,14.49,13.63,13.68,14.38,-0.7,-4.8679,53133.3,74866.136
300448.SZ,20241122,6.49,6.73,6.21,6.25,6.59,-0.34,-5.1593,315595.03,204121.457
300449.SZ,20241122,7.4,7.46,7.06,7.08,7.4,-0.32,-4.3243,79842.34,58160.032
300450.SZ,20241122,25.65,26.64,24.42,24.44,25.96,-1.52,-5.8552,1051044.79,2692965.366
300451.SZ,20241122,5.28,5.38,5.01,5.02,5.3,-0.28,-5.283,636342.39,331463.073
300452.SZ,20241122,12.85,12.85,12.3,12.31,12.83,-0.52,-4.053,47593.4,59714.403
300453.SZ,20241122,8.37,8.46,7.98,7.98,8.42,-0.44,-5.2257,62146.67,50726.664
300454.SZ,20241122,65.8,67.18,63.04,63.1,65.77,-2.67,-4.0596,54421.2,354008.841
300455.SZ,20241122,14.39,14.45,13.53,13.57,14.35,-0.78,-5.4355,148900.6,208407.933
300456.SZ,20241122,19.9,20.1,18.69,18.7,19.98,-1.28,-6.4064,267710.81,519700.095
300457.SZ,20241122,23.6,23.85,22.11,22.2,23.72,-1.52,-6.4081,244522.47,560689.863
300458.SZ,20241122,35.81,36.3,34.04,34.06,35.96,-1.9,-5.2836,244268.64,859171.654
300459.SZ,20241122,6.16,7.05,6.11,6.22,6.51,-0.29,-4.4547,10074973.2,6589081.581
300460.SZ,20241122,15.0,15.27,13.99,14.0,15.06,-1.06,-7.0385,180489.8,262693.536
300461.SZ,20241122,21.77,21.98,20.61,20.61,21.77,-1.16,-5.3284,39784.0,84463.439
300462.SZ,20241122,11.49,11.7,10.79,10.82,11.54,-0.72,-6.2392,207053.71,235040.958
300463.SZ,20241122,14.56,14.59,13.84,13.84,14.56,-0.72,-4.9451,78028.71,110754.074
300464.SZ,20241122,5.69,6.15,5.5,5.58,5.8,-0.22,-3.7931,522718.79,308510.082
300465.SZ,20241122,15.15,15.62,14.46,14.48,15.22,-0.74,-4.862,418416.99,632566.262
300466.SZ,20241122,8.92,9.0,8.35,8.38,8.86,-0.48,-5.4176,222455.6,193507.051
300467.SZ,20241122,17.66,18.3,17.15,17.25,17.77,-0.52,-2.9263,132311.95,236454.314
300468.SZ,20241122,20.45,21.08,19.18,19.27,20.44,-1.17,-5.7241,452091.78,912991.072
300469.SZ,20241122,30.97,31.8,28.88,28.97,30.64,-1.67,-5.4504,326081.17,987084.379
300470.SZ,20241122,36.43,36.77,34.6,34.65,36.46,-1.81,-4.9643,27758.47,98500.709
300471.SZ,20241122,10.86,11.17,10.38,10.42,11.04,-0.62,-5.6159,134541.0,145647.222
300472.SZ,20241122,8.16,8.17,7.5,7.51,8.16,-0.65,-7.9657,118669.86,93009.187
300473.SZ,20241122,25.88,27.0,24.99,25.3,25.89,-0.59,-2.2789,261267.25,678665.983
300474.SZ,20241122,88.18,89.8,84.07,84.07,89.22,-5.15,-5.7722,151201.31,1315720.649
300475.SZ,20241122,30.63,30.68,28.5,28.51,30.65,-2.14,-6.9821,173461.41,514053.892
300476.SZ,20241122,40.76,41.24,38.92,38.98,40.58,-1.6,-3.9428,243045.27,972578.415
300477.SZ,20241122,3.48,3.63,3.38,3.4,3.53,-0.13,-3.6827,504857.29,177176.859
300478.SZ,20241122,10.97,11.15,10.63,10.75,10.97,-0.22,-2.0055,41195.0,45086.535
300479.SZ,20241122,19.7,20.22,18.78,18.87,19.8,-0.93,-4.697,95149.9,186629.097
300480.SZ,20241122,15.17,15.49,14.47,14.48,15.17,-0.69,-4.5485,76690.1,114971.737
300481.SZ,20241122,16.77,17.07,16.03,16.09,16.68,-0.59,-3.5372,116461.0,194354.904
300482.SZ,20241122,25.89,25.9,24.27,24.29,25.9,-1.61,-6.2162,102465.6,255594.102
300483.SZ,20241122,11.24,12.15,11.01,11.04,11.06,-0.02,-0.1808,249842.63,288299.552
300484.SZ,20241122,26.35,27.28,25.23,25.25,27.16,-1.91,-7.0324,395889.18,1036127.83
300485.SZ,20241122,8.0,8.05,7.61,7.62,8.0,-0.38,-4.75,52046.0,40825.806
300486.SZ,20241122,7.43,8.48,7.31,7.66,7.31,0.35,4.788,894762.12,702528.172
300487.SZ,20241122,53.23,53.78,51.59,51.59,53.62,-2.03,-3.7859,60260.75,317904.166
300488.SZ,20241122,24.48,24.65,24.01,24.12,24.53,-0.41,-1.6714,20523.65,49797.916
300489.SZ,20241122,71.41,74.38,68.68,68.68,72.43,-3.75,-5.1774,97532.88,692661.577
300490.SZ,20241122,9.76,10.0,9.33,9.35,9.92,-0.57,-5.746,232153.81,224607.403
300491.SZ,20241122,17.1,17.36,16.29,16.45,17.45,-1.0,-5.7307,118495.6,200568.064
300492.SZ,20241122,74.74,74.74,70.82,70.93,74.58,-3.65,-4.8941,7208.0,52326.945
300493.SZ,20241122,15.13,15.19,14.23,14.24,15.27,-1.03,-6.7453,474610.8,700975.71
300494.SZ,20241122,12.98,14.2,12.75,13.23,13.1,0.13,0.9924,978911.1,1340286.933
300496.SZ,20241122,56.65,57.95,54.55,54.58,57.13,-2.55,-4.4635,161793.02,912390.866
300497.SZ,20241122,11.5,12.29,11.41,11.79,11.56,0.23,1.9896,168459.03,200740.301
300498.SZ,20241122,18.02,18.05,17.25,17.26,18.0,-0.74,-4.1111,569415.36,1000012.56
300499.SZ,20241122,17.33,19.28,17.33,18.12,17.7,0.42,2.3729,575918.06,1076606.974
300500.SZ,20241122,12.5,12.82,12.02,12.06,12.55,-0.49,-3.9044,56414.2,70725.305
300501.SZ,20241122,15.18,15.66,14.49,14.51,15.11,-0.6,-3.9709,63598.99,95926.01
300502.SZ,20241122,122.79,125.5,118.0,118.0,123.65,-5.65,-4.5693,293215.33,3550327.835
300503.SZ,20241122,18.6,18.89,17.75,17.76,18.89,-1.13,-5.982,228239.06,419315.496
300504.SZ,20241122,16.97,17.57,16.3,16.34,17.08,-0.74,-4.3326,94527.54,160657.759
300505.SZ,20241122,17.75,18.06,16.87,16.88,18.09,-1.21,-6.6888,444590.52,768240.0
300506.SZ,20241122,4.17,4.27,3.88,3.89,4.16,-0.27,-6.4904,146713.4,60477.956
300507.SZ,20241122,7.0,7.06,6.69,6.72,7.12,-0.4,-5.618,324571.92,224461.701
300508.SZ,20241122,29.11,29.9,27.5,27.96,29.27,-1.31,-4.4756,28233.2,81779.631
300509.SZ,20241122,6.78,6.82,6.42,6.45,6.8,-0.35,-5.1471,74350.68,49337.879
300510.SZ,20241122,4.95,5.03,4.75,4.76,4.98,-0.22,-4.4177,359990.49,177104.904
300511.SZ,20241122,4.0,4.03,3.81,3.83,4.01,-0.18,-4.4888,176711.0,69392.242
300512.SZ,20241122,7.57,7.64,7.2,7.24,7.59,-0.35,-4.6113,52481.16,39086.125
300513.SZ,20241122,9.78,10.12,9.45,9.49,9.8,-0.31,-3.1633,111055.71,109689.097
300514.SZ,20241122,15.0,15.04,14.26,14.29,15.07,-0.78,-5.1758,55974.0,82367.144
300515.SZ,20241122,12.26,12.4,11.68,11.71,12.27,-0.56,-4.564,33459.0,40528.803
300516.SZ,20241122,36.39,37.96,35.58,35.86,36.39,-0.53,-1.4564,40573.5,149834.233
300517.SZ,20241122,9.59,9.68,9.13,9.16,9.59,-0.43,-4.4838,50061.2,47374.345
300518.SZ,20241122,13.36,13.95,12.99,13.04,13.44,-0.4,-2.9762,80086.5,108736.893
300519.SZ,20241122,14.79,14.79,13.9,13.9,14.75,-0.85,-5.7627,30000.0,42910.526
300520.SZ,20241122,23.87,25.83,23.87,24.12,24.03,0.09,0.3745,475782.68,1191477.269
300521.SZ,20241122,18.8,19.07,18.26,18.4,19.32,-0.92,-4.7619,92520.07,172489.948
300522.SZ,20241122,12.14,12.27,11.6,11.62,12.2,-0.58,-4.7541,70410.92,84288.492
300523.SZ,20241122,24.78,25.35,23.82,23.87,24.5,-0.63,-2.5714,41264.92,101541.851
300525.SZ,20241122,17.7,18.24,17.22,17.22,17.7,-0.48,-2.7119,144434.59,256481.36
300527.SZ,20241122,9.07,9.59,8.87,8.96,9.1,-0.14,-1.5385,434404.24,401082.793
300528.SZ,20241122,9.48,9.79,9.06,9.13,9.54,-0.41,-4.2977,131663.78,124405.498
300529.SZ,20241122,31.21,31.26,29.85,29.87,31.3,-1.43,-4.5687,75946.27,231202.539
300530.SZ,20241122,21.66,21.67,20.36,20.41,21.66,-1.25,-5.771,54593.51,114827.215
300531.SZ,20241122,15.9,16.4,15.29,15.32,16.9,-1.58,-9.3491,275986.8,438414.287
300532.SZ,20241122,12.45,12.57,11.86,11.9,12.45,-0.55,-4.4177,291631.38,357486.617
300533.SZ,20241122,21.69,23.38,21.1,21.96,21.81,0.15,0.6878,183146.99,412034.212
300534.SZ,20241122,9.5,9.55,9.06,9.06,9.56,-0.5,-5.2301,112037.0,104497.551
300535.SZ,20241122,15.29,15.31,14.44,14.45,15.25,-0.8,-5.2459,23457.35,34918.384
300536.SZ,20241122,7.22,7.69,7.21,7.25,7.23,0.02,0.2766,131474.6,97328.57
300537.SZ,20241122,22.53,23.3,21.08,21.15,23.03,-1.88,-8.1633,378374.62,837595.205
300538.SZ,20241122,17.23,17.39,16.32,16.32,17.33,-1.01,-5.828,58285.0,98341.303
300539.SZ,20241122,12.62,12.73,11.78,11.82,12.8,-0.98,-7.6563,114200.19,140278.474
300540.SZ,20241122,25.68,25.97,24.48,24.5,25.66,-1.16,-4.5207,42088.21,106011.698
300541.SZ,20241122,12.77,13.22,12.27,12.28,12.95,-0.67,-5.1737,267711.29,342095.731
300542.SZ,20241122,25.16,25.76,24.18,24.29,25.49,-1.2,-4.7077,137510.9,344304.988
300543.SZ,20241122,10.37,10.56,9.99,10.02,10.37,-0.35,-3.3751,125116.47,128946.619
300545.SZ,20241122,36.2,37.68,35.02,36.55,36.2,0.35,0.9669,117478.06,428262.275
300546.SZ,20241122,18.8,19.59,17.87,17.95,19.13,-1.18,-6.1683,189139.75,355504.244
300547.SZ,20241122,20.55,20.97,19.57,19.68,20.92,-1.24,-5.9273,117407.13,238729.394
300548.SZ,20241122,23.49,23.76,22.3,22.33,23.59,-1.26,-5.3412,81962.0,188851.808
300549.SZ,20241122,18.59,18.7,17.89,17.93,18.48,-0.55,-2.9762,76473.0,140021.802
300550.SZ,20241122,14.78,14.91,14.0,14.13,14.79,-0.66,-4.4625,48135.03,69446.273
300551.SZ,20241122,13.13,13.3,12.53,12.54,13.26,-0.72,-5.4299,269216.5,346359.607
300552.SZ,20241122,36.8,37.0,34.3,34.3,36.97,-2.67,-7.2221,89999.98,321763.335
300553.SZ,20241122,28.78,28.98,27.05,27.09,28.69,-1.6,-5.5769,19487.7,54545.474
300554.SZ,20241122,24.7,24.97,23.2,23.25,24.83,-1.58,-6.3633,60468.0,145767.832
300555.SZ,20241122,7.27,7.37,7.18,7.31,7.27,0.04,0.5502,42114.0,30685.241
300556.SZ,20241122,20.29,21.11,19.68,19.69,20.4,-0.71,-3.4804,109708.0,225454.119
300557.SZ,20241122,29.79,30.06,28.13,28.2,29.95,-1.75,-5.8431,21515.5,62801.234
300558.SZ,20241122,52.81,53.12,49.3,49.36,53.1,-3.74,-7.0433,107400.07,548322.661
300559.SZ,20241122,12.0,12.59,11.51,11.62,12.0,-0.38,-3.1667,106910.5,128632.73
300560.SZ,20241122,15.67,16.03,14.85,14.86,15.76,-0.9,-5.7107,86407.6,133778.258
300561.SZ,20241122,30.42,31.6,29.0,29.28,31.85,-2.57,-8.0691,596350.55,1806452.64
300562.SZ,20241122,15.0,15.25,14.23,14.27,15.04,-0.77,-5.1197,226181.0,333831.171
300563.SZ,20241122,51.6,51.62,47.8,48.22,50.65,-2.43,-4.7976,122419.86,608029.079
300564.SZ,20241122,17.41,18.17,16.59,16.89,17.4,-0.51,-2.931,65878.0,115765.159
300565.SZ,20241122,14.26,14.64,13.5,13.66,14.25,-0.59,-4.1404,139988.71,198170.051
300566.SZ,20241122,18.06,18.5,17.53,17.55,18.13,-0.58,-3.1991,99054.6,178417.125
300567.SZ,20241122,72.2,77.2,70.2,70.2,72.88,-2.68,-3.6773,98171.09,722547.424
300568.SZ,20241122,11.96,12.17,11.41,11.41,11.95,-0.54,-4.5188,615606.69,727190.955
300569.SZ,20241122,5.35,5.36,5.09,5.1,5.36,-0.26,-4.8507,179230.05,93802.347
300570.SZ,20241122,69.4,71.49,66.0,66.86,69.6,-2.74,-3.9368,99684.02,688924.956
300571.SZ,20241122,26.95,27.9,25.7,25.7,26.94,-1.24,-4.6028,52729.0,142361.692
300572.SZ,20241122,18.3,19.38,18.3,19.05,18.46,0.59,3.1961,146452.0,278473.624
300573.SZ,20241122,84.51,84.83,80.18,80.3,84.84,-4.54,-5.3512,60267.11,497275.59
300575.SZ,20241122,7.19,7.2,6.71,6.74,7.27,-0.53,-7.2902,292805.7,203094.576
300576.SZ,20241122,51.2,52.19,48.49,48.5,51.62,-3.12,-6.0442,156798.92,788802.685
300577.SZ,20241122,21.65,21.87,20.88,20.88,21.64,-0.76,-3.512,14950.0,31887.908
300578.SZ,20241122,21.84,22.31,20.52,20.6,21.83,-1.23,-5.6344,102461.0,220103.794
300579.SZ,20241122,28.3,29.26,27.25,27.27,28.56,-1.29,-4.5168,59094.0,167583.826
300580.SZ,20241122,20.77,21.65,20.45,20.46,21.03,-0.57,-2.7104,299572.42,633739.343
300581.SZ,20241122,12.93,14.2,12.67,13.31,13.05,0.26,1.9923,472810.67,634345.802
300582.SZ,20241122,12.49,13.59,12.33,12.9,12.84,0.06,0.4673,332145.55,433254.368
300583.SZ,20241122,24.6,25.85,24.6,24.71,24.71,0.0,0.0,69917.8,176072.335
300584.SZ,20241122,23.9,23.99,22.23,22.27,23.83,-1.56,-6.5464,51781.0,119204.839
300585.SZ,20241122,15.59,15.76,14.66,14.72,15.22,-0.5,-3.2852,88963.0,136057.099
300586.SZ,20241122,8.6,8.8,8.18,8.2,8.62,-0.42,-4.8724,273155.0,231022.152
300587.SZ,20241122,4.86,4.9,4.56,4.56,4.89,-0.33,-6.7485,235473.14,111573.365
300588.SZ,20241122,15.6,16.27,15.33,15.39,15.78,-0.39,-2.4715,148019.3,233354.945
300589.SZ,20241122,13.2,13.58,12.81,12.94,13.16,-0.22,-1.6717,103350.16,136791.915
300590.SZ,20241122,14.6,14.74,13.79,13.81,14.69,-0.88,-5.9905,143637.1,205142.598
300591.SZ,20241122,5.03,5.15,4.9,4.9,5.08,-0.18,-3.5433,164045.0,82466.868
300592.SZ,20241122,14.34,15.05,13.92,14.43,14.23,0.2,1.4055,471234.85,688248.015
300593.SZ,20241122,12.36,12.51,11.8,11.81,12.44,-0.63,-5.0643,98893.67,120237.145
300594.SZ,20241122,19.52,19.52,18.3,18.3,19.45,-1.15,-5.9126,34275.0,65146.12
300595.SZ,20241122,19.4,19.45,18.38,18.39,19.43,-1.04,-5.3525,105912.77,199871.49
300596.SZ,20241122,28.91,29.09,27.4,27.4,29.06,-1.66,-5.7123,47165.0,132967.451
300597.SZ,20241122,9.35,9.59,8.97,9.0,9.38,-0.38,-4.0512,139776.97,130439.538
300598.SZ,20241122,58.37,59.8,55.11,55.41,58.93,-3.52,-5.9732,128881.5,741800.646
300599.SZ,20241122,7.59,7.64,7.16,7.23,7.6,-0.37,-4.8684,50758.0,37508.209
300600.SZ,20241122,7.24,7.32,7.0,7.03,7.21,-0.18,-2.4965,43603.84,31480.725
300601.SZ,20241122,18.93,18.93,18.08,18.1,19.05,-0.95,-4.9869,151440.22,280023.656
300602.SZ,20241122,19.85,20.78,19.15,19.17,20.0,-0.83,-4.15,247294.02,498622.321
300603.SZ,20241122,10.2,10.68,9.99,10.02,10.45,-0.43,-4.1148,368099.72,381371.84
300604.SZ,20241122,48.56,49.8,45.4,45.92,49.05,-3.13,-6.3812,319088.77,1523758.685
300605.SZ,20241122,13.06,13.45,12.56,12.6,13.17,-0.57,-4.328,46545.0,60867.415
300606.SZ,20241122,22.22,22.27,21.03,21.12,22.22,-1.1,-4.9505,53723.71,116107.7
300607.SZ,20241122,30.5,32.2,29.11,30.0,32.08,-2.08,-6.4838,1107361.55,3392883.128
300608.SZ,20241122,12.56,13.09,12.18,12.27,12.61,-0.34,-2.6963,207771.6,264241.561
300609.SZ,20241122,27.89,28.41,26.49,26.57,27.89,-1.32,-4.7329,54037.0,148061.075
300610.SZ,20241122,10.66,10.78,10.21,10.22,10.69,-0.47,-4.3966,87640.87,92055.556
300611.SZ,20241122,10.92,10.98,10.3,10.33,10.96,-0.63,-5.7482,71775.0,76470.896
300612.SZ,20241122,17.46,18.39,17.01,17.06,17.5,-0.44,-2.5143,250884.25,447386.583
300613.SZ,20241122,47.66,48.14,45.08,45.12,47.8,-2.68,-5.6067,54868.07,256643.658
300614.SZ,20241122,11.75,12.68,11.75,12.16,11.9,0.26,2.1849,140577.0,172591.697
300615.SZ,20241122,12.38,12.42,11.65,11.67,12.36,-0.69,-5.5825,45582.0,55044.692
300616.SZ,20241122,13.9,14.23,13.2,13.29,13.76,-0.47,-3.4157,108309.16,150235.254
300617.SZ,20241122,28.87,28.93,27.44,27.53,28.94,-1.41,-4.8721,22095.15,62234.298
300618.SZ,20241122,39.7,40.12,37.8,37.81,39.89,-2.08,-5.2143,125140.61,487651.787
300619.SZ,20241122,28.3,28.33,26.6,26.61,28.45,-1.84,-6.4675,31448.8,86566.734
300620.SZ,20241122,47.48,48.15,44.87,44.96,47.63,-2.67,-5.6057,71608.38,332726.198
300621.SZ,20241122,10.92,11.57,10.66,10.89,10.97,-0.08,-0.7293,130948.0,145698.579
300622.SZ,20241122,40.9,42.15,39.0,39.0,41.11,-2.11,-5.1326,224995.54,913757.235
300623.SZ,20241122,36.27,36.75,34.36,34.36,36.39,-2.03,-5.5785,291292.47,1038747.686
300624.SZ,20241122,60.68,65.8,60.25,60.69,61.28,-0.59,-0.9628,247468.36,1571065.324
300625.SZ,20241122,12.24,12.33,11.72,11.74,12.22,-0.48,-3.928,24785.0,29876.776
300626.SZ,20241122,10.02,10.18,9.56,9.59,10.02,-0.43,-4.2914,56094.67,55685.741
300627.SZ,20241122,37.86,37.9,35.52,35.54,37.73,-2.19,-5.8044,118990.35,435663.005
300628.SZ,20241122,38.7,39.06,37.26,37.26,38.72,-1.46,-3.7707,69470.23,265229.593
300629.SZ,20241122,22.65,22.96,21.6,21.62,22.82,-1.2,-5.2585,110589.11,246074.603
300630.SZ,20241122,10.73,10.78,10.21,10.21,10.83,-0.62,-5.7248,194692.15,204148.849
300631.SZ,20241122,24.0,25.14,23.4,23.53,24.32,-0.79,-3.2484,50129.58,120974.932
300632.SZ,20241122,12.48,12.6,11.76,11.83,12.49,-0.66,-5.2842,56971.74,69856.855
300633.SZ,20241122,36.35,36.35,34.32,34.43,36.28,-1.85,-5.0992,38192.09,134264.07
300634.SZ,20241122,22.0,24.39,21.75,23.12,22.2,0.92,4.1441,581127.27,1359356.149
300635.SZ,20241122,11.39,11.82,11.11,11.15,11.38,-0.23,-2.0211,104690.72,120610.059
300636.SZ,20241122,8.78,8.79,8.3,8.32,8.73,-0.41,-4.6964,93768.5,79739.946
300637.SZ,20241122,11.37,11.47,10.68,10.68,11.35,-0.67,-5.9031,109347.46,121417.646
300638.SZ,20241122,17.71,17.84,16.57,16.61,17.8,-1.19,-6.6854,310667.26,534124.114
300639.SZ,20241122,6.95,6.99,6.51,6.54,6.96,-0.42,-6.0345,294542.84,197970.155
300640.SZ,20241122,5.75,6.14,5.7,5.7,5.78,-0.08,-1.3841,273093.86,161408.188
300641.SZ,20241122,25.0,25.03,23.62,23.63,25.15,-1.52,-6.0437,196520.89,478005.317
300642.SZ,20241122,16.65,16.65,15.64,15.69,16.65,-0.96,-5.7658,87460.46,140629.155
300643.SZ,20241122,13.48,13.49,12.75,12.76,13.52,-0.76,-5.6213,64358.93,84303.939
300644.SZ,20241122,23.78,24.88,22.6,22.79,24.01,-1.22,-5.0812,91560.0,215854.466
300645.SZ,20241122,16.8,17.09,15.75,15.94,16.78,-0.84,-5.006,98907.0,163400.787
300647.SZ,20241122,7.42,7.64,7.1,7.14,7.54,-0.4,-5.305,314176.9,232602.38
300648.SZ,20241122,27.95,28.25,26.5,26.55,28.1,-1.55,-5.516,43343.94,118490.111
300649.SZ,20241122,12.59,12.66,11.8,11.83,12.58,-0.75,-5.9618,31497.01,38583.519
300650.SZ,20241122,12.36,12.53,11.8,11.82,12.33,-0.51,-4.1363,84403.2,103092.848
300651.SZ,20241122,14.24,14.3,13.61,13.61,14.21,-0.6,-4.2224,24035.0,33687.829
300652.SZ,20241122,26.01,26.96,25.25,26.39,29.2,-2.81,-9.6233,149100.04,391843.889
300653.SZ,20241122,22.52,22.56,21.17,21.23,22.5,-1.27,-5.6444,30356.99,66194.373
300654.SZ,20241122,11.82,12.94,11.51,12.09,11.95,0.14,1.1715,617657.97,761443.326
300655.SZ,20241122,10.88,11.37,10.5,10.68,10.88,-0.2,-1.8382,773664.97,853746.388
300656.SZ,20241122,29.11,29.39,27.5,27.51,29.2,-1.69,-5.7877,53948.13,153369.023
300657.SZ,20241122,21.88,22.66,21.12,21.13,22.28,-1.15,-5.1616,408848.66,895295.47
300658.SZ,20241122,5.85,5.91,5.52,5.54,5.85,-0.31,-5.2991,136595.9,78099.929
300659.SZ,20241122,20.84,21.06,19.3,19.42,20.99,-1.57,-7.4798,139482.17,281108.176
300660.SZ,20241122,32.0,32.55,30.8,30.8,32.27,-1.47,-4.5553,104809.16,332830.013
300661.SZ,20241122,89.63,91.0,85.14,85.8,89.67,-3.87,-4.3158,42074.25,372158.107
300662.SZ,20241122,22.2,22.31,20.48,20.5,22.39,-1.89,-8.4413,70747.6,151575.342
300663.SZ,20241122,21.04,21.47,20.1,20.13,21.24,-1.11,-5.226,298827.78,620584.067
300664.SZ,20241122,5.45,5.77,5.43,5.5,5.31,0.19,3.5782,672595.06,375127.624
300665.SZ,20241122,6.97,6.98,6.58,6.58,6.91,-0.33,-4.7757,61927.0,42317.1
300666.SZ,20241122,75.78,77.77,70.55,70.9,75.74,-4.84,-6.3903,125013.39,924256.779
300667.SZ,20241122,19.36,19.55,18.39,18.39,19.43,-1.04,-5.3525,67336.5,127538.605
300668.SZ,20241122,21.59,21.93,20.8,20.97,21.81,-0.84,-3.8514,15909.5,33950.791
300669.SZ,20241122,21.4,22.17,20.7,20.85,21.41,-0.56,-2.6156,22273.0,47733.156
300670.SZ,20241122,6.87,7.08,6.56,6.58,6.87,-0.29,-4.2213,123010.0,84034.83
300671.SZ,20241122,38.76,39.46,36.74,36.84,38.97,-2.13,-5.4657,66740.29,254327.107
300672.SZ,20241122,67.74,68.49,64.12,64.25,67.99,-3.74,-5.5008,57090.57,378272.402
300673.SZ,20241122,15.58,15.62,14.79,14.82,15.5,-0.68,-4.3871,48433.0,73723.791
300674.SZ,20241122,21.68,22.1,20.47,20.5,22.07,-1.57,-7.1137,391493.58,833285.243
300675.SZ,20241122,15.2,15.43,14.52,14.57,15.29,-0.72,-4.709,54624.0,81906.553
300676.SZ,20241122,46.7,46.71,44.71,44.8,46.78,-1.98,-4.2326,52373.16,238639.527
300677.SZ,20241122,27.69,27.69,26.2,26.2,27.71,-1.51,-5.4493,180446.96,485582.126
300678.SZ,20241122,39.66,40.29,37.29,37.33,39.66,-2.33,-5.8749,188686.26,732304.036
300679.SZ,20241122,52.18,55.35,51.55,51.68,51.5,0.18,0.3495,197002.81,1056704.111
300680.SZ,20241122,26.16,26.75,25.52,25.81,26.41,-0.6,-2.2719,115970.72,302479.37
300681.SZ,20241122,22.91,24.46,22.15,22.75,23.13,-0.38,-1.6429,160045.15,376598.298
300682.SZ,20241122,14.18,14.22,13.32,13.39,14.28,-0.89,-6.2325,201621.65,278505.906
300683.SZ,20241122,28.15,28.88,26.5,26.55,28.13,-1.58,-5.6168,13101.0,35798.347
300684.SZ,20241122,21.98,23.23,21.68,21.7,22.2,-0.5,-2.2523,247693.01,558260.426
300685.SZ,20241122,25.96,26.09,24.7,24.8,26.0,-1.2,-4.6154,49106.96,124369.568
300686.SZ,20241122,9.65,9.87,9.26,9.32,9.72,-0.4,-4.1152,101389.22,97415.328
300687.SZ,20241122,18.76,19.93,18.38,18.42,19.09,-0.67,-3.5097,180306.75,346406.178
300688.SZ,20241122,29.92,31.49,29.1,29.16,30.08,-0.92,-3.0585,126248.1,384579.994
300689.SZ,20241122,28.7,28.95,27.53,28.2,28.72,-0.52,-1.8106,16779.3,47153.683
300690.SZ,20241122,24.35,24.42,23.11,23.15,24.44,-1.29,-5.2782,64087.0,152386.587
300691.SZ,20241122,20.64,21.02,19.51,19.57,20.85,-1.28,-6.1391,108810.35,221096.81
300692.SZ,20241122,6.45,6.5,6.22,6.22,6.46,-0.24,-3.7152,110842.85,69986.446
300693.SZ,20241122,24.93,25.0,23.85,23.9,24.93,-1.03,-4.1316,91304.39,223166.332
300694.SZ,20241122,18.34,20.99,17.95,19.2,18.9,0.3,1.5873,626879.66,1217432.284
300695.SZ,20241122,43.36,43.42,41.0,41.05,43.36,-2.31,-5.3275,7696.14,32409.867
300696.SZ,20241122,17.06,17.22,16.3,16.32,17.11,-0.79,-4.6172,68317.38,115121.089
300697.SZ,20241122,12.12,12.26,11.57,11.61,12.18,-0.57,-4.6798,55384.0,66121.037
300698.SZ,20241122,38.48,39.06,36.8,36.82,38.59,-1.77,-4.5867,23940.0,91172.179
300699.SZ,20241122,35.35,35.35,33.38,33.45,35.47,-2.02,-5.695,137813.64,472803.806
300700.SZ,20241122,8.51,8.51,7.92,7.97,8.54,-0.57,-6.6745,114842.56,94737.327
300701.SZ,20241122,10.07,10.19,9.65,9.65,10.15,-0.5,-4.9261,48052.99,47910.892
300702.SZ,20241122,17.21,17.35,16.2,16.25,17.24,-0.99,-5.7425,38321.6,63969.382
300703.SZ,20241122,10.3,10.99,10.17,10.37,10.3,0.07,0.6796,191856.9,203701.457
300705.SZ,20241122,24.54,24.77,23.14,23.19,24.77,-1.58,-6.3787,66237.92,158060.052
300706.SZ,20241122,25.18,25.8,23.93,23.94,25.28,-1.34,-5.3006,67072.0,167491.205
300707.SZ,20241122,15.97,16.22,15.1,15.23,16.11,-0.88,-5.4624,117857.94,184647.028
300708.SZ,20241122,12.01,12.08,11.34,11.35,12.23,-0.88,-7.1954,339479.34,399102.846
300709.SZ,20241122,40.51,41.43,39.02,39.3,40.74,-1.44,-3.5346,81658.5,330429.625
300710.SZ,20241122,19.88,20.05,18.81,18.85,19.96,-1.11,-5.5611,35677.88,69506.115
300711.SZ,20241122,19.87,20.13,19.02,19.05,20.05,-1.0,-4.9875,74299.25,145439.317
300712.SZ,20241122,28.0,28.48,26.5,26.5,28.0,-1.5,-5.3571,66879.59,182308.873
300713.SZ,20241122,19.57,21.2,18.92,19.02,19.91,-0.89,-4.4701,204951.15,409356.623
300715.SZ,20241122,7.5,7.58,7.2,7.21,7.54,-0.33,-4.3767,32012.02,23632.866
300716.SZ,20241122,12.97,13.1,12.45,12.47,12.95,-0.48,-3.7066,55611.5,71126.615
300717.SZ,20241122,16.0,16.04,15.31,15.34,16.01,-0.67,-4.1849,21576.69,33899.115
300718.SZ,20241122,18.73,18.81,17.81,17.81,18.91,-1.1,-5.817,81746.62,149943.861
300719.SZ,20241122,19.6,20.28,19.05,19.42,19.8,-0.38,-1.9192,146393.0,288542.854
300720.SZ,20241122,18.51,18.78,17.71,17.8,18.6,-0.8,-4.3011,53736.3,97809.388
300721.SZ,20241122,14.74,15.1,14.02,14.05,14.89,-0.84,-5.6414,76052.9,111009.872
300722.SZ,20241122,29.87,31.76,28.91,29.52,29.87,-0.35,-1.1717,129189.45,391537.675
300723.SZ,20241122,17.65,17.66,16.44,16.47,17.66,-1.19,-6.7384,86590.8,147033.925
300724.SZ,20241122,70.58,71.25,67.47,67.47,71.57,-4.1,-5.7287,145653.58,1012066.921
300725.SZ,20241122,36.1,36.3,34.36,34.39,36.35,-1.96,-5.392,61539.18,216912.849
300726.SZ,20241122,32.01,32.03,30.15,30.2,31.91,-1.71,-5.3588,55980.0,173862.876
300727.SZ,20241122,28.16,28.33,26.34,26.38,28.2,-1.82,-6.4539,32532.0,88714.882
300729.SZ,20241122,17.15,17.9,16.52,16.7,16.69,0.01,0.0599,261356.08,455817.764
300730.SZ,20241122,13.78,14.0,13.0,13.03,13.8,-0.77,-5.5797,112104.75,152411.715
300731.SZ,20241122,21.1,21.6,20.25,20.26,21.83,-1.57,-7.1919,90583.7,190286.567
300732.SZ,20241122,7.92,7.98,7.5,7.52,7.94,-0.42,-5.2897,131010.58,101409.894
300733.SZ,20241122,11.83,11.95,11.35,11.36,11.9,-0.54,-4.5378,67620.6,78750.798
300735.SZ,20241122,34.57,36.77,34.25,34.58,34.9,-0.32,-0.9169,568092.69,2016690.113
300736.SZ,20241122,10.51,12.32,10.38,11.43,10.52,0.91,8.6502,285452.36,327562.42
300737.SZ,20241122,5.4,5.46,5.14,5.18,5.43,-0.25,-4.6041,178093.59,94815.062
300738.SZ,20241122,13.08,13.66,12.6,12.61,13.26,-0.65,-4.902,896583.18,1182803.478
300739.SZ,20241122,14.22,14.65,13.69,13.72,14.34,-0.62,-4.3236,99673.68,141743.846
300740.SZ,20241122,12.86,12.97,12.28,12.3,12.86,-0.56,-4.3546,69971.9,88609.5
300741.SZ,20241122,18.12,18.16,17.31,17.33,18.11,-0.78,-4.307,18281.0,32471.801
300743.SZ,20241122,16.38,16.66,15.5,15.61,16.4,-0.79,-4.8171,66354.47,107420.356
300745.SZ,20241122,18.56,18.56,17.5,17.5,18.38,-0.88,-4.7878,39370.0,70951.417
300746.SZ,20241122,14.18,14.28,13.41,13.46,14.25,-0.79,-5.5439,62137.0,86061.806
300747.SZ,20241122,21.4,21.7,20.28,20.32,21.47,-1.15,-5.3563,160562.69,336886.109
300748.SZ,20241122,19.4,22.26,18.88,21.09,19.44,1.65,8.4877,1005823.47,2061308.316
300749.SZ,20241122,6.9,7.08,6.56,6.59,6.86,-0.27,-3.9359,60538.45,41322.529
300750.SZ,20241122,267.93,269.0,258.88,259.1,268.26,-9.16,-3.4146,225551.01,5937579.845
300751.SZ,20241122,130.08,130.98,125.76,126.09,131.96,-5.87,-4.4483,37644.32,480068.093
300752.SZ,20241122,20.1,20.39,19.07,19.2,20.4,-1.2,-5.8824,100822.84,200172.103
300753.SZ,20241122,14.61,14.62,13.68,13.73,14.62,-0.89,-6.0876,47526.8,67425.94
300755.SZ,20241122,18.0,18.13,16.92,16.97,18.18,-1.21,-6.6557,77384.0,135715.916
300756.SZ,20241122,15.5,15.65,14.71,14.77,15.56,-0.79,-5.0771,30414.0,46303.504
300757.SZ,20241122,205.0,208.8,195.1,195.49,208.0,-12.51,-6.0144,63990.0,1292712.33
300758.SZ,20241122,13.06,13.2,12.4,12.4,13.19,-0.79,-5.9894,122278.0,156651.048
300759.SZ,20241122,28.28,28.32,26.66,26.72,28.38,-1.66,-5.8492,289689.36,795668.933
300760.SZ,20241122,271.64,272.2,263.31,263.31,272.01,-8.7,-3.1984,52041.13,1391604.758
300761.SZ,20241122,20.8,20.83,19.85,19.85,20.85,-1.0,-4.7962,78272.36,159440.07
300762.SZ,20241122,26.73,26.82,25.33,25.44,27.4,-1.96,-7.1533,590699.02,1541612.279
300763.SZ,20241122,69.91,70.65,66.42,66.69,70.49,-3.8,-5.3908,102488.79,703732.115
300765.SZ,20241122,27.74,28.38,27.16,27.26,27.74,-0.48,-1.7304,99061.14,274512.964
300766.SZ,20241122,15.19,16.06,14.75,14.82,15.33,-0.51,-3.3268,338112.6,522668.677
300767.SZ,20241122,11.22,11.39,10.55,10.55,11.22,-0.67,-5.9715,76102.5,83671.299
300768.SZ,20241122,19.39,19.84,18.45,18.5,19.5,-1.0,-5.1282,106183.1,203045.197
300769.SZ,20241122,43.6,46.0,42.79,42.98,44.25,-1.27,-2.8701,230172.95,1027215.377
300770.SZ,20241122,43.24,44.08,42.04,42.08,43.46,-1.38,-3.1753,48181.86,207533.303
300771.SZ,20241122,11.45,11.88,10.98,11.04,11.47,-0.43,-3.7489,94767.1,108436.642
300772.SZ,20241122,13.12,13.17,12.33,12.34,13.23,-0.89,-6.7271,173091.85,220227.954
300773.SZ,20241122,20.75,20.92,19.51,19.52,20.55,-1.03,-5.0122,266166.89,538962.32
300774.SZ,20241122,9.44,9.55,8.9,8.99,9.51,-0.52,-5.4679,56546.0,52440.646
300775.SZ,20241122,25.7,26.58,24.86,25.16,25.65,-0.49,-1.9103,204564.79,526119.876
300776.SZ,20241122,73.9,75.42,71.14,71.14,75.49,-4.35,-5.7624,48774.68,358251.299
300777.SZ,20241122,29.21,29.22,27.35,27.35,29.06,-1.71,-5.8844,109770.0,308795.234
300778.SZ,20241122,12.24,12.6,11.73,11.75,12.26,-0.51,-4.1599,60137.86,73435.992
300779.SZ,20241122,89.48,90.81,85.65,86.9,89.5,-2.6,-2.905,27694.2,244408.14
300780.SZ,20241122,18.38,19.23,17.88,19.02,18.53,0.49,2.6444,220622.93,414238.763
300781.SZ,20241122,66.0,69.58,63.8,63.9,66.02,-2.12,-3.2111,104250.14,701159.404
300782.SZ,20241122,96.24,99.93,92.5,92.78,95.25,-2.47,-2.5932,145135.38,1411409.616
300783.SZ,20241122,30.5,30.56,28.0,28.01,30.63,-2.62,-8.5537,177140.11,515190.515
300784.SZ,20241122,65.9,66.5,61.6,61.89,66.94,-5.05,-7.5441,22736.61,146112.144
300785.SZ,20241122,29.6,34.7,29.16,31.0,29.98,1.02,3.4023,366968.08,1165187.524
300786.SZ,20241122,16.0,16.15,14.88,14.9,16.25,-1.35,-8.3077,123833.51,192657.799
300787.SZ,20241122,14.85,15.53,14.0,14.11,15.13,-1.02,-6.7416,159452.63,236771.985
300788.SZ,20241122,31.39,32.98,30.77,30.77,31.39,-0.62,-1.9752,100058.45,320821.864
300789.SZ,20241122,16.17,16.3,15.36,15.39,16.2,-0.81,-5.0,29472.29,46774.191
300790.SZ,20241122,16.88,17.16,16.0,16.02,16.96,-0.94,-5.5425,186131.59,308382.139
300791.SZ,20241122,27.16,27.16,25.67,25.7,27.14,-1.44,-5.3058,26864.8,70912.049
300792.SZ,20241122,21.9,23.05,21.41,21.42,21.65,-0.23,-1.0624,157240.6,350772.482
300793.SZ,20241122,16.99,18.2,16.82,17.02,17.15,-0.13,-0.758,367878.69,644761.96
300795.SZ,20241122,17.71,17.74,16.8,16.84,17.64,-0.8,-4.5351,24929.5,43253.85
300796.SZ,20241122,10.9,11.03,10.5,10.54,10.98,-0.44,-4.0073,102460.83,110483.672
300797.SZ,20241122,12.87,13.03,12.38,12.39,12.92,-0.53,-4.1022,50799.5,64517.503
300798.SZ,20241122,7.4,7.65,7.15,7.22,7.49,-0.27,-3.6048,136123.0,99943.735
300800.SZ,20241122,11.18,11.33,10.71,10.75,11.23,-0.48,-4.2743,30414.0,33788.262
300801.SZ,20241122,20.1,21.36,19.5,19.6,20.14,-0.54,-2.6812,178893.4,363340.448
300802.SZ,20241122,18.8,19.0,17.69,17.76,18.48,-0.72,-3.8961,73690.31,135713.14
300803.SZ,20241122,94.01,98.0,90.41,90.75,95.16,-4.41,-4.6343,270845.4,2556230.61
300804.SZ,20241122,25.84,26.04,24.56,24.66,26.06,-1.4,-5.3722,16100.66,40766.729
300805.SZ,20241122,9.38,9.88,9.01,9.07,9.36,-0.29,-3.0983,213265.0,202195.393
300806.SZ,20241122,13.14,13.57,12.53,12.56,13.22,-0.66,-4.9924,127741.4,167927.16
300807.SZ,20241122,35.51,37.25,34.56,34.65,35.52,-0.87,-2.4493,64179.0,230675.156
300808.SZ,20241122,25.33,26.91,25.13,25.4,25.32,0.08,0.316,64223.45,167278.383
300809.SZ,20241122,24.45,24.98,23.27,23.35,24.61,-1.26,-5.1199,54165.81,130985.402
300810.SZ,20241122,21.56,21.65,20.5,20.54,21.5,-0.96,-4.4651,22549.5,47845.875
300811.SZ,20241122,49.39,49.55,47.6,47.65,49.57,-1.92,-3.8733,59607.33,289053.062
300812.SZ,20241122,26.27,26.4,24.75,24.8,26.26,-1.46,-5.5598,41200.0,105677.857
300813.SZ,20241122,22.68,22.8,21.01,21.03,22.62,-1.59,-7.0292,27043.21,58928.11
300814.SZ,20241122,31.39,31.77,29.6,29.66,31.57,-1.91,-6.05,31444.0,96772.122
300815.SZ,20241122,16.15,16.32,15.48,15.57,16.15,-0.58,-3.5913,73740.87,117739.356
300816.SZ,20241122,24.41,24.41,23.12,23.13,24.23,-1.1,-4.5398,14740.5,35033.756
300817.SZ,20241122,13.63,13.98,13.09,13.22,13.73,-0.51,-3.7145,51725.25,70677.676
300818.SZ,20241122,29.2,29.67,27.8,28.0,29.2,-1.2,-4.1096,17357.29,50082.721
300819.SZ,20241122,14.03,14.09,13.14,13.18,14.03,-0.85,-6.0584,41555.9,56353.974
300820.SZ,20241122,59.58,60.19,56.0,56.22,58.94,-2.72,-4.6149,58266.29,339440.491
300821.SZ,20241122,8.87,8.96,8.47,8.5,8.94,-0.44,-4.9217,140363.01,122554.16
300822.SZ,20241122,16.76,18.98,16.35,18.98,15.82,3.16,19.9747,269889.92,472574.829
300823.SZ,20241122,15.84,16.23,14.78,14.78,16.01,-1.23,-7.6827,118641.4,182221.654
300824.SZ,20241122,9.95,10.21,9.32,9.42,10.09,-0.67,-6.6402,153483.4,150053.984
300825.SZ,20241122,13.16,13.65,12.48,12.51,13.38,-0.87,-6.5022,469974.54,616640.43
300826.SZ,20241122,17.35,17.99,16.8,16.85,17.45,-0.6,-3.4384,68053.6,118695.04
300827.SZ,20241122,47.8,48.41,45.94,46.3,48.84,-2.54,-5.2007,80744.58,381758.033
300828.SZ,20241122,14.2,14.36,13.54,13.58,14.26,-0.68,-4.7686,31453.0,43978.092
300829.SZ,20241122,16.84,16.86,15.92,15.97,16.82,-0.85,-5.0535,29185.4,47748.841
300830.SZ,20241122,8.14,8.36,7.81,7.82,8.19,-0.37,-4.5177,139367.0,113290.579
300831.SZ,20241122,16.5,16.7,15.36,15.46,16.69,-1.23,-7.3697,198439.03,319827.046
300832.SZ,20241122,63.32,63.49,61.88,61.88,63.37,-1.49,-2.3513,44977.05,282331.089
300833.SZ,20241122,43.95,45.6,43.35,45.32,43.59,1.73,3.9688,65221.79,292390.251
300834.SZ,20241122,20.87,21.0,20.15,20.17,20.93,-0.76,-3.6312,10993.0,22664.762
300835.SZ,20241122,32.19,35.2,31.41,33.08,32.49,0.59,1.8159,104170.28,346362.294
300836.SZ,20241122,52.23,52.74,49.02,49.07,52.22,-3.15,-6.0322,15760.66,80162.307
300837.SZ,20241122,22.35,22.65,21.35,21.35,22.36,-1.01,-4.517,11322.0,24921.258
300838.SZ,20241122,13.3,13.8,12.96,13.01,13.37,-0.36,-2.6926,31011.6,41520.023
300839.SZ,20241122,7.57,7.6,7.14,7.16,7.57,-0.41,-5.4161,56519.33,41647.444
300840.SZ,20241122,19.38,22.87,19.38,20.92,20.85,0.07,0.3357,777862.74,1657031.688
300841.SZ,20241122,57.52,57.68,54.91,54.91,57.69,-2.78,-4.8189,34729.58,195190.416
300842.SZ,20241122,48.72,49.31,46.35,46.4,49.5,-3.1,-6.2626,84364.6,402302.919
300843.SZ,20241122,30.75,31.35,29.02,29.05,30.78,-1.73,-5.6205,60618.56,182573.139
300844.SZ,20241122,32.66,37.52,32.18,33.59,32.98,0.61,1.8496,49490.85,172795.701
300845.SZ,20241122,14.21,14.44,13.59,13.6,14.29,-0.69,-4.8286,47657.14,67151.529
300846.SZ,20241122,14.15,14.85,13.58,13.62,14.16,-0.54,-3.8136,507206.41,726194.451
300847.SZ,20241122,18.25,18.48,17.65,17.67,18.34,-0.67,-3.6532,81852.53,148819.916
300848.SZ,20241122,19.88,19.88,18.62,18.7,19.88,-1.18,-5.9356,41885.35,80507.501
300849.SZ,20241122,13.09,13.12,12.41,12.42,13.02,-0.6,-4.6083,28484.21,36466.166
300850.SZ,20241122,24.49,24.79,23.11,23.14,24.61,-1.47,-5.9732,75818.58,181949.78
300851.SZ,20241122,28.77,29.1,27.5,27.52,28.8,-1.28,-4.4444,12759.0,36005.079
300852.SZ,20241122,26.57,26.87,25.16,25.22,26.47,-1.25,-4.7223,24317.8,63245.005
300853.SZ,20241122,18.83,19.34,18.01,18.01,18.49,-0.48,-2.596,91071.81,171137.03
300854.SZ,20241122,13.66,13.8,13.06,13.09,13.73,-0.64,-4.6613,19945.0,26907.425
300855.SZ,20241122,25.01,25.16,23.82,23.83,25.17,-1.34,-5.3238,60897.72,149349.644
300856.SZ,20241122,26.83,26.96,25.61,25.68,26.82,-1.14,-4.2506,55421.38,145701.506
300857.SZ,20241122,90.4,92.18,84.77,85.25,88.36,-3.11,-3.5197,120670.13,1066915.794
300858.SZ,20241122,15.5,15.56,14.77,14.8,15.47,-0.67,-4.331,27139.26,41024.166
300859.SZ,20241122,39.68,39.95,37.35,37.74,39.9,-2.16,-5.4135,55868.65,215922.582
300860.SZ,20241122,26.12,26.8,24.84,24.95,26.17,-1.22,-4.6618,65958.98,172137.28
300861.SZ,20241122,25.2,25.95,23.91,24.01,25.12,-1.11,-4.4188,64726.42,161785.833
300862.SZ,20241122,31.36,32.28,29.8,30.05,31.45,-1.4,-4.4515,60791.53,188124.345
300863.SZ,20241122,43.74,43.9,41.88,41.88,43.97,-2.09,-4.7532,43408.87,185588.809
300864.SZ,20241122,22.6,22.75,21.61,21.64,22.79,-1.15,-5.0461,16681.73,37017.509
300865.SZ,20241122,29.8,29.8,27.85,27.9,29.4,-1.5,-5.102,23133.73,66707.359
300866.SZ,20241122,84.8,86.65,80.38,80.53,84.8,-4.27,-5.0354,51472.47,424732.822
300867.SZ,20241122,14.23,14.3,13.65,13.66,14.23,-0.57,-4.0056,36801.0,51386.075
300868.SZ,20241122,29.59,30.5,29.34,29.46,29.59,-0.13,-0.4393,34501.0,103266.97
300869.SZ,20241122,15.92,15.96,15.08,15.12,15.89,-0.77,-4.8458,56197.1,87021.02
300870.SZ,20241122,74.5,78.01,69.68,70.0,75.45,-5.45,-7.2233,72970.7,535227.811
300871.SZ,20241122,11.61,11.76,11.0,11.01,11.61,-0.6,-5.168,29111.5,33174.796
300872.SZ,20241122,15.6,15.88,14.8,14.83,15.61,-0.78,-4.9968,174266.1,267705.335
300873.SZ,20241122,17.74,18.0,16.66,16.94,17.76,-0.82,-4.6171,35167.91,61208.247
300875.SZ,20241122,36.1,42.98,35.5,39.0,36.33,2.67,7.3493,179574.9,690432.523
300876.SZ,20241122,25.08,25.78,24.41,24.57,25.28,-0.71,-2.8085,26299.2,65931.623
300877.SZ,20241122,15.69,15.9,14.77,14.79,15.8,-1.01,-6.3924,18884.0,28990.403
300878.SZ,20241122,19.15,19.2,18.22,18.27,19.26,-0.99,-5.1402,41702.34,78150.223
300879.SZ,20241122,15.4,15.62,14.56,14.57,15.41,-0.84,-5.451,68284.42,103341.281
300880.SZ,20241122,23.29,24.0,22.47,22.5,23.46,-0.96,-4.0921,111954.35,260769.64
300881.SZ,20241122,33.01,33.5,31.32,31.33,33.38,-2.05,-6.1414,24772.0,80072.612
300882.SZ,20241122,15.88,16.2,15.18,15.21,15.96,-0.75,-4.6992,60871.64,96047.788
300883.SZ,20241122,5.6,5.66,5.42,5.45,5.6,-0.15,-2.6786,95031.0,52900.773
300884.SZ,20241122,11.23,11.34,10.65,10.68,11.22,-0.54,-4.8128,79920.2,88610.043
300885.SZ,20241122,11.85,12.03,11.26,11.29,11.94,-0.65,-5.4439,74351.12,86221.076
300886.SZ,20241122,21.29,21.9,20.32,20.4,21.5,-1.1,-5.1163,13162.7,27646.711
300887.SZ,20241122,9.58,10.4,9.37,9.9,9.56,0.34,3.5565,658792.9,654544.488
300888.SZ,20241122,35.19,35.97,33.78,33.9,35.21,-1.31,-3.7205,72197.96,249481.628
300889.SZ,20241122,14.05,14.15,13.77,13.86,13.99,-0.13,-0.9292,50195.0,70104.178
300890.SZ,20241122,36.51,36.98,34.5,34.79,37.13,-2.34,-6.3022,153267.89,549712.411
300891.SZ,20241122,9.56,9.56,9.0,9.0,9.53,-0.53,-5.5614,73528.0,68070.46
300892.SZ,20241122,40.0,41.85,37.86,38.11,40.81,-2.7,-6.616,75747.0,303104.413
300893.SZ,20241122,31.4,31.47,29.92,29.92,31.49,-1.57,-4.9857,14564.95,44604.937
300894.SZ,20241122,14.02,14.43,13.51,13.52,14.15,-0.63,-4.4523,108449.33,152064.612
300895.SZ,20241122,34.69,37.25,33.6,33.61,34.69,-1.08,-3.1133,79531.76,282864.274
300896.SZ,20241122,213.7,213.77,204.57,204.57,213.7,-9.13,-4.2723,34656.89,722643.863
300897.SZ,20241122,23.2,23.2,21.71,21.79,23.18,-1.39,-5.9965,15575.2,35019.884
300898.SZ,20241122,22.02,22.39,20.83,20.98,22.2,-1.22,-5.4955,37284.0,80957.866
300899.SZ,20241122,24.32,24.32,22.97,22.99,24.31,-1.32,-5.4299,32396.53,76504.407
300900.SZ,20241122,22.98,23.0,21.6,21.6,23.0,-1.4,-6.087,115816.77,258593.962
300901.SZ,20241122,12.89,13.18,12.43,12.52,12.89,-0.37,-2.8704,57596.2,73784.03
300902.SZ,20241122,19.06,19.06,17.93,17.93,18.92,-0.99,-5.2326,33170.81,61164.105
300903.SZ,20241122,8.88,9.05,8.42,8.45,8.93,-0.48,-5.3751,140776.11,123425.205
300904.SZ,20241122,73.74,75.0,66.41,67.75,72.72,-4.97,-6.8344,85044.71,587260.175
300905.SZ,20241122,30.05,30.45,28.06,28.35,30.16,-1.81,-6.0013,77962.0,228190.662
300906.SZ,20241122,24.3,24.5,23.2,23.22,24.3,-1.08,-4.4444,12537.0,29896.026
300907.SZ,20241122,22.82,23.6,22.6,22.64,22.98,-0.34,-1.4795,35519.81,82326.569
300908.SZ,20241122,32.05,32.05,30.15,30.25,32.3,-2.05,-6.3467,25905.17,80655.355
300909.SZ,20241122,25.08,25.57,24.2,24.22,25.22,-1.0,-3.9651,45651.88,113950.409
300910.SZ,20241122,48.56,48.57,45.25,45.25,47.88,-2.63,-5.4929,30729.6,143328.351
300911.SZ,20241122,26.53,27.2,26.2,26.25,26.49,-0.24,-0.906,31305.25,83820.173
300912.SZ,20241122,13.31,13.47,12.66,12.71,13.3,-0.59,-4.4361,49280.73,64643.231
300913.SZ,20241122,33.41,33.99,32.01,32.08,33.76,-1.68,-4.9763,39566.58,130620.402
300915.SZ,20241122,32.49,32.75,30.65,30.82,32.63,-1.81,-5.547,10731.24,34092.556
300916.SZ,20241122,30.23,30.33,28.41,28.41,30.23,-1.82,-6.0205,37341.0,109631.999
300917.SZ,20241122,59.09,61.0,56.24,56.3,59.6,-3.3,-5.5369,99786.95,588417.826
300918.SZ,20241122,11.55,11.58,10.93,10.93,11.5,-0.57,-4.9565,24946.69,27976.798
300919.SZ,20241122,41.35,41.4,39.3,39.35,41.34,-1.99,-4.8137,87263.97,352171.885
300920.SZ,20241122,19.87,19.87,18.38,18.57,19.49,-0.92,-4.7204,16591.0,31801.952
300921.SZ,20241122,24.1,24.56,23.07,23.07,24.53,-1.46,-5.9519,76883.68,183654.9
300922.SZ,20241122,15.75,17.32,15.26,16.0,15.78,0.22,1.3942,154982.21,253864.926
300923.SZ,20241122,22.35,22.57,21.1,21.22,22.47,-1.25,-5.563,21752.33,47634.718
300925.SZ,20241122,25.89,26.25,24.3,24.34,26.04,-1.7,-6.5284,350028.49,885382.4
300926.SZ,20241122,22.43,22.43,21.1,21.13,22.41,-1.28,-5.7117,72839.21,158080.977
300927.SZ,20241122,19.51,19.63,18.35,18.38,19.53,-1.15,-5.8884,34189.51,64826.69
300928.SZ,20241122,36.99,37.49,35.0,35.03,37.01,-1.98,-5.3499,23200.28,84078.446
300929.SZ,20241122,9.8,9.91,9.36,9.36,9.81,-0.45,-4.5872,31164.13,30065.637
300930.SZ,20241122,30.19,30.19,28.41,28.48,30.29,-1.81,-5.9756,56642.48,164709.47
300931.SZ,20241122,7.04,7.1,6.75,6.75,7.08,-0.33,-4.661,47873.85,33207.574
300932.SZ,20241122,14.8,15.29,14.4,14.78,14.8,-0.02,-0.1351,118372.99,176179.392
300933.SZ,20241122,7.12,7.22,6.81,6.83,7.13,-0.3,-4.2076,174845.0,123384.503
300935.SZ,20241122,22.1,22.93,21.3,21.36,22.08,-0.72,-3.2609,26756.6,59424.634
300936.SZ,20241122,47.22,47.5,43.99,44.06,48.26,-4.2,-8.7029,31083.9,142574.362
300937.SZ,20241122,29.15,29.48,27.28,27.5,29.15,-1.65,-5.6604,54864.15,155644.327
300938.SZ,20241122,22.45,22.62,21.11,21.23,22.54,-1.31,-5.8119,26347.54,57550.632
300939.SZ,20241122,32.71,33.45,31.2,31.26,32.91,-1.65,-5.0137,39033.0,127170.329
300940.SZ,20241122,15.05,15.34,14.53,14.53,15.14,-0.61,-4.0291,65224.8,97454.853
300941.SZ,20241122,22.77,23.8,21.85,21.95,23.15,-1.2,-5.1836,100223.48,228720.35
300942.SZ,20241122,8.94,9.02,8.42,8.48,8.98,-0.5,-5.5679,56208.0,49116.37
300943.SZ,20241122,13.78,13.88,13.02,13.05,13.85,-0.8,-5.7762,56012.09,75614.326
300945.SZ,20241122,10.35,10.48,9.94,9.94,10.29,-0.35,-3.4014,103805.28,105660.49
300946.SZ,20241122,28.66,28.66,26.9,26.98,28.53,-1.55,-5.4329,13089.2,36344.811
300947.SZ,20241122,17.37,17.6,16.41,16.59,17.37,-0.78,-4.4905,53289.52,90918.593
300948.SZ,20241122,11.3,11.9,11.19,11.39,11.28,0.11,0.9752,110247.0,127520.743
300949.SZ,20241122,32.75,34.2,31.11,31.34,32.64,-1.3,-3.9828,21198.0,69758.201
300950.SZ,20241122,17.05,17.17,16.22,16.22,17.16,-0.94,-5.4779,26931.0,44993.773
300951.SZ,20241122,30.68,31.51,29.32,29.35,30.91,-1.56,-5.0469,30442.2,93238.469
300952.SZ,20241122,22.51,22.74,20.95,21.03,22.7,-1.67,-7.3568,51405.05,111391.235
300953.SZ,20241122,69.36,70.22,67.01,67.26,69.55,-2.29,-3.2926,17493.01,120083.375
300955.SZ,20241122,15.97,15.97,15.0,15.07,15.85,-0.78,-4.9211,13196.0,20360.944
300956.SZ,20241122,18.49,19.36,18.02,18.04,18.4,-0.36,-1.9565,110464.37,206801.876
300957.SZ,20241122,50.38,50.56,47.8,47.9,50.64,-2.74,-5.4107,51566.0,253943.195
300958.SZ,20241122,13.0,13.1,12.41,12.42,13.0,-0.58,-4.4615,49255.12,63025.02
300959.SZ,20241122,38.01,41.01,37.05,38.18,39.19,-1.01,-2.5772,78632.32,309415.728
300960.SZ,20241122,23.46,23.62,21.89,21.99,23.5,-1.51,-6.4255,30245.0,68724.993
300961.SZ,20241122,10.7,10.97,10.37,10.43,10.81,-0.38,-3.5153,84670.92,90652.408
300962.SZ,20241122,17.61,17.63,16.61,16.61,17.7,-1.09,-6.1582,89145.0,152691.952
300963.SZ,20241122,9.4,9.96,9.4,9.46,9.36,0.1,1.0684,143903.69,139324.619
300964.SZ,20241122,39.71,40.25,37.3,37.6,39.7,-2.1,-5.2897,22889.0,89073.348
300965.SZ,20241122,33.64,33.7,32.32,32.38,33.6,-1.22,-3.631,4914.0,16193.567
300966.SZ,20241122,18.72,18.8,17.6,17.62,18.72,-1.1,-5.8761,24159.0,44033.193
300967.SZ,20241122,12.79,12.92,11.89,12.04,12.91,-0.87,-6.739,77239.0,95574.291
300968.SZ,20241122,19.88,20.0,18.5,18.58,20.38,-1.8,-8.8322,304318.19,588099.835
300969.SZ,20241122,83.89,86.8,82.0,83.02,83.72,-0.7,-0.8361,27714.0,235104.413
300970.SZ,20241122,13.5,13.54,12.87,12.91,13.49,-0.58,-4.2995,28335.59,37489.324
300971.SZ,20241122,22.51,22.59,21.26,21.3,22.52,-1.22,-5.4174,44713.0,98230.626
300972.SZ,20241122,67.84,69.07,63.56,63.89,68.35,-4.46,-6.5252,33620.33,220970.933
300973.SZ,20241122,35.81,35.81,33.66,33.7,35.82,-2.12,-5.9185,21658.69,74880.287
300975.SZ,20241122,12.68,12.75,12.08,12.08,12.77,-0.69,-5.4033,325978.12,404616.024
300976.SZ,20241122,60.43,61.96,58.56,58.64,60.43,-1.79,-2.9621,20005.6,121440.964
300977.SZ,20241122,21.32,22.19,20.18,20.23,21.85,-1.62,-7.4142,90565.39,190388.967
300978.SZ,20241122,12.14,12.15,11.48,11.5,12.13,-0.63,-5.1937,69932.0,83033.369
300979.SZ,20241122,69.77,70.08,68.69,69.37,69.06,0.31,0.4489,27356.59,190238.923
300980.SZ,20241122,23.28,23.39,21.8,22.0,23.16,-1.16,-5.0086,55955.71,126709.742
300981.SZ,20241122,15.35,15.5,14.25,14.34,15.66,-1.32,-8.4291,211792.85,313925.294
300982.SZ,20241122,19.01,19.2,18.28,18.3,19.11,-0.81,-4.2386,43442.2,81051.409
300983.SZ,20241122,19.09,19.2,18.32,18.32,19.09,-0.77,-4.0335,13198.99,24737.579
300984.SZ,20241122,25.41,25.76,23.2,24.5,25.64,-1.14,-4.4462,7352.0,18443.886
300985.SZ,20241122,20.2,20.85,19.31,19.37,20.42,-1.05,-5.142,51372.17,103788.256
300986.SZ,20241122,12.77,12.99,12.32,12.32,12.82,-0.5,-3.9002,29725.93,37647.511
300987.SZ,20241122,16.23,16.78,15.58,15.63,16.22,-0.59,-3.6375,77055.4,125323.353
300988.SZ,20241122,19.6,19.63,18.4,18.46,19.62,-1.16,-5.9123,42562.6,81202.828
300989.SZ,20241122,14.81,15.02,13.9,13.96,14.79,-0.83,-5.6119,138506.32,202039.821
300990.SZ,20241122,34.75,35.24,33.09,33.09,34.9,-1.81,-5.1862,23789.62,81623.001
300991.SZ,20241122,21.4,21.4,19.45,19.45,21.51,-2.06,-9.5769,115831.07,237623.438
300992.SZ,20241122,21.23,21.72,20.37,20.6,21.45,-0.85,-3.9627,14096.0,29845.231
300993.SZ,20241122,10.0,10.09,9.63,9.63,10.06,-0.43,-4.2744,40842.28,40367.853
300994.SZ,20241122,11.6,11.95,11.14,11.19,11.7,-0.51,-4.359,45331.6,52527.883
300995.SZ,20241122,17.92,18.0,16.9,16.94,17.83,-0.89,-4.9916,15860.0,27670.193
300996.SZ,20241122,19.72,20.56,18.82,18.88,19.88,-1.0,-5.0302,78570.31,156005.308
300997.SZ,20241122,12.98,13.05,12.36,12.4,13.03,-0.63,-4.835,33719.85,42997.536
300998.SZ,20241122,16.0,16.03,14.82,14.9,15.84,-0.94,-5.9343,35892.0,55092.507
300999.SZ,20241122,34.34,34.5,33.11,33.11,34.48,-1.37,-3.9733,88954.49,300330.366
301000.SZ,20241122,18.6,19.13,17.65,17.8,18.42,-0.62,-3.3659,102684.42,189976.263
301001.SZ,20241122,29.51,36.17,28.41,34.5,30.74,3.76,12.2316,199330.59,633878.745
301002.SZ,20241122,18.43,18.43,17.35,17.41,18.43,-1.02,-5.5345,19992.2,35822.1
301003.SZ,20241122,23.32,23.53,22.2,22.28,23.4,-1.12,-4.7863,12332.43,28167.063
301004.SZ,20241122,103.31,106.63,101.38,101.38,103.75,-2.37,-2.2843,6704.0,69965.583
301005.SZ,20241122,30.0,30.03,28.03,28.05,29.88,-1.83,-6.1245,37374.18,108165.06
301006.SZ,20241122,15.19,15.36,14.35,14.41,15.29,-0.88,-5.7554,18112.48,26927.97
301007.SZ,20241122,16.85,17.06,16.0,16.0,16.99,-0.99,-5.827,101573.04,168403.262
301008.SZ,20241122,20.7,20.93,19.61,19.67,20.81,-1.14,-5.4781,19245.22,39127.036
301009.SZ,20241122,10.11,11.14,9.68,10.43,9.95,0.48,4.8241,201716.6,207285.874
301010.SZ,20241122,14.57,14.65,13.76,13.79,14.61,-0.82,-5.6126,19743.0,27933.336
301011.SZ,20241122,21.34,22.37,20.58,21.31,21.63,-0.32,-1.4794,96082.46,208728.236
301012.SZ,20241122,23.53,23.78,22.5,22.53,23.75,-1.22,-5.1368,49518.03,114476.108
301013.SZ,20241122,13.75,14.15,13.22,13.27,13.81,-0.54,-3.9102,95843.78,131791.541
301015.SZ,20241122,27.92,27.96,26.42,26.43,27.92,-1.49,-5.3367,28075.82,76237.913
301016.SZ,20241122,24.12,24.45,22.87,22.88,24.59,-1.71,-6.954,60340.21,142646.85
301017.SZ,20241122,14.17,14.4,13.4,13.62,14.28,-0.66,-4.6218,92210.68,128851.812
301018.SZ,20241122,25.06,26.34,24.08,24.25,24.9,-0.65,-2.6104,131892.34,336366.622
301019.SZ,20241122,15.53,15.89,14.88,14.9,15.68,-0.78,-4.9745,13489.09,20753.158
301020.SZ,20241122,20.65,20.76,19.4,19.48,20.67,-1.19,-5.7571,22826.0,45900.754
301021.SZ,20241122,34.2,36.5,32.0,32.29,34.21,-1.92,-5.6124,180768.75,617271.443
301022.SZ,20241122,23.36,23.65,21.9,21.98,23.33,-1.35,-5.7865,18703.0,42329.497
301023.SZ,20241122,52.26,52.31,48.5,48.63,52.45,-3.82,-7.2831,13466.5,67715.613
301024.SZ,20241122,26.62,26.97,25.04,25.41,26.62,-1.21,-4.5455,11922.0,31217.301
301025.SZ,20241122,10.71,11.26,10.33,10.48,10.88,-0.4,-3.6765,84184.0,91572.614
301026.SZ,20241122,29.57,29.57,28.08,28.1,29.64,-1.54,-5.1957,17199.0,49674.028
301027.SZ,20241122,12.71,13.39,12.61,12.69,12.72,-0.03,-0.2358,90582.0,117366.249
301028.SZ,20241122,11.01,11.22,10.5,10.55,11.11,-0.56,-5.0405,33851.0,36538.656
301029.SZ,20241122,24.95,25.11,23.42,23.42,24.95,-1.53,-6.1323,57240.58,138314.569
301030.SZ,20241122,29.86,30.46,27.98,28.1,30.26,-2.16,-7.1381,128122.52,373507.989
301031.SZ,20241122,111.72,111.72,106.71,106.86,111.72,-4.86,-4.3502,4970.0,54369.031
301032.SZ,20241122,10.56,10.69,10.1,10.1,10.61,-0.51,-4.8068,54442.0,56706.272
301033.SZ,20241122,48.76,48.76,45.81,45.89,48.76,-2.87,-5.886,7638.87,35992.288
301035.SZ,20241122,50.47,50.78,48.89,48.89,50.72,-1.83,-3.608,9544.57,47456.424
301036.SZ,20241122,45.3,45.66,43.15,43.16,45.35,-2.19,-4.8291,46720.0,207146.67
301037.SZ,20241122,12.74,12.74,11.38,11.41,11.47,-0.06,-0.5231,73459.16,87558.879
301038.SZ,20241122,21.0,21.15,20.0,20.0,21.07,-1.07,-5.0783,27181.43,56074.401
301039.SZ,20241122,10.2,10.2,9.75,9.76,10.23,-0.47,-4.5943,191924.66,191765.207
301040.SZ,20241122,16.2,16.64,15.55,16.06,16.18,-0.12,-0.7417,33743.1,54000.173
301041.SZ,20241122,26.65,27.45,25.31,25.41,26.65,-1.24,-4.6529,73703.0,197010.496
301042.SZ,20241122,39.0,39.7,37.06,37.45,39.48,-2.03,-5.1418,29359.0,112284.724
301043.SZ,20241122,28.97,28.97,27.73,27.83,28.98,-1.15,-3.9683,8756.0,24650.585
301045.SZ,20241122,21.98,22.34,20.91,20.98,21.98,-1.0,-4.5496,20283.0,44040.762
301046.SZ,20241122,22.11,22.28,21.0,21.06,22.26,-1.2,-5.3908,21223.0,46043.201
301047.SZ,20241122,68.6,68.6,65.6,65.6,68.56,-2.96,-4.3174,10723.01,71833.502
301048.SZ,20241122,10.21,10.23,9.5,9.54,10.19,-0.65,-6.3788,131277.81,129146.833
301049.SZ,20241122,27.42,27.5,26.11,26.15,27.71,-1.56,-5.6297,32867.0,88331.626
301050.SZ,20241122,55.0,55.49,52.02,52.15,55.17,-3.02,-5.474,85475.01,460036.297
301051.SZ,20241122,32.1,32.45,31.0,31.05,32.31,-1.26,-3.8997,49633.89,156875.982
301052.SZ,20241122,27.75,29.13,26.94,26.94,27.8,-0.86,-3.0935,82160.14,231789.448
301053.SZ,20241122,22.39,22.39,21.12,21.23,22.3,-1.07,-4.7982,11655.12,25280.518
301055.SZ,20241122,14.26,14.4,13.57,13.64,14.27,-0.63,-4.4149,22294.0,31187.948
301056.SZ,20241122,8.98,8.98,8.64,8.66,8.95,-0.29,-3.2402,36063.51,31842.394
301057.SZ,20241122,14.6,14.84,14.06,14.15,14.62,-0.47,-3.2148,48408.94,69904.321
301058.SZ,20241122,12.01,12.34,11.5,11.53,11.9,-0.37,-3.1092,223779.0,268959.859
301059.SZ,20241122,11.3,11.38,10.72,10.74,11.31,-0.57,-5.0398,31339.8,34658.855
301060.SZ,20241122,10.69,10.69,9.96,9.98,10.65,-0.67,-6.2911,86128.0,88473.898
301061.SZ,20241122,56.87,57.89,54.06,54.2,56.32,-2.12,-3.7642,11186.69,62753.28
301062.SZ,20241122,13.56,13.56,12.66,12.68,13.59,-0.91,-6.6961,117178.69,153697.79
301063.SZ,20241122,17.75,17.85,16.71,16.76,17.77,-1.01,-5.6837,29386.0,50683.641
301065.SZ,20241122,20.76,20.78,19.52,19.7,20.76,-1.06,-5.106,19605.5,39526.847
301066.SZ,20241122,11.1,11.24,10.38,10.39,11.18,-0.79,-7.0662,79705.7,86611.687
301067.SZ,20241122,25.8,26.29,24.76,24.8,25.93,-1.13,-4.3579,26454.6,67920.952
301068.SZ,20241122,32.37,33.33,31.61,31.98,32.16,-0.18,-0.5597,8851.3,28838.523
301069.SZ,20241122,15.51,15.65,14.72,14.78,15.56,-0.78,-5.0129,69334.0,105769.058
301070.SZ,20241122,52.81,53.75,49.74,49.74,53.18,-3.44,-6.4686,17318.0,89709.954
301071.SZ,20241122,27.8,27.95,26.66,26.66,27.82,-1.16,-4.1697,38747.2,105882.085
301072.SZ,20241122,22.99,23.0,21.56,21.59,23.12,-1.53,-6.6176,19167.0,42785.008
301073.SZ,20241122,23.13,23.14,21.35,21.47,23.12,-1.65,-7.1367,72240.62,160820.86
301075.SZ,20241122,21.28,21.28,19.81,19.94,21.08,-1.14,-5.408,13975.0,28609.499
301076.SZ,20241122,20.82,21.09,19.5,19.56,20.71,-1.15,-5.5529,32699.39,66191.937
301077.SZ,20241122,24.49,24.56,23.26,23.29,24.49,-1.2,-4.9,23765.0,56699.609
301078.SZ,20241122,12.85,13.2,12.43,12.66,12.86,-0.2,-1.5552,624015.52,798532.813
301079.SZ,20241122,17.85,18.06,17.11,17.25,17.89,-0.64,-3.5774,57495.15,101026.033
301080.SZ,20241122,45.6,45.77,42.77,42.77,45.65,-2.88,-6.3089,19367.62,85435.893
301081.SZ,20241122,8.96,9.17,8.58,8.58,9.01,-0.43,-4.7725,42281.0,37714.307
301082.SZ,20241122,20.38,22.33,19.01,19.8,19.79,0.01,0.0505,612559.88,1270042.818
301083.SZ,20241122,15.7,16.04,15.08,15.16,15.85,-0.69,-4.3533,80369.0,125623.792
301085.SZ,20241122,63.82,68.6,61.75,62.16,61.77,0.39,0.6314,68700.33,449890.318
301086.SZ,20241122,50.85,51.8,48.38,48.7,50.84,-2.14,-4.2093,14398.5,72586.201
301087.SZ,20241122,39.16,39.29,36.7,36.87,38.89,-2.02,-5.1941,18479.5,69897.548
301088.SZ,20241122,13.66,13.73,13.21,13.25,13.62,-0.37,-2.7166,15100.0,20395.225
301089.SZ,20241122,33.15,33.57,31.45,31.54,33.33,-1.79,-5.3705,31266.04,101054.332
301090.SZ,20241122,7.99,8.03,7.63,7.64,8.02,-0.38,-4.7382,83243.75,65346.609
301091.SZ,20241122,54.8,57.57,52.6,53.92,55.61,-1.69,-3.039,211190.94,1152427.827
301092.SZ,20241122,26.3,26.98,25.25,25.3,26.35,-1.05,-3.9848,33424.0,87055.433
301093.SZ,20241122,23.87,23.95,22.65,22.67,23.87,-1.2,-5.0272,18626.93,43329.841
301095.SZ,20241122,64.92,66.88,59.69,59.95,65.24,-5.29,-8.1085,81573.55,518028.965
301096.SZ,20241122,41.52,41.52,39.64,39.64,41.5,-1.86,-4.4819,37559.31,151993.615
301097.SZ,20241122,44.58,46.26,43.61,44.76,44.58,0.18,0.4038,11004.55,49773.77
301098.SZ,20241122,9.11,9.14,8.7,8.72,9.13,-0.41,-4.4907,53331.05,47720.816
301099.SZ,20241122,41.59,42.42,39.68,39.77,41.79,-2.02,-4.8337,24773.04,102194.718
301100.SZ,20241122,18.61,18.85,17.45,17.56,18.68,-1.12,-5.9957,41384.58,75458.635
301101.SZ,20241122,33.0,35.0,32.35,32.55,33.76,-1.21,-3.5841,124832.05,423619.349
301102.SZ,20241122,11.63,12.0,11.0,11.15,11.67,-0.52,-4.4559,102221.06,118842.674
301103.SZ,20241122,22.84,22.96,21.59,21.62,22.97,-1.35,-5.8772,20997.0,46803.485
301105.SZ,20241122,31.15,31.67,29.5,29.69,31.15,-1.46,-4.687,8738.1,26524.877
301106.SZ,20241122,32.5,32.68,30.71,30.75,32.46,-1.71,-5.268,18131.2,57472.761
301107.SZ,20241122,28.45,28.72,27.05,27.13,28.75,-1.62,-5.6348,15646.82,43661.199
301108.SZ,20241122,28.52,28.58,26.76,26.76,28.26,-1.5,-5.3079,10420.0,28797.785
301109.SZ,20241122,17.04,17.11,16.33,16.35,16.98,-0.63,-3.7102,26486.5,44293.201
301110.SZ,20241122,43.84,50.98,43.01,46.35,44.15,2.2,4.983,98728.48,470932.873
301111.SZ,20241122,18.45,19.8,17.72,18.88,18.55,0.33,1.779,154298.08,290195.149
301112.SZ,20241122,26.95,27.15,25.62,25.62,26.95,-1.33,-4.9351,20254.0,53481.493
301113.SZ,20241122,26.7,26.86,25.2,25.33,26.7,-1.37,-5.1311,9782.93,25252.951
301115.SZ,20241122,14.98,15.02,14.5,14.51,15.02,-0.51,-3.3955,23682.36,35025.894
301116.SZ,20241122,12.11,12.16,11.35,11.39,12.19,-0.8,-6.5628,56905.0,66859.051
301117.SZ,20241122,33.71,34.61,32.0,32.0,34.14,-2.14,-6.2683,40340.0,134474.002
301118.SZ,20241122,22.05,22.6,20.66,20.82,21.89,-1.07,-4.8881,80895.76,176368.211
301119.SZ,20241122,24.78,24.98,23.78,24.04,24.57,-0.53,-2.1571,49138.7,119894.307
301120.SZ,20241122,10.24,10.35,9.73,9.74,10.29,-0.55,-5.345,77323.61,77654.702
301121.SZ,20241122,55.05,55.55,51.02,51.69,56.21,-4.52,-8.0413,48998.58,264892.165
301122.SZ,20241122,25.46,25.9,22.74,23.16,25.45,-2.29,-8.998,90308.0,219593.964
301123.SZ,20241122,20.03,20.23,19.1,19.1,20.12,-1.02,-5.0696,36820.97,72853.163
301125.SZ,20241122,11.65,11.74,10.97,10.97,11.65,-0.68,-5.8369,83237.6,94493.669
301126.SZ,20241122,11.61,11.74,11.2,11.21,11.67,-0.46,-3.9417,45651.0,52458.128
301127.SZ,20241122,13.91,14.3,13.59,13.68,13.93,-0.25,-1.7947,174108.34,243511.181
301128.SZ,20241122,58.03,58.98,54.9,55.02,59.0,-3.98,-6.7458,31098.99,178158.619
301129.SZ,20241122,24.98,29.14,24.59,29.14,24.28,4.86,20.0165,118742.65,331232.02
301130.SZ,20241122,28.2,28.2,26.31,26.36,27.88,-1.52,-5.4519,20174.0,54687.723
301131.SZ,20241122,37.74,37.87,35.12,35.12,38.25,-3.13,-8.183,31373.39,114775.972
301132.SZ,20241122,29.47,29.84,28.0,28.0,29.63,-1.63,-5.5012,47061.44,135780.6
301133.SZ,20241122,24.07,24.07,22.52,22.65,24.07,-1.42,-5.8995,24664.0,57425.321
301135.SZ,20241122,25.5,25.7,24.31,24.37,25.38,-1.01,-3.9795,18900.56,47479.268
301136.SZ,20241122,14.03,14.03,13.25,13.26,14.02,-0.76,-5.4208,61686.82,84243.032
301137.SZ,20241122,18.8,19.28,17.83,17.83,18.83,-1.0,-5.3107,40658.0,75772.622
301138.SZ,20241122,29.8,30.07,28.53,28.7,30.13,-1.43,-4.7461,30620.0,90131.331
301139.SZ,20241122,24.35,24.55,23.21,23.4,24.34,-0.94,-3.862,50699.19,122013.956
301141.SZ,20241122,42.01,46.33,41.03,43.8,42.3,1.5,3.5461,91955.44,400405.217
301148.SZ,20241122,20.58,20.85,19.63,19.68,20.6,-0.92,-4.466,21613.65,43818.055
301149.SZ,20241122,10.31,10.38,9.75,9.77,10.3,-0.53,-5.1456,50015.0,50300.106
301150.SZ,20241122,24.12,24.58,23.39,23.46,24.3,-0.84,-3.4568,46425.62,111160.242
301151.SZ,20241122,17.1,17.25,16.44,16.44,17.11,-0.67,-3.9158,38891.97,65870.52
301152.SZ,20241122,43.0,43.37,38.9,39.26,43.89,-4.63,-10.5491,72081.48,298048.205
301153.SZ,20241122,30.31,31.12,28.88,28.92,30.47,-1.55,-5.087,72825.83,217608.06
301155.SZ,20241122,60.3,62.66,57.4,57.4,61.04,-3.64,-5.9633,35000.85,208176.6
301156.SZ,20241122,14.06,14.09,13.18,13.25,14.0,-0.75,-5.3571,18987.22,25837.832
301157.SZ,20241122,41.3,41.82,39.14,39.3,42.07,-2.77,-6.5843,32264.32,129419.046
301158.SZ,20241122,15.22,15.43,14.5,14.54,15.23,-0.69,-4.5305,35273.0,52898.963
301159.SZ,20241122,36.69,38.68,35.8,36.31,36.88,-0.57,-1.5456,71790.0,269881.436
301160.SZ,20241122,55.76,56.04,51.81,51.88,56.04,-4.16,-7.4233,30621.86,163823.962
301161.SZ,20241122,19.69,19.8,18.6,18.61,19.71,-1.1,-5.5809,23969.0,45972.931
301162.SZ,20241122,40.0,40.15,38.15,38.16,40.0,-1.84,-4.6,16072.16,62875.644
301163.SZ,20241122,24.09,24.34,22.51,22.66,24.09,-1.43,-5.9361,21256.0,49871.561
301165.SZ,20241122,52.0,52.45,49.0,49.44,51.53,-2.09,-4.0559,23370.64,118994.753
301166.SZ,20241122,31.94,31.94,30.1,30.1,31.88,-1.78,-5.5834,15069.0,46781.625
301167.SZ,20241122,14.23,14.45,13.58,13.61,14.31,-0.7,-4.8917,32731.8,45953.09
301168.SZ,20241122,30.25,30.56,28.98,29.0,30.56,-1.56,-5.1047,21373.0,63530.677
301169.SZ,20241122,43.57,50.97,43.0,44.85,44.08,0.77,1.7468,67778.01,318242.319
301170.SZ,20241122,24.65,25.09,23.67,23.67,24.88,-1.21,-4.8633,14536.86,35294.465
301171.SZ,20241122,32.0,38.32,32.0,35.59,31.93,3.66,11.4626,1459213.1,5324040.735
301172.SZ,20241122,31.14,31.9,29.65,29.65,31.31,-1.66,-5.3018,30001.0,92150.244
301175.SZ,20241122,5.7,5.82,5.5,5.52,5.72,-0.2,-3.4965,300585.61,170361.84
301176.SZ,20241122,19.97,20.85,19.7,19.75,20.06,-0.31,-1.5454,59449.24,120721.859
301177.SZ,20241122,24.01,25.52,23.34,24.6,23.17,1.43,6.1718,70388.14,170002.89
301178.SZ,20241122,32.0,35.37,31.01,33.89,33.35,0.54,1.6192,148293.1,491356.893
301179.SZ,20241122,18.32,18.87,17.91,17.91,18.47,-0.56,-3.0319,54586.28,100821.788
301180.SZ,20241122,15.55,15.62,14.8,14.8,15.49,-0.69,-4.4545,40809.0,61958.124
301181.SZ,20241122,23.15,23.49,21.92,21.96,23.31,-1.35,-5.7915,23963.58,54341.851
301182.SZ,20241122,39.09,40.4,36.81,37.2,40.68,-3.48,-8.5546,69233.16,269851.106
301183.SZ,20241122,56.0,56.51,53.0,53.04,57.48,-4.44,-7.7244,74166.86,405462.18
301185.SZ,20241122,18.49,19.28,17.8,17.81,18.61,-0.8,-4.2988,64906.0,120847.086
301186.SZ,20241122,40.1,40.4,38.4,38.4,40.1,-1.7,-4.2394,15057.71,59188.423
301187.SZ,20241122,28.5,28.98,27.02,27.04,28.3,-1.26,-4.4523,22728.19,63544.471
301188.SZ,20241122,17.61,17.61,16.33,16.34,17.42,-1.08,-6.1998,104343.88,175963.393
301189.SZ,20241122,26.37,26.96,25.22,25.38,26.4,-1.02,-3.8636,45864.0,119112.536
301190.SZ,20241122,16.76,16.76,15.87,15.92,16.76,-0.84,-5.0119,33064.0,53791.788
301191.SZ,20241122,82.02,83.48,77.7,78.0,82.49,-4.49,-5.4431,12255.5,98778.996
301192.SZ,20241122,19.32,19.35,18.18,18.19,19.2,-1.01,-5.2604,12792.99,23959.416
301193.SZ,20241122,17.17,17.17,16.13,16.13,16.65,-0.52,-3.1231,19442.78,32148.396
301195.SZ,20241122,33.6,35.08,32.48,32.59,33.82,-1.23,-3.6369,31155.74,105909.107
301196.SZ,20241122,35.9,36.1,34.63,34.66,35.98,-1.32,-3.6687,11050.34,39066.006
301197.SZ,20241122,16.1,16.99,15.86,15.89,16.1,-0.21,-1.3043,64240.0,106164.414
301198.SZ,20241122,10.84,10.88,10.23,10.28,10.88,-0.6,-5.5147,50987.15,53835.712
301199.SZ,20241122,29.51,30.0,27.99,28.3,29.53,-1.23,-4.1653,28337.0,82555.731
301200.SZ,20241122,38.67,38.76,36.75,36.79,39.28,-2.49,-6.3391,46728.77,175813.397
301201.SZ,20241122,22.72,22.76,21.26,21.26,22.78,-1.52,-6.6725,32206.8,70700.935
301202.SZ,20241122,36.99,38.78,34.08,34.09,37.65,-3.56,-9.4555,78951.62,287879.445
301203.SZ,20241122,29.9,30.15,28.8,28.88,30.06,-1.18,-3.9255,5494.05,16208.451
301205.SZ,20241122,74.0,75.5,69.81,69.81,72.76,-2.95,-4.0544,45236.94,331845.019
301206.SZ,20241122,27.94,28.06,26.96,26.96,27.86,-0.9,-3.2304,12056.5,33148.144
301207.SZ,20241122,20.12,20.2,19.11,19.12,20.19,-1.07,-5.2997,34116.07,66973.972
301208.SZ,20241122,36.69,37.3,34.9,34.92,36.66,-1.74,-4.7463,33199.0,120347.732
301209.SZ,20241122,31.27,33.0,30.03,30.81,32.67,-1.86,-5.6933,47347.19,149225.177
301210.SZ,20241122,35.62,35.62,33.36,33.5,35.59,-2.09,-5.8724,11133.0,38575.052
301211.SZ,20241122,20.42,20.68,19.16,19.18,20.61,-1.43,-6.9384,50798.0,100783.311
301212.SZ,20241122,25.56,27.1,24.26,24.28,25.8,-1.52,-5.8915,44774.33,112952.383
301213.SZ,20241122,40.99,42.95,40.52,41.4,41.01,0.39,0.951,35599.0,148997.895
301215.SZ,20241122,6.87,6.93,6.4,6.41,6.87,-0.46,-6.6958,357036.36,238282.398
301216.SZ,20241122,11.35,11.4,10.84,10.87,11.37,-0.5,-4.3975,43536.05,48370.366
301217.SZ,20241122,11.44,11.57,10.94,10.94,11.47,-0.53,-4.6207,64925.98,73189.246
301218.SZ,20241122,24.6,25.43,23.56,23.7,24.74,-1.04,-4.2037,47041.0,116625.049
301219.SZ,20241122,51.95,52.17,49.11,49.29,51.99,-2.7,-5.1933,59299.39,299468.992
301220.SZ,20241122,36.61,37.98,34.28,34.56,37.03,-2.47,-6.6703,65884.75,238092.748
301221.SZ,20241122,51.44,51.99,48.18,48.24,51.95,-3.71,-7.1415,40865.2,205590.533
301222.SZ,20241122,28.15,28.6,26.93,26.96,28.38,-1.42,-5.0035,16471.51,45644.93
301223.SZ,20241122,17.38,17.39,16.87,16.98,17.38,-0.4,-2.3015,11034.0,18940.576
301225.SZ,20241122,28.82,28.82,27.05,27.11,28.82,-1.71,-5.9334,10717.41,29929.528
301226.SZ,20241122,24.89,25.03,23.45,23.5,25.12,-1.62,-6.449,33409.72,81152.321
301227.SZ,20241122,18.34,18.58,17.63,17.76,18.35,-0.59,-3.2153,13420.03,24295.807
301228.SZ,20241122,13.91,14.43,13.39,13.45,13.8,-0.35,-2.5362,62934.66,88073.581
301229.SZ,20241122,22.63,22.79,21.48,21.52,22.63,-1.11,-4.905,23095.02,51168.954
301230.SZ,20241122,26.04,26.44,24.83,24.88,26.07,-1.19,-4.5646,62761.92,161332.883
301231.SZ,20241122,19.6,20.26,18.51,18.64,19.51,-0.87,-4.4593,45518.0,88956.605
301232.SZ,20241122,29.2,29.38,27.72,27.77,29.38,-1.61,-5.4799,18589.66,52977.654
301233.SZ,20241122,44.96,45.45,42.9,43.1,44.96,-1.86,-4.137,22817.34,100381.642
301234.SZ,20241122,27.84,28.01,26.7,26.76,27.96,-1.2,-4.2918,13631.38,37115.38
301235.SZ,20241122,21.25,21.44,20.38,20.44,21.26,-0.82,-3.857,14699.0,30822.416
301236.SZ,20241122,60.78,65.37,60.41,60.43,61.09,-0.66,-1.0804,612019.8,3858097.963
301237.SZ,20241122,24.7,24.88,23.74,23.77,24.83,-1.06,-4.269,7852.0,19125.116
301238.SZ,20241122,19.72,20.18,18.62,18.63,18.94,-0.31,-1.6367,348973.68,684008.672
301239.SZ,20241122,49.45,52.29,48.8,49.35,49.57,-0.22,-0.4438,35692.5,180882.252
301246.SZ,20241122,16.2,16.48,15.24,15.29,16.46,-1.17,-7.1081,200661.19,317581.714
301248.SZ,20241122,17.73,18.05,16.77,16.79,17.84,-1.05,-5.8857,97484.16,169820.953
301251.SZ,20241122,33.94,34.25,32.17,32.2,34.05,-1.85,-5.4332,32485.64,108193.129
301252.SZ,20241122,30.5,31.2,29.09,29.11,30.91,-1.8,-5.8234,47866.36,144884.799
301255.SZ,20241122,37.9,38.49,35.06,35.06,38.22,-3.16,-8.2679,45782.8,167599.436
301256.SZ,20241122,8.31,8.38,7.92,7.95,8.34,-0.39,-4.6763,74156.0,60680.067
301257.SZ,20241122,31.01,31.33,29.4,29.47,31.27,-1.8,-5.7563,23596.9,71467.819
301258.SZ,20241122,27.73,27.91,26.01,26.17,27.74,-1.57,-5.6597,22564.0,60814.255
301259.SZ,20241122,47.75,51.28,47.25,49.15,47.79,1.36,2.8458,35032.67,173203.141
301260.SZ,20241122,14.41,14.45,13.7,13.71,14.38,-0.67,-4.6592,34371.05,48222.658
301261.SZ,20241122,42.66,43.38,40.42,40.66,42.66,-2.0,-4.6882,32371.92,135851.286
301262.SZ,20241122,27.6,28.82,26.91,26.93,27.82,-0.89,-3.1991,58007.54,162544.836
301263.SZ,20241122,14.23,14.26,13.6,13.65,14.24,-0.59,-4.1433,41890.2,58307.796
301265.SZ,20241122,9.75,9.83,9.33,9.35,9.77,-0.42,-4.2989,26145.73,25080.234
301266.SZ,20241122,44.86,44.99,42.26,42.32,46.1,-3.78,-8.1996,75907.52,331494.993
301267.SZ,20241122,21.95,21.95,20.8,20.81,21.9,-1.09,-4.9772,58019.97,123781.096
301268.SZ,20241122,18.95,19.03,18.02,18.03,18.94,-0.91,-4.8046,17074.51,31697.116
301269.SZ,20241122,126.0,126.98,116.86,117.9,128.44,-10.54,-8.2062,121175.42,1474681.365
301270.SZ,20241122,38.2,41.15,37.83,39.25,38.2,1.05,2.7487,79425.46,315772.349
301272.SZ,20241122,37.56,37.65,35.77,35.85,37.53,-1.68,-4.4764,7963.0,29362.376
301273.SZ,20241122,19.7,19.98,18.7,18.74,19.73,-0.99,-5.0177,9711.0,18794.746
301276.SZ,20241122,21.03,21.04,20.28,20.29,21.03,-0.74,-3.5188,13491.14,27817.665
301277.SZ,20241122,15.16,15.16,14.28,14.3,15.12,-0.82,-5.4233,47960.1,70545.282
301278.SZ,20241122,38.91,39.15,36.66,36.7,39.16,-2.46,-6.2819,16932.6,64300.979
301279.SZ,20241122,23.0,23.0,21.28,21.41,23.0,-1.59,-6.913,40288.0,89195.278
301280.SZ,20241122,44.03,44.28,41.81,41.91,44.06,-2.15,-4.8797,14945.89,64447.628
301281.SZ,20241122,37.88,37.88,35.0,35.17,37.21,-2.04,-5.4824,30613.53,111117.609
301282.SZ,20241122,23.05,23.24,21.86,21.9,23.12,-1.22,-5.2768,28787.96,65004.486
301283.SZ,20241122,30.22,30.99,28.45,29.1,30.35,-1.25,-4.1186,49262.09,145595.422
301285.SZ,20241122,25.67,27.59,25.28,27.11,25.67,1.44,5.6097,155906.96,421665.584
301286.SZ,20241122,36.68,36.68,34.25,34.33,35.95,-1.62,-4.5063,8957.0,31423.347
301287.SZ,20241122,29.66,30.49,28.88,29.02,29.65,-0.63,-2.1248,14477.0,43098.491
301288.SZ,20241122,17.66,18.12,16.53,16.65,17.9,-1.25,-6.9832,62899.31,109226.185
301289.SZ,20241122,57.0,63.0,54.41,54.79,54.66,0.13,0.2378,115779.75,672188.211
301290.SZ,20241122,28.17,29.2,27.1,27.1,28.27,-1.17,-4.1387,34098.16,96270.454
301291.SZ,20241122,40.97,41.3,39.07,39.15,40.91,-1.76,-4.3021,30276.24,121594.338
301292.SZ,20241122,16.11,16.87,15.79,15.84,16.26,-0.42,-2.583,79712.88,130169.344
301293.SZ,20241122,46.57,46.6,43.82,44.01,46.82,-2.81,-6.0017,92014.54,418014.192
301295.SZ,20241122,23.24,23.4,22.05,22.34,23.23,-0.89,-3.8313,17632.99,40208.74
301296.SZ,20241122,11.15,11.32,10.5,10.69,11.73,-1.04,-8.8662,197936.44,216388.02
301297.SZ,20241122,51.07,51.95,48.03,48.03,51.06,-3.03,-5.9342,136621.19,685428.795
301298.SZ,20241122,14.7,14.76,14.08,14.18,14.77,-0.59,-3.9946,19751.0,28571.832
301299.SZ,20241122,56.8,59.11,54.1,54.18,57.1,-2.92,-5.1138,32921.81,188416.558
301300.SZ,20241122,27.53,27.75,26.02,26.14,27.52,-1.38,-5.0145,10765.0,28925.952
301301.SZ,20241122,13.45,13.52,12.77,12.8,13.51,-0.71,-5.2554,365333.79,479488.843
301302.SZ,20241122,20.49,21.48,20.2,20.23,20.66,-0.43,-2.0813,84258.0,175349.723
301303.SZ,20241122,15.35,15.39,14.5,14.51,15.33,-0.82,-5.349,69396.42,103360.045
301305.SZ,20241122,18.0,19.1,17.98,18.57,17.97,0.6,3.3389,61765.75,114839.226
301306.SZ,20241122,43.2,43.56,40.87,40.93,43.7,-2.77,-6.3387,45537.99,191547.521
301307.SZ,20241122,24.88,25.15,23.5,23.55,25.23,-1.68,-6.6587,59510.57,145385.894
301308.SZ,20241122,87.58,88.2,83.0,83.0,87.52,-4.52,-5.1645,68211.88,583904.729
301309.SZ,20241122,27.8,27.91,26.52,26.53,27.8,-1.27,-4.5683,6937.15,18845.121
301310.SZ,20241122,26.0,26.24,24.52,24.55,25.8,-1.25,-4.845,20993.05,53315.353
301311.SZ,20241122,20.2,20.79,19.33,19.37,20.34,-0.97,-4.7689,69970.7,141205.877
301312.SZ,20241122,52.18,52.91,48.77,49.03,53.0,-3.97,-7.4906,35018.25,178329.255
301313.SZ,20241122,22.85,23.58,22.21,22.24,22.93,-0.69,-3.0092,59990.35,138612.115
301314.SZ,20241122,38.57,38.75,36.7,36.7,38.57,-1.87,-4.8483,9138.8,34687.91
301315.SZ,20241122,45.08,46.18,42.42,42.49,45.53,-3.04,-6.6769,34376.92,152250.258
301316.SZ,20241122,19.56,20.28,18.87,18.87,19.65,-0.78,-3.9695,110309.13,216818.202
301317.SZ,20241122,22.16,22.16,20.38,20.55,22.16,-1.61,-7.2653,21763.33,46004.197
301318.SZ,20241122,33.05,34.75,32.16,32.56,33.7,-1.14,-3.3828,97612.46,327326.78
301319.SZ,20241122,31.52,31.8,29.82,29.89,31.86,-1.97,-6.1833,19784.51,61069.787
301320.SZ,20241122,16.21,16.49,15.42,15.5,16.31,-0.81,-4.9663,39070.0,62629.687
301321.SZ,20241122,17.55,18.01,16.5,16.52,17.55,-1.03,-5.8689,57155.6,98965.002
301322.SZ,20241122,26.67,26.69,25.28,25.28,26.69,-1.41,-5.2829,13828.47,35907.299
301323.SZ,20241122,35.83,37.27,35.72,36.14,36.1,0.04,0.1108,25481.0,93107.574
301325.SZ,20241122,52.5,53.22,49.8,49.82,54.12,-4.3,-7.9453,104906.54,540489.394
301326.SZ,20241122,71.72,86.84,71.46,81.56,72.37,9.19,12.6986,52670.58,421818.537
301327.SZ,20241122,82.5,82.97,78.68,78.87,82.5,-3.63,-4.4,6340.23,51183.715
301328.SZ,20241122,40.11,40.35,37.8,37.82,40.13,-2.31,-5.7563,15952.5,62338.296
301329.SZ,20241122,20.04,20.19,19.05,19.11,20.04,-0.93,-4.6407,27984.68,55147.135
301330.SZ,20241122,28.24,29.19,27.2,27.33,28.66,-1.33,-4.6406,65377.19,186494.372
301331.SZ,20241122,25.41,25.41,23.75,23.8,25.17,-1.37,-5.443,14151.34,34583.516
301332.SZ,20241122,10.93,11.21,10.4,10.4,11.02,-0.62,-5.6261,109388.45,118411.893
301333.SZ,20241122,60.01,60.01,57.57,58.41,60.1,-1.69,-2.812,11731.4,68847.523
301335.SZ,20241122,21.2,21.23,20.0,20.0,21.15,-1.15,-5.4374,16573.87,34153.99
301336.SZ,20241122,35.41,35.63,33.56,33.56,35.41,-1.85,-5.2245,5838.12,20164.973
301337.SZ,20241122,35.15,35.79,32.7,32.85,35.68,-2.83,-7.9316,54087.02,186480.454
301338.SZ,20241122,36.4,36.45,34.27,34.27,36.76,-2.49,-6.7737,29826.05,105245.597
301339.SZ,20241122,21.01,21.47,20.03,20.08,21.21,-1.13,-5.3277,88425.0,184530.985
301345.SZ,20241122,63.1,63.28,59.45,59.45,63.1,-3.65,-5.7845,7230.02,44280.691
301348.SZ,20241122,28.63,29.24,27.09,27.18,28.85,-1.67,-5.7886,68930.9,194919.754
301349.SZ,20241122,33.68,34.43,32.04,32.07,33.89,-1.82,-5.3703,24986.5,83043.122
301353.SZ,20241122,27.78,27.93,27.31,27.48,27.78,-0.3,-1.0799,7857.0,21673.185
301355.SZ,20241122,11.62,11.75,11.23,11.42,11.62,-0.2,-1.7212,34696.32,39941.387
301356.SZ,20241122,19.61,19.88,18.34,18.4,19.79,-1.39,-7.0237,24650.25,46746.196
301357.SZ,20241122,37.56,42.0,37.07,39.23,38.0,1.23,3.2368,79737.24,319167.655
301358.SZ,20241122,51.11,51.99,50.63,50.64,51.38,-0.74,-1.4402,76940.61,394610.455
301359.SZ,20241122,24.69,24.69,23.28,23.33,24.63,-1.3,-5.2781,19948.62,47920.481
301360.SZ,20241122,56.55,58.39,54.39,54.44,57.0,-2.56,-4.4912,21722.91,122574.992
301361.SZ,20241122,26.65,26.81,25.66,25.68,26.62,-0.94,-3.5312,23597.48,62013.11
301362.SZ,20241122,45.8,46.19,43.02,43.03,45.88,-2.85,-6.2119,13066.77,57695.294
301363.SZ,20241122,29.58,29.95,29.07,29.1,29.76,-0.66,-2.2177,20669.15,61130.247
301365.SZ,20241122,15.06,15.96,14.95,14.97,15.09,-0.12,-0.7952,59026.81,90832.226
301366.SZ,20241122,46.0,46.06,43.4,43.43,46.18,-2.75,-5.955,39387.6,176452.889
301367.SZ,20241122,70.8,70.99,68.05,68.07,70.8,-2.73,-3.8559,5521.0,38438.315
301368.SZ,20241122,50.0,50.71,47.2,47.3,50.25,-2.95,-5.8706,68068.0,333650.074
301369.SZ,20241122,60.39,60.9,56.85,56.85,60.42,-3.57,-5.9086,17982.5,106073.4
301370.SZ,20241122,12.03,12.04,11.41,11.43,12.02,-0.59,-4.9085,66632.8,78201.546
301371.SZ,20241122,36.59,36.6,35.16,35.16,36.58,-1.42,-3.8819,18146.85,65087.887
301372.SZ,20241122,23.57,23.81,22.5,22.58,23.59,-1.01,-4.2815,19105.0,44349.425
301373.SZ,20241122,27.24,27.31,25.85,25.89,27.25,-1.36,-4.9908,9783.85,26002.667
301376.SZ,20241122,19.83,22.0,19.69,21.06,19.82,1.24,6.2563,85270.84,178659.23
301377.SZ,20241122,20.4,20.64,19.32,19.33,20.4,-1.07,-5.2451,25564.0,51091.217
301378.SZ,20241122,33.0,34.1,31.04,31.04,32.93,-1.89,-5.7394,38539.2,126398.262
301379.SZ,20241122,20.58,20.95,19.6,19.64,20.68,-1.04,-5.029,28714.23,58178.968
301380.SZ,20241122,41.16,43.39,40.5,40.77,41.5,-0.73,-1.759,34715.57,146876.394
301381.SZ,20241122,26.33,28.15,26.02,26.95,26.19,0.76,2.9019,91191.55,249784.679
301382.SZ,20241122,26.86,28.14,26.08,26.17,26.99,-0.82,-3.0382,81980.42,223264.757
301383.SZ,20241122,37.1,39.62,36.85,37.45,37.03,0.42,1.1342,103839.69,399025.716
301386.SZ,20241122,21.84,21.84,20.76,20.76,21.84,-1.08,-4.9451,17465.0,37222.516
301387.SZ,20241122,34.5,35.09,32.91,32.93,34.82,-1.89,-5.4279,28539.4,97547.685
301388.SZ,20241122,24.17,24.17,22.51,22.61,23.94,-1.33,-5.5556,19112.54,44400.452
301389.SZ,20241122,16.08,16.23,15.34,15.35,16.11,-0.76,-4.7176,34986.0,55420.126
301390.SZ,20241122,32.33,32.35,30.3,30.37,32.36,-1.99,-6.1496,13166.0,41300.665
301391.SZ,20241122,40.7,41.34,38.57,38.6,40.71,-2.11,-5.183,16934.4,67633.404
301392.SZ,20241122,71.4,73.8,68.26,68.8,71.54,-2.74,-3.83,32949.87,235923.181
301393.SZ,20241122,46.05,46.33,43.19,43.21,46.34,-3.13,-6.7544,17436.6,78214.455
301395.SZ,20241122,12.27,12.28,11.6,11.63,12.26,-0.63,-5.1387,23475.28,27975.346
301396.SZ,20241122,31.39,31.65,28.62,28.75,31.57,-2.82,-8.9325,154420.76,464219.647
301397.SZ,20241122,28.23,28.23,25.96,26.11,28.44,-2.33,-8.1927,36801.23,99738.234
301398.SZ,20241122,47.89,52.88,47.02,49.45,47.89,1.56,3.2575,55244.21,278536.825
301399.SZ,20241122,24.88,27.45,24.88,26.0,25.93,0.07,0.27,117627.66,310607.707
301408.SZ,20241122,12.18,13.0,12.08,12.51,12.26,0.25,2.0392,131056.03,164851.529
301413.SZ,20241122,49.5,52.51,48.0,48.5,49.95,-1.45,-2.9029,39474.9,199242.092
301418.SZ,20241122,37.58,37.78,35.6,35.65,37.58,-1.93,-5.1357,14853.46,54578.04
301419.SZ,20241122,30.5,30.5,28.5,28.61,30.57,-1.96,-6.4115,20743.71,61219.731
301421.SZ,20241122,57.38,58.15,53.27,53.64,57.41,-3.77,-6.5668,55987.08,312669.389
301428.SZ,20241122,32.85,33.68,31.22,31.44,32.95,-1.51,-4.5827,44592.45,145961.195
301429.SZ,20241122,17.64,17.69,16.61,16.77,17.56,-0.79,-4.4989,12578.11,21511.169
301439.SZ,20241122,14.02,14.02,13.37,13.39,13.96,-0.57,-4.0831,29627.71,40522.653
301446.SZ,20241122,22.15,22.25,21.06,21.15,22.15,-1.0,-4.5147,16543.46,35856.276
301448.SZ,20241122,22.24,22.88,21.35,21.36,22.35,-0.99,-4.4295,22313.05,49472.349
301456.SZ,20241122,25.7,25.7,24.05,24.08,25.87,-1.79,-6.9192,36882.03,91502.654
301459.SZ,20241122,41.01,41.39,38.48,38.8,41.35,-2.55,-6.1669,18205.41,73036.925
301468.SZ,20241122,24.1,24.1,22.85,22.88,24.1,-1.22,-5.0622,15198.56,35709.471
301469.SZ,20241122,25.63,25.86,24.42,24.42,25.63,-1.21,-4.721,20130.36,50703.036
301486.SZ,20241122,46.27,47.15,43.99,44.07,46.25,-2.18,-4.7135,28193.34,128497.726
301487.SZ,20241122,25.04,25.18,23.52,23.57,25.29,-1.72,-6.8011,200533.96,490668.431
301488.SZ,20241122,60.76,60.82,56.77,56.8,60.9,-4.1,-6.7323,19300.04,113759.726
301489.SZ,20241122,69.27,70.36,65.59,65.68,70.0,-4.32,-6.1714,34022.23,231798.116
301498.SZ,20241122,63.2,64.1,61.0,61.36,63.2,-1.84,-2.9114,21373.42,133896.743
301499.SZ,20241122,27.12,27.36,25.7,25.73,27.1,-1.37,-5.0554,24022.71,63718.482
301500.SZ,20241122,20.42,20.5,19.53,19.56,20.42,-0.86,-4.2116,21706.71,43430.601
301502.SZ,20241122,42.88,43.33,40.92,40.97,42.88,-1.91,-4.4543,12184.28,51581.693
301503.SZ,20241122,33.98,34.28,32.32,32.57,33.95,-1.38,-4.0648,12148.0,40736.566
301505.SZ,20241122,27.5,28.5,27.26,27.28,29.33,-2.05,-6.9894,129053.07,359237.744
301507.SZ,20241122,13.58,13.66,12.97,12.99,13.64,-0.65,-4.7654,49134.21,65430.51
301508.SZ,20241122,39.35,39.88,36.9,37.1,39.12,-2.02,-5.1636,50581.96,194873.376
301509.SZ,20241122,32.09,32.27,29.81,29.92,32.0,-2.08,-6.5,24644.8,76144.57
301510.SZ,20241122,27.43,27.67,25.88,25.92,27.48,-1.56,-5.6769,51128.96,136988.739
301511.SZ,20241122,16.3,16.47,15.51,15.52,16.46,-0.94,-5.7108,185463.0,297095.945
301512.SZ,20241122,43.89,45.85,42.81,42.81,43.78,-0.97,-2.2156,16839.85,74769.468
301515.SZ,20241122,21.03,21.99,20.16,20.19,21.3,-1.11,-5.2113,49851.24,104263.758
301516.SZ,20241122,19.69,19.78,18.22,18.25,19.65,-1.4,-7.1247,82902.77,157337.676
301517.SZ,20241122,57.5,57.9,54.1,54.16,57.86,-3.7,-6.3947,31211.85,175099.299
301518.SZ,20241122,18.1,18.15,17.09,17.12,18.06,-0.94,-5.2049,18290.27,32279.975
301519.SZ,20241122,13.77,13.95,13.14,13.27,13.77,-0.5,-3.6311,30527.16,41382.01
301520.SZ,20241122,42.97,43.0,40.43,40.5,42.84,-2.34,-5.4622,13033.0,54306.596
301522.SZ,20241122,42.55,44.8,42.0,42.64,43.0,-0.36,-0.8372,108458.17,468789.003
301525.SZ,20241122,58.96,59.49,55.66,55.73,59.4,-3.67,-6.1785,13748.2,79520.368
301526.SZ,20241122,4.18,4.29,3.97,3.98,4.17,-0.19,-4.5564,461566.91,190114.652
301528.SZ,20241122,45.33,45.5,42.56,42.56,45.33,-2.77,-6.1107,11276.1,49917.802
301529.SZ,20241122,34.91,35.08,32.94,33.0,35.14,-2.14,-6.0899,17023.83,57972.457
301533.SZ,20241122,29.71,29.89,28.32,28.48,29.68,-1.2,-4.0431,13117.5,38412.564
301536.SZ,20241122,44.8,45.3,42.44,42.49,45.16,-2.67,-5.9123,38274.9,167620.773
301538.SZ,20241122,82.25,84.2,80.6,80.8,82.26,-1.46,-1.7749,10306.92,84881.342
301539.SZ,20241122,20.64,20.69,19.51,19.54,20.64,-1.1,-5.3295,25857.0,52011.301
301548.SZ,20241122,47.59,47.87,46.03,46.03,47.6,-1.57,-3.2983,11564.47,54377.279
301550.SZ,20241122,61.0,63.66,58.0,58.0,61.93,-3.93,-6.3459,81560.46,500171.663
301551.SZ,20241122,61.99,62.33,59.1,59.39,62.2,-2.81,-4.5177,30650.15,186724.164
301552.SZ,20241122,54.69,55.28,52.16,52.23,55.12,-2.89,-5.2431,11123.0,59417.669
301555.SZ,20241122,27.6,27.88,26.11,26.25,27.45,-1.2,-4.3716,21923.57,59122.943
301556.SZ,20241122,85.79,90.53,84.21,84.52,86.86,-2.34,-2.694,30646.05,267932.001
301558.SZ,20241122,9.56,10.29,9.38,9.51,9.36,0.15,1.6026,729094.68,713364.514
301559.SZ,20241122,16.87,16.94,16.25,16.26,16.87,-0.61,-3.6159,26794.0,44462.862
301565.SZ,20241122,21.58,21.66,20.43,20.43,21.74,-1.31,-6.0258,55963.56,118026.567
301566.SZ,20241122,19.34,20.1,18.52,18.64,19.44,-0.8,-4.1152,46064.69,89920.127
301567.SZ,20241122,49.0,50.18,46.6,46.67,48.91,-2.24,-4.5798,16247.93,78959.702
301568.SZ,20241122,35.45,35.66,33.35,33.44,35.71,-2.27,-6.3568,24968.46,86288.45
301571.SZ,20241122,48.3,49.5,46.5,46.5,48.13,-1.63,-3.3867,37037.24,178777.887
301577.SZ,20241122,66.59,70.4,65.0,66.55,67.72,-1.17,-1.7277,25876.09,174068.212
301578.SZ,20241122,60.5,60.5,55.95,56.01,61.69,-5.68,-9.2073,29771.75,173607.443
301580.SZ,20241122,58.99,59.31,56.21,56.28,59.33,-3.05,-5.1407,8552.0,49349.221
301586.SZ,20241122,62.01,62.41,59.25,59.25,62.42,-3.17,-5.0785,21779.28,132679.367
301587.SZ,20241122,27.7,27.75,26.24,26.31,27.86,-1.55,-5.5635,25114.63,67811.448
301588.SZ,20241122,22.24,22.29,21.21,21.29,22.23,-0.94,-4.2285,15867.0,34758.344
301589.SZ,20241122,182.08,182.98,170.77,171.18,183.33,-12.15,-6.6274,12441.48,220232.987
301591.SZ,20241122,37.39,37.94,35.58,35.58,37.68,-2.1,-5.5732,15371.27,56675.671
301592.SZ,20241122,171.99,189.37,167.14,180.35,175.66,4.69,2.6699,64450.14,1134082.554
301596.SZ,20241122,110.0,111.97,105.0,105.1,111.04,-5.94,-5.3494,18254.13,197835.786
301600.SZ,20241122,78.34,78.88,73.58,73.6,78.33,-4.73,-6.0386,21961.64,167247.607
301603.SZ,20241122,44.88,45.77,42.81,42.93,44.88,-1.95,-4.3449,30409.93,135387.367
301606.SZ,20241122,36.46,36.81,34.25,34.4,36.45,-2.05,-5.6241,45343.0,161331.662
301607.SZ,20241122,41.0,41.6,39.2,39.23,41.0,-1.77,-4.3171,15669.0,63347.17
301608.SZ,20241122,63.16,63.6,59.11,59.41,63.33,-3.92,-6.1898,14804.14,91081.239
301611.SZ,20241122,62.17,63.0,59.06,59.12,62.25,-3.13,-5.0281,67795.88,412736.568
301613.SZ,20241122,70.16,70.37,66.77,66.8,70.16,-3.36,-4.7891,29305.58,199627.033
301618.SZ,20241122,114.33,115.06,109.95,110.0,115.58,-5.58,-4.8278,17345.97,194599.441
301626.SZ,20241122,114.05,116.8,109.0,109.05,117.28,-8.23,-7.0174,24969.12,283586.36
301628.SZ,20241122,98.01,98.01,90.11,91.0,98.61,-7.61,-7.7173,40574.31,383406.977
301631.SZ,20241122,205.0,240.0,205.0,206.99,72.99,134.0,183.5868,100520.0,2147871.176
301633.SZ,20241122,112.78,112.86,105.6,105.78,115.16,-9.38,-8.1452,26793.1,291866.669
302132.SZ,20241122,69.89,71.08,67.16,67.35,69.72,-2.37,-3.3993,203064.64,1413667.262
