ts_code,trade_date,open,high,low,close,pre_close,change,pct_chg,vol,amount
300001.SZ,20240507,20.51,20.57,20.23,20.46,20.63,-0.17,-0.824,169972.58,346469.291
300002.SZ,20240507,9.68,9.8,9.4,9.45,9.71,-0.26,-2.6777,743063.94,709660.914
300003.SZ,20240507,14.9,15.03,14.76,14.93,14.87,0.06,0.4035,148223.82,220779.659
300004.SZ,20240507,4.94,4.98,4.9,4.94,4.94,0.0,0.0,46237.0,22825.568
300005.SZ,20240507,5.79,5.83,5.67,5.76,5.82,-0.06,-1.0309,169576.0,97394.514
300006.SZ,20240507,2.99,3.06,2.93,3.0,2.96,0.04,1.3514,167749.97,50207.179
300007.SZ,20240507,15.11,15.18,14.92,15.12,15.09,0.03,0.1988,66132.94,99699.443
300008.SZ,20240507,3.81,3.94,3.8,3.93,3.83,0.1,2.611,600887.51,234718.474
300009.SZ,20240507,10.51,10.55,10.32,10.4,10.48,-0.08,-0.7634,193675.91,201206.668
300010.SZ,20240507,2.55,2.58,2.49,2.56,2.55,0.01,0.3922,111389.15,28265.618
300011.SZ,20240507,5.99,6.05,5.91,5.98,6.0,-0.02,-0.3333,92792.8,55387.569
300012.SZ,20240507,12.9,13.24,12.83,13.16,12.85,0.31,2.4125,192231.0,251324.669
300013.SZ,20240507,2.06,2.08,2.0,2.06,2.08,-0.02,-0.9615,179579.77,36729.572
300014.SZ,20240507,38.67,38.98,38.35,38.84,38.78,0.06,0.1547,164856.92,637530.856
300015.SZ,20240507,13.34,13.34,13.16,13.22,13.34,-0.12,-0.8996,649555.54,858976.237
300016.SZ,20240507,5.13,5.22,5.06,5.2,5.09,0.11,2.1611,107703.0,55413.272
300017.SZ,20240507,9.51,9.69,9.36,9.43,9.58,-0.15,-1.5658,806085.48,765426.194
300018.SZ,20240507,5.12,5.2,5.07,5.19,5.12,0.07,1.3672,80811.96,41688.97
300019.SZ,20240507,13.75,13.86,13.56,13.73,13.7,0.03,0.219,72129.49,98759.277
300020.SZ,20240507,4.28,4.28,4.28,4.28,5.35,-1.07,-20.0,18247.0,7809.716
300021.SZ,20240507,4.03,4.06,3.95,3.97,4.01,-0.04,-0.9975,75067.0,29895.42
300022.SZ,20240507,4.17,4.24,4.12,4.17,4.18,-0.01,-0.2392,69508.01,29007.953
300024.SZ,20240507,11.01,11.08,10.88,11.0,10.96,0.04,0.365,211501.46,232267.037
300025.SZ,20240507,9.93,10.08,9.81,9.87,9.9,-0.03,-0.303,80042.09,79346.064
300026.SZ,20240507,3.91,3.93,3.87,3.9,3.9,0.0,0.0,306447.55,119423.98
300027.SZ,20240507,2.0,2.05,1.99,2.02,2.01,0.01,0.4975,382908.23,77328.523
300029.SZ,20240507,4.6,4.6,4.46,4.49,4.63,-0.14,-3.0238,24833.01,11202.276
300030.SZ,20240507,4.87,4.92,4.79,4.91,4.84,0.07,1.4463,87639.99,42702.838
300031.SZ,20240507,14.45,14.8,14.37,14.51,14.54,-0.03,-0.2063,152612.0,221928.523
300032.SZ,20240507,3.83,3.83,3.76,3.82,3.81,0.01,0.2625,101044.0,38377.472
300033.SZ,20240507,123.23,124.7,122.54,123.69,124.21,-0.52,-0.4186,59290.61,733020.839
300034.SZ,20240507,17.84,18.54,17.76,18.48,17.96,0.52,2.8953,338446.6,620464.437
300035.SZ,20240507,10.42,10.51,10.19,10.29,10.64,-0.35,-3.2895,346650.18,356353.392
300036.SZ,20240507,16.59,16.88,16.47,16.79,16.69,0.1,0.5992,145110.18,242784.895
300037.SZ,20240507,34.3,34.98,34.16,34.84,34.3,0.54,1.5743,83118.57,288192.962
300039.SZ,20240507,6.33,6.39,6.29,6.35,6.33,0.02,0.316,195091.39,123712.365
300040.SZ,20240507,4.63,4.63,4.54,4.61,4.64,-0.03,-0.6466,67137.79,30764.929
300041.SZ,20240507,8.47,8.53,8.37,8.52,8.44,0.08,0.9479,138821.97,117445.587
300042.SZ,20240507,25.4,25.54,24.78,25.01,25.38,-0.37,-1.4578,34455.4,86541.598
300043.SZ,20240507,2.64,2.69,2.62,2.64,2.64,0.0,0.0,274689.11,72762.062
300044.SZ,20240507,5.51,5.61,5.46,5.58,5.55,0.03,0.5405,510514.73,283369.951
300045.SZ,20240507,20.71,21.78,20.49,21.5,20.75,0.75,3.6145,635002.22,1350296.63
300046.SZ,20240507,11.23,11.32,11.11,11.24,11.23,0.01,0.089,20715.49,23317.763
300047.SZ,20240507,7.71,7.77,7.59,7.7,7.72,-0.02,-0.2591,135658.5,104207.366
300048.SZ,20240507,5.43,5.52,5.37,5.42,5.4,0.02,0.3704,92675.0,50552.604
300049.SZ,20240507,53.88,54.28,53.0,53.53,54.06,-0.53,-0.9804,39599.59,212189.717
300050.SZ,20240507,3.59,3.71,3.54,3.7,3.62,0.08,2.2099,368513.31,134801.375
300051.SZ,20240507,8.44,8.57,8.14,8.19,8.46,-0.27,-3.1915,37155.0,30706.698
300052.SZ,20240507,13.68,13.82,13.58,13.71,13.59,0.12,0.883,43733.72,59939.002
300053.SZ,20240507,10.33,11.05,10.27,10.88,10.3,0.58,5.6311,450985.19,485950.243
300054.SZ,20240507,23.72,24.25,23.68,23.83,23.74,0.09,0.3791,89661.0,214549.82
300055.SZ,20240507,4.97,5.0,4.92,5.0,4.96,0.04,0.8065,42791.62,21250.283
300056.SZ,20240507,9.76,9.92,9.59,9.82,9.75,0.07,0.7179,100722.81,98206.687
300057.SZ,20240507,4.9,4.93,4.81,4.9,4.89,0.01,0.2045,100080.61,48687.081
300058.SZ,20240507,6.52,6.69,6.48,6.53,6.52,0.01,0.1534,670611.9,440460.372
300059.SZ,20240507,13.21,13.27,13.13,13.18,13.25,-0.07,-0.5283,1623536.19,2141717.849
300061.SZ,20240507,4.18,4.28,4.17,4.23,4.21,0.02,0.4751,83671.2,35363.473
300062.SZ,20240507,4.96,5.01,4.93,5.0,5.0,0.0,0.0,71895.03,35756.156
300063.SZ,20240507,4.75,5.21,4.74,4.93,4.7,0.23,4.8936,839205.5,416557.873
300065.SZ,20240507,7.28,7.51,7.21,7.51,7.28,0.23,3.1593,216688.7,160163.542
300066.SZ,20240507,3.62,3.67,3.57,3.61,3.61,0.0,0.0,195665.68,70831.604
300067.SZ,20240507,5.49,5.88,5.25,5.28,5.6,-0.32,-5.7143,1810285.14,1000441.058
300068.SZ,20240507,10.5,10.6,10.42,10.58,10.56,0.02,0.1894,185560.81,195211.987
300069.SZ,20240507,10.42,10.47,10.2,10.4,10.4,0.0,0.0,13469.71,13978.189
300070.SZ,20240507,4.94,4.95,4.89,4.94,4.94,0.0,0.0,196797.09,96802.243
300071.SZ,20240507,2.71,2.79,2.7,2.73,2.71,0.02,0.738,123953.0,33878.912
300072.SZ,20240507,2.4,2.46,2.39,2.45,2.41,0.04,1.6598,269949.3,65538.164
300073.SZ,20240507,44.76,45.5,43.56,43.95,45.1,-1.15,-2.5499,302280.87,1335136.825
300074.SZ,20240507,3.63,3.76,3.55,3.74,3.65,0.09,2.4658,280309.0,103418.23
300075.SZ,20240507,15.67,15.91,15.6,15.68,15.77,-0.09,-0.5707,150589.89,237149.935
300076.SZ,20240507,3.76,3.84,3.65,3.83,3.89,-0.06,-1.5424,206594.54,78114.752
300077.SZ,20240507,9.6,9.74,9.53,9.69,9.65,0.04,0.4145,90643.96,87521.055
300078.SZ,20240507,2.99,3.11,2.99,3.04,3.02,0.02,0.6623,139525.06,42640.001
300079.SZ,20240507,4.71,4.84,4.71,4.76,4.73,0.03,0.6342,331633.0,158259.937
300080.SZ,20240507,4.27,4.3,4.21,4.29,4.26,0.03,0.7042,83415.38,35526.466
300081.SZ,20240507,6.48,6.57,6.41,6.51,6.44,0.07,1.087,167977.13,108911.612
300082.SZ,20240507,5.49,5.7,5.48,5.65,5.51,0.14,2.5408,111456.16,62563.099
300083.SZ,20240507,6.1,6.46,6.03,6.45,6.1,0.35,5.7377,1251930.02,789593.023
300084.SZ,20240507,5.84,5.94,5.81,5.89,5.85,0.04,0.6838,66768.26,39202.321
300085.SZ,20240507,10.3,10.53,10.17,10.39,10.27,0.12,1.1685,107841.84,111847.177
300086.SZ,20240507,4.79,4.85,4.74,4.85,4.78,0.07,1.4644,71122.31,34204.77
300087.SZ,20240507,7.75,7.82,7.7,7.76,7.76,0.0,0.0,89101.79,69125.372
300088.SZ,20240507,5.23,5.25,5.17,5.22,5.23,-0.01,-0.1912,236460.08,123297.488
300091.SZ,20240507,1.86,1.93,1.84,1.93,1.87,0.06,3.2086,234449.68,44432.96
300092.SZ,20240507,10.47,10.72,10.43,10.68,10.51,0.17,1.6175,86438.0,91346.048
300093.SZ,20240507,14.15,15.26,14.01,14.68,14.14,0.54,3.819,217812.43,317672.983
300094.SZ,20240507,3.42,3.43,3.34,3.38,3.4,-0.02,-0.5882,377506.33,127274.727
300095.SZ,20240507,6.7,7.05,6.67,6.97,6.71,0.26,3.8748,93246.0,64323.551
300096.SZ,20240507,3.34,3.36,3.22,3.24,3.34,-0.1,-2.994,192080.51,62875.298
300097.SZ,20240507,7.21,7.33,7.14,7.24,7.23,0.01,0.1383,116806.2,84773.707
300098.SZ,20240507,3.51,3.57,3.48,3.52,3.56,-0.04,-1.1236,393416.95,138516.214
300099.SZ,20240507,5.25,5.44,5.21,5.41,5.26,0.15,2.8517,252221.09,135689.761
300100.SZ,20240507,10.48,10.66,10.27,10.56,10.6,-0.04,-0.3774,124100.79,130184.61
300101.SZ,20240507,16.56,17.25,16.33,16.92,16.54,0.38,2.2975,186933.96,315664.969
300102.SZ,20240507,6.68,7.15,6.58,6.89,6.64,0.25,3.7651,237571.9,162417.102
300103.SZ,20240507,4.08,4.19,4.03,4.17,4.04,0.13,3.2178,99324.0,40916.452
300105.SZ,20240507,7.01,7.2,6.96,7.09,7.07,0.02,0.2829,146510.91,104117.771
300106.SZ,20240507,6.76,6.83,6.67,6.78,6.76,0.02,0.2959,52489.5,35375.647
300107.SZ,20240507,12.5,14.39,12.3,13.93,11.99,1.94,16.1802,1422717.83,1917095.202
300108.SZ,20240507,1.83,1.84,1.75,1.78,1.85,-0.07,-3.7838,152616.05,27266.212
300109.SZ,20240507,22.25,22.41,21.96,22.25,22.25,0.0,0.0,95597.02,212169.831
300110.SZ,20240507,3.79,3.8,3.69,3.75,3.79,-0.04,-1.0554,225335.72,84306.801
300111.SZ,20240507,2.45,2.49,2.43,2.48,2.45,0.03,1.2245,132950.81,32644.471
300112.SZ,20240507,7.98,8.03,7.9,8.02,7.96,0.06,0.7538,51243.0,40882.143
300113.SZ,20240507,11.68,11.79,11.5,11.62,11.67,-0.05,-0.4284,121555.57,141418.665
300115.SZ,20240507,11.03,11.06,10.84,10.98,11.05,-0.07,-0.6335,393240.35,430166.795
300117.SZ,20240507,1.28,1.32,1.24,1.27,1.29,-0.02,-1.5504,308435.54,39206.262
300118.SZ,20240507,12.93,12.97,12.75,12.87,13.01,-0.14,-1.0761,190989.33,245271.618
300119.SZ,20240507,16.33,17.08,16.24,17.02,16.5,0.52,3.1515,162803.17,272190.117
300120.SZ,20240507,5.31,5.41,5.25,5.3,5.27,0.03,0.5693,89104.23,47297.648
300121.SZ,20240507,8.8,9.02,8.77,9.01,8.81,0.2,2.2701,104809.83,93587.086
300122.SZ,20240507,36.82,37.3,36.56,36.88,37.03,-0.15,-0.4051,217176.4,800674.307
300123.SZ,20240507,5.35,5.71,5.3,5.66,5.36,0.3,5.597,471887.35,262698.62
300124.SZ,20240507,63.0,64.15,62.68,63.77,62.95,0.82,1.3026,170425.16,1084383.774
300125.SZ,20240507,3.17,3.48,3.03,3.26,3.47,-0.21,-6.0519,789596.16,246647.81
300126.SZ,20240507,5.32,5.35,5.24,5.33,5.33,0.0,0.0,37648.8,19956.22
300127.SZ,20240507,16.78,17.49,16.78,17.05,16.43,0.62,3.7736,166283.54,284397.889
300128.SZ,20240507,3.8,3.8,3.63,3.69,3.75,-0.06,-1.6,122591.91,45357.653
300129.SZ,20240507,7.72,7.85,7.67,7.79,7.75,0.04,0.5161,140550.18,109138.386
300130.SZ,20240507,22.08,22.25,21.59,21.82,22.07,-0.25,-1.1328,108523.73,237402.402
300131.SZ,20240507,4.92,4.98,4.87,4.95,4.95,0.0,0.0,277182.33,136634.924
300132.SZ,20240507,4.23,4.25,4.14,4.23,4.2,0.03,0.7143,94186.19,39555.826
300133.SZ,20240507,8.6,9.38,8.41,8.52,8.12,0.4,4.9261,2898014.72,2528731.267
300134.SZ,20240507,8.21,8.32,8.16,8.28,8.23,0.05,0.6075,64216.0,53030.926
300135.SZ,20240507,3.25,3.8,3.23,3.45,3.27,0.18,5.5046,1889751.53,662488.445
300136.SZ,20240507,19.3,20.07,18.92,19.76,19.3,0.46,2.3834,432141.56,847966.967
300137.SZ,20240507,5.45,5.62,5.43,5.56,5.48,0.08,1.4599,47523.83,26341.923
300138.SZ,20240507,9.8,10.01,9.67,9.97,9.77,0.2,2.0471,113860.12,112270.692
300139.SZ,20240507,12.02,12.75,11.88,12.1,12.03,0.07,0.5819,624643.9,762425.234
300140.SZ,20240507,7.21,7.21,7.08,7.12,7.19,-0.07,-0.9736,49238.82,35124.564
300141.SZ,20240507,7.69,7.76,7.6,7.74,7.69,0.05,0.6502,25994.5,20013.039
300142.SZ,20240507,14.98,15.23,14.82,15.09,14.97,0.12,0.8016,157239.5,236499.422
300143.SZ,20240507,8.53,8.62,8.47,8.6,8.53,0.07,0.8206,42480.0,36373.154
300144.SZ,20240507,10.68,10.76,10.58,10.68,10.68,0.0,0.0,232889.69,248598.208
300145.SZ,20240507,3.14,3.18,3.13,3.15,3.15,0.0,0.0,297191.29,93683.575
300146.SZ,20240507,15.96,16.09,15.73,16.04,15.99,0.05,0.3127,179216.75,285174.588
300147.SZ,20240507,3.8,3.87,3.78,3.86,3.79,0.07,1.847,113934.0,43672.313
300148.SZ,20240507,2.83,2.89,2.81,2.84,2.84,0.0,0.0,209246.0,59569.484
300149.SZ,20240507,5.33,5.41,5.28,5.38,5.3,0.08,1.5094,112514.32,60070.274
300150.SZ,20240507,3.17,3.25,3.15,3.21,3.17,0.04,1.2618,78084.71,25015.475
300151.SZ,20240507,16.19,16.5,16.1,16.38,16.18,0.2,1.2361,37524.59,61475.158
300152.SZ,20240507,2.26,2.35,2.23,2.32,2.27,0.05,2.2026,465925.98,107118.065
300153.SZ,20240507,6.57,6.63,6.48,6.6,6.51,0.09,1.3825,53556.0,35187.294
300154.SZ,20240507,6.03,6.08,5.96,6.07,6.03,0.04,0.6633,39035.5,23601.738
300155.SZ,20240507,3.67,4.13,3.61,3.77,3.68,0.09,2.4457,184231.05,70105.908
300157.SZ,20240507,2.47,2.55,2.44,2.53,2.49,0.04,1.6064,150846.64,37891.951
300158.SZ,20240507,5.05,5.09,4.85,5.01,5.01,0.0,0.0,492424.53,243671.518
300159.SZ,20240507,1.86,2.24,1.85,2.24,1.87,0.37,19.7861,2004573.04,433131.144
300160.SZ,20240507,5.72,5.73,5.58,5.67,5.79,-0.12,-2.0725,255656.5,144522.829
300161.SZ,20240507,28.49,28.9,28.0,28.54,28.7,-0.16,-0.5575,52103.93,148022.971
300162.SZ,20240507,5.44,5.49,5.36,5.46,5.42,0.04,0.738,62861.0,34257.947
300163.SZ,20240507,1.55,1.66,1.51,1.6,1.72,-0.12,-6.9767,1067626.96,166170.967
300164.SZ,20240507,4.43,4.61,4.38,4.52,4.44,0.08,1.8018,544014.51,244125.24
300165.SZ,20240507,3.77,3.79,3.68,3.79,3.74,0.05,1.3369,117485.81,43893.67
300166.SZ,20240507,7.45,7.57,7.41,7.47,7.44,0.03,0.4032,155144.27,115955.771
300167.SZ,20240507,1.71,1.76,1.65,1.66,1.75,-0.09,-5.1429,198935.86,33934.257
300168.SZ,20240507,5.93,6.0,5.84,5.94,5.89,0.05,0.8489,99018.38,58746.939
300169.SZ,20240507,5.79,6.23,5.67,6.04,5.83,0.21,3.6021,672288.8,396398.966
300170.SZ,20240507,6.68,6.72,6.6,6.67,6.66,0.01,0.1502,169349.13,112829.878
300171.SZ,20240507,15.74,16.2,15.48,15.94,14.94,1.0,6.6934,239058.62,378726.874
300172.SZ,20240507,5.8,5.82,5.69,5.78,5.81,-0.03,-0.5164,452562.9,259916.95
300173.SZ,20240507,4.22,4.24,4.18,4.24,4.23,0.01,0.2364,132148.0,55708.502
300174.SZ,20240507,16.76,16.86,16.6,16.74,16.79,-0.05,-0.2978,37059.07,61934.013
300175.SZ,20240507,7.0,7.9,6.86,7.57,6.6,0.97,14.697,1109233.53,808237.008
300176.SZ,20240507,5.38,5.44,5.27,5.34,5.44,-0.1,-1.8382,68828.0,36627.712
300177.SZ,20240507,7.2,7.55,7.09,7.37,7.5,-0.13,-1.7333,1376987.87,1006729.615
300179.SZ,20240507,7.96,7.97,7.85,7.91,7.95,-0.04,-0.5031,64648.68,50965.153
300180.SZ,20240507,4.05,4.44,4.03,4.2,4.13,0.07,1.6949,1813706.75,769574.413
300181.SZ,20240507,15.48,15.99,15.3,15.95,15.6,0.35,2.2436,260229.51,409490.093
300182.SZ,20240507,5.15,5.32,5.15,5.21,5.15,0.06,1.165,1067728.25,559054.218
300183.SZ,20240507,12.23,12.3,12.1,12.25,12.24,0.01,0.0817,28468.1,34777.311
300184.SZ,20240507,5.09,5.13,5.03,5.09,5.09,0.0,0.0,364141.44,185139.596
300185.SZ,20240507,2.21,2.23,2.19,2.21,2.21,0.0,0.0,305049.64,67361.835
300187.SZ,20240507,5.85,6.01,5.83,5.88,5.86,0.02,0.3413,32436.0,19118.104
300188.SZ,20240507,13.45,14.03,13.4,13.71,13.49,0.22,1.6308,175207.82,239972.926
300189.SZ,20240507,2.55,2.56,2.51,2.54,2.53,0.01,0.3953,121372.0,30731.66
300190.SZ,20240507,3.32,3.39,3.28,3.39,3.29,0.1,3.0395,87611.08,29208.619
300191.SZ,20240507,14.37,14.71,14.27,14.6,14.48,0.12,0.8287,49763.58,72245.333
300192.SZ,20240507,11.13,11.13,10.7,10.87,11.13,-0.26,-2.336,130550.0,141785.074
300193.SZ,20240507,8.48,8.69,8.44,8.53,8.52,0.01,0.1174,127041.39,108568.085
300194.SZ,20240507,4.28,4.5,4.22,4.4,4.28,0.12,2.8037,744110.07,325497.187
300195.SZ,20240507,5.02,5.02,4.94,4.98,5.01,-0.03,-0.5988,76992.02,38276.908
300196.SZ,20240507,11.77,12.68,11.7,12.43,11.78,0.65,5.5178,115591.43,142767.541
300197.SZ,20240507,1.72,1.72,1.68,1.69,1.71,-0.02,-1.1696,308524.53,52228.231
300198.SZ,20240507,1.63,1.69,1.61,1.68,1.63,0.05,3.0675,307016.0,51123.706
300199.SZ,20240507,12.9,13.49,12.73,13.19,13.15,0.04,0.3042,695798.71,910459.864
300200.SZ,20240507,7.81,8.11,7.7,8.03,7.91,0.12,1.5171,289267.34,226670.509
300201.SZ,20240507,4.17,4.3,4.13,4.3,4.16,0.14,3.3654,251783.62,106767.782
300203.SZ,20240507,12.68,13.38,12.49,13.27,12.65,0.62,4.9012,133620.0,174656.421
300204.SZ,20240507,6.82,6.93,6.72,6.81,6.89,-0.08,-1.1611,96326.9,65453.013
300205.SZ,20240507,6.79,7.08,6.69,6.98,6.78,0.2,2.9499,82822.0,57610.328
300206.SZ,20240507,10.5,11.31,10.16,10.3,9.94,0.36,3.6217,328445.84,347584.069
300207.SZ,20240507,15.4,15.52,15.3,15.43,15.42,0.01,0.0649,240551.41,370619.597
300208.SZ,20240507,2.3,2.37,2.24,2.27,2.39,-0.12,-5.0209,336145.22,77258.789
300209.SZ,20240507,2.7,2.72,2.6,2.68,2.7,-0.02,-0.7407,92196.24,24371.013
300210.SZ,20240507,10.87,11.19,10.7,10.72,10.87,-0.15,-1.3799,342419.0,373365.457
300211.SZ,20240507,6.48,6.59,6.45,6.57,6.52,0.05,0.7669,42308.0,27668.361
300212.SZ,20240507,22.0,22.25,21.65,21.85,22.06,-0.21,-0.9519,123229.51,270036.538
300213.SZ,20240507,6.67,6.87,6.6,6.86,6.68,0.18,2.6946,232551.0,157458.025
300214.SZ,20240507,6.0,6.21,5.93,6.14,6.03,0.11,1.8242,137259.97,83092.313
300215.SZ,20240507,4.18,4.22,4.14,4.21,4.18,0.03,0.7177,89419.0,37491.165
300217.SZ,20240507,4.72,4.73,4.6,4.63,4.72,-0.09,-1.9068,369338.48,171723.534
300218.SZ,20240507,15.19,15.53,15.14,15.43,15.22,0.21,1.3798,30642.0,47135.914
300219.SZ,20240507,6.27,6.32,6.22,6.31,6.27,0.04,0.638,87005.29,54638.298
300220.SZ,20240507,7.15,7.64,7.05,7.49,7.25,0.24,3.3103,43902.6,32152.832
300221.SZ,20240507,6.71,6.77,6.42,6.45,6.67,-0.22,-3.2984,358220.0,234729.137
300222.SZ,20240507,5.99,6.04,5.92,6.0,5.99,0.01,0.1669,96215.28,57558.311
300223.SZ,20240507,64.3,65.5,63.55,64.16,64.02,0.14,0.2187,71885.03,463973.063
300224.SZ,20240507,10.75,11.08,10.74,10.86,10.75,0.11,1.0233,98078.0,106972.772
300225.SZ,20240507,6.16,6.28,6.03,6.17,6.11,0.06,0.982,129215.0,79438.079
300226.SZ,20240507,20.78,21.28,20.68,20.96,20.82,0.14,0.6724,81820.62,171397.102
300227.SZ,20240507,6.53,6.92,6.49,6.84,6.55,0.29,4.4275,323554.04,218549.38
300228.SZ,20240507,6.91,7.09,6.85,7.04,6.91,0.13,1.8813,259116.6,180549.854
300229.SZ,20240507,15.67,16.48,15.66,15.98,15.68,0.3,1.9133,340646.11,548266.294
300230.SZ,20240507,4.11,4.16,4.07,4.08,4.09,-0.01,-0.2445,196386.6,80730.599
300231.SZ,20240507,8.74,8.86,8.67,8.78,8.76,0.02,0.2283,83343.04,73120.411
300232.SZ,20240507,5.71,5.73,5.62,5.71,5.71,0.0,0.0,149292.71,84852.365
300233.SZ,20240507,19.52,19.58,18.51,19.05,19.45,-0.4,-2.0566,277964.3,525172.807
300234.SZ,20240507,4.54,4.61,4.47,4.6,4.54,0.06,1.3216,69826.85,31736.129
300235.SZ,20240507,9.15,9.23,9.08,9.16,9.19,-0.03,-0.3264,45151.0,41351.755
300236.SZ,20240507,33.41,34.04,33.41,33.8,33.6,0.2,0.5952,19738.84,66705.515
300237.SZ,20240507,1.42,1.43,1.39,1.41,1.42,-0.01,-0.7042,241427.43,33962.233
300238.SZ,20240507,10.45,10.74,10.4,10.67,10.49,0.18,1.7159,84793.0,89884.709
300239.SZ,20240507,5.72,5.73,5.48,5.54,5.73,-0.19,-3.3159,317650.8,176993.084
300240.SZ,20240507,5.58,5.64,5.43,5.6,5.59,0.01,0.1789,28939.0,16137.189
300241.SZ,20240507,4.01,4.02,3.97,4.01,3.99,0.02,0.5013,102532.02,40966.686
300242.SZ,20240507,2.69,2.77,2.64,2.68,2.7,-0.02,-0.7407,269430.0,72742.546
300243.SZ,20240507,11.82,12.4,11.45,12.3,11.55,0.75,6.4935,395390.66,473244.923
300244.SZ,20240507,14.89,15.19,14.69,15.11,14.79,0.32,2.1636,229671.5,344608.932
300245.SZ,20240507,6.26,6.26,6.1,6.18,6.16,0.02,0.3247,57481.74,35468.683
300246.SZ,20240507,8.35,8.57,8.33,8.57,7.14,1.43,20.028,117535.83,100630.547
300247.SZ,20240507,2.93,2.96,2.89,2.95,2.92,0.03,1.0274,101477.0,29699.797
300248.SZ,20240507,7.46,7.51,7.35,7.44,7.46,-0.02,-0.2681,45060.56,33490.748
300249.SZ,20240507,7.32,7.44,7.27,7.3,7.38,-0.08,-1.084,125408.0,91941.944
300250.SZ,20240507,13.86,13.98,13.67,13.83,13.78,0.05,0.3628,39223.78,54252.403
300251.SZ,20240507,9.58,9.94,9.55,9.59,9.64,-0.05,-0.5187,350187.35,339710.124
300252.SZ,20240507,7.75,7.91,7.59,7.84,7.74,0.1,1.292,358981.71,278557.171
300253.SZ,20240507,7.0,7.01,6.91,6.94,6.99,-0.05,-0.7153,216994.13,150984.203
300254.SZ,20240507,9.3,10.0,9.16,9.62,9.3,0.32,3.4409,178610.0,170307.534
300255.SZ,20240507,12.0,12.38,11.96,12.1,12.19,-0.09,-0.7383,431168.02,522271.363
300256.SZ,20240507,2.15,2.17,2.13,2.16,2.16,0.0,0.0,173961.5,37305.662
300257.SZ,20240507,13.06,13.15,12.91,12.99,13.06,-0.07,-0.536,43418.59,56428.967
300258.SZ,20240507,10.29,10.3,10.1,10.17,10.25,-0.08,-0.7805,113011.61,114885.958
300259.SZ,20240507,3.06,3.09,3.04,3.08,3.06,0.02,0.6536,81164.87,24899.548
300260.SZ,20240507,25.24,25.37,24.71,24.87,25.22,-0.35,-1.3878,70750.0,176443.64
300261.SZ,20240507,6.6,7.1,6.5,7.0,6.65,0.35,5.2632,673671.16,456698.909
300263.SZ,20240507,6.28,6.84,6.23,6.77,6.27,0.5,7.9745,489920.82,322818.981
300264.SZ,20240507,4.96,4.98,4.86,4.91,4.92,-0.01,-0.2033,96726.83,47496.803
300265.SZ,20240507,6.58,6.82,6.52,6.77,6.59,0.18,2.7314,98522.66,66067.283
300266.SZ,20240507,1.76,1.81,1.73,1.78,1.76,0.02,1.1364,202443.9,35721.537
300267.SZ,20240507,2.66,2.77,2.6,2.74,2.64,0.1,3.7879,609338.0,164625.685
300268.SZ,20240507,8.29,8.33,8.19,8.27,8.37,-0.1,-1.1947,4985.0,4116.113
300269.SZ,20240507,3.91,3.94,3.85,3.89,3.89,0.0,0.0,154496.1,60217.628
300270.SZ,20240507,5.79,5.88,5.75,5.84,5.82,0.02,0.3436,61352.5,35707.886
300271.SZ,20240507,6.0,6.13,5.94,6.04,6.0,0.04,0.6667,142710.06,86351.601
300272.SZ,20240507,5.69,5.69,5.5,5.52,5.7,-0.18,-3.1579,211797.23,117604.036
300274.SZ,20240507,105.23,108.45,104.1,106.9,105.68,1.22,1.1544,140407.96,1503505.113
300275.SZ,20240507,9.78,10.27,9.76,10.08,9.86,0.22,2.2312,115147.0,115540.115
300276.SZ,20240507,3.9,3.95,3.87,3.92,3.91,0.01,0.2558,254124.12,99387.845
300277.SZ,20240507,7.24,7.29,7.12,7.18,7.23,-0.05,-0.6916,32012.0,23007.887
300278.SZ,20240507,3.5,3.51,3.44,3.48,3.49,-0.01,-0.2865,118011.61,41015.729
300279.SZ,20240507,4.86,4.94,4.81,4.9,4.93,-0.03,-0.6085,87450.59,42784.82
300280.SZ,20240507,26.92,27.56,26.4,26.66,27.06,-0.4,-1.4782,173356.99,465930.106
300281.SZ,20240507,4.6,4.73,4.47,4.71,4.6,0.11,2.3913,71670.5,33422.841
300283.SZ,20240507,4.89,4.91,4.84,4.9,4.88,0.02,0.4098,49812.61,24305.256
300284.SZ,20240507,8.68,9.25,8.57,8.97,8.68,0.29,3.341,1284042.0,1151841.177
300285.SZ,20240507,19.7,19.85,19.47,19.52,19.78,-0.26,-1.3145,138777.19,271625.748
300286.SZ,20240507,21.91,22.05,21.7,21.9,22.28,-0.38,-1.7056,33464.47,73098.084
300287.SZ,20240507,2.79,2.81,2.72,2.77,2.78,-0.01,-0.3597,251500.0,69455.901
300288.SZ,20240507,13.28,13.42,13.13,13.23,13.29,-0.06,-0.4515,64105.0,84973.004
300289.SZ,20240507,4.72,4.81,4.66,4.76,4.73,0.03,0.6342,90424.5,42777.108
300290.SZ,20240507,8.72,8.8,8.4,8.45,8.78,-0.33,-3.7585,673896.5,577352.763
300291.SZ,20240507,5.27,5.49,5.25,5.29,5.34,-0.05,-0.9363,315676.87,168854.419
300292.SZ,20240507,3.76,3.81,3.7,3.73,3.75,-0.02,-0.5333,621640.51,233379.788
300293.SZ,20240507,13.19,13.45,13.13,13.3,13.2,0.1,0.7576,94763.0,126206.161
300294.SZ,20240507,32.48,33.25,32.34,33.07,32.6,0.47,1.4417,73762.54,242561.956
300295.SZ,20240507,9.56,10.13,9.31,10.0,9.8,0.2,2.0408,295780.95,288712.546
300296.SZ,20240507,5.04,5.08,4.98,5.03,5.03,0.0,0.0,179601.14,90292.126
300298.SZ,20240507,25.08,25.08,24.1,24.59,24.73,-0.14,-0.5661,44048.81,107714.466
300299.SZ,20240507,4.36,4.42,4.3,4.36,4.34,0.02,0.4608,100557.45,43858.325
300300.SZ,20240507,2.58,2.63,2.53,2.59,2.54,0.05,1.9685,148527.97,38250.378
300301.SZ,20240507,1.44,1.44,1.36,1.39,1.43,-0.04,-2.7972,100433.4,13882.185
300302.SZ,20240507,10.9,11.13,10.8,11.0,10.88,0.12,1.1029,124051.43,136408.127
300303.SZ,20240507,5.19,5.21,5.12,5.15,5.18,-0.03,-0.5792,190637.06,98414.692
300304.SZ,20240507,7.57,7.65,7.41,7.5,7.7,-0.2,-2.5974,376899.87,283114.283
300305.SZ,20240507,6.95,6.97,6.79,6.97,6.92,0.05,0.7225,39028.0,26829.975
300306.SZ,20240507,10.02,10.13,9.98,10.08,10.02,0.06,0.5988,24136.02,24272.297
300307.SZ,20240507,6.29,6.4,6.22,6.34,6.35,-0.01,-0.1575,328938.0,207564.121
300308.SZ,20240507,187.78,188.72,172.1,176.79,183.22,-6.43,-3.5094,308644.35,5529937.099
300310.SZ,20240507,4.83,4.92,4.73,4.77,5.01,-0.24,-4.7904,1258035.11,605039.412
300311.SZ,20240507,4.49,4.7,4.43,4.55,4.45,0.1,2.2472,160160.88,73447.764
300313.SZ,20240507,6.66,6.67,6.45,6.63,6.62,0.01,0.1511,48822.22,32118.171
300314.SZ,20240507,11.4,11.85,11.34,11.52,11.4,0.12,1.0526,43386.0,49932.659
300315.SZ,20240507,5.08,5.19,5.05,5.07,5.1,-0.03,-0.5882,925767.26,472791.154
300316.SZ,20240507,34.21,34.51,33.83,33.9,34.2,-0.3,-0.8772,144214.44,490863.359
300317.SZ,20240507,3.98,4.0,3.91,3.94,3.97,-0.03,-0.7557,79233.16,31224.838
300318.SZ,20240507,5.33,5.37,5.24,5.35,5.33,0.02,0.3752,96074.19,51084.615
300319.SZ,20240507,8.2,8.3,8.15,8.19,8.22,-0.03,-0.365,127246.75,104461.683
300320.SZ,20240507,7.57,7.63,7.41,7.46,7.6,-0.14,-1.8421,106731.0,79918.416
300321.SZ,20240507,23.37,25.95,22.85,24.35,23.15,1.2,5.1836,31960.06,77650.336
300322.SZ,20240507,9.3,9.69,9.22,9.5,9.29,0.21,2.2605,413289.29,392571.703
300323.SZ,20240507,4.91,4.93,4.86,4.92,4.91,0.01,0.2037,80079.75,39266.837
300324.SZ,20240507,2.66,2.77,2.63,2.73,2.64,0.09,3.4091,448266.66,121542.127
300326.SZ,20240507,5.09,5.11,4.99,5.09,5.06,0.03,0.5929,72659.0,36752.631
300327.SZ,20240507,20.07,20.34,19.82,19.92,20.04,-0.12,-0.5988,111917.05,223946.73
300328.SZ,20240507,5.18,5.27,5.15,5.22,5.2,0.02,0.3846,122225.2,63853.378
300329.SZ,20240507,4.7,4.73,4.65,4.71,4.69,0.02,0.4264,33981.0,15951.249
300331.SZ,20240507,18.11,18.37,17.94,18.09,18.08,0.01,0.0553,40558.64,73524.793
300332.SZ,20240507,6.3,6.36,6.21,6.34,6.3,0.04,0.6349,84193.69,52936.029
300333.SZ,20240507,4.87,4.91,4.8,4.88,4.85,0.03,0.6186,65120.76,31668.405
300334.SZ,20240507,5.74,5.77,5.61,5.73,5.71,0.02,0.3503,36978.03,21097.558
300335.SZ,20240507,4.55,4.57,4.47,4.55,4.54,0.01,0.2203,110963.36,50087.839
300337.SZ,20240507,7.2,7.33,7.16,7.24,7.17,0.07,0.9763,223917.99,162230.938
300338.SZ,20240507,1.82,2.0,1.82,1.92,2.28,-0.36,-15.7895,691364.31,130568.933
300339.SZ,20240507,22.79,23.07,22.4,22.56,22.9,-0.34,-1.4847,308888.47,700385.322
300340.SZ,20240507,8.31,8.47,8.3,8.39,8.35,0.04,0.479,44550.6,37339.006
300341.SZ,20240507,9.82,9.99,9.72,9.89,9.77,0.12,1.2282,52484.03,51964.261
300342.SZ,20240507,13.11,15.33,13.03,14.62,13.11,1.51,11.5179,726232.97,1036932.52
300343.SZ,20240507,6.42,6.82,6.27,6.59,6.08,0.51,8.3882,1062022.66,693287.201
300344.SZ,20240507,3.93,4.12,3.9,3.99,3.93,0.06,1.5267,144015.4,57580.84
300345.SZ,20240507,7.17,7.35,7.13,7.31,7.15,0.16,2.2378,30713.0,22237.527
300346.SZ,20240507,25.44,25.89,25.32,25.45,25.54,-0.09,-0.3524,66171.16,169130.591
300347.SZ,20240507,61.55,62.08,60.5,61.7,61.75,-0.05,-0.081,92794.08,570910.702
300348.SZ,20240507,7.62,7.73,7.58,7.65,7.65,0.0,0.0,83713.04,64028.111
300349.SZ,20240507,14.65,14.75,14.14,14.24,14.57,-0.33,-2.2649,130648.22,187124.605
300350.SZ,20240507,5.68,5.76,5.58,5.65,5.65,0.0,0.0,399800.6,226721.978
300351.SZ,20240507,17.9,18.09,17.77,18.05,17.92,0.13,0.7254,127929.79,230013.731
300352.SZ,20240507,4.61,4.66,4.56,4.6,4.58,0.02,0.4367,227870.5,105012.019
300353.SZ,20240507,8.56,8.79,8.48,8.73,8.54,0.19,2.2248,167309.79,145245.059
300354.SZ,20240507,44.79,45.18,43.91,44.12,44.8,-0.68,-1.5179,15079.57,66838.459
300355.SZ,20240507,2.9,2.91,2.86,2.91,2.9,0.01,0.3448,241723.15,69877.473
300357.SZ,20240507,25.0,25.28,24.7,25.25,24.78,0.47,1.8967,82777.35,207104.164
300358.SZ,20240507,9.05,9.24,8.74,8.91,8.63,0.28,3.2445,258578.85,231431.308
300359.SZ,20240507,4.44,4.47,4.39,4.42,4.44,-0.02,-0.4505,76859.7,34037.328
300360.SZ,20240507,15.16,15.2,14.91,15.08,15.14,-0.06,-0.3963,81281.9,122138.752
300363.SZ,20240507,17.37,17.43,17.11,17.33,17.38,-0.05,-0.2877,74417.87,128665.833
300364.SZ,20240507,25.51,26.49,24.8,25.14,25.39,-0.25,-0.9846,798498.38,2052592.062
300365.SZ,20240507,5.24,5.34,5.19,5.32,5.26,0.06,1.1407,110876.05,58678.653
300366.SZ,20240507,9.01,10.48,8.88,10.1,8.9,1.2,13.4831,751471.84,732594.954
300368.SZ,20240507,4.97,5.0,4.88,4.94,4.94,0.0,0.0,70146.0,34612.755
300369.SZ,20240507,6.66,6.81,6.58,6.72,6.67,0.05,0.7496,114195.0,76538.857
300370.SZ,20240507,1.95,2.01,1.93,1.98,1.94,0.04,2.0619,167203.0,32979.305
300371.SZ,20240507,9.8,9.92,9.7,9.88,9.83,0.05,0.5086,20198.96,19826.064
300373.SZ,20240507,37.86,38.05,37.72,37.84,37.91,-0.07,-0.1846,44338.92,167890.888
300374.SZ,20240507,16.63,16.78,16.29,16.57,16.57,0.0,0.0,195177.84,321719.772
300375.SZ,20240507,4.68,4.69,4.58,4.61,4.69,-0.08,-1.7058,195473.06,90377.84
300376.SZ,20240507,5.6,5.61,5.51,5.57,5.6,-0.03,-0.5357,148326.0,82434.265
300377.SZ,20240507,6.13,6.18,6.03,6.1,6.13,-0.03,-0.4894,147510.68,89932.739
300378.SZ,20240507,17.92,18.18,17.7,17.89,17.9,-0.01,-0.0559,48212.22,86440.975
300379.SZ,20240507,10.6,10.83,10.53,10.74,10.64,0.1,0.9398,164241.76,175863.995
300380.SZ,20240507,17.1,17.56,16.96,17.29,17.1,0.19,1.1111,52550.0,90446.761
300381.SZ,20240507,8.9,8.9,8.15,8.5,8.9,-0.4,-4.4944,839168.69,713371.634
300382.SZ,20240507,7.4,7.51,7.37,7.51,7.43,0.08,1.0767,45838.68,34197.958
300383.SZ,20240507,9.45,9.49,9.34,9.36,9.43,-0.07,-0.7423,150216.5,141223.011
300384.SZ,20240507,15.02,15.33,14.97,15.23,15.11,0.12,0.7942,28955.0,43822.316
300385.SZ,20240507,4.35,4.39,4.31,4.39,4.32,0.07,1.6204,37330.25,16239.639
300386.SZ,20240507,7.48,7.8,7.37,7.58,7.46,0.12,1.6086,58445.35,44373.915
300387.SZ,20240507,6.84,7.17,6.79,7.12,6.8,0.32,4.7059,180759.83,127096.441
300388.SZ,20240507,6.38,6.38,6.29,6.33,6.39,-0.06,-0.939,55687.4,35249.33
300389.SZ,20240507,14.35,14.58,14.24,14.35,14.38,-0.03,-0.2086,62537.52,89898.337
300390.SZ,20240507,21.7,21.76,21.48,21.64,21.65,-0.01,-0.0462,96557.0,208765.113
300391.SZ,20240507,3.81,4.09,3.78,4.04,3.82,0.22,5.7592,200837.11,78981.327
300393.SZ,20240507,7.7,7.74,7.52,7.6,7.64,-0.04,-0.5236,117221.09,88819.031
300394.SZ,20240507,155.83,157.59,144.88,145.5,153.53,-8.03,-5.2302,234022.47,3493670.794
300395.SZ,20240507,28.8,30.66,28.53,30.25,28.68,1.57,5.4742,166679.52,497209.85
300396.SZ,20240507,27.09,27.58,26.65,26.82,27.14,-0.32,-1.1791,45942.25,124230.685
300397.SZ,20240507,10.78,11.89,10.56,11.76,10.96,0.8,7.2993,750006.11,862399.627
300398.SZ,20240507,12.17,12.44,12.17,12.34,12.2,0.14,1.1475,102128.63,125697.899
300399.SZ,20240507,9.91,10.07,9.85,9.97,9.89,0.08,0.8089,39116.9,38915.596
300400.SZ,20240507,11.46,11.76,11.36,11.73,11.46,0.27,2.356,47486.0,55067.112
300401.SZ,20240507,12.9,13.85,12.58,13.2,12.79,0.41,3.2056,667748.53,877172.135
300402.SZ,20240507,15.48,16.2,15.48,16.12,15.62,0.5,3.201,70096.0,111172.393
300403.SZ,20240507,8.08,8.14,7.97,8.09,8.06,0.03,0.3722,200523.9,161781.168
300404.SZ,20240507,7.97,8.1,7.87,8.07,8.0,0.07,0.875,128864.99,103046.609
300405.SZ,20240507,4.55,4.72,4.51,4.68,4.54,0.14,3.0837,115020.76,52964.691
300406.SZ,20240507,18.77,18.87,18.5,18.61,18.7,-0.09,-0.4813,42176.74,78610.47
300407.SZ,20240507,9.81,9.81,8.75,8.86,9.34,-0.48,-5.1392,487641.49,447673.743
300408.SZ,20240507,28.66,29.1,28.41,28.69,28.56,0.13,0.4552,105236.0,303069.3
300409.SZ,20240507,11.36,11.67,11.26,11.55,11.5,0.05,0.4348,224561.1,256563.24
300410.SZ,20240507,5.91,5.93,5.82,5.88,5.89,-0.01,-0.1698,37225.57,21869.93
300411.SZ,20240507,15.6,17.5,15.3,16.56,15.57,0.99,6.3584,944324.07,1562304.31
300412.SZ,20240507,3.67,3.72,3.62,3.71,3.67,0.04,1.0899,87368.5,32103.465
300413.SZ,20240507,23.5,23.99,23.5,23.6,23.6,0.0,0.0,140402.9,333369.346
300414.SZ,20240507,7.5,7.8,7.46,7.78,7.51,0.27,3.5952,87121.13,66802.809
300415.SZ,20240507,23.55,25.0,23.5,24.1,23.85,0.25,1.0482,155425.5,376531.99
300416.SZ,20240507,13.82,14.35,13.71,14.29,13.86,0.43,3.1025,188127.15,265350.881
300417.SZ,20240507,7.8,7.94,7.67,7.94,7.74,0.2,2.584,33496.1,26253.492
300418.SZ,20240507,41.2,42.89,40.33,40.59,41.14,-0.55,-1.3369,731593.57,3049556.23
300419.SZ,20240507,7.8,8.29,7.63,8.18,7.91,0.27,3.4134,1173940.37,938436.617
300420.SZ,20240507,2.66,2.69,2.63,2.66,2.67,-0.01,-0.3745,134229.18,35614.629
300421.SZ,20240507,8.79,8.91,8.71,8.91,8.79,0.12,1.3652,61801.93,54664.422
300422.SZ,20240507,5.28,5.31,5.22,5.24,5.33,-0.09,-1.6886,93014.08,48891.269
300423.SZ,20240507,5.74,6.06,5.6,5.87,5.72,0.15,2.6224,193763.07,112744.44
300424.SZ,20240507,12.15,14.7,12.13,14.7,12.25,2.45,20.0,388769.05,549727.786
300425.SZ,20240507,4.54,4.58,4.48,4.57,4.54,0.03,0.6608,188828.62,85436.179
300426.SZ,20240507,8.59,8.97,8.57,8.64,8.66,-0.02,-0.2309,82215.54,72207.745
300427.SZ,20240507,4.31,4.43,4.3,4.34,4.31,0.03,0.6961,49211.85,21427.137
300428.SZ,20240507,20.2,20.4,20.0,20.4,20.24,0.16,0.7905,87485.31,176687.752
300429.SZ,20240507,10.78,11.11,10.78,11.06,10.83,0.23,2.1237,276818.72,303930.054
300430.SZ,20240507,18.05,19.65,18.02,19.31,18.24,1.07,5.8662,173480.75,329228.196
300432.SZ,20240507,7.94,8.04,7.89,8.0,7.96,0.04,0.5025,159803.58,127393.475
300433.SZ,20240507,14.71,14.92,14.62,14.69,14.78,-0.09,-0.6089,261317.9,385134.39
300434.SZ,20240507,9.19,9.43,9.12,9.35,9.19,0.16,1.741,84818.01,78686.637
300435.SZ,20240507,13.69,13.81,13.6,13.76,13.71,0.05,0.3647,45004.0,61618.214
300436.SZ,20240507,18.71,18.8,18.11,18.53,18.71,-0.18,-0.9621,22042.0,40612.383
300437.SZ,20240507,9.96,10.86,9.9,10.71,9.97,0.74,7.4223,156031.57,163131.973
300438.SZ,20240507,24.35,24.69,24.16,24.61,24.44,0.17,0.6956,140691.78,343654.577
300439.SZ,20240507,10.46,10.83,10.37,10.7,10.44,0.26,2.4904,77443.0,82612.041
300440.SZ,20240507,5.89,6.03,5.84,5.93,5.91,0.02,0.3384,60285.99,35761.821
300441.SZ,20240507,7.08,7.12,6.99,7.09,7.06,0.03,0.4249,91308.12,64424.563
300442.SZ,20240507,30.58,31.14,30.0,30.25,30.57,-0.32,-1.0468,235166.49,717150.163
300443.SZ,20240507,19.11,19.26,18.95,19.17,19.18,-0.01,-0.0521,50265.5,96116.407
300444.SZ,20240507,6.3,6.32,6.22,6.24,6.31,-0.07,-1.1094,154618.0,96706.754
300445.SZ,20240507,18.93,18.99,18.41,18.54,18.86,-0.32,-1.6967,46629.75,86847.624
300446.SZ,20240507,16.29,16.93,16.2,16.54,16.47,0.07,0.425,149792.95,248655.352
300447.SZ,20240507,12.55,14.67,12.51,14.1,12.6,1.5,11.9048,309342.37,428580.75
300448.SZ,20240507,4.32,4.34,4.23,4.28,4.33,-0.05,-1.1547,67190.17,28784.751
300449.SZ,20240507,4.68,4.68,4.52,4.62,4.67,-0.05,-1.0707,62725.6,28837.811
300450.SZ,20240507,22.48,22.56,22.25,22.52,22.49,0.03,0.1334,171465.65,384762.599
300451.SZ,20240507,4.36,4.46,4.32,4.44,4.36,0.08,1.8349,309184.78,136496.174
300452.SZ,20240507,13.38,13.59,13.3,13.49,13.42,0.07,0.5216,43886.48,59067.257
300453.SZ,20240507,7.84,8.21,7.84,8.05,7.81,0.24,3.073,97311.87,78463.184
300454.SZ,20240507,55.76,57.76,55.73,56.68,55.6,1.08,1.9424,68693.95,391096.768
300455.SZ,20240507,10.52,10.94,10.35,10.81,10.43,0.38,3.6433,199692.94,214316.02
300456.SZ,20240507,18.2,18.67,18.12,18.53,18.26,0.27,1.4786,154505.58,285253.277
300457.SZ,20240507,16.8,16.85,16.57,16.68,16.81,-0.13,-0.7733,147148.74,245887.208
300458.SZ,20240507,20.09,20.45,20.01,20.21,20.17,0.04,0.1983,114562.86,231974.522
300459.SZ,20240507,4.06,4.14,4.04,4.07,4.06,0.01,0.2463,663425.91,270962.222
300460.SZ,20240507,8.46,8.6,8.4,8.56,8.43,0.13,1.5421,65196.34,55655.605
300461.SZ,20240507,15.14,15.24,14.9,15.07,15.15,-0.08,-0.5281,20817.8,31371.471
300462.SZ,20240507,8.59,8.69,8.43,8.57,8.61,-0.04,-0.4646,43465.0,37138.781
300463.SZ,20240507,13.62,13.86,13.62,13.76,13.62,0.14,1.0279,76788.43,105482.697
300464.SZ,20240507,4.17,4.19,4.08,4.18,4.17,0.01,0.2398,37023.5,15400.93
300465.SZ,20240507,7.62,7.75,7.58,7.71,7.66,0.05,0.6527,59454.9,45634.399
300466.SZ,20240507,7.47,7.58,7.42,7.51,7.44,0.07,0.9409,184287.4,138256.738
300467.SZ,20240507,14.12,14.35,13.9,14.03,14.06,-0.03,-0.2134,46222.0,65143.19
300468.SZ,20240507,8.93,9.07,8.85,8.96,8.96,0.0,0.0,115964.98,103571.964
300469.SZ,20240507,13.3,13.44,12.66,13.17,13.35,-0.18,-1.3483,191769.81,250265.331
300470.SZ,20240507,35.31,35.9,35.02,35.41,35.36,0.05,0.1414,10830.8,38372.472
300471.SZ,20240507,9.55,10.12,9.44,9.95,9.54,0.41,4.2977,117959.58,115607.208
300472.SZ,20240507,5.75,5.82,5.66,5.8,5.73,0.07,1.2216,54160.79,31263.753
300473.SZ,20240507,16.28,16.35,16.05,16.27,16.36,-0.09,-0.5501,38000.0,61585.708
300474.SZ,20240507,69.77,70.8,68.8,69.64,69.78,-0.14,-0.2006,87561.8,612806.317
300475.SZ,20240507,37.51,37.63,35.79,36.37,37.28,-0.91,-2.441,129092.58,473482.385
300476.SZ,20240507,29.88,30.85,29.1,29.35,29.19,0.16,0.5481,452966.24,1355321.122
300477.SZ,20240507,2.93,3.01,2.9,2.95,2.94,0.01,0.3401,375604.33,110576.113
300478.SZ,20240507,9.67,9.91,9.61,9.89,9.67,0.22,2.2751,18482.8,18087.32
300479.SZ,20240507,16.13,16.49,16.06,16.29,16.22,0.07,0.4316,32985.31,53658.059
300480.SZ,20240507,16.22,16.54,16.21,16.34,16.27,0.07,0.4302,23826.41,39087.647
300481.SZ,20240507,14.74,15.35,14.74,15.35,14.82,0.53,3.5762,113344.84,171693.181
300482.SZ,20240507,29.73,30.66,29.7,30.03,29.88,0.15,0.502,114144.28,344245.187
300483.SZ,20240507,8.84,8.95,8.78,8.88,8.88,0.0,0.0,42992.0,38048.248
300484.SZ,20240507,16.1,17.49,16.09,16.95,16.18,0.77,4.759,414792.67,701191.702
300485.SZ,20240507,8.05,8.22,7.91,8.15,8.01,0.14,1.7478,60819.68,49013.449
300486.SZ,20240507,5.14,5.27,5.1,5.22,5.15,0.07,1.3592,125776.75,65248.951
300487.SZ,20240507,49.9,50.66,49.13,50.3,49.53,0.77,1.5546,51385.25,256303.498
300488.SZ,20240507,23.24,23.53,23.05,23.53,23.23,0.3,1.2914,17970.0,41938.555
300489.SZ,20240507,20.89,22.07,20.69,21.67,20.97,0.7,3.3381,65190.86,140525.502
300490.SZ,20240507,8.88,8.89,8.71,8.79,8.83,-0.04,-0.453,105693.02,92867.603
300491.SZ,20240507,18.39,18.4,18.08,18.24,18.51,-0.27,-1.4587,57772.4,105118.969
300492.SZ,20240507,105.04,108.56,104.13,106.85,105.39,1.46,1.3853,7973.94,85346.907
300493.SZ,20240507,7.47,7.52,7.39,7.47,7.45,0.02,0.2685,55949.94,41748.554
300494.SZ,20240507,13.11,13.38,12.91,13.02,13.13,-0.11,-0.8378,243926.54,319878.278
300496.SZ,20240507,49.39,50.58,49.08,49.46,49.67,-0.21,-0.4228,127329.62,633224.003
300497.SZ,20240507,11.32,12.11,11.11,11.65,11.59,0.06,0.5177,387884.18,450873.886
300498.SZ,20240507,18.99,19.27,18.76,19.01,18.97,0.04,0.2109,332267.11,632733.526
300499.SZ,20240507,12.0,12.24,11.96,12.06,12.1,-0.04,-0.3306,80246.0,97094.888
300500.SZ,20240507,9.5,9.78,9.44,9.78,9.52,0.26,2.7311,48850.42,47222.777
300501.SZ,20240507,12.56,12.68,12.42,12.67,12.56,0.11,0.8758,27109.13,33932.761
300502.SZ,20240507,87.45,89.38,82.49,83.3,85.87,-2.57,-2.9929,454541.37,3870492.729
300503.SZ,20240507,15.03,15.66,14.82,15.45,14.92,0.53,3.5523,298379.5,455579.446
300504.SZ,20240507,13.6,13.77,13.49,13.76,13.59,0.17,1.2509,25505.0,34815.46
300505.SZ,20240507,16.32,18.99,16.18,18.01,16.67,1.34,8.0384,637994.04,1086394.601
300506.SZ,20240507,1.74,1.76,1.68,1.71,1.76,-0.05,-2.8409,284144.8,48686.333
300507.SZ,20240507,5.54,5.59,5.46,5.57,5.54,0.03,0.5415,124367.1,68945.118
300508.SZ,20240507,21.77,21.9,21.37,21.83,21.55,0.28,1.2993,9836.2,21363.744
300509.SZ,20240507,5.46,5.59,5.4,5.57,5.49,0.08,1.4572,51377.6,28315.472
300510.SZ,20240507,4.37,4.38,4.31,4.34,4.36,-0.02,-0.4587,127542.96,55392.953
300511.SZ,20240507,3.74,3.84,3.72,3.84,3.76,0.08,2.1277,113766.0,43152.549
300512.SZ,20240507,6.6,6.78,6.6,6.76,6.67,0.09,1.3493,26378.5,17737.269
300513.SZ,20240507,8.87,8.96,8.76,8.91,8.85,0.06,0.678,46577.44,41376.518
300514.SZ,20240507,14.39,14.59,14.3,14.51,14.51,0.0,0.0,47878.0,69167.622
300515.SZ,20240507,10.08,10.12,9.92,10.07,10.06,0.01,0.0994,31205.0,31316.997
300516.SZ,20240507,28.2,28.93,28.2,28.75,28.59,0.16,0.5596,24874.0,71313.998
300517.SZ,20240507,8.32,8.73,8.22,8.55,8.4,0.15,1.7857,64900.18,54754.258
300518.SZ,20240507,10.01,10.42,9.96,10.15,9.97,0.18,1.8054,49947.16,50955.503
300519.SZ,20240507,13.06,13.22,12.87,13.14,13.02,0.12,0.9217,23671.82,30897.177
300520.SZ,20240507,21.71,22.38,21.28,21.87,22.47,-0.6,-2.6702,318971.05,693708.512
300521.SZ,20240507,9.7,9.9,9.59,9.72,9.68,0.04,0.4132,23468.0,22844.216
300522.SZ,20240507,12.83,13.09,12.7,12.93,12.82,0.11,0.858,70748.1,91203.989
300523.SZ,20240507,19.15,19.36,18.99,19.23,19.2,0.03,0.1563,21581.4,41427.257
300525.SZ,20240507,12.81,12.93,12.6,12.82,12.79,0.03,0.2346,70189.36,89557.549
300527.SZ,20240507,7.18,7.37,7.13,7.29,7.19,0.1,1.3908,280395.2,204302.36
300528.SZ,20240507,7.65,7.9,7.61,7.7,7.66,0.04,0.5222,53350.0,41388.94
300529.SZ,20240507,29.15,29.45,28.8,29.09,29.41,-0.32,-1.0881,114303.1,332934.581
300530.SZ,20240507,18.63,19.41,18.39,18.87,18.77,0.1,0.5328,42549.0,80360.189
300531.SZ,20240507,10.62,10.77,10.57,10.72,10.66,0.06,0.5629,41082.0,43906.323
300532.SZ,20240507,14.86,14.86,14.59,14.78,14.87,-0.09,-0.6052,74368.0,109511.274
300533.SZ,20240507,19.25,19.49,19.03,19.14,19.18,-0.04,-0.2086,65543.54,125941.738
300534.SZ,20240507,8.4,8.44,8.27,8.38,8.4,-0.02,-0.2381,70781.0,59161.729
300535.SZ,20240507,13.3,13.8,13.29,13.71,13.29,0.42,3.1603,35807.17,48652.003
300536.SZ,20240507,12.23,12.88,12.23,12.52,12.27,0.25,2.0375,77994.22,98369.309
300537.SZ,20240507,15.68,15.86,15.46,15.75,15.55,0.2,1.2862,65394.0,102633.574
300538.SZ,20240507,14.7,15.41,14.5,14.7,14.39,0.31,2.1543,113275.0,168493.119
300539.SZ,20240507,8.85,9.06,8.85,9.05,8.9,0.15,1.6854,38235.0,34280.938
300540.SZ,20240507,23.8,24.78,23.47,24.65,23.92,0.73,3.0518,65193.65,158371.128
300541.SZ,20240507,13.17,13.24,13.01,13.1,13.17,-0.07,-0.5315,71211.3,93454.993
300542.SZ,20240507,12.18,13.5,12.0,13.3,12.18,1.12,9.1954,398740.48,514273.735
300543.SZ,20240507,7.83,7.91,7.75,7.89,7.85,0.04,0.5096,38131.91,29937.899
300545.SZ,20240507,24.95,25.23,24.65,24.81,25.09,-0.28,-1.116,36137.0,89966.293
300546.SZ,20240507,10.84,10.91,10.6,10.82,10.84,-0.02,-0.1845,60314.95,64893.491
300547.SZ,20240507,18.91,19.2,18.65,19.05,18.95,0.1,0.5277,54042.0,102511.611
300548.SZ,20240507,23.81,23.85,22.85,23.25,23.66,-0.41,-1.7329,121539.0,283189.357
300549.SZ,20240507,15.3,15.63,15.2,15.59,15.32,0.27,1.7624,31015.0,47950.874
300550.SZ,20240507,11.1,11.19,10.9,10.95,11.08,-0.13,-1.1733,17318.0,19084.462
300551.SZ,20240507,9.74,9.96,9.32,9.54,9.62,-0.08,-0.8316,296470.15,285090.645
300552.SZ,20240507,28.88,29.12,27.47,27.6,29.98,-2.38,-7.9386,234595.42,655475.509
300553.SZ,20240507,27.88,28.43,27.6,28.4,27.73,0.67,2.4162,20235.3,56958.4
300554.SZ,20240507,23.12,23.35,22.81,23.23,23.13,0.1,0.4323,49500.0,114436.293
300555.SZ,20240507,6.09,6.19,6.05,6.11,6.15,-0.04,-0.6504,6517.0,3989.0
300556.SZ,20240507,20.3,20.76,20.2,20.5,20.38,0.12,0.5888,58913.0,120631.008
300557.SZ,20240507,29.78,30.28,29.65,30.14,29.91,0.23,0.769,9013.0,27079.183
300558.SZ,20240507,43.46,44.72,43.2,43.95,43.7,0.25,0.5721,70367.41,308905.075
300559.SZ,20240507,12.11,12.18,11.9,11.95,12.14,-0.19,-1.5651,60775.95,73056.38
300560.SZ,20240507,12.96,13.19,12.76,13.11,12.97,0.14,1.0794,61418.8,80029.594
300561.SZ,20240507,8.9,9.03,8.82,8.98,8.94,0.04,0.4474,39789.9,35431.125
300562.SZ,20240507,9.84,10.6,9.8,10.25,9.8,0.45,4.5918,137218.39,140839.443
300563.SZ,20240507,23.19,25.41,22.81,24.02,22.3,1.72,7.713,525781.5,1251633.875
300564.SZ,20240507,10.49,11.18,10.39,10.9,10.58,0.32,3.0246,47123.6,50995.604
300565.SZ,20240507,11.15,11.34,11.13,11.23,11.26,-0.03,-0.2664,33192.0,37268.969
300566.SZ,20240507,14.7,15.09,14.67,14.98,14.75,0.23,1.5593,64770.27,96438.427
300567.SZ,20240507,62.67,63.22,60.84,61.35,62.82,-1.47,-2.34,24592.5,152528.186
300568.SZ,20240507,10.4,10.59,10.4,10.51,10.46,0.05,0.478,360603.03,378448.213
300569.SZ,20240507,5.09,5.11,5.04,5.1,5.08,0.02,0.3937,102475.56,52113.474
300570.SZ,20240507,39.87,40.02,38.52,39.96,39.37,0.59,1.4986,155432.44,612522.61
300571.SZ,20240507,26.22,26.5,25.97,26.19,25.99,0.2,0.7695,14911.0,39079.053
300572.SZ,20240507,12.2,13.19,12.12,13.02,12.2,0.82,6.7213,87573.23,112448.845
300573.SZ,20240507,256.34,273.3,256.34,269.93,258.0,11.93,4.624,28190.51,754952.398
300575.SZ,20240507,6.29,6.42,6.24,6.41,6.29,0.12,1.9078,98458.2,62184.114
300576.SZ,20240507,38.23,39.2,38.1,38.56,38.31,0.25,0.6526,67977.8,262384.267
300577.SZ,20240507,22.5,24.08,22.02,23.58,22.61,0.97,4.2901,40973.97,95576.534
300578.SZ,20240507,14.79,15.29,14.47,14.66,14.95,-0.29,-1.9398,150632.19,223800.864
300579.SZ,20240507,20.62,20.79,20.41,20.71,20.59,0.12,0.5828,17824.13,36761.589
300580.SZ,20240507,28.16,28.33,27.71,28.16,28.22,-0.06,-0.2126,50987.49,143194.081
300581.SZ,20240507,8.15,8.82,8.08,8.72,8.15,0.57,6.9939,339519.32,292038.628
300582.SZ,20240507,9.08,9.23,9.01,9.16,9.2,-0.04,-0.4348,71292.3,64942.328
300583.SZ,20240507,15.89,16.55,15.5,16.26,15.47,0.79,5.1067,128145.5,206559.429
300584.SZ,20240507,18.01,18.39,17.68,18.3,18.39,-0.09,-0.4894,65564.96,118322.725
300585.SZ,20240507,12.67,12.67,12.41,12.53,12.57,-0.04,-0.3182,69455.95,86921.048
300586.SZ,20240507,8.12,8.78,8.02,8.72,8.2,0.52,6.3415,473248.79,396071.696
300587.SZ,20240507,5.07,5.11,4.87,4.92,5.04,-0.12,-2.381,250039.64,122951.69
300588.SZ,20240507,8.62,8.88,8.61,8.76,8.66,0.1,1.1547,39767.0,34838.528
300589.SZ,20240507,11.82,12.35,11.77,12.16,11.91,0.25,2.0991,112998.56,137356.319
300590.SZ,20240507,11.78,12.6,11.49,12.55,11.85,0.7,5.9072,405230.3,489329.969
300591.SZ,20240507,4.05,4.1,4.01,4.1,4.03,0.07,1.737,70395.2,28559.867
300592.SZ,20240507,18.76,19.21,18.76,18.93,18.7,0.23,1.2299,64315.24,122058.662
300593.SZ,20240507,9.19,9.58,9.14,9.55,9.19,0.36,3.9173,141271.39,133083.978
300594.SZ,20240507,16.34,17.54,16.18,17.52,16.51,1.01,6.1175,62469.05,106994.129
300595.SZ,20240507,19.47,19.64,19.32,19.49,19.48,0.01,0.0513,76621.57,149398.521
300596.SZ,20240507,32.59,35.82,32.51,34.46,33.2,1.26,3.7952,159976.17,541083.598
300597.SZ,20240507,7.5,7.58,7.4,7.55,7.47,0.08,1.071,70354.05,52901.563
300598.SZ,20240507,38.6,39.1,38.26,38.59,38.65,-0.06,-0.1552,25646.76,99100.201
300599.SZ,20240507,6.1,6.28,6.1,6.22,6.08,0.14,2.3026,38157.0,23596.914
300600.SZ,20240507,8.2,8.45,8.15,8.3,8.23,0.07,0.8505,103225.56,85859.192
300601.SZ,20240507,21.18,21.4,20.96,21.21,21.25,-0.04,-0.1882,116727.06,247186.261
300602.SZ,20240507,15.34,15.43,15.0,15.11,15.29,-0.18,-1.1772,80509.02,122247.238
300603.SZ,20240507,8.22,8.28,8.1,8.19,8.25,-0.06,-0.7273,79888.9,65432.366
300604.SZ,20240507,29.07,29.88,28.8,29.26,29.07,0.19,0.6536,74832.51,219133.706
300605.SZ,20240507,10.16,10.36,10.1,10.36,10.25,0.11,1.0732,20411.54,20942.51
300606.SZ,20240507,20.41,20.73,20.1,20.65,20.29,0.36,1.7743,38903.26,79818.252
300607.SZ,20240507,13.7,13.83,13.47,13.78,13.68,0.1,0.731,105462.94,144220.274
300608.SZ,20240507,11.5,11.55,11.24,11.37,11.4,-0.03,-0.2632,82230.36,93670.183
300609.SZ,20240507,19.01,19.19,18.73,18.93,18.8,0.13,0.6915,22576.0,42806.807
300610.SZ,20240507,9.9,11.54,9.83,10.84,9.97,0.87,8.7262,207083.1,220706.142
300611.SZ,20240507,9.15,9.24,9.03,9.18,9.14,0.04,0.4376,37850.0,34706.244
300612.SZ,20240507,15.06,15.46,14.92,15.01,15.08,-0.07,-0.4642,46680.25,70828.657
300613.SZ,20240507,32.41,32.77,32.23,32.53,32.62,-0.09,-0.2759,18980.17,61705.297
300614.SZ,20240507,11.32,11.55,11.25,11.55,11.34,0.21,1.8519,22038.0,25121.128
300615.SZ,20240507,10.88,11.15,10.78,11.07,10.88,0.19,1.7463,28561.9,31393.593
300616.SZ,20240507,13.87,13.94,13.62,13.82,13.84,-0.02,-0.1445,19338.0,26584.093
300617.SZ,20240507,25.83,26.5,25.62,26.39,25.83,0.56,2.168,19615.6,51436.601
300618.SZ,20240507,29.2,30.98,29.1,30.98,29.2,1.78,6.0959,204263.16,619344.986
300619.SZ,20240507,40.77,41.99,40.07,41.42,40.77,0.65,1.5943,14060.57,57832.45
300620.SZ,20240507,45.88,46.47,44.08,44.69,45.65,-0.96,-2.103,89553.17,403605.464
300621.SZ,20240507,8.59,8.77,8.4,8.72,8.64,0.08,0.9259,47599.54,41124.327
300622.SZ,20240507,16.23,16.29,15.94,16.19,16.2,-0.01,-0.0617,12240.8,19745.176
300623.SZ,20240507,16.85,17.0,16.54,16.61,16.99,-0.38,-2.2366,150304.87,251031.068
300624.SZ,20240507,92.14,94.05,89.13,89.4,91.98,-2.58,-2.805,110634.3,1011958.829
300625.SZ,20240507,12.72,12.92,12.68,12.86,12.8,0.06,0.4688,30083.87,38576.214
300626.SZ,20240507,7.77,7.8,7.65,7.7,7.81,-0.11,-1.4085,53431.0,41303.194
300627.SZ,20240507,29.7,30.08,29.38,29.68,29.97,-0.29,-0.9676,69095.92,205616.8
300628.SZ,20240507,35.4,36.87,34.75,36.8,35.19,1.61,4.5752,129925.01,465257.016
300629.SZ,20240507,19.68,20.6,19.6,20.43,19.66,0.77,3.9166,164857.68,333341.407
300631.SZ,20240507,23.3,25.37,22.6,25.14,23.75,1.39,5.8526,98879.41,239825.084
300632.SZ,20240507,10.19,10.25,10.12,10.23,10.16,0.07,0.689,23374.6,23870.242
300633.SZ,20240507,43.6,44.07,41.58,41.73,43.01,-1.28,-2.9761,40616.06,172002.344
300634.SZ,20240507,19.5,20.64,19.5,19.84,19.57,0.27,1.3797,241327.84,485328.405
300635.SZ,20240507,8.72,9.41,8.68,9.27,8.72,0.55,6.3073,108088.49,98059.206
300636.SZ,20240507,10.88,11.36,10.73,11.09,11.11,-0.02,-0.18,97589.14,107534.664
300637.SZ,20240507,7.8,8.2,7.78,8.15,7.81,0.34,4.3534,202004.0,162191.634
300638.SZ,20240507,17.84,17.84,17.45,17.6,17.84,-0.24,-1.3453,248015.16,437518.861
300639.SZ,20240507,6.49,6.6,6.44,6.58,6.48,0.1,1.5432,71211.03,46558.49
300640.SZ,20240507,4.93,5.0,4.88,4.99,4.92,0.07,1.4228,31990.0,15812.586
300642.SZ,20240507,14.5,14.59,14.34,14.5,14.37,0.13,0.9047,14473.84,20924.094
300643.SZ,20240507,11.29,11.48,11.2,11.41,11.28,0.13,1.1525,36749.0,41866.403
300644.SZ,20240507,19.73,20.98,19.67,20.55,19.73,0.82,4.1561,193049.95,392990.674
300645.SZ,20240507,13.55,13.63,13.34,13.42,13.54,-0.12,-0.8863,31530.22,42440.451
300647.SZ,20240507,4.71,4.8,4.7,4.78,4.72,0.06,1.2712,143678.82,68275.598
300648.SZ,20240507,19.43,19.45,19.15,19.4,19.34,0.06,0.3102,21204.7,41019.183
300649.SZ,20240507,11.46,11.58,11.35,11.55,11.45,0.1,0.8734,23924.0,27474.392
300650.SZ,20240507,9.9,10.09,9.85,9.98,9.89,0.09,0.91,43416.11,43237.386
300651.SZ,20240507,14.46,14.7,14.36,14.56,14.46,0.1,0.6916,18189.5,26378.243
300652.SZ,20240507,25.48,25.53,24.87,25.25,25.7,-0.45,-1.751,20669.93,51953.549
300653.SZ,20240507,24.86,25.06,24.42,24.99,24.97,0.02,0.0801,41166.0,101791.458
300654.SZ,20240507,10.42,10.83,10.42,10.58,10.37,0.21,2.0251,211808.82,225127.294
300655.SZ,20240507,7.78,7.81,7.65,7.71,7.71,0.0,0.0,122716.36,94721.995
300656.SZ,20240507,19.86,19.96,19.57,19.72,19.75,-0.03,-0.1519,6679.12,13162.835
300657.SZ,20240507,17.87,18.6,17.81,17.98,17.78,0.2,1.1249,213532.6,389485.852
300658.SZ,20240507,5.16,5.22,5.09,5.14,5.16,-0.02,-0.3876,41793.13,21479.484
300659.SZ,20240507,15.7,16.05,15.51,15.94,15.68,0.26,1.6582,48073.17,76327.491
300660.SZ,20240507,28.44,29.15,28.24,28.89,28.47,0.42,1.4752,89041.36,256202.558
300661.SZ,20240507,75.43,75.89,72.64,73.04,75.48,-2.44,-3.2326,37565.96,277667.208
300662.SZ,20240507,22.0,23.99,22.0,23.9,21.83,2.07,9.4824,89491.23,208659.639
300663.SZ,20240507,10.59,10.68,10.47,10.58,10.62,-0.04,-0.3766,82261.79,86961.467
300664.SZ,20240507,5.09,5.11,5.05,5.1,5.09,0.01,0.1965,57875.5,29411.649
300665.SZ,20240507,6.41,6.52,6.35,6.51,6.4,0.11,1.7188,67308.44,43317.091
300666.SZ,20240507,48.33,48.68,47.23,47.53,48.65,-1.12,-2.3022,58292.0,278787.757
300667.SZ,20240507,13.13,13.42,13.0,13.4,13.13,0.27,2.0564,46825.0,62224.797
300668.SZ,20240507,18.13,18.55,17.87,18.41,18.14,0.27,1.4884,9861.0,18085.435
300669.SZ,20240507,14.24,14.48,14.1,14.33,14.25,0.08,0.5614,16135.0,23032.999
300670.SZ,20240507,5.27,5.38,5.24,5.35,5.29,0.06,1.1342,52452.0,27861.08
300671.SZ,20240507,23.55,23.87,23.41,23.66,23.55,0.11,0.4671,21768.2,51456.32
300672.SZ,20240507,51.0,51.69,50.88,51.2,51.37,-0.17,-0.3309,25487.26,130433.842
300673.SZ,20240507,14.45,14.8,14.15,14.37,14.43,-0.06,-0.4158,49605.8,71681.229
300674.SZ,20240507,12.96,13.07,12.85,12.93,13.06,-0.13,-0.9954,134537.04,174122.35
300675.SZ,20240507,11.91,12.33,11.88,12.07,11.99,0.08,0.6672,54805.76,66141.137
300676.SZ,20240507,42.61,43.19,41.9,42.33,41.81,0.52,1.2437,37215.06,157824.636
300677.SZ,20240507,28.4,28.48,27.83,28.44,28.4,0.04,0.1408,116477.9,328485.099
300678.SZ,20240507,29.61,30.17,29.15,29.42,29.77,-0.35,-1.1757,91631.28,271196.143
300679.SZ,20240507,44.9,45.47,43.0,43.5,45.4,-1.9,-4.185,131345.14,578140.486
300680.SZ,20240507,17.06,18.5,16.82,18.42,17.05,1.37,8.0352,156686.75,281094.376
300681.SZ,20240507,15.57,15.71,15.26,15.66,15.57,0.09,0.578,67377.29,104380.474
300682.SZ,20240507,10.18,10.24,10.02,10.14,10.17,-0.03,-0.295,144922.53,146814.597
300683.SZ,20240507,26.27,26.68,25.8,26.23,26.4,-0.17,-0.6439,17333.0,45322.28
300684.SZ,20240507,16.46,16.84,16.19,16.33,16.38,-0.05,-0.3053,90104.59,147847.553
300685.SZ,20240507,22.16,22.65,22.1,22.38,22.16,0.22,0.9928,67253.8,150884.47
300686.SZ,20240507,7.59,7.62,7.44,7.58,7.55,0.03,0.3974,57881.0,43714.191
300687.SZ,20240507,17.43,17.58,17.27,17.5,17.46,0.04,0.2291,53643.04,93476.792
300688.SZ,20240507,22.79,23.1,22.5,22.86,22.79,0.07,0.3072,37853.5,86195.252
300689.SZ,20240507,14.66,14.83,14.16,14.66,14.61,0.05,0.3422,19499.4,28240.194
300690.SZ,20240507,26.7,28.67,25.84,27.76,26.39,1.37,5.1914,226739.57,624788.782
300691.SZ,20240507,16.2,16.43,16.1,16.16,16.24,-0.08,-0.4926,29270.0,47515.448
300692.SZ,20240507,5.4,5.42,5.3,5.4,5.4,0.0,0.0,46760.75,25074.666
300693.SZ,20240507,30.3,30.34,29.8,29.97,30.34,-0.37,-1.2195,67492.16,202599.517
300694.SZ,20240507,10.49,10.62,10.43,10.58,10.46,0.12,1.1472,28922.0,30426.298
300695.SZ,20240507,42.65,43.14,42.53,43.11,42.76,0.35,0.8185,5241.0,22470.979
300696.SZ,20240507,13.61,15.35,13.51,15.06,13.64,1.42,10.4106,211293.47,310608.181
300697.SZ,20240507,10.69,11.15,10.56,10.91,10.71,0.2,1.8674,119229.16,129921.115
300698.SZ,20240507,33.23,36.28,33.23,36.18,34.05,2.13,6.2555,85481.0,302208.59
300699.SZ,20240507,26.92,28.02,26.7,27.71,26.92,0.79,2.9346,231923.27,635963.59
300700.SZ,20240507,11.36,11.54,11.14,11.5,11.25,0.25,2.2222,60186.13,68541.661
300701.SZ,20240507,8.4,8.45,8.32,8.44,8.43,0.01,0.1186,29397.75,24697.033
300702.SZ,20240507,19.64,20.17,19.52,20.11,19.74,0.37,1.8744,38415.56,76395.089
300703.SZ,20240507,9.38,9.38,9.2,9.3,9.27,0.03,0.3236,30284.23,28116.498
300705.SZ,20240507,38.0,38.89,37.8,38.55,38.09,0.46,1.2077,38113.26,146810.733
300706.SZ,20240507,18.73,18.98,18.65,18.94,18.72,0.22,1.1752,15839.99,29876.281
300707.SZ,20240507,15.39,15.42,14.66,14.87,15.25,-0.38,-2.4918,86238.87,127935.139
300708.SZ,20240507,9.2,9.3,9.17,9.28,9.23,0.05,0.5417,108158.22,100167.618
300709.SZ,20240507,30.2,30.66,29.72,30.02,30.19,-0.17,-0.5631,94520.61,285334.79
300710.SZ,20240507,17.68,21.24,17.46,19.3,17.7,1.6,9.0395,111637.76,214303.896
300711.SZ,20240507,19.18,22.78,18.82,22.1,19.26,2.84,14.7456,450955.17,952892.391
300712.SZ,20240507,24.67,24.75,24.38,24.6,24.52,0.08,0.3263,11712.0,28795.952
300713.SZ,20240507,13.03,13.06,12.71,12.85,12.81,0.04,0.3123,20201.08,25929.938
300715.SZ,20240507,8.79,8.99,8.79,8.97,8.89,0.08,0.8999,10102.42,8971.036
300716.SZ,20240507,8.1,8.31,8.07,8.27,8.19,0.08,0.9768,40168.0,32902.427
300717.SZ,20240507,15.14,15.66,15.01,15.35,15.2,0.15,0.9868,33398.91,51217.552
300718.SZ,20240507,15.55,15.55,15.07,15.31,15.55,-0.24,-1.5434,51655.5,78862.533
300719.SZ,20240507,19.37,22.76,19.37,22.76,18.97,3.79,19.9789,363944.94,789385.505
300720.SZ,20240507,15.99,16.3,15.71,16.19,16.07,0.12,0.7467,29578.4,47439.864
300721.SZ,20240507,12.9,14.62,12.9,14.62,12.18,2.44,20.0328,158117.62,225600.695
300722.SZ,20240507,20.55,22.3,20.49,21.96,20.57,1.39,6.7574,82903.41,179490.898
300723.SZ,20240507,24.2,24.4,23.92,24.15,24.4,-0.25,-1.0246,44788.48,108040.6
300724.SZ,20240507,68.5,70.23,67.8,69.83,68.41,1.42,2.0757,94863.37,654531.229
300725.SZ,20240507,35.42,36.15,34.9,35.7,34.91,0.79,2.263,84138.49,299323.518
300726.SZ,20240507,23.27,24.23,22.98,24.08,23.14,0.94,4.0622,90355.25,215270.997
300727.SZ,20240507,25.5,26.45,25.21,26.45,25.51,0.94,3.6848,74516.1,193902.473
300729.SZ,20240507,17.86,18.27,17.78,18.08,17.85,0.23,1.2885,104513.35,188611.243
300730.SZ,20240507,9.81,9.96,9.62,9.75,9.98,-0.23,-2.3046,115633.0,113041.942
300731.SZ,20240507,16.33,16.61,16.26,16.51,16.36,0.15,0.9169,31123.0,51270.94
300732.SZ,20240507,7.48,7.68,7.3,7.55,7.43,0.12,1.6151,135987.68,102185.453
300733.SZ,20240507,10.1,10.53,10.05,10.47,10.18,0.29,2.8487,38827.8,40294.149
300735.SZ,20240507,24.0,24.11,23.26,23.52,23.91,-0.39,-1.6311,387125.32,914957.897
300736.SZ,20240507,15.39,15.55,15.3,15.48,15.4,0.08,0.5195,20022.4,30897.372
300737.SZ,20240507,4.56,4.68,4.51,4.68,4.56,0.12,2.6316,158987.4,73100.592
300738.SZ,20240507,11.88,12.08,11.6,11.71,11.91,-0.2,-1.6793,714987.08,843182.281
300739.SZ,20240507,12.13,12.22,12.02,12.09,12.11,-0.02,-0.1652,28079.0,33992.021
300740.SZ,20240507,19.29,19.47,18.82,19.36,19.23,0.13,0.676,100403.67,192858.437
300741.SZ,20240507,19.26,19.34,19.02,19.33,19.25,0.08,0.4156,15166.0,29082.455
300743.SZ,20240507,12.69,12.73,12.49,12.72,12.77,-0.05,-0.3915,49579.47,62575.566
300745.SZ,20240507,16.43,16.5,16.18,16.48,16.39,0.09,0.5491,31509.45,51621.733
300746.SZ,20240507,7.51,7.54,7.23,7.4,7.46,-0.06,-0.8043,54679.0,40167.492
300747.SZ,20240507,21.44,21.63,21.2,21.45,21.46,-0.01,-0.0466,71861.47,153808.44
300748.SZ,20240507,15.42,15.57,15.32,15.46,15.32,0.14,0.9138,154618.75,238967.177
300749.SZ,20240507,6.41,6.44,6.32,6.42,6.38,0.04,0.627,31622.0,20183.479
300750.SZ,20240507,206.18,207.88,205.15,206.88,206.98,-0.1,-0.0483,131799.02,2722386.148
300751.SZ,20240507,114.76,118.62,113.55,118.18,114.75,3.43,2.9891,30884.78,361006.5
300752.SZ,20240507,12.36,12.58,12.25,12.47,12.26,0.21,1.7129,37240.55,46340.469
300753.SZ,20240507,12.7,13.06,12.51,12.82,12.28,0.54,4.3974,77167.95,98349.064
300755.SZ,20240507,18.02,18.46,18.02,18.37,18.3,0.07,0.3825,23964.58,43778.547
300756.SZ,20240507,13.43,13.54,13.2,13.43,13.4,0.03,0.2239,31477.18,42179.802
300757.SZ,20240507,118.89,119.2,112.61,115.51,116.3,-0.79,-0.6793,77901.98,899100.011
300758.SZ,20240507,13.95,14.85,12.94,14.4,12.38,2.02,16.3166,876197.78,1206035.248
300759.SZ,20240507,20.39,20.53,20.16,20.33,20.42,-0.09,-0.4407,187189.24,380761.368
300760.SZ,20240507,315.1,316.1,310.1,311.6,313.16,-1.56,-0.4981,34830.59,1089777.322
300761.SZ,20240507,22.59,22.83,22.01,22.12,22.82,-0.7,-3.0675,57370.28,128462.633
300762.SZ,20240507,14.05,16.49,13.89,15.96,13.74,2.22,16.1572,967950.66,1505397.067
300763.SZ,20240507,56.0,57.34,55.44,56.49,55.73,0.76,1.3637,72424.77,408916.38
300765.SZ,20240507,34.32,34.68,33.95,34.19,34.01,0.18,0.5293,143368.74,490624.876
300766.SZ,20240507,11.87,12.1,11.7,11.92,11.83,0.09,0.7608,90009.0,107346.937
300767.SZ,20240507,11.33,11.6,11.25,11.54,11.36,0.18,1.5845,58732.51,67354.901
300768.SZ,20240507,13.51,13.61,13.15,13.32,13.66,-0.34,-2.489,146577.6,195437.103
300769.SZ,20240507,37.9,38.96,37.51,38.35,38.01,0.34,0.8945,112963.8,430874.971
300770.SZ,20240507,38.71,39.81,38.71,39.76,38.82,0.94,2.4214,40003.53,158020.125
300771.SZ,20240507,10.32,10.42,10.11,10.24,10.63,-0.39,-3.6689,198179.02,202626.108
300772.SZ,20240507,9.94,10.04,9.88,10.01,9.96,0.05,0.502,78676.71,78445.37
300773.SZ,20240507,14.56,14.7,14.47,14.59,14.59,0.0,0.0,100659.48,146911.595
300774.SZ,20240507,8.24,8.35,8.19,8.34,8.24,0.1,1.2136,23431.36,19463.763
300775.SZ,20240507,25.37,26.58,25.22,26.21,25.39,0.82,3.2296,213646.15,558277.544
300776.SZ,20240507,45.26,46.35,44.96,46.0,45.41,0.59,1.2993,26439.35,120958.455
300777.SZ,20240507,25.53,26.42,25.34,26.31,25.58,0.73,2.8538,104000.28,271613.649
300778.SZ,20240507,12.77,13.5,12.32,12.96,12.44,0.52,4.1801,292650.24,378785.766
300779.SZ,20240507,52.66,53.47,51.62,52.01,52.58,-0.57,-1.0841,17323.13,90805.173
300780.SZ,20240507,15.85,16.21,15.67,16.2,15.8,0.4,2.5316,61495.0,98545.442
300781.SZ,20240507,58.4,61.01,56.4,56.49,57.6,-1.11,-1.9271,157147.39,926740.038
300782.SZ,20240507,92.47,92.99,90.57,91.02,92.59,-1.57,-1.6956,81054.24,742306.511
300783.SZ,20240507,26.62,27.53,26.47,27.08,26.62,0.46,1.728,113658.69,305969.163
300785.SZ,20240507,23.32,23.32,23.32,23.32,19.43,3.89,20.0206,128969.27,300756.338
300786.SZ,20240507,12.25,12.52,12.13,12.24,12.23,0.01,0.0818,39296.56,48340.603
300787.SZ,20240507,13.33,13.41,13.1,13.37,13.33,0.04,0.3001,16073.2,21380.128
300788.SZ,20240507,29.8,30.39,29.74,29.88,29.61,0.27,0.9119,62324.0,187141.983
300789.SZ,20240507,18.46,18.47,18.18,18.37,18.48,-0.11,-0.5952,13031.8,23860.684
300790.SZ,20240507,14.59,14.78,14.4,14.73,14.86,-0.13,-0.8748,133886.5,195488.069
300791.SZ,20240507,39.8,41.78,39.52,41.58,39.93,1.65,4.1322,25009.28,102027.281
300792.SZ,20240507,18.34,19.0,18.31,18.41,18.13,0.28,1.5444,41736.21,77136.945
300793.SZ,20240507,13.35,13.5,13.26,13.38,13.35,0.03,0.2247,57513.6,76914.57
300795.SZ,20240507,23.63,25.15,23.25,24.29,23.51,0.78,3.3177,47420.41,115902.533
300796.SZ,20240507,16.79,17.0,16.23,16.4,16.71,-0.31,-1.8552,83853.36,138630.8
300797.SZ,20240507,10.9,11.08,10.84,11.05,10.9,0.15,1.3761,38775.5,42670.819
300798.SZ,20240507,7.88,8.22,7.69,8.19,7.91,0.28,3.5398,180568.3,142938.433
300800.SZ,20240507,10.66,10.8,10.55,10.77,10.63,0.14,1.317,21745.7,23353.459
300801.SZ,20240507,15.54,15.68,15.3,15.58,15.59,-0.01,-0.0641,32137.65,49791.193
300802.SZ,20240507,17.06,17.3,16.95,17.29,16.95,0.34,2.0059,19086.72,32736.168
300803.SZ,20240507,46.88,47.69,46.18,46.5,47.38,-0.88,-1.8573,124966.28,585372.38
300804.SZ,20240507,24.3,26.28,23.88,25.73,24.2,1.53,6.3223,17151.69,42925.333
300805.SZ,20240507,7.38,7.54,7.34,7.38,7.37,0.01,0.1357,61685.0,45770.964
300806.SZ,20240507,9.33,9.51,9.3,9.49,9.34,0.15,1.606,53874.0,50851.764
300807.SZ,20240507,25.32,25.5,24.6,24.83,26.17,-1.34,-5.1204,53757.16,134297.376
300808.SZ,20240507,16.0,16.88,15.7,16.51,15.86,0.65,4.0984,42680.0,69923.381
300809.SZ,20240507,24.1,24.38,23.83,24.2,24.15,0.05,0.207,48329.0,116625.713
300810.SZ,20240507,17.77,18.27,17.31,18.19,17.51,0.68,3.8835,23806.0,42745.839
300811.SZ,20240507,57.0,57.96,56.41,57.23,56.87,0.36,0.633,24088.74,137917.806
300812.SZ,20240507,23.7,24.0,23.34,23.77,23.59,0.18,0.763,38058.4,90185.373
300813.SZ,20240507,18.4,19.43,18.1,18.64,18.46,0.18,0.9751,44014.01,82057.951
300814.SZ,20240507,27.86,28.4,27.56,27.85,28.06,-0.21,-0.7484,25598.6,71533.287
300815.SZ,20240507,13.79,14.0,13.78,13.97,13.88,0.09,0.6484,39986.98,55628.729
300816.SZ,20240507,22.61,23.5,22.29,23.48,22.68,0.8,3.5273,18295.8,41970.304
300817.SZ,20240507,12.31,12.54,12.25,12.5,12.28,0.22,1.7915,25197.98,31367.707
300818.SZ,20240507,29.63,30.41,28.75,29.08,29.33,-0.25,-0.8524,32593.3,95802.069
300819.SZ,20240507,12.7,12.75,12.57,12.71,12.7,0.01,0.0787,15685.5,19875.345
300820.SZ,20240507,49.75,50.4,48.44,48.94,50.2,-1.26,-2.51,27794.26,137060.544
300821.SZ,20240507,8.03,8.49,8.02,8.29,8.0,0.29,3.625,161450.0,133637.31
300822.SZ,20240507,11.05,11.18,10.99,11.09,11.12,-0.03,-0.2698,26856.25,29728.345
300823.SZ,20240507,19.0,19.05,18.6,18.87,19.05,-0.18,-0.9449,69024.5,129790.111
300824.SZ,20240507,9.06,9.13,8.86,9.03,9.22,-0.19,-2.0607,113427.5,102027.847
300825.SZ,20240507,11.9,12.35,11.9,12.03,12.04,-0.01,-0.0831,139455.99,169102.065
300826.SZ,20240507,12.78,12.96,12.66,12.87,12.68,0.19,1.4984,34963.51,44872.742
300827.SZ,20240507,28.27,28.39,27.88,28.09,28.29,-0.2,-0.707,53899.15,151437.459
300828.SZ,20240507,12.21,12.54,12.12,12.53,12.26,0.27,2.2023,24701.5,30734.379
300829.SZ,20240507,23.8,23.99,21.23,21.58,20.64,0.94,4.5543,250944.21,559795.647
300830.SZ,20240507,6.13,6.23,6.09,6.21,6.17,0.04,0.6483,55885.0,34508.236
300831.SZ,20240507,10.56,10.7,10.49,10.66,10.55,0.11,1.0427,30479.0,32347.456
300832.SZ,20240507,73.58,77.27,72.5,76.89,73.46,3.43,4.6692,58515.42,442921.221
300833.SZ,20240507,90.49,94.46,89.8,93.99,90.49,3.5,3.8678,10093.9,93634.347
300834.SZ,20240507,19.82,20.24,19.82,20.23,19.95,0.28,1.4035,17203.59,34458.99
300835.SZ,20240507,24.58,25.17,24.52,25.08,24.59,0.49,1.9927,23418.2,58432.811
300836.SZ,20240507,26.25,31.54,25.95,30.72,26.28,4.44,16.895,71260.72,207967.791
300837.SZ,20240507,24.71,25.25,24.68,25.09,24.9,0.19,0.7631,22226.94,55529.242
300838.SZ,20240507,12.34,12.5,12.26,12.5,12.34,0.16,1.2966,11718.0,14533.768
300839.SZ,20240507,8.12,9.09,8.04,8.58,8.0,0.58,7.25,186900.77,159948.083
300840.SZ,20240507,14.32,14.65,14.26,14.49,14.33,0.16,1.1165,48810.8,70870.172
300841.SZ,20240507,66.0,66.73,65.2,66.06,66.07,-0.01,-0.0151,22370.5,147464.003
300842.SZ,20240507,55.03,55.77,54.63,55.51,55.27,0.24,0.4342,47498.5,262145.645
300843.SZ,20240507,23.55,24.32,23.36,23.66,23.43,0.23,0.9816,99360.39,236455.802
300844.SZ,20240507,25.65,26.38,25.35,26.0,25.67,0.33,1.2855,27758.6,71905.744
300845.SZ,20240507,14.97,15.75,14.8,15.71,14.95,0.76,5.0836,129988.33,201713.675
300846.SZ,20240507,11.2,11.46,11.14,11.26,11.25,0.01,0.0889,91718.0,103364.734
300847.SZ,20240507,16.69,17.19,16.61,17.07,16.77,0.3,1.7889,123386.57,209731.002
300848.SZ,20240507,22.78,22.8,21.88,22.55,22.2,0.35,1.5766,50218.42,112987.739
300849.SZ,20240507,13.52,13.69,13.5,13.65,13.59,0.06,0.4415,20506.0,27873.155
300850.SZ,20240507,21.09,21.29,20.8,21.28,21.08,0.2,0.9488,56615.02,119392.935
300851.SZ,20240507,25.01,25.37,24.55,25.1,25.19,-0.09,-0.3573,19038.59,47424.927
300852.SZ,20240507,32.28,32.78,32.21,32.49,32.28,0.21,0.6506,13451.3,43753.091
300853.SZ,20240507,17.44,17.55,17.21,17.45,17.42,0.03,0.1722,11236.0,19530.834
300854.SZ,20240507,11.92,12.18,11.84,12.09,11.92,0.17,1.4262,19827.63,23791.329
300855.SZ,20240507,24.92,25.42,24.78,25.24,24.87,0.37,1.4877,50826.38,127697.341
300856.SZ,20240507,85.16,87.95,84.79,85.35,85.79,-0.44,-0.5129,20488.8,176196.83
300857.SZ,20240507,62.76,63.87,62.32,62.49,62.65,-0.16,-0.2554,60022.3,378074.065
300858.SZ,20240507,17.15,17.33,16.8,17.19,17.24,-0.05,-0.29,26643.3,45434.61
300859.SZ,20240507,29.77,30.2,28.89,29.97,29.5,0.47,1.5932,46919.37,138761.887
300860.SZ,20240507,36.0,36.62,35.73,36.21,36.03,0.18,0.4996,26410.72,95736.732
300861.SZ,20240507,24.51,24.88,24.41,24.81,24.51,0.3,1.224,40215.64,99352.966
300862.SZ,20240507,32.41,35.15,32.41,34.53,32.58,1.95,5.9853,34143.87,116408.495
300863.SZ,20240507,44.88,44.88,43.47,43.64,44.92,-1.28,-2.8495,13882.48,61020.329
300864.SZ,20240507,21.08,21.18,20.82,21.12,20.94,0.18,0.8596,9927.5,20870.433
300865.SZ,20240507,15.34,15.99,15.15,15.75,15.34,0.41,2.6728,31048.12,48590.523
300866.SZ,20240507,87.8,88.37,86.62,88.1,87.78,0.32,0.3645,36493.09,319918.55
300867.SZ,20240507,12.34,12.52,12.3,12.47,12.33,0.14,1.1354,26039.0,32325.475
300868.SZ,20240507,15.21,15.6,15.01,15.22,15.1,0.12,0.7947,21463.63,32818.871
300869.SZ,20240507,17.1,17.44,16.89,17.03,16.79,0.24,1.4294,51922.28,88845.925
300870.SZ,20240507,47.42,47.75,46.1,46.42,47.38,-0.96,-2.0262,30183.73,140991.768
300871.SZ,20240507,15.0,15.16,14.65,14.83,14.82,0.01,0.0675,18203.48,26982.228
300872.SZ,20240507,13.22,13.26,12.96,13.11,13.28,-0.17,-1.2801,98058.33,128340.544
300873.SZ,20240507,17.28,17.45,17.17,17.41,17.26,0.15,0.8691,23749.6,41153.565
300875.SZ,20240507,27.52,28.6,27.4,28.36,27.27,1.09,3.9971,75717.54,213029.606
300876.SZ,20240507,18.72,18.95,18.41,18.71,18.61,0.1,0.5373,6604.51,12314.574
300877.SZ,20240507,13.57,13.67,13.31,13.67,13.46,0.21,1.5602,10685.0,14443.043
300878.SZ,20240507,18.37,19.05,18.36,18.84,18.4,0.44,2.3913,21693.69,40615.557
300879.SZ,20240507,14.53,14.69,14.15,14.21,14.6,-0.39,-2.6712,33533.73,47982.156
300880.SZ,20240507,17.22,17.38,17.08,17.25,17.22,0.03,0.1742,32512.28,56014.581
300881.SZ,20240507,27.25,27.27,26.69,27.11,27.18,-0.07,-0.2575,23606.91,63660.341
300882.SZ,20240507,22.75,22.85,22.45,22.69,22.81,-0.12,-0.5261,25823.45,58517.104
300883.SZ,20240507,5.08,5.16,5.04,5.15,5.08,0.07,1.378,44202.0,22587.423
300884.SZ,20240507,9.26,9.43,9.22,9.35,9.33,0.02,0.2144,47123.5,43955.538
300885.SZ,20240507,8.38,8.72,8.24,8.61,8.37,0.24,2.8674,92558.36,79148.917
300886.SZ,20240507,18.03,18.94,18.02,18.85,17.97,0.88,4.8971,21022.4,38990.802
300887.SZ,20240507,10.34,10.71,10.3,10.59,10.22,0.37,3.6204,341761.89,359464.539
300888.SZ,20240507,31.8,31.99,31.11,31.45,31.77,-0.32,-1.0072,46734.99,146747.815
300889.SZ,20240507,11.38,11.48,11.31,11.41,11.37,0.04,0.3518,27293.33,31045.487
300890.SZ,20240507,33.25,33.5,32.1,32.3,33.37,-1.07,-3.2065,106794.73,347417.211
300891.SZ,20240507,10.6,11.8,10.5,11.49,10.97,0.52,4.7402,485422.63,547781.059
300892.SZ,20240507,16.2,16.81,15.96,16.55,16.27,0.28,1.721,21316.0,34975.319
300893.SZ,20240507,31.09,31.3,30.7,31.11,31.09,0.02,0.0643,15712.82,48767.418
300894.SZ,20240507,16.81,16.99,16.43,16.82,17.16,-0.34,-1.9814,198505.63,331149.407
300895.SZ,20240507,29.18,29.27,28.43,28.7,29.17,-0.47,-1.6112,52452.73,151153.416
300896.SZ,20240507,222.96,222.96,219.36,221.73,222.95,-1.22,-0.5472,21029.38,464832.342
300897.SZ,20240507,30.5,30.65,30.19,30.62,30.42,0.2,0.6575,6739.0,20511.252
300898.SZ,20240507,20.69,21.0,20.53,20.76,20.87,-0.11,-0.5271,31934.3,66163.235
300899.SZ,20240507,22.41,22.7,22.13,22.63,22.44,0.19,0.8467,27501.1,61808.634
300900.SZ,20240507,32.6,34.25,31.54,33.24,31.25,1.99,6.368,350092.83,1147432.977
300901.SZ,20240507,7.72,7.83,7.64,7.8,7.7,0.1,1.2987,22706.0,17542.526
300902.SZ,20240507,31.8,34.29,31.54,34.27,31.9,2.37,7.4295,67316.86,223174.554
300903.SZ,20240507,7.01,7.1,6.94,7.03,7.03,0.0,0.0,64951.04,45586.562
300904.SZ,20240507,46.56,48.48,45.65,47.91,46.47,1.44,3.0988,25654.84,121290.769
300905.SZ,20240507,37.57,42.0,36.66,41.03,35.0,6.03,17.2286,291537.94,1157283.257
300906.SZ,20240507,20.65,21.12,20.41,21.0,20.71,0.29,1.4003,12311.92,25666.335
300907.SZ,20240507,19.12,19.39,18.92,19.35,19.2,0.15,0.7813,32704.04,62612.586
300908.SZ,20240507,46.3,48.29,46.0,48.07,46.23,1.84,3.9801,14675.85,69858.095
300909.SZ,20240507,22.32,22.7,22.24,22.58,22.53,0.05,0.2219,23388.74,52628.078
300910.SZ,20240507,49.41,51.21,48.91,50.83,49.9,0.93,1.8637,39564.38,199344.372
300911.SZ,20240507,29.8,29.8,29.21,29.77,29.78,-0.01,-0.0336,26132.62,77178.317
300912.SZ,20240507,11.95,12.08,11.75,12.05,11.94,0.11,0.9213,28301.1,33789.163
300913.SZ,20240507,38.1,38.8,37.01,37.44,38.09,-0.65,-1.7065,124509.68,470743.179
300915.SZ,20240507,32.64,33.15,32.37,32.73,32.95,-0.22,-0.6677,8569.3,27972.667
300916.SZ,20240507,27.04,28.2,26.75,27.84,27.26,0.58,2.1277,84448.69,233054.897
300917.SZ,20240507,27.32,29.58,27.0,28.62,27.9,0.72,2.5806,252739.5,707598.789
300918.SZ,20240507,9.72,9.76,9.62,9.68,9.72,-0.04,-0.4115,19865.19,19235.577
300919.SZ,20240507,53.0,53.35,52.56,52.95,53.28,-0.33,-0.6194,39585.75,209652.859
300920.SZ,20240507,16.3,17.0,16.18,16.89,16.5,0.39,2.3636,45309.75,75466.543
300921.SZ,20240507,18.91,19.11,18.67,18.92,18.92,0.0,0.0,19339.45,36495.299
300922.SZ,20240507,14.09,15.27,13.9,15.26,14.01,1.25,8.9222,188133.98,278256.064
300923.SZ,20240507,18.6,18.62,18.26,18.59,18.59,0.0,0.0,11039.0,20382.427
300925.SZ,20240507,11.51,11.74,11.22,11.55,12.27,-0.72,-5.868,761078.81,869226.67
300926.SZ,20240507,22.41,23.35,21.77,22.79,22.28,0.51,2.289,126945.36,283267.095
300927.SZ,20240507,15.3,16.42,14.98,16.42,15.48,0.94,6.0724,91211.89,142377.196
300928.SZ,20240507,36.04,37.5,35.81,36.67,36.01,0.66,1.8328,15284.0,55894.242
300929.SZ,20240507,8.96,9.17,8.86,9.17,8.93,0.24,2.6876,24948.34,22510.272
300930.SZ,20240507,18.34,18.88,18.23,18.71,18.34,0.37,2.0174,15655.0,29125.772
300931.SZ,20240507,6.37,6.47,6.21,6.35,6.52,-0.17,-2.6074,139161.05,87999.746
300932.SZ,20240507,12.19,12.27,12.01,12.2,12.09,0.11,0.9098,21929.41,26700.99
300933.SZ,20240507,6.36,6.39,6.27,6.35,6.36,-0.01,-0.1572,62912.0,39825.72
300935.SZ,20240507,17.66,18.15,17.48,18.13,17.5,0.63,3.6,16790.6,30068.037
300936.SZ,20240507,33.93,35.18,33.86,34.8,34.14,0.66,1.9332,22074.17,76373.044
300937.SZ,20240507,23.5,23.97,23.41,23.9,23.45,0.45,1.919,13402.67,31702.319
300938.SZ,20240507,35.61,36.31,35.33,36.06,35.61,0.45,1.2637,22972.39,82664.016
300939.SZ,20240507,28.97,29.23,28.64,29.05,28.97,0.08,0.2761,14239.03,41272.261
300940.SZ,20240507,16.22,16.69,16.12,16.5,16.22,0.28,1.7263,32640.09,53391.751
300941.SZ,20240507,17.9,19.13,17.69,18.64,17.95,0.69,3.844,78572.99,144774.998
300942.SZ,20240507,7.89,7.93,7.73,7.92,7.89,0.03,0.3802,40075.23,31438.81
300943.SZ,20240507,11.16,12.65,10.95,11.84,11.04,0.8,7.2464,84618.96,100004.695
300945.SZ,20240507,11.24,11.59,11.24,11.46,11.28,0.18,1.5957,206627.2,236365.113
300946.SZ,20240507,26.28,26.47,26.01,26.19,26.27,-0.08,-0.3045,12762.2,33450.705
300947.SZ,20240507,12.83,13.53,12.32,13.09,13.0,0.09,0.6923,129232.18,166465.758
300948.SZ,20240507,10.06,10.31,9.98,10.29,10.1,0.19,1.8812,35446.24,35951.868
300949.SZ,20240507,37.1,37.89,36.76,36.96,37.18,-0.22,-0.5917,12052.0,44840.947
300950.SZ,20240507,17.6,18.19,17.3,17.89,18.22,-0.33,-1.8112,126753.28,223627.195
300951.SZ,20240507,41.32,42.7,40.97,42.06,41.15,0.91,2.2114,21553.5,90819.281
300952.SZ,20240507,20.57,21.78,20.57,21.74,20.56,1.18,5.7393,52290.86,112222.418
300953.SZ,20240507,68.3,68.43,66.51,67.0,68.5,-1.5,-2.1898,14236.95,95478.193
300955.SZ,20240507,15.49,15.85,15.28,15.8,15.55,0.25,1.6077,12350.0,19312.32
300956.SZ,20240507,12.87,12.97,12.63,12.91,12.7,0.21,1.6535,33772.99,43376.957
300957.SZ,20240507,61.06,61.92,60.43,61.67,61.06,0.61,0.999,42636.51,261141.17
300958.SZ,20240507,12.88,13.03,12.8,13.01,12.84,0.17,1.324,31537.75,40827.356
300959.SZ,20240507,26.8,27.48,26.79,27.1,26.87,0.23,0.856,7244.51,19616.522
300960.SZ,20240507,18.88,19.3,18.6,19.3,19.15,0.15,0.7833,59452.73,112563.494
300961.SZ,20240507,9.08,9.28,9.08,9.18,9.06,0.12,1.3245,26373.83,24182.882
300962.SZ,20240507,15.75,15.82,15.6,15.75,15.84,-0.09,-0.5682,32861.0,51567.305
300963.SZ,20240507,10.2,10.37,10.18,10.33,10.23,0.1,0.9775,32542.15,33478.712
300964.SZ,20240507,32.6,33.08,32.3,32.95,32.37,0.58,1.7918,17797.0,58335.547
300965.SZ,20240507,27.75,29.3,27.31,28.95,27.83,1.12,4.0244,12403.51,35234.982
300966.SZ,20240507,17.99,19.74,17.5,19.04,18.16,0.88,4.8458,97655.25,181816.929
300967.SZ,20240507,9.72,10.0,9.53,10.0,9.72,0.28,2.8807,54161.32,52939.917
300968.SZ,20240507,9.09,9.15,8.97,9.04,9.08,-0.04,-0.4405,54256.8,49180.587
300969.SZ,20240507,91.0,91.0,88.28,88.48,91.1,-2.62,-2.876,11685.68,104142.237
300970.SZ,20240507,13.97,15.28,13.75,15.22,13.9,1.32,9.4964,133948.47,193360.087
300971.SZ,20240507,19.36,19.65,19.17,19.65,19.38,0.27,1.3932,16269.54,31573.821
300972.SZ,20240507,29.24,29.5,28.53,29.17,29.26,-0.09,-0.3076,15220.32,44187.564
300973.SZ,20240507,37.27,39.18,36.53,39.02,37.22,1.8,4.8361,45062.47,170626.429
300975.SZ,20240507,11.76,12.6,11.71,11.87,12.05,-0.18,-1.4938,1021563.93,1236255.487
300976.SZ,20240507,41.55,41.69,40.76,41.05,41.3,-0.25,-0.6053,7680.23,31501.386
300977.SZ,20240507,14.82,14.96,14.65,14.95,14.8,0.15,1.0135,19601.59,29111.498
300978.SZ,20240507,11.15,11.34,11.07,11.32,11.19,0.13,1.1618,38573.0,43375.641
300979.SZ,20240507,69.83,70.98,68.61,69.13,70.62,-1.49,-2.1099,28151.18,196612.463
300980.SZ,20240507,19.32,19.59,19.18,19.51,19.31,0.2,1.0357,7802.0,15141.049
300981.SZ,20240507,12.09,12.38,12.05,12.33,12.14,0.19,1.5651,26121.16,32015.172
300982.SZ,20240507,18.64,19.16,18.55,19.02,18.65,0.37,1.9839,41743.8,79129.918
300983.SZ,20240507,23.89,24.39,23.72,23.99,23.88,0.11,0.4606,5789.6,13935.661
300984.SZ,20240507,23.06,23.2,22.81,23.01,23.15,-0.14,-0.6048,4148.0,9524.993
300985.SZ,20240507,27.5,28.06,27.08,27.67,27.24,0.43,1.5786,30247.86,83164.074
300986.SZ,20240507,8.47,8.47,8.13,8.36,8.34,0.02,0.2398,47925.64,39559.484
300987.SZ,20240507,15.45,15.45,14.45,14.51,14.35,0.16,1.115,75537.81,111520.372
300988.SZ,20240507,19.99,20.15,19.65,19.85,19.93,-0.08,-0.4014,72744.91,144721.118
300989.SZ,20240507,19.62,20.19,19.34,19.53,19.86,-0.33,-1.6616,102309.13,201821.892
300990.SZ,20240507,33.95,34.36,33.13,33.3,34.02,-0.72,-2.1164,33257.4,112028.082
300991.SZ,20240507,14.8,15.69,14.8,15.03,14.89,0.14,0.9402,72070.73,109186.168
300992.SZ,20240507,17.46,17.78,17.3,17.77,17.53,0.24,1.3691,22079.0,38644.455
300993.SZ,20240507,12.77,12.89,12.54,12.61,12.67,-0.06,-0.4736,26629.6,33740.287
300994.SZ,20240507,12.21,12.25,11.95,12.17,12.22,-0.05,-0.4092,58085.2,70213.672
300995.SZ,20240507,18.49,18.58,17.92,18.33,18.15,0.18,0.9917,41390.58,75452.121
300996.SZ,20240507,16.36,17.05,16.33,16.63,16.48,0.15,0.9102,62690.89,104522.433
300997.SZ,20240507,15.57,15.62,15.17,15.42,15.68,-0.26,-1.6582,40032.79,61427.566
300998.SZ,20240507,23.8,23.97,23.03,23.86,23.6,0.26,1.1017,30096.0,70837.098
300999.SZ,20240507,31.82,32.29,31.65,32.23,31.83,0.4,1.2567,74044.95,237418.377
301000.SZ,20240507,19.37,19.8,19.14,19.74,19.34,0.4,2.0683,65258.92,128031.173
301001.SZ,20240507,19.29,19.83,18.54,18.8,18.55,0.25,1.3477,32786.57,62274.284
301002.SZ,20240507,15.39,15.8,15.39,15.8,15.38,0.42,2.7308,14943.17,23402.828
301003.SZ,20240507,24.39,26.51,24.38,25.93,24.32,1.61,6.6201,30347.91,77317.883
301004.SZ,20240507,81.5,83.48,80.7,81.32,81.5,-0.18,-0.2209,11183.0,91975.888
301005.SZ,20240507,33.56,40.38,33.28,40.38,33.65,6.73,20.0,85506.34,319487.133
301006.SZ,20240507,13.76,14.0,13.5,13.96,13.75,0.21,1.5273,24397.82,33689.757
301007.SZ,20240507,13.8,13.88,13.58,13.7,13.85,-0.15,-1.083,88109.73,120839.364
301008.SZ,20240507,28.0,28.14,27.33,27.58,28.51,-0.93,-3.262,30691.16,84765.37
301009.SZ,20240507,8.81,8.89,8.7,8.88,8.74,0.14,1.6018,23300.0,20563.522
301010.SZ,20240507,13.35,13.58,13.23,13.56,13.32,0.24,1.8018,15144.0,20377.665
301011.SZ,20240507,16.57,17.0,16.5,16.75,16.61,0.14,0.8429,21111.31,35396.449
301012.SZ,20240507,21.3,21.6,20.68,21.39,20.92,0.47,2.2467,76659.64,162065.22
301013.SZ,20240507,12.28,12.44,12.15,12.25,12.3,-0.05,-0.4065,67362.0,82739.579
301015.SZ,20240507,33.82,34.22,33.3,33.98,33.45,0.53,1.5845,16961.23,57399.762
301016.SZ,20240507,17.72,17.88,17.18,17.32,17.78,-0.46,-2.5872,36578.98,63531.431
301017.SZ,20240507,13.04,13.29,12.92,12.96,13.07,-0.11,-0.8416,24927.9,32393.791
301018.SZ,20240507,23.82,24.23,23.62,23.76,23.86,-0.1,-0.4191,45858.6,109382.144
301019.SZ,20240507,19.64,23.57,19.57,22.8,19.64,3.16,16.0896,46270.0,98398.345
301020.SZ,20240507,18.6,19.45,18.24,19.12,18.5,0.62,3.3514,30177.0,57063.218
301021.SZ,20240507,17.03,17.26,16.84,17.19,16.98,0.21,1.2367,15354.0,26305.692
301022.SZ,20240507,25.65,26.11,25.29,25.87,25.65,0.22,0.8577,35581.89,91641.595
301023.SZ,20240507,31.86,32.36,31.5,32.0,31.98,0.02,0.0625,6123.0,19490.815
301024.SZ,20240507,21.98,22.58,21.45,22.49,22.0,0.49,2.2273,17634.5,39127.015
301025.SZ,20240507,12.01,13.1,12.0,12.39,11.97,0.42,3.5088,287741.07,360017.479
301026.SZ,20240507,25.25,25.79,25.18,25.72,25.19,0.53,2.104,19155.0,48757.62
301027.SZ,20240507,8.64,8.8,8.52,8.68,8.59,0.09,1.0477,38630.86,33496.378
301028.SZ,20240507,9.55,9.67,9.44,9.55,9.52,0.03,0.3151,47415.33,45313.738
301029.SZ,20240507,24.69,25.1,24.33,24.86,24.57,0.29,1.1803,71895.98,178423.215
301030.SZ,20240507,49.4,52.38,49.34,52.0,49.37,2.63,5.3271,53054.18,270636.564
301031.SZ,20240507,90.13,91.97,89.02,91.75,90.19,1.56,1.7297,11699.2,106540.667
301032.SZ,20240507,8.01,8.18,7.98,8.11,8.05,0.06,0.7453,37111.41,29974.939
301033.SZ,20240507,38.73,38.79,36.66,37.8,36.34,1.46,4.0176,17495.33,65892.364
301035.SZ,20240507,60.37,60.67,59.5,60.05,60.45,-0.4,-0.6617,11290.0,67647.204
301036.SZ,20240507,22.87,27.29,22.21,25.28,22.87,2.41,10.5378,167037.65,401228.158
301037.SZ,20240507,14.21,15.01,14.0,14.9,14.09,0.81,5.7488,42645.57,61733.028
301038.SZ,20240507,15.24,16.04,15.1,15.35,15.13,0.22,1.4541,64821.61,100434.698
301039.SZ,20240507,10.16,10.22,9.98,10.11,10.21,-0.1,-0.9794,162080.23,163645.044
301040.SZ,20240507,12.55,12.74,12.34,12.71,12.48,0.23,1.8429,13931.42,17509.874
301041.SZ,20240507,23.01,23.69,22.88,23.12,22.89,0.23,1.0048,37270.5,86666.792
301042.SZ,20240507,36.08,36.8,35.5,36.0,36.47,-0.47,-1.2887,23970.48,86410.332
301043.SZ,20240507,27.6,27.98,27.33,27.56,27.59,-0.03,-0.1087,10950.0,30204.132
301045.SZ,20240507,19.7,19.7,19.06,19.53,19.3,0.23,1.1917,17048.59,32929.843
301046.SZ,20240507,20.58,20.79,20.42,20.75,20.62,0.13,0.6305,17769.67,36643.83
301047.SZ,20240507,72.11,75.4,72.02,74.24,72.39,1.85,2.5556,13393.01,99002.158
301048.SZ,20240507,10.09,10.2,9.72,9.83,10.07,-0.24,-2.3833,208537.66,205533.363
301049.SZ,20240507,28.96,30.0,28.3,28.64,29.52,-0.88,-2.981,91489.07,266494.422
301050.SZ,20240507,50.95,53.0,50.64,52.8,50.97,1.83,3.5903,71851.66,375155.466
301051.SZ,20240507,40.44,40.98,39.71,39.75,40.27,-0.52,-1.2913,8020.5,32059.067
301052.SZ,20240507,27.01,28.2,27.01,27.39,27.01,0.38,1.4069,62957.05,173379.669
301053.SZ,20240507,20.67,20.83,20.41,20.76,20.66,0.1,0.484,14112.0,29095.708
301055.SZ,20240507,14.58,14.87,14.25,14.55,14.69,-0.14,-0.953,20201.9,29319.322
301056.SZ,20240507,8.72,8.94,8.64,8.75,8.9,-0.15,-1.6854,55127.95,48110.555
301057.SZ,20240507,12.77,12.91,12.6,12.88,12.73,0.15,1.1783,22140.0,28296.316
301058.SZ,20240507,10.49,10.55,10.35,10.45,10.58,-0.13,-1.2287,127851.12,133335.312
301059.SZ,20240507,10.5,10.81,10.4,10.67,11.0,-0.33,-3.0,65293.4,68614.62
301060.SZ,20240507,10.63,10.88,10.55,10.79,10.61,0.18,1.6965,55558.78,59680.883
301061.SZ,20240507,67.3,69.76,65.98,69.4,67.72,1.68,2.4808,13489.49,91600.546
301062.SZ,20240507,10.55,10.65,10.4,10.58,10.59,-0.01,-0.0944,39922.0,41970.607
301063.SZ,20240507,15.77,16.88,15.56,16.82,15.75,1.07,6.7937,50580.48,82257.383
301065.SZ,20240507,19.45,20.4,19.31,19.73,19.45,0.28,1.4396,26646.54,52802.285
301066.SZ,20240507,10.59,10.66,10.41,10.51,10.58,-0.07,-0.6616,19303.6,20268.587
301067.SZ,20240507,21.27,21.64,20.9,21.54,21.15,0.39,1.844,19592.0,41841.598
301068.SZ,20240507,29.09,29.09,28.32,28.32,28.96,-0.64,-2.2099,7100.44,20279.047
301069.SZ,20240507,17.26,17.8,17.18,17.64,17.03,0.61,3.5819,88167.02,153607.523
301070.SZ,20240507,36.46,36.98,35.5,36.2,36.51,-0.31,-0.8491,4959.96,17935.343
301071.SZ,20240507,33.95,34.91,33.82,34.78,34.08,0.7,2.054,50477.81,174695.827
301072.SZ,20240507,23.44,23.49,22.78,23.03,23.44,-0.41,-1.7491,30988.59,71414.682
301073.SZ,20240507,24.52,24.54,23.41,23.75,24.3,-0.55,-2.2634,63757.03,151743.028
301075.SZ,20240507,20.38,20.87,20.04,20.68,20.49,0.19,0.9273,20027.0,40988.377
301076.SZ,20240507,23.3,23.93,23.1,23.82,23.3,0.52,2.2318,77244.65,182164.725
301077.SZ,20240507,20.6,21.93,20.4,21.5,21.09,0.41,1.944,74860.0,158479.005
301078.SZ,20240507,6.48,6.55,6.47,6.51,6.5,0.01,0.1538,73482.0,47814.353
301079.SZ,20240507,12.2,12.5,12.12,12.32,12.23,0.09,0.7359,22109.73,27249.005
301080.SZ,20240507,42.83,45.42,42.18,44.43,42.75,1.68,3.9298,76528.8,334946.674
301081.SZ,20240507,8.66,8.8,8.58,8.79,8.68,0.11,1.2673,20843.68,18182.814
301082.SZ,20240507,12.66,12.86,12.59,12.77,12.66,0.11,0.8689,21944.06,27902.148
301083.SZ,20240507,14.05,14.27,13.86,14.2,13.97,0.23,1.6464,32999.0,46661.125
301085.SZ,20240507,52.95,52.95,50.79,51.12,52.25,-1.13,-2.1627,30752.82,158673.842
301086.SZ,20240507,34.23,34.56,34.08,34.47,34.23,0.24,0.7011,4283.0,14707.816
301087.SZ,20240507,37.91,38.52,37.85,37.95,37.88,0.07,0.1848,8214.21,31303.294
301088.SZ,20240507,12.36,12.45,12.25,12.45,12.32,0.13,1.0552,13045.0,16138.775
301089.SZ,20240507,35.89,41.59,35.23,41.59,34.66,6.93,19.9942,105530.22,406753.673
301090.SZ,20240507,9.13,9.21,9.05,9.16,9.12,0.04,0.4386,35590.88,32526.421
301091.SZ,20240507,39.7,42.66,39.7,41.1,39.45,1.65,4.1825,226818.44,936665.896
301092.SZ,20240507,27.3,29.44,27.25,29.25,27.67,1.58,5.7102,84366.32,241807.958
301093.SZ,20240507,23.58,23.58,23.22,23.4,23.39,0.01,0.0428,12978.0,30365.676
301095.SZ,20240507,51.84,52.63,51.6,51.93,51.95,-0.02,-0.0385,19743.38,102763.339
301096.SZ,20240507,71.96,73.26,71.52,73.19,72.0,1.19,1.6528,11626.74,84431.599
301097.SZ,20240507,41.98,43.93,41.42,43.4,41.18,2.22,5.391,5407.35,23219.421
301098.SZ,20240507,8.52,8.64,8.49,8.63,8.55,0.08,0.9357,20372.5,17453.189
301099.SZ,20240507,41.0,41.79,40.21,41.78,40.92,0.86,2.1017,24871.48,102050.161
301100.SZ,20240507,15.67,16.04,15.62,16.02,15.67,0.35,2.2336,12285.04,19465.977
301101.SZ,20240507,27.7,28.25,27.54,27.98,27.7,0.28,1.0108,12110.0,33799.599
301102.SZ,20240507,14.15,14.43,14.08,14.3,14.13,0.17,1.2031,28324.96,40414.336
301103.SZ,20240507,25.99,26.43,25.92,26.15,25.99,0.16,0.6156,12556.79,32827.379
301105.SZ,20240507,27.79,27.9,27.27,27.78,27.5,0.28,1.0182,5800.69,16037.703
301106.SZ,20240507,36.96,37.07,36.24,36.58,36.76,-0.18,-0.4897,9934.45,36285.648
301107.SZ,20240507,24.92,25.11,24.6,25.01,24.94,0.07,0.2807,9563.01,23867.217
301108.SZ,20240507,28.17,28.44,27.57,27.98,28.21,-0.23,-0.8153,8657.8,24059.459
301109.SZ,20240507,16.67,16.76,16.5,16.75,16.67,0.08,0.4799,23710.64,39503.821
301110.SZ,20240507,44.53,45.63,42.3,43.12,44.32,-1.2,-2.7076,14929.55,64901.449
301111.SZ,20240507,16.85,17.5,16.7,17.4,16.88,0.52,3.0806,53798.68,92565.076
301112.SZ,20240507,21.85,22.93,21.71,22.65,21.89,0.76,3.4719,16416.99,36824.354
301113.SZ,20240507,23.27,23.27,22.62,23.04,23.14,-0.1,-0.4322,8276.84,18967.822
301115.SZ,20240507,15.97,16.05,15.86,16.05,15.96,0.09,0.5639,6662.0,10650.278
301116.SZ,20240507,10.55,10.64,10.0,10.25,10.3,-0.05,-0.4854,56129.9,57306.605
301117.SZ,20240507,31.0,34.36,30.83,34.15,31.31,2.84,9.0706,78054.85,257043.385
301118.SZ,20240507,17.33,18.57,17.32,18.57,17.32,1.25,7.2171,53768.18,96727.421
301119.SZ,20240507,21.06,21.06,20.55,20.71,20.64,0.07,0.3391,11850.4,24613.506
301120.SZ,20240507,9.08,9.21,9.01,9.11,9.08,0.03,0.3304,30700.98,28004.951
301121.SZ,20240507,38.38,40.43,38.12,40.1,38.66,1.44,3.7248,51164.21,201270.067
301122.SZ,20240507,24.58,25.25,24.18,24.99,24.62,0.37,1.5028,19572.1,48739.655
301123.SZ,20240507,17.21,17.43,17.06,17.3,17.18,0.12,0.6985,18876.19,32567.936
301125.SZ,20240507,13.92,14.03,13.73,13.95,13.82,0.13,0.9407,25187.38,34962.02
301126.SZ,20240507,9.88,10.45,9.79,10.18,9.88,0.3,3.0364,55532.0,56096.352
301127.SZ,20240507,9.67,9.69,9.57,9.68,9.62,0.06,0.6237,45950.36,44230.082
301128.SZ,20240507,42.04,42.58,41.4,41.7,42.28,-0.58,-1.3718,21102.84,88414.617
301129.SZ,20240507,16.86,17.39,16.72,17.33,16.87,0.46,2.7267,15315.13,26268.183
301130.SZ,20240507,25.73,26.33,25.53,26.25,25.79,0.46,1.7836,12216.36,31817.588
301131.SZ,20240507,39.29,39.29,38.4,38.77,39.39,-0.62,-1.574,26433.25,102370.357
301132.SZ,20240507,21.4,21.7,21.24,21.38,21.36,0.02,0.0936,14956.32,32031.465
301133.SZ,20240507,23.0,23.62,22.79,23.62,23.0,0.62,2.6957,23508.0,54972.051
301135.SZ,20240507,20.1,20.43,19.93,20.39,20.05,0.34,1.6958,12770.0,25855.158
301136.SZ,20240507,10.4,10.84,10.15,10.82,10.32,0.5,4.845,156619.21,165040.536
301137.SZ,20240507,14.66,14.94,14.53,14.77,14.66,0.11,0.7503,21766.27,32100.119
301138.SZ,20240507,26.18,26.84,25.88,26.48,26.08,0.4,1.5337,27697.17,73227.358
301139.SZ,20240507,24.75,25.36,24.46,24.87,24.83,0.04,0.1611,34255.68,85391.86
301141.SZ,20240507,45.59,46.28,44.87,45.33,44.69,0.64,1.4321,31856.28,145317.335
301148.SZ,20240507,19.64,19.7,19.2,19.32,19.54,-0.22,-1.1259,30594.24,59094.336
301149.SZ,20240507,11.37,11.6,11.31,11.58,11.33,0.25,2.2065,62731.26,72133.102
301150.SZ,20240507,27.5,28.28,27.5,28.28,27.67,0.61,2.2046,18227.82,51036.745
301151.SZ,20240507,16.13,16.93,15.87,16.44,16.0,0.44,2.75,57400.99,94141.855
301152.SZ,20240507,24.83,25.3,24.63,25.18,24.83,0.35,1.4096,20041.62,50107.161
301153.SZ,20240507,57.78,58.0,55.9,56.34,58.08,-1.74,-2.9959,36763.78,208209.139
301155.SZ,20240507,50.28,51.24,49.9,50.6,50.26,0.34,0.6765,18172.27,92062.868
301156.SZ,20240507,16.9,17.5,16.54,17.47,16.99,0.48,2.8252,49357.31,84018.836
301157.SZ,20240507,34.79,36.19,34.43,35.31,34.79,0.52,1.4947,12269.17,43586.171
301158.SZ,20240507,14.65,14.86,14.57,14.82,14.73,0.09,0.611,48375.6,71179.492
301159.SZ,20240507,32.0,32.6,31.73,32.49,32.65,-0.16,-0.49,25263.0,81260.092
301160.SZ,20240507,42.94,44.48,42.54,44.21,42.56,1.65,3.8769,32620.62,142771.236
301161.SZ,20240507,17.55,17.79,17.3,17.7,17.61,0.09,0.5111,26392.14,46338.989
301162.SZ,20240507,41.57,42.59,41.37,42.56,41.81,0.75,1.7938,11979.17,50355.475
301163.SZ,20240507,22.71,23.4,22.66,23.4,22.88,0.52,2.2727,46802.54,108042.336
301165.SZ,20240507,35.06,35.17,34.22,34.46,34.96,-0.5,-1.4302,24457.08,84781.84
301166.SZ,20240507,31.62,33.57,31.4,32.34,31.58,0.76,2.4066,22243.44,71856.747
301167.SZ,20240507,12.75,13.42,12.6,13.22,12.74,0.48,3.7677,77688.75,101501.246
301168.SZ,20240507,33.21,33.65,32.89,33.47,33.21,0.26,0.7829,23406.0,77844.03
301169.SZ,20240507,34.01,34.5,33.51,34.01,33.92,0.09,0.2653,16943.27,57719.338
301170.SZ,20240507,24.93,25.28,24.61,25.21,24.86,0.35,1.4079,12430.96,31224.774
301171.SZ,20240507,17.48,18.05,17.46,17.54,17.36,0.18,1.0369,175825.24,311236.459
301172.SZ,20240507,32.4,33.99,32.1,33.98,32.17,1.81,5.6264,63742.42,212522.549
301175.SZ,20240507,5.06,5.08,5.01,5.04,5.06,-0.02,-0.3953,157715.82,79417.167
301176.SZ,20240507,12.38,12.55,12.19,12.44,12.26,0.18,1.4682,11048.66,13682.49
301177.SZ,20240507,25.19,25.43,24.82,25.22,24.98,0.24,0.9608,13305.56,33549.468
301178.SZ,20240507,20.8,21.2,20.52,21.08,20.68,0.4,1.9342,12755.02,26780.585
301179.SZ,20240507,22.3,22.89,22.2,22.49,22.4,0.09,0.4018,22282.85,50117.125
301180.SZ,20240507,13.81,14.07,13.65,14.04,13.81,0.23,1.6655,19068.18,26575.408
301181.SZ,20240507,22.37,22.64,22.19,22.28,22.38,-0.1,-0.4468,11421.02,25509.427
301182.SZ,20240507,16.77,17.03,16.37,16.9,16.45,0.45,2.7356,12155.35,20420.208
301183.SZ,20240507,45.44,45.99,43.9,44.24,45.26,-1.02,-2.2536,57247.85,255956.706
301185.SZ,20240507,17.77,18.03,17.54,17.88,17.86,0.02,0.112,26594.74,47436.554
301186.SZ,20240507,34.58,35.25,34.26,34.83,34.58,0.25,0.723,8820.53,30704.376
301187.SZ,20240507,22.6,23.2,22.24,22.54,22.85,-0.31,-1.3567,71902.32,162761.109
301188.SZ,20240507,17.06,17.73,17.05,17.55,17.48,0.07,0.4005,84388.38,147162.665
301189.SZ,20240507,21.99,22.0,21.56,21.87,21.75,0.12,0.5517,5159.63,11242.428
301190.SZ,20240507,17.84,18.99,17.6,18.79,17.92,0.87,4.8549,34578.01,63300.771
301191.SZ,20240507,78.1,78.78,76.32,77.21,77.89,-0.68,-0.873,15257.21,118073.827
301192.SZ,20240507,15.99,16.63,15.74,16.54,16.0,0.54,3.375,18467.6,29932.353
301193.SZ,20240507,21.0,21.38,20.55,20.94,20.93,0.01,0.0478,12213.8,25654.427
301195.SZ,20240507,36.32,37.05,36.28,36.82,36.48,0.34,0.932,9558.49,35103.378
301196.SZ,20240507,30.3,30.54,30.16,30.43,30.3,0.13,0.429,5294.0,16078.387
301197.SZ,20240507,13.55,13.97,13.47,13.93,13.56,0.37,2.7286,22371.06,30768.163
301198.SZ,20240507,9.18,9.3,9.11,9.3,9.16,0.14,1.5284,26812.58,24709.638
301199.SZ,20240507,25.5,26.05,25.01,25.67,25.99,-0.32,-1.2312,60958.84,155983.66
301200.SZ,20240507,35.05,35.4,34.86,35.05,35.0,0.05,0.1429,7379.89,25938.957
301201.SZ,20240507,20.59,21.58,20.51,21.07,20.82,0.25,1.2008,29946.8,62890.405
301202.SZ,20240507,34.3,35.0,33.5,34.15,34.44,-0.29,-0.842,60352.56,205889.317
301203.SZ,20240507,33.24,33.29,32.9,33.14,33.08,0.06,0.1814,4757.05,15732.059
301205.SZ,20240507,84.5,84.88,81.0,82.42,83.8,-1.38,-1.6468,30334.01,251261.856
301206.SZ,20240507,29.2,32.57,28.9,31.7,29.23,2.47,8.4502,76834.2,237966.467
301207.SZ,20240507,22.31,22.73,22.25,22.62,22.42,0.2,0.8921,25523.76,57532.976
301208.SZ,20240507,30.35,30.72,30.1,30.61,30.48,0.13,0.4265,14908.45,45340.401
301209.SZ,20240507,27.2,30.08,27.08,30.08,25.07,5.01,19.984,137741.84,401894.933
301210.SZ,20240507,33.13,33.31,32.87,33.18,33.13,0.05,0.1509,4870.69,16108.542
301211.SZ,20240507,17.9,18.9,17.87,18.49,18.04,0.45,2.4945,70332.84,129644.906
301212.SZ,20240507,22.88,27.0,22.81,25.27,23.28,1.99,8.5481,62569.56,156094.717
301213.SZ,20240507,32.12,35.18,32.0,35.08,32.38,2.7,8.3385,58141.97,199155.207
301215.SZ,20240507,5.5,5.56,5.44,5.53,5.55,-0.02,-0.3604,153290.29,84249.682
301216.SZ,20240507,12.68,12.78,12.56,12.77,12.63,0.14,1.1085,33615.4,42582.263
301217.SZ,20240507,10.65,10.71,10.52,10.67,10.59,0.08,0.7554,32461.0,34561.797
301218.SZ,20240507,23.03,23.32,22.69,23.06,23.11,-0.05,-0.2164,29953.5,68910.054
301219.SZ,20240507,46.2,47.4,45.9,46.36,46.41,-0.05,-0.1077,76533.14,356354.443
301220.SZ,20240507,31.27,35.88,31.27,32.0,30.2,1.8,5.9603,55028.74,178796.193
301221.SZ,20240507,39.0,39.97,38.89,39.51,39.68,-0.17,-0.4284,28025.94,110425.27
301222.SZ,20240507,24.7,24.7,24.17,24.51,24.7,-0.19,-0.7692,12408.53,30313.142
301223.SZ,20240507,15.78,15.81,15.69,15.81,15.77,0.04,0.2536,6609.0,10412.329
301225.SZ,20240507,27.74,28.29,27.33,28.02,27.74,0.28,1.0094,10836.27,30067.868
301226.SZ,20240507,17.94,17.94,17.28,17.7,18.42,-0.72,-3.9088,82191.02,143936.194
301227.SZ,20240507,25.58,25.58,24.72,24.94,25.59,-0.65,-2.5401,17353.26,43423.445
301228.SZ,20240507,11.52,11.76,11.44,11.75,11.44,0.31,2.7098,44737.0,52061.068
301229.SZ,20240507,31.95,32.24,31.32,31.81,31.95,-0.14,-0.4382,14731.0,46775.672
301230.SZ,20240507,36.41,36.71,35.81,36.04,36.96,-0.92,-2.4892,58633.18,211767.266
301231.SZ,20240507,18.88,19.58,18.6,18.81,18.59,0.22,1.1834,39681.36,75397.033
301232.SZ,20240507,36.86,39.59,36.55,38.84,36.86,1.98,5.3717,19815.22,76600.819
301233.SZ,20240507,39.86,42.52,39.42,42.52,39.87,2.65,6.6466,41205.49,171863.407
301234.SZ,20240507,25.22,25.5,24.96,25.41,24.9,0.51,2.0482,13768.54,34793.017
301235.SZ,20240507,20.9,21.33,20.32,20.52,19.71,0.81,4.1096,36493.14,75475.757
301236.SZ,20240507,43.73,44.07,42.38,42.88,43.4,-0.52,-1.1982,313898.63,1352207.788
301237.SZ,20240507,22.96,23.98,22.77,23.8,22.95,0.85,3.7037,15149.0,35379.871
301238.SZ,20240507,20.54,20.98,20.39,20.59,20.83,-0.24,-1.1522,269728.82,557632.149
301239.SZ,20240507,51.92,51.99,51.15,51.53,51.55,-0.02,-0.0388,17224.96,88842.693
301246.SZ,20240507,16.68,17.03,16.41,16.72,16.68,0.04,0.2398,55206.25,92148.999
301248.SZ,20240507,14.87,15.16,14.65,15.07,14.84,0.23,1.5499,71080.83,106489.264
301251.SZ,20240507,27.81,28.12,27.75,28.02,27.87,0.15,0.5382,13537.31,37855.503
301252.SZ,20240507,42.88,42.88,41.96,42.3,42.75,-0.45,-1.0526,24268.15,102637.556
301255.SZ,20240507,31.89,32.83,31.57,32.4,31.89,0.51,1.5992,18918.28,61097.823
301256.SZ,20240507,7.4,7.82,7.34,7.82,7.51,0.31,4.1278,153691.32,116874.064
301257.SZ,20240507,46.69,47.5,46.59,46.75,46.82,-0.07,-0.1495,13180.0,61908.818
301258.SZ,20240507,40.47,40.52,37.5,40.52,33.77,6.75,19.9882,132792.76,534402.311
301259.SZ,20240507,23.12,23.49,22.43,22.88,22.91,-0.03,-0.1309,16822.7,38708.461
301260.SZ,20240507,15.34,16.16,15.34,15.95,15.57,0.38,2.4406,109699.69,173322.108
301261.SZ,20240507,45.65,45.65,44.53,45.08,45.27,-0.19,-0.4197,8197.32,37011.731
301262.SZ,20240507,26.82,27.5,26.69,26.93,26.82,0.11,0.4101,30227.05,81823.83
301263.SZ,20240507,14.49,14.64,14.36,14.42,14.56,-0.14,-0.9615,22889.8,33114.652
301265.SZ,20240507,9.65,9.72,9.58,9.67,9.66,0.01,0.1035,21254.39,20540.454
301266.SZ,20240507,37.28,38.33,36.9,38.08,37.28,0.8,2.1459,32271.06,121201.694
301267.SZ,20240507,26.97,27.12,26.74,26.99,27.03,-0.04,-0.148,27096.26,72928.756
301268.SZ,20240507,20.41,20.58,20.17,20.4,20.49,-0.09,-0.4392,12285.21,24992.522
301269.SZ,20240507,80.61,80.88,79.4,79.74,80.61,-0.87,-1.0793,15662.56,125345.456
301270.SZ,20240507,27.66,28.25,27.37,27.54,27.7,-0.16,-0.5776,16648.9,46196.624
301272.SZ,20240507,39.37,39.95,39.07,39.93,39.37,0.56,1.4224,7908.9,31232.254
301273.SZ,20240507,18.41,19.17,18.41,19.05,18.35,0.7,3.8147,10150.67,19141.798
301276.SZ,20240507,22.22,22.33,22.11,22.24,22.22,0.02,0.09,6460.68,14352.532
301277.SZ,20240507,21.15,24.98,20.75,23.38,21.19,2.19,10.3351,181209.43,408526.938
301278.SZ,20240507,38.42,38.8,37.95,38.72,38.42,0.3,0.7808,15394.99,59076.504
301279.SZ,20240507,18.47,18.86,18.32,18.86,18.47,0.39,2.1115,11784.96,22027.367
301280.SZ,20240507,40.61,40.77,39.83,40.45,40.62,-0.17,-0.4185,13474.69,54437.943
301281.SZ,20240507,26.99,30.7,26.61,28.96,27.27,1.69,6.1973,58395.42,166223.078
301282.SZ,20240507,17.38,17.79,17.36,17.74,17.55,0.19,1.0826,15977.0,28191.742
301283.SZ,20240507,33.43,33.62,32.66,33.55,33.61,-0.06,-0.1785,13084.89,43455.225
301285.SZ,20240507,23.68,24.9,23.5,24.33,23.8,0.53,2.2269,37924.0,92354.445
301286.SZ,20240507,33.42,33.6,32.3,33.14,32.8,0.34,1.0366,20212.0,66393.561
301287.SZ,20240507,27.69,28.03,27.5,27.96,27.64,0.32,1.1577,6131.14,17027.651
301288.SZ,20240507,13.52,13.84,13.38,13.81,13.51,0.3,2.2206,22095.0,30050.565
301289.SZ,20240507,42.0,42.51,41.9,42.14,42.7,-0.56,-1.3115,16170.71,68209.627
301290.SZ,20240507,23.0,23.6,22.93,23.12,22.71,0.41,1.8054,17488.48,40526.258
301291.SZ,20240507,38.83,38.93,37.56,38.37,39.25,-0.88,-2.242,42351.81,161564.013
301292.SZ,20240507,15.25,15.5,14.99,15.42,15.15,0.27,1.7822,26947.87,41119.828
301293.SZ,20240507,61.96,64.88,61.7,63.73,62.26,1.47,2.3611,43517.34,275325.687
301295.SZ,20240507,25.67,25.88,25.5,25.87,25.67,0.2,0.7791,8194.43,21092.897
301296.SZ,20240507,8.82,9.01,8.76,9.01,8.8,0.21,2.3864,40028.0,35751.97
301297.SZ,20240507,21.3,21.54,21.06,21.25,21.3,-0.05,-0.2347,40329.72,85872.104
301298.SZ,20240507,14.62,14.88,14.56,14.82,14.71,0.11,0.7478,21917.06,32407.254
301299.SZ,20240507,47.51,49.0,47.51,49.0,47.5,1.5,3.1579,34964.66,169398.635
301300.SZ,20240507,24.72,25.49,24.31,25.4,24.7,0.7,2.834,12096.46,30335.897
301301.SZ,20240507,16.5,17.06,15.88,16.94,15.82,1.12,7.0796,1969065.01,3261442.243
301302.SZ,20240507,19.25,20.27,19.13,20.22,19.2,1.02,5.3125,88467.12,176102.757
301303.SZ,20240507,18.29,18.29,18.1,18.17,18.15,0.02,0.1102,15849.44,28823.481
301305.SZ,20240507,18.75,19.96,18.75,19.39,18.67,0.72,3.8565,98951.89,191225.33
301306.SZ,20240507,29.2,32.65,29.2,31.26,29.33,1.93,6.5803,47329.97,146491.642
301307.SZ,20240507,24.45,24.79,24.04,24.39,25.41,-1.02,-4.0142,53954.59,131791.331
301308.SZ,20240507,97.3,97.69,94.65,95.21,96.4,-1.19,-1.2344,70649.44,677999.515
301309.SZ,20240507,27.06,27.44,26.75,27.43,27.0,0.43,1.5926,9144.71,24848.886
301310.SZ,20240507,35.45,36.11,35.2,35.78,35.45,0.33,0.9309,11122.32,39578.701
301311.SZ,20240507,20.78,21.19,20.66,20.81,20.88,-0.07,-0.3352,45400.93,94592.308
301312.SZ,20240507,54.78,55.35,54.24,55.02,54.78,0.24,0.4381,7509.0,41153.476
301313.SZ,20240507,23.78,24.55,23.77,23.95,23.56,0.39,1.6553,44948.0,108427.54
301314.SZ,20240507,32.55,32.55,31.91,32.44,32.13,0.31,0.9648,4069.47,13114.431
301315.SZ,20240507,50.4,51.22,49.94,50.8,50.9,-0.1,-0.1965,19864.61,100506.538
301316.SZ,20240507,17.87,18.13,17.7,17.85,17.87,-0.02,-0.1119,50185.53,89836.361
301317.SZ,20240507,18.21,18.44,18.05,18.24,18.21,0.03,0.1647,6042.9,10995.752
301318.SZ,20240507,43.04,48.48,42.72,44.6,42.53,2.07,4.8672,102305.75,464994.703
301319.SZ,20240507,47.99,48.4,47.3,47.67,47.99,-0.32,-0.6668,4375.31,20865.32
301320.SZ,20240507,15.2,15.78,15.0,15.29,15.04,0.25,1.6622,24588.68,37569.362
301321.SZ,20240507,12.79,13.01,12.63,12.95,12.8,0.15,1.1719,30235.76,38963.431
301322.SZ,20240507,33.6,33.8,33.35,33.76,33.77,-0.01,-0.0296,11549.53,38785.488
301323.SZ,20240507,33.2,33.58,33.01,33.45,33.2,0.25,0.753,12146.42,40522.505
301325.SZ,20240507,63.09,64.15,63.09,63.69,63.59,0.1,0.1573,9948.99,63365.189
301326.SZ,20240507,28.92,29.45,28.35,29.44,28.92,0.52,1.7981,19107.65,55580.294
301327.SZ,20240507,64.17,65.1,63.22,65.09,64.2,0.89,1.3863,9995.35,64382.399
301328.SZ,20240507,40.05,41.57,39.63,41.3,40.25,1.05,2.6087,27925.1,113556.328
301329.SZ,20240507,17.92,18.27,17.85,18.17,18.04,0.13,0.7206,35694.22,64740.211
301330.SZ,20240507,25.22,25.81,25.15,25.35,25.25,0.1,0.396,22454.1,57152.465
301331.SZ,20240507,41.5,41.63,40.8,41.34,41.35,-0.01,-0.0242,7311.9,30121.447
301332.SZ,20240507,11.81,11.87,11.5,11.6,11.99,-0.39,-3.2527,102685.21,119301.351
301333.SZ,20240507,49.19,49.84,48.25,48.91,49.4,-0.49,-0.9919,15029.6,73345.561
301335.SZ,20240507,19.45,19.99,19.4,19.84,19.58,0.26,1.3279,12831.89,25326.584
301336.SZ,20240507,33.72,34.07,33.04,33.69,33.98,-0.29,-0.8534,6063.0,20331.472
301337.SZ,20240507,32.06,36.0,31.93,33.08,31.96,1.12,3.5044,45101.87,149755.187
301338.SZ,20240507,28.5,29.65,28.33,29.45,28.5,0.95,3.3333,18387.69,53854.143
301339.SZ,20240507,18.6,18.78,18.41,18.57,18.6,-0.03,-0.1613,45003.27,83336.631
301345.SZ,20240507,71.97,74.61,71.4,73.23,72.2,1.03,1.4266,9914.4,72775.706
301348.SZ,20240507,29.61,29.82,29.22,29.66,29.63,0.03,0.1012,20499.35,60679.199
301349.SZ,20240507,34.0,34.23,33.21,33.94,34.04,-0.1,-0.2938,15279.19,51565.938
301353.SZ,20240507,25.75,26.1,25.47,25.99,25.75,0.24,0.932,5310.0,13752.563
301355.SZ,20240507,12.1,12.2,12.0,12.17,12.1,0.07,0.5785,17331.69,20990.409
301356.SZ,20240507,16.57,16.64,16.39,16.62,16.58,0.04,0.2413,7199.08,11900.552
301357.SZ,20240507,34.48,36.56,34.46,36.33,34.45,1.88,5.4572,21123.51,75491.79
301358.SZ,20240507,37.18,37.37,36.41,37.16,37.08,0.08,0.2157,72448.59,267730.703
301359.SZ,20240507,19.45,19.8,19.33,19.74,19.5,0.24,1.2308,14494.62,28413.368
301360.SZ,20240507,46.86,47.35,46.16,46.8,46.92,-0.12,-0.2558,7276.79,34068.252
301361.SZ,20240507,18.58,18.81,18.54,18.76,18.57,0.19,1.0232,11236.68,20996.1
301362.SZ,20240507,36.3,36.4,36.0,36.36,36.37,-0.01,-0.0275,12097.73,43814.332
301363.SZ,20240507,26.14,26.71,25.99,26.15,25.86,0.29,1.1214,22368.0,58886.489
301365.SZ,20240507,11.56,11.66,11.4,11.59,11.56,0.03,0.2595,11640.52,13437.062
301366.SZ,20240507,29.47,33.85,29.36,31.83,29.47,2.36,8.0081,94583.76,302754.259
301367.SZ,20240507,92.32,93.87,90.36,91.1,89.26,1.84,2.0614,7546.0,69206.955
301368.SZ,20240507,46.37,50.6,45.88,48.95,46.16,2.79,6.0442,138044.88,667726.751
301369.SZ,20240507,42.69,43.1,42.12,42.8,42.42,0.38,0.8958,8995.5,38403.84
301370.SZ,20240507,14.02,14.17,13.93,14.12,13.98,0.14,1.0014,25196.12,35427.835
301371.SZ,20240507,36.89,38.58,36.03,37.78,36.73,1.05,2.8587,76178.8,283719.655
301372.SZ,20240507,30.7,31.04,30.23,31.01,30.45,0.56,1.8391,11633.78,35896.833
301373.SZ,20240507,26.87,27.16,26.67,27.02,26.9,0.12,0.4461,11660.46,31373.238
301376.SZ,20240507,25.98,26.42,25.71,25.8,26.0,-0.2,-0.7692,45535.03,118333.261
301377.SZ,20240507,18.72,19.36,18.59,18.89,18.75,0.14,0.7467,27508.58,52417.494
301378.SZ,20240507,32.89,33.6,32.88,33.33,32.92,0.41,1.2454,8108.45,26958.944
301379.SZ,20240507,24.75,26.1,24.63,25.7,24.72,0.98,3.9644,43563.46,111200.149
301380.SZ,20240507,34.35,35.21,34.16,34.67,34.48,0.19,0.551,14347.41,49710.759
301381.SZ,20240507,27.47,27.58,26.94,27.14,27.19,-0.05,-0.1839,18809.75,51197.945
301382.SZ,20240507,28.35,28.5,28.03,28.4,28.14,0.26,0.924,18746.08,53054.321
301383.SZ,20240507,39.0,39.97,38.64,38.99,39.04,-0.05,-0.1281,26879.23,105469.39
301386.SZ,20240507,22.28,22.52,22.08,22.33,22.23,0.1,0.4498,12948.69,28940.332
301387.SZ,20240507,42.7,43.17,42.1,42.6,42.74,-0.14,-0.3276,7965.56,33975.847
301388.SZ,20240507,21.0,21.0,20.21,20.44,20.59,-0.15,-0.7285,19188.12,39293.568
301389.SZ,20240507,14.99,15.44,14.87,15.22,14.83,0.39,2.6298,87948.03,133557.956
301390.SZ,20240507,31.79,32.06,31.51,31.88,31.86,0.02,0.0628,6280.84,20031.149
301391.SZ,20240507,86.86,87.85,86.16,87.12,86.49,0.63,0.7284,8238.07,71603.851
301393.SZ,20240507,54.47,58.22,51.56,52.46,52.45,0.01,0.0191,92825.08,501197.474
301395.SZ,20240507,17.82,17.98,17.55,17.95,18.19,-0.24,-1.3194,49504.68,87904.612
301396.SZ,20240507,20.31,20.75,20.24,20.43,20.39,0.04,0.1962,16190.0,33189.574
301397.SZ,20240507,34.92,35.31,34.89,35.24,35.17,0.07,0.199,6875.83,24134.674
301398.SZ,20240507,51.91,53.4,51.03,51.86,52.32,-0.46,-0.8792,25616.54,133885.812
301399.SZ,20240507,31.6,31.79,31.25,31.5,31.6,-0.1,-0.3165,8947.63,28164.039
301408.SZ,20240507,12.52,12.9,12.52,12.8,12.71,0.09,0.7081,28521.75,36421.982
301413.SZ,20240507,63.45,64.49,61.92,63.81,64.09,-0.28,-0.4369,15020.0,94666.899
301418.SZ,20240507,35.78,36.62,35.6,36.52,35.95,0.57,1.5855,8105.24,29315.188
301419.SZ,20240507,27.59,28.07,27.45,28.02,27.58,0.44,1.5954,12042.08,33615.507
301421.SZ,20240507,42.1,43.09,42.1,42.62,42.36,0.26,0.6138,22072.61,94136.904
301428.SZ,20240507,27.05,27.26,26.82,27.05,26.92,0.13,0.4829,13491.24,36465.649
301429.SZ,20240507,15.87,16.33,15.79,16.32,15.95,0.37,2.3197,37906.03,61092.321
301439.SZ,20240507,14.43,14.52,14.05,14.21,14.51,-0.3,-2.0675,87945.07,125263.698
301446.SZ,20240507,23.97,24.35,23.72,24.28,23.93,0.35,1.4626,9900.26,23946.659
301448.SZ,20240507,26.63,26.83,26.36,26.65,26.73,-0.08,-0.2993,15778.0,41948.673
301456.SZ,20240507,24.6,25.26,24.56,25.22,24.72,0.5,2.0227,13611.15,34099.316
301459.SZ,20240507,42.2,42.7,41.25,41.56,42.3,-0.74,-1.7494,7236.0,30187.342
301468.SZ,20240507,24.35,24.6,24.28,24.59,24.41,0.18,0.7374,6486.51,15883.094
301469.SZ,20240507,26.35,26.59,26.1,26.59,26.35,0.24,0.9108,14370.18,37900.883
301486.SZ,20240507,56.21,57.47,53.72,54.5,56.1,-1.6,-2.852,93381.96,518275.678
301487.SZ,20240507,31.96,32.15,31.46,31.81,31.88,-0.07,-0.2196,41073.68,130159.846
301488.SZ,20240507,58.53,58.79,57.35,57.9,60.4,-2.5,-4.1391,38366.2,222639.09
301489.SZ,20240507,70.72,70.96,67.8,69.73,70.07,-0.34,-0.4852,21664.01,150276.763
301498.SZ,20240507,55.09,57.57,54.91,57.02,55.36,1.66,2.9986,21833.07,123833.846
301499.SZ,20240507,23.88,23.99,23.41,23.76,23.79,-0.03,-0.1261,18498.86,43925.982
301500.SZ,20240507,21.85,22.46,21.7,22.14,21.75,0.39,1.7931,65197.88,143980.107
301502.SZ,20240507,37.3,37.79,37.11,37.61,37.51,0.1,0.2666,9893.27,37052.059
301503.SZ,20240507,29.53,29.86,28.95,29.24,29.82,-0.58,-1.945,18781.55,55050.006
301505.SZ,20240507,29.7,30.71,29.2,30.2,29.75,0.45,1.5126,38706.77,116478.522
301507.SZ,20240507,13.27,14.35,13.11,14.11,13.28,0.83,6.25,152451.07,212333.578
301508.SZ,20240507,43.51,43.72,42.68,43.11,43.72,-0.61,-1.3952,56757.13,245121.613
301509.SZ,20240507,57.46,59.19,56.8,57.92,58.2,-0.28,-0.4811,24137.93,139435.039
301510.SZ,20240507,34.74,35.09,34.25,34.83,34.75,0.08,0.2302,23086.84,80326.289
301511.SZ,20240507,22.35,22.69,21.73,22.08,22.15,-0.07,-0.316,78281.1,172103.591
301512.SZ,20240507,46.4,46.85,45.6,46.18,46.0,0.18,0.3913,7828.15,36166.929
301515.SZ,20240507,22.88,23.5,22.47,22.69,22.0,0.69,3.1364,40015.71,91394.281
301516.SZ,20240507,22.51,23.42,22.32,23.06,22.74,0.32,1.4072,123955.92,283758.837
301517.SZ,20240507,52.8,55.89,52.21,54.05,52.0,2.05,3.9423,70507.96,383307.068
301518.SZ,20240507,22.25,25.29,22.14,23.61,22.62,0.99,4.3767,124884.95,291150.615
301519.SZ,20240507,15.87,16.4,15.68,16.19,15.84,0.35,2.2096,39552.87,63532.25
301520.SZ,20240507,48.2,48.69,47.52,48.03,48.48,-0.45,-0.9282,9865.89,47408.926
301525.SZ,20240507,61.3,62.58,60.98,62.04,61.38,0.66,1.0753,9075.44,56029.804
301526.SZ,20240507,4.25,4.3,4.21,4.24,4.26,-0.02,-0.4695,266066.96,112688.141
301528.SZ,20240507,48.5,50.79,48.4,50.26,48.73,1.53,3.1397,9838.63,48947.962
301529.SZ,20240507,32.9,32.9,32.18,32.43,32.51,-0.08,-0.2461,9737.69,31530.258
301533.SZ,20240507,28.26,28.28,27.78,28.16,28.01,0.15,0.5355,16770.22,47041.721
301536.SZ,20240507,34.74,35.73,34.61,34.76,35.08,-0.32,-0.9122,57268.28,200250.899
301538.SZ,20240507,110.98,119.0,110.11,113.1,111.35,1.75,1.5716,26212.4,299993.189
301539.SZ,20240507,26.02,26.38,25.73,26.37,26.02,0.35,1.3451,70453.12,183736.733
301548.SZ,20240507,52.03,52.39,50.8,51.47,52.2,-0.73,-1.3985,11569.12,59663.973
301550.SZ,20240507,40.28,40.44,38.9,39.96,40.44,-0.48,-1.1869,32376.15,128580.718
301555.SZ,20240507,32.79,39.1,32.76,39.1,32.58,6.52,20.0123,80094.73,292450.921
301558.SZ,20240507,10.19,10.3,10.05,10.12,10.05,0.07,0.6965,51571.44,52240.362
301559.SZ,20240507,16.01,16.21,15.8,16.19,16.01,0.18,1.1243,35851.58,57372.153
301566.SZ,20240507,16.67,17.12,16.58,16.94,16.57,0.37,2.233,41860.0,70704.321
301567.SZ,20240507,43.6,43.87,42.85,43.56,43.75,-0.19,-0.4343,18138.0,78778.223
301568.SZ,20240507,34.0,34.84,33.97,34.3,34.16,0.14,0.4098,17862.47,61391.474
301577.SZ,20240507,49.49,50.18,49.35,50.01,49.75,0.26,0.5226,10557.0,52627.729
301578.SZ,20240507,50.55,50.55,49.84,50.49,50.2,0.29,0.5777,10313.75,51771.49
301587.SZ,20240507,30.05,30.79,29.6,30.28,29.97,0.31,1.0344,66326.09,200283.231
301588.SZ,20240507,24.76,24.98,24.6,24.87,24.85,0.02,0.0805,22957.54,56960.614
301589.SZ,20240507,429.87,433.13,419.88,422.2,429.5,-7.3,-1.6997,4218.06,179761.766
301591.SZ,20240507,39.75,41.15,39.56,41.15,39.82,1.33,3.34,25817.94,104614.811
302132.SZ,20240507,42.42,43.92,42.12,43.16,42.24,0.92,2.178,79128.31,340779.912
