ts_code,trade_date,open,high,low,close,pre_close,change,pct_chg,vol,amount
300001.SZ,20240514,21.13,21.37,20.82,20.91,21.16,-0.25,-1.1815,174393.9,366749.246
300002.SZ,20240514,9.16,9.3,9.08,9.25,8.97,0.28,3.1215,1012367.8,932156.018
300003.SZ,20240514,16.36,16.57,16.2,16.45,16.47,-0.02,-0.1214,326372.94,535188.234
300004.SZ,20240514,4.64,4.74,4.62,4.73,4.63,0.1,2.1598,60204.0,28261.019
300005.SZ,20240514,5.67,5.83,5.67,5.81,5.65,0.16,2.8319,89220.0,51486.731
300006.SZ,20240514,2.89,2.99,2.88,2.92,2.91,0.01,0.3436,154903.0,45625.22
300007.SZ,20240514,14.39,14.69,14.37,14.39,14.27,0.12,0.8409,51430.05,74488.071
300008.SZ,20240514,3.88,3.95,3.86,3.88,3.92,-0.04,-1.0204,324822.5,126262.755
300009.SZ,20240514,10.28,10.48,10.28,10.33,10.32,0.01,0.0969,303107.8,314232.7
300010.SZ,20240514,2.62,2.72,2.62,2.7,2.62,0.08,3.0534,181859.59,48860.538
300011.SZ,20240514,5.74,5.83,5.72,5.8,5.73,0.07,1.2216,83071.59,48019.431
300012.SZ,20240514,12.56,12.6,12.39,12.43,12.48,-0.05,-0.4006,89933.18,112049.882
300013.SZ,20240514,1.9,2.01,1.9,1.99,1.89,0.1,5.291,140740.3,27757.145
300014.SZ,20240514,38.09,38.28,37.51,37.61,37.99,-0.38,-1.0003,149396.79,563727.993
300015.SZ,20240514,12.76,13.05,12.72,12.83,12.76,0.07,0.5486,649812.15,835214.65
300016.SZ,20240514,5.06,5.18,5.01,5.11,5.06,0.05,0.9881,93355.82,47866.167
300017.SZ,20240514,8.66,8.99,8.66,8.92,8.66,0.26,3.0023,682769.03,606666.143
300018.SZ,20240514,5.18,5.45,5.17,5.35,5.17,0.18,3.4816,228557.57,121833.083
300019.SZ,20240514,13.21,13.32,13.07,13.12,13.1,0.02,0.1527,37410.0,49199.614
300020.SZ,20240514,2.77,2.98,2.77,2.92,2.82,0.1,3.5461,796637.76,231148.977
300021.SZ,20240514,3.97,4.0,3.95,3.98,3.96,0.02,0.5051,67507.02,26901.737
300022.SZ,20240514,4.06,4.17,4.04,4.11,4.08,0.03,0.7353,90117.0,37080.628
300024.SZ,20240514,10.63,11.2,10.63,10.84,10.59,0.25,2.3607,289759.4,316070.238
300025.SZ,20240514,9.7,9.88,9.17,9.3,9.64,-0.34,-3.527,142331.29,133949.133
300026.SZ,20240514,3.79,3.88,3.79,3.83,3.82,0.01,0.2618,258826.9,99570.42
300027.SZ,20240514,1.94,1.98,1.93,1.96,1.93,0.03,1.5544,414891.27,81189.262
300029.SZ,20240514,4.33,4.59,4.33,4.56,4.33,0.23,5.3118,25173.0,11350.308
300030.SZ,20240514,4.7,4.79,4.66,4.68,4.67,0.01,0.2141,101686.0,47874.355
300031.SZ,20240514,14.28,15.26,14.16,15.06,13.83,1.23,8.8937,457037.71,673562.14
300032.SZ,20240514,3.51,3.63,3.5,3.56,3.49,0.07,2.0057,94169.0,33415.861
300033.SZ,20240514,119.76,120.98,117.77,119.84,120.04,-0.2,-0.1666,64951.95,772956.664
300034.SZ,20240514,18.1,18.39,17.75,17.81,18.29,-0.48,-2.6244,188187.1,337646.932
300035.SZ,20240514,9.91,10.07,9.9,9.92,9.91,0.01,0.1009,93771.73,93440.228
300036.SZ,20240514,15.07,15.3,15.0,15.17,15.01,0.16,1.066,78181.45,118549.521
300037.SZ,20240514,32.3,32.75,31.9,32.02,32.29,-0.27,-0.8362,69227.73,223112.006
300039.SZ,20240514,6.27,6.39,6.27,6.31,6.28,0.03,0.4777,158546.3,100406.281
300040.SZ,20240514,5.75,6.1,5.59,5.87,6.2,-0.33,-5.3226,766049.11,447346.711
300041.SZ,20240514,7.95,8.05,7.9,7.96,7.95,0.01,0.1258,68359.2,54540.947
300042.SZ,20240514,23.97,24.43,23.66,24.2,24.0,0.2,0.8333,27523.03,66247.76
300043.SZ,20240514,2.48,2.58,2.47,2.54,2.43,0.11,4.5267,363793.2,91812.277
300044.SZ,20240514,5.12,5.23,5.08,5.13,5.05,0.08,1.5842,243414.0,125302.47
300045.SZ,20240514,19.2,19.5,19.07,19.17,18.98,0.19,1.0011,171197.82,329626.574
300046.SZ,20240514,10.5,10.68,10.4,10.43,10.4,0.03,0.2885,22872.0,24048.761
300047.SZ,20240514,7.17,7.27,7.08,7.19,7.08,0.11,1.5537,97776.71,70059.492
300048.SZ,20240514,5.36,5.44,5.36,5.39,5.38,0.01,0.1859,54905.4,29679.746
300049.SZ,20240514,52.32,54.83,52.32,53.96,52.53,1.43,2.7223,44022.02,238182.9
300050.SZ,20240514,3.33,3.39,3.23,3.34,3.3,0.04,1.2121,188695.0,62315.114
300051.SZ,20240514,7.57,7.85,7.57,7.79,7.66,0.13,1.6971,23635.0,18370.999
300052.SZ,20240514,13.03,14.66,12.99,14.58,12.79,1.79,13.9953,251961.04,353437.885
300053.SZ,20240514,9.36,9.53,9.25,9.35,9.28,0.07,0.7543,140662.1,131917.646
300054.SZ,20240514,23.16,23.39,22.82,22.82,23.17,-0.35,-1.5106,59118.0,135988.797
300055.SZ,20240514,4.92,4.98,4.9,4.95,4.92,0.03,0.6098,32908.11,16231.45
300056.SZ,20240514,9.89,10.25,9.89,10.14,9.82,0.32,3.2587,154559.59,155444.938
300057.SZ,20240514,4.65,4.78,4.65,4.68,4.64,0.04,0.8621,87683.02,41168.931
300058.SZ,20240514,6.19,6.52,6.18,6.44,6.11,0.33,5.401,1048182.58,665740.909
300059.SZ,20240514,13.01,13.1,12.93,13.05,13.01,0.04,0.3075,1423153.89,1851328.347
300061.SZ,20240514,4.01,4.11,3.99,4.09,3.96,0.13,3.2828,99858.6,40511.459
300062.SZ,20240514,5.28,5.47,5.2,5.24,5.41,-0.17,-3.1423,269281.29,142664.56
300063.SZ,20240514,4.65,4.84,4.6,4.77,4.61,0.16,3.4707,530621.53,249497.442
300065.SZ,20240514,7.05,7.17,7.01,7.06,6.99,0.07,1.0014,125971.25,89101.279
300066.SZ,20240514,3.59,3.67,3.57,3.62,3.59,0.03,0.8357,129309.97,46740.85
300067.SZ,20240514,4.97,5.25,4.96,5.15,4.92,0.23,4.6748,1112521.37,570380.782
300068.SZ,20240514,10.37,10.46,10.25,10.31,10.31,0.0,0.0,140219.01,144956.541
300069.SZ,20240514,9.76,11.59,9.7,11.59,9.66,1.93,19.9793,87080.06,98091.033
300070.SZ,20240514,4.88,4.93,4.88,4.9,4.9,0.0,0.0,208890.74,102488.39
300071.SZ,20240514,2.58,2.63,2.55,2.59,2.51,0.08,3.1873,140191.0,36310.738
300072.SZ,20240514,2.44,2.48,2.43,2.45,2.44,0.01,0.4098,151358.88,37101.097
300073.SZ,20240514,42.58,43.15,41.65,42.07,42.35,-0.28,-0.6612,236493.06,997629.953
300074.SZ,20240514,3.6,3.68,3.6,3.61,3.56,0.05,1.4045,177190.7,64386.898
300075.SZ,20240514,14.66,15.42,14.63,15.29,14.54,0.75,5.1582,234463.43,352100.448
300076.SZ,20240514,3.49,3.64,3.49,3.61,3.47,0.14,4.0346,130357.0,46751.284
300077.SZ,20240514,9.19,9.33,9.06,9.11,9.08,0.03,0.3304,63914.2,58534.955
300078.SZ,20240514,2.71,2.8,2.71,2.76,2.72,0.04,1.4706,104421.76,28819.124
300079.SZ,20240514,4.45,4.57,4.43,4.52,4.43,0.09,2.0316,206053.0,92666.628
300080.SZ,20240514,4.13,4.18,3.94,3.96,4.16,-0.2,-4.8077,162271.86,65276.906
300081.SZ,20240514,5.93,6.24,5.86,6.15,5.85,0.3,5.1282,287775.27,175396.545
300082.SZ,20240514,5.56,5.6,5.42,5.52,5.39,0.13,2.4119,77767.96,42943.497
300083.SZ,20240514,5.72,5.92,5.72,5.78,5.72,0.06,1.049,340393.56,197554.937
300084.SZ,20240514,5.56,5.73,5.53,5.72,5.56,0.16,2.8777,35605.2,20064.782
300085.SZ,20240514,9.48,9.76,9.48,9.63,9.4,0.23,2.4468,80032.0,76788.78
300086.SZ,20240514,4.68,4.77,4.64,4.75,4.62,0.13,2.8139,95392.0,44979.824
300087.SZ,20240514,7.67,7.97,7.62,7.82,7.66,0.16,2.0888,170033.05,133013.723
300088.SZ,20240514,4.91,5.03,4.89,4.91,4.89,0.02,0.409,265142.98,130876.526
300091.SZ,20240514,1.59,1.78,1.59,1.7,1.82,-0.12,-6.5934,489315.92,83782.8
300092.SZ,20240514,10.7,10.7,10.46,10.47,10.68,-0.21,-1.9663,93393.0,98454.08
300093.SZ,20240514,16.4,16.66,15.4,15.56,16.66,-1.1,-6.6026,226036.01,359028.572
300094.SZ,20240514,3.25,3.33,3.23,3.31,3.22,0.09,2.795,371589.03,122231.201
300095.SZ,20240514,6.66,6.74,6.63,6.66,6.64,0.02,0.3012,33089.0,22083.63
300096.SZ,20240514,2.73,2.89,2.73,2.86,2.74,0.12,4.3796,131713.61,37182.852
300097.SZ,20240514,6.58,6.8,6.57,6.7,6.55,0.15,2.2901,96524.0,64539.931
300098.SZ,20240514,3.27,3.33,3.25,3.26,3.24,0.02,0.6173,150527.03,49259.665
300099.SZ,20240514,5.1,5.19,5.09,5.14,5.09,0.05,0.9823,67454.0,34663.773
300100.SZ,20240514,10.12,10.48,10.12,10.33,10.14,0.19,1.8738,80066.0,82851.068
300101.SZ,20240514,15.52,15.84,15.27,15.35,15.33,0.02,0.1305,86314.0,133615.197
300102.SZ,20240514,6.28,6.37,6.2,6.26,6.24,0.02,0.3205,89039.0,55804.252
300103.SZ,20240514,4.01,4.05,3.95,4.04,3.96,0.08,2.0202,48956.08,19667.538
300105.SZ,20240514,7.75,7.84,7.39,7.52,7.93,-0.41,-5.1702,328985.34,249736.486
300106.SZ,20240514,6.51,6.82,6.51,6.73,6.6,0.13,1.9697,69849.2,47025.741
300107.SZ,20240514,12.9,12.97,11.9,12.05,12.73,-0.68,-5.3417,852730.46,1048784.273
300108.SZ,20240514,1.77,1.85,1.77,1.83,1.78,0.05,2.809,95045.0,17322.454
300109.SZ,20240514,21.99,22.49,21.93,22.19,21.86,0.33,1.5096,72667.02,161466.698
300110.SZ,20240514,3.72,3.77,3.7,3.72,3.72,0.0,0.0,148692.41,55506.883
300111.SZ,20240514,2.39,2.46,2.39,2.43,2.41,0.02,0.8299,120106.47,29338.149
300112.SZ,20240514,7.51,7.72,7.46,7.57,7.48,0.09,1.2032,33001.0,25022.874
300113.SZ,20240514,11.27,11.66,11.19,11.48,10.98,0.5,4.5537,239691.41,273833.149
300115.SZ,20240514,10.59,10.89,10.54,10.63,10.5,0.13,1.2381,329359.54,352135.715
300117.SZ,20240514,1.13,1.32,1.12,1.27,1.14,0.13,11.4035,440072.25,54549.321
300118.SZ,20240514,12.69,12.79,12.36,12.45,12.68,-0.23,-1.8139,212065.96,265312.286
300119.SZ,20240514,17.2,17.4,16.9,17.09,17.25,-0.16,-0.9275,77794.0,132978.674
300120.SZ,20240514,5.25,5.48,5.24,5.33,5.18,0.15,2.8958,108924.62,58174.738
300121.SZ,20240514,8.74,8.85,8.74,8.79,8.71,0.08,0.9185,33311.52,29284.874
300122.SZ,20240514,35.08,35.74,35.06,35.17,35.08,0.09,0.2566,147869.76,522164.524
300123.SZ,20240514,5.23,5.36,5.2,5.23,5.21,0.02,0.3839,200699.03,105531.209
300124.SZ,20240514,61.72,62.42,61.05,61.45,61.72,-0.27,-0.4375,71756.26,441670.583
300125.SZ,20240514,2.69,2.9,2.67,2.84,2.69,0.15,5.5762,247451.39,69436.168
300126.SZ,20240514,5.04,5.23,5.0,5.19,5.01,0.18,3.5928,39220.0,20206.446
300127.SZ,20240514,16.49,16.88,16.31,16.7,16.59,0.11,0.6631,72101.0,119871.665
300128.SZ,20240514,3.35,3.43,3.32,3.35,3.33,0.02,0.6006,194068.39,64928.211
300129.SZ,20240514,7.7,7.82,7.66,7.73,7.72,0.01,0.1295,92651.0,71649.627
300130.SZ,20240514,21.0,21.33,20.8,21.08,20.87,0.21,1.0062,73998.69,156268.743
300131.SZ,20240514,4.7,4.79,4.67,4.69,4.69,0.0,0.0,236427.2,111528.344
300132.SZ,20240514,4.3,4.38,4.27,4.32,4.32,0.0,0.0,146618.8,63296.093
300133.SZ,20240514,7.73,7.86,7.44,7.56,7.57,-0.01,-0.1321,1170894.97,892060.378
300134.SZ,20240514,7.64,7.87,7.63,7.76,7.61,0.15,1.9711,80300.91,62238.212
300135.SZ,20240514,3.03,3.05,2.94,3.01,2.99,0.02,0.6689,414119.0,124198.919
300136.SZ,20240514,18.55,19.05,18.5,18.51,18.55,-0.04,-0.2156,150475.48,281085.27
300137.SZ,20240514,5.54,5.63,5.42,5.46,5.53,-0.07,-1.2658,55621.2,30567.003
300138.SZ,20240514,10.01,10.33,9.96,10.02,10.12,-0.1,-0.9881,76534.84,77320.484
300139.SZ,20240514,12.9,14.12,12.8,13.95,13.33,0.62,4.6512,841111.75,1137747.99
300140.SZ,20240514,7.14,7.22,7.09,7.12,7.17,-0.05,-0.6974,43631.01,31160.997
300141.SZ,20240514,8.06,8.48,7.94,8.01,8.28,-0.27,-3.2609,124894.57,101029.723
300142.SZ,20240514,14.72,15.04,14.71,14.8,14.77,0.03,0.2031,115118.73,171015.484
300143.SZ,20240514,8.3,8.45,8.3,8.31,8.34,-0.03,-0.3597,36568.0,30654.428
300144.SZ,20240514,10.53,10.61,10.3,10.35,10.5,-0.15,-1.4286,252785.2,262732.547
300145.SZ,20240514,3.09,3.12,3.06,3.1,3.08,0.02,0.6494,234086.8,72330.764
300146.SZ,20240514,15.75,16.15,15.75,16.04,15.78,0.26,1.6477,108706.88,173872.48
300147.SZ,20240514,4.21,4.44,4.13,4.18,4.26,-0.08,-1.8779,448978.25,190398.593
300148.SZ,20240514,2.66,2.86,2.66,2.78,2.61,0.17,6.5134,418380.74,115375.395
300149.SZ,20240514,5.1,5.34,5.08,5.21,5.1,0.11,2.1569,116378.25,60654.798
300150.SZ,20240514,3.06,3.12,3.04,3.11,3.05,0.06,1.9672,65834.0,20327.816
300151.SZ,20240514,14.93,15.29,14.93,15.11,14.92,0.19,1.2735,26342.0,39913.147
300152.SZ,20240514,2.29,2.35,2.28,2.32,2.31,0.01,0.4329,297807.18,68970.995
300153.SZ,20240514,6.52,6.66,6.51,6.53,6.53,0.0,0.0,36256.0,23839.444
300154.SZ,20240514,5.98,6.07,5.96,6.02,5.98,0.04,0.6689,37340.61,22518.424
300155.SZ,20240514,3.55,3.6,3.43,3.51,3.49,0.02,0.5731,120173.02,42043.434
300157.SZ,20240514,2.31,2.4,2.31,2.37,2.35,0.02,0.8511,81035.3,19178.861
300158.SZ,20240514,5.07,5.46,5.04,5.14,5.15,-0.01,-0.1942,735723.53,386406.851
300159.SZ,20240514,2.17,2.19,2.08,2.1,2.15,-0.05,-2.3256,666669.5,141146.579
300160.SZ,20240514,5.86,5.92,5.75,5.77,5.94,-0.17,-2.862,200170.0,116411.837
300161.SZ,20240514,26.79,27.53,26.74,26.9,26.69,0.21,0.7868,27825.0,75338.237
300162.SZ,20240514,5.21,5.33,5.2,5.32,5.16,0.16,3.1008,57716.0,30533.291
300163.SZ,20240514,1.37,1.48,1.37,1.47,1.35,0.12,8.8889,284758.04,40967.345
300164.SZ,20240514,4.3,4.32,4.22,4.24,4.27,-0.03,-0.7026,243069.4,103476.096
300165.SZ,20240514,3.38,3.55,3.27,3.32,3.43,-0.11,-3.207,240772.24,80445.448
300166.SZ,20240514,6.97,7.1,6.94,7.06,6.91,0.15,2.1708,171321.63,120332.301
300167.SZ,20240514,1.65,1.92,1.65,1.87,1.67,0.2,11.976,231460.0,41483.079
300168.SZ,20240514,5.51,5.68,5.49,5.55,5.52,0.03,0.5435,100360.04,55657.266
300169.SZ,20240514,6.13,6.65,6.07,6.64,6.28,0.36,5.7325,598982.99,378854.102
300170.SZ,20240514,6.36,6.53,6.36,6.45,6.33,0.12,1.8957,147330.16,94908.42
300171.SZ,20240514,15.97,16.24,15.64,15.7,16.24,-0.54,-3.3251,174203.14,276647.957
300172.SZ,20240514,5.16,5.26,5.08,5.09,5.13,-0.04,-0.7797,333505.04,171798.473
300173.SZ,20240514,4.15,4.21,4.13,4.18,4.13,0.05,1.2107,101030.0,42244.682
300174.SZ,20240514,15.78,16.07,15.53,15.68,15.72,-0.04,-0.2545,57371.37,90169.3
300175.SZ,20240514,9.19,10.85,9.0,10.5,9.24,1.26,13.6364,1237609.16,1227798.963
300176.SZ,20240514,5.19,5.25,5.13,5.22,5.09,0.13,2.554,56137.0,29256.137
300177.SZ,20240514,6.85,6.93,6.45,6.64,6.86,-0.22,-3.207,782550.67,522532.611
300179.SZ,20240514,7.77,7.91,7.76,7.82,7.77,0.05,0.6435,28961.67,22651.87
300180.SZ,20240514,3.8,3.84,3.74,3.8,3.76,0.04,1.0638,445426.67,168907.764
300181.SZ,20240514,16.31,17.05,16.31,16.81,16.52,0.29,1.7554,216204.9,363140.079
300182.SZ,20240514,5.06,5.13,5.01,5.08,4.99,0.09,1.8036,709090.66,360371.273
300183.SZ,20240514,11.81,11.98,11.68,11.72,11.68,0.04,0.3425,40313.0,47521.207
300184.SZ,20240514,4.87,5.0,4.86,4.95,4.88,0.07,1.4344,380883.19,187819.377
300185.SZ,20240514,2.18,2.2,2.17,2.17,2.18,-0.01,-0.4587,210137.04,45758.617
300187.SZ,20240514,5.94,5.95,5.85,5.89,5.95,-0.06,-1.0084,24621.0,14520.789
300188.SZ,20240514,12.49,12.84,12.47,12.64,12.38,0.26,2.1002,97828.6,123423.778
300189.SZ,20240514,2.48,2.59,2.48,2.54,2.48,0.06,2.4194,177660.5,44952.009
300190.SZ,20240514,3.29,3.36,3.28,3.34,3.31,0.03,0.9063,43676.04,14577.45
300191.SZ,20240514,14.18,14.27,13.87,13.93,14.11,-0.18,-1.2757,26852.0,37719.452
300192.SZ,20240514,11.13,11.9,11.13,11.39,11.08,0.31,2.7978,243527.47,278618.517
300193.SZ,20240514,8.74,8.95,8.74,8.78,8.71,0.07,0.8037,99022.86,87357.734
300194.SZ,20240514,4.28,4.4,4.26,4.36,4.29,0.07,1.6317,298554.0,129887.775
300195.SZ,20240514,4.66,4.8,4.65,4.75,4.67,0.08,1.7131,62051.0,29388.506
300196.SZ,20240514,11.85,12.11,11.67,11.8,11.85,-0.05,-0.4219,30227.0,35954.461
300197.SZ,20240514,1.69,1.71,1.68,1.7,1.69,0.01,0.5917,205816.06,34937.925
300198.SZ,20240514,1.53,1.59,1.53,1.58,1.54,0.04,2.5974,198669.26,31007.989
300199.SZ,20240514,12.28,12.53,12.08,12.24,12.24,0.0,0.0,308744.57,379427.383
300200.SZ,20240514,7.25,7.41,7.25,7.31,7.28,0.03,0.4121,73702.0,54058.216
300201.SZ,20240514,4.02,4.17,4.02,4.1,4.05,0.05,1.2346,128853.38,53196.005
300203.SZ,20240514,12.19,12.45,12.02,12.08,12.16,-0.08,-0.6579,38713.0,47013.374
300204.SZ,20240514,6.57,6.75,6.54,6.61,6.58,0.03,0.4559,75000.54,49856.642
300205.SZ,20240514,6.7,7.5,6.68,7.31,6.68,0.63,9.4311,128285.03,91232.207
300206.SZ,20240514,9.64,10.02,9.63,9.95,9.63,0.32,3.3229,83721.0,82470.506
300207.SZ,20240514,15.02,15.25,14.97,14.99,15.04,-0.05,-0.3324,184801.77,278448.244
300208.SZ,20240514,1.96,2.1,1.96,2.09,1.93,0.16,8.2902,226711.79,46289.089
300209.SZ,20240514,2.71,2.85,2.6,2.76,2.75,0.01,0.3636,149161.49,40909.688
300210.SZ,20240514,11.57,12.43,11.32,12.21,11.79,0.42,3.5623,505263.58,600910.991
300211.SZ,20240514,6.18,6.33,6.06,6.21,6.03,0.18,2.9851,32748.0,20298.037
300212.SZ,20240514,19.69,20.42,19.45,20.39,19.64,0.75,3.8187,188331.64,376745.201
300213.SZ,20240514,6.08,6.18,6.01,6.13,6.05,0.08,1.3223,104477.0,63792.299
300214.SZ,20240514,5.72,5.9,5.72,5.77,5.81,-0.04,-0.6885,41887.0,24324.672
300215.SZ,20240514,5.55,6.34,5.39,5.72,5.93,-0.21,-3.5413,877107.01,511209.221
300217.SZ,20240514,4.48,4.54,4.43,4.45,4.5,-0.05,-1.1111,157528.67,70415.946
300218.SZ,20240514,15.01,15.44,15.01,15.36,15.1,0.26,1.7219,18446.4,28158.223
300219.SZ,20240514,5.85,5.98,5.82,5.93,5.83,0.1,1.7153,93876.65,55596.038
300220.SZ,20240514,7.87,7.98,7.82,7.97,7.91,0.06,0.7585,18496.64,14664.876
300221.SZ,20240514,6.05,6.08,5.73,5.77,6.06,-0.29,-4.7855,337286.0,197004.612
300222.SZ,20240514,5.8,6.15,5.8,6.01,5.8,0.21,3.6207,178101.56,107636.245
300223.SZ,20240514,62.61,63.74,61.71,62.13,62.6,-0.47,-0.7508,48906.67,305606.651
300224.SZ,20240514,10.61,10.79,10.6,10.65,10.63,0.02,0.1881,53033.44,56616.22
300225.SZ,20240514,5.77,5.91,5.75,5.81,5.78,0.03,0.519,64656.0,37847.019
300226.SZ,20240514,20.18,20.3,19.82,20.14,19.97,0.17,0.8513,58408.28,117072.188
300227.SZ,20240514,6.35,6.6,6.35,6.41,6.65,-0.24,-3.609,311597.74,201061.855
300228.SZ,20240514,6.4,6.49,6.35,6.44,6.42,0.02,0.3115,165907.0,106381.959
300229.SZ,20240514,15.84,16.32,15.75,16.32,15.55,0.77,4.9518,403496.36,648574.526
300230.SZ,20240514,3.99,4.05,3.95,4.01,3.99,0.02,0.5013,84711.96,34065.555
300231.SZ,20240514,8.12,8.21,8.09,8.17,8.05,0.12,1.4907,57953.0,47217.229
300232.SZ,20240514,5.3,5.44,5.29,5.34,5.28,0.06,1.1364,158048.46,84594.273
300233.SZ,20240514,17.78,18.31,17.69,17.95,17.86,0.09,0.5039,128911.0,232588.14
300234.SZ,20240514,4.48,4.53,4.44,4.52,4.48,0.04,0.8929,36097.0,16248.66
300235.SZ,20240514,8.53,8.79,8.52,8.76,8.42,0.34,4.038,48419.7,42090.621
300236.SZ,20240514,31.92,32.45,31.71,31.85,31.85,0.0,0.0,14346.44,45793.87
300237.SZ,20240514,1.31,1.33,1.3,1.33,1.29,0.04,3.1008,165301.4,21747.026
300238.SZ,20240514,11.26,11.62,11.0,11.27,11.36,-0.09,-0.7923,232276.06,261767.648
300239.SZ,20240514,5.44,5.57,5.37,5.44,5.58,-0.14,-2.509,321184.34,175051.397
300240.SZ,20240514,5.59,6.0,5.57,5.88,5.65,0.23,4.0708,201027.0,118090.24
300241.SZ,20240514,3.81,3.94,3.81,3.82,3.81,0.01,0.2625,82285.0,31823.32
300242.SZ,20240514,2.47,2.54,2.44,2.53,2.43,0.1,4.1152,259628.59,64811.484
300243.SZ,20240514,13.07,14.28,12.87,13.95,13.17,0.78,5.9226,417747.77,571860.649
300244.SZ,20240514,14.15,14.55,14.13,14.23,14.15,0.08,0.5654,98371.55,140835.505
300245.SZ,20240514,5.66,5.88,5.66,5.79,5.63,0.16,2.8419,50391.0,29056.26
300246.SZ,20240514,7.19,7.38,7.17,7.25,7.22,0.03,0.4155,82286.35,60040.533
300247.SZ,20240514,2.87,2.94,2.86,2.87,2.86,0.01,0.3497,124944.93,36075.806
300248.SZ,20240514,7.3,7.4,7.13,7.22,7.09,0.13,1.8336,89523.0,64862.997
300249.SZ,20240514,6.81,6.95,6.76,6.91,6.77,0.14,2.0679,81751.0,56135.799
300250.SZ,20240514,12.71,13.08,12.66,12.89,12.67,0.22,1.7364,38316.0,49259.567
300251.SZ,20240514,9.15,9.23,8.89,9.01,9.09,-0.08,-0.8801,322102.36,290446.439
300252.SZ,20240514,6.99,7.17,6.95,7.06,6.93,0.13,1.8759,133096.0,93948.598
300253.SZ,20240514,6.56,6.69,6.52,6.57,6.57,0.0,0.0,178889.32,117664.081
300254.SZ,20240514,9.08,9.51,9.08,9.47,9.13,0.34,3.724,112558.27,105418.597
300255.SZ,20240514,11.27,11.37,11.12,11.2,11.19,0.01,0.0894,179056.45,200795.535
300256.SZ,20240514,1.96,2.03,1.96,1.99,2.0,-0.01,-0.5,205739.97,40924.227
300257.SZ,20240514,12.9,13.38,12.88,13.04,13.12,-0.08,-0.6098,113555.0,149704.116
300258.SZ,20240514,9.6,9.81,9.6,9.79,9.61,0.18,1.873,56965.29,55562.172
300259.SZ,20240514,3.0,3.09,2.99,3.08,2.98,0.1,3.3557,146231.79,44584.397
300260.SZ,20240514,22.45,22.98,22.11,22.38,22.48,-0.1,-0.4448,54795.8,122629.346
300261.SZ,20240514,6.81,7.05,6.68,6.71,6.99,-0.28,-4.0057,415576.64,282786.111
300263.SZ,20240514,6.29,6.38,6.22,6.27,6.24,0.03,0.4808,100280.24,63023.567
300264.SZ,20240514,4.51,4.86,4.47,4.74,4.45,0.29,6.5169,215636.4,100503.291
300265.SZ,20240514,6.74,7.1,6.72,7.05,6.84,0.21,3.0702,242418.64,169392.851
300266.SZ,20240514,1.69,1.73,1.67,1.7,1.67,0.03,1.7964,158898.98,27033.238
300267.SZ,20240514,2.68,2.75,2.66,2.68,2.68,0.0,0.0,386409.57,104420.045
300269.SZ,20240514,3.46,3.56,3.41,3.51,3.44,0.07,2.0349,160372.0,55916.456
300270.SZ,20240514,5.86,6.64,5.75,6.1,5.87,0.23,3.9182,201516.02,125679.219
300271.SZ,20240514,5.52,5.64,5.47,5.58,5.48,0.1,1.8248,120392.29,66838.647
300272.SZ,20240514,6.58,6.83,6.31,6.43,6.75,-0.32,-4.7407,579860.63,376484.195
300274.SZ,20240514,106.5,106.97,102.21,102.69,105.0,-2.31,-2.2,135538.61,1402859.689
300275.SZ,20240514,9.7,10.58,9.68,10.49,9.72,0.77,7.9218,138210.28,141914.861
300276.SZ,20240514,3.67,3.75,3.65,3.68,3.64,0.04,1.0989,195432.26,72041.873
300277.SZ,20240514,6.78,6.97,6.75,6.89,6.74,0.15,2.2255,42271.81,29102.436
300278.SZ,20240514,3.36,3.44,3.35,3.4,3.36,0.04,1.1905,95564.0,32449.244
300279.SZ,20240514,4.72,4.83,4.66,4.7,4.67,0.03,0.6424,92326.0,43706.987
300280.SZ,20240514,20.66,23.14,20.66,22.84,20.45,2.39,11.687,331618.44,731605.51
300281.SZ,20240514,4.53,4.67,4.53,4.66,4.51,0.15,3.3259,39658.0,18265.898
300283.SZ,20240514,4.79,4.91,4.78,4.86,4.77,0.09,1.8868,59718.82,28940.911
300284.SZ,20240514,8.3,8.38,7.98,8.23,8.3,-0.07,-0.8434,754271.88,617132.344
300285.SZ,20240514,20.8,21.27,20.63,21.21,20.56,0.65,3.1615,160193.2,334432.799
300286.SZ,20240514,24.07,26.54,23.25,23.7,24.8,-1.1,-4.4355,135678.95,335972.198
300287.SZ,20240514,2.54,2.59,2.5,2.57,2.5,0.07,2.8,271703.84,69238.612
300288.SZ,20240514,12.58,12.78,12.41,12.58,12.4,0.18,1.4516,52315.0,65868.182
300289.SZ,20240514,4.72,4.75,4.65,4.68,4.65,0.03,0.6452,61522.3,28943.937
300290.SZ,20240514,7.63,8.01,7.36,7.83,7.61,0.22,2.8909,524626.51,402892.647
300291.SZ,20240514,4.89,4.95,4.77,4.86,4.76,0.1,2.1008,208652.0,101188.061
300292.SZ,20240514,3.44,3.62,3.42,3.55,3.44,0.11,3.1977,629827.59,222983.835
300293.SZ,20240514,12.53,12.82,12.32,12.44,12.36,0.08,0.6472,68748.0,85865.27
300294.SZ,20240514,34.53,35.09,34.4,34.47,34.52,-0.05,-0.1448,44212.5,153733.644
300295.SZ,20240514,9.18,9.55,9.15,9.36,9.27,0.09,0.9709,124360.5,116109.416
300296.SZ,20240514,4.85,4.92,4.8,4.82,4.82,0.0,0.0,139474.0,67534.423
300298.SZ,20240514,23.6,24.33,23.58,24.1,23.75,0.35,1.4737,30775.14,74167.365
300299.SZ,20240514,4.05,4.18,4.01,4.13,3.97,0.16,4.0302,213205.08,87639.521
300300.SZ,20240514,2.0,2.0,2.0,2.0,2.5,-0.5,-20.0,7355.0,1471.0
300301.SZ,20240514,1.45,1.5,1.45,1.47,1.44,0.03,2.0833,71671.4,10571.434
300302.SZ,20240514,10.2,10.39,10.07,10.17,10.14,0.03,0.2959,90636.04,92305.452
300303.SZ,20240514,5.0,5.08,4.97,4.99,4.98,0.01,0.2008,196615.02,98560.637
300304.SZ,20240514,7.03,7.18,7.02,7.14,7.04,0.1,1.4205,189965.18,135199.868
300305.SZ,20240514,6.64,6.79,6.61,6.69,6.59,0.1,1.5175,25295.0,16983.329
300306.SZ,20240514,9.4,9.7,9.4,9.65,9.36,0.29,3.0983,32144.0,30744.861
300307.SZ,20240514,6.14,6.28,6.14,6.21,6.14,0.07,1.1401,179322.0,111540.729
300308.SZ,20240514,171.86,173.0,164.69,165.43,171.55,-6.12,-3.5675,214660.95,3588889.957
300310.SZ,20240514,4.35,4.41,4.29,4.38,4.35,0.03,0.6897,361300.0,157764.184
300311.SZ,20240514,4.01,4.13,4.0,4.04,3.99,0.05,1.2531,109680.17,44335.948
300313.SZ,20240514,5.81,6.0,5.8,5.95,5.82,0.13,2.2337,33708.0,20016.319
300314.SZ,20240514,12.37,12.97,12.32,12.68,12.46,0.22,1.7657,155430.0,197954.039
300315.SZ,20240514,4.84,5.06,4.84,5.04,4.71,0.33,7.0064,2133110.82,1060785.631
300316.SZ,20240514,32.65,32.78,32.05,32.35,32.51,-0.16,-0.4922,119685.76,387337.468
300317.SZ,20240514,4.62,4.73,4.44,4.46,4.77,-0.31,-6.499,692617.56,314779.366
300318.SZ,20240514,5.5,5.72,5.49,5.59,5.52,0.07,1.2681,178229.0,99423.089
300319.SZ,20240514,7.73,7.89,7.71,7.73,7.68,0.05,0.651,100352.1,78094.628
300320.SZ,20240514,8.61,8.69,8.47,8.53,8.65,-0.12,-1.3873,118865.23,101684.715
300321.SZ,20240514,20.48,21.34,20.2,20.9,20.48,0.42,2.0508,25233.35,52756.843
300322.SZ,20240514,8.97,9.2,8.86,8.92,8.84,0.08,0.905,234115.2,210745.503
300323.SZ,20240514,4.67,4.8,4.63,4.64,4.65,-0.01,-0.2151,91591.42,42947.483
300324.SZ,20240514,2.52,2.58,2.48,2.53,2.48,0.05,2.0161,284855.31,71983.018
300326.SZ,20240514,4.97,5.06,4.94,5.01,4.97,0.04,0.8048,54635.0,27422.704
300327.SZ,20240514,21.4,22.87,21.36,21.77,21.68,0.09,0.4151,352687.75,782299.248
300328.SZ,20240514,4.99,5.11,4.96,5.02,4.99,0.03,0.6012,83731.73,41965.646
300329.SZ,20240514,4.46,4.57,4.41,4.55,4.41,0.14,3.1746,44238.0,19980.032
300331.SZ,20240514,16.66,17.19,16.54,16.71,16.5,0.21,1.2727,37777.96,63319.314
300332.SZ,20240514,6.38,6.54,6.32,6.34,6.49,-0.15,-2.3112,134251.0,85894.823
300333.SZ,20240514,4.47,4.62,4.47,4.6,4.47,0.13,2.9083,81375.68,37172.262
300334.SZ,20240514,5.65,5.87,5.64,5.83,5.65,0.18,3.1858,39820.0,22987.52
300335.SZ,20240514,4.91,4.98,4.72,4.79,5.06,-0.27,-5.336,436364.02,210495.485
300337.SZ,20240514,6.98,7.12,6.96,7.02,6.95,0.07,1.0072,115535.0,81127.679
300338.SZ,20240514,1.62,1.84,1.62,1.79,1.64,0.15,9.1463,255030.96,44623.354
300339.SZ,20240514,21.9,22.19,21.8,21.95,21.72,0.23,1.0589,174659.98,383814.203
300340.SZ,20240514,8.01,8.14,7.95,8.02,7.98,0.04,0.5013,35861.0,28788.749
300341.SZ,20240514,9.6,9.67,9.51,9.55,9.5,0.05,0.5263,40717.0,39007.422
300342.SZ,20240514,13.53,13.77,13.3,13.4,13.49,-0.09,-0.6672,192628.98,259088.386
300343.SZ,20240514,5.78,5.92,5.77,5.81,5.78,0.03,0.519,209752.2,122434.282
300344.SZ,20240514,3.67,3.76,3.63,3.67,3.59,0.08,2.2284,105349.2,38765.146
300345.SZ,20240514,7.34,7.45,7.21,7.28,7.26,0.02,0.2755,24096.0,17541.917
300346.SZ,20240514,24.35,24.74,24.19,24.19,24.28,-0.09,-0.3707,54113.19,131805.508
300347.SZ,20240514,57.25,59.61,57.25,59.18,57.68,1.5,2.6006,93707.21,550683.712
300348.SZ,20240514,7.06,7.25,7.0,7.19,7.04,0.15,2.1307,82226.63,58684.513
300349.SZ,20240514,14.13,14.35,14.11,14.18,14.18,0.0,0.0,71359.0,101414.787
300350.SZ,20240514,5.33,5.42,5.31,5.36,5.27,0.09,1.7078,177275.0,95002.409
300351.SZ,20240514,18.9,19.08,18.5,18.64,19.19,-0.55,-2.8661,229205.91,429106.739
300352.SZ,20240514,4.4,4.46,4.37,4.39,4.35,0.04,0.9195,142708.5,62804.884
300353.SZ,20240514,8.05,8.2,8.02,8.11,8.05,0.06,0.7453,67089.7,54334.911
300354.SZ,20240514,38.95,40.45,38.5,39.12,38.79,0.33,0.8507,15226.8,59639.437
300355.SZ,20240514,2.79,2.83,2.79,2.82,2.79,0.03,1.0753,133258.2,37497.607
300357.SZ,20240514,24.97,25.8,24.96,25.43,25.15,0.28,1.1133,65212.98,166380.724
300358.SZ,20240514,8.77,8.92,8.54,8.59,8.77,-0.18,-2.0525,130315.93,113366.539
300359.SZ,20240514,4.18,4.46,4.18,4.36,4.17,0.19,4.5564,150228.2,65352.145
300360.SZ,20240514,16.0,16.25,15.8,16.06,16.23,-0.17,-1.0474,146210.82,234733.823
300363.SZ,20240514,16.94,17.52,16.94,17.02,16.94,0.08,0.4723,113943.46,196057.587
300364.SZ,20240514,23.45,23.73,22.94,23.5,23.0,0.5,2.1739,467924.58,1093556.993
300365.SZ,20240514,5.12,5.89,5.11,5.71,5.2,0.51,9.8077,541310.45,304674.334
300366.SZ,20240514,8.7,8.92,8.53,8.59,8.66,-0.07,-0.8083,197927.46,171083.733
300368.SZ,20240514,3.78,3.78,3.78,3.78,4.73,-0.95,-20.0846,4604.0,1740.312
300369.SZ,20240514,6.16,6.29,6.11,6.2,6.08,0.12,1.9737,122352.8,75743.491
300370.SZ,20240514,1.82,1.89,1.82,1.87,1.83,0.04,2.1858,110651.0,20620.626
300371.SZ,20240514,9.5,9.58,9.41,9.5,9.4,0.1,1.0638,10488.73,9980.016
300373.SZ,20240514,37.78,38.14,37.34,37.47,37.62,-0.15,-0.3987,49605.63,186764.83
300374.SZ,20240514,17.24,17.5,16.76,16.8,17.67,-0.87,-4.9236,248103.0,422723.432
300375.SZ,20240514,4.28,4.38,4.28,4.38,4.27,0.11,2.5761,148551.31,64556.428
300376.SZ,20240514,5.39,5.42,5.12,5.27,5.41,-0.14,-2.5878,304299.93,160107.102
300377.SZ,20240514,5.75,5.84,5.66,5.76,5.72,0.04,0.6993,115417.16,66168.715
300378.SZ,20240514,18.2,18.78,17.76,17.88,17.98,-0.1,-0.5562,165745.57,302117.484
300379.SZ,20240514,10.01,10.23,9.96,10.1,9.96,0.14,1.4056,116439.01,117329.386
300380.SZ,20240514,16.1,16.46,16.1,16.43,16.04,0.39,2.4314,27774.0,45392.084
300381.SZ,20240514,8.41,8.79,7.94,8.1,8.62,-0.52,-6.0325,696366.12,577381.069
300382.SZ,20240514,7.3,7.34,7.17,7.18,7.2,-0.02,-0.2778,43984.72,31777.11
300383.SZ,20240514,9.03,9.16,8.96,9.06,9.03,0.03,0.3322,127132.18,115212.064
300384.SZ,20240514,15.27,15.45,15.15,15.4,15.26,0.14,0.9174,22595.41,34650.357
300385.SZ,20240514,4.22,4.27,4.14,4.26,4.17,0.09,2.1583,34728.64,14702.624
300386.SZ,20240514,6.96,7.14,6.93,7.04,6.89,0.15,2.1771,31389.0,22076.271
300387.SZ,20240514,7.16,7.31,6.94,6.98,7.18,-0.2,-2.7855,185482.73,130994.608
300388.SZ,20240514,6.41,6.63,6.37,6.54,6.44,0.1,1.5528,105787.39,68889.221
300389.SZ,20240514,13.58,13.79,13.54,13.64,13.53,0.11,0.813,34078.33,46555.308
300390.SZ,20240514,21.36,21.62,21.31,21.32,21.31,0.01,0.0469,84101.12,180296.284
300391.SZ,20240514,3.61,3.73,3.57,3.61,3.61,0.0,0.0,120732.26,43994.469
300393.SZ,20240514,7.46,7.54,7.35,7.37,7.45,-0.08,-1.0738,107439.2,79543.447
300394.SZ,20240514,136.98,138.33,132.81,134.7,135.01,-0.31,-0.2296,141658.39,1916497.316
300395.SZ,20240514,29.57,30.27,29.42,29.65,29.61,0.04,0.1351,54620.6,162926.804
300396.SZ,20240514,26.6,27.47,26.38,26.65,26.95,-0.3,-1.1132,27490.66,73901.185
300397.SZ,20240514,10.37,10.52,10.13,10.32,10.5,-0.18,-1.7143,279728.87,286714.584
300398.SZ,20240514,11.66,11.83,11.51,11.56,11.61,-0.05,-0.4307,69733.65,80958.034
300399.SZ,20240514,9.23,9.47,9.21,9.41,9.16,0.25,2.7293,34569.0,32309.467
300400.SZ,20240514,11.2,11.48,11.06,11.25,11.05,0.2,1.81,29297.0,32930.631
300401.SZ,20240514,12.24,12.73,12.23,12.36,12.34,0.02,0.1621,276704.07,343928.9
300402.SZ,20240514,15.81,15.89,15.45,15.55,15.71,-0.16,-1.0185,44727.0,69828.591
300403.SZ,20240514,7.89,8.14,7.89,8.04,7.8,0.24,3.0769,219666.51,176762.527
300404.SZ,20240514,8.09,8.34,7.94,7.99,8.02,-0.03,-0.3741,200936.06,162538.136
300405.SZ,20240514,4.34,4.45,4.31,4.41,4.28,0.13,3.0374,59348.45,25998.874
300406.SZ,20240514,17.9,17.95,17.66,17.81,17.73,0.08,0.4512,34926.0,62215.472
300407.SZ,20240514,8.03,8.18,7.92,7.96,8.16,-0.2,-2.451,134656.24,108050.503
300408.SZ,20240514,28.1,28.33,27.65,27.74,28.0,-0.26,-0.9286,38769.62,107989.394
300409.SZ,20240514,10.82,11.0,10.65,10.71,10.82,-0.11,-1.0166,112908.6,121486.375
300410.SZ,20240514,5.55,5.71,5.54,5.63,5.53,0.1,1.8083,51443.0,28892.359
300411.SZ,20240514,15.7,15.85,15.1,15.58,15.61,-0.03,-0.1922,374427.93,579910.571
300412.SZ,20240514,3.95,4.01,3.63,3.65,4.17,-0.52,-12.47,794421.88,298065.368
300413.SZ,20240514,25.33,25.7,24.76,24.91,25.13,-0.22,-0.8754,477142.21,1199008.776
300414.SZ,20240514,7.4,7.53,7.36,7.38,7.41,-0.03,-0.4049,48103.22,35791.375
300415.SZ,20240514,25.99,26.0,25.38,25.68,26.1,-0.42,-1.6092,72266.35,185460.573
300416.SZ,20240514,14.18,14.38,14.0,14.24,14.18,0.06,0.4231,136868.73,194240.515
300417.SZ,20240514,7.42,7.66,7.42,7.62,7.38,0.24,3.252,27574.0,20909.231
300418.SZ,20240514,38.74,39.03,36.9,37.9,38.06,-0.16,-0.4204,578174.91,2187600.421
300419.SZ,20240514,6.32,6.37,6.04,6.12,6.38,-0.26,-4.0752,597272.97,367397.988
300420.SZ,20240514,2.63,2.67,2.62,2.66,2.62,0.04,1.5267,106189.8,28104.956
300421.SZ,20240514,8.87,9.12,8.78,8.93,8.85,0.08,0.904,85920.95,76406.053
300422.SZ,20240514,5.13,5.22,5.13,5.18,5.19,-0.01,-0.1927,48882.72,25321.824
300423.SZ,20240514,5.33,5.68,5.33,5.42,5.32,0.1,1.8797,138821.93,75854.114
300424.SZ,20240514,14.64,15.29,14.3,15.25,14.63,0.62,4.2379,384010.48,571857.736
300425.SZ,20240514,4.46,4.53,4.46,4.49,4.5,-0.01,-0.2222,123160.0,55307.924
300426.SZ,20240514,8.05,8.21,7.85,8.11,7.91,0.2,2.5284,64445.0,51873.271
300427.SZ,20240514,4.24,4.39,4.23,4.39,4.25,0.14,3.2941,53118.2,23012.442
300428.SZ,20240514,20.79,20.84,20.42,20.52,20.64,-0.12,-0.5814,54092.3,111317.657
300429.SZ,20240514,10.34,10.54,10.2,10.27,10.27,0.0,0.0,147402.0,152247.546
300430.SZ,20240514,16.2,16.66,15.9,16.41,16.33,0.08,0.4899,120831.38,196836.859
300432.SZ,20240514,7.73,7.9,7.72,7.73,7.73,0.0,0.0,102126.8,79331.912
300433.SZ,20240514,14.66,15.28,14.66,14.74,14.67,0.07,0.4772,344304.59,513528.679
300434.SZ,20240514,9.05,9.28,9.02,9.18,9.04,0.14,1.5487,39738.0,36527.196
300435.SZ,20240514,13.65,13.71,13.48,13.55,13.71,-0.16,-1.167,57501.02,78056.004
300436.SZ,20240514,18.08,18.55,18.01,18.26,18.16,0.1,0.5507,13676.0,25058.873
300437.SZ,20240514,10.11,10.28,9.96,10.08,10.09,-0.01,-0.0991,54211.89,54719.513
300438.SZ,20240514,23.55,23.69,22.92,23.15,23.27,-0.12,-0.5157,105390.03,244289.327
300439.SZ,20240514,10.38,10.58,10.38,10.54,10.41,0.13,1.2488,40007.0,42121.762
300440.SZ,20240514,5.58,5.73,5.58,5.69,5.56,0.13,2.3381,51241.0,29083.532
300441.SZ,20240514,6.85,6.89,6.76,6.78,6.77,0.01,0.1477,57980.0,39526.904
300442.SZ,20240514,29.02,30.14,28.49,29.92,28.72,1.2,4.1783,268201.24,789333.082
300443.SZ,20240514,19.51,19.83,19.44,19.52,19.51,0.01,0.0513,59811.33,117365.574
300444.SZ,20240514,7.0,7.16,6.85,6.96,7.19,-0.23,-3.1989,735649.25,511618.45
300445.SZ,20240514,17.69,17.96,17.6,17.69,17.51,0.18,1.028,23536.0,41785.724
300446.SZ,20240514,15.4,15.59,15.23,15.3,15.27,0.03,0.1965,55897.45,86018.716
300447.SZ,20240514,13.64,14.05,13.34,14.04,13.73,0.31,2.2578,163351.12,223017.936
300448.SZ,20240514,4.05,4.2,4.03,4.15,4.03,0.12,2.9777,66685.61,27566.107
300449.SZ,20240514,4.39,4.55,4.39,4.5,4.39,0.11,2.5057,36041.8,16213.114
300450.SZ,20240514,21.65,21.77,21.38,21.45,21.5,-0.05,-0.2326,136763.67,294283.315
300451.SZ,20240514,4.12,4.2,4.1,4.14,4.09,0.05,1.2225,226763.81,94001.42
300452.SZ,20240514,12.98,13.55,12.95,13.54,12.95,0.59,4.556,81954.37,109175.96
300453.SZ,20240514,7.86,8.01,7.85,7.93,7.86,0.07,0.8906,40764.45,32376.328
300454.SZ,20240514,54.09,54.47,53.18,53.99,54.08,-0.09,-0.1664,46907.34,252636.063
300455.SZ,20240514,10.22,10.42,10.14,10.2,10.23,-0.03,-0.2933,79634.04,81535.653
300456.SZ,20240514,16.85,17.08,16.55,16.71,16.68,0.03,0.1799,111344.91,186361.464
300457.SZ,20240514,17.45,17.6,17.2,17.32,17.49,-0.17,-0.972,160960.33,279366.851
300458.SZ,20240514,19.81,20.24,19.63,19.7,19.67,0.03,0.1525,114503.76,227801.295
300459.SZ,20240514,3.99,4.43,3.99,4.43,3.69,0.74,20.0542,5949016.43,2555411.021
300460.SZ,20240514,8.12,8.38,8.1,8.16,8.12,0.04,0.4926,46585.0,38234.126
300461.SZ,20240514,13.85,14.85,13.85,14.48,14.15,0.33,2.3322,18869.96,27301.525
300462.SZ,20240514,7.77,7.98,7.77,7.84,7.76,0.08,1.0309,22508.0,17699.694
300463.SZ,20240514,13.43,13.54,13.32,13.35,13.43,-0.08,-0.5957,42078.18,56499.908
300464.SZ,20240514,3.88,4.05,3.88,4.01,3.92,0.09,2.2959,44312.0,17703.639
300465.SZ,20240514,7.18,7.27,7.1,7.18,7.09,0.09,1.2694,58490.8,41889.767
300466.SZ,20240514,6.65,6.84,6.62,6.74,6.68,0.06,0.8982,120029.4,80592.169
300467.SZ,20240514,16.25,18.31,15.81,16.07,15.26,0.81,5.308,325784.11,555920.925
300468.SZ,20240514,8.44,8.54,8.39,8.47,8.4,0.07,0.8333,71139.19,60155.335
300469.SZ,20240514,11.4,11.7,11.05,11.35,11.4,-0.05,-0.4386,100650.0,113723.115
300470.SZ,20240514,36.4,37.36,35.92,37.08,36.55,0.53,1.4501,27480.5,101053.708
300471.SZ,20240514,9.36,9.5,9.19,9.27,9.37,-0.1,-1.0672,49465.3,46011.81
300472.SZ,20240514,5.08,5.4,5.08,5.23,5.07,0.16,3.1558,101610.35,53211.167
300473.SZ,20240514,15.36,15.78,15.33,15.51,15.26,0.25,1.6383,23072.0,35777.343
300474.SZ,20240514,68.96,70.34,67.75,68.86,67.98,0.88,1.2945,74583.12,514426.343
300475.SZ,20240514,34.55,34.98,33.9,34.1,34.24,-0.14,-0.4089,87763.97,300922.06
300476.SZ,20240514,28.53,28.86,26.81,27.41,28.45,-1.04,-3.6555,374509.52,1028812.946
300477.SZ,20240514,3.31,3.4,3.22,3.26,3.38,-0.12,-3.5503,897078.97,294395.502
300478.SZ,20240514,9.03,9.27,9.03,9.11,9.03,0.08,0.8859,16101.6,14727.652
300479.SZ,20240514,15.1,15.35,15.02,15.31,14.9,0.41,2.7517,25668.6,39110.619
300480.SZ,20240514,15.57,15.75,15.45,15.55,15.58,-0.03,-0.1926,18202.26,28357.605
300481.SZ,20240514,16.87,16.99,15.62,15.83,17.62,-1.79,-10.1589,300371.9,490148.687
300482.SZ,20240514,29.03,30.04,28.91,29.66,28.94,0.72,2.4879,86370.52,255731.244
300483.SZ,20240514,9.72,10.28,9.6,9.84,10.12,-0.28,-2.7668,151651.34,149019.375
300484.SZ,20240514,17.99,18.39,16.91,18.3,17.9,0.4,2.2346,330503.86,583734.019
300485.SZ,20240514,7.84,8.0,7.84,7.88,7.85,0.03,0.3822,32643.0,25876.268
300486.SZ,20240514,5.04,5.16,5.01,5.09,5.01,0.08,1.5968,85263.0,43427.39
300487.SZ,20240514,51.45,51.55,49.98,50.11,51.32,-1.21,-2.3578,22179.73,112320.015
300488.SZ,20240514,22.19,22.7,22.11,22.25,22.08,0.17,0.7699,17439.0,38968.762
300489.SZ,20240514,19.9,20.44,19.71,20.2,19.9,0.3,1.5075,17258.0,34650.066
300490.SZ,20240514,8.79,8.93,8.73,8.78,8.74,0.04,0.4577,106675.96,93967.072
300491.SZ,20240514,17.17,17.85,17.17,17.6,17.2,0.4,2.3256,49014.0,86275.13
300492.SZ,20240514,107.2,109.0,106.0,108.02,106.8,1.22,1.1423,6258.5,67669.711
300493.SZ,20240514,7.22,7.56,7.22,7.46,7.18,0.28,3.8997,94523.59,70219.971
300494.SZ,20240514,12.5,12.7,12.28,12.6,11.93,0.67,5.6161,394144.98,493476.848
300496.SZ,20240514,47.17,48.19,46.41,46.79,46.17,0.62,1.3429,107985.64,508122.598
300497.SZ,20240514,12.5,13.24,12.11,12.23,12.61,-0.38,-3.0135,360608.17,452857.437
300498.SZ,20240514,21.2,21.59,21.16,21.3,21.34,-0.04,-0.1874,473367.46,1012935.476
300499.SZ,20240514,11.9,12.04,11.7,11.71,11.8,-0.09,-0.7627,57183.8,67631.298
300500.SZ,20240514,9.39,9.63,9.3,9.46,9.53,-0.07,-0.7345,28136.0,26690.231
300501.SZ,20240514,12.27,12.56,12.23,12.39,12.27,0.12,0.978,22197.99,27519.778
300502.SZ,20240514,83.98,84.39,78.7,80.15,83.48,-3.33,-3.989,378982.9,3054259.011
300503.SZ,20240514,14.05,14.55,14.0,14.23,13.68,0.55,4.0205,171804.0,244608.278
300504.SZ,20240514,12.88,13.1,12.8,12.92,12.8,0.12,0.9375,17453.0,22630.191
300505.SZ,20240514,15.81,16.11,15.06,15.25,15.7,-0.45,-2.8662,288454.88,444584.172
300506.SZ,20240514,1.61,1.78,1.6,1.75,1.59,0.16,10.0629,314488.35,53848.425
300507.SZ,20240514,5.23,5.3,5.21,5.21,5.22,-0.01,-0.1916,94068.07,49309.78
300508.SZ,20240514,20.71,21.23,20.5,21.01,20.45,0.56,2.7384,12817.44,26774.039
300509.SZ,20240514,5.35,5.41,5.28,5.38,5.3,0.08,1.5094,44387.76,23800.31
300510.SZ,20240514,4.44,4.65,4.42,4.56,4.47,0.09,2.0134,283994.58,129487.779
300511.SZ,20240514,4.1,4.16,3.96,3.98,4.18,-0.2,-4.7847,460272.72,185326.291
300512.SZ,20240514,6.34,6.58,6.34,6.52,6.48,0.04,0.6173,22827.5,14887.12
300513.SZ,20240514,8.3,8.75,8.3,8.46,8.28,0.18,2.1739,59412.48,50506.252
300514.SZ,20240514,14.98,15.24,14.65,14.75,14.85,-0.1,-0.6734,116081.71,173363.644
300515.SZ,20240514,10.3,10.6,10.16,10.31,10.41,-0.1,-0.9606,61588.98,63368.623
300516.SZ,20240514,28.2,28.66,28.08,28.29,28.06,0.23,0.8197,13488.0,38314.989
300517.SZ,20240514,8.33,8.8,8.33,8.74,8.41,0.33,3.9239,57104.99,49050.636
300518.SZ,20240514,9.08,9.36,9.04,9.12,9.02,0.1,1.1086,31365.7,28768.001
300519.SZ,20240514,13.0,13.31,12.95,13.22,12.98,0.24,1.849,26000.0,34263.488
300520.SZ,20240514,19.62,19.99,18.93,19.22,19.9,-0.68,-3.4171,258253.29,497045.279
300521.SZ,20240514,9.15,9.6,9.15,9.49,9.09,0.4,4.4004,31309.4,29449.502
300522.SZ,20240514,12.11,12.39,12.11,12.21,12.11,0.1,0.8258,29470.1,36093.004
300523.SZ,20240514,18.7,18.86,18.33,18.34,18.56,-0.22,-1.1853,16003.0,29593.335
300525.SZ,20240514,12.4,12.63,12.4,12.52,12.45,0.07,0.5622,58860.72,73716.155
300527.SZ,20240514,7.02,7.07,6.9,6.92,7.03,-0.11,-1.5647,107082.89,74448.459
300528.SZ,20240514,7.25,7.37,7.16,7.26,7.11,0.15,2.1097,35228.0,25539.664
300529.SZ,20240514,29.69,30.65,29.58,30.47,29.68,0.79,2.6617,127202.69,384743.487
300530.SZ,20240514,21.88,24.1,21.08,22.81,22.14,0.67,3.0262,87290.45,196571.483
300531.SZ,20240514,10.07,10.19,9.93,10.04,9.94,0.1,1.006,37173.0,37350.335
300532.SZ,20240514,14.01,14.22,14.01,14.17,14.03,0.14,0.9979,46081.48,65119.156
300533.SZ,20240514,17.51,18.4,17.51,18.0,16.97,1.03,6.0695,141318.76,253396.232
300534.SZ,20240514,8.21,8.71,8.16,8.57,8.17,0.4,4.896,180979.0,154508.246
300535.SZ,20240514,12.55,12.99,12.55,12.92,12.58,0.34,2.7027,24440.4,31334.317
300536.SZ,20240514,7.39,7.83,7.18,7.53,7.73,-0.2,-2.5873,150466.94,112764.258
300537.SZ,20240514,14.73,15.08,14.7,14.75,14.64,0.11,0.7514,35439.0,52532.53
300538.SZ,20240514,13.46,13.65,13.3,13.44,13.36,0.08,0.5988,26058.0,35046.447
300539.SZ,20240514,8.6,8.78,8.6,8.66,8.6,0.06,0.6977,34344.0,29850.739
300540.SZ,20240514,22.75,23.57,22.75,23.43,22.9,0.53,2.3144,25211.5,58720.683
300541.SZ,20240514,12.15,12.46,12.15,12.27,12.13,0.14,1.1542,48153.75,58967.122
300542.SZ,20240514,12.52,12.88,12.18,12.57,12.39,0.18,1.4528,154478.26,193035.971
300543.SZ,20240514,7.45,7.95,7.45,7.9,7.5,0.4,5.3333,96639.77,75475.126
300545.SZ,20240514,22.99,23.35,22.8,23.16,22.86,0.3,1.3123,23369.0,54073.157
300546.SZ,20240514,10.57,10.71,10.44,10.52,10.51,0.01,0.0951,35796.6,37724.618
300547.SZ,20240514,17.68,17.9,17.4,17.58,17.57,0.01,0.0569,25825.0,45624.729
300548.SZ,20240514,21.4,21.77,21.16,21.58,21.27,0.31,1.4575,86604.0,186131.238
300549.SZ,20240514,14.75,15.47,14.75,15.04,14.73,0.31,2.1045,23240.0,35184.299
300550.SZ,20240514,10.12,10.42,10.01,10.26,10.03,0.23,2.2931,13019.57,13317.055
300551.SZ,20240514,8.04,8.28,8.02,8.27,8.02,0.25,3.1172,150699.0,123287.44
300552.SZ,20240514,25.27,26.56,25.27,26.33,25.04,1.29,5.1518,132926.03,346824.121
300553.SZ,20240514,26.35,27.13,26.24,26.87,26.22,0.65,2.479,9873.6,26523.878
300554.SZ,20240514,21.1,21.57,21.09,21.21,21.09,0.12,0.569,32296.0,68931.945
300555.SZ,20240514,5.23,5.48,5.22,5.38,5.22,0.16,3.0651,11723.5,6303.735
300556.SZ,20240514,18.63,18.98,18.32,18.87,18.05,0.82,4.5429,73586.0,137679.93
300557.SZ,20240514,29.5,29.55,28.98,29.23,28.91,0.32,1.1069,4881.0,14304.742
300558.SZ,20240514,42.45,42.94,41.38,41.65,42.51,-0.86,-2.0231,68366.28,286552.636
300559.SZ,20240514,11.41,11.83,11.35,11.67,11.29,0.38,3.3658,92843.69,107951.831
300560.SZ,20240514,12.12,12.42,12.12,12.28,12.12,0.16,1.3201,29039.5,35600.492
300561.SZ,20240514,8.21,8.47,8.17,8.26,8.2,0.06,0.7317,32626.03,26893.912
300562.SZ,20240514,9.59,9.8,9.54,9.7,9.6,0.1,1.0417,35192.45,34150.246
300563.SZ,20240514,22.34,26.5,22.34,24.9,23.23,1.67,7.189,443629.95,1081620.453
300564.SZ,20240514,9.81,10.02,9.72,9.96,9.8,0.16,1.6327,15147.8,15014.505
300565.SZ,20240514,10.62,10.82,10.58,10.68,10.62,0.06,0.565,26402.0,28258.333
300566.SZ,20240514,14.33,14.56,14.15,14.21,14.22,-0.01,-0.0703,59851.06,85494.903
300567.SZ,20240514,56.68,57.7,55.85,55.95,56.44,-0.49,-0.8682,26887.63,151607.698
300568.SZ,20240514,9.95,10.05,9.76,9.81,9.86,-0.05,-0.5071,284530.72,280538.946
300569.SZ,20240514,5.22,5.3,5.18,5.21,5.23,-0.02,-0.3824,130251.06,68070.575
300570.SZ,20240514,37.52,38.03,36.43,37.2,37.42,-0.22,-0.5879,101754.32,378429.754
300571.SZ,20240514,24.85,24.9,24.05,24.22,24.02,0.2,0.8326,13615.47,33221.572
300572.SZ,20240514,12.55,13.45,12.55,13.21,12.54,0.67,5.3429,56609.64,74417.314
300573.SZ,20240514,289.07,294.86,285.2,292.0,291.0,1.0,0.3436,18090.36,526580.262
300575.SZ,20240514,6.4,6.42,6.19,6.23,6.35,-0.12,-1.8898,83018.2,51998.201
300576.SZ,20240514,36.74,37.37,36.44,36.65,36.6,0.05,0.1366,37096.43,136237.526
300577.SZ,20240514,22.52,24.65,22.44,23.96,22.62,1.34,5.924,36922.59,87642.633
300578.SZ,20240514,13.7,14.24,13.57,14.23,13.52,0.71,5.2515,91704.69,127832.957
300579.SZ,20240514,19.22,20.59,19.1,20.47,19.05,1.42,7.4541,53868.39,107219.645
300580.SZ,20240514,25.96,26.59,25.06,25.18,25.5,-0.32,-1.2549,67823.94,174191.547
300581.SZ,20240514,8.33,8.35,8.09,8.18,8.25,-0.07,-0.8485,95934.84,78602.149
300582.SZ,20240514,9.02,9.28,9.02,9.14,9.04,0.1,1.1062,56487.0,51759.338
300583.SZ,20240514,14.87,15.39,14.66,14.72,14.86,-0.14,-0.9421,77710.61,116006.608
300584.SZ,20240514,17.69,18.75,17.69,18.06,18.54,-0.48,-2.589,50751.5,92577.086
300585.SZ,20240514,11.34,11.59,11.3,11.49,11.24,0.25,2.2242,55559.0,63518.653
300586.SZ,20240514,7.76,7.89,7.68,7.71,7.69,0.02,0.2601,122585.83,95099.566
300587.SZ,20240514,4.88,5.02,4.88,4.92,4.92,0.0,0.0,143607.4,70967.6
300588.SZ,20240514,7.88,8.23,7.88,8.06,7.88,0.18,2.2843,40601.0,32640.603
300589.SZ,20240514,12.31,12.61,12.28,12.44,12.39,0.05,0.4036,75067.68,93385.836
300590.SZ,20240514,11.29,11.55,11.15,11.2,11.38,-0.18,-1.5817,111042.8,125677.164
300591.SZ,20240514,3.86,4.02,3.85,4.0,3.82,0.18,4.712,84857.0,33413.494
300592.SZ,20240514,18.74,19.75,18.74,19.43,18.34,1.09,5.9433,103704.97,199477.568
300593.SZ,20240514,10.24,10.38,9.88,9.96,10.23,-0.27,-2.6393,190513.07,191277.063
300594.SZ,20240514,16.5,16.96,16.25,16.46,16.56,-0.1,-0.6039,31735.0,52381.022
300595.SZ,20240514,19.06,19.3,18.97,19.06,19.02,0.04,0.2103,58865.28,112740.376
300596.SZ,20240514,32.66,33.4,32.13,33.4,32.83,0.57,1.7362,57568.05,188750.184
300597.SZ,20240514,6.99,7.16,6.99,7.13,7.01,0.12,1.7118,32829.0,23352.072
300598.SZ,20240514,36.7,37.48,36.7,37.16,36.66,0.5,1.3639,17293.07,64078.651
300599.SZ,20240514,6.03,6.17,6.03,6.09,6.06,0.03,0.495,24987.0,15255.549
300600.SZ,20240514,7.85,7.93,7.73,7.8,7.85,-0.05,-0.6369,61026.0,47752.93
300601.SZ,20240514,20.3,20.65,20.29,20.36,20.3,0.06,0.2956,74365.4,151950.686
300602.SZ,20240514,14.24,14.61,14.22,14.26,14.15,0.11,0.7774,61883.05,88919.921
300603.SZ,20240514,7.47,7.62,7.43,7.58,7.41,0.17,2.2942,57665.59,43589.709
300604.SZ,20240514,27.58,28.08,27.15,27.36,27.36,0.0,0.0,90225.66,248330.241
300605.SZ,20240514,9.47,9.76,9.42,9.67,9.38,0.29,3.0917,26495.92,25391.188
300606.SZ,20240514,19.65,20.12,19.65,20.12,19.64,0.48,2.444,35660.0,71160.347
300607.SZ,20240514,12.71,13.06,12.69,12.75,12.69,0.06,0.4728,49442.8,63393.343
300608.SZ,20240514,11.03,11.38,10.64,11.04,10.51,0.53,5.0428,158636.19,172747.723
300609.SZ,20240514,17.54,18.31,17.4,18.16,17.36,0.8,4.6083,25908.0,46280.089
300610.SZ,20240514,10.09,10.7,10.09,10.54,10.2,0.34,3.3333,138516.23,145918.495
300611.SZ,20240514,8.85,8.9,8.54,8.74,8.71,0.03,0.3444,42297.43,36868.505
300612.SZ,20240514,14.25,14.51,14.1,14.39,13.99,0.4,2.8592,39869.98,57109.28
300613.SZ,20240514,30.85,31.47,30.51,30.72,30.7,0.02,0.0651,18704.47,57675.589
300614.SZ,20240514,12.1,12.21,11.56,11.87,12.09,-0.22,-1.8197,90888.72,107494.451
300615.SZ,20240514,10.15,10.36,10.08,10.29,10.15,0.14,1.3793,18689.7,19143.846
300616.SZ,20240514,13.42,13.75,13.2,13.62,13.26,0.36,2.7149,30281.47,41089.986
300617.SZ,20240514,29.45,31.89,29.04,30.09,29.05,1.04,3.58,103702.72,314862.041
300618.SZ,20240514,31.28,31.75,30.58,31.21,31.01,0.2,0.645,128132.6,398886.224
300619.SZ,20240514,39.76,40.26,39.03,39.8,39.58,0.22,0.5558,6897.42,27375.952
300620.SZ,20240514,41.82,42.84,41.55,42.09,41.75,0.34,0.8144,51789.88,218176.694
300621.SZ,20240514,8.51,8.63,8.34,8.37,8.57,-0.2,-2.3337,58031.46,49092.921
300622.SZ,20240514,15.58,15.8,15.5,15.65,15.44,0.21,1.3601,11753.0,18443.814
300623.SZ,20240514,15.95,16.22,15.95,16.1,15.95,0.15,0.9404,64515.5,103956.28
300624.SZ,20240514,90.71,91.6,86.5,87.73,89.82,-2.09,-2.3269,110855.9,981248.574
300625.SZ,20240514,12.68,12.91,12.65,12.88,12.6,0.28,2.2222,24991.0,32021.953
300626.SZ,20240514,7.62,7.82,7.62,7.68,7.65,0.03,0.3922,32784.8,25288.872
300627.SZ,20240514,30.13,31.33,30.13,30.44,30.36,0.08,0.2635,82107.07,252593.567
300628.SZ,20240514,37.9,39.76,37.47,39.56,37.92,1.64,4.3249,113418.62,441834.256
300629.SZ,20240514,18.85,19.05,18.5,18.8,18.79,0.01,0.0532,59119.34,111096.518
300631.SZ,20240514,23.46,23.48,22.82,22.98,23.2,-0.22,-0.9483,18327.0,42169.863
300632.SZ,20240514,9.8,9.99,9.78,9.85,9.82,0.03,0.3055,11554.49,11433.332
300633.SZ,20240514,41.0,43.24,41.0,41.61,40.96,0.65,1.5869,48778.62,206530.572
300634.SZ,20240514,18.75,18.99,18.52,18.94,18.49,0.45,2.4337,131966.09,248085.166
300635.SZ,20240514,8.49,8.68,8.49,8.58,8.42,0.16,1.9002,29531.15,25334.576
300636.SZ,20240514,10.61,10.96,10.58,10.84,10.65,0.19,1.784,53344.73,57533.085
300637.SZ,20240514,7.18,7.58,7.18,7.27,7.23,0.04,0.5533,91283.7,66873.754
300638.SZ,20240514,17.05,17.4,16.97,17.0,17.07,-0.07,-0.4101,148451.87,253856.49
300639.SZ,20240514,6.28,6.4,6.21,6.23,6.27,-0.04,-0.638,70812.78,44577.458
300640.SZ,20240514,4.8,4.91,4.72,4.87,4.74,0.13,2.7426,35736.5,17328.557
300641.SZ,20240514,25.11,27.59,22.52,23.0,23.88,-0.88,-3.6851,915842.98,2324702.881
300642.SZ,20240514,14.05,14.29,13.98,14.12,13.98,0.14,1.0014,10978.2,15562.181
300643.SZ,20240514,10.98,11.19,10.9,11.03,11.0,0.03,0.2727,19793.0,21927.025
300644.SZ,20240514,18.3,19.44,18.3,19.15,18.42,0.73,3.9631,89349.52,168928.401
300645.SZ,20240514,12.2,12.48,12.2,12.41,12.1,0.31,2.562,26975.0,33366.276
300647.SZ,20240514,4.54,4.68,4.52,4.58,4.49,0.09,2.0045,89861.82,41211.834
300648.SZ,20240514,18.98,19.18,18.71,18.82,18.83,-0.01,-0.0531,21198.0,39977.731
300649.SZ,20240514,11.29,11.29,11.01,11.22,11.05,0.17,1.5385,25735.34,28670.486
300650.SZ,20240514,9.37,9.62,9.36,9.46,9.33,0.13,1.3934,33124.0,31404.147
300651.SZ,20240514,14.3,15.15,14.3,14.85,14.41,0.44,3.0534,38829.4,57210.886
300652.SZ,20240514,23.6,24.5,23.53,24.38,23.41,0.97,4.1435,22208.0,53804.671
300653.SZ,20240514,25.71,25.99,25.4,25.51,25.6,-0.09,-0.3516,40907.72,104988.208
300654.SZ,20240514,10.12,10.9,10.02,10.48,9.89,0.59,5.9656,350617.61,367819.116
300655.SZ,20240514,7.15,7.28,7.06,7.13,7.09,0.04,0.5642,110970.36,79302.923
300656.SZ,20240514,18.55,18.95,18.42,18.49,18.54,-0.05,-0.2697,8216.43,15316.549
300657.SZ,20240514,16.9,17.26,16.83,17.04,16.75,0.29,1.7313,89774.06,153113.065
300658.SZ,20240514,5.1,5.23,5.06,5.19,5.06,0.13,2.5692,43814.4,22683.955
300659.SZ,20240514,14.4,14.73,14.32,14.73,14.25,0.48,3.3684,31438.38,45763.09
300660.SZ,20240514,27.87,28.3,27.57,27.73,27.27,0.46,1.6868,52470.8,146285.415
300661.SZ,20240514,78.69,79.32,77.18,78.79,78.4,0.39,0.4974,23319.91,182819.256
300662.SZ,20240514,22.43,22.83,22.34,22.65,22.52,0.13,0.5773,14134.0,31910.265
300663.SZ,20240514,10.15,10.28,9.97,10.17,9.98,0.19,1.9038,77990.08,78926.842
300664.SZ,20240514,5.15,5.2,5.1,5.12,5.18,-0.06,-1.1583,79041.5,40571.239
300665.SZ,20240514,6.0,6.15,6.0,6.08,6.0,0.08,1.3333,42615.0,25870.339
300666.SZ,20240514,46.14,46.75,45.86,46.27,45.94,0.33,0.7183,29138.05,134704.248
300667.SZ,20240514,12.4,12.64,12.3,12.33,12.35,-0.02,-0.1619,25952.0,32171.423
300668.SZ,20240514,17.75,17.89,17.52,17.7,17.54,0.16,0.9122,4436.0,7827.475
300669.SZ,20240514,13.8,14.39,13.8,14.21,14.02,0.19,1.3552,10338.0,14724.183
300670.SZ,20240514,5.45,6.47,5.39,6.09,5.39,0.7,12.987,479720.2,294581.076
300671.SZ,20240514,22.01,22.75,22.01,22.18,22.0,0.18,0.8182,20495.0,45676.409
300672.SZ,20240514,48.56,49.79,48.53,48.74,48.75,-0.01,-0.0205,20968.27,102560.968
300673.SZ,20240514,14.9,15.51,14.89,15.44,14.95,0.49,3.2776,51881.48,79529.819
300674.SZ,20240514,12.27,12.42,12.2,12.34,12.14,0.2,1.6474,66045.01,81346.804
300675.SZ,20240514,12.73,12.82,12.45,12.7,13.05,-0.35,-2.682,89754.5,113306.046
300676.SZ,20240514,41.75,42.49,41.35,41.46,41.8,-0.34,-0.8134,28180.98,117876.337
300677.SZ,20240514,25.21,26.35,25.21,26.26,25.17,1.09,4.3306,278874.62,723304.916
300678.SZ,20240514,27.39,27.77,27.26,27.7,27.08,0.62,2.2895,60268.7,165904.656
300679.SZ,20240514,42.8,43.45,42.25,42.39,42.8,-0.41,-0.9579,44142.29,187812.283
300680.SZ,20240514,16.75,17.06,16.73,16.91,16.8,0.11,0.6548,33958.6,57422.0
300681.SZ,20240514,14.98,15.08,14.75,14.92,14.85,0.07,0.4714,28744.11,42818.586
300682.SZ,20240514,9.67,9.79,9.58,9.58,9.58,0.0,0.0,131406.58,126926.88
300683.SZ,20240514,24.75,29.77,24.75,29.77,24.81,4.96,19.9919,58656.0,165146.124
300684.SZ,20240514,15.99,16.48,15.63,15.83,15.51,0.32,2.0632,91351.0,146060.143
300685.SZ,20240514,20.65,21.2,20.6,20.82,20.65,0.17,0.8232,43429.32,91011.862
300686.SZ,20240514,7.29,7.4,7.14,7.21,7.11,0.1,1.4065,27762.0,20084.701
300687.SZ,20240514,16.18,16.38,16.0,16.12,16.07,0.05,0.3111,48310.0,77990.452
300688.SZ,20240514,23.35,24.83,23.35,24.76,23.04,1.72,7.4653,137705.86,337232.044
300689.SZ,20240514,13.54,13.8,13.43,13.65,13.29,0.36,2.7088,12728.2,17357.937
300690.SZ,20240514,23.53,24.29,22.25,24.13,23.21,0.92,3.9638,167464.27,389130.154
300691.SZ,20240514,15.03,15.4,14.95,15.14,14.93,0.21,1.4066,20850.69,31633.531
300692.SZ,20240514,5.51,5.51,5.38,5.44,5.48,-0.04,-0.7299,72990.0,39643.977
300693.SZ,20240514,26.65,27.55,26.6,27.06,26.54,0.52,1.9593,115357.61,313789.976
300694.SZ,20240514,10.21,10.3,10.11,10.17,10.13,0.04,0.3949,21647.0,22072.477
300695.SZ,20240514,41.4,41.76,41.21,41.66,41.15,0.51,1.2394,2596.0,10788.728
300696.SZ,20240514,14.5,14.53,14.06,14.23,14.39,-0.16,-1.1119,63484.5,90283.458
300697.SZ,20240514,10.43,11.25,10.43,11.1,10.42,0.68,6.5259,132878.76,144474.98
300698.SZ,20240514,31.99,32.3,31.51,31.65,31.75,-0.1,-0.315,14176.0,45097.562
300699.SZ,20240514,26.44,26.57,26.08,26.15,26.42,-0.27,-1.022,99105.06,260054.741
300700.SZ,20240514,7.7,7.88,7.7,7.78,7.7,0.08,1.039,42964.23,33485.445
300701.SZ,20240514,8.07,8.27,8.06,8.18,8.07,0.11,1.3631,24946.75,20401.13
300702.SZ,20240514,20.1,21.0,20.1,20.83,20.14,0.69,3.426,22311.78,46313.026
300703.SZ,20240514,9.0,9.36,9.0,9.3,9.0,0.3,3.3333,34666.17,32058.701
300705.SZ,20240514,37.52,37.93,37.1,37.57,37.52,0.05,0.1333,17122.0,64235.851
300706.SZ,20240514,17.42,18.2,17.42,17.85,17.77,0.08,0.4502,10122.64,18169.559
300707.SZ,20240514,14.5,14.68,14.24,14.3,14.42,-0.12,-0.8322,36124.0,52062.505
300708.SZ,20240514,8.89,9.04,8.89,8.95,8.85,0.1,1.1299,49391.8,44309.154
300709.SZ,20240514,27.1,27.6,26.67,26.88,26.76,0.12,0.4484,59434.4,160527.404
300710.SZ,20240514,17.67,18.15,17.33,18.15,17.67,0.48,2.7165,43936.09,78820.035
300711.SZ,20240514,19.8,20.12,18.52,19.49,19.42,0.07,0.3605,186093.11,360821.487
300712.SZ,20240514,27.4,29.44,26.5,26.88,27.21,-0.33,-1.2128,85591.77,239564.755
300713.SZ,20240514,12.52,13.79,12.52,12.88,12.63,0.25,1.9794,67877.6,88872.968
300715.SZ,20240514,8.51,8.65,8.42,8.59,8.51,0.08,0.9401,13049.0,11214.239
300716.SZ,20240514,7.05,7.26,6.9,7.0,7.34,-0.34,-4.6322,61734.5,43422.77
300717.SZ,20240514,15.38,15.45,15.08,15.13,15.1,0.03,0.1987,11888.6,18110.438
300718.SZ,20240514,15.25,16.72,15.13,16.14,14.64,1.5,10.2459,172770.95,275497.006
300719.SZ,20240514,20.72,21.65,20.11,21.23,21.02,0.21,0.999,322501.0,676273.244
300720.SZ,20240514,16.3,16.44,15.88,16.24,16.26,-0.02,-0.123,24764.0,40049.697
300721.SZ,20240514,12.8,13.06,12.3,12.45,12.83,-0.38,-2.9618,129703.02,164515.339
300722.SZ,20240514,21.2,21.7,20.59,21.34,20.95,0.39,1.8616,30565.72,64573.256
300723.SZ,20240514,22.6,23.85,22.6,23.08,22.6,0.48,2.1239,44487.39,102989.315
300724.SZ,20240514,68.18,68.9,66.88,66.95,68.5,-1.55,-2.2628,64152.87,432890.344
300725.SZ,20240514,33.39,36.67,33.39,35.23,33.97,1.26,3.7092,107450.6,379589.744
300726.SZ,20240514,23.97,24.36,23.74,24.04,24.13,-0.09,-0.373,43407.0,104042.736
300727.SZ,20240514,24.2,24.54,23.93,24.08,23.98,0.1,0.417,23378.51,56430.08
300729.SZ,20240514,17.03,17.85,17.02,17.44,17.02,0.42,2.4677,79374.76,137951.481
300730.SZ,20240514,8.84,9.12,8.81,9.12,8.8,0.32,3.6364,54101.5,48413.492
300731.SZ,20240514,15.07,15.45,15.07,15.34,15.0,0.34,2.2667,28609.0,43723.263
300732.SZ,20240514,6.82,6.92,6.81,6.82,6.81,0.01,0.1468,59258.39,40546.762
300733.SZ,20240514,9.9,10.08,9.82,10.01,9.9,0.11,1.1111,16642.06,16647.39
300735.SZ,20240514,21.6,22.1,21.46,21.64,21.28,0.36,1.6917,239158.2,519788.172
300736.SZ,20240514,15.0,15.21,14.7,15.19,15.15,0.04,0.264,20433.8,30875.154
300737.SZ,20240514,4.58,4.65,4.53,4.58,4.55,0.03,0.6593,97837.63,44783.233
300738.SZ,20240514,11.25,11.69,11.04,11.69,11.16,0.53,4.7491,848967.84,973791.836
300739.SZ,20240514,11.2,11.4,11.09,11.17,11.04,0.13,1.1775,20813.25,23346.298
300740.SZ,20240514,18.76,19.05,18.46,18.53,18.99,-0.46,-2.4223,65603.4,122895.511
300741.SZ,20240514,18.76,19.25,18.73,18.99,18.82,0.17,0.9033,17095.04,32467.176
300743.SZ,20240514,12.36,13.32,12.26,13.29,12.37,0.92,7.4373,70661.19,91465.493
300745.SZ,20240514,15.68,15.98,15.6,15.63,15.64,-0.01,-0.0639,28144.0,44396.556
300746.SZ,20240514,7.0,7.22,6.99,7.19,6.97,0.22,3.1564,37386.0,26623.469
300747.SZ,20240514,20.46,20.94,20.35,20.4,20.41,-0.01,-0.049,53648.37,110249.002
300748.SZ,20240514,15.01,15.21,14.96,14.98,14.98,0.0,0.0,85865.33,129259.525
300749.SZ,20240514,6.07,6.21,6.07,6.16,6.04,0.12,1.9868,32533.52,20028.973
300750.SZ,20240514,200.6,201.2,198.12,199.01,199.35,-0.34,-0.1706,106947.12,2131826.964
300751.SZ,20240514,124.15,127.5,124.08,125.25,124.68,0.57,0.4572,22696.28,284867.094
300752.SZ,20240514,11.82,12.09,11.78,11.87,11.78,0.09,0.764,24623.93,29331.086
300753.SZ,20240514,12.28,12.46,12.06,12.32,12.14,0.18,1.4827,54946.19,67421.176
300755.SZ,20240514,17.8,18.26,17.69,18.09,17.67,0.42,2.3769,22409.13,40468.231
300756.SZ,20240514,13.33,14.17,13.29,13.69,13.33,0.36,2.7007,47864.21,65971.848
300757.SZ,20240514,113.3,116.55,111.5,114.73,114.2,0.53,0.4641,60101.52,682701.991
300758.SZ,20240514,14.64,14.87,13.45,13.8,14.83,-1.03,-6.9454,633816.44,886663.937
300759.SZ,20240514,22.21,23.15,22.0,22.46,22.21,0.25,1.1256,364772.29,828717.354
300760.SZ,20240514,305.03,310.85,305.03,310.2,306.93,3.27,1.0654,35594.23,1100602.674
300761.SZ,20240514,22.66,23.3,22.57,22.59,22.86,-0.27,-1.1811,67809.03,155153.032
300762.SZ,20240514,15.9,16.34,15.47,15.67,15.99,-0.32,-2.0013,394100.23,622315.808
300763.SZ,20240514,61.5,61.98,59.23,59.98,61.22,-1.24,-2.0255,100216.13,602954.6
300765.SZ,20240514,35.2,35.41,34.35,34.47,34.88,-0.41,-1.1755,86719.91,302566.984
300766.SZ,20240514,12.22,12.74,12.04,12.35,12.44,-0.09,-0.7235,315953.16,389107.701
300767.SZ,20240514,10.95,11.1,10.85,10.87,10.87,0.0,0.0,35204.23,38557.492
300768.SZ,20240514,12.38,12.53,12.27,12.52,12.38,0.14,1.1309,55950.11,69555.286
300769.SZ,20240514,36.5,36.9,35.82,36.16,36.71,-0.55,-1.4982,62411.15,226130.947
300770.SZ,20240514,42.0,42.59,40.76,40.82,42.6,-1.78,-4.1784,69837.82,289486.064
300771.SZ,20240514,9.46,9.68,9.45,9.57,9.47,0.1,1.056,52461.73,50236.793
300772.SZ,20240514,10.45,10.6,10.36,10.39,10.45,-0.06,-0.5742,103435.68,108159.042
300773.SZ,20240514,13.93,14.65,13.93,14.59,14.0,0.59,4.2143,152967.19,220396.809
300774.SZ,20240514,8.0,8.17,7.91,8.02,7.97,0.05,0.6274,36753.0,29506.601
300775.SZ,20240514,31.88,32.35,30.27,30.9,32.09,-1.19,-3.7083,444920.35,1386437.593
300776.SZ,20240514,45.91,46.34,45.56,45.75,46.12,-0.37,-0.8023,17000.65,78004.027
300777.SZ,20240514,26.61,27.04,26.12,26.25,26.96,-0.71,-2.6335,77519.17,205205.896
300778.SZ,20240514,12.88,13.44,12.59,12.72,13.22,-0.5,-3.7821,156497.26,202123.363
300779.SZ,20240514,58.5,68.08,58.23,67.8,58.85,8.95,15.2082,57124.03,357735.65
300780.SZ,20240514,14.6,15.05,14.55,14.77,14.55,0.22,1.512,31472.0,46405.001
300781.SZ,20240514,53.66,54.8,51.82,52.1,51.16,0.94,1.8374,105336.0,562041.611
300782.SZ,20240514,88.61,90.66,88.3,88.72,88.24,0.48,0.544,56200.81,501017.752
300783.SZ,20240514,26.38,27.05,26.23,27.0,26.46,0.54,2.0408,76318.0,204302.718
300785.SZ,20240514,21.94,22.64,21.09,21.33,22.07,-0.74,-3.353,111809.92,242543.178
300786.SZ,20240514,11.43,12.05,11.43,12.0,11.54,0.46,3.9861,36776.2,43572.499
300787.SZ,20240514,12.9,13.24,12.8,12.89,12.8,0.09,0.7031,15469.3,20036.98
300788.SZ,20240514,28.0,28.24,27.7,28.22,27.6,0.62,2.2464,29533.0,82821.589
300789.SZ,20240514,18.13,18.19,17.73,17.94,18.05,-0.11,-0.6094,14457.3,25915.858
300790.SZ,20240514,13.72,13.92,13.59,13.89,13.59,0.3,2.2075,63772.0,87783.777
300791.SZ,20240514,40.94,43.38,40.8,42.98,41.19,1.79,4.3457,17444.35,74491.093
300792.SZ,20240514,17.4,17.87,17.4,17.68,17.31,0.37,2.1375,21749.5,38430.269
300793.SZ,20240514,13.48,14.26,13.48,14.0,13.4,0.6,4.4776,214315.1,298975.381
300795.SZ,20240514,21.94,22.4,21.88,22.3,21.94,0.36,1.6408,16988.87,37601.071
300796.SZ,20240514,14.99,15.08,14.72,14.96,14.93,0.03,0.2009,48420.0,72124.503
300797.SZ,20240514,10.44,10.59,10.35,10.52,10.42,0.1,0.9597,22266.5,23312.378
300798.SZ,20240514,7.18,7.34,7.18,7.28,7.18,0.1,1.3928,76239.0,55438.516
300800.SZ,20240514,10.45,10.74,10.39,10.66,10.34,0.32,3.0948,20244.5,21408.976
300801.SZ,20240514,16.48,16.86,15.97,16.05,16.75,-0.7,-4.1791,91826.79,149648.654
300802.SZ,20240514,16.48,16.56,16.15,16.25,16.19,0.06,0.3706,10206.32,16623.195
300803.SZ,20240514,44.93,45.33,44.25,45.16,45.13,0.03,0.0665,72664.92,325336.947
300804.SZ,20240514,23.88,24.18,23.48,23.8,23.67,0.13,0.5492,14473.17,34460.611
300805.SZ,20240514,6.84,7.13,6.84,7.07,6.83,0.24,3.5139,58389.0,40899.442
300806.SZ,20240514,9.02,9.26,9.02,9.15,9.04,0.11,1.2168,37935.01,34778.306
300807.SZ,20240514,23.04,23.59,23.04,23.47,23.14,0.33,1.4261,18415.0,43066.724
300808.SZ,20240514,17.54,17.9,17.23,17.47,17.8,-0.33,-1.8539,34257.0,59964.648
300809.SZ,20240514,21.75,22.31,21.71,21.87,21.71,0.16,0.737,30793.6,67529.304
300810.SZ,20240514,17.36,18.36,17.36,18.12,17.51,0.61,3.4837,24272.0,43596.597
300811.SZ,20240514,53.0,54.14,52.88,53.23,53.08,0.15,0.2826,13308.38,71115.26
300812.SZ,20240514,21.8,22.84,21.67,22.18,21.52,0.66,3.0669,45577.25,101215.404
300813.SZ,20240514,26.5,26.69,22.93,23.94,27.5,-3.56,-12.9455,141396.66,345812.156
300814.SZ,20240514,26.18,26.86,25.78,26.15,25.97,0.18,0.6931,23248.72,61108.79
300815.SZ,20240514,13.81,13.89,13.7,13.79,13.76,0.03,0.218,24595.2,33926.414
300816.SZ,20240514,22.85,23.57,22.85,23.45,23.0,0.45,1.9565,8567.46,19956.764
300817.SZ,20240514,11.88,12.22,11.88,12.02,11.95,0.07,0.5858,22723.61,27423.167
300818.SZ,20240514,31.28,33.3,30.07,30.35,30.73,-0.38,-1.2366,73619.12,232753.315
300819.SZ,20240514,12.39,14.06,12.36,13.18,12.29,0.89,7.2417,61465.5,80714.559
300820.SZ,20240514,44.61,45.24,44.2,44.46,44.48,-0.02,-0.045,20652.3,92454.105
300821.SZ,20240514,7.94,8.1,7.94,8.0,7.98,0.02,0.2506,52301.0,42039.452
300822.SZ,20240514,10.59,11.0,10.59,10.96,10.62,0.34,3.2015,24278.75,26472.799
300823.SZ,20240514,18.54,18.92,18.54,18.77,18.72,0.05,0.2671,37573.0,70414.736
300824.SZ,20240514,9.09,9.44,8.97,9.26,9.28,-0.02,-0.2155,167500.0,153337.506
300825.SZ,20240514,10.92,11.47,10.92,11.38,10.89,0.49,4.4995,111146.96,124429.244
300826.SZ,20240514,11.86,12.2,11.86,12.13,11.9,0.23,1.9328,19029.24,22911.566
300827.SZ,20240514,28.05,28.23,27.69,27.73,28.05,-0.32,-1.1408,44999.38,125449.687
300828.SZ,20240514,11.75,12.16,11.75,12.09,11.81,0.28,2.3709,17378.0,20907.209
300829.SZ,20240514,17.79,18.37,17.58,17.74,17.83,-0.09,-0.5048,71965.84,128414.337
300830.SZ,20240514,5.78,5.99,5.78,5.94,5.77,0.17,2.9463,58714.99,34819.95
300831.SZ,20240514,10.92,11.7,10.8,11.38,11.15,0.23,2.0628,119132.78,134227.903
300832.SZ,20240514,76.34,78.0,76.3,77.01,77.04,-0.03,-0.0389,20917.87,161549.528
300833.SZ,20240514,89.95,91.66,89.7,91.1,90.0,1.1,1.2222,3325.44,30256.958
300834.SZ,20240514,19.27,19.63,19.27,19.48,19.27,0.21,1.0898,4815.5,9394.407
300835.SZ,20240514,24.99,25.57,24.95,25.49,24.96,0.53,2.1234,16745.8,42385.219
300836.SZ,20240514,30.45,36.9,29.61,36.12,30.85,5.27,17.0827,65127.21,219702.072
300837.SZ,20240514,24.56,25.0,24.56,24.85,24.49,0.36,1.47,9747.0,24157.326
300838.SZ,20240514,11.93,12.11,11.89,11.96,11.89,0.07,0.5887,11088.0,13293.383
300839.SZ,20240514,7.9,8.06,7.82,7.91,7.93,-0.02,-0.2522,51589.0,40791.232
300840.SZ,20240514,13.82,14.19,13.82,14.01,13.79,0.22,1.5954,30607.0,42887.425
300841.SZ,20240514,62.85,64.15,62.52,62.9,62.4,0.5,0.8013,24849.0,157078.309
300842.SZ,20240514,53.96,53.99,52.54,52.95,53.66,-0.71,-1.3231,36634.1,194425.813
300843.SZ,20240514,22.92,27.28,22.84,25.97,22.73,3.24,14.2543,272551.76,689712.69
300844.SZ,20240514,25.37,26.4,25.05,26.14,25.54,0.6,2.3493,23818.17,61980.552
300845.SZ,20240514,15.2,15.3,14.77,14.8,15.24,-0.44,-2.8871,52606.0,78831.955
300846.SZ,20240514,10.68,10.86,10.61,10.81,10.5,0.31,2.9524,82007.0,88115.652
300847.SZ,20240514,16.89,17.27,16.67,16.71,17.02,-0.31,-1.8214,102652.25,173671.495
300848.SZ,20240514,22.43,23.49,22.09,22.15,22.3,-0.15,-0.6726,28795.75,65426.514
300849.SZ,20240514,13.54,13.78,13.54,13.72,13.6,0.12,0.8824,27512.5,37640.483
300850.SZ,20240514,20.23,20.46,19.91,19.93,20.19,-0.26,-1.2878,50274.03,101163.118
300851.SZ,20240514,24.9,25.28,24.51,25.04,25.16,-0.12,-0.4769,15808.15,39291.712
300852.SZ,20240514,22.28,22.76,22.2,22.25,22.39,-0.14,-0.6253,12671.58,28390.432
300853.SZ,20240514,16.25,16.62,16.18,16.25,16.22,0.03,0.185,13949.0,22868.723
300854.SZ,20240514,11.47,11.65,11.27,11.6,11.37,0.23,2.0229,16775.93,19352.885
300855.SZ,20240514,26.03,26.38,25.52,25.89,26.16,-0.27,-1.0321,46456.83,120036.118
300856.SZ,20240514,84.98,89.6,84.18,89.49,84.88,4.61,5.4312,34451.5,301772.48
300857.SZ,20240514,57.46,57.9,55.66,56.55,57.36,-0.81,-1.4121,56504.0,319863.08
300858.SZ,20240514,16.51,17.1,16.51,16.98,16.59,0.39,2.3508,18474.33,31063.209
300859.SZ,20240514,31.73,32.38,31.25,32.07,32.05,0.02,0.0624,32752.0,104605.657
300860.SZ,20240514,35.23,36.18,35.23,36.17,35.1,1.07,3.0484,24115.1,86395.926
300861.SZ,20240514,24.38,24.6,24.15,24.23,24.26,-0.03,-0.1237,25204.21,61283.819
300862.SZ,20240514,32.11,32.89,31.63,32.31,32.09,0.22,0.6856,13520.0,43860.181
300863.SZ,20240514,43.83,46.16,43.61,45.06,44.22,0.84,1.8996,20670.45,93585.698
300864.SZ,20240514,21.3,22.5,21.1,22.32,21.2,1.12,5.283,27359.79,60113.278
300865.SZ,20240514,15.36,16.88,15.03,16.78,15.48,1.3,8.3979,44358.82,71579.449
300866.SZ,20240514,98.0,100.59,95.61,95.66,95.81,-0.15,-0.1566,56327.81,549944.096
300867.SZ,20240514,12.6,12.96,12.55,12.93,12.6,0.33,2.619,38798.76,49647.741
300868.SZ,20240514,14.52,14.89,14.45,14.77,14.34,0.43,2.9986,13106.35,19250.636
300869.SZ,20240514,16.33,16.61,16.33,16.44,16.38,0.06,0.3663,17866.35,29483.061
300870.SZ,20240514,44.62,45.0,43.66,44.26,44.46,-0.2,-0.4498,17799.66,78592.06
300871.SZ,20240514,15.0,15.4,14.84,14.92,15.16,-0.24,-1.5831,19608.66,29403.634
300872.SZ,20240514,12.7,12.89,12.65,12.79,12.65,0.14,1.1067,41879.08,53488.473
300873.SZ,20240514,16.3,16.58,16.16,16.24,16.27,-0.03,-0.1844,33389.2,54467.193
300875.SZ,20240514,26.01,26.43,25.09,25.32,26.01,-0.69,-2.6528,49678.61,126856.241
300876.SZ,20240514,17.81,17.96,17.51,17.66,17.51,0.15,0.8567,5159.0,9159.551
300877.SZ,20240514,13.2,13.32,12.8,13.18,12.79,0.39,3.0493,12073.0,15864.626
300878.SZ,20240514,18.17,18.72,18.15,18.54,18.2,0.34,1.8681,14723.57,27265.241
300879.SZ,20240514,15.85,16.98,15.73,16.02,16.37,-0.35,-2.1381,120954.39,197696.088
300880.SZ,20240514,19.0,21.76,18.76,20.09,19.8,0.29,1.4646,193426.74,391523.328
300881.SZ,20240514,25.9,26.5,25.82,26.09,25.92,0.17,0.6559,12593.3,32903.109
300882.SZ,20240514,23.68,24.85,23.21,23.36,23.98,-0.62,-2.5855,82337.37,197029.504
300883.SZ,20240514,5.0,5.14,4.99,5.1,4.92,0.18,3.6585,54349.22,27556.496
300884.SZ,20240514,8.63,8.91,8.63,8.84,8.63,0.21,2.4334,48486.35,42544.598
300885.SZ,20240514,8.09,8.26,8.09,8.17,8.08,0.09,1.1139,23556.49,19250.085
300886.SZ,20240514,17.12,20.0,17.12,18.34,17.21,1.13,6.566,28819.96,53524.888
300887.SZ,20240514,9.83,10.14,9.68,9.76,9.71,0.05,0.5149,135419.43,133028.539
300888.SZ,20240514,30.58,30.94,30.4,30.6,30.54,0.06,0.1965,22527.1,69184.911
300889.SZ,20240514,10.76,10.93,10.61,10.89,10.65,0.24,2.2535,22892.03,24737.227
300890.SZ,20240514,32.3,32.76,31.38,32.6,31.96,0.64,2.0025,98154.03,315857.695
300891.SZ,20240514,9.89,10.07,9.58,9.7,9.94,-0.24,-2.4145,172574.69,167626.836
300892.SZ,20240514,16.04,17.05,16.04,16.95,16.01,0.94,5.8713,18046.14,29900.335
300893.SZ,20240514,29.26,30.05,29.04,29.7,29.28,0.42,1.4344,10172.3,30116.352
300894.SZ,20240514,17.57,18.28,17.18,17.32,18.02,-0.7,-3.8846,232599.04,410606.256
300895.SZ,20240514,27.28,27.45,26.88,27.4,26.82,0.58,2.1626,35509.42,96686.53
300896.SZ,20240514,213.52,220.44,212.01,220.39,213.52,6.87,3.2175,30927.94,671143.464
300897.SZ,20240514,30.11,30.68,29.91,30.57,30.01,0.56,1.866,6403.14,19446.967
300898.SZ,20240514,19.78,20.31,19.78,20.16,19.82,0.34,1.7154,19534.6,39287.373
300899.SZ,20240514,21.17,21.57,21.11,21.34,21.15,0.19,0.8983,16241.0,34654.994
300900.SZ,20240514,29.88,30.27,29.3,30.2,29.73,0.47,1.5809,111731.4,333707.999
300901.SZ,20240514,9.53,10.22,8.55,8.63,8.94,-0.31,-3.4676,330382.12,312348.741
300902.SZ,20240514,31.98,32.79,31.91,32.57,32.35,0.22,0.6801,13878.0,44866.89
300903.SZ,20240514,6.58,6.77,6.55,6.59,6.53,0.06,0.9188,58435.57,38690.431
300904.SZ,20240514,46.11,46.61,45.1,45.93,45.55,0.38,0.8342,15597.28,71500.928
300905.SZ,20240514,37.27,38.87,35.9,36.77,37.61,-0.84,-2.2334,182692.1,678350.083
300906.SZ,20240514,21.12,21.44,20.7,20.93,21.83,-0.9,-4.1228,29338.58,61534.963
300907.SZ,20240514,19.17,20.2,19.08,19.84,19.28,0.56,2.9046,25089.82,49533.489
300908.SZ,20240514,30.9,31.49,30.61,31.2,30.7,0.5,1.6287,10663.54,33151.322
300909.SZ,20240514,21.1,21.59,20.82,20.86,20.68,0.18,0.8704,14750.0,31038.886
300910.SZ,20240514,51.01,51.21,50.06,50.54,51.0,-0.46,-0.902,30391.73,153688.446
300911.SZ,20240514,30.49,31.08,30.49,30.85,30.82,0.03,0.0973,18435.0,56744.526
300912.SZ,20240514,11.63,11.63,11.3,11.43,11.43,0.0,0.0,20962.0,23987.252
300913.SZ,20240514,35.66,38.3,35.07,38.3,36.08,2.22,6.153,204809.04,763412.279
300915.SZ,20240514,30.74,31.63,30.73,31.41,30.74,0.67,2.1796,5577.5,17446.81
300916.SZ,20240514,25.76,26.5,25.71,26.23,25.45,0.78,3.0648,46122.09,120422.378
300917.SZ,20240514,27.75,28.67,27.28,27.58,28.46,-0.88,-3.0921,162412.85,452112.348
300918.SZ,20240514,9.37,9.66,9.36,9.56,9.36,0.2,2.1368,38865.69,37075.287
300919.SZ,20240514,51.8,52.3,51.61,51.93,52.0,-0.07,-0.1346,22235.4,115483.783
300920.SZ,20240514,15.6,16.05,15.6,15.94,15.6,0.34,2.1795,17000.0,27095.824
300921.SZ,20240514,17.03,17.98,17.03,17.83,17.35,0.48,2.7666,19325.57,34426.734
300922.SZ,20240514,14.45,14.95,14.42,14.9,14.68,0.22,1.4986,65127.91,96196.005
300923.SZ,20240514,18.33,18.73,17.98,18.01,18.7,-0.69,-3.6898,25114.48,45761.198
300925.SZ,20240514,10.5,10.78,10.46,10.65,10.42,0.23,2.2073,227815.01,242393.342
300926.SZ,20240514,21.68,22.21,21.6,21.65,21.66,-0.01,-0.0462,61045.2,133680.675
300927.SZ,20240514,14.53,15.05,14.29,14.45,14.54,-0.09,-0.619,26748.0,38969.383
300928.SZ,20240514,35.38,37.06,35.02,35.93,35.4,0.53,1.4972,24391.0,87868.41
300929.SZ,20240514,8.48,8.92,8.48,8.85,8.64,0.21,2.4306,14966.4,13218.635
300930.SZ,20240514,19.75,19.99,18.91,19.16,19.95,-0.79,-3.9599,26667.98,51364.197
300931.SZ,20240514,5.95,6.07,5.9,6.01,5.92,0.09,1.5203,44956.0,26975.582
300932.SZ,20240514,12.4,12.66,12.14,12.38,12.24,0.14,1.1438,28040.5,34951.154
300933.SZ,20240514,6.35,6.59,6.34,6.43,6.32,0.11,1.7405,112597.0,72809.353
300935.SZ,20240514,16.49,16.99,16.3,16.85,16.27,0.58,3.5648,13565.2,22714.147
300936.SZ,20240514,31.68,32.13,31.4,31.76,31.35,0.41,1.3078,8673.65,27559.493
300937.SZ,20240514,24.5,25.0,23.59,23.74,22.87,0.87,3.8041,32563.5,78301.733
300938.SZ,20240514,34.54,35.1,34.45,34.54,34.53,0.01,0.029,10246.25,35651.362
300939.SZ,20240514,27.1,27.76,26.9,27.16,26.78,0.38,1.419,13709.0,37524.886
300940.SZ,20240514,15.21,15.64,15.14,15.54,15.2,0.34,2.2368,16174.4,25021.821
300941.SZ,20240514,17.65,17.78,17.38,17.68,17.38,0.3,1.7261,30745.41,54058.735
300942.SZ,20240514,7.76,7.9,7.68,7.77,7.76,0.01,0.1289,39789.6,30991.655
300943.SZ,20240514,10.85,11.08,10.82,10.94,10.82,0.12,1.1091,21536.5,23584.834
300945.SZ,20240514,11.28,11.55,10.81,11.41,11.18,0.23,2.0572,175189.19,196762.396
300946.SZ,20240514,24.38,25.17,24.38,24.9,24.34,0.56,2.3007,6925.6,17240.99
300947.SZ,20240514,12.02,12.52,11.91,12.12,12.08,0.04,0.3311,57188.1,69611.257
300948.SZ,20240514,10.41,10.48,9.9,9.92,10.95,-1.03,-9.4064,120574.33,122059.154
300949.SZ,20240514,34.15,35.15,34.15,34.76,34.03,0.73,2.1452,8507.0,29528.75
300950.SZ,20240514,16.82,16.99,16.36,16.62,16.85,-0.23,-1.365,52852.98,87544.843
300951.SZ,20240514,40.29,41.31,39.82,39.88,39.44,0.44,1.1156,16341.0,66234.548
300952.SZ,20240514,21.61,22.5,21.49,21.7,21.61,0.09,0.4165,35895.37,78689.487
300953.SZ,20240514,64.15,65.39,63.59,64.55,64.1,0.45,0.702,9141.73,59296.421
300955.SZ,20240514,14.98,15.2,14.87,15.14,14.78,0.36,2.4357,8453.0,12719.215
300956.SZ,20240514,12.3,12.54,12.11,12.3,12.04,0.26,2.1595,25696.0,31627.628
300957.SZ,20240514,58.42,59.98,58.01,59.23,58.12,1.11,1.9098,34730.62,205217.747
300958.SZ,20240514,12.45,12.58,12.35,12.48,12.4,0.08,0.6452,19549.18,24383.069
300959.SZ,20240514,26.8,26.8,26.3,26.66,26.24,0.42,1.6006,4748.0,12611.784
300960.SZ,20240514,18.47,18.97,18.0,18.51,19.07,-0.56,-2.9365,32408.8,60013.751
300961.SZ,20240514,9.0,9.21,8.77,9.01,9.46,-0.45,-4.7569,70771.16,64040.594
300962.SZ,20240514,14.52,14.73,14.51,14.66,14.55,0.11,0.756,16969.21,24809.956
300963.SZ,20240514,10.16,10.26,10.09,10.23,10.16,0.07,0.689,26513.85,26946.548
300964.SZ,20240514,30.14,31.1,30.14,30.39,30.02,0.37,1.2325,9464.0,28890.43
300965.SZ,20240514,26.41,27.18,26.41,26.97,26.41,0.56,2.1204,5710.25,15350.208
300966.SZ,20240514,19.33,20.36,19.29,19.47,20.32,-0.85,-4.1831,81939.09,161061.488
300967.SZ,20240514,10.22,10.6,10.1,10.22,10.21,0.01,0.0979,78705.71,81607.278
300968.SZ,20240514,8.45,8.71,8.39,8.54,8.37,0.17,2.0311,51215.0,43898.083
300969.SZ,20240514,88.21,89.13,87.42,87.75,88.25,-0.5,-0.5666,5275.89,46402.528
300970.SZ,20240514,15.2,16.73,15.01,16.0,15.5,0.5,3.2258,125092.34,197625.004
300971.SZ,20240514,18.92,19.37,18.79,19.07,18.67,0.4,2.1425,12280.53,23369.537
300972.SZ,20240514,26.6,27.49,26.3,27.26,26.48,0.78,2.9456,14475.19,39121.126
300973.SZ,20240514,35.9,37.3,35.75,36.95,36.02,0.93,2.5819,26886.19,98923.579
300975.SZ,20240514,11.29,11.43,10.65,10.76,11.22,-0.46,-4.0998,586139.68,639318.652
300976.SZ,20240514,39.72,40.84,39.68,40.41,39.73,0.68,1.7116,6788.8,27513.614
300977.SZ,20240514,14.12,14.55,14.12,14.17,14.27,-0.1,-0.7008,15472.88,22099.832
300978.SZ,20240514,10.65,10.9,10.65,10.84,10.69,0.15,1.4032,23569.0,25466.336
300979.SZ,20240514,70.1,73.3,69.5,72.37,70.73,1.64,2.3187,28042.66,201181.784
300980.SZ,20240514,18.51,19.15,18.42,18.72,18.5,0.22,1.1892,7119.71,13316.225
300981.SZ,20240514,12.04,12.25,12.02,12.15,12.04,0.11,0.9136,27829.18,33810.794
300982.SZ,20240514,22.8,23.37,21.81,21.81,23.22,-1.41,-6.0724,151376.25,339781.771
300983.SZ,20240514,24.08,24.16,23.95,23.97,23.85,0.12,0.5031,4494.0,10797.053
300984.SZ,20240514,22.05,22.38,21.58,21.95,21.92,0.03,0.1369,5487.0,12129.154
300985.SZ,20240514,25.58,26.05,25.58,25.67,25.74,-0.07,-0.272,10771.0,27732.459
300986.SZ,20240514,7.9,8.14,7.9,8.09,7.92,0.17,2.1465,31468.98,25360.788
300987.SZ,20240514,13.51,13.87,13.51,13.83,13.4,0.43,3.209,30173.48,41391.473
300988.SZ,20240514,17.5,18.21,17.5,17.98,17.5,0.48,2.7429,49529.0,88501.84
300989.SZ,20240514,17.78,18.26,17.6,18.15,17.65,0.5,2.8329,65957.4,118422.298
300990.SZ,20240514,34.78,35.25,32.53,33.08,34.99,-1.91,-5.4587,43790.1,147071.743
300991.SZ,20240514,13.87,14.55,13.52,13.98,13.48,0.5,3.7092,69856.54,97998.316
300992.SZ,20240514,17.33,17.45,17.06,17.21,17.02,0.19,1.1163,7384.0,12746.994
300993.SZ,20240514,12.13,12.43,12.13,12.34,12.14,0.2,1.6474,49092.08,60366.529
300994.SZ,20240514,12.92,14.16,12.68,14.15,13.02,1.13,8.679,132203.12,179280.55
300995.SZ,20240514,17.22,17.63,17.16,17.56,17.15,0.41,2.3907,15944.0,27771.98
300996.SZ,20240514,14.86,15.2,14.71,14.84,14.85,-0.01,-0.0673,37414.04,55761.948
300997.SZ,20240514,14.6,15.25,14.6,15.15,14.6,0.55,3.7671,27327.61,41057.819
300998.SZ,20240514,24.3,24.3,23.57,23.93,24.3,-0.37,-1.5226,16001.0,38196.767
300999.SZ,20240514,31.95,32.35,31.78,31.8,31.78,0.02,0.0629,74876.2,239689.242
301000.SZ,20240514,20.08,20.47,19.85,20.31,20.52,-0.21,-1.0234,78984.37,159014.37
301001.SZ,20240514,17.66,18.42,17.59,18.23,17.55,0.68,3.8746,15929.0,28837.934
301002.SZ,20240514,14.6,14.98,14.6,14.89,14.62,0.27,1.8468,13315.5,19731.48
301003.SZ,20240514,25.14,25.53,24.79,24.9,25.3,-0.4,-1.581,9340.8,23363.028
301004.SZ,20240514,91.6,98.77,90.13,93.82,92.99,0.83,0.8926,15498.3,145300.503
301005.SZ,20240514,32.9,33.44,32.2,33.22,32.85,0.37,1.1263,40880.4,134587.308
301006.SZ,20240514,12.98,13.25,12.98,13.12,12.98,0.14,1.0786,12492.0,16416.862
301007.SZ,20240514,12.95,13.15,12.87,13.05,12.81,0.24,1.8735,47055.0,61356.669
301008.SZ,20240514,27.36,27.89,26.87,27.14,27.72,-0.58,-2.0924,16224.48,44298.297
301009.SZ,20240514,8.76,9.4,8.68,9.14,8.67,0.47,5.421,44989.77,41036.59
301010.SZ,20240514,13.01,13.22,12.93,13.08,12.94,0.14,1.0819,10673.0,13933.504
301011.SZ,20240514,16.43,17.81,16.39,17.35,16.28,1.07,6.5725,43932.15,75919.655
301012.SZ,20240514,27.8,30.02,27.8,28.65,30.0,-1.35,-4.5,232637.94,663768.45
301013.SZ,20240514,10.7,11.0,10.64,10.86,10.63,0.23,2.1637,68469.5,73945.662
301015.SZ,20240514,32.43,33.28,32.43,33.0,32.32,0.68,2.104,17585.0,57994.477
301016.SZ,20240514,20.2,21.88,19.4,20.83,20.2,0.63,3.1188,153394.99,319916.089
301017.SZ,20240514,12.63,12.98,12.6,12.81,12.62,0.19,1.5055,20920.0,26823.841
301018.SZ,20240514,22.01,22.57,21.95,22.16,22.07,0.09,0.4078,25918.0,57456.073
301019.SZ,20240514,20.73,20.82,20.0,20.16,20.67,-0.51,-2.4673,16484.5,33550.326
301020.SZ,20240514,17.61,17.86,17.46,17.72,17.29,0.43,2.487,12806.0,22682.163
301021.SZ,20240514,15.8,16.5,15.8,15.99,15.8,0.19,1.2025,17796.0,28635.628
301022.SZ,20240514,23.05,24.08,22.82,23.74,22.89,0.85,3.7134,32541.9,76396.439
301023.SZ,20240514,30.85,31.92,30.84,31.65,30.72,0.93,3.0273,6278.0,19730.656
301024.SZ,20240514,20.97,21.18,20.69,20.98,20.57,0.41,1.9932,7915.0,16581.802
301025.SZ,20240514,11.16,11.36,10.77,10.89,10.86,0.03,0.2762,130860.31,143931.173
301026.SZ,20240514,25.3,25.45,24.68,24.86,24.89,-0.03,-0.1205,12280.0,30467.936
301027.SZ,20240514,8.09,8.18,8.01,8.11,8.03,0.08,0.9963,23860.0,19320.685
301028.SZ,20240514,9.5,9.72,9.5,9.58,9.44,0.14,1.4831,31495.0,30250.404
301029.SZ,20240514,24.84,26.76,24.84,25.55,24.2,1.35,5.5785,127522.08,328645.237
301030.SZ,20240514,53.66,53.8,51.63,53.59,53.75,-0.16,-0.2977,31295.61,165095.031
301031.SZ,20240514,86.0,87.04,83.66,84.25,85.04,-0.79,-0.929,8177.2,69305.007
301032.SZ,20240514,7.79,7.99,7.79,7.92,7.79,0.13,1.6688,21210.0,16769.298
301033.SZ,20240514,40.13,44.48,40.13,44.18,42.36,1.82,4.2965,21491.86,90789.163
301035.SZ,20240514,55.91,57.2,55.75,56.07,56.28,-0.21,-0.3731,9518.0,53834.751
301036.SZ,20240514,21.34,22.31,21.27,21.43,21.45,-0.02,-0.0932,65893.68,142837.891
301037.SZ,20240514,13.72,14.39,13.67,13.92,13.63,0.29,2.1277,19670.36,27331.069
301038.SZ,20240514,15.5,15.75,15.3,15.62,15.82,-0.2,-1.2642,50444.5,78079.646
301039.SZ,20240514,9.81,10.58,9.81,10.36,9.85,0.51,5.1777,440791.43,452827.283
301040.SZ,20240514,12.03,12.24,12.0,12.15,11.9,0.25,2.1008,12845.5,15584.258
301041.SZ,20240514,21.64,22.21,21.56,21.89,21.64,0.25,1.1553,14761.0,32292.492
301042.SZ,20240514,35.46,36.25,35.23,35.66,35.45,0.21,0.5924,14595.61,51993.243
301043.SZ,20240514,27.04,27.85,27.03,27.55,26.92,0.63,2.3403,10528.53,28915.729
301045.SZ,20240514,18.31,18.81,18.26,18.55,18.31,0.24,1.3108,13370.56,24707.62
301046.SZ,20240514,23.18,24.0,22.71,22.92,23.75,-0.83,-3.4947,56639.13,131349.85
301047.SZ,20240514,77.1,78.2,76.3,76.81,76.51,0.3,0.3921,12253.82,94360.438
301048.SZ,20240514,9.83,10.06,9.71,9.82,10.01,-0.19,-1.8981,122112.56,119979.27
301049.SZ,20240514,26.31,26.51,25.17,25.45,25.83,-0.38,-1.4712,38747.34,99307.531
301050.SZ,20240514,50.84,51.15,49.96,50.36,50.42,-0.06,-0.119,28327.0,143006.653
301051.SZ,20240514,37.98,38.98,37.2,38.46,37.2,1.26,3.3871,10399.0,39868.08
301052.SZ,20240514,24.54,25.07,24.32,24.91,24.06,0.85,3.5328,44531.47,110184.841
301053.SZ,20240514,20.19,20.72,20.18,20.56,19.95,0.61,3.0576,11747.14,24091.884
301055.SZ,20240514,13.53,13.76,13.45,13.58,13.53,0.05,0.3695,9094.0,12372.219
301056.SZ,20240514,8.63,8.85,8.63,8.82,8.63,0.19,2.2016,30187.96,26475.655
301057.SZ,20240514,12.49,12.99,12.44,12.75,12.49,0.26,2.0817,34975.65,44431.561
301058.SZ,20240514,11.06,11.51,10.88,11.27,11.06,0.21,1.8987,230886.45,259397.249
301059.SZ,20240514,9.7,9.83,9.66,9.72,9.6,0.12,1.25,25848.1,25205.85
301060.SZ,20240514,10.38,10.76,10.34,10.54,10.48,0.06,0.5725,55993.0,59350.06
301061.SZ,20240514,74.0,75.25,73.61,74.96,74.35,0.61,0.8204,6414.51,47901.203
301062.SZ,20240514,10.86,10.96,10.75,10.91,10.85,0.06,0.553,35899.1,38989.121
301063.SZ,20240514,16.0,16.2,15.85,15.93,15.87,0.06,0.3781,16167.0,25823.648
301065.SZ,20240514,18.74,19.07,18.74,18.8,18.74,0.06,0.3202,11043.83,20865.637
301066.SZ,20240514,10.17,10.52,10.15,10.4,10.17,0.23,2.2616,20588.0,21345.523
301067.SZ,20240514,19.92,20.3,19.65,19.89,19.65,0.24,1.2214,10888.0,21687.325
301068.SZ,20240514,23.22,23.58,22.43,23.3,23.22,0.08,0.3445,11491.0,26305.053
301069.SZ,20240514,15.6,15.95,15.52,15.62,15.67,-0.05,-0.3191,33613.88,52746.863
301070.SZ,20240514,33.92,38.56,33.92,37.55,34.19,3.36,9.8274,18932.72,69865.114
301071.SZ,20240514,32.08,32.65,32.07,32.2,32.08,0.12,0.3741,24210.68,78190.325
301072.SZ,20240514,20.16,20.99,20.0,20.66,20.16,0.5,2.4802,21855.0,45048.037
301073.SZ,20240514,23.13,23.69,23.0,23.38,23.1,0.28,1.2121,43472.75,101802.756
301075.SZ,20240514,19.65,20.04,19.4,19.82,19.3,0.52,2.6943,17608.0,34815.826
301076.SZ,20240514,21.6,22.89,21.43,21.48,21.36,0.12,0.5618,28203.33,61226.362
301077.SZ,20240514,19.75,20.38,19.4,19.51,20.0,-0.49,-2.45,33312.0,66119.765
301078.SZ,20240514,6.18,6.37,6.18,6.32,6.15,0.17,2.7642,90837.12,57159.066
301079.SZ,20240514,11.9,12.0,11.71,11.96,11.62,0.34,2.926,16281.6,19320.708
301080.SZ,20240514,42.05,43.14,41.61,41.98,42.29,-0.31,-0.733,35246.56,148743.357
301081.SZ,20240514,8.5,8.71,8.5,8.6,8.46,0.14,1.6548,13501.8,11588.054
301082.SZ,20240514,12.7,12.99,12.62,12.76,12.93,-0.17,-1.3148,40003.98,51075.108
301083.SZ,20240514,13.66,14.0,13.65,13.92,13.58,0.34,2.5037,19855.0,27539.441
301085.SZ,20240514,46.88,48.93,46.15,48.41,46.22,2.19,4.7382,32080.27,152403.275
301086.SZ,20240514,32.85,33.71,32.85,33.28,32.86,0.42,1.2781,4059.0,13532.366
301087.SZ,20240514,38.04,39.3,38.04,38.95,37.87,1.08,2.8519,14183.82,55092.284
301088.SZ,20240514,12.08,12.35,11.96,12.3,12.09,0.21,1.737,8228.2,10084.051
301089.SZ,20240514,41.56,42.19,39.96,40.27,41.88,-1.61,-3.8443,85851.63,349619.817
301090.SZ,20240514,8.72,8.87,8.68,8.75,8.74,0.01,0.1144,24539.32,21468.952
301091.SZ,20240514,36.69,38.38,36.3,37.99,36.1,1.89,5.2355,176838.6,664668.342
301092.SZ,20240514,29.35,29.51,28.12,28.32,29.19,-0.87,-2.9805,34490.27,98627.05
301093.SZ,20240514,22.6,22.94,22.6,22.75,22.61,0.14,0.6192,7939.2,18096.373
301095.SZ,20240514,50.52,51.81,50.19,50.52,50.75,-0.23,-0.4532,18970.86,96037.749
301096.SZ,20240514,65.88,66.95,65.31,65.81,66.15,-0.34,-0.514,18962.92,125444.281
301097.SZ,20240514,42.04,42.97,41.77,42.73,41.83,0.9,2.1516,1441.0,6120.085
301098.SZ,20240514,8.26,8.52,8.26,8.36,8.31,0.05,0.6017,17551.03,14757.078
301099.SZ,20240514,38.88,40.19,38.88,39.6,38.88,0.72,1.8519,9927.0,39270.74
301100.SZ,20240514,15.2,15.57,15.2,15.4,15.19,0.21,1.3825,9159.0,14127.943
301101.SZ,20240514,26.69,27.33,26.69,27.13,26.88,0.25,0.9301,7062.46,19158.474
301102.SZ,20240514,13.4,13.68,13.34,13.55,13.33,0.22,1.6504,20157.97,27286.943
301103.SZ,20240514,25.83,26.44,25.38,25.45,25.88,-0.43,-1.6615,32097.89,82893.218
301105.SZ,20240514,26.75,27.87,26.75,27.59,26.85,0.74,2.7561,4309.0,11831.667
301106.SZ,20240514,34.8,35.86,34.8,35.12,34.95,0.17,0.4864,4286.0,15045.066
301107.SZ,20240514,24.08,24.69,24.08,24.4,24.07,0.33,1.371,4707.0,11493.693
301108.SZ,20240514,28.5,28.8,27.94,28.01,28.6,-0.59,-2.0629,10724.01,30275.542
301109.SZ,20240514,16.74,16.98,16.67,16.97,16.84,0.13,0.772,26435.0,44567.274
301110.SZ,20240514,41.0,41.52,40.69,41.27,40.85,0.42,1.0282,3817.0,15684.056
301111.SZ,20240514,16.77,17.41,16.77,17.18,16.84,0.34,2.019,35909.01,61586.996
301112.SZ,20240514,20.67,21.19,20.6,20.9,20.64,0.26,1.2597,6319.99,13228.204
301113.SZ,20240514,21.81,22.88,21.81,22.56,21.82,0.74,3.3914,8646.0,19419.824
301115.SZ,20240514,15.48,15.69,15.45,15.54,15.48,0.06,0.3876,4100.85,6377.9
301116.SZ,20240514,10.15,10.78,10.15,10.52,10.15,0.37,3.6453,47119.0,49501.327
301117.SZ,20240514,29.97,30.62,28.73,29.09,29.95,-0.86,-2.8715,32568.0,95365.989
301118.SZ,20240514,16.85,17.37,16.85,16.98,16.84,0.14,0.8314,14681.6,25017.793
301119.SZ,20240514,19.43,20.21,19.33,19.82,19.56,0.26,1.3292,7465.6,14838.84
301120.SZ,20240514,10.55,11.28,10.27,10.56,10.72,-0.16,-1.4925,198019.65,209283.038
301121.SZ,20240514,36.57,37.76,36.52,36.88,36.36,0.52,1.4301,22796.82,84307.813
301122.SZ,20240514,22.9,23.32,22.76,23.15,22.69,0.46,2.0273,23100.0,53399.776
301123.SZ,20240514,16.8,17.04,16.48,16.58,16.32,0.26,1.5931,21434.56,35808.705
301125.SZ,20240514,13.27,13.75,13.27,13.63,13.27,0.36,2.7129,15998.6,21727.779
301126.SZ,20240514,10.28,10.54,10.11,10.48,10.29,0.19,1.8465,128354.73,132121.034
301127.SZ,20240514,9.97,10.2,9.97,10.17,9.98,0.19,1.9038,53976.07,54505.071
301128.SZ,20240514,37.79,39.13,37.78,38.91,37.45,1.46,3.8985,17783.29,68837.253
301129.SZ,20240514,16.18,16.54,16.03,16.1,16.04,0.06,0.3741,9758.0,15801.196
301130.SZ,20240514,25.74,26.16,25.6,25.76,26.0,-0.24,-0.9231,8022.0,20789.916
301131.SZ,20240514,36.58,37.09,36.31,36.65,36.06,0.59,1.6362,9193.0,33741.954
301132.SZ,20240514,19.6,20.3,19.5,19.62,19.5,0.12,0.6154,15277.27,30214.618
301133.SZ,20240514,22.25,22.77,22.11,22.6,22.12,0.48,2.17,14477.72,32552.98
301135.SZ,20240514,19.59,19.77,19.3,19.59,19.24,0.35,1.8191,9313.0,18223.362
301136.SZ,20240514,10.15,10.23,10.0,10.08,10.15,-0.07,-0.6897,43927.46,44225.819
301137.SZ,20240514,14.16,14.53,14.16,14.39,14.29,0.1,0.6998,11258.0,16227.615
301138.SZ,20240514,24.6,25.34,24.6,25.06,24.74,0.32,1.2935,10479.0,26206.856
301139.SZ,20240514,22.31,22.8,22.06,22.51,22.19,0.32,1.4421,31232.85,69973.132
301141.SZ,20240514,44.13,45.65,44.13,44.79,44.1,0.69,1.5646,19745.21,88427.702
301148.SZ,20240514,17.96,18.28,17.86,18.09,17.8,0.29,1.6292,13864.0,25141.776
301149.SZ,20240514,10.92,11.48,10.92,11.03,10.88,0.15,1.3787,45314.56,50622.215
301150.SZ,20240514,19.37,19.8,19.11,19.23,19.44,-0.21,-1.0802,15157.84,29296.071
301151.SZ,20240514,16.32,16.63,16.1,16.42,16.57,-0.15,-0.9053,35421.0,57932.614
301152.SZ,20240514,27.4,27.59,26.39,26.95,26.66,0.29,1.0878,38294.72,103023.457
301153.SZ,20240514,30.47,31.02,30.18,30.93,30.33,0.6,1.9782,37412.58,114393.358
301155.SZ,20240514,51.9,52.7,51.41,51.48,52.24,-0.76,-1.4548,19952.0,103683.688
301156.SZ,20240514,17.0,17.28,15.73,15.9,17.5,-1.6,-9.1429,147297.25,238765.69
301157.SZ,20240514,33.98,34.3,33.45,33.72,33.39,0.33,0.9883,4576.75,15517.833
301158.SZ,20240514,15.5,15.86,15.14,15.79,15.73,0.06,0.3814,65393.91,101266.892
301159.SZ,20240514,30.87,31.95,30.6,31.48,30.87,0.61,1.976,32270.0,100726.739
301160.SZ,20240514,42.64,43.5,41.8,42.35,42.67,-0.32,-0.7499,16010.0,68232.421
301161.SZ,20240514,17.04,17.18,16.63,16.85,17.29,-0.44,-2.5448,19888.46,33453.94
301162.SZ,20240514,47.61,49.98,46.63,47.15,48.55,-1.4,-2.8836,33606.41,161049.702
301163.SZ,20240514,22.39,22.89,22.2,22.79,22.39,0.4,1.7865,31606.0,71552.715
301165.SZ,20240514,32.8,33.45,32.69,33.13,32.82,0.31,0.9445,20955.49,69271.56
301166.SZ,20240514,30.76,31.66,30.53,30.93,31.22,-0.29,-0.9289,17593.97,54660.173
301167.SZ,20240514,13.33,13.49,13.02,13.07,13.45,-0.38,-2.8253,47672.2,62860.386
301168.SZ,20240514,33.52,33.68,32.88,32.96,33.47,-0.51,-1.5238,22917.13,76037.392
301169.SZ,20240514,30.93,32.2,30.83,31.79,30.73,1.06,3.4494,16316.0,51360.172
301170.SZ,20240514,23.79,24.07,23.74,23.9,23.65,0.25,1.0571,8587.59,20535.374
301171.SZ,20240514,16.37,16.88,16.2,16.66,16.12,0.54,3.3499,135140.42,224242.271
301172.SZ,20240514,30.76,31.9,30.51,31.28,30.41,0.87,2.8609,29972.32,93309.484
301175.SZ,20240514,5.13,5.15,5.09,5.14,5.14,0.0,0.0,228763.82,117077.253
301176.SZ,20240514,11.78,12.07,11.78,11.88,11.74,0.14,1.1925,7170.64,8554.267
301177.SZ,20240514,23.71,24.55,23.71,24.37,23.77,0.6,2.5242,13206.0,32069.035
301178.SZ,20240514,19.25,20.15,19.25,19.96,19.15,0.81,4.2298,16113.23,31855.91
301179.SZ,20240514,24.2,24.9,23.72,24.71,24.5,0.21,0.8571,60795.07,148351.499
301180.SZ,20240514,13.48,13.82,13.34,13.5,13.35,0.15,1.1236,15530.0,20998.172
301181.SZ,20240514,21.35,21.69,21.1,21.4,21.13,0.27,1.2778,7868.4,16834.95
301182.SZ,20240514,15.99,16.47,15.85,16.2,15.86,0.34,2.1438,7417.0,12012.617
301183.SZ,20240514,39.6,40.97,39.36,39.64,39.28,0.36,0.9165,36274.64,144906.695
301185.SZ,20240514,16.22,16.56,15.8,16.18,16.05,0.13,0.81,39003.7,62971.733
301186.SZ,20240514,32.6,33.4,32.6,33.16,32.6,0.56,1.7178,6741.0,22296.002
301187.SZ,20240514,23.52,24.0,23.2,23.35,24.06,-0.71,-2.951,64728.0,152175.874
301188.SZ,20240514,17.88,18.95,17.88,18.58,17.88,0.7,3.915,71504.57,132208.903
301189.SZ,20240514,21.08,24.3,21.07,22.1,20.7,1.4,6.7633,39118.71,89471.971
301190.SZ,20240514,17.45,18.5,17.45,18.42,17.37,1.05,6.0449,25463.0,46392.43
301191.SZ,20240514,72.36,73.55,71.02,72.14,71.7,0.44,0.6137,14426.67,104106.032
301192.SZ,20240514,15.64,15.64,15.2,15.54,15.27,0.27,1.7682,11607.55,17889.286
301193.SZ,20240514,20.98,21.72,20.81,21.72,21.08,0.64,3.0361,15246.01,32572.521
301195.SZ,20240514,34.03,34.59,33.89,34.2,34.03,0.17,0.4996,6677.57,22816.145
301196.SZ,20240514,31.2,31.2,30.35,30.43,30.4,0.03,0.0987,9103.22,27879.959
301197.SZ,20240514,13.08,13.36,12.95,13.26,12.99,0.27,2.0785,18345.86,24314.138
301198.SZ,20240514,8.57,9.02,8.57,8.93,8.77,0.16,1.8244,16824.86,15013.135
301199.SZ,20240514,24.22,25.11,24.22,24.98,24.22,0.76,3.1379,36068.67,89435.964
301200.SZ,20240514,33.75,34.99,33.69,34.54,33.89,0.65,1.918,8360.18,28912.724
301201.SZ,20240514,22.76,23.2,21.3,21.39,23.28,-1.89,-8.1186,98094.2,215533.893
301202.SZ,20240514,30.73,31.98,30.41,31.82,30.73,1.09,3.547,44369.5,139436.179
301203.SZ,20240514,32.9,33.28,32.88,33.26,32.92,0.34,1.0328,4300.6,14228.556
301205.SZ,20240514,76.3,77.7,75.01,76.02,75.3,0.72,0.9562,19964.31,152031.611
301206.SZ,20240514,30.3,33.52,29.74,29.88,30.48,-0.6,-1.9685,62857.48,194601.215
301207.SZ,20240514,21.8,22.34,21.71,22.18,21.85,0.33,1.5103,24053.82,53229.697
301208.SZ,20240514,28.32,28.69,28.02,28.56,28.08,0.48,1.7094,13307.58,37731.079
301209.SZ,20240514,29.5,31.8,27.6,28.5,30.29,-1.79,-5.9095,103405.05,307992.616
301210.SZ,20240514,35.88,36.37,35.6,36.06,36.8,-0.74,-2.0109,13305.75,47848.884
301211.SZ,20240514,17.7,18.44,17.7,18.07,18.0,0.07,0.3889,44289.64,80350.966
301212.SZ,20240514,22.58,27.08,22.51,27.08,22.57,4.51,19.9823,49207.87,129730.634
301213.SZ,20240514,30.58,31.49,30.57,30.75,30.83,-0.08,-0.2595,19008.0,58751.754
301215.SZ,20240514,5.28,5.41,5.27,5.39,5.29,0.1,1.8904,96541.0,51792.822
301216.SZ,20240514,12.32,12.48,12.26,12.32,12.32,0.0,0.0,19439.03,23985.199
301217.SZ,20240514,10.25,10.39,10.18,10.21,10.16,0.05,0.4921,23925.93,24529.008
301218.SZ,20240514,21.41,22.09,21.36,22.0,21.2,0.8,3.7736,27948.06,60799.682
301219.SZ,20240514,45.49,45.99,44.6,45.13,45.24,-0.11,-0.2431,46203.92,208951.641
301220.SZ,20240514,29.48,29.73,28.16,28.48,29.5,-1.02,-3.4576,38150.17,110157.976
301221.SZ,20240514,36.73,37.11,36.15,36.64,36.09,0.55,1.524,16400.76,59998.682
301222.SZ,20240514,24.33,25.05,24.33,24.72,24.33,0.39,1.603,8231.0,20403.575
301223.SZ,20240514,15.69,15.87,15.62,15.84,15.69,0.15,0.956,10909.2,17179.239
301225.SZ,20240514,27.36,28.4,27.36,28.25,27.33,0.92,3.3663,14035.52,39283.473
301226.SZ,20240514,16.75,17.08,16.63,16.75,16.68,0.07,0.4197,25978.0,43830.937
301227.SZ,20240514,23.88,24.23,23.8,24.03,23.93,0.1,0.4179,5302.2,12726.899
301228.SZ,20240514,10.76,11.03,10.71,10.96,10.76,0.2,1.8587,22339.0,24382.292
301229.SZ,20240514,31.52,32.5,31.42,32.1,31.52,0.58,1.8401,10714.0,34378.22
301230.SZ,20240514,35.92,41.64,35.2,41.64,34.7,6.94,20.0,181845.49,725044.345
301231.SZ,20240514,17.52,17.86,17.35,17.76,17.23,0.53,3.076,19198.88,33910.074
301232.SZ,20240514,39.5,39.88,38.31,38.47,39.3,-0.83,-2.112,10854.27,42189.303
301233.SZ,20240514,38.0,38.68,37.75,38.1,37.96,0.14,0.3688,12553.58,47970.272
301234.SZ,20240514,24.3,24.6,24.07,24.5,24.0,0.5,2.0833,9080.04,22211.166
301235.SZ,20240514,19.4,19.9,19.4,19.61,19.47,0.14,0.7191,10103.65,19884.138
301236.SZ,20240514,38.96,39.8,38.6,39.3,38.51,0.79,2.0514,296219.24,1160404.956
301237.SZ,20240514,21.27,21.85,21.27,21.51,21.26,0.25,1.1759,4467.96,9636.885
301238.SZ,20240514,18.92,19.16,18.63,18.85,18.88,-0.03,-0.1589,136748.04,257422.731
301239.SZ,20240514,48.9,49.59,48.54,48.56,48.97,-0.41,-0.8372,22768.93,111311.073
301246.SZ,20240514,16.65,17.4,16.55,16.62,16.9,-0.28,-1.6568,102790.87,173497.561
301248.SZ,20240514,13.72,13.86,13.56,13.68,13.56,0.12,0.885,34756.22,47589.137
301251.SZ,20240514,25.99,26.65,25.91,26.05,25.83,0.22,0.8517,10539.67,27605.691
301252.SZ,20240514,39.71,41.17,39.71,41.12,39.77,1.35,3.3945,16093.69,65323.903
301255.SZ,20240514,30.78,31.75,30.41,30.47,29.98,0.49,1.6344,10801.0,33361.691
301256.SZ,20240514,7.15,7.26,7.11,7.18,7.08,0.1,1.4124,34079.31,24492.417
301257.SZ,20240514,45.3,47.33,45.03,45.33,44.86,0.47,1.0477,21072.0,97290.314
301258.SZ,20240514,34.9,36.5,33.6,34.45,37.1,-2.65,-7.1429,117487.0,409321.776
301259.SZ,20240514,22.43,22.97,22.32,22.93,22.43,0.5,2.2292,7975.9,18077.58
301260.SZ,20240514,16.92,18.17,16.92,17.86,17.01,0.85,4.9971,123655.31,220128.564
301261.SZ,20240514,41.49,42.5,41.4,41.52,41.19,0.33,0.8012,7729.27,32373.071
301262.SZ,20240514,25.85,26.23,25.56,25.9,25.48,0.42,1.6484,16732.4,43329.141
301263.SZ,20240514,14.55,14.76,14.46,14.59,14.7,-0.11,-0.7483,34500.61,50380.861
301265.SZ,20240514,9.18,9.28,9.17,9.19,9.17,0.02,0.2181,14583.0,13432.115
301266.SZ,20240514,35.9,36.37,35.81,36.01,35.91,0.1,0.2785,14572.5,52543.655
301267.SZ,20240514,25.45,25.96,25.31,25.4,25.47,-0.07,-0.2748,42359.3,108537.494
301268.SZ,20240514,18.8,19.1,18.55,18.71,18.72,-0.01,-0.0534,14459.0,27193.256
301269.SZ,20240514,80.89,82.38,80.22,81.41,81.17,0.24,0.2957,18005.01,146764.887
301270.SZ,20240514,25.94,27.12,25.9,26.67,25.89,0.78,3.0127,17634.0,46853.879
301272.SZ,20240514,38.37,39.09,38.2,38.65,38.05,0.6,1.5769,4075.81,15758.675
301273.SZ,20240514,18.4,18.49,17.21,18.16,17.54,0.62,3.5348,7609.16,13850.855
301276.SZ,20240514,22.61,22.92,22.58,22.86,22.72,0.14,0.6162,6601.94,15035.062
301277.SZ,20240514,16.9,18.28,16.45,16.6,18.38,-1.78,-9.6844,340173.63,587799.639
301278.SZ,20240514,37.9,38.3,37.63,37.77,37.6,0.17,0.4521,9593.09,36432.255
301279.SZ,20240514,18.15,18.75,18.12,18.22,18.23,-0.01,-0.0549,9358.87,17195.791
301280.SZ,20240514,37.6,38.68,37.6,38.19,37.23,0.96,2.5786,9554.04,36484.346
301281.SZ,20240514,27.41,27.77,26.98,27.16,27.41,-0.25,-0.9121,22076.71,60292.017
301282.SZ,20240514,16.56,17.09,16.56,16.77,16.64,0.13,0.7813,12050.4,20254.482
301283.SZ,20240514,33.15,33.28,32.18,32.33,32.99,-0.66,-2.0006,9443.87,30649.769
301285.SZ,20240514,22.7,23.33,22.1,22.2,22.78,-0.58,-2.5461,32498.37,73158.013
301286.SZ,20240514,30.86,31.55,30.86,31.49,31.0,0.49,1.5806,6656.02,20867.54
301287.SZ,20240514,27.71,28.68,27.71,28.49,27.54,0.95,3.4495,8723.0,24711.532
301288.SZ,20240514,13.1,13.33,13.02,13.08,13.01,0.07,0.538,9579.0,12585.721
301289.SZ,20240514,41.5,43.22,41.1,43.0,41.52,1.48,3.5645,22129.99,94676.447
301290.SZ,20240514,22.5,22.65,22.3,22.37,22.39,-0.02,-0.0893,7336.0,16475.503
301291.SZ,20240514,42.97,45.9,42.57,43.5,43.88,-0.38,-0.866,105701.25,465663.416
301292.SZ,20240514,14.0,14.31,13.99,14.12,14.0,0.12,0.8571,23328.99,32974.514
301293.SZ,20240514,57.25,57.99,56.66,56.96,57.0,-0.04,-0.0702,28069.5,160647.633
301295.SZ,20240514,26.15,26.95,26.04,26.53,26.54,-0.01,-0.0377,16684.46,44154.227
301296.SZ,20240514,8.61,8.95,8.61,8.86,8.8,0.06,0.6818,44180.77,39146.012
301297.SZ,20240514,20.18,20.5,19.95,20.01,20.0,0.01,0.05,38678.08,78031.408
301298.SZ,20240514,14.53,14.66,14.4,14.56,14.46,0.1,0.6916,14264.99,20770.411
301299.SZ,20240514,47.65,48.28,46.03,47.12,48.5,-1.38,-2.8454,29018.25,136341.131
301300.SZ,20240514,23.85,24.27,23.61,23.83,23.65,0.18,0.7611,4851.95,11607.619
301301.SZ,20240514,16.75,17.6,16.51,16.98,16.64,0.34,2.0433,1427172.04,2429428.409
301302.SZ,20240514,19.42,19.93,19.17,19.33,19.26,0.07,0.3634,40892.99,79777.297
301303.SZ,20240514,17.89,18.03,17.82,17.91,17.85,0.06,0.3361,9095.02,16294.689
301305.SZ,20240514,17.17,17.57,17.1,17.19,17.16,0.03,0.1748,28004.7,48397.953
301306.SZ,20240514,28.99,29.86,28.5,28.65,29.14,-0.49,-1.6815,23631.95,68273.102
301307.SZ,20240514,22.61,22.61,22.2,22.36,22.21,0.15,0.6754,22053.52,49397.795
301308.SZ,20240514,90.86,91.62,89.26,89.56,90.88,-1.32,-1.4525,52480.53,473221.803
301309.SZ,20240514,28.0,28.65,27.41,27.8,27.72,0.08,0.2886,12184.32,33923.609
301310.SZ,20240514,34.38,34.75,34.25,34.26,34.12,0.14,0.4103,7707.63,26581.104
301311.SZ,20240514,19.69,20.28,19.58,19.93,19.76,0.17,0.8603,23456.89,46933.135
301312.SZ,20240514,50.29,56.61,50.29,52.19,48.8,3.39,6.9467,19907.68,105333.517
301313.SZ,20240514,23.45,24.25,23.03,23.12,23.93,-0.81,-3.3849,41164.72,97104.425
301314.SZ,20240514,30.46,30.93,30.17,30.46,29.91,0.55,1.8388,3221.0,9842.011
301315.SZ,20240514,48.62,49.87,48.6,49.71,48.94,0.77,1.5734,13893.68,68401.363
301316.SZ,20240514,16.52,16.88,16.42,16.81,16.31,0.5,3.0656,46917.14,78369.544
301317.SZ,20240514,18.1,18.15,17.8,17.87,18.0,-0.13,-0.7222,3677.72,6598.572
301318.SZ,20240514,39.9,40.48,39.01,39.57,38.77,0.8,2.0635,23095.91,91495.33
301319.SZ,20240514,45.26,45.85,44.56,44.87,44.6,0.27,0.6054,4187.85,18847.631
301320.SZ,20240514,14.22,14.55,14.22,14.41,14.22,0.19,1.3361,10634.29,15328.8
301321.SZ,20240514,11.73,12.18,11.73,12.01,11.73,0.28,2.387,24077.4,28818.704
301322.SZ,20240514,33.82,35.85,33.82,35.3,33.8,1.5,4.4379,20783.14,72780.264
301323.SZ,20240514,32.31,33.2,32.31,33.0,32.46,0.54,1.6636,8528.1,28118.746
301325.SZ,20240514,57.49,58.8,56.89,57.34,57.5,-0.16,-0.2783,12022.74,69173.681
301326.SZ,20240514,26.36,27.29,26.25,26.86,26.04,0.82,3.149,19378.42,52135.982
301327.SZ,20240514,64.9,65.55,64.21,65.13,64.88,0.25,0.3853,5245.55,34131.208
301328.SZ,20240514,36.73,38.44,36.52,36.86,36.07,0.79,2.1902,15572.87,58029.056
301329.SZ,20240514,16.99,17.55,16.99,17.22,16.89,0.33,1.9538,18798.2,32511.584
301330.SZ,20240514,24.03,25.0,23.7,24.38,23.48,0.9,3.833,26956.01,65143.705
301331.SZ,20240514,40.01,41.72,40.01,41.7,39.85,1.85,4.6424,14169.0,58566.098
301332.SZ,20240514,11.99,12.55,11.81,12.36,12.19,0.17,1.3946,157017.94,191117.568
301333.SZ,20240514,44.99,46.39,44.69,45.0,45.06,-0.06,-0.1332,13108.0,59529.926
301335.SZ,20240514,19.39,19.89,19.39,19.65,19.49,0.16,0.8209,8829.72,17399.046
301336.SZ,20240514,32.05,33.18,32.05,32.93,32.05,0.88,2.7457,4079.0,13347.729
301337.SZ,20240514,29.31,29.98,29.16,29.37,29.07,0.3,1.032,13714.9,40341.806
301338.SZ,20240514,27.89,27.98,27.1,27.44,27.4,0.04,0.146,9550.69,26300.259
301339.SZ,20240514,17.5,18.17,17.48,18.13,17.45,0.68,3.8968,43915.27,78352.656
301345.SZ,20240514,77.4,80.38,76.21,80.17,77.2,2.97,3.8472,15159.67,119968.114
301348.SZ,20240514,28.25,28.88,27.82,28.12,27.78,0.34,1.2239,20817.72,58782.034
301349.SZ,20240514,36.0,36.0,34.89,35.14,35.52,-0.38,-1.0698,9322.31,32928.826
301353.SZ,20240514,25.61,25.68,25.03,25.46,24.99,0.47,1.8808,6065.0,15414.201
301355.SZ,20240514,11.73,11.86,11.63,11.75,11.62,0.13,1.1188,11848.17,13948.164
301356.SZ,20240514,15.62,16.62,15.6,15.78,15.59,0.19,1.2187,18405.23,29336.855
301357.SZ,20240514,37.14,37.57,36.7,37.51,36.65,0.86,2.3465,22651.66,84129.431
301358.SZ,20240514,38.65,39.05,38.35,38.64,38.2,0.44,1.1518,41013.71,158888.054
301359.SZ,20240514,19.31,21.46,19.31,19.97,19.3,0.67,3.4715,38996.87,78383.012
301360.SZ,20240514,44.01,44.97,43.0,44.31,42.59,1.72,4.0385,8432.15,37288.499
301361.SZ,20240514,20.19,21.26,19.83,20.43,20.64,-0.21,-1.0174,53176.37,108883.437
301362.SZ,20240514,37.02,37.42,37.02,37.35,37.23,0.12,0.3223,9135.0,34001.548
301363.SZ,20240514,24.98,25.78,24.74,25.46,24.78,0.68,2.7441,17634.59,44817.421
301365.SZ,20240514,11.22,11.51,11.18,11.49,11.2,0.29,2.5893,9041.12,10345.957
301366.SZ,20240514,29.0,29.83,28.8,29.78,28.99,0.79,2.7251,25957.44,76264.778
301367.SZ,20240514,86.68,88.55,86.36,87.23,86.68,0.55,0.6345,4440.07,38925.156
301368.SZ,20240514,47.89,48.6,45.71,45.89,44.65,1.24,2.7772,74655.17,351003.985
301369.SZ,20240514,39.58,40.6,39.5,39.83,39.13,0.7,1.7889,11705.5,46816.776
301370.SZ,20240514,13.72,13.72,13.51,13.57,13.5,0.07,0.5185,14488.89,19697.669
301371.SZ,20240514,36.34,37.48,36.34,36.76,36.73,0.03,0.0817,31304.13,115488.673
301372.SZ,20240514,28.91,29.45,28.91,29.23,28.97,0.26,0.8975,5808.88,16980.59
301373.SZ,20240514,25.33,26.14,25.33,25.77,25.64,0.13,0.507,4978.54,12883.489
301376.SZ,20240514,26.34,27.28,26.1,27.12,26.11,1.01,3.8682,55626.09,149128.604
301377.SZ,20240514,17.17,17.49,16.85,17.07,17.07,0.0,0.0,24138.01,41449.909
301378.SZ,20240514,31.37,32.24,31.37,32.02,31.2,0.82,2.6282,6085.08,19402.183
301379.SZ,20240514,24.14,24.52,24.14,24.27,24.19,0.08,0.3307,12985.0,31593.457
301380.SZ,20240514,34.9,38.33,34.3,35.65,34.61,1.04,3.0049,41171.36,148100.091
301381.SZ,20240514,26.81,28.65,26.55,28.34,26.85,1.49,5.5493,81834.73,226800.642
301382.SZ,20240514,26.5,26.88,26.11,26.6,26.14,0.46,1.7598,16915.08,44724.646
301383.SZ,20240514,40.06,44.42,39.45,39.92,38.39,1.53,3.9854,70792.49,290841.265
301386.SZ,20240514,23.25,25.0,23.01,24.93,23.85,1.08,4.5283,71218.14,171927.196
301387.SZ,20240514,38.23,39.2,37.68,38.1,37.78,0.32,0.847,14274.83,54674.652
301388.SZ,20240514,23.0,24.15,22.6,22.86,23.67,-0.81,-3.4221,45874.51,106399.459
301389.SZ,20240514,13.91,14.26,13.86,14.05,13.82,0.23,1.6643,20007.83,28069.707
301390.SZ,20240514,30.93,34.39,30.89,32.8,30.87,1.93,6.252,22094.16,72695.543
301391.SZ,20240514,77.93,78.65,76.3,76.89,77.09,-0.2,-0.2594,15221.79,117220.109
301393.SZ,20240514,49.88,51.97,49.85,50.12,51.49,-1.37,-2.6607,28518.54,143793.071
301395.SZ,20240514,17.25,17.48,17.1,17.26,17.25,0.01,0.058,15647.57,27006.462
301396.SZ,20240514,19.05,19.68,18.84,19.37,18.73,0.64,3.417,16606.96,31898.732
301397.SZ,20240514,33.95,34.1,33.44,33.55,33.47,0.08,0.239,5783.58,19501.794
301398.SZ,20240514,46.47,46.73,45.31,46.16,45.77,0.39,0.8521,16262.11,75134.36
301399.SZ,20240514,29.51,29.88,29.24,29.57,29.23,0.34,1.1632,4215.25,12461.626
301408.SZ,20240514,12.6,12.9,12.56,12.75,12.79,-0.04,-0.3127,41167.38,52409.566
301413.SZ,20240514,61.77,63.0,59.33,59.83,59.07,0.76,1.2866,7248.69,43860.364
301418.SZ,20240514,34.6,35.25,34.59,34.82,34.45,0.37,1.074,4324.66,15117.27
301419.SZ,20240514,26.18,26.5,25.9,26.15,25.8,0.35,1.3566,6546.66,17124.291
301421.SZ,20240514,40.18,41.4,40.1,40.18,39.62,0.56,1.4134,28056.43,114049.585
301428.SZ,20240514,25.2,25.73,25.11,25.48,25.04,0.44,1.7572,9986.29,25384.933
301429.SZ,20240514,15.54,15.81,15.4,15.59,15.5,0.09,0.5806,14577.0,22749.098
301439.SZ,20240514,14.41,14.75,14.25,14.3,14.65,-0.35,-2.3891,105221.48,151731.52
301446.SZ,20240514,23.6,25.0,23.55,24.64,23.47,1.17,4.9851,21885.0,53475.47
301448.SZ,20240514,27.55,29.84,27.2,28.78,27.96,0.82,2.9328,44783.26,127864.394
301456.SZ,20240514,24.59,25.0,24.56,24.65,24.43,0.22,0.9005,7602.07,18828.963
301459.SZ,20240514,39.4,40.77,39.4,40.19,39.79,0.4,1.0053,5606.03,22642.936
301468.SZ,20240514,23.9,24.09,23.71,23.96,23.69,0.27,1.1397,4445.49,10655.547
301469.SZ,20240514,25.99,26.14,25.38,25.73,25.12,0.61,2.4283,14989.32,38656.839
301486.SZ,20240514,52.3,52.76,49.6,52.08,50.6,1.48,2.9249,68500.1,352664.502
301487.SZ,20240514,30.2,30.43,29.72,29.95,29.91,0.04,0.1337,27228.74,81761.307
301488.SZ,20240514,55.66,57.2,55.57,56.24,55.6,0.64,1.1511,14329.2,80896.773
301489.SZ,20240514,66.56,71.5,66.21,66.4,63.08,3.32,5.2632,32201.71,218355.233
301498.SZ,20240514,57.54,60.87,57.0,60.3,57.34,2.96,5.1622,22610.64,134645.724
301499.SZ,20240514,23.0,23.19,22.67,22.74,22.56,0.18,0.7979,11582.21,26496.984
301500.SZ,20240514,21.53,22.32,21.27,22.06,21.46,0.6,2.7959,70006.96,152658.032
301502.SZ,20240514,35.69,37.1,35.5,36.65,35.37,1.28,3.6189,11743.1,42663.881
301503.SZ,20240514,28.4,28.87,28.15,28.62,28.03,0.59,2.1049,8305.0,23752.053
301505.SZ,20240514,31.67,32.56,31.17,31.23,32.51,-1.28,-3.9373,45557.2,144575.351
301507.SZ,20240514,13.19,13.45,13.17,13.3,13.17,0.13,0.9871,37669.65,50290.513
301508.SZ,20240514,41.13,41.7,40.52,41.06,41.67,-0.61,-1.4639,44967.57,184473.466
301509.SZ,20240514,38.67,39.66,38.05,38.29,39.12,-0.83,-2.1217,25526.08,98634.489
301510.SZ,20240514,32.3,32.8,31.83,31.97,31.34,0.63,2.0102,17939.84,57832.442
301511.SZ,20240514,21.62,21.89,20.98,20.98,21.06,-0.08,-0.3799,56559.21,120244.185
301512.SZ,20240514,40.85,42.71,40.85,41.91,40.43,1.48,3.6606,10322.19,43187.853
301515.SZ,20240514,21.52,21.86,21.4,21.53,21.44,0.09,0.4198,12241.93,26459.216
301516.SZ,20240514,23.91,24.48,23.4,23.5,24.17,-0.67,-2.772,115933.91,277196.368
301517.SZ,20240514,47.81,48.8,47.5,48.13,47.92,0.21,0.4382,14478.63,69670.84
301518.SZ,20240514,21.81,23.2,21.56,21.9,21.49,0.41,1.9079,37882.59,84444.889
301519.SZ,20240514,15.2,15.93,15.2,15.64,15.93,-0.29,-1.8205,37184.84,57915.065
301520.SZ,20240514,45.17,47.27,45.11,46.0,47.78,-1.78,-3.7254,24433.77,112360.072
301525.SZ,20240514,59.49,60.75,59.49,60.02,59.45,0.57,0.9588,3331.85,20053.983
301526.SZ,20240514,4.12,4.17,4.11,4.12,4.15,-0.03,-0.7229,232227.39,95792.86
301528.SZ,20240514,45.74,46.93,45.74,46.26,45.72,0.54,1.1811,4943.82,22891.559
301529.SZ,20240514,30.25,30.87,30.25,30.68,30.21,0.47,1.5558,4496.17,13786.126
301533.SZ,20240514,30.62,33.22,30.61,32.09,31.42,0.67,2.1324,66479.02,212560.405
301536.SZ,20240514,32.9,34.02,32.9,33.43,32.45,0.98,3.02,47393.57,158964.915
301538.SZ,20240514,135.66,156.2,135.66,153.26,134.85,18.41,13.6522,22811.14,329887.13
301539.SZ,20240514,23.96,24.8,23.82,24.67,23.74,0.93,3.9174,56795.15,138286.055
301548.SZ,20240514,49.44,50.69,49.01,50.11,49.0,1.11,2.2653,6383.0,31868.235
301550.SZ,20240514,36.3,39.27,36.15,37.78,35.16,2.62,7.4516,45651.41,173047.848
301555.SZ,20240514,34.1,35.35,33.38,35.35,33.69,1.66,4.9273,47330.9,163061.231
301558.SZ,20240514,9.88,10.4,9.76,10.39,9.88,0.51,5.1619,186357.31,189547.838
301559.SZ,20240514,16.01,16.31,15.95,16.13,15.99,0.14,0.8755,26010.64,41878.707
301566.SZ,20240514,16.06,16.29,15.93,16.06,15.8,0.26,1.6456,27835.61,44866.724
301567.SZ,20240514,39.39,40.58,39.39,40.14,39.26,0.88,2.2415,11263.35,45214.193
301568.SZ,20240514,30.98,33.38,30.96,31.85,30.77,1.08,3.5099,20882.1,66735.685
301577.SZ,20240514,46.09,47.99,46.04,47.21,45.93,1.28,2.7868,9469.1,44450.863
301578.SZ,20240514,47.89,49.0,47.89,48.76,47.38,1.38,2.9126,6698.65,32596.442
301587.SZ,20240514,28.5,29.05,28.4,28.87,28.34,0.53,1.8701,36304.49,104295.712
301588.SZ,20240514,23.6,26.2,23.6,25.32,23.59,1.73,7.3336,49464.85,123586.271
301589.SZ,20240514,409.38,413.66,396.0,399.0,409.4,-10.4,-2.5403,4805.45,192663.292
301591.SZ,20240514,37.93,39.53,37.88,38.92,37.63,1.29,3.4281,17525.12,67845.018
301596.SZ,20240514,73.0,94.8,72.1,83.8,69.41,14.39,20.7319,106434.38,840475.701
302132.SZ,20240514,41.62,42.08,40.99,41.78,42.1,-0.32,-0.7601,42429.07,177127.928
