ts_code,trade_date,open,high,low,close,pre_close,change,pct_chg,vol,amount
300001.SZ,20240304,20.19,20.55,19.96,20.2,20.44,-0.24,-1.1742,244894.25,493975.466
300002.SZ,20240304,10.9,11.08,10.69,10.95,10.93,0.02,0.183,1101385.13,1196915.813
300003.SZ,20240304,15.1,15.42,14.98,15.16,15.06,0.1,0.664,215522.08,326488.783
300004.SZ,20240304,4.73,4.8,4.57,4.64,4.72,-0.08,-1.6949,63039.0,29227.032
300005.SZ,20240304,5.13,5.21,4.96,5.12,5.14,-0.02,-0.3891,115260.5,58532.291
300006.SZ,20240304,2.78,2.88,2.77,2.84,2.78,0.06,2.1583,215777.63,60642.755
300007.SZ,20240304,16.47,16.9,16.23,16.78,16.47,0.31,1.8822,153744.09,255228.888
300008.SZ,20240304,3.74,3.81,3.69,3.76,3.74,0.02,0.5348,368090.94,138068.592
300009.SZ,20240304,9.87,10.03,9.83,9.93,9.91,0.02,0.2018,138953.41,137645.869
300010.SZ,20240304,2.27,2.3,2.16,2.2,2.28,-0.08,-3.5088,174784.0,38716.363
300011.SZ,20240304,6.09,6.2,5.95,6.14,6.04,0.1,1.6556,120060.0,72923.105
300012.SZ,20240304,13.27,13.41,13.03,13.16,13.14,0.02,0.1522,228595.33,301302.668
300013.SZ,20240304,2.76,3.32,2.72,3.32,2.77,0.55,19.8556,649114.95,202197.926
300014.SZ,20240304,39.41,40.49,38.81,38.93,39.4,-0.47,-1.1929,274926.73,1085879.827
300015.SZ,20240304,14.35,14.87,14.33,14.48,14.45,0.03,0.2076,765981.25,1113742.18
300016.SZ,20240304,4.94,5.12,4.93,5.05,4.98,0.07,1.4056,115569.0,58005.425
300017.SZ,20240304,11.3,11.54,10.51,10.77,10.48,0.29,2.7672,2734856.34,3002231.527
300018.SZ,20240304,5.01,5.06,4.86,4.96,4.98,-0.02,-0.4016,79942.0,39463.413
300019.SZ,20240304,14.02,14.04,13.69,13.84,14.03,-0.19,-1.3542,32590.3,45111.691
300020.SZ,20240304,6.96,6.97,6.69,6.88,6.93,-0.05,-0.7215,370440.22,252700.861
300021.SZ,20240304,3.99,4.01,3.91,4.0,3.99,0.01,0.2506,66305.0,26343.845
300022.SZ,20240304,4.2,4.46,4.07,4.37,4.02,0.35,8.7065,309302.48,132821.365
300024.SZ,20240304,12.16,12.25,11.9,12.16,12.14,0.02,0.1647,527560.83,637793.578
300025.SZ,20240304,8.49,8.55,8.21,8.43,8.37,0.06,0.7168,81600.09,68473.662
300026.SZ,20240304,3.97,4.04,3.94,4.0,3.96,0.04,1.0101,472084.1,188157.978
300027.SZ,20240304,2.37,2.51,2.32,2.41,2.39,0.02,0.8368,1381012.08,333632.191
300029.SZ,20240304,4.94,5.0,4.78,4.9,4.97,-0.07,-1.4085,20740.0,10121.932
300030.SZ,20240304,5.11,5.22,4.99,5.09,5.13,-0.04,-0.7797,111585.01,56788.466
300031.SZ,20240304,15.89,15.95,15.32,15.82,15.9,-0.08,-0.5031,218769.48,342489.059
300032.SZ,20240304,4.55,4.6,4.35,4.44,4.52,-0.08,-1.7699,234198.0,104114.378
300033.SZ,20240304,142.0,147.9,141.4,143.46,141.26,2.2,1.5574,113648.37,1635294.979
300034.SZ,20240304,16.56,16.56,16.04,16.3,16.58,-0.28,-1.6888,123514.18,200326.079
300035.SZ,20240304,9.02,9.13,8.86,8.98,9.01,-0.03,-0.333,83683.58,75121.304
300036.SZ,20240304,17.06,17.98,16.65,17.9,17.09,0.81,4.7396,232483.13,402102.343
300037.SZ,20240304,40.0,41.3,39.09,40.82,39.39,1.43,3.6304,215266.96,867087.924
300039.SZ,20240304,6.33,6.52,6.32,6.46,6.33,0.13,2.0537,290995.58,187088.753
300040.SZ,20240304,4.43,4.47,4.31,4.35,4.43,-0.08,-1.8059,81119.6,35400.181
300041.SZ,20240304,8.81,8.92,8.71,8.91,8.83,0.08,0.906,67684.0,59845.34
300042.SZ,20240304,35.8,36.97,35.0,35.77,34.91,0.86,2.4635,128159.74,461469.834
300043.SZ,20240304,3.05,3.06,2.89,3.01,3.03,-0.02,-0.6601,448250.02,133128.366
300044.SZ,20240304,5.3,5.74,5.14,5.73,5.31,0.42,7.9096,1133437.61,616625.602
300045.SZ,20240304,22.97,24.0,22.52,23.85,22.95,0.9,3.9216,1007296.57,2370930.734
300046.SZ,20240304,12.65,12.75,12.27,12.52,12.65,-0.13,-1.0277,60118.5,75286.344
300047.SZ,20240304,7.98,8.37,7.75,8.21,7.87,0.34,4.3202,635644.0,515352.239
300048.SZ,20240304,4.86,4.91,4.8,4.84,4.85,-0.01,-0.2062,60648.45,29367.832
300049.SZ,20240304,44.26,46.44,44.26,46.13,44.55,1.58,3.5466,58043.55,265442.186
300050.SZ,20240304,3.47,3.57,3.4,3.49,3.47,0.02,0.5764,265123.04,92358.965
300051.SZ,20240304,9.39,9.56,9.17,9.37,9.41,-0.04,-0.4251,31587.01,29478.19
300052.SZ,20240304,16.02,16.52,15.6,16.44,16.21,0.23,1.4189,156447.98,252298.171
300053.SZ,20240304,11.06,11.64,10.96,11.41,11.06,0.35,3.1646,461917.46,523052.656
300054.SZ,20240304,21.06,21.7,20.72,21.42,20.99,0.43,2.0486,105578.24,224611.722
300055.SZ,20240304,5.0,5.05,4.86,4.94,5.0,-0.06,-1.2,48875.91,24160.565
300056.SZ,20240304,9.15,9.33,8.8,8.85,9.09,-0.24,-2.6403,167569.09,150170.551
300057.SZ,20240304,4.85,4.87,4.66,4.74,4.83,-0.09,-1.8634,102738.73,48734.435
300058.SZ,20240304,7.5,7.63,7.3,7.62,7.51,0.11,1.4647,1332094.43,998876.276
300059.SZ,20240304,13.95,13.97,13.75,13.83,14.0,-0.17,-1.2143,1943817.03,2690056.343
300061.SZ,20240304,4.53,4.56,4.3,4.41,4.53,-0.12,-2.649,214799.55,94461.987
300062.SZ,20240304,4.87,4.95,4.7,4.8,4.92,-0.12,-2.439,184430.94,88420.886
300063.SZ,20240304,5.26,5.26,5.02,5.19,5.27,-0.08,-1.518,629986.43,324573.294
300065.SZ,20240304,7.89,7.96,7.63,7.82,7.88,-0.06,-0.7614,189370.59,147470.982
300066.SZ,20240304,3.94,3.98,3.84,3.91,3.93,-0.02,-0.5089,145834.71,56907.132
300067.SZ,20240304,3.58,4.26,3.55,4.08,3.58,0.5,13.9665,2075718.96,816406.974
300068.SZ,20240304,12.01,12.38,11.97,12.11,12.2,-0.09,-0.7377,262725.83,318209.047
300069.SZ,20240304,10.66,10.95,10.01,10.33,10.67,-0.34,-3.1865,30164.0,31251.617
300070.SZ,20240304,5.12,5.15,5.03,5.07,5.12,-0.05,-0.9766,280582.17,142203.646
300071.SZ,20240304,3.04,3.05,2.81,2.96,3.0,-0.04,-1.3333,284770.0,82896.827
300072.SZ,20240304,2.67,2.7,2.57,2.59,2.69,-0.1,-3.7175,370396.0,96535.882
300073.SZ,20240304,34.67,34.99,33.9,34.2,34.88,-0.68,-1.9495,121532.01,416277.22
300074.SZ,20240304,3.63,3.67,3.5,3.61,3.63,-0.02,-0.551,178929.0,64289.409
300075.SZ,20240304,15.3,15.31,14.75,15.05,15.17,-0.12,-0.791,210485.01,315971.7
300076.SZ,20240304,4.22,4.23,4.03,4.16,4.21,-0.05,-1.1876,263673.75,108905.962
300077.SZ,20240304,10.27,10.35,9.96,10.23,10.25,-0.02,-0.1951,162540.1,165255.48
300078.SZ,20240304,3.4,3.4,3.28,3.34,3.4,-0.06,-1.7647,257658.66,85660.405
300079.SZ,20240304,5.2,5.24,5.05,5.15,5.14,0.01,0.1946,337538.56,173169.807
300080.SZ,20240304,4.39,4.45,4.28,4.34,4.38,-0.04,-0.9132,66860.0,28967.262
300081.SZ,20240304,7.86,8.38,7.57,8.38,7.86,0.52,6.6158,672774.03,539884.119
300082.SZ,20240304,5.14,5.21,4.97,5.04,5.11,-0.07,-1.3699,46895.27,23647.964
300083.SZ,20240304,5.35,5.35,5.16,5.28,5.32,-0.04,-0.7519,397411.38,208500.759
300084.SZ,20240304,5.83,5.93,5.7,5.91,5.88,0.03,0.5102,68073.0,39718.963
300085.SZ,20240304,11.45,11.66,11.1,11.51,11.49,0.02,0.1741,188487.94,214081.337
300086.SZ,20240304,5.03,5.41,4.98,5.29,5.04,0.25,4.9603,385356.49,203459.391
300087.SZ,20240304,8.35,8.66,8.25,8.36,8.42,-0.06,-0.7126,221980.74,187182.959
300088.SZ,20240304,5.55,5.62,5.37,5.47,5.5,-0.03,-0.5455,529789.37,289902.448
300091.SZ,20240304,2.14,2.16,2.04,2.1,2.18,-0.08,-3.6697,405351.0,84915.25
300092.SZ,20240304,11.68,11.73,11.3,11.55,11.84,-0.29,-2.4493,99053.09,113948.966
300093.SZ,20240304,21.75,22.58,21.43,21.52,22.2,-0.68,-3.0631,276089.12,602839.113
300094.SZ,20240304,3.68,3.71,3.54,3.61,3.68,-0.07,-1.9022,496739.61,179400.874
300095.SZ,20240304,6.7,6.72,6.46,6.6,6.68,-0.08,-1.1976,44761.0,29355.043
300096.SZ,20240304,4.23,4.26,4.05,4.14,4.23,-0.09,-2.1277,219250.5,90942.329
300097.SZ,20240304,8.1,8.16,7.61,7.89,8.09,-0.2,-2.4722,317101.22,248924.872
300098.SZ,20240304,3.6,3.65,3.54,3.64,3.58,0.06,1.676,431881.3,155845.408
300099.SZ,20240304,5.12,5.17,4.95,5.05,5.15,-0.1,-1.9417,131449.27,66132.221
300100.SZ,20240304,8.55,8.62,8.13,8.35,8.41,-0.06,-0.7134,99721.03,83424.686
300101.SZ,20240304,16.9,16.99,16.36,16.72,16.81,-0.09,-0.5354,143037.44,239086.819
300102.SZ,20240304,6.58,6.66,6.42,6.62,6.59,0.03,0.4552,136847.12,90038.295
300103.SZ,20240304,4.21,4.37,3.98,4.1,4.2,-0.1,-2.381,72638.0,29829.57
300105.SZ,20240304,5.85,5.9,5.63,5.74,5.8,-0.06,-1.0345,116933.01,67251.14
300106.SZ,20240304,6.77,7.15,6.7,6.98,6.76,0.22,3.2544,128600.1,88633.167
300107.SZ,20240304,4.08,4.08,3.93,4.04,4.03,0.01,0.2481,47954.04,19163.229
300108.SZ,20240304,2.61,2.61,2.52,2.54,2.62,-0.08,-3.0534,133971.0,34186.081
300109.SZ,20240304,18.5,20.53,18.12,19.57,17.19,2.38,13.8453,235793.09,451241.003
300110.SZ,20240304,3.61,3.68,3.59,3.65,3.61,0.04,1.108,128317.7,46569.225
300111.SZ,20240304,2.5,2.52,2.44,2.48,2.49,-0.01,-0.4016,125622.4,31141.115
300112.SZ,20240304,8.86,8.9,8.38,8.69,8.8,-0.11,-1.25,143486.88,123653.114
300113.SZ,20240304,12.98,13.13,12.48,13.06,12.78,0.28,2.1909,227682.87,292686.389
300115.SZ,20240304,10.4,10.48,9.89,10.15,10.14,0.01,0.0986,355640.92,360280.364
300117.SZ,20240304,1.78,1.79,1.63,1.7,1.76,-0.06,-3.4091,421139.87,71637.038
300118.SZ,20240304,16.16,16.47,16.04,16.19,16.23,-0.04,-0.2465,264098.63,428139.212
300119.SZ,20240304,14.48,14.7,14.4,14.53,14.59,-0.06,-0.4112,29333.03,42549.497
300120.SZ,20240304,5.06,5.17,4.92,5.08,5.05,0.03,0.5941,103504.55,52217.367
300121.SZ,20240304,8.05,8.08,7.92,8.01,8.06,-0.05,-0.6203,29144.01,23308.947
300122.SZ,20240304,52.52,54.9,52.5,54.43,53.02,1.41,2.6594,158012.61,854356.655
300123.SZ,20240304,5.98,6.06,5.81,5.96,6.0,-0.04,-0.6667,308469.62,182624.195
300124.SZ,20240304,63.63,65.45,63.55,64.85,63.85,1.0,1.5662,144539.63,934205.912
300125.SZ,20240304,8.4,8.51,8.16,8.42,8.41,0.01,0.1189,123969.0,103459.818
300126.SZ,20240304,5.09,5.19,4.9,5.07,5.09,-0.02,-0.3929,60561.68,30636.447
300127.SZ,20240304,14.6,14.7,14.21,14.59,14.61,-0.02,-0.1369,37630.0,54535.917
300128.SZ,20240304,4.29,4.52,4.16,4.39,4.32,0.07,1.6204,374660.46,161705.278
300129.SZ,20240304,7.88,7.93,7.66,7.76,7.87,-0.11,-1.3977,283478.53,220619.436
300130.SZ,20240304,23.58,24.42,23.29,24.2,23.24,0.96,4.1308,215699.02,516050.999
300131.SZ,20240304,4.97,4.98,4.83,4.94,4.96,-0.02,-0.4032,385108.52,189099.164
300132.SZ,20240304,3.82,3.84,3.72,3.79,3.81,-0.02,-0.5249,94388.53,35738.11
300133.SZ,20240304,5.69,5.9,5.53,5.87,5.58,0.29,5.1971,1341017.06,768041.419
300134.SZ,20240304,8.9,9.0,8.68,8.98,8.8,0.18,2.0455,173829.85,153918.143
300135.SZ,20240304,2.45,2.46,2.32,2.4,2.44,-0.04,-1.6393,378939.0,90310.83
300136.SZ,20240304,20.92,20.92,20.1,20.58,20.44,0.14,0.6849,343077.51,702400.447
300137.SZ,20240304,5.05,5.11,4.91,5.07,4.99,0.08,1.6032,110087.05,55369.137
300138.SZ,20240304,11.64,11.79,11.55,11.64,11.72,-0.08,-0.6826,57239.05,66594.509
300139.SZ,20240304,8.27,8.6,8.13,8.46,8.03,0.43,5.3549,197762.72,165858.239
300140.SZ,20240304,6.95,7.03,6.91,6.97,6.98,-0.01,-0.1433,56024.55,38972.079
300141.SZ,20240304,8.77,8.77,7.88,8.09,8.53,-0.44,-5.1583,277739.08,228198.096
300142.SZ,20240304,18.43,18.97,18.34,18.65,18.52,0.13,0.7019,196498.09,366222.079
300143.SZ,20240304,8.44,8.59,8.3,8.55,8.46,0.09,1.0638,76203.82,64535.514
300144.SZ,20240304,10.97,11.07,10.81,10.94,10.98,-0.04,-0.3643,215105.01,235368.47
300145.SZ,20240304,2.73,2.84,2.71,2.82,2.72,0.1,3.6765,544569.17,151643.808
300146.SZ,20240304,16.7,16.84,16.61,16.74,16.78,-0.04,-0.2384,95907.63,160196.407
300147.SZ,20240304,3.87,3.96,3.83,3.93,3.84,0.09,2.3438,183246.88,71372.333
300148.SZ,20240304,3.25,3.27,3.12,3.24,3.25,-0.01,-0.3077,360422.52,115572.978
300149.SZ,20240304,5.4,5.61,5.36,5.53,5.4,0.13,2.4074,122274.3,67038.115
300150.SZ,20240304,3.35,3.4,3.2,3.32,3.34,-0.02,-0.5988,134197.0,44255.395
300151.SZ,20240304,15.1,15.15,14.6,14.86,15.1,-0.24,-1.5894,41827.66,61969.325
300152.SZ,20240304,3.0,3.54,3.0,3.32,3.55,-0.23,-6.4789,2032830.06,645215.516
300153.SZ,20240304,6.24,6.32,5.98,6.18,6.26,-0.08,-1.278,78163.0,47867.994
300154.SZ,20240304,5.76,5.87,5.56,5.86,5.77,0.09,1.5598,87116.0,49952.813
300155.SZ,20240304,3.94,3.98,3.76,3.88,3.94,-0.06,-1.5228,98849.17,38131.477
300157.SZ,20240304,3.24,3.42,3.04,3.19,3.36,-0.17,-5.0595,586848.71,187772.485
300158.SZ,20240304,5.08,5.21,5.02,5.18,5.07,0.11,2.1696,291735.73,149917.924
300159.SZ,20240304,2.06,2.09,2.01,2.03,2.04,-0.01,-0.4902,237602.0,48559.015
300160.SZ,20240304,4.91,4.96,4.82,4.89,4.94,-0.05,-1.0121,73014.0,35668.752
300161.SZ,20240304,34.0,35.46,33.5,34.95,35.57,-0.62,-1.743,203911.29,704642.438
300162.SZ,20240304,5.65,5.76,5.35,5.6,5.57,0.03,0.5386,158669.87,88052.143
300163.SZ,20240304,2.65,2.67,2.57,2.63,2.66,-0.03,-1.1278,127956.03,33384.093
300164.SZ,20240304,3.97,4.01,3.88,3.96,3.95,0.01,0.2532,219917.0,86600.768
300165.SZ,20240304,4.8,4.9,4.51,4.64,4.94,-0.3,-6.0729,494907.12,230713.21
300166.SZ,20240304,8.83,8.85,8.48,8.82,8.72,0.1,1.1468,508098.1,443502.609
300167.SZ,20240304,2.35,2.35,2.2,2.29,2.35,-0.06,-2.5532,119463.75,27178.909
300168.SZ,20240304,7.03,7.08,6.72,6.88,7.0,-0.12,-1.7143,203328.6,139479.245
300169.SZ,20240304,6.2,6.3,5.95,6.08,6.33,-0.25,-3.9494,313312.98,191772.74
300170.SZ,20240304,7.1,7.15,6.86,7.05,7.11,-0.06,-0.8439,287089.96,200974.382
300171.SZ,20240304,15.9,16.2,15.6,15.7,15.89,-0.19,-1.1957,85102.7,134212.425
300172.SZ,20240304,4.84,4.92,4.68,4.79,4.86,-0.07,-1.4403,254888.42,121808.421
300173.SZ,20240304,4.17,4.23,4.06,4.19,4.15,0.04,0.9639,288693.0,120239.994
300174.SZ,20240304,14.13,14.16,13.63,13.8,14.05,-0.25,-1.7794,32754.8,45278.323
300175.SZ,20240304,6.54,6.82,6.41,6.69,6.7,-0.01,-0.1493,178983.0,118743.473
300176.SZ,20240304,4.87,4.94,4.73,4.87,4.88,-0.01,-0.2049,75207.8,36396.039
300177.SZ,20240304,5.27,5.28,5.02,5.15,5.24,-0.09,-1.7176,174973.04,89587.528
300179.SZ,20240304,7.17,7.18,6.95,7.09,7.14,-0.05,-0.7003,66092.09,46595.095
300180.SZ,20240304,3.53,3.56,3.4,3.45,3.48,-0.03,-0.8621,350124.8,120827.314
300181.SZ,20240304,11.08,11.38,11.01,11.26,11.1,0.16,1.4414,168821.04,189476.666
300182.SZ,20240304,5.14,5.15,4.93,5.09,5.09,0.0,0.0,1347853.77,680530.204
300183.SZ,20240304,12.61,12.69,12.21,12.49,12.58,-0.09,-0.7154,58120.42,72243.593
300184.SZ,20240304,4.95,4.95,4.78,4.95,4.9,0.05,1.0204,617535.34,302474.06
300185.SZ,20240304,2.36,2.37,2.32,2.34,2.35,-0.01,-0.4255,266218.5,62147.147
300187.SZ,20240304,4.53,4.6,4.44,4.52,4.56,-0.04,-0.8772,39522.0,17778.573
300188.SZ,20240304,15.91,16.63,15.61,16.32,15.91,0.41,2.577,422012.73,681048.162
300189.SZ,20240304,3.07,3.17,2.99,3.05,3.09,-0.04,-1.2945,390945.43,120268.723
300190.SZ,20240304,3.3,3.35,3.25,3.3,3.31,-0.01,-0.3021,55551.44,18326.054
300191.SZ,20240304,13.02,13.12,12.38,12.63,13.02,-0.39,-2.9954,77811.0,98385.751
300192.SZ,20240304,9.78,10.69,9.77,10.55,9.85,0.7,7.1066,326151.29,337960.726
300193.SZ,20240304,7.09,7.15,6.97,7.07,7.09,-0.02,-0.2821,48834.0,34468.743
300194.SZ,20240304,3.66,3.74,3.65,3.7,3.67,0.03,0.8174,238614.96,88061.4
300195.SZ,20240304,5.16,5.2,5.0,5.15,5.18,-0.03,-0.5792,101013.0,51546.21
300196.SZ,20240304,9.44,9.49,9.21,9.39,9.36,0.03,0.3205,24125.0,22524.278
300197.SZ,20240304,2.06,2.08,2.01,2.02,2.08,-0.06,-2.8846,472069.39,95880.509
300198.SZ,20240304,1.99,2.0,1.91,1.97,1.98,-0.01,-0.5051,292250.13,57241.237
300199.SZ,20240304,14.05,14.72,13.63,14.2,13.78,0.42,3.0479,877321.84,1246119.874
300200.SZ,20240304,6.59,6.62,6.38,6.52,6.6,-0.08,-1.2121,76095.6,49421.837
300201.SZ,20240304,4.55,4.63,4.48,4.6,4.55,0.05,1.0989,226928.46,103524.758
300203.SZ,20240304,14.11,14.38,13.46,13.82,14.15,-0.33,-2.3322,145995.0,202233.63
300204.SZ,20240304,7.24,7.43,7.12,7.29,7.21,0.08,1.1096,84705.0,61438.974
300205.SZ,20240304,5.89,5.95,5.36,5.65,5.97,-0.32,-5.3601,154325.13,86950.948
300206.SZ,20240304,9.73,9.79,9.36,9.6,10.01,-0.41,-4.0959,177190.37,169010.716
300207.SZ,20240304,14.37,14.53,14.11,14.19,14.36,-0.17,-1.1838,274640.16,391536.524
300208.SZ,20240304,4.42,4.49,4.09,4.29,4.48,-0.19,-4.2411,307310.7,130986.153
300209.SZ,20240304,3.1,3.21,3.07,3.13,3.13,0.0,0.0,228857.27,72113.273
300210.SZ,20240304,11.73,13.93,11.45,13.93,11.61,2.32,19.9828,1299952.75,1673005.108
300211.SZ,20240304,7.07,7.16,6.76,7.04,7.08,-0.04,-0.565,62649.66,43742.703
300212.SZ,20240304,27.6,27.64,26.08,26.79,26.99,-0.2,-0.741,308723.54,826011.91
300213.SZ,20240304,6.46,7.29,6.45,6.63,6.31,0.32,5.0713,576602.48,391872.915
300214.SZ,20240304,5.26,5.32,5.18,5.24,5.27,-0.03,-0.5693,22851.0,11918.962
300215.SZ,20240304,4.1,4.18,3.99,4.06,4.09,-0.03,-0.7335,57784.0,23451.874
300217.SZ,20240304,4.71,5.04,4.58,4.92,4.69,0.23,4.9041,456921.32,220217.29
300218.SZ,20240304,11.5,12.4,11.43,12.02,11.44,0.58,5.0699,59363.55,70275.48
300219.SZ,20240304,6.82,6.86,6.6,6.72,6.74,-0.02,-0.2967,95352.31,64046.955
300220.SZ,20240304,6.82,6.82,6.56,6.7,6.74,-0.04,-0.5935,11783.2,7824.722
300221.SZ,20240304,4.45,4.49,4.35,4.47,4.45,0.02,0.4494,105595.0,46747.045
300222.SZ,20240304,6.36,6.36,6.04,6.17,6.28,-0.11,-1.7516,195781.73,120423.945
300223.SZ,20240304,67.9,68.98,66.05,67.59,68.15,-0.56,-0.8217,209301.69,1410126.627
300224.SZ,20240304,10.61,10.68,10.36,10.51,10.59,-0.08,-0.7554,74610.17,78256.059
300225.SZ,20240304,6.16,6.17,5.88,6.02,6.09,-0.07,-1.1494,127473.0,76565.478
300226.SZ,20240304,23.35,23.65,22.77,23.5,23.43,0.07,0.2988,113803.68,264295.357
300227.SZ,20240304,6.39,6.4,6.2,6.37,6.4,-0.03,-0.4688,97273.65,61481.264
300228.SZ,20240304,7.68,7.77,7.42,7.68,7.9,-0.22,-2.7848,422824.0,321691.408
300229.SZ,20240304,16.16,16.81,15.88,16.8,16.04,0.76,4.7382,778865.55,1274939.062
300230.SZ,20240304,3.69,3.69,3.58,3.63,3.67,-0.04,-1.0899,70216.0,25422.934
300231.SZ,20240304,9.18,9.23,8.85,9.19,9.05,0.14,1.547,208292.74,189482.108
300232.SZ,20240304,6.76,6.76,6.54,6.71,6.72,-0.01,-0.1488,323552.12,215368.492
300233.SZ,20240304,15.35,15.98,15.31,15.95,15.31,0.64,4.1803,88801.56,139055.185
300234.SZ,20240304,4.09,4.11,3.9,4.01,4.11,-0.1,-2.4331,93967.81,37479.534
300235.SZ,20240304,9.9,9.97,9.45,9.71,9.9,-0.19,-1.9192,132481.0,128270.18
300236.SZ,20240304,34.63,36.38,34.37,35.89,34.93,0.96,2.7484,96187.81,341878.151
300237.SZ,20240304,1.55,1.56,1.48,1.53,1.57,-0.04,-2.5478,348466.3,53055.931
300238.SZ,20240304,10.28,11.07,10.26,10.7,10.3,0.4,3.8835,98504.04,105242.976
300239.SZ,20240304,5.36,5.49,5.31,5.33,5.5,-0.17,-3.0909,272398.0,146030.419
300240.SZ,20240304,5.38,5.88,5.16,5.66,5.39,0.27,5.0093,143029.11,79606.887
300241.SZ,20240304,4.04,4.06,3.9,3.99,4.06,-0.07,-1.7241,216493.25,86210.235
300242.SZ,20240304,2.84,2.88,2.71,2.83,2.87,-0.04,-1.3937,373908.0,104430.281
300243.SZ,20240304,6.96,7.0,6.74,6.82,6.94,-0.12,-1.7291,50464.2,34459.21
300244.SZ,20240304,19.25,20.16,19.21,20.0,19.25,0.75,3.8961,119341.12,234507.849
300245.SZ,20240304,6.44,6.51,6.15,6.36,6.39,-0.03,-0.4695,119135.5,75353.596
300246.SZ,20240304,7.2,7.34,7.0,7.13,7.21,-0.08,-1.1096,64657.37,46091.37
300247.SZ,20240304,2.89,2.91,2.8,2.85,2.89,-0.04,-1.3841,101998.04,29009.914
300248.SZ,20240304,7.9,7.96,7.58,7.87,7.89,-0.02,-0.2535,83633.71,64973.289
300249.SZ,20240304,8.28,8.48,8.0,8.09,7.99,0.1,1.2516,421749.32,346857.718
300250.SZ,20240304,15.81,15.99,15.15,15.58,15.48,0.1,0.646,160478.2,249567.242
300251.SZ,20240304,9.61,10.04,9.53,9.93,9.45,0.48,5.0794,627592.74,616354.917
300252.SZ,20240304,7.42,7.71,7.2,7.57,7.42,0.15,2.0216,265825.55,199621.075
300253.SZ,20240304,7.18,7.2,6.96,7.06,7.15,-0.09,-1.2587,407266.54,286919.509
300254.SZ,20240304,7.52,7.91,7.43,7.91,7.48,0.43,5.7487,81903.0,63374.288
300255.SZ,20240304,12.4,13.42,12.2,13.08,12.38,0.7,5.6543,868197.28,1120361.253
300256.SZ,20240304,2.37,2.42,2.27,2.34,2.37,-0.03,-1.2658,325182.24,75785.774
300257.SZ,20240304,14.4,14.42,13.98,14.24,14.41,-0.17,-1.1797,64457.0,90983.638
300258.SZ,20240304,10.3,10.34,10.07,10.27,10.34,-0.07,-0.677,89087.87,90917.418
300259.SZ,20240304,3.18,3.21,3.13,3.17,3.19,-0.02,-0.627,87093.66,27566.686
300260.SZ,20240304,27.55,28.2,26.8,28.0,28.57,-0.57,-1.9951,234483.11,643094.55
300261.SZ,20240304,6.06,6.32,5.99,6.13,6.05,0.08,1.3223,181002.22,111242.803
300263.SZ,20240304,6.15,6.24,6.07,6.16,6.18,-0.02,-0.3236,93454.0,57261.745
300264.SZ,20240304,6.41,6.56,6.18,6.51,6.4,0.11,1.7188,420672.07,268674.361
300265.SZ,20240304,6.77,6.84,6.59,6.73,6.73,0.0,0.0,112286.23,75370.1
300266.SZ,20240304,2.01,2.03,1.94,1.98,2.02,-0.04,-1.9802,170301.69,33627.021
300267.SZ,20240304,2.61,2.66,2.59,2.63,2.62,0.01,0.3817,193648.66,50730.031
300268.SZ,20240304,10.28,10.83,10.05,10.57,10.09,0.48,4.7572,14847.0,15640.722
300269.SZ,20240304,4.93,5.3,4.88,5.2,4.93,0.27,5.4767,809348.34,410928.272
300270.SZ,20240304,6.64,6.79,6.46,6.74,6.63,0.11,1.6591,217881.61,144702.879
300271.SZ,20240304,6.6,6.62,6.36,6.57,6.6,-0.03,-0.4545,160056.8,103980.98
300272.SZ,20240304,4.7,4.78,4.59,4.73,4.67,0.06,1.2848,182562.62,85658.349
300274.SZ,20240304,86.99,90.5,86.88,89.48,87.57,1.91,2.1811,261980.51,2333416.165
300275.SZ,20240304,9.32,9.36,9.07,9.24,9.27,-0.03,-0.3236,39485.8,36416.983
300276.SZ,20240304,4.42,4.44,4.23,4.39,4.45,-0.06,-1.3483,769350.51,333935.172
300277.SZ,20240304,7.0,7.08,6.82,7.08,7.02,0.06,0.8547,72197.0,50338.655
300278.SZ,20240304,3.5,3.51,3.34,3.43,3.53,-0.1,-2.8329,310938.36,106514.635
300279.SZ,20240304,4.96,4.96,4.73,4.93,4.92,0.01,0.2033,116853.0,56888.626
300280.SZ,20240304,41.3,42.13,39.0,41.3,42.2,-0.9,-2.1327,163206.54,662593.134
300281.SZ,20240304,4.2,4.24,4.05,4.15,4.21,-0.06,-1.4252,115786.24,47920.189
300283.SZ,20240304,4.81,5.4,4.62,5.05,4.79,0.26,5.428,217568.59,107689.779
300284.SZ,20240304,4.92,4.94,4.78,4.87,4.95,-0.08,-1.6162,108198.04,52466.961
300285.SZ,20240304,19.98,20.14,19.72,19.87,20.16,-0.29,-1.4385,71906.2,143040.826
300286.SZ,20240304,21.38,21.59,20.52,21.03,21.33,-0.3,-1.4065,54503.73,114132.93
300287.SZ,20240304,3.2,3.26,3.12,3.24,3.2,0.04,1.25,393509.79,126143.649
300288.SZ,20240304,14.11,14.69,13.83,14.52,13.75,0.77,5.6,257645.0,368634.704
300289.SZ,20240304,4.62,4.74,4.56,4.67,4.61,0.06,1.3015,93322.04,43547.523
300290.SZ,20240304,6.33,7.43,6.33,7.43,6.19,1.24,20.0323,1409442.81,985203.987
300291.SZ,20240304,6.13,6.35,5.68,6.33,5.97,0.36,6.0302,1085234.24,654385.99
300292.SZ,20240304,3.18,3.26,3.11,3.25,3.16,0.09,2.8481,412783.5,132126.997
300293.SZ,20240304,16.06,16.81,15.56,16.35,17.1,-0.75,-4.386,552739.41,895899.622
300294.SZ,20240304,29.1,29.41,28.66,29.04,28.93,0.11,0.3802,57455.0,166094.248
300295.SZ,20240304,9.65,9.77,9.18,9.57,9.69,-0.12,-1.2384,95900.0,90952.431
300296.SZ,20240304,5.44,5.45,5.3,5.38,5.42,-0.04,-0.738,232672.5,124956.271
300298.SZ,20240304,22.98,23.44,22.85,23.3,22.9,0.4,1.7467,51431.46,119414.382
300299.SZ,20240304,4.96,5.02,4.77,5.01,4.94,0.07,1.417,254404.97,124661.418
300300.SZ,20240304,3.03,3.04,2.9,3.01,3.02,-0.01,-0.3311,187157.56,55717.521
300301.SZ,20240304,1.46,1.46,1.36,1.37,1.47,-0.1,-6.8027,165576.0,23124.854
300302.SZ,20240304,10.75,10.8,10.27,10.61,10.54,0.07,0.6641,250070.44,264174.572
300303.SZ,20240304,5.14,5.16,5.0,5.13,5.11,0.02,0.3914,454691.48,231280.209
300304.SZ,20240304,5.93,5.98,5.79,5.87,5.96,-0.09,-1.5101,137800.0,80695.624
300305.SZ,20240304,6.95,6.97,6.63,6.82,6.92,-0.1,-1.4451,37749.0,25607.339
300306.SZ,20240304,9.96,10.1,9.7,10.0,9.94,0.06,0.6036,41051.0,40792.909
300307.SZ,20240304,5.49,5.52,5.29,5.41,5.45,-0.04,-0.7339,122892.04,66284.808
300308.SZ,20240304,166.11,170.66,160.11,165.66,161.1,4.56,2.8305,405034.56,6720413.345
300310.SZ,20240304,3.91,4.02,3.82,4.0,3.91,0.09,2.3018,308268.36,121181.341
300311.SZ,20240304,5.13,5.42,4.98,5.27,5.21,0.06,1.1516,263273.1,136620.18
300313.SZ,20240304,8.87,9.07,8.71,8.97,8.87,0.1,1.1274,66782.77,59437.451
300314.SZ,20240304,11.65,12.49,11.6,12.44,11.65,0.79,6.7811,88401.02,106886.278
300315.SZ,20240304,5.46,5.89,5.26,5.79,5.46,0.33,6.044,3634319.33,2018464.133
300316.SZ,20240304,36.9,37.87,36.71,37.03,36.92,0.11,0.2979,144445.03,536708.103
300317.SZ,20240304,4.04,4.08,3.9,3.98,4.04,-0.06,-1.4851,127998.35,50865.612
300318.SZ,20240304,4.6,4.79,4.56,4.77,4.63,0.14,3.0238,103889.22,48875.27
300319.SZ,20240304,8.38,8.52,8.26,8.45,8.27,0.18,2.1765,270033.37,227115.232
300320.SZ,20240304,6.13,6.22,6.02,6.07,6.13,-0.06,-0.9788,62307.0,38026.382
300321.SZ,20240304,14.18,14.28,13.88,14.11,14.18,-0.07,-0.4937,8686.01,12204.374
300322.SZ,20240304,9.17,10.01,9.17,10.01,9.19,0.82,8.9227,754826.84,731429.219
300323.SZ,20240304,5.51,5.65,5.32,5.4,5.56,-0.16,-2.8777,178170.03,96423.802
300324.SZ,20240304,2.74,2.92,2.71,2.84,2.74,0.1,3.6496,907367.54,255237.671
300326.SZ,20240304,5.24,5.3,5.14,5.2,5.26,-0.06,-1.1407,76322.0,39754.227
300327.SZ,20240304,19.62,19.69,19.12,19.46,19.57,-0.11,-0.5621,74190.5,143759.218
300328.SZ,20240304,5.25,5.33,5.07,5.19,5.26,-0.07,-1.3308,114205.0,59193.889
300329.SZ,20240304,4.88,5.18,4.66,4.96,4.87,0.09,1.848,94606.0,46374.789
300331.SZ,20240304,18.9,19.16,18.01,18.59,18.8,-0.21,-1.117,107645.56,198737.476
300332.SZ,20240304,7.3,7.3,7.02,7.08,7.23,-0.15,-2.0747,72465.0,51370.146
300333.SZ,20240304,5.25,5.32,5.04,5.27,5.24,0.03,0.5725,146704.7,76247.674
300334.SZ,20240304,5.68,5.74,5.37,5.55,5.68,-0.13,-2.2887,65775.0,36295.433
300335.SZ,20240304,4.41,4.41,4.2,4.3,4.38,-0.08,-1.8265,183670.0,78742.498
300337.SZ,20240304,6.42,6.47,6.24,6.47,6.43,0.04,0.6221,229353.28,146165.529
300338.SZ,20240304,3.82,3.87,3.55,3.76,3.8,-0.04,-1.0526,324872.82,120958.587
300339.SZ,20240304,24.35,24.49,23.41,23.93,23.67,0.26,1.0984,685276.75,1641459.588
300340.SZ,20240304,8.81,8.95,8.36,8.61,8.58,0.03,0.3497,79161.0,68092.678
300341.SZ,20240304,9.57,9.67,9.21,9.47,9.54,-0.07,-0.7338,94337.0,88681.478
300342.SZ,20240304,13.33,13.82,13.05,13.54,13.5,0.04,0.2963,410047.61,551131.109
300343.SZ,20240304,5.4,5.48,5.22,5.32,5.35,-0.03,-0.5607,211631.13,112524.784
300344.SZ,20240304,4.3,4.38,4.2,4.34,4.26,0.08,1.8779,231135.06,99398.771
300345.SZ,20240304,6.93,8.0,6.93,7.8,6.93,0.87,12.5541,193419.0,148360.866
300346.SZ,20240304,25.61,26.62,25.35,26.21,25.81,0.4,1.5498,243360.7,633151.464
300347.SZ,20240304,45.17,48.51,45.05,46.76,45.2,1.56,3.4513,253918.56,1185285.912
300348.SZ,20240304,8.54,8.64,8.29,8.43,8.53,-0.1,-1.1723,115900.17,97749.549
300349.SZ,20240304,11.81,11.88,11.59,11.78,11.81,-0.03,-0.254,62732.47,73557.009
300350.SZ,20240304,4.6,4.85,4.47,4.81,4.62,0.19,4.1126,410143.4,192482.252
300351.SZ,20240304,18.16,19.88,18.16,19.15,18.49,0.66,3.5695,429622.19,815491.116
300352.SZ,20240304,4.39,4.43,4.29,4.39,4.39,0.0,0.0,214025.5,93586.373
300353.SZ,20240304,10.39,10.45,10.1,10.27,10.37,-0.1,-0.9643,270745.51,277906.321
300354.SZ,20240304,46.99,49.47,46.0,49.43,45.58,3.85,8.4467,39287.94,188325.972
300355.SZ,20240304,3.18,3.2,3.12,3.15,3.2,-0.05,-1.5625,335796.98,105811.115
300357.SZ,20240304,25.84,26.84,25.76,26.15,25.97,0.18,0.6931,61495.03,160871.64
300358.SZ,20240304,9.19,9.35,9.1,9.29,9.12,0.17,1.864,128116.54,117905.996
300359.SZ,20240304,5.27,5.44,5.08,5.26,5.31,-0.05,-0.9416,289321.63,152165.776
300360.SZ,20240304,17.2,17.88,17.16,17.77,17.24,0.53,3.0742,185316.06,326212.754
300363.SZ,20240304,20.0,21.49,19.98,20.81,20.06,0.75,3.7388,171378.13,356824.529
300364.SZ,20240304,30.79,30.96,28.68,29.91,30.4,-0.49,-1.6118,1604114.71,4764269.312
300365.SZ,20240304,5.59,5.72,5.43,5.71,5.58,0.13,2.3297,199008.0,111202.004
300366.SZ,20240304,10.68,10.74,10.21,10.59,10.57,0.02,0.1892,358671.14,376162.808
300368.SZ,20240304,5.95,5.98,5.71,5.87,5.99,-0.12,-2.0033,154151.9,90195.015
300369.SZ,20240304,7.67,7.8,7.5,7.67,7.69,-0.02,-0.2601,160255.43,122722.681
300370.SZ,20240304,2.24,2.26,2.17,2.23,2.24,-0.01,-0.4464,210716.6,46566.39
300371.SZ,20240304,9.1,9.18,8.76,9.05,9.1,-0.05,-0.5495,33870.58,30436.427
300373.SZ,20240304,40.57,41.09,39.85,40.53,40.74,-0.21,-0.5155,132188.38,533540.91
300374.SZ,20240304,17.2,17.95,17.0,17.75,17.72,0.03,0.1693,286870.42,502776.993
300375.SZ,20240304,4.26,4.36,4.13,4.24,4.36,-0.12,-2.7523,338499.1,143127.627
300376.SZ,20240304,6.37,6.67,6.29,6.42,6.28,0.14,2.2293,615824.66,397850.844
300377.SZ,20240304,6.71,6.76,6.49,6.68,6.72,-0.04,-0.5952,192874.8,127680.951
300378.SZ,20240304,19.25,19.72,18.72,19.48,19.21,0.27,1.4055,170985.05,329194.29
300379.SZ,20240304,14.5,14.58,13.88,14.31,14.48,-0.17,-1.174,201256.95,285621.678
300380.SZ,20240304,18.3,18.52,17.47,18.0,18.25,-0.25,-1.3699,82500.0,147474.927
300381.SZ,20240304,5.12,5.24,5.05,5.15,5.09,0.06,1.1788,71337.32,36603.821
300382.SZ,20240304,8.15,8.18,7.95,8.08,8.12,-0.04,-0.4926,55486.0,44708.126
300383.SZ,20240304,9.9,10.18,9.65,10.02,9.76,0.26,2.6639,521834.14,519526.1
300384.SZ,20240304,13.97,14.18,13.25,13.93,14.07,-0.14,-0.995,83448.43,113491.542
300385.SZ,20240304,4.41,4.53,4.23,4.38,4.42,-0.04,-0.905,56319.24,24508.564
300386.SZ,20240304,7.98,8.09,7.61,7.82,7.99,-0.17,-2.1277,75387.0,58761.504
300387.SZ,20240304,5.83,5.88,5.7,5.81,5.83,-0.02,-0.3431,75352.22,43635.622
300388.SZ,20240304,5.74,5.8,5.65,5.79,5.76,0.03,0.5208,43521.21,24921.886
300389.SZ,20240304,17.9,17.97,17.0,17.72,17.68,0.04,0.2262,74327.89,130457.202
300390.SZ,20240304,22.7,23.2,22.25,22.41,22.7,-0.29,-1.2775,151583.46,342460.821
300391.SZ,20240304,4.8,4.91,4.73,4.78,4.78,0.0,0.0,78396.0,37683.252
300393.SZ,20240304,9.22,9.38,9.12,9.2,9.25,-0.05,-0.5405,147644.67,136098.14
300394.SZ,20240304,137.31,147.77,135.02,141.7,136.88,4.82,3.5213,203693.78,2874081.714
300395.SZ,20240304,31.4,31.46,30.22,30.61,31.27,-0.66,-2.1106,83075.01,255218.418
300396.SZ,20240304,27.29,27.6,26.51,26.88,27.23,-0.35,-1.2853,25562.0,68955.834
300397.SZ,20240304,7.96,8.27,7.6,7.93,7.89,0.04,0.507,183582.98,145468.138
300398.SZ,20240304,13.72,15.18,13.38,14.84,13.61,1.23,9.0375,471426.44,679174.862
300399.SZ,20240304,11.6,11.6,10.92,11.18,11.64,-0.46,-3.9519,118517.86,132268.98
300400.SZ,20240304,12.07,12.22,11.68,11.98,12.07,-0.09,-0.7457,51091.95,61162.904
300401.SZ,20240304,9.44,9.53,9.29,9.42,9.4,0.02,0.2128,45049.5,42291.472
300402.SZ,20240304,15.67,16.95,15.26,16.21,15.74,0.47,2.986,108695.18,175499.707
300403.SZ,20240304,7.97,8.02,7.7,7.92,8.0,-0.08,-1.0,290050.94,228117.67
300404.SZ,20240304,7.43,7.72,7.31,7.71,7.33,0.38,5.1842,228446.03,172056.278
300405.SZ,20240304,5.78,5.78,5.35,5.63,5.89,-0.26,-4.4143,338068.73,188120.293
300406.SZ,20240304,21.3,21.78,20.98,21.54,21.3,0.24,1.1268,54207.39,115772.102
300407.SZ,20240304,6.69,6.72,6.42,6.6,6.64,-0.04,-0.6024,58110.97,38198.868
300408.SZ,20240304,25.92,26.05,25.45,25.73,25.82,-0.09,-0.3486,130671.33,336448.414
300409.SZ,20240304,9.37,9.54,9.23,9.32,9.39,-0.07,-0.7455,72054.62,67233.889
300410.SZ,20240304,6.03,6.15,5.82,5.97,6.03,-0.06,-0.995,92491.69,55104.355
300411.SZ,20240304,5.26,5.34,5.17,5.31,5.26,0.05,0.9506,82418.91,43341.538
300412.SZ,20240304,3.82,3.93,3.77,3.91,3.82,0.09,2.356,200367.96,77428.145
300413.SZ,20240304,25.5,25.64,24.79,25.2,25.63,-0.43,-1.6777,283731.3,713278.713
300414.SZ,20240304,7.5,7.64,7.3,7.49,7.55,-0.06,-0.7947,85266.05,63493.933
300415.SZ,20240304,17.8,17.8,17.35,17.71,17.7,0.01,0.0565,61435.78,108071.234
300416.SZ,20240304,14.13,14.43,14.01,14.13,14.2,-0.07,-0.493,77805.08,110070.633
300417.SZ,20240304,8.15,8.25,7.73,8.04,8.36,-0.32,-3.8278,69509.6,55373.304
300418.SZ,20240304,42.67,45.43,41.51,43.6,42.38,1.22,2.8787,1085289.5,4709673.187
300419.SZ,20240304,4.9,4.92,4.64,4.86,4.92,-0.06,-1.2195,245080.8,117582.217
300420.SZ,20240304,2.63,2.65,2.55,2.61,2.64,-0.03,-1.1364,161364.78,41873.139
300421.SZ,20240304,8.94,8.94,8.41,8.68,8.91,-0.23,-2.5814,148532.1,127735.345
300422.SZ,20240304,4.4,4.41,4.22,4.3,4.38,-0.08,-1.8265,49840.1,21390.393
300423.SZ,20240304,7.57,7.6,6.86,7.2,7.54,-0.34,-4.5093,306754.15,219820.327
300424.SZ,20240304,9.69,9.85,9.33,9.53,9.69,-0.16,-1.6512,40112.7,38110.227
300425.SZ,20240304,4.44,4.45,4.27,4.34,4.45,-0.11,-2.4719,261131.46,113262.855
300426.SZ,20240304,9.43,9.58,8.8,9.26,9.13,0.13,1.4239,201955.27,186678.742
300427.SZ,20240304,4.08,4.08,3.82,3.9,4.13,-0.23,-5.569,183519.4,71843.726
300428.SZ,20240304,17.6,17.6,16.96,17.13,17.5,-0.37,-2.1143,60662.24,104166.581
300429.SZ,20240304,9.9,10.55,9.57,10.38,9.96,0.42,4.2169,570955.18,579536.455
300430.SZ,20240304,15.3,16.36,15.3,16.13,14.6,1.53,10.4795,251192.13,398210.894
300432.SZ,20240304,8.29,8.32,8.03,8.11,8.28,-0.17,-2.0531,189571.74,154076.504
300433.SZ,20240304,12.64,12.78,12.32,12.51,12.48,0.03,0.2404,332058.0,414671.978
300434.SZ,20240304,9.1,9.37,9.01,9.27,9.09,0.18,1.9802,51492.92,47448.999
300435.SZ,20240304,13.81,13.82,13.32,13.5,13.91,-0.41,-2.9475,87365.5,118040.75
300436.SZ,20240304,19.57,20.49,19.42,20.46,19.55,0.91,4.6547,29850.0,59966.699
300437.SZ,20240304,9.64,9.79,9.31,9.52,9.64,-0.12,-1.2448,37633.58,35775.304
300438.SZ,20240304,22.68,23.2,22.18,22.45,22.76,-0.31,-1.362,124894.07,281199.782
300439.SZ,20240304,9.36,9.56,9.27,9.47,9.34,0.13,1.3919,45964.96,43314.83
300440.SZ,20240304,6.12,6.21,5.99,6.18,6.09,0.09,1.4778,69439.84,42498.795
300441.SZ,20240304,6.37,6.41,6.19,6.38,6.38,0.0,0.0,108876.0,68822.6
300442.SZ,20240304,26.98,29.14,26.58,27.61,26.46,1.15,4.3462,289716.05,808621.913
300443.SZ,20240304,19.8,20.14,19.6,19.92,19.89,0.03,0.1508,83133.49,165392.875
300444.SZ,20240304,6.2,6.4,6.1,6.3,6.18,0.12,1.9417,459198.04,287680.46
300445.SZ,20240304,18.6,18.92,18.0,18.54,18.88,-0.34,-1.8008,108744.05,200266.012
300446.SZ,20240304,13.22,13.36,12.93,13.24,13.18,0.06,0.4552,59630.65,78482.806
300447.SZ,20240304,11.72,11.78,11.46,11.71,11.76,-0.05,-0.4252,42798.96,49765.773
300448.SZ,20240304,4.24,4.31,4.11,4.25,4.2,0.05,1.1905,126374.19,53279.131
300449.SZ,20240304,4.53,4.59,4.36,4.51,4.51,0.0,0.0,72109.4,32265.123
300450.SZ,20240304,23.0,23.19,22.45,22.66,22.95,-0.29,-1.2636,268552.02,609326.191
300451.SZ,20240304,4.88,4.89,4.67,4.8,4.85,-0.05,-1.0309,343816.31,164173.606
300452.SZ,20240304,12.69,12.88,12.5,12.65,12.69,-0.04,-0.3152,31389.05,39703.244
300453.SZ,20240304,6.25,6.38,6.17,6.35,6.2,0.15,2.4194,60717.77,38214.899
300454.SZ,20240304,65.55,66.35,63.56,64.19,65.45,-1.26,-1.9251,39028.25,251302.164
300455.SZ,20240304,10.9,11.1,10.75,10.97,10.99,-0.02,-0.182,127635.0,139819.829
300456.SZ,20240304,21.36,21.46,20.67,21.1,20.88,0.22,1.0536,284463.5,600496.235
300457.SZ,20240304,16.66,16.67,16.12,16.37,16.52,-0.15,-0.908,117383.92,191816.242
300458.SZ,20240304,20.1,21.3,19.39,21.25,19.9,1.35,6.7839,379547.68,774600.889
300459.SZ,20240304,4.71,4.89,4.55,4.86,4.66,0.2,4.2918,2994901.8,1417016.493
300460.SZ,20240304,8.84,8.93,8.44,8.77,8.78,-0.01,-0.1139,94016.0,82044.698
300461.SZ,20240304,17.1,17.39,16.44,16.85,17.2,-0.35,-2.0349,37090.8,62477.205
300462.SZ,20240304,8.4,8.5,8.08,8.35,8.38,-0.03,-0.358,72444.39,60199.187
300463.SZ,20240304,12.95,13.13,12.77,12.97,12.95,0.02,0.1544,54621.0,70614.632
300464.SZ,20240304,4.3,4.39,4.09,4.28,4.28,0.0,0.0,46965.0,19908.629
300465.SZ,20240304,8.53,8.64,8.25,8.47,8.56,-0.09,-1.0514,135272.66,113894.732
300466.SZ,20240304,7.7,7.72,7.32,7.64,7.79,-0.15,-1.9255,400501.6,301633.355
300467.SZ,20240304,13.8,14.28,13.63,14.23,13.81,0.42,3.0413,83709.0,117338.346
300468.SZ,20240304,9.35,9.53,9.05,9.29,9.57,-0.28,-2.9258,377133.25,348700.674
300469.SZ,20240304,10.76,10.89,10.17,10.57,10.8,-0.23,-2.1296,139785.92,146587.18
300470.SZ,20240304,33.46,33.98,32.83,33.32,33.47,-0.15,-0.4482,15205.85,50668.211
300471.SZ,20240304,12.33,12.62,11.52,12.14,12.61,-0.47,-3.7272,344777.39,413412.715
300472.SZ,20240304,6.5,6.57,6.12,6.34,6.5,-0.16,-2.4615,161715.86,101892.946
300473.SZ,20240304,15.44,15.44,14.73,15.16,15.45,-0.29,-1.877,54284.0,81625.501
300474.SZ,20240304,66.8,68.83,65.51,67.63,66.05,1.58,2.3921,172117.53,1156642.478
300475.SZ,20240304,35.5,38.5,35.0,37.36,34.42,2.94,8.5415,423075.9,1543151.18
300476.SZ,20240304,24.5,26.28,23.98,25.18,23.05,2.13,9.2408,841839.08,2101724.304
300477.SZ,20240304,2.76,2.82,2.65,2.74,2.78,-0.04,-1.4388,157398.05,42980.927
300478.SZ,20240304,9.61,9.78,9.22,9.44,9.61,-0.17,-1.769,32093.0,30274.64
300479.SZ,20240304,17.67,17.94,17.26,17.86,17.65,0.21,1.1898,67313.89,118987.56
300480.SZ,20240304,17.97,18.38,17.27,18.35,18.0,0.35,1.9444,144436.3,258647.854
300481.SZ,20240304,14.16,14.29,13.75,14.0,14.18,-0.18,-1.2694,44232.91,61721.763
300482.SZ,20240304,27.3,28.15,27.09,27.68,27.08,0.6,2.2157,69792.21,193136.965
300483.SZ,20240304,8.79,8.94,8.58,8.75,8.79,-0.04,-0.4551,31260.6,27256.601
300484.SZ,20240304,9.05,9.08,8.63,8.87,9.05,-0.18,-1.989,58976.0,52242.031
300485.SZ,20240304,8.25,8.41,8.19,8.37,8.25,0.12,1.4545,47954.6,39807.999
300486.SZ,20240304,6.04,6.33,5.9,6.27,6.11,0.16,2.6187,435127.93,269011.268
300487.SZ,20240304,49.51,49.51,48.13,48.42,49.51,-1.09,-2.2016,34162.79,166169.599
300488.SZ,20240304,22.36,22.52,21.72,22.19,22.42,-0.23,-1.0259,18046.68,39779.92
300489.SZ,20240304,16.74,16.77,15.4,15.93,15.58,0.35,2.2465,39407.65,63118.563
300490.SZ,20240304,9.3,9.46,9.07,9.24,9.2,0.04,0.4348,117535.72,108465.466
300491.SZ,20240304,19.2,20.0,18.62,19.29,19.56,-0.27,-1.3804,102015.21,195503.582
300492.SZ,20240304,101.5,107.35,101.04,106.61,101.46,5.15,5.0759,9993.72,105116.816
300493.SZ,20240304,6.94,7.05,6.69,7.0,6.9,0.1,1.4493,181667.25,125295.536
300494.SZ,20240304,15.14,15.39,14.43,15.26,15.26,0.0,0.0,691254.79,1032015.945
300496.SZ,20240304,64.69,65.45,62.03,63.41,62.78,0.63,1.0035,224119.14,1424493.262
300497.SZ,20240304,8.55,8.76,8.49,8.61,8.58,0.03,0.3497,67110.32,57792.673
300498.SZ,20240304,18.83,18.98,18.63,18.91,18.85,0.06,0.3183,282457.48,531584.066
300499.SZ,20240304,13.9,14.56,13.25,13.32,12.8,0.52,4.0625,473254.36,649827.077
300500.SZ,20240304,9.48,9.75,9.09,9.35,9.45,-0.1,-1.0582,41702.8,38876.272
300501.SZ,20240304,11.7,11.72,11.26,11.55,11.63,-0.08,-0.6879,20505.43,23557.882
300502.SZ,20240304,66.1,71.38,64.12,69.45,64.8,4.65,7.1759,641836.73,4351363.175
300503.SZ,20240304,15.9,16.48,15.38,16.28,15.61,0.67,4.2921,313562.83,501647.314
300504.SZ,20240304,14.82,15.12,14.47,14.95,14.83,0.12,0.8092,43332.0,64258.787
300505.SZ,20240304,10.85,11.0,10.48,10.66,10.86,-0.2,-1.8416,88194.74,94283.229
300506.SZ,20240304,4.0,4.14,3.75,4.12,3.95,0.17,4.3038,206161.51,81882.997
300507.SZ,20240304,5.39,5.43,5.23,5.34,5.4,-0.06,-1.1111,185237.4,98650.98
300508.SZ,20240304,22.26,22.45,21.3,22.19,22.51,-0.32,-1.4216,45096.52,98624.279
300509.SZ,20240304,5.07,5.11,4.8,4.98,5.05,-0.07,-1.3861,87289.42,43380.272
300510.SZ,20240304,4.92,5.02,4.81,4.91,4.98,-0.07,-1.4056,192364.41,94152.923
300511.SZ,20240304,3.85,3.92,3.74,3.79,3.88,-0.09,-2.3196,154856.92,58651.962
300512.SZ,20240304,6.9,6.92,6.54,6.73,6.82,-0.09,-1.3196,90419.0,60380.466
300513.SZ,20240304,9.7,9.76,9.35,9.56,9.7,-0.14,-1.4433,65526.92,62384.128
300514.SZ,20240304,14.58,14.58,13.61,14.15,14.02,0.13,0.9272,81728.89,114866.962
300515.SZ,20240304,8.88,8.96,8.46,8.74,8.88,-0.14,-1.5766,45610.0,39606.672
300516.SZ,20240304,27.08,27.11,26.2,26.73,27.06,-0.33,-1.2195,23490.0,62600.269
300517.SZ,20240304,8.35,8.48,7.9,8.09,8.26,-0.17,-2.0581,31479.94,25435.692
300518.SZ,20240304,12.06,12.24,11.48,11.83,12.04,-0.21,-1.7442,37722.66,44602.43
300519.SZ,20240304,12.25,12.76,12.12,12.72,12.19,0.53,4.3478,49374.0,61769.818
300520.SZ,20240304,16.9,17.09,16.06,16.7,16.74,-0.04,-0.2389,122798.82,202925.894
300521.SZ,20240304,9.76,9.87,9.33,9.7,9.64,0.06,0.6224,28985.0,27911.325
300522.SZ,20240304,10.69,10.75,10.18,10.49,10.69,-0.2,-1.8709,46429.8,48433.617
300523.SZ,20240304,21.07,21.81,20.93,21.73,21.22,0.51,2.4034,60149.3,129322.647
300525.SZ,20240304,14.43,14.47,14.18,14.27,14.41,-0.14,-0.9715,79707.52,113777.935
300527.SZ,20240304,6.95,7.07,6.8,6.95,6.98,-0.03,-0.4298,116362.29,80703.838
300528.SZ,20240304,8.48,8.75,8.23,8.62,8.4,0.22,2.619,127289.22,108208.552
300529.SZ,20240304,20.77,22.65,20.77,22.3,20.66,1.64,7.938,146345.5,322571.357
300530.SZ,20240304,19.45,20.2,18.6,19.06,20.25,-1.19,-5.8765,66235.26,127540.963
300531.SZ,20240304,12.34,12.43,11.97,12.19,12.27,-0.08,-0.652,86170.0,105006.634
300532.SZ,20240304,14.61,14.77,14.2,14.67,14.65,0.02,0.1365,127032.06,184235.973
300533.SZ,20240304,28.14,28.14,26.69,27.79,28.14,-0.35,-1.2438,150728.32,413565.814
300534.SZ,20240304,8.27,8.62,8.22,8.62,8.28,0.34,4.1063,155949.0,132254.904
300535.SZ,20240304,11.86,12.06,11.4,11.8,11.94,-0.14,-1.1725,26431.91,31016.953
300536.SZ,20240304,18.7,18.7,17.89,18.23,18.43,-0.2,-1.0852,37099.1,67519.967
300537.SZ,20240304,15.78,16.39,15.16,16.15,15.74,0.41,2.6048,178516.0,284044.964
300538.SZ,20240304,15.38,15.38,14.71,15.2,15.53,-0.33,-2.1249,135744.38,204878.389
300539.SZ,20240304,8.8,8.88,8.44,8.73,8.81,-0.08,-0.9081,64870.8,56201.162
300540.SZ,20240304,22.33,22.58,21.52,22.01,22.8,-0.79,-3.4649,46354.26,102220.101
300541.SZ,20240304,14.65,14.86,14.16,14.63,14.5,0.13,0.8966,210964.55,307639.191
300542.SZ,20240304,10.24,10.35,9.92,10.22,10.24,-0.02,-0.1953,69550.21,70780.822
300543.SZ,20240304,7.56,7.95,7.47,7.91,7.51,0.4,5.3262,117047.34,90415.77
300545.SZ,20240304,27.3,27.72,26.72,27.34,27.5,-0.16,-0.5818,55972.34,152234.05
300546.SZ,20240304,11.73,12.0,11.35,11.72,11.79,-0.07,-0.5937,55085.4,64196.208
300547.SZ,20240304,16.31,16.63,15.66,16.14,15.6,0.54,3.4615,51342.82,82779.95
300548.SZ,20240304,26.58,29.46,26.07,27.91,26.48,1.43,5.4003,307665.19,849080.337
300549.SZ,20240304,14.75,14.9,14.2,14.9,14.69,0.21,1.4295,56759.0,82757.484
300550.SZ,20240304,11.35,11.41,11.05,11.31,11.21,0.1,0.8921,22699.49,25546.038
300551.SZ,20240304,15.62,15.66,14.62,15.01,15.49,-0.48,-3.0988,145342.15,218297.049
300552.SZ,20240304,20.01,20.04,19.05,19.64,20.01,-0.37,-1.8491,116098.4,226117.705
300553.SZ,20240304,26.07,26.7,25.3,25.85,26.08,-0.23,-0.8819,22905.3,59341.251
300554.SZ,20240304,19.26,19.49,18.21,19.06,19.26,-0.2,-1.0384,78726.2,148200.61
300555.SZ,20240304,6.08,6.1,5.67,5.79,6.11,-0.32,-5.2373,36885.0,21482.137
300556.SZ,20240304,24.92,26.49,23.3,26.23,24.97,1.26,5.0461,284572.32,706080.094
300557.SZ,20240304,27.34,27.53,26.23,27.16,27.24,-0.08,-0.2937,12975.0,34951.008
300558.SZ,20240304,43.35,45.07,43.02,44.46,43.59,0.87,1.9959,53141.6,234373.104
300559.SZ,20240304,13.0,13.26,12.3,12.8,13.03,-0.23,-1.7652,199311.75,253211.406
300560.SZ,20240304,15.8,15.8,15.12,15.57,15.62,-0.05,-0.3201,111385.19,172762.727
300561.SZ,20240304,10.29,10.38,9.83,10.06,10.43,-0.37,-3.5475,112601.5,112994.821
300562.SZ,20240304,8.46,8.61,8.3,8.55,8.48,0.07,0.8255,89255.0,75551.458
300563.SZ,20240304,12.0,12.22,11.53,11.89,12.05,-0.16,-1.3278,68152.2,80504.967
300564.SZ,20240304,9.5,9.79,9.03,9.3,9.47,-0.17,-1.7951,37117.91,34708.686
300565.SZ,20240304,11.75,12.06,11.46,11.92,11.75,0.17,1.4468,68398.0,80933.308
300566.SZ,20240304,13.97,14.25,13.74,14.08,13.94,0.14,1.0043,67385.07,94454.303
300567.SZ,20240304,68.48,76.98,68.0,74.05,69.63,4.42,6.3478,128506.01,930524.613
300568.SZ,20240304,12.34,12.55,12.2,12.32,12.39,-0.07,-0.565,161386.48,199350.666
300569.SZ,20240304,5.24,5.33,5.1,5.18,5.25,-0.07,-1.3333,140291.36,72556.033
300570.SZ,20240304,43.03,45.0,41.07,43.26,42.78,0.48,1.122,288589.66,1239217.717
300571.SZ,20240304,28.2,32.15,28.2,31.4,28.58,2.82,9.867,119847.2,363516.705
300572.SZ,20240304,11.95,12.09,11.62,11.87,11.85,0.02,0.1688,36098.0,42721.722
300573.SZ,20240304,153.3,156.54,152.1,155.38,154.02,1.36,0.883,22873.29,353083.37
300575.SZ,20240304,6.18,6.23,6.0,6.11,6.17,-0.06,-0.9724,67853.0,41193.668
300576.SZ,20240304,38.99,42.0,38.2,40.99,39.33,1.66,4.2207,249743.19,1006546.667
300577.SZ,20240304,12.5,12.7,12.26,12.38,12.58,-0.2,-1.5898,17716.5,21978.077
300578.SZ,20240304,15.36,16.16,14.93,15.93,15.23,0.7,4.5962,146162.3,229133.667
300579.SZ,20240304,23.25,23.37,22.46,23.0,23.13,-0.13,-0.562,34245.88,78363.031
300580.SZ,20240304,29.0,31.46,28.2,30.62,29.41,1.21,4.1142,126138.6,376100.653
300581.SZ,20240304,7.86,8.04,7.66,7.8,7.86,-0.06,-0.7634,67322.77,52428.206
300582.SZ,20240304,8.85,8.98,8.58,8.72,8.85,-0.13,-1.4689,60062.0,52604.768
300583.SZ,20240304,17.58,17.72,16.66,17.11,17.7,-0.59,-3.3333,61151.03,104270.446
300584.SZ,20240304,17.27,18.02,17.27,17.92,17.19,0.73,4.2467,32123.3,56860.731
300585.SZ,20240304,11.81,11.88,11.28,11.69,11.81,-0.12,-1.0161,64741.0,75007.451
300586.SZ,20240304,6.57,6.65,6.3,6.41,6.56,-0.15,-2.2866,94274.0,60469.681
300587.SZ,20240304,4.45,4.49,4.29,4.35,4.42,-0.07,-1.5837,177037.35,76931.04
300588.SZ,20240304,9.58,9.66,9.12,9.5,9.66,-0.16,-1.6563,117551.0,110754.015
300589.SZ,20240304,11.22,11.56,11.17,11.46,11.31,0.15,1.3263,80451.09,91495.9
300590.SZ,20240304,9.51,9.59,9.2,9.41,9.49,-0.08,-0.843,66102.27,61939.236
300591.SZ,20240304,4.3,4.4,4.16,4.27,4.3,-0.03,-0.6977,97027.8,41348.797
300592.SZ,20240304,20.56,20.6,19.12,19.98,20.43,-0.45,-2.2026,59125.0,116641.616
300593.SZ,20240304,11.1,11.27,10.75,10.97,10.99,-0.02,-0.182,116661.27,128033.519
300594.SZ,20240304,15.9,17.5,15.4,16.95,15.71,1.24,7.8931,77367.0,126308.764
300595.SZ,20240304,20.56,21.21,20.49,20.74,20.6,0.14,0.6796,113488.59,235123.76
300596.SZ,20240304,24.51,24.71,23.91,24.3,24.69,-0.39,-1.5796,16324.62,39497.035
300597.SZ,20240304,7.47,7.52,7.14,7.38,7.44,-0.06,-0.8065,75243.0,55125.004
300598.SZ,20240304,41.5,41.85,40.0,40.91,40.23,0.68,1.6903,77742.64,318127.405
300599.SZ,20240304,5.93,5.98,5.72,5.84,5.96,-0.12,-2.0134,38603.0,22496.293
300600.SZ,20240304,8.36,9.02,8.24,8.69,8.39,0.3,3.5757,133957.88,116673.989
300601.SZ,20240304,24.09,24.96,24.06,24.47,24.25,0.22,0.9072,130692.52,319852.227
300602.SZ,20240304,16.28,17.5,15.75,16.81,15.4,1.41,9.1558,472786.03,777909.121
300603.SZ,20240304,8.95,9.31,8.83,9.24,8.87,0.37,4.1714,265678.12,242196.737
300604.SZ,20240304,29.24,30.15,28.91,29.89,29.47,0.42,1.4252,165128.1,488163.995
300605.SZ,20240304,11.18,11.49,10.82,11.13,11.16,-0.03,-0.2688,60588.0,67229.014
300606.SZ,20240304,22.67,22.93,21.78,22.35,22.93,-0.58,-2.5294,72258.6,161084.135
300607.SZ,20240304,13.7,13.89,13.41,13.79,13.45,0.34,2.5279,159423.55,218295.639
300608.SZ,20240304,13.11,13.93,12.8,13.92,12.75,1.17,9.1765,381040.25,512925.081
300609.SZ,20240304,20.56,20.95,19.6,20.47,20.6,-0.13,-0.6311,103413.0,209670.034
300610.SZ,20240304,8.3,8.37,8.0,8.12,8.25,-0.13,-1.5758,26188.5,21249.265
300611.SZ,20240304,8.18,8.23,7.9,8.1,8.21,-0.11,-1.3398,50626.0,40847.862
300612.SZ,20240304,17.9,17.99,16.85,17.74,17.84,-0.1,-0.5605,149156.14,260998.361
300613.SZ,20240304,36.9,37.18,35.91,36.7,36.88,-0.18,-0.4881,42429.02,155467.422
300614.SZ,20240304,12.78,13.16,12.55,12.74,12.85,-0.11,-0.856,24462.85,31247.475
300615.SZ,20240304,12.65,12.78,12.1,12.54,12.65,-0.11,-0.8696,50092.0,62368.436
300616.SZ,20240304,14.11,14.96,13.82,14.8,14.14,0.66,4.6676,45977.67,65616.055
300617.SZ,20240304,27.91,28.75,27.69,28.19,27.94,0.25,0.8948,18004.66,50561.875
300618.SZ,20240304,23.54,23.98,23.2,23.46,23.58,-0.12,-0.5089,44721.6,105014.362
300619.SZ,20240304,40.5,41.49,39.21,39.68,40.5,-0.82,-2.0247,10983.0,43777.834
300620.SZ,20240304,48.48,48.9,46.0,47.53,46.4,1.13,2.4353,267363.41,1267858.603
300621.SZ,20240304,8.08,8.16,7.75,7.93,8.05,-0.12,-1.4907,26795.0,21136.68
300622.SZ,20240304,15.9,16.3,15.66,16.3,15.85,0.45,2.8391,31746.93,50840.516
300623.SZ,20240304,14.68,14.94,14.5,14.82,14.69,0.13,0.885,106266.44,156743.595
300624.SZ,20240304,105.15,108.86,100.01,106.62,105.12,1.5,1.4269,206085.96,2152653.481
300625.SZ,20240304,12.0,12.31,11.94,12.31,11.74,0.57,4.8552,47969.0,58203.256
300626.SZ,20240304,7.15,7.28,6.75,6.99,7.08,-0.09,-1.2712,71928.6,50402.324
300627.SZ,20240304,25.9,26.19,25.44,25.57,25.92,-0.35,-1.3503,69714.52,179251.687
300628.SZ,20240304,29.68,29.71,28.86,29.19,29.6,-0.41,-1.3851,65490.9,191445.882
300629.SZ,20240304,17.83,17.84,17.31,17.53,17.7,-0.17,-0.9605,48051.72,84339.949
300630.SZ,20240304,19.07,20.1,19.07,19.66,19.07,0.59,3.0939,209884.68,411501.989
300631.SZ,20240304,22.34,22.7,21.67,22.25,22.51,-0.26,-1.155,17584.89,38938.275
300632.SZ,20240304,9.7,9.77,9.38,9.67,9.74,-0.07,-0.7187,40437.07,38789.814
300633.SZ,20240304,39.31,40.29,38.8,39.88,38.97,0.91,2.3351,36026.22,142246.625
300634.SZ,20240304,18.39,18.78,17.78,18.68,18.35,0.33,1.7984,256833.73,470778.135
300635.SZ,20240304,9.38,9.42,9.0,9.25,9.38,-0.13,-1.3859,47109.8,43336.956
300636.SZ,20240304,7.8,7.89,7.58,7.71,7.68,0.03,0.3906,56074.15,43115.214
300637.SZ,20240304,8.19,8.36,7.7,8.05,8.27,-0.22,-2.6602,320950.67,256566.873
300638.SZ,20240304,17.35,17.58,16.7,17.1,17.26,-0.16,-0.927,290551.18,496726.58
300639.SZ,20240304,7.33,7.44,7.25,7.37,7.34,0.03,0.4087,54254.52,39742.162
300640.SZ,20240304,4.76,4.87,4.55,4.68,4.77,-0.09,-1.8868,43709.0,20400.289
300641.SZ,20240304,4.03,4.06,3.87,3.98,4.02,-0.04,-0.995,43999.1,17389.796
300642.SZ,20240304,13.27,13.53,13.03,13.3,13.19,0.11,0.834,20658.08,27387.033
300643.SZ,20240304,9.77,9.77,9.31,9.58,9.68,-0.1,-1.0331,37655.02,35832.17
300644.SZ,20240304,14.55,14.79,14.02,14.43,14.65,-0.22,-1.5017,23598.8,33812.3
300645.SZ,20240304,14.39,14.7,14.15,14.67,14.38,0.29,2.0167,66103.03,95642.684
300647.SZ,20240304,5.49,5.95,5.15,5.17,5.18,-0.01,-0.1931,793438.4,431151.247
300648.SZ,20240304,19.35,19.8,18.6,18.95,19.26,-0.31,-1.6096,24502.0,46671.533
300649.SZ,20240304,12.0,12.15,11.3,11.8,11.96,-0.16,-1.3378,39403.33,45945.683
300650.SZ,20240304,9.78,9.89,9.44,9.89,9.72,0.17,1.749,66055.0,64354.527
300651.SZ,20240304,14.28,14.37,13.63,13.88,14.26,-0.38,-2.6648,38140.0,52928.737
300652.SZ,20240304,18.9,19.12,18.1,18.46,18.99,-0.53,-2.7909,23456.83,43413.249
300653.SZ,20240304,23.7,24.66,23.56,24.65,23.74,0.91,3.8332,31635.11,76663.204
300654.SZ,20240304,10.0,10.18,9.49,9.95,9.91,0.04,0.4036,215623.3,211942.261
300655.SZ,20240304,8.18,8.28,7.92,8.16,8.13,0.03,0.369,340016.13,275926.971
300656.SZ,20240304,21.03,21.19,20.35,20.89,21.06,-0.17,-0.8072,15098.46,31411.987
300657.SZ,20240304,18.34,19.05,17.92,18.7,17.99,0.71,3.9466,329032.84,608430.893
300658.SZ,20240304,5.06,5.11,4.9,5.04,5.07,-0.03,-0.5917,59301.4,29617.62
300659.SZ,20240304,17.48,17.48,16.6,17.15,17.29,-0.14,-0.8097,63416.8,108006.979
300660.SZ,20240304,26.99,27.79,26.4,27.5,26.99,0.51,1.8896,113929.8,309301.243
300661.SZ,20240304,73.17,73.98,71.42,71.91,72.95,-1.04,-1.4256,32514.96,235341.394
300662.SZ,20240304,21.82,22.14,20.99,21.35,22.0,-0.65,-2.9545,33429.29,71176.487
300663.SZ,20240304,11.7,11.94,11.41,11.75,11.66,0.09,0.7719,195454.05,228335.819
300664.SZ,20240304,4.57,4.6,4.5,4.56,4.6,-0.04,-0.8696,56677.1,25742.694
300665.SZ,20240304,6.19,6.28,5.95,6.12,6.19,-0.07,-1.1309,44056.2,26931.041
300666.SZ,20240304,48.35,48.74,47.28,48.55,48.58,-0.03,-0.0618,62640.91,301861.655
300667.SZ,20240304,13.75,14.0,13.31,13.61,13.8,-0.19,-1.3768,42562.0,57674.93
300668.SZ,20240304,21.09,21.48,20.31,20.95,20.99,-0.04,-0.1906,10107.75,21028.307
300669.SZ,20240304,12.34,12.37,11.85,12.01,12.33,-0.32,-2.5953,16505.0,19898.828
300670.SZ,20240304,5.17,5.26,4.95,5.06,5.16,-0.1,-1.938,98290.6,49832.798
300671.SZ,20240304,26.22,26.4,25.33,26.09,26.01,0.08,0.3076,57163.8,148262.135
300672.SZ,20240304,57.14,58.67,55.68,57.77,56.67,1.1,1.9411,102880.43,589635.791
300673.SZ,20240304,10.95,11.05,10.68,10.91,10.95,-0.04,-0.3653,21361.0,23232.704
300674.SZ,20240304,14.01,14.16,13.71,13.95,14.09,-0.14,-0.9936,135450.77,188655.804
300675.SZ,20240304,11.19,11.72,10.75,11.39,11.2,0.19,1.6964,55107.0,62048.66
300676.SZ,20240304,44.1,45.75,43.96,45.2,44.22,0.98,2.2162,45860.0,205773.767
300677.SZ,20240304,21.06,21.38,20.68,20.88,21.11,-0.23,-1.0895,82094.94,172048.695
300678.SZ,20240304,37.69,39.29,36.64,38.28,38.0,0.28,0.7368,454729.31,1725802.634
300679.SZ,20240304,38.0,38.4,37.25,37.71,37.55,0.16,0.4261,46734.09,176343.558
300680.SZ,20240304,15.8,15.98,15.25,15.49,15.98,-0.49,-3.0663,55567.09,86007.162
300681.SZ,20240304,14.39,14.48,13.81,14.14,14.45,-0.31,-2.1453,47730.8,67274.496
300682.SZ,20240304,13.26,13.4,12.8,13.14,13.28,-0.14,-1.0542,176110.42,230073.893
300683.SZ,20240304,25.95,26.78,25.93,26.51,25.87,0.64,2.4739,13516.0,35630.442
300684.SZ,20240304,18.0,18.49,16.65,17.08,16.26,0.82,5.0431,288727.79,501419.536
300685.SZ,20240304,22.49,23.33,22.3,22.96,22.5,0.46,2.0444,51910.28,118404.572
300686.SZ,20240304,7.49,7.89,7.21,7.8,7.28,0.52,7.1429,172400.0,130743.882
300687.SZ,20240304,19.61,19.94,19.04,19.54,19.71,-0.17,-0.8625,116913.78,226867.593
300688.SZ,20240304,27.19,28.03,26.49,27.61,27.52,0.09,0.327,142056.95,388282.592
300689.SZ,20240304,14.39,14.68,13.75,14.15,14.32,-0.17,-1.1872,20333.5,28781.376
300690.SZ,20240304,13.85,13.89,13.23,13.63,13.79,-0.16,-1.1603,40659.98,55011.408
300691.SZ,20240304,17.75,17.96,17.17,17.7,17.75,-0.05,-0.2817,64757.84,113594.084
300692.SZ,20240304,5.24,5.25,5.1,5.15,5.23,-0.08,-1.5296,31542.0,16247.316
300693.SZ,20240304,30.5,30.77,29.75,30.42,30.8,-0.38,-1.2338,147873.84,448245.626
300694.SZ,20240304,9.53,9.7,9.22,9.44,9.61,-0.17,-1.769,38210.0,35888.559
300695.SZ,20240304,42.46,43.25,40.63,41.42,42.55,-1.13,-2.6557,5858.0,24208.951
300696.SZ,20240304,13.5,13.62,12.99,13.2,13.46,-0.26,-1.9316,47544.0,62699.358
300697.SZ,20240304,9.36,9.36,9.07,9.26,9.25,0.01,0.1081,50219.0,46306.019
300698.SZ,20240304,30.38,30.82,29.05,30.12,30.38,-0.26,-0.8558,18022.0,53937.598
300699.SZ,20240304,27.88,28.18,27.42,27.75,27.93,-0.18,-0.6445,134261.9,372069.156
300700.SZ,20240304,12.57,12.65,12.06,12.27,12.57,-0.3,-2.3866,81206.2,99592.437
300701.SZ,20240304,7.93,8.07,7.61,8.06,7.9,0.16,2.0253,73914.8,58392.872
300702.SZ,20240304,17.59,17.81,17.27,17.64,17.43,0.21,1.2048,24056.97,42021.22
300703.SZ,20240304,8.29,8.33,7.96,8.18,8.26,-0.08,-0.9685,41580.75,33775.338
300705.SZ,20240304,34.75,36.5,34.72,36.13,34.6,1.53,4.422,67291.06,241893.277
300706.SZ,20240304,19.64,19.83,18.91,19.57,19.64,-0.07,-0.3564,31111.4,60358.439
300707.SZ,20240304,13.84,14.08,13.2,13.69,13.87,-0.18,-1.2978,62185.56,84434.297
300708.SZ,20240304,9.76,9.88,9.53,9.63,9.86,-0.23,-2.3327,117535.76,113562.392
300709.SZ,20240304,30.9,33.19,29.8,31.55,27.79,3.76,13.53,373175.57,1164957.753
300710.SZ,20240304,19.04,21.88,17.25,19.96,18.6,1.36,7.3118,119147.27,226414.748
300711.SZ,20240304,12.09,12.28,11.75,12.25,12.03,0.22,1.8288,88447.41,106832.212
300712.SZ,20240304,21.06,21.42,20.5,21.0,21.13,-0.13,-0.6152,21481.51,44871.364
300713.SZ,20240304,15.55,16.49,14.45,14.71,15.23,-0.52,-3.4143,192746.13,294450.115
300715.SZ,20240304,9.2,9.28,8.91,9.11,9.2,-0.09,-0.9783,12358.98,11164.094
300716.SZ,20240304,8.7,9.14,8.58,8.85,8.74,0.11,1.2586,85982.5,76339.027
300717.SZ,20240304,12.13,12.24,11.67,12.1,12.12,-0.02,-0.165,19715.76,23682.376
300718.SZ,20240304,15.8,16.2,15.66,16.0,15.86,0.14,0.8827,45604.2,72883.845
300719.SZ,20240304,10.59,10.74,10.2,10.37,10.62,-0.25,-2.354,89866.5,93331.094
300720.SZ,20240304,14.9,15.21,14.57,14.99,14.9,0.09,0.604,56215.4,83706.871
300721.SZ,20240304,10.2,10.28,9.77,9.98,10.17,-0.19,-1.8682,37975.35,37905.183
300722.SZ,20240304,21.68,21.9,21.38,21.6,21.78,-0.18,-0.8264,22352.13,48209.682
300723.SZ,20240304,23.17,24.14,23.01,24.12,23.09,1.03,4.4608,66935.57,159181.586
300724.SZ,20240304,65.3,66.28,64.7,65.41,65.4,0.01,0.0153,65177.06,425540.184
300725.SZ,20240304,31.1,33.23,30.92,32.06,31.09,0.97,3.12,70361.61,225752.977
300726.SZ,20240304,25.6,25.7,24.7,25.15,25.58,-0.43,-1.681,44407.0,111406.257
300727.SZ,20240304,21.5,22.21,20.68,20.99,20.65,0.34,1.6465,40096.0,85579.463
300729.SZ,20240304,17.68,17.85,17.05,17.67,17.75,-0.08,-0.4507,123316.28,214491.506
300730.SZ,20240304,12.02,12.6,11.1,11.44,11.41,0.03,0.2629,473771.5,562340.171
300731.SZ,20240304,19.0,21.27,18.51,20.04,18.74,1.3,6.937,342072.12,671657.081
300732.SZ,20240304,7.16,7.2,6.96,7.15,7.18,-0.03,-0.4178,39172.3,27757.915
300733.SZ,20240304,8.87,9.25,8.73,9.15,8.84,0.31,3.5068,50290.8,45381.704
300735.SZ,20240304,23.72,24.48,22.86,23.55,22.46,1.09,4.8531,1128181.09,2655026.636
300736.SZ,20240304,12.25,12.85,12.24,12.8,12.28,0.52,4.2345,34860.28,43751.442
300737.SZ,20240304,5.21,5.22,5.0,5.07,5.21,-0.14,-2.6871,159712.51,80862.875
300738.SZ,20240304,9.55,9.95,9.4,9.84,9.41,0.43,4.5696,586572.39,570771.804
300739.SZ,20240304,14.52,15.17,14.2,14.81,14.8,0.01,0.0676,183543.01,270461.752
300740.SZ,20240304,16.02,16.34,15.93,16.3,16.05,0.25,1.5576,71988.31,116285.068
300741.SZ,20240304,19.04,19.04,18.57,18.82,19.09,-0.27,-1.4144,25978.38,48817.672
300743.SZ,20240304,10.45,10.75,10.13,10.42,10.44,-0.02,-0.1916,37424.76,38897.63
300745.SZ,20240304,19.39,19.8,18.31,19.1,19.58,-0.48,-2.4515,71370.55,135018.511
300746.SZ,20240304,7.04,7.18,6.7,6.95,7.04,-0.09,-1.2784,48724.0,33476.812
300747.SZ,20240304,21.45,21.65,20.98,21.28,21.36,-0.08,-0.3745,85014.02,180854.688
300748.SZ,20240304,17.45,17.54,17.15,17.24,17.45,-0.21,-1.2034,160952.44,278385.056
300749.SZ,20240304,6.35,6.4,6.03,6.24,6.33,-0.09,-1.4218,52944.38,32874.977
300750.SZ,20240304,165.0,167.86,162.77,163.9,164.55,-0.65,-0.395,268085.77,4424835.39
300751.SZ,20240304,120.2,121.99,118.6,119.78,121.2,-1.42,-1.1716,20290.49,243835.306
300752.SZ,20240304,12.73,12.88,12.25,12.64,12.73,-0.09,-0.707,45771.05,57430.206
300753.SZ,20240304,11.82,12.24,11.55,11.92,11.8,0.12,1.0169,64976.32,76989.763
300755.SZ,20240304,16.91,17.09,16.68,17.05,17.0,0.05,0.2941,21630.2,36580.452
300756.SZ,20240304,12.52,12.6,12.06,12.31,12.5,-0.19,-1.52,23597.76,28975.051
300757.SZ,20240304,101.88,113.04,97.88,113.04,94.2,18.84,20.0,179286.14,1906177.664
300758.SZ,20240304,8.0,8.05,7.74,7.87,7.96,-0.09,-1.1307,50715.8,39983.19
300759.SZ,20240304,23.23,25.8,23.23,24.87,23.23,1.64,7.0598,539462.04,1334759.758
300760.SZ,20240304,288.99,292.96,288.38,291.21,290.17,1.04,0.3584,33736.82,981328.36
300761.SZ,20240304,19.34,19.43,18.98,19.21,19.38,-0.17,-0.8772,21897.66,41930.564
300762.SZ,20240304,13.0,13.36,12.82,13.02,13.03,-0.01,-0.0767,236789.49,309332.696
300763.SZ,20240304,65.6,67.57,65.44,65.7,66.15,-0.45,-0.6803,76913.81,509367.518
300765.SZ,20240304,34.3,36.0,34.09,35.23,34.08,1.15,3.3744,160706.34,560624.57
300766.SZ,20240304,15.33,15.38,13.96,14.9,14.7,0.2,1.3605,572964.27,842065.36
300767.SZ,20240304,12.6,12.74,12.08,12.33,12.6,-0.27,-2.1429,58616.82,72154.321
300768.SZ,20240304,12.39,12.48,12.0,12.27,12.4,-0.13,-1.0484,37921.38,46340.794
300769.SZ,20240304,43.25,43.99,42.02,42.38,43.3,-0.92,-2.1247,101050.75,431009.074
300770.SZ,20240304,38.8,39.17,38.01,38.84,38.98,-0.14,-0.3592,41638.34,160800.812
300771.SZ,20240304,8.21,8.21,7.89,8.14,8.11,0.03,0.3699,55058.2,44449.287
300772.SZ,20240304,9.31,9.35,9.08,9.2,9.21,-0.01,-0.1086,72947.0,66997.402
300773.SZ,20240304,14.71,14.83,14.27,14.54,14.76,-0.22,-1.4905,155137.33,224969.711
300774.SZ,20240304,8.25,8.32,8.04,8.19,8.24,-0.05,-0.6068,26924.0,21976.861
300775.SZ,20240304,25.03,25.03,24.51,24.81,24.93,-0.12,-0.4813,59223.43,146453.157
300776.SZ,20240304,47.64,47.9,46.71,47.32,47.51,-0.19,-0.3999,27897.2,131728.398
300777.SZ,20240304,24.61,24.73,24.0,24.32,24.72,-0.4,-1.6181,48601.3,118224.178
300778.SZ,20240304,10.2,10.84,9.78,10.5,10.3,0.2,1.9417,82810.81,84958.53
300779.SZ,20240304,40.2,41.0,38.1,38.96,38.16,0.8,2.0964,32289.69,126308.645
300780.SZ,20240304,19.05,19.58,18.0,19.26,19.44,-0.18,-0.9259,191110.9,362639.485
300781.SZ,20240304,52.92,58.68,52.48,56.22,53.9,2.32,4.3043,234508.73,1307037.62
300782.SZ,20240304,111.2,113.55,109.6,112.32,109.7,2.62,2.3883,92013.29,1027829.687
300783.SZ,20240304,19.22,20.6,19.17,20.31,19.22,1.09,5.6712,181584.0,365796.96
300785.SZ,20240304,21.51,21.6,20.01,20.98,21.75,-0.77,-3.5402,165297.04,342224.283
300786.SZ,20240304,12.99,13.5,12.58,13.17,13.8,-0.63,-4.5652,223542.69,291684.755
300787.SZ,20240304,13.87,13.89,12.99,13.26,13.56,-0.3,-2.2124,29081.8,38664.464
300788.SZ,20240304,32.5,32.75,30.62,31.95,32.8,-0.85,-2.5915,107192.26,340754.273
300789.SZ,20240304,18.0,18.3,17.2,17.75,17.8,-0.05,-0.2809,21924.03,38736.384
300790.SZ,20240304,11.9,12.08,11.64,11.89,11.9,-0.01,-0.084,42219.67,50210.455
300791.SZ,20240304,31.53,31.99,30.54,31.87,31.78,0.09,0.2832,11681.13,36498.81
300792.SZ,20240304,20.29,20.36,19.56,20.02,20.36,-0.34,-1.6699,37907.01,75424.848
300793.SZ,20240304,15.4,15.6,15.1,15.55,15.24,0.31,2.0341,179742.8,276849.279
300795.SZ,20240304,39.59,39.59,38.03,38.79,38.63,0.16,0.4142,7424.5,28625.612
300796.SZ,20240304,15.32,15.52,15.17,15.23,15.42,-0.19,-1.2322,29294.0,44773.521
300797.SZ,20240304,10.84,10.84,10.37,10.68,10.89,-0.21,-1.9284,50274.0,53176.163
300798.SZ,20240304,7.92,8.33,7.82,8.3,7.9,0.4,5.0633,213477.3,173295.402
300800.SZ,20240304,10.06,10.17,9.62,9.85,10.06,-0.21,-2.0875,26490.0,26140.937
300801.SZ,20240304,14.38,14.38,13.86,13.98,14.48,-0.5,-3.453,35420.76,49653.51
300802.SZ,20240304,17.28,18.28,16.86,17.5,17.3,0.2,1.1561,43965.5,77106.456
300803.SZ,20240304,50.0,50.39,48.9,50.02,50.95,-0.93,-1.8253,122911.93,610662.305
300804.SZ,20240304,22.87,23.35,22.46,23.05,22.84,0.21,0.9194,7582.67,17360.704
300805.SZ,20240304,7.66,7.76,7.39,7.7,7.71,-0.01,-0.1297,128750.42,97392.352
300806.SZ,20240304,9.63,9.86,9.11,9.42,9.4,0.02,0.2128,114324.29,107431.475
300807.SZ,20240304,23.3,23.65,22.4,23.28,23.51,-0.23,-0.9783,38666.07,89214.714
300808.SZ,20240304,13.73,14.05,13.15,13.8,13.97,-0.17,-1.2169,75247.67,102901.91
300809.SZ,20240304,26.78,27.5,25.99,27.29,27.34,-0.05,-0.1829,95803.46,256288.173
300810.SZ,20240304,16.34,16.61,15.56,15.9,16.37,-0.47,-2.8711,33276.05,53055.051
300811.SZ,20240304,57.7,60.65,57.7,59.3,56.8,2.5,4.4014,63015.42,372484.138
300812.SZ,20240304,30.72,30.72,28.95,30.42,29.54,0.88,2.979,159355.99,479396.951
300813.SZ,20240304,16.71,17.27,16.49,16.86,16.68,0.18,1.0791,14530.64,24499.606
300814.SZ,20240304,30.5,33.35,30.33,32.73,30.5,2.23,7.3115,128775.96,411343.016
300815.SZ,20240304,12.6,12.7,12.24,12.7,12.63,0.07,0.5542,46241.69,57826.67
300816.SZ,20240304,18.3,18.47,17.37,17.81,18.34,-0.53,-2.8899,16903.63,30071.401
300817.SZ,20240304,11.86,11.94,11.27,11.69,11.83,-0.14,-1.1834,34714.64,40289.08
300818.SZ,20240304,29.58,29.76,28.75,29.33,29.48,-0.15,-0.5088,11332.53,33087.574
300819.SZ,20240304,11.4,11.4,10.86,11.17,11.28,-0.11,-0.9752,24317.5,26963.674
300820.SZ,20240304,48.26,50.98,47.0,50.67,48.09,2.58,5.3649,73010.83,359550.643
300821.SZ,20240304,7.8,7.95,7.6,7.69,7.88,-0.19,-2.4112,112350.0,86713.755
300822.SZ,20240304,10.48,10.68,10.1,10.29,10.45,-0.16,-1.5311,47168.75,48704.358
300823.SZ,20240304,15.75,15.99,15.08,15.66,15.62,0.04,0.2561,33636.0,52043.795
300824.SZ,20240304,7.33,7.38,7.03,7.13,7.26,-0.13,-1.7906,24154.0,17282.318
300825.SZ,20240304,11.69,11.98,11.44,11.67,11.69,-0.02,-0.1711,105958.6,123321.304
300826.SZ,20240304,12.49,13.25,11.91,13.24,12.48,0.76,6.0897,85919.75,107959.129
300827.SZ,20240304,25.63,26.26,25.5,25.7,25.83,-0.13,-0.5033,92039.94,237469.769
300828.SZ,20240304,12.09,12.65,11.81,12.0,11.61,0.39,3.3592,94475.65,114457.921
300829.SZ,20240304,15.23,15.31,14.72,15.2,15.22,-0.02,-0.1314,16235.2,24372.093
300830.SZ,20240304,6.35,6.44,6.04,6.3,6.34,-0.04,-0.6309,111243.0,69223.624
300831.SZ,20240304,9.99,10.39,9.86,10.25,9.92,0.33,3.3266,47718.0,48318.02
300832.SZ,20240304,80.45,81.9,80.12,81.67,80.63,1.04,1.2898,25914.85,210022.957
300833.SZ,20240304,100.91,104.2,100.48,104.04,101.01,3.03,2.9997,2808.86,28818.414
300834.SZ,20240304,17.59,17.66,17.38,17.54,17.6,-0.06,-0.3409,5830.11,10214.186
300835.SZ,20240304,24.39,24.64,23.8,24.61,24.39,0.22,0.902,22977.15,55789.543
300836.SZ,20240304,20.54,20.84,19.57,20.23,20.53,-0.3,-1.4613,15520.4,31192.762
300837.SZ,20240304,23.19,23.34,22.33,22.8,23.2,-0.4,-1.7241,4264.0,9685.855
300838.SZ,20240304,12.2,12.38,11.82,12.14,12.24,-0.1,-0.817,18986.0,22930.222
300839.SZ,20240304,8.82,8.89,8.56,8.66,8.89,-0.23,-2.5872,35609.57,30870.874
300840.SZ,20240304,15.2,15.66,15.17,15.58,15.25,0.33,2.1639,77437.24,119836.329
300841.SZ,20240304,62.8,64.75,62.6,64.2,62.97,1.23,1.9533,15581.01,99118.633
300842.SZ,20240304,78.74,82.65,78.65,82.58,78.1,4.48,5.7362,65711.59,529043.195
300843.SZ,20240304,16.6,16.68,15.78,16.23,16.35,-0.12,-0.7339,25830.62,41752.082
300844.SZ,20240304,23.9,25.7,22.66,25.15,23.76,1.39,5.8502,37134.13,89669.555
300845.SZ,20240304,13.45,13.67,12.8,13.25,13.36,-0.11,-0.8234,30343.02,39919.873
300846.SZ,20240304,13.32,13.45,12.74,13.14,13.01,0.13,0.9992,346421.82,453818.337
300847.SZ,20240304,16.61,16.92,16.43,16.64,16.7,-0.06,-0.3593,137892.3,229784.818
300848.SZ,20240304,15.66,15.76,15.15,15.4,15.59,-0.19,-1.2187,12963.96,19922.291
300849.SZ,20240304,12.14,12.22,11.91,12.15,12.08,0.07,0.5795,15318.72,18526.135
300850.SZ,20240304,24.98,25.31,24.56,24.81,25.06,-0.25,-0.9976,40667.99,101049.738
300851.SZ,20240304,23.45,24.32,23.04,23.75,23.57,0.18,0.7637,16524.0,38939.439
300852.SZ,20240304,31.2,31.28,30.02,30.99,30.78,0.21,0.6823,13320.2,40988.878
300853.SZ,20240304,19.87,20.28,19.36,20.15,19.89,0.26,1.3072,29784.2,59313.552
300854.SZ,20240304,11.61,11.82,11.06,11.43,11.6,-0.17,-1.4655,32732.71,37317.147
300855.SZ,20240304,23.4,23.7,22.95,23.13,23.5,-0.37,-1.5745,16768.4,38819.982
300856.SZ,20240304,67.7,71.6,67.22,70.73,67.22,3.51,5.2217,26444.99,183089.508
300857.SZ,20240304,50.24,50.25,47.1,49.45,48.65,0.8,1.6444,94269.0,461294.117
300858.SZ,20240304,16.83,16.98,16.58,16.73,16.85,-0.12,-0.7122,14034.1,23435.612
300859.SZ,20240304,24.07,24.24,23.04,23.26,24.06,-0.8,-3.325,40273.0,94620.29
300860.SZ,20240304,40.54,40.82,39.76,40.75,40.55,0.2,0.4932,24296.83,98196.283
300861.SZ,20240304,28.26,28.4,27.77,27.96,28.12,-0.16,-0.569,47816.6,133929.127
300862.SZ,20240304,37.76,38.42,36.01,36.77,37.96,-1.19,-3.1349,30790.68,113261.562
300863.SZ,20240304,39.77,39.77,38.2,39.02,39.34,-0.32,-0.8134,11728.83,45554.391
300864.SZ,20240304,18.15,18.29,17.7,18.18,18.2,-0.02,-0.1099,10177.41,18340.437
300865.SZ,20240304,14.0,14.08,13.3,13.72,13.94,-0.22,-1.5782,17890.0,24474.413
300866.SZ,20240304,83.5,83.54,81.88,83.02,83.88,-0.86,-1.0253,21118.24,174847.706
300867.SZ,20240304,12.24,12.37,11.89,12.04,12.35,-0.31,-2.5101,33382.0,40264.275
300868.SZ,20240304,15.71,16.86,14.57,16.34,15.27,1.07,7.0072,89034.93,140075.082
300869.SZ,20240304,17.7,18.11,17.6,17.86,17.63,0.23,1.3046,37779.52,67288.098
300870.SZ,20240304,51.0,56.88,51.0,51.45,48.26,3.19,6.61,159955.24,844013.145
300871.SZ,20240304,10.3,10.37,9.97,10.1,10.26,-0.16,-1.5595,23175.0,23435.642
300872.SZ,20240304,12.46,12.6,12.11,12.37,12.49,-0.12,-0.9608,60716.5,74941.462
300873.SZ,20240304,18.88,19.05,18.18,18.76,19.05,-0.29,-1.5223,28695.8,53415.643
300875.SZ,20240304,24.31,24.56,23.59,23.94,24.45,-0.51,-2.0859,44053.83,105618.474
300876.SZ,20240304,17.3,17.33,16.45,16.73,17.07,-0.34,-1.9918,8406.7,14100.632
300877.SZ,20240304,12.83,12.92,12.51,12.76,12.82,-0.06,-0.468,12985.0,16489.156
300878.SZ,20240304,18.87,19.6,18.6,19.49,18.77,0.72,3.8359,30816.53,59264.242
300879.SZ,20240304,11.67,11.92,11.13,11.41,11.5,-0.09,-0.7826,23773.72,27268.267
300880.SZ,20240304,16.02,16.19,15.42,15.96,16.09,-0.13,-0.808,73419.96,115904.256
300881.SZ,20240304,19.43,19.69,18.7,19.17,19.45,-0.28,-1.4396,20381.2,38886.709
300882.SZ,20240304,20.27,20.46,19.51,20.25,19.97,0.28,1.4021,46500.99,93088.022
300883.SZ,20240304,5.09,5.14,4.92,4.99,5.08,-0.09,-1.7717,72756.26,36310.66
300884.SZ,20240304,10.66,10.96,10.44,10.83,10.58,0.25,2.3629,129556.6,138677.899
300885.SZ,20240304,7.4,7.43,7.03,7.18,7.35,-0.17,-2.3129,64296.64,46182.914
300886.SZ,20240304,16.64,16.99,15.75,16.36,16.64,-0.28,-1.6827,11209.31,18207.16
300887.SZ,20240304,9.28,9.35,8.97,9.16,9.18,-0.02,-0.2179,64374.68,58721.135
300888.SZ,20240304,35.37,35.95,34.95,35.46,35.47,-0.01,-0.0282,28696.6,101482.195
300889.SZ,20240304,11.01,11.48,10.65,11.09,11.06,0.03,0.2712,33892.0,37350.802
300890.SZ,20240304,24.57,24.95,23.72,24.0,24.57,-0.57,-2.3199,18672.53,44924.481
300891.SZ,20240304,7.41,7.49,7.26,7.4,7.45,-0.05,-0.6711,30085.45,22160.138
300892.SZ,20240304,16.2,16.85,15.92,16.23,16.06,0.17,1.0585,20647.0,33584.058
300893.SZ,20240304,29.38,30.0,29.0,29.87,29.38,0.49,1.6678,17803.0,52932.937
300894.SZ,20240304,13.87,14.2,13.78,13.93,13.74,0.19,1.3828,49702.79,69373.53
300895.SZ,20240304,30.7,32.15,30.28,31.69,30.79,0.9,2.923,111640.62,350391.571
300896.SZ,20240304,319.0,326.88,318.01,322.58,321.22,1.36,0.4234,26768.52,863394.342
300897.SZ,20240304,25.76,25.99,24.8,25.72,25.69,0.03,0.1168,8696.0,22251.292
300898.SZ,20240304,19.08,19.45,18.87,19.36,19.09,0.27,1.4144,34868.53,66821.692
300899.SZ,20240304,21.92,22.45,20.83,22.33,21.83,0.5,2.2904,71143.67,155035.126
300900.SZ,20240304,20.26,20.42,19.75,20.0,20.24,-0.24,-1.1858,25877.46,51781.182
300901.SZ,20240304,7.8,8.66,7.58,8.64,8.0,0.64,8.0,132428.47,107381.594
300902.SZ,20240304,29.54,29.8,28.22,28.99,29.99,-1.0,-3.3344,26032.78,74955.831
300903.SZ,20240304,7.54,7.71,7.4,7.69,7.51,0.18,2.3968,226603.92,172273.919
300904.SZ,20240304,46.79,47.53,45.1,45.86,46.78,-0.92,-1.9667,15154.33,69728.055
300905.SZ,20240304,13.39,13.55,12.94,13.32,13.4,-0.08,-0.597,29362.58,38943.386
300906.SZ,20240304,18.84,18.9,18.2,18.54,18.84,-0.3,-1.5924,10935.56,20270.003
300907.SZ,20240304,15.44,15.56,14.86,15.45,15.47,-0.02,-0.1293,19632.68,29888.423
300908.SZ,20240304,37.78,38.09,37.2,37.86,37.87,-0.01,-0.0264,7544.12,28433.434
300909.SZ,20240304,22.14,22.87,21.57,22.4,21.89,0.51,2.3298,46958.87,104840.68
300910.SZ,20240304,43.61,44.75,42.35,43.07,43.67,-0.6,-1.3739,28844.2,124779.328
300911.SZ,20240304,30.15,30.48,29.22,29.79,29.9,-0.11,-0.3679,16678.21,49767.283
300912.SZ,20240304,12.82,12.95,12.11,12.45,12.8,-0.35,-2.7344,36712.0,45709.705
300913.SZ,20240304,29.9,31.68,29.1,31.13,29.96,1.17,3.9052,164818.84,504730.472
300915.SZ,20240304,26.89,27.09,26.06,26.3,26.9,-0.6,-2.2305,5029.0,13287.531
300916.SZ,20240304,18.3,18.3,17.25,17.74,17.95,-0.21,-1.1699,21945.55,38855.609
300917.SZ,20240304,23.4,23.85,23.0,23.61,23.95,-0.34,-1.4196,76834.06,179673.973
300918.SZ,20240304,9.75,9.9,9.61,9.69,9.82,-0.13,-1.3238,17167.3,16674.688
300919.SZ,20240304,47.8,48.39,47.32,47.6,47.87,-0.27,-0.564,28943.21,138139.475
300920.SZ,20240304,13.95,14.2,13.59,13.91,13.93,-0.02,-0.1436,13318.88,18513.753
300921.SZ,20240304,20.62,20.8,19.78,20.39,19.6,0.79,4.0306,72235.31,146471.832
300922.SZ,20240304,12.02,12.17,11.59,11.95,12.07,-0.12,-0.9942,40061.2,47527.859
300923.SZ,20240304,16.63,17.0,15.93,16.4,16.63,-0.23,-1.383,11535.0,18823.841
300925.SZ,20240304,10.21,10.32,9.86,10.15,10.22,-0.07,-0.6849,146921.57,148266.653
300926.SZ,20240304,28.4,29.15,27.59,27.97,29.89,-1.92,-6.4236,93527.15,262673.211
300927.SZ,20240304,11.9,11.95,11.34,11.6,11.92,-0.32,-2.6846,23948.55,27765.404
300928.SZ,20240304,35.8,36.9,34.67,35.5,36.18,-0.68,-1.8795,23514.72,83118.683
300929.SZ,20240304,8.5,8.6,8.04,8.34,8.42,-0.08,-0.9501,34372.66,28398.263
300930.SZ,20240304,16.8,17.45,16.01,17.05,16.66,0.39,2.3409,22196.56,36873.89
300931.SZ,20240304,5.67,5.84,5.43,5.61,5.68,-0.07,-1.2324,59531.22,33235.082
300932.SZ,20240304,11.21,11.31,10.81,10.98,11.17,-0.19,-1.701,28568.12,31532.519
300933.SZ,20240304,7.2,7.34,6.94,7.26,7.12,0.14,1.9663,114388.0,81736.509
300935.SZ,20240304,18.94,22.49,17.99,21.46,18.83,2.63,13.9671,54814.04,107528.921
300936.SZ,20240304,37.83,40.0,37.29,39.66,36.91,2.75,7.4506,64607.4,250026.231
300937.SZ,20240304,23.61,25.63,23.34,24.75,23.66,1.09,4.6069,35433.25,87235.267
300938.SZ,20240304,30.75,31.58,30.58,31.41,30.8,0.61,1.9805,17760.0,55518.627
300939.SZ,20240304,29.15,29.59,28.18,28.95,29.17,-0.22,-0.7542,29512.99,84962.639
300940.SZ,20240304,15.65,16.16,15.54,15.96,15.69,0.27,1.7208,27619.37,43787.397
300941.SZ,20240304,20.4,20.68,19.52,19.99,20.48,-0.49,-2.3926,111766.35,223734.848
300942.SZ,20240304,7.95,8.23,7.86,8.02,7.97,0.05,0.6274,35358.86,28278.492
300943.SZ,20240304,11.05,11.2,10.52,10.86,11.15,-0.29,-2.6009,56852.78,61554.549
300945.SZ,20240304,9.37,9.57,9.13,9.38,9.24,0.14,1.5152,77754.07,72664.293
300946.SZ,20240304,26.51,26.65,25.58,26.1,26.74,-0.64,-2.3934,19249.26,50143.943
300947.SZ,20240304,10.94,11.1,10.47,10.79,10.9,-0.11,-1.0092,31613.64,33764.588
300948.SZ,20240304,10.35,10.37,9.91,10.28,10.29,-0.01,-0.0972,43136.24,43913.058
300949.SZ,20240304,39.56,42.5,37.1,41.45,39.04,2.41,6.1732,51313.68,204279.254
300950.SZ,20240304,13.87,14.32,13.12,13.78,14.32,-0.54,-3.7709,88744.98,121100.684
300951.SZ,20240304,44.68,45.96,42.91,45.21,44.18,1.03,2.3314,44269.0,198202.49
300952.SZ,20240304,16.73,17.12,16.5,16.71,16.83,-0.12,-0.713,12421.0,20785.973
300953.SZ,20240304,46.8,46.8,45.25,46.21,46.2,0.01,0.0216,7133.77,32868.749
300955.SZ,20240304,14.95,15.06,14.22,14.63,14.88,-0.25,-1.6801,19024.0,27760.187
300956.SZ,20240304,12.56,12.68,11.7,12.31,12.68,-0.37,-2.918,107072.31,129355.338
300957.SZ,20240304,65.26,67.4,65.06,65.65,65.43,0.22,0.3362,27302.03,180028.534
300958.SZ,20240304,13.41,13.85,13.12,13.67,13.41,0.26,1.9389,54716.62,73932.871
300959.SZ,20240304,27.35,27.68,26.58,27.21,27.4,-0.19,-0.6934,11063.5,30022.136
300960.SZ,20240304,15.67,16.18,15.04,15.52,15.77,-0.25,-1.5853,23152.27,35783.245
300961.SZ,20240304,8.13,8.61,7.9,8.22,7.98,0.24,3.0075,58617.32,47954.684
300962.SZ,20240304,13.16,13.22,12.91,13.1,13.1,0.0,0.0,25275.0,33098.19
300963.SZ,20240304,9.4,9.53,9.12,9.46,9.42,0.04,0.4246,42161.62,39396.348
300964.SZ,20240304,35.42,36.69,33.2,36.52,35.06,1.46,4.1643,62792.07,221292.794
300965.SZ,20240304,33.7,36.55,32.22,32.88,34.1,-1.22,-3.5777,16546.32,54917.423
300966.SZ,20240304,17.14,20.05,16.72,19.71,17.08,2.63,15.3981,81019.52,147850.844
300967.SZ,20240304,9.33,9.42,9.16,9.39,9.29,0.1,1.0764,37851.51,35185.347
300968.SZ,20240304,9.6,10.26,9.26,9.89,9.49,0.4,4.215,291109.05,284378.394
300969.SZ,20240304,78.26,79.7,77.32,79.18,79.24,-0.06,-0.0757,6913.47,54317.907
300970.SZ,20240304,12.49,12.59,12.04,12.32,12.52,-0.2,-1.5974,30430.54,37296.965
300971.SZ,20240304,19.38,19.67,18.36,19.02,19.58,-0.56,-2.8601,43169.13,81719.517
300972.SZ,20240304,31.72,31.8,30.7,31.34,31.4,-0.06,-0.1911,5825.62,18137.837
300973.SZ,20240304,35.93,36.16,35.08,35.71,35.61,0.1,0.2808,16816.0,59879.345
300975.SZ,20240304,7.28,7.43,7.15,7.41,7.17,0.24,3.3473,284137.55,207835.146
300976.SZ,20240304,37.88,38.15,36.67,37.7,37.27,0.43,1.1537,6253.8,23477.82
300977.SZ,20240304,14.08,14.36,13.56,14.26,14.05,0.21,1.4947,21687.28,30423.799
300978.SZ,20240304,10.84,10.96,10.52,10.8,10.84,-0.04,-0.369,44791.01,48008.286
300979.SZ,20240304,55.58,56.77,55.0,56.65,55.89,0.76,1.3598,23017.75,128727.723
300980.SZ,20240304,17.98,18.28,17.07,17.39,18.26,-0.87,-4.7645,26711.06,46711.071
300981.SZ,20240304,11.46,11.65,11.21,11.49,11.48,0.01,0.0871,33810.1,38668.225
300982.SZ,20240304,22.62,22.88,21.61,22.07,22.3,-0.23,-1.0314,37682.3,83383.105
300983.SZ,20240304,23.82,24.14,23.36,23.9,23.92,-0.02,-0.0836,5377.0,12753.614
300984.SZ,20240304,18.74,19.46,18.45,18.88,18.93,-0.05,-0.2641,9620.6,18189.422
300985.SZ,20240304,30.31,30.56,28.8,30.19,30.97,-0.78,-2.5186,54533.45,161587.404
300986.SZ,20240304,8.73,8.76,8.08,8.39,8.66,-0.27,-3.1178,74177.69,61835.643
300987.SZ,20240304,15.16,15.7,14.63,15.46,15.18,0.28,1.8445,93550.11,142172.976
300988.SZ,20240304,15.58,15.75,15.0,15.42,15.69,-0.27,-1.7208,38634.79,59278.608
300989.SZ,20240304,14.92,16.2,14.31,15.7,14.92,0.78,5.2279,52686.39,80538.555
300990.SZ,20240304,40.88,44.99,39.4,40.9,38.86,2.04,5.2496,109048.99,455393.191
300991.SZ,20240304,13.0,13.42,12.28,12.84,12.84,0.0,0.0,55643.4,71069.343
300992.SZ,20240304,15.63,16.04,15.31,15.78,15.59,0.19,1.2187,18000.0,28216.341
300993.SZ,20240304,9.7,9.8,9.37,9.66,9.77,-0.11,-1.1259,28570.52,27278.397
300994.SZ,20240304,10.11,10.18,9.8,10.08,10.05,0.03,0.2985,35201.84,35216.373
300995.SZ,20240304,14.3,14.55,13.68,14.17,14.3,-0.13,-0.9091,21262.98,29871.915
300996.SZ,20240304,16.59,16.8,16.1,16.65,16.34,0.31,1.8972,58913.83,97067.504
300997.SZ,20240304,13.69,14.04,13.4,14.01,13.69,0.32,2.3375,43528.74,59922.238
300998.SZ,20240304,18.6,18.68,18.02,18.58,18.42,0.16,0.8686,10915.0,20056.304
300999.SZ,20240304,31.99,32.03,31.42,31.65,32.13,-0.48,-1.4939,68856.5,218157.763
301000.SZ,20240304,17.63,18.99,17.1,18.95,17.75,1.2,6.7606,63391.58,115289.082
301001.SZ,20240304,19.3,19.47,18.24,18.95,19.26,-0.31,-1.6096,25448.98,47843.708
301002.SZ,20240304,14.35,14.37,13.61,14.09,14.34,-0.25,-1.7434,22490.5,31434.888
301003.SZ,20240304,20.31,20.71,19.89,20.66,20.3,0.36,1.7734,14364.39,29239.388
301004.SZ,20240304,56.42,59.96,55.63,59.96,56.37,3.59,6.3686,18603.09,107826.631
301005.SZ,20240304,28.95,30.1,28.8,29.99,28.95,1.04,3.5924,11661.0,34282.525
301006.SZ,20240304,13.46,13.47,12.78,13.14,13.41,-0.27,-2.0134,20268.2,26535.628
301007.SZ,20240304,13.4,13.64,12.85,13.32,13.75,-0.43,-3.1273,152066.24,201048.771
301008.SZ,20240304,21.98,22.04,21.21,21.81,21.72,0.09,0.4144,13500.65,29318.196
301009.SZ,20240304,8.64,8.84,8.37,8.79,8.47,0.32,3.778,53164.43,45714.599
301010.SZ,20240304,12.84,13.09,12.5,12.8,12.81,-0.01,-0.0781,21896.0,27903.149
301011.SZ,20240304,16.15,16.69,15.99,16.61,16.15,0.46,2.8483,37136.82,60974.028
301012.SZ,20240304,17.52,18.66,16.21,16.88,15.88,1.0,6.2972,112096.14,191733.839
301013.SZ,20240304,11.5,11.95,11.33,11.86,11.43,0.43,3.762,213361.83,250050.134
301015.SZ,20240304,33.46,34.68,33.24,34.47,33.88,0.59,1.7414,19095.4,65105.52
301016.SZ,20240304,15.1,15.19,14.44,14.86,15.08,-0.22,-1.4589,19466.57,28787.962
301017.SZ,20240304,14.3,14.53,14.02,14.26,14.27,-0.01,-0.0701,47746.95,67881.632
301018.SZ,20240304,27.49,30.0,26.65,28.44,25.87,2.57,9.9343,207565.74,590835.578
301019.SZ,20240304,18.03,18.08,17.61,17.99,18.04,-0.05,-0.2772,6263.0,11205.612
301020.SZ,20240304,19.7,23.43,18.64,21.79,21.55,0.24,1.1137,149774.52,299426.483
301021.SZ,20240304,18.14,18.32,17.35,17.85,17.99,-0.14,-0.7782,25192.34,44851.991
301022.SZ,20240304,21.56,21.7,20.64,21.07,21.84,-0.77,-3.5256,28686.43,60429.054
301023.SZ,20240304,28.88,29.31,27.76,28.59,28.89,-0.3,-1.0384,9108.5,25856.065
301024.SZ,20240304,21.5,21.5,19.31,19.9,20.18,-0.28,-1.3875,14572.0,28928.084
301025.SZ,20240304,8.54,8.67,8.2,8.57,8.56,0.01,0.1168,70247.42,59360.112
301026.SZ,20240304,23.94,24.67,23.56,24.03,23.92,0.11,0.4599,14310.1,34316.252
301027.SZ,20240304,8.65,8.81,8.28,8.69,8.67,0.02,0.2307,46364.0,39365.182
301028.SZ,20240304,8.45,8.54,8.17,8.39,8.46,-0.07,-0.8274,42568.93,35471.252
301029.SZ,20240304,27.66,27.88,26.51,27.23,27.92,-0.69,-2.4713,192574.0,522792.265
301030.SZ,20240304,53.22,56.02,53.22,54.01,53.8,0.21,0.3903,70634.11,383699.506
301031.SZ,20240304,100.13,101.8,96.58,98.2,100.82,-2.62,-2.5987,11533.0,113028.307
301032.SZ,20240304,7.06,7.44,7.01,7.37,7.06,0.31,4.3909,84887.0,61442.906
301033.SZ,20240304,31.83,33.31,31.25,32.77,31.73,1.04,3.2777,9363.57,30290.444
301035.SZ,20240304,67.08,69.5,66.41,68.6,67.07,1.53,2.2812,8098.0,54697.713
301036.SZ,20240304,16.3,16.47,15.7,16.33,16.3,0.03,0.184,24689.86,39585.923
301037.SZ,20240304,12.85,13.26,12.19,12.61,12.87,-0.26,-2.0202,17838.62,22429.526
301038.SZ,20240304,14.33,16.03,14.05,15.44,14.19,1.25,8.809,85520.18,127767.853
301039.SZ,20240304,9.53,9.58,9.39,9.45,9.54,-0.09,-0.9434,134530.11,126988.747
301040.SZ,20240304,12.65,12.89,12.13,12.52,12.61,-0.09,-0.7137,18381.08,22860.707
301041.SZ,20240304,21.69,22.35,21.0,21.85,21.7,0.15,0.6912,67394.23,146037.729
301042.SZ,20240304,31.21,33.24,31.21,33.03,31.33,1.7,5.4261,40854.12,132062.566
301043.SZ,20240304,24.71,25.29,24.2,24.66,24.71,-0.05,-0.2023,10048.5,24788.489
301045.SZ,20240304,18.85,19.4,18.21,18.77,18.88,-0.11,-0.5826,20275.12,37864.606
301046.SZ,20240304,21.87,22.23,21.33,21.79,21.88,-0.09,-0.4113,17130.79,37234.673
301047.SZ,20240304,71.73,74.3,71.69,72.9,72.18,0.72,0.9975,8328.43,60539.055
301048.SZ,20240304,9.13,9.22,8.92,9.05,9.12,-0.07,-0.7675,43010.66,38901.532
301049.SZ,20240304,15.46,16.11,15.22,15.66,15.52,0.14,0.9021,32108.26,50329.79
301050.SZ,20240304,50.5,51.18,49.85,50.45,50.75,-0.3,-0.5911,23838.33,120111.202
301051.SZ,20240304,47.81,48.63,47.12,48.22,48.49,-0.27,-0.5568,7865.69,37627.639
301052.SZ,20240304,40.81,41.0,38.88,40.78,40.81,-0.03,-0.0735,96500.31,386311.777
301053.SZ,20240304,20.35,20.38,19.4,19.53,20.23,-0.7,-3.4602,12589.09,24789.229
301055.SZ,20240304,11.13,11.3,10.33,10.5,10.98,-0.48,-4.3716,26070.57,27598.778
301056.SZ,20240304,7.64,7.85,7.46,7.8,7.66,0.14,1.8277,44251.5,33930.179
301057.SZ,20240304,11.64,11.79,10.89,11.44,11.54,-0.1,-0.8666,25742.78,29246.652
301058.SZ,20240304,10.21,10.31,9.97,10.13,10.29,-0.16,-1.5549,142143.03,143405.064
301059.SZ,20240304,8.86,8.94,8.56,8.79,8.86,-0.07,-0.7901,16379.27,14291.875
301060.SZ,20240304,10.19,10.69,10.17,10.45,10.25,0.2,1.9512,49981.58,52018.829
301061.SZ,20240304,51.87,54.09,50.82,54.0,52.18,1.82,3.4879,11704.73,61422.089
301062.SZ,20240304,8.48,8.56,8.28,8.41,8.45,-0.04,-0.4734,21091.0,17708.584
301063.SZ,20240304,15.45,15.67,14.81,15.29,15.42,-0.13,-0.8431,23076.55,35044.108
301065.SZ,20240304,16.27,16.51,15.72,15.96,16.2,-0.24,-1.4815,17067.5,27255.926
301066.SZ,20240304,10.06,10.19,9.75,9.9,10.07,-0.17,-1.6882,40651.63,40187.344
301067.SZ,20240304,25.91,27.55,25.6,27.48,25.67,1.81,7.051,32616.8,86924.383
301068.SZ,20240304,24.44,24.88,23.75,24.48,24.24,0.24,0.9901,4022.0,9756.643
301069.SZ,20240304,15.77,15.81,15.11,15.57,15.72,-0.15,-0.9542,29986.0,46456.909
301070.SZ,20240304,31.9,31.9,30.0,31.4,31.18,0.22,0.7056,10335.99,31886.472
301071.SZ,20240304,28.7,28.9,28.08,28.46,28.68,-0.22,-0.7671,30068.43,85365.162
301072.SZ,20240304,20.12,20.29,19.25,19.62,20.12,-0.5,-2.4851,26950.34,52877.279
301073.SZ,20240304,19.2,19.55,18.71,19.31,19.09,0.22,1.1524,35094.63,67426.76
301075.SZ,20240304,18.37,19.09,18.31,19.05,18.41,0.64,3.4764,29348.94,55103.017
301076.SZ,20240304,26.9,27.31,25.75,26.86,27.45,-0.59,-2.1494,104511.42,277034.906
301077.SZ,20240304,14.82,15.13,14.42,14.84,14.8,0.04,0.2703,10757.02,15879.181
301078.SZ,20240304,7.35,8.13,7.25,7.96,7.36,0.6,8.1522,404339.9,309904.622
301079.SZ,20240304,11.6,11.86,11.0,11.51,11.53,-0.02,-0.1735,27144.86,31030.616
301080.SZ,20240304,44.5,47.23,44.32,45.6,44.5,1.1,2.4719,23580.51,108277.939
301081.SZ,20240304,7.7,7.83,7.49,7.74,7.7,0.04,0.5195,30676.8,23502.264
301082.SZ,20240304,12.65,12.94,12.2,12.45,12.49,-0.04,-0.3203,33089.06,41386.875
301083.SZ,20240304,13.9,14.13,13.41,13.98,13.98,0.0,0.0,61496.97,84885.279
301085.SZ,20240304,54.0,57.0,52.11,55.71,52.2,3.51,6.7241,87852.1,478586.339
301086.SZ,20240304,35.79,37.2,35.26,37.11,35.32,1.79,5.068,32770.54,119032.441
301087.SZ,20240304,33.16,34.07,32.66,33.46,33.16,0.3,0.9047,19631.6,65149.31
301088.SZ,20240304,11.97,12.09,11.74,12.0,12.01,-0.01,-0.0833,11101.0,13229.894
301089.SZ,20240304,43.0,45.72,42.7,44.34,42.99,1.35,3.1403,57064.65,252546.312
301090.SZ,20240304,9.73,9.75,9.52,9.61,9.68,-0.07,-0.7231,25876.71,24830.484
301091.SZ,20240304,20.8,21.4,20.57,21.29,20.8,0.49,2.3558,95854.18,201578.742
301092.SZ,20240304,21.21,21.44,20.83,21.26,21.21,0.05,0.2357,5827.0,12339.797
301093.SZ,20240304,26.88,27.32,26.42,27.31,26.88,0.43,1.5997,7692.72,20728.64
301095.SZ,20240304,65.03,66.84,62.8,64.0,65.2,-1.2,-1.8405,29958.7,192300.878
301096.SZ,20240304,67.78,70.05,67.51,69.35,67.78,1.57,2.3163,13238.96,91522.022
301097.SZ,20240304,38.17,38.25,37.15,38.06,37.76,0.3,0.7945,1928.0,7272.445
301098.SZ,20240304,8.21,8.3,7.83,8.09,8.18,-0.09,-1.1002,33276.8,26737.105
301099.SZ,20240304,37.7,38.86,36.99,38.5,37.36,1.14,3.0514,31254.86,118884.289
301100.SZ,20240304,14.64,14.86,14.39,14.81,14.68,0.13,0.8856,11539.0,16925.506
301101.SZ,20240304,30.45,30.88,29.84,30.39,30.58,-0.19,-0.6213,11629.06,35180.334
301102.SZ,20240304,15.53,15.75,15.04,15.75,15.53,0.22,1.4166,32097.95,49359.049
301103.SZ,20240304,24.89,25.5,24.72,25.29,24.89,0.4,1.6071,12796.28,32132.844
301105.SZ,20240304,26.11,26.5,24.93,25.82,26.02,-0.2,-0.7686,6509.0,16657.317
301106.SZ,20240304,35.73,36.29,34.61,34.83,36.13,-1.3,-3.5981,19155.78,67759.977
301107.SZ,20240304,27.13,27.16,25.95,26.41,27.57,-1.16,-4.2075,36343.62,95771.071
301108.SZ,20240304,28.09,28.09,27.53,27.86,28.0,-0.14,-0.5,2786.73,7743.491
301109.SZ,20240304,14.48,14.57,14.23,14.41,14.46,-0.05,-0.3458,11695.75,16782.232
301110.SZ,20240304,34.86,35.17,33.11,34.72,34.85,-0.13,-0.373,11884.57,40659.315
301111.SZ,20240304,17.19,18.54,16.95,18.51,17.18,1.33,7.7416,132113.97,238462.648
301112.SZ,20240304,24.32,24.59,23.5,24.19,24.37,-0.18,-0.7386,21822.61,52360.852
301113.SZ,20240304,22.26,22.72,21.66,21.88,22.14,-0.26,-1.1743,12361.88,27215.846
301115.SZ,20240304,16.0,16.49,15.85,16.34,15.99,0.35,2.1889,15112.77,24591.394
301116.SZ,20240304,9.69,9.8,9.53,9.67,9.66,0.01,0.1035,29033.81,28020.606
301117.SZ,20240304,37.57,37.93,35.0,36.9,37.6,-0.7,-1.8617,39873.74,144978.884
301118.SZ,20240304,16.1,16.32,15.26,15.76,16.28,-0.52,-3.1941,30141.0,47309.048
301119.SZ,20240304,20.32,20.63,19.36,20.11,20.62,-0.51,-2.4733,31063.5,61889.173
301120.SZ,20240304,9.57,9.85,9.04,9.2,8.99,0.21,2.3359,115525.86,107689.606
301121.SZ,20240304,29.35,30.3,28.7,30.29,29.28,1.01,3.4495,17427.54,51824.735
301122.SZ,20240304,27.37,27.88,26.75,27.64,27.35,0.29,1.0603,10408.0,28453.309
301123.SZ,20240304,16.81,16.85,16.19,16.66,16.69,-0.03,-0.1797,29722.0,49289.995
301125.SZ,20240304,14.0,14.31,13.22,13.81,14.47,-0.66,-4.5612,96100.31,131186.078
301126.SZ,20240304,9.11,9.77,9.02,9.65,9.07,0.58,6.3947,87128.26,81998.815
301127.SZ,20240304,9.04,9.09,8.66,8.99,8.97,0.02,0.223,43993.0,38964.827
301128.SZ,20240304,42.1,47.68,42.1,47.68,39.73,7.95,20.0101,109065.43,499926.116
301129.SZ,20240304,18.35,18.35,17.5,18.0,18.36,-0.36,-1.9608,25759.0,46131.131
301130.SZ,20240304,22.39,24.0,22.32,22.75,23.1,-0.35,-1.5152,26756.28,61469.281
301131.SZ,20240304,36.19,36.6,34.6,35.86,36.3,-0.44,-1.2121,21877.98,77611.177
301132.SZ,20240304,23.77,24.0,22.61,23.22,23.91,-0.69,-2.8858,61419.87,142656.044
301133.SZ,20240304,22.77,23.01,22.01,22.45,23.1,-0.65,-2.8139,23440.39,52531.655
301135.SZ,20240304,19.47,19.68,18.68,19.31,19.38,-0.07,-0.3612,16510.3,31734.676
301136.SZ,20240304,9.6,9.7,9.17,9.47,9.51,-0.04,-0.4206,34553.0,32509.3
301137.SZ,20240304,14.74,14.9,14.13,14.71,14.68,0.03,0.2044,30993.48,45057.35
301138.SZ,20240304,29.81,29.82,28.2,29.58,30.81,-1.23,-3.9922,88235.34,255177.099
301139.SZ,20240304,27.55,27.92,26.4,27.4,27.82,-0.42,-1.5097,69884.51,189770.252
301141.SZ,20240304,46.54,48.63,44.8,48.63,46.54,2.09,4.4908,51441.42,242231.366
301148.SZ,20240304,16.21,16.47,15.63,16.08,16.21,-0.13,-0.802,12063.23,19273.129
301149.SZ,20240304,10.2,10.26,9.96,10.18,10.2,-0.02,-0.1961,33670.73,34064.901
301150.SZ,20240304,27.25,27.27,26.12,26.57,26.87,-0.3,-1.1165,11139.01,29577.725
301151.SZ,20240304,15.59,15.84,15.06,15.69,15.61,0.08,0.5125,30671.09,47587.767
301152.SZ,20240304,28.54,28.83,27.3,27.75,28.41,-0.66,-2.3231,40359.28,113300.864
301153.SZ,20240304,66.99,67.2,65.0,66.8,66.99,-0.19,-0.2836,15829.15,104498.147
301155.SZ,20240304,45.0,45.58,44.12,44.26,44.85,-0.59,-1.3155,18078.85,80595.384
301156.SZ,20240304,14.11,14.35,13.71,13.91,14.1,-0.19,-1.3475,17810.53,24836.008
301157.SZ,20240304,33.15,33.57,31.74,32.52,33.04,-0.52,-1.5738,7732.7,25153.57
301158.SZ,20240304,12.94,12.99,12.61,12.9,12.89,0.01,0.0776,20559.0,26380.119
301159.SZ,20240304,35.92,36.71,34.6,36.71,35.92,0.79,2.1993,33651.4,120876.189
301160.SZ,20240304,35.29,35.73,34.1,34.77,35.37,-0.6,-1.6964,11285.97,39159.845
301161.SZ,20240304,16.25,16.32,15.63,15.85,16.24,-0.39,-2.4015,11854.37,18892.673
301162.SZ,20240304,42.2,43.74,40.67,43.65,41.68,1.97,4.7265,26583.04,112880.416
301163.SZ,20240304,23.22,23.59,21.23,22.15,23.05,-0.9,-3.9046,56427.6,124885.879
301165.SZ,20240304,41.42,42.85,39.7,40.38,40.35,0.03,0.0743,130562.28,537359.004
301166.SZ,20240304,30.87,31.7,30.5,31.15,30.88,0.27,0.8744,13544.63,42097.841
301167.SZ,20240304,11.91,12.98,11.39,12.41,11.91,0.5,4.1982,51238.4,61725.474
301168.SZ,20240304,46.0,46.49,44.83,46.48,45.8,0.68,1.4847,39454.84,180157.998
301169.SZ,20240304,40.5,42.68,39.41,42.68,40.75,1.93,4.7362,44876.94,184459.734
301170.SZ,20240304,24.44,24.78,23.33,24.04,24.78,-0.74,-2.9863,22792.18,54663.29
301171.SZ,20240304,20.13,20.41,19.5,20.29,20.4,-0.11,-0.5392,268407.43,538279.702
301172.SZ,20240304,34.4,37.0,33.72,36.0,34.44,1.56,4.5296,59474.67,209939.127
301175.SZ,20240304,4.84,4.87,4.74,4.8,4.86,-0.06,-1.2346,151100.63,72381.497
301176.SZ,20240304,11.57,11.75,11.0,11.33,11.56,-0.23,-1.9896,20188.45,22860.993
301177.SZ,20240304,25.19,25.43,24.5,24.69,25.19,-0.5,-1.9849,11959.75,29750.485
301178.SZ,20240304,22.26,22.64,21.26,22.55,22.26,0.29,1.3028,31353.97,68853.425
301179.SZ,20240304,23.13,24.44,22.65,24.39,22.96,1.43,6.2282,54462.96,129644.915
301180.SZ,20240304,14.11,14.36,13.67,14.14,14.13,0.01,0.0708,45372.51,63723.716
301181.SZ,20240304,21.78,21.96,20.81,21.5,21.78,-0.28,-1.2856,16881.06,35998.86
301182.SZ,20240304,15.51,16.08,14.77,15.6,15.4,0.2,1.2987,28792.94,44473.612
301183.SZ,20240304,42.08,44.62,40.01,42.11,42.65,-0.54,-1.2661,128218.58,541874.103
301185.SZ,20240304,17.75,17.9,16.98,17.85,17.76,0.09,0.5068,74480.02,130346.696
301186.SZ,20240304,32.87,33.12,31.8,33.1,32.84,0.26,0.7917,12601.71,41063.217
301187.SZ,20240304,16.35,16.48,15.82,16.45,16.3,0.15,0.9202,24176.64,39265.858
301188.SZ,20240304,16.55,17.67,16.28,17.6,16.53,1.07,6.4731,45176.75,76720.836
301189.SZ,20240304,22.11,22.48,21.45,21.81,21.89,-0.08,-0.3655,14817.8,32401.544
301190.SZ,20240304,15.51,15.65,15.34,15.61,15.52,0.09,0.5799,4964.75,7700.188
301191.SZ,20240304,97.31,103.0,93.65,100.8,95.26,5.54,5.8157,39305.78,388287.865
301192.SZ,20240304,15.48,15.8,14.81,15.31,15.48,-0.17,-1.0982,22454.77,34106.144
301193.SZ,20240304,16.37,16.59,15.76,16.19,16.37,-0.18,-1.0996,11450.2,18404.805
301195.SZ,20240304,39.11,39.66,37.82,38.85,38.76,0.09,0.2322,16068.28,62107.231
301196.SZ,20240304,29.89,30.3,29.17,29.36,30.11,-0.75,-2.4909,6222.13,18327.443
301197.SZ,20240304,13.4,13.58,12.82,13.16,13.35,-0.19,-1.4232,22668.0,29798.88
301198.SZ,20240304,8.82,8.92,8.27,8.64,8.86,-0.22,-2.4831,49992.81,42641.416
301199.SZ,20240304,22.18,22.3,21.58,22.03,22.42,-0.39,-1.7395,38296.35,84108.186
301200.SZ,20240304,34.99,35.0,34.05,34.58,34.8,-0.22,-0.6322,11216.54,38665.687
301201.SZ,20240304,19.01,22.92,19.01,22.92,19.1,3.82,20.0,100579.1,225764.852
301202.SZ,20240304,27.2,30.98,26.58,28.22,26.47,1.75,6.6113,87679.67,251128.124
301203.SZ,20240304,31.25,31.67,30.35,31.23,31.48,-0.25,-0.7942,8798.52,27225.951
301205.SZ,20240304,98.99,99.12,93.0,95.6,95.48,0.12,0.1257,87660.64,847600.551
301206.SZ,20240304,24.5,24.77,24.15,24.39,24.59,-0.2,-0.8133,3950.02,9647.573
301207.SZ,20240304,24.7,25.44,24.6,25.17,24.78,0.39,1.5738,25568.76,63934.538
301208.SZ,20240304,34.8,36.79,33.46,36.48,34.75,1.73,4.9784,54554.58,193039.219
301209.SZ,20240304,17.22,17.51,16.54,17.16,17.25,-0.09,-0.5217,9682.58,16489.076
301210.SZ,20240304,33.25,33.75,32.48,33.16,33.3,-0.14,-0.4204,7673.82,25325.526
301211.SZ,20240304,18.04,18.8,18.01,18.51,18.05,0.46,2.5485,53752.36,99171.57
301212.SZ,20240304,19.53,19.83,18.9,19.28,19.44,-0.16,-0.823,6291.85,12094.148
301213.SZ,20240304,29.69,30.1,28.6,29.27,29.6,-0.33,-1.1149,14974.0,43710.188
301215.SZ,20240304,5.46,5.47,5.27,5.38,5.44,-0.06,-1.1029,135521.68,72660.294
301216.SZ,20240304,12.39,12.68,12.21,12.36,12.23,0.13,1.063,57852.67,71836.135
301217.SZ,20240304,10.19,10.35,9.94,10.05,10.16,-0.11,-1.0827,39451.94,39695.645
301218.SZ,20240304,27.87,28.16,26.47,28.11,27.67,0.44,1.5902,82637.08,226561.601
301219.SZ,20240304,35.02,35.5,34.36,34.73,35.0,-0.27,-0.7714,16037.35,55709.727
301220.SZ,20240304,28.51,28.87,27.82,28.6,28.7,-0.1,-0.3484,5615.78,15911.869
301221.SZ,20240304,42.78,42.98,40.78,42.12,42.43,-0.31,-0.7306,25378.49,105957.52
301222.SZ,20240304,21.64,21.82,21.11,21.5,21.64,-0.14,-0.647,9158.58,19619.897
301223.SZ,20240304,15.6,15.77,15.36,15.47,15.6,-0.13,-0.8333,5776.31,8948.624
301225.SZ,20240304,29.5,29.84,28.6,29.28,29.93,-0.65,-2.1717,24919.22,72638.064
301226.SZ,20240304,17.7,17.85,16.7,17.29,17.94,-0.65,-3.6232,43891.44,75603.749
301227.SZ,20240304,24.75,25.37,24.67,24.94,25.07,-0.13,-0.5185,7530.19,18864.129
301228.SZ,20240304,11.0,11.15,10.53,10.88,11.05,-0.17,-1.5385,33744.08,36326.322
301229.SZ,20240304,26.46,26.58,25.31,26.04,26.45,-0.41,-1.5501,11550.11,29963.159
301230.SZ,20240304,27.8,29.69,27.68,28.86,28.15,0.71,2.5222,38359.1,109815.541
301231.SZ,20240304,21.01,21.35,19.9,20.84,20.97,-0.13,-0.6199,62100.13,128516.271
301232.SZ,20240304,38.91,39.7,38.09,39.7,39.2,0.5,1.2755,6767.46,26351.371
301233.SZ,20240304,33.1,33.1,31.75,32.66,32.78,-0.12,-0.3661,7459.0,24124.626
301234.SZ,20240304,24.64,25.13,24.05,24.63,24.64,-0.01,-0.0406,15002.0,36892.813
301235.SZ,20240304,19.33,19.95,19.26,19.66,19.39,0.27,1.3925,18206.0,35601.777
301236.SZ,20240304,47.56,48.64,45.51,46.85,45.48,1.37,3.0123,782778.4,3683730.244
301237.SZ,20240304,20.62,20.92,19.88,20.47,20.62,-0.15,-0.7274,7207.0,14604.33
301238.SZ,20240304,15.58,15.75,15.1,15.25,15.58,-0.33,-2.1181,52917.16,80912.957
301239.SZ,20240304,65.16,67.5,65.06,66.65,65.06,1.59,2.4439,27803.73,183743.023
301246.SZ,20240304,21.81,22.36,21.72,22.06,21.89,0.17,0.7766,10425.18,22909.963
301248.SZ,20240304,14.01,14.16,13.36,14.03,13.56,0.47,3.4661,98501.07,136091.562
301251.SZ,20240304,30.74,31.44,29.68,31.2,30.66,0.54,1.7613,46067.2,142104.337
301252.SZ,20240304,39.15,42.0,39.1,41.45,38.39,3.06,7.9708,44858.14,183572.988
301255.SZ,20240304,35.79,37.2,34.89,37.08,35.73,1.35,3.7783,35434.2,128679.537
301256.SZ,20240304,6.76,6.79,6.52,6.69,6.77,-0.08,-1.1817,29681.5,19765.458
301257.SZ,20240304,48.81,51.5,48.53,51.18,48.83,2.35,4.8126,18124.96,91651.791
301258.SZ,20240304,26.06,26.8,25.51,26.05,25.83,0.22,0.8517,12107.0,31432.593
301259.SZ,20240304,18.94,19.59,18.8,18.89,19.1,-0.21,-1.0995,38134.58,72961.627
301260.SZ,20240304,12.88,13.1,12.59,12.8,12.9,-0.1,-0.7752,32265.77,41276.95
301261.SZ,20240304,44.67,45.99,43.9,45.68,44.99,0.69,1.5337,18745.33,84381.315
301262.SZ,20240304,28.99,29.56,28.01,29.46,29.43,0.03,0.1019,75870.71,218831.231
301263.SZ,20240304,14.55,14.82,14.43,14.82,14.55,0.27,1.8557,40229.4,58900.093
301265.SZ,20240304,9.8,10.14,9.78,9.89,9.66,0.23,2.381,57368.26,56970.88
301266.SZ,20240304,40.68,41.58,39.7,40.33,41.03,-0.7,-1.7061,35065.56,141732.84
301267.SZ,20240304,29.39,30.22,29.29,29.85,29.41,0.44,1.4961,65677.0,195325.69
301268.SZ,20240304,24.46,24.66,23.66,23.94,24.5,-0.56,-2.2857,21825.0,52367.479
301269.SZ,20240304,91.7,93.59,90.51,92.12,91.55,0.57,0.6226,28911.82,266266.635
301270.SZ,20240304,32.32,32.88,31.02,32.2,32.01,0.19,0.5936,38184.84,121544.139
301272.SZ,20240304,43.38,46.0,43.3,44.28,43.38,0.9,2.0747,13400.5,59504.36
301273.SZ,20240304,18.19,18.88,17.25,17.89,18.08,-0.19,-1.0509,13086.51,23293.88
301276.SZ,20240304,20.0,20.88,19.78,20.56,20.09,0.47,2.3395,15074.58,30614.933
301277.SZ,20240304,16.8,17.41,16.73,17.23,16.79,0.44,2.6206,36269.73,62140.806
301278.SZ,20240304,45.37,45.73,43.9,44.63,45.73,-1.1,-2.4054,21997.92,98224.265
301279.SZ,20240304,17.38,17.64,16.49,17.11,17.39,-0.28,-1.6101,15937.97,27038.111
301280.SZ,20240304,34.91,35.05,33.53,34.57,34.8,-0.23,-0.6609,13043.72,44830.831
301281.SZ,20240304,29.87,31.8,29.31,31.29,30.05,1.24,4.1265,57030.01,176270.785
301282.SZ,20240304,17.99,18.18,17.23,17.69,17.85,-0.16,-0.8964,32563.92,57455.414
301283.SZ,20240304,27.08,27.11,26.47,26.91,26.87,0.04,0.1489,6214.86,16648.902
301285.SZ,20240304,20.61,21.7,20.23,20.55,20.74,-0.19,-0.9161,76953.98,160365.342
301286.SZ,20240304,29.0,29.2,28.41,29.03,28.86,0.17,0.5891,9595.0,27682.464
301287.SZ,20240304,29.55,29.55,28.5,29.07,29.5,-0.43,-1.4576,10023.79,29066.784
301288.SZ,20240304,13.73,13.76,13.12,13.64,13.53,0.11,0.813,20175.99,27187.076
301289.SZ,20240304,47.0,51.18,45.7,50.45,46.64,3.81,8.169,55446.1,269947.889
301290.SZ,20240304,22.13,22.5,21.93,22.24,21.99,0.25,1.1369,9722.24,21587.678
301291.SZ,20240304,29.53,31.35,29.53,30.35,29.7,0.65,2.1886,33055.7,99848.296
301292.SZ,20240304,14.39,14.58,13.96,14.17,14.39,-0.22,-1.5288,21017.53,29736.203
301293.SZ,20240304,68.2,71.6,67.37,68.05,66.95,1.1,1.643,65756.89,455244.174
301295.SZ,20240304,24.81,25.26,24.05,24.9,24.88,0.02,0.0804,8875.99,21855.752
301296.SZ,20240304,8.6,8.69,8.41,8.54,8.5,0.04,0.4706,37012.0,31581.69
301297.SZ,20240304,22.24,22.45,21.48,22.14,22.57,-0.43,-1.9052,123577.66,272160.222
301298.SZ,20240304,13.49,13.86,13.22,13.46,13.48,-0.02,-0.1484,26255.23,35562.165
301299.SZ,20240304,47.7,48.01,44.54,46.77,48.3,-1.53,-3.1677,28421.63,131700.544
301300.SZ,20240304,22.13,22.27,21.33,21.76,22.05,-0.29,-1.3152,7750.53,16789.406
301301.SZ,20240304,9.31,9.55,9.21,9.53,9.31,0.22,2.3631,162433.59,153702.537
301302.SZ,20240304,20.28,20.48,19.38,20.18,20.26,-0.08,-0.3949,79314.12,158073.931
301303.SZ,20240304,17.0,17.26,16.61,16.82,17.22,-0.4,-2.3229,32063.8,54113.848
301305.SZ,20240304,15.68,15.74,15.1,15.34,15.71,-0.37,-2.3552,23815.32,36568.678
301306.SZ,20240304,32.81,33.45,32.0,33.07,33.73,-0.66,-1.9567,47800.98,157031.751
301307.SZ,20240304,27.37,27.39,25.7,26.43,26.78,-0.35,-1.3069,55893.21,148288.498
301308.SZ,20240304,89.94,90.7,86.04,87.5,87.63,-0.13,-0.1484,71194.51,628027.424
301309.SZ,20240304,24.07,24.28,23.34,23.75,23.83,-0.08,-0.3357,3185.58,7522.602
301310.SZ,20240304,39.02,40.8,38.88,39.16,39.48,-0.32,-0.8105,21841.29,86086.125
301311.SZ,20240304,22.52,24.59,22.37,23.7,22.9,0.8,3.4934,139246.3,327299.971
301312.SZ,20240304,72.08,73.0,68.26,70.59,71.53,-0.94,-1.3141,20317.73,141850.38
301313.SZ,20240304,24.1,28.73,23.13,28.73,23.94,4.79,20.0084,124300.67,322836.239
301314.SZ,20240304,34.98,36.61,34.25,35.75,35.25,0.5,1.4184,13955.27,49392.219
301315.SZ,20240304,62.13,62.56,59.6,60.23,62.73,-2.5,-3.9853,45576.16,275846.676
301316.SZ,20240304,20.12,20.39,19.3,20.19,20.12,0.07,0.3479,59134.97,117591.098
301317.SZ,20240304,15.85,16.13,15.58,16.05,15.85,0.2,1.2618,12038.31,19098.184
301318.SZ,20240304,57.19,58.77,55.2,58.07,57.4,0.67,1.1672,112717.52,645151.362
301319.SZ,20240304,45.03,49.61,45.03,49.08,45.0,4.08,9.0667,20107.55,95818.8
301320.SZ,20240304,15.86,16.0,15.36,15.89,15.88,0.01,0.063,43753.95,68838.588
301321.SZ,20240304,14.4,14.6,13.7,14.23,13.82,0.41,2.9667,76078.72,107868.614
301322.SZ,20240304,34.0,34.22,32.99,33.88,33.99,-0.11,-0.3236,11087.87,37285.522
301323.SZ,20240304,29.01,29.4,28.31,29.34,29.0,0.34,1.1724,12667.16,36732.08
301325.SZ,20240304,67.0,67.78,65.43,66.55,67.15,-0.6,-0.8935,10663.69,70691.066
301326.SZ,20240304,25.33,27.8,24.41,25.45,25.32,0.13,0.5134,14600.3,36911.577
301327.SZ,20240304,58.6,59.05,56.76,57.98,58.65,-0.67,-1.1424,6340.01,36640.519
301328.SZ,20240304,39.6,39.85,37.81,38.72,39.58,-0.86,-2.1728,17184.57,66549.212
301329.SZ,20240304,18.0,18.47,17.08,17.72,17.28,0.44,2.5463,62127.53,110334.886
301330.SZ,20240304,28.38,28.51,27.46,28.35,28.49,-0.14,-0.4914,44073.5,123966.089
301331.SZ,20240304,34.97,36.96,34.5,36.94,34.87,2.07,5.9363,14368.43,51736.98
301332.SZ,20240304,11.05,11.17,10.79,11.05,10.92,0.13,1.1905,68835.17,75821.802
301333.SZ,20240304,49.68,52.68,49.61,51.2,49.74,1.46,2.9353,12023.05,61383.715
301335.SZ,20240304,17.26,17.26,16.63,16.92,17.13,-0.21,-1.2259,5927.93,10002.571
301336.SZ,20240304,31.6,31.88,30.2,31.17,31.6,-0.43,-1.3608,4377.0,13567.816
301337.SZ,20240304,41.6,41.6,39.66,40.71,41.23,-0.52,-1.2612,59384.92,240810.198
301338.SZ,20240304,33.19,34.49,31.31,32.74,33.84,-1.1,-3.2506,69937.22,228124.167
301339.SZ,20240304,16.81,16.85,16.21,16.64,16.81,-0.17,-1.0113,46040.91,76059.652
301345.SZ,20240304,50.65,51.86,49.88,51.57,50.67,0.9,1.7762,7722.0,39214.293
301348.SZ,20240304,35.8,36.44,34.49,36.07,35.6,0.47,1.3202,62393.95,222425.573
301349.SZ,20240304,30.9,31.3,29.09,30.04,30.88,-0.84,-2.7202,19190.93,57686.722
301353.SZ,20240304,25.04,25.2,24.34,24.79,25.13,-0.34,-1.353,7899.16,19550.934
301355.SZ,20240304,12.5,12.57,12.02,12.43,12.57,-0.14,-1.1138,27645.83,33968.858
301356.SZ,20240304,15.56,15.68,15.12,15.33,15.59,-0.26,-1.6677,10586.26,16196.27
301357.SZ,20240304,36.85,37.3,35.56,37.18,36.98,0.2,0.5408,16784.44,61373.028
301358.SZ,20240304,27.37,28.07,27.2,27.5,27.62,-0.12,-0.4345,76049.56,209760.897
301359.SZ,20240304,18.29,18.48,17.32,17.86,18.01,-0.15,-0.8329,23434.06,41816.336
301360.SZ,20240304,57.6,58.58,55.12,57.3,56.96,0.34,0.5969,18699.46,106571.927
301361.SZ,20240304,18.06,18.16,17.36,17.83,18.07,-0.24,-1.3282,21041.14,37415.392
301362.SZ,20240304,34.55,34.9,33.66,34.41,34.73,-0.32,-0.9214,13687.8,46800.138
301363.SZ,20240304,30.58,30.75,29.47,29.92,30.15,-0.23,-0.7629,17045.42,50989.538
301365.SZ,20240304,11.14,11.68,10.76,11.35,11.11,0.24,2.1602,20529.19,22991.18
301366.SZ,20240304,26.08,27.24,25.28,26.41,26.08,0.33,1.2653,43114.2,113595.666
301367.SZ,20240304,104.97,109.31,104.89,107.32,105.5,1.82,1.7251,6819.11,72935.618
301368.SZ,20240304,44.0,45.6,42.78,44.82,44.75,0.07,0.1564,106017.33,469437.717
301369.SZ,20240304,43.76,44.38,42.38,44.07,43.95,0.12,0.273,15765.88,68630.877
301370.SZ,20240304,13.82,14.12,13.65,14.08,13.8,0.28,2.029,41990.97,58359.867
301371.SZ,20240304,31.71,32.37,31.2,31.71,31.71,0.0,0.0,14872.5,47119.808
301372.SZ,20240304,34.31,34.6,32.92,33.73,34.3,-0.57,-1.6618,15022.49,50524.695
301373.SZ,20240304,24.78,24.93,23.61,24.19,24.39,-0.2,-0.82,6883.68,16610.294
301376.SZ,20240304,22.95,23.05,22.21,22.82,23.0,-0.18,-0.7826,34166.13,77035.123
301377.SZ,20240304,18.28,18.48,17.6,17.92,18.25,-0.33,-1.8082,34184.95,61134.905
301378.SZ,20240304,37.0,37.99,36.77,37.21,37.22,-0.01,-0.0269,18275.31,68072.801
301379.SZ,20240304,22.82,23.19,21.93,22.66,22.9,-0.24,-1.048,21726.22,49005.421
301380.SZ,20240304,36.95,37.85,35.86,37.7,36.9,0.8,2.168,19321.23,71727.567
301381.SZ,20240304,26.68,26.99,25.8,26.29,26.81,-0.52,-1.9396,25191.73,66035.934
301382.SZ,20240304,32.88,33.88,32.2,32.93,31.55,1.38,4.374,67198.43,221745.335
301383.SZ,20240304,42.94,43.3,40.43,42.08,42.43,-0.35,-0.8249,41136.54,171521.42
301386.SZ,20240304,20.43,20.5,19.7,20.04,20.43,-0.39,-1.909,17479.96,35003.347
301387.SZ,20240304,54.9,55.5,50.95,51.38,52.8,-1.42,-2.6894,47315.68,250299.265
301388.SZ,20240304,17.56,17.64,16.8,17.31,17.62,-0.31,-1.7594,19506.38,33583.659
301389.SZ,20240304,13.7,14.07,13.4,14.04,13.72,0.32,2.3324,98206.63,135949.101
301390.SZ,20240304,31.04,33.15,30.89,33.15,31.1,2.05,6.5916,18408.13,58551.722
301391.SZ,20240304,112.44,114.5,112.02,113.1,112.89,0.21,0.186,4808.76,54521.146
301393.SZ,20240304,50.33,52.33,49.8,51.3,50.34,0.96,1.907,35988.94,183915.319
301395.SZ,20240304,14.87,14.97,14.57,14.8,14.89,-0.09,-0.6044,7480.91,11056.196
301396.SZ,20240304,21.7,22.93,20.92,22.61,21.75,0.86,3.954,47297.84,103836.571
301397.SZ,20240304,36.2,36.3,34.6,35.9,36.56,-0.66,-1.8053,27794.44,98198.733
301398.SZ,20240304,42.96,43.51,41.23,42.87,42.69,0.18,0.4216,21188.21,90115.535
301399.SZ,20240304,33.0,37.44,33.0,37.44,31.2,6.24,20.0,34720.03,126078.284
301408.SZ,20240304,12.49,13.04,12.4,12.66,12.49,0.17,1.3611,37213.79,47164.853
301413.SZ,20240304,56.0,59.2,52.7,58.36,55.99,2.37,4.2329,28584.05,161047.379
301418.SZ,20240304,39.55,40.93,39.5,40.93,39.54,1.39,3.5154,22395.29,90291.556
301419.SZ,20240304,29.89,31.49,29.38,31.41,29.49,1.92,6.5107,45852.69,140550.281
301421.SZ,20240304,49.78,50.7,48.68,49.56,50.84,-1.28,-2.5177,48161.29,239017.259
301428.SZ,20240304,29.53,30.07,28.8,30.06,29.48,0.58,1.9674,29009.86,85799.663
301429.SZ,20240304,14.3,14.5,13.7,14.23,14.32,-0.09,-0.6285,17478.02,24524.062
301439.SZ,20240304,13.49,13.79,12.92,13.28,13.82,-0.54,-3.9074,100152.74,132934.104
301446.SZ,20240304,23.75,23.95,22.81,23.23,23.69,-0.46,-1.9417,10063.0,23398.218
301448.SZ,20240304,28.0,28.18,25.88,26.79,27.66,-0.87,-3.1453,35478.95,94903.301
301456.SZ,20240304,26.91,27.0,25.6,26.13,26.91,-0.78,-2.8986,25209.88,66098.995
301459.SZ,20240304,39.59,39.88,38.0,39.58,39.75,-0.17,-0.4277,18454.55,72008.084
301468.SZ,20240304,24.03,24.21,23.63,23.98,24.09,-0.11,-0.4566,7094.34,16944.492
301469.SZ,20240304,26.59,26.6,25.81,26.15,26.61,-0.46,-1.7287,18890.52,49354.515
301486.SZ,20240304,35.26,36.54,34.38,36.27,34.95,1.32,3.7768,33174.73,118317.712
301487.SZ,20240304,33.16,33.42,32.26,32.6,33.16,-0.56,-1.6888,37790.36,123679.769
301488.SZ,20240304,49.25,49.98,47.32,48.49,49.25,-0.76,-1.5431,17435.87,84492.563
301489.SZ,20240304,82.25,84.1,74.0,78.0,70.08,7.92,11.3014,82336.01,661996.188
301498.SZ,20240304,42.01,42.66,41.8,42.48,42.3,0.18,0.4255,9067.13,38333.441
301499.SZ,20240304,24.26,25.63,24.06,24.85,24.41,0.44,1.8025,65073.8,161928.595
301500.SZ,20240304,17.28,17.41,16.78,17.05,17.29,-0.24,-1.3881,24667.25,41956.193
301502.SZ,20240304,43.08,43.46,42.01,42.76,43.13,-0.37,-0.8579,25598.95,109179.997
301503.SZ,20240304,28.41,28.6,26.68,27.64,28.0,-0.36,-1.2857,29365.22,80760.7
301505.SZ,20240304,26.28,27.88,25.33,27.08,26.45,0.63,2.3819,34544.34,92013.967
301507.SZ,20240304,13.37,13.77,13.24,13.5,13.32,0.18,1.3514,49678.63,67031.584
301508.SZ,20240304,41.8,42.28,39.79,39.92,42.29,-2.37,-5.6042,116559.17,472562.86
301509.SZ,20240304,65.39,68.84,65.0,66.18,65.54,0.64,0.9765,39446.31,262815.055
301510.SZ,20240304,32.6,34.82,32.23,34.82,32.58,2.24,6.8754,80498.98,271863.068
301511.SZ,20240304,20.8,21.07,20.0,20.36,20.81,-0.45,-2.1624,63712.38,129996.851
301512.SZ,20240304,57.1,59.59,56.8,56.94,57.1,-0.16,-0.2802,32974.52,191311.092
301515.SZ,20240304,21.29,21.88,21.06,21.56,21.31,0.25,1.1732,16240.84,34821.193
301516.SZ,20240304,24.86,26.15,24.51,25.01,24.82,0.19,0.7655,197688.72,497536.114
301517.SZ,20240304,50.0,50.0,47.02,48.54,49.95,-1.41,-2.8228,38501.49,186227.458
301518.SZ,20240304,17.18,17.38,16.8,17.1,17.26,-0.16,-0.927,15666.53,26723.928
301519.SZ,20240304,15.85,16.0,15.34,15.63,15.85,-0.22,-1.388,18663.88,29067.971
301520.SZ,20240304,50.62,55.49,50.62,55.33,51.05,4.28,8.3839,20868.45,112788.024
301525.SZ,20240304,69.38,70.79,68.32,70.12,69.69,0.43,0.617,11210.63,78090.273
301526.SZ,20240304,4.87,4.92,4.73,4.79,4.88,-0.09,-1.8443,462333.84,221552.073
301528.SZ,20240304,55.58,56.85,53.6,55.06,55.74,-0.68,-1.2199,12667.71,69275.044
301529.SZ,20240304,31.68,32.5,31.23,31.9,31.23,0.67,2.1454,26576.56,84465.3
301533.SZ,20240304,28.7,30.6,28.6,29.21,27.9,1.31,4.6953,62106.38,182848.306
301548.SZ,20240304,47.87,48.33,47.16,48.0,48.16,-0.16,-0.3322,6243.26,29830.347
301550.SZ,20240304,33.5,34.0,31.7,33.0,33.55,-0.55,-1.6393,31759.64,103784.712
301555.SZ,20240304,29.6,29.99,28.06,28.77,29.2,-0.43,-1.4726,23855.55,68725.819
301558.SZ,20240304,12.0,12.16,11.52,11.9,11.88,0.02,0.1684,100864.9,119146.909
301559.SZ,20240304,16.7,16.75,16.38,16.55,16.7,-0.15,-0.8982,20424.46,33785.185
301566.SZ,20240304,18.65,18.9,17.82,18.31,18.62,-0.31,-1.6649,45939.46,83680.816
301567.SZ,20240304,42.58,45.02,40.75,44.85,43.02,1.83,4.2538,69722.65,298676.669
301568.SZ,20240304,37.45,38.08,36.08,36.92,37.75,-0.83,-2.1987,40122.05,148404.801
301577.SZ,20240304,57.99,57.99,53.63,55.78,57.99,-2.21,-3.811,35190.17,195481.966
301578.SZ,20240304,51.88,53.98,51.4,52.43,50.98,1.45,2.8443,26624.13,139819.235
301589.SZ,20240304,431.0,436.0,413.08,428.15,434.21,-6.06,-1.3956,8828.72,375354.356
301591.SZ,20240304,58.05,62.68,58.05,58.78,60.48,-1.7,-2.8108,85249.21,508252.244
302132.SZ,20240304,41.4,41.81,40.96,41.45,41.97,-0.52,-1.239,60460.27,250268.505
