ts_code,trade_date,open,high,low,close,pre_close,change,pct_chg,vol,amount
300001.SZ,20241231,22.7,22.83,21.9,21.95,22.73,-0.78,-3.4316,178764.71,397044.055
300002.SZ,20241231,12.14,12.17,11.56,11.59,12.09,-0.5,-4.1356,641268.27,754481.858
300003.SZ,20241231,11.69,11.72,11.33,11.34,11.7,-0.36,-3.0769,216712.58,248937.303
300004.SZ,20241231,6.35,6.45,6.13,6.15,6.39,-0.24,-3.7559,73171.0,45729.52
300005.SZ,20241231,7.2,7.29,7.01,7.01,7.18,-0.17,-2.3677,135515.36,96896.118
300006.SZ,20241231,3.8,3.9,3.65,3.66,3.78,-0.12,-3.1746,564690.04,212117.032
300007.SZ,20241231,21.79,21.96,20.37,20.45,21.75,-1.3,-5.977,325987.02,682408.543
300008.SZ,20241231,4.84,4.88,4.67,4.68,4.84,-0.16,-3.3058,365011.0,173285.183
300009.SZ,20241231,8.92,8.95,8.64,8.64,8.92,-0.28,-3.139,151844.08,133118.192
300010.SZ,20241231,6.27,6.55,6.14,6.21,6.21,0.0,0.0,1627560.42,1029138.451
300011.SZ,20241231,7.63,7.7,7.28,7.28,7.62,-0.34,-4.4619,131326.85,97629.044
300012.SZ,20241231,12.88,12.93,12.42,12.43,12.88,-0.45,-3.4938,249421.97,314432.503
300013.SZ,20241231,3.65,3.67,3.38,3.47,3.62,-0.15,-4.1436,163119.0,57064.736
300014.SZ,20241231,48.31,48.76,46.6,46.74,48.55,-1.81,-3.7281,260230.06,1235583.078
300015.SZ,20241231,13.65,13.7,13.25,13.25,13.65,-0.4,-2.9304,685414.14,921559.124
300016.SZ,20241231,6.4,6.43,6.19,6.2,6.37,-0.17,-2.6688,63374.1,39866.384
300017.SZ,20241231,10.65,11.11,10.42,10.57,10.61,-0.04,-0.377,2874129.47,3089102.918
300018.SZ,20241231,6.99,7.03,6.76,6.77,6.99,-0.22,-3.1474,116248.0,79664.886
300019.SZ,20241231,15.11,15.19,14.6,14.64,15.08,-0.44,-2.9178,59591.9,88266.591
300020.SZ,20241231,3.77,3.96,3.62,3.66,3.5,0.16,4.5714,729012.73,274495.586
300021.SZ,20241231,4.19,4.22,4.05,4.07,4.17,-0.1,-2.3981,130031.02,53606.62
300022.SZ,20241231,5.34,5.45,5.28,5.37,5.36,0.01,0.1866,189016.0,101422.658
300024.SZ,20241231,18.77,18.81,17.94,17.95,18.73,-0.78,-4.1644,571914.17,1043193.534
300025.SZ,20241231,11.31,11.38,10.4,10.75,11.33,-0.58,-5.1192,387717.02,420637.174
300026.SZ,20241231,3.89,3.9,3.78,3.79,3.89,-0.1,-2.5707,320924.0,123029.735
300027.SZ,20241231,2.73,2.75,2.62,2.62,2.72,-0.1,-3.6765,749946.98,199917.148
300029.SZ,20241231,5.02,5.11,4.94,4.99,5.03,-0.04,-0.7952,30680.0,15320.91
300030.SZ,20241231,5.71,5.8,5.51,5.52,5.68,-0.16,-2.8169,56122.0,31640.14
300031.SZ,20241231,19.21,19.34,18.3,18.32,19.22,-0.9,-4.6826,145174.09,271842.938
300032.SZ,20241231,4.69,4.74,4.5,4.51,4.69,-0.18,-3.838,197580.0,90807.114
300033.SZ,20241231,308.12,309.9,285.0,287.5,308.1,-20.6,-6.6861,183722.15,5444655.19
300034.SZ,20241231,16.05,16.06,15.56,15.6,16.05,-0.45,-2.8037,110851.42,174751.444
300035.SZ,20241231,14.44,15.26,14.4,14.95,14.37,0.58,4.0362,402445.55,595818.825
300036.SZ,20241231,17.83,17.89,16.98,16.98,17.79,-0.81,-4.5531,112847.65,194964.109
300037.SZ,20241231,37.73,38.4,37.25,37.44,37.76,-0.32,-0.8475,83672.99,314657.976
300039.SZ,20241231,6.4,6.43,6.18,6.18,6.4,-0.22,-3.4375,165386.5,103833.99
300040.SZ,20241231,7.61,7.7,7.15,7.25,7.71,-0.46,-5.9663,749291.11,550277.011
300041.SZ,20241231,9.76,9.8,9.17,9.2,9.73,-0.53,-5.4471,289221.76,271533.051
300042.SZ,20241231,24.25,24.57,22.96,23.1,24.66,-1.56,-6.326,235417.48,557003.462
300043.SZ,20241231,3.9,3.91,3.62,3.64,3.86,-0.22,-5.6995,807323.89,300553.336
300044.SZ,20241231,6.2,6.27,5.97,6.0,6.19,-0.19,-3.0695,345024.25,210614.737
300045.SZ,20241231,21.92,22.08,20.87,20.89,21.94,-1.05,-4.7858,189151.14,403875.701
300046.SZ,20241231,39.9,40.25,36.16,36.27,39.57,-3.3,-8.3397,269392.29,1012013.072
300047.SZ,20241231,12.5,12.56,11.74,11.75,12.44,-0.69,-5.5466,252270.54,304108.92
300048.SZ,20241231,5.21,5.23,5.03,5.04,5.2,-0.16,-3.0769,108818.59,55503.414
300049.SZ,20241231,32.4,32.62,31.5,31.54,32.49,-0.95,-2.924,56660.0,180796.378
300050.SZ,20241231,5.65,5.68,5.31,5.35,5.6,-0.25,-4.4643,244226.47,133114.155
300051.SZ,20241231,6.89,7.02,6.69,6.69,6.89,-0.2,-2.9028,61097.47,41595.545
300052.SZ,20241231,17.49,17.69,16.73,16.78,17.36,-0.58,-3.341,96489.03,165902.513
300053.SZ,20241231,13.81,13.92,13.04,13.09,13.8,-0.71,-5.1449,231025.82,308455.641
300054.SZ,20241231,27.28,27.3,25.99,26.02,27.15,-1.13,-4.1621,141896.0,374765.186
300055.SZ,20241231,4.91,4.98,4.79,4.79,4.91,-0.12,-2.444,68985.0,33613.565
300056.SZ,20241231,13.22,13.74,12.94,13.28,13.3,-0.02,-0.1504,150166.63,200923.283
300057.SZ,20241231,4.96,5.04,4.8,4.82,4.99,-0.17,-3.4068,163613.59,79937.189
300058.SZ,20241231,9.7,9.85,9.25,9.28,9.64,-0.36,-3.7344,1745055.62,1672593.684
300059.SZ,20241231,27.01,27.19,25.8,25.82,27.16,-1.34,-4.9337,6539325.71,17319751.362
300061.SZ,20241231,13.59,13.88,12.89,12.9,13.51,-0.61,-4.5152,337454.1,452683.726
300062.SZ,20241231,6.24,6.34,5.88,5.88,6.2,-0.32,-5.1613,271487.93,164382.213
300063.SZ,20241231,9.8,9.86,9.11,9.12,9.8,-0.68,-6.9388,730028.0,682205.672
300065.SZ,20241231,8.71,8.85,8.2,8.2,8.7,-0.5,-5.7471,293494.98,246945.824
300066.SZ,20241231,4.08,4.13,3.93,3.94,4.08,-0.14,-3.4314,164944.0,66021.833
300067.SZ,20241231,6.36,6.74,6.11,6.17,6.19,-0.02,-0.3231,2842599.08,1813443.976
300068.SZ,20241231,17.09,17.14,16.1,16.14,17.1,-0.96,-5.614,509149.98,838335.582
300069.SZ,20241231,13.37,13.65,13.1,13.17,13.45,-0.28,-2.0818,23340.64,31121.382
300070.SZ,20241231,5.28,5.34,5.05,5.06,5.28,-0.22,-4.1667,390193.3,201630.756
300071.SZ,20241231,5.12,5.16,4.73,4.74,5.07,-0.33,-6.5089,724292.68,353334.603
300072.SZ,20241231,3.66,3.71,3.55,3.55,3.65,-0.1,-2.7397,235713.5,85394.461
300073.SZ,20241231,42.11,42.22,40.11,40.28,42.11,-1.83,-4.3458,116368.92,476383.699
300074.SZ,20241231,4.11,4.17,3.97,3.98,4.09,-0.11,-2.6895,195550.01,79096.634
300075.SZ,20241231,17.65,17.94,17.24,17.3,17.54,-0.24,-1.3683,189031.29,332459.192
300076.SZ,20241231,7.57,7.61,7.06,7.06,7.53,-0.47,-6.2417,222896.66,161309.574
300077.SZ,20241231,25.5,25.58,23.83,23.84,25.26,-1.42,-5.6215,435929.81,1061536.408
300078.SZ,20241231,3.14,3.22,3.04,3.04,3.14,-0.1,-3.1847,309520.08,96438.705
300079.SZ,20241231,5.73,5.78,5.41,5.41,5.71,-0.3,-5.2539,379355.0,210506.781
300080.SZ,20241231,4.53,4.6,4.37,4.37,4.53,-0.16,-3.532,118251.0,52619.396
300081.SZ,20241231,7.58,7.64,7.16,7.18,7.56,-0.38,-5.0265,310441.5,229145.205
300082.SZ,20241231,6.43,6.52,6.25,6.27,6.41,-0.14,-2.1841,72193.42,45913.809
300083.SZ,20241231,6.88,6.88,6.38,6.51,7.23,-0.72,-9.9585,1428098.75,943594.05
300084.SZ,20241231,5.47,5.59,5.33,5.38,5.44,-0.06,-1.1029,56980.1,31157.754
300085.SZ,20241231,41.28,41.63,38.09,38.25,41.56,-3.31,-7.9644,520666.49,2059622.771
300086.SZ,20241231,4.99,5.1,4.89,4.9,5.0,-0.1,-2.0,152040.0,76007.883
300087.SZ,20241231,12.0,12.19,11.62,11.8,12.06,-0.26,-2.1559,443584.65,527854.659
300088.SZ,20241231,6.88,6.91,6.53,6.54,6.89,-0.35,-5.0798,734209.0,490415.823
300091.SZ,20241231,2.14,2.2,2.04,2.05,2.14,-0.09,-4.2056,561178.96,117259.37
300092.SZ,20241231,11.99,11.99,11.51,11.54,11.92,-0.38,-3.1879,54925.0,64232.945
300093.SZ,20241231,14.35,14.57,13.78,13.81,14.28,-0.47,-3.2913,86541.85,122147.04
300094.SZ,20241231,3.92,4.0,3.79,3.79,3.92,-0.13,-3.3163,506186.54,197170.164
300095.SZ,20241231,7.13,7.16,6.79,6.79,7.17,-0.38,-5.2999,157271.72,108771.115
300096.SZ,20241231,3.15,3.3,3.13,3.17,3.14,0.03,0.9554,123513.0,39466.032
300097.SZ,20241231,5.37,5.47,5.31,5.34,5.33,0.01,0.1876,122705.4,65963.819
300098.SZ,20241231,5.8,5.85,5.45,5.48,5.76,-0.28,-4.8611,828877.48,464258.988
300099.SZ,20241231,6.23,6.34,5.97,6.0,6.17,-0.17,-2.7553,114771.03,70100.358
300100.SZ,20241231,28.49,28.94,27.51,27.64,28.47,-0.83,-2.9153,192288.73,541724.093
300101.SZ,20241231,22.68,22.77,21.64,21.66,22.64,-0.98,-4.3286,129921.0,287369.476
300102.SZ,20241231,10.95,11.09,10.35,10.36,11.0,-0.64,-5.8182,273367.04,290985.768
300103.SZ,20241231,6.46,6.56,6.25,6.29,6.43,-0.14,-2.1773,39248.01,25046.844
300105.SZ,20241231,8.26,8.4,7.6,7.63,8.31,-0.68,-8.1829,369610.0,291243.828
300106.SZ,20241231,9.12,9.28,8.77,8.78,9.1,-0.32,-3.5165,158288.9,142270.634
300107.SZ,20241231,9.96,10.03,9.42,9.44,9.98,-0.54,-5.4108,154846.0,149602.707
300108.SZ,20241231,1.24,1.42,1.24,1.28,1.5,-0.22,-14.6667,829640.61,108538.393
300109.SZ,20241231,16.84,16.9,15.87,15.95,16.84,-0.89,-5.285,122048.31,198647.018
300110.SZ,20241231,3.61,3.64,3.52,3.52,3.62,-0.1,-2.7624,151255.36,54015.363
300111.SZ,20241231,3.43,3.49,3.23,3.24,3.43,-0.19,-5.5394,329983.0,109410.189
300112.SZ,20241231,9.48,9.5,9.0,9.01,9.34,-0.33,-3.5332,65035.25,59684.328
300113.SZ,20241231,17.36,17.44,16.5,16.81,17.35,-0.54,-3.1124,387702.29,652979.275
300115.SZ,20241231,16.96,16.96,16.2,16.24,16.97,-0.73,-4.3017,574818.97,950540.32
300117.SZ,20241231,1.13,1.17,1.08,1.09,1.15,-0.06,-5.2174,476670.0,52896.356
300118.SZ,20241231,12.58,12.65,11.98,11.98,12.54,-0.56,-4.4657,195835.22,239265.159
300119.SZ,20241231,18.69,18.92,18.37,18.37,18.71,-0.34,-1.8172,37183.0,69222.814
300120.SZ,20241231,9.8,9.92,9.29,9.3,9.77,-0.47,-4.8106,183323.04,174276.106
300121.SZ,20241231,12.36,12.63,12.08,12.09,12.32,-0.23,-1.8669,160059.84,197394.57
300122.SZ,20241231,27.6,27.67,26.3,26.3,27.53,-1.23,-4.4679,219318.41,589187.865
300123.SZ,20241231,6.1,6.12,5.8,5.8,6.09,-0.29,-4.7619,254532.0,150644.581
300124.SZ,20241231,60.08,60.22,58.58,58.58,60.08,-1.5,-2.4967,164025.38,973972.699
300125.SZ,20241231,6.9,7.03,6.45,6.58,6.81,-0.23,-3.3774,106541.37,71357.133
300126.SZ,20241231,5.27,5.34,5.12,5.13,5.27,-0.14,-2.6565,51577.0,26835.933
300127.SZ,20241231,25.77,26.04,24.55,24.58,25.77,-1.19,-4.6178,86509.0,217699.278
300128.SZ,20241231,5.3,5.38,5.13,5.15,5.29,-0.14,-2.6465,180751.34,94151.524
300129.SZ,20241231,7.2,7.27,7.05,7.05,7.22,-0.17,-2.3546,101088.27,72012.633
300130.SZ,20241231,23.2,23.35,21.66,21.66,23.14,-1.48,-6.3959,204888.87,456270.979
300131.SZ,20241231,8.02,8.37,7.99,8.11,8.0,0.11,1.375,671431.0,548906.253
300132.SZ,20241231,5.06,5.07,4.93,4.93,5.04,-0.11,-2.1825,80308.0,40056.135
300133.SZ,20241231,7.61,7.69,7.22,7.22,7.61,-0.39,-5.1248,620946.5,460190.14
300134.SZ,20241231,12.4,12.51,11.71,11.73,12.41,-0.68,-5.4795,117664.41,141715.144
300135.SZ,20241231,4.05,4.09,3.94,3.96,4.05,-0.09,-2.2222,196576.83,78743.079
300136.SZ,20241231,26.74,26.86,25.44,25.44,26.74,-1.3,-4.8616,282566.94,733021.051
300137.SZ,20241231,5.95,6.18,5.95,6.04,6.01,0.03,0.4992,96041.47,58187.777
300138.SZ,20241231,8.92,9.02,8.69,8.72,8.94,-0.22,-2.4609,47880.52,42209.522
300139.SZ,20241231,15.12,15.2,14.56,14.59,15.12,-0.53,-3.5053,98058.05,145513.459
300140.SZ,20241231,6.19,6.25,5.97,5.99,6.2,-0.21,-3.3871,112787.87,68527.97
300141.SZ,20241231,11.06,11.21,10.6,10.64,11.22,-0.58,-5.1693,294938.0,319333.466
300142.SZ,20241231,12.53,12.6,12.08,12.08,12.52,-0.44,-3.5144,223096.6,274026.848
300143.SZ,20241231,9.45,9.48,9.19,9.2,9.42,-0.22,-2.3355,42151.9,39114.99
300144.SZ,20241231,9.54,9.64,9.29,9.29,9.54,-0.25,-2.6205,293628.33,277573.437
300145.SZ,20241231,3.98,4.05,3.7,3.71,3.99,-0.28,-7.0175,1445276.86,553973.428
300146.SZ,20241231,12.34,12.4,12.02,12.05,12.34,-0.29,-2.3501,148802.07,181235.343
300147.SZ,20241231,10.28,10.32,9.74,9.77,10.19,-0.42,-4.1217,325557.47,323926.756
300148.SZ,20241231,3.8,3.85,3.62,3.63,3.8,-0.17,-4.4737,348641.0,129301.096
300149.SZ,20241231,6.64,6.71,6.4,6.42,6.58,-0.16,-2.4316,114032.89,74562.894
300150.SZ,20241231,4.54,4.63,4.37,4.38,4.55,-0.17,-3.7363,133521.61,59674.426
300151.SZ,20241231,17.43,17.61,16.93,17.0,17.43,-0.43,-2.467,69334.0,119686.511
300152.SZ,20241231,5.18,5.25,5.04,5.05,5.16,-0.11,-2.1318,288418.41,147629.693
300153.SZ,20241231,15.35,15.98,14.5,15.83,15.14,0.69,4.5575,762039.82,1167575.406
300154.SZ,20241231,10.89,12.0,10.75,10.96,10.97,-0.01,-0.0912,365296.0,411456.203
300155.SZ,20241231,5.01,5.07,4.79,4.79,4.97,-0.18,-3.6217,97360.0,47652.106
300157.SZ,20241231,2.94,3.02,2.86,2.9,2.93,-0.03,-1.0239,243944.84,71484.588
300158.SZ,20241231,4.44,4.49,4.3,4.32,4.44,-0.12,-2.7027,154309.07,68027.465
300159.SZ,20241231,2.86,2.9,2.74,2.76,2.89,-0.13,-4.4983,778649.0,217457.993
300160.SZ,20241231,5.6,5.64,5.43,5.44,5.6,-0.16,-2.8571,79440.65,43837.469
300161.SZ,20241231,27.5,27.65,26.3,26.34,27.37,-1.03,-3.7632,35037.23,93821.046
300162.SZ,20241231,7.86,7.99,7.52,7.53,7.83,-0.3,-3.8314,184572.0,142951.517
300163.SZ,20241231,2.38,2.42,2.31,2.34,2.38,-0.04,-1.6807,98878.2,23339.018
300164.SZ,20241231,4.4,4.43,4.21,4.26,4.26,0.0,0.0,363745.01,157331.183
300165.SZ,20241231,3.03,3.1,3.0,3.01,3.05,-0.04,-1.3115,91558.0,27842.944
300166.SZ,20241231,10.1,10.16,9.39,9.4,9.9,-0.5,-5.0505,367408.73,357702.531
300167.SZ,20241231,2.49,2.57,2.26,2.28,2.48,-0.2,-8.0645,256878.3,60684.984
300168.SZ,20241231,8.36,8.46,7.93,7.94,8.28,-0.34,-4.1063,269532.77,219653.153
300169.SZ,20241231,8.05,8.17,7.61,7.61,8.01,-0.4,-4.9938,142346.02,111496.48
300170.SZ,20241231,13.68,13.76,12.34,12.4,13.51,-1.11,-8.2161,1299715.27,1670388.377
300171.SZ,20241231,13.83,13.88,13.24,13.28,13.83,-0.55,-3.9769,88606.33,119510.973
300172.SZ,20241231,5.21,5.28,5.05,5.05,5.17,-0.12,-2.3211,184584.05,94828.01
300173.SZ,20241231,5.72,5.94,5.58,5.65,5.67,-0.02,-0.3527,486674.0,279639.196
300174.SZ,20241231,15.08,15.16,14.63,14.72,15.08,-0.36,-2.3873,47072.2,69896.058
300175.SZ,20241231,5.73,5.93,5.52,5.52,5.59,-0.07,-1.2522,192801.49,109944.391
300176.SZ,20241231,7.18,7.22,6.92,6.92,7.14,-0.22,-3.0812,78109.0,55091.061
300177.SZ,20241231,11.75,11.82,10.84,10.91,11.68,-0.77,-6.5925,509296.03,571293.746
300179.SZ,20241231,11.17,12.19,11.14,11.25,11.13,0.12,1.0782,480823.39,565611.117
300180.SZ,20241231,6.67,6.73,6.29,6.3,6.66,-0.36,-5.4054,557451.0,360616.145
300181.SZ,20241231,15.95,16.25,15.35,15.36,15.75,-0.39,-2.4762,163811.0,257779.306
300182.SZ,20241231,6.27,6.32,5.85,5.87,6.17,-0.3,-4.8622,1159665.5,705087.606
300183.SZ,20241231,18.55,19.47,18.45,19.35,18.63,0.72,3.8647,353882.54,676219.381
300184.SZ,20241231,9.84,9.93,9.33,9.33,9.84,-0.51,-5.1829,458057.76,436365.833
300185.SZ,20241231,2.67,2.7,2.57,2.57,2.67,-0.1,-3.7453,588008.03,154061.233
300187.SZ,20241231,5.15,5.18,5.03,5.05,5.12,-0.07,-1.3672,46321.0,23589.809
300188.SZ,20241231,14.79,14.88,13.75,13.79,15.03,-1.24,-8.2502,304742.54,431528.383
300189.SZ,20241231,3.87,4.14,3.83,3.93,3.87,0.06,1.5504,1491372.15,595342.28
300190.SZ,20241231,3.59,3.64,3.49,3.51,3.58,-0.07,-1.9553,81805.8,29117.365
300191.SZ,20241231,13.05,13.31,12.68,12.8,12.86,-0.06,-0.4666,37663.0,49056.752
300192.SZ,20241231,17.62,17.7,15.8,15.9,17.37,-1.47,-8.4629,357993.4,588250.171
300193.SZ,20241231,9.22,9.25,8.87,8.89,9.19,-0.3,-3.2644,116402.01,105064.651
300194.SZ,20241231,4.58,4.61,4.45,4.46,4.57,-0.11,-2.407,179547.93,81019.258
300195.SZ,20241231,5.81,5.9,5.6,5.63,5.81,-0.18,-3.0981,94599.0,54239.004
300196.SZ,20241231,11.12,11.15,10.78,10.89,11.11,-0.22,-1.9802,37231.0,40784.036
300197.SZ,20241231,2.41,2.45,2.3,2.31,2.42,-0.11,-4.5455,748446.92,176106.301
300198.SZ,20241231,2.2,2.22,2.09,2.1,2.14,-0.04,-1.8692,372584.35,79520.786
300199.SZ,20241231,12.96,13.21,12.63,12.89,12.97,-0.08,-0.6168,333721.4,430808.707
300200.SZ,20241231,8.59,8.63,8.27,8.28,8.56,-0.28,-3.271,47811.8,40130.205
300201.SZ,20241231,5.45,5.57,5.24,5.26,5.39,-0.13,-2.4119,322443.38,173945.965
300203.SZ,20241231,15.77,15.8,15.2,15.23,15.59,-0.36,-2.3092,50763.97,78280.736
300204.SZ,20241231,7.65,7.75,7.4,7.41,7.57,-0.16,-2.1136,61145.64,46233.04
300205.SZ,20241231,4.43,4.48,4.36,4.36,4.4,-0.04,-0.9091,84510.0,37331.856
300206.SZ,20241231,11.49,11.6,11.16,11.18,11.53,-0.35,-3.0356,94486.52,107198.579
300207.SZ,20241231,23.22,23.33,22.3,22.31,23.22,-0.91,-3.919,299787.0,679301.064
300208.SZ,20241231,2.97,3.03,2.81,2.95,2.92,0.03,1.0274,208527.5,60845.945
300209.SZ,20241231,5.53,5.71,5.33,5.41,5.53,-0.12,-2.17,74272.0,40904.361
300210.SZ,20241231,10.66,10.73,10.24,10.24,10.62,-0.38,-3.5782,87677.99,91362.139
300211.SZ,20241231,9.63,9.85,8.89,8.9,9.59,-0.69,-7.195,331533.44,307501.286
300212.SZ,20241231,25.0,25.29,23.4,23.4,24.46,-1.06,-4.3336,161353.66,390581.8
300213.SZ,20241231,8.1,8.11,7.68,7.69,8.08,-0.39,-4.8267,229446.7,180822.991
300214.SZ,20241231,5.89,5.92,5.55,5.59,5.9,-0.31,-5.2542,85944.0,49067.529
300215.SZ,20241231,6.2,6.3,5.93,5.93,6.29,-0.36,-5.7234,136006.02,82818.429
300217.SZ,20241231,4.65,4.68,4.5,4.51,4.64,-0.13,-2.8017,272316.94,124702.43
300218.SZ,20241231,15.5,15.83,15.34,15.4,15.41,-0.01,-0.0649,53167.0,82821.252
300219.SZ,20241231,7.93,8.05,7.45,7.49,7.91,-0.42,-5.3097,252616.0,195706.165
300220.SZ,20241231,14.05,14.34,13.6,13.78,14.1,-0.32,-2.2695,56685.8,79216.113
300221.SZ,20241231,6.16,6.19,5.81,5.84,6.14,-0.3,-4.886,200172.0,119516.25
300222.SZ,20241231,10.5,10.5,9.95,9.97,10.39,-0.42,-4.0423,233696.78,237452.683
300223.SZ,20241231,73.25,74.0,68.11,68.2,73.3,-5.1,-6.9577,169850.82,1197068.627
300224.SZ,20241231,13.25,13.34,12.3,12.31,13.25,-0.94,-7.0943,295957.58,378557.056
300225.SZ,20241231,6.72,6.82,6.43,6.46,6.68,-0.22,-3.2934,99089.05,65619.147
300226.SZ,20241231,24.2,24.3,22.87,22.87,23.81,-0.94,-3.9479,112660.26,264317.454
300227.SZ,20241231,8.84,9.08,8.32,8.33,8.88,-0.55,-6.1937,181533.7,155489.851
300228.SZ,20241231,7.22,7.38,7.05,7.05,7.16,-0.11,-1.5363,172479.99,124520.502
300229.SZ,20241231,20.98,21.69,20.61,20.94,20.67,0.27,1.3062,803571.63,1706879.489
300230.SZ,20241231,4.56,4.62,4.44,4.45,4.57,-0.12,-2.6258,109707.72,49553.149
300231.SZ,20241231,13.85,13.99,12.44,12.46,13.85,-1.39,-10.0361,513778.93,667558.34
300232.SZ,20241231,7.25,7.33,6.87,6.87,7.25,-0.38,-5.2414,334143.33,235809.982
300233.SZ,20241231,12.28,12.36,11.97,12.0,12.31,-0.31,-2.5183,55572.37,67517.65
300234.SZ,20241231,4.78,4.85,4.65,4.67,4.77,-0.1,-2.0964,53465.0,25290.42
300235.SZ,20241231,11.3,11.38,10.75,10.78,11.21,-0.43,-3.8359,64005.5,70387.015
300236.SZ,20241231,38.85,39.25,37.37,37.37,38.96,-1.59,-4.0811,45949.5,174714.617
300237.SZ,20241231,2.21,2.27,2.17,2.18,2.2,-0.02,-0.9091,420029.0,92805.212
300238.SZ,20241231,12.74,12.79,12.0,12.04,12.72,-0.68,-5.3459,66717.0,81765.113
300239.SZ,20241231,6.05,6.32,6.01,6.26,6.1,0.16,2.623,643142.3,395796.806
300240.SZ,20241231,6.77,6.82,6.57,6.57,6.77,-0.2,-2.9542,75725.0,50556.032
300241.SZ,20241231,5.67,5.91,5.49,5.49,5.67,-0.18,-3.1746,374973.56,210526.957
300242.SZ,20241231,4.3,4.34,4.07,4.07,4.22,-0.15,-3.5545,352788.0,147169.96
300243.SZ,20241231,9.8,9.84,9.52,9.52,9.79,-0.27,-2.7579,42053.4,40648.335
300244.SZ,20241231,11.79,11.86,11.35,11.35,11.8,-0.45,-3.8136,108320.2,125086.279
300245.SZ,20241231,15.53,16.86,15.38,15.63,15.69,-0.06,-0.3824,693793.71,1118436.034
300246.SZ,20241231,6.79,6.87,6.58,6.59,6.74,-0.15,-2.2255,46966.0,31497.809
300247.SZ,20241231,3.7,3.75,3.58,3.58,3.7,-0.12,-3.2432,155287.0,56567.09
300248.SZ,20241231,10.15,10.29,9.61,9.69,10.12,-0.43,-4.249,111442.7,110838.325
300249.SZ,20241231,13.35,14.19,12.7,12.78,13.62,-0.84,-6.1674,781589.53,1035649.001
300250.SZ,20241231,14.95,14.98,14.06,14.1,14.69,-0.59,-4.0163,70730.99,102153.884
300251.SZ,20241231,9.44,9.78,9.34,9.44,9.43,0.01,0.106,668367.55,636562.299
300252.SZ,20241231,11.98,12.16,10.57,10.76,11.98,-1.22,-10.1836,1246105.31,1398372.64
300253.SZ,20241231,7.49,7.56,7.16,7.16,7.45,-0.29,-3.8926,322923.76,236023.134
300254.SZ,20241231,8.88,8.96,8.75,8.75,8.9,-0.15,-1.6854,43469.8,38403.904
300255.SZ,20241231,20.0,20.35,19.16,19.99,20.07,-0.08,-0.3986,175976.15,347131.121
300256.SZ,20241231,4.73,4.78,4.38,4.38,4.68,-0.3,-6.4103,1055719.5,475826.994
300257.SZ,20241231,9.42,9.47,9.12,9.12,9.42,-0.3,-3.1847,68168.0,63100.65
300258.SZ,20241231,9.19,9.23,8.88,8.91,9.17,-0.26,-2.8353,76836.92,69358.312
300259.SZ,20241231,3.61,3.65,3.5,3.5,3.6,-0.1,-2.7778,127385.55,45345.083
300260.SZ,20241231,29.05,29.19,27.07,27.09,29.06,-1.97,-6.7791,129224.43,360052.705
300261.SZ,20241231,7.1,7.13,6.85,6.85,7.07,-0.22,-3.1117,135125.0,94057.135
300263.SZ,20241231,7.72,7.74,7.24,7.3,7.71,-0.41,-5.3178,247186.01,183991.235
300264.SZ,20241231,5.67,5.7,5.39,5.39,5.62,-0.23,-4.0925,216093.33,119143.504
300265.SZ,20241231,8.71,8.72,8.21,8.22,8.72,-0.5,-5.7339,174670.26,146749.911
300266.SZ,20241231,2.92,2.94,2.84,2.85,2.86,-0.01,-0.3497,290298.69,83533.712
300267.SZ,20241231,2.86,2.9,2.78,2.78,2.86,-0.08,-2.7972,255429.0,72245.188
300268.SZ,20241231,7.09,7.15,6.76,6.78,7.09,-0.31,-4.3724,19251.0,13376.393
300269.SZ,20241231,4.16,4.16,3.96,3.98,4.12,-0.14,-3.3981,214001.25,86111.762
300270.SZ,20241231,7.52,7.57,7.13,7.15,7.45,-0.3,-4.0268,120858.0,88278.662
300271.SZ,20241231,7.37,7.42,7.01,7.02,7.33,-0.31,-4.2292,158487.04,113661.953
300272.SZ,20241231,6.37,6.42,6.13,6.15,6.35,-0.2,-3.1496,73126.0,45790.779
300274.SZ,20241231,75.0,77.22,73.52,73.83,75.09,-1.26,-1.678,302553.04,2270087.635
300275.SZ,20241231,15.0,15.4,14.7,14.7,14.88,-0.18,-1.2097,110138.0,165575.555
300276.SZ,20241231,9.45,9.66,8.9,8.99,9.6,-0.61,-6.3542,1233428.58,1135797.177
300277.SZ,20241231,11.71,11.86,11.23,11.27,11.73,-0.46,-3.9216,94768.78,108710.638
300278.SZ,20241231,6.23,6.29,5.83,5.85,6.23,-0.38,-6.0995,699098.0,421445.668
300279.SZ,20241231,6.37,6.44,6.06,6.06,6.37,-0.31,-4.8666,143616.23,89066.239
300280.SZ,20241231,21.57,22.2,20.74,21.1,21.9,-0.8,-3.653,239928.5,512214.706
300281.SZ,20241231,5.76,5.85,5.58,5.59,5.76,-0.17,-2.9514,96880.0,54973.431
300283.SZ,20241231,5.66,5.77,5.48,5.49,5.67,-0.18,-3.1746,77023.0,43035.904
300284.SZ,20241231,10.77,10.86,10.11,10.15,10.88,-0.73,-6.7096,334742.4,350025.537
300285.SZ,20241231,17.75,17.87,17.04,17.04,17.84,-0.8,-4.4843,134704.0,233628.939
300286.SZ,20241231,21.9,21.9,20.5,20.55,21.84,-1.29,-5.9066,102305.56,216043.338
300287.SZ,20241231,4.48,4.56,4.2,4.2,4.48,-0.28,-6.25,939494.08,406175.342
300288.SZ,20241231,15.52,15.55,14.6,14.62,15.39,-0.77,-5.0032,105475.56,157648.485
300289.SZ,20241231,5.05,5.11,4.89,4.9,5.05,-0.15,-2.9703,58292.81,29019.456
300290.SZ,20241231,20.1,21.4,19.7,20.35,19.62,0.73,3.7207,535425.71,1097281.055
300291.SZ,20241231,5.26,5.31,5.02,5.03,5.24,-0.21,-4.0076,257604.0,132227.477
300292.SZ,20241231,5.07,5.13,4.84,4.85,5.07,-0.22,-4.3393,448070.36,221995.235
300293.SZ,20241231,23.8,23.9,22.7,22.72,23.69,-0.97,-4.0946,86693.0,200884.605
300294.SZ,20241231,30.89,30.95,30.28,30.28,30.9,-0.62,-2.0065,45290.64,138294.351
300295.SZ,20241231,17.2,17.44,16.58,16.61,17.16,-0.55,-3.2051,67951.0,114944.322
300296.SZ,20241231,7.03,7.07,6.43,6.44,7.01,-0.57,-8.1312,2648899.75,1760941.567
300298.SZ,20241231,25.55,26.4,25.32,25.81,25.4,0.41,1.6142,64927.49,169016.603
300299.SZ,20241231,5.75,5.85,5.45,5.47,5.76,-0.29,-5.0347,440159.76,246049.251
300300.SZ,20241231,2.88,2.98,2.84,2.88,2.88,0.0,0.0,160902.62,46806.376
300301.SZ,20241231,1.68,1.75,1.68,1.74,1.68,0.06,3.5714,137278.0,23686.636
300302.SZ,20241231,17.0,17.19,15.7,15.76,17.0,-1.24,-7.2941,324920.71,532175.092
300303.SZ,20241231,7.21,7.24,6.82,6.82,7.24,-0.42,-5.8011,650219.62,456168.335
300304.SZ,20241231,8.28,8.33,7.94,8.0,8.28,-0.28,-3.3816,220683.7,179295.269
300305.SZ,20241231,5.6,5.65,5.43,5.45,5.6,-0.15,-2.6786,45086.0,24895.823
300306.SZ,20241231,12.32,12.56,11.57,11.6,12.33,-0.73,-5.9205,70516.76,84310.99
300307.SZ,20241231,8.21,8.4,8.17,8.24,8.19,0.05,0.6105,323484.0,268238.937
300308.SZ,20241231,130.96,131.0,123.5,123.51,131.18,-7.67,-5.8469,393876.58,4941393.711
300310.SZ,20241231,7.99,8.04,7.48,7.56,8.05,-0.49,-6.087,520299.95,404685.566
300311.SZ,20241231,6.29,6.3,5.84,5.85,6.14,-0.29,-4.7231,205846.6,123681.686
300313.SZ,20241231,6.15,6.17,5.76,5.8,6.2,-0.4,-6.4516,59033.42,34929.853
300314.SZ,20241231,11.6,11.76,11.26,11.26,11.58,-0.32,-2.7634,27807.0,31811.608
300315.SZ,20241231,5.79,5.82,5.47,5.5,5.79,-0.29,-5.0086,997053.9,559895.033
300316.SZ,20241231,33.08,33.35,31.89,31.9,33.08,-1.18,-3.5671,143942.84,466973.063
300317.SZ,20241231,3.78,3.84,3.66,3.67,3.77,-0.1,-2.6525,144853.66,54086.694
300318.SZ,20241231,5.83,5.88,5.7,5.72,5.81,-0.09,-1.5491,41746.14,24152.995
300319.SZ,20241231,13.24,13.4,12.46,12.48,13.2,-0.72,-5.4545,376651.38,484177.262
300320.SZ,20241231,9.95,9.97,9.58,9.6,9.9,-0.3,-3.0303,89355.8,87021.936
300321.SZ,20241231,20.53,21.19,20.03,20.56,20.62,-0.06,-0.291,27577.01,56530.159
300322.SZ,20241231,13.95,14.02,13.1,13.11,13.89,-0.78,-5.6156,182281.58,244777.836
300323.SZ,20241231,8.01,9.08,7.75,8.28,7.96,0.32,4.0201,1775733.43,1488885.357
300324.SZ,20241231,3.52,3.57,3.31,3.31,3.51,-0.2,-5.698,742603.54,252605.746
300326.SZ,20241231,6.72,7.04,6.49,6.5,6.71,-0.21,-3.1297,160355.02,107592.238
300327.SZ,20241231,25.92,26.17,24.47,24.47,25.91,-1.44,-5.5577,153290.54,384514.126
300328.SZ,20241231,7.72,7.79,7.34,7.36,7.73,-0.37,-4.7865,148566.34,111643.961
300329.SZ,20241231,5.34,5.38,5.14,5.14,5.23,-0.09,-1.7208,79971.6,41870.187
300331.SZ,20241231,22.55,22.72,21.6,21.63,22.58,-0.95,-4.2073,69905.0,153983.836
300332.SZ,20241231,5.48,6.05,5.46,5.79,5.44,0.35,6.4338,523946.03,304554.52
300333.SZ,20241231,17.77,19.59,17.57,18.16,18.03,0.13,0.721,1039739.92,1942891.132
300334.SZ,20241231,5.98,6.15,5.78,5.78,5.89,-0.11,-1.8676,56590.0,33692.696
300335.SZ,20241231,4.91,5.04,4.81,4.82,4.9,-0.08,-1.6327,160659.25,79182.875
300337.SZ,20241231,11.64,11.68,11.12,11.12,11.64,-0.52,-4.4674,220965.8,250798.182
300338.SZ,20241231,5.17,5.24,4.85,4.86,5.04,-0.18,-3.5714,153271.09,77054.886
300339.SZ,20241231,53.03,53.4,50.02,50.03,52.95,-2.92,-5.5146,392417.7,2011441.911
300340.SZ,20241231,9.8,9.89,9.49,9.53,9.82,-0.29,-2.9532,44385.8,42823.413
300341.SZ,20241231,18.43,18.56,17.5,17.51,18.42,-0.91,-4.9403,79035.0,141557.341
300342.SZ,20241231,17.07,17.14,16.18,16.23,17.04,-0.81,-4.7535,139049.67,230133.894
300343.SZ,20241231,5.92,6.0,5.75,5.77,5.92,-0.15,-2.5338,164782.37,96311.339
300344.SZ,20241231,4.67,4.7,4.45,4.45,4.59,-0.14,-3.0501,188894.05,86111.573
300345.SZ,20241231,5.9,5.9,5.61,5.64,5.77,-0.13,-2.253,54700.8,31277.329
300346.SZ,20241231,40.46,40.9,38.56,38.59,40.65,-2.06,-5.0677,222637.62,877062.216
300347.SZ,20241231,56.21,56.49,54.58,54.62,56.21,-1.59,-2.8287,70367.72,390358.757
300348.SZ,20241231,15.5,15.59,14.25,14.3,15.42,-1.12,-7.2633,414639.76,613673.645
300349.SZ,20241231,14.39,14.48,13.62,13.67,14.44,-0.77,-5.3324,173645.78,243015.733
300350.SZ,20241231,5.58,5.67,5.4,5.4,5.57,-0.17,-3.0521,148239.4,81815.288
300351.SZ,20241231,19.06,19.18,17.7,17.74,19.14,-1.4,-7.3145,274589.34,500581.951
300352.SZ,20241231,5.6,5.66,5.28,5.28,5.6,-0.32,-5.7143,445888.0,241655.915
300353.SZ,20241231,12.2,12.3,11.48,11.48,11.96,-0.48,-4.0134,150798.0,177601.553
300354.SZ,20241231,37.03,37.22,34.76,34.79,37.09,-2.3,-6.2011,44546.64,158948.972
300355.SZ,20241231,5.4,5.45,5.09,5.13,5.35,-0.22,-4.1121,577711.08,302557.775
300357.SZ,20241231,21.07,21.15,20.32,20.32,21.05,-0.73,-3.4679,58646.56,121003.123
300358.SZ,20241231,7.1,7.11,6.85,6.86,7.05,-0.19,-2.695,76867.3,53480.283
300359.SZ,20241231,5.47,5.54,5.26,5.26,5.47,-0.21,-3.8391,123918.0,66501.371
300360.SZ,20241231,17.37,17.43,16.76,16.77,17.32,-0.55,-3.1755,129567.47,220447.256
300363.SZ,20241231,16.39,16.44,15.75,15.77,16.36,-0.59,-3.6064,73833.0,118217.742
300364.SZ,20241231,26.0,26.06,24.52,24.53,25.89,-1.36,-5.253,310740.12,780476.532
300365.SZ,20241231,6.47,6.52,6.13,6.14,6.48,-0.34,-5.2469,144903.34,91209.255
300366.SZ,20241231,9.76,9.93,9.26,9.3,9.76,-0.46,-4.7131,175828.0,167556.001
300368.SZ,20241231,4.45,4.58,4.34,4.34,4.48,-0.14,-3.125,147988.0,65924.491
300369.SZ,20241231,7.7,7.74,7.15,7.19,7.64,-0.45,-5.8901,224246.49,165729.102
300370.SZ,20241231,3.36,3.37,3.16,3.16,3.32,-0.16,-4.8193,472622.62,153774.674
300371.SZ,20241231,9.98,10.04,9.53,9.59,9.96,-0.37,-3.7149,30258.2,29403.572
300373.SZ,20241231,46.19,46.35,43.51,43.52,46.2,-2.68,-5.8009,135271.32,603427.678
300374.SZ,20241231,18.79,18.93,17.61,17.67,18.79,-1.12,-5.9606,128855.0,233641.837
300375.SZ,20241231,4.8,4.81,4.59,4.61,4.77,-0.16,-3.3543,188567.91,88342.313
300376.SZ,20241231,3.64,3.67,3.56,3.58,3.64,-0.06,-1.6484,145985.74,52558.955
300377.SZ,20241231,31.0,31.35,25.98,27.56,31.17,-3.61,-11.5816,1046133.56,3108943.641
300378.SZ,20241231,27.67,27.74,25.87,25.87,27.56,-1.69,-6.1321,137372.0,366567.74
300379.SZ,20241231,15.99,16.12,15.08,15.09,15.93,-0.84,-5.2731,223848.44,345513.848
300380.SZ,20241231,52.73,53.0,47.21,47.23,52.33,-5.1,-9.7458,112636.38,565951.658
300381.SZ,20241231,7.17,7.23,6.99,7.02,7.18,-0.16,-2.2284,45685.07,32332.28
300382.SZ,20241231,10.89,11.14,10.17,10.74,10.9,-0.16,-1.4679,250946.63,266274.234
300383.SZ,20241231,14.35,15.88,14.35,14.59,14.11,0.48,3.4018,2624853.58,3949883.861
300384.SZ,20241231,19.9,20.03,18.52,18.62,19.91,-1.29,-6.4792,205261.91,392655.076
300385.SZ,20241231,4.82,4.9,4.71,4.71,4.82,-0.11,-2.2822,42351.0,20287.14
300386.SZ,20241231,17.9,18.11,16.76,16.8,18.22,-1.42,-7.7936,382906.37,672150.44
300387.SZ,20241231,8.35,8.39,7.97,8.0,8.33,-0.33,-3.9616,82025.0,66852.708
300388.SZ,20241231,7.85,7.89,7.52,7.55,7.85,-0.3,-3.8217,82752.4,63522.435
300389.SZ,20241231,12.5,12.61,11.9,11.91,12.57,-0.66,-5.2506,84193.91,102472.504
300390.SZ,20241231,24.04,24.18,23.01,23.05,24.07,-1.02,-4.2376,124009.57,290546.051
300391.SZ,20241231,5.24,5.29,5.02,5.04,5.26,-0.22,-4.1825,168920.0,86584.843
300393.SZ,20241231,6.47,6.57,6.25,6.25,6.46,-0.21,-3.2508,129367.0,82432.757
300394.SZ,20241231,95.41,96.18,91.26,91.36,95.89,-4.53,-4.7242,226540.75,2104960.951
300395.SZ,20241231,39.11,39.11,36.9,37.61,39.02,-1.41,-3.6135,115006.9,433223.661
300396.SZ,20241231,17.03,17.2,16.31,16.34,17.05,-0.71,-4.1642,92216.15,153850.308
300397.SZ,20241231,11.42,11.43,10.95,10.99,11.4,-0.41,-3.5965,90941.6,101548.004
300398.SZ,20241231,16.6,16.69,15.76,15.76,16.59,-0.83,-5.003,120252.46,193911.062
300399.SZ,20241231,26.23,26.5,24.52,24.56,25.98,-1.42,-5.4657,155702.62,392854.042
300400.SZ,20241231,16.95,17.1,16.2,16.22,16.91,-0.69,-4.0804,48473.0,80085.486
300401.SZ,20241231,15.19,15.27,14.65,14.66,15.21,-0.55,-3.616,138383.5,205531.782
300402.SZ,20241231,15.31,15.35,14.75,14.75,15.21,-0.46,-3.0243,29317.07,43972.314
300403.SZ,20241231,10.33,10.44,9.9,9.95,10.23,-0.28,-2.737,406103.51,410793.397
300404.SZ,20241231,8.96,9.02,8.7,8.73,8.95,-0.22,-2.4581,77752.71,68536.288
300405.SZ,20241231,5.35,5.36,4.8,4.84,5.5,-0.66,-12.0,305997.4,154880.991
300406.SZ,20241231,13.79,13.85,13.33,13.36,13.83,-0.47,-3.3984,60200.63,81235.44
300407.SZ,20241231,10.7,10.97,10.17,10.17,10.69,-0.52,-4.8644,87983.02,92097.033
300408.SZ,20241231,39.0,39.35,38.33,38.51,38.89,-0.38,-0.9771,124640.42,483139.137
300409.SZ,20241231,14.12,14.19,13.58,13.61,14.12,-0.51,-3.6119,193228.99,267143.694
300410.SZ,20241231,5.53,5.62,5.34,5.38,5.51,-0.13,-2.3593,103627.0,56545.58
300411.SZ,20241231,14.04,14.18,13.18,13.19,14.03,-0.84,-5.9872,143223.74,193623.027
300412.SZ,20241231,4.8,4.89,4.6,4.62,4.81,-0.19,-3.9501,131510.9,61944.897
300413.SZ,20241231,27.71,27.79,26.87,26.89,27.64,-0.75,-2.7135,122381.19,332788.063
300414.SZ,20241231,8.39,8.46,7.94,7.96,8.39,-0.43,-5.1251,69772.9,56573.856
300415.SZ,20241231,20.49,20.66,20.05,20.06,20.48,-0.42,-2.0508,44687.55,90644.069
300416.SZ,20241231,12.36,12.45,11.75,11.76,12.37,-0.61,-4.9313,120166.62,144596.455
300417.SZ,20241231,12.24,12.31,11.71,11.78,12.19,-0.41,-3.3634,30240.7,36117.353
300418.SZ,20241231,40.66,40.66,38.48,38.48,40.41,-1.93,-4.776,346378.0,1360814.077
300419.SZ,20241231,4.36,4.43,4.24,4.34,4.33,0.01,0.2309,154656.0,67090.417
300420.SZ,20241231,3.26,3.29,3.09,3.11,3.23,-0.12,-3.7152,475066.7,150993.059
300421.SZ,20241231,11.78,11.9,11.18,11.19,11.77,-0.58,-4.9278,119197.4,136155.025
300422.SZ,20241231,4.45,4.51,4.35,4.35,4.42,-0.07,-1.5837,66922.32,29579.371
300423.SZ,20241231,7.18,7.37,6.9,6.92,7.08,-0.16,-2.2599,99431.0,70610.121
300424.SZ,20241231,18.81,18.99,17.9,18.06,19.43,-1.37,-7.051,286357.03,524681.694
300425.SZ,20241231,6.25,6.42,5.8,5.83,6.35,-0.52,-8.189,655516.11,396679.416
300426.SZ,20241231,10.18,10.33,9.8,9.87,10.2,-0.33,-3.2353,73225.0,73183.364
300427.SZ,20241231,6.05,6.13,5.89,5.9,6.05,-0.15,-2.4793,107503.51,64314.355
300428.SZ,20241231,16.86,16.9,16.29,16.3,16.86,-0.56,-3.3215,45879.2,75890.008
300429.SZ,20241231,12.6,12.72,11.96,11.99,12.58,-0.59,-4.69,124285.0,152143.695
300430.SZ,20241231,16.55,16.8,15.1,15.3,16.53,-1.23,-7.441,216019.06,339405.399
300432.SZ,20241231,15.1,16.1,15.09,15.38,15.0,0.38,2.5333,413238.39,645891.909
300433.SZ,20241231,22.43,22.58,21.9,21.9,22.42,-0.52,-2.3194,301875.62,670537.042
300434.SZ,20241231,8.53,8.59,8.24,8.25,8.53,-0.28,-3.2825,46770.0,39158.086
300435.SZ,20241231,12.02,12.41,12.02,12.08,11.9,0.18,1.5126,127846.0,156455.649
300436.SZ,20241231,33.6,35.28,32.26,32.67,33.44,-0.77,-2.3026,76741.5,260961.915
300437.SZ,20241231,9.19,9.3,8.95,8.98,9.15,-0.17,-1.8579,30316.74,27578.205
300438.SZ,20241231,29.16,29.53,28.07,28.11,29.25,-1.14,-3.8974,113217.25,323596.473
300439.SZ,20241231,10.86,10.89,10.45,10.45,10.86,-0.41,-3.7753,51723.04,54957.786
300440.SZ,20241231,8.43,8.44,7.92,7.92,8.35,-0.43,-5.1497,158143.0,128223.524
300441.SZ,20241231,9.17,9.19,8.69,8.72,9.13,-0.41,-4.4907,213388.66,189464.212
300442.SZ,20241231,52.9,54.69,51.81,51.96,53.93,-1.97,-3.6529,500110.14,2660358.957
300443.SZ,20241231,20.33,20.54,19.9,19.92,20.39,-0.47,-2.3051,53175.0,106880.914
300444.SZ,20241231,7.35,7.45,6.93,6.93,7.24,-0.31,-4.2818,279054.0,200139.592
300445.SZ,20241231,17.13,17.13,16.27,16.27,16.95,-0.68,-4.0118,34436.0,57023.952
300446.SZ,20241231,17.3,17.38,16.42,16.51,17.29,-0.78,-4.5113,135865.45,227827.888
300447.SZ,20241231,14.88,14.94,14.16,14.17,14.88,-0.71,-4.7715,77138.4,111458.47
300448.SZ,20241231,7.02,7.05,6.59,6.59,6.94,-0.35,-5.0432,262604.79,177859.944
300449.SZ,20241231,8.05,8.05,7.82,7.85,7.9,-0.05,-0.6329,77107.73,60914.119
300450.SZ,20241231,20.9,21.0,19.99,20.02,20.94,-0.92,-4.3935,267396.5,544846.962
300451.SZ,20241231,4.75,4.78,4.48,4.48,4.71,-0.23,-4.8832,449041.44,206599.979
300452.SZ,20241231,12.39,12.46,12.03,12.11,12.4,-0.29,-2.3387,28296.64,34619.52
300453.SZ,20241231,7.69,7.7,7.44,7.46,7.65,-0.19,-2.4837,38699.94,29192.082
300454.SZ,20241231,59.4,60.14,57.4,57.4,59.14,-1.74,-2.9422,50260.08,295102.071
300455.SZ,20241231,13.6,13.65,12.94,12.96,13.51,-0.55,-4.0711,107077.02,140979.614
300456.SZ,20241231,18.19,18.23,17.18,17.18,18.07,-0.89,-4.9253,198026.95,347834.892
300457.SZ,20241231,20.0,20.02,19.09,19.14,20.01,-0.87,-4.3478,127310.5,247669.09
300458.SZ,20241231,41.88,42.28,38.59,38.76,41.9,-3.14,-7.494,532676.56,2134748.444
300459.SZ,20241231,6.15,6.17,5.74,5.74,6.12,-0.38,-6.2092,2262839.64,1335231.217
300460.SZ,20241231,12.89,12.97,12.13,12.14,12.82,-0.68,-5.3042,115327.8,143385.845
300461.SZ,20241231,19.33,19.94,18.6,18.66,19.18,-0.52,-2.7112,30650.0,58755.39
300462.SZ,20241231,9.28,9.37,8.91,8.92,9.27,-0.35,-3.7756,55996.0,51001.764
300463.SZ,20241231,13.6,13.65,13.2,13.2,13.55,-0.35,-2.583,51335.0,68674.062
300464.SZ,20241231,5.44,5.48,5.14,5.17,5.37,-0.2,-3.7244,159245.0,83430.489
300465.SZ,20241231,19.89,20.5,18.1,18.36,20.14,-1.78,-8.8381,792228.9,1551440.221
300466.SZ,20241231,7.77,7.83,7.45,7.45,7.74,-0.29,-3.7468,106684.6,81229.766
300467.SZ,20241231,16.29,16.53,15.73,15.73,16.29,-0.56,-3.4377,58509.0,94543.121
300468.SZ,20241231,17.2,17.3,16.18,16.3,17.26,-0.96,-5.562,260206.64,434198.807
300469.SZ,20241231,24.47,25.12,23.46,23.5,24.58,-1.08,-4.3938,163552.38,394467.404
300470.SZ,20241231,39.46,39.6,37.66,37.7,39.4,-1.7,-4.3147,61750.38,236763.788
300471.SZ,20241231,9.58,10.2,9.45,9.46,9.36,0.1,1.0684,145446.62,143252.669
300472.SZ,20241231,6.86,6.98,6.55,6.56,6.82,-0.26,-3.8123,93036.59,62373.253
300473.SZ,20241231,25.41,26.2,24.7,24.91,25.58,-0.67,-2.6192,94683.0,240966.77
300474.SZ,20241231,101.36,101.97,93.4,93.49,101.62,-8.13,-8.0004,297037.26,2867366.191
300475.SZ,20241231,29.85,30.09,28.49,28.49,29.89,-1.4,-4.6838,140277.42,407840.12
300476.SZ,20241231,46.31,46.31,42.0,42.09,46.37,-4.28,-9.2301,477962.23,2069729.095
300477.SZ,20241231,2.98,3.02,2.83,2.84,2.98,-0.14,-4.698,294596.53,85542.811
300478.SZ,20241231,9.23,9.35,8.97,9.01,9.21,-0.2,-2.1716,27327.02,24882.389
300479.SZ,20241231,19.16,19.27,18.19,18.2,18.99,-0.79,-4.1601,85160.0,158384.25
300480.SZ,20241231,13.53,13.66,12.92,12.95,13.5,-0.55,-4.0741,41041.01,54084.215
300481.SZ,20241231,15.59,15.59,14.81,14.82,15.5,-0.68,-4.3871,79087.07,119203.111
300482.SZ,20241231,22.99,23.03,22.41,22.41,22.93,-0.52,-2.2678,52748.01,119431.452
300483.SZ,20241231,9.37,10.38,9.37,9.84,8.94,0.9,10.0671,251789.54,250817.562
300484.SZ,20241231,21.78,21.95,20.5,20.66,21.81,-1.15,-5.2728,100056.0,210978.738
300485.SZ,20241231,7.19,7.24,7.0,7.01,7.14,-0.13,-1.8207,37266.57,26523.989
300486.SZ,20241231,6.99,7.14,6.81,6.84,7.03,-0.19,-2.7027,95608.0,66742.488
300487.SZ,20241231,49.0,49.19,47.81,47.87,49.09,-1.22,-2.4852,37639.46,181848.949
300488.SZ,20241231,28.44,28.46,27.33,27.36,28.29,-0.93,-3.2874,29143.57,80796.049
300489.SZ,20241231,55.91,56.58,54.41,54.68,55.57,-0.89,-1.6016,50098.5,277769.779
300490.SZ,20241231,8.13,8.19,7.86,7.88,8.1,-0.22,-2.716,56909.81,45455.627
300491.SZ,20241231,16.58,17.08,15.92,15.92,16.59,-0.67,-4.0386,70179.3,114361.198
300492.SZ,20241231,75.03,75.49,72.78,72.8,75.03,-2.23,-2.9721,4277.62,31656.379
300493.SZ,20241231,28.12,29.46,27.42,28.13,28.13,0.0,0.0,962308.08,2749069.846
300494.SZ,20241231,12.0,12.07,11.2,11.24,11.92,-0.68,-5.7047,269570.16,310397.496
300496.SZ,20241231,65.3,65.5,59.5,59.56,64.78,-5.22,-8.058,291489.33,1796505.229
300497.SZ,20241231,8.47,8.67,8.32,8.34,8.47,-0.13,-1.5348,108923.0,92369.771
300498.SZ,20241231,16.7,16.83,16.43,16.51,16.72,-0.21,-1.256,359376.29,597495.705
300499.SZ,20241231,21.55,21.81,20.03,20.16,21.15,-0.99,-4.6809,451407.96,938346.328
300500.SZ,20241231,10.69,11.01,10.56,10.61,10.63,-0.02,-0.1881,61701.2,66413.33
300501.SZ,20241231,13.65,13.81,13.31,13.35,13.67,-0.32,-2.3409,16290.0,21999.547
300502.SZ,20241231,120.0,120.26,115.58,115.58,120.44,-4.86,-4.0352,243577.67,2851403.236
300503.SZ,20241231,20.01,20.18,18.89,18.92,20.68,-1.76,-8.5106,344471.5,668309.87
300504.SZ,20241231,19.19,19.6,18.03,18.03,19.14,-1.11,-5.7994,145674.92,274053.616
300505.SZ,20241231,14.81,14.92,14.35,14.4,14.81,-0.41,-2.7684,52446.73,76685.281
300506.SZ,20241231,3.25,3.29,3.12,3.22,3.16,0.06,1.8987,86310.95,27851.289
300507.SZ,20241231,7.0,7.05,6.68,6.7,7.04,-0.34,-4.8295,229527.35,156799.031
300508.SZ,20241231,28.22,28.26,27.03,27.05,27.9,-0.85,-3.0466,16876.6,46344.418
300509.SZ,20241231,6.85,6.94,6.64,6.93,6.8,0.13,1.9118,108131.86,73887.304
300510.SZ,20241231,4.35,4.43,4.22,4.24,4.36,-0.12,-2.7523,137987.34,59283.263
300511.SZ,20241231,3.58,3.64,3.46,3.47,3.57,-0.1,-2.8011,123427.0,43734.174
300512.SZ,20241231,7.1,7.15,6.79,6.81,7.03,-0.22,-3.1294,35781.0,24762.201
300513.SZ,20241231,9.48,9.66,9.09,9.13,9.45,-0.32,-3.3862,94579.28,88430.577
300514.SZ,20241231,15.2,15.31,14.4,14.44,15.24,-0.8,-5.2493,67791.0,100022.477
300515.SZ,20241231,12.35,12.44,11.83,11.91,12.27,-0.36,-2.934,35971.0,43435.928
300516.SZ,20241231,35.44,35.44,33.7,33.83,34.99,-1.16,-3.3152,18786.0,64531.008
300517.SZ,20241231,8.63,8.75,8.36,8.41,8.62,-0.21,-2.4362,29447.8,25052.249
300518.SZ,20241231,12.16,12.47,11.92,12.36,11.97,0.39,3.2581,74354.6,91310.799
300519.SZ,20241231,13.66,13.81,13.23,13.27,13.66,-0.39,-2.8551,17843.0,23996.499
300520.SZ,20241231,24.04,24.3,22.85,22.88,24.05,-1.17,-4.8649,182974.84,427854.608
300521.SZ,20241231,20.98,21.31,20.3,20.49,20.85,-0.36,-1.7266,38423.0,79467.305
300522.SZ,20241231,13.15,13.15,12.34,12.39,13.09,-0.7,-5.3476,56049.53,70892.402
300523.SZ,20241231,20.45,20.55,19.77,19.79,20.4,-0.61,-2.9902,22600.41,45334.691
300525.SZ,20241231,16.46,16.5,15.58,15.58,16.43,-0.85,-5.1735,147597.55,234130.332
300527.SZ,20241231,8.23,8.28,8.06,8.07,8.23,-0.16,-1.9441,151888.11,123661.197
300528.SZ,20241231,8.88,9.19,8.67,8.7,8.88,-0.18,-2.027,137388.68,122171.647
300529.SZ,20241231,30.15,30.42,29.3,29.34,30.15,-0.81,-2.6866,52293.43,156073.571
300530.SZ,20241231,17.68,17.68,16.9,16.93,17.54,-0.61,-3.4778,24193.46,41570.916
300531.SZ,20241231,14.71,14.79,13.95,13.95,14.7,-0.75,-5.102,70212.0,100369.762
300532.SZ,20241231,12.05,12.12,11.36,11.42,12.05,-0.63,-5.2282,155598.12,181054.329
300533.SZ,20241231,20.68,20.86,19.72,19.76,20.68,-0.92,-4.4487,40537.25,81513.329
300534.SZ,20241231,8.88,8.98,8.64,8.7,8.82,-0.12,-1.3605,78138.0,68895.307
300535.SZ,20241231,13.43,13.55,13.03,13.03,13.34,-0.31,-2.3238,14315.03,18974.056
300536.SZ,20241231,5.62,5.91,5.56,5.73,5.56,0.17,3.0576,93688.96,53918.361
300537.SZ,20241231,21.13,21.18,19.76,19.78,21.03,-1.25,-5.9439,114375.13,232856.913
300538.SZ,20241231,16.23,16.35,15.21,15.23,16.21,-0.98,-6.0457,55710.74,87302.381
300539.SZ,20241231,10.97,11.12,10.57,10.62,10.97,-0.35,-3.1905,28569.94,30838.215
300540.SZ,20241231,24.88,25.61,24.31,24.52,24.76,-0.24,-0.9693,39964.5,100397.045
300541.SZ,20241231,14.12,14.22,13.49,13.55,14.12,-0.57,-4.0368,408281.5,560521.191
300542.SZ,20241231,22.21,22.37,20.38,20.54,22.17,-1.63,-7.3523,147302.1,311108.9
300543.SZ,20241231,11.3,11.5,10.48,10.48,11.36,-0.88,-7.7465,234033.5,253095.962
300545.SZ,20241231,32.52,32.82,31.33,31.33,32.43,-1.1,-3.3919,30766.0,98092.007
300546.SZ,20241231,18.0,18.0,16.82,16.82,17.71,-0.89,-5.0254,70116.0,121056.849
300547.SZ,20241231,27.25,29.0,25.65,27.54,26.6,0.94,3.5338,705254.9,1930907.984
300548.SZ,20241231,48.0,49.96,45.45,46.41,47.75,-1.34,-2.8063,604199.42,2868048.516
300549.SZ,20241231,16.91,17.05,16.32,16.38,16.84,-0.46,-2.7316,20774.0,34450.89
300550.SZ,20241231,15.57,15.74,15.13,15.15,15.7,-0.55,-3.5032,81541.11,126113.806
300551.SZ,20241231,10.7,10.78,9.97,9.97,10.61,-0.64,-6.032,177830.75,182119.867
300552.SZ,20241231,34.95,36.9,33.78,34.35,34.48,-0.13,-0.377,107716.2,378201.406
300553.SZ,20241231,28.56,28.77,27.42,27.5,28.4,-0.9,-3.169,11162.0,31211.704
300554.SZ,20241231,23.79,23.79,21.82,21.9,23.38,-1.48,-6.3302,40548.0,91455.393
300555.SZ,20241231,8.46,8.83,8.44,8.69,8.48,0.21,2.4764,39708.0,34588.561
300556.SZ,20241231,20.37,20.65,19.03,19.05,19.65,-0.6,-3.0534,148882.97,295174.943
300557.SZ,20241231,33.39,35.85,32.11,32.68,32.58,0.1,0.3069,57332.8,192894.354
300558.SZ,20241231,55.38,55.56,53.86,53.93,55.54,-1.61,-2.8988,52700.9,286897.578
300559.SZ,20241231,12.13,12.17,11.67,11.96,12.12,-0.16,-1.3201,53528.13,63780.694
300560.SZ,20241231,15.8,16.6,15.45,15.48,15.8,-0.32,-2.0253,164823.57,261642.207
300561.SZ,20241231,58.0,61.47,54.27,54.96,58.78,-3.82,-6.4988,611230.13,3538322.42
300562.SZ,20241231,15.61,16.15,14.85,14.88,15.71,-0.83,-5.2833,187400.32,292940.034
300563.SZ,20241231,60.18,62.8,55.11,55.16,61.28,-6.12,-9.9869,304984.86,1756962.898
300564.SZ,20241231,12.96,13.05,12.34,12.36,12.85,-0.49,-3.8132,38570.41,48680.792
300565.SZ,20241231,12.5,12.63,11.98,11.99,12.47,-0.48,-3.8492,59327.52,72390.91
300566.SZ,20241231,19.59,20.44,18.96,19.72,19.56,0.16,0.818,268647.23,532803.222
300567.SZ,20241231,68.0,68.3,63.71,64.3,68.01,-3.71,-5.4551,81950.1,535325.299
300568.SZ,20241231,10.13,10.17,9.72,9.72,10.17,-0.45,-4.4248,334933.33,331680.254
300569.SZ,20241231,5.08,5.13,4.98,4.98,5.09,-0.11,-2.1611,97600.82,49016.234
300570.SZ,20241231,80.0,80.18,72.6,72.7,78.67,-5.97,-7.5887,244066.5,1841667.251
300571.SZ,20241231,26.35,26.62,25.01,25.08,26.17,-1.09,-4.1651,45104.46,115528.477
300572.SZ,20241231,18.15,18.5,17.85,18.07,18.34,-0.27,-1.4722,34643.0,62517.952
300573.SZ,20241231,72.06,72.45,69.57,69.78,72.17,-2.39,-3.3116,51015.74,360610.669
300575.SZ,20241231,6.2,6.23,6.06,6.07,6.2,-0.13,-2.0968,68403.13,41955.684
300576.SZ,20241231,47.77,47.79,45.18,45.18,47.6,-2.42,-5.084,86777.32,400188.306
300577.SZ,20241231,24.13,25.18,23.62,24.85,24.08,0.77,3.1977,54255.81,132516.952
300578.SZ,20241231,20.29,20.57,19.25,19.25,20.18,-0.93,-4.6085,56547.0,111938.272
300579.SZ,20241231,30.3,32.9,30.13,31.42,29.37,2.05,6.9799,200209.7,630058.044
300580.SZ,20241231,23.5,24.04,22.9,22.95,23.54,-0.59,-2.5064,161714.13,378656.654
300581.SZ,20241231,11.2,11.99,10.88,11.21,11.12,0.09,0.8094,256557.83,293461.138
300582.SZ,20241231,13.75,14.72,13.42,14.08,13.6,0.48,3.5294,164417.04,232084.469
300583.SZ,20241231,21.03,21.11,19.45,19.55,21.03,-1.48,-7.0376,46403.0,92496.186
300584.SZ,20241231,20.59,20.83,20.0,20.16,20.52,-0.36,-1.7544,18539.5,37820.596
300585.SZ,20241231,15.01,15.18,14.3,14.36,14.97,-0.61,-4.0748,71106.0,104446.683
300586.SZ,20241231,8.46,8.55,8.1,8.14,8.49,-0.35,-4.1225,94508.4,78123.318
300587.SZ,20241231,4.58,4.61,4.38,4.39,4.55,-0.16,-3.5165,172608.21,76940.609
300588.SZ,20241231,16.19,16.67,15.53,15.56,16.32,-0.76,-4.6569,100034.93,160655.936
300589.SZ,20241231,12.83,12.87,12.43,12.45,12.78,-0.33,-2.5822,42203.65,53280.263
300590.SZ,20241231,15.84,16.24,15.45,15.46,15.85,-0.39,-2.4606,269364.05,426047.425
300591.SZ,20241231,4.27,4.31,4.09,4.11,4.23,-0.12,-2.8369,119687.94,50022.228
300592.SZ,20241231,14.8,14.95,14.27,14.28,14.98,-0.7,-4.6729,112851.33,164448.026
300593.SZ,20241231,11.77,11.83,11.18,11.2,11.75,-0.55,-4.6809,123683.6,140906.207
300594.SZ,20241231,17.99,17.99,17.09,17.14,17.73,-0.59,-3.3277,28306.25,49399.178
300595.SZ,20241231,20.2,20.28,18.92,18.95,20.19,-1.24,-6.1417,203164.02,395300.565
300596.SZ,20241231,31.76,31.92,30.42,30.5,32.1,-1.6,-4.9844,95333.13,295853.038
300597.SZ,20241231,8.88,9.13,8.7,8.75,8.88,-0.13,-1.464,112378.08,99934.287
300598.SZ,20241231,51.29,51.29,48.26,48.4,50.77,-2.37,-4.6681,54777.14,270581.421
300599.SZ,20241231,7.6,7.63,7.11,7.22,7.7,-0.48,-6.2338,145481.0,106558.006
300600.SZ,20241231,7.79,7.81,7.59,7.61,7.82,-0.21,-2.6854,17244.0,13220.448
300601.SZ,20241231,17.73,17.79,17.09,17.15,17.73,-0.58,-3.2713,81276.36,141048.029
300602.SZ,20241231,20.62,20.78,19.22,19.22,20.56,-1.34,-6.5175,226999.98,449338.154
300603.SZ,20241231,11.45,11.8,11.12,11.14,11.38,-0.24,-2.109,498244.7,572993.903
300604.SZ,20241231,46.97,47.2,44.01,44.13,46.96,-2.83,-6.0264,229671.85,1038810.391
300605.SZ,20241231,12.28,12.43,11.71,11.71,12.2,-0.49,-4.0164,36533.74,43876.458
300606.SZ,20241231,20.01,20.2,19.15,19.19,20.0,-0.81,-4.05,27138.5,53099.094
300607.SZ,20241231,27.2,27.35,25.49,25.49,26.92,-1.43,-5.312,305411.97,797363.554
300608.SZ,20241231,11.48,11.87,10.85,10.88,11.43,-0.55,-4.8119,109316.0,124178.452
300609.SZ,20241231,26.52,26.99,24.6,24.64,26.59,-1.95,-7.3336,80662.0,205328.119
300610.SZ,20241231,10.29,10.39,9.97,10.0,10.29,-0.29,-2.8183,40586.0,41105.633
300611.SZ,20241231,11.08,11.11,10.56,10.57,11.01,-0.44,-3.9964,49650.0,53533.512
300612.SZ,20241231,16.63,16.66,15.78,15.79,16.38,-0.59,-3.602,99215.0,160279.703
300613.SZ,20241231,62.07,62.22,58.5,58.5,62.07,-3.57,-5.7516,141603.19,845952.62
300614.SZ,20241231,9.84,9.93,9.48,9.48,9.74,-0.26,-2.6694,25825.0,25003.912
300615.SZ,20241231,12.1,12.2,11.46,11.49,11.95,-0.46,-3.8494,46199.0,54163.484
300616.SZ,20241231,12.69,12.84,12.23,12.25,12.66,-0.41,-3.2385,48454.45,60623.894
300617.SZ,20241231,29.95,30.05,28.66,28.81,29.73,-0.92,-3.0945,28974.06,84334.628
300618.SZ,20241231,35.19,35.43,33.7,33.77,35.19,-1.42,-4.0352,51024.0,175396.944
300619.SZ,20241231,25.33,25.54,23.82,24.05,25.41,-1.36,-5.3522,25343.97,62026.73
300620.SZ,20241231,50.98,51.96,48.6,48.6,50.52,-1.92,-3.8005,145955.06,731401.519
300621.SZ,20241231,9.76,9.93,9.5,9.51,9.81,-0.3,-3.0581,34477.0,33354.01
300622.SZ,20241231,54.01,54.11,49.39,49.8,54.23,-4.43,-8.1689,212021.07,1091816.145
300623.SZ,20241231,36.52,36.64,34.13,34.16,36.15,-1.99,-5.5048,245025.11,860035.91
300624.SZ,20241231,68.8,68.8,62.8,63.15,68.15,-5.0,-7.3368,125330.05,819546.73
300625.SZ,20241231,12.02,12.06,11.66,11.66,11.99,-0.33,-2.7523,17691.0,20916.188
300626.SZ,20241231,9.34,9.5,9.11,9.12,9.38,-0.26,-2.7719,38217.6,35342.166
300627.SZ,20241231,42.19,42.6,41.8,41.8,42.31,-0.51,-1.2054,75645.34,318836.81
300628.SZ,20241231,39.69,39.95,38.6,38.6,39.61,-1.01,-2.5499,58797.43,230149.148
300629.SZ,20241231,22.93,22.93,21.57,21.6,22.96,-1.36,-5.9233,83267.22,183986.774
300630.SZ,20241231,6.54,6.96,6.54,6.81,6.55,0.26,3.9695,347348.62,235587.773
300631.SZ,20241231,21.9,22.17,21.0,21.1,21.83,-0.73,-3.344,16957.52,36286.234
300632.SZ,20241231,11.38,11.54,11.09,11.09,11.36,-0.27,-2.3768,77344.46,87169.519
300633.SZ,20241231,30.05,30.15,29.32,29.39,30.05,-0.66,-2.1963,31555.48,93510.701
300634.SZ,20241231,23.06,23.19,21.76,21.8,23.02,-1.22,-5.2997,159398.8,355535.582
300635.SZ,20241231,10.21,10.21,9.79,9.79,10.09,-0.3,-2.9732,30614.0,30530.175
300636.SZ,20241231,8.13,8.24,7.95,7.97,8.12,-0.15,-1.8473,54992.31,44424.929
300637.SZ,20241231,9.6,9.74,9.2,9.2,9.57,-0.37,-3.8662,56256.0,53253.074
300638.SZ,20241231,21.35,21.43,20.13,20.15,21.33,-1.18,-5.5321,436138.87,898153.134
300639.SZ,20241231,6.06,6.11,5.91,5.93,6.04,-0.11,-1.8212,51180.75,30668.117
300640.SZ,20241231,5.83,5.91,5.62,5.64,5.83,-0.19,-3.259,116776.0,66919.949
300641.SZ,20241231,23.81,25.5,23.7,24.84,23.65,1.19,5.0317,410711.73,1022825.845
300642.SZ,20241231,14.53,14.68,14.06,14.12,14.48,-0.36,-2.4862,24953.0,35761.214
300643.SZ,20241231,12.46,12.55,11.93,11.96,12.4,-0.44,-3.5484,35014.0,42525.432
300644.SZ,20241231,23.18,23.18,21.81,21.86,22.9,-1.04,-4.5415,38667.1,86161.789
300645.SZ,20241231,15.34,15.54,14.67,14.69,15.33,-0.64,-4.1748,50219.5,75251.092
300647.SZ,20241231,6.55,6.6,6.14,6.15,6.45,-0.3,-4.6512,163986.0,103715.665
300648.SZ,20241231,23.95,24.09,22.87,23.0,23.95,-0.95,-3.9666,32915.0,76700.956
300649.SZ,20241231,11.11,11.14,10.69,10.71,10.89,-0.18,-1.6529,24214.0,26331.52
300650.SZ,20241231,12.11,12.33,11.35,11.5,11.88,-0.38,-3.1987,104322.5,122777.038
300651.SZ,20241231,12.89,13.11,12.66,12.66,12.88,-0.22,-1.7081,35195.0,45294.18
300652.SZ,20241231,30.45,30.78,29.6,29.72,30.33,-0.61,-2.0112,10652.13,32006.098
300653.SZ,20241231,21.86,21.98,21.22,21.3,21.86,-0.56,-2.5618,13069.93,28153.645
300654.SZ,20241231,10.78,10.85,10.0,10.09,10.66,-0.57,-5.3471,168154.19,173785.429
300655.SZ,20241231,9.8,9.92,9.36,9.36,9.79,-0.43,-4.3922,191806.67,183951.73
300656.SZ,20241231,25.98,26.34,24.84,24.88,26.05,-1.17,-4.4914,29825.3,75529.215
300657.SZ,20241231,23.84,24.0,22.65,22.66,24.17,-1.51,-6.2474,326765.16,758211.944
300658.SZ,20241231,5.29,5.37,5.17,5.18,5.29,-0.11,-2.0794,49408.9,26024.573
300659.SZ,20241231,17.31,17.32,16.12,16.19,17.14,-0.95,-5.5426,71406.92,118182.697
300660.SZ,20241231,40.01,40.36,38.22,38.22,40.1,-1.88,-4.6883,102480.73,399266.74
300661.SZ,20241231,84.94,85.29,81.68,81.78,84.68,-2.9,-3.4247,59985.3,498064.79
300662.SZ,20241231,21.72,21.85,21.01,21.06,21.64,-0.58,-2.6802,38282.3,81649.589
300663.SZ,20241231,18.34,18.53,17.36,17.36,18.25,-0.89,-4.8767,167660.23,298260.559
300664.SZ,20241231,5.92,6.06,5.82,5.88,5.98,-0.1,-1.6722,230210.12,137319.253
300665.SZ,20241231,6.45,6.54,6.18,6.2,6.45,-0.25,-3.876,72830.0,45959.085
300666.SZ,20241231,73.28,73.3,69.45,69.45,72.75,-3.3,-4.5361,59936.0,424452.7
300667.SZ,20241231,16.94,17.19,16.15,16.17,16.94,-0.77,-4.5455,56199.5,92659.917
300668.SZ,20241231,22.85,23.48,22.51,22.66,22.88,-0.22,-0.9615,13869.0,31639.155
300669.SZ,20241231,20.87,21.69,20.75,20.87,20.89,-0.02,-0.0957,14481.45,30621.762
300670.SZ,20241231,6.01,6.07,5.76,5.79,5.98,-0.19,-3.1773,55061.68,32307.817
300671.SZ,20241231,39.28,39.59,35.54,35.54,38.96,-3.42,-8.7782,126513.03,466576.946
300672.SZ,20241231,71.6,71.65,66.0,66.75,71.4,-4.65,-6.5126,94233.93,647036.117
300673.SZ,20241231,17.99,18.33,17.65,17.73,18.19,-0.46,-2.5289,95360.0,171158.061
300674.SZ,20241231,20.6,20.79,19.52,19.52,20.56,-1.04,-5.0584,154142.31,308452.789
300675.SZ,20241231,15.43,16.72,15.43,16.12,15.52,0.6,3.866,105362.08,169214.563
300676.SZ,20241231,43.38,43.55,41.94,41.97,43.38,-1.41,-3.2503,26425.79,112612.504
300677.SZ,20241231,26.06,26.07,25.28,25.28,25.95,-0.67,-2.5819,94147.16,241012.221
300678.SZ,20241231,38.14,38.14,36.33,36.37,37.85,-1.48,-3.9102,101050.28,373650.188
300679.SZ,20241231,59.24,61.0,57.58,59.7,59.55,0.15,0.2519,93869.87,558693.956
300680.SZ,20241231,24.84,24.97,23.53,23.96,24.75,-0.79,-3.1919,59707.0,144849.587
300681.SZ,20241231,26.64,26.72,24.75,24.87,26.24,-1.37,-5.221,128499.83,325724.6
300682.SZ,20241231,12.79,12.9,12.18,12.2,12.76,-0.56,-4.3887,146805.5,182185.957
300683.SZ,20241231,24.1,24.68,23.69,23.84,24.12,-0.28,-1.1609,12786.0,30739.444
300684.SZ,20241231,23.76,23.76,22.37,22.43,23.44,-1.01,-4.3089,182621.3,416045.778
300685.SZ,20241231,23.5,23.65,22.73,22.8,23.47,-0.67,-2.8547,29782.9,68574.989
300686.SZ,20241231,9.17,9.25,8.73,8.73,9.16,-0.43,-4.6943,69892.0,62348.496
300687.SZ,20241231,19.38,19.42,18.18,18.2,19.22,-1.02,-5.307,98251.03,183680.546
300688.SZ,20241231,34.0,34.28,31.93,32.01,34.15,-2.14,-6.2665,152751.0,505773.285
300689.SZ,20241231,27.21,27.69,25.28,25.52,27.29,-1.77,-6.4859,19410.5,50969.65
300690.SZ,20241231,23.78,23.85,22.58,22.61,23.79,-1.18,-4.9601,47885.0,110409.129
300691.SZ,20241231,21.0,21.26,19.63,19.72,21.1,-1.38,-6.5403,172467.45,349405.879
300692.SZ,20241231,5.81,5.91,5.64,5.66,5.78,-0.12,-2.0761,145313.8,83850.721
300693.SZ,20241231,28.01,28.29,26.78,26.96,28.29,-1.33,-4.7013,302378.06,822446.269
300694.SZ,20241231,16.19,16.37,15.44,15.95,15.99,-0.04,-0.2502,126154.0,200286.059
300695.SZ,20241231,45.93,45.97,44.49,44.6,45.93,-1.33,-2.8957,5546.0,25028.368
300696.SZ,20241231,16.11,16.2,15.5,15.53,16.1,-0.57,-3.5404,57344.82,90521.038
300697.SZ,20241231,13.27,13.5,12.61,12.61,13.25,-0.64,-4.8302,257417.16,331605.784
300698.SZ,20241231,35.8,36.02,34.02,34.46,35.75,-1.29,-3.6084,21576.83,75553.285
300699.SZ,20241231,35.82,35.91,34.6,34.65,35.81,-1.16,-3.2393,247336.88,867534.275
300700.SZ,20241231,9.1,9.19,8.72,8.78,9.11,-0.33,-3.6224,116769.09,104298.268
300701.SZ,20241231,10.75,10.87,10.23,10.25,10.76,-0.51,-4.7398,63347.04,66174.999
300702.SZ,20241231,17.05,17.18,16.58,16.66,17.03,-0.37,-2.1726,19584.23,32879.925
300703.SZ,20241231,15.2,15.47,14.0,14.27,15.49,-1.22,-7.876,235669.55,345387.962
300705.SZ,20241231,18.98,19.18,17.91,17.95,19.97,-2.02,-10.1152,432169.88,791148.362
300706.SZ,20241231,25.59,26.14,23.95,24.05,25.43,-1.38,-5.4267,87145.55,216175.92
300707.SZ,20241231,15.8,15.99,15.08,15.37,16.18,-0.81,-5.0062,134697.0,208803.09
300708.SZ,20241231,12.47,13.12,12.13,12.49,12.47,0.02,0.1604,524128.54,662361.522
300709.SZ,20241231,42.06,42.49,40.17,40.17,42.35,-2.18,-5.1476,92901.0,381846.744
300710.SZ,20241231,18.6,18.7,17.83,17.86,18.42,-0.56,-3.0402,29257.15,53178.337
300711.SZ,20241231,24.5,24.87,23.1,23.15,24.52,-1.37,-5.5873,92868.64,219712.029
300712.SZ,20241231,25.27,25.36,24.07,24.07,25.29,-1.22,-4.824,27732.0,68161.73
300713.SZ,20241231,16.45,17.15,15.77,15.77,16.44,-0.67,-4.0754,43713.53,70740.892
300715.SZ,20241231,7.11,7.53,7.06,7.42,7.12,0.3,4.2135,159385.92,116600.566
300716.SZ,20241231,12.2,12.73,12.05,12.36,12.09,0.27,2.2333,63755.98,78797.792
300717.SZ,20241231,14.45,14.52,13.88,13.93,14.35,-0.42,-2.9268,18857.32,26598.528
300718.SZ,20241231,32.57,32.99,29.88,30.69,32.86,-2.17,-6.6038,488835.87,1510728.369
300719.SZ,20241231,18.9,18.95,17.91,17.91,19.07,-1.16,-6.0829,88247.5,162397.905
300720.SZ,20241231,18.36,18.76,17.55,17.56,18.31,-0.75,-4.0961,37432.8,67615.861
300721.SZ,20241231,12.68,12.75,12.18,12.18,12.63,-0.45,-3.5629,26899.0,33337.726
300722.SZ,20241231,28.14,28.14,27.0,27.02,28.14,-1.12,-3.9801,61218.56,167896.971
300723.SZ,20241231,17.77,17.77,17.06,17.06,17.69,-0.63,-3.5613,47058.0,81440.836
300724.SZ,20241231,65.96,66.8,63.17,63.21,65.73,-2.52,-3.8339,77761.29,501379.719
300725.SZ,20241231,34.89,34.95,33.59,33.6,34.8,-1.2,-3.4483,35924.19,122578.58
300726.SZ,20241231,32.43,32.69,31.1,31.1,32.42,-1.32,-4.0716,45385.32,143813.463
300727.SZ,20241231,35.38,35.65,33.36,33.74,35.69,-1.95,-5.4637,106238.95,361529.176
300729.SZ,20241231,16.04,16.39,15.79,15.88,16.08,-0.2,-1.2438,61399.81,98860.779
300730.SZ,20241231,12.61,12.86,12.14,12.17,12.61,-0.44,-3.4893,75267.0,94160.144
300731.SZ,20241231,22.84,23.1,21.61,21.61,22.6,-0.99,-4.3805,66090.0,146028.191
300732.SZ,20241231,6.91,7.0,6.68,6.68,6.88,-0.2,-2.907,50494.0,34457.137
300733.SZ,20241231,12.19,12.2,11.65,11.67,12.23,-0.56,-4.5789,78048.6,92658.23
300735.SZ,20241231,29.4,29.67,27.98,27.99,29.52,-1.53,-5.1829,232184.0,663135.698
300736.SZ,20241231,10.1,10.2,9.52,9.63,10.03,-0.4,-3.988,75031.0,73648.954
300737.SZ,20241231,5.16,5.23,5.07,5.07,5.16,-0.09,-1.7442,128635.94,66289.099
300738.SZ,20241231,15.72,15.9,14.46,14.5,15.41,-0.91,-5.9053,1390982.39,2094052.351
300739.SZ,20241231,16.82,16.99,14.86,15.14,16.88,-1.74,-10.3081,373055.82,588780.309
300740.SZ,20241231,13.88,14.15,13.17,13.22,13.85,-0.63,-4.5487,158788.09,216388.431
300741.SZ,20241231,17.89,17.89,17.39,17.39,17.78,-0.39,-2.1935,13825.37,24364.346
300743.SZ,20241231,15.83,15.98,15.21,15.23,15.79,-0.56,-3.5465,25887.5,40157.484
300745.SZ,20241231,16.49,16.63,15.9,15.92,16.48,-0.56,-3.3981,28509.39,46084.073
300746.SZ,20241231,11.75,11.91,11.35,11.41,11.67,-0.26,-2.2279,34407.0,39775.027
300747.SZ,20241231,19.91,20.07,19.13,19.16,19.91,-0.75,-3.767,79569.92,154638.375
300748.SZ,20241231,18.54,18.64,17.88,17.88,18.43,-0.55,-2.9843,182500.42,332617.312
300749.SZ,20241231,6.36,6.41,6.13,6.15,6.33,-0.18,-2.8436,44643.0,27872.531
300750.SZ,20241231,265.09,270.5,265.09,266.0,266.58,-0.58,-0.2176,249339.52,6694555.731
300751.SZ,20241231,108.75,109.49,105.15,105.15,108.05,-2.9,-2.6839,19639.98,209568.993
300752.SZ,20241231,17.85,17.99,17.0,17.0,17.85,-0.85,-4.7619,49540.8,86345.406
300753.SZ,20241231,19.0,19.46,17.42,17.63,18.8,-1.17,-6.2234,128037.84,237617.932
300755.SZ,20241231,17.4,18.79,17.22,17.84,17.35,0.49,2.8242,89483.0,161484.644
300756.SZ,20241231,15.25,15.46,14.89,14.89,15.22,-0.33,-2.1682,26309.14,39880.819
300757.SZ,20241231,228.0,241.6,225.01,225.32,227.5,-2.18,-0.9582,83211.2,1932566.832
300758.SZ,20241231,12.28,12.34,11.9,11.98,12.31,-0.33,-2.6807,62312.23,75292.027
300759.SZ,20241231,26.54,26.56,25.7,25.7,26.48,-0.78,-2.9456,175643.7,459012.603
300760.SZ,20241231,257.5,260.53,255.0,255.0,258.79,-3.79,-1.4645,51217.02,1320021.16
300761.SZ,20241231,19.9,19.92,19.44,19.46,19.84,-0.38,-1.9153,50554.0,99303.708
300762.SZ,20241231,22.46,22.53,21.01,21.03,22.49,-1.46,-6.4918,272660.41,589109.65
300763.SZ,20241231,63.3,64.94,61.07,61.07,63.34,-2.27,-3.5838,61187.48,383198.317
300765.SZ,20241231,26.81,26.9,26.0,26.59,26.7,-0.11,-0.412,51618.62,136354.024
300766.SZ,20241231,15.6,16.1,14.54,14.61,15.65,-1.04,-6.6454,346080.53,524826.69
300767.SZ,20241231,9.28,9.34,9.0,9.02,9.21,-0.19,-2.063,52141.79,47831.345
300768.SZ,20241231,18.39,18.6,17.49,17.5,18.38,-0.88,-4.7878,62657.0,112466.575
300769.SZ,20241231,38.6,38.85,36.73,36.88,38.71,-1.83,-4.7275,110888.96,416721.33
300770.SZ,20241231,42.25,42.78,40.41,40.41,42.37,-1.96,-4.6259,36516.16,150577.88
300771.SZ,20241231,10.88,11.0,10.5,10.52,10.89,-0.37,-3.3976,46725.4,49960.732
300772.SZ,20241231,13.42,13.57,13.22,13.24,13.41,-0.17,-1.2677,101951.68,136345.915
300773.SZ,20241231,18.83,18.9,17.7,17.7,18.72,-1.02,-5.4487,166991.41,302807.742
300774.SZ,20241231,8.93,9.07,8.76,8.78,8.93,-0.15,-1.6797,30156.35,26819.416
300775.SZ,20241231,25.08,25.5,24.77,24.93,25.2,-0.27,-1.0714,114801.14,287320.026
300776.SZ,20241231,65.86,66.8,63.58,63.58,66.02,-2.44,-3.6958,27353.68,176937.157
300777.SZ,20241231,29.8,29.89,28.28,28.29,29.8,-1.51,-5.0671,120430.0,347790.399
300778.SZ,20241231,11.28,11.69,11.13,11.16,11.27,-0.11,-0.976,75997.74,86584.488
300779.SZ,20241231,98.0,98.79,96.38,97.6,96.99,0.61,0.6289,28972.35,282668.571
300780.SZ,20241231,14.96,15.15,14.32,14.36,14.92,-0.56,-3.7534,49948.0,73010.945
300781.SZ,20241231,62.32,62.75,58.99,59.03,62.08,-3.05,-4.913,48122.3,289909.659
300782.SZ,20241231,92.68,92.88,89.39,89.7,92.36,-2.66,-2.88,76914.48,697391.13
300783.SZ,20241231,37.35,38.38,36.85,36.87,37.38,-0.51,-1.3644,118930.6,448635.43
300784.SZ,20241231,61.9,62.48,59.0,59.49,61.66,-2.17,-3.5193,10441.36,63951.828
300785.SZ,20241231,35.3,35.44,33.41,33.5,34.9,-1.4,-4.0115,106896.16,366907.465
300786.SZ,20241231,14.57,14.78,13.9,13.9,14.64,-0.74,-5.0546,116195.49,164876.116
300787.SZ,20241231,14.6,14.6,13.39,13.42,14.51,-1.09,-7.5121,88100.64,122306.624
300788.SZ,20241231,32.95,33.08,31.43,31.57,32.93,-1.36,-4.13,45685.0,146460.733
300789.SZ,20241231,15.33,15.56,14.94,14.94,15.33,-0.39,-2.544,23950.87,36288.525
300790.SZ,20241231,19.8,19.93,19.0,19.09,19.85,-0.76,-3.8287,141066.71,272415.515
300791.SZ,20241231,26.98,27.29,26.3,26.33,26.89,-0.56,-2.0826,18727.9,50221.07
300792.SZ,20241231,25.35,25.57,23.99,24.0,25.36,-1.36,-5.3628,113882.28,281529.649
300793.SZ,20241231,21.03,21.36,19.57,19.71,21.65,-1.94,-8.9607,476621.66,966787.155
300795.SZ,20241231,20.1,20.5,19.77,20.01,19.7,0.31,1.5736,146620.74,295728.562
300796.SZ,20241231,10.56,10.56,10.21,10.21,10.45,-0.24,-2.2967,56510.0,58573.053
300797.SZ,20241231,12.22,12.28,11.76,11.81,12.2,-0.39,-3.1967,27291.5,32689.81
300798.SZ,20241231,7.41,7.52,7.08,7.15,7.4,-0.25,-3.3784,272246.26,197594.068
300800.SZ,20241231,10.8,10.9,10.43,10.43,10.79,-0.36,-3.3364,15835.0,16750.274
300801.SZ,20241231,16.28,16.35,15.74,15.87,16.28,-0.41,-2.5184,17347.0,27785.999
300802.SZ,20241231,18.96,19.28,18.26,18.27,18.96,-0.69,-3.6392,37920.8,70802.88
300803.SZ,20241231,105.18,105.7,95.8,95.95,106.0,-10.05,-9.4811,296796.96,2960027.477
300804.SZ,20241231,23.03,23.22,22.51,22.56,22.98,-0.42,-1.8277,4495.0,10269.174
300805.SZ,20241231,12.01,12.07,11.06,11.08,11.85,-0.77,-6.4979,234251.51,267062.344
300806.SZ,20241231,13.74,13.74,12.95,12.95,13.57,-0.62,-4.5689,67204.59,88715.375
300808.SZ,20241231,23.1,23.55,22.8,22.97,23.12,-0.15,-0.6488,20454.6,47311.163
300809.SZ,20241231,32.88,33.22,31.49,31.68,32.7,-1.02,-3.1193,62037.84,198878.058
300810.SZ,20241231,19.81,19.99,19.15,19.23,19.77,-0.54,-2.7314,12679.5,24722.676
300811.SZ,20241231,56.71,57.4,53.75,53.91,56.79,-2.88,-5.0713,92689.73,508227.249
300812.SZ,20241231,23.38,23.38,22.04,22.04,23.08,-1.04,-4.5061,30617.0,68896.597
300813.SZ,20241231,17.77,17.87,17.22,17.27,17.73,-0.46,-2.5945,15681.67,27395.186
300814.SZ,20241231,35.0,35.09,32.37,32.42,35.16,-2.74,-7.7929,84425.58,282150.476
300815.SZ,20241231,16.1,16.22,15.58,15.59,16.01,-0.42,-2.6234,47945.05,75918.974
300816.SZ,20241231,25.25,26.28,24.8,25.65,25.26,0.39,1.5439,45834.0,118101.96
300817.SZ,20241231,14.34,14.51,13.87,13.87,14.37,-0.5,-3.4795,56492.32,80139.183
300818.SZ,20241231,27.7,28.0,26.8,27.16,27.91,-0.75,-2.6872,12569.75,34280.156
300819.SZ,20241231,13.6,13.97,12.95,13.0,13.36,-0.36,-2.6946,24540.0,32833.567
300820.SZ,20241231,58.18,58.5,55.23,55.25,58.02,-2.77,-4.7742,28667.75,161865.858
300821.SZ,20241231,8.04,8.07,7.76,7.76,8.01,-0.25,-3.1211,57444.35,45244.664
300822.SZ,20241231,21.31,21.69,20.58,20.65,21.52,-0.87,-4.0428,66254.33,139577.359
300823.SZ,20241231,13.64,13.8,12.97,13.01,13.57,-0.56,-4.1268,36701.66,48518.37
300824.SZ,20241231,10.3,10.35,9.76,9.78,10.19,-0.41,-4.0236,110652.9,110903.161
300825.SZ,20241231,11.9,12.05,11.3,11.3,11.78,-0.48,-4.0747,178806.0,208106.633
300826.SZ,20241231,19.3,19.5,18.0,18.28,19.34,-1.06,-5.4809,44835.2,84628.108
300827.SZ,20241231,45.14,46.02,43.89,43.9,44.8,-0.9,-2.0089,39221.46,174572.16
300828.SZ,20241231,16.0,17.44,15.8,16.82,15.95,0.87,5.4545,150782.5,251360.594
300829.SZ,20241231,17.48,18.98,17.39,18.79,17.42,1.37,7.8645,84471.69,153961.507
300830.SZ,20241231,8.61,8.7,8.1,8.14,8.6,-0.46,-5.3488,133170.0,111164.874
300831.SZ,20241231,17.71,17.92,16.01,16.1,17.6,-1.5,-8.5227,248770.0,419046.167
300832.SZ,20241231,71.13,72.29,70.2,70.85,71.91,-1.06,-1.4741,38150.67,270948.534
300833.SZ,20241231,44.76,45.14,43.87,44.15,44.71,-0.56,-1.2525,16239.5,72237.772
300834.SZ,20241231,20.2,20.36,19.7,19.76,20.2,-0.44,-2.1782,7390.0,14738.311
300835.SZ,20241231,32.0,32.19,30.86,30.92,32.0,-1.08,-3.375,18083.0,56791.902
300836.SZ,20241231,43.49,43.49,42.0,42.11,43.18,-1.07,-2.478,7074.5,30114.847
300837.SZ,20241231,20.87,20.97,20.07,20.16,20.71,-0.55,-2.6557,7432.0,15159.48
300838.SZ,20241231,12.72,12.85,12.56,12.66,12.7,-0.04,-0.315,18416.0,23361.271
300839.SZ,20241231,7.32,7.63,7.12,7.21,7.32,-0.11,-1.5027,43689.17,32105.801
300840.SZ,20241231,19.97,20.9,19.61,20.02,19.36,0.66,3.4091,341125.0,690981.351
300841.SZ,20241231,56.58,56.95,54.52,54.52,56.6,-2.08,-3.6749,28229.69,156725.541
300842.SZ,20241231,42.25,42.74,40.75,41.02,42.28,-1.26,-2.9801,30893.55,128359.547
300843.SZ,20241231,34.83,36.64,34.1,35.01,34.8,0.21,0.6034,223954.73,793393.884
300844.SZ,20241231,31.9,32.32,31.33,31.38,31.89,-0.51,-1.5992,7196.4,22839.179
300845.SZ,20241231,13.29,13.4,12.81,12.81,13.22,-0.41,-3.1014,32073.86,41830.779
300846.SZ,20241231,14.13,14.45,13.81,13.91,14.27,-0.36,-2.5228,418576.1,589001.325
300847.SZ,20241231,17.99,17.99,17.12,17.14,17.94,-0.8,-4.4593,82527.53,144741.769
300848.SZ,20241231,16.77,16.86,16.24,16.25,16.72,-0.47,-2.811,21340.3,35041.776
300849.SZ,20241231,14.3,14.3,14.01,14.05,14.3,-0.25,-1.7483,34162.0,48263.736
300850.SZ,20241231,19.83,20.04,19.1,19.11,19.86,-0.75,-3.7764,48430.31,94241.295
300851.SZ,20241231,28.32,28.32,26.37,26.5,28.24,-1.74,-6.1615,13043.0,35661.347
300852.SZ,20241231,28.46,28.48,26.21,26.22,28.4,-2.18,-7.6761,56865.02,153751.005
300853.SZ,20241231,24.11,25.89,23.83,25.08,24.44,0.64,2.6187,225399.53,566703.163
300854.SZ,20241231,12.54,12.77,12.16,12.22,12.47,-0.25,-2.0048,16894.0,21004.921
300855.SZ,20241231,23.09,23.28,21.92,21.92,23.08,-1.16,-5.026,98173.72,220036.517
300856.SZ,20241231,26.16,26.31,25.5,25.62,26.22,-0.6,-2.2883,38971.18,100753.01
300857.SZ,20241231,107.05,110.33,105.79,106.89,106.85,0.04,0.0374,130021.92,1407527.216
300858.SZ,20241231,14.9,14.99,14.2,14.38,14.92,-0.54,-3.6193,30162.99,44011.458
300859.SZ,20241231,36.0,36.42,34.9,35.18,35.83,-0.65,-1.8141,39143.71,139600.752
300860.SZ,20241231,29.05,29.4,27.8,27.83,28.73,-0.9,-3.1326,46368.8,132520.779
300861.SZ,20241231,20.58,20.69,19.92,19.95,20.56,-0.61,-2.9669,53753.4,108526.003
300862.SZ,20241231,29.0,29.14,27.1,27.17,28.73,-1.56,-5.4299,36189.2,101116.677
300863.SZ,20241231,47.33,48.88,44.5,44.7,49.41,-4.71,-9.5325,117542.64,540162.179
300864.SZ,20241231,21.46,21.65,20.92,20.97,21.35,-0.38,-1.7799,8893.16,18928.435
300865.SZ,20241231,24.09,24.32,23.34,23.34,24.01,-0.67,-2.7905,13106.0,31109.355
300866.SZ,20241231,99.0,99.73,97.22,97.64,98.91,-1.27,-1.284,32316.5,317887.495
300867.SZ,20241231,13.25,13.34,12.92,12.93,13.23,-0.3,-2.2676,19185.0,25171.826
300868.SZ,20241231,28.34,28.5,26.92,27.08,28.6,-1.52,-5.3147,26779.0,73575.814
300869.SZ,20241231,14.37,14.45,13.94,13.94,14.37,-0.43,-2.9923,35135.0,49684.785
300870.SZ,20241231,111.96,114.65,106.75,106.78,112.79,-6.01,-5.3285,48046.08,526659.018
300871.SZ,20241231,10.26,10.46,10.04,10.06,10.26,-0.2,-1.9493,26834.17,27419.993
300872.SZ,20241231,17.07,17.32,15.53,15.75,16.92,-1.17,-6.9149,271245.4,445122.849
300873.SZ,20241231,17.46,17.55,16.84,16.91,17.46,-0.55,-3.1501,24834.77,42636.745
300875.SZ,20241231,29.41,29.55,28.0,28.16,28.96,-0.8,-2.7624,21064.3,60445.636
300876.SZ,20241231,27.5,27.6,26.86,27.4,27.2,0.2,0.7353,17144.56,46620.476
300877.SZ,20241231,14.19,14.55,13.97,14.05,14.26,-0.21,-1.4727,11942.0,17017.63
300878.SZ,20241231,15.45,15.78,15.07,15.07,15.7,-0.63,-4.0127,35936.79,55458.557
300879.SZ,20241231,16.19,16.45,15.45,15.68,16.15,-0.47,-2.9102,77070.53,123091.622
300880.SZ,20241231,23.29,23.34,22.15,22.2,23.32,-1.12,-4.8027,50456.64,113903.287
300881.SZ,20241231,31.22,31.33,30.5,30.74,31.17,-0.43,-1.3795,9595.1,29627.973
300882.SZ,20241231,16.9,17.18,16.05,16.08,16.62,-0.54,-3.2491,56313.99,92853.903
300883.SZ,20241231,5.51,5.64,5.35,5.36,5.48,-0.12,-2.1898,78790.49,42933.45
300884.SZ,20241231,12.22,12.26,11.18,11.18,12.04,-0.86,-7.1429,108390.0,125460.897
300885.SZ,20241231,11.46,11.57,10.94,11.0,11.45,-0.45,-3.9301,36067.69,40187.308
300886.SZ,20241231,19.29,19.52,18.62,18.79,19.31,-0.52,-2.6929,10136.8,19214.549
300887.SZ,20241231,7.97,8.04,7.64,7.64,7.94,-0.3,-3.7783,94952.76,73919.257
300888.SZ,20241231,42.52,42.66,41.67,42.08,42.34,-0.26,-0.6141,52487.96,221205.663
300889.SZ,20241231,14.19,14.25,13.78,13.79,13.91,-0.12,-0.8627,30010.08,42010.898
300890.SZ,20241231,29.68,30.68,28.76,30.26,29.72,0.54,1.817,58204.96,173270.451
300891.SZ,20241231,8.39,8.41,8.13,8.17,8.31,-0.14,-1.6847,26456.0,21800.566
300892.SZ,20241231,33.0,33.77,32.0,32.0,32.84,-0.84,-2.5579,36294.48,119468.369
300893.SZ,20241231,30.16,30.57,28.96,29.18,30.15,-0.97,-3.2172,12602.75,37092.192
300894.SZ,20241231,14.23,14.34,13.67,13.7,14.21,-0.51,-3.589,75403.55,105171.457
300895.SZ,20241231,35.5,37.48,35.31,35.31,35.59,-0.28,-0.7867,106596.32,387627.287
300896.SZ,20241231,186.5,188.2,182.5,182.5,186.75,-4.25,-2.2758,36701.49,677857.51
300897.SZ,20241231,25.7,25.7,24.43,24.47,25.71,-1.24,-4.823,17076.97,42572.553
300898.SZ,20241231,26.35,26.69,25.66,25.71,26.17,-0.46,-1.7577,66211.46,173444.324
300899.SZ,20241231,21.32,21.54,20.7,20.74,21.32,-0.58,-2.7205,12633.8,26599.145
300900.SZ,20241231,22.11,22.53,21.61,22.0,22.4,-0.4,-1.7857,93931.04,206692.211
300901.SZ,20241231,11.75,12.03,11.4,11.86,11.6,0.26,2.2414,67464.0,79713.383
300902.SZ,20241231,24.09,24.81,22.82,22.88,24.12,-1.24,-5.141,42388.4,99050.527
300903.SZ,20241231,8.6,8.6,7.99,7.99,8.55,-0.56,-6.5497,187944.3,154113.674
300904.SZ,20241231,58.66,61.0,57.7,60.17,58.64,1.53,2.6091,17209.85,102071.075
300905.SZ,20241231,27.28,27.28,26.0,26.06,26.97,-0.91,-3.3741,43038.63,113699.078
300906.SZ,20241231,27.0,27.04,25.9,25.98,27.01,-1.03,-3.8134,18936.57,49992.778
300907.SZ,20241231,21.98,22.06,20.98,21.04,21.98,-0.94,-4.2766,10837.0,23221.033
300908.SZ,20241231,31.14,31.95,30.71,30.74,31.11,-0.37,-1.1893,16940.71,52949.246
300909.SZ,20241231,24.74,24.9,23.85,23.85,24.76,-0.91,-3.6753,29958.43,72569.989
300910.SZ,20241231,47.33,48.45,47.18,47.59,47.2,0.39,0.8263,37971.38,182182.045
300911.SZ,20241231,27.5,28.0,25.85,26.08,27.47,-1.39,-5.0601,51584.7,138043.907
300912.SZ,20241231,11.92,12.08,11.46,11.5,11.81,-0.31,-2.6249,25729.05,29980.628
300913.SZ,20241231,62.91,64.17,57.51,57.51,62.41,-4.9,-7.8513,294029.67,1769110.195
300915.SZ,20241231,32.81,33.47,31.96,32.2,32.8,-0.6,-1.8293,9071.0,29726.219
300916.SZ,20241231,31.05,31.43,29.99,30.0,31.09,-1.09,-3.506,25284.72,77463.621
300917.SZ,20241231,50.77,51.37,48.31,48.38,50.68,-2.3,-4.5383,50447.0,249566.34
300918.SZ,20241231,10.49,10.72,10.25,10.31,10.5,-0.19,-1.8095,21988.76,22978.61
300919.SZ,20241231,37.6,37.6,36.06,36.12,37.41,-1.29,-3.4483,61981.2,226866.937
300920.SZ,20241231,17.43,17.62,16.8,16.92,17.43,-0.51,-2.926,9999.0,17205.376
300921.SZ,20241231,28.8,28.94,26.8,27.1,28.59,-1.49,-5.2116,116677.81,324785.837
300922.SZ,20241231,14.74,14.86,14.33,14.35,14.74,-0.39,-2.6459,29925.4,43520.744
300923.SZ,20241231,20.63,20.77,19.36,19.42,20.3,-0.88,-4.335,22972.0,45351.574
300925.SZ,20241231,23.82,23.84,22.22,22.28,23.67,-1.39,-5.8724,153515.27,351590.256
300926.SZ,20241231,22.62,23.38,22.01,22.01,22.62,-0.61,-2.6967,116700.85,265281.132
300927.SZ,20241231,17.0,17.14,16.46,16.47,17.01,-0.54,-3.1746,15642.4,26212.367
300928.SZ,20241231,34.11,34.47,32.83,32.89,34.21,-1.32,-3.8585,10446.3,35096.46
300929.SZ,20241231,8.54,8.66,8.26,8.27,8.48,-0.21,-2.4764,28614.0,24106.316
300930.SZ,20241231,29.7,30.25,28.88,29.88,29.93,-0.05,-0.1671,26043.0,77321.221
300931.SZ,20241231,6.71,6.99,6.56,6.57,6.66,-0.09,-1.3514,60576.0,40749.588
300932.SZ,20241231,15.05,15.06,14.38,14.59,14.94,-0.35,-2.3427,26653.96,39199.062
300933.SZ,20241231,8.85,9.45,8.24,8.36,8.47,-0.11,-1.2987,1341298.58,1193659.584
300935.SZ,20241231,25.09,26.14,24.44,24.91,24.99,-0.08,-0.3201,37372.47,94446.17
300936.SZ,20241231,39.71,40.23,37.8,37.8,39.91,-2.11,-5.2869,15781.0,61339.447
300937.SZ,20241231,25.6,25.97,25.01,25.02,25.47,-0.45,-1.7668,23041.0,58749.09
300938.SZ,20241231,26.59,26.83,25.61,25.68,26.85,-1.17,-4.3575,38868.7,101187.293
300939.SZ,20241231,35.2,35.22,32.76,32.8,35.1,-2.3,-6.5527,53643.0,180691.649
300940.SZ,20241231,14.1,14.12,13.48,13.5,13.98,-0.48,-3.4335,34834.6,47912.907
300941.SZ,20241231,31.73,31.99,28.66,30.3,31.82,-1.52,-4.7769,336563.21,1010025.175
300942.SZ,20241231,8.87,9.0,8.56,8.57,8.85,-0.28,-3.1638,39843.0,34881.012
300943.SZ,20241231,13.21,13.58,12.86,12.89,13.22,-0.33,-2.4962,67483.0,88692.404
300945.SZ,20241231,11.18,11.83,11.11,11.49,11.05,0.44,3.9819,236413.21,273715.991
300946.SZ,20241231,28.01,28.37,27.16,27.16,28.01,-0.85,-3.0346,7930.6,21888.959
300947.SZ,20241231,16.6,16.6,15.86,15.87,16.34,-0.47,-2.8764,30955.85,50170.462
300948.SZ,20241231,9.7,9.83,9.41,9.41,9.71,-0.3,-3.0896,17904.5,17135.852
300949.SZ,20241231,44.01,53.5,44.01,47.7,45.0,2.7,6.0,73200.79,352456.564
300950.SZ,20241231,16.74,16.89,16.1,16.15,16.66,-0.51,-3.0612,21745.0,35650.017
300951.SZ,20241231,31.64,31.7,29.82,29.87,31.63,-1.76,-5.5643,31859.21,97158.632
300952.SZ,20241231,21.85,22.08,20.77,20.83,21.8,-0.97,-4.4495,27913.0,59462.148
300953.SZ,20241231,71.95,72.65,69.09,69.64,72.3,-2.66,-3.6791,13951.07,98581.234
300955.SZ,20241231,15.25,17.01,15.22,15.8,15.22,0.58,3.8108,44723.97,71623.504
300956.SZ,20241231,21.44,22.93,21.44,22.6,21.54,1.06,4.9211,249334.41,560706.951
300957.SZ,20241231,43.78,44.0,42.56,42.69,43.71,-1.02,-2.3336,47553.86,205519.983
300958.SZ,20241231,11.67,11.8,11.42,11.52,11.67,-0.15,-1.2853,26716.56,30991.754
300959.SZ,20241231,47.13,48.33,44.03,44.16,47.12,-2.96,-6.2818,111277.82,508867.658
300960.SZ,20241231,26.34,26.45,24.64,25.2,26.81,-1.61,-6.0052,51944.47,131686.177
300961.SZ,20241231,10.29,10.39,10.03,10.05,10.23,-0.18,-1.7595,66861.0,68240.861
300962.SZ,20241231,17.41,17.68,16.72,16.73,17.46,-0.73,-4.181,50884.0,87927.491
300963.SZ,20241231,9.25,9.31,8.76,8.77,9.26,-0.49,-5.2916,49255.57,44191.686
300964.SZ,20241231,37.77,38.16,35.9,35.9,37.58,-1.68,-4.4705,18858.0,69001.172
300965.SZ,20241231,36.36,36.84,35.6,35.81,36.36,-0.55,-1.5127,1937.0,7007.864
300966.SZ,20241231,16.73,16.93,16.08,16.13,16.84,-0.71,-4.2162,14741.0,24207.636
300967.SZ,20241231,12.11,12.35,11.72,11.75,12.07,-0.32,-2.6512,47211.93,56748.739
300968.SZ,20241231,17.56,17.7,16.48,16.48,17.46,-0.98,-5.6128,100635.1,170535.297
300969.SZ,20241231,84.56,85.98,80.84,81.67,84.56,-2.89,-3.4177,15290.34,126911.802
300970.SZ,20241231,12.17,12.35,11.89,11.9,12.1,-0.2,-1.6529,24657.41,29829.437
300971.SZ,20241231,21.02,21.02,20.3,20.3,20.87,-0.57,-2.7312,21060.0,43265.008
300972.SZ,20241231,76.52,84.0,76.51,80.41,76.93,3.48,4.5236,34188.34,279008.161
300973.SZ,20241231,39.69,40.75,39.03,39.03,39.49,-0.46,-1.1649,36796.0,146458.734
300975.SZ,20241231,11.87,12.02,11.22,11.25,11.94,-0.69,-5.7789,195088.0,225271.777
300976.SZ,20241231,73.15,74.14,68.5,68.5,74.18,-5.68,-7.6571,29914.29,211471.377
300977.SZ,20241231,18.26,19.03,18.23,18.43,18.16,0.27,1.4868,32990.17,61484.859
300978.SZ,20241231,11.36,11.36,10.89,10.89,11.19,-0.3,-2.681,54911.14,60692.579
300979.SZ,20241231,77.31,80.16,76.91,78.65,77.46,1.19,1.5363,18135.0,143358.226
300980.SZ,20241231,22.02,23.6,21.76,22.9,22.01,0.89,4.0436,49861.54,113829.434
300981.SZ,20241231,13.29,13.33,12.85,12.86,13.25,-0.39,-2.9434,30240.3,39478.239
300982.SZ,20241231,19.15,19.88,18.81,19.11,19.24,-0.13,-0.6757,65458.8,126036.625
300983.SZ,20241231,17.3,17.58,16.9,16.91,17.36,-0.45,-2.5922,6019.92,10306.803
300984.SZ,20241231,41.45,42.09,40.2,40.2,41.45,-1.25,-3.0157,25522.73,104893.441
300985.SZ,20241231,18.28,19.56,18.26,18.41,18.06,0.35,1.938,45538.2,85486.833
300986.SZ,20241231,12.41,12.58,12.11,12.14,12.37,-0.23,-1.8593,15648.86,19243.664
300987.SZ,20241231,14.77,14.82,14.15,14.16,14.69,-0.53,-3.6079,35963.0,51890.517
300988.SZ,20241231,18.79,18.93,18.03,18.04,18.75,-0.71,-3.7867,27766.0,50946.678
300989.SZ,20241231,15.86,16.11,15.43,15.85,15.82,0.03,0.1896,53322.41,84255.044
300990.SZ,20241231,42.28,44.44,41.2,41.3,42.01,-0.71,-1.6901,52886.46,224373.057
300991.SZ,20241231,23.17,24.17,19.75,20.69,23.05,-2.36,-10.2386,253595.22,548115.701
300992.SZ,20241231,26.33,27.3,25.88,26.8,26.12,0.68,2.6034,34577.87,92283.587
300993.SZ,20241231,11.41,11.56,11.18,11.29,11.47,-0.18,-1.5693,118259.83,134095.457
300994.SZ,20241231,11.6,11.75,11.27,11.28,11.63,-0.35,-3.0095,23137.64,26500.159
300995.SZ,20241231,16.36,16.56,15.77,15.81,16.25,-0.44,-2.7077,15090.0,24269.818
300996.SZ,20241231,19.25,19.37,18.11,18.12,19.25,-1.13,-5.8701,52735.68,98016.334
300997.SZ,20241231,15.83,16.08,15.4,15.46,15.83,-0.37,-2.3373,63983.1,100650.269
300998.SZ,20241231,15.32,15.5,14.89,14.91,15.19,-0.28,-1.8433,16556.0,24924.263
300999.SZ,20241231,33.35,33.55,32.6,32.61,33.28,-0.67,-2.0132,66945.42,221240.552
301000.SZ,20241231,25.51,26.03,24.99,25.41,25.45,-0.04,-0.1572,102153.88,260282.732
301001.SZ,20241231,33.8,36.01,33.06,35.0,33.99,1.01,2.9715,121107.97,423958.582
301002.SZ,20241231,17.4,17.73,16.93,16.99,17.4,-0.41,-2.3563,17267.3,29902.653
301003.SZ,20241231,22.27,22.42,21.79,21.83,22.18,-0.35,-1.578,10311.0,22788.773
301004.SZ,20241231,114.91,116.3,113.58,115.65,114.91,0.74,0.644,5419.08,62339.156
301005.SZ,20241231,30.79,30.8,28.5,29.25,30.51,-1.26,-4.1298,40606.6,119766.649
301006.SZ,20241231,13.81,13.9,13.15,13.18,13.73,-0.55,-4.0058,13725.0,18415.092
301007.SZ,20241231,18.78,19.68,18.35,18.38,18.3,0.08,0.4372,127564.37,240589.428
301008.SZ,20241231,19.46,19.56,18.78,18.83,19.46,-0.63,-3.2374,9314.0,17776.079
301009.SZ,20241231,10.96,11.12,10.69,10.69,10.91,-0.22,-2.0165,93241.88,101464.587
301010.SZ,20241231,21.64,24.55,21.31,23.57,21.16,2.41,11.3894,169801.17,395303.724
301011.SZ,20241231,26.72,26.87,25.68,25.69,26.74,-1.05,-3.9267,39694.0,103765.861
301012.SZ,20241231,26.22,27.62,24.88,24.95,26.22,-1.27,-4.8436,71902.78,184693.044
301013.SZ,20241231,12.2,12.4,11.63,11.75,12.14,-0.39,-3.2125,70907.15,84665.096
301015.SZ,20241231,25.0,25.15,24.2,24.21,25.0,-0.79,-3.16,23187.16,56953.943
301016.SZ,20241231,21.92,22.08,20.96,20.96,21.91,-0.95,-4.3359,20619.04,44092.826
301017.SZ,20241231,12.35,12.45,11.95,11.95,12.33,-0.38,-3.0819,32485.0,39486.618
301018.SZ,20241231,40.5,41.66,38.4,38.54,40.41,-1.87,-4.6276,156934.37,621069.361
301019.SZ,20241231,17.75,18.45,16.78,17.14,17.79,-0.65,-3.6537,55267.1,98589.723
301020.SZ,20241231,19.22,19.4,18.73,18.75,19.31,-0.56,-2.9001,15222.1,28993.563
301021.SZ,20241231,26.78,27.74,25.88,25.89,26.67,-0.78,-2.9246,39801.1,106606.215
301022.SZ,20241231,21.03,21.29,20.15,20.3,21.02,-0.72,-3.4253,18151.93,37376.678
301023.SZ,20241231,49.3,49.49,47.11,47.2,49.05,-1.85,-3.7717,8439.5,40397.962
301024.SZ,20241231,24.94,25.23,23.6,23.8,25.16,-1.36,-5.4054,16883.26,41052.165
301025.SZ,20241231,10.06,10.12,9.51,9.53,10.03,-0.5,-4.985,65440.0,63829.516
301026.SZ,20241231,28.04,28.31,27.21,27.4,28.11,-0.71,-2.5258,12931.0,35666.01
301027.SZ,20241231,15.6,16.36,15.6,16.06,15.48,0.58,3.7468,106199.46,170790.967
301028.SZ,20241231,11.17,11.2,10.74,10.79,11.1,-0.31,-2.7928,34650.53,37869.203
301029.SZ,20241231,25.53,25.88,24.71,24.72,25.65,-0.93,-3.6257,34466.4,86791.009
301030.SZ,20241231,24.83,25.1,24.05,24.14,24.8,-0.66,-2.6613,36664.4,89739.793
301031.SZ,20241231,105.72,107.0,103.51,104.02,106.35,-2.33,-2.1909,6208.42,65017.639
301032.SZ,20241231,9.62,9.7,9.31,9.39,9.62,-0.23,-2.3909,36162.0,34286.193
301033.SZ,20241231,42.8,43.26,42.0,42.05,42.9,-0.85,-1.9814,4847.75,20560.162
301035.SZ,20241231,49.23,49.63,48.2,48.72,48.78,-0.06,-0.123,8334.4,40926.783
301036.SZ,20241231,40.54,40.9,38.83,39.2,40.53,-1.33,-3.2815,21291.0,84266.938
301037.SZ,20241231,10.38,10.8,10.16,10.31,10.16,0.15,1.4764,41889.39,43491.756
301038.SZ,20241231,19.38,19.88,18.82,18.83,19.35,-0.52,-2.6873,22939.5,43954.256
301039.SZ,20241231,9.24,9.27,9.05,9.05,9.24,-0.19,-2.0563,109594.0,100315.789
301040.SZ,20241231,12.9,12.99,12.35,12.39,12.76,-0.37,-2.8997,22591.0,28467.591
301041.SZ,20241231,26.24,26.29,24.0,24.0,26.13,-2.13,-8.1515,45711.05,113958.204
301042.SZ,20241231,37.21,37.45,35.78,35.99,37.15,-1.16,-3.1225,14447.0,52942.021
301043.SZ,20241231,28.94,29.54,28.48,28.63,29.13,-0.5,-1.7164,7988.0,23189.959
301045.SZ,20241231,22.92,23.08,22.06,22.12,22.85,-0.73,-3.1947,17624.7,39636.11
301046.SZ,20241231,20.74,20.88,20.01,20.06,20.73,-0.67,-3.232,12599.0,25714.447
301047.SZ,20241231,63.35,63.58,61.81,61.85,63.34,-1.49,-2.3524,6000.07,37527.123
301048.SZ,20241231,9.85,9.91,9.3,9.37,9.9,-0.53,-5.3535,95003.89,91297.363
301049.SZ,20241231,24.52,25.15,23.98,24.0,24.51,-0.51,-2.0808,10378.0,25440.503
301050.SZ,20241231,54.96,54.96,51.54,51.58,54.97,-3.39,-6.167,104977.54,553274.964
301051.SZ,20241231,27.56,28.2,26.93,27.06,27.89,-0.83,-2.976,13100.7,35725.573
301052.SZ,20241231,26.7,26.83,25.4,25.44,26.6,-1.16,-4.3609,40607.3,105453.763
301053.SZ,20241231,20.1,20.38,19.46,19.51,20.13,-0.62,-3.08,7810.46,15463.585
301055.SZ,20241231,16.78,17.02,15.83,15.83,16.68,-0.85,-5.0959,28150.21,45850.869
301056.SZ,20241231,8.35,8.54,8.15,8.18,8.36,-0.18,-2.1531,20459.89,16963.496
301057.SZ,20241231,12.86,12.92,12.45,12.5,12.8,-0.3,-2.3438,20369.16,25767.535
301058.SZ,20241231,10.84,10.95,10.53,10.55,10.86,-0.31,-2.8545,84588.86,90812.843
301059.SZ,20241231,12.26,12.99,11.97,12.3,12.27,0.03,0.2445,100548.36,125661.12
301060.SZ,20241231,9.34,9.41,9.08,9.11,9.32,-0.21,-2.2532,46261.0,42646.38
301061.SZ,20241231,61.18,62.6,60.84,61.8,61.18,0.62,1.0134,6442.98,39768.172
301062.SZ,20241231,13.15,13.39,12.82,13.1,13.02,0.08,0.6144,83073.73,108645.655
301063.SZ,20241231,16.26,16.48,15.83,15.88,16.26,-0.38,-2.337,14854.0,23866.859
301065.SZ,20241231,19.26,19.44,18.69,18.75,19.24,-0.49,-2.5468,9679.0,18395.335
301066.SZ,20241231,14.15,14.32,13.72,13.81,14.14,-0.33,-2.3338,65306.79,91456.242
301067.SZ,20241231,34.88,35.13,31.2,31.66,36.26,-4.6,-12.6862,119820.27,391744.55
301068.SZ,20241231,32.45,32.45,30.33,30.49,31.5,-1.01,-3.2063,9736.67,30356.373
301069.SZ,20241231,15.6,15.63,14.82,14.82,15.6,-0.78,-5.0,53638.36,81428.816
301070.SZ,20241231,57.77,58.5,55.0,55.52,58.0,-2.48,-4.2759,22582.0,128419.967
301071.SZ,20241231,33.7,38.5,33.33,36.25,33.7,2.55,7.5668,290363.15,1061934.398
301072.SZ,20241231,19.18,19.69,18.92,18.94,19.49,-0.55,-2.822,9193.0,17639.762
301073.SZ,20241231,21.76,22.03,20.81,20.87,21.55,-0.68,-3.1555,56961.49,122106.411
301075.SZ,20241231,18.47,18.67,17.96,17.97,18.31,-0.34,-1.8569,8357.0,15194.829
301076.SZ,20241231,31.59,34.68,30.19,30.92,32.12,-1.2,-3.736,157221.84,515651.479
301077.SZ,20241231,27.54,27.86,26.41,26.73,27.39,-0.66,-2.4096,30434.5,81720.263
301078.SZ,20241231,11.35,11.85,11.27,11.38,11.33,0.05,0.4413,535671.34,620917.625
301079.SZ,20241231,15.81,15.9,15.22,15.24,15.76,-0.52,-3.2995,27221.0,42338.485
301080.SZ,20241231,44.36,44.57,43.55,44.14,44.4,-0.26,-0.5856,10863.43,47837.173
301081.SZ,20241231,8.63,8.8,8.45,8.48,8.64,-0.16,-1.8519,19192.0,16484.51
301082.SZ,20241231,14.29,14.29,13.33,13.33,14.12,-0.79,-5.5949,67320.4,92131.871
301083.SZ,20241231,14.52,14.62,14.01,14.07,14.47,-0.4,-2.7643,20724.0,29493.137
301085.SZ,20241231,75.09,77.2,68.5,68.57,75.09,-6.52,-8.6829,69739.02,507301.147
301086.SZ,20241231,53.24,53.74,50.61,50.87,53.26,-2.39,-4.4874,19020.91,99147.217
301087.SZ,20241231,36.2,36.7,35.15,35.36,36.1,-0.74,-2.0499,18213.37,65281.606
301088.SZ,20241231,14.05,14.26,13.49,13.49,14.05,-0.56,-3.9858,23139.05,31986.686
301089.SZ,20241231,29.2,29.4,28.05,28.19,29.2,-1.01,-3.4589,22440.2,64185.69
301090.SZ,20241231,7.19,7.23,6.94,6.94,7.2,-0.26,-3.6111,55490.03,39205.163
301091.SZ,20241231,50.9,51.32,47.67,47.71,50.88,-3.17,-6.2303,102673.32,501591.933
301092.SZ,20241231,24.01,24.18,23.26,23.33,23.95,-0.62,-2.5887,9181.0,21687.62
301093.SZ,20241231,23.28,24.3,23.28,23.8,23.28,0.52,2.2337,29322.08,70333.501
301095.SZ,20241231,56.05,56.45,52.07,52.07,55.93,-3.86,-6.9015,41852.2,225011.151
301096.SZ,20241231,39.38,39.49,37.9,37.94,39.32,-1.38,-3.5097,26397.81,101664.454
301097.SZ,20241231,37.19,37.49,36.39,36.6,37.2,-0.6,-1.6129,2869.21,10565.416
301098.SZ,20241231,8.15,8.2,7.93,7.95,8.13,-0.18,-2.214,28879.26,23255.27
301099.SZ,20241231,43.1,43.47,41.39,41.45,43.09,-1.64,-3.806,20065.8,84754.095
301100.SZ,20241231,17.04,17.12,16.55,16.6,16.93,-0.33,-1.9492,10383.0,17393.79
301101.SZ,20241231,45.8,46.2,42.42,42.88,45.8,-2.92,-6.3755,87099.93,381802.665
301102.SZ,20241231,11.4,11.54,10.93,10.93,11.39,-0.46,-4.0386,56017.32,62605.412
301103.SZ,20241231,20.68,20.83,20.12,20.12,20.57,-0.45,-2.1877,9312.14,19011.222
301105.SZ,20241231,29.85,29.88,27.5,27.8,29.9,-2.1,-7.0234,16773.02,47588.368
301106.SZ,20241231,29.16,29.34,28.16,28.16,29.15,-0.99,-3.3962,11056.2,31655.465
301107.SZ,20241231,26.56,26.78,25.58,25.61,26.43,-0.82,-3.1025,8411.16,21913.265
301108.SZ,20241231,25.97,26.29,25.29,25.75,25.91,-0.16,-0.6175,5204.0,13366.429
301109.SZ,20241231,17.06,17.08,16.65,16.68,16.98,-0.3,-1.7668,23403.5,39362.102
301110.SZ,20241231,64.5,65.22,61.2,61.54,65.88,-4.34,-6.5877,81747.31,514544.891
301111.SZ,20241231,17.07,17.13,16.23,16.28,16.95,-0.67,-3.9528,27449.0,45591.551
301112.SZ,20241231,24.27,24.55,23.34,23.37,24.29,-0.92,-3.7876,14035.0,33244.281
301113.SZ,20241231,24.1,24.5,23.35,23.38,24.05,-0.67,-2.7859,5207.0,12342.305
301115.SZ,20241231,14.3,14.42,13.96,13.99,14.32,-0.33,-2.3045,15572.6,22051.874
301116.SZ,20241231,12.78,12.98,12.33,12.35,12.77,-0.42,-3.289,79408.96,100386.912
301117.SZ,20241231,31.02,31.57,30.5,30.63,30.95,-0.32,-1.0339,28013.5,87423.27
301118.SZ,20241231,18.9,19.39,18.41,18.41,18.88,-0.47,-2.4894,22146.0,41765.129
301119.SZ,20241231,31.94,32.28,30.45,30.91,31.7,-0.79,-2.4921,13081.07,40923.712
301120.SZ,20241231,10.17,10.43,9.81,9.91,10.2,-0.29,-2.8431,179530.0,180115.858
301121.SZ,20241231,55.28,55.49,52.9,53.06,55.35,-2.29,-4.1373,22514.0,121456.431
301122.SZ,20241231,20.93,21.08,20.15,20.23,20.9,-0.67,-3.2057,13889.6,28551.614
301123.SZ,20241231,21.8,22.19,20.44,20.45,21.82,-1.37,-6.2786,77147.12,162510.559
301125.SZ,20241231,11.49,11.62,11.09,11.1,11.39,-0.29,-2.5461,39930.74,45015.705
301126.SZ,20241231,10.66,10.86,10.44,10.44,10.67,-0.23,-2.1556,23220.77,24689.238
301127.SZ,20241231,15.3,15.75,15.05,15.14,15.32,-0.18,-1.1749,93814.46,143746.312
301128.SZ,20241231,58.67,60.0,56.78,57.0,59.23,-2.23,-3.765,32186.01,187983.1
301129.SZ,20241231,29.01,29.63,27.55,27.65,29.01,-1.36,-4.688,34629.72,97578.905
301130.SZ,20241231,26.69,27.34,26.19,26.25,26.7,-0.45,-1.6854,8140.0,21756.394
301131.SZ,20241231,35.52,36.08,34.43,34.5,35.43,-0.93,-2.6249,8980.38,31508.334
301132.SZ,20241231,29.39,29.46,27.5,27.5,29.26,-1.76,-6.015,32904.42,93106.579
301133.SZ,20241231,22.85,22.89,21.92,21.98,22.75,-0.77,-3.3846,10106.6,22556.092
301135.SZ,20241231,24.18,24.48,23.28,23.28,24.1,-0.82,-3.4025,12365.0,29231.41
301136.SZ,20241231,12.25,12.37,11.79,11.84,12.25,-0.41,-3.3469,34732.41,41622.598
301137.SZ,20241231,18.18,18.3,17.46,17.47,18.05,-0.58,-3.2133,29110.0,51792.222
301138.SZ,20241231,27.5,27.68,26.69,26.69,27.39,-0.7,-2.5557,10610.0,28749.724
301139.SZ,20241231,23.73,24.23,22.75,22.75,23.46,-0.71,-3.0264,45834.94,107189.021
301141.SZ,20241231,38.14,38.28,36.27,36.3,38.0,-1.7,-4.4737,16322.59,60365.385
301148.SZ,20241231,18.68,18.77,18.09,18.3,18.55,-0.25,-1.3477,10326.1,19002.038
301149.SZ,20241231,10.16,10.2,9.88,9.89,10.12,-0.23,-2.2727,28914.61,28991.38
301150.SZ,20241231,22.07,22.29,21.4,21.44,22.05,-0.61,-2.7664,13405.26,29129.254
301151.SZ,20241231,15.78,15.85,15.19,15.19,15.75,-0.56,-3.5556,33176.4,51327.962
301152.SZ,20241231,32.5,33.68,32.04,32.85,32.72,0.13,0.3973,34452.41,113920.658
301153.SZ,20241231,28.88,29.59,27.6,27.94,28.83,-0.89,-3.0871,62982.26,180702.276
301155.SZ,20241231,54.55,54.98,53.1,53.31,54.68,-1.37,-2.5055,28057.52,150584.169
301156.SZ,20241231,13.01,13.12,12.6,12.65,13.06,-0.41,-3.1394,13417.34,17155.863
301157.SZ,20241231,47.68,48.8,44.7,45.0,47.46,-2.46,-5.1833,30981.56,143384.201
301158.SZ,20241231,14.2,14.65,13.95,14.03,14.2,-0.17,-1.1972,24820.69,35356.456
301159.SZ,20241231,34.33,35.82,33.33,33.37,33.87,-0.5,-1.4762,21700.0,74928.253
301160.SZ,20241231,57.3,58.49,55.56,55.6,58.27,-2.67,-4.5821,21556.0,122236.892
301161.SZ,20241231,21.8,22.01,21.04,21.37,21.86,-0.49,-2.2415,80085.54,172330.174
301162.SZ,20241231,46.28,46.28,42.66,45.5,46.0,-0.5,-1.087,38079.08,168972.004
301163.SZ,20241231,22.09,22.09,21.03,21.13,21.91,-0.78,-3.56,20837.16,44743.784
301165.SZ,20241231,73.2,75.37,72.0,72.2,73.07,-0.87,-1.1906,134744.24,985648.178
301166.SZ,20241231,29.0,29.44,28.32,28.38,29.16,-0.78,-2.6749,7706.64,22222.092
301167.SZ,20241231,13.0,13.17,12.66,12.69,13.01,-0.32,-2.4596,16979.0,21853.885
301168.SZ,20241231,27.6,28.05,26.79,26.83,27.68,-0.85,-3.0708,13781.0,37707.711
301169.SZ,20241231,43.0,43.08,39.98,40.04,41.7,-1.66,-3.9808,19573.75,81352.856
301170.SZ,20241231,23.53,23.75,22.84,22.92,23.54,-0.62,-2.6338,8039.0,18591.895
301171.SZ,20241231,29.88,30.23,28.14,28.19,29.67,-1.48,-4.9882,244073.4,707076.254
301172.SZ,20241231,28.2,28.33,26.84,26.84,28.18,-1.34,-4.7551,18088.18,49556.483
301175.SZ,20241231,5.51,5.55,5.38,5.4,5.51,-0.11,-1.9964,211834.29,115794.558
301176.SZ,20241231,17.61,17.61,16.5,16.54,17.51,-0.97,-5.5397,38989.0,65862.079
301177.SZ,20241231,23.17,23.63,22.82,22.84,23.17,-0.33,-1.4243,10228.55,23787.047
301178.SZ,20241231,28.94,29.38,27.93,27.95,28.92,-0.97,-3.3541,17097.48,48693.854
301179.SZ,20241231,19.8,19.88,18.57,18.67,19.9,-1.23,-6.1809,90146.35,172026.914
301180.SZ,20241231,16.4,16.64,15.45,15.47,16.54,-1.07,-6.4692,39605.0,62805.132
301181.SZ,20241231,21.68,21.79,20.99,20.99,21.61,-0.62,-2.869,9298.3,19853.021
301182.SZ,20241231,38.5,39.19,34.36,34.86,39.01,-4.15,-10.6383,83426.33,305088.586
301183.SZ,20241231,58.58,59.3,53.54,53.8,59.03,-5.23,-8.8599,66722.0,369492.94
301185.SZ,20241231,17.9,18.03,17.07,17.08,17.88,-0.8,-4.4743,34594.0,60355.533
301186.SZ,20241231,40.77,41.35,39.8,39.89,40.79,-0.9,-2.2064,5936.71,23954.809
301187.SZ,20241231,33.11,35.17,32.86,34.1,33.13,0.97,2.9279,44369.76,151580.357
301188.SZ,20241231,15.4,15.6,15.0,15.02,15.29,-0.27,-1.7659,28349.4,43128.86
301189.SZ,20241231,25.15,26.15,24.0,24.05,25.1,-1.05,-4.1833,33422.0,83942.732
301190.SZ,20241231,16.08,16.21,15.72,15.79,16.08,-0.29,-1.8035,8303.2,13218.388
301191.SZ,20241231,98.2,98.2,89.0,89.45,97.65,-8.2,-8.3973,32418.2,299490.88
301192.SZ,20241231,17.98,18.14,17.32,17.41,17.97,-0.56,-3.1163,10611.0,18757.017
301193.SZ,20241231,17.0,17.03,16.43,16.53,16.97,-0.44,-2.5928,9418.65,15724.987
301195.SZ,20241231,33.6,33.92,32.11,32.11,33.65,-1.54,-4.5765,14907.75,48937.178
301196.SZ,20241231,33.79,33.79,32.82,32.87,33.59,-0.72,-2.1435,7360.87,24429.503
301197.SZ,20241231,15.6,15.68,14.96,15.04,15.56,-0.52,-3.3419,22093.86,33708.416
301198.SZ,20241231,11.42,11.59,10.88,10.92,11.41,-0.49,-4.2945,62910.88,70215.143
301199.SZ,20241231,30.89,31.39,29.33,29.33,31.09,-1.76,-5.661,25577.13,77056.776
301200.SZ,20241231,37.5,37.5,36.11,36.18,37.08,-0.9,-2.4272,11616.0,42504.268
301201.SZ,20241231,20.78,20.93,20.18,20.18,20.77,-0.59,-2.8406,10586.6,21730.283
301202.SZ,20241231,38.7,46.69,38.7,46.69,38.91,7.78,19.9949,246592.81,1115952.923
301203.SZ,20241231,29.93,31.31,29.93,30.24,29.54,0.7,2.3697,12041.17,36771.37
301205.SZ,20241231,80.78,81.49,75.66,75.69,81.88,-6.19,-7.5598,45423.3,353879.53
301206.SZ,20241231,27.43,27.5,26.21,26.21,27.5,-1.29,-4.6909,20502.75,54777.393
301207.SZ,20241231,18.12,18.23,17.51,17.51,18.12,-0.61,-3.3664,25481.0,45338.48
301208.SZ,20241231,38.1,39.46,36.86,38.55,38.15,0.4,1.0485,66974.4,256147.18
301209.SZ,20241231,26.7,27.66,26.5,27.05,26.7,0.35,1.3109,17030.0,45965.115
301210.SZ,20241231,31.9,32.38,30.73,30.73,31.79,-1.06,-3.3344,5574.82,17406.604
301211.SZ,20241231,22.0,22.44,21.13,21.26,22.61,-1.35,-5.9708,108691.78,236096.95
301212.SZ,20241231,21.09,21.37,20.57,20.67,21.08,-0.41,-1.945,7997.98,16715.207
301213.SZ,20241231,44.02,44.44,41.2,43.13,44.39,-1.26,-2.8385,30849.24,131802.53
301215.SZ,20241231,6.15,6.17,5.94,5.95,6.12,-0.17,-2.7778,122479.0,73920.686
301216.SZ,20241231,10.44,10.51,10.18,10.2,10.42,-0.22,-2.1113,28712.5,29653.164
301217.SZ,20241231,11.6,11.69,11.02,11.08,11.59,-0.51,-4.4003,155328.29,174913.447
301218.SZ,20241231,22.84,22.94,21.73,21.73,22.54,-0.81,-3.5936,26648.0,59261.368
301219.SZ,20241231,47.15,47.33,45.0,45.21,47.18,-1.97,-4.1755,31287.17,143968.176
301220.SZ,20241231,37.35,37.78,36.51,37.02,37.46,-0.44,-1.1746,13845.96,51388.674
301221.SZ,20241231,50.82,51.35,48.5,48.58,50.8,-2.22,-4.3701,29092.88,143982.2
301222.SZ,20241231,26.28,26.58,25.36,25.45,26.3,-0.85,-3.2319,7508.07,19416.003
301223.SZ,20241231,16.42,16.48,16.05,16.1,16.38,-0.28,-1.7094,8163.0,13238.118
301225.SZ,20241231,27.22,27.39,26.38,26.54,27.19,-0.65,-2.3906,7599.85,20332.796
301226.SZ,20241231,23.92,24.54,23.18,23.22,23.91,-0.69,-2.8858,19919.2,47277.071
301227.SZ,20241231,16.28,16.55,16.2,16.2,16.26,-0.06,-0.369,14105.0,23035.065
301228.SZ,20241231,14.19,14.39,13.15,13.23,14.18,-0.95,-6.6996,80167.75,108663.844
301229.SZ,20241231,22.88,23.24,21.85,21.93,22.88,-0.95,-4.1521,21238.12,47185.049
301230.SZ,20241231,27.4,27.44,25.2,25.52,27.44,-1.92,-6.9971,48740.38,128060.829
301231.SZ,20241231,18.65,18.98,17.98,17.98,18.61,-0.63,-3.3853,31480.0,57784.147
301232.SZ,20241231,25.78,25.78,24.6,24.7,25.48,-0.78,-3.0612,10572.94,26430.753
301233.SZ,20241231,46.8,46.8,45.03,45.45,46.36,-0.91,-1.9629,9599.08,43776.057
301234.SZ,20241231,25.79,26.19,25.05,25.15,25.9,-0.75,-2.8958,7050.0,17998.709
301235.SZ,20241231,20.26,20.62,20.21,20.21,20.34,-0.13,-0.6391,13283.0,27158.727
301236.SZ,20241231,61.81,61.85,58.71,58.71,61.59,-2.88,-4.6761,284962.66,1701880.363
301237.SZ,20241231,23.77,24.23,23.6,24.0,23.77,0.23,0.9676,12863.1,30779.144
301238.SZ,20241231,16.23,16.32,15.65,15.66,16.23,-0.57,-3.512,54953.43,87294.343
301239.SZ,20241231,45.99,47.28,45.3,46.9,45.9,1.0,2.1786,25491.0,118376.869
301246.SZ,20241231,13.87,13.95,13.52,13.53,13.86,-0.33,-2.381,24042.03,32963.116
301248.SZ,20241231,17.12,17.2,15.85,15.88,16.88,-1.0,-5.9242,58124.0,94964.427
301251.SZ,20241231,38.08,38.5,34.8,34.89,38.5,-3.61,-9.3766,122747.43,443964.221
301252.SZ,20241231,36.2,36.5,33.51,33.66,37.5,-3.84,-10.24,100342.06,349346.161
301255.SZ,20241231,34.41,34.5,32.89,32.9,34.08,-1.18,-3.4624,11734.46,39328.298
301256.SZ,20241231,7.88,7.95,7.58,7.61,7.88,-0.27,-3.4264,33475.0,25807.316
301257.SZ,20241231,27.67,27.78,26.86,26.96,27.54,-0.58,-2.106,13201.36,35897.07
301258.SZ,20241231,24.29,24.57,23.57,23.62,24.22,-0.6,-2.4773,12616.0,30317.465
301259.SZ,20241231,48.5,49.5,47.56,48.0,48.94,-0.94,-1.9207,16937.0,81756.65
301260.SZ,20241231,13.69,13.83,13.21,13.25,13.71,-0.46,-3.3552,30830.0,41486.957
301261.SZ,20241231,43.88,43.88,41.32,41.38,43.54,-2.16,-4.961,28536.23,120249.535
301262.SZ,20241231,25.82,26.2,24.83,24.87,25.91,-1.04,-4.0139,22402.82,57016.243
301263.SZ,20241231,15.28,15.4,14.98,14.99,15.31,-0.32,-2.0901,33389.09,50461.684
301265.SZ,20241231,9.19,9.24,8.96,8.96,9.17,-0.21,-2.2901,13946.0,12689.929
301266.SZ,20241231,35.08,35.35,33.42,33.5,34.98,-1.48,-4.231,33944.92,115759.123
301267.SZ,20241231,19.78,19.88,19.04,19.04,19.79,-0.75,-3.7898,61447.73,119259.056
301268.SZ,20241231,17.2,17.41,16.58,16.58,17.2,-0.62,-3.6047,17705.0,29868.866
301269.SZ,20241231,128.58,128.78,120.49,121.1,127.79,-6.69,-5.2352,55251.52,682694.363
301270.SZ,20241231,37.12,37.12,35.69,35.74,36.59,-0.85,-2.323,22857.0,82839.784
301272.SZ,20241231,35.4,38.5,34.26,34.51,35.63,-1.12,-3.1434,7056.46,24803.919
301273.SZ,20241231,18.2,18.81,18.02,18.29,18.2,0.09,0.4945,12457.0,22855.924
301276.SZ,20241231,20.67,21.06,20.35,20.35,20.66,-0.31,-1.5005,11692.0,24163.767
301277.SZ,20241231,14.21,14.36,13.81,13.83,14.21,-0.38,-2.6742,25270.34,35399.115
301278.SZ,20241231,36.38,36.7,34.83,34.95,36.4,-1.45,-3.9835,15880.16,56341.505
301279.SZ,20241231,20.77,20.8,20.1,20.19,20.69,-0.5,-2.4166,10607.2,21633.191
301280.SZ,20241231,43.5,43.97,41.67,41.67,43.85,-2.18,-4.9715,13368.5,56976.257
301281.SZ,20241231,30.8,31.11,29.9,29.91,30.8,-0.89,-2.8896,13354.82,40513.353
301282.SZ,20241231,21.98,22.19,20.95,20.95,21.98,-1.03,-4.6861,30308.95,64697.896
301283.SZ,20241231,26.26,26.58,25.54,25.71,26.25,-0.54,-2.0571,7691.35,19966.868
301285.SZ,20241231,30.3,30.3,28.49,28.68,29.85,-1.17,-3.9196,36446.0,106396.169
301286.SZ,20241231,35.42,35.99,34.98,35.44,35.42,0.02,0.0565,7763.0,27561.964
301287.SZ,20241231,28.74,29.42,28.33,28.41,28.68,-0.27,-0.9414,10389.0,29985.794
301288.SZ,20241231,15.52,16.09,15.26,15.33,15.52,-0.19,-1.2242,22260.0,34631.56
301289.SZ,20241231,51.73,52.5,48.59,48.86,52.25,-3.39,-6.488,26517.71,132876.771
301290.SZ,20241231,23.88,23.88,23.01,23.24,23.56,-0.32,-1.3582,9566.51,22330.039
301291.SZ,20241231,46.32,47.5,43.5,43.92,46.78,-2.86,-6.1137,65087.95,293401.103
301292.SZ,20241231,13.43,13.6,13.08,13.08,13.5,-0.42,-3.1111,13667.48,18105.629
301293.SZ,20241231,45.49,45.76,43.25,43.28,45.4,-2.12,-4.6696,89736.87,397344.129
301295.SZ,20241231,21.31,21.94,20.76,20.9,21.63,-0.73,-3.3749,12739.64,27041.42
301296.SZ,20241231,10.61,10.68,10.11,10.15,10.68,-0.53,-4.9625,105238.51,109187.397
301297.SZ,20241231,44.25,44.7,42.5,42.5,44.06,-1.56,-3.5406,83762.0,361773.386
301298.SZ,20241231,13.84,14.08,13.62,13.78,13.92,-0.14,-1.0057,31242.6,43378.161
301299.SZ,20241231,60.78,61.19,58.0,58.92,60.1,-1.18,-1.9634,46350.7,277133.111
301300.SZ,20241231,26.35,26.48,25.71,25.73,26.25,-0.52,-1.981,8390.72,21850.76
301301.SZ,20241231,12.23,12.25,11.85,11.86,12.21,-0.35,-2.8665,148894.0,178996.83
301302.SZ,20241231,24.18,25.18,23.52,24.05,24.54,-0.49,-1.9967,98477.5,239631.541
301303.SZ,20241231,15.62,15.75,15.14,15.32,15.63,-0.31,-1.9834,28810.21,44341.146
301305.SZ,20241231,17.87,18.07,17.58,17.62,17.98,-0.36,-2.0022,9235.71,16414.363
301306.SZ,20241231,38.88,39.29,37.37,37.37,38.92,-1.55,-3.9825,15570.55,59174.269
301307.SZ,20241231,21.1,21.29,20.33,20.33,21.07,-0.74,-3.5121,31249.02,64483.443
301308.SZ,20241231,91.3,91.79,86.0,86.0,91.38,-5.38,-5.8875,75090.84,661529.098
301309.SZ,20241231,24.55,24.83,24.08,24.17,24.61,-0.44,-1.7879,8676.85,21170.63
301310.SZ,20241231,26.59,26.89,25.53,25.6,26.6,-1.0,-3.7594,23553.8,61454.991
301311.SZ,20241231,18.82,18.82,18.09,18.09,18.72,-0.63,-3.3654,29724.18,54797.467
301312.SZ,20241231,51.6,51.77,48.51,48.6,51.6,-3.0,-5.814,25459.4,126376.794
301313.SZ,20241231,23.99,28.28,23.99,25.88,24.14,1.74,7.208,185697.59,478040.382
301314.SZ,20241231,36.59,36.75,35.1,35.25,36.46,-1.21,-3.3187,8704.0,31133.931
301315.SZ,20241231,72.04,73.7,67.61,68.29,76.78,-8.49,-11.0576,177049.73,1236077.825
301316.SZ,20241231,28.68,28.87,25.48,25.57,28.69,-3.12,-10.8749,682152.08,1804052.931
301317.SZ,20241231,20.61,20.8,19.81,19.89,20.64,-0.75,-3.6337,8334.0,16778.591
301318.SZ,20241231,31.03,31.32,29.5,29.52,31.02,-1.5,-4.8356,24557.31,74006.513
301319.SZ,20241231,30.19,30.41,29.15,29.16,30.19,-1.03,-3.4117,12407.17,36670.79
301320.SZ,20241231,15.57,15.74,14.91,14.91,15.57,-0.66,-4.2389,27261.84,41411.425
301321.SZ,20241231,15.02,15.2,14.4,14.4,15.02,-0.62,-4.1278,26941.0,39561.246
301322.SZ,20241231,22.4,22.55,21.85,21.98,22.42,-0.44,-1.9625,12892.7,28557.916
301323.SZ,20241231,38.9,40.7,38.22,39.87,38.46,1.41,3.6661,30867.68,122019.21
301325.SZ,20241231,55.21,56.98,54.0,54.19,57.51,-3.32,-5.7729,85830.33,474025.798
301326.SZ,20241231,73.88,77.16,72.8,73.1,73.66,-0.56,-0.7602,18437.0,138001.749
301327.SZ,20241231,78.41,79.26,76.61,76.71,78.45,-1.74,-2.218,4811.48,37456.267
301328.SZ,20241231,44.76,45.3,42.12,42.27,45.41,-3.14,-6.9148,50368.89,218504.504
301329.SZ,20241231,22.22,22.66,21.0,21.05,22.22,-1.17,-5.2655,100359.13,216092.489
301330.SZ,20241231,28.41,28.76,26.84,26.88,28.65,-1.77,-6.178,35428.13,97417.685
301331.SZ,20241231,23.12,23.45,23.01,23.1,23.27,-0.17,-0.7306,7750.08,17974.87
301332.SZ,20241231,10.25,10.35,10.02,10.02,10.25,-0.23,-2.2439,35105.34,35617.852
301333.SZ,20241231,50.23,51.39,49.3,49.99,50.23,-0.24,-0.4778,7794.08,39261.019
301335.SZ,20241231,23.0,23.47,22.31,22.5,23.05,-0.55,-2.3861,33558.4,76614.183
301336.SZ,20241231,59.0,59.0,53.5,53.99,58.1,-4.11,-7.074,35540.29,196676.033
301337.SZ,20241231,30.29,30.72,29.04,29.1,30.3,-1.2,-3.9604,17765.96,52802.862
301338.SZ,20241231,32.8,33.0,31.15,31.2,32.82,-1.62,-4.936,16714.6,53148.172
301339.SZ,20241231,20.66,21.13,20.27,20.34,20.66,-0.32,-1.5489,83060.24,172034.916
301345.SZ,20241231,66.88,67.16,65.5,66.1,66.28,-0.18,-0.2716,7672.9,50856.319
301348.SZ,20241231,27.7,27.7,25.62,25.62,27.51,-1.89,-6.8702,70797.34,187017.8
301349.SZ,20241231,33.0,33.55,31.81,32.18,33.03,-0.85,-2.5734,23957.93,77676.906
301353.SZ,20241231,28.77,28.77,27.4,27.44,28.56,-1.12,-3.9216,11043.01,30800.833
301355.SZ,20241231,13.51,13.82,13.22,13.22,13.45,-0.23,-1.71,86400.82,115956.795
301356.SZ,20241231,15.97,16.45,15.75,15.76,16.12,-0.36,-2.2333,7338.78,11724.018
301357.SZ,20241231,33.85,34.24,33.19,33.24,33.83,-0.59,-1.744,12548.44,42171.357
301358.SZ,20241231,44.79,45.95,44.21,45.32,44.54,0.78,1.7512,111844.11,504174.143
301359.SZ,20241231,23.43,23.43,22.3,22.38,23.2,-0.82,-3.5345,11640.71,26390.106
301360.SZ,20241231,57.5,57.5,53.52,53.66,56.6,-2.94,-5.1943,20489.56,112265.972
301361.SZ,20241231,31.59,31.97,29.35,29.61,30.88,-1.27,-4.1127,89848.2,269991.539
301362.SZ,20241231,40.35,40.6,39.12,39.22,40.35,-1.13,-2.8005,5357.0,21324.46
301363.SZ,20241231,31.36,32.9,31.02,32.42,31.44,0.98,3.117,43203.45,138446.271
301365.SZ,20241231,15.32,16.5,15.14,15.2,15.3,-0.1,-0.6536,48753.35,76266.543
301366.SZ,20241231,46.76,47.04,43.32,43.41,46.65,-3.24,-6.9453,46890.94,210604.703
301367.SZ,20241231,64.96,65.0,63.0,63.0,64.96,-1.96,-3.0172,5521.93,35194.249
301368.SZ,20241231,49.2,49.5,45.77,46.15,49.25,-3.1,-6.2944,71618.54,337723.037
301369.SZ,20241231,55.34,55.49,52.3,52.38,54.9,-2.52,-4.5902,13833.0,74123.022
301370.SZ,20241231,11.1,11.16,10.76,10.8,11.06,-0.26,-2.3508,40897.98,44759.101
301371.SZ,20241231,37.05,38.15,36.71,37.79,37.09,0.7,1.8873,35840.86,134592.401
301372.SZ,20241231,20.6,20.98,20.21,20.27,20.6,-0.33,-1.6019,11303.94,23266.486
301373.SZ,20241231,26.0,26.12,25.34,25.38,26.04,-0.66,-2.5346,5825.0,14961.008
301376.SZ,20241231,19.9,19.94,19.11,19.12,19.8,-0.68,-3.4343,19527.73,37911.713
301377.SZ,20241231,22.19,22.3,21.06,21.15,22.29,-1.14,-5.1144,52034.14,112071.067
301378.SZ,20241231,30.48,30.93,28.58,28.64,30.49,-1.85,-6.0676,19613.5,57886.224
301379.SZ,20241231,21.3,21.51,20.1,20.2,21.25,-1.05,-4.9412,57867.2,119204.026
301380.SZ,20241231,50.5,52.33,49.28,49.58,50.17,-0.59,-1.176,72830.04,369647.506
301381.SZ,20241231,23.31,23.5,22.7,22.76,23.38,-0.62,-2.6518,23800.42,54861.306
301382.SZ,20241231,27.99,28.3,26.52,26.52,27.99,-1.47,-5.2519,76875.0,209046.09
301383.SZ,20241231,55.8,55.86,51.9,52.65,57.01,-4.36,-7.6478,120134.71,644846.585
301386.SZ,20241231,22.25,22.25,21.08,21.09,22.02,-0.93,-4.2234,22271.4,47917.802
301387.SZ,20241231,35.0,35.73,33.97,34.3,35.29,-0.99,-2.8053,32006.88,110519.868
301388.SZ,20241231,24.0,24.0,22.96,22.99,23.78,-0.79,-3.3221,20984.58,48901.625
301389.SZ,20241231,17.54,17.6,16.63,16.72,17.55,-0.83,-4.7293,54446.76,92948.222
301390.SZ,20241231,35.38,35.96,33.5,33.67,35.65,-1.98,-5.554,25252.0,86744.207
301391.SZ,20241231,39.11,39.48,37.0,37.01,39.11,-2.1,-5.3695,13002.55,49403.139
301392.SZ,20241231,64.17,64.45,61.68,61.76,64.32,-2.56,-3.9801,14213.1,89387.956
301393.SZ,20241231,41.0,41.11,39.91,39.91,40.78,-0.87,-2.1334,8419.24,34075.395
301395.SZ,20241231,11.21,11.39,11.0,11.06,11.28,-0.22,-1.9504,15047.07,16787.564
301396.SZ,20241231,28.65,29.2,28.06,28.08,28.86,-0.78,-2.7027,41626.0,119294.059
301397.SZ,20241231,25.91,26.11,25.41,25.75,25.91,-0.16,-0.6175,13548.0,34935.654
301398.SZ,20241231,47.77,47.85,45.85,46.4,47.8,-1.4,-2.9289,17638.0,82461.602
301399.SZ,20241231,25.63,27.56,25.63,27.53,25.97,1.56,6.0069,113006.1,305720.318
301408.SZ,20241231,11.38,11.47,11.0,11.03,11.39,-0.36,-3.1607,33210.24,37223.009
301413.SZ,20241231,55.8,56.4,53.4,53.51,55.89,-2.38,-4.2584,25375.92,139346.395
301418.SZ,20241231,34.6,34.75,33.13,33.35,34.58,-1.23,-3.557,9714.46,32847.156
301419.SZ,20241231,30.87,32.61,30.09,30.19,30.58,-0.39,-1.2753,25509.2,79778.982
301421.SZ,20241231,52.58,55.9,52.58,53.67,52.46,1.21,2.3065,81305.65,442199.679
301428.SZ,20241231,38.47,39.49,37.8,38.75,38.47,0.28,0.7278,79647.63,308687.702
301429.SZ,20241231,15.98,16.23,15.51,15.54,16.01,-0.47,-2.9357,9413.84,14839.68
301439.SZ,20241231,14.23,14.37,13.72,13.75,14.23,-0.48,-3.3732,44206.67,61807.793
301446.SZ,20241231,23.5,23.64,22.0,22.04,23.67,-1.63,-6.8864,34624.17,77964.666
301448.SZ,20241231,21.06,21.2,20.45,20.56,21.06,-0.5,-2.3742,9756.1,20277.1
301456.SZ,20241231,23.36,23.46,22.58,22.59,23.31,-0.72,-3.0888,11286.98,25778.272
301459.SZ,20241231,42.26,42.66,40.47,40.51,42.45,-1.94,-4.5701,17074.89,70355.723
301468.SZ,20241231,21.42,21.6,20.98,20.98,21.42,-0.44,-2.0542,6674.49,14138.014
301469.SZ,20241231,23.95,24.21,23.48,23.5,23.95,-0.45,-1.8789,7553.42,17969.051
301486.SZ,20241231,48.6,50.9,47.8,47.85,48.57,-0.72,-1.4824,72677.95,358294.008
301487.SZ,20241231,22.9,22.98,21.27,21.27,24.05,-2.78,-11.5593,244005.31,532791.699
301488.SZ,20241231,57.69,58.5,55.05,55.29,57.64,-2.35,-4.077,10850.0,61091.309
301489.SZ,20241231,69.88,71.28,67.91,68.24,69.95,-1.71,-2.4446,32442.28,224998.589
301498.SZ,20241231,77.98,79.57,77.23,78.32,78.02,0.3,0.3845,14703.9,115466.723
301499.SZ,20241231,27.05,27.89,26.35,26.39,27.1,-0.71,-2.6199,23664.23,64209.601
301500.SZ,20241231,18.61,18.67,18.0,18.0,18.61,-0.61,-3.2778,13774.6,25131.769
301502.SZ,20241231,46.3,46.59,43.1,43.1,46.39,-3.29,-7.092,19921.18,88325.453
301503.SZ,20241231,35.84,36.09,34.05,34.32,35.93,-1.61,-4.4809,18816.0,65719.48
301505.SZ,20241231,25.65,25.78,24.59,24.68,25.66,-0.98,-3.8192,14876.45,37423.299
301507.SZ,20241231,13.13,13.15,12.65,12.69,13.07,-0.38,-2.9074,41899.51,53996.545
301508.SZ,20241231,35.57,35.7,34.0,34.0,35.57,-1.57,-4.4138,32142.64,111732.969
301509.SZ,20241231,26.51,26.73,25.85,25.88,26.5,-0.62,-2.3396,13619.72,35704.553
301510.SZ,20241231,27.18,27.76,26.1,26.1,27.18,-1.08,-3.9735,46410.35,124491.829
301511.SZ,20241231,13.13,13.13,12.56,12.56,13.03,-0.47,-3.6071,71749.8,91647.929
301512.SZ,20241231,40.5,40.5,38.7,38.8,40.33,-1.53,-3.7937,8012.97,31546.558
301515.SZ,20241231,18.32,18.5,17.92,17.98,18.35,-0.37,-2.0163,11198.84,20316.293
301516.SZ,20241231,20.22,20.96,19.3,19.3,20.12,-0.82,-4.0755,149678.72,302389.671
301517.SZ,20241231,58.7,58.81,54.0,54.03,59.28,-5.25,-8.8563,44392.27,248016.945
301518.SZ,20241231,16.39,16.54,16.05,16.07,16.39,-0.32,-1.9524,8609.01,13974.358
301519.SZ,20241231,12.84,13.93,12.77,13.51,12.83,0.68,5.3001,57162.82,76269.999
301520.SZ,20241231,39.61,39.7,38.5,38.5,39.53,-1.03,-2.6056,8140.12,31754.747
301522.SZ,20241231,38.16,38.5,36.47,36.5,38.33,-1.83,-4.7743,45737.24,169894.967
301525.SZ,20241231,62.24,62.66,59.5,59.6,62.4,-2.8,-4.4872,11834.03,71703.311
301526.SZ,20241231,3.83,3.86,3.68,3.7,3.83,-0.13,-3.3943,223409.32,83906.498
301528.SZ,20241231,40.31,40.61,38.92,39.0,40.25,-1.25,-3.1056,7141.0,28310.931
301529.SZ,20241231,30.16,30.2,28.62,28.76,30.05,-1.29,-4.2928,14088.18,41233.683
301533.SZ,20241231,30.67,30.73,29.5,29.5,30.39,-0.89,-2.9286,12368.4,37344.473
301536.SZ,20241231,87.0,87.97,78.18,79.9,89.07,-9.17,-10.2953,103575.68,856051.006
301538.SZ,20241231,80.8,81.14,77.0,77.07,80.8,-3.73,-4.6163,10214.63,80272.772
301539.SZ,20241231,19.04,19.17,18.5,18.51,19.04,-0.53,-2.7836,13794.32,25827.985
301548.SZ,20241231,44.69,44.96,43.48,43.52,44.69,-1.17,-2.618,7469.66,32909.11
301550.SZ,20241231,76.51,77.6,72.52,72.79,75.39,-2.6,-3.4487,29863.72,224208.583
301551.SZ,20241231,58.9,58.9,55.96,56.02,58.63,-2.61,-4.4516,27523.44,156802.868
301552.SZ,20241231,59.66,61.0,58.5,58.64,59.55,-0.91,-1.5281,21410.88,127909.012
301555.SZ,20241231,24.2,24.33,23.39,23.47,24.07,-0.6,-2.4927,10767.0,25625.814
301556.SZ,20241231,89.61,89.98,85.0,86.42,89.6,-3.18,-3.5491,19834.56,171642.31
301558.SZ,20241231,9.17,9.19,8.71,8.76,9.08,-0.32,-3.5242,120877.99,107865.737
301559.SZ,20241231,15.71,15.77,15.34,15.35,15.71,-0.36,-2.2915,18575.48,28812.004
301565.SZ,20241231,22.02,22.12,21.21,21.4,21.87,-0.47,-2.1491,37666.21,81139.488
301566.SZ,20241231,17.45,17.67,16.4,16.44,17.65,-1.21,-6.8555,139665.48,234189.451
301567.SZ,20241231,46.6,46.96,44.88,44.88,46.8,-1.92,-4.1026,11646.0,53132.399
301568.SZ,20241231,36.23,36.57,34.0,34.0,36.1,-2.1,-5.8172,32173.05,112220.421
301571.SZ,20241231,44.96,45.02,42.27,42.51,44.79,-2.28,-5.0904,22594.49,97849.262
301577.SZ,20241231,60.91,61.36,58.31,58.6,60.52,-1.92,-3.1725,10820.04,64421.104
301578.SZ,20241231,50.83,51.22,48.74,48.85,50.83,-1.98,-3.8953,10455.36,51933.504
301580.SZ,20241231,61.5,62.0,58.03,58.1,61.65,-3.55,-5.7583,15841.33,94656.508
301585.SZ,20241231,47.88,48.76,46.21,46.64,47.42,-0.78,-1.6449,43384.23,205629.038
301586.SZ,20241231,60.31,60.69,57.07,57.11,60.68,-3.57,-5.8833,22495.17,131568.848
301587.SZ,20241231,24.47,24.58,23.44,23.5,24.31,-0.81,-3.332,16809.12,39988.096
301588.SZ,20241231,20.54,20.9,20.15,20.24,20.54,-0.3,-1.4606,15104.69,30920.92
301589.SZ,20241231,175.0,175.64,172.96,173.6,175.39,-1.79,-1.0206,6114.74,106332.545
301591.SZ,20241231,39.73,39.79,38.0,38.29,39.49,-1.2,-3.0387,15233.24,58934.841
301592.SZ,20241231,155.55,155.55,145.0,145.5,154.38,-8.88,-5.752,17538.0,260503.789
301596.SZ,20241231,103.53,104.5,100.0,100.0,104.14,-4.14,-3.9754,11883.0,120548.666
301598.SZ,20241231,73.9,74.5,67.24,67.95,73.27,-5.32,-7.2608,46379.68,322520.056
301600.SZ,20241231,201.0,205.2,195.0,196.6,199.26,-2.66,-1.3349,33016.32,661340.352
301603.SZ,20241231,45.45,45.45,42.71,42.72,44.65,-1.93,-4.3225,20108.11,87553.573
301606.SZ,20241231,40.14,40.14,37.5,37.8,40.15,-2.35,-5.8531,43394.72,166317.882
301607.SZ,20241231,39.44,39.61,37.86,37.93,39.52,-1.59,-4.0233,13375.1,51506.766
301608.SZ,20241231,71.23,71.98,67.79,68.38,71.1,-2.72,-3.8256,21465.55,149907.038
301611.SZ,20241231,61.47,61.66,58.85,58.96,61.27,-2.31,-3.7702,35588.01,212539.297
301613.SZ,20241231,59.81,60.13,57.62,57.65,59.52,-1.87,-3.1418,12767.92,74702.341
301617.SZ,20241231,50.93,51.54,50.56,51.22,50.83,0.39,0.7673,27122.95,138736.011
301618.SZ,20241231,88.49,88.87,83.78,84.4,88.45,-4.05,-4.5789,11418.0,97855.4
301622.SZ,20241231,65.19,65.47,62.17,62.28,64.86,-2.58,-3.9778,31839.35,201619.537
301626.SZ,20241231,96.49,96.49,93.41,93.54,95.66,-2.12,-2.2162,13096.31,123517.165
301628.SZ,20241231,81.46,83.18,80.0,81.6,81.16,0.44,0.5421,15471.32,126227.526
301631.SZ,20241231,125.08,133.5,123.18,131.8,125.0,6.8,5.44,28509.58,368376.001
301633.SZ,20241231,87.0,87.5,83.46,83.48,86.91,-3.43,-3.9466,9375.83,79525.531
302132.SZ,20241231,73.25,74.0,71.08,71.78,74.15,-2.37,-3.1962,182407.0,1318351.6
