ts_code,trade_date,open,high,low,close,pre_close,change,pct_chg,vol,amount
300001.SZ,20240111,20.29,20.62,20.22,20.48,20.34,0.14,0.6883,79342.26,162131.549
300002.SZ,20240111,8.78,9.15,8.71,9.07,8.8,0.27,3.0682,918535.81,826860.957
300003.SZ,20240111,14.96,15.13,14.9,15.01,14.88,0.13,0.8737,117441.01,176387.98
300004.SZ,20240111,6.2,6.28,6.18,6.28,6.22,0.06,0.9646,40334.0,25160.967
300005.SZ,20240111,6.06,6.25,5.91,6.0,6.02,-0.02,-0.3322,153402.0,92590.304
300006.SZ,20240111,3.65,3.69,3.62,3.68,3.62,0.06,1.6575,74731.04,27332.884
300007.SZ,20240111,16.95,17.5,16.77,17.38,17.09,0.29,1.6969,129838.48,224290.073
300008.SZ,20240111,3.88,3.99,3.85,3.98,3.85,0.13,3.3766,253852.0,99880.38
300009.SZ,20240111,9.85,9.9,9.7,9.8,9.85,-0.05,-0.5076,98619.79,96767.207
300010.SZ,20240111,2.49,2.57,2.49,2.55,2.5,0.05,2.0,91879.3,23324.285
300011.SZ,20240111,7.51,7.76,7.51,7.72,7.53,0.19,2.5232,78353.64,59922.843
300012.SZ,20240111,13.66,13.71,13.45,13.5,13.61,-0.11,-0.8082,123616.0,167642.055
300013.SZ,20240111,3.72,3.78,3.71,3.76,3.73,0.03,0.8043,53635.8,20084.99
300014.SZ,20240111,39.14,42.0,38.68,41.33,39.23,2.1,5.353,373802.02,1519110.48
300015.SZ,20240111,14.92,15.0,14.61,14.93,14.94,-0.01,-0.0669,539294.03,799241.211
300016.SZ,20240111,6.78,6.9,6.77,6.87,6.76,0.11,1.6272,41035.03,28105.212
300017.SZ,20240111,8.02,8.48,7.93,8.44,8.03,0.41,5.1059,1149631.74,945762.172
300018.SZ,20240111,6.03,6.13,5.98,6.1,6.02,0.08,1.3289,55184.0,33546.971
300019.SZ,20240111,15.62,15.87,15.58,15.83,15.6,0.23,1.4744,15995.06,25152.516
300020.SZ,20240111,7.01,7.26,6.95,7.22,6.95,0.27,3.8849,240347.09,171850.028
300021.SZ,20240111,4.69,4.76,4.68,4.75,4.7,0.05,1.0638,39648.0,18719.466
300022.SZ,20240111,5.04,5.17,5.01,5.14,5.07,0.07,1.3807,148706.02,75789.127
300024.SZ,20240111,10.91,11.34,10.86,11.28,10.95,0.33,3.0137,203809.15,227312.468
300025.SZ,20240111,8.87,9.26,8.8,9.26,8.87,0.39,4.3968,81367.0,74235.751
300026.SZ,20240111,4.11,4.16,4.1,4.16,4.1,0.06,1.4634,231877.16,95955.574
300027.SZ,20240111,2.39,2.47,2.38,2.45,2.39,0.06,2.5105,398108.15,96648.223
300029.SZ,20240111,6.61,6.65,6.34,6.47,6.55,-0.08,-1.2214,43875.0,28228.767
300030.SZ,20240111,7.53,7.66,7.5,7.65,7.52,0.13,1.7287,33976.0,25809.835
300031.SZ,20240111,16.4,17.15,16.31,17.08,16.46,0.62,3.7667,211170.56,356892.827
300032.SZ,20240111,5.46,5.57,5.46,5.55,5.48,0.07,1.2774,96501.91,53319.766
300033.SZ,20240111,141.48,151.44,141.0,147.45,141.49,5.96,4.2123,84049.99,1235727.121
300034.SZ,20240111,18.43,19.18,18.4,19.07,18.49,0.58,3.1368,123547.0,233568.491
300035.SZ,20240111,9.64,10.06,9.63,9.97,9.69,0.28,2.8896,102683.72,101646.677
300036.SZ,20240111,18.4,19.23,18.37,19.14,18.46,0.68,3.6836,107979.88,204253.902
300037.SZ,20240111,47.28,48.17,46.8,47.66,47.4,0.26,0.5485,41588.95,197977.925
300039.SZ,20240111,6.17,6.31,6.17,6.26,6.17,0.09,1.4587,130354.5,81299.624
300040.SZ,20240111,5.5,5.63,5.5,5.61,5.53,0.08,1.4467,53380.39,29750.844
300041.SZ,20240111,9.3,9.54,9.23,9.48,9.3,0.18,1.9355,89433.0,84109.839
300042.SZ,20240111,32.03,33.09,32.01,32.94,32.42,0.52,1.6039,70186.34,229301.106
300043.SZ,20240111,3.52,3.61,3.48,3.6,3.52,0.08,2.2727,283237.04,101111.113
300044.SZ,20240111,5.35,5.6,5.34,5.59,5.4,0.19,3.5185,399097.99,220427.583
300045.SZ,20240111,18.98,19.82,18.97,19.69,18.96,0.73,3.8502,363031.15,708204.53
300046.SZ,20240111,14.49,14.93,14.45,14.86,14.49,0.37,2.5535,24763.58,36464.71
300047.SZ,20240111,7.84,8.29,7.84,8.25,7.8,0.45,5.7692,307660.3,249832.086
300048.SZ,20240111,4.8,4.92,4.76,4.91,4.77,0.14,2.935,62929.4,30563.458
300049.SZ,20240111,45.11,47.53,44.5,47.14,44.79,2.35,5.2467,70180.1,325560.239
300050.SZ,20240111,4.41,4.58,4.41,4.58,4.42,0.16,3.6199,91450.0,41319.882
300051.SZ,20240111,10.8,11.64,10.8,11.27,10.89,0.38,3.4894,79773.56,90075.524
300052.SZ,20240111,16.1,16.55,16.04,16.44,16.12,0.32,1.9851,43399.35,71036.356
300053.SZ,20240111,11.0,11.5,10.97,11.44,11.01,0.43,3.9055,134976.88,152732.57
300054.SZ,20240111,20.57,21.0,20.5,20.87,20.58,0.29,1.4091,58893.16,122509.273
300055.SZ,20240111,5.88,6.05,5.86,6.04,5.88,0.16,2.7211,34686.0,20739.852
300056.SZ,20240111,8.11,8.55,8.03,8.53,8.11,0.42,5.1788,92411.27,77379.598
300057.SZ,20240111,5.8,5.97,5.77,5.93,5.76,0.17,2.9514,85926.14,50523.078
300058.SZ,20240111,6.53,6.78,6.51,6.74,6.53,0.21,3.2159,542738.97,362385.716
300059.SZ,20240111,12.96,13.26,12.88,13.17,12.98,0.19,1.4638,1590514.41,2084916.668
300061.SZ,20240111,5.45,5.69,5.43,5.64,5.44,0.2,3.6765,89086.29,49699.173
300062.SZ,20240111,6.07,6.18,6.05,6.16,6.09,0.07,1.1494,46210.04,28294.806
300063.SZ,20240111,5.67,5.93,5.64,5.91,5.63,0.28,4.9734,641637.02,373988.243
300065.SZ,20240111,8.97,9.27,8.94,9.23,8.93,0.3,3.3595,116857.89,106519.748
300066.SZ,20240111,4.6,4.69,4.55,4.66,4.61,0.05,1.0846,105497.67,48773.978
300067.SZ,20240111,3.06,3.12,3.06,3.1,3.07,0.03,0.9772,84253.56,26002.922
300068.SZ,20240111,12.6,13.29,12.46,13.2,12.62,0.58,4.5959,364276.87,473051.961
300069.SZ,20240111,15.85,16.1,15.65,16.06,15.77,0.29,1.8389,7261.02,11540.303
300070.SZ,20240111,4.89,4.95,4.89,4.92,4.89,0.03,0.6135,111998.67,55131.385
300071.SZ,20240111,3.26,3.34,3.23,3.34,3.26,0.08,2.454,114213.0,37749.863
300072.SZ,20240111,3.36,3.42,3.34,3.41,3.35,0.06,1.791,87616.25,29655.917
300073.SZ,20240111,36.78,38.74,36.6,38.47,36.75,1.72,4.6803,105874.94,401965.863
300074.SZ,20240111,4.45,4.59,4.43,4.59,4.45,0.14,3.1461,110792.0,50184.584
300075.SZ,20240111,15.54,16.05,15.53,16.0,15.54,0.46,2.9601,122462.95,193921.038
300076.SZ,20240111,6.05,6.3,5.86,6.26,6.41,-0.15,-2.3401,945326.06,578568.076
300077.SZ,20240111,10.0,10.39,9.98,10.32,10.04,0.28,2.7888,60320.47,61828.011
300078.SZ,20240111,4.01,4.12,4.01,4.1,4.01,0.09,2.2444,81234.35,33024.763
300079.SZ,20240111,5.16,5.29,5.12,5.26,5.13,0.13,2.5341,184201.14,96247.689
300080.SZ,20240111,4.73,4.84,4.72,4.81,4.74,0.07,1.4768,87014.82,41674.069
300081.SZ,20240111,8.65,8.95,8.56,8.89,8.64,0.25,2.8935,371301.65,327720.887
300082.SZ,20240111,6.75,6.89,6.72,6.82,6.76,0.06,0.8876,55532.0,37869.157
300083.SZ,20240111,5.5,5.62,5.43,5.58,5.48,0.1,1.8248,200031.73,110498.966
300084.SZ,20240111,7.29,7.42,7.26,7.42,7.32,0.1,1.3661,33646.0,24741.503
300085.SZ,20240111,12.71,13.5,12.71,13.42,12.68,0.74,5.836,208359.35,274505.641
300086.SZ,20240111,5.71,5.87,5.53,5.87,5.84,0.03,0.5137,154477.0,88991.52
300087.SZ,20240111,7.91,8.08,7.86,8.05,7.91,0.14,1.7699,54349.03,43436.201
300088.SZ,20240111,5.86,5.99,5.83,5.96,5.83,0.13,2.2298,305043.91,180662.961
300091.SZ,20240111,2.58,2.62,2.56,2.61,2.6,0.01,0.3846,165022.0,42703.14
300092.SZ,20240111,12.54,12.93,12.47,12.83,12.6,0.23,1.8254,24810.5,31539.277
300093.SZ,20240111,24.6,26.02,24.32,25.52,24.56,0.96,3.9088,361997.0,921220.546
300094.SZ,20240111,4.61,4.79,4.6,4.73,4.65,0.08,1.7204,713193.25,335628.06
300095.SZ,20240111,7.9,8.04,7.86,7.99,7.9,0.09,1.1392,26358.01,20957.44
300096.SZ,20240111,4.08,4.22,4.08,4.17,4.13,0.04,0.9685,217478.54,90352.285
300097.SZ,20240111,8.37,8.68,8.37,8.66,8.37,0.29,3.4648,117009.0,100099.565
300098.SZ,20240111,3.75,3.9,3.75,3.88,3.75,0.13,3.4667,247126.87,95086.022
300099.SZ,20240111,5.98,6.16,5.92,6.09,5.96,0.13,2.1812,59842.0,36098.815
300100.SZ,20240111,9.88,10.15,9.56,10.06,9.95,0.11,1.1055,122973.0,121145.572
300101.SZ,20240111,19.2,19.74,19.16,19.55,19.26,0.29,1.5057,76143.37,148767.625
300102.SZ,20240111,6.68,6.87,6.62,6.83,6.69,0.14,2.0927,114005.0,77249.64
300103.SZ,20240111,6.37,6.37,6.24,6.35,6.27,0.08,1.2759,34945.0,22030.055
300105.SZ,20240111,6.56,6.69,6.51,6.64,6.57,0.07,1.0654,76459.0,50600.304
300106.SZ,20240111,9.24,9.38,9.13,9.35,9.29,0.06,0.6459,102850.3,95453.641
300107.SZ,20240111,5.16,5.24,5.15,5.23,5.17,0.06,1.1605,44379.76,23114.21
300108.SZ,20240111,3.22,3.23,3.16,3.19,3.22,-0.03,-0.9317,67174.0,21367.815
300109.SZ,20240111,16.92,17.55,16.84,17.45,16.88,0.57,3.3768,38894.0,67151.088
300110.SZ,20240111,4.07,4.16,4.07,4.15,4.08,0.07,1.7157,79354.0,32689.636
300111.SZ,20240111,2.97,3.06,2.97,3.04,2.98,0.06,2.0134,100147.88,30167.129
300112.SZ,20240111,11.16,11.55,11.04,11.54,11.25,0.29,2.5778,228996.85,259713.867
300113.SZ,20240111,13.02,13.55,13.02,13.48,13.02,0.46,3.533,83324.32,111512.14
300115.SZ,20240111,11.05,11.39,11.02,11.17,11.08,0.09,0.8123,214412.28,240564.311
300117.SZ,20240111,2.99,3.12,2.9,3.04,3.06,-0.02,-0.6536,637035.18,192859.219
300118.SZ,20240111,16.8,17.24,16.69,17.2,16.9,0.3,1.7751,314992.53,536338.162
300119.SZ,20240111,15.26,15.69,15.24,15.64,15.29,0.35,2.2891,22601.0,35073.852
300120.SZ,20240111,6.85,6.98,6.81,6.95,6.81,0.14,2.0558,62365.0,42999.041
300121.SZ,20240111,8.45,8.67,8.42,8.65,8.46,0.19,2.2459,27252.0,23386.084
300122.SZ,20240111,52.39,52.46,51.27,51.71,52.32,-0.61,-1.1659,178848.09,927709.944
300123.SZ,20240111,6.72,6.92,6.71,6.9,6.74,0.16,2.3739,143122.0,97790.896
300124.SZ,20240111,57.27,57.69,56.47,56.68,57.27,-0.59,-1.0302,118364.7,675046.735
300125.SZ,20240111,11.91,12.2,11.78,12.11,11.88,0.23,1.936,65631.54,79010.154
300126.SZ,20240111,7.24,7.27,7.07,7.22,7.25,-0.03,-0.4138,101006.03,72626.426
300127.SZ,20240111,16.02,16.5,15.96,16.43,16.03,0.4,2.4953,20283.0,32944.931
300128.SZ,20240111,4.12,4.25,4.11,4.22,4.13,0.09,2.1792,102858.75,43149.897
300129.SZ,20240111,8.9,9.3,8.86,9.17,9.01,0.16,1.7758,231120.71,210691.282
300130.SZ,20240111,21.56,23.19,21.51,22.69,21.56,1.13,5.2412,155561.54,351137.803
300131.SZ,20240111,5.48,5.63,5.47,5.62,5.5,0.12,2.1818,321249.05,178872.331
300132.SZ,20240111,5.13,5.2,5.1,5.18,5.12,0.06,1.1719,53165.0,27431.14
300133.SZ,20240111,5.46,5.64,5.41,5.62,5.49,0.13,2.3679,309129.51,171942.821
300134.SZ,20240111,9.17,9.49,9.15,9.44,9.16,0.28,3.0568,52426.06,49108.665
300135.SZ,20240111,3.0,3.09,3.0,3.08,3.0,0.08,2.6667,289808.0,88386.524
300136.SZ,20240111,20.47,21.27,20.3,21.05,20.44,0.61,2.9843,159490.51,333630.993
300137.SZ,20240111,5.6,5.66,5.57,5.63,5.6,0.03,0.5357,42987.4,24112.75
300138.SZ,20240111,12.71,12.81,12.54,12.63,12.7,-0.07,-0.5512,30086.34,38181.522
300139.SZ,20240111,9.45,9.62,9.4,9.58,9.4,0.18,1.9149,41022.0,39128.692
300140.SZ,20240111,7.21,7.38,7.16,7.34,7.22,0.12,1.662,30014.02,21865.902
300141.SZ,20240111,10.07,10.22,10.0,10.21,10.06,0.15,1.4911,21389.0,21657.702
300142.SZ,20240111,21.43,21.92,21.39,21.87,21.66,0.21,0.9695,118768.58,256801.338
300143.SZ,20240111,9.73,9.96,9.73,9.9,9.72,0.18,1.8519,34196.5,33638.91
300144.SZ,20240111,9.87,10.02,9.83,9.99,9.89,0.1,1.0111,165198.27,164279.161
300145.SZ,20240111,3.02,3.07,3.0,3.06,3.02,0.04,1.3245,159663.49,48647.449
300146.SZ,20240111,16.13,16.45,16.11,16.23,16.19,0.04,0.2471,69452.29,113157.847
300147.SZ,20240111,4.93,5.04,4.93,5.02,4.93,0.09,1.8256,77617.97,38766.271
300148.SZ,20240111,3.57,3.69,3.54,3.68,3.57,0.11,3.0812,253875.0,92434.116
300149.SZ,20240111,7.23,7.39,7.23,7.36,7.17,0.19,2.6499,45696.32,33423.021
300150.SZ,20240111,4.62,4.76,4.62,4.75,4.62,0.13,2.8139,71194.0,33496.359
300151.SZ,20240111,16.0,16.55,16.0,16.48,16.0,0.48,3.0,21983.95,36008.599
300152.SZ,20240111,3.04,3.09,3.02,3.08,3.04,0.04,1.3158,98748.0,30255.917
300153.SZ,20240111,7.88,8.02,7.81,8.0,7.86,0.14,1.7812,36394.0,28974.391
300154.SZ,20240111,7.15,7.3,7.14,7.29,7.15,0.14,1.958,33983.0,24538.406
300155.SZ,20240111,5.79,5.89,5.73,5.88,5.71,0.17,2.9772,50959.01,29606.96
300157.SZ,20240111,3.36,3.43,3.36,3.42,3.36,0.06,1.7857,66568.0,22625.518
300158.SZ,20240111,6.03,6.41,6.03,6.26,6.03,0.23,3.8143,315539.08,197885.714
300159.SZ,20240111,2.45,2.51,2.44,2.5,2.46,0.04,1.626,148251.0,36736.616
300160.SZ,20240111,5.7,5.83,5.68,5.81,5.71,0.1,1.7513,66306.0,38275.235
300161.SZ,20240111,31.15,31.64,30.97,31.45,31.2,0.25,0.8013,27858.0,87338.037
300162.SZ,20240111,7.31,7.54,7.27,7.54,7.32,0.22,3.0055,83106.0,61910.929
300163.SZ,20240111,3.83,3.88,3.82,3.87,3.84,0.03,0.7813,99941.0,38515.93
300164.SZ,20240111,4.52,4.6,4.52,4.59,4.53,0.06,1.3245,123573.0,56418.72
300165.SZ,20240111,6.07,6.29,6.06,6.26,6.1,0.16,2.623,106943.0,66280.075
300166.SZ,20240111,8.46,8.88,8.46,8.84,8.46,0.38,4.4917,209186.42,182599.44
300167.SZ,20240111,2.8,2.89,2.79,2.86,2.8,0.06,2.1429,40687.0,11622.597
300168.SZ,20240111,7.72,7.98,7.71,7.92,7.71,0.21,2.7237,88354.0,69617.084
300169.SZ,20240111,6.71,7.07,6.68,6.98,6.77,0.21,3.1019,213575.88,148424.28
300170.SZ,20240111,7.51,7.86,7.51,7.82,7.54,0.28,3.7135,148679.84,114979.015
300171.SZ,20240111,16.67,17.05,16.65,16.93,16.61,0.32,1.9266,30753.0,51848.213
300172.SZ,20240111,5.11,5.28,5.08,5.24,5.11,0.13,2.544,402461.66,208838.637
300173.SZ,20240111,4.63,4.76,4.62,4.74,4.63,0.11,2.3758,102685.0,48156.42
300174.SZ,20240111,15.76,16.43,15.75,16.36,15.8,0.56,3.5443,48016.63,77946.111
300175.SZ,20240111,5.72,5.93,5.7,5.88,5.72,0.16,2.7972,96624.15,56500.947
300176.SZ,20240111,6.58,6.73,6.55,6.72,6.58,0.14,2.1277,29954.44,19952.28
300177.SZ,20240111,7.01,7.18,6.83,7.05,6.95,0.1,1.4388,331901.63,232399.525
300179.SZ,20240111,8.35,8.6,8.34,8.55,8.43,0.12,1.4235,47551.05,40311.819
300180.SZ,20240111,4.02,4.18,4.01,4.16,3.99,0.17,4.2607,370415.38,152095.363
300181.SZ,20240111,10.8,10.99,10.31,10.58,10.76,-0.18,-1.6729,204904.64,216105.131
300182.SZ,20240111,4.65,4.78,4.62,4.78,4.63,0.15,3.2397,508959.06,240362.823
300183.SZ,20240111,13.65,14.13,13.65,13.98,13.61,0.37,2.7186,27532.77,38427.564
300184.SZ,20240111,5.35,5.55,5.31,5.44,5.34,0.1,1.8727,367412.19,200319.807
300185.SZ,20240111,2.36,2.4,2.34,2.39,2.37,0.02,0.8439,323752.03,76765.45
300187.SZ,20240111,5.45,5.52,5.41,5.47,5.45,0.02,0.367,26701.0,14613.486
300188.SZ,20240111,13.65,13.93,13.61,13.84,13.59,0.25,1.8396,98975.27,136595.009
300189.SZ,20240111,3.16,3.21,3.14,3.2,3.16,0.04,1.2658,95780.88,30510.686
300190.SZ,20240111,4.35,4.42,4.32,4.4,4.32,0.08,1.8519,48464.44,21201.507
300191.SZ,20240111,14.3,14.48,14.23,14.44,14.3,0.14,0.979,15962.25,22890.821
300192.SZ,20240111,9.34,9.69,9.29,9.66,9.3,0.36,3.871,108391.05,104024.023
300193.SZ,20240111,7.54,7.73,7.52,7.7,7.53,0.17,2.2576,45567.0,34782.01
300194.SZ,20240111,4.18,4.25,4.16,4.25,4.16,0.09,2.1635,142214.0,59822.276
300195.SZ,20240111,6.7,6.85,6.68,6.81,6.75,0.06,0.8889,159206.0,107754.739
300196.SZ,20240111,10.57,10.73,10.51,10.71,10.54,0.17,1.6129,18190.04,19330.472
300197.SZ,20240111,1.92,1.96,1.91,1.95,1.93,0.02,1.0363,235436.11,45531.096
300198.SZ,20240111,2.75,2.86,2.72,2.82,2.73,0.09,3.2967,218471.0,61068.59
300199.SZ,20240111,12.16,12.83,12.16,12.8,12.03,0.77,6.4007,321899.21,403697.185
300200.SZ,20240111,8.24,8.42,8.21,8.39,8.19,0.2,2.442,36579.0,30443.878
300201.SZ,20240111,4.7,4.79,4.65,4.77,4.69,0.08,1.7058,93869.29,44488.395
300203.SZ,20240111,15.6,16.3,15.55,16.2,15.81,0.39,2.4668,75437.64,121401.857
300204.SZ,20240111,9.67,9.82,9.65,9.78,9.66,0.12,1.2422,28107.63,27369.526
300205.SZ,20240111,10.51,10.83,10.4,10.72,10.5,0.22,2.0952,34356.95,36805.714
300206.SZ,20240111,9.8,9.96,9.75,9.92,9.77,0.15,1.5353,36374.0,35840.01
300207.SZ,20240111,13.51,14.25,13.38,14.07,13.48,0.59,4.3769,320226.01,446176.759
300208.SZ,20240111,6.49,6.63,6.42,6.6,6.47,0.13,2.0093,46304.75,30287.528
300209.SZ,20240111,2.58,2.66,2.58,2.65,2.59,0.06,2.3166,28016.0,7399.887
300210.SZ,20240111,8.55,9.08,8.53,8.98,8.57,0.41,4.7841,325646.32,289228.257
300211.SZ,20240111,9.36,9.69,9.36,9.67,9.36,0.31,3.312,34281.73,32904.586
300212.SZ,20240111,26.36,27.34,26.36,27.28,26.21,1.07,4.0824,170917.83,460549.217
300213.SZ,20240111,6.57,6.82,6.57,6.8,6.54,0.26,3.9755,165093.89,110858.161
300214.SZ,20240111,6.25,6.36,6.23,6.34,6.25,0.09,1.44,45782.0,28893.295
300215.SZ,20240111,5.15,5.22,5.13,5.21,5.14,0.07,1.3619,32547.0,16857.659
300217.SZ,20240111,5.23,5.31,5.2,5.3,5.18,0.12,2.3166,119728.0,63014.933
300218.SZ,20240111,12.68,12.77,12.5,12.55,12.59,-0.04,-0.3177,24152.0,30530.011
300219.SZ,20240111,7.83,8.18,7.82,8.07,7.83,0.24,3.0651,265903.14,213640.103
300220.SZ,20240111,7.6,7.7,7.54,7.66,7.63,0.03,0.3932,3834.04,2923.944
300221.SZ,20240111,5.9,5.95,5.75,5.95,5.91,0.04,0.6768,248741.0,145961.367
300222.SZ,20240111,7.16,7.28,7.05,7.22,7.15,0.07,0.979,93450.62,66861.649
300223.SZ,20240111,57.06,58.32,56.67,57.99,57.06,0.93,1.6299,41517.43,239564.996
300224.SZ,20240111,10.76,11.17,10.75,11.12,10.77,0.35,3.2498,54211.03,59399.275
300225.SZ,20240111,7.69,8.25,7.52,8.08,7.6,0.48,6.3158,310660.5,245077.405
300226.SZ,20240111,25.71,27.09,25.56,26.99,25.7,1.29,5.0195,102544.25,272625.903
300227.SZ,20240111,7.18,7.39,7.15,7.39,7.18,0.21,2.9248,54512.0,39803.544
300228.SZ,20240111,6.84,6.95,6.82,6.91,6.86,0.05,0.7289,76656.0,52772.384
300229.SZ,20240111,14.29,15.13,14.28,15.06,14.29,0.77,5.3884,247853.1,367046.15
300230.SZ,20240111,4.02,4.1,4.01,4.09,4.03,0.06,1.4888,75129.44,30515.805
300231.SZ,20240111,9.43,9.82,9.43,9.8,9.46,0.34,3.5941,78301.4,75935.548
300232.SZ,20240111,7.15,7.55,7.15,7.45,7.22,0.23,3.1856,603480.12,446423.561
300233.SZ,20240111,15.6,15.84,15.58,15.83,15.64,0.19,1.2148,20602.0,32409.316
300234.SZ,20240111,5.25,5.35,5.23,5.34,5.24,0.1,1.9084,41304.0,21874.282
300235.SZ,20240111,10.75,11.32,10.66,11.29,10.64,0.65,6.109,116413.0,129496.657
300236.SZ,20240111,31.59,32.38,31.46,32.2,31.53,0.67,2.125,23116.8,74069.65
300237.SZ,20240111,2.29,2.33,2.17,2.26,2.27,-0.01,-0.4405,1553269.84,348110.809
300238.SZ,20240111,12.89,13.12,12.86,13.12,12.87,0.25,1.9425,22252.0,28957.978
300239.SZ,20240111,6.07,6.15,6.07,6.14,6.06,0.08,1.3201,47220.92,28834.335
300240.SZ,20240111,6.6,6.76,6.55,6.74,6.59,0.15,2.2762,32657.0,21833.903
300241.SZ,20240111,5.12,5.26,5.08,5.23,5.1,0.13,2.549,119457.0,61958.604
300242.SZ,20240111,3.78,3.9,3.76,3.89,3.78,0.11,2.9101,192990.0,74321.561
300243.SZ,20240111,9.57,9.63,9.5,9.6,9.61,-0.01,-0.1041,29056.0,27811.403
300244.SZ,20240111,22.3,22.98,22.3,22.97,22.41,0.56,2.4989,46301.92,105156.696
300245.SZ,20240111,8.24,8.54,8.2,8.53,8.25,0.28,3.3939,48388.43,40700.258
300246.SZ,20240111,9.98,10.15,9.98,10.11,9.98,0.13,1.3026,20334.0,20490.325
300247.SZ,20240111,3.77,3.77,3.71,3.74,3.76,-0.02,-0.5319,89970.0,33634.343
300248.SZ,20240111,9.02,9.39,8.97,9.39,8.99,0.4,4.4494,101320.51,93924.833
300249.SZ,20240111,8.1,8.29,8.06,8.26,8.05,0.21,2.6087,60463.0,49643.998
300250.SZ,20240111,16.07,17.16,16.07,17.09,16.06,1.03,6.4134,109167.57,183706.498
300251.SZ,20240111,7.93,8.45,7.86,8.33,7.92,0.41,5.1768,433972.44,356577.221
300252.SZ,20240111,8.41,8.65,8.41,8.62,8.4,0.22,2.619,90735.67,77708.087
300253.SZ,20240111,6.37,6.51,6.37,6.43,6.36,0.07,1.1006,294567.53,189514.113
300254.SZ,20240111,9.47,9.61,9.34,9.39,9.36,0.03,0.3205,39897.64,37939.693
300255.SZ,20240111,11.76,12.16,11.68,12.0,11.62,0.38,3.2702,429257.8,510578.224
300256.SZ,20240111,2.69,2.77,2.68,2.75,2.7,0.05,1.8519,187735.5,51287.303
300257.SZ,20240111,15.02,15.32,15.0,15.29,15.06,0.23,1.5272,32580.0,49491.537
300258.SZ,20240111,11.66,11.97,11.62,11.93,11.67,0.26,2.2279,33038.76,39075.901
300259.SZ,20240111,3.64,3.69,3.6,3.66,3.63,0.03,0.8264,81280.4,29623.626
300260.SZ,20240111,26.4,27.88,26.4,27.54,25.92,1.62,6.25,105441.97,288098.481
300261.SZ,20240111,7.13,7.27,7.13,7.23,7.13,0.1,1.4025,57326.65,41363.481
300263.SZ,20240111,6.65,6.76,6.56,6.73,6.62,0.11,1.6616,79198.21,52833.45
300264.SZ,20240111,7.33,7.84,7.15,7.68,7.35,0.33,4.4898,533368.49,406770.184
300265.SZ,20240111,8.94,9.14,8.84,9.1,8.91,0.19,2.1324,33675.79,30373.354
300266.SZ,20240111,2.62,2.66,2.59,2.65,2.62,0.03,1.145,81834.0,21585.421
300267.SZ,20240111,3.08,3.14,3.07,3.14,3.09,0.05,1.6181,131737.0,41049.853
300268.SZ,20240111,12.94,13.18,12.76,13.1,12.9,0.2,1.5504,8219.0,10721.024
300269.SZ,20240111,5.0,5.14,4.99,5.11,5.02,0.09,1.7928,497885.01,252866.15
300270.SZ,20240111,7.32,7.59,7.27,7.57,7.27,0.3,4.1265,58264.67,43582.508
300271.SZ,20240111,7.24,7.42,7.14,7.26,7.19,0.07,0.9736,187659.0,136856.58
300272.SZ,20240111,6.11,6.23,6.1,6.23,6.11,0.12,1.964,52803.0,32674.427
300274.SZ,20240111,85.55,87.87,85.1,86.9,85.44,1.46,1.7088,222873.58,1938140.645
300275.SZ,20240111,10.59,11.19,10.59,11.08,10.58,0.5,4.7259,47704.8,52245.272
300276.SZ,20240111,4.0,4.11,4.0,4.1,4.07,0.03,0.7371,738007.08,300037.642
300277.SZ,20240111,8.2,8.56,8.19,8.52,8.2,0.32,3.9024,65574.12,55337.184
300278.SZ,20240111,3.59,3.65,3.57,3.64,3.59,0.05,1.3928,170942.18,61692.361
300279.SZ,20240111,6.11,6.22,6.05,6.2,6.08,0.12,1.9737,69608.0,42935.201
300280.SZ,20240111,36.7,39.19,36.6,38.92,36.69,2.23,6.078,100057.87,380438.403
300281.SZ,20240111,5.81,5.89,5.78,5.88,5.83,0.05,0.8576,56340.0,32912.04
300283.SZ,20240111,6.24,6.38,6.23,6.36,6.24,0.12,1.9231,56860.0,35945.165
300284.SZ,20240111,5.35,5.41,5.34,5.39,5.35,0.04,0.7477,54637.12,29378.845
300285.SZ,20240111,20.23,20.82,20.04,20.6,20.24,0.36,1.7787,113378.92,232960.879
300286.SZ,20240111,23.28,24.03,23.01,23.8,23.29,0.51,2.1898,25260.0,59332.461
300287.SZ,20240111,3.76,3.93,3.75,3.87,3.75,0.12,3.2,294738.43,113247.441
300288.SZ,20240111,14.4,14.98,14.4,14.94,14.43,0.51,3.5343,81805.0,120727.357
300289.SZ,20240111,6.0,6.06,5.99,6.03,6.01,0.02,0.3328,36119.0,21774.716
300290.SZ,20240111,5.71,6.07,5.68,6.0,5.68,0.32,5.6338,443546.52,263410.115
300291.SZ,20240111,6.06,6.29,6.02,6.27,6.03,0.24,3.9801,233181.0,144383.548
300292.SZ,20240111,3.5,3.61,3.48,3.6,3.5,0.1,2.8571,159020.0,56688.109
300293.SZ,20240111,13.47,13.82,13.4,13.78,13.43,0.35,2.6061,69894.0,95801.332
300294.SZ,20240111,31.6,31.7,30.7,31.27,31.56,-0.29,-0.9189,49294.01,153897.947
300295.SZ,20240111,11.64,12.12,11.64,12.04,11.66,0.38,3.259,57469.69,68712.472
300296.SZ,20240111,5.38,5.49,5.37,5.45,5.36,0.09,1.6791,203062.19,110159.283
300298.SZ,20240111,29.1,29.82,28.91,29.48,29.1,0.38,1.3058,27670.0,81675.763
300299.SZ,20240111,5.31,5.57,5.31,5.55,5.35,0.2,3.7383,158733.96,86856.476
300300.SZ,20240111,3.95,4.06,3.93,4.03,4.02,0.01,0.2488,362548.89,145036.652
300301.SZ,20240111,1.6,1.63,1.6,1.62,1.61,0.01,0.6211,59449.0,9605.158
300302.SZ,20240111,11.82,12.23,11.82,12.18,11.81,0.37,3.1329,121783.09,147326.46
300303.SZ,20240111,5.25,5.42,5.24,5.39,5.23,0.16,3.0593,207290.09,110767.685
300304.SZ,20240111,6.26,6.41,6.23,6.39,6.27,0.12,1.9139,156451.48,99061.886
300305.SZ,20240111,9.69,9.73,9.41,9.67,9.5,0.17,1.7895,26407.0,25287.299
300306.SZ,20240111,11.34,11.69,11.34,11.66,11.37,0.29,2.5506,26181.0,30233.42
300307.SZ,20240111,6.05,6.17,6.02,6.14,6.08,0.06,0.9868,90382.01,55017.599
300308.SZ,20240111,100.0,104.48,99.91,103.39,100.0,3.39,3.39,192897.32,1984685.245
300310.SZ,20240111,4.16,4.31,4.14,4.3,4.14,0.16,3.8647,204930.68,87048.798
300311.SZ,20240111,5.83,6.02,5.71,5.96,5.85,0.11,1.8803,96978.6,57354.419
300313.SZ,20240111,10.1,10.8,10.0,10.34,10.16,0.18,1.7717,120161.4,125568.449
300314.SZ,20240111,14.56,14.73,14.24,14.65,14.37,0.28,1.9485,38163.02,55469.112
300315.SZ,20240111,4.82,5.06,4.8,5.06,4.87,0.19,3.9014,2042270.26,1016109.43
300316.SZ,20240111,39.71,40.64,39.41,39.78,39.84,-0.06,-0.1506,126254.75,504588.843
300317.SZ,20240111,5.01,5.12,4.96,5.12,5.01,0.11,2.1956,158433.94,80253.092
300318.SZ,20240111,6.03,6.1,6.0,6.07,6.03,0.04,0.6633,45223.96,27337.288
300319.SZ,20240111,8.82,8.98,8.66,8.92,8.71,0.21,2.411,116936.97,103330.733
300320.SZ,20240111,7.42,7.56,7.35,7.51,7.38,0.13,1.7615,33702.0,25130.282
300321.SZ,20240111,19.54,19.68,19.25,19.51,19.44,0.07,0.3601,7071.0,13791.821
300322.SZ,20240111,9.68,10.05,9.6,9.99,9.65,0.34,3.5233,135861.15,134599.68
300323.SZ,20240111,6.26,6.4,6.22,6.39,6.24,0.15,2.4038,83527.89,52973.084
300324.SZ,20240111,3.12,3.24,3.11,3.23,3.11,0.12,3.8585,284446.68,90834.774
300326.SZ,20240111,6.13,6.23,6.11,6.19,6.13,0.06,0.9788,41350.56,25530.929
300327.SZ,20240111,20.51,21.09,20.39,20.9,20.51,0.39,1.9015,37337.23,77658.751
300328.SZ,20240111,6.41,6.63,6.4,6.61,6.41,0.2,3.1201,64634.1,42250.184
300329.SZ,20240111,7.38,7.48,7.34,7.42,7.4,0.02,0.2703,28730.0,21311.114
300331.SZ,20240111,22.41,23.76,22.41,23.59,22.66,0.93,4.1041,89773.51,209119.69
300332.SZ,20240111,7.64,7.72,7.54,7.65,7.6,0.05,0.6579,72325.87,55132.938
300333.SZ,20240111,7.05,7.36,7.05,7.35,7.03,0.32,4.5519,68778.1,49908.165
300334.SZ,20240111,7.73,7.91,7.64,7.88,7.67,0.21,2.7379,36882.0,28770.717
300335.SZ,20240111,5.72,5.78,5.65,5.76,5.7,0.06,1.0526,113940.0,65307.271
300337.SZ,20240111,7.33,7.48,7.29,7.46,7.33,0.13,1.7735,129439.76,95580.002
300338.SZ,20240111,4.23,4.3,4.2,4.27,4.22,0.05,1.1848,62724.0,26784.139
300339.SZ,20240111,23.4,25.89,23.4,25.49,23.55,1.94,8.2378,753268.58,1885774.643
300340.SZ,20240111,11.34,11.89,11.28,11.84,11.38,0.46,4.0422,59346.0,69078.754
300341.SZ,20240111,10.76,10.98,10.63,10.91,10.71,0.2,1.8674,36146.8,39129.701
300342.SZ,20240111,13.0,13.51,13.0,13.47,13.06,0.41,3.1394,114627.24,152680.817
300343.SZ,20240111,6.4,6.77,6.39,6.73,6.44,0.29,4.5031,247385.05,164164.811
300344.SZ,20240111,5.24,5.44,5.24,5.43,5.24,0.19,3.626,89646.0,48135.724
300345.SZ,20240111,7.41,7.51,7.25,7.51,7.32,0.19,2.5956,40735.0,30039.149
300346.SZ,20240111,24.72,25.42,24.72,25.24,24.76,0.48,1.9386,52186.66,131069.026
300347.SZ,20240111,52.95,53.5,50.71,51.08,49.71,1.37,2.756,159877.99,826556.293
300348.SZ,20240111,9.33,9.8,9.31,9.61,9.36,0.25,2.6709,84623.49,80931.006
300349.SZ,20240111,12.0,12.29,11.91,12.26,11.92,0.34,2.8523,34875.0,42232.51
300350.SZ,20240111,5.05,5.23,5.03,5.21,5.06,0.15,2.9644,136122.6,70300.437
300351.SZ,20240111,18.71,19.58,18.66,19.34,18.71,0.63,3.3672,198037.72,376891.354
300352.SZ,20240111,4.35,4.56,4.35,4.53,4.37,0.16,3.6613,156515.96,70117.902
300353.SZ,20240111,8.81,9.02,8.78,8.97,8.78,0.19,2.164,54403.0,48469.66
300354.SZ,20240111,48.01,49.48,46.17,48.5,47.6,0.9,1.8908,38686.0,185294.826
300355.SZ,20240111,3.57,3.67,3.56,3.66,3.57,0.09,2.521,243857.48,88432.199
300357.SZ,20240111,25.8,26.19,25.52,26.16,25.6,0.56,2.1875,31995.44,82896.407
300358.SZ,20240111,10.0,10.26,9.97,10.22,9.98,0.24,2.4048,44716.24,45356.346
300359.SZ,20240111,5.16,5.38,5.15,5.36,5.18,0.18,3.4749,96636.5,51364.641
300360.SZ,20240111,13.39,13.74,13.28,13.73,13.38,0.35,2.6158,68177.32,92292.131
300363.SZ,20240111,23.89,24.1,22.98,23.82,22.71,1.11,4.8877,127166.3,299390.919
300364.SZ,20240111,21.68,22.72,21.68,22.47,21.71,0.76,3.5007,681712.73,1522897.208
300365.SZ,20240111,6.29,6.51,6.28,6.49,6.3,0.19,3.0159,69045.49,44348.958
300366.SZ,20240111,11.33,12.1,11.33,12.02,11.34,0.68,5.9965,227581.75,268891.877
300368.SZ,20240111,6.39,6.63,6.37,6.59,6.37,0.22,3.4537,72713.0,47541.028
300369.SZ,20240111,8.71,8.89,8.65,8.82,8.76,0.06,0.6849,146757.0,129111.484
300370.SZ,20240111,2.39,2.44,2.37,2.43,2.38,0.05,2.1008,113434.0,27334.312
300371.SZ,20240111,11.79,12.16,11.72,12.15,11.79,0.36,3.0534,20420.08,24435.478
300373.SZ,20240111,33.69,34.55,33.6,34.34,33.8,0.54,1.5976,34617.2,118340.1
300374.SZ,20240111,11.68,12.03,11.68,12.0,11.73,0.27,2.3018,21799.0,25880.472
300375.SZ,20240111,4.8,4.95,4.79,4.93,4.81,0.12,2.4948,163215.0,79804.492
300376.SZ,20240111,6.02,6.17,6.01,6.15,6.02,0.13,2.1595,118312.0,72177.048
300377.SZ,20240111,7.29,7.51,7.2,7.48,7.22,0.26,3.6011,117112.0,86693.518
300378.SZ,20240111,18.91,19.69,18.85,19.5,18.83,0.67,3.5582,60622.26,117344.057
300379.SZ,20240111,16.9,17.3,16.73,16.96,16.9,0.06,0.355,135726.97,231932.63
300380.SZ,20240111,19.46,20.43,19.46,20.3,19.46,0.84,4.3165,32647.0,65597.13
300381.SZ,20240111,6.96,7.07,6.95,7.05,6.95,0.1,1.4388,34347.46,24111.791
300382.SZ,20240111,9.18,9.39,8.88,9.32,9.19,0.13,1.4146,124291.53,113630.5
300383.SZ,20240111,8.84,9.16,8.83,9.15,8.81,0.34,3.8593,149934.47,135557.992
300384.SZ,20240111,14.83,15.13,14.71,15.11,14.84,0.27,1.8194,22947.26,34228.067
300385.SZ,20240111,6.87,6.87,6.77,6.87,6.86,0.01,0.1458,30872.2,21060.5
300386.SZ,20240111,9.96,10.33,9.95,10.31,9.95,0.36,3.6181,35281.4,35966.464
300387.SZ,20240111,7.77,7.9,7.75,7.84,7.78,0.06,0.7712,71214.0,55608.827
300388.SZ,20240111,6.52,6.63,6.5,6.6,6.53,0.07,1.072,23969.4,15772.072
300389.SZ,20240111,16.55,17.5,16.53,17.27,16.54,0.73,4.4135,78005.97,133185.436
300390.SZ,20240111,24.0,25.87,23.88,25.5,24.04,1.46,6.0732,262659.59,658876.372
300391.SZ,20240111,7.42,7.62,7.37,7.61,7.41,0.2,2.6991,38332.75,28783.31
300393.SZ,20240111,10.01,10.3,9.97,10.18,10.1,0.08,0.7921,195972.61,198930.496
300394.SZ,20240111,83.2,87.85,83.1,86.01,83.23,2.78,3.3401,113289.93,973653.664
300395.SZ,20240111,32.05,32.47,31.61,31.72,32.04,-0.32,-0.9988,73392.34,233773.54
300396.SZ,20240111,28.2,28.37,27.36,27.76,28.14,-0.38,-1.3504,24163.44,66941.439
300397.SZ,20240111,9.53,9.82,9.52,9.76,9.58,0.18,1.8789,57475.62,55638.469
300398.SZ,20240111,14.03,14.44,14.02,14.4,14.06,0.34,2.4182,78851.63,112564.065
300399.SZ,20240111,12.72,13.15,12.7,13.09,12.72,0.37,2.9088,20594.18,26764.343
300400.SZ,20240111,14.46,14.87,14.44,14.8,14.49,0.31,2.1394,29074.0,42605.934
300401.SZ,20240111,11.02,11.19,10.87,11.1,11.0,0.1,0.9091,61481.0,67810.797
300402.SZ,20240111,19.93,20.88,19.93,20.58,20.81,-0.23,-1.1052,87333.0,178453.059
300403.SZ,20240111,8.04,8.29,7.98,8.22,8.06,0.16,1.9851,160408.14,130821.277
300404.SZ,20240111,8.67,8.9,8.67,8.85,8.61,0.24,2.7875,37379.6,32824.725
300405.SZ,20240111,6.57,7.18,6.21,7.06,6.63,0.43,6.4857,505179.61,335151.063
300406.SZ,20240111,19.12,19.58,18.93,19.22,19.15,0.07,0.3655,32467.58,62385.049
300407.SZ,20240111,9.27,9.38,9.13,9.34,9.19,0.15,1.6322,47740.0,44256.433
300408.SZ,20240111,26.37,26.46,25.66,25.84,26.43,-0.59,-2.2323,175063.71,454973.571
300409.SZ,20240111,10.59,10.96,10.43,10.88,10.54,0.34,3.2258,53044.57,56856.337
300410.SZ,20240111,8.04,8.26,7.92,8.21,8.01,0.2,2.4969,54336.0,43926.933
300411.SZ,20240111,6.97,7.5,6.93,7.34,6.97,0.37,5.3085,181621.22,131871.871
300412.SZ,20240111,5.59,5.71,5.55,5.65,5.53,0.12,2.17,76583.2,43131.719
300413.SZ,20240111,22.53,23.15,22.3,22.97,22.49,0.48,2.1343,218786.37,498646.959
300414.SZ,20240111,9.16,9.39,9.14,9.37,9.11,0.26,2.854,26985.94,25054.253
300415.SZ,20240111,16.32,17.03,16.32,16.87,16.35,0.52,3.1804,42762.56,71590.382
300416.SZ,20240111,16.4,16.69,16.12,16.2,16.39,-0.19,-1.1592,61511.3,100758.278
300417.SZ,20240111,12.11,12.35,12.05,12.26,12.16,0.1,0.8224,16096.0,19647.612
300418.SZ,20240111,33.15,35.85,32.9,35.45,33.18,2.27,6.8415,703588.41,2448088.74
300419.SZ,20240111,5.62,5.81,5.61,5.8,5.64,0.16,2.8369,103183.0,59135.551
300420.SZ,20240111,2.92,2.96,2.9,2.95,2.93,0.02,0.6826,99915.3,29282.988
300421.SZ,20240111,11.6,12.15,11.6,12.0,11.68,0.32,2.7397,123663.2,148074.438
300422.SZ,20240111,6.01,6.11,5.98,6.09,6.01,0.08,1.3311,33110.0,20079.154
300423.SZ,20240111,9.9,9.92,9.42,9.77,9.86,-0.09,-0.9128,127200.6,122640.955
300424.SZ,20240111,12.32,12.68,12.31,12.63,12.33,0.3,2.4331,25370.0,31773.678
300425.SZ,20240111,4.73,4.83,4.71,4.8,4.73,0.07,1.4799,52337.8,25027.369
300426.SZ,20240111,10.48,10.91,10.38,10.88,10.42,0.46,4.4146,77702.0,83531.778
300427.SZ,20240111,6.1,6.22,6.09,6.16,6.12,0.04,0.6536,17460.4,10747.343
300428.SZ,20240111,19.11,19.6,18.88,19.56,19.0,0.56,2.9474,45328.33,87477.87
300429.SZ,20240111,11.36,11.81,11.33,11.73,11.36,0.37,3.257,93909.5,109067.486
300430.SZ,20240111,13.3,13.51,13.22,13.36,13.31,0.05,0.3757,37803.7,50360.046
300432.SZ,20240111,9.34,9.68,9.29,9.58,9.34,0.24,2.5696,118867.96,112607.409
300433.SZ,20240111,11.93,12.3,11.85,12.26,11.94,0.32,2.6801,201578.96,245006.122
300434.SZ,20240111,10.3,10.56,10.3,10.48,10.25,0.23,2.2439,27825.88,29007.087
300435.SZ,20240111,13.62,13.9,13.58,13.86,13.61,0.25,1.8369,33276.0,45733.108
300436.SZ,20240111,24.4,24.95,24.38,24.78,24.48,0.3,1.2255,10097.26,24884.667
300437.SZ,20240111,12.09,12.63,11.98,12.59,12.05,0.54,4.4813,75605.0,93684.207
300438.SZ,20240111,27.36,29.8,27.2,29.24,27.55,1.69,6.1343,385185.77,1101002.023
300439.SZ,20240111,11.36,11.52,11.3,11.48,11.36,0.12,1.0563,26006.0,29661.82
300440.SZ,20240111,7.05,7.2,7.03,7.2,7.05,0.15,2.1277,50428.86,35970.188
300441.SZ,20240111,6.93,6.94,6.78,6.9,6.93,-0.03,-0.4329,67456.0,46282.046
300442.SZ,20240111,22.45,23.16,22.25,23.13,22.41,0.72,3.2129,43566.24,99582.133
300443.SZ,20240111,23.53,24.22,23.22,23.99,23.75,0.24,1.0105,82080.78,194888.51
300444.SZ,20240111,6.73,6.84,6.66,6.82,6.68,0.14,2.0958,144822.0,97924.231
300445.SZ,20240111,17.38,17.98,17.15,17.7,17.72,-0.02,-0.1129,111237.34,196482.287
300446.SZ,20240111,14.64,14.98,14.6,14.93,14.6,0.33,2.2603,27634.0,40931.521
300447.SZ,20240111,13.38,13.8,13.38,13.8,13.37,0.43,3.2162,22229.0,30349.266
300448.SZ,20240111,5.09,5.27,5.08,5.24,5.1,0.14,2.7451,67759.0,35193.538
300449.SZ,20240111,5.92,6.24,5.88,6.24,5.85,0.39,6.6667,135133.0,82905.353
300450.SZ,20240111,23.9,25.07,23.78,24.83,24.06,0.77,3.2003,286137.51,699176.903
300451.SZ,20240111,5.67,5.79,5.61,5.74,5.64,0.1,1.773,251787.74,143383.7
300452.SZ,20240111,13.69,13.9,13.62,13.86,13.64,0.22,1.6129,21522.99,29645.9
300453.SZ,20240111,7.53,7.63,7.48,7.61,7.53,0.08,1.0624,29962.75,22646.467
300454.SZ,20240111,63.65,67.0,63.65,65.93,63.5,2.43,3.8268,48655.2,319755.031
300455.SZ,20240111,10.87,11.3,10.81,11.27,10.87,0.4,3.6799,71034.5,79071.667
300456.SZ,20240111,21.86,22.57,21.84,22.5,22.1,0.4,1.81,180163.08,401005.757
300457.SZ,20240111,17.32,18.27,17.3,18.25,17.38,0.87,5.0058,122030.91,218308.676
300458.SZ,20240111,19.51,20.05,19.35,19.96,19.51,0.45,2.3065,76884.87,152248.181
300459.SZ,20240111,4.5,4.68,4.48,4.65,4.5,0.15,3.3333,1094696.87,504188.75
300460.SZ,20240111,11.35,12.14,11.18,12.06,11.26,0.8,7.1048,100520.8,118625.042
300461.SZ,20240111,23.2,23.83,22.8,23.7,23.26,0.44,1.8917,34951.49,81330.415
300462.SZ,20240111,11.36,11.65,11.36,11.62,11.36,0.26,2.2887,29566.0,34086.411
300463.SZ,20240111,14.38,14.47,14.15,14.4,14.33,0.07,0.4885,42211.72,60508.045
300464.SZ,20240111,5.91,5.96,5.86,5.93,5.92,0.01,0.1689,46831.0,27656.009
300465.SZ,20240111,9.28,9.59,9.24,9.54,9.22,0.32,3.4707,64820.7,61350.929
300466.SZ,20240111,6.78,7.02,6.73,7.0,6.83,0.17,2.489,105762.0,73267.163
300467.SZ,20240111,15.98,16.45,15.87,16.39,15.91,0.48,3.017,38546.34,62694.198
300468.SZ,20240111,9.95,10.39,9.9,10.32,9.88,0.44,4.4534,113041.74,115312.561
300469.SZ,20240111,13.21,13.81,13.21,13.78,13.32,0.46,3.4535,26956.06,36644.571
300470.SZ,20240111,37.06,38.23,36.76,37.56,36.91,0.65,1.761,8378.64,31593.198
300471.SZ,20240111,12.48,12.63,12.34,12.6,12.49,0.11,0.8807,38883.34,48629.401
300472.SZ,20240111,8.74,9.27,8.74,9.03,8.76,0.27,3.0822,67906.76,61205.282
300473.SZ,20240111,18.29,18.77,18.23,18.71,18.5,0.21,1.1351,78531.0,145195.209
300474.SZ,20240111,63.41,64.87,63.34,64.38,63.42,0.96,1.5137,41760.73,268393.622
300475.SZ,20240111,30.05,31.06,29.6,30.81,29.8,1.01,3.3893,88354.92,270359.605
300476.SZ,20240111,16.51,17.22,16.43,17.09,16.57,0.52,3.1382,144757.48,245563.195
300477.SZ,20240111,3.65,3.79,3.6,3.74,3.63,0.11,3.0303,153333.57,56620.448
300478.SZ,20240111,13.03,13.07,12.78,12.96,13.06,-0.1,-0.7657,70139.6,90755.597
300479.SZ,20240111,18.24,19.08,18.19,19.0,18.24,0.76,4.1667,41203.13,77488.597
300480.SZ,20240111,19.18,19.64,18.96,19.62,19.06,0.56,2.9381,33045.88,64037.096
300481.SZ,20240111,16.38,16.67,16.22,16.55,16.38,0.17,1.0379,23049.12,37927.534
300482.SZ,20240111,28.88,29.57,28.58,29.38,28.8,0.58,2.0139,29633.42,86577.526
300483.SZ,20240111,11.14,11.27,11.09,11.23,11.14,0.09,0.8079,19060.4,21323.696
300484.SZ,20240111,11.95,12.27,11.93,12.21,11.99,0.22,1.8349,21475.0,25978.104
300485.SZ,20240111,10.15,10.23,10.07,10.2,10.1,0.1,0.9901,22236.0,22598.468
300486.SZ,20240111,6.71,6.83,6.63,6.79,6.71,0.08,1.1923,95502.5,64345.495
300487.SZ,20240111,48.1,48.1,46.36,47.56,48.11,-0.55,-1.1432,42133.13,199179.767
300488.SZ,20240111,24.84,25.16,24.42,25.05,25.21,-0.16,-0.6347,44947.71,111387.463
300489.SZ,20240111,19.02,19.26,18.8,19.19,19.01,0.18,0.9469,14295.5,27241.301
300490.SZ,20240111,10.84,11.19,10.77,11.15,10.84,0.31,2.8598,65803.13,72368.917
300491.SZ,20240111,21.13,21.67,21.01,21.55,21.19,0.36,1.6989,26843.6,57330.753
300492.SZ,20240111,82.6,83.99,80.02,83.6,80.71,2.89,3.5807,11923.08,98637.051
300493.SZ,20240111,7.78,8.05,7.75,8.0,7.79,0.21,2.6958,48711.56,38694.376
300494.SZ,20240111,13.8,14.6,13.71,14.49,13.84,0.65,4.6965,421347.32,605321.72
300496.SZ,20240111,66.61,68.1,66.16,67.2,66.6,0.6,0.9009,94631.93,635716.261
300497.SZ,20240111,8.75,9.08,8.73,9.07,8.81,0.26,2.9512,59512.28,53277.907
300498.SZ,20240111,19.26,19.97,19.12,19.72,19.32,0.4,2.0704,316583.79,625208.274
300499.SZ,20240111,13.03,13.75,13.01,13.65,13.03,0.62,4.7583,63134.1,84896.193
300500.SZ,20240111,13.96,14.37,13.96,14.29,13.99,0.3,2.1444,18033.0,25580.663
300501.SZ,20240111,14.21,14.55,14.21,14.43,14.29,0.14,0.9797,22694.06,32708.525
300502.SZ,20240111,44.11,46.56,44.1,45.91,44.39,1.52,3.4242,355351.4,1624395.673
300503.SZ,20240111,16.15,16.63,16.0,16.6,16.2,0.4,2.4691,158826.0,260261.202
300504.SZ,20240111,16.52,17.1,16.5,17.07,16.46,0.61,3.706,27138.0,45817.793
300505.SZ,20240111,15.95,16.63,15.61,16.44,16.28,0.16,0.9828,150523.68,244663.573
300506.SZ,20240111,4.55,4.6,4.5,4.58,4.54,0.04,0.8811,82300.0,37499.336
300507.SZ,20240111,6.18,6.36,6.15,6.35,6.17,0.18,2.9173,123493.58,77654.629
300508.SZ,20240111,26.28,27.0,26.13,26.85,26.1,0.75,2.8736,10507.96,27950.182
300509.SZ,20240111,7.19,7.22,7.07,7.17,7.19,-0.02,-0.2782,45628.23,32677.982
300510.SZ,20240111,5.62,5.72,5.55,5.7,5.62,0.08,1.4235,151960.05,85699.636
300511.SZ,20240111,5.16,5.28,5.14,5.26,5.15,0.11,2.1359,62824.25,32864.805
300512.SZ,20240111,8.53,8.59,8.41,8.55,8.62,-0.07,-0.8121,63179.4,53685.483
300513.SZ,20240111,10.64,10.98,10.64,10.97,10.65,0.32,3.0047,52760.16,57183.585
300514.SZ,20240111,15.76,16.06,15.68,15.98,15.8,0.18,1.1392,42494.0,67606.204
300515.SZ,20240111,11.07,11.27,11.0,11.22,11.03,0.19,1.7226,27991.0,31167.647
300516.SZ,20240111,29.29,30.14,29.06,29.95,29.27,0.68,2.3232,15658.0,46517.492
300517.SZ,20240111,13.21,13.42,13.06,13.4,13.23,0.17,1.285,24472.4,32464.132
300518.SZ,20240111,15.8,16.42,15.8,16.35,15.77,0.58,3.6779,14713.32,23767.319
300519.SZ,20240111,16.07,16.3,15.99,16.19,16.07,0.12,0.7467,16503.97,26664.291
300520.SZ,20240111,20.05,20.53,19.68,20.4,19.81,0.59,2.9783,46040.26,93399.39
300521.SZ,20240111,13.37,13.64,13.31,13.63,13.42,0.21,1.5648,17595.92,23738.7
300522.SZ,20240111,12.32,12.88,12.32,12.86,12.32,0.54,4.3831,38290.9,48428.044
300523.SZ,20240111,18.98,19.15,18.85,19.1,18.88,0.22,1.1653,12321.0,23447.969
300525.SZ,20240111,13.8,14.06,13.7,13.98,13.74,0.24,1.7467,60388.13,83927.671
300527.SZ,20240111,7.27,7.43,7.22,7.38,7.26,0.12,1.6529,56702.8,41662.355
300528.SZ,20240111,10.11,10.61,10.04,10.59,10.13,0.46,4.541,75931.6,78835.04
300529.SZ,20240111,20.78,21.03,20.6,20.82,20.66,0.16,0.7744,26547.75,55326.281
300530.SZ,20240111,23.39,25.24,23.31,25.07,23.75,1.32,5.5579,80395.2,195842.474
300531.SZ,20240111,14.83,16.28,14.76,16.12,14.83,1.29,8.6986,203243.23,320731.214
300532.SZ,20240111,15.14,15.62,15.1,15.56,15.1,0.46,3.0464,47097.0,72555.344
300533.SZ,20240111,26.43,27.32,26.13,27.2,26.39,0.81,3.0693,83197.0,223985.762
300534.SZ,20240111,9.53,9.84,9.53,9.72,9.53,0.19,1.9937,105536.0,102129.23
300535.SZ,20240111,17.52,17.68,17.34,17.45,17.5,-0.05,-0.2857,17944.67,31318.628
300536.SZ,20240111,20.81,21.93,20.75,21.9,20.75,1.15,5.5422,50336.0,108362.718
300537.SZ,20240111,17.55,18.34,17.51,18.29,17.53,0.76,4.3354,53477.0,96508.945
300538.SZ,20240111,16.48,17.26,16.48,17.16,16.57,0.59,3.5607,50734.89,85999.495
300539.SZ,20240111,11.56,11.79,11.45,11.68,11.51,0.17,1.477,23568.9,27384.523
300540.SZ,20240111,23.72,24.3,23.52,24.2,23.71,0.49,2.0666,16049.0,38374.521
300541.SZ,20240111,14.25,14.88,14.25,14.64,14.15,0.49,3.4629,101083.3,147644.732
300542.SZ,20240111,12.16,12.98,12.15,12.83,12.12,0.71,5.8581,77009.73,97524.351
300543.SZ,20240111,10.25,10.6,10.21,10.51,10.26,0.25,2.4366,50037.85,52302.104
300545.SZ,20240111,27.6,29.43,27.38,29.14,27.68,1.46,5.2746,70364.0,202046.088
300546.SZ,20240111,14.68,15.45,14.68,15.29,14.78,0.51,3.4506,27281.15,41432.783
300547.SZ,20240111,15.68,16.2,15.54,15.96,15.63,0.33,2.1113,20615.0,32757.798
300548.SZ,20240111,23.42,24.53,23.42,24.43,23.43,1.0,4.268,93880.5,226762.954
300549.SZ,20240111,17.98,18.5,17.89,18.48,18.01,0.47,2.6097,13005.0,23760.556
300550.SZ,20240111,14.2,15.33,14.08,15.2,14.09,1.11,7.8779,38809.74,57625.359
300551.SZ,20240111,16.46,17.22,16.38,16.86,16.41,0.45,2.7422,80477.2,135820.796
300552.SZ,20240111,22.97,25.44,22.96,24.96,25.89,-0.93,-3.5921,131517.6,323260.798
300553.SZ,20240111,32.0,32.51,31.63,31.71,32.18,-0.47,-1.4605,21365.6,68281.702
300554.SZ,20240111,23.8,24.8,23.67,24.42,23.8,0.62,2.605,34284.87,83261.732
300555.SZ,20240111,6.92,7.05,6.86,7.05,6.93,0.12,1.7316,10123.0,7059.872
300556.SZ,20240111,27.7,28.93,27.65,28.8,27.71,1.09,3.9336,131661.0,375085.254
300557.SZ,20240111,33.0,33.66,33.0,33.5,33.15,0.35,1.0558,4678.0,15590.436
300558.SZ,20240111,45.88,48.55,45.51,48.0,47.72,0.28,0.5868,55081.07,262029.353
300559.SZ,20240111,13.82,14.61,13.82,14.57,13.85,0.72,5.1986,65351.76,93791.14
300560.SZ,20240111,17.29,18.18,17.24,18.16,17.13,1.03,6.0128,147853.61,264047.706
300561.SZ,20240111,11.05,11.34,10.93,11.29,10.97,0.32,2.917,32350.5,36279.585
300562.SZ,20240111,11.02,11.29,10.94,11.2,10.94,0.26,2.3766,38195.4,42418.575
300563.SZ,20240111,14.85,15.27,14.76,15.22,14.82,0.4,2.6991,29373.0,44279.67
300564.SZ,20240111,13.38,13.64,13.38,13.64,13.38,0.26,1.9432,17738.58,23990.864
300565.SZ,20240111,14.29,15.56,14.29,15.15,14.15,1.0,7.0671,107249.48,160935.965
300566.SZ,20240111,16.66,17.23,16.46,17.14,16.63,0.51,3.0667,68994.13,116706.571
300567.SZ,20240111,68.12,69.66,66.83,67.58,68.4,-0.82,-1.1988,50784.98,345289.103
300568.SZ,20240111,13.88,14.5,13.73,14.23,13.81,0.42,3.0413,215122.19,305007.776
300569.SZ,20240111,6.01,6.22,6.0,6.15,6.07,0.08,1.318,221644.91,136006.521
300570.SZ,20240111,35.0,36.48,35.0,36.28,35.37,0.91,2.5728,140184.48,504563.582
300571.SZ,20240111,32.01,32.66,31.83,32.37,31.99,0.38,1.1879,23092.83,74582.354
300572.SZ,20240111,15.23,15.56,15.01,15.45,15.13,0.32,2.115,48074.4,73528.682
300573.SZ,20240111,167.37,167.8,159.0,165.74,167.4,-1.66,-0.9916,15192.53,247780.825
300575.SZ,20240111,7.42,7.58,7.38,7.53,7.42,0.11,1.4825,38660.1,28885.805
300576.SZ,20240111,35.62,37.3,35.62,37.15,35.76,1.39,3.887,52012.08,191072.216
300577.SZ,20240111,14.48,14.68,14.32,14.59,14.46,0.13,0.899,11138.0,16199.896
300578.SZ,20240111,16.48,17.29,16.48,17.16,16.54,0.62,3.7485,23745.04,40497.299
300579.SZ,20240111,23.3,24.26,23.17,24.13,23.21,0.92,3.9638,23585.05,56297.197
300580.SZ,20240111,26.92,27.16,26.47,26.99,27.01,-0.02,-0.074,59439.77,159451.917
300581.SZ,20240111,9.04,9.44,9.03,9.34,9.09,0.25,2.7503,53779.9,49736.107
300582.SZ,20240111,11.17,11.47,11.16,11.4,11.16,0.24,2.1505,25353.39,28666.135
300583.SZ,20240111,19.1,19.3,18.78,18.86,18.93,-0.07,-0.3698,21976.19,41649.165
300584.SZ,20240111,22.5,22.86,22.37,22.82,22.3,0.52,2.3318,17574.0,39800.942
300585.SZ,20240111,15.12,15.7,15.1,15.64,15.2,0.44,2.8947,28458.0,43899.865
300586.SZ,20240111,7.43,7.68,7.4,7.61,7.48,0.13,1.738,84208.28,63475.281
300587.SZ,20240111,5.53,5.71,5.48,5.69,5.49,0.2,3.643,146139.37,82091.793
300588.SZ,20240111,11.5,12.02,11.5,12.02,11.57,0.45,3.8894,49505.52,58687.757
300589.SZ,20240111,13.09,13.45,13.04,13.43,13.14,0.29,2.207,58598.55,77970.024
300590.SZ,20240111,10.69,10.88,10.6,10.79,10.69,0.1,0.9355,71963.28,77263.754
300591.SZ,20240111,5.87,6.01,5.85,6.0,5.91,0.09,1.5228,80200.34,47663.149
300592.SZ,20240111,22.25,22.92,22.25,22.84,22.37,0.47,2.101,27425.01,62270.246
300593.SZ,20240111,13.07,13.45,12.99,13.32,13.1,0.22,1.6794,64898.73,85867.785
300594.SZ,20240111,20.74,21.18,20.6,21.12,20.73,0.39,1.8813,14129.5,29549.451
300595.SZ,20240111,20.68,21.33,20.49,21.19,20.53,0.66,3.2148,77055.59,161757.605
300596.SZ,20240111,28.15,28.46,27.4,28.23,28.11,0.12,0.4269,37042.76,103262.912
300597.SZ,20240111,8.87,9.12,8.87,9.11,8.87,0.24,2.7057,45044.0,40686.461
300598.SZ,20240111,41.81,44.72,41.81,44.19,42.13,2.06,4.8896,70142.18,307655.657
300599.SZ,20240111,8.06,8.19,8.02,8.14,8.04,0.1,1.2438,22450.43,18231.155
300600.SZ,20240111,10.61,11.1,10.61,11.05,10.67,0.38,3.5614,73987.0,80977.905
300601.SZ,20240111,24.9,25.64,24.85,25.5,25.25,0.25,0.9901,136217.33,344080.469
300602.SZ,20240111,15.55,15.91,15.39,15.84,15.63,0.21,1.3436,123580.96,193445.644
300603.SZ,20240111,9.22,9.54,9.19,9.48,9.13,0.35,3.8335,116802.51,110397.038
300604.SZ,20240111,34.11,35.8,34.11,35.0,34.23,0.77,2.2495,56837.19,198907.607
300605.SZ,20240111,14.56,15.35,14.52,15.27,14.52,0.75,5.1653,43019.27,64820.236
300606.SZ,20240111,31.62,33.33,31.31,32.9,31.97,0.93,2.909,31864.5,104114.587
300607.SZ,20240111,14.22,14.69,14.21,14.6,14.27,0.33,2.3125,41463.68,60083.554
300608.SZ,20240111,14.78,16.27,14.66,16.1,14.85,1.25,8.4175,365590.04,574294.167
300609.SZ,20240111,24.61,25.45,24.54,25.37,24.47,0.9,3.678,43347.0,108868.987
300610.SZ,20240111,11.11,11.33,11.04,11.28,11.15,0.13,1.1659,21530.0,24062.082
300611.SZ,20240111,10.99,11.22,10.88,11.15,10.99,0.16,1.4559,25509.0,28243.842
300612.SZ,20240111,17.25,17.98,17.25,17.93,17.3,0.63,3.6416,44298.86,78440.174
300613.SZ,20240111,37.89,39.1,37.89,38.91,38.1,0.81,2.126,20834.52,80624.253
300614.SZ,20240111,18.46,18.46,18.05,18.4,18.16,0.24,1.3216,14829.13,27112.957
300615.SZ,20240111,14.66,15.1,14.58,15.04,14.64,0.4,2.7322,13812.0,20618.842
300616.SZ,20240111,17.52,17.8,17.41,17.67,17.52,0.15,0.8562,14429.0,25473.276
300617.SZ,20240111,28.68,29.37,28.39,29.23,28.67,0.56,1.9533,9913.65,28617.217
300618.SZ,20240111,26.71,27.84,26.54,27.47,26.63,0.84,3.1543,34014.99,92634.172
300619.SZ,20240111,54.3,54.98,52.8,54.44,53.37,1.07,2.0049,6280.52,33879.111
300620.SZ,20240111,40.01,41.94,40.01,41.67,40.18,1.49,3.7083,54838.73,226402.45
300621.SZ,20240111,11.1,11.3,11.01,11.14,11.13,0.01,0.0898,17417.5,19506.367
300622.SZ,20240111,20.6,22.03,20.34,21.85,20.61,1.24,6.0165,63736.34,136548.175
300623.SZ,20240111,14.44,14.83,14.4,14.78,14.5,0.28,1.931,37176.45,54437.962
300624.SZ,20240111,81.01,85.62,81.01,84.93,81.2,3.73,4.5936,89749.0,757706.407
300625.SZ,20240111,14.52,14.72,14.46,14.6,14.52,0.08,0.551,13784.0,20118.643
300626.SZ,20240111,10.7,10.83,10.61,10.81,10.7,0.11,1.028,30989.0,33307.384
300627.SZ,20240111,27.34,28.13,27.05,28.0,27.45,0.55,2.0036,21868.8,60921.417
300628.SZ,20240111,27.01,27.6,26.88,27.26,26.96,0.3,1.1128,48539.44,132319.244
300629.SZ,20240111,20.35,20.89,20.25,20.82,20.41,0.41,2.0088,51346.25,106146.346
300630.SZ,20240111,21.19,21.56,21.02,21.56,21.0,0.56,2.6667,78163.95,166833.519
300631.SZ,20240111,28.14,29.1,27.78,28.6,27.95,0.65,2.3256,14038.0,40137.782
300632.SZ,20240111,11.86,12.15,11.81,12.08,11.84,0.24,2.027,27947.87,33605.888
300633.SZ,20240111,43.14,44.07,42.52,43.71,43.05,0.66,1.5331,19884.01,86154.167
300634.SZ,20240111,18.41,19.15,18.25,19.08,18.27,0.81,4.4335,107220.77,202318.42
300635.SZ,20240111,12.51,12.75,12.44,12.72,12.54,0.18,1.4354,17248.0,21776.694
300636.SZ,20240111,9.9,10.06,9.77,10.02,9.95,0.07,0.7035,15457.02,15415.575
300637.SZ,20240111,9.09,9.37,9.09,9.34,9.1,0.24,2.6374,76579.9,70848.817
300638.SZ,20240111,16.56,17.15,16.49,16.98,16.65,0.33,1.982,75266.93,127147.806
300639.SZ,20240111,8.65,8.77,8.65,8.72,8.65,0.07,0.8092,27721.93,24141.194
300640.SZ,20240111,6.47,6.53,6.42,6.53,6.49,0.04,0.6163,40955.5,26579.369
300641.SZ,20240111,5.67,5.74,5.63,5.68,5.67,0.01,0.1764,26574.3,15111.856
300642.SZ,20240111,16.91,17.19,16.76,17.16,16.86,0.3,1.7794,8932.2,15167.975
300643.SZ,20240111,11.65,11.94,11.61,11.92,11.66,0.26,2.2298,20753.0,24531.138
300644.SZ,20240111,19.76,20.28,19.55,20.09,19.66,0.43,2.1872,19054.7,38043.942
300645.SZ,20240111,16.97,17.63,16.97,17.45,16.93,0.52,3.0715,43981.8,76531.414
300647.SZ,20240111,6.04,6.19,6.0,6.15,6.04,0.11,1.8212,61068.22,37362.849
300648.SZ,20240111,24.77,25.66,24.21,25.38,24.74,0.64,2.5869,25692.0,64013.053
300649.SZ,20240111,16.5,16.78,16.32,16.77,16.29,0.48,2.9466,19556.0,32418.72
300650.SZ,20240111,12.68,12.96,12.61,12.87,12.7,0.17,1.3386,51713.0,66461.12
300651.SZ,20240111,19.46,19.7,19.26,19.55,19.59,-0.04,-0.2042,20077.0,39083.585
300652.SZ,20240111,26.58,26.73,25.98,26.47,26.51,-0.04,-0.1509,12325.0,32516.433
300653.SZ,20240111,26.68,27.26,26.56,27.07,26.57,0.5,1.8818,11380.25,30681.423
300654.SZ,20240111,10.18,10.71,10.15,10.67,10.14,0.53,5.2268,167302.21,175963.611
300655.SZ,20240111,8.57,8.9,8.57,8.86,8.62,0.24,2.7842,108778.3,95341.926
300656.SZ,20240111,22.5,23.0,22.28,22.92,22.37,0.55,2.4586,10239.54,23256.396
300657.SZ,20240111,17.22,17.95,17.22,17.86,17.26,0.6,3.4762,95629.59,169284.219
300658.SZ,20240111,7.2,7.29,7.01,7.21,7.3,-0.09,-1.2329,323053.33,230063.54
300659.SZ,20240111,20.4,21.38,20.22,21.26,20.4,0.86,4.2157,48923.2,102900.221
300660.SZ,20240111,27.3,28.18,27.18,28.04,27.38,0.66,2.4105,35768.28,99341.001
300661.SZ,20240111,73.62,75.3,73.03,73.6,73.38,0.22,0.2998,24953.56,184903.609
300662.SZ,20240111,25.64,26.24,25.4,25.98,25.64,0.34,1.3261,15869.99,40977.537
300663.SZ,20240111,14.28,16.33,14.18,15.9,14.16,1.74,12.2881,687910.57,1074341.843
300664.SZ,20240111,5.27,5.36,5.26,5.32,5.28,0.04,0.7576,43354.0,23053.265
300665.SZ,20240111,8.46,8.68,8.46,8.66,8.53,0.13,1.524,31215.84,26802.366
300666.SZ,20240111,50.13,51.89,50.07,51.34,50.18,1.16,2.3117,21417.65,109361.061
300667.SZ,20240111,15.65,16.06,15.58,15.98,15.64,0.34,2.1739,20793.5,32963.251
300668.SZ,20240111,24.5,24.72,24.28,24.56,24.5,0.06,0.2449,12627.5,30948.1
300669.SZ,20240111,14.89,15.15,14.88,15.1,15.02,0.08,0.5326,12729.3,19103.355
300670.SZ,20240111,7.71,7.86,7.64,7.84,7.7,0.14,1.8182,31601.5,24512.797
300671.SZ,20240111,28.61,29.5,28.56,29.42,28.69,0.73,2.5444,18234.11,53128.777
300672.SZ,20240111,63.43,69.93,63.35,68.49,64.07,4.42,6.8987,128276.27,869609.635
300673.SZ,20240111,13.68,14.3,13.6,14.11,13.68,0.43,3.1433,66040.7,92835.241
300674.SZ,20240111,14.44,15.06,14.42,14.98,14.43,0.55,3.8115,95034.58,140847.21
300675.SZ,20240111,14.83,15.5,14.83,15.45,14.95,0.5,3.3445,42758.0,65637.494
300676.SZ,20240111,43.9,44.88,43.9,44.76,43.89,0.87,1.9822,17541.75,78041.195
300677.SZ,20240111,23.75,24.3,23.5,23.95,23.87,0.08,0.3351,71307.47,170831.191
300678.SZ,20240111,26.14,27.9,26.14,27.63,26.13,1.5,5.7405,104232.1,283607.956
300679.SZ,20240111,36.54,37.34,36.54,37.05,37.02,0.03,0.081,17839.38,66029.446
300680.SZ,20240111,17.71,18.0,17.48,17.75,17.54,0.21,1.1973,29310.6,52061.5
300681.SZ,20240111,17.8,18.32,17.66,18.24,17.79,0.45,2.5295,28044.5,50728.909
300682.SZ,20240111,13.99,14.34,13.9,14.25,13.96,0.29,2.0774,77222.76,109128.168
300683.SZ,20240111,33.28,35.58,33.02,34.56,32.92,1.64,4.9818,36349.78,125326.399
300684.SZ,20240111,17.33,17.93,17.33,17.77,17.4,0.37,2.1264,43319.98,76972.545
300685.SZ,20240111,19.8,20.56,19.8,20.33,19.78,0.55,2.7806,31323.0,63448.157
300686.SZ,20240111,9.75,9.88,9.55,9.86,9.59,0.27,2.8154,28588.0,27896.997
300687.SZ,20240111,19.29,19.96,19.15,19.78,19.28,0.5,2.5934,51406.43,101116.893
300688.SZ,20240111,26.85,29.59,26.6,29.19,26.87,2.32,8.6342,71647.5,203725.363
300689.SZ,20240111,18.24,18.54,18.09,18.52,18.15,0.37,2.0386,8818.2,16177.583
300690.SZ,20240111,17.1,17.78,17.0,17.65,17.21,0.44,2.5567,33863.5,58973.578
300691.SZ,20240111,19.88,20.55,19.84,20.5,20.02,0.48,2.3976,80268.47,163002.585
300692.SZ,20240111,6.24,6.28,6.17,6.24,6.21,0.03,0.4831,21455.6,13362.809
300693.SZ,20240111,28.5,29.97,28.12,29.61,28.56,1.05,3.6765,197035.49,575162.265
300694.SZ,20240111,12.28,12.48,12.17,12.34,12.34,0.0,0.0,29342.5,36095.916
300695.SZ,20240111,50.47,53.12,50.33,53.09,50.75,2.34,4.6108,5183.0,26975.478
300696.SZ,20240111,16.34,16.7,16.25,16.63,16.34,0.29,1.7748,21905.89,36095.332
300697.SZ,20240111,12.05,12.15,11.89,12.1,12.0,0.1,0.8333,27979.2,33681.243
300698.SZ,20240111,33.06,33.3,32.8,33.02,33.09,-0.07,-0.2115,10685.0,35341.462
300699.SZ,20240111,25.43,26.26,25.43,26.03,25.48,0.55,2.1586,83998.24,217537.16
300700.SZ,20240111,15.67,16.13,15.61,16.02,15.76,0.26,1.6497,49478.87,78754.933
300701.SZ,20240111,10.5,10.66,10.42,10.6,10.44,0.16,1.5326,33193.87,35036.428
300702.SZ,20240111,19.7,19.87,19.53,19.73,19.79,-0.06,-0.3032,13371.0,26380.504
300703.SZ,20240111,11.18,11.28,11.13,11.23,11.17,0.06,0.5372,26090.5,29275.323
300705.SZ,20240111,31.7,32.15,31.45,31.79,31.63,0.16,0.5058,22114.3,70204.674
300706.SZ,20240111,23.65,23.88,23.3,23.78,23.46,0.32,1.364,18601.6,43929.126
300707.SZ,20240111,18.0,18.19,17.7,18.09,18.1,-0.01,-0.0552,75524.37,135869.214
300708.SZ,20240111,10.84,10.98,10.74,10.92,10.84,0.08,0.738,100770.9,109482.732
300709.SZ,20240111,28.0,29.15,27.84,28.85,28.09,0.76,2.7056,42638.07,121582.34
300710.SZ,20240111,22.67,23.29,22.66,23.21,22.67,0.54,2.382,9407.5,21611.633
300711.SZ,20240111,12.58,12.85,12.49,12.82,12.32,0.5,4.0584,41380.0,52514.409
300712.SZ,20240111,24.51,25.46,24.19,25.14,24.42,0.72,2.9484,20575.0,51129.177
300713.SZ,20240111,17.2,17.7,17.1,17.63,17.2,0.43,2.5,16613.0,29011.464
300715.SZ,20240111,11.7,11.7,11.34,11.57,11.41,0.16,1.4023,10343.0,11911.147
300716.SZ,20240111,11.2,11.55,11.13,11.54,11.16,0.38,3.405,24470.0,27849.878
300717.SZ,20240111,16.78,16.89,16.56,16.84,16.71,0.13,0.778,8776.0,14695.496
300718.SZ,20240111,17.86,18.21,17.8,17.93,17.93,0.0,0.0,21997.48,39518.004
300719.SZ,20240111,12.93,13.13,12.74,13.07,12.85,0.22,1.7121,29092.88,37650.924
300720.SZ,20240111,13.04,13.28,12.96,13.24,13.05,0.19,1.4559,13067.5,17179.757
300721.SZ,20240111,14.48,14.72,14.33,14.6,14.48,0.12,0.8287,17796.9,25873.874
300722.SZ,20240111,24.36,24.95,24.23,24.94,24.36,0.58,2.381,19260.69,47469.726
300723.SZ,20240111,27.36,28.12,27.04,27.97,27.35,0.62,2.2669,21979.61,60813.422
300724.SZ,20240111,69.68,71.91,69.48,71.18,70.3,0.88,1.2518,103171.5,730867.118
300725.SZ,20240111,37.99,38.15,36.28,37.01,35.94,1.07,2.9772,52946.48,195627.247
300726.SZ,20240111,27.09,27.75,27.08,27.54,27.35,0.19,0.6947,33330.34,91613.103
300727.SZ,20240111,26.98,27.59,26.92,27.56,27.0,0.56,2.0741,20498.2,55902.467
300729.SZ,20240111,19.24,19.79,18.95,19.27,19.6,-0.33,-1.6837,176339.99,340552.692
300730.SZ,20240111,12.28,12.8,12.23,12.7,12.31,0.39,3.1682,68782.85,86738.467
300731.SZ,20240111,18.48,19.24,18.48,19.15,18.54,0.61,3.2902,26253.0,49676.078
300732.SZ,20240111,8.95,9.02,8.9,8.99,8.95,0.04,0.4469,23142.13,20746.993
300733.SZ,20240111,11.15,11.44,11.14,11.41,11.15,0.26,2.3318,19206.8,21700.539
300735.SZ,20240111,19.98,20.44,19.77,20.22,19.8,0.42,2.1212,225617.84,455848.342
300736.SZ,20240111,12.46,12.69,12.39,12.6,12.41,0.19,1.531,20040.8,25210.268
300737.SZ,20240111,5.91,6.04,5.89,6.0,5.92,0.08,1.3514,66746.2,39878.716
300738.SZ,20240111,9.6,10.6,9.54,10.38,9.6,0.78,8.125,595381.06,604635.671
300739.SZ,20240111,14.13,14.48,14.05,14.39,14.14,0.25,1.768,21617.42,31013.843
300740.SZ,20240111,16.86,17.23,16.69,17.12,17.06,0.06,0.3517,104019.66,176996.391
300741.SZ,20240111,20.39,20.43,20.15,20.39,20.28,0.11,0.5424,16169.0,32817.036
300743.SZ,20240111,13.22,13.61,13.19,13.6,13.28,0.32,2.4096,18297.37,24586.77
300745.SZ,20240111,24.41,24.96,24.18,24.61,24.32,0.29,1.1924,23966.25,58979.41
300746.SZ,20240111,10.13,10.4,10.11,10.4,10.16,0.24,2.3622,24311.0,25008.763
300747.SZ,20240111,21.03,21.49,20.99,21.46,21.01,0.45,2.1418,30629.01,65280.09
300748.SZ,20240111,18.44,18.94,18.31,18.75,18.5,0.25,1.3514,69023.29,129337.454
300749.SZ,20240111,9.36,9.47,9.31,9.45,9.35,0.1,1.0695,23131.16,21765.897
300750.SZ,20240111,150.66,157.77,148.51,154.82,150.66,4.16,2.7612,328018.02,5037065.544
300751.SZ,20240111,121.66,126.69,120.46,124.62,122.8,1.82,1.4821,51786.06,638985.101
300752.SZ,20240111,16.08,16.34,15.96,16.26,16.11,0.15,0.9311,19059.14,30883.176
300753.SZ,20240111,16.75,17.09,16.62,16.92,16.74,0.18,1.0753,16001.6,27008.637
300755.SZ,20240111,18.26,18.5,17.86,18.18,18.01,0.17,0.9439,35072.68,63486.804
300756.SZ,20240111,15.77,16.22,15.77,16.19,15.86,0.33,2.0807,19850.04,31796.823
300757.SZ,20240111,68.0,71.98,67.99,71.2,68.94,2.26,3.2782,20443.0,144349.552
300758.SZ,20240111,9.66,9.88,9.56,9.82,9.63,0.19,1.973,19444.8,18895.439
300759.SZ,20240111,28.22,28.66,26.83,27.37,26.1,1.27,4.8659,308324.76,845562.955
300760.SZ,20240111,277.8,282.2,275.07,280.2,277.57,2.63,0.9475,29972.5,839842.145
300761.SZ,20240111,19.37,20.02,19.27,19.8,19.38,0.42,2.1672,24122.74,47757.418
300762.SZ,20240111,12.56,13.08,12.5,12.95,12.51,0.44,3.5172,144152.97,184514.21
300763.SZ,20240111,76.67,79.59,76.6,77.83,76.53,1.3,1.6987,193162.97,1503315.538
300766.SZ,20240111,13.48,14.25,13.48,14.21,13.52,0.69,5.1036,92301.0,129043.263
300767.SZ,20240111,16.46,17.14,16.33,16.91,16.49,0.42,2.547,42278.29,70835.274
300768.SZ,20240111,12.96,13.59,12.96,13.47,13.0,0.47,3.6154,32145.13,42806.818
300769.SZ,20240111,53.75,62.62,53.09,60.25,53.58,6.67,12.4487,233106.83,1357871.801
300770.SZ,20240111,35.6,36.5,35.5,36.34,35.45,0.89,2.5106,25136.49,90866.489
300771.SZ,20240111,10.54,10.8,10.54,10.68,10.61,0.07,0.6598,23303.9,24899.065
300772.SZ,20240111,10.37,10.66,10.3,10.6,10.39,0.21,2.0212,63563.96,66839.225
300773.SZ,20240111,14.78,15.16,14.63,15.05,14.72,0.33,2.2418,72363.91,108465.319
300774.SZ,20240111,10.02,10.21,9.95,10.18,10.02,0.16,1.5968,21285.0,21484.011
300775.SZ,20240111,26.8,27.98,26.63,27.46,26.75,0.71,2.6542,62392.0,170916.784
300776.SZ,20240111,56.92,58.45,56.65,57.52,57.29,0.23,0.4015,36175.76,207886.459
300777.SZ,20240111,26.5,27.36,26.46,27.23,26.55,0.68,2.5612,34285.5,92350.779
300778.SZ,20240111,12.98,13.52,12.96,13.41,13.01,0.4,3.0746,48976.21,65265.386
300779.SZ,20240111,47.0,47.83,46.4,47.34,46.82,0.52,1.1106,12520.17,59253.827
300780.SZ,20240111,18.21,18.73,18.2,18.66,18.3,0.36,1.9672,41318.0,76540.183
300781.SZ,20240111,39.59,40.98,39.35,40.64,39.78,0.86,2.1619,105480.2,426391.225
300782.SZ,20240111,119.7,121.95,119.0,121.07,119.73,1.34,1.1192,45588.82,551084.978
300783.SZ,20240111,19.35,19.72,18.66,19.22,19.64,-0.42,-2.1385,245331.99,468355.708
300785.SZ,20240111,19.88,20.54,19.8,20.46,19.94,0.52,2.6078,38336.5,77782.359
300786.SZ,20240111,16.84,17.27,16.65,17.21,16.8,0.41,2.4405,16179.99,27607.555
300787.SZ,20240111,15.41,15.82,15.22,15.73,15.39,0.34,2.2092,16173.41,25160.446
300788.SZ,20240111,26.41,27.28,26.4,27.26,26.41,0.85,3.2185,29334.0,79109.938
300789.SZ,20240111,21.69,22.28,21.62,22.26,21.69,0.57,2.6279,9280.78,20402.578
300790.SZ,20240111,14.24,14.58,14.2,14.5,14.21,0.29,2.0408,34251.7,49281.027
300791.SZ,20240111,33.34,34.33,33.18,34.04,33.47,0.57,1.703,5705.85,19395.292
300792.SZ,20240111,22.14,22.92,22.14,22.74,22.3,0.44,1.9731,27635.5,62654.918
300793.SZ,20240111,18.6,19.55,18.53,19.43,18.75,0.68,3.6267,136041.8,261637.48
300795.SZ,20240111,35.6,36.06,34.01,35.5,34.96,0.54,1.5446,8861.36,31560.873
300796.SZ,20240111,16.2,16.57,16.1,16.24,16.18,0.06,0.3708,44675.0,73071.877
300797.SZ,20240111,11.9,12.4,11.85,12.38,11.9,0.48,4.0336,32943.5,40157.624
300798.SZ,20240111,9.23,9.86,9.23,9.74,9.24,0.5,5.4113,204946.93,198715.249
300800.SZ,20240111,13.19,13.45,13.03,13.35,13.29,0.06,0.4515,15064.0,19928.571
300801.SZ,20240111,16.43,16.54,16.09,16.43,16.43,0.0,0.0,26033.6,42506.443
300802.SZ,20240111,17.36,17.84,17.23,17.78,17.33,0.45,2.5967,13580.9,23952.552
300803.SZ,20240111,46.73,48.73,46.73,47.82,46.71,1.11,2.3764,114740.81,548286.557
300804.SZ,20240111,30.84,31.05,30.57,31.0,30.84,0.16,0.5188,6755.87,20839.623
300805.SZ,20240111,10.42,11.69,10.31,11.25,10.45,0.8,7.6555,250784.57,280047.152
300806.SZ,20240111,12.35,12.49,12.21,12.43,12.35,0.08,0.6478,47940.6,59251.347
300807.SZ,20240111,29.73,30.6,29.7,30.49,29.75,0.74,2.4874,10704.0,32411.52
300808.SZ,20240111,15.83,15.99,15.71,15.89,15.83,0.06,0.379,18150.95,28762.983
300809.SZ,20240111,27.32,28.58,27.27,28.19,27.68,0.51,1.8425,39064.2,109747.078
300810.SZ,20240111,20.6,20.82,20.27,20.67,20.59,0.08,0.3885,22501.0,46240.352
300811.SZ,20240111,47.6,53.38,47.2,52.09,47.48,4.61,9.7094,61573.54,312180.057
300812.SZ,20240111,31.22,32.94,31.22,32.63,31.64,0.99,3.129,108379.2,350413.159
300813.SZ,20240111,23.45,24.04,23.39,23.97,23.54,0.43,1.8267,5696.28,13541.734
300814.SZ,20240111,30.01,31.11,29.8,30.99,30.01,0.98,3.2656,27269.65,83649.273
300815.SZ,20240111,14.73,14.95,14.7,14.9,14.77,0.13,0.8802,20640.32,30642.185
300816.SZ,20240111,24.92,25.57,24.87,25.43,24.96,0.47,1.883,11039.0,27861.953
300817.SZ,20240111,16.1,16.52,15.79,16.47,16.13,0.34,2.1079,40143.58,65009.233
300818.SZ,20240111,30.58,31.11,30.58,31.1,30.58,0.52,1.7005,6098.0,18844.524
300819.SZ,20240111,15.48,15.72,15.4,15.6,15.5,0.1,0.6452,17075.0,26616.817
300820.SZ,20240111,49.39,51.4,48.66,50.88,49.61,1.27,2.56,24511.19,123799.807
300821.SZ,20240111,7.84,8.08,7.76,8.0,7.84,0.16,2.0408,45060.0,35688.141
300822.SZ,20240111,13.58,14.1,13.54,14.1,13.6,0.5,3.6765,21714.75,30121.263
300823.SZ,20240111,21.3,21.35,20.92,21.29,20.99,0.3,1.4293,18010.0,38101.772
300824.SZ,20240111,9.06,9.15,8.97,9.13,9.05,0.08,0.884,14034.44,12725.831
300825.SZ,20240111,12.1,12.5,12.05,12.48,12.15,0.33,2.716,43494.63,53684.411
300826.SZ,20240111,16.39,17.18,16.39,17.18,16.47,0.71,4.3109,34685.81,58829.374
300827.SZ,20240111,28.6,29.5,28.31,29.2,28.79,0.41,1.4241,118806.47,344778.841
300828.SZ,20240111,14.6,14.74,14.36,14.73,14.49,0.24,1.6563,19175.47,27990.895
300829.SZ,20240111,20.0,20.36,19.94,20.28,20.13,0.15,0.7452,7871.6,15880.728
300830.SZ,20240111,7.53,7.95,7.49,7.91,7.52,0.39,5.1862,108319.0,84424.031
300831.SZ,20240111,11.39,11.64,11.36,11.58,11.4,0.18,1.5789,23615.0,27238.799
300832.SZ,20240111,73.01,74.13,72.35,73.08,72.99,0.09,0.1233,18657.48,136374.452
300833.SZ,20240111,102.65,110.0,99.6,105.93,102.65,3.28,3.1953,8418.67,88353.995
300834.SZ,20240111,21.1,21.27,20.9,21.11,21.05,0.06,0.285,5453.8,11500.208
300835.SZ,20240111,26.63,27.64,26.58,27.53,26.65,0.88,3.3021,22097.2,60159.104
300836.SZ,20240111,27.3,27.96,26.87,27.77,27.36,0.41,1.4985,9688.5,26733.102
300837.SZ,20240111,29.65,29.89,29.35,29.67,29.61,0.06,0.2026,7725.64,22881.993
300838.SZ,20240111,15.82,16.08,15.71,16.08,15.81,0.27,1.7078,10876.0,17291.261
300839.SZ,20240111,10.15,10.27,10.07,10.2,10.18,0.02,0.1965,17361.07,17655.779
300840.SZ,20240111,18.02,18.02,17.36,17.94,17.99,-0.05,-0.2779,48846.0,86586.067
300841.SZ,20240111,67.43,68.53,66.72,67.91,67.6,0.31,0.4586,11632.34,78610.019
300842.SZ,20240111,76.6,79.88,76.3,78.0,78.3,-0.3,-0.3831,79225.48,617226.386
300843.SZ,20240111,21.46,21.92,21.31,21.85,21.53,0.32,1.4863,9543.0,20677.547
300844.SZ,20240111,33.17,34.48,32.86,34.2,32.86,1.34,4.0779,13568.86,46001.715
300845.SZ,20240111,17.23,17.97,17.23,17.88,17.23,0.65,3.7725,28998.4,51319.688
300846.SZ,20240111,13.15,13.68,13.15,13.61,13.06,0.55,4.2113,142150.0,192261.634
300847.SZ,20240111,15.0,15.66,14.98,15.62,15.1,0.52,3.4437,42951.0,66160.817
300848.SZ,20240111,17.7,18.01,17.52,17.73,17.64,0.09,0.5102,11697.75,20805.07
300849.SZ,20240111,13.11,13.3,13.03,13.24,13.12,0.12,0.9146,25397.5,33378.841
300850.SZ,20240111,28.99,30.3,28.66,30.1,28.93,1.17,4.0442,62505.25,185455.419
300851.SZ,20240111,29.83,29.93,29.28,29.66,29.87,-0.21,-0.703,9760.59,28902.128
300852.SZ,20240111,35.18,36.26,35.05,36.02,35.28,0.74,2.0975,7890.8,28247.456
300853.SZ,20240111,27.3,28.19,26.68,28.16,28.01,0.15,0.5355,66676.47,182773.426
300854.SZ,20240111,17.4,17.75,17.4,17.75,17.4,0.35,2.0115,13947.0,24588.386
300855.SZ,20240111,26.5,26.57,25.78,26.32,26.48,-0.16,-0.6042,25150.42,65709.209
300856.SZ,20240111,66.0,72.58,65.2,71.15,65.99,5.16,7.8194,42963.68,300694.144
300857.SZ,20240111,45.9,48.35,45.41,47.83,45.99,1.84,4.0009,56187.49,265887.931
300858.SZ,20240111,18.64,18.83,18.45,18.74,18.48,0.26,1.4069,5240.0,9801.181
300859.SZ,20240111,27.49,28.27,27.22,28.11,27.21,0.9,3.3076,45244.0,125888.542
300860.SZ,20240111,51.91,52.44,50.1,50.79,52.07,-1.28,-2.4582,13215.92,67213.653
300861.SZ,20240111,31.43,32.45,31.34,32.38,31.59,0.79,2.5008,44990.0,144354.024
300862.SZ,20240111,40.09,43.0,39.34,42.23,39.8,2.43,6.1055,39013.64,162082.834
300863.SZ,20240111,45.88,46.98,45.68,46.81,47.89,-1.08,-2.2552,18463.82,85444.965
300864.SZ,20240111,21.54,21.9,21.32,21.77,21.42,0.35,1.634,8665.62,18752.138
300865.SZ,20240111,22.11,22.38,21.91,22.35,22.0,0.35,1.5909,6481.0,14378.99
300866.SZ,20240111,79.47,81.5,79.21,80.37,79.91,0.46,0.5756,13287.36,106804.544
300867.SZ,20240111,15.42,15.64,15.33,15.56,15.41,0.15,0.9734,16192.0,25104.392
300868.SZ,20240111,20.18,20.82,20.18,20.82,20.19,0.63,3.1204,10720.0,22058.305
300869.SZ,20240111,19.47,19.85,19.45,19.73,19.53,0.2,1.0241,19075.48,37477.589
300870.SZ,20240111,40.44,41.6,40.01,41.43,40.56,0.87,2.145,9178.18,37635.422
300871.SZ,20240111,14.04,14.25,14.01,14.23,14.09,0.14,0.9936,11101.0,15701.653
300872.SZ,20240111,13.14,13.51,13.07,13.44,13.15,0.29,2.2053,39781.0,53028.027
300873.SZ,20240111,21.39,21.89,20.93,21.7,21.45,0.25,1.1655,25961.57,55774.114
300875.SZ,20240111,31.0,32.41,31.0,32.35,31.18,1.17,3.7524,56847.1,180929.415
300876.SZ,20240111,24.5,24.93,24.37,24.85,24.55,0.3,1.222,4254.8,10502.654
300877.SZ,20240111,17.4,17.63,17.35,17.63,17.4,0.23,1.3218,8475.37,14830.988
300878.SZ,20240111,24.05,24.7,24.03,24.64,24.06,0.58,2.4106,11729.0,28646.878
300879.SZ,20240111,16.64,16.8,16.41,16.71,16.52,0.19,1.1501,11769.0,19529.662
300880.SZ,20240111,18.37,18.71,18.22,18.64,18.38,0.26,1.4146,18459.56,34112.055
300881.SZ,20240111,24.79,25.04,24.59,24.9,24.8,0.1,0.4032,8813.0,21885.645
300882.SZ,20240111,22.82,22.9,20.99,22.79,23.35,-0.56,-2.3983,58693.26,131274.681
300883.SZ,20240111,6.99,7.04,6.9,7.03,7.02,0.01,0.1425,64398.92,44860.723
300884.SZ,20240111,12.44,14.48,12.4,13.42,12.44,0.98,7.8778,232999.13,312153.255
300885.SZ,20240111,10.1,10.34,10.07,10.32,10.11,0.21,2.0772,29200.87,29868.78
300886.SZ,20240111,24.55,24.85,24.35,24.57,24.65,-0.08,-0.3245,4971.6,12213.397
300887.SZ,20240111,10.87,10.99,10.72,10.8,10.88,-0.08,-0.7353,101852.03,110348.246
300888.SZ,20240111,37.15,37.8,36.88,37.54,37.18,0.36,0.9683,15760.4,58910.248
300889.SZ,20240111,16.0,16.37,16.0,16.35,16.06,0.29,1.8057,19035.0,30984.242
300890.SZ,20240111,32.18,33.75,31.95,33.31,32.13,1.18,3.6726,26451.4,87037.586
300891.SZ,20240111,9.65,9.74,9.53,9.73,9.61,0.12,1.2487,19252.62,18570.833
300892.SZ,20240111,24.3,24.43,23.86,24.19,24.53,-0.34,-1.3861,28547.88,68883.743
300893.SZ,20240111,27.31,28.49,26.91,28.3,27.23,1.07,3.9295,10844.27,30271.107
300894.SZ,20240111,15.75,16.03,15.62,16.0,15.77,0.23,1.4585,30861.0,48985.534
300895.SZ,20240111,29.5,31.59,29.04,31.49,29.52,1.97,6.6734,40848.3,125706.929
300896.SZ,20240111,314.02,320.5,308.35,320.5,315.41,5.09,1.6138,49174.96,1550885.93
300897.SZ,20240111,32.76,33.11,32.62,33.04,32.76,0.28,0.8547,6175.0,20326.945
300898.SZ,20240111,24.28,24.37,23.78,24.24,24.64,-0.4,-1.6234,62428.6,150155.922
300899.SZ,20240111,27.47,28.8,27.02,27.91,27.23,0.68,2.4972,14326.0,39938.952
300900.SZ,20240111,23.48,23.77,23.16,23.72,23.54,0.18,0.7647,27504.67,64557.161
300901.SZ,20240111,10.12,10.26,10.05,10.21,10.13,0.08,0.7897,18998.0,19317.127
300902.SZ,20240111,32.49,33.2,32.16,33.03,32.62,0.41,1.2569,14222.04,46406.086
300903.SZ,20240111,9.15,9.42,9.11,9.39,9.14,0.25,2.7352,48737.0,45356.916
300904.SZ,20240111,57.82,59.66,57.0,59.59,57.35,2.24,3.9058,16192.68,95179.855
300905.SZ,20240111,17.2,17.49,17.0,17.44,17.22,0.22,1.2776,25278.07,43804.018
300906.SZ,20240111,24.48,24.67,24.25,24.67,24.36,0.31,1.2726,5650.74,13824.173
300907.SZ,20240111,22.03,22.06,21.7,21.93,21.79,0.14,0.6425,8570.0,18757.683
300908.SZ,20240111,40.88,42.08,40.5,41.72,40.78,0.94,2.3051,6127.0,25416.377
300909.SZ,20240111,27.27,28.12,27.16,27.9,27.42,0.48,1.7505,22560.0,62488.19
300910.SZ,20240111,42.84,42.98,41.6,42.58,42.42,0.16,0.3772,25776.99,108950.544
300911.SZ,20240111,34.4,35.18,34.0,35.15,34.49,0.66,1.9136,11454.0,39720.948
300912.SZ,20240111,17.25,17.6,16.98,17.49,17.12,0.37,2.1612,14875.04,25801.428
300913.SZ,20240111,26.47,27.38,26.08,27.33,26.6,0.73,2.7444,32035.1,86935.224
300915.SZ,20240111,32.22,32.59,31.84,32.36,32.31,0.05,0.1548,6533.09,21062.506
300916.SZ,20240111,23.8,24.39,23.67,24.25,23.8,0.45,1.8908,13416.51,32345.813
300917.SZ,20240111,24.0,24.86,23.81,24.73,23.98,0.75,3.1276,39643.16,97240.166
300918.SZ,20240111,10.2,10.35,10.14,10.33,10.18,0.15,1.4735,19670.63,20162.384
300919.SZ,20240111,46.59,48.32,46.33,47.85,46.32,1.53,3.3031,33587.12,159424.277
300920.SZ,20240111,20.88,20.88,20.31,20.37,20.49,-0.12,-0.5857,12151.0,24988.253
300921.SZ,20240111,22.8,23.5,22.5,23.39,22.59,0.8,3.5414,17590.76,40916.162
300922.SZ,20240111,16.33,16.64,16.22,16.6,16.29,0.31,1.903,17848.02,29343.049
300923.SZ,20240111,24.01,24.19,23.75,24.03,23.94,0.09,0.3759,5005.0,12020.577
300925.SZ,20240111,11.41,12.06,11.3,12.05,11.35,0.7,6.1674,277320.44,327725.864
300926.SZ,20240111,27.47,28.49,27.3,28.45,27.58,0.87,3.1545,27262.7,76932.275
300927.SZ,20240111,16.41,16.66,16.38,16.6,16.49,0.11,0.6671,11300.8,18687.388
300928.SZ,20240111,47.0,47.75,46.54,47.46,46.79,0.67,1.4319,10066.0,47617.448
300929.SZ,20240111,12.34,12.4,12.17,12.38,12.27,0.11,0.8965,16545.2,20390.289
300930.SZ,20240111,22.7,23.12,22.47,23.02,22.68,0.34,1.4991,7051.0,16045.466
300931.SZ,20240111,8.27,8.4,8.2,8.26,8.27,-0.01,-0.1209,29971.0,24769.476
300932.SZ,20240111,15.77,15.99,15.63,15.95,15.76,0.19,1.2056,13700.1,21655.58
300933.SZ,20240111,8.82,8.85,8.66,8.78,8.76,0.02,0.2283,66372.37,58124.301
300935.SZ,20240111,26.1,27.04,26.1,26.91,26.1,0.81,3.1034,8227.4,21927.915
300936.SZ,20240111,37.9,38.93,37.41,38.72,37.68,1.04,2.7601,13077.0,50244.299
300937.SZ,20240111,30.1,30.6,30.05,30.5,30.15,0.35,1.1609,8560.96,25958.29
300938.SZ,20240111,33.23,34.13,32.5,33.93,33.34,0.59,1.7696,12946.5,43209.123
300939.SZ,20240111,33.12,34.09,33.02,33.86,33.07,0.79,2.3889,21788.08,73257.968
300940.SZ,20240111,17.85,18.24,17.4,18.18,17.72,0.46,2.5959,17246.2,31057.941
300941.SZ,20240111,22.98,27.66,22.86,27.66,23.05,4.61,20.0,234740.47,618185.938
300942.SZ,20240111,11.24,11.42,11.13,11.39,11.17,0.22,1.9696,15022.0,16962.425
300943.SZ,20240111,13.72,13.96,13.66,13.92,13.77,0.15,1.0893,15951.0,22022.191
300945.SZ,20240111,13.35,13.58,13.24,13.55,13.44,0.11,0.8185,19101.76,25676.069
300946.SZ,20240111,30.07,30.85,30.03,30.75,30.07,0.68,2.2614,5632.19,17169.263
300947.SZ,20240111,15.47,15.8,15.46,15.8,15.48,0.32,2.0672,16526.35,25832.553
300948.SZ,20240111,14.44,14.9,14.44,14.81,14.42,0.39,2.7046,24418.42,35888.328
300949.SZ,20240111,50.98,53.2,50.95,53.03,50.52,2.51,4.9683,23490.64,122817.131
300950.SZ,20240111,15.54,15.83,15.45,15.83,15.54,0.29,1.8662,11403.87,17845.917
300951.SZ,20240111,54.17,55.85,53.03,55.2,55.51,-0.31,-0.5585,22918.36,125755.869
300952.SZ,20240111,21.7,21.7,20.41,21.16,20.82,0.34,1.633,17653.0,37029.801
300953.SZ,20240111,49.73,51.78,49.66,51.51,49.91,1.6,3.2058,8891.96,45201.18
300955.SZ,20240111,22.41,22.53,21.6,22.33,23.0,-0.67,-2.913,29725.42,65888.467
300956.SZ,20240111,17.34,18.14,17.1,17.97,17.5,0.47,2.6857,110136.38,195000.318
300957.SZ,20240111,68.12,70.15,67.49,69.61,68.48,1.13,1.6501,64049.11,440600.584
300958.SZ,20240111,17.1,17.59,17.08,17.59,17.1,0.49,2.8655,18301.3,31803.517
300959.SZ,20240111,33.2,34.2,33.2,34.06,33.15,0.91,2.7451,7862.0,26538.136
300960.SZ,20240111,21.65,22.03,21.56,21.96,21.65,0.31,1.4319,8693.0,18958.902
300961.SZ,20240111,11.12,12.12,11.12,11.85,11.1,0.75,6.7568,106994.38,125015.543
300962.SZ,20240111,14.81,14.97,14.72,14.89,14.82,0.07,0.4723,10602.0,15758.886
300963.SZ,20240111,12.98,13.22,12.92,13.15,12.98,0.17,1.3097,20250.65,26485.67
300964.SZ,20240111,36.0,37.16,35.8,37.02,36.04,0.98,2.7192,9521.15,34953.045
300965.SZ,20240111,50.66,51.27,50.18,51.04,50.8,0.24,0.4724,3366.88,17071.949
300966.SZ,20240111,23.07,23.26,21.87,22.73,23.29,-0.56,-2.4045,62546.28,139438.366
300967.SZ,20240111,13.72,14.24,13.7,14.05,13.86,0.19,1.3709,16253.0,22810.933
300968.SZ,20240111,10.48,12.71,10.41,12.71,10.59,2.12,20.0189,400556.86,472223.806
300969.SZ,20240111,84.96,87.14,84.11,86.7,85.36,1.34,1.5698,6632.0,57214.773
300970.SZ,20240111,16.81,17.09,16.78,17.03,16.84,0.19,1.1283,8891.89,15106.557
300971.SZ,20240111,23.68,24.15,23.41,24.09,23.57,0.52,2.2062,16171.0,38492.077
300972.SZ,20240111,35.15,35.45,34.5,34.9,35.15,-0.25,-0.7112,6809.37,23857.27
300973.SZ,20240111,45.81,46.08,45.34,45.99,45.81,0.18,0.3929,13387.0,61231.331
300975.SZ,20240111,8.13,9.28,8.12,8.92,7.85,1.07,13.6306,715480.01,617469.191
300976.SZ,20240111,46.4,47.4,46.24,47.2,46.35,0.85,1.8339,6653.89,31277.842
300977.SZ,20240111,18.16,18.8,18.12,18.64,18.16,0.48,2.6432,19345.84,35828.479
300978.SZ,20240111,12.79,13.12,12.67,13.1,12.71,0.39,3.0685,42231.08,54735.335
300979.SZ,20240111,52.07,52.79,51.27,52.24,52.22,0.02,0.0383,9719.38,50329.299
300980.SZ,20240111,22.54,22.54,22.08,22.26,22.13,0.13,0.5874,8658.0,19295.747
300981.SZ,20240111,15.11,15.32,14.99,15.23,15.03,0.2,1.3307,17193.53,26064.704
300982.SZ,20240111,29.78,30.65,29.67,30.32,29.95,0.37,1.2354,32164.4,96981.649
300983.SZ,20240111,29.83,30.09,29.6,29.98,29.83,0.15,0.5028,4310.8,12873.844
300984.SZ,20240111,27.71,28.18,27.24,27.63,27.8,-0.17,-0.6115,15905.17,43867.123
300985.SZ,20240111,34.28,35.1,34.11,35.01,34.28,0.73,2.1295,10524.27,36569.796
300986.SZ,20240111,11.88,12.34,11.86,12.33,11.96,0.37,3.0936,29214.48,35381.727
300987.SZ,20240111,16.82,17.5,16.82,17.4,16.91,0.49,2.8977,23704.09,41025.053
300988.SZ,20240111,19.8,20.24,19.77,20.16,19.97,0.19,0.9514,18591.93,37242.106
300989.SZ,20240111,19.49,20.55,19.49,20.22,19.57,0.65,3.3214,94962.41,190371.635
300990.SZ,20240111,40.02,41.33,39.78,41.23,40.11,1.12,2.7923,10778.4,43794.375
300991.SZ,20240111,16.26,16.84,16.26,16.82,16.24,0.58,3.5714,19667.36,32742.604
300992.SZ,20240111,21.54,21.54,21.09,21.33,21.27,0.06,0.2821,11684.0,24871.701
300993.SZ,20240111,11.02,11.46,11.01,11.19,11.11,0.08,0.7201,78748.92,88198.617
300994.SZ,20240111,14.14,14.37,13.97,14.24,14.07,0.17,1.2082,11826.0,16799.172
300995.SZ,20240111,21.07,21.73,21.0,21.63,21.1,0.53,2.5118,8474.0,18077.483
300996.SZ,20240111,20.29,20.83,20.2,20.75,20.26,0.49,2.4186,24527.12,50507.362
300997.SZ,20240111,13.7,13.81,13.4,13.75,13.6,0.15,1.1029,17302.0,23610.109
300998.SZ,20240111,23.48,23.7,23.2,23.67,23.43,0.24,1.0243,10092.04,23710.809
300999.SZ,20240111,31.43,32.0,31.43,31.82,31.59,0.23,0.7281,51895.81,164601.607
301000.SZ,20240111,19.06,19.77,18.98,19.62,19.12,0.5,2.6151,27438.86,53242.879
301001.SZ,20240111,25.0,25.7,25.0,25.56,25.15,0.41,1.6302,11192.0,28545.996
301002.SZ,20240111,20.52,20.94,20.32,20.85,20.48,0.37,1.8066,14124.31,29196.957
301003.SZ,20240111,24.68,24.89,24.27,24.79,24.56,0.23,0.9365,7850.5,19373.675
301004.SZ,20240111,47.82,50.2,47.16,50.18,47.81,2.37,4.9571,14657.99,72516.413
301005.SZ,20240111,29.5,29.89,29.14,29.8,29.38,0.42,1.4295,6422.4,18989.758
301006.SZ,20240111,17.22,17.6,17.17,17.59,17.24,0.35,2.0302,6625.0,11529.703
301007.SZ,20240111,15.77,16.29,15.72,16.26,15.78,0.48,3.0418,43920.99,70626.017
301008.SZ,20240111,29.29,29.7,29.06,29.6,29.35,0.25,0.8518,7850.0,23064.924
301009.SZ,20240111,10.61,10.75,10.49,10.65,10.61,0.04,0.377,21241.21,22515.142
301010.SZ,20240111,18.2,18.39,18.08,18.29,18.17,0.12,0.6604,12589.9,23011.51
301011.SZ,20240111,21.49,21.99,21.3,21.96,21.6,0.36,1.6667,24783.02,54067.003
301012.SZ,20240111,20.7,21.36,20.63,21.27,20.72,0.55,2.6544,11226.5,23714.024
301013.SZ,20240111,13.17,13.97,13.11,13.9,13.19,0.71,5.3829,80709.5,109857.702
301015.SZ,20240111,33.4,34.2,33.31,33.48,33.51,-0.03,-0.0895,17945.0,60396.021
301016.SZ,20240111,20.88,21.13,20.63,21.07,20.86,0.21,1.0067,8416.08,17585.39
301017.SZ,20240111,19.59,19.59,19.05,19.32,19.51,-0.19,-0.9739,12483.27,24032.412
301018.SZ,20240111,23.3,24.25,23.3,24.13,23.58,0.55,2.3325,25332.82,60704.739
301019.SZ,20240111,23.17,23.74,22.89,23.63,23.01,0.62,2.6945,10240.5,23973.57
301020.SZ,20240111,20.47,20.69,20.13,20.43,20.23,0.2,0.9886,12364.0,25151.752
301021.SZ,20240111,23.76,24.17,23.63,24.06,23.76,0.3,1.2626,20988.0,50321.787
301022.SZ,20240111,25.7,26.3,25.57,26.28,25.77,0.51,1.979,7945.2,20661.081
301023.SZ,20240111,40.22,41.05,39.85,40.96,40.38,0.58,1.4364,6735.0,27316.898
301024.SZ,20240111,29.88,30.15,29.66,30.13,29.66,0.47,1.5846,4342.0,13001.243
301025.SZ,20240111,10.51,10.97,10.51,10.96,10.55,0.41,3.8863,41763.72,45149.169
301026.SZ,20240111,28.06,29.16,27.9,29.03,28.2,0.83,2.9433,15771.59,45241.274
301027.SZ,20240111,12.48,12.61,12.39,12.58,12.44,0.14,1.1254,12882.0,16130.44
301028.SZ,20240111,11.58,11.84,11.43,11.76,11.64,0.12,1.0309,54397.85,63493.621
301029.SZ,20240111,23.19,24.0,23.19,23.71,23.14,0.57,2.4633,64026.29,151009.282
301030.SZ,20240111,38.45,40.6,38.33,39.68,38.65,1.03,2.6649,74156.72,295664.259
301031.SZ,20240111,120.41,127.48,118.08,124.94,119.42,5.52,4.6223,5546.0,68742.19
301032.SZ,20240111,9.78,10.02,9.78,9.96,9.79,0.17,1.7365,48960.0,48446.063
301033.SZ,20240111,41.87,42.3,41.44,41.99,41.9,0.09,0.2148,3333.0,13959.051
301035.SZ,20240111,67.8,68.01,66.39,67.13,67.45,-0.32,-0.4744,4847.0,32434.609
301036.SZ,20240111,21.47,21.65,21.13,21.57,21.33,0.24,1.1252,13120.33,28105.069
301037.SZ,20240111,19.9,20.0,19.67,19.92,19.9,0.02,0.1005,7683.0,15255.107
301038.SZ,20240111,18.32,18.75,18.17,18.72,18.17,0.55,3.027,23970.57,44580.139
301039.SZ,20240111,8.89,9.33,8.86,9.27,8.9,0.37,4.1573,165559.98,151459.551
301040.SZ,20240111,18.45,18.64,18.26,18.55,18.33,0.22,1.2002,9594.0,17713.237
301041.SZ,20240111,24.78,25.56,24.6,25.42,24.72,0.7,2.8317,15584.16,39323.533
301042.SZ,20240111,36.68,37.55,36.68,37.46,36.71,0.75,2.043,5961.0,22202.135
301043.SZ,20240111,32.08,32.63,31.95,32.55,32.08,0.47,1.4651,5624.0,18196.308
301045.SZ,20240111,24.92,25.97,24.61,25.81,24.8,1.01,4.0726,19484.18,49640.317
301046.SZ,20240111,26.0,26.57,25.8,26.49,26.19,0.3,1.1455,19987.0,52483.6
301047.SZ,20240111,78.41,79.56,78.08,79.4,78.05,1.35,1.7297,3053.68,24118.156
301048.SZ,20240111,10.0,10.2,9.95,10.19,10.03,0.16,1.5952,23547.0,23752.261
301049.SZ,20240111,23.12,23.31,22.86,23.28,23.0,0.28,1.2174,4931.0,11398.632
301050.SZ,20240111,53.57,55.1,53.5,54.79,53.99,0.8,1.4818,14195.57,77345.982
301051.SZ,20240111,58.94,60.5,57.61,60.05,58.2,1.85,3.1787,8980.97,53377.608
301052.SZ,20240111,41.6,43.88,41.6,43.61,41.45,2.16,5.2111,42071.28,181755.913
301053.SZ,20240111,26.77,27.08,26.49,27.06,26.62,0.44,1.6529,9253.0,24755.768
301055.SZ,20240111,14.54,14.68,14.37,14.4,14.45,-0.05,-0.346,12033.0,17391.677
301056.SZ,20240111,10.03,10.16,9.98,10.09,10.02,0.07,0.6986,22716.0,22862.139
301057.SZ,20240111,16.79,17.0,16.7,16.88,16.75,0.13,0.7761,10480.0,17596.307
301058.SZ,20240111,9.59,9.77,9.59,9.75,9.65,0.1,1.0363,39941.29,38735.963
301059.SZ,20240111,11.56,11.76,11.45,11.7,11.5,0.2,1.7391,10044.88,11655.635
301060.SZ,20240111,12.46,12.93,12.46,12.7,12.43,0.27,2.1722,28963.08,36678.496
301061.SZ,20240111,53.16,54.46,52.69,53.3,53.19,0.11,0.2068,12240.4,65311.343
301062.SZ,20240111,10.2,10.49,10.1,10.46,10.3,0.16,1.5534,17261.0,17922.017
301063.SZ,20240111,21.97,22.36,21.83,22.27,21.91,0.36,1.6431,9818.89,21652.081
301065.SZ,20240111,21.99,22.37,21.92,22.34,22.05,0.29,1.3152,8610.5,19058.017
301066.SZ,20240111,12.64,12.91,12.6,12.87,12.69,0.18,1.4184,13564.1,17321.175
301067.SZ,20240111,28.37,30.55,28.01,30.27,28.4,1.87,6.5845,39287.75,116862.492
301068.SZ,20240111,28.32,28.87,28.05,28.84,28.16,0.68,2.4148,2824.65,8064.452
301069.SZ,20240111,18.53,19.12,18.43,19.07,18.54,0.53,2.8587,35620.39,67119.203
301070.SZ,20240111,39.21,39.78,38.59,39.48,38.87,0.61,1.5693,12333.0,48280.74
301071.SZ,20240111,30.06,31.36,29.91,31.1,30.29,0.81,2.6741,38843.81,119810.372
301072.SZ,20240111,23.87,24.54,23.82,24.53,24.0,0.53,2.2083,9776.0,23743.243
301073.SZ,20240111,24.01,25.39,24.01,24.52,24.28,0.24,0.9885,81357.68,200138.148
301075.SZ,20240111,25.89,26.33,25.7,26.29,25.89,0.4,1.545,6945.0,18142.386
301076.SZ,20240111,27.6,28.6,27.46,28.44,27.63,0.81,2.9316,95434.54,267151.277
301077.SZ,20240111,20.14,20.31,19.88,20.23,20.1,0.13,0.6468,7137.0,14358.631
301078.SZ,20240111,8.1,8.15,7.97,8.15,8.22,-0.07,-0.8516,189432.12,152654.057
301079.SZ,20240111,16.72,17.15,16.66,17.0,16.72,0.28,1.6746,7724.3,13005.08
301080.SZ,20240111,53.2,54.05,52.99,53.75,52.68,1.07,2.0311,9789.67,52381.098
301081.SZ,20240111,10.91,11.04,10.83,11.02,10.87,0.15,1.3799,16531.2,18103.904
301082.SZ,20240111,17.7,18.06,17.55,18.0,17.55,0.45,2.5641,13969.0,24886.662
301083.SZ,20240111,18.04,19.43,17.61,19.26,18.6,0.66,3.5484,239461.12,444646.55
301085.SZ,20240111,51.92,54.12,51.68,53.94,51.91,2.03,3.9106,18836.64,100672.326
301086.SZ,20240111,41.78,43.14,41.78,42.91,41.7,1.21,2.9017,4314.0,18374.626
301087.SZ,20240111,34.56,35.17,34.25,34.92,34.41,0.51,1.4821,8848.92,30698.177
301088.SZ,20240111,15.25,15.41,15.21,15.37,15.25,0.12,0.7869,11904.19,18233.248
301089.SZ,20240111,51.18,52.75,51.18,52.73,51.45,1.28,2.4879,32189.62,168138.487
301090.SZ,20240111,10.31,10.52,10.3,10.45,10.32,0.13,1.2597,17408.0,18160.889
301091.SZ,20240111,21.22,24.22,21.22,24.0,21.14,2.86,13.5289,157671.31,363213.403
301092.SZ,20240111,25.23,26.01,25.23,25.92,25.3,0.62,2.4506,7459.0,19164.958
301093.SZ,20240111,29.62,30.16,29.47,29.93,29.62,0.31,1.0466,7806.0,23354.886
301095.SZ,20240111,65.7,70.25,65.44,69.54,66.13,3.41,5.1565,28940.95,198619.418
301096.SZ,20240111,68.22,69.43,67.12,69.03,67.0,2.03,3.0299,31879.54,219019.009
301097.SZ,20240111,47.54,48.57,46.86,48.14,47.54,0.6,1.2621,3663.0,17519.936
301098.SZ,20240111,11.72,11.91,11.72,11.91,11.76,0.15,1.2755,14917.5,17641.481
301099.SZ,20240111,45.36,47.2,45.36,46.86,45.51,1.35,2.9664,6884.23,32002.896
301100.SZ,20240111,18.66,19.32,18.62,19.22,18.65,0.57,3.0563,16690.5,31741.982
301101.SZ,20240111,36.44,36.46,35.63,36.26,36.18,0.08,0.2211,6223.5,22461.905
301102.SZ,20240111,17.7,18.28,17.7,18.26,17.74,0.52,2.9312,12914.35,23377.323
301103.SZ,20240111,28.44,29.14,28.41,29.02,28.55,0.47,1.6462,8824.95,25421.188
301105.SZ,20240111,37.0,37.58,36.7,37.52,37.03,0.49,1.3233,2518.0,9385.379
301106.SZ,20240111,38.69,40.2,38.69,40.11,38.69,1.42,3.6702,11541.0,45701.228
301107.SZ,20240111,30.29,30.89,30.12,30.82,30.27,0.55,1.817,5910.0,18035.749
301108.SZ,20240111,34.85,34.99,34.43,34.87,34.83,0.04,0.1148,2074.0,7205.332
301109.SZ,20240111,15.77,15.82,15.55,15.75,15.68,0.07,0.4464,7897.45,12422.763
301110.SZ,20240111,38.6,40.38,38.11,40.07,38.61,1.46,3.7814,9054.02,35867.421
301111.SZ,20240111,22.64,23.27,22.64,23.09,22.67,0.42,1.8527,42504.88,97798.251
301112.SZ,20240111,28.69,29.67,28.31,29.41,28.9,0.51,1.7647,20510.1,59539.303
301113.SZ,20240111,32.5,32.71,31.22,32.0,33.2,-1.2,-3.6145,26148.52,82733.381
301115.SZ,20240111,17.45,17.83,17.45,17.81,17.45,0.36,2.063,5818.72,10279.48
301116.SZ,20240111,12.5,12.75,12.36,12.64,12.54,0.1,0.7974,44141.9,55625.126
301117.SZ,20240111,46.83,48.59,46.1,47.74,46.25,1.49,3.2216,20443.0,97244.869
301118.SZ,20240111,22.58,23.02,22.4,22.98,22.72,0.26,1.1444,14057.0,31966.862
301119.SZ,20240111,24.95,25.52,24.9,25.51,24.93,0.58,2.3265,8167.09,20667.252
301120.SZ,20240111,10.98,11.25,10.95,11.22,11.02,0.2,1.8149,24993.5,27805.714
301121.SZ,20240111,38.7,40.48,38.35,40.19,38.94,1.25,3.2101,8533.62,33811.923
301122.SZ,20240111,32.33,32.8,31.7,32.5,32.72,-0.22,-0.6724,12474.88,40200.591
301123.SZ,20240111,21.11,21.68,21.02,21.55,21.11,0.44,2.0843,9958.91,21332.044
301125.SZ,20240111,18.15,18.5,18.05,18.5,18.15,0.35,1.9284,12449.4,22787.158
301126.SZ,20240111,12.76,13.14,12.55,13.07,12.77,0.3,2.3493,76190.16,97934.277
301127.SZ,20240111,10.83,10.99,10.81,10.96,10.9,0.06,0.5505,27286.01,29755.426
301128.SZ,20240111,42.0,42.9,41.5,42.81,41.78,1.03,2.4653,9931.0,42133.365
301129.SZ,20240111,24.58,25.14,24.4,25.03,24.49,0.54,2.205,6381.6,15806.721
301130.SZ,20240111,27.32,27.55,27.12,27.55,27.17,0.38,1.3986,5327.0,14581.509
301131.SZ,20240111,43.51,46.09,43.51,45.51,43.7,1.81,4.1419,22301.2,100638.012
301132.SZ,20240111,26.5,27.0,26.16,26.95,26.5,0.45,1.6981,15082.0,40259.684
301133.SZ,20240111,26.26,27.15,26.15,27.0,26.1,0.9,3.4483,18925.96,50737.522
301135.SZ,20240111,23.75,24.47,23.21,24.31,23.8,0.51,2.1429,26035.42,62051.0
301136.SZ,20240111,12.08,12.31,12.05,12.29,12.08,0.21,1.7384,14943.35,18250.402
301137.SZ,20240111,17.2,17.75,17.05,17.68,17.28,0.4,2.3148,15952.36,27935.587
301138.SZ,20240111,27.76,28.1,27.45,27.85,27.75,0.1,0.3604,7262.11,20178.442
301139.SZ,20240111,30.9,31.99,30.75,31.8,30.94,0.86,2.7796,16161.45,51146.533
301141.SZ,20240111,42.68,43.8,42.38,43.64,42.55,1.09,2.5617,12353.79,53430.679
301148.SZ,20240111,21.85,21.98,21.41,21.94,21.53,0.41,1.9043,7708.0,16741.114
301149.SZ,20240111,12.26,12.49,12.25,12.46,12.32,0.14,1.1364,31070.48,38546.338
301150.SZ,20240111,30.93,31.7,30.61,31.7,30.93,0.77,2.4895,10962.89,34184.144
301151.SZ,20240111,18.41,19.02,18.36,18.98,18.42,0.56,3.0402,28588.86,53832.797
301152.SZ,20240111,35.6,38.8,35.0,37.76,35.82,1.94,5.416,99676.36,367476.908
301153.SZ,20240111,69.22,72.78,69.22,71.88,69.47,2.41,3.4691,15912.24,113865.266
301155.SZ,20240111,50.05,52.2,50.04,51.56,50.33,1.23,2.4439,20805.39,106431.182
301156.SZ,20240111,18.91,19.14,18.75,19.07,18.9,0.17,0.8995,7804.0,14817.277
301157.SZ,20240111,41.07,42.88,40.69,42.38,40.98,1.4,3.4163,4881.16,20447.022
301158.SZ,20240111,15.69,15.88,15.62,15.86,15.69,0.17,1.0835,11140.0,17599.522
301159.SZ,20240111,44.72,47.7,44.55,47.15,44.72,2.43,5.4338,29624.49,137798.764
301160.SZ,20240111,38.77,39.5,38.64,39.26,38.77,0.49,1.2639,9103.0,35563.285
301161.SZ,20240111,19.8,20.29,19.8,20.21,19.9,0.31,1.5578,9324.0,18739.802
301162.SZ,20240111,46.82,48.85,46.53,47.63,46.82,0.81,1.73,13882.6,66286.134
301163.SZ,20240111,26.07,26.5,25.95,26.44,26.07,0.37,1.4193,5915.25,15536.513
301165.SZ,20240111,34.73,35.78,34.62,35.64,34.6,1.04,3.0058,18781.63,66337.614
301166.SZ,20240111,36.66,37.62,36.66,37.4,36.66,0.74,2.0185,3763.0,14010.514
301167.SZ,20240111,17.04,17.17,16.96,17.09,17.03,0.06,0.3523,10637.8,18157.391
301168.SZ,20240111,43.8,46.04,43.5,45.45,44.8,0.65,1.4509,69052.61,310123.429
301169.SZ,20240111,45.76,49.75,45.69,49.25,45.97,3.28,7.1351,36208.66,174047.805
301170.SZ,20240111,29.2,29.6,28.75,29.51,28.9,0.61,2.1107,9809.89,28699.294
301171.SZ,20240111,17.34,18.33,17.29,18.16,17.5,0.66,3.7714,84372.91,151699.877
301172.SZ,20240111,39.97,43.8,39.73,43.75,40.68,3.07,7.5467,81807.42,347410.759
301175.SZ,20240111,4.92,5.02,4.9,5.01,4.92,0.09,1.8293,75976.0,37705.763
301176.SZ,20240111,15.52,15.98,15.41,15.9,15.5,0.4,2.5806,13320.2,20933.985
301177.SZ,20240111,28.6,29.0,28.32,28.84,28.33,0.51,1.8002,9209.0,26431.399
301178.SZ,20240111,30.31,31.0,29.86,30.92,30.15,0.77,2.5539,7759.37,23767.819
301179.SZ,20240111,24.36,24.68,24.09,24.57,24.27,0.3,1.2361,10181.4,24873.048
301180.SZ,20240111,16.61,17.0,16.21,16.91,16.35,0.56,3.4251,12987.7,21677.917
301181.SZ,20240111,26.55,26.87,26.08,26.73,26.41,0.32,1.2117,7340.34,19448.855
301182.SZ,20240111,22.08,22.62,22.08,22.6,22.08,0.52,2.3551,7101.69,15890.686
301183.SZ,20240111,37.23,39.19,37.05,38.95,37.35,1.6,4.2838,20299.12,77978.492
301185.SZ,20240111,18.89,20.08,18.82,19.87,18.95,0.92,4.8549,93986.0,184823.365
301186.SZ,20240111,37.55,38.9,37.16,38.83,37.55,1.28,3.4088,8450.63,32322.895
301187.SZ,20240111,19.8,20.08,17.78,19.93,20.66,-0.73,-3.5334,98706.4,190723.954
301188.SZ,20240111,16.76,18.2,16.67,17.54,16.75,0.79,4.7164,54256.53,95119.747
301189.SZ,20240111,27.03,27.56,26.98,27.4,27.1,0.3,1.107,5838.72,15923.877
301190.SZ,20240111,18.27,18.7,18.07,18.64,18.22,0.42,2.3052,8710.0,16053.371
301191.SZ,20240111,82.33,85.5,82.03,85.46,82.0,3.46,4.2195,17853.32,150754.716
301192.SZ,20240111,22.03,22.24,21.59,22.15,21.78,0.37,1.6988,5034.5,11024.756
301193.SZ,20240111,16.94,18.18,16.65,17.95,16.75,1.2,7.1642,35618.36,62670.973
301195.SZ,20240111,38.0,39.25,37.51,38.99,37.89,1.1,2.9031,7714.82,29804.449
301196.SZ,20240111,33.27,33.79,33.0,33.73,33.27,0.46,1.3826,4463.52,14907.117
301197.SZ,20240111,18.16,18.75,18.16,18.69,18.21,0.48,2.6359,8482.15,15718.088
301198.SZ,20240111,12.01,12.14,11.97,12.11,12.05,0.06,0.4979,22958.26,27734.973
301199.SZ,20240111,24.83,25.3,24.55,25.16,24.82,0.34,1.3699,10979.74,27371.445
301200.SZ,20240111,35.69,36.21,35.55,36.12,35.83,0.29,0.8094,5487.72,19734.171
301201.SZ,20240111,24.49,25.15,24.11,24.73,24.06,0.67,2.7847,21392.68,52446.653
301202.SZ,20240111,29.57,30.29,29.3,30.1,29.52,0.58,1.9648,13812.08,41408.483
301203.SZ,20240111,37.19,39.6,36.95,38.25,36.92,1.33,3.6024,11744.01,44714.188
301205.SZ,20240111,89.0,93.6,88.26,92.63,88.62,4.01,4.5249,40081.91,368775.993
301206.SZ,20240111,28.0,28.37,27.93,28.31,28.09,0.22,0.7832,4270.0,12047.704
301207.SZ,20240111,25.89,26.25,25.71,26.13,25.77,0.36,1.397,19546.24,50776.886
301208.SZ,20240111,35.4,36.8,35.03,36.66,35.26,1.4,3.9705,11301.34,40978.825
301209.SZ,20240111,24.55,24.75,24.25,24.68,24.51,0.17,0.6936,5423.0,13284.724
301210.SZ,20240111,41.7,42.95,41.54,42.69,41.74,0.95,2.276,6247.54,26494.592
301211.SZ,20240111,20.01,20.64,20.01,20.55,20.1,0.45,2.2388,27716.61,56522.704
301212.SZ,20240111,26.28,26.83,26.05,26.7,26.17,0.53,2.0252,5325.8,14159.236
301213.SZ,20240111,37.25,38.67,37.24,38.65,37.24,1.41,3.7863,9244.0,35260.354
301215.SZ,20240111,5.77,5.94,5.77,5.91,5.8,0.11,1.8966,69444.01,40801.704
301216.SZ,20240111,13.77,13.98,13.7,13.91,13.78,0.13,0.9434,23206.63,32137.955
301217.SZ,20240111,11.16,11.42,11.08,11.35,11.14,0.21,1.8851,25216.99,28402.249
301218.SZ,20240111,29.51,30.75,29.32,30.63,29.51,1.12,3.7953,19128.71,57987.545
301219.SZ,20240111,36.97,38.95,36.75,38.65,36.92,1.73,4.6858,29015.72,110542.921
301220.SZ,20240111,31.58,32.88,31.5,32.61,31.7,0.91,2.8707,5995.54,19394.6
301221.SZ,20240111,49.51,51.78,49.2,51.64,49.48,2.16,4.3654,27983.21,142373.358
301222.SZ,20240111,28.69,29.38,28.6,29.34,28.55,0.79,2.7671,9105.92,26426.848
301223.SZ,20240111,18.1,18.33,18.03,18.26,18.09,0.17,0.9397,5701.4,10378.56
301225.SZ,20240111,32.49,33.47,32.25,33.24,32.56,0.68,2.0885,11171.55,36885.399
301226.SZ,20240111,21.41,21.83,21.12,21.81,21.36,0.45,2.1067,8675.83,18658.025
301227.SZ,20240111,26.8,27.19,26.63,27.1,26.95,0.15,0.5566,6107.0,16485.516
301228.SZ,20240111,16.12,16.47,16.1,16.46,16.1,0.36,2.236,12124.1,19768.039
301229.SZ,20240111,31.33,31.86,31.12,31.72,31.37,0.35,1.1157,8550.0,26975.221
301230.SZ,20240111,33.99,35.97,33.36,33.94,33.04,0.9,2.724,13979.59,47613.537
301231.SZ,20240111,24.1,24.82,24.1,24.72,24.09,0.63,2.6152,16468.5,40413.978
301232.SZ,20240111,46.26,47.3,46.09,47.12,46.5,0.62,1.3333,4637.75,21670.673
301233.SZ,20240111,42.8,42.81,42.0,42.51,42.11,0.4,0.9499,5120.0,21689.915
301234.SZ,20240111,32.67,33.33,32.49,33.25,32.64,0.61,1.8689,5049.34,16663.688
301235.SZ,20240111,24.6,25.07,24.5,24.9,24.6,0.3,1.2195,9091.9,22498.447
301236.SZ,20240111,42.53,49.4,42.12,48.5,42.33,6.17,14.576,873602.25,4020770.58
301237.SZ,20240111,29.37,30.11,29.37,30.08,29.48,0.6,2.0353,3830.0,11413.159
301238.SZ,20240111,18.5,19.21,18.3,19.16,18.89,0.27,1.4293,190275.04,357420.045
301239.SZ,20240111,79.07,79.6,78.2,79.21,79.22,-0.01,-0.0126,8316.39,65642.843
301246.SZ,20240111,24.82,25.23,24.71,25.2,24.83,0.37,1.4901,5464.7,13680.702
301248.SZ,20240111,16.31,16.97,16.31,16.97,16.26,0.71,4.3665,17827.5,29802.695
301251.SZ,20240111,33.39,34.19,33.13,34.19,33.46,0.73,2.1817,16891.83,57256.207
301252.SZ,20240111,39.63,40.4,39.27,40.27,39.43,0.84,2.1304,5208.0,20747.453
301255.SZ,20240111,38.6,39.4,37.64,39.28,38.18,1.1,2.8811,13310.74,51625.641
301256.SZ,20240111,8.16,8.31,8.12,8.29,8.16,0.13,1.5931,21190.12,17478.086
301257.SZ,20240111,63.0,63.6,60.9,62.5,60.0,2.5,4.1667,12249.1,75809.223
301258.SZ,20240111,31.0,31.44,30.92,31.43,30.88,0.55,1.7811,6645.9,20761.526
301259.SZ,20240111,16.18,16.42,15.96,16.38,16.18,0.2,1.2361,7741.6,12568.944
301260.SZ,20240111,16.55,16.84,16.38,16.75,16.56,0.19,1.1473,28333.91,47080.196
301261.SZ,20240111,50.01,51.76,49.5,51.46,50.64,0.82,1.6193,20509.98,104456.066
301262.SZ,20240111,28.97,29.72,28.81,29.57,28.94,0.63,2.1769,24778.66,72865.766
301263.SZ,20240111,15.85,16.1,15.64,16.0,15.77,0.23,1.4585,21880.67,34681.375
301265.SZ,20240111,10.0,10.21,9.99,10.18,10.01,0.17,1.6983,9782.91,9909.707
301266.SZ,20240111,49.42,51.33,49.05,50.01,50.43,-0.42,-0.8328,58758.73,293423.382
301267.SZ,20240111,30.36,31.3,30.05,31.17,30.48,0.69,2.2638,43399.55,133627.368
301268.SZ,20240111,27.15,27.96,27.1,27.79,27.15,0.64,2.3573,16046.85,44269.155
301269.SZ,20240111,99.0,101.98,98.53,101.17,99.4,1.77,1.7807,17202.48,173327.952
301270.SZ,20240111,33.91,35.99,33.7,35.94,34.07,1.87,5.4887,42872.83,151693.083
301272.SZ,20240111,51.07,53.33,51.07,53.02,51.06,1.96,3.8386,12114.85,63774.543
301273.SZ,20240111,26.49,26.92,26.22,26.82,26.51,0.31,1.1694,4059.0,10769.938
301276.SZ,20240111,23.9,24.14,23.78,24.07,24.0,0.07,0.2917,10654.43,25554.29
301277.SZ,20240111,20.33,20.83,20.13,20.47,19.9,0.57,2.8643,22414.85,45676.312
301278.SZ,20240111,56.66,57.55,55.6,56.72,57.74,-1.02,-1.7665,40317.03,228026.543
301279.SZ,20240111,23.9,24.15,23.65,24.1,23.85,0.25,1.0482,5921.67,14184.035
301280.SZ,20240111,37.9,38.78,37.62,38.56,38.24,0.32,0.8368,26055.79,100063.959
301281.SZ,20240111,31.18,32.15,31.11,32.1,31.11,0.99,3.1823,15601.0,49539.912
301282.SZ,20240111,22.8,23.3,22.48,23.16,22.65,0.51,2.2517,8867.4,20379.915
301283.SZ,20240111,31.81,32.32,31.54,32.16,31.8,0.36,1.1321,6413.0,20494.326
301285.SZ,20240111,15.21,16.1,15.2,16.04,15.21,0.83,5.4569,67307.1,106453.993
301286.SZ,20240111,28.56,29.26,28.32,29.05,28.52,0.53,1.8583,3529.64,10183.339
301287.SZ,20240111,35.71,36.24,35.31,36.2,35.9,0.3,0.8357,9405.29,33707.575
301288.SZ,20240111,18.73,19.08,18.64,19.04,18.7,0.34,1.8182,6679.0,12602.909
301289.SZ,20240111,47.36,48.48,47.21,48.33,47.4,0.93,1.962,9309.65,44754.77
301290.SZ,20240111,26.98,27.04,26.5,26.98,26.65,0.33,1.2383,5567.0,14936.192
301291.SZ,20240111,28.3,30.28,28.15,29.98,27.89,2.09,7.4937,84206.69,247996.706
301292.SZ,20240111,18.79,19.5,18.4,19.41,18.94,0.47,2.4815,46621.21,88419.018
301293.SZ,20240111,56.01,57.78,56.01,57.31,55.89,1.42,2.5407,10737.87,61143.986
301295.SZ,20240111,32.39,33.2,32.36,33.19,32.66,0.53,1.6228,9210.47,30287.032
301296.SZ,20240111,10.12,10.39,10.01,10.36,10.12,0.24,2.3715,32120.0,32958.819
301297.SZ,20240111,23.83,25.08,23.82,24.82,23.91,0.91,3.8059,54585.59,134232.97
301298.SZ,20240111,16.24,16.59,16.16,16.55,16.24,0.31,1.9089,14753.7,24187.219
301299.SZ,20240111,52.73,54.65,52.51,54.48,52.66,1.82,3.4561,13564.69,73363.532
301300.SZ,20240111,31.05,31.26,30.77,31.19,31.07,0.12,0.3862,4575.0,14194.544
301301.SZ,20240111,8.22,8.3,8.18,8.28,8.19,0.09,1.0989,37922.0,31282.616
301302.SZ,20240111,21.93,22.8,21.87,22.71,21.88,0.83,3.7934,30522.59,68517.273
301303.SZ,20240111,18.93,19.22,18.87,19.17,18.92,0.25,1.3214,9224.16,17576.584
301305.SZ,20240111,17.34,17.65,17.34,17.59,17.34,0.25,1.4418,9726.69,17029.86
301306.SZ,20240111,35.36,37.58,35.02,37.13,35.41,1.72,4.8574,16095.55,58863.939
301307.SZ,20240111,32.41,32.93,32.41,32.55,32.41,0.14,0.432,22580.82,73802.032
301308.SZ,20240111,77.86,78.69,77.04,77.34,77.5,-0.16,-0.2065,38233.51,297269.502
301309.SZ,20240111,27.55,28.67,27.55,28.5,27.78,0.72,2.5918,6662.27,18792.189
301310.SZ,20240111,45.58,46.61,45.21,46.45,45.68,0.77,1.6856,11759.73,54202.315
301311.SZ,20240111,22.5,24.41,22.4,24.1,22.66,1.44,6.3548,93615.43,220481.162
301312.SZ,20240111,89.61,92.9,89.03,90.94,89.61,1.33,1.4842,9571.87,86845.89
301313.SZ,20240111,29.34,30.35,29.33,30.0,29.57,0.43,1.4542,38391.93,115139.818
301314.SZ,20240111,41.75,41.96,41.05,41.93,41.2,0.73,1.7718,4028.71,16755.136
301315.SZ,20240111,49.8,52.4,49.5,52.19,50.12,2.07,4.1301,28979.14,149436.85
301316.SZ,20240111,21.7,22.36,21.36,22.3,21.48,0.82,3.8175,33436.44,73749.349
301317.SZ,20240111,18.56,19.12,18.56,19.07,18.71,0.36,1.9241,6436.47,12139.633
301318.SZ,20240111,32.04,34.28,31.82,34.28,32.12,2.16,6.7248,29222.4,97682.696
301319.SZ,20240111,54.7,55.96,53.86,55.7,54.66,1.04,1.9027,4926.64,27025.158
301320.SZ,20240111,18.29,19.9,17.89,19.9,18.46,1.44,7.8007,120268.63,232804.048
301321.SZ,20240111,16.43,17.3,16.42,17.23,16.52,0.71,4.2978,32932.47,55845.811
301322.SZ,20240111,39.7,40.68,39.44,40.39,39.7,0.69,1.738,6406.81,25663.062
301323.SZ,20240111,35.5,35.95,34.92,35.78,35.26,0.52,1.4748,7149.37,25353.728
301325.SZ,20240111,72.13,74.8,71.79,74.58,72.13,2.45,3.3966,12089.01,88966.307
301326.SZ,20240111,36.95,38.25,36.52,37.93,36.7,1.23,3.3515,7397.75,27751.243
301327.SZ,20240111,72.51,77.27,71.87,75.98,73.0,2.98,4.0822,18053.21,135707.161
301328.SZ,20240111,44.48,45.16,43.81,44.97,44.19,0.78,1.7651,7280.72,32440.731
301329.SZ,20240111,21.86,22.8,21.47,22.7,22.32,0.38,1.7025,92760.73,206639.587
301330.SZ,20240111,29.36,30.11,29.08,30.0,29.19,0.81,2.7749,25468.38,75732.134
301331.SZ,20240111,39.9,40.54,39.72,40.43,39.7,0.73,1.8388,3919.0,15745.33
301332.SZ,20240111,12.08,12.32,11.93,12.29,12.1,0.19,1.5702,32148.98,39100.516
301333.SZ,20240111,59.0,59.42,57.3,58.91,57.25,1.66,2.8996,5525.2,32230.776
301335.SZ,20240111,21.23,21.61,21.1,21.6,21.21,0.39,1.8388,2578.6,5529.618
301336.SZ,20240111,43.86,44.4,43.55,43.9,43.86,0.04,0.0912,2886.0,12639.387
301337.SZ,20240111,38.91,45.42,38.38,45.42,37.85,7.57,20.0,149840.01,634200.362
301338.SZ,20240111,36.86,38.11,36.77,38.0,37.0,1.0,2.7027,7282.73,27429.354
301339.SZ,20240111,18.37,18.91,18.28,18.9,18.35,0.55,2.9973,22975.81,42976.556
301345.SZ,20240111,57.2,59.06,56.82,58.62,57.4,1.22,2.1254,5030.4,29285.278
301348.SZ,20240111,41.3,42.54,41.24,42.45,41.46,0.99,2.3878,26257.97,110443.977
301349.SZ,20240111,42.35,44.0,41.6,43.74,41.57,2.17,5.2201,12437.5,53402.436
301353.SZ,20240111,31.31,31.99,31.16,31.88,31.39,0.49,1.561,6962.02,21969.593
301355.SZ,20240111,15.01,15.27,14.93,15.24,15.04,0.2,1.3298,17413.2,26374.915
301356.SZ,20240111,18.02,18.17,17.81,17.95,17.91,0.04,0.2233,6126.87,11003.148
301357.SZ,20240111,46.54,48.3,46.19,48.13,46.76,1.37,2.9299,12301.71,58537.6
301358.SZ,20240111,30.82,33.1,30.7,32.88,30.93,1.95,6.3046,70688.07,228212.602
301359.SZ,20240111,25.2,25.61,24.89,25.51,25.07,0.44,1.7551,8649.0,21861.01
301360.SZ,20240111,67.54,71.13,66.66,69.86,68.92,0.94,1.3639,13686.85,94140.318
301361.SZ,20240111,22.99,23.7,22.99,23.57,23.2,0.37,1.5948,11970.02,27950.008
301362.SZ,20240111,38.27,39.5,38.2,39.5,38.41,1.09,2.8378,13369.72,52112.214
301363.SZ,20240111,35.35,35.77,34.85,35.27,35.0,0.27,0.7714,6846.16,24169.887
301365.SZ,20240111,15.03,15.28,14.97,15.26,15.08,0.18,1.1936,7838.87,11917.794
301366.SZ,20240111,29.45,30.21,29.3,30.09,29.38,0.71,2.4166,9323.5,27863.332
301367.SZ,20240111,108.49,111.49,106.8,111.0,107.7,3.3,3.0641,2765.13,30228.38
301368.SZ,20240111,40.0,41.41,39.89,41.08,40.49,0.59,1.4571,36179.51,147584.34
301369.SZ,20240111,52.51,53.49,52.1,53.27,52.47,0.8,1.5247,5790.9,30718.407
301370.SZ,20240111,15.26,15.54,15.25,15.54,15.26,0.28,1.8349,21300.68,32819.213
301371.SZ,20240111,40.3,40.78,39.0,40.73,41.27,-0.54,-1.3085,45046.36,179879.181
301372.SZ,20240111,42.12,43.59,41.73,43.5,42.12,1.38,3.2764,14540.75,62154.539
301373.SZ,20240111,28.63,29.16,28.53,29.1,28.7,0.4,1.3937,3873.0,11181.407
301376.SZ,20240111,24.39,24.7,23.61,24.34,24.62,-0.28,-1.1373,38213.79,92725.761
301377.SZ,20240111,20.52,21.12,20.35,20.9,20.58,0.32,1.5549,29265.0,60837.604
301378.SZ,20240111,43.87,45.79,43.56,45.65,43.88,1.77,4.0337,5380.0,24344.841
301379.SZ,20240111,26.75,27.55,26.68,27.47,26.75,0.72,2.6916,12222.99,33237.404
301380.SZ,20240111,42.63,44.46,42.63,44.15,42.71,1.44,3.3716,8422.78,36927.336
301381.SZ,20240111,28.86,29.48,28.69,29.27,28.37,0.9,3.1724,23389.31,68064.464
301382.SZ,20240111,33.1,34.42,32.94,34.26,33.05,1.21,3.6611,18214.17,61768.766
301383.SZ,20240111,54.56,58.7,54.0,56.85,55.85,1.0,1.7905,28867.12,164157.351
301386.SZ,20240111,23.87,24.49,23.87,24.4,23.93,0.47,1.9641,9389.55,22745.821
301387.SZ,20240111,60.0,63.58,59.18,62.61,60.58,2.03,3.3509,12445.66,76967.29
301388.SZ,20240111,23.4,23.78,23.25,23.71,23.35,0.36,1.5418,6169.0,14484.662
301389.SZ,20240111,17.09,17.41,16.98,17.37,17.05,0.32,1.8768,16145.77,27834.371
301390.SZ,20240111,41.41,42.6,41.31,42.58,41.47,1.11,2.6766,6048.66,25522.281
301391.SZ,20240111,109.04,114.16,108.07,112.32,109.04,3.28,3.0081,5980.99,66558.288
301393.SZ,20240111,55.55,57.3,55.46,57.1,55.0,2.1,3.8182,11556.01,65239.2
301395.SZ,20240111,18.33,18.78,18.32,18.75,18.38,0.37,2.0131,8759.33,16254.353
301396.SZ,20240111,26.3,27.18,26.11,26.97,26.38,0.59,2.2365,32912.89,88082.379
301397.SZ,20240111,41.58,42.58,41.14,42.45,41.55,0.9,2.1661,4874.99,20553.226
301398.SZ,20240111,49.01,50.99,46.71,50.4,48.21,2.19,4.5426,42138.0,207100.815
301399.SZ,20240111,35.51,36.65,35.51,36.6,35.83,0.77,2.149,6323.54,22881.89
301408.SZ,20240111,15.52,15.6,15.23,15.57,15.4,0.17,1.1039,17188.15,26537.454
301413.SZ,20240111,62.91,65.35,62.6,65.23,63.05,2.18,3.4576,23698.25,151909.362
301418.SZ,20240111,48.28,49.88,48.03,49.64,48.28,1.36,2.8169,6950.0,34160.644
301419.SZ,20240111,33.41,34.28,33.32,34.17,33.5,0.67,2.0,8048.5,27419.133
301421.SZ,20240111,54.81,57.18,54.6,56.71,54.92,1.79,3.2593,18495.69,103790.334
301428.SZ,20240111,35.62,37.78,35.62,37.72,35.66,2.06,5.7768,24627.34,91428.762
301429.SZ,20240111,19.99,20.3,19.79,20.26,19.93,0.33,1.6558,9495.99,19106.164
301439.SZ,20240111,14.3,14.57,14.29,14.57,14.3,0.27,1.8881,19697.59,28414.765
301446.SZ,20240111,30.8,31.18,30.41,31.1,30.57,0.53,1.7337,4448.0,13725.363
301448.SZ,20240111,34.46,35.5,33.9,35.47,34.59,0.88,2.5441,28169.96,97817.396
301456.SZ,20240111,31.23,31.9,31.02,31.85,31.38,0.47,1.4978,25165.0,79455.566
301459.SZ,20240111,43.48,44.5,43.3,44.49,43.41,1.08,2.4879,15605.47,68625.419
301468.SZ,20240111,29.41,29.81,29.29,29.81,29.4,0.41,1.3946,5180.03,15351.525
301469.SZ,20240111,32.62,33.78,32.6,33.55,32.85,0.7,2.1309,10843.05,36038.578
301486.SZ,20240111,41.28,42.2,41.28,42.03,41.52,0.51,1.2283,18123.31,75921.456
301487.SZ,20240111,37.37,39.2,37.01,38.94,37.09,1.85,4.9879,61277.84,235098.547
301488.SZ,20240111,63.3,65.12,63.3,64.79,63.32,1.47,2.3215,10123.48,65258.386
301489.SZ,20240111,66.1,69.2,66.08,68.99,66.55,2.44,3.6664,10706.54,73045.067
301498.SZ,20240111,40.77,42.6,40.53,42.27,40.75,1.52,3.7301,15304.18,64153.853
301499.SZ,20240111,28.14,29.42,28.1,29.24,28.39,0.85,2.994,19339.84,55791.744
301500.SZ,20240111,20.67,21.61,20.62,21.51,20.77,0.74,3.5628,35737.74,75729.869
301503.SZ,20240111,35.55,38.5,34.92,37.63,35.06,2.57,7.3303,70691.15,259669.538
301505.SZ,20240111,33.37,34.9,33.19,34.82,33.66,1.16,3.4462,18238.05,62933.566
301507.SZ,20240111,15.6,16.0,15.6,15.97,15.66,0.31,1.9796,26488.58,41861.175
301508.SZ,20240111,31.31,32.42,31.26,32.35,31.44,0.91,2.8944,50030.63,159483.249
301509.SZ,20240111,59.98,63.0,59.95,61.55,59.35,2.2,3.7068,11868.07,72591.302
301510.SZ,20240111,34.0,35.95,34.0,35.75,34.58,1.17,3.3835,31000.95,109274.393
301511.SZ,20240111,26.56,29.77,26.56,29.21,27.4,1.81,6.6058,255362.12,727805.282
301512.SZ,20240111,58.5,60.87,58.3,60.59,58.5,2.09,3.5726,11848.54,70853.729
301515.SZ,20240111,27.2,27.94,27.1,27.9,27.35,0.55,2.011,11896.92,32979.319
301516.SZ,20240111,19.67,21.08,19.51,20.97,19.82,1.15,5.8022,122579.39,250059.52
301517.SZ,20240111,50.19,52.96,50.19,52.95,50.31,2.64,5.2475,17587.97,91332.636
301518.SZ,20240111,22.1,22.92,21.95,22.8,22.14,0.66,2.981,21989.18,49369.109
301519.SZ,20240111,19.5,20.4,19.44,20.26,19.64,0.62,3.1568,19111.79,38361.228
301520.SZ,20240111,57.43,59.84,55.48,57.3,54.79,2.51,4.5811,20511.88,116944.538
301525.SZ,20240111,77.51,80.38,77.17,80.15,77.66,2.49,3.2063,9405.64,74776.916
301526.SZ,20240111,5.46,5.88,5.39,5.68,5.67,0.01,0.1764,1696713.45,950990.318
301528.SZ,20240111,67.1,68.85,66.69,68.6,68.03,0.57,0.8379,8245.83,55834.732
301529.SZ,20240111,37.4,38.35,37.3,38.28,37.42,0.86,2.2982,7320.34,27798.104
301533.SZ,20240111,32.95,33.89,32.95,33.84,33.23,0.61,1.8357,9885.18,33072.076
301548.SZ,20240111,56.6,58.09,56.6,57.93,57.0,0.93,1.6316,3836.49,22068.735
301550.SZ,20240111,43.6,44.86,43.18,44.81,43.72,1.09,2.4931,7661.0,34090.546
301555.SZ,20240111,38.4,39.44,37.99,39.35,38.63,0.72,1.8638,25384.45,98488.334
301558.SZ,20240111,13.37,13.77,13.3,13.71,13.45,0.26,1.9331,104708.35,142085.552
301559.SZ,20240111,18.71,18.94,18.64,18.9,18.75,0.15,0.8,22205.34,41764.696
301566.SZ,20240111,22.55,24.42,22.51,24.33,23.5,0.83,3.5319,146303.46,348720.54
301568.SZ,20240111,41.81,43.22,41.61,43.04,42.09,0.95,2.2571,26065.07,111180.242
301578.SZ,20240111,66.66,72.88,66.51,72.0,67.6,4.4,6.5089,47910.98,339469.958
302132.SZ,20240111,39.59,40.63,39.55,40.55,39.66,0.89,2.2441,46667.76,187752.572
