ts_code,trade_date,open,high,low,close,pre_close,change,pct_chg,vol,amount
300001.SZ,20240123,17.99,18.19,17.54,17.88,17.9,-0.02,-0.1117,117451.45,210120.723
300002.SZ,20240123,9.23,10.11,9.23,9.95,9.25,0.7,7.5676,1523163.57,1496220.352
300003.SZ,20240123,13.25,13.47,13.1,13.39,13.24,0.15,1.1329,175520.46,233783.703
300004.SZ,20240123,5.31,5.34,5.09,5.2,5.33,-0.13,-2.439,88907.0,46021.946
300005.SZ,20240123,5.38,5.45,5.13,5.23,5.38,-0.15,-2.7881,199136.59,103772.346
300006.SZ,20240123,3.19,3.21,3.08,3.18,3.2,-0.02,-0.625,186188.53,58539.536
300007.SZ,20240123,15.26,15.68,15.15,15.45,15.26,0.19,1.2451,103566.9,159554.853
300008.SZ,20240123,3.62,3.7,3.56,3.67,3.64,0.03,0.8242,175429.77,64075.332
300009.SZ,20240123,8.76,8.9,8.64,8.8,8.75,0.05,0.5714,99110.29,87056.281
300010.SZ,20240123,2.22,2.29,2.17,2.24,2.21,0.03,1.3575,113675.58,25351.432
300011.SZ,20240123,6.34,6.45,6.13,6.3,6.33,-0.03,-0.4739,112824.5,70755.085
300012.SZ,20240123,11.71,11.82,11.41,11.68,11.55,0.13,1.1255,376489.74,438233.292
300013.SZ,20240123,3.29,3.33,3.23,3.28,3.31,-0.03,-0.9063,102470.0,33592.183
300014.SZ,20240123,38.81,39.65,37.78,38.59,39.07,-0.48,-1.2286,288458.24,1118325.785
300015.SZ,20240123,13.8,14.15,13.73,14.05,13.79,0.26,1.8854,460964.44,645623.561
300016.SZ,20240123,5.99,6.01,5.78,5.87,5.97,-0.1,-1.675,91076.0,53555.158
300017.SZ,20240123,7.68,8.12,7.54,7.95,7.63,0.32,4.194,808256.34,639349.659
300018.SZ,20240123,5.31,5.32,5.0,5.19,5.33,-0.14,-2.6266,121425.0,62498.296
300019.SZ,20240123,14.13,14.34,13.7,14.15,14.13,0.02,0.1415,35298.0,49427.916
300020.SZ,20240123,6.24,6.38,6.16,6.28,6.24,0.04,0.641,273866.86,171360.648
300021.SZ,20240123,4.15,4.17,4.07,4.15,4.16,-0.01,-0.2404,88631.84,36555.849
300022.SZ,20240123,4.32,4.35,4.15,4.24,4.37,-0.13,-2.9748,111806.01,47370.215
300024.SZ,20240123,9.62,9.88,9.57,9.81,9.63,0.18,1.8692,164251.51,160416.957
300025.SZ,20240123,7.95,8.25,7.93,8.15,7.95,0.2,2.5157,78758.95,63770.489
300026.SZ,20240123,3.63,3.69,3.6,3.67,3.64,0.03,0.8242,304528.73,111140.61
300027.SZ,20240123,2.17,2.22,2.13,2.22,2.17,0.05,2.3041,334162.17,73107.139
300029.SZ,20240123,5.76,6.12,5.72,5.99,5.75,0.24,4.1739,46804.0,27901.154
300030.SZ,20240123,6.6,6.62,6.3,6.47,6.58,-0.11,-1.6717,70714.31,45417.787
300031.SZ,20240123,15.7,17.2,15.58,16.85,16.02,0.83,5.181,388729.28,644435.462
300032.SZ,20240123,4.58,4.66,4.5,4.6,4.6,0.0,0.0,136258.0,62384.865
300033.SZ,20240123,118.8,128.18,116.57,125.47,118.8,6.67,5.6145,132479.53,1626938.902
300034.SZ,20240123,15.89,16.4,15.75,16.26,16.02,0.24,1.4981,112588.86,181518.739
300035.SZ,20240123,8.55,8.71,8.4,8.63,8.56,0.07,0.8178,79393.21,68162.733
300036.SZ,20240123,16.19,16.53,15.94,16.28,16.29,-0.01,-0.0614,88186.26,143726.17
300037.SZ,20240123,40.88,42.6,40.51,42.14,41.21,0.93,2.2567,41264.74,172584.022
300039.SZ,20240123,5.5,5.64,5.47,5.61,5.5,0.11,2.0,133287.32,74214.821
300040.SZ,20240123,4.9,4.92,4.68,4.81,4.9,-0.09,-1.8367,92153.96,44120.035
300041.SZ,20240123,8.71,8.97,8.6,8.85,8.8,0.05,0.5682,80389.81,70871.816
300042.SZ,20240123,30.23,31.15,29.19,30.8,30.0,0.8,2.6667,58059.95,174687.071
300043.SZ,20240123,3.15,3.32,3.1,3.25,3.15,0.1,3.1746,386590.0,123763.727
300044.SZ,20240123,4.85,4.94,4.79,4.89,4.88,0.01,0.2049,236078.0,114910.74
300045.SZ,20240123,18.28,18.85,17.88,18.42,18.38,0.04,0.2176,416684.29,762818.753
300046.SZ,20240123,13.07,13.3,12.85,13.05,13.03,0.02,0.1535,41759.91,54400.211
300047.SZ,20240123,7.08,7.23,7.02,7.15,7.11,0.04,0.5626,171143.41,122141.172
300048.SZ,20240123,4.3,4.36,4.17,4.32,4.3,0.02,0.4651,120074.4,51365.297
300049.SZ,20240123,35.51,37.09,35.0,35.97,34.99,0.98,2.8008,87541.54,314306.076
300050.SZ,20240123,3.98,4.02,3.9,3.95,4.02,-0.07,-1.7413,109903.0,43315.469
300051.SZ,20240123,9.95,10.09,9.7,9.93,9.9,0.03,0.303,48665.0,48114.629
300052.SZ,20240123,14.16,14.5,13.86,14.4,14.13,0.27,1.9108,65450.7,93347.699
300053.SZ,20240123,10.08,10.31,9.95,10.23,10.08,0.15,1.4881,115412.22,117369.352
300054.SZ,20240123,18.19,18.82,17.92,18.66,18.2,0.46,2.5275,89771.63,165204.495
300055.SZ,20240123,5.34,5.43,5.22,5.4,5.38,0.02,0.3717,50622.9,26980.887
300056.SZ,20240123,7.77,7.92,7.41,7.77,7.81,-0.04,-0.5122,46350.31,35803.147
300057.SZ,20240123,5.09,5.17,4.97,5.12,5.08,0.04,0.7874,87730.28,44481.219
300058.SZ,20240123,6.36,6.67,6.27,6.55,6.36,0.19,2.9874,648617.05,422122.135
300059.SZ,20240123,12.42,12.84,12.36,12.71,12.41,0.3,2.4174,2173214.07,2753585.399
300061.SZ,20240123,4.9,4.95,4.79,4.88,5.01,-0.13,-2.5948,159585.3,77505.627
300062.SZ,20240123,5.2,5.29,5.02,5.15,5.24,-0.09,-1.7176,97369.4,50094.324
300063.SZ,20240123,5.13,5.23,5.02,5.17,5.17,0.0,0.0,353623.5,181808.059
300065.SZ,20240123,7.82,7.96,7.7,7.89,7.85,0.04,0.5096,178585.97,139722.732
300066.SZ,20240123,4.04,4.07,3.94,4.05,4.04,0.01,0.2475,146040.0,58664.668
300067.SZ,20240123,2.69,2.72,2.6,2.67,2.7,-0.03,-1.1111,121682.16,32246.628
300068.SZ,20240123,12.79,13.27,12.15,12.97,12.86,0.11,0.8554,336599.3,430109.571
300069.SZ,20240123,14.02,14.51,13.18,13.44,14.09,-0.65,-4.6132,24248.46,32730.095
300070.SZ,20240123,4.5,4.57,4.45,4.54,4.51,0.03,0.6652,154293.06,69803.9
300071.SZ,20240123,2.9,2.92,2.82,2.88,2.88,0.0,0.0,143865.0,41168.87
300072.SZ,20240123,2.96,2.98,2.88,2.95,2.95,0.0,0.0,181595.97,53324.349
300073.SZ,20240123,34.39,35.51,33.51,34.81,34.57,0.24,0.6942,69444.06,241176.603
300074.SZ,20240123,3.9,3.93,3.77,3.88,3.92,-0.04,-1.0204,170024.01,65052.506
300075.SZ,20240123,13.48,13.7,13.31,13.54,13.43,0.11,0.8191,149988.88,202805.264
300076.SZ,20240123,4.75,4.77,4.6,4.66,4.78,-0.12,-2.5105,341485.58,159375.791
300077.SZ,20240123,8.97,9.09,8.87,9.01,9.0,0.01,0.1111,56729.43,51083.759
300078.SZ,20240123,3.5,3.54,3.42,3.5,3.5,0.0,0.0,134045.7,46643.824
300079.SZ,20240123,4.52,4.62,4.46,4.59,4.53,0.06,1.3245,199857.24,91006.997
300080.SZ,20240123,4.11,4.23,4.01,4.17,4.13,0.04,0.9685,114212.96,47223.632
300081.SZ,20240123,9.29,9.77,8.93,9.5,9.36,0.14,1.4957,995750.05,933750.57
300082.SZ,20240123,5.85,5.88,5.67,5.8,5.88,-0.08,-1.3605,48965.53,28284.539
300083.SZ,20240123,4.71,4.81,4.68,4.78,4.75,0.03,0.6316,256093.07,121792.345
300084.SZ,20240123,6.2,6.38,6.15,6.3,6.34,-0.04,-0.6309,80080.74,50171.476
300085.SZ,20240123,11.9,12.19,11.47,11.95,11.93,0.02,0.1676,205494.61,244942.079
300086.SZ,20240123,5.0,5.09,4.8,5.03,5.01,0.02,0.3992,78369.0,38963.797
300087.SZ,20240123,7.02,7.17,6.88,7.15,7.08,0.07,0.9887,67828.08,48050.05
300088.SZ,20240123,5.23,5.31,5.16,5.26,5.23,0.03,0.5736,332566.72,174718.462
300091.SZ,20240123,2.21,2.26,2.18,2.23,2.21,0.02,0.905,218663.7,48631.502
300092.SZ,20240123,10.77,10.82,10.38,10.48,10.71,-0.23,-2.1475,51989.73,54783.784
300093.SZ,20240123,22.25,24.2,21.6,22.75,22.77,-0.02,-0.0878,333804.91,765879.324
300094.SZ,20240123,4.02,4.08,3.97,4.05,4.0,0.05,1.25,330334.37,133065.598
300095.SZ,20240123,6.85,6.93,6.68,6.89,6.86,0.03,0.4373,33384.5,22713.802
300096.SZ,20240123,4.08,4.19,3.98,4.13,4.12,0.01,0.2427,202620.71,83287.838
300097.SZ,20240123,7.59,7.64,7.4,7.55,7.54,0.01,0.1326,80075.78,60157.743
300098.SZ,20240123,3.39,3.45,3.36,3.4,3.41,-0.01,-0.2933,292882.45,99790.134
300099.SZ,20240123,5.26,5.26,5.1,5.21,5.19,0.02,0.3854,59548.05,30868.485
300100.SZ,20240123,8.26,8.29,7.97,8.12,8.26,-0.14,-1.6949,84051.0,67973.903
300101.SZ,20240123,16.43,16.54,16.1,16.39,16.55,-0.16,-0.9668,129567.57,211440.287
300102.SZ,20240123,6.45,6.57,6.35,6.5,6.46,0.04,0.6192,222348.9,143784.215
300103.SZ,20240123,5.47,5.62,5.26,5.35,5.54,-0.19,-3.4296,84194.0,45042.762
300105.SZ,20240123,5.61,5.64,5.39,5.51,5.61,-0.1,-1.7825,90892.0,49911.955
300106.SZ,20240123,7.89,7.95,7.68,7.79,7.93,-0.14,-1.7654,60989.0,47415.441
300107.SZ,20240123,4.42,4.46,4.28,4.36,4.41,-0.05,-1.1338,73882.0,32283.99
300108.SZ,20240123,2.8,3.38,2.79,3.18,2.82,0.36,12.766,170424.5,52414.483
300109.SZ,20240123,15.39,15.83,15.27,15.67,15.56,0.11,0.7069,36890.66,57289.775
300110.SZ,20240123,3.61,3.63,3.54,3.6,3.6,0.0,0.0,142619.1,51096.581
300111.SZ,20240123,2.69,2.77,2.63,2.71,2.69,0.02,0.7435,159692.0,42796.838
300112.SZ,20240123,8.96,9.15,8.82,8.99,9.05,-0.06,-0.663,93753.85,84503.292
300113.SZ,20240123,11.95,12.42,11.7,12.23,11.95,0.28,2.3431,122665.08,148692.823
300115.SZ,20240123,9.63,9.9,9.5,9.78,9.74,0.04,0.4107,225024.58,218914.044
300117.SZ,20240123,2.49,2.5,2.39,2.44,2.5,-0.06,-2.4,219530.02,53629.965
300118.SZ,20240123,16.21,17.06,16.03,16.36,16.3,0.06,0.3681,356380.3,592011.467
300119.SZ,20240123,13.99,14.26,13.7,14.11,14.01,0.1,0.7138,29128.51,40797.158
300120.SZ,20240123,5.92,5.98,5.79,5.87,5.94,-0.07,-1.1785,91483.97,53640.014
300121.SZ,20240123,7.71,7.91,7.58,7.83,7.75,0.08,1.0323,36484.01,28296.307
300122.SZ,20240123,48.0,49.5,47.98,48.98,48.33,0.65,1.3449,147350.28,721617.759
300123.SZ,20240123,5.92,6.02,5.69,5.73,5.93,-0.2,-3.3727,483073.54,280276.931
300124.SZ,20240123,53.05,54.92,52.62,54.48,53.46,1.02,1.908,152368.04,823685.534
300125.SZ,20240123,10.83,11.25,10.46,10.93,10.99,-0.06,-0.546,106402.47,115874.5
300126.SZ,20240123,6.05,6.1,5.72,5.84,6.05,-0.21,-3.4711,69500.0,40608.504
300127.SZ,20240123,13.98,14.42,13.87,14.25,14.18,0.07,0.4937,27170.29,38495.289
300128.SZ,20240123,3.57,3.65,3.49,3.61,3.59,0.02,0.5571,145839.0,52097.82
300129.SZ,20240123,8.02,8.49,7.84,8.39,8.01,0.38,4.7441,258535.34,213329.957
300130.SZ,20240123,18.38,19.55,18.38,18.79,17.5,1.29,7.3714,369590.79,694943.037
300131.SZ,20240123,4.9,4.95,4.83,4.89,4.89,0.0,0.0,285505.07,139506.251
300132.SZ,20240123,4.49,4.49,4.31,4.38,4.46,-0.08,-1.7937,100612.0,44027.139
300133.SZ,20240123,4.94,5.15,4.85,5.1,4.94,0.16,3.2389,403161.61,202682.219
300134.SZ,20240123,8.3,8.49,8.25,8.39,8.34,0.05,0.5995,62803.63,52649.525
300135.SZ,20240123,2.68,2.72,2.62,2.68,2.67,0.01,0.3745,263716.0,70332.369
300136.SZ,20240123,18.73,18.97,18.45,18.78,18.7,0.08,0.4278,174402.3,326779.316
300137.SZ,20240123,4.8,4.95,4.67,4.79,4.8,-0.01,-0.2083,75012.88,35606.458
300138.SZ,20240123,10.75,10.97,10.57,10.91,10.74,0.17,1.5829,61215.65,66157.604
300139.SZ,20240123,8.35,8.49,8.23,8.42,8.42,0.0,0.0,56308.0,47096.026
300140.SZ,20240123,6.35,6.47,6.25,6.45,6.36,0.09,1.4151,46774.0,29822.467
300141.SZ,20240123,8.8,8.87,8.33,8.53,8.79,-0.26,-2.9579,55436.15,47218.539
300142.SZ,20240123,19.02,19.3,18.9,19.05,19.03,0.02,0.1051,148362.29,283177.315
300143.SZ,20240123,8.78,8.78,8.4,8.6,8.74,-0.14,-1.6018,55739.8,47788.229
300144.SZ,20240123,9.51,9.77,9.33,9.69,9.61,0.08,0.8325,191457.53,184154.545
300145.SZ,20240123,2.67,2.69,2.61,2.66,2.69,-0.03,-1.1152,352627.6,93439.344
300146.SZ,20240123,15.2,15.52,15.0,15.4,15.25,0.15,0.9836,80531.8,123531.02
300147.SZ,20240123,4.38,4.38,4.26,4.35,4.38,-0.03,-0.6849,108205.02,46838.171
300148.SZ,20240123,3.22,3.31,3.15,3.29,3.22,0.07,2.1739,287901.56,93597.456
300149.SZ,20240123,6.16,6.23,5.94,6.08,6.15,-0.07,-1.1382,86224.0,52185.374
300150.SZ,20240123,4.06,4.09,3.81,3.92,4.06,-0.14,-3.4483,178432.89,69834.391
300151.SZ,20240123,14.08,14.28,13.7,14.15,14.08,0.07,0.4972,38267.83,53644.933
300152.SZ,20240123,2.57,2.64,2.47,2.52,2.56,-0.04,-1.5625,175773.54,44236.353
300153.SZ,20240123,6.82,6.88,6.5,6.7,6.87,-0.17,-2.4745,67376.0,44894.335
300154.SZ,20240123,6.34,6.35,6.11,6.19,6.26,-0.07,-1.1182,59045.0,36509.882
300155.SZ,20240123,5.03,5.03,4.67,4.79,4.96,-0.17,-3.4274,102625.0,48938.12
300157.SZ,20240123,3.0,3.04,2.91,3.02,3.0,0.02,0.6667,102979.14,30717.158
300158.SZ,20240123,5.14,5.24,5.04,5.14,5.15,-0.01,-0.1942,294085.4,150676.572
300159.SZ,20240123,2.16,2.21,2.13,2.2,2.18,0.02,0.9174,181150.14,39392.337
300160.SZ,20240123,5.1,5.18,4.94,5.07,5.1,-0.03,-0.5882,99502.0,50224.036
300161.SZ,20240123,27.03,27.66,26.83,27.25,27.05,0.2,0.7394,25619.0,69681.779
300162.SZ,20240123,6.35,6.35,6.03,6.06,6.36,-0.3,-4.717,113053.0,69484.031
300163.SZ,20240123,3.3,3.33,3.13,3.2,3.31,-0.11,-3.3233,117418.0,37702.024
300164.SZ,20240123,4.04,4.09,3.98,4.07,4.04,0.03,0.7426,163533.0,66079.093
300165.SZ,20240123,4.79,4.85,4.69,4.82,4.73,0.09,1.9027,137444.0,65694.758
300166.SZ,20240123,7.66,7.85,7.55,7.81,7.62,0.19,2.4934,185450.19,143567.353
300167.SZ,20240123,2.82,2.9,2.76,2.82,2.86,-0.04,-1.3986,86033.0,24281.1
300168.SZ,20240123,6.92,7.07,6.81,7.02,6.87,0.15,2.1834,116030.22,80903.571
300169.SZ,20240123,6.9,7.4,6.89,7.33,7.1,0.23,3.2394,415829.62,301199.373
300170.SZ,20240123,6.65,6.8,6.58,6.74,6.65,0.09,1.3534,187352.38,125826.71
300171.SZ,20240123,14.72,15.08,14.6,15.07,14.77,0.3,2.0311,45192.72,67265.027
300172.SZ,20240123,5.12,5.25,4.95,5.19,5.17,0.02,0.3868,412654.5,212608.117
300173.SZ,20240123,4.06,4.14,3.97,4.05,4.09,-0.04,-0.978,142390.46,57405.854
300174.SZ,20240123,14.89,15.08,14.13,14.57,14.9,-0.33,-2.2148,38069.65,55555.915
300175.SZ,20240123,5.23,5.38,5.15,5.25,5.24,0.01,0.1908,67455.4,35545.233
300176.SZ,20240123,5.8,5.81,5.54,5.63,5.81,-0.18,-3.0981,65549.0,36864.178
300177.SZ,20240123,5.8,5.88,5.74,5.8,5.83,-0.03,-0.5146,96688.98,56118.728
300179.SZ,20240123,7.2,7.29,7.07,7.21,7.23,-0.02,-0.2766,57975.0,41647.19
300180.SZ,20240123,3.6,3.64,3.55,3.62,3.61,0.01,0.277,302289.15,109003.468
300181.SZ,20240123,10.26,10.29,9.94,10.05,10.17,-0.12,-1.1799,147942.52,149641.461
300182.SZ,20240123,4.19,4.33,4.12,4.31,4.17,0.14,3.3573,485436.12,206721.99
300183.SZ,20240123,12.09,12.32,11.91,12.2,12.15,0.05,0.4115,34541.8,41858.333
300184.SZ,20240123,4.73,4.81,4.66,4.74,4.72,0.02,0.4237,251627.19,119202.205
300185.SZ,20240123,2.13,2.17,2.09,2.16,2.14,0.02,0.9346,208210.5,44586.388
300187.SZ,20240123,4.61,4.66,4.46,4.65,4.59,0.06,1.3072,53023.44,24261.166
300188.SZ,20240123,11.35,12.02,11.35,11.89,11.42,0.47,4.1156,154072.03,181132.856
300189.SZ,20240123,2.82,2.86,2.77,2.83,2.81,0.02,0.7117,114491.0,32320.568
300190.SZ,20240123,3.88,3.89,3.69,3.74,3.85,-0.11,-2.8571,111218.0,41750.989
300191.SZ,20240123,12.34,12.78,12.2,12.57,12.48,0.09,0.7212,28249.24,35080.83
300192.SZ,20240123,8.56,8.65,8.37,8.58,8.49,0.09,1.0601,73868.71,63022.984
300193.SZ,20240123,6.66,6.79,6.54,6.73,6.67,0.06,0.8996,97236.49,64556.903
300194.SZ,20240123,3.7,3.75,3.64,3.73,3.7,0.03,0.8108,210898.63,78036.041
300195.SZ,20240123,5.46,5.51,5.25,5.4,5.46,-0.06,-1.0989,115394.0,61786.003
300196.SZ,20240123,9.65,9.7,9.37,9.62,9.67,-0.05,-0.5171,23257.0,22209.429
300197.SZ,20240123,1.96,2.01,1.93,1.99,1.97,0.02,1.0152,346685.86,68522.428
300198.SZ,20240123,2.39,2.41,2.29,2.35,2.41,-0.06,-2.4896,174695.53,40885.547
300199.SZ,20240123,10.99,11.33,10.85,11.3,11.0,0.3,2.7273,237556.0,264692.717
300200.SZ,20240123,6.5,6.57,6.4,6.47,6.48,-0.01,-0.1543,69034.79,44703.053
300201.SZ,20240123,3.95,4.04,3.89,3.99,3.98,0.01,0.2513,195018.76,77236.38
300203.SZ,20240123,14.79,15.52,14.4,14.99,14.87,0.12,0.807,87147.22,130909.626
300204.SZ,20240123,8.41,8.42,8.2,8.38,8.41,-0.03,-0.3567,48204.73,40092.882
300205.SZ,20240123,9.2,9.27,9.0,9.24,9.22,0.02,0.2169,32392.06,29682.681
300206.SZ,20240123,8.67,8.87,8.51,8.82,8.67,0.15,1.7301,51778.15,45175.714
300207.SZ,20240123,12.61,12.93,12.45,12.75,12.65,0.1,0.7905,226458.92,288588.462
300208.SZ,20240123,5.68,5.78,5.59,5.73,5.68,0.05,0.8803,52750.64,30086.387
300209.SZ,20240123,2.4,2.44,2.37,2.43,2.42,0.01,0.4132,43037.19,10350.278
300210.SZ,20240123,7.9,8.05,7.74,7.92,7.92,0.0,0.0,179015.6,140883.704
300211.SZ,20240123,8.32,8.6,8.15,8.25,8.37,-0.12,-1.4337,35771.0,29466.235
300212.SZ,20240123,22.69,23.69,22.54,23.37,22.7,0.67,2.9515,176721.63,408668.769
300213.SZ,20240123,6.03,6.04,5.91,5.98,5.99,-0.01,-0.1669,126925.0,75880.958
300214.SZ,20240123,5.59,5.64,5.31,5.43,5.58,-0.15,-2.6882,48318.61,26118.751
300215.SZ,20240123,4.38,4.43,4.22,4.39,4.44,-0.05,-1.1261,82381.21,35763.965
300217.SZ,20240123,4.6,4.67,4.5,4.64,4.61,0.03,0.6508,173048.99,79586.085
300218.SZ,20240123,11.65,11.7,11.15,11.41,11.21,0.2,1.7841,46022.0,52144.779
300219.SZ,20240123,6.98,7.02,6.77,6.96,6.98,-0.02,-0.2865,136017.57,94370.426
300220.SZ,20240123,7.3,7.47,7.13,7.44,7.34,0.1,1.3624,9314.4,6857.958
300221.SZ,20240123,5.03,5.04,4.85,4.92,5.03,-0.11,-2.1869,171119.04,83932.916
300222.SZ,20240123,6.01,6.07,5.88,6.02,6.0,0.02,0.3333,88476.15,52829.785
300223.SZ,20240123,52.0,52.98,51.48,52.15,52.21,-0.06,-0.1149,62968.11,329662.99
300224.SZ,20240123,9.61,9.8,9.46,9.7,9.62,0.08,0.8316,48215.73,46556.878
300225.SZ,20240123,6.3,6.38,6.13,6.33,6.31,0.02,0.317,188772.48,118211.862
300226.SZ,20240123,21.22,22.14,21.09,21.9,21.22,0.68,3.2045,108906.66,234872.057
300227.SZ,20240123,6.25,6.34,6.1,6.26,6.27,-0.01,-0.1595,100150.3,62160.188
300228.SZ,20240123,6.25,6.25,6.0,6.09,6.25,-0.16,-2.56,189762.79,115607.203
300229.SZ,20240123,13.18,14.05,13.11,13.74,13.21,0.53,4.0121,228785.02,312038.781
300230.SZ,20240123,3.6,3.62,3.45,3.53,3.58,-0.05,-1.3966,138655.0,48871.506
300231.SZ,20240123,8.38,8.54,8.31,8.48,8.39,0.09,1.0727,86289.05,72895.584
300232.SZ,20240123,6.12,6.54,5.98,6.47,6.18,0.29,4.6926,585876.85,365249.54
300233.SZ,20240123,13.6,13.69,13.38,13.62,13.6,0.02,0.1471,41422.21,56081.744
300234.SZ,20240123,4.67,4.75,4.43,4.56,4.68,-0.12,-2.5641,82507.4,37308.034
300235.SZ,20240123,9.57,9.75,9.45,9.61,9.62,-0.01,-0.104,64793.5,62021.354
300236.SZ,20240123,28.75,29.32,28.37,29.06,28.81,0.25,0.8678,34020.4,98554.897
300237.SZ,20240123,1.82,1.84,1.77,1.83,1.81,0.02,1.105,216836.0,39177.478
300238.SZ,20240123,11.19,11.34,10.93,11.19,11.26,-0.07,-0.6217,40588.81,45141.286
300239.SZ,20240123,5.26,5.3,5.13,5.26,5.27,-0.01,-0.1898,79073.21,41301.131
300240.SZ,20240123,6.03,6.07,5.9,6.02,6.05,-0.03,-0.4959,36990.82,22118.037
300241.SZ,20240123,4.43,4.45,4.28,4.33,4.45,-0.12,-2.6966,189861.4,82072.63
300242.SZ,20240123,3.42,3.45,3.32,3.36,3.4,-0.04,-1.1765,218209.0,73306.381
300243.SZ,20240123,8.36,8.5,7.93,8.0,8.33,-0.33,-3.9616,61836.1,49603.095
300244.SZ,20240123,19.58,19.62,19.2,19.34,19.42,-0.08,-0.4119,50475.21,97903.83
300245.SZ,20240123,7.22,7.31,7.05,7.23,7.23,0.0,0.0,67744.01,48612.035
300246.SZ,20240123,8.73,8.76,8.43,8.58,8.72,-0.14,-1.6055,57938.97,49608.734
300247.SZ,20240123,3.34,3.36,3.2,3.35,3.34,0.01,0.2994,202786.0,66853.93
300248.SZ,20240123,7.84,7.92,7.66,7.81,7.86,-0.05,-0.6361,82386.41,64015.463
300249.SZ,20240123,6.95,7.05,6.88,6.97,6.96,0.01,0.1437,65049.86,45340.126
300250.SZ,20240123,14.84,15.3,14.68,14.97,14.88,0.09,0.6048,47178.93,70952.098
300251.SZ,20240123,7.61,8.05,7.57,7.95,7.63,0.32,4.194,282501.95,221370.444
300252.SZ,20240123,7.39,7.51,7.28,7.45,7.37,0.08,1.0855,74197.0,55138.309
300253.SZ,20240123,5.61,5.78,5.57,5.75,5.61,0.14,2.4955,249480.29,141783.926
300254.SZ,20240123,8.39,8.58,8.17,8.46,8.45,0.01,0.1183,82679.0,68772.919
300255.SZ,20240123,9.87,10.24,9.87,10.08,9.87,0.21,2.1277,283944.85,285429.68
300256.SZ,20240123,2.42,2.46,2.38,2.45,2.42,0.03,1.2397,192567.0,46901.234
300257.SZ,20240123,13.6,13.62,13.29,13.42,13.63,-0.21,-1.5407,37928.1,50882.594
300258.SZ,20240123,9.83,10.15,9.72,10.02,9.76,0.26,2.6639,93155.1,92638.327
300259.SZ,20240123,3.15,3.2,3.06,3.11,3.16,-0.05,-1.5823,114436.2,35549.134
300260.SZ,20240123,23.02,23.72,23.02,23.53,23.32,0.21,0.9005,53435.61,124999.197
300261.SZ,20240123,6.17,6.23,6.05,6.21,6.18,0.03,0.4854,70510.04,43453.051
300263.SZ,20240123,5.88,5.96,5.74,5.91,5.9,0.01,0.1695,73860.05,43347.434
300264.SZ,20240123,7.89,7.98,6.88,7.77,8.19,-0.42,-5.1282,586908.8,451894.837
300265.SZ,20240123,7.13,7.18,6.95,7.03,7.16,-0.13,-1.8156,142219.83,100084.793
300266.SZ,20240123,2.28,2.32,2.26,2.29,2.28,0.01,0.4386,158748.02,36287.029
300267.SZ,20240123,2.82,2.85,2.76,2.84,2.81,0.03,1.0676,159428.21,44802.335
300268.SZ,20240123,12.03,12.34,11.92,12.18,12.08,0.1,0.8278,5714.58,6919.138
300269.SZ,20240123,5.52,5.74,5.36,5.63,5.69,-0.06,-1.0545,942692.59,522901.365
300270.SZ,20240123,6.43,6.46,6.19,6.3,6.4,-0.1,-1.5625,70293.0,44256.071
300271.SZ,20240123,6.15,6.29,6.07,6.25,6.14,0.11,1.7915,161880.16,100228.629
300272.SZ,20240123,5.4,5.59,5.21,5.37,5.43,-0.06,-1.105,121641.24,65388.812
300274.SZ,20240123,89.9,94.5,88.19,91.43,87.5,3.93,4.4914,290129.43,2659628.76
300275.SZ,20240123,9.58,9.72,9.2,9.51,9.58,-0.07,-0.7307,92157.4,86988.604
300276.SZ,20240123,3.39,3.47,3.33,3.43,3.4,0.03,0.8824,220207.12,75237.363
300277.SZ,20240123,7.18,7.32,7.07,7.17,7.27,-0.1,-1.3755,51894.56,37177.091
300278.SZ,20240123,3.28,3.33,3.21,3.29,3.31,-0.02,-0.6042,162137.5,52946.848
300279.SZ,20240123,5.47,5.54,5.31,5.38,5.48,-0.1,-1.8248,97384.0,52318.507
300280.SZ,20240123,34.22,38.0,34.12,36.76,34.57,2.19,6.335,113198.46,409497.271
300281.SZ,20240123,5.05,5.1,4.82,4.89,5.08,-0.19,-3.7402,101941.48,49843.86
300283.SZ,20240123,5.48,5.49,5.16,5.28,5.5,-0.22,-4.0,127539.3,67075.247
300284.SZ,20240123,4.8,4.91,4.72,4.88,4.81,0.07,1.4553,63402.75,30627.86
300285.SZ,20240123,18.39,18.82,18.2,18.72,18.3,0.42,2.2951,92211.05,171256.645
300286.SZ,20240123,22.6,23.15,21.8,22.5,22.63,-0.13,-0.5745,49414.45,111097.366
300287.SZ,20240123,3.35,3.41,3.29,3.37,3.35,0.02,0.597,192971.5,64937.199
300288.SZ,20240123,12.9,13.09,12.7,13.0,12.84,0.16,1.2461,84138.0,108680.153
300289.SZ,20240123,5.29,5.32,5.1,5.2,5.28,-0.08,-1.5152,73885.0,38345.285
300290.SZ,20240123,5.01,5.05,4.92,4.97,4.98,-0.01,-0.2008,168256.5,83659.342
300291.SZ,20240123,5.47,5.59,5.4,5.55,5.47,0.08,1.4625,190784.0,105009.529
300292.SZ,20240123,3.15,3.18,3.1,3.17,3.14,0.03,0.9554,198888.0,62595.07
300293.SZ,20240123,11.94,12.38,11.94,12.2,12.09,0.11,0.9098,52592.0,64072.977
300294.SZ,20240123,27.99,28.33,27.5,28.23,27.8,0.43,1.5468,44783.57,125499.401
300295.SZ,20240123,10.25,10.49,10.11,10.34,10.35,-0.01,-0.0966,58332.0,59793.283
300296.SZ,20240123,4.76,4.85,4.66,4.8,4.76,0.04,0.8403,246226.58,117132.305
300298.SZ,20240123,26.17,27.24,26.07,26.74,26.62,0.12,0.4508,27774.17,74369.303
300299.SZ,20240123,4.83,5.02,4.75,4.97,4.83,0.14,2.8986,176417.04,86648.572
300300.SZ,20240123,3.24,3.33,3.18,3.27,3.27,0.0,0.0,192157.72,62490.359
300301.SZ,20240123,1.55,1.58,1.52,1.55,1.56,-0.01,-0.641,77223.0,11997.64
300302.SZ,20240123,10.3,10.63,10.24,10.52,10.35,0.17,1.6425,92846.09,97377.408
300303.SZ,20240123,4.68,4.76,4.61,4.71,4.71,0.0,0.0,251416.26,117959.118
300304.SZ,20240123,5.52,5.63,5.46,5.6,5.55,0.05,0.9009,126189.2,69938.641
300305.SZ,20240123,8.26,8.55,8.03,8.18,8.38,-0.2,-2.3866,31416.0,25648.438
300306.SZ,20240123,9.83,9.93,9.53,9.68,9.85,-0.17,-1.7259,35956.02,34842.292
300307.SZ,20240123,5.32,5.42,5.23,5.37,5.33,0.04,0.7505,91985.0,49111.747
300308.SZ,20240123,111.99,117.26,110.84,114.0,111.6,2.4,2.1505,297569.99,3408601.776
300310.SZ,20240123,3.77,3.83,3.69,3.77,3.79,-0.02,-0.5277,137351.0,51661.074
300311.SZ,20240123,5.24,5.24,5.1,5.19,5.18,0.01,0.1931,65972.55,34189.618
300313.SZ,20240123,10.42,10.97,10.28,10.75,10.7,0.05,0.4673,148412.02,158652.783
300314.SZ,20240123,12.25,12.29,11.58,12.04,12.27,-0.23,-1.8745,71676.24,85229.11
300315.SZ,20240123,4.41,4.75,4.37,4.64,4.45,0.19,4.2697,1716678.18,789353.583
300316.SZ,20240123,38.1,39.62,37.61,38.88,38.23,0.65,1.7002,129766.72,503134.074
300317.SZ,20240123,4.44,4.47,4.28,4.37,4.43,-0.06,-1.3544,142972.47,62449.851
300318.SZ,20240123,5.23,5.33,5.15,5.28,5.31,-0.03,-0.565,71868.98,37736.43
300319.SZ,20240123,7.73,7.84,7.59,7.81,7.72,0.09,1.1658,153657.24,118885.931
300320.SZ,20240123,6.5,6.67,6.36,6.47,6.54,-0.07,-1.0703,56015.0,36373.77
300321.SZ,20240123,16.76,16.78,15.8,15.85,16.8,-0.95,-5.6548,21862.21,34980.906
300322.SZ,20240123,8.6,8.86,8.52,8.66,8.66,0.0,0.0,115274.09,99972.374
300323.SZ,20240123,5.6,5.66,5.36,5.52,5.58,-0.06,-1.0753,120401.66,66241.471
300324.SZ,20240123,2.75,2.87,2.74,2.85,2.8,0.05,1.7857,261870.92,73877.662
300326.SZ,20240123,5.45,5.5,5.31,5.41,5.45,-0.04,-0.7339,72632.03,39240.188
300327.SZ,20240123,18.54,18.88,18.26,18.72,18.49,0.23,1.2439,55031.25,102496.691
300328.SZ,20240123,5.63,5.69,5.51,5.62,5.65,-0.03,-0.531,87826.82,49191.871
300329.SZ,20240123,6.52,6.63,6.07,6.14,6.53,-0.39,-5.9724,88015.0,54196.797
300331.SZ,20240123,18.23,18.69,18.08,18.38,18.18,0.2,1.1001,71588.0,131795.312
300332.SZ,20240123,6.76,7.19,6.66,7.15,6.82,0.33,4.8387,111928.15,78583.973
300333.SZ,20240123,6.32,6.33,6.09,6.22,6.32,-0.1,-1.5823,82089.66,50711.356
300334.SZ,20240123,6.65,6.69,6.41,6.57,6.64,-0.07,-1.0542,38513.0,25180.931
300335.SZ,20240123,4.87,4.92,4.73,4.86,4.89,-0.03,-0.6135,133700.99,64363.329
300337.SZ,20240123,6.4,6.49,6.32,6.45,6.45,0.0,0.0,157279.54,100865.103
300338.SZ,20240123,3.76,3.76,3.62,3.68,3.75,-0.07,-1.8667,92511.0,33940.25
300339.SZ,20240123,22.29,22.83,21.76,22.48,22.22,0.26,1.1701,331084.16,744342.056
300340.SZ,20240123,10.08,10.17,9.82,9.95,10.1,-0.15,-1.4851,48252.0,48091.204
300341.SZ,20240123,9.65,9.68,9.37,9.61,9.54,0.07,0.7338,42048.0,40090.599
300342.SZ,20240123,11.44,11.74,11.33,11.67,11.57,0.1,0.8643,131444.75,152541.713
300343.SZ,20240123,5.63,5.65,5.47,5.52,5.59,-0.07,-1.2522,148349.76,82206.765
300344.SZ,20240123,4.52,4.55,4.39,4.51,4.53,-0.02,-0.4415,148484.0,66521.591
300345.SZ,20240123,6.59,7.35,6.34,7.35,6.49,0.86,13.2512,50641.0,33167.48
300346.SZ,20240123,22.32,22.95,22.1,22.81,22.33,0.48,2.1496,57593.45,130715.225
300347.SZ,20240123,46.7,48.8,46.7,47.76,47.11,0.65,1.3797,80651.64,384726.428
300348.SZ,20240123,8.23,8.38,8.1,8.29,8.2,0.09,1.0976,79056.7,65310.47
300349.SZ,20240123,11.25,11.35,10.93,11.22,11.26,-0.04,-0.3552,70166.0,78303.967
300350.SZ,20240123,5.46,5.74,5.32,5.74,5.66,0.08,1.4134,742702.4,409787.108
300351.SZ,20240123,15.85,16.39,15.72,16.2,15.77,0.43,2.7267,153065.97,246830.907
300352.SZ,20240123,3.95,4.01,3.91,3.99,3.96,0.03,0.7576,132523.2,52666.119
300353.SZ,20240123,7.6,7.84,7.55,7.8,7.61,0.19,2.4967,102719.61,79482.647
300354.SZ,20240123,39.05,40.5,38.81,40.0,39.7,0.3,0.7557,10357.0,41206.846
300355.SZ,20240123,3.18,3.26,3.15,3.23,3.18,0.05,1.5723,291587.8,93489.289
300357.SZ,20240123,23.01,23.65,22.94,23.34,23.0,0.34,1.4783,30393.03,70959.576
300358.SZ,20240123,8.9,9.03,8.74,8.96,8.9,0.06,0.6742,41601.46,37052.266
300359.SZ,20240123,4.52,4.69,4.48,4.65,4.58,0.07,1.5284,95726.0,44048.297
300360.SZ,20240123,14.32,15.26,14.05,15.09,14.37,0.72,5.0104,179439.44,268111.056
300363.SZ,20240123,20.22,20.82,20.1,20.69,20.2,0.49,2.4257,69406.83,142592.0
300364.SZ,20240123,20.08,21.7,19.8,21.26,20.39,0.87,4.2668,917851.14,1901728.505
300365.SZ,20240123,5.6,5.67,5.5,5.64,5.55,0.09,1.6216,111285.0,62292.236
300366.SZ,20240123,10.25,10.54,10.21,10.42,10.29,0.13,1.2634,166029.19,172486.532
300368.SZ,20240123,6.55,7.14,6.44,6.91,6.68,0.23,3.4431,295617.0,201331.423
300369.SZ,20240123,7.65,7.81,7.54,7.78,7.68,0.1,1.3021,132526.64,101784.034
300370.SZ,20240123,2.13,2.15,2.09,2.14,2.11,0.03,1.4218,129578.0,27539.689
300371.SZ,20240123,10.42,10.63,10.0,10.36,10.47,-0.11,-1.0506,26938.81,27720.628
300373.SZ,20240123,35.65,38.77,35.05,38.15,35.49,2.66,7.4951,177362.91,666177.248
300374.SZ,20240123,10.26,10.33,10.06,10.19,10.3,-0.11,-1.068,40553.0,41263.39
300375.SZ,20240123,4.29,4.33,4.21,4.27,4.27,0.0,0.0,145895.0,62211.293
300376.SZ,20240123,5.53,5.62,5.37,5.56,5.52,0.04,0.7246,125306.0,69381.05
300377.SZ,20240123,6.49,6.65,6.43,6.61,6.49,0.12,1.849,120893.93,79257.363
300378.SZ,20240123,17.18,17.53,16.8,17.36,17.06,0.3,1.7585,66006.72,113761.097
300379.SZ,20240123,14.16,14.33,13.85,14.25,14.14,0.11,0.7779,150931.16,213503.209
300380.SZ,20240123,17.83,18.08,17.48,17.82,17.73,0.09,0.5076,24901.5,44233.234
300381.SZ,20240123,6.02,6.04,5.75,5.91,6.03,-0.12,-1.99,83048.76,48886.107
300382.SZ,20240123,7.88,8.05,7.67,7.9,7.88,0.02,0.2538,51945.25,40936.875
300383.SZ,20240123,7.99,8.25,7.93,8.19,7.97,0.22,2.7604,176576.07,143166.868
300384.SZ,20240123,12.91,13.2,12.61,13.17,12.93,0.24,1.8561,43770.48,56876.938
300385.SZ,20240123,5.81,5.87,5.56,5.64,5.85,-0.21,-3.5897,60142.0,33990.862
300386.SZ,20240123,8.71,8.82,8.52,8.7,8.76,-0.06,-0.6849,47741.84,41397.983
300387.SZ,20240123,6.7,6.76,6.46,6.58,6.67,-0.09,-1.3493,77851.0,51088.986
300388.SZ,20240123,5.8,5.83,5.64,5.81,5.81,0.0,0.0,52956.61,30379.455
300389.SZ,20240123,15.39,15.61,15.01,15.49,15.46,0.03,0.194,52138.0,80134.19
300390.SZ,20240123,23.0,23.49,22.13,23.06,23.09,-0.03,-0.1299,120714.5,277699.491
300391.SZ,20240123,6.57,6.95,6.3,6.41,6.53,-0.12,-1.8377,67669.0,43542.923
300393.SZ,20240123,9.85,10.39,9.65,10.09,9.94,0.15,1.5091,296896.06,300801.786
300394.SZ,20240123,95.0,101.0,94.54,98.0,94.12,3.88,4.1224,186112.88,1817408.702
300395.SZ,20240123,27.07,27.66,26.61,27.58,26.93,0.65,2.4137,78659.4,214820.68
300396.SZ,20240123,24.62,25.72,23.45,25.25,24.63,0.62,2.5173,26472.63,65786.106
300397.SZ,20240123,8.18,8.3,8.03,8.23,8.17,0.06,0.7344,68480.0,55891.512
300398.SZ,20240123,12.51,12.81,12.3,12.72,12.55,0.17,1.3546,98430.82,124343.779
300399.SZ,20240123,11.3,11.36,11.01,11.27,11.32,-0.05,-0.4417,33275.0,37293.019
300400.SZ,20240123,12.52,12.64,12.25,12.37,12.52,-0.15,-1.1981,35750.0,44341.246
300401.SZ,20240123,10.11,10.18,9.87,10.08,10.17,-0.09,-0.885,65053.61,65293.925
300402.SZ,20240123,16.16,16.33,15.75,16.13,16.13,0.0,0.0,31420.0,50510.765
300403.SZ,20240123,6.79,6.87,6.67,6.85,6.8,0.05,0.7353,142464.67,96615.313
300404.SZ,20240123,7.6,7.69,7.44,7.53,7.65,-0.12,-1.5686,57916.95,43599.619
300405.SZ,20240123,6.96,7.16,6.51,6.76,6.94,-0.18,-2.5937,332061.01,227586.837
300406.SZ,20240123,17.7,18.47,17.5,18.31,17.38,0.93,5.351,48494.61,87635.473
300407.SZ,20240123,7.88,7.9,7.45,7.56,7.92,-0.36,-4.5455,67576.9,51165.253
300408.SZ,20240123,24.56,25.06,24.03,24.85,24.55,0.3,1.222,111557.58,275236.343
300409.SZ,20240123,9.35,9.49,9.13,9.37,9.3,0.07,0.7527,64016.06,59668.845
300410.SZ,20240123,7.0,7.03,6.73,6.85,7.0,-0.15,-2.1429,56427.35,38593.996
300411.SZ,20240123,6.33,6.35,6.1,6.19,6.34,-0.15,-2.3659,103517.6,64028.296
300412.SZ,20240123,4.76,4.84,4.59,4.69,4.79,-0.1,-2.0877,157484.5,73362.446
300413.SZ,20240123,21.01,22.03,20.95,21.87,21.13,0.74,3.5021,208594.01,450486.819
300414.SZ,20240123,7.98,8.1,7.81,7.93,7.95,-0.02,-0.2516,55986.0,44219.755
300415.SZ,20240123,15.18,15.57,14.75,15.31,15.19,0.12,0.79,44188.65,67198.298
300416.SZ,20240123,13.55,13.84,13.14,13.77,13.48,0.29,2.1513,115877.12,156472.511
300417.SZ,20240123,10.3,10.42,9.89,10.05,10.33,-0.28,-2.7106,31251.0,31382.932
300418.SZ,20240123,31.61,37.5,30.91,35.91,31.98,3.93,12.2889,1293875.66,4504943.607
300419.SZ,20240123,4.91,4.94,4.79,4.92,4.94,-0.02,-0.4049,141229.0,68804.879
300420.SZ,20240123,2.59,2.61,2.53,2.6,2.6,0.0,0.0,119348.0,30756.172
300421.SZ,20240123,9.92,9.95,9.43,9.63,9.83,-0.2,-2.0346,126603.36,121537.714
300422.SZ,20240123,5.2,5.22,5.01,5.17,5.19,-0.02,-0.3854,50528.26,25893.134
300423.SZ,20240123,8.32,8.6,8.12,8.55,8.33,0.22,2.6411,69216.0,58309.397
300424.SZ,20240123,10.66,10.82,10.4,10.6,10.78,-0.18,-1.6698,36325.4,38342.51
300425.SZ,20240123,4.16,4.24,4.07,4.21,4.16,0.05,1.2019,73735.56,30613.869
300426.SZ,20240123,9.25,9.48,9.11,9.29,9.3,-0.01,-0.1075,88358.0,81809.414
300427.SZ,20240123,5.14,5.27,5.11,5.24,5.15,0.09,1.7476,29220.0,15210.641
300428.SZ,20240123,16.26,17.08,16.16,16.97,16.32,0.65,3.9828,70478.58,118141.214
300429.SZ,20240123,10.25,10.34,10.09,10.23,10.17,0.06,0.59,118531.95,121110.751
300430.SZ,20240123,11.66,11.78,11.33,11.44,11.6,-0.16,-1.3793,29664.32,34059.456
300432.SZ,20240123,8.31,8.44,8.19,8.3,8.35,-0.05,-0.5988,115029.55,95513.394
300433.SZ,20240123,11.47,11.68,11.33,11.57,11.48,0.09,0.784,208143.1,240709.763
300434.SZ,20240123,8.91,9.08,8.86,9.05,8.99,0.06,0.6674,39903.0,35821.388
300435.SZ,20240123,11.95,12.22,11.72,12.04,11.99,0.05,0.417,40746.0,48992.618
300436.SZ,20240123,21.4,21.49,20.9,21.25,21.4,-0.15,-0.7009,12066.25,25528.955
300437.SZ,20240123,11.03,11.2,10.62,10.71,11.0,-0.29,-2.6364,42747.25,45981.919
300438.SZ,20240123,23.97,25.06,23.51,24.22,24.18,0.04,0.1654,128979.07,314811.494
300439.SZ,20240123,9.93,10.03,9.63,9.88,9.99,-0.11,-1.1011,50750.93,49895.168
300440.SZ,20240123,5.91,5.99,5.72,5.93,5.96,-0.03,-0.5034,89774.5,52711.595
300441.SZ,20240123,6.26,6.35,6.12,6.29,6.29,0.0,0.0,126148.8,78619.862
300442.SZ,20240123,20.39,21.08,20.32,20.77,20.5,0.27,1.3171,50535.68,104715.447
300443.SZ,20240123,20.88,21.48,20.61,21.12,20.91,0.21,1.0043,58202.08,122518.098
300444.SZ,20240123,5.94,6.01,5.74,5.93,5.89,0.04,0.6791,120623.76,71141.333
300445.SZ,20240123,16.08,17.45,16.05,16.94,16.19,0.75,4.6325,75095.86,126879.935
300446.SZ,20240123,13.03,13.32,12.97,13.2,13.08,0.12,0.9174,43383.2,56961.476
300447.SZ,20240123,11.71,11.89,11.48,11.76,11.71,0.05,0.427,29268.4,34126.363
300448.SZ,20240123,4.5,4.6,4.42,4.5,4.57,-0.07,-1.5317,91350.0,41018.312
300449.SZ,20240123,5.39,5.43,5.16,5.2,5.39,-0.19,-3.525,90738.74,47597.426
300450.SZ,20240123,22.35,22.98,22.07,22.48,22.41,0.07,0.3124,208388.85,469715.81
300451.SZ,20240123,4.76,5.2,4.76,4.94,4.81,0.13,2.7027,394571.91,191813.003
300452.SZ,20240123,12.17,12.4,11.9,12.13,12.2,-0.07,-0.5738,34569.4,41796.916
300453.SZ,20240123,6.63,6.68,6.38,6.57,6.66,-0.09,-1.3514,82103.6,53410.2
300454.SZ,20240123,60.17,61.73,59.81,60.83,60.17,0.66,1.0969,33799.41,205483.027
300455.SZ,20240123,9.56,9.8,9.52,9.74,9.61,0.13,1.3528,77157.14,74782.046
300456.SZ,20240123,18.93,19.65,18.83,19.56,19.12,0.44,2.3013,148409.22,286891.795
300457.SZ,20240123,16.96,17.54,16.61,17.34,17.0,0.34,2.0,128920.35,221532.682
300458.SZ,20240123,17.51,18.03,17.36,17.93,17.53,0.4,2.2818,88819.22,158189.849
300459.SZ,20240123,4.14,4.35,4.07,4.25,4.12,0.13,3.1553,1360154.14,574648.68
300460.SZ,20240123,10.51,10.52,10.06,10.13,10.36,-0.23,-2.2201,52720.6,53831.471
300461.SZ,20240123,22.87,23.0,21.79,22.3,22.92,-0.62,-2.7051,32594.6,72545.643
300462.SZ,20240123,9.86,9.92,9.4,9.58,9.93,-0.35,-3.5247,61179.0,58351.795
300463.SZ,20240123,12.61,12.7,12.2,12.57,12.63,-0.06,-0.4751,66530.81,82973.81
300464.SZ,20240123,5.08,5.16,4.96,5.04,5.13,-0.09,-1.7544,54137.95,27228.742
300465.SZ,20240123,8.24,8.33,8.13,8.21,8.24,-0.03,-0.3641,57540.96,47317.135
300466.SZ,20240123,5.84,5.93,5.7,5.81,5.85,-0.04,-0.6838,84958.6,49290.888
300467.SZ,20240123,14.13,14.5,13.77,14.3,14.11,0.19,1.3466,78803.0,111186.66
300468.SZ,20240123,8.66,8.94,8.6,8.83,8.66,0.17,1.963,99097.11,87126.185
300469.SZ,20240123,11.43,11.66,11.24,11.38,11.51,-0.13,-1.1295,53904.0,61369.826
300470.SZ,20240123,33.31,33.94,32.8,33.8,33.75,0.05,0.1481,6437.0,21475.372
300471.SZ,20240123,10.33,10.64,10.26,10.54,10.45,0.09,0.8612,61315.91,64138.708
300472.SZ,20240123,7.28,7.35,6.86,7.07,7.35,-0.28,-3.8095,133164.9,93826.305
300473.SZ,20240123,15.66,16.0,15.46,15.72,15.69,0.03,0.1912,36317.0,56965.061
300474.SZ,20240123,54.64,57.44,53.88,56.77,55.58,1.19,2.1411,71977.19,402363.506
300475.SZ,20240123,28.53,29.6,28.05,29.01,28.69,0.32,1.1154,98240.34,284259.632
300476.SZ,20240123,15.7,16.73,15.7,16.49,15.86,0.63,3.9723,257245.36,419826.553
300477.SZ,20240123,3.19,3.25,3.13,3.2,3.22,-0.02,-0.6211,144703.18,46206.263
300478.SZ,20240123,11.45,11.53,10.9,11.05,11.42,-0.37,-3.2399,43426.0,47857.88
300479.SZ,20240123,16.38,16.67,16.2,16.41,16.38,0.03,0.1832,28308.0,46340.714
300480.SZ,20240123,16.52,17.29,16.43,16.7,16.69,0.01,0.0599,51806.8,86958.436
300481.SZ,20240123,14.38,14.62,14.08,14.4,14.38,0.02,0.1391,19273.0,27671.16
300482.SZ,20240123,27.26,27.4,26.84,26.85,27.29,-0.44,-1.6123,27459.9,74356.658
300483.SZ,20240123,9.52,9.76,9.41,9.69,9.52,0.17,1.7857,31430.39,30131.453
300484.SZ,20240123,10.2,10.4,9.86,9.96,10.25,-0.29,-2.8293,40361.0,40341.078
300485.SZ,20240123,8.8,8.88,8.6,8.8,8.84,-0.04,-0.4525,36751.0,32211.594
300486.SZ,20240123,5.6,5.62,5.19,5.35,5.67,-0.32,-5.6437,187873.0,100491.247
300487.SZ,20240123,43.3,45.34,43.05,44.68,43.41,1.27,2.9256,29038.12,129286.723
300488.SZ,20240123,19.77,20.55,19.77,20.47,20.32,0.15,0.7382,14136.17,28636.765
300489.SZ,20240123,16.5,16.92,16.07,16.84,16.62,0.22,1.3237,35834.5,59177.827
300490.SZ,20240123,9.92,10.05,9.53,9.91,9.95,-0.04,-0.402,112422.08,110399.067
300491.SZ,20240123,19.17,19.55,18.7,19.13,19.18,-0.05,-0.2607,48425.0,92344.836
300492.SZ,20240123,76.2,80.88,76.0,80.6,77.35,3.25,4.2017,10205.82,80480.138
300493.SZ,20240123,6.85,6.93,6.77,6.89,6.9,-0.01,-0.1449,64893.86,44475.854
300494.SZ,20240123,13.09,14.21,12.92,14.0,13.09,0.91,6.9519,564571.17,776407.322
300496.SZ,20240123,57.5,58.95,56.5,57.93,57.5,0.43,0.7478,90291.04,522885.242
300497.SZ,20240123,7.8,7.87,7.56,7.84,7.84,0.0,0.0,75498.76,58335.765
300498.SZ,20240123,18.74,18.95,18.53,18.75,18.74,0.01,0.0534,191133.81,357252.286
300499.SZ,20240123,11.25,11.45,11.08,11.35,11.29,0.06,0.5314,83020.02,93837.54
300500.SZ,20240123,11.98,11.99,11.41,11.82,11.81,0.01,0.0847,29385.25,34519.364
300501.SZ,20240123,12.58,12.7,12.22,12.53,12.6,-0.07,-0.5556,32140.0,40016.063
300502.SZ,20240123,52.11,55.63,52.0,54.79,52.51,2.28,4.342,602035.85,3271880.621
300503.SZ,20240123,14.34,14.84,14.28,14.65,14.35,0.3,2.0906,124868.0,182163.775
300504.SZ,20240123,14.79,15.09,14.5,14.92,14.74,0.18,1.2212,24769.0,36824.173
300505.SZ,20240123,13.22,13.45,12.88,13.25,13.19,0.06,0.4549,62266.08,82212.689
300506.SZ,20240123,3.96,4.07,3.89,3.97,3.95,0.02,0.5063,95034.79,37532.06
300507.SZ,20240123,5.46,5.56,5.42,5.5,5.53,-0.03,-0.5425,129362.31,70915.28
300508.SZ,20240123,22.75,23.1,22.2,22.51,22.95,-0.44,-1.9172,18407.4,41415.213
300509.SZ,20240123,6.05,6.2,5.78,5.84,6.1,-0.26,-4.2623,70187.7,41140.391
300510.SZ,20240123,4.93,5.02,4.87,4.96,4.94,0.02,0.4049,87130.0,43126.231
300511.SZ,20240123,4.53,4.53,4.38,4.48,4.52,-0.04,-0.885,96556.85,43012.095
300512.SZ,20240123,6.88,7.0,6.62,6.74,6.95,-0.21,-3.0216,35860.65,24164.262
300513.SZ,20240123,9.06,9.22,8.94,9.14,9.12,0.02,0.2193,55274.76,50162.718
300514.SZ,20240123,13.9,13.95,13.45,13.76,13.88,-0.12,-0.8646,59287.0,81069.596
300515.SZ,20240123,9.66,9.67,9.32,9.5,9.65,-0.15,-1.5544,37981.0,35989.215
300516.SZ,20240123,26.91,27.2,26.5,26.87,27.35,-0.48,-1.755,20484.5,54914.434
300517.SZ,20240123,10.66,10.77,9.97,9.97,10.76,-0.79,-7.342,48028.4,49036.89
300518.SZ,20240123,13.61,13.73,13.29,13.68,13.68,0.0,0.0,19185.96,25974.923
300519.SZ,20240123,14.06,14.39,13.56,13.82,14.18,-0.36,-2.5388,28897.5,39796.431
300520.SZ,20240123,16.98,17.35,16.83,17.25,17.09,0.16,0.9362,52230.71,89525.177
300521.SZ,20240123,11.4,11.61,11.07,11.32,11.57,-0.25,-2.1608,21506.2,24207.82
300522.SZ,20240123,11.1,11.14,10.8,11.07,11.13,-0.06,-0.5391,36277.72,39912.841
300523.SZ,20240123,16.41,16.57,15.89,16.5,16.25,0.25,1.5385,19674.35,31883.242
300525.SZ,20240123,12.46,13.49,12.46,13.35,12.44,0.91,7.3151,139830.53,183236.368
300527.SZ,20240123,6.25,6.28,6.08,6.23,6.23,0.0,0.0,67770.61,41924.584
300528.SZ,20240123,9.63,9.69,9.08,9.34,9.64,-0.3,-3.112,133951.0,125039.644
300529.SZ,20240123,18.1,18.37,17.81,18.2,18.02,0.18,0.9989,43180.22,78317.397
300530.SZ,20240123,21.9,21.9,21.05,21.34,21.71,-0.37,-1.7043,31854.0,67982.803
300531.SZ,20240123,13.9,14.24,13.7,13.9,13.98,-0.08,-0.5722,112993.18,157716.894
300532.SZ,20240123,13.0,13.25,12.83,12.93,12.95,-0.02,-0.1544,104135.91,135235.176
300533.SZ,20240123,24.43,26.5,24.34,26.06,24.6,1.46,5.935,137983.86,353983.373
300534.SZ,20240123,8.34,8.44,8.2,8.38,8.3,0.08,0.9639,61901.0,51603.549
300535.SZ,20240123,15.05,15.09,14.24,14.56,15.0,-0.44,-2.9333,32871.19,47643.005
300536.SZ,20240123,18.77,19.9,18.35,19.55,18.58,0.97,5.2207,63729.25,121559.623
300537.SZ,20240123,15.81,16.19,15.75,16.02,15.87,0.15,0.9452,41499.0,66425.255
300538.SZ,20240123,15.08,15.08,14.54,14.71,14.82,-0.11,-0.7422,35714.89,52584.829
300539.SZ,20240123,10.05,10.14,9.74,9.81,10.13,-0.32,-3.1589,45709.0,45155.995
300540.SZ,20240123,20.38,20.38,19.64,19.91,20.38,-0.47,-2.3062,24080.01,48014.229
300541.SZ,20240123,12.69,12.93,12.56,12.85,12.71,0.14,1.1015,66618.7,85215.166
300542.SZ,20240123,10.53,10.56,10.26,10.49,10.55,-0.06,-0.5687,46731.94,48657.762
300543.SZ,20240123,8.81,8.96,8.45,8.57,8.9,-0.33,-3.7079,68114.54,58404.777
300545.SZ,20240123,25.97,27.1,25.79,26.88,26.23,0.65,2.4781,45093.0,120172.339
300546.SZ,20240123,12.74,12.95,12.56,12.75,12.76,-0.01,-0.0784,24449.3,31083.609
300547.SZ,20240123,14.5,15.0,14.17,14.79,14.76,0.03,0.2033,44490.0,64395.687
300548.SZ,20240123,22.8,27.65,22.75,26.19,23.04,3.15,13.6719,334512.65,856511.997
300549.SZ,20240123,15.82,16.0,15.31,15.6,15.7,-0.1,-0.6369,18495.0,28708.579
300550.SZ,20240123,12.43,12.6,12.03,12.19,12.43,-0.24,-1.9308,22912.75,27953.956
300551.SZ,20240123,13.61,14.19,13.33,13.92,13.5,0.42,3.1111,125092.05,171369.165
300552.SZ,20240123,21.98,22.3,21.6,21.82,22.08,-0.26,-1.1775,48145.0,105234.395
300553.SZ,20240123,26.0,26.1,25.37,25.76,25.92,-0.16,-0.6173,21092.5,54196.662
300554.SZ,20240123,21.46,21.49,20.75,21.09,21.21,-0.12,-0.5658,35015.0,73693.468
300555.SZ,20240123,6.3,6.45,6.2,6.42,6.35,0.07,1.1024,12586.5,8011.979
300556.SZ,20240123,26.55,27.15,25.44,25.92,26.38,-0.46,-1.7437,137050.58,358092.143
300557.SZ,20240123,28.31,28.95,27.77,27.93,28.59,-0.66,-2.3085,9456.0,26511.1
300558.SZ,20240123,41.41,41.97,41.01,41.6,41.0,0.6,1.4634,29612.65,122902.556
300559.SZ,20240123,12.18,12.6,12.06,12.5,12.19,0.31,2.5431,71688.35,88442.971
300560.SZ,20240123,14.9,15.2,14.5,14.59,14.99,-0.4,-2.6684,51653.0,76248.133
300561.SZ,20240123,9.81,10.41,9.7,10.0,9.87,0.13,1.3171,50419.15,50281.79
300562.SZ,20240123,10.0,10.0,9.55,9.76,9.86,-0.1,-1.0142,78871.0,76455.434
300563.SZ,20240123,12.92,13.39,12.65,12.87,13.11,-0.24,-1.8307,54262.6,69557.896
300564.SZ,20240123,11.41,11.49,10.92,11.14,11.41,-0.27,-2.3663,30190.02,33511.847
300565.SZ,20240123,12.7,12.99,12.2,12.64,12.83,-0.19,-1.4809,52018.63,65748.176
300566.SZ,20240123,14.53,14.79,14.26,14.44,14.71,-0.27,-1.8355,66962.58,96917.242
300567.SZ,20240123,61.21,62.46,59.8,61.79,62.2,-0.41,-0.6592,38378.4,235120.417
300568.SZ,20240123,12.1,12.48,11.88,12.12,12.21,-0.09,-0.7371,174505.04,213020.145
300569.SZ,20240123,5.4,5.46,5.08,5.44,5.41,0.03,0.5545,121239.1,65070.059
300570.SZ,20240123,35.0,38.41,35.0,37.26,35.7,1.56,4.3697,228389.57,847822.622
300571.SZ,20240123,26.6,27.23,26.04,27.08,26.6,0.48,1.8045,29102.0,77954.051
300572.SZ,20240123,12.92,12.92,12.49,12.8,12.8,0.0,0.0,62680.54,79234.535
300573.SZ,20240123,157.66,158.0,146.79,149.95,155.12,-5.17,-3.3329,31552.03,474865.667
300575.SZ,20240123,6.59,6.65,6.41,6.59,6.59,0.0,0.0,46329.25,30275.807
300576.SZ,20240123,32.55,33.48,32.21,33.24,32.47,0.77,2.3714,57840.26,191329.052
300577.SZ,20240123,12.89,13.26,12.56,13.05,13.19,-0.14,-1.0614,33299.31,43080.291
300578.SZ,20240123,14.31,14.48,14.02,14.15,14.35,-0.2,-1.3937,32348.0,45939.836
300579.SZ,20240123,20.4,20.94,20.0,20.81,20.42,0.39,1.9099,25231.95,51859.982
300580.SZ,20240123,23.91,24.3,23.32,24.04,23.76,0.28,1.1785,45631.38,109031.055
300581.SZ,20240123,8.11,8.11,7.81,8.02,8.03,-0.01,-0.1245,44825.4,35741.901
300582.SZ,20240123,9.78,9.9,9.45,9.6,9.83,-0.23,-2.3398,43752.47,42026.64
300583.SZ,20240123,16.21,16.21,15.7,16.04,16.1,-0.06,-0.3727,24119.4,38399.778
300584.SZ,20240123,19.81,19.84,19.22,19.43,19.71,-0.28,-1.4206,17087.0,33210.537
300585.SZ,20240123,13.2,13.2,12.81,13.01,13.17,-0.16,-1.2149,39700.0,51617.04
300586.SZ,20240123,6.59,6.72,6.45,6.62,6.59,0.03,0.4552,69735.44,45861.271
300587.SZ,20240123,4.59,4.69,4.49,4.66,4.59,0.07,1.5251,155931.45,71997.776
300588.SZ,20240123,10.1,10.32,9.91,10.0,10.17,-0.17,-1.6716,56995.7,57195.895
300589.SZ,20240123,11.36,11.52,11.05,11.5,11.35,0.15,1.3216,51098.5,57569.759
300590.SZ,20240123,9.27,9.52,9.14,9.35,9.29,0.06,0.6459,60845.5,56729.02
300591.SZ,20240123,5.2,5.2,5.02,5.13,5.2,-0.07,-1.3462,107084.5,54666.123
300592.SZ,20240123,21.33,21.85,20.8,21.61,21.27,0.34,1.5985,37917.0,81037.206
300593.SZ,20240123,11.28,11.51,10.9,11.39,11.18,0.21,1.8784,108480.32,122766.629
300594.SZ,20240123,17.78,17.78,16.82,17.04,17.61,-0.57,-3.2368,19630.89,33604.374
300595.SZ,20240123,18.5,19.2,18.44,19.07,18.58,0.49,2.6372,84056.01,158822.319
300596.SZ,20240123,23.82,24.36,23.24,24.06,23.83,0.23,0.9652,27594.0,65955.713
300597.SZ,20240123,7.69,7.76,7.59,7.67,7.64,0.03,0.3927,48728.0,37395.401
300598.SZ,20240123,35.98,36.98,35.61,36.52,36.13,0.39,1.0794,24141.23,88076.497
300599.SZ,20240123,6.96,7.02,6.58,6.81,6.95,-0.14,-2.0144,54677.0,36804.348
300600.SZ,20240123,8.76,8.94,8.64,8.79,8.75,0.04,0.4571,54057.0,47616.946
300601.SZ,20240123,22.54,23.27,22.43,23.12,22.67,0.45,1.985,91970.91,211274.377
300602.SZ,20240123,13.31,13.56,13.06,13.26,13.22,0.04,0.3026,96616.19,128532.555
300603.SZ,20240123,8.43,8.58,8.3,8.53,8.43,0.1,1.1862,85610.68,72459.044
300604.SZ,20240123,29.01,30.25,28.51,29.87,29.13,0.74,2.5403,92480.17,274265.47
300605.SZ,20240123,12.75,12.78,11.9,12.19,12.69,-0.5,-3.9401,48955.74,59819.251
300606.SZ,20240123,26.6,27.2,26.35,26.66,26.6,0.06,0.2256,28800.5,76836.157
300607.SZ,20240123,12.13,12.27,11.89,12.15,11.95,0.2,1.6736,71021.84,85943.068
300608.SZ,20240123,12.72,12.99,12.24,12.53,12.62,-0.09,-0.7132,162170.44,204092.685
300609.SZ,20240123,21.05,21.38,20.61,21.07,21.05,0.02,0.095,36351.5,76226.468
300610.SZ,20240123,10.15,10.2,9.63,10.02,10.13,-0.11,-1.0859,37759.0,37491.361
300611.SZ,20240123,9.41,9.46,9.1,9.22,9.38,-0.16,-1.7058,49328.41,45451.164
300612.SZ,20240123,15.36,15.62,15.01,15.53,15.35,0.18,1.1726,53217.3,81377.038
300613.SZ,20240123,33.84,34.79,33.5,34.49,33.92,0.57,1.6804,27591.71,94707.769
300614.SZ,20240123,16.26,16.29,15.33,15.76,15.75,0.01,0.0635,17221.0,27082.284
300615.SZ,20240123,13.36,13.36,13.0,13.22,13.3,-0.08,-0.6015,20337.0,26739.746
300616.SZ,20240123,15.29,15.37,14.83,15.14,15.21,-0.07,-0.4602,28282.96,42555.738
300617.SZ,20240123,25.83,26.17,25.04,25.96,25.83,0.13,0.5033,11276.0,28940.28
300618.SZ,20240123,23.69,24.05,23.25,23.86,23.57,0.29,1.2304,30915.63,73502.005
300619.SZ,20240123,46.99,47.24,44.91,46.72,46.99,-0.27,-0.5746,3583.76,16689.704
300620.SZ,20240123,40.1,43.43,40.1,43.08,40.78,2.3,5.64,177095.86,753074.028
300621.SZ,20240123,9.64,9.67,9.18,9.36,9.62,-0.26,-2.7027,40181.5,37407.728
300622.SZ,20240123,18.66,18.66,17.71,18.33,18.41,-0.08,-0.4345,29995.0,54464.469
300623.SZ,20240123,14.16,15.08,13.63,14.83,14.11,0.72,5.1028,191743.09,279419.9
300624.SZ,20240123,88.14,96.0,88.04,95.08,88.87,6.21,6.9877,176256.84,1637529.177
300625.SZ,20240123,12.87,12.91,12.35,12.62,12.78,-0.16,-1.252,30092.59,37815.925
300626.SZ,20240123,9.31,9.31,8.8,8.86,9.25,-0.39,-4.2162,61852.2,55197.69
300627.SZ,20240123,24.73,25.74,24.44,25.2,24.58,0.62,2.5224,52870.41,133437.51
300628.SZ,20240123,25.28,26.57,24.93,26.26,25.28,0.98,3.8766,86113.31,224189.872
300629.SZ,20240123,17.07,17.34,16.92,17.2,17.13,0.07,0.4086,42593.63,72975.217
300630.SZ,20240123,18.3,18.72,18.29,18.6,18.31,0.29,1.5838,82271.76,152235.777
300631.SZ,20240123,26.73,27.28,25.78,26.9,27.02,-0.12,-0.4441,15524.09,41011.181
300632.SZ,20240123,10.2,10.32,9.84,10.01,10.3,-0.29,-2.8155,37668.41,37668.996
300633.SZ,20240123,38.0,39.18,37.6,38.72,38.27,0.45,1.1759,29649.65,114308.021
300634.SZ,20240123,16.26,16.82,16.12,16.66,16.29,0.37,2.2713,100822.42,166905.76
300635.SZ,20240123,10.79,10.94,10.3,10.53,10.83,-0.3,-2.7701,34110.0,35836.379
300636.SZ,20240123,8.55,8.72,8.44,8.6,8.66,-0.06,-0.6928,30338.72,25970.529
300637.SZ,20240123,8.16,8.32,8.02,8.14,8.17,-0.03,-0.3672,75331.5,61263.583
300638.SZ,20240123,15.24,15.45,15.1,15.33,15.22,0.11,0.7227,105565.93,161492.48
300639.SZ,20240123,7.42,7.5,7.29,7.45,7.5,-0.05,-0.6667,54274.89,40187.01
300640.SZ,20240123,5.7,5.75,5.4,5.48,5.68,-0.2,-3.5211,109178.8,59979.692
300641.SZ,20240123,4.87,4.93,4.64,4.81,4.85,-0.04,-0.8247,58267.27,27824.0
300642.SZ,20240123,14.78,14.96,14.32,14.6,14.79,-0.19,-1.2847,18445.65,26870.009
300643.SZ,20240123,10.06,10.2,9.95,10.15,10.1,0.05,0.495,34168.99,34486.834
300644.SZ,20240123,16.69,16.84,16.12,16.62,16.84,-0.22,-1.3064,25475.7,41961.774
300645.SZ,20240123,15.0,15.16,14.68,14.94,15.05,-0.11,-0.7309,44698.5,66464.546
300647.SZ,20240123,5.23,5.23,5.1,5.16,5.23,-0.07,-1.3384,87467.7,45137.207
300648.SZ,20240123,21.4,21.68,20.79,21.2,21.52,-0.32,-1.487,17176.98,36534.59
300649.SZ,20240123,14.1,14.15,13.74,14.09,14.1,-0.01,-0.0709,22707.0,31667.834
300650.SZ,20240123,10.75,10.9,10.6,10.79,10.91,-0.12,-1.0999,46579.0,50038.715
300651.SZ,20240123,16.88,16.91,16.31,16.67,16.9,-0.23,-1.3609,27104.99,44883.422
300652.SZ,20240123,22.28,22.36,21.7,22.15,22.35,-0.2,-0.8949,15644.74,34402.314
300653.SZ,20240123,23.43,23.69,22.9,23.26,23.37,-0.11,-0.4707,17010.23,39602.003
300654.SZ,20240123,9.5,10.17,9.28,9.79,9.5,0.29,3.0526,177943.35,172515.637
300655.SZ,20240123,7.72,7.91,7.67,7.87,7.73,0.14,1.8111,122593.58,95911.088
300656.SZ,20240123,19.56,19.64,18.8,19.27,19.82,-0.55,-2.775,19638.41,37628.931
300657.SZ,20240123,15.41,15.88,15.3,15.74,15.41,0.33,2.1415,99431.03,155695.436
300658.SZ,20240123,6.18,6.19,5.81,5.9,6.18,-0.28,-4.5307,103612.0,61436.541
300659.SZ,20240123,17.52,17.97,17.24,17.55,17.52,0.03,0.1712,37222.0,65374.987
300660.SZ,20240123,23.9,24.78,23.74,24.64,23.81,0.83,3.4859,48108.15,117366.539
300661.SZ,20240123,67.5,67.96,66.13,66.66,67.45,-0.79,-1.1712,29019.94,194361.568
300662.SZ,20240123,22.41,22.84,21.79,22.72,22.59,0.13,0.5755,29991.56,66875.548
300663.SZ,20240123,12.74,13.12,12.53,12.91,12.79,0.12,0.9382,183420.11,236372.183
300664.SZ,20240123,4.77,4.86,4.7,4.8,4.77,0.03,0.6289,48804.0,23302.36
300665.SZ,20240123,7.67,7.71,7.28,7.49,7.72,-0.23,-2.9793,80454.6,59805.848
300666.SZ,20240123,45.01,46.29,44.58,46.06,45.0,1.06,2.3556,29907.15,136578.863
300667.SZ,20240123,13.41,13.62,13.14,13.42,13.57,-0.15,-1.1054,28960.0,38756.273
300668.SZ,20240123,22.58,23.11,21.91,22.9,22.58,0.32,1.4172,18194.97,41215.368
300669.SZ,20240123,13.49,13.86,13.23,13.51,13.51,0.0,0.0,16749.5,22565.644
300670.SZ,20240123,6.64,6.79,6.3,6.39,6.66,-0.27,-4.0541,67888.0,43477.641
300671.SZ,20240123,25.43,26.04,25.22,25.79,25.55,0.24,0.9393,23840.51,61298.341
300672.SZ,20240123,56.0,58.37,55.12,57.33,56.58,0.75,1.3256,54002.22,309378.675
300673.SZ,20240123,13.16,13.29,12.6,12.99,13.29,-0.3,-2.2573,38360.5,49400.724
300674.SZ,20240123,13.03,13.37,12.91,13.26,13.12,0.14,1.0671,78882.48,104048.548
300675.SZ,20240123,13.08,13.25,12.6,12.93,13.1,-0.17,-1.2977,28949.89,37108.625
300676.SZ,20240123,39.78,40.79,39.26,40.5,39.7,0.8,2.0151,19971.31,80284.129
300677.SZ,20240123,20.99,21.36,20.51,21.26,20.99,0.27,1.2863,46201.98,97002.852
300678.SZ,20240123,24.62,27.3,24.62,26.59,24.81,1.78,7.1745,122301.3,319224.485
300679.SZ,20240123,33.66,34.65,33.35,34.28,33.71,0.57,1.6909,24956.26,85195.175
300680.SZ,20240123,16.1,16.44,15.88,16.21,16.08,0.13,0.8085,24564.28,39709.376
300681.SZ,20240123,15.49,16.05,15.36,15.81,15.95,-0.14,-0.8777,55985.3,88303.672
300682.SZ,20240123,12.43,12.52,12.03,12.37,12.29,0.08,0.6509,153254.03,188532.2
300683.SZ,20240123,28.8,29.3,28.46,29.18,28.8,0.38,1.3194,10721.0,31067.96
300684.SZ,20240123,15.26,15.65,15.07,15.38,15.42,-0.04,-0.2594,39922.0,61389.75
300685.SZ,20240123,17.93,18.18,17.66,17.92,17.93,-0.01,-0.0558,20135.12,36100.411
300686.SZ,20240123,8.35,8.51,8.11,8.17,8.41,-0.24,-2.8537,45233.0,37179.415
300687.SZ,20240123,16.91,17.2,16.62,17.07,16.9,0.17,1.0059,82109.66,139380.7
300688.SZ,20240123,24.4,25.4,24.16,25.07,24.4,0.67,2.7459,49692.6,124379.72
300689.SZ,20240123,15.98,16.48,15.56,15.83,16.04,-0.21,-1.3092,14812.62,23344.079
300690.SZ,20240123,16.28,16.52,15.5,15.82,16.51,-0.69,-4.1793,73134.5,117001.669
300691.SZ,20240123,18.89,19.77,18.11,19.43,20.08,-0.65,-3.2371,101187.18,194227.923
300692.SZ,20240123,5.5,5.54,5.34,5.51,5.49,0.02,0.3643,31526.06,17155.901
300693.SZ,20240123,29.99,32.32,29.58,31.92,29.92,2.0,6.6845,267449.64,840234.983
300694.SZ,20240123,10.25,10.36,9.96,10.27,10.25,0.02,0.1951,48684.46,49279.17
300695.SZ,20240123,45.74,45.74,44.03,44.38,45.67,-1.29,-2.8246,4873.88,21677.316
300696.SZ,20240123,13.98,14.17,13.59,13.91,14.01,-0.1,-0.7138,46123.08,64157.795
300697.SZ,20240123,10.32,10.54,10.23,10.41,10.42,-0.01,-0.096,30667.8,31827.855
300698.SZ,20240123,29.5,29.65,28.81,29.48,28.9,0.58,2.0069,11709.0,34188.01
300699.SZ,20240123,22.46,22.86,21.92,22.68,22.47,0.21,0.9346,76887.21,172503.595
300700.SZ,20240123,13.63,14.1,13.43,13.95,13.57,0.38,2.8003,59657.59,82366.245
300701.SZ,20240123,9.1,9.47,8.83,8.95,9.19,-0.24,-2.6115,45767.0,40874.267
300702.SZ,20240123,17.19,17.36,16.81,17.17,17.19,-0.02,-0.1163,20967.56,35823.97
300703.SZ,20240123,9.86,10.13,9.4,9.7,9.87,-0.17,-1.7224,49770.75,47908.019
300705.SZ,20240123,29.5,31.12,29.23,31.03,29.5,1.53,5.1864,40744.78,123882.291
300706.SZ,20240123,20.55,20.77,20.08,20.55,20.54,0.01,0.0487,22834.0,46660.849
300707.SZ,20240123,14.72,15.45,14.39,14.86,14.79,0.07,0.4733,71698.57,105384.385
300708.SZ,20240123,9.76,9.95,9.57,9.7,9.82,-0.12,-1.222,122621.0,118967.426
300709.SZ,20240123,24.9,25.25,24.49,24.9,24.9,0.0,0.0,52408.32,130175.372
300710.SZ,20240123,19.4,19.64,18.68,19.18,19.4,-0.22,-1.134,23670.63,45076.279
300711.SZ,20240123,11.42,11.63,11.19,11.46,11.41,0.05,0.4382,32696.1,37262.699
300712.SZ,20240123,21.59,22.04,21.0,21.79,21.69,0.1,0.461,17151.0,36958.267
300713.SZ,20240123,15.12,15.28,14.77,14.97,15.12,-0.15,-0.9921,20939.55,31354.511
300715.SZ,20240123,10.33,10.36,9.99,10.3,10.36,-0.06,-0.5792,14191.25,14443.584
300716.SZ,20240123,10.08,10.18,9.51,10.02,10.05,-0.03,-0.2985,47595.0,46958.096
300717.SZ,20240123,14.37,14.6,13.6,13.76,14.37,-0.61,-4.245,26625.0,36740.097
300718.SZ,20240123,14.86,15.08,14.4,14.73,14.96,-0.23,-1.5374,37086.5,54606.187
300719.SZ,20240123,11.45,11.8,11.3,11.68,11.57,0.11,0.9507,82438.51,95114.88
300720.SZ,20240123,11.48,11.55,11.05,11.15,11.55,-0.4,-3.4632,20942.0,23466.108
300721.SZ,20240123,12.5,12.57,12.13,12.32,12.52,-0.2,-1.5974,33140.4,40794.316
300722.SZ,20240123,21.33,21.69,20.91,21.48,21.5,-0.02,-0.093,19369.32,41243.613
300723.SZ,20240123,23.22,24.93,23.22,24.76,24.1,0.66,2.7386,42841.26,104563.268
300724.SZ,20240123,64.63,68.78,64.31,67.46,64.32,3.14,4.8818,120132.75,806622.642
300725.SZ,20240123,31.58,32.4,31.36,31.96,31.54,0.42,1.3316,26085.15,83195.445
300726.SZ,20240123,23.65,24.18,23.45,24.03,23.65,0.38,1.6068,28489.02,68085.204
300727.SZ,20240123,23.23,23.73,22.38,22.95,23.38,-0.43,-1.8392,17460.0,39964.794
300729.SZ,20240123,17.25,20.18,17.25,19.86,17.49,2.37,13.5506,326363.73,617454.124
300730.SZ,20240123,10.67,10.86,10.6,10.77,10.73,0.04,0.3728,52309.5,56094.133
300731.SZ,20240123,16.43,16.61,16.13,16.51,16.58,-0.07,-0.4222,25201.48,41334.81
300732.SZ,20240123,7.89,7.9,7.64,7.86,7.89,-0.03,-0.3802,34926.6,27179.25
300733.SZ,20240123,9.76,9.91,9.57,9.69,9.85,-0.16,-1.6244,29132.45,28264.618
300735.SZ,20240123,17.69,18.3,17.6,18.09,17.63,0.46,2.6092,229670.4,413302.387
300736.SZ,20240123,11.86,12.2,11.6,12.12,12.02,0.1,0.8319,58785.2,69728.807
300737.SZ,20240123,5.29,5.35,5.19,5.29,5.3,-0.01,-0.1887,116864.07,61466.014
300738.SZ,20240123,9.46,9.55,8.77,9.34,9.6,-0.26,-2.7083,376247.74,349262.667
300739.SZ,20240123,12.53,12.64,12.11,12.33,12.6,-0.27,-2.1429,30154.92,37044.831
300740.SZ,20240123,15.35,15.79,14.95,15.72,15.35,0.37,2.4104,101020.86,156569.548
300741.SZ,20240123,18.18,18.49,17.74,18.39,18.32,0.07,0.3821,17933.3,32504.623
300743.SZ,20240123,11.53,11.66,11.03,11.15,11.5,-0.35,-3.0435,41461.05,46448.372
300745.SZ,20240123,20.22,20.45,19.86,20.26,20.26,0.0,0.0,38601.94,77849.665
300746.SZ,20240123,8.74,8.76,8.36,8.6,8.72,-0.12,-1.3761,30009.0,25580.29
300747.SZ,20240123,19.91,20.85,19.68,20.7,20.11,0.59,2.9339,71940.26,147545.087
300748.SZ,20240123,16.19,16.66,15.87,16.41,16.16,0.25,1.547,108437.04,176893.52
300749.SZ,20240123,8.23,8.25,7.68,7.77,8.18,-0.41,-5.0122,61078.0,47606.34
300750.SZ,20240123,155.0,158.8,153.19,153.91,155.66,-1.75,-1.1242,323058.95,5033058.276
300751.SZ,20240123,116.28,124.41,113.5,122.91,116.34,6.57,5.6472,39103.59,470457.055
300752.SZ,20240123,14.0,14.53,13.61,13.83,14.06,-0.23,-1.6358,35124.06,48466.533
300753.SZ,20240123,14.21,14.5,13.71,13.89,14.52,-0.63,-4.3388,40569.98,56395.506
300755.SZ,20240123,15.9,16.15,15.62,16.12,15.99,0.13,0.813,26018.08,41459.582
300756.SZ,20240123,14.35,14.41,13.64,14.08,14.45,-0.37,-2.5606,33579.44,46936.277
300757.SZ,20240123,62.0,66.07,61.01,64.4,62.0,2.4,3.871,32575.9,209489.495
300758.SZ,20240123,8.31,8.43,8.06,8.24,8.4,-0.16,-1.9048,35697.58,29320.553
300759.SZ,20240123,24.6,25.2,24.41,24.85,24.61,0.24,0.9752,141450.25,350876.673
300760.SZ,20240123,272.9,278.2,271.5,275.5,274.86,0.64,0.2328,34510.67,950863.277
300761.SZ,20240123,18.83,19.18,18.6,18.84,18.78,0.06,0.3195,11925.4,22527.695
300762.SZ,20240123,11.06,11.4,10.98,11.29,11.12,0.17,1.5288,163712.3,183818.191
300763.SZ,20240123,71.41,75.39,68.97,72.63,71.68,0.95,1.3253,126064.32,917298.925
300766.SZ,20240123,11.84,12.2,11.81,12.08,11.88,0.2,1.6835,77445.37,93035.649
300767.SZ,20240123,14.51,15.24,14.28,14.71,14.51,0.2,1.3784,58338.07,86080.446
300768.SZ,20240123,11.52,11.68,11.34,11.61,11.49,0.12,1.0444,35125.06,40481.818
300769.SZ,20240123,49.73,51.39,49.02,49.85,50.01,-0.16,-0.3199,117587.93,589248.046
300770.SZ,20240123,32.64,33.81,32.33,33.57,32.64,0.93,2.8493,26423.75,87756.555
300771.SZ,20240123,9.17,9.21,8.78,8.84,9.21,-0.37,-4.0174,58907.95,52318.462
300772.SZ,20240123,9.47,9.52,9.17,9.31,9.51,-0.2,-2.103,104057.08,96887.863
300773.SZ,20240123,13.63,14.07,13.54,13.99,13.59,0.4,2.9433,77331.83,107281.286
300774.SZ,20240123,8.86,8.93,8.49,8.75,8.7,0.05,0.5747,36566.0,31693.238
300775.SZ,20240123,23.59,23.88,23.01,23.64,23.61,0.03,0.1271,55745.58,130652.642
300776.SZ,20240123,50.6,52.8,50.13,51.69,50.5,1.19,2.3564,29867.24,154543.04
300777.SZ,20240123,23.3,24.02,22.8,23.67,23.32,0.35,1.5009,45598.34,107129.95
300778.SZ,20240123,11.31,11.4,11.1,11.36,11.37,-0.01,-0.088,25786.14,29077.806
300779.SZ,20240123,41.66,42.96,41.0,42.79,42.38,0.41,0.9674,14178.33,59628.913
300780.SZ,20240123,16.3,16.53,16.06,16.18,16.31,-0.13,-0.7971,45741.0,74183.718
300781.SZ,20240123,35.5,36.54,34.62,35.89,35.86,0.03,0.0837,102008.8,362697.322
300782.SZ,20240123,106.02,108.1,103.5,104.25,106.97,-2.72,-2.5428,100423.35,1060288.873
300783.SZ,20240123,17.37,17.66,17.1,17.34,17.28,0.06,0.3472,92994.0,161340.417
300785.SZ,20240123,17.25,17.87,17.2,17.6,17.33,0.27,1.558,42718.5,75150.926
300786.SZ,20240123,15.78,15.94,14.76,15.18,15.22,-0.04,-0.2628,30012.81,45208.731
300787.SZ,20240123,13.59,13.62,13.0,13.3,13.61,-0.31,-2.2777,27254.95,36190.957
300788.SZ,20240123,24.12,24.5,23.36,24.17,23.95,0.22,0.9186,29288.0,70158.377
300789.SZ,20240123,18.99,19.14,18.16,18.47,19.06,-0.59,-3.0955,22722.96,41964.157
300790.SZ,20240123,12.6,13.0,12.49,12.75,12.79,-0.04,-0.3127,51720.5,65601.176
300791.SZ,20240123,30.38,30.83,29.45,30.65,30.38,0.27,0.8887,15314.75,46506.739
300792.SZ,20240123,19.38,19.72,18.91,19.66,19.48,0.18,0.924,28155.04,54641.157
300793.SZ,20240123,14.98,15.24,14.6,15.0,15.05,-0.05,-0.3322,123534.0,184510.891
300795.SZ,20240123,35.0,35.0,33.85,34.75,34.28,0.47,1.3711,13250.12,45566.41
300796.SZ,20240123,15.26,15.3,14.9,15.0,15.26,-0.26,-1.7038,34217.16,51586.68
300797.SZ,20240123,10.57,10.68,10.25,10.55,10.55,0.0,0.0,22362.0,23456.715
300798.SZ,20240123,8.15,8.33,8.08,8.21,8.15,0.06,0.7362,105112.37,86070.294
300800.SZ,20240123,11.21,11.3,10.85,11.12,11.17,-0.05,-0.4476,24233.5,26771.227
300801.SZ,20240123,14.11,14.13,13.62,13.7,14.09,-0.39,-2.7679,22751.0,31387.501
300802.SZ,20240123,15.2,15.48,14.81,15.35,14.96,0.39,2.607,24361.36,37032.956
300803.SZ,20240123,42.4,44.77,42.36,44.27,42.68,1.59,3.7254,115958.47,506170.088
300804.SZ,20240123,27.15,27.16,26.12,26.81,27.22,-0.41,-1.5062,3968.5,10591.852
300805.SZ,20240123,8.41,8.5,8.03,8.18,8.33,-0.15,-1.8007,117563.99,96263.093
300806.SZ,20240123,10.6,10.79,10.49,10.68,10.6,0.08,0.7547,45150.53,47927.462
300807.SZ,20240123,25.6,25.9,25.1,25.38,25.82,-0.44,-1.7041,13040.0,33124.179
300808.SZ,20240123,14.38,14.38,13.56,13.91,14.7,-0.79,-5.3741,54253.08,75154.684
300809.SZ,20240123,24.31,24.79,23.66,24.57,24.15,0.42,1.7391,37342.4,91085.671
300810.SZ,20240123,17.51,17.51,16.7,17.01,17.35,-0.34,-1.9597,35552.32,60532.801
300811.SZ,20240123,49.25,51.96,49.05,51.0,49.55,1.45,2.9263,43461.65,220565.032
300812.SZ,20240123,34.57,35.56,33.0,35.5,34.32,1.18,3.4382,220085.08,761189.37
300813.SZ,20240123,20.15,20.5,19.83,20.09,20.57,-0.48,-2.3335,10395.28,20915.904
300814.SZ,20240123,32.12,34.42,31.9,33.95,33.12,0.83,2.506,100498.5,336338.245
300815.SZ,20240123,12.94,13.05,12.58,12.99,12.94,0.05,0.3864,35121.48,45037.614
300816.SZ,20240123,21.68,21.68,20.35,20.78,21.68,-0.9,-4.1513,18632.0,38726.829
300817.SZ,20240123,13.78,13.96,13.24,13.48,13.82,-0.34,-2.4602,28639.22,38434.543
300818.SZ,20240123,27.19,27.69,26.73,27.27,27.2,0.07,0.2574,8737.9,23793.352
300819.SZ,20240123,13.78,13.89,13.05,13.35,13.8,-0.45,-3.2609,28999.0,38532.173
300820.SZ,20240123,44.31,45.22,43.39,44.11,44.31,-0.2,-0.4514,24192.1,107117.067
300821.SZ,20240123,8.82,9.14,8.55,8.99,9.04,-0.05,-0.5531,295156.42,262624.081
300822.SZ,20240123,11.99,12.08,11.3,11.48,11.86,-0.38,-3.204,37234.67,42770.851
300823.SZ,20240123,18.25,18.37,17.28,17.7,18.23,-0.53,-2.9073,29073.91,51214.643
300824.SZ,20240123,8.08,8.21,7.76,8.0,8.08,-0.08,-0.9901,41316.5,32793.331
300825.SZ,20240123,10.42,10.67,10.29,10.54,10.49,0.05,0.4766,68678.62,72237.159
300826.SZ,20240123,14.34,14.53,13.93,14.24,14.33,-0.09,-0.6281,30217.0,42728.366
300827.SZ,20240123,26.25,27.32,25.92,26.82,26.24,0.58,2.2104,67885.4,181694.718
300828.SZ,20240123,12.51,12.64,12.07,12.21,12.48,-0.27,-2.1635,33435.5,40857.833
300829.SZ,20240123,17.61,17.61,17.11,17.27,17.63,-0.36,-2.042,15066.8,26113.524
300830.SZ,20240123,6.46,6.57,6.33,6.44,6.56,-0.12,-1.8293,62659.0,40291.403
300831.SZ,20240123,10.32,10.4,10.02,10.23,10.36,-0.13,-1.2548,25087.0,25566.919
300832.SZ,20240123,70.08,73.35,69.7,72.94,70.8,2.14,3.0226,20323.13,146117.01
300833.SZ,20240123,102.51,106.9,101.52,103.31,102.5,0.81,0.7902,2866.0,29604.617
300834.SZ,20240123,18.3,18.32,17.91,18.16,18.36,-0.2,-1.0893,7768.07,14060.392
300835.SZ,20240123,23.2,23.53,22.82,23.35,23.03,0.32,1.3895,15254.3,35411.06
300836.SZ,20240123,23.19,23.3,22.2,22.55,23.15,-0.6,-2.5918,17494.8,39337.084
300837.SZ,20240123,25.39,25.4,24.57,24.85,25.39,-0.54,-2.1268,6894.0,17132.745
300838.SZ,20240123,13.6,13.7,13.08,13.3,13.59,-0.29,-2.1339,29292.68,38780.55
300839.SZ,20240123,8.99,9.0,8.65,8.84,8.96,-0.12,-1.3393,32643.05,28709.052
300840.SZ,20240123,16.56,17.06,16.0,16.77,16.76,0.01,0.0597,40111.0,66874.943
300841.SZ,20240123,59.29,59.36,57.61,58.03,58.6,-0.57,-0.9727,18119.2,105463.232
300842.SZ,20240123,73.07,82.73,72.71,77.89,72.71,5.18,7.1242,107178.66,840055.121
300843.SZ,20240123,18.44,18.88,17.79,17.99,18.74,-0.75,-4.0021,21281.0,38409.784
300844.SZ,20240123,28.96,29.41,28.68,29.1,28.89,0.21,0.7269,7925.59,23015.115
300845.SZ,20240123,14.92,15.06,14.61,14.93,15.16,-0.23,-1.5172,24440.96,36254.704
300846.SZ,20240123,11.7,12.09,11.63,11.99,11.7,0.29,2.4786,128688.0,152844.966
300847.SZ,20240123,13.11,13.28,12.94,13.16,13.14,0.02,0.1522,46417.0,60880.004
300848.SZ,20240123,15.08,15.35,14.88,15.32,15.14,0.18,1.1889,17296.25,26198.305
300849.SZ,20240123,12.54,12.73,12.28,12.63,12.59,0.04,0.3177,30437.5,37996.72
300850.SZ,20240123,25.39,26.29,25.21,26.04,25.63,0.41,1.5997,41693.2,107943.756
300851.SZ,20240123,27.73,27.88,26.49,26.97,27.48,-0.51,-1.8559,14429.05,38848.42
300852.SZ,20240123,30.55,30.56,29.7,30.33,30.49,-0.16,-0.5248,9625.3,29003.304
300853.SZ,20240123,22.01,22.82,21.9,22.18,22.35,-0.17,-0.7606,31198.8,69422.225
300854.SZ,20240123,15.05,15.17,14.4,14.75,15.1,-0.35,-2.3179,26604.08,38929.495
300855.SZ,20240123,21.8,22.29,21.27,22.12,21.81,0.31,1.4214,23726.58,51772.474
300856.SZ,20240123,61.41,64.55,60.41,64.29,61.15,3.14,5.1349,18662.9,117747.755
300857.SZ,20240123,45.0,45.76,43.3,45.1,43.9,1.2,2.7335,82444.61,366778.729
300858.SZ,20240123,16.8,17.48,16.33,17.12,17.1,0.02,0.117,18717.99,31380.167
300859.SZ,20240123,25.5,26.32,24.91,26.29,25.8,0.49,1.8992,31153.01,80321.675
300860.SZ,20240123,42.28,42.49,39.8,41.85,42.6,-0.75,-1.7606,19994.64,81729.958
300861.SZ,20240123,26.88,28.28,26.61,27.69,27.03,0.66,2.4417,55021.37,151719.861
300862.SZ,20240123,37.0,37.32,35.28,37.0,37.0,0.0,0.0,18021.15,65037.202
300863.SZ,20240123,39.74,40.2,38.02,38.7,40.0,-1.3,-3.25,10787.53,42025.39
300864.SZ,20240123,18.64,18.84,18.19,18.74,18.74,0.0,0.0,13179.05,24489.696
300865.SZ,20240123,17.71,17.94,17.12,17.66,17.89,-0.23,-1.2856,11932.87,20934.145
300866.SZ,20240123,73.0,77.67,72.51,76.45,73.34,3.11,4.2405,33161.43,251207.362
300867.SZ,20240123,13.4,13.59,13.2,13.53,13.46,0.07,0.5201,18503.5,24793.09
300868.SZ,20240123,17.96,18.06,17.01,17.21,17.96,-0.75,-4.1759,24355.93,42206.705
300869.SZ,20240123,18.16,18.49,18.0,18.21,18.24,-0.03,-0.1645,18953.87,34519.608
300870.SZ,20240123,35.07,36.0,34.64,35.43,35.04,0.39,1.113,16120.0,56758.692
300871.SZ,20240123,12.04,12.2,11.74,12.01,12.02,-0.01,-0.0832,23333.38,27862.193
300872.SZ,20240123,11.68,11.82,11.31,11.74,11.62,0.12,1.0327,47761.83,55301.319
300873.SZ,20240123,17.99,18.48,17.48,18.19,18.05,0.14,0.7756,49712.07,89624.081
300875.SZ,20240123,27.17,27.17,26.2,26.52,27.09,-0.57,-2.1041,35190.6,93407.218
300876.SZ,20240123,21.67,21.67,20.04,20.89,21.24,-0.35,-1.6478,7805.0,16203.742
300877.SZ,20240123,15.31,15.31,14.56,15.05,15.33,-0.28,-1.8265,20284.0,30144.97
300878.SZ,20240123,20.83,21.3,20.7,20.99,21.13,-0.14,-0.6626,15119.84,31696.048
300879.SZ,20240123,14.23,14.59,13.58,13.78,14.25,-0.47,-3.2982,21415.0,29517.762
300880.SZ,20240123,15.47,15.83,15.38,15.63,15.7,-0.07,-0.4459,26119.9,40685.935
300881.SZ,20240123,22.0,22.04,21.45,21.81,22.11,-0.3,-1.3569,15513.04,33741.854
300882.SZ,20240123,19.27,19.82,19.04,19.44,19.4,0.04,0.2062,21260.8,41223.504
300883.SZ,20240123,5.8,5.9,5.63,5.84,5.82,0.02,0.3436,76706.24,44209.01
300884.SZ,20240123,11.1,11.77,10.56,11.63,11.41,0.22,1.9281,154854.36,175583.257
300885.SZ,20240123,8.85,8.88,8.4,8.46,8.8,-0.34,-3.8636,50632.85,43057.334
300886.SZ,20240123,20.66,20.9,19.86,20.43,20.83,-0.4,-1.9203,14318.9,29007.989
300887.SZ,20240123,9.3,9.33,9.09,9.3,9.29,0.01,0.1076,90964.26,83975.923
300888.SZ,20240123,34.5,34.94,33.7,34.6,35.08,-0.48,-1.3683,23710.46,81583.12
300889.SZ,20240123,13.8,13.8,12.96,13.2,13.85,-0.65,-4.6931,40579.29,53553.004
300890.SZ,20240123,28.99,29.0,27.77,28.58,28.65,-0.07,-0.2443,13839.0,39357.09
300891.SZ,20240123,8.48,8.52,8.16,8.27,8.42,-0.15,-1.7815,45095.03,37326.732
300892.SZ,20240123,21.05,21.07,20.17,20.48,21.04,-0.56,-2.6616,10260.0,20979.766
300893.SZ,20240123,27.67,28.16,27.15,27.67,27.57,0.1,0.3627,19011.25,52382.23
300894.SZ,20240123,13.74,13.84,13.41,13.7,13.79,-0.09,-0.6526,41655.29,56831.274
300895.SZ,20240123,26.2,27.19,26.2,26.97,26.56,0.41,1.5437,23897.88,63864.063
300896.SZ,20240123,303.8,315.56,302.0,310.02,305.0,5.02,1.6459,36986.71,1144949.246
300897.SZ,20240123,27.8,28.13,27.35,27.76,28.11,-0.35,-1.2451,8677.0,24010.218
300898.SZ,20240123,20.15,20.27,19.5,19.91,20.14,-0.23,-1.142,27326.0,54111.557
300899.SZ,20240123,24.68,26.19,23.05,25.81,24.68,1.13,4.5786,22677.79,55473.23
300900.SZ,20240123,19.83,20.28,19.5,20.12,19.86,0.26,1.3092,23601.34,46995.988
300901.SZ,20240123,8.86,8.94,8.48,8.7,8.89,-0.19,-2.1372,47301.04,40802.202
300902.SZ,20240123,28.6,29.58,28.3,29.19,30.0,-0.81,-2.7,16207.09,46795.467
300903.SZ,20240123,7.86,8.05,7.74,7.82,7.9,-0.08,-1.0127,74221.4,58241.735
300904.SZ,20240123,52.0,52.8,50.99,51.64,52.0,-0.36,-0.6923,12493.0,64601.538
300905.SZ,20240123,14.98,15.2,14.71,15.04,15.08,-0.04,-0.2653,31266.63,46573.687
300906.SZ,20240123,21.5,25.36,21.5,22.84,21.13,1.71,8.0928,34987.67,80649.134
300907.SZ,20240123,18.25,19.19,17.53,17.78,18.35,-0.57,-3.1063,17263.97,30717.099
300908.SZ,20240123,36.12,36.47,35.0,36.2,36.41,-0.21,-0.5768,9189.0,32927.905
300909.SZ,20240123,23.22,23.85,23.03,23.46,23.5,-0.04,-0.1702,18767.75,44090.116
300910.SZ,20240123,39.75,41.55,39.01,40.49,39.75,0.74,1.8616,18091.52,73386.33
300911.SZ,20240123,30.56,30.78,29.6,30.11,30.55,-0.44,-1.4403,22805.74,68673.448
300912.SZ,20240123,14.83,14.85,14.47,14.7,14.8,-0.1,-0.6757,26325.0,38518.722
300913.SZ,20240123,24.1,25.8,24.1,25.23,24.46,0.77,3.148,44149.85,111387.383
300915.SZ,20240123,28.98,28.98,27.83,28.49,28.62,-0.13,-0.4542,4036.4,11445.595
300916.SZ,20240123,19.86,19.98,19.0,19.7,19.4,0.3,1.5464,20279.47,39404.446
300917.SZ,20240123,22.0,22.69,21.76,22.56,22.21,0.35,1.5759,24525.0,54698.184
300918.SZ,20240123,9.16,9.45,8.98,9.34,9.25,0.09,0.973,35620.33,32801.252
300919.SZ,20240123,46.9,48.37,46.01,47.8,46.9,0.9,1.919,36613.99,173686.823
300920.SZ,20240123,18.13,18.18,17.02,17.46,17.64,-0.18,-1.0204,23170.0,40202.745
300921.SZ,20240123,20.15,20.58,19.9,20.21,20.17,0.04,0.1983,14229.15,28825.179
300922.SZ,20240123,14.19,14.21,13.56,13.7,14.18,-0.48,-3.385,49745.67,68162.104
300923.SZ,20240123,20.2,20.29,19.48,19.7,20.21,-0.51,-2.5235,12294.0,24232.441
300925.SZ,20240123,9.56,9.95,9.47,9.88,9.56,0.32,3.3473,131128.47,127622.384
300926.SZ,20240123,24.45,25.3,24.45,24.88,24.53,0.35,1.4268,24534.16,61008.849
300927.SZ,20240123,14.2,14.2,13.58,13.94,14.05,-0.11,-0.7829,19348.64,26732.331
300928.SZ,20240123,41.03,41.6,40.24,41.01,40.83,0.18,0.4409,11182.0,45866.297
300929.SZ,20240123,10.76,10.77,10.24,10.42,10.77,-0.35,-3.2498,54231.8,56388.232
300930.SZ,20240123,19.4,19.87,18.63,18.84,19.58,-0.74,-3.7794,13115.35,24807.252
300931.SZ,20240123,7.23,7.23,6.71,6.83,6.97,-0.14,-2.0086,68170.72,46627.356
300932.SZ,20240123,13.69,13.69,13.11,13.23,13.7,-0.47,-3.4307,27136.68,36137.741
300933.SZ,20240123,7.25,7.32,7.07,7.14,7.31,-0.17,-2.3256,90213.0,64492.968
300935.SZ,20240123,23.33,23.59,22.38,22.77,23.33,-0.56,-2.4003,15748.8,35780.911
300936.SZ,20240123,34.7,34.8,33.88,34.17,34.7,-0.53,-1.5274,11673.0,39912.265
300937.SZ,20240123,25.24,25.97,25.14,25.87,25.7,0.17,0.6615,13553.0,34698.911
300938.SZ,20240123,29.11,30.25,28.39,30.09,29.11,0.98,3.3665,10496.02,30775.611
300939.SZ,20240123,27.86,28.17,27.4,28.05,27.99,0.06,0.2144,22329.38,62176.576
300940.SZ,20240123,15.82,16.24,15.56,16.16,15.88,0.28,1.7632,25755.05,41072.371
300941.SZ,20240123,21.9,22.61,21.31,22.0,22.13,-0.13,-0.5874,112516.46,247623.873
300942.SZ,20240123,9.73,9.86,9.59,9.8,9.75,0.05,0.5128,22395.28,21840.955
300943.SZ,20240123,11.55,11.55,11.2,11.45,11.58,-0.13,-1.1226,25816.02,29439.812
300945.SZ,20240123,12.19,12.24,11.84,12.1,12.33,-0.23,-1.8654,40570.0,48809.8
300946.SZ,20240123,26.19,26.65,25.71,26.27,26.45,-0.18,-0.6805,7397.72,19364.883
300947.SZ,20240123,13.23,13.23,12.61,12.76,13.08,-0.32,-2.4465,27515.2,35156.218
300948.SZ,20240123,12.4,12.45,12.11,12.41,12.4,0.01,0.0806,28832.38,35500.41
300949.SZ,20240123,46.2,46.7,45.09,46.0,46.05,-0.05,-0.1086,16189.74,74231.421
300950.SZ,20240123,13.44,13.47,13.12,13.36,13.58,-0.22,-1.62,18076.04,24045.745
300951.SZ,20240123,46.84,46.86,45.3,46.02,46.6,-0.58,-1.2446,18110.17,83184.304
300952.SZ,20240123,18.98,19.41,18.48,18.86,19.02,-0.16,-0.8412,19389.89,36420.624
300953.SZ,20240123,45.72,47.77,45.1,45.62,46.01,-0.39,-0.8476,14504.03,66838.697
300955.SZ,20240123,18.5,18.52,17.68,18.19,18.5,-0.31,-1.6757,16071.0,28819.727
300956.SZ,20240123,14.97,15.0,14.29,14.41,14.99,-0.58,-3.8692,37314.62,54132.873
300957.SZ,20240123,61.8,64.1,61.2,62.92,62.22,0.7,1.125,34725.83,217572.402
300958.SZ,20240123,14.85,15.05,14.71,14.9,14.95,-0.05,-0.3344,22362.87,33278.648
300959.SZ,20240123,29.38,29.99,28.86,29.18,29.33,-0.15,-0.5114,8892.0,25985.125
300960.SZ,20240123,19.11,19.19,18.01,18.42,19.03,-0.61,-3.2055,16478.28,30532.912
300961.SZ,20240123,9.53,9.59,9.05,9.26,9.55,-0.29,-3.0366,35517.93,32926.91
300962.SZ,20240123,12.78,14.75,12.63,14.16,12.86,1.3,10.1089,48668.7,66377.231
300963.SZ,20240123,11.05,11.11,10.55,10.76,10.87,-0.11,-1.012,41243.95,44461.668
300964.SZ,20240123,31.96,32.31,31.1,31.76,31.85,-0.09,-0.2826,11350.0,36026.8
300965.SZ,20240123,42.78,43.21,41.78,42.4,42.71,-0.31,-0.7258,4374.26,18568.543
300966.SZ,20240123,19.7,19.78,18.9,19.36,19.82,-0.46,-2.3209,24479.29,47194.679
300967.SZ,20240123,12.21,12.21,11.77,11.93,12.2,-0.27,-2.2131,15797.0,18821.084
300968.SZ,20240123,10.8,11.07,10.36,10.92,11.14,-0.22,-1.9749,191485.79,205821.159
300969.SZ,20240123,82.74,82.75,78.4,79.73,81.66,-1.93,-2.3635,7148.79,57063.262
300970.SZ,20240123,14.66,14.67,14.27,14.51,14.73,-0.22,-1.4936,24804.75,35842.345
300971.SZ,20240123,20.21,21.34,19.65,20.59,20.28,0.31,1.5286,35529.75,71936.352
300972.SZ,20240123,34.8,34.83,33.01,34.31,34.8,-0.49,-1.408,19363.26,65987.19
300973.SZ,20240123,39.87,40.27,38.86,39.14,39.55,-0.41,-1.0367,23737.36,93424.936
300975.SZ,20240123,7.0,7.23,6.82,7.16,7.05,0.11,1.5603,208983.33,148745.326
300976.SZ,20240123,40.2,40.26,38.9,38.95,40.41,-1.46,-3.613,10248.2,40307.611
300977.SZ,20240123,15.82,16.07,15.34,15.56,15.83,-0.27,-1.7056,14299.35,22277.698
300978.SZ,20240123,11.35,11.44,11.17,11.32,11.43,-0.11,-0.9624,33606.13,37975.641
300979.SZ,20240123,50.82,52.15,49.52,51.86,51.4,0.46,0.8949,19063.46,96532.78
300980.SZ,20240123,20.9,20.9,18.88,19.33,19.35,-0.02,-0.1034,12864.03,24687.493
300981.SZ,20240123,12.8,12.94,12.39,12.62,12.88,-0.26,-2.0186,43606.65,54998.251
300982.SZ,20240123,28.81,29.49,27.3,29.36,29.2,0.16,0.5479,73513.27,207456.117
300983.SZ,20240123,27.15,27.67,26.52,27.2,27.19,0.01,0.0368,4473.26,12034.799
300984.SZ,20240123,23.07,23.07,22.3,22.68,23.08,-0.4,-1.7331,10342.0,23318.592
300985.SZ,20240123,31.11,31.11,30.26,30.85,30.86,-0.01,-0.0324,14559.0,44595.326
300986.SZ,20240123,10.57,10.6,10.29,10.43,10.58,-0.15,-1.4178,31941.13,33281.553
300987.SZ,20240123,14.66,15.58,14.6,14.98,15.05,-0.07,-0.4651,36782.43,54552.799
300988.SZ,20240123,16.81,16.81,16.17,16.57,16.79,-0.22,-1.3103,22633.22,37254.151
300989.SZ,20240123,16.03,16.43,15.69,16.09,16.13,-0.04,-0.248,26542.05,42305.78
300990.SZ,20240123,33.89,36.5,33.4,33.97,34.1,-0.13,-0.3812,22797.99,77559.2
300991.SZ,20240123,14.49,14.58,14.0,14.1,14.49,-0.39,-2.6915,23012.0,32599.224
300992.SZ,20240123,17.97,17.99,16.95,17.3,17.85,-0.55,-3.0812,26824.0,46200.473
300993.SZ,20240123,10.16,10.16,9.75,10.04,10.11,-0.07,-0.6924,36476.2,36215.871
300994.SZ,20240123,12.35,12.35,11.82,12.15,12.35,-0.2,-1.6194,22149.04,26706.935
300995.SZ,20240123,18.34,18.34,17.01,17.26,17.91,-0.65,-3.6293,18565.0,32217.751
300996.SZ,20240123,16.44,16.48,16.01,16.27,16.34,-0.07,-0.4284,44819.4,72654.366
300997.SZ,20240123,12.13,12.13,11.71,11.94,12.1,-0.16,-1.3223,22203.81,26480.294
300998.SZ,20240123,23.0,23.25,21.85,22.34,23.2,-0.86,-3.7069,52954.82,118382.36
300999.SZ,20240123,29.32,29.59,28.79,29.37,29.32,0.05,0.1705,63306.08,185021.052
301000.SZ,20240123,16.3,16.3,15.51,15.69,16.36,-0.67,-4.0954,31497.95,49747.643
301001.SZ,20240123,21.32,21.6,20.8,21.29,21.6,-0.31,-1.4352,15747.0,33210.556
301002.SZ,20240123,18.15,18.58,17.28,17.73,18.61,-0.88,-4.7286,26317.81,46518.878
301003.SZ,20240123,21.25,21.81,20.32,20.53,21.3,-0.77,-3.615,19863.4,40944.112
301004.SZ,20240123,59.97,61.0,57.47,59.01,61.76,-2.75,-4.4527,46511.37,274309.527
301005.SZ,20240123,28.2,28.91,27.6,28.55,28.2,0.35,1.2411,6309.08,17796.867
301006.SZ,20240123,15.1,15.13,14.56,14.62,15.02,-0.4,-2.6631,17329.0,25489.953
301007.SZ,20240123,13.7,13.88,13.4,13.65,13.75,-0.1,-0.7273,67686.29,91976.987
301008.SZ,20240123,25.08,25.64,24.2,24.51,25.14,-0.63,-2.506,11735.2,28765.138
301009.SZ,20240123,10.22,10.26,9.54,9.95,10.3,-0.35,-3.3981,75884.71,75018.19
301010.SZ,20240123,15.64,16.2,15.27,16.03,15.79,0.24,1.5199,26386.65,41353.493
301011.SZ,20240123,21.0,21.3,19.06,20.82,22.01,-1.19,-5.4066,111197.65,224153.144
301012.SZ,20240123,18.09,19.4,17.81,18.79,18.78,0.01,0.0532,83283.88,155124.124
301013.SZ,20240123,11.95,12.23,11.78,12.05,11.99,0.06,0.5004,56538.5,68041.276
301015.SZ,20240123,30.3,30.88,29.39,30.6,30.32,0.28,0.9235,33325.69,101214.715
301016.SZ,20240123,18.05,18.05,17.39,17.63,18.04,-0.41,-2.2727,13458.87,23693.93
301017.SZ,20240123,17.07,17.39,16.51,17.13,17.42,-0.29,-1.6648,19846.0,33506.89
301018.SZ,20240123,20.5,21.0,20.25,20.8,20.46,0.34,1.6618,29079.18,60133.848
301019.SZ,20240123,20.1,21.0,19.71,20.18,20.18,0.0,0.0,13783.83,27614.138
301020.SZ,20240123,17.29,17.69,17.03,17.16,17.67,-0.51,-2.8862,14546.21,25024.789
301021.SZ,20240123,20.5,21.57,20.1,21.07,20.6,0.47,2.2816,30956.66,64195.164
301022.SZ,20240123,22.31,22.57,21.89,22.2,22.33,-0.13,-0.5822,8591.0,18991.217
301023.SZ,20240123,32.7,33.87,31.9,32.38,33.2,-0.82,-2.4699,9176.0,29670.771
301024.SZ,20240123,25.4,26.18,24.41,24.81,25.4,-0.59,-2.3228,8624.0,21366.65
301025.SZ,20240123,9.33,9.44,9.1,9.35,9.34,0.01,0.1071,41719.72,38556.658
301026.SZ,20240123,23.86,24.32,23.25,24.27,23.86,0.41,1.7184,16335.1,38870.569
301027.SZ,20240123,10.76,10.77,10.15,10.56,10.79,-0.23,-2.1316,47827.85,49789.048
301028.SZ,20240123,9.33,9.43,8.98,9.03,9.38,-0.35,-3.7313,50670.66,46148.611
301029.SZ,20240123,20.1,20.66,19.84,20.21,20.07,0.14,0.6976,71781.07,145348.599
301030.SZ,20240123,40.06,43.8,39.85,43.78,40.02,3.76,9.3953,118826.74,504403.881
301031.SZ,20240123,108.01,113.69,104.82,112.1,107.72,4.38,4.0661,4764.04,52616.757
301032.SZ,20240123,8.3,8.54,8.0,8.18,8.41,-0.23,-2.7348,50793.0,41425.811
301033.SZ,20240123,35.99,36.92,35.1,35.8,36.18,-0.38,-1.0503,7600.94,27082.464
301035.SZ,20240123,59.01,60.78,58.0,59.7,59.87,-0.17,-0.2839,7657.23,45358.541
301036.SZ,20240123,18.8,18.9,18.02,18.18,18.9,-0.72,-3.8095,21159.92,38611.234
301037.SZ,20240123,16.87,17.0,15.98,16.32,16.74,-0.42,-2.509,19694.06,31990.183
301038.SZ,20240123,15.8,16.19,15.66,16.19,15.86,0.33,2.0807,15767.3,25085.229
301039.SZ,20240123,8.42,8.72,8.32,8.6,8.42,0.18,2.1378,135162.61,115727.916
301040.SZ,20240123,15.37,15.38,14.67,15.0,15.39,-0.39,-2.5341,18596.0,27764.969
301041.SZ,20240123,21.8,21.98,21.35,21.6,21.78,-0.18,-0.8264,21417.05,46239.392
301042.SZ,20240123,32.19,32.74,31.33,32.06,32.26,-0.2,-0.62,12069.39,38397.66
301043.SZ,20240123,27.62,28.5,26.42,26.93,27.62,-0.69,-2.4982,11978.15,32224.368
301045.SZ,20240123,21.95,21.95,20.94,21.32,21.94,-0.62,-2.8259,17881.25,38148.75
301046.SZ,20240123,22.71,23.15,22.03,22.62,22.76,-0.14,-0.6151,18342.65,41381.356
301047.SZ,20240123,67.56,68.37,66.34,68.23,67.56,0.67,0.9917,4954.56,33507.67
301048.SZ,20240123,8.82,9.05,8.61,9.0,8.77,0.23,2.6226,36011.64,31956.164
301049.SZ,20240123,19.69,19.78,19.04,19.33,19.79,-0.46,-2.3244,11466.63,22074.931
301050.SZ,20240123,46.99,47.95,46.5,47.7,47.03,0.67,1.4246,17745.87,83976.613
301051.SZ,20240123,53.0,53.93,52.39,53.18,53.2,-0.02,-0.0376,6110.5,32451.601
301052.SZ,20240123,36.9,38.5,36.05,37.51,36.39,1.12,3.0778,39099.86,144808.53
301053.SZ,20240123,22.9,23.07,22.0,22.84,23.37,-0.53,-2.2679,13198.0,29675.717
301055.SZ,20240123,12.4,12.63,11.88,12.03,12.4,-0.37,-2.9839,25417.97,30583.261
301056.SZ,20240123,8.61,8.72,8.17,8.38,8.71,-0.33,-3.7887,48015.0,40388.791
301057.SZ,20240123,14.42,14.49,13.7,13.73,14.41,-0.68,-4.7189,32284.0,44939.495
301058.SZ,20240123,8.54,8.68,8.41,8.64,8.58,0.06,0.6993,38437.0,32873.212
301059.SZ,20240123,10.14,10.35,9.71,9.86,10.08,-0.22,-2.1825,23037.63,22767.869
301060.SZ,20240123,10.8,11.01,10.66,10.97,10.8,0.17,1.5741,32344.48,35104.22
301061.SZ,20240123,50.8,51.58,49.8,50.91,51.01,-0.1,-0.196,10080.74,51096.636
301062.SZ,20240123,9.13,9.3,8.84,9.3,9.15,0.15,1.6393,40646.4,36857.472
301063.SZ,20240123,18.0,18.7,17.68,18.05,18.5,-0.45,-2.4324,22495.42,40396.257
301065.SZ,20240123,19.2,19.2,18.18,18.61,18.91,-0.3,-1.5865,12673.04,23533.83
301066.SZ,20240123,11.42,11.42,10.73,10.99,11.21,-0.22,-1.9625,37566.12,41022.555
301067.SZ,20240123,27.5,28.88,26.66,28.36,28.1,0.26,0.9253,19983.05,55705.766
301068.SZ,20240123,24.8,26.6,23.11,25.8,24.83,0.97,3.9066,6392.61,16093.546
301069.SZ,20240123,15.69,15.69,15.19,15.5,15.57,-0.07,-0.4496,29888.77,46278.042
301070.SZ,20240123,35.4,35.47,33.9,34.12,35.22,-1.1,-3.1232,7345.3,25208.395
301071.SZ,20240123,27.13,27.59,26.63,27.09,27.0,0.09,0.3333,27745.55,75200.243
301072.SZ,20240123,21.19,21.6,20.81,21.08,21.38,-0.3,-1.4032,10705.27,22558.219
301073.SZ,20240123,22.5,22.74,21.28,22.42,22.82,-0.4,-1.7528,64637.87,143180.822
301075.SZ,20240123,22.14,22.29,21.57,22.04,22.29,-0.25,-1.1216,12013.8,26291.371
301076.SZ,20240123,25.86,26.3,25.12,25.6,25.76,-0.16,-0.6211,83675.91,214317.3
301077.SZ,20240123,17.61,17.86,16.93,17.28,17.87,-0.59,-3.3016,11935.0,20541.292
301078.SZ,20240123,6.91,7.06,6.79,7.01,6.95,0.06,0.8633,83726.56,58163.413
301079.SZ,20240123,14.39,14.39,13.77,14.06,14.32,-0.26,-1.8156,15529.5,21676.84
301080.SZ,20240123,46.68,46.79,45.33,45.66,46.34,-0.68,-1.4674,14757.84,67658.009
301081.SZ,20240123,9.73,9.76,9.34,9.55,9.8,-0.25,-2.551,24998.8,23716.719
301082.SZ,20240123,15.43,15.43,14.6,14.78,15.47,-0.69,-4.4602,26452.0,39202.728
301083.SZ,20240123,14.2,14.71,13.89,14.33,14.33,0.0,0.0,51364.08,73607.238
301085.SZ,20240123,46.99,48.2,46.0,47.78,46.94,0.84,1.7895,20384.48,96695.099
301086.SZ,20240123,36.01,36.48,35.31,36.16,36.01,0.15,0.4166,6374.0,22839.218
301087.SZ,20240123,30.46,31.0,30.01,30.64,30.43,0.21,0.6901,10731.73,32711.823
301088.SZ,20240123,13.39,13.45,12.98,13.15,13.31,-0.16,-1.2021,14717.0,19338.724
301089.SZ,20240123,45.84,46.64,44.56,46.3,46.3,0.0,0.0,27866.26,127476.928
301090.SZ,20240123,9.5,9.5,9.22,9.39,9.46,-0.07,-0.74,16701.99,15645.704
301091.SZ,20240123,19.57,19.92,19.35,19.87,19.58,0.29,1.4811,40151.75,78967.571
301092.SZ,20240123,22.5,22.77,21.81,22.36,22.5,-0.14,-0.6222,7310.43,16260.769
301093.SZ,20240123,28.13,28.65,27.2,28.24,27.99,0.25,0.8932,14842.51,41630.855
301095.SZ,20240123,58.19,58.27,56.63,57.3,57.84,-0.54,-0.9336,26022.55,149394.366
301096.SZ,20240123,66.0,67.68,64.5,66.72,66.2,0.52,0.7855,17724.22,117684.858
301097.SZ,20240123,43.05,43.05,41.53,41.62,43.16,-1.54,-3.5681,3634.49,15278.079
301098.SZ,20240123,10.29,10.35,9.96,10.15,10.33,-0.18,-1.7425,29886.5,30294.947
301099.SZ,20240123,40.54,40.97,39.51,40.23,40.58,-0.35,-0.8625,8909.24,35727.442
301100.SZ,20240123,16.8,16.93,15.9,16.32,16.7,-0.38,-2.2754,18374.71,29891.631
301101.SZ,20240123,33.2,33.56,32.75,33.24,33.2,0.04,0.1205,3827.81,12680.812
301102.SZ,20240123,15.46,15.53,15.07,15.31,15.48,-0.17,-1.0982,19100.83,29125.879
301103.SZ,20240123,25.45,25.73,24.91,25.64,25.26,0.38,1.5044,10122.7,25709.803
301105.SZ,20240123,32.31,32.64,31.38,31.62,32.34,-0.72,-2.2263,5738.91,18225.369
301106.SZ,20240123,37.95,38.86,33.88,38.86,37.91,0.95,2.5059,8357.0,31204.988
301107.SZ,20240123,25.43,26.24,24.96,25.22,26.24,-1.02,-3.8872,17467.0,44184.012
301108.SZ,20240123,30.19,30.2,28.9,29.28,29.91,-0.63,-2.1063,5849.8,17146.935
301109.SZ,20240123,14.12,14.33,13.93,14.26,14.24,0.02,0.1404,12685.88,17914.388
301110.SZ,20240123,35.23,35.82,34.56,35.34,35.42,-0.08,-0.2259,7913.0,27896.542
301111.SZ,20240123,20.53,20.55,19.94,20.19,20.47,-0.28,-1.3679,24517.31,49464.698
301112.SZ,20240123,23.6,23.61,22.91,23.41,23.61,-0.2,-0.8471,9748.99,22685.739
301113.SZ,20240123,27.75,28.29,26.81,28.14,27.86,0.28,1.005,8354.26,23090.162
301115.SZ,20240123,15.85,15.99,15.54,15.91,15.96,-0.05,-0.3133,6342.33,10014.145
301116.SZ,20240123,10.47,10.88,10.47,10.79,10.79,0.0,0.0,26638.23,28618.213
301117.SZ,20240123,38.98,38.98,37.93,38.62,38.53,0.09,0.2336,18609.83,71464.109
301118.SZ,20240123,19.8,19.98,19.18,19.63,19.96,-0.33,-1.6533,15405.51,29984.66
301119.SZ,20240123,22.26,22.26,21.54,21.79,22.0,-0.21,-0.9545,10344.6,22527.204
301120.SZ,20240123,9.36,9.5,9.15,9.27,9.49,-0.22,-2.3182,38784.5,36073.656
301121.SZ,20240123,33.49,33.55,32.68,33.11,33.49,-0.38,-1.1347,10409.25,34391.29
301122.SZ,20240123,28.33,28.63,27.88,28.46,28.45,0.01,0.0351,12928.1,36540.357
301123.SZ,20240123,17.89,18.36,17.78,18.02,18.46,-0.44,-2.3835,22179.35,39974.797
301125.SZ,20240123,16.0,16.08,15.02,15.3,15.43,-0.13,-0.8425,21717.45,33106.277
301126.SZ,20240123,11.29,11.29,10.91,11.09,11.34,-0.25,-2.2046,31583.8,34872.089
301127.SZ,20240123,9.58,9.73,9.35,9.5,9.67,-0.17,-1.758,41715.0,39581.913
301128.SZ,20240123,36.95,37.53,36.07,37.09,36.8,0.29,0.788,9747.91,36095.897
301129.SZ,20240123,21.2,21.2,20.54,21.02,20.93,0.09,0.43,14221.8,29713.09
301130.SZ,20240123,23.16,23.45,22.6,22.96,23.2,-0.24,-1.0345,12571.96,28732.107
301131.SZ,20240123,38.09,38.25,37.2,37.71,38.0,-0.29,-0.7632,10588.99,39933.185
301132.SZ,20240123,22.85,22.95,22.21,22.68,22.83,-0.15,-0.657,19068.54,43135.701
301133.SZ,20240123,22.9,23.07,22.48,22.68,22.9,-0.22,-0.9607,12381.86,28154.597
301135.SZ,20240123,20.6,20.82,19.68,20.02,20.64,-0.62,-3.0039,16763.5,33551.376
301136.SZ,20240123,10.61,10.76,10.4,10.65,10.68,-0.03,-0.2809,19222.97,20333.5
301137.SZ,20240123,15.0,15.37,14.7,15.1,15.23,-0.13,-0.8536,18496.44,27696.07
301138.SZ,20240123,23.13,23.39,22.63,22.96,23.28,-0.32,-1.3746,13408.0,30719.583
301139.SZ,20240123,26.06,26.86,25.8,26.3,26.38,-0.08,-0.3033,31766.47,83006.975
301141.SZ,20240123,37.07,38.68,37.05,38.25,37.32,0.93,2.492,11382.1,43382.096
301148.SZ,20240123,18.97,19.21,18.36,18.79,18.97,-0.18,-0.9489,11952.18,22331.819
301149.SZ,20240123,10.68,10.75,10.38,10.66,10.73,-0.07,-0.6524,46870.05,49584.683
301150.SZ,20240123,27.1,27.25,26.52,27.11,27.1,0.01,0.0369,10363.37,27879.551
301151.SZ,20240123,16.38,16.5,15.95,16.17,16.41,-0.24,-1.4625,22130.0,35699.454
301152.SZ,20240123,27.11,27.9,26.41,27.03,27.27,-0.24,-0.8801,44446.26,120887.936
301153.SZ,20240123,58.71,61.83,58.71,61.19,59.22,1.97,3.3266,17693.54,107384.08
301155.SZ,20240123,45.57,46.8,44.59,46.1,45.25,0.85,1.8785,17925.35,82281.784
301156.SZ,20240123,16.28,16.38,15.6,15.77,16.32,-0.55,-3.3701,17051.2,26912.83
301157.SZ,20240123,42.76,45.49,40.12,45.38,42.5,2.88,6.7765,36441.16,158596.583
301158.SZ,20240123,13.64,13.8,13.32,13.74,13.64,0.1,0.7331,15767.18,21374.917
301159.SZ,20240123,37.63,38.3,36.91,37.75,37.52,0.23,0.613,12278.75,46161.444
301160.SZ,20240123,34.71,35.3,33.42,34.96,34.87,0.09,0.2581,21029.88,72015.247
301161.SZ,20240123,17.8,17.86,16.87,17.33,17.7,-0.37,-2.0904,10612.34,18310.725
301162.SZ,20240123,40.73,42.06,40.41,40.94,41.01,-0.07,-0.1707,11697.2,48015.722
301163.SZ,20240123,22.35,22.43,21.5,22.1,22.41,-0.31,-1.3833,9468.77,20798.997
301165.SZ,20240123,32.07,33.49,31.7,33.16,32.07,1.09,3.3988,30907.24,101900.53
301166.SZ,20240123,31.0,31.02,30.12,30.68,30.74,-0.06,-0.1952,8465.01,26004.031
301167.SZ,20240123,14.5,14.5,13.75,14.18,14.39,-0.21,-1.4593,23935.51,33534.922
301168.SZ,20240123,41.39,47.0,40.8,44.7,41.79,2.91,6.9634,68859.15,305699.826
301169.SZ,20240123,41.3,42.38,40.83,41.9,41.5,0.4,0.9639,17525.04,73038.879
301170.SZ,20240123,25.6,25.87,25.0,25.46,25.49,-0.03,-0.1177,10519.15,26634.051
301171.SZ,20240123,16.98,18.59,16.7,18.38,16.85,1.53,9.0801,132257.76,238123.565
301172.SZ,20240123,39.99,40.8,38.53,39.05,39.8,-0.75,-1.8844,53553.22,211940.37
301175.SZ,20240123,4.42,4.55,4.34,4.51,4.44,0.07,1.5766,93717.6,41902.855
301176.SZ,20240123,13.68,13.68,13.09,13.31,13.56,-0.25,-1.8437,18493.85,24533.133
301177.SZ,20240123,25.8,25.89,25.12,25.7,25.8,-0.1,-0.3876,10182.91,26063.083
301178.SZ,20240123,26.11,26.33,25.52,26.18,26.02,0.16,0.6149,12977.83,33715.084
301179.SZ,20240123,21.13,21.81,20.89,21.63,21.11,0.52,2.4633,16456.4,35227.177
301180.SZ,20240123,14.3,14.86,14.14,14.2,14.52,-0.32,-2.2039,15634.69,22358.694
301181.SZ,20240123,22.6,22.84,22.28,22.6,22.84,-0.24,-1.0508,9674.63,21832.2
301182.SZ,20240123,19.0,19.95,18.39,18.76,19.24,-0.48,-2.4948,17082.42,31915.531
301183.SZ,20240123,34.0,35.8,33.51,35.01,34.08,0.93,2.7289,24909.78,86877.412
301185.SZ,20240123,16.9,17.18,16.61,16.98,16.93,0.05,0.2953,37501.23,63435.138
301186.SZ,20240123,33.8,33.92,32.71,33.43,33.6,-0.17,-0.506,6143.62,20519.288
301187.SZ,20240123,17.6,17.83,16.88,17.3,17.9,-0.6,-3.352,72942.57,125939.313
301188.SZ,20240123,15.75,15.89,15.31,15.72,15.89,-0.17,-1.0699,36836.47,57498.864
301189.SZ,20240123,23.49,23.49,22.61,23.07,23.5,-0.43,-1.8298,9764.69,22441.764
301190.SZ,20240123,16.68,17.2,16.01,16.85,16.9,-0.05,-0.2959,15761.02,25747.975
301191.SZ,20240123,74.94,79.66,74.13,77.78,74.91,2.87,3.8313,22030.92,170907.814
301192.SZ,20240123,19.12,19.21,18.29,18.64,19.22,-0.58,-3.0177,13896.5,25929.911
301193.SZ,20240123,19.95,19.95,19.0,19.48,19.7,-0.22,-1.1168,38479.92,74714.545
301195.SZ,20240123,32.56,33.97,32.56,33.6,33.22,0.38,1.1439,7558.85,25271.68
301196.SZ,20240123,29.22,29.6,28.62,28.99,29.33,-0.34,-1.1592,7154.33,20782.859
301197.SZ,20240123,15.8,15.8,15.21,15.42,15.71,-0.29,-1.846,17045.65,26230.375
301198.SZ,20240123,10.22,10.3,9.91,10.17,10.34,-0.17,-1.6441,29109.97,29462.141
301199.SZ,20240123,21.1,21.19,20.58,20.92,21.11,-0.19,-0.9,13519.0,28210.47
301200.SZ,20240123,30.76,31.46,30.41,31.4,31.05,0.35,1.1272,6827.64,21183.287
301201.SZ,20240123,21.09,21.1,20.57,21.03,21.07,-0.04,-0.1898,18905.88,39440.604
301202.SZ,20240123,25.1,25.54,24.7,25.39,25.15,0.24,0.9543,17344.03,43721.194
301203.SZ,20240123,32.22,32.93,31.95,32.69,32.22,0.47,1.4587,6193.35,20110.974
301205.SZ,20240123,97.65,112.01,97.65,105.11,98.83,6.28,6.3543,112850.37,1200699.308
301206.SZ,20240123,25.6,26.01,25.17,25.46,25.6,-0.14,-0.5469,3149.87,8043.055
301207.SZ,20240123,22.93,23.18,22.41,23.03,22.8,0.23,1.0088,25198.03,57742.561
301208.SZ,20240123,32.63,33.59,32.57,33.31,32.74,0.57,1.741,14017.65,46393.165
301209.SZ,20240123,21.27,21.27,20.19,20.47,21.09,-0.62,-2.9398,9859.83,20206.52
301210.SZ,20240123,35.38,35.85,34.83,35.45,35.57,-0.12,-0.3374,6140.28,21714.392
301211.SZ,20240123,18.09,18.38,17.86,18.28,18.15,0.13,0.7163,21731.6,39494.225
301212.SZ,20240123,22.83,23.1,22.33,22.54,22.85,-0.31,-1.3567,5777.32,13046.725
301213.SZ,20240123,32.6,32.6,31.46,32.45,32.78,-0.33,-1.0067,9800.34,31477.115
301215.SZ,20240123,5.11,5.19,5.02,5.17,5.11,0.06,1.1742,96387.96,49320.535
301216.SZ,20240123,12.31,12.58,12.09,12.44,12.37,0.07,0.5659,21355.27,26470.694
301217.SZ,20240123,9.84,9.96,9.5,9.91,9.8,0.11,1.1224,31905.81,31060.757
301218.SZ,20240123,28.25,33.65,27.88,33.65,28.04,5.61,20.0071,132128.95,431699.36
301219.SZ,20240123,33.07,33.69,32.26,33.2,33.33,-0.13,-0.39,21417.99,70723.253
301220.SZ,20240123,28.65,28.65,26.63,27.64,27.69,-0.05,-0.1806,9062.35,24804.083
301221.SZ,20240123,44.01,44.63,43.45,44.08,44.18,-0.1,-0.2263,21177.87,93327.001
301222.SZ,20240123,24.87,24.87,23.7,23.98,24.5,-0.52,-2.1224,13657.39,32750.856
301223.SZ,20240123,16.47,16.48,15.96,16.35,16.48,-0.13,-0.7888,8674.37,14044.924
301225.SZ,20240123,27.6,28.22,27.5,27.78,27.85,-0.07,-0.2513,11874.59,33065.637
301226.SZ,20240123,18.58,18.73,17.9,18.15,18.53,-0.38,-2.0507,14770.73,26844.432
301227.SZ,20240123,24.32,24.55,23.41,24.37,24.35,0.02,0.0821,12565.83,30079.712
301228.SZ,20240123,14.24,14.24,13.62,13.91,13.99,-0.08,-0.5718,22218.53,30738.473
301229.SZ,20240123,28.05,28.05,27.17,27.53,27.79,-0.26,-0.9356,8713.31,24002.793
301230.SZ,20240123,28.28,28.8,28.19,28.69,28.41,0.28,0.9856,8509.07,24284.537
301231.SZ,20240123,21.01,21.46,20.71,21.25,21.25,0.0,0.0,17808.19,37516.207
301232.SZ,20240123,40.39,40.88,39.5,40.26,40.38,-0.12,-0.2972,4829.74,19386.192
301233.SZ,20240123,36.16,36.16,34.82,35.51,36.1,-0.59,-1.6343,9937.54,34982.316
301234.SZ,20240123,28.03,28.35,27.49,27.92,28.3,-0.38,-1.3428,9498.23,26461.337
301235.SZ,20240123,21.48,21.48,20.42,20.96,21.46,-0.5,-2.3299,20808.21,43471.472
301236.SZ,20240123,36.01,37.88,35.66,37.12,36.2,0.92,2.5414,523016.96,1938599.412
301237.SZ,20240123,25.5,25.5,24.34,24.78,25.4,-0.62,-2.4409,6261.22,15485.578
301238.SZ,20240123,15.7,16.0,15.3,15.85,15.56,0.29,1.8638,52898.5,83452.446
301239.SZ,20240123,68.0,70.59,67.35,68.8,67.6,1.2,1.7751,17502.0,120847.394
301246.SZ,20240123,22.0,22.32,21.76,22.15,22.0,0.15,0.6818,6872.54,15127.268
301248.SZ,20240123,14.34,14.55,14.03,14.21,14.31,-0.1,-0.6988,26877.58,38280.689
301251.SZ,20240123,29.25,29.98,28.78,29.58,29.25,0.33,1.1282,18973.86,55920.177
301252.SZ,20240123,33.55,34.15,32.93,33.71,33.26,0.45,1.353,6934.56,23295.753
301255.SZ,20240123,33.48,33.96,32.7,33.55,33.28,0.27,0.8113,10713.12,35673.143
301256.SZ,20240123,7.21,7.34,7.0,7.19,7.25,-0.06,-0.8276,34575.31,24695.517
301257.SZ,20240123,52.21,52.5,48.5,49.57,53.0,-3.43,-6.4717,29223.21,144660.19
301258.SZ,20240123,27.51,27.67,26.82,27.29,27.42,-0.13,-0.4741,8082.26,21988.426
301259.SZ,20240123,15.38,15.96,14.67,15.88,15.38,0.5,3.251,28731.78,43749.004
301260.SZ,20240123,15.16,15.24,14.58,14.8,15.21,-0.41,-2.6956,32808.13,48780.314
301261.SZ,20240123,42.11,43.29,41.22,42.66,42.02,0.64,1.5231,10378.07,43988.299
301262.SZ,20240123,26.03,26.76,25.93,26.65,25.93,0.72,2.7767,24318.74,64329.633
301263.SZ,20240123,13.88,14.45,13.82,14.18,14.08,0.1,0.7102,47299.4,66695.906
301265.SZ,20240123,8.99,9.2,8.91,9.17,9.12,0.05,0.5482,12818.76,11641.207
301266.SZ,20240123,44.44,47.98,43.41,46.0,44.51,1.49,3.3476,44111.47,203262.814
301267.SZ,20240123,28.51,29.7,28.42,29.61,28.65,0.96,3.3508,35984.56,105102.763
301268.SZ,20240123,23.36,23.68,22.81,23.17,23.36,-0.19,-0.8134,18979.84,44021.26
301269.SZ,20240123,85.22,87.38,84.24,86.8,85.28,1.52,1.7824,22757.28,196225.551
301270.SZ,20240123,30.69,31.73,30.5,31.07,30.91,0.16,0.5176,28950.96,89887.885
301272.SZ,20240123,43.0,45.94,42.17,44.72,43.26,1.46,3.3749,11792.21,51807.651
301273.SZ,20240123,22.97,23.5,22.05,23.2,23.04,0.16,0.6944,9017.54,20467.398
301276.SZ,20240123,21.58,21.68,21.05,21.46,21.64,-0.18,-0.8318,7561.31,16130.385
301277.SZ,20240123,17.5,17.77,17.32,17.65,17.6,0.05,0.2841,16646.2,29197.197
301278.SZ,20240123,48.0,52.38,47.01,50.04,48.1,1.94,4.0333,27096.15,135612.134
301279.SZ,20240123,20.01,20.11,19.57,19.88,20.39,-0.51,-2.5012,10493.79,20808.563
301280.SZ,20240123,32.89,33.25,32.29,32.54,33.19,-0.65,-1.9584,17745.15,58129.453
301281.SZ,20240123,28.07,28.63,27.66,28.26,28.12,0.14,0.4979,10745.63,30284.356
301282.SZ,20240123,18.63,18.8,18.05,18.39,18.58,-0.19,-1.0226,32710.27,60185.815
301283.SZ,20240123,28.87,29.14,27.62,28.78,28.81,-0.03,-0.1041,13332.05,37956.182
301285.SZ,20240123,15.96,16.24,15.29,15.63,15.56,0.07,0.4499,77138.48,120654.773
301286.SZ,20240123,27.6,27.6,26.4,27.49,27.64,-0.15,-0.5427,6774.68,18244.64
301287.SZ,20240123,34.61,34.61,28.17,31.8,35.21,-3.41,-9.6847,24802.17,79038.572
301288.SZ,20240123,16.3,16.39,15.96,16.31,16.27,0.04,0.2459,12747.68,20610.069
301289.SZ,20240123,43.0,43.25,41.79,42.62,43.0,-0.38,-0.8837,10581.73,45054.776
301290.SZ,20240123,23.04,23.15,22.53,23.05,23.12,-0.07,-0.3028,7149.63,16370.684
301291.SZ,20240123,28.92,30.03,28.38,29.68,28.91,0.77,2.6634,28791.49,84684.159
301292.SZ,20240123,16.58,16.69,16.12,16.42,16.53,-0.11,-0.6655,14362.32,23574.32
301293.SZ,20240123,48.47,50.3,48.24,49.54,48.38,1.16,2.3977,14218.54,70258.857
301295.SZ,20240123,27.5,27.87,26.85,27.49,27.57,-0.08,-0.2902,8873.71,24298.521
301296.SZ,20240123,9.37,9.64,9.16,9.58,9.5,0.08,0.8421,40820.53,38615.842
301297.SZ,20240123,21.63,22.18,21.43,21.91,21.68,0.23,1.0609,42313.71,92600.212
301298.SZ,20240123,14.56,14.6,13.88,14.06,14.35,-0.29,-2.0209,22927.58,32301.141
301299.SZ,20240123,45.3,47.45,45.11,46.55,46.12,0.43,0.9324,10139.0,47144.502
301300.SZ,20240123,26.95,26.96,25.81,26.28,26.9,-0.62,-2.3048,7666.74,20102.686
301301.SZ,20240123,8.28,8.35,8.04,8.33,8.29,0.04,0.4825,99716.87,82133.232
301302.SZ,20240123,24.86,30.82,24.8,30.82,25.68,5.14,20.0156,330063.22,896346.58
301303.SZ,20240123,16.88,16.99,16.63,16.95,16.88,0.07,0.4147,8511.39,14338.428
301305.SZ,20240123,15.28,15.76,15.18,15.53,15.23,0.3,1.9698,13067.73,20215.636
301306.SZ,20240123,31.3,31.3,29.88,30.23,31.07,-0.84,-2.7036,9798.5,29692.385
301307.SZ,20240123,23.15,23.85,22.92,23.57,23.15,0.42,1.8143,32922.43,77403.759
301308.SZ,20240123,71.47,73.25,70.67,72.6,71.46,1.14,1.5953,32009.69,230630.755
301309.SZ,20240123,25.26,25.5,24.47,25.38,25.26,0.12,0.4751,5082.07,12667.715
301310.SZ,20240123,38.5,39.44,37.77,38.79,38.77,0.02,0.0516,9286.52,35992.567
301311.SZ,20240123,19.39,19.85,19.19,19.68,19.53,0.15,0.768,36632.2,71776.418
301312.SZ,20240123,79.17,81.01,77.0,79.3,79.81,-0.51,-0.639,8377.98,66108.043
301313.SZ,20240123,25.74,26.41,25.1,25.76,25.57,0.19,0.7431,35155.78,90225.946
301314.SZ,20240123,35.5,36.3,35.0,35.27,35.72,-0.45,-1.2598,6086.4,21562.387
301315.SZ,20240123,52.28,57.09,51.78,55.68,52.15,3.53,6.7689,66952.65,366700.811
301316.SZ,20240123,19.15,20.15,19.04,19.9,19.06,0.84,4.4071,46600.65,91269.465
301317.SZ,20240123,16.4,16.57,16.1,16.44,16.59,-0.15,-0.9042,10543.76,17151.623
301318.SZ,20240123,27.01,27.2,25.92,26.45,27.16,-0.71,-2.6141,19220.09,50692.232
301319.SZ,20240123,47.18,47.18,45.63,46.49,47.18,-0.69,-1.4625,5534.65,25604.391
301320.SZ,20240123,16.11,16.54,15.96,16.22,16.5,-0.28,-1.697,52713.56,85558.728
301321.SZ,20240123,15.09,15.3,14.74,15.09,15.07,0.02,0.1327,29213.84,44034.71
301322.SZ,20240123,34.3,34.63,33.69,34.26,34.44,-0.18,-0.5226,7679.95,26188.607
301323.SZ,20240123,30.35,30.5,29.81,30.22,30.41,-0.19,-0.6248,8476.17,25545.394
301325.SZ,20240123,63.85,65.31,62.0,64.19,64.8,-0.61,-0.9414,13912.48,88340.273
301326.SZ,20240123,32.13,32.13,30.85,30.86,32.16,-1.3,-4.0423,8738.0,27451.721
301327.SZ,20240123,60.78,62.46,58.91,59.75,60.85,-1.1,-1.8077,12036.75,72369.861
301328.SZ,20240123,38.27,38.27,37.0,37.59,37.87,-0.28,-0.7394,7981.1,29924.942
301329.SZ,20240123,18.02,18.3,17.6,17.91,18.0,-0.09,-0.5,29997.37,53998.68
301330.SZ,20240123,25.69,26.1,25.35,25.77,25.69,0.08,0.3114,19390.59,49945.219
301331.SZ,20240123,36.22,36.97,35.6,36.77,36.22,0.55,1.5185,5288.33,19266.052
301332.SZ,20240123,10.21,10.44,10.09,10.42,10.3,0.12,1.165,23897.92,24588.377
301333.SZ,20240123,50.0,51.24,49.55,50.46,50.55,-0.09,-0.178,6990.6,35226.85
301335.SZ,20240123,18.84,18.97,18.36,18.69,18.84,-0.15,-0.7962,4493.51,8351.865
301336.SZ,20240123,37.89,37.91,36.23,37.59,38.0,-0.41,-1.0789,7404.45,27417.653
301337.SZ,20240123,44.5,47.96,43.97,45.11,43.65,1.46,3.3448,118705.68,542681.109
301338.SZ,20240123,32.26,32.8,31.7,31.82,32.29,-0.47,-1.4556,12061.88,38682.043
301339.SZ,20240123,15.81,16.16,15.62,16.0,15.81,0.19,1.2018,31141.45,49502.903
301345.SZ,20240123,56.47,57.4,55.0,56.7,56.96,-0.26,-0.4565,9176.46,51652.529
301348.SZ,20240123,37.68,38.8,37.3,38.29,37.94,0.35,0.9225,27019.89,103401.673
301349.SZ,20240123,35.44,35.68,34.6,35.1,35.89,-0.79,-2.2012,16558.43,58053.747
301353.SZ,20240123,27.37,27.6,26.8,27.15,27.41,-0.26,-0.9486,3973.0,10774.096
301355.SZ,20240123,13.38,14.5,12.87,13.54,13.22,0.32,2.4206,28533.85,38459.137
301356.SZ,20240123,16.96,17.32,16.41,17.17,17.23,-0.06,-0.3482,14714.03,24778.608
301357.SZ,20240123,39.85,40.29,39.23,39.96,40.23,-0.27,-0.6711,11527.24,45979.796
301358.SZ,20240123,28.04,28.77,27.78,28.33,28.32,0.01,0.0353,32858.34,92831.243
301359.SZ,20240123,21.31,21.6,20.29,20.78,21.6,-0.82,-3.7963,24944.4,51607.947
301360.SZ,20240123,62.0,63.49,60.25,61.57,63.19,-1.62,-2.5637,13090.62,80827.467
301361.SZ,20240123,19.95,20.2,19.59,19.71,20.01,-0.3,-1.4993,13277.29,26274.577
301362.SZ,20240123,34.1,34.69,33.35,34.21,34.13,0.08,0.2344,11668.97,39737.38
301363.SZ,20240123,30.38,30.67,29.2,30.41,30.38,0.03,0.0987,10832.72,32640.269
301365.SZ,20240123,13.0,13.11,12.81,13.03,13.07,-0.04,-0.306,9593.83,12434.744
301366.SZ,20240123,26.3,26.49,25.71,26.17,26.23,-0.06,-0.2287,11525.0,30073.296
301367.SZ,20240123,97.5,98.48,95.53,96.97,98.2,-1.23,-1.2525,2925.29,28348.454
301368.SZ,20240123,32.76,32.85,31.6,32.51,32.25,0.26,0.8062,39225.33,126859.737
301369.SZ,20240123,46.21,46.69,45.3,46.04,46.0,0.04,0.087,6474.43,29737.877
301370.SZ,20240123,13.19,13.42,13.05,13.36,13.17,0.19,1.4427,30903.05,40990.625
301371.SZ,20240123,33.09,33.87,32.16,33.37,33.1,0.27,0.8157,12305.0,40850.743
301372.SZ,20240123,35.8,36.75,35.6,36.45,36.28,0.17,0.4686,8571.06,31102.282
301373.SZ,20240123,24.86,24.89,24.16,24.6,24.8,-0.2,-0.8065,6396.45,15676.957
301376.SZ,20240123,24.09,24.86,21.44,24.06,25.35,-1.29,-5.0888,78221.15,186110.671
301377.SZ,20240123,17.46,17.87,17.07,17.4,17.55,-0.15,-0.8547,35471.54,61772.34
301378.SZ,20240123,38.61,38.98,37.73,38.7,38.5,0.2,0.5195,4785.96,18371.17
301379.SZ,20240123,23.9,24.14,23.52,24.07,23.85,0.22,0.9224,13489.98,32208.903
301380.SZ,20240123,37.33,38.25,37.1,37.71,37.6,0.11,0.2926,9022.7,33979.596
301381.SZ,20240123,27.0,27.78,26.2,27.23,27.05,0.18,0.6654,34141.86,92110.326
301382.SZ,20240123,29.11,30.1,28.71,29.85,29.41,0.44,1.4961,24508.65,72545.553
301383.SZ,20240123,51.0,52.7,49.25,51.33,51.2,0.13,0.2539,31672.56,160936.69
301386.SZ,20240123,21.55,21.55,20.83,21.07,21.16,-0.09,-0.4253,11549.73,24415.271
301387.SZ,20240123,47.65,47.96,46.1,46.8,47.65,-0.85,-1.7838,11998.51,56307.492
301388.SZ,20240123,20.38,20.38,19.51,19.79,20.37,-0.58,-2.8473,14193.2,28125.623
301389.SZ,20240123,14.81,14.93,14.47,14.57,14.75,-0.18,-1.2203,27580.59,40287.581
301390.SZ,20240123,36.37,36.37,35.13,35.86,36.37,-0.51,-1.4023,6518.0,23356.797
301391.SZ,20240123,103.3,106.45,99.22,105.81,103.48,2.33,2.2516,5914.27,60857.726
301393.SZ,20240123,49.12,49.61,48.02,48.88,48.77,0.11,0.2255,9930.06,48436.221
301395.SZ,20240123,16.05,16.26,15.76,16.07,16.17,-0.1,-0.6184,11872.98,18986.186
301396.SZ,20240123,23.2,24.15,23.16,23.94,24.05,-0.11,-0.4574,31370.92,74253.658
301397.SZ,20240123,35.04,35.51,34.41,35.1,35.04,0.06,0.1712,9567.36,33344.037
301398.SZ,20240123,40.5,41.41,40.0,41.0,41.31,-0.31,-0.7504,21128.47,85892.958
301399.SZ,20240123,30.7,31.09,30.13,30.74,30.71,0.03,0.0977,9789.39,29865.534
301408.SZ,20240123,13.61,13.72,13.3,13.57,13.57,0.0,0.0,21712.65,29338.028
301413.SZ,20240123,52.53,55.7,52.06,53.22,51.7,1.52,2.94,20836.14,111174.823
301418.SZ,20240123,42.19,42.66,41.2,42.24,42.19,0.05,0.1185,7156.86,30163.514
301419.SZ,20240123,29.01,30.18,29.01,29.47,29.3,0.17,0.5802,8287.64,24491.096
301421.SZ,20240123,49.1,50.2,48.48,49.24,48.91,0.33,0.6747,14819.1,73128.417
301428.SZ,20240123,30.95,31.71,30.62,31.4,30.92,0.48,1.5524,14829.84,46169.472
301429.SZ,20240123,17.02,17.27,16.59,16.95,17.02,-0.07,-0.4113,10561.77,17807.127
301439.SZ,20240123,12.89,12.95,12.61,12.75,12.89,-0.14,-1.0861,15910.5,20322.658
301446.SZ,20240123,26.89,26.89,25.6,26.24,26.59,-0.35,-1.3163,6313.0,16490.764
301448.SZ,20240123,29.67,29.9,29.01,29.43,29.67,-0.24,-0.8089,12077.0,35536.85
301456.SZ,20240123,27.21,28.17,26.54,27.23,27.62,-0.39,-1.412,18293.34,49956.218
301459.SZ,20240123,37.87,39.29,37.72,38.9,38.08,0.82,2.1534,17620.69,67932.058
301468.SZ,20240123,25.84,26.15,25.43,25.77,25.85,-0.08,-0.3095,4955.03,12789.471
301469.SZ,20240123,28.46,28.56,27.87,28.32,28.48,-0.16,-0.5618,8393.49,23730.37
301486.SZ,20240123,37.09,38.98,36.05,37.3,37.7,-0.4,-1.061,15165.34,56736.168
301487.SZ,20240123,33.0,34.3,32.91,33.73,33.47,0.26,0.7768,29588.98,99774.033
301488.SZ,20240123,53.01,53.9,52.1,53.13,53.01,0.12,0.2264,11752.76,62372.959
301489.SZ,20240123,57.28,58.26,56.22,56.62,57.2,-0.58,-1.014,7112.69,40574.317
301498.SZ,20240123,40.01,40.55,39.2,40.11,39.98,0.13,0.3252,9578.12,38260.999
301499.SZ,20240123,23.53,23.99,23.25,23.74,23.5,0.24,1.0213,19857.94,46904.652
301500.SZ,20240123,17.92,18.22,17.66,18.06,17.83,0.23,1.29,15389.19,27720.256
301503.SZ,20240123,28.6,28.6,27.61,28.32,28.64,-0.32,-1.1173,25343.2,71173.232
301505.SZ,20240123,29.72,29.98,29.08,29.87,29.69,0.18,0.6063,10630.88,31409.933
301507.SZ,20240123,13.84,13.88,13.5,13.8,13.72,0.08,0.5831,24989.67,34324.782
301508.SZ,20240123,27.6,27.78,27.01,27.52,27.39,0.13,0.4746,29801.08,81686.813
301509.SZ,20240123,51.8,52.6,51.0,51.66,51.75,-0.09,-0.1739,12500.0,64680.113
301510.SZ,20240123,29.39,29.94,29.0,29.45,29.37,0.08,0.2724,12455.1,36699.83
301511.SZ,20240123,24.22,25.26,23.88,24.53,24.1,0.43,1.7842,122598.16,301699.395
301512.SZ,20240123,50.99,51.35,49.37,49.71,50.92,-1.21,-2.3763,12048.0,60338.53
301515.SZ,20240123,24.36,24.55,23.8,24.03,24.12,-0.09,-0.3731,10585.0,25485.858
301516.SZ,20240123,17.79,18.38,17.42,17.73,17.8,-0.07,-0.3933,81799.86,146076.394
301517.SZ,20240123,44.5,44.66,43.56,43.97,44.2,-0.23,-0.5204,12976.0,57207.381
301518.SZ,20240123,19.29,19.58,19.07,19.49,19.28,0.21,1.0892,12179.69,23531.04
301519.SZ,20240123,16.95,17.15,16.33,16.98,16.99,-0.01,-0.0589,10437.0,17583.656
301520.SZ,20240123,51.17,52.11,50.01,51.48,51.45,0.03,0.0583,6450.0,32931.763
301525.SZ,20240123,70.52,71.59,69.54,71.3,70.7,0.6,0.8487,6507.32,45853.08
301526.SZ,20240123,5.15,5.34,5.13,5.22,5.09,0.13,2.554,774557.1,405487.608
301528.SZ,20240123,55.85,57.85,55.85,56.42,56.39,0.03,0.0532,5261.25,29807.953
301529.SZ,20240123,31.99,32.58,31.24,31.75,31.99,-0.24,-0.7502,10475.64,33277.496
301533.SZ,20240123,28.84,29.3,28.46,29.06,28.91,0.15,0.5189,11885.0,34367.852
301548.SZ,20240123,47.77,47.8,46.2,47.66,47.89,-0.23,-0.4803,9495.27,44831.37
301550.SZ,20240123,36.0,37.3,36.0,36.78,36.29,0.49,1.3502,13040.0,47765.159
301555.SZ,20240123,32.59,33.06,31.88,32.23,32.13,0.1,0.3112,16768.48,54327.515
301558.SZ,20240123,12.78,13.15,12.4,12.99,13.18,-0.19,-1.4416,96237.0,124073.56
301559.SZ,20240123,16.47,16.74,16.35,16.61,16.49,0.12,0.7277,17454.35,28869.603
301566.SZ,20240123,20.03,20.53,19.67,19.98,20.1,-0.12,-0.597,58416.01,117262.1
301567.SZ,20240123,48.0,49.13,45.74,47.05,48.74,-1.69,-3.4674,80084.11,377783.757
301568.SZ,20240123,34.9,35.66,34.61,35.03,34.99,0.04,0.1143,19422.0,68276.994
301578.SZ,20240123,56.51,57.8,55.67,56.46,56.46,0.0,0.0,14894.02,84351.755
302132.SZ,20240123,35.3,36.05,34.93,35.89,35.4,0.49,1.3842,67462.57,239725.684
