ts_code,trade_date,open,high,low,close,pre_close,change,pct_chg,vol,amount
300001.SZ,20241224,22.16,22.63,22.1,22.61,22.02,0.59,2.6794,128606.01,288757.128
300002.SZ,20241224,12.1,12.57,12.0,12.23,12.05,0.18,1.4938,814575.12,998675.856
300003.SZ,20241224,11.89,11.95,11.81,11.88,11.85,0.03,0.2532,129829.03,154066.749
300004.SZ,20241224,6.36,6.49,6.27,6.38,6.35,0.03,0.4724,89070.0,56705.925
300005.SZ,20241224,7.42,7.5,7.28,7.44,7.39,0.05,0.6766,174916.65,129270.834
300006.SZ,20241224,4.94,5.8,4.9,5.66,4.9,0.76,15.5102,660103.8,358164.308
300007.SZ,20241224,23.13,23.4,22.15,22.63,22.54,0.09,0.3993,313950.56,713681.462
300008.SZ,20241224,4.98,5.05,4.88,4.95,4.99,-0.04,-0.8016,451462.9,223190.898
300009.SZ,20241224,8.83,8.92,8.83,8.92,8.82,0.1,1.1338,78071.44,69345.841
300010.SZ,20241224,5.8,7.45,5.8,6.94,6.78,0.16,2.3599,3018466.89,1965038.372
300011.SZ,20241224,7.78,8.2,7.78,7.92,7.73,0.19,2.458,158191.1,126069.572
300012.SZ,20241224,12.78,13.04,12.71,12.81,12.69,0.12,0.9456,229184.77,294821.243
300013.SZ,20241224,3.99,4.04,3.79,3.84,3.98,-0.14,-3.5176,121672.0,47361.413
300014.SZ,20241224,46.0,46.63,45.36,46.0,45.89,0.11,0.2397,181447.29,832841.058
300015.SZ,20241224,13.81,14.13,13.81,13.99,13.78,0.21,1.5239,594232.05,830730.864
300016.SZ,20241224,6.6,6.65,6.36,6.5,6.56,-0.06,-0.9146,99276.52,64369.591
300017.SZ,20241224,10.25,10.34,9.98,10.12,10.18,-0.06,-0.5894,1346913.02,1363557.809
300018.SZ,20241224,6.85,7.03,6.8,6.9,6.83,0.07,1.0249,134458.02,92880.127
300019.SZ,20241224,15.16,15.44,15.12,15.37,15.15,0.22,1.4521,51051.0,77935.472
300020.SZ,20241224,3.3,3.5,3.26,3.34,3.58,-0.24,-6.7039,676812.16,228211.685
300021.SZ,20241224,4.1,4.45,4.09,4.38,4.08,0.3,7.3529,346733.47,148175.144
300022.SZ,20241224,5.02,5.05,4.82,4.95,4.95,0.0,0.0,127081.88,62488.4
300024.SZ,20241224,19.73,19.99,19.14,19.59,19.41,0.18,0.9274,689068.6,1346486.361
300025.SZ,20241224,14.84,14.9,13.64,13.87,14.41,-0.54,-3.7474,273484.24,382631.608
300026.SZ,20241224,3.9,3.95,3.82,3.86,3.98,-0.12,-3.0151,775273.05,300074.992
300027.SZ,20241224,2.92,2.94,2.79,2.84,2.91,-0.07,-2.4055,1148299.23,325961.078
300029.SZ,20241224,4.82,4.93,4.68,4.79,4.78,0.01,0.2092,24436.0,11743.783
300030.SZ,20241224,5.98,6.01,5.73,5.88,5.98,-0.1,-1.6722,100982.01,59135.281
300031.SZ,20241224,19.56,19.71,19.2,19.5,19.45,0.05,0.2571,125617.56,244567.503
300032.SZ,20241224,4.95,5.05,4.71,4.91,4.93,-0.02,-0.4057,304710.19,148149.147
300033.SZ,20241224,302.5,310.22,296.0,310.1,303.94,6.16,2.0267,129855.92,3964783.956
300034.SZ,20241224,15.76,15.91,15.54,15.68,15.71,-0.03,-0.191,87833.46,137825.253
300035.SZ,20241224,14.05,14.23,13.8,14.2,13.97,0.23,1.6464,128038.49,179654.889
300036.SZ,20241224,17.9,18.04,17.52,17.8,17.8,0.0,0.0,95735.53,170027.039
300037.SZ,20241224,37.01,37.85,36.9,37.53,36.81,0.72,1.956,85221.06,319010.046
300039.SZ,20241224,6.44,6.53,6.42,6.51,6.44,0.07,1.087,128269.75,83068.667
300040.SZ,20241224,6.92,8.26,6.92,8.26,6.88,1.38,20.0581,1186336.02,937039.925
300041.SZ,20241224,9.41,9.68,9.17,9.61,9.36,0.25,2.6709,358967.71,339914.57
300042.SZ,20241224,22.0,22.78,20.72,22.52,22.03,0.49,2.2242,144729.0,312993.354
300043.SZ,20241224,4.38,4.44,4.09,4.2,4.36,-0.16,-3.6697,1096730.26,460705.01
300044.SZ,20241224,7.03,7.15,6.63,6.88,7.22,-0.34,-4.7091,645177.28,443783.123
300045.SZ,20241224,22.29,22.54,21.83,22.2,22.18,0.02,0.0902,144205.0,318801.004
300046.SZ,20241224,41.89,43.5,39.6,42.85,41.15,1.7,4.1312,442316.16,1848467.578
300047.SZ,20241224,12.6,12.8,12.38,12.61,12.54,0.07,0.5582,203671.07,255504.074
300048.SZ,20241224,5.07,5.18,5.02,5.12,5.02,0.1,1.992,119778.8,61373.194
300049.SZ,20241224,33.88,34.18,33.42,33.88,33.88,0.0,0.0,44253.03,149374.619
300050.SZ,20241224,6.18,6.32,5.85,5.97,6.18,-0.21,-3.3981,367780.13,220548.371
300051.SZ,20241224,7.15,7.35,7.13,7.2,7.12,0.08,1.1236,67655.2,48870.353
300052.SZ,20241224,18.05,18.35,17.73,18.16,18.09,0.07,0.387,120882.14,217807.857
300053.SZ,20241224,14.68,14.87,14.16,14.7,14.57,0.13,0.8922,224295.67,325372.19
300054.SZ,20241224,26.81,27.06,26.52,26.99,26.81,0.18,0.6714,92786.42,248790.224
300055.SZ,20241224,5.07,5.16,4.99,5.08,5.07,0.01,0.1972,93185.0,47160.867
300056.SZ,20241224,15.5,16.0,14.11,14.46,15.45,-0.99,-6.4078,318436.32,487293.902
300057.SZ,20241224,5.07,5.11,4.98,5.04,5.02,0.02,0.3984,104943.92,52873.668
300058.SZ,20241224,9.55,9.66,9.29,9.51,9.51,0.0,0.0,1790312.44,1687469.04
300059.SZ,20241224,25.92,26.33,25.76,26.29,25.9,0.39,1.5058,3935739.44,10275409.952
300061.SZ,20241224,15.7,15.88,14.27,15.06,16.21,-1.15,-7.0944,715167.96,1068415.486
300062.SZ,20241224,5.85,6.23,5.85,6.03,5.81,0.22,3.7866,224613.03,135654.534
300063.SZ,20241224,10.4,10.63,10.11,10.32,10.53,-0.21,-1.9943,781909.9,804514.352
300065.SZ,20241224,8.77,8.88,8.53,8.62,8.71,-0.09,-1.0333,172663.28,149346.131
300066.SZ,20241224,4.14,4.22,4.08,4.15,4.1,0.05,1.2195,174886.0,72486.979
300067.SZ,20241224,5.31,5.38,5.18,5.35,5.29,0.06,1.1342,324700.42,171473.447
300068.SZ,20241224,17.58,18.02,17.41,17.8,17.66,0.14,0.7928,292951.13,517816.558
300069.SZ,20241224,14.15,14.45,13.68,13.88,13.95,-0.07,-0.5018,31856.0,44630.859
300070.SZ,20241224,5.3,5.39,5.3,5.34,5.3,0.04,0.7547,231569.16,123880.411
300071.SZ,20241224,5.74,5.82,5.43,5.55,5.78,-0.23,-3.9792,1042793.94,578043.952
300072.SZ,20241224,3.76,3.8,3.64,3.68,3.75,-0.07,-1.8667,385075.32,142193.42
300073.SZ,20241224,41.96,42.68,41.73,42.42,42.0,0.42,1.0,95478.11,402864.343
300074.SZ,20241224,4.53,4.56,4.23,4.32,4.41,-0.09,-2.0408,280051.65,122009.553
300075.SZ,20241224,17.75,17.88,17.3,17.57,17.63,-0.06,-0.3403,144916.6,254512.724
300076.SZ,20241224,7.79,8.08,7.15,7.38,7.5,-0.12,-1.6,363217.0,274499.587
300077.SZ,20241224,28.4,28.75,26.82,28.5,28.24,0.26,0.9207,589502.22,1644810.862
300078.SZ,20241224,3.39,3.45,3.16,3.24,3.4,-0.16,-4.7059,692319.04,224418.468
300079.SZ,20241224,5.89,5.93,5.69,5.82,5.85,-0.03,-0.5128,385678.5,223482.806
300080.SZ,20241224,4.64,4.75,4.62,4.65,4.62,0.03,0.6494,106614.1,49846.951
300081.SZ,20241224,7.68,7.83,7.24,7.44,7.68,-0.24,-3.125,529853.83,392587.072
300082.SZ,20241224,6.69,6.82,6.5,6.62,6.68,-0.06,-0.8982,89691.23,59621.958
300083.SZ,20241224,7.17,7.3,7.1,7.2,7.1,0.1,1.4085,276518.0,198717.182
300084.SZ,20241224,5.6,5.66,5.52,5.58,5.51,0.07,1.2704,53474.7,29849.218
300085.SZ,20241224,43.59,43.9,41.0,42.15,43.26,-1.11,-2.5659,521320.65,2180488.953
300086.SZ,20241224,5.2,5.22,5.02,5.1,5.14,-0.04,-0.7782,158985.0,81200.139
300087.SZ,20241224,11.32,11.47,10.96,11.17,11.32,-0.15,-1.3251,343933.74,383186.229
300088.SZ,20241224,6.81,6.92,6.74,6.9,6.8,0.1,1.4706,500021.16,342341.902
300091.SZ,20241224,2.39,2.46,2.27,2.35,2.4,-0.05,-2.0833,665071.2,155024.156
300092.SZ,20241224,11.79,11.98,11.66,11.9,11.63,0.27,2.3216,40030.62,47339.553
300093.SZ,20241224,15.18,15.83,15.04,15.22,15.32,-0.1,-0.6527,141084.0,216739.954
300094.SZ,20241224,4.1,4.14,3.91,4.01,4.09,-0.08,-1.956,654837.42,261177.57
300095.SZ,20241224,6.7,6.81,6.6,6.73,6.6,0.13,1.9697,44861.0,30051.569
300096.SZ,20241224,3.46,3.54,3.36,3.46,3.48,-0.02,-0.5747,92745.01,31879.663
300097.SZ,20241224,5.62,5.7,5.48,5.55,5.61,-0.06,-1.0695,170451.8,94942.829
300098.SZ,20241224,6.39,6.49,6.16,6.31,6.29,0.02,0.318,783817.94,492890.42
300099.SZ,20241224,6.47,6.63,6.38,6.48,6.35,0.13,2.0472,125320.0,81311.883
300100.SZ,20241224,28.71,30.78,28.71,30.49,27.89,2.6,9.3223,456757.03,1366431.813
300101.SZ,20241224,22.91,23.65,22.7,22.99,22.66,0.33,1.4563,144002.82,333291.053
300102.SZ,20241224,11.51,11.64,11.11,11.41,11.42,-0.01,-0.0876,278229.32,315234.575
300103.SZ,20241224,6.9,6.97,6.46,6.6,6.93,-0.33,-4.7619,85979.3,57111.037
300105.SZ,20241224,8.08,8.67,7.99,8.39,8.29,0.1,1.2063,552720.97,455640.415
300106.SZ,20241224,10.62,11.36,10.55,11.14,10.79,0.35,3.2437,242823.34,266087.547
300107.SZ,20241224,9.96,10.3,9.95,10.0,9.83,0.17,1.7294,158316.44,160137.676
300108.SZ,20241224,1.59,1.69,1.59,1.62,1.58,0.04,2.5316,428577.38,70070.065
300109.SZ,20241224,16.0,16.16,15.7,16.08,16.01,0.07,0.4372,106323.23,169257.941
300110.SZ,20241224,3.59,3.66,3.57,3.65,3.59,0.06,1.6713,173963.5,62901.339
300111.SZ,20241224,3.29,3.48,3.29,3.41,3.3,0.11,3.3333,380530.6,128564.517
300112.SZ,20241224,9.47,9.68,9.25,9.46,9.37,0.09,0.9605,88814.07,83888.511
300113.SZ,20241224,16.4,17.66,16.04,17.6,16.55,1.05,6.3444,653641.05,1116988.34
300115.SZ,20241224,16.5,16.96,16.48,16.75,16.55,0.2,1.2085,401771.56,671429.541
300117.SZ,20241224,1.19,1.27,1.19,1.24,1.19,0.05,4.2017,407882.02,50364.955
300118.SZ,20241224,12.59,13.0,12.58,12.76,12.59,0.17,1.3503,173404.01,221677.882
300119.SZ,20241224,18.45,18.7,18.4,18.49,18.48,0.01,0.0541,29856.0,55337.72
300120.SZ,20241224,10.3,10.43,9.93,10.15,10.23,-0.08,-0.782,234642.58,237383.205
300121.SZ,20241224,12.26,12.48,12.19,12.43,12.27,0.16,1.304,82947.55,102436.485
300122.SZ,20241224,27.58,27.99,27.57,27.86,27.59,0.27,0.9786,111012.23,308764.8
300123.SZ,20241224,6.34,6.48,6.19,6.27,6.33,-0.06,-0.9479,243577.74,153183.617
300124.SZ,20241224,58.84,60.15,58.61,59.3,58.5,0.8,1.3675,161344.06,957020.856
300125.SZ,20241224,6.85,6.93,6.52,6.83,6.77,0.06,0.8863,108142.97,72904.413
300126.SZ,20241224,5.48,5.6,5.36,5.44,5.42,0.02,0.369,55068.33,30145.947
300127.SZ,20241224,26.06,26.58,25.77,26.29,25.92,0.37,1.4275,83430.92,218231.612
300128.SZ,20241224,5.36,5.46,5.26,5.33,5.33,0.0,0.0,258129.72,137576.615
300129.SZ,20241224,7.31,7.49,7.29,7.37,7.27,0.1,1.3755,99733.31,73772.806
300130.SZ,20241224,24.09,24.36,23.55,24.29,23.88,0.41,1.7169,132969.78,318338.516
300131.SZ,20241224,7.92,8.07,7.71,8.05,7.91,0.14,1.7699,432267.65,342745.666
300132.SZ,20241224,5.32,5.38,5.22,5.3,5.25,0.05,0.9524,80679.0,42741.072
300133.SZ,20241224,7.94,7.98,7.64,7.87,7.88,-0.01,-0.1269,703589.36,547996.639
300134.SZ,20241224,12.95,13.22,12.5,12.77,12.9,-0.13,-1.0078,155246.0,197551.328
300135.SZ,20241224,4.13,4.22,4.06,4.13,4.1,0.03,0.7317,251711.77,103986.023
300136.SZ,20241224,25.98,26.18,25.5,26.15,25.7,0.45,1.751,161422.52,418045.039
300137.SZ,20241224,5.7,5.8,5.42,5.52,5.7,-0.18,-3.1579,71889.6,40216.878
300138.SZ,20241224,8.82,8.88,8.72,8.83,8.81,0.02,0.227,44186.11,38908.542
300139.SZ,20241224,15.66,15.78,15.26,15.76,15.72,0.04,0.2545,128253.01,198965.784
300140.SZ,20241224,6.34,6.49,6.34,6.45,6.34,0.11,1.735,86308.0,55475.72
300141.SZ,20241224,10.16,10.48,10.1,10.23,10.17,0.06,0.59,133939.08,138264.427
300142.SZ,20241224,12.74,12.96,12.74,12.88,12.76,0.12,0.9404,161654.6,207734.908
300143.SZ,20241224,9.2,9.43,9.13,9.25,9.19,0.06,0.6529,36160.37,33422.506
300144.SZ,20241224,9.51,9.61,9.44,9.55,9.5,0.05,0.5263,242288.96,230769.682
300145.SZ,20241224,3.64,3.72,3.52,3.6,3.69,-0.09,-2.439,931527.62,335852.582
300146.SZ,20241224,12.46,12.66,12.46,12.66,12.45,0.21,1.6867,111540.77,140420.123
300147.SZ,20241224,11.68,12.2,11.68,11.88,11.67,0.21,1.7995,223202.78,265480.135
300148.SZ,20241224,4.15,4.18,3.93,4.03,4.11,-0.08,-1.9465,539953.4,216713.782
300149.SZ,20241224,7.1,7.16,6.7,6.91,7.07,-0.16,-2.2631,199911.93,137377.666
300150.SZ,20241224,4.75,4.77,4.55,4.63,4.63,0.0,0.0,235192.0,109099.585
300151.SZ,20241224,17.46,17.76,17.4,17.64,17.48,0.16,0.9153,45924.0,80830.842
300152.SZ,20241224,5.3,5.49,5.13,5.45,5.52,-0.07,-1.2681,559397.83,297729.836
300153.SZ,20241224,12.24,12.45,11.25,11.71,12.6,-0.89,-7.0635,743598.81,871184.329
300154.SZ,20241224,10.6,12.46,10.47,11.69,10.68,1.01,9.4569,521213.14,598310.352
300155.SZ,20241224,5.2,5.25,4.97,5.07,5.14,-0.07,-1.3619,160432.53,81511.024
300157.SZ,20241224,3.27,3.32,3.03,3.12,3.29,-0.17,-5.1672,490447.63,153016.985
300158.SZ,20241224,4.57,4.61,4.48,4.55,4.55,0.0,0.0,157212.97,71446.14
300159.SZ,20241224,3.1,3.14,2.9,2.98,3.12,-0.14,-4.4872,1305270.1,388224.921
300160.SZ,20241224,5.49,5.6,5.49,5.55,5.46,0.09,1.6484,75390.8,41751.805
300161.SZ,20241224,27.69,28.86,26.76,28.22,27.39,0.83,3.0303,60705.17,168630.231
300162.SZ,20241224,8.15,8.32,7.83,8.0,8.1,-0.1,-1.2346,239736.52,192093.81
300163.SZ,20241224,2.41,2.46,2.36,2.4,2.37,0.03,1.2658,131097.03,31639.66
300164.SZ,20241224,4.16,4.24,4.16,4.22,4.15,0.07,1.6867,215462.0,90481.031
300165.SZ,20241224,3.2,3.24,3.12,3.16,3.15,0.01,0.3175,114164.38,36251.966
300166.SZ,20241224,10.1,10.14,9.66,9.89,10.0,-0.11,-1.1,429271.27,422364.232
300167.SZ,20241224,2.45,2.58,2.41,2.47,2.41,0.06,2.4896,210196.0,52530.571
300168.SZ,20241224,8.0,8.15,7.9,8.02,7.93,0.09,1.1349,220096.57,176742.176
300169.SZ,20241224,8.45,8.5,8.21,8.36,8.39,-0.03,-0.3576,140476.02,117031.431
300170.SZ,20241224,14.1,14.45,13.51,13.95,14.15,-0.2,-1.4134,1461705.22,2036921.136
300171.SZ,20241224,13.9,14.14,13.76,13.95,13.83,0.12,0.8677,68285.09,95250.343
300172.SZ,20241224,5.27,5.34,5.2,5.26,5.27,-0.01,-0.1898,149433.38,78650.37
300173.SZ,20241224,5.95,6.07,5.75,5.9,5.99,-0.09,-1.5025,476475.34,279817.497
300174.SZ,20241224,14.97,15.46,14.97,15.27,14.97,0.3,2.004,67569.21,102681.095
300175.SZ,20241224,5.8,5.86,5.61,5.75,5.8,-0.05,-0.8621,148595.02,84858.078
300176.SZ,20241224,7.37,7.51,7.1,7.21,7.46,-0.25,-3.3512,164613.0,119184.261
300177.SZ,20241224,12.61,12.76,11.88,12.25,12.41,-0.16,-1.2893,606746.51,742634.053
300179.SZ,20241224,12.0,13.87,11.4,12.94,12.97,-0.03,-0.2313,783925.01,971198.302
300180.SZ,20241224,6.98,7.08,6.75,6.92,6.96,-0.04,-0.5747,578890.49,398407.414
300181.SZ,20241224,16.15,16.34,15.94,16.14,16.2,-0.06,-0.3704,90634.05,146234.041
300182.SZ,20241224,6.56,6.66,6.42,6.58,6.56,0.02,0.3049,1032995.52,674867.181
300183.SZ,20241224,17.88,18.31,17.45,18.21,17.78,0.43,2.4184,166843.0,299565.352
300184.SZ,20241224,10.09,10.19,9.79,10.11,10.03,0.08,0.7976,490866.44,489922.568
300185.SZ,20241224,2.76,2.78,2.71,2.73,2.73,0.0,0.0,518302.98,142145.241
300187.SZ,20241224,5.11,5.22,5.11,5.19,5.11,0.08,1.5656,48680.0,25154.776
300188.SZ,20241224,15.43,15.52,14.9,15.23,15.35,-0.12,-0.7818,173343.0,262588.024
300189.SZ,20241224,3.77,3.86,3.53,3.69,3.8,-0.11,-2.8947,1176759.73,428827.901
300190.SZ,20241224,3.68,3.73,3.6,3.65,3.65,0.0,0.0,72460.6,26488.037
300191.SZ,20241224,13.19,13.26,13.0,13.07,13.06,0.01,0.0766,23800.0,31217.757
300192.SZ,20241224,18.66,18.88,17.15,17.51,18.19,-0.68,-3.7383,458520.4,811738.437
300193.SZ,20241224,9.07,9.3,9.03,9.27,9.05,0.22,2.4309,82927.0,76395.63
300194.SZ,20241224,4.59,4.66,4.57,4.63,4.58,0.05,1.0917,180000.81,83009.625
300195.SZ,20241224,5.98,6.09,5.85,5.97,5.93,0.04,0.6745,120326.0,71779.392
300196.SZ,20241224,11.04,11.24,10.91,11.03,11.11,-0.08,-0.7201,43083.0,47503.931
300197.SZ,20241224,2.67,2.71,2.5,2.58,2.7,-0.12,-4.4444,1277924.6,329474.734
300198.SZ,20241224,2.37,2.42,2.2,2.3,2.37,-0.07,-2.9536,555022.1,126665.265
300199.SZ,20241224,15.0,15.74,14.89,15.27,14.87,0.4,2.69,698377.28,1076055.22
300200.SZ,20241224,8.6,8.73,8.48,8.6,8.55,0.05,0.5848,45778.2,39339.295
300201.SZ,20241224,5.55,5.71,5.49,5.57,5.5,0.07,1.2727,256328.71,142916.376
300203.SZ,20241224,15.38,15.66,15.07,15.31,15.35,-0.04,-0.2606,80609.88,123091.136
300204.SZ,20241224,7.6,7.67,7.4,7.48,7.57,-0.09,-1.1889,53618.79,40219.973
300205.SZ,20241224,4.91,5.0,4.62,4.76,4.88,-0.12,-2.459,86255.02,41204.236
300206.SZ,20241224,11.73,11.85,11.54,11.73,11.68,0.05,0.4281,87909.1,102621.875
300207.SZ,20241224,23.0,23.22,22.84,23.0,22.84,0.16,0.7005,181172.0,416471.172
300208.SZ,20241224,2.9,2.9,2.81,2.9,2.42,0.48,19.8347,160464.81,46432.647
300209.SZ,20241224,5.53,5.95,5.53,5.65,5.67,-0.02,-0.3527,199002.52,113620.037
300210.SZ,20241224,11.3,11.34,10.8,11.02,11.22,-0.2,-1.7825,145797.0,160717.373
300211.SZ,20241224,8.57,8.67,7.99,8.25,8.57,-0.32,-3.734,142053.08,116875.458
300212.SZ,20241224,24.67,24.76,23.88,24.37,24.58,-0.21,-0.8544,145891.29,353747.959
300213.SZ,20241224,8.22,8.32,7.96,8.2,8.16,0.04,0.4902,239758.0,194886.769
300214.SZ,20241224,5.78,5.81,5.57,5.71,5.74,-0.03,-0.5226,62014.0,35357.133
300215.SZ,20241224,6.11,6.43,6.11,6.29,6.15,0.14,2.2764,97348.01,61083.044
300217.SZ,20241224,4.79,4.87,4.61,4.68,4.91,-0.23,-4.6843,732218.24,344559.074
300218.SZ,20241224,15.2,15.54,15.2,15.45,15.19,0.26,1.7117,36777.02,56453.349
300219.SZ,20241224,7.8,7.93,7.68,7.9,7.75,0.15,1.9355,177974.0,139161.507
300220.SZ,20241224,15.06,15.19,14.38,14.68,14.99,-0.31,-2.068,86847.8,126902.303
300221.SZ,20241224,6.05,6.13,5.93,6.12,5.99,0.13,2.1703,172125.0,104157.276
300222.SZ,20241224,10.61,10.85,10.55,10.73,10.55,0.18,1.7062,287942.04,308256.498
300223.SZ,20241224,75.0,75.49,72.1,74.66,74.78,-0.12,-0.1605,180790.61,1331622.924
300224.SZ,20241224,12.41,12.7,12.41,12.64,12.38,0.26,2.1002,124884.36,156922.703
300225.SZ,20241224,7.27,7.54,7.05,7.21,7.28,-0.07,-0.9615,108957.43,78806.219
300226.SZ,20241224,23.39,23.56,22.95,23.39,23.27,0.12,0.5157,74567.88,173459.204
300227.SZ,20241224,8.87,9.06,8.6,8.78,8.84,-0.06,-0.6787,158468.04,139028.339
300228.SZ,20241224,7.02,7.13,6.98,7.12,6.97,0.15,2.1521,115651.0,81749.693
300229.SZ,20241224,19.92,20.14,19.23,19.71,19.78,-0.07,-0.3539,357668.61,699378.165
300230.SZ,20241224,4.47,4.59,4.47,4.54,4.48,0.06,1.3393,117052.0,53149.551
300231.SZ,20241224,15.95,16.13,14.73,15.39,16.2,-0.81,-5.0,725831.42,1115986.298
300232.SZ,20241224,7.45,7.57,7.29,7.37,7.42,-0.05,-0.6739,442014.68,326853.768
300233.SZ,20241224,13.0,13.12,12.68,12.92,13.12,-0.2,-1.5244,125454.43,161214.769
300234.SZ,20241224,4.76,4.86,4.72,4.82,4.76,0.06,1.2605,61600.07,29581.799
300235.SZ,20241224,11.86,11.95,11.32,11.57,11.66,-0.09,-0.7719,96123.03,111042.202
300236.SZ,20241224,39.21,39.6,38.61,39.56,39.08,0.48,1.2282,32272.45,126505.215
300237.SZ,20241224,2.37,2.41,2.19,2.29,2.36,-0.07,-2.9661,920409.53,207677.663
300238.SZ,20241224,12.9,13.02,12.47,12.63,12.95,-0.32,-2.471,75290.0,95690.878
300239.SZ,20241224,5.29,5.35,5.22,5.33,5.29,0.04,0.7561,86911.0,45971.262
300240.SZ,20241224,6.92,7.09,6.7,6.95,6.89,0.06,0.8708,124906.01,85788.48
300241.SZ,20241224,5.79,5.94,5.65,5.8,5.8,0.0,0.0,381767.13,220737.983
300242.SZ,20241224,4.93,4.98,4.58,4.69,4.93,-0.24,-4.8682,637749.37,299911.883
300243.SZ,20241224,9.87,9.98,9.62,9.82,9.81,0.01,0.1019,45739.3,44725.052
300244.SZ,20241224,12.05,12.17,11.97,12.11,12.02,0.09,0.7488,80275.19,96924.903
300245.SZ,20241224,17.89,18.1,15.2,15.93,17.89,-1.96,-10.9558,751490.09,1235174.971
300246.SZ,20241224,6.91,7.04,6.74,6.83,6.96,-0.13,-1.8678,86288.09,59229.467
300247.SZ,20241224,3.86,3.87,3.7,3.82,3.79,0.03,0.7916,219513.04,82996.73
300248.SZ,20241224,10.4,10.43,10.15,10.3,10.23,0.07,0.6843,116998.8,120281.534
300249.SZ,20241224,11.57,11.8,10.92,11.21,11.3,-0.09,-0.7965,369820.28,416983.905
300250.SZ,20241224,15.96,16.07,15.05,15.35,15.88,-0.53,-3.3375,106557.99,164188.443
300251.SZ,20241224,9.19,9.3,9.15,9.27,9.17,0.1,1.0905,263663.19,243445.56
300252.SZ,20241224,10.19,10.68,9.68,10.68,9.97,0.71,7.1214,997634.72,1026965.718
300253.SZ,20241224,7.6,7.66,7.39,7.47,7.57,-0.1,-1.321,333310.69,249635.169
300254.SZ,20241224,8.9,9.01,8.76,8.91,8.93,-0.02,-0.224,61579.49,54683.701
300255.SZ,20241224,20.19,21.61,20.12,21.19,20.49,0.7,3.4163,392968.65,825096.744
300256.SZ,20241224,5.35,5.61,5.07,5.28,5.5,-0.22,-4.0,1867792.25,982422.997
300257.SZ,20241224,9.26,9.47,9.25,9.32,9.25,0.07,0.7568,59089.0,55273.254
300258.SZ,20241224,8.92,9.17,8.91,9.03,8.83,0.2,2.265,75150.64,68000.831
300259.SZ,20241224,3.65,3.68,3.58,3.62,3.59,0.03,0.8357,158854.0,57692.576
300260.SZ,20241224,28.1,29.14,27.01,28.82,28.16,0.66,2.3438,199280.72,561387.776
300261.SZ,20241224,7.3,7.38,7.18,7.27,7.31,-0.04,-0.5472,123902.0,89908.586
300263.SZ,20241224,7.87,8.08,7.69,7.92,7.85,0.07,0.8917,400711.38,315182.059
300264.SZ,20241224,6.16,6.24,5.8,5.93,6.16,-0.23,-3.7338,366524.0,217700.668
300265.SZ,20241224,8.25,8.44,8.17,8.3,8.18,0.12,1.467,85366.0,70833.349
300266.SZ,20241224,3.02,3.08,2.95,3.04,3.03,0.01,0.33,386952.66,116437.61
300267.SZ,20241224,2.99,3.03,2.9,2.96,2.99,-0.03,-1.0033,385265.78,113966.529
300268.SZ,20241224,7.39,7.48,7.27,7.39,7.39,0.0,0.0,7092.0,5219.076
300269.SZ,20241224,4.7,4.7,4.31,4.53,4.68,-0.15,-3.2051,397664.0,177900.21
300270.SZ,20241224,8.52,8.6,7.87,8.09,8.18,-0.09,-1.1002,179392.8,144582.064
300271.SZ,20241224,7.7,7.82,7.39,7.54,7.62,-0.08,-1.0499,207208.68,156737.33
300272.SZ,20241224,6.5,6.58,6.41,6.51,6.45,0.06,0.9302,75076.74,48762.971
300274.SZ,20241224,74.74,79.07,74.6,78.53,74.99,3.54,4.7206,621699.56,4846566.692
300275.SZ,20241224,14.8,14.8,13.55,14.08,14.52,-0.44,-3.0303,145137.53,203387.155
300276.SZ,20241224,10.03,10.6,10.03,10.42,9.8,0.62,6.3265,1632807.69,1683228.471
300277.SZ,20241224,11.84,11.99,11.51,11.81,11.79,0.02,0.1696,126903.5,148798.783
300278.SZ,20241224,6.43,6.66,6.33,6.44,6.35,0.09,1.4173,639440.06,412041.799
300279.SZ,20241224,6.43,6.53,6.25,6.46,6.37,0.09,1.4129,157206.0,100729.454
300280.SZ,20241224,21.46,23.31,20.5,23.31,21.56,1.75,8.1169,423317.28,959011.614
300281.SZ,20241224,5.95,6.1,5.74,5.85,5.86,-0.01,-0.1706,105846.63,62199.173
300283.SZ,20241224,5.8,6.08,5.66,5.97,5.72,0.25,4.3706,144507.06,84683.521
300284.SZ,20241224,10.61,10.87,10.34,10.5,10.4,0.1,0.9615,321019.58,340788.525
300285.SZ,20241224,17.81,18.09,17.76,18.06,17.73,0.33,1.8613,69580.62,125133.265
300286.SZ,20241224,19.96,20.72,19.81,20.7,19.83,0.87,4.3873,50275.76,102982.995
300287.SZ,20241224,5.35,5.53,5.1,5.21,5.38,-0.17,-3.1599,1234334.06,648112.071
300288.SZ,20241224,16.05,16.09,15.59,15.89,15.76,0.13,0.8249,84823.0,134162.029
300289.SZ,20241224,5.2,5.23,5.01,5.09,5.13,-0.04,-0.7797,76611.5,39025.277
300290.SZ,20241224,20.38,20.49,19.59,20.3,20.3,0.0,0.0,263007.85,525438.233
300291.SZ,20241224,5.55,5.58,5.33,5.5,5.51,-0.01,-0.1815,349730.99,190046.921
300292.SZ,20241224,5.25,5.41,5.2,5.32,5.2,0.12,2.3077,491475.0,260287.828
300293.SZ,20241224,25.01,25.46,24.43,25.18,25.01,0.17,0.6797,95351.0,237636.19
300294.SZ,20241224,30.54,31.18,30.5,30.98,30.54,0.44,1.4407,43582.24,134766.101
300295.SZ,20241224,17.83,18.0,17.31,17.81,17.8,0.01,0.0562,81267.54,143582.627
300296.SZ,20241224,7.3,7.68,7.18,7.25,7.24,0.01,0.1381,2775057.86,2047190.479
300298.SZ,20241224,25.82,26.16,25.64,26.14,25.74,0.4,1.554,37893.0,98113.556
300299.SZ,20241224,6.26,6.37,6.0,6.2,6.38,-0.18,-2.8213,667411.93,410718.652
300300.SZ,20241224,2.92,3.03,2.91,3.02,2.89,0.13,4.4983,172629.34,51145.319
300301.SZ,20241224,1.66,1.72,1.66,1.7,1.68,0.02,1.1905,85716.0,14536.469
300302.SZ,20241224,16.05,16.2,15.45,15.93,15.95,-0.02,-0.1254,133998.55,211502.016
300303.SZ,20241224,6.96,7.3,6.92,7.29,6.92,0.37,5.3468,872387.54,622406.553
300304.SZ,20241224,8.11,8.29,8.06,8.21,8.09,0.12,1.4833,153796.24,125807.239
300305.SZ,20241224,5.75,5.9,5.64,5.74,5.71,0.03,0.5254,54623.0,31376.757
300306.SZ,20241224,12.2,12.36,11.81,12.11,12.05,0.06,0.4979,50192.96,60545.985
300307.SZ,20241224,7.55,8.22,7.53,8.22,7.55,0.67,8.8742,504134.0,401800.63
300308.SZ,20241224,133.01,134.2,128.18,131.61,132.59,-0.98,-0.7391,350993.08,4577779.698
300310.SZ,20241224,8.91,8.95,8.61,8.82,8.72,0.1,1.1468,406037.68,356637.439
300311.SZ,20241224,6.63,6.74,6.35,6.45,6.64,-0.19,-2.8614,265941.57,172058.06
300313.SZ,20241224,6.7,7.02,6.64,6.77,6.73,0.04,0.5944,56199.35,38366.503
300314.SZ,20241224,11.76,11.88,11.62,11.75,11.74,0.01,0.0852,30140.0,35409.818
300315.SZ,20241224,5.88,5.93,5.79,5.89,5.84,0.05,0.8562,903694.45,529098.045
300316.SZ,20241224,33.7,34.46,33.42,34.18,34.07,0.11,0.3229,197512.84,671924.538
300317.SZ,20241224,3.98,4.07,3.93,3.99,3.96,0.03,0.7576,195427.39,77975.528
300318.SZ,20241224,5.98,6.04,5.91,6.0,5.98,0.02,0.3344,41354.0,24707.339
300319.SZ,20241224,13.28,14.0,12.92,13.94,13.38,0.56,4.1854,688829.61,931320.002
300320.SZ,20241224,9.95,10.22,9.92,10.08,9.97,0.11,1.1033,93656.44,94216.692
300321.SZ,20241224,19.9,20.77,19.7,20.24,19.81,0.43,2.1706,27350.4,55434.987
300322.SZ,20241224,14.37,14.54,13.85,14.16,14.16,0.0,0.0,180224.68,254552.416
300323.SZ,20241224,7.83,8.09,7.19,7.6,7.96,-0.36,-4.5226,1407358.03,1060802.345
300324.SZ,20241224,3.99,4.02,3.75,3.84,3.95,-0.11,-2.7848,965262.7,371832.199
300326.SZ,20241224,7.08,7.18,6.86,7.11,7.1,0.01,0.1408,155377.14,109218.328
300327.SZ,20241224,25.44,26.75,24.98,26.73,25.38,1.35,5.3191,199048.7,517394.285
300328.SZ,20241224,7.98,8.3,7.98,8.16,7.99,0.17,2.1277,159055.86,129451.68
300329.SZ,20241224,5.47,5.54,5.15,5.3,5.35,-0.05,-0.9346,127893.0,67556.895
300331.SZ,20241224,22.93,23.09,22.21,23.03,22.81,0.22,0.9645,79391.77,180065.342
300332.SZ,20241224,5.53,5.73,5.52,5.66,5.52,0.14,2.5362,144172.0,81542.178
300333.SZ,20241224,19.92,19.93,16.68,19.0,20.3,-1.3,-6.4039,1039613.62,1956172.318
300334.SZ,20241224,6.2,6.24,5.99,6.09,6.09,0.0,0.0,53821.0,32780.557
300335.SZ,20241224,4.98,5.06,4.93,5.04,4.94,0.1,2.0243,158161.01,79179.464
300337.SZ,20241224,11.99,12.13,11.79,11.99,11.94,0.05,0.4188,207154.11,247470.137
300338.SZ,20241224,4.81,5.05,4.77,4.96,4.67,0.29,6.2099,174277.02,85642.017
300339.SZ,20241224,54.19,54.41,53.05,54.05,54.11,-0.06,-0.1109,368331.4,1976756.516
300340.SZ,20241224,10.13,10.3,9.9,10.09,10.2,-0.11,-1.0784,84018.0,84650.654
300341.SZ,20241224,18.72,19.02,18.6,18.86,18.7,0.16,0.8556,69874.12,131320.039
300342.SZ,20241224,17.17,17.56,16.87,17.38,17.08,0.3,1.7564,156806.37,270065.55
300343.SZ,20241224,6.07,6.24,6.03,6.11,6.07,0.04,0.659,199386.69,122147.252
300344.SZ,20241224,4.87,4.96,4.59,4.76,4.91,-0.15,-3.055,365490.91,172976.188
300345.SZ,20241224,5.81,5.94,5.78,5.85,5.84,0.01,0.1712,74157.38,43431.443
300346.SZ,20241224,41.0,41.57,40.15,41.52,40.95,0.57,1.3919,175742.53,719127.766
300347.SZ,20241224,59.37,59.87,58.84,59.32,59.17,0.15,0.2535,65085.11,385635.405
300348.SZ,20241224,17.0,17.3,15.58,16.31,17.0,-0.69,-4.0588,712245.45,1160717.314
300349.SZ,20241224,14.15,14.6,14.12,14.6,14.15,0.45,3.1802,208680.49,301319.123
300350.SZ,20241224,5.73,5.81,5.57,5.66,5.69,-0.03,-0.5272,193232.84,109575.909
300351.SZ,20241224,18.5,19.99,18.4,19.37,18.27,1.1,6.0208,446715.34,865239.404
300352.SZ,20241224,5.97,6.03,5.73,5.81,5.94,-0.13,-2.1886,548015.82,320664.04
300353.SZ,20241224,12.5,12.67,12.3,12.49,12.56,-0.07,-0.5573,122129.0,152182.291
300354.SZ,20241224,36.63,37.18,36.01,37.15,36.16,0.99,2.7378,38877.08,142556.635
300355.SZ,20241224,5.76,5.83,5.59,5.67,5.75,-0.08,-1.3913,632997.19,359143.377
300357.SZ,20241224,21.36,21.7,21.31,21.51,21.27,0.24,1.1283,33081.81,71129.242
300358.SZ,20241224,7.31,7.36,7.17,7.25,7.26,-0.01,-0.1377,79856.0,57904.362
300359.SZ,20241224,5.8,5.85,5.62,5.71,5.75,-0.04,-0.6957,171586.0,97968.871
300360.SZ,20241224,16.35,16.75,16.35,16.66,16.3,0.36,2.2086,88673.14,147313.631
300363.SZ,20241224,16.48,16.91,16.48,16.65,16.41,0.24,1.4625,77675.0,129381.719
300364.SZ,20241224,26.3,26.63,25.81,26.31,26.15,0.16,0.6119,274187.91,718043.887
300365.SZ,20241224,6.56,6.62,6.36,6.5,6.45,0.05,0.7752,171535.52,111034.365
300366.SZ,20241224,10.38,10.55,9.95,10.14,10.32,-0.18,-1.7442,230412.86,234085.278
300368.SZ,20241224,4.38,4.43,4.33,4.42,4.33,0.09,2.0785,86709.0,38064.611
300369.SZ,20241224,7.97,8.08,7.73,7.86,7.93,-0.07,-0.8827,203556.0,160386.894
300370.SZ,20241224,3.55,3.62,3.39,3.47,3.55,-0.08,-2.2535,674581.47,233805.384
300371.SZ,20241224,10.26,10.46,9.89,10.15,10.13,0.02,0.1974,35501.13,35986.121
300373.SZ,20241224,46.09,47.48,45.35,47.36,45.95,1.41,3.0686,147924.99,688595.16
300374.SZ,20241224,19.0,20.49,18.62,19.77,19.26,0.51,2.648,261289.87,514196.978
300375.SZ,20241224,4.82,4.87,4.68,4.82,4.75,0.07,1.4737,292188.07,139791.442
300376.SZ,20241224,3.68,3.73,3.62,3.71,3.68,0.03,0.8152,139295.2,51360.729
300377.SZ,20241224,27.8,28.0,26.71,27.66,27.73,-0.07,-0.2524,795535.24,2161682.266
300378.SZ,20241224,27.92,27.99,26.65,27.45,27.61,-0.16,-0.5795,152764.0,415034.06
300379.SZ,20241224,16.89,17.22,16.12,16.46,16.79,-0.33,-1.9655,281693.16,462016.294
300380.SZ,20241224,50.92,52.01,49.49,51.85,50.97,0.88,1.7265,86428.42,438232.142
300381.SZ,20241224,7.5,7.57,7.3,7.44,7.45,-0.01,-0.1342,66255.59,49204.813
300382.SZ,20241224,13.36,13.64,12.8,12.93,13.62,-0.69,-5.0661,400246.53,525729.744
300383.SZ,20241224,13.5,13.51,12.8,13.14,13.56,-0.42,-3.0973,1226411.51,1602951.609
300384.SZ,20241224,17.58,18.1,17.34,17.64,17.18,0.46,2.6775,96610.8,170881.883
300385.SZ,20241224,4.94,5.13,4.76,4.91,4.93,-0.02,-0.4057,72832.56,35535.672
300386.SZ,20241224,21.82,22.26,18.6,19.42,22.01,-2.59,-11.7674,735236.37,1476381.333
300387.SZ,20241224,8.25,8.38,8.15,8.32,8.21,0.11,1.3398,95660.83,79117.211
300388.SZ,20241224,7.89,7.95,7.72,7.88,7.81,0.07,0.8963,58570.42,46066.936
300389.SZ,20241224,12.17,12.34,11.9,12.14,11.95,0.19,1.59,77867.01,94462.59
300390.SZ,20241224,24.47,25.18,24.47,24.79,24.36,0.43,1.7652,113130.2,280828.029
300391.SZ,20241224,5.8,5.96,5.6,5.69,5.86,-0.17,-2.901,182980.54,104973.002
300393.SZ,20241224,6.52,6.71,6.49,6.58,6.49,0.09,1.3867,152787.43,101057.761
300394.SZ,20241224,98.79,99.68,96.6,99.11,98.23,0.88,0.8959,140640.57,1378569.932
300395.SZ,20241224,39.11,39.57,37.91,38.73,39.18,-0.45,-1.1485,95694.73,368652.279
300396.SZ,20241224,17.75,18.23,17.5,18.18,17.9,0.28,1.5642,182840.83,327120.131
300397.SZ,20241224,11.78,11.91,11.41,11.59,11.77,-0.18,-1.5293,137251.16,159097.292
300398.SZ,20241224,16.68,16.87,16.4,16.84,16.68,0.16,0.9592,113307.74,189023.117
300399.SZ,20241224,29.66,30.3,27.55,28.84,29.49,-0.65,-2.2041,240118.35,688296.506
300400.SZ,20241224,17.25,17.48,16.8,17.05,17.03,0.02,0.1174,48606.18,82895.165
300401.SZ,20241224,15.11,15.26,15.01,15.17,15.11,0.06,0.3971,98177.56,148420.756
300402.SZ,20241224,15.4,15.61,15.19,15.52,15.23,0.29,1.9041,27200.0,41942.644
300403.SZ,20241224,11.29,11.8,11.29,11.55,11.08,0.47,4.2419,593134.14,685342.579
300404.SZ,20241224,9.18,9.31,9.09,9.2,9.16,0.04,0.4367,77232.71,70998.785
300405.SZ,20241224,5.06,5.33,4.83,5.13,5.11,0.02,0.3914,303689.67,154205.67
300406.SZ,20241224,14.06,14.28,13.96,14.17,13.96,0.21,1.5043,40750.06,57482.255
300407.SZ,20241224,11.0,11.46,10.86,11.05,10.78,0.27,2.5046,96215.93,107416.053
300408.SZ,20241224,37.85,39.99,37.79,39.84,37.68,2.16,5.7325,293918.03,1151761.734
300409.SZ,20241224,14.08,14.4,14.04,14.18,14.07,0.11,0.7818,202390.58,287256.386
300410.SZ,20241224,5.91,6.01,5.69,5.89,5.89,0.0,0.0,145424.18,84894.94
300411.SZ,20241224,13.65,14.22,13.59,13.8,13.49,0.31,2.298,124608.29,173003.262
300412.SZ,20241224,4.91,5.01,4.77,4.89,4.88,0.01,0.2049,181653.5,88653.263
300413.SZ,20241224,28.5,28.66,28.26,28.5,28.38,0.12,0.4228,87252.01,248152.542
300414.SZ,20241224,8.42,8.48,8.19,8.35,8.22,0.13,1.5815,63488.2,52914.79
300415.SZ,20241224,20.51,20.93,20.42,20.75,20.47,0.28,1.3679,55660.01,115100.169
300416.SZ,20241224,12.29,12.48,12.23,12.4,12.29,0.11,0.895,62592.88,77361.083
300417.SZ,20241224,13.4,13.63,12.74,13.07,13.4,-0.33,-2.4627,61342.3,80225.716
300418.SZ,20241224,41.46,41.89,40.42,41.21,41.48,-0.27,-0.6509,372277.64,1525691.546
300419.SZ,20241224,4.91,4.98,4.67,4.82,4.91,-0.09,-1.833,187486.0,90649.153
300420.SZ,20241224,3.34,3.39,3.13,3.19,3.32,-0.13,-3.9157,766498.46,246307.289
300421.SZ,20241224,12.17,12.29,11.81,12.05,11.81,0.24,2.0322,156429.64,188349.074
300422.SZ,20241224,4.67,4.72,4.52,4.63,4.65,-0.02,-0.4301,71871.26,33154.639
300423.SZ,20241224,7.37,7.52,7.17,7.32,7.36,-0.04,-0.5435,84780.36,61915.55
300424.SZ,20241224,16.36,16.65,16.1,16.47,16.25,0.22,1.3538,64087.8,104967.698
300425.SZ,20241224,6.2,6.78,6.2,6.38,6.45,-0.07,-1.0853,829073.51,533477.815
300426.SZ,20241224,10.46,10.62,10.22,10.43,10.42,0.01,0.096,98785.51,102913.292
300427.SZ,20241224,6.26,6.38,6.1,6.25,6.26,-0.01,-0.1597,149111.77,92553.641
300428.SZ,20241224,16.71,17.05,16.71,16.9,16.68,0.22,1.3189,30575.29,51646.842
300429.SZ,20241224,12.96,13.14,12.69,12.99,12.91,0.08,0.6197,126776.66,163577.183
300430.SZ,20241224,16.71,16.94,16.22,16.85,16.65,0.2,1.2012,230968.2,384083.935
300432.SZ,20241224,15.65,16.35,15.64,16.06,15.58,0.48,3.0809,424945.49,683998.943
300433.SZ,20241224,22.27,22.68,22.17,22.48,22.17,0.31,1.3983,239184.04,536840.139
300434.SZ,20241224,8.6,8.64,8.41,8.55,8.54,0.01,0.1171,44937.3,38266.142
300435.SZ,20241224,12.1,12.3,11.95,12.07,12.12,-0.05,-0.4125,40441.98,48844.07
300436.SZ,20241224,29.46,33.35,29.24,32.46,29.16,3.3,11.3169,96593.0,303339.899
300437.SZ,20241224,9.82,9.97,9.51,9.61,9.73,-0.12,-1.2333,48706.61,47101.22
300438.SZ,20241224,29.48,30.0,29.24,29.67,29.48,0.19,0.6445,79667.79,235820.061
300439.SZ,20241224,10.88,10.99,10.82,10.98,10.87,0.11,1.012,38803.48,42322.491
300440.SZ,20241224,7.98,8.1,7.83,7.96,7.85,0.11,1.4013,113114.0,90102.169
300441.SZ,20241224,9.79,10.2,9.6,9.99,9.98,0.01,0.1002,398043.52,392477.836
300442.SZ,20241224,58.13,59.1,54.6,56.38,59.58,-3.2,-5.3709,769201.02,4333494.635
300443.SZ,20241224,20.81,21.41,20.79,21.29,20.82,0.47,2.2574,80436.32,170397.527
300444.SZ,20241224,7.24,7.44,7.15,7.32,7.1,0.22,3.0986,246342.48,180257.506
300445.SZ,20241224,16.83,17.23,16.74,17.06,16.72,0.34,2.0335,30865.0,52376.578
300446.SZ,20241224,16.94,17.2,16.73,17.09,16.73,0.36,2.1518,93939.67,159554.418
300447.SZ,20241224,13.8,14.03,13.67,13.99,13.65,0.34,2.4908,33088.4,45901.319
300448.SZ,20241224,7.65,7.68,7.14,7.39,7.52,-0.13,-1.7287,361164.08,265022.964
300449.SZ,20241224,7.95,8.01,7.6,7.87,7.75,0.12,1.5484,102908.0,80623.14
300450.SZ,20241224,21.55,21.88,21.3,21.64,21.49,0.15,0.698,210132.79,454136.902
300451.SZ,20241224,4.93,4.93,4.79,4.87,4.87,0.0,0.0,471866.15,229006.172
300452.SZ,20241224,12.44,12.57,12.35,12.48,12.41,0.07,0.5641,22758.1,28372.991
300453.SZ,20241224,7.79,7.86,7.65,7.76,7.77,-0.01,-0.1287,44424.05,34444.822
300454.SZ,20241224,61.18,61.74,60.1,61.0,61.18,-0.18,-0.2942,42798.23,259772.452
300455.SZ,20241224,13.64,13.82,13.49,13.71,13.55,0.16,1.1808,79777.21,109009.981
300456.SZ,20241224,18.91,19.13,18.58,19.11,18.79,0.32,1.703,162457.7,307081.981
300457.SZ,20241224,19.93,20.24,19.76,20.07,19.87,0.2,1.0065,86290.29,172484.931
300458.SZ,20241224,43.2,43.72,40.66,42.6,42.86,-0.26,-0.6066,611427.5,2578577.882
300459.SZ,20241224,6.52,6.68,6.37,6.61,6.53,0.08,1.2251,2518976.74,1642752.665
300460.SZ,20241224,13.61,13.85,13.12,13.65,13.51,0.14,1.0363,94757.68,127917.047
300461.SZ,20241224,20.4,20.79,19.79,20.35,20.34,0.01,0.0492,29977.2,60547.28
300462.SZ,20241224,10.07,10.07,9.52,9.74,9.89,-0.15,-1.5167,92615.0,90094.804
300463.SZ,20241224,13.61,13.78,13.6,13.69,13.58,0.11,0.81,35032.99,47918.658
300464.SZ,20241224,6.13,6.41,5.95,6.41,6.19,0.22,3.5541,341138.5,212612.005
300465.SZ,20241224,19.9,20.53,18.29,18.98,19.78,-0.8,-4.0445,930440.76,1799493.735
300466.SZ,20241224,8.12,8.28,7.93,8.06,7.97,0.09,1.1292,122710.4,99145.578
300467.SZ,20241224,16.67,16.83,16.3,16.61,16.53,0.08,0.484,59644.0,98643.337
300468.SZ,20241224,17.8,17.89,17.11,17.61,17.64,-0.03,-0.1701,296384.31,518505.548
300469.SZ,20241224,22.7,23.04,21.77,22.39,22.82,-0.43,-1.8843,188515.6,417914.69
300470.SZ,20241224,38.05,40.94,38.05,40.88,38.0,2.88,7.5789,112759.19,448168.167
300471.SZ,20241224,9.69,9.74,9.43,9.55,9.52,0.03,0.3151,37916.02,36345.986
300472.SZ,20241224,7.15,7.21,6.66,6.93,7.11,-0.18,-2.5316,165702.12,113996.331
300473.SZ,20241224,24.08,24.84,23.4,24.15,24.38,-0.23,-0.9434,74471.0,178938.212
300474.SZ,20241224,106.04,106.9,100.02,105.35,104.38,0.97,0.9293,335071.03,3464684.511
300475.SZ,20241224,29.35,29.75,28.83,29.71,29.23,0.48,1.6421,102155.03,300152.246
300476.SZ,20241224,43.98,44.01,42.7,43.68,43.18,0.5,1.1579,205838.74,891553.422
300477.SZ,20241224,3.11,3.17,2.94,3.04,3.17,-0.13,-4.1009,584969.76,177281.77
300478.SZ,20241224,9.32,9.47,8.99,9.23,9.19,0.04,0.4353,53762.9,49451.708
300479.SZ,20241224,20.57,20.7,19.5,19.93,20.45,-0.52,-2.5428,151419.47,301622.33
300480.SZ,20241224,13.87,14.02,13.6,13.91,13.71,0.2,1.4588,30273.27,41768.193
300481.SZ,20241224,16.49,16.65,15.81,16.15,16.35,-0.2,-1.2232,130968.43,212215.608
300482.SZ,20241224,23.7,23.86,23.6,23.7,23.7,0.0,0.0,38715.0,91784.252
300483.SZ,20241224,9.79,9.91,9.51,9.67,9.88,-0.21,-2.1255,71036.4,68782.849
300484.SZ,20241224,21.68,22.05,21.38,21.9,21.45,0.45,2.0979,83714.01,181943.866
300485.SZ,20241224,7.39,7.44,7.24,7.35,7.34,0.01,0.1362,29667.99,21781.976
300486.SZ,20241224,7.35,7.47,7.21,7.36,7.29,0.07,0.9602,119534.25,87654.027
300487.SZ,20241224,51.51,52.2,50.82,51.25,51.3,-0.05,-0.0975,26562.75,136654.402
300488.SZ,20241224,27.78,28.47,27.1,27.96,27.32,0.64,2.3426,50530.41,140139.622
300489.SZ,20241224,59.01,59.4,57.52,58.83,59.0,-0.17,-0.2881,40710.0,237909.726
300490.SZ,20241224,8.4,8.6,8.33,8.47,8.31,0.16,1.9254,70605.22,59737.306
300491.SZ,20241224,17.38,17.99,17.2,17.46,17.17,0.29,1.689,83510.1,146091.244
300492.SZ,20241224,74.66,78.15,74.0,77.81,74.65,3.16,4.2331,8023.0,61408.177
300493.SZ,20241224,26.6,27.0,23.83,25.21,25.8,-0.59,-2.2868,1083089.7,2754774.128
300494.SZ,20241224,12.88,13.08,12.58,13.05,12.64,0.41,3.2437,259806.27,333051.937
300496.SZ,20241224,65.35,66.38,61.55,62.93,65.26,-2.33,-3.5703,277051.66,1739382.659
300497.SZ,20241224,8.79,8.89,8.65,8.75,8.74,0.01,0.1144,66276.88,58101.07
300498.SZ,20241224,16.78,17.04,16.78,16.9,16.78,0.12,0.7151,268089.04,453048.484
300499.SZ,20241224,21.3,22.55,20.2,22.55,21.88,0.67,3.0622,852701.16,1812438.558
300500.SZ,20241224,11.8,11.9,11.31,11.43,11.46,-0.03,-0.2618,42710.19,49328.114
300501.SZ,20241224,13.7,13.9,13.48,13.79,13.53,0.26,1.9217,18396.0,25208.452
300502.SZ,20241224,125.5,125.76,118.12,122.0,124.65,-2.65,-2.126,314455.9,3796133.473
300503.SZ,20241224,21.24,21.49,20.48,21.08,20.71,0.37,1.7866,193926.6,406153.973
300504.SZ,20241224,18.53,18.85,17.38,18.76,18.55,0.21,1.1321,166073.32,302964.788
300505.SZ,20241224,14.73,14.95,14.6,14.87,14.73,0.14,0.9504,52097.53,77109.978
300506.SZ,20241224,3.46,3.54,3.46,3.52,3.45,0.07,2.029,48018.0,16811.597
300507.SZ,20241224,7.03,7.2,6.96,7.13,7.0,0.13,1.8571,183100.16,129728.516
300508.SZ,20241224,28.17,28.88,27.7,28.33,28.07,0.26,0.9263,15006.8,42475.539
300509.SZ,20241224,6.95,7.0,6.71,6.85,6.81,0.04,0.5874,104818.99,71717.041
300510.SZ,20241224,4.45,4.59,4.39,4.44,4.44,0.0,0.0,189857.66,84759.903
300511.SZ,20241224,3.71,3.76,3.58,3.68,3.7,-0.02,-0.5405,184810.7,67540.558
300512.SZ,20241224,7.14,7.35,7.03,7.15,7.13,0.02,0.2805,39066.5,27938.162
300513.SZ,20241224,9.72,9.93,9.45,9.7,9.6,0.1,1.0417,90954.32,88232.786
300514.SZ,20241224,14.78,15.28,14.77,15.0,14.68,0.32,2.1798,62203.0,93457.043
300515.SZ,20241224,12.41,12.68,12.16,12.47,12.3,0.17,1.3821,35878.78,44611.653
300516.SZ,20241224,35.75,37.0,35.38,36.0,35.85,0.15,0.4184,19175.5,69003.586
300517.SZ,20241224,8.99,9.03,8.71,8.88,8.85,0.03,0.339,33576.01,29765.519
300518.SZ,20241224,10.47,11.5,10.38,11.32,10.62,0.7,6.5913,157736.37,173925.988
300519.SZ,20241224,13.9,14.05,13.72,13.94,13.8,0.14,1.0145,27326.0,38006.183
300520.SZ,20241224,27.68,28.0,25.16,26.16,27.99,-1.83,-6.538,349504.54,914210.672
300521.SZ,20241224,23.26,23.66,22.08,23.38,23.42,-0.04,-0.1708,81900.48,187642.392
300522.SZ,20241224,13.46,13.67,13.17,13.58,13.6,-0.02,-0.1471,77634.81,104324.735
300523.SZ,20241224,21.28,21.45,20.92,21.24,21.0,0.24,1.1429,29759.98,63062.241
300525.SZ,20241224,16.55,16.84,16.38,16.74,16.55,0.19,1.148,75365.27,125260.487
300527.SZ,20241224,8.74,9.0,8.52,8.61,8.99,-0.38,-4.2269,459942.22,399727.581
300528.SZ,20241224,9.03,9.04,8.62,8.93,8.83,0.1,1.1325,137748.08,121541.645
300529.SZ,20241224,29.68,30.12,29.51,30.07,29.51,0.56,1.8977,33889.0,101145.947
300530.SZ,20241224,19.89,20.13,19.1,19.53,19.18,0.35,1.8248,22806.0,44746.246
300531.SZ,20241224,15.13,15.33,14.65,15.04,15.1,-0.06,-0.3974,97681.5,146053.829
300532.SZ,20241224,12.05,12.45,12.02,12.33,11.96,0.37,3.0936,131626.08,161606.27
300533.SZ,20241224,21.05,21.25,20.2,20.75,20.94,-0.19,-0.9074,86556.75,179323.423
300534.SZ,20241224,9.08,9.15,8.9,9.0,9.02,-0.02,-0.2217,68035.0,61289.795
300535.SZ,20241224,13.78,13.91,13.38,13.63,13.7,-0.07,-0.5109,20654.0,28179.903
300536.SZ,20241224,6.8,6.85,6.15,6.4,6.73,-0.33,-4.9034,104429.0,68378.631
300537.SZ,20241224,20.11,20.38,19.71,20.27,20.0,0.27,1.35,75047.32,150813.796
300538.SZ,20241224,16.23,17.36,16.23,16.72,16.11,0.61,3.7865,62967.19,104766.71
300539.SZ,20241224,11.41,11.6,11.17,11.29,11.19,0.1,0.8937,35493.0,40304.503
300540.SZ,20241224,23.67,24.0,23.36,23.78,23.36,0.42,1.7979,21401.5,50760.463
300541.SZ,20241224,13.51,13.6,12.86,13.14,13.27,-0.13,-0.9797,308133.63,404657.725
300542.SZ,20241224,22.51,23.0,22.06,22.53,22.42,0.11,0.4906,88727.04,199374.955
300543.SZ,20241224,11.13,11.87,10.51,11.1,9.98,1.12,11.2224,336295.17,375381.505
300545.SZ,20241224,31.81,32.4,31.57,31.92,31.7,0.22,0.694,36502.47,116568.236
300546.SZ,20241224,17.94,18.36,17.33,18.32,17.93,0.39,2.1751,86662.95,154194.882
300547.SZ,20241224,18.39,18.95,18.3,18.85,18.28,0.57,3.1182,55154.35,103091.059
300548.SZ,20241224,35.2,36.3,33.63,34.98,34.2,0.78,2.2807,510500.85,1787660.418
300549.SZ,20241224,17.35,17.85,17.0,17.24,17.2,0.04,0.2326,29789.0,51686.915
300550.SZ,20241224,14.1,15.16,14.06,15.08,14.09,0.99,7.0263,92652.2,138338.144
300551.SZ,20241224,12.24,12.3,11.42,11.91,12.24,-0.33,-2.6961,228629.25,269094.534
300552.SZ,20241224,36.84,37.15,35.37,36.83,36.12,0.71,1.9657,89191.39,323421.658
300553.SZ,20241224,30.5,30.92,29.04,29.83,30.19,-0.36,-1.1924,17493.0,52195.675
300554.SZ,20241224,23.98,24.9,23.39,24.78,23.6,1.18,5.0,65558.52,157693.09
300555.SZ,20241224,8.1,8.33,7.97,8.25,8.09,0.16,1.9778,38941.5,31874.479
300556.SZ,20241224,21.44,21.61,20.2,20.55,21.19,-0.64,-3.0203,147116.0,304261.062
300557.SZ,20241224,30.68,33.33,30.32,33.17,31.23,1.94,6.212,70889.75,228246.802
300558.SZ,20241224,53.32,54.92,53.21,54.8,53.33,1.47,2.7564,49752.75,270233.636
300559.SZ,20241224,11.68,12.15,11.6,12.07,11.65,0.42,3.6052,64350.0,76643.408
300560.SZ,20241224,15.8,16.1,15.3,15.86,15.57,0.29,1.8626,109356.2,172831.307
300561.SZ,20241224,51.81,52.01,45.0,48.12,52.59,-4.47,-8.4997,575537.71,2757228.894
300562.SZ,20241224,15.77,15.8,14.74,15.21,15.44,-0.23,-1.4896,265093.59,401561.121
300563.SZ,20241224,58.01,66.65,55.39,65.3,56.85,8.45,14.8637,405362.34,2491818.738
300564.SZ,20241224,15.52,16.5,15.51,16.4,15.49,0.91,5.8748,59275.23,95693.541
300565.SZ,20241224,13.48,13.56,12.91,13.03,13.37,-0.34,-2.543,72015.13,94558.206
300566.SZ,20241224,18.76,19.0,18.41,18.99,18.6,0.39,2.0968,121668.4,228529.853
300567.SZ,20241224,71.56,72.37,68.16,70.74,71.3,-0.56,-0.7854,60745.0,424985.243
300568.SZ,20241224,9.88,10.16,9.86,10.02,9.86,0.16,1.6227,263904.77,264477.43
300569.SZ,20241224,5.08,5.22,5.06,5.13,5.06,0.07,1.3834,116497.07,59935.485
300570.SZ,20241224,68.69,69.49,65.73,67.7,69.21,-1.51,-2.1818,145506.84,979191.534
300571.SZ,20241224,27.8,28.5,26.18,26.8,27.9,-1.1,-3.9427,103258.01,278844.225
300572.SZ,20241224,18.13,18.49,17.79,18.24,18.12,0.12,0.6623,39244.4,70864.586
300573.SZ,20241224,75.77,77.07,75.36,76.0,75.76,0.24,0.3168,40652.21,308993.721
300575.SZ,20241224,6.37,6.44,6.28,6.41,6.35,0.06,0.9449,61851.5,39362.662
300576.SZ,20241224,48.99,48.99,47.5,48.88,48.41,0.47,0.9709,68560.9,331469.912
300577.SZ,20241224,24.0,24.6,22.86,24.6,24.05,0.55,2.2869,68943.07,163632.503
300578.SZ,20241224,20.83,20.95,20.12,20.65,20.52,0.13,0.6335,56036.0,114689.156
300579.SZ,20241224,30.27,30.49,29.51,29.93,30.11,-0.18,-0.5978,49101.5,146719.287
300580.SZ,20241224,24.5,25.16,24.2,24.85,23.99,0.86,3.5848,223481.35,552496.513
300581.SZ,20241224,11.25,11.55,11.1,11.29,11.29,0.0,0.0,97629.78,110240.238
300582.SZ,20241224,14.21,14.21,13.36,13.63,13.76,-0.13,-0.9448,80393.01,109738.948
300583.SZ,20241224,20.53,21.25,20.48,20.73,20.64,0.09,0.436,33991.4,70580.519
300584.SZ,20241224,21.52,21.52,20.38,20.77,21.31,-0.54,-2.534,27353.58,57013.675
300585.SZ,20241224,13.86,14.23,13.58,13.81,13.8,0.01,0.0725,44587.0,61649.707
300586.SZ,20241224,8.61,8.8,8.51,8.63,8.55,0.08,0.9357,71928.0,62082.531
300587.SZ,20241224,4.48,4.53,4.4,4.49,4.43,0.06,1.3544,135913.28,60738.083
300588.SZ,20241224,15.95,16.15,14.7,15.53,15.92,-0.39,-2.4497,91167.0,140313.828
300589.SZ,20241224,13.08,13.34,12.81,12.95,13.23,-0.28,-2.1164,74911.62,97497.432
300590.SZ,20241224,15.13,16.58,15.0,16.13,15.04,1.09,7.2473,395754.09,628941.361
300591.SZ,20241224,4.36,4.4,4.21,4.36,4.33,0.03,0.6928,141208.49,61018.132
300592.SZ,20241224,14.8,15.1,14.5,14.81,14.58,0.23,1.5775,123670.6,182602.218
300593.SZ,20241224,11.61,11.86,11.43,11.62,11.55,0.07,0.6061,80542.28,93732.968
300594.SZ,20241224,17.41,17.95,17.33,17.56,17.37,0.19,1.0938,26268.0,46291.182
300595.SZ,20241224,19.89,20.86,19.7,20.51,19.16,1.35,7.0459,423961.41,863956.035
300596.SZ,20241224,28.61,29.37,28.38,29.22,28.39,0.83,2.9236,59441.82,172414.662
300597.SZ,20241224,9.09,9.27,8.8,9.06,9.04,0.02,0.2212,103714.0,93787.631
300598.SZ,20241224,51.65,51.98,50.4,51.33,51.41,-0.08,-0.1556,52282.0,266957.118
300599.SZ,20241224,6.85,6.92,6.66,6.82,6.71,0.11,1.6393,32777.32,22255.732
300600.SZ,20241224,7.49,7.62,7.37,7.62,7.5,0.12,1.6,24108.0,18089.406
300601.SZ,20241224,17.72,17.96,17.72,17.83,17.75,0.08,0.4507,53652.2,95714.848
300602.SZ,20241224,19.28,19.64,18.96,19.25,19.21,0.04,0.2082,128243.0,246612.31
300603.SZ,20241224,11.25,11.41,10.63,10.89,11.19,-0.3,-2.681,324130.56,354982.011
300604.SZ,20241224,47.65,48.99,46.44,48.99,47.18,1.81,3.8364,332801.72,1598447.99
300605.SZ,20241224,12.82,12.89,12.15,12.45,12.61,-0.16,-1.2688,39369.0,48988.279
300606.SZ,20241224,20.4,20.67,20.0,20.33,20.4,-0.07,-0.3431,27928.42,56584.639
300607.SZ,20241224,28.5,29.16,27.85,28.68,28.07,0.61,2.1731,449534.62,1278891.064
300608.SZ,20241224,11.83,12.0,11.15,11.37,12.15,-0.78,-6.4198,199333.9,228004.166
300609.SZ,20241224,28.67,30.34,27.3,30.05,28.25,1.8,6.3717,147931.88,432329.441
300610.SZ,20241224,10.09,10.3,9.95,10.17,10.01,0.16,1.5984,36800.3,37284.129
300611.SZ,20241224,10.94,11.18,10.78,11.04,10.83,0.21,1.9391,52684.0,57933.584
300612.SZ,20241224,18.35,19.18,18.19,18.92,18.22,0.7,3.8419,187549.33,351215.993
300613.SZ,20241224,63.5,67.71,62.03,67.08,62.35,4.73,7.5862,290226.93,1881546.668
300614.SZ,20241224,10.35,10.47,10.0,10.25,10.34,-0.09,-0.8704,30264.29,30897.261
300615.SZ,20241224,13.09,13.28,12.66,13.02,12.95,0.07,0.5405,67544.68,87754.987
300616.SZ,20241224,13.34,13.43,13.05,13.33,13.31,0.02,0.1503,49611.31,65804.451
300617.SZ,20241224,28.39,29.53,28.31,28.64,28.55,0.09,0.3152,27523.53,79533.849
300618.SZ,20241224,35.45,36.07,35.31,35.62,35.4,0.22,0.6215,43483.0,155002.4
300619.SZ,20241224,27.05,28.09,27.03,27.43,27.25,0.18,0.6606,31811.4,87463.04
300620.SZ,20241224,48.97,49.22,47.0,48.1,48.71,-0.61,-1.2523,93619.52,448413.572
300621.SZ,20241224,10.14,10.21,9.78,9.98,9.94,0.04,0.4024,45710.87,45622.925
300622.SZ,20241224,54.9,57.02,52.0,56.0,54.3,1.7,3.1308,297970.18,1629219.131
300623.SZ,20241224,35.98,38.5,35.17,38.45,35.6,2.85,8.0056,540151.37,2016528.159
300624.SZ,20241224,67.0,67.5,65.0,66.81,67.2,-0.39,-0.5804,125952.15,832892.606
300625.SZ,20241224,12.02,12.32,12.01,12.13,12.0,0.13,1.0833,19250.22,23423.549
300626.SZ,20241224,9.61,9.84,9.44,9.73,9.54,0.19,1.9916,66002.8,63770.679
300627.SZ,20241224,39.92,41.35,39.88,41.02,39.92,1.1,2.7555,73201.84,298681.342
300628.SZ,20241224,37.85,39.3,37.63,38.73,37.44,1.29,3.4455,122149.6,472317.878
300629.SZ,20241224,22.0,22.38,21.62,22.03,21.85,0.18,0.8238,48759.85,107195.048
300630.SZ,20241224,7.68,8.59,7.46,7.78,8.04,-0.26,-3.2338,587437.89,471014.676
300631.SZ,20241224,22.18,22.47,21.73,22.23,22.18,0.05,0.2254,13902.0,30698.581
300632.SZ,20241224,12.3,12.67,11.46,11.92,13.18,-1.26,-9.5599,306262.93,365727.533
300633.SZ,20241224,31.78,32.52,31.61,31.92,31.77,0.15,0.4721,22910.0,73243.376
300634.SZ,20241224,23.1,23.33,22.68,23.18,22.99,0.19,0.8264,160311.98,368725.891
300635.SZ,20241224,10.5,10.73,10.09,10.29,10.5,-0.21,-2.0,56639.0,58494.179
300636.SZ,20241224,8.21,8.27,8.09,8.22,8.18,0.04,0.489,40037.29,32753.3
300637.SZ,20241224,9.78,10.09,9.52,9.81,9.84,-0.03,-0.3049,68033.5,66295.747
300638.SZ,20241224,21.21,21.53,20.25,20.88,21.21,-0.33,-1.5559,476541.44,986168.342
300639.SZ,20241224,6.12,6.19,6.05,6.11,6.12,-0.01,-0.1634,54890.86,33514.982
300640.SZ,20241224,6.18,6.28,5.92,6.1,6.09,0.01,0.1642,178020.97,108257.099
300641.SZ,20241224,25.25,25.68,24.65,25.23,25.77,-0.54,-2.0955,450565.81,1131004.095
300642.SZ,20241224,15.04,15.11,14.68,14.87,14.81,0.06,0.4051,21966.6,32625.136
300643.SZ,20241224,12.45,12.73,12.24,12.56,12.39,0.17,1.3721,45655.0,57012.989
300644.SZ,20241224,22.96,24.03,22.89,23.53,22.78,0.75,3.2924,53448.95,125811.331
300645.SZ,20241224,15.99,16.07,15.29,15.65,15.74,-0.09,-0.5718,50584.0,79008.296
300647.SZ,20241224,6.9,6.97,6.62,6.8,6.85,-0.05,-0.7299,175576.26,118751.763
300648.SZ,20241224,24.9,25.35,24.45,25.09,24.45,0.64,2.6176,24047.32,59983.821
300649.SZ,20241224,11.54,11.75,11.01,11.25,11.53,-0.28,-2.4284,34202.0,38523.704
300650.SZ,20241224,11.49,11.79,11.39,11.62,11.5,0.12,1.0435,49255.0,57068.063
300651.SZ,20241224,13.83,13.86,13.2,13.43,13.65,-0.22,-1.6117,65956.92,88706.915
300652.SZ,20241224,31.96,32.18,30.88,31.77,31.7,0.07,0.2208,23980.33,75712.615
300653.SZ,20241224,21.91,22.18,21.8,22.04,21.87,0.17,0.7773,11420.25,25139.189
300654.SZ,20241224,11.31,11.38,10.89,11.3,11.06,0.24,2.17,197197.0,220042.775
300655.SZ,20241224,9.94,10.07,9.71,9.94,9.94,0.0,0.0,203644.89,201257.538
300656.SZ,20241224,27.01,27.47,26.21,27.06,26.9,0.16,0.5948,28368.44,76090.125
300657.SZ,20241224,23.43,23.7,22.18,22.84,23.21,-0.37,-1.5941,345998.44,784926.34
300658.SZ,20241224,5.4,5.55,5.29,5.43,5.38,0.05,0.9294,64352.68,34696.285
300659.SZ,20241224,16.98,17.08,16.13,16.44,16.79,-0.35,-2.0846,112353.13,184596.631
300660.SZ,20241224,39.55,41.19,39.15,40.5,38.31,2.19,5.7165,205055.68,824960.432
300661.SZ,20241224,88.45,89.53,86.51,89.05,87.9,1.15,1.3083,40581.64,356184.017
300662.SZ,20241224,22.53,22.84,22.2,22.63,22.28,0.35,1.5709,49304.89,111006.335
300663.SZ,20241224,19.29,19.6,18.86,19.19,19.29,-0.1,-0.5184,190023.2,364006.459
300664.SZ,20241224,5.62,5.85,5.55,5.8,5.57,0.23,4.1293,223203.01,127684.773
300665.SZ,20241224,6.65,6.69,6.35,6.54,6.53,0.01,0.1531,87898.2,57121.406
300666.SZ,20241224,74.01,74.55,71.71,74.35,73.5,0.85,1.1565,58456.82,429043.522
300667.SZ,20241224,17.82,18.31,17.0,17.61,17.76,-0.15,-0.8446,96962.4,171488.669
300668.SZ,20241224,23.11,23.5,22.63,23.28,23.0,0.28,1.2174,19081.0,44119.041
300669.SZ,20241224,20.51,20.68,20.0,20.21,20.7,-0.49,-2.3671,16649.5,33852.046
300670.SZ,20241224,6.1,6.27,5.94,6.07,6.04,0.03,0.4967,76359.0,46505.755
300671.SZ,20241224,45.4,45.6,41.4,43.73,44.55,-0.82,-1.8406,182095.58,784307.583
300672.SZ,20241224,72.51,73.5,70.41,72.33,72.5,-0.17,-0.2345,89724.34,642947.621
300673.SZ,20241224,16.72,17.1,16.6,17.03,16.74,0.29,1.7324,54250.5,91649.034
300674.SZ,20241224,20.68,20.8,20.28,20.58,20.58,0.0,0.0,144980.33,297457.648
300675.SZ,20241224,15.7,15.89,15.05,15.32,15.63,-0.31,-1.9834,61686.5,94705.582
300676.SZ,20241224,44.46,44.77,43.89,44.39,44.12,0.27,0.612,23721.08,104944.531
300677.SZ,20241224,26.05,26.3,25.76,26.16,26.07,0.09,0.3452,117699.02,305695.175
300678.SZ,20241224,39.9,40.05,38.56,39.49,39.63,-0.14,-0.3533,118811.28,466261.078
300679.SZ,20241224,57.23,58.65,55.98,57.36,56.87,0.49,0.8616,61457.91,350877.549
300680.SZ,20241224,23.9,24.5,23.85,24.27,23.81,0.46,1.932,45803.0,110804.746
300681.SZ,20241224,24.67,25.98,24.66,25.33,24.64,0.69,2.8003,100357.69,255549.905
300682.SZ,20241224,12.86,13.19,12.74,13.02,12.72,0.3,2.3585,144213.01,187597.436
300683.SZ,20241224,24.66,24.98,24.15,24.34,24.52,-0.18,-0.7341,11035.0,26934.894
300684.SZ,20241224,22.12,22.5,21.48,22.43,21.93,0.5,2.28,128868.66,283587.034
300685.SZ,20241224,23.55,24.05,23.55,23.93,23.51,0.42,1.7865,29118.64,69345.355
300686.SZ,20241224,9.5,9.68,9.07,9.3,9.43,-0.13,-1.3786,88229.0,82074.513
300687.SZ,20241224,19.62,19.81,19.03,19.41,19.51,-0.1,-0.5126,91952.75,178268.976
300688.SZ,20241224,35.53,36.47,33.71,34.94,35.5,-0.56,-1.5775,204017.3,711709.993
300689.SZ,20241224,27.7,29.59,27.1,28.37,28.6,-0.23,-0.8042,43839.21,123720.895
300690.SZ,20241224,22.83,23.87,22.83,23.47,22.51,0.96,4.2648,62359.22,145993.718
300691.SZ,20241224,20.6,21.03,19.85,20.8,20.32,0.48,2.3622,107018.51,219018.943
300692.SZ,20241224,7.0,7.12,6.85,6.94,7.0,-0.06,-0.8571,113634.95,79176.937
300693.SZ,20241224,23.89,24.81,23.88,24.41,23.9,0.51,2.1339,65723.84,160586.149
300694.SZ,20241224,16.2,16.35,15.29,15.55,15.87,-0.32,-2.0164,151292.62,237223.716
300695.SZ,20241224,44.99,46.49,44.82,45.67,44.8,0.87,1.942,4672.0,21300.516
300696.SZ,20241224,15.32,16.04,15.32,15.78,15.35,0.43,2.8013,60546.24,95008.111
300697.SZ,20241224,11.15,11.32,10.96,11.26,11.06,0.2,1.8083,27198.0,30335.518
300698.SZ,20241224,38.03,38.96,37.77,38.46,37.93,0.53,1.3973,14952.0,57288.42
300699.SZ,20241224,33.02,33.79,33.02,33.45,33.01,0.44,1.3329,73645.6,246717.907
300700.SZ,20241224,8.54,8.97,8.5,8.93,8.61,0.32,3.7166,151154.99,133307.331
300701.SZ,20241224,10.9,11.1,10.71,11.03,10.8,0.23,2.1296,70887.25,77596.389
300702.SZ,20241224,16.93,17.45,16.88,17.31,16.9,0.41,2.426,18579.31,32029.383
300703.SZ,20241224,15.33,15.78,14.88,15.45,15.04,0.41,2.7261,146125.75,223763.376
300705.SZ,20241224,22.94,23.2,22.87,23.19,22.84,0.35,1.5324,31440.79,72462.055
300706.SZ,20241224,25.97,27.0,25.3,27.0,25.95,1.05,4.0462,103657.98,271220.032
300707.SZ,20241224,15.1,15.44,14.84,15.28,15.02,0.26,1.731,64317.33,97405.215
300708.SZ,20241224,12.31,12.75,12.0,12.4,12.38,0.02,0.1616,335306.02,411536.633
300709.SZ,20241224,39.12,39.58,38.36,39.2,38.86,0.34,0.8749,50760.9,197646.384
300710.SZ,20241224,19.36,19.67,18.6,18.97,19.19,-0.22,-1.1464,35179.4,66820.792
300711.SZ,20241224,25.17,25.74,24.5,25.13,25.34,-0.21,-0.8287,121335.02,303389.725
300712.SZ,20241224,25.06,26.28,25.06,25.29,25.06,0.23,0.9178,34713.45,89091.388
300713.SZ,20241224,16.45,16.99,16.0,16.42,16.25,0.17,1.0462,48852.3,80717.738
300715.SZ,20241224,6.8,6.84,6.59,6.7,6.72,-0.02,-0.2976,31562.63,21135.266
300716.SZ,20241224,13.77,13.95,13.05,13.36,13.68,-0.32,-2.3392,51330.01,68578.055
300717.SZ,20241224,14.62,15.01,14.55,14.76,14.63,0.13,0.8886,16687.23,24670.48
300718.SZ,20241224,22.32,22.32,22.32,22.32,18.6,3.72,20.0,124283.91,277401.687
300719.SZ,20241224,18.28,18.63,17.98,18.31,18.2,0.11,0.6044,45791.0,83627.764
300720.SZ,20241224,19.04,19.04,18.2,18.74,18.78,-0.04,-0.213,32148.6,59596.432
300721.SZ,20241224,12.83,13.21,12.76,13.07,12.88,0.19,1.4752,25887.54,33672.497
300722.SZ,20241224,27.57,27.88,27.15,27.72,27.47,0.25,0.9101,25507.74,70234.819
300723.SZ,20241224,20.2,20.4,19.25,19.34,20.68,-1.34,-6.4797,95085.74,187449.746
300724.SZ,20241224,66.07,67.66,65.6,66.57,66.07,0.5,0.7568,87352.52,581683.981
300725.SZ,20241224,35.33,35.68,35.0,35.4,35.06,0.34,0.9698,32958.9,116271.559
300726.SZ,20241224,31.49,32.15,31.3,32.11,31.28,0.83,2.6535,32521.53,103247.382
300727.SZ,20241224,31.79,34.05,31.37,33.93,31.17,2.76,8.8547,99711.21,331193.048
300729.SZ,20241224,15.75,16.0,15.63,15.84,15.71,0.13,0.8275,42445.8,67029.803
300730.SZ,20241224,13.3,13.32,12.64,13.01,13.13,-0.12,-0.9139,109639.65,141406.645
300731.SZ,20241224,23.47,24.02,22.77,23.32,23.44,-0.12,-0.5119,79265.0,184694.602
300732.SZ,20241224,7.13,7.19,6.95,7.06,7.07,-0.01,-0.1414,56545.34,39946.944
300733.SZ,20241224,12.47,12.93,12.26,12.6,12.47,0.13,1.0425,77272.8,97194.716
300735.SZ,20241224,29.35,29.79,29.08,29.58,29.44,0.14,0.4755,142977.0,421295.675
300736.SZ,20241224,11.14,11.3,10.32,10.57,11.1,-0.53,-4.7748,126945.04,135176.363
300737.SZ,20241224,5.24,5.3,5.2,5.23,5.21,0.02,0.3839,100088.49,52523.773
300738.SZ,20241224,14.34,14.47,13.78,14.14,14.08,0.06,0.4261,758865.49,1071579.159
300739.SZ,20241224,17.75,17.89,16.9,17.35,17.86,-0.51,-2.8555,368409.98,639498.005
300740.SZ,20241224,13.75,15.16,13.65,14.76,13.73,1.03,7.5018,303895.26,439149.112
300741.SZ,20241224,18.25,18.44,18.15,18.31,18.15,0.16,0.8815,11255.83,20590.075
300743.SZ,20241224,16.01,16.46,15.81,16.24,16.1,0.14,0.8696,31281.3,50349.707
300745.SZ,20241224,16.5,16.81,16.23,16.51,16.37,0.14,0.8552,23198.34,38180.083
300746.SZ,20241224,12.02,12.25,11.73,12.01,12.02,-0.01,-0.0832,39004.0,46653.065
300747.SZ,20241224,20.01,20.34,19.88,20.2,20.05,0.15,0.7481,46678.46,93823.848
300748.SZ,20241224,18.69,18.97,18.49,18.62,18.68,-0.06,-0.3212,173063.61,323432.835
300749.SZ,20241224,6.39,6.58,6.13,6.42,6.41,0.01,0.156,94579.0,59888.984
300750.SZ,20241224,263.0,268.25,263.0,268.23,263.5,4.73,1.7951,196153.52,5229920.632
300751.SZ,20241224,110.75,111.96,107.0,109.06,110.13,-1.07,-0.9716,23873.27,260752.828
300752.SZ,20241224,17.43,17.65,17.0,17.37,17.18,0.19,1.1059,34635.95,60115.046
300753.SZ,20241224,18.88,19.14,17.77,18.46,18.83,-0.37,-1.9649,152442.82,278448.046
300755.SZ,20241224,17.54,17.68,17.32,17.58,17.47,0.11,0.6297,47164.04,82526.118
300756.SZ,20241224,15.31,15.68,15.11,15.53,15.26,0.27,1.7693,27902.6,42891.768
300757.SZ,20241224,200.0,203.0,188.3,197.87,197.26,0.61,0.3092,58346.88,1135330.391
300758.SZ,20241224,12.2,12.37,12.0,12.32,12.16,0.16,1.3158,46621.0,57000.752
300759.SZ,20241224,27.35,27.77,27.27,27.55,27.37,0.18,0.6577,132723.62,365041.04
300760.SZ,20241224,253.18,256.5,253.1,254.97,253.81,1.16,0.457,32450.75,827339.094
300761.SZ,20241224,19.2,19.88,19.19,19.77,19.22,0.55,2.8616,73812.73,144268.579
300762.SZ,20241224,23.0,23.48,22.7,23.15,22.96,0.19,0.8275,207354.66,478527.006
300763.SZ,20241224,64.86,67.0,64.86,65.93,64.85,1.08,1.6654,61438.63,404947.575
300765.SZ,20241224,26.23,26.87,25.98,26.8,26.12,0.68,2.6034,49697.95,131816.259
300766.SZ,20241224,14.9,15.24,14.52,15.08,14.99,0.09,0.6004,208818.4,311150.157
300767.SZ,20241224,9.7,10.03,9.63,9.74,9.72,0.02,0.2058,70202.65,68784.282
300768.SZ,20241224,18.53,18.76,18.32,18.65,18.44,0.21,1.1388,51761.44,96038.913
300769.SZ,20241224,39.77,40.69,39.29,40.18,39.81,0.37,0.9294,92778.9,371010.532
300770.SZ,20241224,42.5,42.93,42.38,42.72,42.3,0.42,0.9929,22526.96,96201.171
300771.SZ,20241224,10.94,11.11,10.68,10.94,10.9,0.04,0.367,55099.3,60079.542
300772.SZ,20241224,14.01,14.84,14.01,14.38,14.0,0.38,2.7143,183604.68,265293.789
300773.SZ,20241224,19.29,19.32,18.92,19.26,19.04,0.22,1.1555,99096.0,189427.582
300774.SZ,20241224,9.16,9.29,9.08,9.24,9.06,0.18,1.9868,29957.0,27531.098
300775.SZ,20241224,24.0,24.17,23.85,24.04,23.92,0.12,0.5017,49305.06,118310.421
300776.SZ,20241224,65.34,67.5,65.18,66.17,65.01,1.16,1.7843,37228.31,246967.653
300777.SZ,20241224,28.64,30.38,28.41,30.15,28.63,1.52,5.3091,241876.96,719581.648
300778.SZ,20241224,11.34,11.44,10.93,11.22,11.18,0.04,0.3578,38094.45,42504.369
300779.SZ,20241224,92.66,95.1,92.17,94.89,92.51,2.38,2.5727,25234.64,237511.226
300780.SZ,20241224,15.57,15.8,15.15,15.53,15.48,0.05,0.323,47054.0,72749.984
300781.SZ,20241224,64.81,65.47,62.38,65.0,64.95,0.05,0.077,65105.0,415532.981
300782.SZ,20241224,95.6,96.39,93.0,96.28,95.36,0.92,0.9648,85205.31,807631.076
300783.SZ,20241224,37.9,40.5,37.1,39.99,37.9,2.09,5.5145,237989.72,928142.26
300784.SZ,20241224,61.7,64.06,60.83,62.7,61.5,1.2,1.9512,10415.48,64608.617
300785.SZ,20241224,40.38,43.0,39.21,42.47,40.58,1.89,4.6575,198098.1,813597.419
300786.SZ,20241224,15.45,15.79,14.72,15.73,15.6,0.13,0.8333,180956.0,276203.214
300787.SZ,20241224,13.85,14.46,13.71,14.26,13.69,0.57,4.1636,59878.12,84518.469
300788.SZ,20241224,33.95,34.55,33.0,34.54,33.55,0.99,2.9508,78940.36,267126.489
300789.SZ,20241224,15.35,15.7,15.16,15.42,15.24,0.18,1.1811,19497.04,30029.391
300790.SZ,20241224,19.9,20.56,19.4,20.3,20.4,-0.1,-0.4902,248033.91,493347.115
300791.SZ,20241224,27.6,28.07,27.44,27.95,27.44,0.51,1.8586,18304.47,50942.444
300792.SZ,20241224,25.86,28.78,25.6,28.36,25.67,2.69,10.4792,314164.02,862096.821
300793.SZ,20241224,19.5,20.1,18.71,19.87,19.4,0.47,2.4227,391098.43,762531.288
300795.SZ,20241224,20.6,21.0,20.0,20.82,20.29,0.53,2.6121,139737.66,287661.653
300796.SZ,20241224,10.03,10.14,9.9,10.05,9.98,0.07,0.7014,49963.6,49938.395
300797.SZ,20241224,12.23,12.32,12.0,12.16,12.04,0.12,0.9967,24034.5,29195.315
300798.SZ,20241224,7.14,7.49,7.06,7.36,7.43,-0.07,-0.9421,439228.7,318310.123
300800.SZ,20241224,11.11,11.37,10.89,11.08,11.03,0.05,0.4533,17729.43,19686.777
300801.SZ,20241224,16.34,16.58,16.21,16.5,16.32,0.18,1.1029,18509.0,30366.569
300802.SZ,20241224,18.44,18.78,18.08,18.71,18.27,0.44,2.4083,40246.52,74385.228
300803.SZ,20241224,93.44,96.7,91.0,96.48,93.35,3.13,3.353,150333.2,1415543.092
300804.SZ,20241224,23.7,24.12,23.23,23.53,23.53,0.0,0.0,5656.72,13328.806
300805.SZ,20241224,13.96,15.15,12.92,14.2,14.09,0.11,0.7807,547872.05,763085.19
300806.SZ,20241224,13.67,14.02,13.5,13.8,13.79,0.01,0.0725,61021.0,83973.485
300807.SZ,20241224,30.05,30.58,29.18,30.39,29.96,0.43,1.4352,23686.0,70618.131
300808.SZ,20241224,22.39,23.2,22.29,22.66,22.4,0.26,1.1607,25259.0,57609.017
300809.SZ,20241224,34.76,35.13,33.17,33.62,34.13,-0.51,-1.4943,100781.65,340652.155
300810.SZ,20241224,19.89,20.26,19.22,19.78,19.89,-0.11,-0.553,22565.5,44250.042
300811.SZ,20241224,56.0,57.38,54.71,56.62,55.72,0.9,1.6152,98967.96,554327.958
300812.SZ,20241224,23.69,24.07,22.95,23.48,23.53,-0.05,-0.2125,32356.8,75872.846
300813.SZ,20241224,18.28,18.48,17.89,18.21,18.21,0.0,0.0,14438.61,26219.042
300814.SZ,20241224,32.83,34.5,32.08,34.01,32.73,1.28,3.9108,80947.22,271095.56
300815.SZ,20241224,15.63,16.59,15.63,16.16,15.61,0.55,3.5234,81602.32,132044.57
300816.SZ,20241224,24.01,24.46,23.55,23.99,23.88,0.11,0.4606,13062.0,31226.399
300817.SZ,20241224,13.2,13.98,13.15,13.46,12.9,0.56,4.3411,76187.79,103002.033
300818.SZ,20241224,29.0,29.36,28.54,29.31,29.0,0.31,1.069,10406.02,30130.701
300819.SZ,20241224,13.74,14.05,13.51,13.78,13.71,0.07,0.5106,23089.5,31751.52
300820.SZ,20241224,56.92,57.84,55.9,57.4,56.79,0.61,1.0741,23490.5,133693.093
300821.SZ,20241224,8.05,8.19,8.04,8.13,8.06,0.07,0.8685,56678.0,46038.173
300822.SZ,20241224,22.25,22.65,22.0,22.5,22.3,0.2,0.8969,75849.87,169150.053
300823.SZ,20241224,13.37,13.52,13.18,13.52,13.11,0.41,3.1274,34786.0,46463.815
300824.SZ,20241224,9.7,10.33,9.7,10.19,9.8,0.39,3.9796,195018.0,196011.994
300825.SZ,20241224,11.62,12.03,11.52,11.8,11.45,0.35,3.0568,181265.21,212900.312
300826.SZ,20241224,20.48,20.6,18.72,19.15,20.22,-1.07,-5.2918,117102.02,226461.131
300827.SZ,20241224,45.41,47.99,45.17,47.17,45.44,1.73,3.8072,64462.37,303396.508
300828.SZ,20241224,16.19,16.5,15.57,15.99,15.97,0.02,0.1252,76171.75,121785.101
300829.SZ,20241224,17.85,17.94,17.28,17.64,17.7,-0.06,-0.339,37172.99,65316.78
300830.SZ,20241224,9.25,9.35,8.58,8.83,9.18,-0.35,-3.8126,251342.75,222351.423
300831.SZ,20241224,17.02,17.16,16.23,17.01,16.76,0.25,1.4916,153192.0,256103.361
300832.SZ,20241224,66.03,71.8,65.96,71.33,65.7,5.63,8.5693,70116.56,490650.382
300833.SZ,20241224,45.01,45.42,43.68,45.35,44.73,0.62,1.3861,21277.5,95206.163
300834.SZ,20241224,20.54,20.65,20.11,20.42,20.35,0.07,0.344,6844.3,13950.274
300835.SZ,20241224,31.84,32.31,31.5,32.12,31.42,0.7,2.2279,17473.6,55853.09
300836.SZ,20241224,46.02,47.81,45.8,47.34,46.81,0.53,1.1322,8095.7,37939.96
300837.SZ,20241224,20.8,21.27,20.73,21.0,20.77,0.23,1.1074,5756.0,12080.668
300838.SZ,20241224,12.53,12.85,12.25,12.43,12.47,-0.04,-0.3208,13991.0,17481.076
300839.SZ,20241224,7.07,7.12,6.9,7.09,6.97,0.12,1.7217,37047.19,26001.733
300840.SZ,20241224,21.4,21.98,20.7,21.92,20.83,1.09,5.2328,255692.1,543314.613
300841.SZ,20241224,56.6,58.2,56.6,57.97,56.71,1.26,2.2218,23012.5,133095.885
300842.SZ,20241224,42.81,44.31,42.81,43.64,42.81,0.83,1.9388,24730.06,108239.191
300843.SZ,20241224,30.35,35.87,29.8,35.87,29.89,5.98,20.0067,357982.0,1241087.382
300844.SZ,20241224,33.68,34.26,32.63,33.53,33.44,0.09,0.2691,11618.01,38810.348
300845.SZ,20241224,13.72,14.0,13.31,13.64,13.7,-0.06,-0.438,45074.26,61427.256
300846.SZ,20241224,13.56,13.95,13.21,13.81,13.5,0.31,2.2963,306593.89,418009.646
300847.SZ,20241224,18.45,19.35,18.35,19.2,18.73,0.47,2.5093,197993.61,377307.82
300848.SZ,20241224,16.9,17.25,16.54,16.83,16.85,-0.02,-0.1187,36285.53,61094.756
300849.SZ,20241224,14.0,14.08,13.76,14.07,13.91,0.16,1.1503,50026.5,69847.614
300850.SZ,20241224,20.28,20.86,20.28,20.74,20.22,0.52,2.5717,52524.48,108257.742
300851.SZ,20241224,27.99,29.26,27.7,28.69,27.69,1.0,3.6114,18596.59,53342.514
300852.SZ,20241224,27.75,28.87,27.75,28.85,27.67,1.18,4.2645,52122.48,148422.214
300853.SZ,20241224,23.31,23.8,21.7,22.3,21.2,1.1,5.1887,111168.23,248016.577
300854.SZ,20241224,13.2,13.27,12.63,12.82,12.86,-0.04,-0.311,28380.0,36579.554
300855.SZ,20241224,25.03,25.14,24.45,24.81,24.8,0.01,0.0403,39600.4,97930.652
300856.SZ,20241224,26.2,26.98,26.2,26.88,26.2,0.68,2.5954,43463.9,115780.744
300857.SZ,20241224,110.0,110.98,105.0,106.09,110.5,-4.41,-3.991,125707.19,1358448.815
300858.SZ,20241224,15.03,15.2,14.84,15.09,15.02,0.07,0.466,27193.49,40882.79
300859.SZ,20241224,39.81,40.7,39.02,40.6,39.42,1.18,2.9934,35285.0,140977.37
300860.SZ,20241224,30.85,31.2,29.72,30.22,30.67,-0.45,-1.4672,75010.43,227627.033
300861.SZ,20241224,20.81,21.4,20.81,21.14,20.74,0.4,1.9286,58090.58,122608.354
300862.SZ,20241224,27.72,28.3,27.52,27.95,27.66,0.29,1.0484,32518.68,90961.219
300863.SZ,20241224,47.84,50.8,47.52,50.14,47.89,2.25,4.6983,105947.14,520267.524
300864.SZ,20241224,21.36,21.72,21.25,21.47,21.35,0.12,0.5621,7906.05,16994.253
300865.SZ,20241224,25.31,26.43,24.9,26.07,25.14,0.93,3.6993,34254.04,88208.353
300866.SZ,20241224,96.08,96.8,94.03,96.19,96.01,0.18,0.1875,37972.93,362566.623
300867.SZ,20241224,13.25,13.33,13.06,13.23,13.14,0.09,0.6849,15891.02,20982.388
300868.SZ,20241224,28.63,29.36,27.51,28.38,29.27,-0.89,-3.0407,36049.0,101117.947
300869.SZ,20241224,14.71,14.94,14.6,14.69,14.79,-0.1,-0.6761,31839.0,46889.145
300870.SZ,20241224,110.7,112.0,102.06,107.0,113.99,-6.99,-6.1321,79448.11,848574.858
300871.SZ,20241224,11.04,11.1,10.62,10.74,10.83,-0.09,-0.831,20668.34,22283.129
300872.SZ,20241224,17.22,18.21,17.08,17.95,16.86,1.09,6.465,393504.06,696048.641
300873.SZ,20241224,17.39,17.64,17.27,17.55,17.33,0.22,1.2695,18140.8,31670.079
300875.SZ,20241224,29.78,30.39,28.62,29.42,29.77,-0.35,-1.1757,29446.95,86355.161
300876.SZ,20241224,26.08,27.25,25.81,26.28,26.59,-0.31,-1.1659,31219.0,82293.892
300877.SZ,20241224,14.6,14.96,14.28,14.51,14.54,-0.03,-0.2063,13096.69,19008.05
300878.SZ,20241224,17.91,17.91,17.2,17.47,17.53,-0.06,-0.3423,18671.6,32648.72
300879.SZ,20241224,17.0,17.99,16.9,17.96,16.93,1.03,6.0839,216055.5,377149.832
300880.SZ,20241224,22.5,23.6,22.5,23.59,22.52,1.07,4.7513,72500.27,168279.398
300881.SZ,20241224,31.12,31.85,31.04,31.65,31.3,0.35,1.1182,11398.0,35887.558
300882.SZ,20241224,15.94,16.4,15.91,16.23,15.87,0.36,2.2684,32569.52,52609.337
300883.SZ,20241224,5.59,5.69,5.45,5.59,5.6,-0.01,-0.1786,124095.0,68838.117
300884.SZ,20241224,11.75,11.91,11.31,11.62,11.66,-0.04,-0.3431,85207.9,98522.442
300885.SZ,20241224,10.87,11.38,10.87,11.25,10.81,0.44,4.0703,52950.95,59123.474
300886.SZ,20241224,19.71,20.19,19.13,19.69,19.57,0.12,0.6132,12867.3,25350.429
300887.SZ,20241224,8.24,8.36,7.95,8.2,8.22,-0.02,-0.2433,135727.44,110733.525
300888.SZ,20241224,41.05,42.49,40.98,41.87,41.05,0.82,1.9976,42405.09,177108.328
300889.SZ,20241224,13.59,13.83,13.33,13.48,13.59,-0.11,-0.8094,30424.3,41181.486
300890.SZ,20241224,29.5,30.1,29.5,29.91,29.49,0.42,1.4242,28173.22,84043.259
300891.SZ,20241224,8.58,8.75,8.47,8.57,8.52,0.05,0.5869,39243.0,33669.976
300892.SZ,20241224,32.89,34.76,32.48,34.41,33.05,1.36,4.115,45375.0,152883.066
300893.SZ,20241224,29.88,30.37,29.39,30.02,29.38,0.64,2.1784,11280.0,33889.62
300894.SZ,20241224,14.39,14.88,14.3,14.8,14.25,0.55,3.8596,100043.66,146483.149
300895.SZ,20241224,34.62,34.91,33.3,34.23,34.25,-0.02,-0.0584,38046.58,129298.795
300896.SZ,20241224,202.68,205.0,201.53,204.85,201.95,2.9,1.436,17862.67,363219.138
300897.SZ,20241224,24.99,25.49,24.31,25.19,25.0,0.19,0.76,18634.01,46557.859
300898.SZ,20241224,27.4,28.1,26.7,27.9,27.08,0.82,3.0281,97465.0,267258.688
300899.SZ,20241224,21.84,22.44,21.47,21.94,21.95,-0.01,-0.0456,16163.93,35435.421
300900.SZ,20241224,21.38,21.82,21.22,21.68,21.18,0.5,2.3607,54287.8,117092.369
300901.SZ,20241224,12.97,12.97,12.17,12.46,12.85,-0.39,-3.035,68422.31,84984.392
300902.SZ,20241224,22.69,23.12,21.71,22.51,22.58,-0.07,-0.31,43510.0,97151.236
300903.SZ,20241224,9.31,9.5,8.75,9.06,9.38,-0.32,-3.4115,343805.04,310610.654
300904.SZ,20241224,56.0,57.5,54.9,57.4,56.23,1.17,2.0807,10162.48,57230.787
300905.SZ,20241224,29.31,29.59,28.32,28.92,29.15,-0.23,-0.789,44003.09,127568.211
300906.SZ,20241224,25.86,27.94,25.85,27.76,25.81,1.95,7.5552,47031.96,127796.51
300907.SZ,20241224,21.5,21.84,21.23,21.7,21.26,0.44,2.0696,16241.66,35007.673
300908.SZ,20241224,31.75,32.96,31.7,32.87,31.95,0.92,2.8795,18952.66,61348.542
300909.SZ,20241224,25.47,25.47,24.62,25.24,24.94,0.3,1.2029,20345.0,51016.048
300910.SZ,20241224,44.27,45.96,44.2,45.26,44.18,1.08,2.4445,23690.2,107051.076
300911.SZ,20241224,30.41,30.85,28.01,28.65,30.24,-1.59,-5.2579,51077.3,147848.381
300912.SZ,20241224,12.31,12.7,11.76,12.02,12.33,-0.31,-2.5142,41000.51,49228.257
300913.SZ,20241224,56.84,63.5,56.83,63.4,55.96,7.44,13.2952,308296.24,1857665.644
300915.SZ,20241224,32.85,33.44,32.5,33.41,32.84,0.57,1.7357,8470.0,28073.151
300916.SZ,20241224,29.22,29.9,29.18,29.82,29.22,0.6,2.0534,18287.88,54218.163
300917.SZ,20241224,51.35,52.88,51.35,52.3,51.52,0.78,1.514,37052.0,193313.979
300918.SZ,20241224,10.86,11.09,10.78,10.96,10.83,0.13,1.2004,16311.0,17824.134
300919.SZ,20241224,36.95,37.94,36.95,37.59,37.13,0.46,1.2389,49428.11,185663.907
300920.SZ,20241224,18.17,18.5,17.46,18.01,18.18,-0.17,-0.9351,16567.0,29837.48
300921.SZ,20241224,33.65,37.0,32.05,33.63,33.98,-0.35,-1.03,276489.77,953877.866
300922.SZ,20241224,14.7,14.88,14.31,14.73,14.58,0.15,1.0288,29787.0,43589.583
300923.SZ,20241224,20.69,21.45,20.54,21.3,20.33,0.97,4.7713,25676.0,54292.309
300925.SZ,20241224,25.19,25.38,23.8,24.37,24.86,-0.49,-1.971,216203.93,524998.633
300926.SZ,20241224,20.77,22.36,20.66,22.15,20.57,1.58,7.6811,151422.32,331506.824
300927.SZ,20241224,17.02,17.42,16.9,17.3,17.11,0.19,1.1105,14576.2,25091.184
300928.SZ,20241224,34.58,35.56,33.83,34.58,34.37,0.21,0.611,10339.0,35698.725
300929.SZ,20241224,8.77,9.09,8.51,8.67,8.72,-0.05,-0.5734,38682.4,33848.882
300930.SZ,20241224,29.15,30.34,29.0,30.07,28.98,1.09,3.7612,40729.0,122041.737
300931.SZ,20241224,6.8,7.02,6.75,6.89,6.77,0.12,1.7725,60471.27,41578.095
300932.SZ,20241224,15.45,15.52,15.01,15.33,15.31,0.02,0.1306,39153.9,59423.214
300933.SZ,20241224,6.91,7.19,6.91,7.06,6.93,0.13,1.8759,133065.32,93622.519
300935.SZ,20241224,23.0,23.48,22.33,22.89,23.14,-0.25,-1.0804,19569.09,44601.343
300936.SZ,20241224,39.8,40.26,39.01,40.15,39.77,0.38,0.9555,21141.29,83921.887
300937.SZ,20241224,26.67,27.16,26.08,26.61,26.56,0.05,0.1883,20544.92,54506.707
300938.SZ,20241224,26.34,26.95,25.15,25.87,25.6,0.27,1.0547,40919.1,106313.294
300939.SZ,20241224,34.7,36.16,34.55,35.93,34.4,1.53,4.4477,49406.13,175303.325
300940.SZ,20241224,13.97,14.22,13.6,13.9,13.74,0.16,1.1645,36748.6,51028.561
300941.SZ,20241224,26.58,26.7,24.2,25.4,26.95,-1.55,-5.7514,208228.68,531941.267
300942.SZ,20241224,9.32,9.43,8.82,9.01,9.33,-0.32,-3.4298,85663.21,77448.973
300943.SZ,20241224,12.42,12.6,12.15,12.36,12.21,0.15,1.2285,27603.5,34153.855
300945.SZ,20241224,11.86,12.24,11.5,12.01,12.29,-0.28,-2.2783,236814.51,278640.708
300946.SZ,20241224,28.11,29.19,28.11,28.7,28.1,0.6,2.1352,11154.18,31903.418
300947.SZ,20241224,16.95,17.13,16.45,16.7,16.86,-0.16,-0.949,46355.2,77491.946
300948.SZ,20241224,10.07,10.24,9.85,10.01,10.04,-0.03,-0.2988,31239.5,31244.407
300949.SZ,20241224,45.32,45.44,41.3,44.23,45.16,-0.93,-2.0593,42473.0,183002.441
300950.SZ,20241224,16.55,16.83,16.28,16.66,16.29,0.37,2.2713,23067.5,38266.477
300951.SZ,20241224,31.52,32.08,30.81,31.63,31.3,0.33,1.0543,26422.1,83116.963
300952.SZ,20241224,21.81,22.28,21.77,22.2,21.8,0.4,1.8349,19130.78,42161.617
300953.SZ,20241224,71.84,73.68,71.26,72.25,71.5,0.75,1.049,15809.11,114444.812
300955.SZ,20241224,15.8,16.78,15.48,16.41,15.58,0.83,5.3273,41171.15,66350.309
300956.SZ,20241224,19.51,19.7,18.63,19.48,19.12,0.36,1.8828,111188.51,213243.355
300957.SZ,20241224,44.6,45.9,44.6,45.8,44.7,1.1,2.4609,44363.66,200908.628
300958.SZ,20241224,12.01,12.18,11.76,11.92,11.98,-0.06,-0.5008,37628.0,44976.462
300959.SZ,20241224,41.99,52.06,40.62,52.06,43.38,8.68,20.0092,137134.98,642635.076
300960.SZ,20241224,22.91,27.18,22.91,27.18,22.65,4.53,20.0,57144.98,152540.703
300961.SZ,20241224,11.22,11.3,10.53,10.84,10.93,-0.09,-0.8234,110396.29,119499.476
300962.SZ,20241224,17.21,17.46,16.4,17.17,17.43,-0.26,-1.4917,66523.0,113006.851
300963.SZ,20241224,8.86,8.95,8.72,8.82,8.77,0.05,0.5701,23069.92,20366.271
300964.SZ,20241224,38.51,38.91,37.71,38.6,38.17,0.43,1.1265,19431.0,74494.923
300965.SZ,20241224,35.18,35.3,34.35,35.14,34.82,0.32,0.919,1871.0,6531.614
300966.SZ,20241224,16.58,16.9,16.3,16.58,16.71,-0.13,-0.778,14432.0,23876.977
300967.SZ,20241224,12.29,12.42,11.87,12.14,12.25,-0.11,-0.898,59719.64,71995.412
300968.SZ,20241224,17.93,18.24,17.43,17.95,17.9,0.05,0.2793,111959.0,199562.178
300969.SZ,20241224,89.79,94.42,89.79,91.47,89.0,2.47,2.7753,17838.6,164783.847
300970.SZ,20241224,12.39,12.46,11.98,12.26,12.31,-0.05,-0.4062,33629.0,41056.592
300971.SZ,20241224,20.88,21.37,20.55,21.22,20.74,0.48,2.3144,22871.45,48005.136
300972.SZ,20241224,75.5,77.77,74.51,76.75,75.71,1.04,1.3737,14166.34,107732.408
300973.SZ,20241224,40.42,41.5,40.21,40.71,40.41,0.3,0.7424,29501.04,120279.823
300975.SZ,20241224,11.66,11.98,11.5,11.67,11.5,0.17,1.4783,169749.59,199056.552
300976.SZ,20241224,72.4,74.3,70.12,71.95,71.1,0.85,1.1955,32814.0,236316.183
300977.SZ,20241224,18.33,18.59,17.95,18.4,18.34,0.06,0.3272,16620.0,30358.321
300978.SZ,20241224,11.15,11.49,11.1,11.25,11.09,0.16,1.4427,39888.0,44848.584
300979.SZ,20241224,75.89,78.33,75.53,76.62,75.8,0.82,1.0818,17258.3,132947.588
300980.SZ,20241224,23.4,23.44,22.6,23.0,22.99,0.01,0.0435,35185.9,80888.819
300981.SZ,20241224,13.65,13.83,13.37,13.55,13.58,-0.03,-0.2209,35768.41,48378.461
300982.SZ,20241224,18.55,18.98,18.4,18.91,18.56,0.35,1.8858,32156.04,59982.765
300983.SZ,20241224,18.1,18.26,17.7,18.05,17.98,0.07,0.3893,6058.28,10894.273
300984.SZ,20241224,42.47,48.3,42.3,46.31,42.45,3.86,9.0931,60921.34,278772.944
300985.SZ,20241224,18.26,18.69,18.15,18.34,18.17,0.17,0.9356,12223.2,22470.559
300986.SZ,20241224,12.6,12.97,12.58,12.75,12.59,0.16,1.2708,16499.77,21045.783
300987.SZ,20241224,15.42,15.6,14.95,15.33,15.33,0.0,0.0,46711.0,70955.26
300988.SZ,20241224,18.86,19.45,18.72,19.08,18.71,0.37,1.9776,25826.4,49209.922
300989.SZ,20241224,15.78,16.43,15.34,15.43,15.55,-0.12,-0.7717,76078.8,120723.037
300990.SZ,20241224,39.25,40.11,38.09,39.63,38.8,0.83,2.1392,36074.36,141140.707
300991.SZ,20241224,21.01,23.3,20.98,23.08,21.22,1.86,8.7653,224544.67,503496.858
300992.SZ,20241224,27.01,29.45,26.51,29.26,27.3,1.96,7.1795,94071.0,266736.486
300993.SZ,20241224,10.29,10.5,10.2,10.41,10.22,0.19,1.8591,47521.14,49260.194
300994.SZ,20241224,12.0,12.15,11.77,12.07,11.87,0.2,1.6849,37585.21,45040.385
300995.SZ,20241224,16.67,17.13,16.32,16.64,16.67,-0.03,-0.18,17131.74,28622.856
300996.SZ,20241224,20.3,20.48,19.73,20.01,20.03,-0.02,-0.0999,55589.84,111398.297
300997.SZ,20241224,15.65,16.5,15.52,16.39,15.85,0.54,3.4069,67305.77,107913.594
300998.SZ,20241224,15.97,16.28,15.51,15.71,15.71,0.0,0.0,17158.0,27143.753
300999.SZ,20241224,33.81,34.4,33.8,34.2,33.81,0.39,1.1535,51209.18,174547.377
301000.SZ,20241224,23.98,26.43,23.98,26.17,23.63,2.54,10.749,223570.87,568922.537
301001.SZ,20241224,32.38,35.68,30.42,34.84,32.74,2.1,6.4142,139637.47,466561.051
301002.SZ,20241224,17.55,17.95,17.0,17.27,17.45,-0.18,-1.0315,19322.9,33533.713
301003.SZ,20241224,22.3,22.88,22.2,22.4,22.23,0.17,0.7647,8856.12,19861.531
301004.SZ,20241224,118.29,122.0,113.2,115.2,119.11,-3.91,-3.2827,10156.17,117675.94
301005.SZ,20241224,29.49,30.5,29.42,29.86,29.33,0.53,1.807,29416.24,88109.803
301006.SZ,20241224,14.3,14.49,13.98,14.16,14.11,0.05,0.3544,12277.0,17420.669
301007.SZ,20241224,19.08,19.37,18.68,19.06,18.7,0.36,1.9251,101540.0,192506.242
301008.SZ,20241224,19.94,20.25,19.6,20.05,19.95,0.1,0.5013,13020.32,25916.449
301009.SZ,20241224,12.23,12.55,11.45,12.09,12.59,-0.5,-3.9714,228979.88,274717.285
301010.SZ,20241224,23.9,24.69,20.72,21.78,23.31,-1.53,-6.5637,149262.9,338636.365
301011.SZ,20241224,27.78,27.78,26.8,27.41,27.33,0.08,0.2927,55236.87,150567.399
301012.SZ,20241224,24.9,27.23,24.72,27.23,24.87,2.36,9.4893,141382.9,368788.409
301013.SZ,20241224,12.5,12.64,12.24,12.55,12.29,0.26,2.1155,66696.5,83230.043
301015.SZ,20241224,26.01,26.55,25.94,26.48,25.92,0.56,2.1605,15357.0,40477.337
301016.SZ,20241224,21.91,23.4,21.91,22.8,21.8,1.0,4.5872,41643.67,95015.209
301017.SZ,20241224,12.78,13.02,12.64,12.88,12.78,0.1,0.7825,34760.0,44613.197
301018.SZ,20241224,32.04,33.31,30.73,31.74,32.03,-0.29,-0.9054,98564.83,311385.93
301019.SZ,20241224,17.41,17.66,16.7,17.53,17.68,-0.15,-0.8484,55303.64,95060.745
301020.SZ,20241224,19.63,20.12,19.18,19.52,19.52,0.0,0.0,16330.0,31957.144
301021.SZ,20241224,28.8,30.23,27.25,29.05,29.54,-0.49,-1.6588,107466.76,304527.265
301022.SZ,20241224,21.28,21.95,20.94,21.41,21.28,0.13,0.6109,15004.9,32122.643
301023.SZ,20241224,49.31,51.48,49.31,50.52,48.68,1.84,3.7798,11480.0,57849.063
301024.SZ,20241224,25.87,26.47,24.55,25.03,25.8,-0.77,-2.9845,13048.0,32764.794
301025.SZ,20241224,10.65,10.7,10.24,10.41,10.54,-0.13,-1.2334,86319.0,89758.852
301026.SZ,20241224,29.2,29.64,28.61,29.17,29.2,-0.03,-0.1027,20687.0,60137.923
301027.SZ,20241224,15.14,15.67,14.81,15.29,14.99,0.3,2.0013,55647.5,85063.491
301028.SZ,20241224,10.92,11.32,10.91,11.18,10.88,0.3,2.7574,57042.8,63402.892
301029.SZ,20241224,25.73,26.43,25.6,26.4,25.56,0.84,3.2864,49983.01,130525.444
301030.SZ,20241224,25.24,26.08,25.24,25.6,25.18,0.42,1.668,32285.4,82771.601
301031.SZ,20241224,106.81,108.6,106.34,108.13,106.69,1.44,1.3497,4774.65,51361.892
301032.SZ,20241224,9.7,9.88,9.51,9.7,9.61,0.09,0.9365,31682.0,30628.263
301033.SZ,20241224,43.68,44.49,43.32,43.89,43.97,-0.08,-0.1819,4059.33,17764.694
301035.SZ,20241224,46.11,47.35,46.11,46.53,46.51,0.02,0.043,4025.25,18813.859
301036.SZ,20241224,42.0,42.8,41.2,42.78,41.78,1.0,2.3935,23951.28,101026.838
301037.SZ,20241224,10.37,10.49,9.9,10.0,10.4,-0.4,-3.8462,30903.6,31175.044
301038.SZ,20241224,20.7,21.12,20.0,20.55,20.69,-0.14,-0.6767,31336.6,64122.501
301039.SZ,20241224,9.37,9.57,9.32,9.53,9.31,0.22,2.3631,123199.91,117019.157
301040.SZ,20241224,13.4,13.65,12.8,13.04,13.13,-0.09,-0.6855,45698.26,59940.778
301041.SZ,20241224,26.6,27.13,25.8,27.09,26.4,0.69,2.6136,30721.0,81564.109
301042.SZ,20241224,37.89,38.46,37.01,38.07,37.38,0.69,1.8459,14848.92,56034.103
301043.SZ,20241224,28.85,28.85,27.94,28.34,28.01,0.33,1.1782,7091.0,20111.108
301045.SZ,20241224,24.01,25.74,23.92,25.67,24.35,1.32,5.4209,64555.85,162256.435
301046.SZ,20241224,20.64,22.06,20.63,21.13,20.62,0.51,2.4733,26439.0,56599.955
301047.SZ,20241224,63.92,64.52,63.7,64.08,63.92,0.16,0.2503,5166.11,33104.199
301048.SZ,20241224,9.85,10.77,9.85,10.4,9.56,0.84,8.7866,272906.08,283057.67
301049.SZ,20241224,25.46,27.58,24.61,26.24,25.12,1.12,4.4586,35135.24,91211.234
301050.SZ,20241224,52.6,53.19,52.03,52.85,52.14,0.71,1.3617,40471.8,212975.42
301051.SZ,20241224,28.68,29.0,28.0,28.6,28.54,0.06,0.2102,15045.0,42860.52
301052.SZ,20241224,27.09,27.96,26.4,27.78,26.77,1.01,3.7729,62295.34,169053.052
301053.SZ,20241224,20.43,20.84,19.99,20.84,20.27,0.57,2.812,9349.0,19055.847
301055.SZ,20241224,17.03,17.48,16.6,16.71,17.03,-0.32,-1.879,30043.21,50864.6
301056.SZ,20241224,8.42,8.65,8.36,8.57,8.46,0.11,1.3002,20332.0,17312.775
301057.SZ,20241224,13.1,13.25,12.85,13.07,12.99,0.08,0.6159,21642.55,28226.829
301058.SZ,20241224,10.85,10.97,10.73,10.96,10.82,0.14,1.2939,86832.58,94374.809
301059.SZ,20241224,12.1,12.6,11.83,12.48,12.59,-0.11,-0.8737,128203.29,156073.499
301060.SZ,20241224,9.74,9.84,9.56,9.7,9.74,-0.04,-0.4107,43308.78,41926.332
301061.SZ,20241224,61.5,63.76,59.56,61.89,62.01,-0.12,-0.1935,17113.31,104711.568
301062.SZ,20241224,12.63,12.91,12.5,12.66,12.63,0.03,0.2375,67963.3,86012.574
301063.SZ,20241224,16.57,16.96,16.26,16.5,16.46,0.04,0.243,14873.0,24643.438
301065.SZ,20241224,19.17,19.49,18.88,19.4,19.16,0.24,1.2526,10047.5,19299.724
301066.SZ,20241224,14.3,14.92,14.1,14.89,14.3,0.59,4.1259,111718.5,162753.217
301067.SZ,20241224,27.95,33.84,27.52,33.84,28.2,5.64,20.0,202895.87,634880.273
301068.SZ,20241224,30.81,31.35,30.05,30.99,30.78,0.21,0.6823,8444.6,25965.264
301069.SZ,20241224,15.94,16.69,15.81,16.47,15.95,0.52,3.2602,67538.44,110518.187
301070.SZ,20241224,55.57,56.87,53.8,54.94,55.57,-0.63,-1.1337,19452.0,106761.429
301071.SZ,20241224,36.37,40.46,33.7,37.95,36.05,1.9,5.2705,355590.77,1277299.91
301072.SZ,20241224,20.18,20.48,19.69,20.02,19.9,0.12,0.603,10417.0,20885.889
301073.SZ,20241224,22.58,22.85,22.01,22.41,22.44,-0.03,-0.1337,41113.64,91959.083
301075.SZ,20241224,19.22,19.64,18.7,19.05,19.22,-0.17,-0.8845,12231.0,23375.244
301076.SZ,20241224,26.86,31.3,26.64,30.36,26.12,4.24,16.2328,210245.57,615623.737
301077.SZ,20241224,24.4,24.98,24.04,24.67,24.37,0.3,1.231,11801.0,29012.125
301078.SZ,20241224,11.31,11.47,10.99,11.16,11.3,-0.14,-1.2389,381681.32,424664.732
301079.SZ,20241224,16.02,16.29,15.7,16.05,15.81,0.24,1.518,29000.2,46522.246
301080.SZ,20241224,42.99,44.08,42.81,43.99,42.81,1.18,2.7564,9401.0,40992.416
301081.SZ,20241224,8.72,8.81,8.46,8.59,8.63,-0.04,-0.4635,22618.2,19505.419
301082.SZ,20241224,14.1,14.27,13.63,13.9,13.89,0.01,0.072,65299.8,90746.203
301083.SZ,20241224,14.61,15.04,14.42,14.8,14.5,0.3,2.069,26130.0,38549.503
301085.SZ,20241224,74.3,75.29,70.98,73.12,73.86,-0.74,-1.0019,67561.95,491848.955
301086.SZ,20241224,50.59,51.37,49.7,51.28,50.14,1.14,2.2736,12002.33,60963.306
301087.SZ,20241224,37.11,37.5,29.57,36.72,36.96,-0.24,-0.6494,17764.01,65184.813
301088.SZ,20241224,13.99,15.18,13.73,14.76,13.99,0.77,5.5039,57752.55,83195.457
301089.SZ,20241224,30.58,31.08,30.1,30.65,31.6,-0.95,-3.0063,40463.9,123667.248
301090.SZ,20241224,7.36,7.44,7.28,7.35,7.33,0.02,0.2729,47908.0,35242.463
301091.SZ,20241224,49.02,49.91,48.31,48.74,47.6,1.14,2.395,84095.7,413877.357
301092.SZ,20241224,24.72,25.0,24.34,24.7,24.42,0.28,1.1466,9847.05,24286.771
301093.SZ,20241224,22.49,22.89,22.21,22.56,22.43,0.13,0.5796,13326.87,30052.923
301095.SZ,20241224,58.9,59.51,57.21,58.07,58.8,-0.73,-1.2415,47140.98,274295.708
301096.SZ,20241224,39.3,39.95,39.3,39.72,39.28,0.44,1.1202,13867.31,55029.534
301097.SZ,20241224,37.49,38.05,36.9,37.65,37.44,0.21,0.5609,6481.66,24252.045
301098.SZ,20241224,8.33,8.39,8.03,8.2,8.19,0.01,0.1221,38121.26,31305.088
301099.SZ,20241224,43.91,44.42,42.8,44.13,43.45,0.68,1.565,16725.05,73103.787
301100.SZ,20241224,18.25,18.37,17.55,17.8,17.88,-0.08,-0.4474,15809.56,28297.954
301101.SZ,20241224,45.42,48.42,45.0,47.55,46.34,1.21,2.6111,118094.14,550494.381
301102.SZ,20241224,11.87,12.08,11.59,12.08,11.79,0.29,2.4597,75313.26,89164.995
301103.SZ,20241224,21.65,21.69,21.2,21.39,21.47,-0.08,-0.3726,9211.8,19719.36
301105.SZ,20241224,29.3,29.83,28.72,29.56,29.29,0.27,0.9218,7802.98,22811.111
301106.SZ,20241224,29.05,29.97,28.84,29.5,29.1,0.4,1.3746,11333.0,33251.845
301107.SZ,20241224,26.59,27.14,25.9,26.51,26.45,0.06,0.2268,9214.0,24457.034
301108.SZ,20241224,25.95,26.46,25.67,26.2,25.95,0.25,0.9634,7120.0,18542.211
301109.SZ,20241224,16.9,17.24,16.89,17.23,16.9,0.33,1.9527,19356.5,33162.584
301110.SZ,20241224,67.3,80.94,61.86,78.81,67.45,11.36,16.8421,180111.31,1255731.303
301111.SZ,20241224,16.63,16.7,16.2,16.65,16.45,0.2,1.2158,19412.0,32097.555
301112.SZ,20241224,24.61,25.58,24.51,25.06,24.59,0.47,1.9113,16749.0,41916.021
301113.SZ,20241224,24.3,24.89,23.9,24.2,24.39,-0.19,-0.779,10105.0,24579.598
301115.SZ,20241224,14.54,14.68,14.36,14.55,14.54,0.01,0.0688,18863.0,27351.77
301116.SZ,20241224,13.68,14.42,13.25,13.95,13.87,0.08,0.5768,130270.16,178085.306
301117.SZ,20241224,32.96,33.58,30.95,31.86,32.8,-0.94,-2.8659,36479.63,115891.388
301118.SZ,20241224,20.03,20.87,19.65,20.23,20.23,0.0,0.0,37071.62,74840.128
301119.SZ,20241224,30.29,31.62,29.34,30.2,29.75,0.45,1.5126,16357.6,49820.38
301120.SZ,20241224,9.65,9.7,9.39,9.48,9.38,0.1,1.0661,41999.0,40067.402
301121.SZ,20241224,53.0,55.5,51.61,55.16,52.84,2.32,4.3906,41815.77,225324.037
301122.SZ,20241224,20.85,21.12,20.5,20.86,20.97,-0.11,-0.5246,14424.38,29976.8
301123.SZ,20241224,20.6,22.13,20.52,21.99,20.6,1.39,6.7476,135113.59,290624.576
301125.SZ,20241224,12.01,12.29,11.64,11.94,11.98,-0.04,-0.3339,66539.76,79490.343
301126.SZ,20241224,10.68,10.84,10.51,10.76,10.67,0.09,0.8435,30353.62,32418.492
301127.SZ,20241224,15.2,15.71,15.13,15.29,15.13,0.16,1.0575,89946.21,138643.085
301128.SZ,20241224,53.28,54.77,52.51,53.79,53.28,0.51,0.9572,15196.48,81376.422
301129.SZ,20241224,27.78,29.9,27.56,28.9,27.69,1.21,4.3698,53668.84,153888.56
301130.SZ,20241224,27.33,28.05,26.65,27.23,27.25,-0.02,-0.0734,8315.0,22718.605
301131.SZ,20241224,35.86,37.94,35.86,36.35,35.69,0.66,1.8493,18938.68,69944.21
301132.SZ,20241224,28.5,28.98,27.8,28.48,28.0,0.48,1.7143,31464.44,89254.041
301133.SZ,20241224,23.0,23.38,22.73,23.05,22.78,0.27,1.1853,9813.0,22580.011
301135.SZ,20241224,24.45,24.89,24.01,24.51,24.33,0.18,0.7398,11423.0,27923.774
301136.SZ,20241224,12.65,12.84,12.33,12.58,12.62,-0.04,-0.317,29201.0,36697.983
301137.SZ,20241224,19.18,19.95,18.78,19.86,19.32,0.54,2.795,92476.33,180877.829
301138.SZ,20241224,27.5,28.17,27.24,27.95,27.48,0.47,1.7103,11727.19,32470.137
301139.SZ,20241224,23.6,23.99,22.8,23.55,23.21,0.34,1.4649,35549.0,83213.739
301141.SZ,20241224,38.86,39.16,38.2,38.88,38.8,0.08,0.2062,13175.8,51000.901
301148.SZ,20241224,18.86,19.05,18.39,18.75,18.68,0.07,0.3747,10667.43,19939.079
301149.SZ,20241224,10.0,10.15,9.9,10.07,9.95,0.12,1.206,31833.0,31930.142
301150.SZ,20241224,22.3,22.66,22.07,22.39,22.2,0.19,0.8559,9965.49,22266.28
301151.SZ,20241224,16.83,17.75,16.57,17.67,16.84,0.83,4.9287,61429.86,106492.319
301152.SZ,20241224,34.53,35.18,34.25,34.71,34.6,0.11,0.3179,17713.0,61599.425
301153.SZ,20241224,28.96,29.25,28.36,29.07,28.7,0.37,1.2892,38240.44,109945.999
301155.SZ,20241224,57.89,60.46,57.86,58.71,57.68,1.03,1.7857,24812.33,146977.058
301156.SZ,20241224,13.33,13.47,13.0,13.26,13.23,0.03,0.2268,15845.32,20918.954
301157.SZ,20241224,45.01,46.0,43.02,44.51,45.27,-0.76,-1.6788,32641.82,144387.628
301158.SZ,20241224,13.86,14.25,13.86,14.04,13.89,0.15,1.0799,20505.0,28843.171
301159.SZ,20241224,34.13,34.3,32.68,33.59,33.66,-0.07,-0.208,15710.0,52478.825
301160.SZ,20241224,61.3,62.55,60.43,61.81,60.78,1.03,1.6946,19195.69,118378.01
301161.SZ,20241224,19.88,20.31,19.5,19.87,19.94,-0.07,-0.3511,43538.0,86344.616
301162.SZ,20241224,44.1,46.99,44.1,46.43,44.17,2.26,5.1166,43077.84,199023.448
301163.SZ,20241224,24.26,24.5,22.11,22.71,22.79,-0.08,-0.351,46891.0,107334.586
301165.SZ,20241224,76.0,78.38,72.5,76.3,75.1,1.2,1.5979,229101.23,1725397.093
301166.SZ,20241224,29.39,29.7,29.01,29.36,29.39,-0.03,-0.1021,8278.45,24259.91
301167.SZ,20241224,13.35,13.58,13.05,13.24,13.23,0.01,0.0756,26917.4,35797.936
301168.SZ,20241224,28.09,29.35,27.82,28.57,27.75,0.82,2.955,21753.61,62419.796
301169.SZ,20241224,43.29,44.0,41.7,42.81,42.95,-0.14,-0.326,20094.0,85459.298
301170.SZ,20241224,23.38,24.08,23.23,23.69,23.31,0.38,1.6302,9662.0,22835.681
301171.SZ,20241224,28.95,29.21,28.28,28.99,28.82,0.17,0.5899,206512.5,591984.723
301172.SZ,20241224,28.4,28.92,27.89,28.52,28.4,0.12,0.4225,16655.63,47212.594
301175.SZ,20241224,5.36,5.51,5.36,5.44,5.38,0.06,1.1152,193553.0,105559.595
301176.SZ,20241224,19.04,19.48,17.71,18.06,19.15,-1.09,-5.6919,83088.6,151657.075
301177.SZ,20241224,23.67,24.36,23.42,24.12,23.55,0.57,2.4204,15511.64,36998.96
301178.SZ,20241224,29.4,29.8,28.46,29.43,29.42,0.01,0.034,21087.0,61334.405
301179.SZ,20241224,18.49,19.47,18.36,19.1,18.36,0.74,4.0305,74863.11,142676.094
301180.SZ,20241224,16.76,17.25,16.45,16.97,16.8,0.17,1.0119,39117.43,65931.472
301181.SZ,20241224,21.57,22.22,21.34,21.79,21.56,0.23,1.0668,13583.2,29471.727
301182.SZ,20241224,37.41,40.11,35.82,38.99,36.89,2.1,5.6926,92487.52,356441.764
301183.SZ,20241224,62.39,64.0,59.0,60.38,61.35,-0.97,-1.5811,76262.72,466773.626
301185.SZ,20241224,18.0,18.18,17.58,18.03,17.82,0.21,1.1785,36069.21,64506.572
301186.SZ,20241224,41.46,42.4,40.88,41.98,40.97,1.01,2.4652,12513.95,52350.178
301187.SZ,20241224,34.5,34.82,32.89,33.73,34.64,-0.91,-2.627,52316.81,176478.987
301188.SZ,20241224,15.6,16.1,15.24,15.98,15.7,0.28,1.7834,66573.08,104990.587
301189.SZ,20241224,24.79,25.22,23.86,24.44,24.33,0.11,0.4521,21232.0,51871.917
301190.SZ,20241224,15.78,16.07,15.76,15.98,15.78,0.2,1.2674,9634.0,15347.222
301191.SZ,20241224,89.44,90.5,85.88,88.91,88.9,0.01,0.0112,29196.17,256922.876
301192.SZ,20241224,18.24,18.77,17.97,18.49,18.14,0.35,1.9294,12317.48,22720.673
301193.SZ,20241224,16.48,16.79,16.33,16.59,16.46,0.13,0.7898,7843.8,12991.373
301195.SZ,20241224,33.09,33.88,33.0,33.65,33.0,0.65,1.9697,14212.5,47600.007
301196.SZ,20241224,34.0,34.38,33.75,34.1,33.72,0.38,1.1269,5008.0,17075.187
301197.SZ,20241224,16.37,16.43,15.31,15.71,16.19,-0.48,-2.9648,42754.17,67219.318
301198.SZ,20241224,12.82,12.89,12.24,12.69,12.52,0.17,1.3578,51770.16,65030.387
301199.SZ,20241224,30.41,31.5,29.71,30.29,29.7,0.59,1.9865,27760.0,84474.518
301200.SZ,20241224,37.0,37.84,36.91,37.31,37.08,0.23,0.6203,7229.01,26958.698
301201.SZ,20241224,21.19,21.35,20.63,21.03,21.1,-0.07,-0.3318,15576.8,32598.882
301202.SZ,20241224,35.35,38.01,34.95,38.01,35.38,2.63,7.4336,111835.11,414757.294
301203.SZ,20241224,29.69,29.69,28.95,29.37,29.07,0.3,1.032,3822.71,11175.497
301205.SZ,20241224,77.9,77.9,75.27,77.3,75.11,2.19,2.9157,45075.32,345327.995
301206.SZ,20241224,26.9,27.78,26.56,27.55,26.61,0.94,3.5325,14478.22,39239.455
301207.SZ,20241224,18.11,18.32,18.06,18.14,18.08,0.06,0.3319,22619.03,41107.247
301208.SZ,20241224,37.0,37.5,36.07,36.61,36.59,0.02,0.0547,18874.4,69058.482
301209.SZ,20241224,28.51,28.6,27.54,28.18,28.9,-0.72,-2.4913,20770.55,58245.715
301210.SZ,20241224,33.3,33.73,32.72,33.15,33.28,-0.13,-0.3906,5624.11,18630.081
301211.SZ,20241224,20.8,22.1,20.33,21.45,20.85,0.6,2.8777,112818.75,239342.441
301212.SZ,20241224,21.63,21.94,21.03,21.46,21.59,-0.13,-0.6021,9033.0,19391.654
301213.SZ,20241224,46.9,48.7,46.0,48.19,47.39,0.8,1.6881,48575.42,229897.59
301215.SZ,20241224,6.14,6.33,6.14,6.2,6.11,0.09,1.473,119112.0,74189.286
301216.SZ,20241224,10.41,10.56,10.39,10.45,10.4,0.05,0.4808,26174.02,27406.789
301217.SZ,20241224,10.6,10.78,10.45,10.53,10.55,-0.02,-0.1896,37207.71,39393.259
301218.SZ,20241224,23.06,23.26,22.3,22.73,22.75,-0.02,-0.0879,25813.5,58526.588
301219.SZ,20241224,46.7,47.93,46.57,47.63,46.7,0.93,1.9914,24767.26,117651.061
301220.SZ,20241224,32.7,33.79,32.6,33.3,32.58,0.72,2.2099,10773.34,35833.435
301221.SZ,20241224,48.79,49.77,48.14,49.5,48.05,1.45,3.0177,25465.0,124840.832
301222.SZ,20241224,26.4,26.99,26.27,26.8,26.39,0.41,1.5536,7581.0,20217.911
301223.SZ,20241224,16.93,17.18,16.9,17.0,16.93,0.07,0.4135,5714.5,9728.807
301225.SZ,20241224,27.58,28.56,27.46,27.95,27.57,0.38,1.3783,10978.36,30744.951
301226.SZ,20241224,24.42,25.38,24.15,24.62,24.18,0.44,1.8197,22749.44,56315.703
301227.SZ,20241224,17.04,17.28,16.4,16.81,16.88,-0.07,-0.4147,16838.59,28310.843
301228.SZ,20241224,15.94,16.0,14.71,15.4,15.96,-0.56,-3.5088,100635.48,153425.573
301229.SZ,20241224,22.68,23.44,22.5,23.08,22.72,0.36,1.5845,19786.41,45396.503
301230.SZ,20241224,27.2,28.9,26.65,28.81,26.86,1.95,7.2599,78862.12,222598.858
301231.SZ,20241224,19.2,19.85,18.28,19.54,19.06,0.48,2.5184,72927.99,138592.773
301232.SZ,20241224,26.26,26.83,25.63,26.32,26.23,0.09,0.3431,13081.33,34279.906
301233.SZ,20241224,46.99,48.8,46.73,47.61,47.03,0.58,1.2333,8849.0,42268.488
301234.SZ,20241224,26.25,26.79,25.7,26.07,26.25,-0.18,-0.6857,9961.21,25980.898
301235.SZ,20241224,20.3,20.46,19.98,20.24,20.12,0.12,0.5964,18821.06,38004.129
301236.SZ,20241224,59.93,61.2,58.68,60.69,59.97,0.72,1.2006,238916.5,1430174.832
301237.SZ,20241224,26.54,28.44,26.01,27.88,26.94,0.94,3.4892,30719.39,84305.626
301238.SZ,20241224,16.13,16.57,16.13,16.44,16.12,0.32,1.9851,45222.89,74255.248
301239.SZ,20241224,46.94,47.7,46.8,47.18,47.05,0.13,0.2763,15052.0,71047.339
301246.SZ,20241224,14.01,14.16,13.91,14.09,14.0,0.09,0.6429,29498.75,41421.684
301248.SZ,20241224,18.05,18.1,17.24,17.76,17.78,-0.02,-0.1125,73604.5,130277.507
301251.SZ,20241224,35.27,36.58,34.52,36.35,34.7,1.65,4.755,82205.14,293407.027
301252.SZ,20241224,28.77,29.5,28.32,29.28,28.32,0.96,3.3898,20908.31,60652.381
301255.SZ,20241224,33.99,34.66,33.32,33.92,33.35,0.57,1.7091,13279.09,45090.954
301256.SZ,20241224,7.96,8.15,7.9,8.02,7.95,0.07,0.8805,39213.0,31445.626
301257.SZ,20241224,28.6,29.0,28.11,28.8,28.6,0.2,0.6993,11960.38,34182.448
301258.SZ,20241224,24.79,25.27,24.39,24.85,24.8,0.05,0.2016,9701.28,24021.331
301259.SZ,20241224,46.05,46.88,45.35,46.26,45.94,0.32,0.6966,13663.69,62934.087
301260.SZ,20241224,13.77,14.13,13.67,13.92,13.77,0.15,1.0893,24703.1,34211.651
301261.SZ,20241224,43.49,45.99,42.9,43.98,41.5,2.48,5.9759,50867.02,225185.694
301262.SZ,20241224,26.6,26.93,26.4,26.73,26.49,0.24,0.906,18926.47,50516.856
301263.SZ,20241224,15.13,15.35,14.98,15.13,15.13,0.0,0.0,31764.2,48106.152
301265.SZ,20241224,9.29,9.4,9.12,9.26,9.2,0.06,0.6522,17397.0,16120.47
301266.SZ,20241224,35.51,37.14,35.51,36.8,35.43,1.37,3.8668,39068.95,142691.002
301267.SZ,20241224,20.25,20.6,20.21,20.44,20.18,0.26,1.2884,32898.5,67170.624
301268.SZ,20241224,17.89,18.44,17.89,18.12,17.87,0.25,1.399,20152.0,36592.619
301269.SZ,20241224,128.3,130.99,125.66,130.71,128.45,2.26,1.7594,61910.0,798100.516
301270.SZ,20241224,37.5,37.88,36.21,36.99,37.31,-0.32,-0.8577,26075.44,95936.11
301272.SZ,20241224,35.98,36.99,35.79,36.17,35.8,0.37,1.0335,5923.92,21511.382
301273.SZ,20241224,17.69,18.15,16.9,17.33,17.31,0.02,0.1155,18609.95,32531.817
301276.SZ,20241224,20.61,21.03,20.42,20.87,20.48,0.39,1.9043,13940.86,28894.063
301277.SZ,20241224,14.49,14.61,14.31,14.47,14.42,0.05,0.3467,22742.0,32860.374
301278.SZ,20241224,35.3,40.56,35.29,37.83,34.96,2.87,8.2094,50817.8,193713.994
301279.SZ,20241224,20.9,21.45,20.56,21.0,20.67,0.33,1.5965,13586.47,28569.528
301280.SZ,20241224,42.88,43.85,42.66,43.77,42.55,1.22,2.8672,10719.46,46568.697
301281.SZ,20241224,31.46,31.88,30.88,31.69,31.4,0.29,0.9236,15267.0,47918.679
301282.SZ,20241224,22.45,22.77,21.82,22.26,22.25,0.01,0.0449,39462.07,87721.357
301283.SZ,20241224,26.99,27.1,26.32,26.84,26.8,0.04,0.1493,9502.35,25386.802
301285.SZ,20241224,29.24,30.85,28.8,29.39,29.07,0.32,1.1008,52279.32,155488.673
301286.SZ,20241224,35.5,36.1,34.86,35.59,35.47,0.12,0.3383,10401.0,36935.476
301287.SZ,20241224,28.86,29.4,28.05,28.76,28.92,-0.16,-0.5533,14740.89,42164.943
301288.SZ,20241224,16.33,16.58,15.69,16.08,16.32,-0.24,-1.4706,30404.71,48810.929
301289.SZ,20241224,50.38,51.74,50.11,51.24,51.33,-0.09,-0.1753,20883.0,106272.229
301290.SZ,20241224,23.77,24.04,23.4,23.87,23.78,0.09,0.3785,9941.04,23595.578
301291.SZ,20241224,41.9,42.5,41.5,42.08,41.57,0.51,1.2268,18361.39,76988.892
301292.SZ,20241224,13.8,14.03,13.55,13.71,13.71,0.0,0.0,15326.52,21054.021
301293.SZ,20241224,47.66,48.54,47.03,47.75,47.39,0.36,0.7597,79170.87,377106.255
301295.SZ,20241224,21.7,22.11,21.09,21.56,21.51,0.05,0.2325,13668.84,29509.327
301296.SZ,20241224,9.85,10.12,9.76,9.9,9.8,0.1,1.0204,42593.0,42082.266
301297.SZ,20241224,48.35,48.6,46.12,48.57,48.28,0.29,0.6007,123694.45,584954.41
301298.SZ,20241224,13.68,13.95,13.51,13.66,13.5,0.16,1.1852,19781.0,27133.296
301299.SZ,20241224,55.91,56.37,54.9,55.84,55.19,0.65,1.1777,16531.0,91978.024
301300.SZ,20241224,27.03,27.45,26.32,27.12,26.72,0.4,1.497,11966.18,32159.98
301301.SZ,20241224,12.4,12.46,12.3,12.42,12.34,0.08,0.6483,127861.72,158394.604
301302.SZ,20241224,24.6,24.83,23.13,23.63,24.54,-0.91,-3.7082,83705.81,198605.492
301303.SZ,20241224,15.7,15.84,15.26,15.58,15.56,0.02,0.1285,36795.98,57181.278
301305.SZ,20241224,17.42,17.75,17.42,17.64,17.42,0.22,1.2629,12181.53,21413.101
301306.SZ,20241224,39.99,40.58,39.12,39.89,39.87,0.02,0.0502,14999.93,59537.583
301307.SZ,20241224,21.31,21.65,20.98,21.3,21.19,0.11,0.5191,30789.0,65596.272
301308.SZ,20241224,94.16,96.54,90.1,96.5,93.95,2.55,2.7142,104467.01,976548.592
301309.SZ,20241224,24.76,24.94,24.31,24.79,24.41,0.38,1.5567,7934.4,19563.537
301310.SZ,20241224,26.01,27.01,26.01,26.65,26.03,0.62,2.3819,23685.28,62959.361
301311.SZ,20241224,19.73,20.28,19.2,19.43,20.14,-0.71,-3.5253,77373.14,151527.165
301312.SZ,20241224,49.25,49.69,47.9,49.29,48.54,0.75,1.5451,15147.3,73982.949
301313.SZ,20241224,23.64,24.2,22.86,23.33,23.48,-0.15,-0.6388,54972.08,127721.062
301314.SZ,20241224,37.65,38.88,36.66,37.98,37.53,0.45,1.199,11226.03,42256.629
301315.SZ,20241224,49.83,58.39,48.87,53.78,48.86,4.92,10.0696,99708.46,533663.401
301316.SZ,20241224,28.08,29.68,25.6,26.16,27.06,-0.9,-3.3259,548699.52,1519162.444
301317.SZ,20241224,22.16,22.72,21.52,22.05,21.75,0.3,1.3793,14098.4,31107.635
301318.SZ,20241224,31.81,32.14,30.92,31.77,31.37,0.4,1.2751,25375.45,79961.574
301319.SZ,20241224,31.39,31.74,30.7,31.18,31.03,0.15,0.4834,12982.6,40393.07
301320.SZ,20241224,15.83,16.08,15.5,15.83,15.63,0.2,1.2796,28744.42,45358.202
301321.SZ,20241224,15.93,16.23,15.36,15.65,15.78,-0.13,-0.8238,24795.5,38856.622
301322.SZ,20241224,23.57,23.96,23.48,23.72,23.45,0.27,1.1514,7460.08,17697.826
301323.SZ,20241224,37.77,38.85,37.3,38.48,37.2,1.28,3.4409,13242.46,50475.192
301325.SZ,20241224,46.1,47.0,45.55,46.57,45.82,0.75,1.6368,22137.47,102551.651
301326.SZ,20241224,70.65,72.28,68.9,70.57,70.95,-0.38,-0.5356,17685.67,123693.161
301327.SZ,20241224,78.7,80.66,78.66,80.48,78.28,2.2,2.8104,5086.08,40702.765
301328.SZ,20241224,42.04,46.8,42.04,44.5,40.92,3.58,8.7488,87284.85,384137.785
301329.SZ,20241224,20.19,20.56,19.71,20.53,19.89,0.64,3.2177,39135.27,79295.78
301330.SZ,20241224,28.35,29.2,28.09,28.9,28.1,0.8,2.847,33687.19,96492.37
301331.SZ,20241224,23.74,24.2,23.5,24.12,23.74,0.38,1.6007,11423.4,27256.316
301332.SZ,20241224,10.59,10.8,10.54,10.65,10.56,0.09,0.8523,33542.0,35735.617
301333.SZ,20241224,51.2,52.21,50.66,51.88,51.05,0.83,1.6259,3847.94,19807.626
301335.SZ,20241224,22.51,22.9,22.23,22.62,22.5,0.12,0.5333,28037.97,63103.385
301336.SZ,20241224,47.32,48.11,45.41,47.0,47.8,-0.8,-1.6736,19246.0,90018.752
301337.SZ,20241224,31.33,31.5,30.25,31.36,31.0,0.36,1.1613,18701.5,57769.842
301338.SZ,20241224,34.1,34.1,32.63,33.53,33.17,0.36,1.0853,13446.79,44694.359
301339.SZ,20241224,20.63,20.63,20.05,20.31,20.24,0.07,0.3458,45645.7,92677.527
301345.SZ,20241224,64.55,66.8,63.75,66.34,64.69,1.65,2.5506,20174.54,132748.373
301348.SZ,20241224,29.0,29.24,27.43,28.26,28.73,-0.47,-1.6359,85709.65,242000.231
301349.SZ,20241224,29.15,31.55,29.12,31.32,29.26,2.06,7.0403,25630.18,78459.707
301353.SZ,20241224,28.74,30.12,27.95,29.61,28.75,0.86,2.9913,24041.89,69610.3
301355.SZ,20241224,12.82,12.84,12.46,12.75,12.67,0.08,0.6314,42495.37,53636.883
301356.SZ,20241224,17.3,17.3,16.08,16.37,17.1,-0.73,-4.269,23060.14,37845.023
301357.SZ,20241224,33.77,34.44,32.86,33.93,33.75,0.18,0.5333,14771.6,49792.348
301358.SZ,20241224,45.64,48.7,45.5,48.01,45.39,2.62,5.7722,124773.83,595399.11
301359.SZ,20241224,23.3,23.65,22.58,23.11,22.99,0.12,0.522,16110.1,37142.725
301360.SZ,20241224,54.59,55.96,53.01,55.03,53.99,1.04,1.9263,16030.39,87350.075
301361.SZ,20241224,27.18,28.89,26.71,27.88,27.29,0.59,2.162,56045.0,154555.96
301362.SZ,20241224,40.84,41.55,40.43,41.13,40.48,0.65,1.6057,4195.2,17218.117
301363.SZ,20241224,31.73,33.4,31.51,32.6,31.87,0.73,2.2906,50804.95,166708.458
301365.SZ,20241224,15.7,16.51,14.88,15.51,15.41,0.1,0.6489,75956.44,118316.416
301366.SZ,20241224,46.42,47.87,45.5,47.4,45.6,1.8,3.9474,47228.55,221207.624
301367.SZ,20241224,64.81,66.62,64.58,65.52,64.82,0.7,1.0799,7541.89,49385.407
301368.SZ,20241224,50.04,51.35,49.34,50.59,49.52,1.07,2.1607,56263.48,283184.939
301369.SZ,20241224,57.33,58.27,55.8,57.49,56.69,0.8,1.4112,13141.5,74983.718
301370.SZ,20241224,11.27,11.37,11.07,11.22,11.2,0.02,0.1786,39304.66,44030.027
301371.SZ,20241224,38.82,41.28,37.76,40.69,39.3,1.39,3.5369,67808.62,269873.953
301372.SZ,20241224,21.26,21.85,20.82,21.18,21.3,-0.12,-0.5634,18012.31,38263.944
301373.SZ,20241224,26.58,26.98,26.29,26.7,26.39,0.31,1.1747,4415.0,11763.254
301376.SZ,20241224,19.87,20.26,19.85,20.23,19.87,0.36,1.8118,17603.0,35317.259
301377.SZ,20241224,20.48,20.89,20.36,20.68,20.31,0.37,1.8218,16841.0,34760.272
301378.SZ,20241224,30.39,30.85,29.52,30.46,30.4,0.06,0.1974,17042.92,51285.612
301379.SZ,20241224,20.66,21.36,20.66,21.35,20.64,0.71,3.4399,44570.6,93987.163
301380.SZ,20241224,48.0,48.09,46.2,47.85,47.68,0.17,0.3565,27755.0,130917.108
301381.SZ,20241224,23.5,23.83,23.07,23.31,23.45,-0.14,-0.597,58477.0,136829.464
301382.SZ,20241224,28.88,29.1,27.78,28.83,28.54,0.29,1.0161,103628.09,295425.674
301383.SZ,20241224,51.83,52.26,47.82,50.39,50.65,-0.26,-0.5133,132330.04,660942.497
301386.SZ,20241224,21.75,22.58,21.75,22.15,21.68,0.47,2.1679,27280.45,60336.674
301387.SZ,20241224,32.6,33.3,32.16,33.04,32.45,0.59,1.8182,15673.28,51364.168
301388.SZ,20241224,24.18,24.99,23.66,24.35,24.2,0.15,0.6198,30142.0,73124.934
301389.SZ,20241224,16.55,16.74,15.94,16.42,16.27,0.15,0.9219,36119.66,58891.154
301390.SZ,20241224,35.78,37.18,35.12,37.17,35.89,1.28,3.5665,44516.31,162101.416
301391.SZ,20241224,40.0,40.79,39.02,39.79,39.73,0.06,0.151,13977.96,55504.271
301392.SZ,20241224,67.19,70.7,65.2,70.28,66.98,3.3,4.9268,29412.39,199501.53
301393.SZ,20241224,42.94,43.85,42.6,43.01,42.94,0.07,0.163,8174.39,35124.984
301395.SZ,20241224,11.3,11.6,11.23,11.41,11.3,0.11,0.9735,15375.0,17558.554
301396.SZ,20241224,26.3,26.78,25.73,26.49,26.34,0.15,0.5695,29108.79,76277.593
301397.SZ,20241224,27.18,27.45,26.71,26.99,26.69,0.3,1.124,8802.22,23826.423
301398.SZ,20241224,48.93,50.0,47.9,49.88,49.2,0.68,1.3821,14387.46,70544.356
301399.SZ,20241224,24.2,24.85,23.49,23.97,24.27,-0.3,-1.2361,21076.88,50680.71
301408.SZ,20241224,11.66,11.73,11.55,11.71,11.52,0.19,1.6493,32811.28,38204.637
301413.SZ,20241224,59.5,60.89,57.5,58.87,56.81,2.06,3.6261,26969.54,158197.76
301418.SZ,20241224,35.38,35.7,34.49,35.58,35.05,0.53,1.5121,8887.0,31247.863
301419.SZ,20241224,30.89,31.69,30.21,30.79,30.5,0.29,0.9508,16538.61,50886.863
301421.SZ,20241224,51.25,52.36,50.18,52.32,51.26,1.06,2.0679,28153.0,144597.573
301428.SZ,20241224,37.01,44.29,35.8,44.29,36.91,7.38,19.9946,195476.72,780218.846
301429.SZ,20241224,16.18,16.59,16.02,16.34,16.17,0.17,1.0513,10724.98,17510.247
301439.SZ,20241224,13.65,14.06,13.65,13.85,13.64,0.21,1.5396,21145.45,29397.579
301446.SZ,20241224,22.52,26.7,22.3,24.76,22.52,2.24,9.9467,70150.59,171679.664
301448.SZ,20241224,21.61,22.03,21.26,21.56,21.34,0.22,1.0309,11208.2,24206.933
301456.SZ,20241224,24.23,24.78,23.85,24.25,24.06,0.19,0.7897,11219.63,27208.511
301459.SZ,20241224,41.99,42.3,40.66,42.11,41.63,0.48,1.153,17003.64,70732.471
301468.SZ,20241224,21.8,21.91,21.1,21.52,21.57,-0.05,-0.2318,10336.0,22230.343
301469.SZ,20241224,24.17,24.53,23.95,24.44,24.1,0.34,1.4108,10415.66,25269.922
301486.SZ,20241224,45.18,47.5,45.18,46.4,44.97,1.43,3.1799,41642.47,193125.564
301487.SZ,20241224,24.42,24.85,23.95,24.83,24.4,0.43,1.7623,111922.65,273848.102
301488.SZ,20241224,59.3,60.38,58.59,59.91,58.28,1.63,2.7968,10805.33,64341.331
301489.SZ,20241224,64.64,65.83,63.5,65.4,64.95,0.45,0.6928,16738.92,108324.959
301498.SZ,20241224,74.24,75.5,73.26,74.03,74.76,-0.73,-0.9765,14661.64,108520.349
301499.SZ,20241224,26.36,27.39,25.97,26.76,26.48,0.28,1.0574,22627.47,60227.197
301500.SZ,20241224,18.48,18.8,18.35,18.73,18.48,0.25,1.3528,11830.52,22036.819
301502.SZ,20241224,44.35,49.0,44.27,47.9,44.27,3.63,8.1997,40113.63,188251.021
301503.SZ,20241224,33.91,34.79,33.42,34.45,33.8,0.65,1.9231,9421.0,32134.747
301505.SZ,20241224,25.39,25.88,25.15,25.49,25.39,0.1,0.3939,12066.38,30763.97
301507.SZ,20241224,13.27,13.43,13.14,13.25,13.22,0.03,0.2269,38008.84,50376.38
301508.SZ,20241224,36.6,36.99,36.22,36.76,36.53,0.23,0.6296,31525.67,115496.091
301509.SZ,20241224,27.0,27.26,26.7,27.1,26.92,0.18,0.6686,11988.31,32375.65
301510.SZ,20241224,28.7,29.28,28.09,29.0,28.61,0.39,1.3632,58786.46,168536.877
301511.SZ,20241224,13.36,13.59,13.24,13.44,13.35,0.09,0.6742,49737.5,66637.453
301512.SZ,20241224,41.46,42.68,40.82,42.14,41.34,0.8,1.9352,8040.0,33596.258
301515.SZ,20241224,18.85,18.95,18.36,18.77,18.69,0.08,0.428,11438.0,21328.755
301516.SZ,20241224,17.99,18.8,17.99,18.35,18.26,0.09,0.4929,43474.54,80240.924
301517.SZ,20241224,54.16,56.28,53.8,56.25,54.13,2.12,3.9165,25812.56,142897.861
301518.SZ,20241224,17.11,17.41,16.8,16.93,17.18,-0.25,-1.4552,13068.0,22297.448
301519.SZ,20241224,13.1,13.29,12.91,13.11,13.1,0.01,0.0763,21097.32,27626.329
301520.SZ,20241224,40.24,40.73,39.9,40.6,40.12,0.48,1.1964,5277.4,21277.964
301522.SZ,20241224,39.54,40.28,39.09,39.7,40.43,-0.73,-1.8056,50655.8,200503.923
301525.SZ,20241224,58.54,61.0,58.53,60.99,58.32,2.67,4.5782,14464.51,87294.257
301526.SZ,20241224,3.93,3.99,3.88,3.92,3.91,0.01,0.2558,188287.4,73939.93
301528.SZ,20241224,42.12,43.02,41.5,42.28,41.94,0.34,0.8107,6870.87,29021.371
301529.SZ,20241224,31.0,31.64,30.8,31.11,30.84,0.27,0.8755,8214.64,25603.741
301533.SZ,20241224,29.74,30.44,29.52,29.9,29.5,0.4,1.3559,15331.75,46016.462
301536.SZ,20241224,72.99,77.66,69.03,73.1,69.94,3.16,4.5182,199841.81,1455601.67
301538.SZ,20241224,83.99,87.5,82.39,85.2,84.68,0.52,0.6141,17128.94,145525.702
301539.SZ,20241224,19.2,19.65,18.95,19.39,19.01,0.38,1.9989,14847.74,28623.666
301548.SZ,20241224,43.9,44.86,43.3,44.25,43.11,1.14,2.6444,8267.27,36522.456
301550.SZ,20241224,80.0,82.86,76.28,78.8,79.06,-0.26,-0.3289,50260.55,399791.661
301551.SZ,20241224,58.19,59.6,56.73,59.07,57.71,1.36,2.3566,26478.92,153636.861
301552.SZ,20241224,59.29,61.87,58.0,61.87,59.3,2.57,4.3339,25166.8,151705.444
301555.SZ,20241224,24.58,25.06,24.1,24.56,24.45,0.11,0.4499,12412.15,30454.428
301556.SZ,20241224,90.0,93.1,89.21,92.82,90.09,2.73,3.0303,18114.97,165779.813
301558.SZ,20241224,9.46,9.77,9.39,9.68,9.49,0.19,2.0021,157459.96,151296.577
301559.SZ,20241224,15.69,15.92,15.67,15.75,15.69,0.06,0.3824,15431.64,24332.579
301565.SZ,20241224,22.69,23.38,22.36,23.28,22.66,0.62,2.7361,62589.88,143447.323
301566.SZ,20241224,19.84,20.59,19.35,20.4,19.82,0.58,2.9263,73320.1,146585.654
301567.SZ,20241224,46.44,47.4,46.11,47.3,46.4,0.9,1.9397,8841.45,41477.486
301568.SZ,20241224,36.01,36.6,34.92,36.37,35.8,0.57,1.5922,30607.64,110046.093
301571.SZ,20241224,44.26,45.47,44.0,45.22,44.14,1.08,2.4468,15760.21,70650.981
301577.SZ,20241224,62.46,64.38,60.6,63.18,62.46,0.72,1.1527,12700.0,79068.015
301578.SZ,20241224,55.89,56.0,51.12,54.31,55.8,-1.49,-2.6703,17466.23,93874.051
301580.SZ,20241224,57.45,59.45,57.44,58.89,57.44,1.45,2.5244,7979.68,46669.613
301585.SZ,20241224,60.5,61.97,54.51,55.5,62.3,-6.8,-10.9149,104996.34,597428.338
301586.SZ,20241224,54.97,56.6,54.76,55.5,54.59,0.91,1.667,11257.9,62577.399
301587.SZ,20241224,25.5,26.17,25.2,25.76,25.3,0.46,1.8182,17970.99,46198.336
301588.SZ,20241224,20.8,21.07,20.17,20.7,20.72,-0.02,-0.0965,13428.43,27705.478
301589.SZ,20241224,173.3,175.8,172.3,175.6,173.08,2.52,1.456,6432.65,112168.531
301591.SZ,20241224,37.69,41.0,37.47,39.8,37.45,2.35,6.275,32765.37,130146.783
301592.SZ,20241224,162.7,163.0,157.67,161.89,162.09,-0.2,-0.1234,12393.0,199136.229
301596.SZ,20241224,102.94,103.98,100.13,102.86,100.64,2.22,2.2059,8389.0,85804.058
301598.SZ,20241224,82.0,82.24,71.01,72.88,80.8,-7.92,-9.802,70059.22,528631.188
301600.SZ,20241224,171.67,192.0,161.16,170.03,174.99,-4.96,-2.8344,51161.88,891518.546
301603.SZ,20241224,43.08,44.92,43.08,44.89,42.8,2.09,4.8832,22635.12,100118.644
301606.SZ,20241224,39.02,42.2,39.0,41.98,39.02,2.96,7.5859,75307.27,306590.104
301607.SZ,20241224,38.3,40.18,38.19,40.04,37.8,2.24,5.9259,23418.3,92381.31
301608.SZ,20241224,69.66,75.62,69.01,75.2,69.4,5.8,8.3573,43297.58,318507.868
301611.SZ,20241224,61.29,64.26,59.88,64.18,60.69,3.49,5.7505,67213.45,419189.153
301613.SZ,20241224,60.26,62.61,59.46,62.61,60.07,2.54,4.2284,18902.28,115657.393
301617.SZ,20241224,54.4,54.56,52.31,53.88,54.35,-0.47,-0.8648,43690.66,233104.638
301618.SZ,20241224,92.01,94.31,91.79,94.2,92.86,1.34,1.443,8493.0,79078.705
301622.SZ,20241224,64.4,66.75,62.72,66.74,64.04,2.7,4.2161,54652.04,354209.317
301626.SZ,20241224,96.0,96.88,93.17,96.88,96.55,0.33,0.3418,17040.51,162544.42
301628.SZ,20241224,79.88,83.63,79.01,83.59,80.31,3.28,4.0842,22424.19,181337.197
301631.SZ,20241224,121.75,127.87,121.63,126.99,121.62,5.37,4.4154,15908.38,198995.337
301633.SZ,20241224,85.76,91.9,84.88,90.78,85.77,5.01,5.8412,15767.29,139789.245
302132.SZ,20241224,75.29,77.56,65.0,69.35,75.59,-6.24,-8.2551,191842.5,1430638.82
