ts_code,trade_date,open,high,low,close,pre_close,change,pct_chg,vol,amount
300001.SZ,20240313,20.42,20.78,20.29,20.55,20.45,0.1,0.489,138166.93,283990.565
300002.SZ,20240313,10.39,10.94,10.31,10.7,10.31,0.39,3.7827,1627397.63,1730204.292
300003.SZ,20240313,15.24,15.25,14.95,15.08,15.26,-0.18,-1.1796,123091.3,185480.251
300004.SZ,20240313,4.9,4.95,4.84,4.88,4.93,-0.05,-1.0142,55347.0,26990.136
300005.SZ,20240313,5.39,5.4,5.23,5.31,5.38,-0.07,-1.3011,132944.5,70303.819
300006.SZ,20240313,2.94,2.96,2.85,2.9,2.95,-0.05,-1.6949,164530.38,47584.016
300007.SZ,20240313,17.15,18.17,16.92,17.71,17.0,0.71,4.1765,341628.45,600562.083
300008.SZ,20240313,3.94,3.98,3.9,3.94,3.95,-0.01,-0.2532,397416.44,156500.359
300009.SZ,20240313,9.88,9.98,9.8,9.95,9.91,0.04,0.4036,124386.73,123134.089
300010.SZ,20240313,2.39,2.47,2.35,2.42,2.35,0.07,2.9787,204978.6,49630.916
300011.SZ,20240313,6.43,6.59,6.28,6.52,6.53,-0.01,-0.1531,254989.04,163410.701
300012.SZ,20240313,12.9,12.91,12.65,12.83,12.9,-0.07,-0.5426,161580.45,206565.32
300013.SZ,20240313,3.16,3.22,3.1,3.13,3.2,-0.07,-2.1875,245450.2,77063.369
300014.SZ,20240313,42.06,42.57,41.72,42.5,42.45,0.05,0.1178,269291.73,1134861.986
300015.SZ,20240313,14.45,14.47,13.98,14.22,14.42,-0.2,-1.387,1057235.68,1496941.08
300016.SZ,20240313,5.12,5.15,4.99,5.07,5.13,-0.06,-1.1696,94233.5,47627.788
300017.SZ,20240313,9.99,10.05,9.73,9.91,9.86,0.05,0.5071,1155651.74,1147195.398
300018.SZ,20240313,5.15,5.21,5.12,5.17,5.17,0.0,0.0,78355.0,40496.632
300019.SZ,20240313,14.35,14.45,14.17,14.35,14.5,-0.15,-1.0345,49746.16,71120.08
300020.SZ,20240313,6.91,7.07,6.8,6.97,6.9,0.07,1.0145,421473.77,293021.435
300021.SZ,20240313,4.06,4.11,4.03,4.11,4.07,0.04,0.9828,84517.5,34383.788
300022.SZ,20240313,4.21,4.32,4.2,4.22,4.19,0.03,0.716,124697.6,52986.392
300024.SZ,20240313,12.22,12.46,12.1,12.31,12.17,0.14,1.1504,605525.35,744019.835
300025.SZ,20240313,10.2,10.8,10.03,10.69,10.29,0.4,3.8873,302069.78,321010.362
300026.SZ,20240313,4.07,4.09,4.01,4.04,4.12,-0.08,-1.9417,667540.18,269278.894
300027.SZ,20240313,2.29,2.37,2.28,2.33,2.29,0.04,1.7467,800631.3,186292.781
300029.SZ,20240313,5.07,5.08,4.97,4.99,5.07,-0.08,-1.5779,23893.0,11968.608
300030.SZ,20240313,5.36,5.4,5.2,5.31,5.41,-0.1,-1.8484,140119.44,73924.771
300031.SZ,20240313,15.68,16.5,15.58,16.25,15.51,0.74,4.7711,449367.06,724234.81
300032.SZ,20240313,4.53,4.55,4.45,4.49,4.53,-0.04,-0.883,172974.0,77740.043
300033.SZ,20240313,139.0,139.49,136.94,137.73,138.52,-0.79,-0.5703,58842.5,813621.647
300034.SZ,20240313,16.83,17.03,16.53,16.9,16.81,0.09,0.5354,103101.52,173084.097
300035.SZ,20240313,9.4,9.43,9.26,9.33,9.41,-0.08,-0.8502,80629.83,75197.681
300036.SZ,20240313,17.15,17.47,17.1,17.24,17.06,0.18,1.0551,186235.55,321833.29
300037.SZ,20240313,41.32,41.79,40.12,40.3,41.5,-1.2,-2.8916,124631.39,508297.412
300039.SZ,20240313,6.5,6.51,6.38,6.43,6.56,-0.13,-1.9817,319639.16,205592.473
300040.SZ,20240313,4.63,4.66,4.58,4.61,4.62,-0.01,-0.2165,81307.99,37509.79
300041.SZ,20240313,9.04,9.06,8.9,8.95,9.04,-0.09,-0.9956,95990.26,86014.327
300042.SZ,20240313,34.8,34.8,33.45,33.84,34.12,-0.28,-0.8206,75242.17,256363.818
300043.SZ,20240313,3.03,3.2,3.01,3.15,3.03,0.12,3.9604,688954.0,214522.2
300044.SZ,20240313,5.9,5.9,5.73,5.78,5.89,-0.11,-1.8676,661902.21,384048.075
300045.SZ,20240313,23.94,24.58,23.0,24.11,23.58,0.53,2.2477,917736.7,2180933.127
300046.SZ,20240313,12.89,13.02,12.75,12.84,12.89,-0.05,-0.3879,55414.0,71404.186
300047.SZ,20240313,8.84,8.93,8.69,8.74,8.95,-0.21,-2.3464,539062.5,473764.093
300048.SZ,20240313,4.93,5.03,4.9,5.01,4.95,0.06,1.2121,77928.4,38800.574
300049.SZ,20240313,49.51,50.75,49.06,50.5,49.5,1.0,2.0202,69059.1,345858.812
300050.SZ,20240313,3.58,3.67,3.53,3.6,3.61,-0.01,-0.277,230304.0,82809.713
300051.SZ,20240313,10.21,10.36,10.03,10.2,10.15,0.05,0.4926,38933.01,39641.489
300052.SZ,20240313,16.47,17.2,16.41,16.8,16.45,0.35,2.1277,205632.82,347009.072
300053.SZ,20240313,11.98,12.92,11.66,12.17,12.06,0.11,0.9121,815408.52,996266.04
300054.SZ,20240313,20.75,21.1,20.56,20.92,20.69,0.23,1.1116,66793.0,139340.556
300055.SZ,20240313,5.0,5.06,4.94,5.0,5.03,-0.03,-0.5964,48294.3,24133.42
300056.SZ,20240313,9.13,9.29,8.9,8.98,9.13,-0.15,-1.6429,137716.9,125397.259
300057.SZ,20240313,5.0,5.02,4.91,4.94,5.0,-0.06,-1.2,132524.13,65763.51
300058.SZ,20240313,7.38,7.65,7.38,7.52,7.39,0.13,1.7591,1416337.66,1067755.619
300059.SZ,20240313,13.94,13.95,13.71,13.77,13.96,-0.19,-1.361,1953198.13,2695513.931
300061.SZ,20240313,4.5,4.58,4.47,4.53,4.5,0.03,0.6667,144506.63,65391.983
300062.SZ,20240313,5.07,5.08,5.01,5.05,5.08,-0.03,-0.5906,86780.8,43745.01
300063.SZ,20240313,5.23,5.4,5.15,5.28,5.24,0.04,0.7634,957721.52,504732.144
300065.SZ,20240313,8.63,8.7,8.41,8.51,8.76,-0.25,-2.8539,471504.34,402881.457
300066.SZ,20240313,3.98,3.99,3.89,3.92,3.98,-0.06,-1.5075,206552.78,81064.558
300067.SZ,20240313,5.17,5.18,4.75,4.75,5.07,-0.32,-6.3116,1884120.54,934829.367
300068.SZ,20240313,12.45,12.65,12.38,12.47,12.56,-0.09,-0.7166,156640.21,195399.744
300069.SZ,20240313,11.16,11.88,11.02,11.37,10.81,0.56,5.1804,55433.1,63389.088
300070.SZ,20240313,5.06,5.07,4.99,5.02,5.06,-0.04,-0.7905,222474.45,111699.226
300071.SZ,20240313,2.91,3.03,2.91,3.0,2.91,0.09,3.0928,284978.0,84863.401
300072.SZ,20240313,2.59,2.61,2.54,2.57,2.61,-0.04,-1.5326,196308.79,50443.884
300073.SZ,20240313,36.34,36.91,36.1,36.2,36.74,-0.54,-1.4698,117085.91,424976.389
300074.SZ,20240313,4.03,4.04,3.91,3.95,4.09,-0.14,-3.423,424676.0,168980.949
300075.SZ,20240313,15.01,15.34,14.93,15.11,14.97,0.14,0.9352,254531.77,385154.893
300076.SZ,20240313,4.38,4.45,4.3,4.37,4.4,-0.03,-0.6818,250766.0,109716.683
300077.SZ,20240313,10.35,10.53,10.27,10.39,10.28,0.11,1.07,240629.19,250851.725
300078.SZ,20240313,3.43,3.55,3.42,3.49,3.45,0.04,1.1594,223494.69,77748.564
300079.SZ,20240313,5.09,5.3,5.07,5.21,5.07,0.14,2.7613,641093.68,332854.871
300080.SZ,20240313,4.39,4.46,4.36,4.43,4.43,0.0,0.0,96465.0,42543.754
300081.SZ,20240313,8.08,8.23,7.94,8.16,8.01,0.15,1.8727,448866.37,363636.695
300082.SZ,20240313,5.2,5.25,5.03,5.09,5.17,-0.08,-1.5474,58015.0,29619.689
300083.SZ,20240313,5.31,5.31,5.23,5.26,5.28,-0.02,-0.3788,289026.25,152141.841
300084.SZ,20240313,6.05,6.09,6.0,6.04,6.05,-0.01,-0.1653,43759.2,26447.048
300085.SZ,20240313,11.65,11.98,11.62,11.8,11.73,0.07,0.5968,178610.07,210815.819
300086.SZ,20240313,5.1,5.13,5.03,5.08,5.12,-0.04,-0.7813,105238.0,53378.084
300087.SZ,20240313,8.32,8.33,8.01,8.07,8.19,-0.12,-1.4652,219421.53,178132.763
300088.SZ,20240313,5.56,5.64,5.49,5.58,5.55,0.03,0.5405,611018.44,340642.369
300091.SZ,20240313,2.35,2.36,2.27,2.29,2.36,-0.07,-2.9661,532767.52,122499.408
300092.SZ,20240313,11.46,11.56,11.18,11.4,11.49,-0.09,-0.7833,89222.03,101174.465
300093.SZ,20240313,21.8,22.33,21.63,22.02,22.2,-0.18,-0.8108,241866.01,528603.256
300094.SZ,20240313,3.7,3.7,3.61,3.66,3.7,-0.04,-1.0811,375238.57,136823.369
300095.SZ,20240313,6.79,6.9,6.72,6.85,6.78,0.07,1.0324,52257.0,35546.215
300096.SZ,20240313,4.29,4.36,4.22,4.22,4.29,-0.07,-1.6317,221536.0,94507.57
300097.SZ,20240313,8.57,8.63,8.45,8.51,8.69,-0.18,-2.0713,281394.57,240132.18
300098.SZ,20240313,3.76,3.82,3.72,3.77,3.84,-0.07,-1.8229,633691.93,238658.947
300099.SZ,20240313,5.16,5.26,5.12,5.19,5.16,0.03,0.5814,112068.61,58205.451
300100.SZ,20240313,9.18,9.58,9.05,9.34,9.28,0.06,0.6466,164632.0,154138.827
300101.SZ,20240313,17.8,18.99,17.64,18.41,17.78,0.63,3.5433,347641.9,635667.54
300102.SZ,20240313,6.64,6.74,6.54,6.69,6.58,0.11,1.6717,132316.36,88155.995
300103.SZ,20240313,4.32,4.37,4.22,4.32,4.32,0.0,0.0,69547.55,29936.47
300105.SZ,20240313,5.9,5.96,5.86,5.95,5.93,0.02,0.3373,83254.0,49211.96
300106.SZ,20240313,6.98,7.08,6.87,6.98,7.03,-0.05,-0.7112,73359.0,51089.939
300107.SZ,20240313,5.25,5.29,4.99,5.03,5.52,-0.49,-8.8768,724305.53,370094.734
300108.SZ,20240313,2.52,2.55,2.46,2.49,2.57,-0.08,-3.1128,122243.5,30521.619
300109.SZ,20240313,18.86,19.05,18.67,18.73,18.89,-0.16,-0.847,63410.27,119499.443
300110.SZ,20240313,3.63,3.65,3.58,3.63,3.66,-0.03,-0.8197,126895.62,45891.163
300111.SZ,20240313,2.54,2.55,2.49,2.52,2.54,-0.02,-0.7874,137262.0,34547.647
300112.SZ,20240313,8.84,9.1,8.8,9.02,8.85,0.17,1.9209,150151.2,134563.195
300113.SZ,20240313,12.78,13.3,12.72,13.07,12.67,0.4,3.1571,267904.62,349006.329
300115.SZ,20240313,10.29,10.66,10.2,10.48,10.32,0.16,1.5504,307370.6,322367.301
300117.SZ,20240313,1.84,1.87,1.79,1.8,1.86,-0.06,-3.2258,524609.26,95225.472
300118.SZ,20240313,16.57,16.64,16.36,16.47,16.62,-0.15,-0.9025,241646.22,398251.721
300119.SZ,20240313,14.44,14.45,14.1,14.28,14.45,-0.17,-1.1765,36648.0,52032.958
300120.SZ,20240313,5.23,5.26,5.16,5.22,5.23,-0.01,-0.1912,75902.8,39558.543
300121.SZ,20240313,8.47,8.53,8.36,8.43,8.48,-0.05,-0.5896,42419.0,35804.881
300122.SZ,20240313,54.6,54.74,53.18,53.6,54.28,-0.68,-1.2528,148675.21,799033.453
300123.SZ,20240313,6.12,6.19,6.03,6.15,6.1,0.05,0.8197,310771.54,190259.375
300124.SZ,20240313,65.58,65.78,65.01,65.33,65.7,-0.37,-0.5632,101919.54,665585.405
300125.SZ,20240313,8.8,8.86,8.6,8.77,8.78,-0.01,-0.1139,110861.0,96698.989
300126.SZ,20240313,5.33,5.45,5.2,5.34,5.33,0.01,0.1876,63107.0,33491.456
300127.SZ,20240313,14.92,15.04,14.8,14.88,14.94,-0.06,-0.4016,43971.08,65549.6
300128.SZ,20240313,4.55,4.6,4.5,4.54,4.59,-0.05,-1.0893,224109.3,102025.899
300129.SZ,20240313,8.6,8.97,8.51,8.8,8.62,0.18,2.0882,478104.56,420712.626
300130.SZ,20240313,24.03,24.18,23.58,23.8,24.11,-0.31,-1.2858,140230.29,334675.915
300131.SZ,20240313,5.08,5.14,5.03,5.09,5.15,-0.06,-1.165,568082.2,288451.005
300132.SZ,20240313,3.93,4.03,3.87,3.96,3.93,0.03,0.7634,86082.0,34029.531
300133.SZ,20240313,5.69,6.02,5.65,5.86,5.69,0.17,2.9877,1022331.85,597185.618
300134.SZ,20240313,8.95,9.12,8.84,8.95,8.88,0.07,0.7883,165389.33,148414.946
300135.SZ,20240313,2.59,2.61,2.49,2.52,2.58,-0.06,-2.3256,349298.0,88327.563
300136.SZ,20240313,20.9,22.2,20.71,21.47,20.96,0.51,2.4332,613571.58,1319330.041
300137.SZ,20240313,4.93,4.95,4.88,4.92,4.93,-0.01,-0.2028,47763.42,23471.19
300138.SZ,20240313,11.66,11.67,11.3,11.51,11.66,-0.15,-1.2864,77622.76,88885.605
300139.SZ,20240313,8.49,8.62,8.41,8.57,8.54,0.03,0.3513,97324.23,82786.455
300140.SZ,20240313,7.08,7.09,6.95,6.99,7.0,-0.01,-0.1429,44418.0,31151.362
300141.SZ,20240313,8.12,8.18,8.03,8.11,8.23,-0.12,-1.4581,90445.0,73113.142
300142.SZ,20240313,18.41,18.48,18.15,18.39,18.53,-0.14,-0.7555,179195.68,327944.683
300143.SZ,20240313,8.59,8.69,8.52,8.64,8.63,0.01,0.1159,44036.0,37877.403
300144.SZ,20240313,11.01,11.01,10.72,10.83,10.98,-0.15,-1.3661,169121.04,183071.838
300145.SZ,20240313,3.07,3.1,3.0,3.02,3.05,-0.03,-0.9836,532610.49,161481.793
300146.SZ,20240313,17.22,17.28,16.94,17.05,17.23,-0.18,-1.0447,90727.05,155002.391
300147.SZ,20240313,4.5,4.54,4.28,4.38,4.63,-0.25,-5.3996,733874.68,321384.445
300148.SZ,20240313,3.28,3.69,3.25,3.41,3.26,0.15,4.6012,863584.03,296664.402
300149.SZ,20240313,5.58,5.61,5.39,5.57,5.61,-0.04,-0.713,160973.45,88421.879
300150.SZ,20240313,3.52,3.56,3.45,3.49,3.55,-0.06,-1.6901,147598.0,51542.509
300151.SZ,20240313,14.95,15.78,14.7,15.43,14.9,0.53,3.557,79220.39,121902.274
300152.SZ,20240313,2.97,2.98,2.82,2.88,2.96,-0.08,-2.7027,668153.63,192638.38
300153.SZ,20240313,6.36,6.44,6.33,6.4,6.38,0.02,0.3135,51994.0,33166.487
300154.SZ,20240313,5.9,6.02,5.88,5.95,5.91,0.04,0.6768,65580.0,38959.974
300155.SZ,20240313,4.06,4.1,3.93,4.04,4.08,-0.04,-0.9804,94346.0,37994.039
300157.SZ,20240313,3.0,3.01,2.94,2.96,3.01,-0.05,-1.6611,171874.0,50999.793
300158.SZ,20240313,5.17,5.18,5.05,5.14,5.19,-0.05,-0.9634,260997.94,133528.413
300159.SZ,20240313,2.25,2.27,2.18,2.2,2.26,-0.06,-2.6549,554626.38,122624.539
300160.SZ,20240313,5.0,5.0,4.92,4.96,5.01,-0.05,-0.998,81084.0,40232.852
300161.SZ,20240313,33.0,33.6,32.7,33.21,33.1,0.11,0.3323,84257.01,279324.99
300162.SZ,20240313,5.66,5.74,5.62,5.68,5.66,0.02,0.3534,76486.5,43524.124
300163.SZ,20240313,2.73,2.76,2.67,2.7,2.74,-0.04,-1.4599,113471.0,30673.648
300164.SZ,20240313,3.97,3.99,3.92,3.97,3.98,-0.01,-0.2513,186751.0,73832.106
300165.SZ,20240313,4.55,4.65,4.52,4.55,4.6,-0.05,-1.087,172683.62,79007.995
300166.SZ,20240313,8.81,9.09,8.73,8.89,8.9,-0.01,-0.1124,687478.79,611461.264
300167.SZ,20240313,2.35,2.36,2.28,2.31,2.37,-0.06,-2.5316,85083.42,19693.127
300168.SZ,20240313,6.94,7.03,6.87,6.92,6.89,0.03,0.4354,165472.53,115004.845
300169.SZ,20240313,6.16,6.24,6.06,6.11,6.25,-0.14,-2.24,249682.06,152757.001
300170.SZ,20240313,6.99,7.14,6.94,7.05,6.94,0.11,1.585,290724.57,204622.09
300171.SZ,20240313,15.5,15.54,15.2,15.38,15.52,-0.14,-0.9021,52574.0,80725.621
300172.SZ,20240313,4.93,4.99,4.86,4.97,4.93,0.04,0.8114,333054.1,164174.846
300173.SZ,20240313,4.26,4.29,4.22,4.26,4.29,-0.03,-0.6993,200834.0,85476.177
300174.SZ,20240313,14.48,14.57,14.33,14.47,14.49,-0.02,-0.138,19708.23,28433.055
300175.SZ,20240313,6.66,6.72,6.5,6.56,6.66,-0.1,-1.5015,134919.2,88850.973
300176.SZ,20240313,5.22,5.29,5.12,5.21,5.21,0.0,0.0,65704.0,34125.742
300177.SZ,20240313,5.3,5.38,5.22,5.3,5.3,0.0,0.0,137657.84,72917.063
300179.SZ,20240313,7.38,7.66,7.29,7.57,7.37,0.2,2.7137,122461.17,91553.983
300180.SZ,20240313,3.51,3.56,3.47,3.52,3.51,0.01,0.2849,327708.34,115214.852
300181.SZ,20240313,13.22,13.36,12.67,12.81,13.32,-0.51,-3.8288,747696.29,966770.116
300182.SZ,20240313,5.24,5.55,5.18,5.4,5.26,0.14,2.6616,2319870.94,1245043.367
300183.SZ,20240313,12.53,12.89,12.51,12.73,12.55,0.18,1.4343,62027.46,78749.413
300184.SZ,20240313,5.61,5.75,5.41,5.53,5.78,-0.25,-4.3253,1791179.17,991292.966
300185.SZ,20240313,2.41,2.42,2.38,2.39,2.42,-0.03,-1.2397,303822.0,72878.495
300187.SZ,20240313,4.82,4.94,4.78,4.89,4.81,0.08,1.6632,61296.06,29830.588
300188.SZ,20240313,15.84,16.35,15.8,15.9,15.76,0.14,0.8883,326002.42,522775.204
300189.SZ,20240313,3.1,3.2,3.02,3.02,3.01,0.01,0.3322,456268.16,141001.288
300190.SZ,20240313,3.35,3.36,3.27,3.31,3.35,-0.04,-1.194,74318.8,24578.545
300191.SZ,20240313,12.65,13.0,12.39,12.79,12.52,0.27,2.1565,47612.2,60493.312
300192.SZ,20240313,10.17,10.45,10.09,10.34,10.22,0.12,1.1742,181222.0,186098.569
300193.SZ,20240313,7.46,7.5,7.4,7.46,7.47,-0.01,-0.1339,38690.21,28848.173
300194.SZ,20240313,3.72,3.74,3.67,3.71,3.74,-0.03,-0.8021,198891.91,73672.493
300195.SZ,20240313,5.32,5.36,5.22,5.3,5.31,-0.01,-0.1883,104520.0,55305.714
300196.SZ,20240313,9.58,9.66,9.43,9.48,9.59,-0.11,-1.147,28789.0,27427.611
300197.SZ,20240313,1.99,2.0,1.95,1.97,1.99,-0.02,-1.005,284637.0,56030.316
300198.SZ,20240313,2.02,2.04,1.98,2.0,2.02,-0.02,-0.9901,210600.57,42118.217
300199.SZ,20240313,13.81,14.46,13.6,14.37,13.99,0.38,2.7162,823058.45,1156630.814
300200.SZ,20240313,6.75,6.76,6.63,6.69,6.76,-0.07,-1.0355,74921.76,50064.174
300201.SZ,20240313,4.62,4.68,4.58,4.63,4.64,-0.01,-0.2155,189733.98,87925.305
300203.SZ,20240313,14.76,15.9,14.48,15.2,14.72,0.48,3.2609,182496.52,279042.272
300204.SZ,20240313,7.4,7.44,7.22,7.39,7.45,-0.06,-0.8054,82568.19,60465.587
300205.SZ,20240313,6.18,6.25,6.04,6.07,6.23,-0.16,-2.5682,80859.0,49603.041
300206.SZ,20240313,9.8,9.84,9.58,9.68,9.81,-0.13,-1.3252,59301.98,57416.704
300207.SZ,20240313,14.36,14.49,14.23,14.39,14.42,-0.03,-0.208,246795.16,354796.948
300208.SZ,20240313,4.84,4.87,4.69,4.7,4.9,-0.2,-4.0816,290587.73,138047.384
300209.SZ,20240313,3.26,3.4,3.23,3.24,3.32,-0.08,-2.4096,164006.0,53922.373
300210.SZ,20240313,14.08,14.09,13.22,13.32,13.87,-0.55,-3.9654,565738.26,769620.482
300211.SZ,20240313,7.12,7.34,7.12,7.28,7.11,0.17,2.391,71609.0,51871.824
300212.SZ,20240313,28.2,28.8,27.8,28.08,28.58,-0.5,-1.7495,421512.07,1188928.719
300213.SZ,20240313,6.91,7.16,6.78,7.01,6.98,0.03,0.4298,374798.45,261391.286
300214.SZ,20240313,5.39,5.79,5.38,5.54,5.32,0.22,4.1353,84638.68,47498.032
300215.SZ,20240313,4.28,4.51,4.21,4.36,4.31,0.05,1.1601,126116.41,54655.103
300217.SZ,20240313,4.76,4.86,4.72,4.81,4.77,0.04,0.8386,237390.92,113760.399
300218.SZ,20240313,12.93,13.1,12.85,12.96,12.97,-0.01,-0.0771,22823.0,29607.426
300219.SZ,20240313,6.89,6.99,6.81,6.91,6.9,0.01,0.1449,87536.5,60393.194
300220.SZ,20240313,6.88,6.88,6.69,6.81,6.81,0.0,0.0,8019.0,5427.996
300221.SZ,20240313,4.8,4.87,4.66,4.75,4.83,-0.08,-1.6563,232399.0,110392.157
300222.SZ,20240313,6.59,6.68,6.53,6.65,6.73,-0.08,-1.1887,251876.3,166256.893
300223.SZ,20240313,66.99,70.25,65.91,68.12,66.87,1.25,1.8693,235950.62,1605657.628
300224.SZ,20240313,10.72,10.74,10.56,10.68,10.72,-0.04,-0.3731,79199.35,84373.671
300225.SZ,20240313,6.25,6.25,6.07,6.16,6.23,-0.07,-1.1236,109107.0,67069.696
300226.SZ,20240313,23.6,23.88,23.24,23.61,23.44,0.17,0.7253,103858.78,244732.674
300227.SZ,20240313,6.56,6.73,6.5,6.64,6.59,0.05,0.7587,170664.0,112977.554
300228.SZ,20240313,7.82,7.82,7.6,7.65,7.85,-0.2,-2.5478,227161.41,174903.456
300229.SZ,20240313,15.97,16.44,15.92,16.09,15.81,0.28,1.771,540007.21,873479.197
300230.SZ,20240313,3.74,3.82,3.71,3.76,3.73,0.03,0.8043,107665.21,40503.569
300231.SZ,20240313,10.51,10.75,10.46,10.49,10.88,-0.39,-3.5846,405328.3,428559.747
300232.SZ,20240313,6.54,6.7,6.44,6.57,6.53,0.04,0.6126,461066.67,303736.739
300233.SZ,20240313,15.75,16.97,15.64,16.7,15.9,0.8,5.0314,73791.57,120542.482
300234.SZ,20240313,4.23,4.27,4.16,4.19,4.23,-0.04,-0.9456,53386.34,22393.035
300235.SZ,20240313,9.78,10.08,9.72,9.95,9.78,0.17,1.7382,131231.35,129821.5
300236.SZ,20240313,35.32,35.64,34.98,35.03,35.16,-0.13,-0.3697,45258.6,159544.403
300237.SZ,20240313,1.56,1.57,1.52,1.53,1.57,-0.04,-2.5478,328469.0,50473.253
300238.SZ,20240313,10.87,10.87,10.44,10.73,10.96,-0.23,-2.0985,118805.04,126139.698
300239.SZ,20240313,5.18,5.21,5.12,5.16,5.24,-0.08,-1.5267,116288.0,60008.447
300240.SZ,20240313,5.48,5.53,5.41,5.48,5.5,-0.02,-0.3636,41510.0,22695.49
300241.SZ,20240313,4.09,4.13,4.04,4.08,4.07,0.01,0.2457,117272.0,47915.143
300242.SZ,20240313,2.94,3.03,2.9,2.98,2.93,0.05,1.7065,472343.2,140375.48
300243.SZ,20240313,7.3,7.33,7.19,7.24,7.23,0.01,0.1383,35561.0,25790.304
300244.SZ,20240313,19.38,19.45,18.81,19.14,19.43,-0.29,-1.4925,79145.52,150744.567
300245.SZ,20240313,6.68,6.84,6.61,6.73,6.68,0.05,0.7485,105598.65,70826.894
300246.SZ,20240313,7.36,7.42,7.24,7.37,7.33,0.04,0.5457,50996.5,37393.074
300247.SZ,20240313,2.91,2.92,2.83,2.85,2.91,-0.06,-2.0619,101270.0,28950.213
300248.SZ,20240313,7.92,8.14,7.88,8.04,7.92,0.12,1.5152,114409.14,91898.827
300249.SZ,20240313,8.32,8.59,8.01,8.08,8.16,-0.08,-0.9804,308124.13,253964.238
300250.SZ,20240313,15.32,15.97,15.32,15.75,15.33,0.42,2.7397,147714.0,232615.731
300251.SZ,20240313,9.39,9.66,9.31,9.5,9.35,0.15,1.6043,309752.79,294576.555
300252.SZ,20240313,7.63,7.83,7.58,7.7,7.63,0.07,0.9174,254916.19,196347.768
300253.SZ,20240313,7.12,7.28,7.09,7.21,7.13,0.08,1.122,343361.65,246524.189
300254.SZ,20240313,9.12,9.61,9.01,9.43,9.1,0.33,3.6264,118211.84,110384.978
300255.SZ,20240313,12.59,13.39,12.28,13.38,12.63,0.75,5.9382,856327.11,1093660.492
300256.SZ,20240313,2.4,2.41,2.34,2.36,2.4,-0.04,-1.6667,278547.0,65974.435
300257.SZ,20240313,14.2,14.32,14.05,14.22,14.15,0.07,0.4947,38756.84,55069.001
300258.SZ,20240313,10.35,10.53,10.31,10.45,10.4,0.05,0.4808,98655.65,102891.278
300259.SZ,20240313,3.25,3.26,3.2,3.24,3.24,0.0,0.0,74437.0,24057.061
300260.SZ,20240313,27.23,27.28,26.52,26.61,26.75,-0.14,-0.5234,80852.17,217146.174
300261.SZ,20240313,6.13,6.13,6.03,6.07,6.13,-0.06,-0.9788,88593.0,53782.102
300263.SZ,20240313,6.24,6.3,6.18,6.25,6.24,0.01,0.1603,93350.13,58196.861
300264.SZ,20240313,6.3,6.48,6.3,6.43,6.32,0.11,1.7405,342268.6,219242.394
300265.SZ,20240313,7.03,7.15,6.94,7.05,7.03,0.02,0.2845,114911.87,80888.278
300266.SZ,20240313,2.11,2.13,2.04,2.07,2.11,-0.04,-1.8957,198239.0,40960.926
300267.SZ,20240313,2.6,2.61,2.55,2.58,2.61,-0.03,-1.1494,221282.03,57025.957
300268.SZ,20240313,10.35,10.95,10.06,10.12,10.95,-0.83,-7.5799,27768.0,28730.633
300269.SZ,20240313,4.95,5.13,4.94,5.07,4.98,0.09,1.8072,452270.37,228724.255
300270.SZ,20240313,6.63,6.64,6.38,6.44,6.6,-0.16,-2.4242,161843.75,104488.475
300271.SZ,20240313,6.49,6.88,6.49,6.7,6.5,0.2,3.0769,282145.16,188308.875
300272.SZ,20240313,4.82,4.84,4.71,4.77,4.86,-0.09,-1.8519,141680.42,67525.344
300274.SZ,20240313,108.0,109.58,106.5,106.94,108.74,-1.8,-1.6553,242983.41,2613790.557
300275.SZ,20240313,9.59,9.65,9.4,9.51,9.59,-0.08,-0.8342,47198.0,44871.911
300276.SZ,20240313,4.46,4.5,4.37,4.43,4.5,-0.07,-1.5556,637684.24,282089.409
300277.SZ,20240313,7.28,8.47,7.25,7.68,7.28,0.4,5.4945,207492.02,163146.53
300278.SZ,20240313,3.53,3.56,3.48,3.51,3.56,-0.05,-1.4045,185219.26,65009.216
300279.SZ,20240313,4.97,5.15,4.97,5.1,5.01,0.09,1.7964,194640.0,98708.668
300280.SZ,20240313,43.16,45.91,42.78,44.0,42.9,1.1,2.5641,176960.79,787966.337
300281.SZ,20240313,4.77,4.8,4.64,4.68,4.9,-0.22,-4.4898,256676.68,120881.264
300283.SZ,20240313,5.07,5.09,5.03,5.06,5.07,-0.01,-0.1972,75659.59,38275.031
300284.SZ,20240313,4.93,4.95,4.85,4.88,4.93,-0.05,-1.0142,67116.8,32808.207
300285.SZ,20240313,19.5,19.5,18.93,19.0,19.5,-0.5,-2.5641,102816.89,196474.124
300286.SZ,20240313,22.72,23.34,22.67,23.05,22.85,0.2,0.8753,27218.4,62624.966
300287.SZ,20240313,3.27,3.31,3.24,3.27,3.27,0.0,0.0,373810.86,122384.195
300288.SZ,20240313,14.31,14.88,14.24,14.5,14.3,0.2,1.3986,211723.21,307384.45
300289.SZ,20240313,4.74,4.75,4.63,4.71,4.72,-0.01,-0.2119,50933.0,23891.422
300290.SZ,20240313,9.0,9.27,8.53,8.73,8.89,-0.16,-1.7998,1073320.06,961270.303
300291.SZ,20240313,5.79,6.12,5.72,5.91,5.74,0.17,2.9617,641109.03,379166.428
300292.SZ,20240313,3.23,3.25,3.17,3.22,3.22,0.0,0.0,238641.63,76691.232
300293.SZ,20240313,16.3,16.55,15.83,16.0,16.24,-0.24,-1.4778,256824.17,415442.833
300294.SZ,20240313,29.0,29.06,28.68,28.75,28.98,-0.23,-0.7937,36058.22,103937.254
300295.SZ,20240313,9.73,9.97,9.68,9.8,9.85,-0.05,-0.5076,111778.6,109759.467
300296.SZ,20240313,5.38,5.42,5.33,5.37,5.36,0.01,0.1866,195160.78,104921.057
300298.SZ,20240313,22.28,22.94,21.96,22.47,22.24,0.23,1.0342,69211.05,155600.448
300299.SZ,20240313,5.04,5.24,4.97,5.13,4.98,0.15,3.012,397096.27,203517.943
300300.SZ,20240313,3.06,3.1,3.01,3.06,3.05,0.01,0.3279,188399.93,57571.3
300301.SZ,20240313,1.41,1.42,1.39,1.39,1.42,-0.03,-2.1127,83434.76,11675.002
300302.SZ,20240313,13.3,13.6,12.87,13.35,13.8,-0.45,-3.2609,719593.56,949266.877
300303.SZ,20240313,5.38,5.4,5.29,5.32,5.33,-0.01,-0.1876,424359.08,226512.011
300304.SZ,20240313,6.1,6.17,6.05,6.1,6.12,-0.02,-0.3268,141000.8,86053.193
300305.SZ,20240313,7.17,7.3,7.09,7.22,7.17,0.05,0.6974,37880.74,27249.209
300306.SZ,20240313,10.26,10.4,10.14,10.25,10.25,0.0,0.0,28982.0,29780.021
300307.SZ,20240313,5.59,5.66,5.52,5.59,5.58,0.01,0.1792,109857.0,61444.667
300308.SZ,20240313,171.41,171.88,164.89,165.0,164.85,0.15,0.091,317683.52,5342846.965
300310.SZ,20240313,4.1,4.15,4.05,4.08,4.08,0.0,0.0,264203.17,108218.906
300311.SZ,20240313,5.31,5.58,5.26,5.42,5.35,0.07,1.3084,286309.79,155413.251
300313.SZ,20240313,10.0,10.25,9.86,10.01,10.06,-0.05,-0.497,83912.75,83979.2
300314.SZ,20240313,12.04,12.05,11.83,11.9,12.03,-0.13,-1.0806,28945.0,34484.469
300315.SZ,20240313,6.0,6.8,5.89,6.48,5.86,0.62,10.5802,6690518.48,4234158.408
300316.SZ,20240313,38.8,39.2,38.42,38.68,39.0,-0.32,-0.8205,120280.49,466033.799
300317.SZ,20240313,4.64,4.84,4.52,4.76,4.62,0.14,3.0303,769828.12,361932.76
300318.SZ,20240313,4.76,4.8,4.65,4.7,4.72,-0.02,-0.4237,68636.0,32218.301
300319.SZ,20240313,8.28,8.46,8.25,8.35,8.28,0.07,0.8454,163088.14,136351.79
300320.SZ,20240313,6.32,6.34,6.22,6.27,6.27,0.0,0.0,56325.45,35382.146
300321.SZ,20240313,16.2,17.24,16.01,16.79,16.23,0.56,3.4504,39897.99,66712.012
300322.SZ,20240313,10.26,10.3,10.02,10.07,10.38,-0.31,-2.9865,419312.35,425378.383
300323.SZ,20240313,5.23,5.32,5.18,5.28,5.24,0.04,0.7634,123002.55,64525.478
300324.SZ,20240313,3.22,3.53,3.22,3.37,3.34,0.03,0.8982,1947535.68,654615.269
300326.SZ,20240313,5.24,5.27,5.16,5.23,5.24,-0.01,-0.1908,60052.38,31311.255
300327.SZ,20240313,19.4,19.67,19.26,19.31,19.37,-0.06,-0.3098,57867.68,112669.806
300328.SZ,20240313,5.48,6.22,5.41,5.7,5.49,0.21,3.8251,384023.05,220273.898
300329.SZ,20240313,4.99,5.05,4.93,5.02,4.98,0.04,0.8032,45749.73,22866.853
300331.SZ,20240313,18.79,19.17,18.72,18.91,18.73,0.18,0.961,90576.15,171551.777
300332.SZ,20240313,6.84,6.88,6.73,6.83,6.86,-0.03,-0.4373,69940.97,47596.877
300333.SZ,20240313,5.34,5.48,5.32,5.41,5.34,0.07,1.3109,137022.04,73938.832
300334.SZ,20240313,5.7,5.78,5.6,5.72,5.7,0.02,0.3509,52318.0,29733.305
300335.SZ,20240313,4.48,4.5,4.42,4.46,4.51,-0.05,-1.1086,139379.88,62125.684
300337.SZ,20240313,6.7,6.82,6.69,6.76,6.7,0.06,0.8955,244498.8,165114.771
300338.SZ,20240313,3.77,3.78,3.66,3.7,3.77,-0.07,-1.8568,203684.0,75798.996
300339.SZ,20240313,24.62,26.23,24.51,25.33,24.52,0.81,3.3034,1097474.31,2790183.914
300340.SZ,20240313,8.79,8.88,8.71,8.87,8.88,-0.01,-0.1126,61165.87,53798.701
300341.SZ,20240313,9.71,10.08,9.69,9.99,9.75,0.24,2.4615,104062.34,103137.639
300342.SZ,20240313,14.3,14.9,14.03,14.5,14.41,0.09,0.6246,474661.03,690919.915
300343.SZ,20240313,5.43,5.45,5.34,5.39,5.42,-0.03,-0.5535,177720.43,95707.251
300344.SZ,20240313,4.62,5.58,4.61,4.98,4.68,0.3,6.4103,733444.94,369299.17
300345.SZ,20240313,7.73,7.79,7.62,7.75,7.75,0.0,0.0,25501.29,19682.079
300346.SZ,20240313,25.67,25.95,25.45,25.63,25.6,0.03,0.1172,115101.94,295755.142
300347.SZ,20240313,44.35,44.35,42.92,43.55,44.33,-0.78,-1.7595,150793.67,655538.591
300348.SZ,20240313,8.56,8.78,8.5,8.7,8.65,0.05,0.578,149678.09,129903.233
300349.SZ,20240313,12.13,12.6,12.03,12.57,12.13,0.44,3.6274,108615.58,134825.273
300350.SZ,20240313,4.92,5.19,4.92,5.06,4.98,0.08,1.6064,477071.4,242354.03
300351.SZ,20240313,19.7,20.17,19.23,19.45,19.96,-0.51,-2.5551,243015.47,480370.284
300352.SZ,20240313,4.4,4.65,4.39,4.57,4.39,0.18,4.1002,519335.85,235505.956
300353.SZ,20240313,10.5,10.56,10.32,10.45,10.5,-0.05,-0.4762,228616.74,238549.457
300354.SZ,20240313,48.94,51.49,48.22,49.43,48.03,1.4,2.9148,34330.0,170837.204
300355.SZ,20240313,3.23,3.25,3.18,3.22,3.23,-0.01,-0.3096,275075.79,88347.682
300357.SZ,20240313,25.95,26.0,25.26,25.7,25.9,-0.2,-0.7722,35575.66,91339.153
300358.SZ,20240313,9.49,9.52,9.33,9.44,9.47,-0.03,-0.3168,86756.22,81831.746
300359.SZ,20240313,5.03,5.14,5.02,5.09,5.05,0.04,0.7921,167240.0,84921.67
300360.SZ,20240313,17.3,17.62,17.1,17.24,17.4,-0.16,-0.9195,127158.81,220526.2
300363.SZ,20240313,19.95,20.15,19.51,19.98,20.01,-0.03,-0.1499,120781.0,239187.384
300364.SZ,20240313,28.93,31.14,28.45,30.05,28.69,1.36,4.7403,1894975.88,5664987.624
300365.SZ,20240313,5.76,5.83,5.72,5.78,5.76,0.02,0.3472,139646.0,80752.168
300366.SZ,20240313,10.81,11.65,10.81,11.51,10.74,0.77,7.1695,903011.44,1015853.704
300368.SZ,20240313,5.88,5.99,5.87,5.94,5.89,0.05,0.8489,141536.4,83928.855
300369.SZ,20240313,7.58,7.89,7.57,7.73,7.56,0.17,2.2487,175243.51,135109.392
300370.SZ,20240313,2.29,2.31,2.23,2.24,2.29,-0.05,-2.1834,174738.0,39366.837
300371.SZ,20240313,9.46,9.65,9.38,9.59,9.47,0.12,1.2672,25152.97,23950.508
300373.SZ,20240313,41.5,43.17,41.48,41.58,41.28,0.3,0.7267,181618.32,769466.717
300374.SZ,20240313,15.88,16.15,15.63,15.85,16.15,-0.3,-1.8576,178652.42,283072.217
300375.SZ,20240313,4.76,5.28,4.74,4.96,4.87,0.09,1.848,924307.6,466240.653
300376.SZ,20240313,6.29,6.38,6.29,6.3,6.32,-0.02,-0.3165,183452.94,115953.026
300377.SZ,20240313,6.71,6.82,6.67,6.75,6.71,0.04,0.5961,202225.1,136395.515
300378.SZ,20240313,19.69,21.77,19.56,21.0,19.52,1.48,7.582,349441.46,721198.66
300379.SZ,20240313,14.7,15.03,14.62,14.74,14.7,0.04,0.2721,242119.03,358958.464
300380.SZ,20240313,18.68,19.07,18.4,18.7,18.76,-0.06,-0.3198,81979.67,153102.14
300381.SZ,20240313,5.37,5.39,5.21,5.28,5.36,-0.08,-1.4925,50796.0,26810.693
300382.SZ,20240313,8.32,8.38,8.18,8.27,8.3,-0.03,-0.3614,48571.04,40127.136
300383.SZ,20240313,9.96,10.07,9.84,9.91,9.96,-0.05,-0.502,314686.52,313122.52
300384.SZ,20240313,14.41,14.66,14.31,14.4,14.41,-0.01,-0.0694,35424.27,51271.635
300385.SZ,20240313,4.6,4.66,4.46,4.5,4.56,-0.06,-1.3158,45658.0,20645.688
300386.SZ,20240313,7.97,8.12,7.9,8.04,7.97,0.07,0.8783,52773.0,42320.181
300387.SZ,20240313,6.08,6.11,5.95,6.01,6.01,0.0,0.0,79425.81,47756.13
300388.SZ,20240313,5.82,5.85,5.73,5.8,5.83,-0.03,-0.5146,33938.6,19615.128
300389.SZ,20240313,18.72,18.98,18.49,18.66,18.74,-0.08,-0.4269,42297.9,79221.771
300390.SZ,20240313,22.61,22.75,22.21,22.3,22.66,-0.36,-1.5887,131710.18,294842.722
300391.SZ,20240313,6.27,6.27,5.75,5.79,5.8,-0.01,-0.1724,364660.02,217128.346
300393.SZ,20240313,9.46,9.51,9.37,9.42,9.49,-0.07,-0.7376,139876.34,131842.104
300394.SZ,20240313,139.0,141.8,136.0,137.1,134.48,2.62,1.9482,180437.85,2498788.702
300395.SZ,20240313,30.65,31.84,30.23,31.34,30.62,0.72,2.3514,91864.01,287229.186
300396.SZ,20240313,26.48,26.48,25.81,26.02,26.4,-0.38,-1.4394,16223.6,42273.075
300397.SZ,20240313,8.43,8.48,8.21,8.29,8.39,-0.1,-1.1919,142407.96,118622.106
300398.SZ,20240313,14.65,15.03,14.37,14.48,14.35,0.13,0.9059,310859.49,456956.387
300399.SZ,20240313,11.15,11.24,11.0,11.12,11.14,-0.02,-0.1795,63281.8,70342.541
300400.SZ,20240313,12.52,12.68,12.36,12.44,12.59,-0.15,-1.1914,84928.6,106030.519
300401.SZ,20240313,9.56,9.56,9.33,9.43,9.52,-0.09,-0.9454,53169.0,50081.228
300402.SZ,20240313,16.68,16.98,16.59,16.67,16.88,-0.21,-1.2441,74228.63,124671.641
300403.SZ,20240313,8.04,8.14,7.95,8.04,8.1,-0.06,-0.7407,257831.43,207073.717
300404.SZ,20240313,7.67,7.94,7.53,7.92,7.71,0.21,2.7237,251413.94,195864.482
300405.SZ,20240313,5.42,5.43,5.26,5.3,5.48,-0.18,-3.2847,229336.8,121944.428
300406.SZ,20240313,20.87,21.25,20.7,21.07,20.9,0.17,0.8134,26698.0,56053.159
300407.SZ,20240313,6.99,7.07,6.9,7.02,7.03,-0.01,-0.1422,83243.2,58115.656
300408.SZ,20240313,26.0,26.71,25.87,26.37,25.95,0.42,1.6185,128953.89,341289.598
300409.SZ,20240313,9.55,9.6,9.41,9.5,9.56,-0.06,-0.6276,58850.67,55874.841
300410.SZ,20240313,6.28,6.29,6.15,6.22,6.27,-0.05,-0.7974,94776.0,58826.351
300411.SZ,20240313,9.82,11.88,9.4,10.31,10.8,-0.49,-4.537,1042478.95,1092866.425
300412.SZ,20240313,4.04,4.08,3.98,4.04,4.05,-0.01,-0.2469,144046.6,57948.611
300413.SZ,20240313,24.87,25.38,24.67,24.96,24.87,0.09,0.3619,276811.27,693067.317
300414.SZ,20240313,7.74,7.93,7.66,7.83,7.75,0.08,1.0323,73084.95,57018.048
300415.SZ,20240313,17.99,18.12,17.86,17.93,18.1,-0.17,-0.9392,33666.3,60515.37
300416.SZ,20240313,14.29,14.68,14.28,14.49,14.24,0.25,1.7556,104943.54,151890.731
300417.SZ,20240313,8.36,8.41,8.19,8.34,8.32,0.02,0.2404,30935.77,25637.753
300418.SZ,20240313,41.45,43.23,40.98,42.12,40.95,1.17,2.8571,866955.44,3652233.054
300419.SZ,20240313,5.04,5.19,5.04,5.09,5.07,0.02,0.3945,246610.6,126027.35
300420.SZ,20240313,2.7,2.72,2.67,2.7,2.7,0.0,0.0,129403.18,34896.013
300421.SZ,20240313,9.09,9.17,8.91,9.08,9.35,-0.27,-2.8877,222916.68,201628.941
300422.SZ,20240313,4.52,4.59,4.46,4.5,4.54,-0.04,-0.8811,43621.9,19628.507
300423.SZ,20240313,6.96,6.96,6.77,6.8,7.0,-0.2,-2.8571,130683.5,89428.396
300424.SZ,20240313,10.89,11.39,10.64,10.91,11.21,-0.3,-2.6762,201530.59,220734.03
300425.SZ,20240313,4.36,4.38,4.3,4.34,4.38,-0.04,-0.9132,161528.0,70097.311
300426.SZ,20240313,8.91,9.42,8.91,9.26,8.9,0.36,4.0449,179148.57,164558.279
300427.SZ,20240313,3.91,3.97,3.86,3.86,3.96,-0.1,-2.5253,73902.06,28827.841
300428.SZ,20240313,17.7,18.0,17.46,17.83,17.52,0.31,1.7694,89810.77,159326.449
300429.SZ,20240313,10.9,11.05,10.62,10.71,10.8,-0.09,-0.8333,325820.55,352238.793
300430.SZ,20240313,18.4,19.58,18.0,18.45,18.37,0.08,0.4355,114317.09,213412.604
300432.SZ,20240313,8.43,8.5,8.33,8.38,8.44,-0.06,-0.7109,182448.69,153384.117
300433.SZ,20240313,13.1,13.18,12.91,13.03,13.13,-0.1,-0.7616,396551.7,517006.586
300434.SZ,20240313,9.51,9.54,9.22,9.33,9.51,-0.18,-1.8927,66861.2,62326.444
300435.SZ,20240313,13.48,13.48,13.23,13.38,13.43,-0.05,-0.3723,29926.0,39891.72
300436.SZ,20240313,20.43,20.48,19.8,20.07,20.43,-0.36,-1.7621,24390.26,48849.222
300437.SZ,20240313,9.78,9.9,9.63,9.79,9.77,0.02,0.2047,36575.0,35632.223
300438.SZ,20240313,27.09,28.12,26.57,28.04,26.7,1.34,5.0187,518069.06,1417955.849
300439.SZ,20240313,9.57,9.59,9.4,9.48,9.57,-0.09,-0.9404,31156.0,29540.919
300440.SZ,20240313,6.2,6.36,6.19,6.28,6.22,0.06,0.9646,64044.08,40294.511
300441.SZ,20240313,6.69,7.05,6.69,6.93,6.71,0.22,3.2787,148946.2,103161.409
300442.SZ,20240313,24.97,25.34,24.65,24.73,24.99,-0.26,-1.0404,169371.79,422086.182
300443.SZ,20240313,22.9,23.93,22.64,23.45,23.18,0.27,1.1648,191249.22,445362.356
300444.SZ,20240313,6.47,6.52,6.37,6.44,6.57,-0.13,-1.9787,286500.87,184430.716
300445.SZ,20240313,20.55,21.36,20.02,20.46,20.95,-0.49,-2.3389,129029.29,266732.333
300446.SZ,20240313,14.55,16.77,14.53,15.98,15.1,0.88,5.8278,336388.06,528314.326
300447.SZ,20240313,12.2,12.59,11.95,12.3,12.14,0.16,1.318,73821.0,90793.876
300448.SZ,20240313,4.44,4.51,4.3,4.36,4.5,-0.14,-3.1111,255469.01,111605.992
300449.SZ,20240313,4.68,4.71,4.58,4.63,4.66,-0.03,-0.6438,66623.6,30888.707
300450.SZ,20240313,23.57,23.73,23.21,23.33,23.54,-0.21,-0.8921,253236.15,591986.143
300451.SZ,20240313,4.8,4.9,4.71,4.82,4.77,0.05,1.0482,342167.18,164258.438
300452.SZ,20240313,12.91,12.91,12.67,12.72,12.92,-0.2,-1.548,25382.98,32338.515
300453.SZ,20240313,6.49,6.59,6.45,6.49,6.49,0.0,0.0,31701.49,20637.861
300454.SZ,20240313,63.4,74.78,63.4,69.98,63.15,6.83,10.8155,151936.4,1039532.374
300455.SZ,20240313,11.2,11.64,11.1,11.38,11.28,0.1,0.8865,227968.15,260026.914
300456.SZ,20240313,21.36,21.66,21.21,21.28,21.21,0.07,0.33,227130.06,486876.047
300457.SZ,20240313,16.57,16.83,16.49,16.68,16.61,0.07,0.4214,123722.0,205977.14
300458.SZ,20240313,20.0,20.33,19.91,20.04,20.0,0.04,0.2,153916.72,309640.144
300459.SZ,20240313,4.75,5.02,4.67,4.88,4.71,0.17,3.6093,3576982.01,1737903.477
300460.SZ,20240313,9.04,9.4,8.9,9.25,9.03,0.22,2.4363,139616.4,128357.581
300461.SZ,20240313,17.5,17.9,17.25,17.78,17.54,0.24,1.3683,43299.0,76431.959
300462.SZ,20240313,8.8,8.9,8.69,8.79,8.78,0.01,0.1139,86286.0,75805.488
300463.SZ,20240313,13.2,13.45,12.95,13.4,13.2,0.2,1.5152,65086.0,86131.796
300464.SZ,20240313,4.49,4.52,4.42,4.49,4.45,0.04,0.8989,27852.0,12438.217
300465.SZ,20240313,8.46,8.64,8.45,8.54,8.46,0.08,0.9456,117352.0,100362.642
300466.SZ,20240313,9.4,9.78,9.28,9.43,9.63,-0.2,-2.0768,557498.31,528680.72
300467.SZ,20240313,14.11,14.58,13.96,14.3,13.97,0.33,2.3622,94852.0,135505.303
300468.SZ,20240313,9.4,9.61,9.38,9.44,9.45,-0.01,-0.1058,185646.43,175870.919
300469.SZ,20240313,13.0,13.7,12.87,13.38,14.09,-0.71,-5.039,490328.96,652717.963
300470.SZ,20240313,34.8,35.05,34.22,34.86,34.4,0.46,1.3372,10338.41,35902.415
300471.SZ,20240313,11.38,11.38,11.1,11.17,11.38,-0.21,-1.8453,95522.43,106682.12
300472.SZ,20240313,6.55,6.57,6.36,6.41,6.49,-0.08,-1.2327,109939.87,70962.285
300473.SZ,20240313,15.88,16.05,15.7,15.96,15.73,0.23,1.4622,46462.0,73901.482
300474.SZ,20240313,87.04,93.4,86.02,87.41,77.88,9.53,12.2368,533619.34,4774516.977
300475.SZ,20240313,41.14,42.8,40.03,41.12,40.48,0.64,1.581,261670.39,1081984.32
300476.SZ,20240313,26.05,27.94,25.31,26.75,25.42,1.33,5.2321,663107.15,1761059.65
300477.SZ,20240313,2.81,2.83,2.77,2.8,2.82,-0.02,-0.7092,146038.0,40853.264
300478.SZ,20240313,10.43,11.13,10.26,10.95,10.4,0.55,5.2885,99967.2,107058.603
300479.SZ,20240313,17.92,18.43,17.92,18.05,17.98,0.07,0.3893,66733.11,121170.839
300480.SZ,20240313,19.81,19.96,18.95,19.15,19.84,-0.69,-3.4778,106479.07,207704.944
300481.SZ,20240313,14.05,14.15,13.86,14.02,14.02,0.0,0.0,29004.96,40630.417
300482.SZ,20240313,27.1,27.32,26.81,27.19,27.12,0.07,0.2581,24715.44,66848.039
300483.SZ,20240313,8.72,8.85,8.62,8.81,8.78,0.03,0.3417,33482.6,29290.346
300484.SZ,20240313,9.33,11.16,9.29,11.16,9.3,1.86,20.0,225609.63,242958.429
300485.SZ,20240313,8.53,8.58,8.39,8.48,8.58,-0.1,-1.1655,43302.0,36614.894
300486.SZ,20240313,6.07,6.39,6.0,6.18,6.09,0.09,1.4778,361220.26,223059.736
300487.SZ,20240313,47.48,47.77,46.53,46.61,47.42,-0.81,-1.7081,31934.0,149707.613
300488.SZ,20240313,22.99,23.37,22.66,23.26,22.95,0.31,1.3508,18656.0,43145.157
300489.SZ,20240313,16.14,16.3,15.81,16.09,16.12,-0.03,-0.1861,18104.22,29106.113
300490.SZ,20240313,9.54,9.62,9.45,9.56,9.52,0.04,0.4202,102457.74,97863.265
300491.SZ,20240313,19.65,19.87,19.24,19.56,19.71,-0.15,-0.761,47928.0,93448.762
300492.SZ,20240313,110.71,112.0,102.0,104.7,110.7,-6.0,-5.4201,16101.1,170976.781
300493.SZ,20240313,7.22,7.86,7.16,7.47,7.15,0.32,4.4755,304101.6,227199.834
300494.SZ,20240313,14.85,15.8,14.63,15.3,14.68,0.62,4.2234,906355.74,1380971.167
300496.SZ,20240313,62.74,62.89,61.27,61.62,62.25,-0.63,-1.012,139517.22,865880.443
300497.SZ,20240313,8.62,8.69,8.52,8.58,8.64,-0.06,-0.6944,44702.0,38381.19
300498.SZ,20240313,18.99,19.03,18.52,18.56,19.11,-0.55,-2.8781,414117.58,773854.181
300499.SZ,20240313,13.98,14.42,13.81,13.88,13.95,-0.07,-0.5018,263662.46,372839.305
300500.SZ,20240313,9.72,9.9,9.61,9.82,9.8,0.02,0.2041,33906.0,33067.981
300501.SZ,20240313,11.78,11.97,11.78,11.92,11.9,0.02,0.1681,18561.95,22031.292
300502.SZ,20240313,69.2,69.55,66.12,66.53,67.15,-0.62,-0.9233,426564.07,2887298.558
300503.SZ,20240313,16.3,16.7,16.02,16.62,16.4,0.22,1.3415,246497.0,405751.06
300504.SZ,20240313,14.9,15.23,14.76,15.11,14.9,0.21,1.4094,49109.1,73903.252
300505.SZ,20240313,11.15,11.26,10.82,10.91,11.1,-0.19,-1.7117,134191.09,147058.144
300506.SZ,20240313,5.23,5.61,5.14,5.49,5.26,0.23,4.3726,312909.29,169541.83
300507.SZ,20240313,5.57,5.66,5.54,5.61,5.59,0.02,0.3578,265310.01,148605.569
300508.SZ,20240313,22.87,23.12,22.56,22.66,22.88,-0.22,-0.9615,27912.6,63855.253
300509.SZ,20240313,5.23,5.26,5.12,5.16,5.22,-0.06,-1.1494,71886.51,37248.375
300510.SZ,20240313,5.04,5.1,5.03,5.06,5.06,0.0,0.0,119517.0,60505.622
300511.SZ,20240313,4.01,4.09,3.9,3.99,4.02,-0.03,-0.7463,154319.83,61526.735
300512.SZ,20240313,6.71,6.8,6.67,6.73,6.76,-0.03,-0.4438,49647.78,33371.32
300513.SZ,20240313,10.0,10.74,9.91,10.57,10.05,0.52,5.1741,170935.92,177435.333
300514.SZ,20240313,14.83,15.07,14.74,14.89,14.9,-0.01,-0.0671,60097.18,89496.763
300515.SZ,20240313,9.3,9.37,9.19,9.31,9.28,0.03,0.3233,34629.0,32144.536
300516.SZ,20240313,27.5,27.5,26.87,27.08,26.97,0.11,0.4079,24397.0,66306.27
300517.SZ,20240313,8.49,8.59,8.27,8.44,8.45,-0.01,-0.1183,31146.0,26201.974
300518.SZ,20240313,12.48,12.72,12.21,12.45,12.32,0.13,1.0552,37542.24,46698.271
300519.SZ,20240313,12.98,13.03,12.57,12.92,13.06,-0.14,-1.072,54261.0,69224.058
300520.SZ,20240313,17.03,17.38,17.0,17.13,17.25,-0.12,-0.6957,107727.16,185058.58
300521.SZ,20240313,10.25,10.3,10.0,10.2,10.17,0.03,0.295,20235.0,20568.158
300522.SZ,20240313,11.8,11.95,11.47,11.56,11.54,0.02,0.1733,54776.42,63644.504
300523.SZ,20240313,21.36,21.51,20.97,21.07,21.1,-0.03,-0.1422,46110.52,97920.562
300525.SZ,20240313,13.81,14.39,13.8,14.18,13.79,0.39,2.8281,147217.39,207555.385
300527.SZ,20240313,6.97,7.03,6.87,7.0,6.97,0.03,0.4304,90910.58,63324.047
300528.SZ,20240313,8.38,8.77,8.33,8.62,8.38,0.24,2.864,133383.65,114655.666
300529.SZ,20240313,23.64,23.95,23.32,23.58,23.65,-0.07,-0.296,69228.83,163313.15
300530.SZ,20240313,22.9,24.78,22.9,23.68,25.35,-1.67,-6.5878,107332.69,255178.797
300531.SZ,20240313,12.35,12.61,12.2,12.5,12.31,0.19,1.5435,116786.0,145365.32
300532.SZ,20240313,14.98,15.16,14.75,14.94,14.98,-0.04,-0.267,86691.2,129655.053
300533.SZ,20240313,27.62,29.5,27.62,28.93,27.52,1.41,5.1235,242050.81,696885.51
300534.SZ,20240313,8.62,8.7,8.4,8.52,8.7,-0.18,-2.069,177715.5,151057.625
300535.SZ,20240313,12.33,12.56,12.24,12.44,12.38,0.06,0.4847,19250.0,23866.155
300536.SZ,20240313,18.0,20.04,18.0,19.99,18.15,1.84,10.1377,114831.52,221671.821
300537.SZ,20240313,16.14,16.36,16.0,16.14,16.12,0.02,0.1241,97493.54,157811.459
300538.SZ,20240313,15.28,15.31,14.99,15.14,15.26,-0.12,-0.7864,80534.1,121866.181
300539.SZ,20240313,9.21,9.24,9.02,9.18,9.19,-0.01,-0.1088,52516.41,47872.201
300540.SZ,20240313,22.55,22.95,22.3,22.42,22.51,-0.09,-0.3998,22543.0,50915.378
300541.SZ,20240313,15.04,15.66,15.04,15.26,15.02,0.24,1.5979,256634.43,395431.158
300542.SZ,20240313,10.94,10.95,10.56,10.68,10.97,-0.29,-2.6436,115414.92,123320.608
300543.SZ,20240313,7.82,8.07,7.72,7.96,7.82,0.14,1.7903,101652.7,80450.276
300545.SZ,20240313,27.71,28.26,27.65,27.84,27.86,-0.02,-0.0718,48525.83,135489.818
300546.SZ,20240313,12.19,12.55,12.08,12.28,12.2,0.08,0.6557,53293.9,65475.664
300547.SZ,20240313,16.64,17.73,16.64,17.7,16.72,0.98,5.8612,106002.2,183746.622
300548.SZ,20240313,30.94,31.33,28.8,28.87,29.36,-0.49,-1.6689,284233.09,849522.831
300549.SZ,20240313,18.8,20.39,18.61,18.98,19.29,-0.31,-1.6071,177022.98,346011.698
300550.SZ,20240313,11.96,11.99,11.43,11.57,12.04,-0.47,-3.9037,49273.78,57270.979
300551.SZ,20240313,15.25,16.58,15.08,16.09,15.26,0.83,5.4391,211775.79,334952.04
300552.SZ,20240313,20.89,21.2,20.52,20.75,21.26,-0.51,-2.3989,149841.01,311811.861
300553.SZ,20240313,27.67,29.27,27.29,28.2,27.99,0.21,0.7503,43658.5,122729.963
300554.SZ,20240313,27.8,28.31,26.84,27.0,28.77,-1.77,-6.1522,193471.73,530578.225
300555.SZ,20240313,6.42,6.47,6.32,6.4,6.4,0.0,0.0,25233.0,16113.373
300556.SZ,20240313,26.4,28.3,26.22,27.37,26.57,0.8,3.0109,266525.3,729918.076
300557.SZ,20240313,28.23,28.5,28.0,28.14,28.15,-0.01,-0.0355,8163.0,23061.389
300558.SZ,20240313,43.01,44.62,42.87,44.08,42.44,1.64,3.8643,95793.14,419544.511
300559.SZ,20240313,13.04,13.51,12.88,13.33,13.05,0.28,2.1456,247107.21,327091.672
300560.SZ,20240313,15.8,17.88,15.79,16.19,15.42,0.77,4.9935,226473.28,376455.208
300561.SZ,20240313,9.98,10.21,9.96,10.08,10.0,0.08,0.8,60771.87,61256.938
300562.SZ,20240313,9.0,9.0,8.74,8.85,8.96,-0.11,-1.2277,65260.51,57686.092
300563.SZ,20240313,12.33,12.54,12.22,12.41,12.31,0.1,0.8123,48280.0,59717.553
300564.SZ,20240313,9.79,9.8,9.54,9.71,9.74,-0.03,-0.308,20281.8,19549.183
300565.SZ,20240313,12.0,12.26,12.0,12.04,12.06,-0.02,-0.1658,65166.6,78995.809
300566.SZ,20240313,14.26,14.45,14.2,14.3,14.23,0.07,0.4919,52956.74,75775.876
300567.SZ,20240313,69.87,70.5,67.41,68.03,69.86,-1.83,-2.6195,50891.65,349566.126
300568.SZ,20240313,12.58,12.73,12.43,12.58,12.73,-0.15,-1.1783,225043.24,282891.251
300569.SZ,20240313,5.44,5.52,5.39,5.45,5.45,0.0,0.0,167155.11,91064.882
300570.SZ,20240313,42.85,43.0,40.13,40.52,41.98,-1.46,-3.4778,188813.06,781440.839
300571.SZ,20240313,30.03,31.98,29.88,31.5,30.21,1.29,4.2701,82516.68,256795.433
300572.SZ,20240313,12.64,12.96,12.5,12.73,12.69,0.04,0.3152,52908.41,67176.581
300573.SZ,20240313,194.25,205.6,194.25,196.37,192.3,4.07,2.1165,61367.41,1221911.846
300575.SZ,20240313,6.2,6.25,6.08,6.18,6.18,0.0,0.0,74321.75,45699.915
300576.SZ,20240313,39.98,40.44,39.19,40.08,39.5,0.58,1.4684,106107.41,423003.693
300577.SZ,20240313,13.1,13.27,12.84,13.03,13.11,-0.08,-0.6102,17147.0,22336.611
300578.SZ,20240313,15.2,16.49,15.11,16.16,15.27,0.89,5.8284,182722.11,290358.369
300579.SZ,20240313,22.67,23.24,22.58,23.02,22.66,0.36,1.5887,36755.5,84630.638
300580.SZ,20240313,30.6,32.23,30.24,31.76,31.06,0.7,2.2537,112136.7,351323.373
300581.SZ,20240313,8.38,9.07,8.27,8.59,8.46,0.13,1.5366,238486.85,207242.986
300582.SZ,20240313,8.94,8.98,8.8,8.87,8.89,-0.02,-0.225,42080.65,37359.505
300583.SZ,20240313,17.32,17.4,16.88,17.05,17.26,-0.21,-1.2167,24623.05,41971.634
300584.SZ,20240313,18.05,18.65,18.01,18.42,18.76,-0.34,-1.8124,60003.0,109675.067
300585.SZ,20240313,12.9,14.11,12.55,13.05,12.77,0.28,2.1926,184021.0,245086.714
300586.SZ,20240313,6.61,6.67,6.56,6.63,6.65,-0.02,-0.3008,67389.84,44508.646
300587.SZ,20240313,4.45,4.49,4.36,4.42,4.45,-0.03,-0.6742,120814.08,53242.27
300588.SZ,20240313,9.79,10.34,9.72,9.9,9.85,0.05,0.5076,122853.0,122649.008
300589.SZ,20240313,11.55,11.75,11.47,11.69,11.59,0.1,0.8628,73407.75,85490.642
300590.SZ,20240313,9.49,9.66,9.37,9.51,9.42,0.09,0.9554,69069.5,65603.821
300591.SZ,20240313,4.4,4.43,4.34,4.38,4.41,-0.03,-0.6803,64372.1,28143.192
300592.SZ,20240313,20.2,20.96,19.9,20.8,20.18,0.62,3.0723,64637.99,133100.156
300593.SZ,20240313,11.25,11.47,11.06,11.3,11.21,0.09,0.8029,111546.06,125530.574
300594.SZ,20240313,19.7,19.83,18.33,18.49,19.32,-0.83,-4.2961,92037.3,173531.533
300595.SZ,20240313,20.4,20.4,19.93,20.11,20.44,-0.33,-1.6145,83096.09,167228.522
300596.SZ,20240313,24.65,24.83,24.16,24.5,24.61,-0.11,-0.447,14826.0,36257.068
300597.SZ,20240313,7.47,7.67,7.44,7.63,7.49,0.14,1.8692,78200.0,59238.649
300598.SZ,20240313,46.0,47.55,45.01,45.96,44.29,1.67,3.7706,147118.18,681554.882
300599.SZ,20240313,6.2,6.22,6.01,6.05,6.07,-0.02,-0.3295,31868.65,19383.024
300600.SZ,20240313,8.73,8.85,8.55,8.77,8.75,0.02,0.2286,69020.0,60104.786
300601.SZ,20240313,24.2,24.25,23.7,23.98,24.26,-0.28,-1.1542,110630.74,264649.749
300602.SZ,20240313,17.25,17.25,16.74,16.82,17.0,-0.18,-1.0588,213012.23,361994.024
300603.SZ,20240313,9.39,9.45,9.24,9.31,9.41,-0.1,-1.0627,163174.5,152343.768
300604.SZ,20240313,30.4,31.13,29.88,30.56,30.14,0.42,1.3935,189027.24,575663.076
300605.SZ,20240313,11.17,11.39,11.03,11.2,11.13,0.07,0.6289,50465.92,56746.397
300606.SZ,20240313,23.03,23.66,22.68,23.25,23.24,0.01,0.043,86925.5,201118.575
300607.SZ,20240313,14.11,14.14,13.89,13.97,14.14,-0.17,-1.2023,108275.4,151634.873
300608.SZ,20240313,13.4,13.88,13.23,13.83,13.39,0.44,3.286,296454.1,402487.95
300609.SZ,20240313,21.7,22.68,21.2,21.45,20.7,0.75,3.6232,199924.58,436477.897
300610.SZ,20240313,8.46,8.53,8.26,8.37,8.47,-0.1,-1.1806,28439.91,23769.492
300611.SZ,20240313,8.58,8.82,8.56,8.71,8.62,0.09,1.0441,46737.0,40620.34
300612.SZ,20240313,17.25,18.0,17.0,17.61,17.06,0.55,3.2239,167816.54,294103.793
300613.SZ,20240313,37.59,37.89,37.05,37.18,37.19,-0.01,-0.0269,38232.21,143181.572
300614.SZ,20240313,13.3,13.3,12.84,13.14,13.12,0.02,0.1524,21485.0,28008.575
300615.SZ,20240313,12.92,13.16,12.8,13.02,12.84,0.18,1.4019,51732.03,67179.925
300616.SZ,20240313,14.91,14.92,14.5,14.72,14.93,-0.21,-1.4066,36779.0,54035.95
300617.SZ,20240313,29.19,29.79,29.01,29.15,29.62,-0.47,-1.5868,22841.0,67162.233
300618.SZ,20240313,23.77,23.92,23.57,23.77,23.85,-0.08,-0.3354,34698.1,82392.737
300619.SZ,20240313,40.18,41.53,40.18,40.79,40.7,0.09,0.2211,10975.0,44627.098
300620.SZ,20240313,50.61,50.88,48.67,48.8,49.78,-0.98,-1.9687,158068.51,785692.192
300621.SZ,20240313,8.32,8.39,8.12,8.28,8.31,-0.03,-0.361,21819.01,17977.95
300622.SZ,20240313,16.9,16.91,16.46,16.57,16.7,-0.13,-0.7784,16676.33,27710.831
300623.SZ,20240313,15.2,15.35,15.0,15.09,15.04,0.05,0.3324,142224.52,215860.07
300624.SZ,20240313,105.2,110.0,104.49,106.8,104.08,2.72,2.6134,170780.03,1833455.332
300625.SZ,20240313,12.56,12.59,12.32,12.36,12.56,-0.2,-1.5924,27042.64,33590.617
300626.SZ,20240313,7.43,7.56,7.36,7.48,7.41,0.07,0.9447,67403.0,50329.439
300627.SZ,20240313,25.08,25.97,25.01,25.64,24.95,0.69,2.7655,137354.79,352200.338
300628.SZ,20240313,28.88,28.88,28.15,28.25,28.77,-0.52,-1.8074,66745.48,189440.41
300629.SZ,20240313,19.34,19.54,18.95,19.07,19.32,-0.25,-1.294,104496.98,200988.937
300630.SZ,20240313,19.3,19.4,18.9,19.25,19.35,-0.1,-0.5168,147976.3,283101.17
300631.SZ,20240313,24.36,24.39,23.7,23.98,24.35,-0.37,-1.5195,18928.0,45381.195
300632.SZ,20240313,9.9,9.96,9.77,9.92,9.89,0.03,0.3033,33467.65,33028.335
300633.SZ,20240313,40.6,40.6,39.43,40.03,40.52,-0.49,-1.2093,41216.16,164537.958
300634.SZ,20240313,18.19,19.1,18.19,18.73,18.19,0.54,2.9687,302831.8,565481.558
300635.SZ,20240313,9.5,9.59,9.29,9.53,9.5,0.03,0.3158,33118.0,31335.05
300636.SZ,20240313,7.78,7.9,7.65,7.81,7.78,0.03,0.3856,73182.86,56793.995
300637.SZ,20240313,7.93,7.96,7.75,7.8,7.93,-0.13,-1.6393,137033.9,107579.59
300638.SZ,20240313,17.29,17.53,17.03,17.24,17.14,0.1,0.5834,171531.0,296205.471
300639.SZ,20240313,7.44,7.44,7.3,7.39,7.38,0.01,0.1355,41243.86,30391.347
300640.SZ,20240313,4.85,4.9,4.72,4.82,4.85,-0.03,-0.6186,33201.6,15957.641
300641.SZ,20240313,4.22,4.27,4.17,4.25,4.2,0.05,1.1905,40131.79,16956.305
300642.SZ,20240313,13.83,13.92,13.6,13.82,13.8,0.02,0.1449,13150.1,18102.248
300643.SZ,20240313,10.18,10.46,10.15,10.35,10.27,0.08,0.779,48435.18,50127.17
300644.SZ,20240313,15.75,15.8,15.1,15.32,15.59,-0.27,-1.7319,33929.1,52188.064
300645.SZ,20240313,15.12,15.74,15.05,15.62,15.09,0.53,3.5123,100467.55,154712.143
300647.SZ,20240313,5.05,5.08,4.92,4.99,4.99,0.0,0.0,216864.43,108193.624
300648.SZ,20240313,19.95,20.4,19.8,20.18,19.95,0.23,1.1529,33301.29,67117.411
300649.SZ,20240313,12.3,12.37,11.94,12.21,12.33,-0.12,-0.9732,33343.0,40449.037
300650.SZ,20240313,10.02,10.18,9.93,10.07,10.07,0.0,0.0,58233.2,58495.152
300651.SZ,20240313,14.8,14.9,14.53,14.65,14.86,-0.21,-1.4132,23786.5,34870.969
300652.SZ,20240313,20.27,21.82,20.27,20.63,20.23,0.4,1.9773,35790.48,74911.657
300653.SZ,20240313,23.92,24.22,23.68,24.09,23.91,0.18,0.7528,21564.79,51647.107
300654.SZ,20240313,10.19,11.4,10.13,10.75,10.13,0.62,6.1204,478467.45,510817.133
300655.SZ,20240313,8.28,8.46,8.2,8.35,8.26,0.09,1.0896,273753.19,228358.69
300656.SZ,20240313,20.98,21.13,20.79,20.86,20.95,-0.09,-0.4296,12558.9,26287.075
300657.SZ,20240313,18.51,20.11,18.51,19.25,18.35,0.9,4.9046,506033.74,976904.787
300658.SZ,20240313,5.23,5.3,5.15,5.22,5.24,-0.02,-0.3817,44704.6,23312.878
300659.SZ,20240313,17.53,18.37,17.5,18.02,17.58,0.44,2.5028,81617.1,147016.661
300660.SZ,20240313,27.89,28.35,27.6,27.99,28.01,-0.02,-0.0714,80255.07,224675.369
300661.SZ,20240313,73.42,74.92,72.19,72.29,73.4,-1.11,-1.5123,27056.32,198015.665
300662.SZ,20240313,22.74,25.8,22.74,25.03,21.5,3.53,16.4186,134323.23,331300.694
300663.SZ,20240313,11.89,12.38,11.88,12.06,11.77,0.29,2.4639,328690.05,399356.331
300664.SZ,20240313,4.71,4.73,4.65,4.7,4.7,0.0,0.0,65406.0,30706.234
300665.SZ,20240313,6.46,6.58,6.36,6.47,6.43,0.04,0.6221,65017.0,42023.443
300666.SZ,20240313,49.94,50.49,49.32,49.41,50.0,-0.59,-1.18,45687.0,227562.128
300667.SZ,20240313,14.0,14.14,13.8,14.13,13.94,0.19,1.363,47664.0,66727.726
300668.SZ,20240313,21.2,22.18,20.8,21.86,21.2,0.66,3.1132,17028.0,36423.449
300669.SZ,20240313,13.83,14.37,13.77,13.95,13.88,0.07,0.5043,25806.0,36341.851
300670.SZ,20240313,5.82,5.85,5.71,5.77,5.89,-0.12,-2.0374,148764.28,85771.833
300671.SZ,20240313,26.09,26.34,25.8,26.05,25.96,0.09,0.3467,43249.03,113025.269
300672.SZ,20240313,57.49,58.14,56.85,57.16,56.72,0.44,0.7757,67348.25,387028.024
300673.SZ,20240313,11.02,11.3,11.0,11.13,11.11,0.02,0.18,21644.5,24100.685
300674.SZ,20240313,13.98,14.34,13.94,14.11,13.91,0.2,1.4378,162500.4,229696.38
300675.SZ,20240313,11.4,11.45,11.1,11.27,11.4,-0.13,-1.1404,30205.0,33944.675
300676.SZ,20240313,43.9,43.91,43.12,43.52,43.98,-0.46,-1.0459,28585.14,124251.553
300677.SZ,20240313,20.57,20.97,20.57,20.73,20.66,0.07,0.3388,55206.08,114618.514
300678.SZ,20240313,35.79,36.67,35.6,35.98,35.4,0.58,1.6384,222903.53,805775.152
300679.SZ,20240313,38.4,39.82,38.05,39.1,38.31,0.79,2.0621,56730.87,222484.225
300680.SZ,20240313,16.1,16.25,15.91,16.09,16.1,-0.01,-0.0621,30619.8,49225.638
300681.SZ,20240313,14.95,15.29,14.87,15.1,15.0,0.1,0.6667,48816.06,73607.015
300682.SZ,20240313,13.11,13.39,13.09,13.19,13.11,0.08,0.6102,129514.3,171162.03
300683.SZ,20240313,26.73,26.99,26.3,26.5,26.73,-0.23,-0.8605,10944.48,29057.659
300684.SZ,20240313,17.93,18.35,17.52,17.64,17.78,-0.14,-0.7874,140681.01,252346.973
300685.SZ,20240313,22.9,23.68,22.63,23.44,22.8,0.64,2.807,45196.76,105769.474
300686.SZ,20240313,8.31,8.4,8.03,8.11,8.42,-0.31,-3.6817,201343.92,164002.484
300687.SZ,20240313,19.76,20.55,19.76,20.27,19.71,0.56,2.8412,127239.02,256069.174
300688.SZ,20240313,26.06,26.96,26.0,26.6,26.06,0.54,2.0721,94732.95,251183.701
300689.SZ,20240313,14.59,15.03,14.56,14.84,14.62,0.22,1.5048,17753.6,26218.353
300690.SZ,20240313,14.86,14.95,14.62,14.7,15.05,-0.35,-2.3256,58471.57,86333.4
300691.SZ,20240313,17.8,18.06,17.62,17.74,17.71,0.03,0.1694,48980.13,87472.246
300692.SZ,20240313,5.21,5.28,5.13,5.22,5.22,0.0,0.0,40548.9,21087.057
300693.SZ,20240313,32.47,32.87,32.2,32.48,32.63,-0.15,-0.4597,109729.51,356943.451
300694.SZ,20240313,10.05,10.19,9.9,10.09,10.18,-0.09,-0.8841,48913.0,49277.035
300695.SZ,20240313,42.99,43.8,42.71,43.45,43.3,0.15,0.3464,5204.0,22490.276
300696.SZ,20240313,14.27,14.69,13.89,14.33,14.27,0.06,0.4205,112803.08,161781.682
300697.SZ,20240313,10.45,10.62,10.35,10.46,10.64,-0.18,-1.6917,132242.72,138389.064
300698.SZ,20240313,31.9,32.75,31.57,32.17,31.97,0.2,0.6256,17716.0,57021.76
300699.SZ,20240313,29.86,30.3,29.3,29.38,30.01,-0.63,-2.0993,176280.96,522954.717
300700.SZ,20240313,13.32,13.42,13.11,13.24,13.43,-0.19,-1.4147,83585.62,110692.59
300701.SZ,20240313,8.14,8.99,8.09,8.49,8.16,0.33,4.0441,128570.6,109908.974
300702.SZ,20240313,17.39,17.62,17.15,17.47,17.27,0.2,1.1581,20571.03,35696.467
300703.SZ,20240313,8.52,8.68,8.45,8.57,8.5,0.07,0.8235,33787.53,28913.51
300705.SZ,20240313,35.94,37.99,35.94,37.28,36.69,0.59,1.6081,26335.1,98238.657
300706.SZ,20240313,20.23,20.59,20.2,20.35,20.25,0.1,0.4938,28024.63,57158.053
300707.SZ,20240313,14.32,15.18,14.22,14.93,14.33,0.6,4.187,114031.0,168195.766
300708.SZ,20240313,9.33,9.43,9.23,9.35,9.34,0.01,0.1071,170089.45,158809.766
300709.SZ,20240313,40.61,41.03,38.9,39.45,41.5,-2.05,-4.9398,374578.88,1492034.404
300710.SZ,20240313,18.18,18.39,17.72,17.95,18.01,-0.06,-0.3331,22118.59,39717.735
300711.SZ,20240313,12.59,12.77,12.52,12.62,12.57,0.05,0.3978,69506.18,87952.98
300712.SZ,20240313,24.3,26.38,24.12,25.75,24.56,1.19,4.8453,89454.64,228208.64
300713.SZ,20240313,14.58,15.0,14.31,14.54,14.77,-0.23,-1.5572,71277.45,103755.906
300715.SZ,20240313,9.27,9.29,9.05,9.14,9.27,-0.13,-1.4024,14009.62,12783.034
300716.SZ,20240313,9.68,10.4,9.62,10.29,9.75,0.54,5.5385,94833.66,96008.67
300717.SZ,20240313,12.48,12.55,12.25,12.48,12.47,0.01,0.0802,13906.2,17264.282
300718.SZ,20240313,16.56,17.39,16.48,17.17,16.52,0.65,3.9346,51566.5,88087.786
300719.SZ,20240313,11.82,12.17,11.46,11.8,12.01,-0.21,-1.7485,197544.35,231682.494
300720.SZ,20240313,15.92,16.31,15.71,16.09,15.98,0.11,0.6884,40801.73,65208.803
300721.SZ,20240313,10.35,11.88,10.28,11.34,10.39,0.95,9.1434,95351.16,105038.176
300722.SZ,20240313,23.1,24.08,22.74,23.61,23.21,0.4,1.7234,62679.94,146991.631
300723.SZ,20240313,24.56,25.11,24.2,24.95,24.64,0.31,1.2581,37786.08,93692.768
300724.SZ,20240313,69.16,69.95,68.4,69.14,69.86,-0.72,-1.0306,65773.85,454814.172
300725.SZ,20240313,30.99,33.78,30.64,32.68,31.2,1.48,4.7436,103003.51,331540.167
300726.SZ,20240313,25.96,26.1,25.6,25.82,25.84,-0.02,-0.0774,36426.97,94207.881
300727.SZ,20240313,25.4,28.4,24.88,27.5,25.98,1.52,5.8507,164282.49,437965.46
300729.SZ,20240313,18.44,19.56,18.43,18.99,18.52,0.47,2.5378,165406.78,313565.5
300730.SZ,20240313,11.79,13.57,11.77,12.02,11.49,0.53,4.6127,437705.6,552818.921
300731.SZ,20240313,19.91,19.99,19.2,19.26,19.61,-0.35,-1.7848,110704.8,216365.728
300732.SZ,20240313,7.28,7.37,7.17,7.3,7.3,0.0,0.0,37073.0,26925.574
300733.SZ,20240313,9.64,9.77,9.51,9.57,9.68,-0.11,-1.1364,35965.2,34612.6
300735.SZ,20240313,26.5,26.67,25.45,25.88,26.5,-0.62,-2.3396,730246.09,1906677.023
300736.SZ,20240313,14.66,14.81,13.8,14.25,14.6,-0.35,-2.3973,40866.4,58175.148
300737.SZ,20240313,5.24,5.25,5.09,5.11,5.23,-0.12,-2.2945,99412.99,51091.84
300738.SZ,20240313,10.3,10.49,9.92,10.12,10.2,-0.08,-0.7843,593698.17,602155.331
300739.SZ,20240313,14.54,14.87,14.25,14.25,14.7,-0.45,-3.0612,114358.46,165491.296
300740.SZ,20240313,17.0,17.51,16.92,17.25,17.16,0.09,0.5245,99994.69,172037.642
300741.SZ,20240313,19.14,19.2,18.8,19.02,19.14,-0.12,-0.627,11682.36,22181.037
300743.SZ,20240313,10.78,10.99,10.68,10.9,10.77,0.13,1.2071,27776.04,30091.794
300745.SZ,20240313,20.58,20.98,19.81,20.11,19.6,0.51,2.602,116250.65,236821.37
300746.SZ,20240313,7.31,7.33,7.08,7.2,7.24,-0.04,-0.5525,33870.15,24281.197
300747.SZ,20240313,21.65,21.88,21.42,21.69,21.78,-0.09,-0.4132,113056.24,244802.869
300748.SZ,20240313,16.74,16.75,16.34,16.54,16.76,-0.22,-1.3126,253931.23,419630.27
300749.SZ,20240313,6.56,6.63,6.39,6.51,6.56,-0.05,-0.7622,40620.0,26401.798
300750.SZ,20240313,187.0,187.69,183.3,185.18,185.84,-0.66,-0.3551,347957.98,6444102.062
300751.SZ,20240313,127.0,127.0,123.9,124.26,128.3,-4.04,-3.1489,26274.61,328810.065
300752.SZ,20240313,12.77,13.1,12.72,12.85,12.79,0.06,0.4691,35195.22,45307.632
300753.SZ,20240313,12.56,12.71,12.25,12.58,12.48,0.1,0.8013,66102.38,82674.047
300755.SZ,20240313,17.45,17.5,17.08,17.39,17.55,-0.16,-0.9117,31440.0,54434.873
300756.SZ,20240313,13.0,13.02,12.76,12.85,13.0,-0.15,-1.1538,23603.34,30425.786
300757.SZ,20240313,134.9,136.75,127.0,127.5,130.75,-3.25,-2.4857,151106.5,2000281.679
300758.SZ,20240313,8.16,8.35,8.14,8.24,8.22,0.02,0.2433,32664.43,26892.661
300759.SZ,20240313,23.3,23.4,22.88,23.17,23.42,-0.25,-1.0675,260621.54,602693.057
300760.SZ,20240313,303.0,304.0,297.6,298.8,305.42,-6.62,-2.1675,31190.14,933678.968
300761.SZ,20240313,20.29,20.7,20.13,20.36,20.33,0.03,0.1476,20684.46,42301.859
300762.SZ,20240313,13.69,14.8,13.35,14.38,13.5,0.88,6.5185,453999.85,638275.382
300763.SZ,20240313,69.26,71.26,68.46,69.74,69.57,0.17,0.2444,83528.24,583213.717
300765.SZ,20240313,35.81,37.67,35.51,37.27,36.19,1.08,2.9842,157498.41,584102.764
300766.SZ,20240313,14.57,14.79,14.2,14.38,14.57,-0.19,-1.304,239956.26,347498.969
300767.SZ,20240313,12.64,12.74,12.43,12.6,12.64,-0.04,-0.3165,53703.53,67557.39
300768.SZ,20240313,12.31,12.88,12.27,12.7,12.29,0.41,3.336,69473.12,87538.36
300769.SZ,20240313,44.86,46.56,43.99,45.17,45.31,-0.14,-0.309,136934.81,617282.598
300770.SZ,20240313,39.3,40.49,39.11,39.73,39.32,0.41,1.0427,41427.41,165201.689
300771.SZ,20240313,8.58,8.75,8.55,8.66,8.54,0.12,1.4052,42824.64,37117.262
300772.SZ,20240313,9.57,9.79,9.46,9.67,9.57,0.1,1.0449,94264.15,90767.503
300773.SZ,20240313,14.32,14.75,14.32,14.58,14.39,0.19,1.3204,154233.02,223926.382
300774.SZ,20240313,8.41,8.52,8.38,8.46,8.43,0.03,0.3559,22829.0,19294.739
300775.SZ,20240313,25.26,25.81,24.91,25.44,25.3,0.14,0.5534,89580.36,227282.012
300776.SZ,20240313,48.17,48.43,47.82,48.01,48.25,-0.24,-0.4974,22756.35,109370.559
300777.SZ,20240313,25.72,26.06,25.22,25.48,25.72,-0.24,-0.9331,88987.86,227482.759
300778.SZ,20240313,10.66,10.75,10.32,10.52,10.73,-0.21,-1.9571,57614.7,60417.332
300779.SZ,20240313,41.05,41.32,40.05,40.68,41.1,-0.42,-1.0219,17309.42,70230.711
300780.SZ,20240313,20.5,20.99,20.45,20.71,20.86,-0.15,-0.7191,132756.17,274482.439
300781.SZ,20240313,50.0,60.71,49.96,60.71,50.59,10.12,20.004,316591.03,1780930.636
300782.SZ,20240313,112.33,112.88,109.77,110.65,111.62,-0.97,-0.869,50503.06,561042.901
300783.SZ,20240313,20.73,21.24,20.7,20.82,20.88,-0.06,-0.2874,82215.08,172000.194
300785.SZ,20240313,19.9,20.76,19.66,20.76,19.83,0.93,4.6899,98971.24,200954.753
300786.SZ,20240313,12.97,13.13,12.73,13.04,12.97,0.07,0.5397,67890.86,87662.376
300787.SZ,20240313,13.6,14.15,13.53,13.81,13.45,0.36,2.6766,31974.9,44086.982
300788.SZ,20240313,31.6,32.5,31.1,31.85,31.37,0.48,1.5301,111466.63,355159.01
300789.SZ,20240313,18.92,19.05,18.6,18.94,18.91,0.03,0.1586,16792.08,31574.069
300790.SZ,20240313,12.12,12.24,11.97,12.09,11.99,0.1,0.834,45194.7,54744.324
300791.SZ,20240313,35.0,36.98,34.99,35.81,35.01,0.8,2.2851,14317.0,51679.952
300792.SZ,20240313,19.82,20.44,19.63,20.22,19.85,0.37,1.864,47880.52,95995.309
300793.SZ,20240313,15.47,15.85,15.36,15.67,15.47,0.2,1.2928,149999.91,234489.117
300795.SZ,20240313,40.04,41.0,38.5,39.82,39.99,-0.17,-0.4251,22246.0,87792.263
300796.SZ,20240313,15.34,15.45,14.82,14.95,15.4,-0.45,-2.9221,73838.0,110973.606
300797.SZ,20240313,10.95,11.17,10.8,10.99,10.97,0.02,0.1823,31376.5,34369.186
300798.SZ,20240313,8.7,8.72,8.3,8.37,8.51,-0.14,-1.6451,213935.81,180570.908
300800.SZ,20240313,10.11,10.4,10.06,10.28,10.15,0.13,1.2808,25683.4,26241.253
300801.SZ,20240313,14.01,14.01,13.78,13.88,14.07,-0.19,-1.3504,13358.91,18545.008
300802.SZ,20240313,17.29,17.57,16.98,17.31,17.19,0.12,0.6981,30231.11,52226.355
300803.SZ,20240313,49.41,49.53,48.25,48.74,49.38,-0.64,-1.2961,91936.48,448559.716
300804.SZ,20240313,23.95,24.09,23.66,23.93,23.96,-0.03,-0.1252,4475.14,10695.736
300805.SZ,20240313,7.72,8.02,7.72,7.9,7.75,0.15,1.9355,136334.0,107149.83
300806.SZ,20240313,10.05,10.18,9.85,10.04,9.93,0.11,1.1078,112948.53,113303.955
300807.SZ,20240313,24.14,26.12,24.1,24.36,24.12,0.24,0.995,49836.07,123121.32
300808.SZ,20240313,13.77,15.18,13.76,15.18,13.78,1.4,10.1597,121858.08,179224.993
300809.SZ,20240313,27.12,27.38,26.75,26.99,27.3,-0.31,-1.1355,49654.8,134390.598
300810.SZ,20240313,18.14,19.96,17.84,18.82,18.14,0.68,3.7486,97352.38,183689.205
300811.SZ,20240313,59.5,60.0,57.5,58.15,58.15,0.0,0.0,72389.34,426536.236
300812.SZ,20240313,30.0,30.3,29.36,29.41,29.7,-0.29,-0.9764,106893.2,318353.201
300813.SZ,20240313,17.48,17.7,17.02,17.47,17.9,-0.43,-2.4022,25580.33,44149.251
300814.SZ,20240313,32.61,33.25,32.41,32.62,32.74,-0.12,-0.3665,68349.72,224589.908
300815.SZ,20240313,13.13,13.13,12.89,12.95,13.05,-0.1,-0.7663,25902.07,33581.44
300816.SZ,20240313,18.9,19.46,18.62,19.22,18.89,0.33,1.747,16132.0,30721.224
300817.SZ,20240313,12.42,12.71,12.31,12.53,12.42,0.11,0.8857,32502.2,40708.477
300818.SZ,20240313,30.51,30.9,30.42,30.53,30.74,-0.21,-0.6831,6188.5,18951.0
300819.SZ,20240313,11.6,11.76,11.44,11.67,11.65,0.02,0.1717,24872.5,28811.414
300820.SZ,20240313,52.95,55.57,52.89,53.97,52.94,1.03,1.9456,47265.83,257298.743
300821.SZ,20240313,7.7,7.76,7.6,7.67,7.8,-0.13,-1.6667,79132.5,60628.129
300822.SZ,20240313,10.84,11.29,10.79,11.1,10.83,0.27,2.4931,50085.25,55407.395
300823.SZ,20240313,16.46,16.59,16.2,16.4,16.46,-0.06,-0.3645,23552.55,38618.832
300824.SZ,20240313,7.43,7.45,7.28,7.38,7.42,-0.04,-0.5391,17539.5,12894.454
300825.SZ,20240313,12.03,12.53,11.86,12.29,11.9,0.39,3.2773,162875.12,198918.904
300826.SZ,20240313,12.92,13.45,12.89,13.23,12.96,0.27,2.0833,85162.83,112263.798
300827.SZ,20240313,28.08,28.71,28.01,28.64,28.4,0.24,0.8451,114395.21,325330.074
300828.SZ,20240313,12.43,12.77,12.3,12.55,12.48,0.07,0.5609,59720.92,74912.96
300829.SZ,20240313,15.53,15.83,15.34,15.73,15.58,0.15,0.9628,14652.8,22923.058
300830.SZ,20240313,6.57,6.77,6.51,6.63,6.56,0.07,1.0671,113271.04,75193.493
300831.SZ,20240313,10.26,10.46,10.21,10.39,10.2,0.19,1.8627,36759.0,38146.706
300832.SZ,20240313,80.88,81.48,80.15,81.22,80.89,0.33,0.408,13464.9,108962.586
300833.SZ,20240313,101.46,103.91,100.94,102.09,101.46,0.63,0.6209,2727.0,27966.807
300834.SZ,20240313,18.08,18.25,17.9,18.14,18.04,0.1,0.5543,6722.72,12157.879
300835.SZ,20240313,25.41,25.46,25.03,25.13,25.42,-0.29,-1.1408,24246.53,61068.077
300836.SZ,20240313,25.01,25.11,24.18,24.72,25.49,-0.77,-3.0208,45952.5,113042.337
300837.SZ,20240313,25.07,25.39,24.5,24.89,25.34,-0.45,-1.7758,11928.65,29618.097
300838.SZ,20240313,12.71,12.86,12.62,12.79,12.71,0.08,0.6294,22144.22,28239.231
300839.SZ,20240313,8.99,8.99,8.82,8.87,8.98,-0.11,-1.2249,24889.72,22072.327
300840.SZ,20240313,16.26,16.75,16.01,16.3,16.13,0.17,1.0539,76457.0,125708.863
300841.SZ,20240313,65.96,66.37,65.03,65.43,66.06,-0.63,-0.9537,9993.87,65395.895
300842.SZ,20240313,82.7,82.78,81.15,81.65,82.53,-0.88,-1.0663,32024.57,261737.975
300843.SZ,20240313,16.76,17.13,16.66,16.88,16.71,0.17,1.0174,17242.0,29060.145
300844.SZ,20240313,25.34,25.93,24.64,25.51,25.4,0.11,0.4331,27866.93,70558.069
300845.SZ,20240313,14.16,14.99,14.16,14.47,13.92,0.55,3.9511,66818.2,97117.361
300846.SZ,20240313,13.1,13.25,12.9,13.05,12.97,0.08,0.6168,256112.0,335244.005
300847.SZ,20240313,15.81,16.1,15.59,16.07,15.95,0.12,0.7524,96524.0,153309.85
300848.SZ,20240313,15.79,15.89,15.53,15.67,15.76,-0.09,-0.5711,19851.5,31083.386
300849.SZ,20240313,12.79,12.93,12.69,12.88,12.76,0.12,0.9404,23790.0,30427.467
300850.SZ,20240313,25.96,26.2,25.67,25.84,26.03,-0.19,-0.7299,58804.91,152264.384
300851.SZ,20240313,24.88,25.05,24.66,24.84,24.96,-0.12,-0.4808,12065.0,29950.563
300852.SZ,20240313,31.76,32.0,31.51,31.59,31.62,-0.03,-0.0949,10462.0,33268.512
300853.SZ,20240313,20.8,21.18,20.67,20.89,20.99,-0.1,-0.4764,25617.85,53648.604
300854.SZ,20240313,12.06,12.16,11.75,12.11,12.02,0.09,0.7488,29637.0,35540.273
300855.SZ,20240313,24.83,25.55,24.31,25.22,24.88,0.34,1.3666,38161.2,95272.573
300856.SZ,20240313,76.43,78.38,76.1,77.69,76.49,1.2,1.5688,13037.7,100409.949
300857.SZ,20240313,58.73,62.38,57.55,60.91,57.55,3.36,5.8384,162803.55,981406.468
300858.SZ,20240313,16.95,17.02,16.73,16.92,16.95,-0.03,-0.177,9850.6,16614.23
300859.SZ,20240313,26.18,26.7,25.92,26.15,26.38,-0.23,-0.8719,38720.0,101608.438
300860.SZ,20240313,39.6,40.79,39.25,40.14,39.65,0.49,1.2358,41447.53,165826.672
300861.SZ,20240313,28.9,29.2,28.7,29.07,28.9,0.17,0.5882,64142.13,185728.933
300862.SZ,20240313,33.29,34.58,32.45,33.97,33.55,0.42,1.2519,48806.47,163961.475
300863.SZ,20240313,39.81,40.51,39.67,40.03,40.03,0.0,0.0,13084.31,52499.158
300864.SZ,20240313,18.77,19.04,18.58,19.03,18.74,0.29,1.5475,10789.11,20324.063
300865.SZ,20240313,14.62,14.88,14.42,14.73,14.61,0.12,0.8214,13602.0,19902.066
300866.SZ,20240313,84.0,84.08,82.08,82.6,84.06,-1.46,-1.7369,18784.54,155749.272
300867.SZ,20240313,12.14,12.19,11.99,12.08,12.14,-0.06,-0.4942,19125.64,23112.437
300868.SZ,20240313,15.26,15.82,15.08,15.43,15.22,0.21,1.3798,44528.32,68769.412
300869.SZ,20240313,17.97,17.98,17.69,17.83,17.9,-0.07,-0.3911,23058.85,41087.753
300870.SZ,20240313,47.7,48.2,46.65,47.12,47.29,-0.17,-0.3595,47784.57,227405.005
300871.SZ,20240313,10.57,10.96,10.28,10.67,10.48,0.19,1.813,35535.31,37511.017
300872.SZ,20240313,12.48,12.95,12.42,12.53,12.34,0.19,1.5397,101376.68,128258.7
300873.SZ,20240313,18.66,18.9,18.41,18.74,18.74,0.0,0.0,26730.9,49910.907
300875.SZ,20240313,29.01,29.28,27.99,28.45,29.56,-1.11,-3.7551,79288.5,226541.954
300876.SZ,20240313,17.93,18.45,17.5,18.05,18.08,-0.03,-0.1659,12059.6,21657.33
300877.SZ,20240313,13.46,13.51,13.22,13.35,13.48,-0.13,-0.9644,14292.3,19123.01
300878.SZ,20240313,19.94,19.95,19.45,19.6,20.29,-0.69,-3.4007,52153.81,102711.813
300879.SZ,20240313,11.93,11.98,11.68,11.9,11.96,-0.06,-0.5017,17123.49,20299.851
300880.SZ,20240313,16.72,17.13,16.66,16.78,16.87,-0.09,-0.5335,39632.47,66659.51
300881.SZ,20240313,20.11,20.36,19.97,20.28,20.28,0.0,0.0,18680.2,37628.607
300882.SZ,20240313,22.3,22.3,21.78,21.88,22.21,-0.33,-1.4858,47742.41,104739.366
300883.SZ,20240313,5.2,5.24,5.09,5.17,5.19,-0.02,-0.3854,63661.0,32803.227
300884.SZ,20240313,10.68,10.87,10.62,10.77,10.64,0.13,1.2218,92192.3,99070.699
300885.SZ,20240313,7.73,7.9,7.62,7.69,7.66,0.03,0.3916,58000.78,44864.155
300886.SZ,20240313,17.14,17.31,16.81,17.06,17.1,-0.04,-0.2339,6864.7,11721.888
300887.SZ,20240313,9.07,9.23,8.88,9.1,9.03,0.07,0.7752,82664.65,74843.909
300888.SZ,20240313,36.6,37.47,36.3,36.61,36.61,0.0,0.0,33076.8,121989.821
300889.SZ,20240313,11.54,11.71,11.31,11.55,11.5,0.05,0.4348,26611.37,30656.716
300890.SZ,20240313,28.0,29.2,27.61,28.37,28.72,-0.35,-1.2187,81264.98,228399.895
300891.SZ,20240313,7.59,7.68,7.49,7.59,7.6,-0.01,-0.1316,26527.56,20125.288
300892.SZ,20240313,16.93,17.2,16.58,16.72,17.3,-0.58,-3.3526,27700.0,46410.274
300893.SZ,20240313,30.12,31.11,29.91,31.01,30.25,0.76,2.5124,22752.91,69877.01
300894.SZ,20240313,13.83,13.93,13.67,13.85,13.87,-0.02,-0.1442,31993.0,44156.845
300895.SZ,20240313,32.84,33.58,32.55,33.29,32.88,0.41,1.247,100203.82,332041.471
300896.SZ,20240313,348.7,351.97,344.0,345.37,348.9,-3.53,-1.0118,29686.0,1031182.045
300897.SZ,20240313,27.53,27.75,27.06,27.51,27.41,0.1,0.3648,5824.68,15958.604
300898.SZ,20240313,19.99,20.29,19.79,20.09,20.38,-0.29,-1.423,48581.11,97188.875
300899.SZ,20240313,22.1,22.67,21.8,22.4,22.29,0.11,0.4935,56363.16,125199.987
300900.SZ,20240313,22.67,26.28,22.58,24.77,21.9,2.87,13.105,183381.58,449315.142
300901.SZ,20240313,8.09,8.16,7.87,7.97,8.05,-0.08,-0.9938,48292.0,38573.08
300902.SZ,20240313,29.9,30.29,29.7,29.9,29.92,-0.02,-0.0668,8144.3,24375.839
300903.SZ,20240313,7.7,7.84,7.6,7.75,7.7,0.05,0.6494,167062.38,129094.369
300904.SZ,20240313,59.05,59.57,56.58,58.46,61.09,-2.63,-4.3051,43515.09,254213.88
300905.SZ,20240313,14.0,14.26,13.76,14.02,13.98,0.04,0.2861,31818.37,44465.418
300906.SZ,20240313,20.39,20.39,19.81,19.94,20.43,-0.49,-2.3984,15822.14,31646.86
300907.SZ,20240313,16.51,16.72,16.29,16.5,16.53,-0.03,-0.1815,19562.38,32229.463
300908.SZ,20240313,39.59,39.97,39.35,39.51,39.84,-0.33,-0.8283,5379.37,21272.797
300909.SZ,20240313,22.75,25.52,22.59,23.8,22.63,1.17,5.1701,94105.05,223066.636
300910.SZ,20240313,40.3,41.48,40.2,40.49,40.6,-0.11,-0.2709,21065.8,85546.21
300911.SZ,20240313,29.97,31.18,29.65,30.78,30.0,0.78,2.6,41103.56,125381.543
300912.SZ,20240313,13.28,13.47,12.99,13.26,13.3,-0.04,-0.3008,33149.0,43792.544
300913.SZ,20240313,29.86,30.0,29.18,29.33,29.46,-0.13,-0.4413,65723.5,194299.013
300915.SZ,20240313,27.3,27.37,26.73,26.84,27.29,-0.45,-1.649,5741.5,15474.038
300916.SZ,20240313,18.28,18.79,18.27,18.59,18.34,0.25,1.3631,26210.86,48478.143
300917.SZ,20240313,24.65,24.89,24.16,24.5,25.49,-0.99,-3.8839,106502.77,260555.423
300918.SZ,20240313,9.69,9.78,9.57,9.68,9.71,-0.03,-0.309,18730.0,18079.535
300919.SZ,20240313,53.26,56.1,53.0,55.0,53.5,1.5,2.8037,81793.35,447715.391
300920.SZ,20240313,14.68,14.85,14.21,14.49,14.61,-0.12,-0.8214,11735.26,17009.366
300921.SZ,20240313,20.2,21.24,20.05,21.22,20.18,1.04,5.1536,82805.82,172466.493
300922.SZ,20240313,12.7,13.16,12.53,12.83,12.71,0.12,0.9441,57321.96,73662.18
300923.SZ,20240313,18.82,19.03,18.2,18.44,19.01,-0.57,-2.9984,23654.38,43601.142
300925.SZ,20240313,10.39,10.51,10.22,10.37,10.36,0.01,0.0965,192549.32,199601.764
300926.SZ,20240313,27.91,28.5,27.84,28.19,27.85,0.34,1.2208,48079.49,136139.13
300927.SZ,20240313,11.93,12.11,11.78,11.9,11.95,-0.05,-0.4184,16135.2,19225.396
300928.SZ,20240313,35.4,37.68,35.0,37.3,35.4,1.9,5.3672,42752.0,155378.386
300929.SZ,20240313,8.96,9.13,8.71,8.95,8.96,-0.01,-0.1116,28180.89,25072.893
300930.SZ,20240313,17.27,17.98,17.05,17.68,17.22,0.46,2.6713,20936.88,36714.344
300931.SZ,20240313,6.02,6.08,5.93,6.05,6.02,0.03,0.4983,42572.0,25619.528
300932.SZ,20240313,11.48,12.48,11.48,12.31,11.57,0.74,6.3959,63904.21,77112.784
300933.SZ,20240313,8.29,8.54,8.03,8.42,8.35,0.07,0.8383,170923.98,142044.102
300935.SZ,20240313,20.0,20.58,19.86,19.94,19.84,0.1,0.504,23723.72,47868.598
300936.SZ,20240313,37.0,37.36,36.3,36.58,36.88,-0.3,-0.8134,26016.58,95960.079
300937.SZ,20240313,25.0,25.0,24.33,24.61,24.88,-0.27,-1.0852,21823.29,53717.876
300938.SZ,20240313,32.2,34.24,32.01,32.98,32.2,0.78,2.4224,26928.85,89409.695
300939.SZ,20240313,30.0,30.3,29.37,29.53,29.67,-0.14,-0.4719,30637.64,91311.661
300940.SZ,20240313,15.62,16.4,15.49,16.28,15.62,0.66,4.2254,52777.66,84325.381
300941.SZ,20240313,20.08,20.97,19.97,20.41,20.11,0.3,1.4918,113949.57,232639.282
300942.SZ,20240313,8.06,8.11,7.9,8.05,8.07,-0.02,-0.2478,31600.91,25386.675
300943.SZ,20240313,11.01,11.12,10.92,11.01,10.99,0.02,0.182,26686.25,29445.211
300945.SZ,20240313,9.76,9.81,9.54,9.75,9.81,-0.06,-0.6116,124179.45,120144.932
300946.SZ,20240313,26.7,26.7,26.11,26.48,26.65,-0.17,-0.6379,11526.8,30423.858
300947.SZ,20240313,11.47,11.58,11.05,11.33,11.48,-0.15,-1.3066,35306.35,39726.841
300948.SZ,20240313,10.65,10.78,10.46,10.74,10.66,0.08,0.7505,34717.08,36890.915
300949.SZ,20240313,42.15,49.94,41.46,45.68,42.1,3.58,8.5036,65791.78,295712.128
300950.SZ,20240313,13.21,13.36,13.16,13.27,13.25,0.02,0.1509,30183.11,40042.932
300951.SZ,20240313,44.9,46.39,43.99,45.32,44.74,0.58,1.2964,28949.82,130921.4
300952.SZ,20240313,17.18,17.43,17.12,17.31,17.35,-0.04,-0.2305,11645.74,20113.032
300953.SZ,20240313,52.77,55.2,51.03,54.78,52.79,1.99,3.7697,28043.0,149531.959
300955.SZ,20240313,15.22,15.41,15.0,15.26,15.33,-0.07,-0.4566,12365.04,18824.925
300956.SZ,20240313,12.97,13.17,12.75,12.92,13.05,-0.13,-0.9962,76905.64,99246.884
300957.SZ,20240313,69.0,71.45,68.5,69.66,69.35,0.31,0.447,57324.68,403172.094
300958.SZ,20240313,13.81,14.04,13.61,13.89,13.77,0.12,0.8715,35530.43,49103.107
300959.SZ,20240313,27.88,28.38,27.67,28.08,27.87,0.21,0.7535,12800.47,35914.021
300960.SZ,20240313,18.0,18.15,17.45,17.58,18.45,-0.87,-4.7154,49922.05,88110.266
300961.SZ,20240313,8.69,8.69,8.43,8.55,8.72,-0.17,-1.9495,54385.52,46317.293
300962.SZ,20240313,13.15,13.19,12.91,13.1,13.17,-0.07,-0.5315,25394.0,33118.552
300963.SZ,20240313,9.74,10.18,9.74,10.01,9.81,0.2,2.0387,59216.2,59179.831
300964.SZ,20240313,36.35,37.29,36.35,36.7,36.65,0.05,0.1364,37652.95,138994.73
300965.SZ,20240313,35.98,38.65,35.7,37.26,35.97,1.29,3.5863,24795.93,91963.928
300966.SZ,20240313,17.77,17.86,17.49,17.75,17.86,-0.11,-0.6159,27538.07,48603.701
300967.SZ,20240313,9.81,9.94,9.66,9.71,9.81,-0.1,-1.0194,36415.71,35482.25
300968.SZ,20240313,9.83,9.99,9.76,9.83,9.82,0.01,0.1018,154089.54,151830.896
300969.SZ,20240313,84.87,87.0,83.8,85.55,85.3,0.25,0.2931,12126.35,103863.799
300970.SZ,20240313,13.38,13.65,12.91,13.48,13.3,0.18,1.3534,51840.39,68889.621
300971.SZ,20240313,19.6,20.87,19.55,20.82,19.81,1.01,5.0984,71946.68,146643.498
300972.SZ,20240313,32.09,32.35,31.57,31.74,32.03,-0.29,-0.9054,8409.0,26814.092
300973.SZ,20240313,36.8,38.98,36.8,37.29,36.61,0.68,1.8574,33648.14,126479.834
300975.SZ,20240313,10.3,11.99,9.72,10.91,10.48,0.43,4.1031,1268635.65,1363226.26
300976.SZ,20240313,38.77,39.35,38.26,38.81,38.42,0.39,1.0151,7749.05,30126.69
300977.SZ,20240313,14.86,14.9,14.49,14.67,14.69,-0.02,-0.1361,16078.25,23569.007
300978.SZ,20240313,11.19,11.43,11.14,11.32,11.2,0.12,1.0714,67721.97,76464.076
300979.SZ,20240313,57.93,59.25,56.0,56.1,58.2,-2.1,-3.6082,24444.62,140489.938
300980.SZ,20240313,18.3,18.49,17.91,18.01,18.11,-0.1,-0.5522,13356.0,24176.094
300981.SZ,20240313,11.7,11.75,11.55,11.7,11.69,0.01,0.0855,26828.61,31279.945
300982.SZ,20240313,23.47,23.55,22.64,22.78,23.5,-0.72,-3.0638,69037.45,158885.128
300983.SZ,20240313,24.27,24.39,23.94,24.03,24.27,-0.24,-0.9889,4417.02,10658.312
300984.SZ,20240313,22.43,23.8,22.3,23.3,22.93,0.37,1.6136,38176.4,88156.143
300985.SZ,20240313,29.94,30.29,29.71,29.98,30.2,-0.22,-0.7285,18596.24,55820.052
300986.SZ,20240313,8.95,9.1,8.62,8.81,8.91,-0.1,-1.1223,57094.08,50294.255
300987.SZ,20240313,15.17,15.85,15.15,15.46,15.2,0.26,1.7105,78466.57,121332.444
300988.SZ,20240313,16.7,16.88,16.22,16.61,16.83,-0.22,-1.3072,57495.31,95386.0
300989.SZ,20240313,15.85,15.9,15.43,15.6,15.97,-0.37,-2.3168,39980.74,62457.307
300990.SZ,20240313,41.5,42.13,40.1,40.2,41.2,-1.0,-2.4272,40746.08,167554.821
300991.SZ,20240313,13.56,13.8,13.33,13.41,13.7,-0.29,-2.1168,72904.3,98392.992
300992.SZ,20240313,16.94,16.97,16.5,16.59,16.45,0.14,0.8511,17495.17,29210.095
300993.SZ,20240313,10.14,10.58,10.07,10.5,10.15,0.35,3.4483,48084.29,49785.88
300994.SZ,20240313,10.43,10.74,10.29,10.55,10.43,0.12,1.1505,29302.44,30783.741
300995.SZ,20240313,16.08,17.0,15.4,16.16,16.2,-0.04,-0.2469,65613.45,105390.726
300996.SZ,20240313,16.42,16.98,16.41,16.85,16.33,0.52,3.1843,73300.41,122848.484
300997.SZ,20240313,14.62,14.84,14.5,14.6,14.75,-0.15,-1.0169,32553.1,47627.472
300998.SZ,20240313,20.2,20.68,20.08,20.54,20.2,0.34,1.6832,20665.43,42138.13
300999.SZ,20240313,32.5,32.56,32.01,32.22,32.6,-0.38,-1.1656,67434.01,217175.751
301000.SZ,20240313,18.59,18.65,18.2,18.33,18.7,-0.37,-1.9786,31073.43,57092.646
301001.SZ,20240313,20.15,20.3,19.79,20.06,19.87,0.19,0.9562,15661.0,31434.632
301002.SZ,20240313,14.78,14.95,14.55,14.85,14.76,0.09,0.6098,15358.65,22698.273
301003.SZ,20240313,22.03,22.29,21.71,22.11,22.21,-0.1,-0.4502,9225.98,20249.674
301004.SZ,20240313,67.22,69.1,67.03,67.42,67.58,-0.16,-0.2368,14384.41,97852.822
301005.SZ,20240313,33.55,34.98,32.82,34.9,33.81,1.09,3.2239,25935.11,88170.142
301006.SZ,20240313,13.7,14.0,13.54,13.85,13.78,0.07,0.508,18385.0,25331.699
301007.SZ,20240313,14.03,15.55,13.89,15.41,14.22,1.19,8.3685,314855.97,465549.741
301008.SZ,20240313,23.04,23.36,22.78,22.96,22.99,-0.03,-0.1305,10077.4,23213.532
301009.SZ,20240313,8.56,8.67,8.53,8.63,8.58,0.05,0.5828,24850.02,21379.234
301010.SZ,20240313,13.3,13.47,13.07,13.34,13.29,0.05,0.3762,18105.0,24027.266
301011.SZ,20240313,16.7,17.0,16.43,16.87,16.73,0.14,0.8368,38865.78,65069.577
301012.SZ,20240313,18.26,21.52,18.12,19.6,18.47,1.13,6.118,90896.58,176700.977
301013.SZ,20240313,11.75,12.61,11.64,12.6,11.82,0.78,6.599,255902.38,311339.36
301015.SZ,20240313,34.96,36.6,34.96,36.3,34.96,1.34,3.833,33178.0,119368.683
301016.SZ,20240313,17.69,17.98,17.1,17.26,18.15,-0.89,-4.9036,65005.34,113375.911
301017.SZ,20240313,14.45,14.66,14.21,14.46,14.47,-0.01,-0.0691,44586.53,64188.299
301018.SZ,20240313,28.0,28.28,27.56,27.7,27.72,-0.02,-0.0722,61844.26,172388.408
301019.SZ,20240313,18.62,18.68,18.3,18.37,18.67,-0.3,-1.6069,8636.0,15917.099
301020.SZ,20240313,18.99,19.57,18.55,19.41,18.85,0.56,2.9708,57671.35,110881.199
301021.SZ,20240313,18.42,18.74,18.25,18.55,18.37,0.18,0.9799,30026.11,55596.002
301022.SZ,20240313,21.5,22.48,21.42,22.08,21.96,0.12,0.5464,33101.8,73087.841
301023.SZ,20240313,33.35,33.45,32.11,32.58,34.07,-1.49,-4.3733,23361.89,76260.348
301024.SZ,20240313,21.48,21.57,20.88,21.36,21.58,-0.22,-1.0195,14809.49,31472.497
301025.SZ,20240313,8.82,9.3,8.8,9.07,8.82,0.25,2.8345,134765.27,122527.389
301026.SZ,20240313,23.9,24.25,23.6,23.86,23.93,-0.07,-0.2925,9818.22,23386.036
301027.SZ,20240313,8.88,8.95,8.62,8.79,8.83,-0.04,-0.453,35073.26,30699.539
301028.SZ,20240313,8.67,8.9,8.67,8.8,8.76,0.04,0.4566,43204.98,37969.268
301029.SZ,20240313,28.5,29.15,28.13,28.61,28.83,-0.22,-0.7631,129811.18,369772.277
301030.SZ,20240313,59.15,60.49,57.67,58.13,59.25,-1.12,-1.8903,47406.85,278152.987
301031.SZ,20240313,106.75,107.31,102.42,103.01,106.76,-3.75,-3.5126,10687.53,110954.069
301032.SZ,20240313,7.54,7.69,7.47,7.63,7.53,0.1,1.328,46778.0,35534.643
301033.SZ,20240313,33.16,33.9,33.0,33.65,33.15,0.5,1.5083,4371.0,14621.014
301035.SZ,20240313,68.4,68.72,67.28,67.6,68.39,-0.79,-1.1551,4771.0,32304.722
301036.SZ,20240313,17.57,17.69,17.18,17.51,17.61,-0.1,-0.5679,34746.29,60472.941
301037.SZ,20240313,13.59,13.69,13.21,13.46,13.59,-0.13,-0.9566,14727.25,19761.34
301038.SZ,20240313,15.09,15.09,14.66,14.81,15.08,-0.27,-1.7905,37337.8,55350.422
301039.SZ,20240313,9.81,10.15,9.8,9.84,9.91,-0.07,-0.7064,389368.59,387062.0
301040.SZ,20240313,13.4,13.66,13.2,13.39,13.46,-0.07,-0.5201,24975.2,33415.926
301041.SZ,20240313,22.59,24.15,22.19,23.07,22.18,0.89,4.0126,96942.08,223170.266
301042.SZ,20240313,32.5,33.35,32.13,32.93,32.28,0.65,2.0136,30050.88,98409.131
301043.SZ,20240313,25.82,25.82,25.32,25.68,25.79,-0.11,-0.4265,9722.0,24871.705
301045.SZ,20240313,19.32,20.07,19.21,19.48,19.29,0.19,0.985,18096.09,35485.92
301046.SZ,20240313,22.72,23.07,22.65,23.0,22.86,0.14,0.6124,21876.0,49992.998
301047.SZ,20240313,74.48,74.48,73.24,74.0,73.95,0.05,0.0676,3800.9,28071.775
301048.SZ,20240313,9.41,9.46,9.26,9.34,9.48,-0.14,-1.4768,85883.82,80217.539
301049.SZ,20240313,15.35,16.12,15.01,15.84,16.22,-0.38,-2.3428,59000.33,91179.436
301050.SZ,20240313,50.89,52.25,50.64,51.22,51.09,0.13,0.2545,40494.88,208401.924
301051.SZ,20240313,47.35,47.88,47.12,47.38,47.35,0.03,0.0634,9031.0,42927.7
301052.SZ,20240313,40.31,45.5,40.15,42.96,40.05,2.91,7.2659,161081.1,689719.464
301053.SZ,20240313,20.4,20.6,20.04,20.39,20.31,0.08,0.3939,7395.0,15040.256
301055.SZ,20240313,10.87,10.93,10.66,10.71,10.85,-0.14,-1.2903,12859.66,13864.364
301056.SZ,20240313,8.18,8.25,8.06,8.14,8.14,0.0,0.0,26216.72,21372.694
301057.SZ,20240313,12.2,12.33,11.96,12.23,12.2,0.03,0.2459,16085.41,19563.187
301058.SZ,20240313,9.87,9.88,9.62,9.73,9.84,-0.11,-1.1179,108199.17,105109.226
301059.SZ,20240313,9.16,9.25,9.01,9.07,9.2,-0.13,-1.413,16995.57,15489.038
301060.SZ,20240313,10.43,10.53,10.3,10.5,10.43,0.07,0.6711,34917.0,36420.208
301061.SZ,20240313,60.99,61.96,57.57,58.09,61.07,-2.98,-4.8796,13236.4,77664.237
301062.SZ,20240313,8.75,8.83,8.59,8.65,8.7,-0.05,-0.5747,43899.2,38172.535
301063.SZ,20240313,16.7,17.23,16.46,16.83,16.88,-0.05,-0.2962,50022.99,84120.407
301065.SZ,20240313,17.02,17.03,16.32,16.66,16.97,-0.31,-1.8268,22666.5,37561.014
301066.SZ,20240313,10.12,10.26,9.99,10.26,10.1,0.16,1.5842,26047.18,26410.053
301067.SZ,20240313,25.2,26.53,25.04,26.08,25.29,0.79,3.1238,35094.6,90325.499
301068.SZ,20240313,25.28,25.66,24.41,24.69,25.06,-0.37,-1.4765,4791.97,11852.809
301069.SZ,20240313,16.0,16.0,15.58,15.68,15.85,-0.17,-1.0726,31849.33,49990.643
301070.SZ,20240313,31.1,31.96,30.84,31.9,31.22,0.68,2.1781,10946.01,34436.018
301071.SZ,20240313,31.26,34.08,31.0,33.98,31.25,2.73,8.736,125816.76,409434.081
301072.SZ,20240313,22.06,25.45,21.68,24.0,22.8,1.2,5.2632,92079.19,218653.022
301073.SZ,20240313,21.0,22.38,20.96,22.06,21.34,0.72,3.3739,61036.46,133284.68
301075.SZ,20240313,21.0,21.26,20.0,20.45,21.05,-0.6,-2.8504,46626.0,96254.366
301076.SZ,20240313,27.6,28.72,27.5,27.74,27.84,-0.1,-0.3592,106503.56,299230.106
301077.SZ,20240313,15.73,15.85,15.36,15.67,15.72,-0.05,-0.3181,11118.74,17345.622
301078.SZ,20240313,7.23,7.23,7.1,7.18,7.22,-0.04,-0.554,124001.73,88874.845
301079.SZ,20240313,12.08,12.25,11.81,12.08,12.05,0.03,0.249,24665.93,29899.998
301080.SZ,20240313,45.17,46.21,44.9,45.63,45.4,0.23,0.5066,16285.0,74074.191
301081.SZ,20240313,8.05,8.14,7.85,8.0,8.04,-0.04,-0.4975,20655.88,16464.811
301082.SZ,20240313,12.91,13.25,12.86,13.14,12.96,0.18,1.3889,35161.14,45910.33
301083.SZ,20240313,15.76,17.68,15.22,15.33,15.1,0.23,1.5232,179150.78,287242.754
301085.SZ,20240313,53.4,53.79,52.25,52.74,52.77,-0.03,-0.0569,37870.63,201191.419
301086.SZ,20240313,36.27,36.96,36.13,36.44,36.44,0.0,0.0,11622.0,42556.471
301087.SZ,20240313,33.16,33.57,32.88,33.31,33.17,0.14,0.4221,10627.74,35291.467
301088.SZ,20240313,12.23,12.38,12.11,12.32,12.2,0.12,0.9836,12511.0,15330.845
301089.SZ,20240313,44.0,44.29,43.25,43.86,44.26,-0.4,-0.9038,39277.39,171619.737
301090.SZ,20240313,9.69,9.76,9.53,9.74,9.73,0.01,0.1028,30323.85,29299.633
301091.SZ,20240313,25.6,26.47,25.05,25.63,26.48,-0.85,-3.21,191640.84,489903.197
301092.SZ,20240313,21.47,21.73,21.33,21.61,21.66,-0.05,-0.2308,8886.1,19110.253
301093.SZ,20240313,27.3,27.3,26.61,26.93,27.06,-0.13,-0.4804,5703.0,15330.969
301095.SZ,20240313,62.81,63.56,62.18,62.67,62.53,0.14,0.2239,24409.25,153631.088
301096.SZ,20240313,69.89,72.27,69.28,70.51,69.72,0.79,1.1331,17916.78,126517.057
301097.SZ,20240313,41.0,42.0,40.67,41.6,41.44,0.16,0.3861,4067.54,16758.457
301098.SZ,20240313,8.46,8.55,8.26,8.45,8.45,0.0,0.0,22564.0,18955.994
301099.SZ,20240313,39.65,39.7,38.63,39.1,39.36,-0.26,-0.6606,28710.63,112377.224
301100.SZ,20240313,15.22,15.32,14.99,15.31,15.17,0.14,0.9229,10001.53,15175.274
301101.SZ,20240313,30.48,30.7,30.1,30.4,30.54,-0.14,-0.4584,9780.79,29692.608
301102.SZ,20240313,15.28,15.77,15.26,15.54,15.24,0.3,1.9685,37677.5,58331.282
301103.SZ,20240313,25.84,26.19,25.51,25.83,25.69,0.14,0.545,10360.53,26749.195
301105.SZ,20240313,27.29,27.6,26.86,27.0,27.3,-0.3,-1.0989,5010.67,13558.074
301106.SZ,20240313,35.79,36.5,35.63,36.2,35.95,0.25,0.6954,7955.74,28646.752
301107.SZ,20240313,26.08,26.24,25.55,25.82,26.1,-0.28,-1.0728,15656.8,40385.693
301108.SZ,20240313,29.36,29.36,28.91,29.03,29.21,-0.18,-0.6162,4764.3,13860.871
301109.SZ,20240313,14.79,14.8,14.57,14.7,14.75,-0.05,-0.339,11865.0,17415.041
301110.SZ,20240313,35.29,36.3,35.09,35.78,35.28,0.5,1.4172,7314.24,26123.914
301111.SZ,20240313,18.35,18.7,18.01,18.5,18.7,-0.2,-1.0695,113519.57,207987.185
301112.SZ,20240313,25.08,26.65,24.78,26.18,25.06,1.12,4.4693,32332.18,82425.993
301113.SZ,20240313,23.1,23.1,22.22,22.6,22.72,-0.12,-0.5282,5410.28,12223.25
301115.SZ,20240313,16.31,16.43,16.21,16.35,16.37,-0.02,-0.1222,6180.78,10080.742
301116.SZ,20240313,10.02,10.02,9.77,9.87,10.07,-0.2,-1.9861,31594.0,31131.217
301117.SZ,20240313,37.34,38.84,36.82,37.88,37.2,0.68,1.828,57792.38,218344.597
301118.SZ,20240313,16.3,16.4,16.03,16.2,16.32,-0.12,-0.7353,13099.15,21185.256
301119.SZ,20240313,21.06,21.52,20.7,21.23,21.03,0.2,0.951,30689.75,64814.376
301120.SZ,20240313,11.16,11.23,10.84,10.93,11.41,-0.48,-4.2068,162235.11,178969.087
301121.SZ,20240313,30.74,30.75,30.0,30.32,30.74,-0.42,-1.3663,19002.21,57724.177
301122.SZ,20240313,29.27,29.9,28.6,29.36,29.36,0.0,0.0,11822.9,34544.947
301123.SZ,20240313,16.98,17.19,16.82,16.95,16.86,0.09,0.5338,28126.0,47816.942
301125.SZ,20240313,15.77,16.09,15.56,15.98,16.14,-0.16,-0.9913,66309.68,104809.327
301126.SZ,20240313,9.42,9.49,9.15,9.29,9.42,-0.13,-1.38,34759.44,32221.438
301127.SZ,20240313,9.15,9.17,9.01,9.08,9.13,-0.05,-0.5476,25053.04,22767.298
301128.SZ,20240313,48.28,50.9,47.08,47.38,48.26,-0.88,-1.8235,65300.24,319492.443
301129.SZ,20240313,19.1,19.2,18.73,18.99,18.87,0.12,0.6359,18314.32,34734.2
301130.SZ,20240313,22.93,23.0,22.41,22.75,22.89,-0.14,-0.6116,9909.87,22503.034
301131.SZ,20240313,37.93,38.8,36.81,37.45,38.0,-0.55,-1.4474,28533.57,106916.038
301132.SZ,20240313,23.5,23.75,23.27,23.38,23.57,-0.19,-0.8061,38804.57,91364.317
301133.SZ,20240313,23.55,23.63,23.15,23.3,23.5,-0.2,-0.8511,18269.0,42742.732
301135.SZ,20240313,20.39,20.4,19.93,20.22,20.18,0.04,0.1982,17412.91,35146.379
301136.SZ,20240313,9.75,9.81,9.55,9.73,9.77,-0.04,-0.4094,50380.17,48774.907
301137.SZ,20240313,15.12,15.3,15.01,15.14,15.13,0.01,0.0661,27821.12,42130.435
301138.SZ,20240313,29.17,29.48,28.56,29.29,29.53,-0.24,-0.8127,43682.84,127148.255
301139.SZ,20240313,28.38,28.85,28.22,28.5,28.39,0.11,0.3875,54677.86,156047.934
301141.SZ,20240313,51.24,52.2,50.8,51.4,51.23,0.17,0.3318,39839.15,204679.399
301148.SZ,20240313,16.68,16.8,16.37,16.71,16.66,0.05,0.3001,14058.0,23312.618
301149.SZ,20240313,10.51,10.78,10.49,10.67,10.58,0.09,0.8507,48680.06,51722.273
301150.SZ,20240313,32.08,32.25,31.19,31.4,32.79,-1.39,-4.2391,34222.63,108022.504
301151.SZ,20240313,15.97,16.05,15.7,15.91,15.92,-0.01,-0.0628,19360.0,30762.624
301152.SZ,20240313,27.97,28.55,27.89,28.38,28.15,0.23,0.8171,37228.38,105070.365
301153.SZ,20240313,68.85,70.68,67.19,69.2,69.08,0.12,0.1737,27497.73,189815.765
301155.SZ,20240313,52.69,56.55,52.1,55.03,53.17,1.86,3.4982,60019.4,328373.556
301156.SZ,20240313,14.61,14.75,14.33,14.65,14.72,-0.07,-0.4755,15130.53,21942.165
301157.SZ,20240313,34.99,37.32,34.99,36.68,35.0,1.68,4.8,26875.57,97524.382
301158.SZ,20240313,13.38,13.5,13.09,13.29,13.32,-0.03,-0.2252,25233.61,33396.642
301159.SZ,20240313,36.8,37.6,36.11,37.15,36.43,0.72,1.9764,29180.0,107828.233
301160.SZ,20240313,35.95,37.0,35.73,36.2,35.92,0.28,0.7795,14973.92,54593.175
301161.SZ,20240313,16.16,16.3,15.88,16.1,16.04,0.06,0.3741,11372.3,18318.076
301162.SZ,20240313,50.8,51.38,49.41,49.96,51.09,-1.13,-2.2118,43768.24,219616.65
301163.SZ,20240313,22.27,22.29,21.66,21.88,22.05,-0.17,-0.771,33032.07,72324.73
301165.SZ,20240313,39.18,40.55,38.27,39.78,38.71,1.07,2.7641,102889.37,406679.981
301166.SZ,20240313,31.0,31.14,30.5,30.84,31.15,-0.31,-0.9952,9780.0,30133.417
301167.SZ,20240313,12.53,12.6,12.28,12.43,12.52,-0.09,-0.7188,23323.0,28903.827
301168.SZ,20240313,45.2,46.74,45.2,45.88,45.68,0.2,0.4378,32156.38,147876.141
301169.SZ,20240313,42.56,44.48,42.0,43.9,42.65,1.25,2.9308,53979.78,234844.463
301170.SZ,20240313,24.88,25.04,24.61,24.76,24.89,-0.13,-0.5223,14397.78,35710.121
301171.SZ,20240313,19.44,20.3,19.31,20.06,19.28,0.78,4.0456,381236.51,756126.213
301172.SZ,20240313,35.66,36.41,35.66,36.04,35.66,0.38,1.0656,39774.22,143534.159
301175.SZ,20240313,4.81,4.82,4.75,4.79,4.82,-0.03,-0.6224,103861.24,49686.947
301176.SZ,20240313,12.0,12.24,11.8,12.04,12.06,-0.02,-0.1658,18564.0,22294.636
301177.SZ,20240313,25.29,25.46,25.05,25.36,25.29,0.07,0.2768,7696.55,19441.202
301178.SZ,20240313,23.13,23.64,22.98,23.25,23.12,0.13,0.5623,20630.67,48065.0
301179.SZ,20240313,23.91,24.14,23.7,23.86,23.94,-0.08,-0.3342,15703.31,37584.983
301180.SZ,20240313,14.32,14.77,14.2,14.44,14.29,0.15,1.0497,34101.0,49284.687
301181.SZ,20240313,23.0,23.0,22.38,22.53,22.49,0.04,0.1779,17444.9,39458.566
301182.SZ,20240313,16.4,16.65,16.17,16.48,16.4,0.08,0.4878,12357.0,20338.736
301183.SZ,20240313,46.98,49.2,44.5,45.73,44.83,0.9,2.0076,166209.13,781015.147
301185.SZ,20240313,18.32,19.66,18.29,18.86,18.31,0.55,3.0038,110979.07,210074.423
301186.SZ,20240313,34.9,35.18,34.2,34.39,34.9,-0.51,-1.4613,14980.94,51864.357
301187.SZ,20240313,17.54,17.72,17.29,17.61,17.53,0.08,0.4564,28126.8,49172.088
301188.SZ,20240313,18.25,19.0,17.83,18.1,18.15,-0.05,-0.2755,37080.85,68267.958
301189.SZ,20240313,22.08,22.98,21.83,22.31,21.88,0.43,1.9653,21889.65,49057.731
301190.SZ,20240313,15.49,15.83,15.43,15.61,15.48,0.13,0.8398,9097.72,14185.505
301191.SZ,20240313,94.6,97.62,92.2,94.11,93.6,0.51,0.5449,30742.81,292719.699
301192.SZ,20240313,16.67,17.4,16.45,17.05,16.67,0.38,2.2795,26561.45,45155.099
301193.SZ,20240313,17.52,18.25,17.44,17.9,17.44,0.46,2.6376,15242.78,27196.276
301195.SZ,20240313,44.0,44.49,43.16,43.26,44.22,-0.96,-2.171,13232.54,57717.76
301196.SZ,20240313,29.69,29.94,29.43,29.7,29.68,0.02,0.0674,3919.0,11637.078
301197.SZ,20240313,13.75,13.94,13.56,13.81,13.74,0.07,0.5095,18141.29,24925.808
301198.SZ,20240313,8.93,9.05,8.77,9.0,8.96,0.04,0.4464,31585.44,28198.99
301199.SZ,20240313,22.7,22.86,22.4,22.64,22.7,-0.06,-0.2643,31695.22,71919.264
301200.SZ,20240313,34.83,35.06,34.54,34.67,34.86,-0.19,-0.545,7661.43,26618.976
301201.SZ,20240313,21.2,21.3,20.9,21.23,21.45,-0.22,-1.0256,38958.21,82148.634
301202.SZ,20240313,36.0,38.64,34.1,34.33,33.34,0.99,2.9694,169906.99,615337.163
301203.SZ,20240313,31.76,31.86,31.23,31.7,31.72,-0.02,-0.0631,7604.42,23969.82
301205.SZ,20240313,112.12,112.12,104.99,105.51,108.85,-3.34,-3.0684,74202.49,796572.916
301206.SZ,20240313,24.67,24.68,24.31,24.36,24.66,-0.3,-1.2165,4862.15,11871.5
301207.SZ,20240313,25.0,25.06,24.6,24.82,25.11,-0.29,-1.1549,20564.5,51034.48
301208.SZ,20240313,36.77,37.73,36.28,36.53,36.63,-0.1,-0.273,38700.38,142886.698
301209.SZ,20240313,18.03,18.58,17.71,18.24,17.97,0.27,1.5025,11429.74,20758.077
301210.SZ,20240313,35.98,36.3,35.16,35.77,36.42,-0.65,-1.7847,13493.99,47995.609
301211.SZ,20240313,18.57,18.73,18.21,18.61,18.86,-0.25,-1.3256,60050.61,110900.975
301212.SZ,20240313,20.23,20.3,19.86,20.13,20.2,-0.07,-0.3465,7377.79,14810.818
301213.SZ,20240313,35.49,35.53,34.35,34.61,35.08,-0.47,-1.3398,24572.31,85599.831
301215.SZ,20240313,5.58,5.64,5.5,5.53,5.54,-0.01,-0.1805,182253.95,101167.405
301216.SZ,20240313,13.2,13.27,13.05,13.15,13.14,0.01,0.0761,53613.74,70460.245
301217.SZ,20240313,10.15,10.43,10.12,10.31,10.2,0.11,1.0784,43514.59,44709.071
301218.SZ,20240313,28.15,29.79,27.98,28.57,28.04,0.53,1.8902,101296.24,291937.242
301219.SZ,20240313,35.46,36.12,35.11,35.78,35.3,0.48,1.3598,24324.64,86650.723
301220.SZ,20240313,28.42,28.99,28.22,28.61,28.53,0.08,0.2804,6604.44,18936.933
301221.SZ,20240313,45.2,46.28,44.2,44.7,44.3,0.4,0.9029,56541.27,255910.39
301222.SZ,20240313,22.6,22.77,22.31,22.7,22.71,-0.01,-0.044,10348.46,23346.422
301223.SZ,20240313,15.89,15.97,15.77,15.87,15.84,0.03,0.1894,7815.0,12397.746
301225.SZ,20240313,30.05,30.45,29.82,29.88,30.08,-0.2,-0.6649,16381.86,49290.972
301226.SZ,20240313,17.41,18.2,17.21,18.04,17.57,0.47,2.675,46577.65,82249.81
301227.SZ,20240313,27.23,27.88,26.92,27.6,27.31,0.29,1.0619,12565.39,34471.048
301228.SZ,20240313,11.35,11.57,11.05,11.25,11.3,-0.05,-0.4425,33188.39,37359.359
301229.SZ,20240313,28.65,28.99,28.28,28.83,28.48,0.35,1.2289,18945.21,54384.278
301230.SZ,20240313,29.93,36.42,29.42,36.42,30.35,6.07,20.0,105543.1,355096.349
301231.SZ,20240313,22.27,23.65,21.91,22.08,21.54,0.54,2.507,117754.74,268451.607
301232.SZ,20240313,41.01,41.49,40.83,40.99,41.15,-0.16,-0.3888,5432.46,22371.481
301233.SZ,20240313,36.2,38.46,36.12,37.38,39.15,-1.77,-4.5211,42116.36,155956.25
301234.SZ,20240313,25.68,25.87,25.01,25.6,25.78,-0.18,-0.6982,15643.0,39866.172
301235.SZ,20240313,19.97,20.06,19.59,19.95,20.0,-0.05,-0.25,10767.0,21345.951
301236.SZ,20240313,54.87,54.87,52.37,52.49,53.82,-1.33,-2.4712,793065.93,4246163.377
301237.SZ,20240313,21.28,21.57,20.94,21.36,21.25,0.11,0.5176,7885.0,16746.355
301238.SZ,20240313,16.15,16.33,15.96,16.06,16.1,-0.04,-0.2484,59402.93,95661.763
301239.SZ,20240313,64.27,66.1,63.61,64.8,64.25,0.55,0.856,21327.44,138479.078
301246.SZ,20240313,21.88,21.96,21.62,21.9,21.98,-0.08,-0.364,8907.09,19408.683
301248.SZ,20240313,14.65,14.7,14.16,14.32,14.52,-0.2,-1.3774,69802.2,100402.899
301251.SZ,20240313,32.0,32.36,31.6,31.92,31.8,0.12,0.3774,36683.16,117455.435
301252.SZ,20240313,39.9,41.58,39.5,40.24,39.36,0.88,2.2358,31600.71,127955.939
301255.SZ,20240313,37.28,37.51,36.55,37.06,37.0,0.06,0.1622,26235.6,97447.375
301256.SZ,20240313,6.96,7.03,6.91,6.99,6.97,0.02,0.2869,28026.45,19504.764
301257.SZ,20240313,50.68,51.99,50.1,51.59,50.68,0.91,1.7956,12207.06,62470.107
301258.SZ,20240313,26.38,26.49,26.0,26.29,26.44,-0.15,-0.5673,9691.68,25428.898
301259.SZ,20240313,21.83,22.2,21.57,21.94,21.88,0.06,0.2742,29051.42,63487.158
301260.SZ,20240313,13.01,13.08,12.82,12.94,13.0,-0.06,-0.4615,34570.86,44801.245
301261.SZ,20240313,48.32,50.15,48.0,48.82,47.85,0.97,2.0272,28420.95,139880.661
301262.SZ,20240313,28.51,30.17,28.51,29.83,28.65,1.18,4.1187,108103.76,319089.53
301263.SZ,20240313,14.9,15.03,14.75,14.94,14.86,0.08,0.5384,28072.14,41855.509
301265.SZ,20240313,9.83,9.92,9.76,9.81,9.9,-0.09,-0.9091,22244.14,21808.778
301266.SZ,20240313,44.42,45.25,44.38,44.96,45.1,-0.14,-0.3104,40096.16,179592.067
301267.SZ,20240313,29.1,29.39,28.6,28.85,29.23,-0.38,-1.3,43337.66,125090.868
301268.SZ,20240313,24.51,25.04,24.47,24.77,24.73,0.04,0.1617,21956.25,54487.179
301269.SZ,20240313,90.11,91.35,89.3,89.96,89.5,0.46,0.514,21329.44,192974.61
301270.SZ,20240313,31.64,33.65,31.64,32.57,31.59,0.98,3.1022,64083.37,208933.687
301272.SZ,20240313,43.52,43.83,43.02,43.3,43.53,-0.23,-0.5284,5947.19,25814.136
301273.SZ,20240313,18.73,19.05,18.26,18.87,18.7,0.17,0.9091,12590.77,23529.619
301276.SZ,20240313,20.35,20.55,20.22,20.38,20.5,-0.12,-0.5854,5805.99,11824.628
301277.SZ,20240313,17.33,17.34,16.99,17.24,17.36,-0.12,-0.6912,25851.09,44327.693
301278.SZ,20240313,45.75,46.28,45.6,45.85,46.2,-0.35,-0.7576,13012.78,59643.593
301279.SZ,20240313,18.0,18.05,17.6,17.88,17.95,-0.07,-0.39,14801.25,26401.982
301280.SZ,20240313,39.36,39.77,38.65,38.75,40.19,-1.44,-3.583,50551.38,197898.875
301281.SZ,20240313,30.03,31.29,29.86,31.05,30.6,0.45,1.4706,43772.7,133762.762
301282.SZ,20240313,18.48,18.7,18.34,18.51,18.49,0.02,0.1082,32444.53,60114.579
301283.SZ,20240313,30.0,34.0,30.0,31.14,28.55,2.59,9.0718,25726.07,82479.929
301285.SZ,20240313,23.03,26.66,23.03,26.66,23.26,3.4,14.6174,103364.42,259070.168
301286.SZ,20240313,30.78,30.78,30.05,30.16,30.62,-0.46,-1.5023,5572.0,16863.298
301287.SZ,20240313,29.57,29.66,29.31,29.45,29.62,-0.17,-0.5739,8376.69,24687.767
301288.SZ,20240313,14.02,14.68,13.93,14.39,13.99,0.4,2.8592,24171.7,34413.239
301289.SZ,20240313,46.2,47.96,45.81,46.5,46.27,0.23,0.4971,27762.2,130045.162
301290.SZ,20240313,22.52,22.66,22.16,22.49,22.5,-0.01,-0.0444,11806.0,26468.768
301291.SZ,20240313,33.9,34.51,33.5,34.2,33.99,0.21,0.6178,49727.67,169471.311
301292.SZ,20240313,18.7,20.2,18.18,19.72,20.22,-0.5,-2.4728,205124.5,389913.863
301293.SZ,20240313,70.3,72.94,69.55,71.7,70.7,1.0,1.4144,61776.34,443235.675
301295.SZ,20240313,27.16,27.23,26.36,26.53,27.7,-1.17,-4.2238,25748.56,68507.272
301296.SZ,20240313,8.9,8.94,8.71,8.81,8.89,-0.08,-0.8999,20574.19,18081.278
301297.SZ,20240313,22.19,22.6,22.08,22.31,22.13,0.18,0.8134,110266.3,246390.086
301298.SZ,20240313,14.12,14.38,13.91,14.15,14.13,0.02,0.1415,23149.15,32708.62
301299.SZ,20240313,46.15,48.0,46.0,47.18,46.31,0.87,1.8786,22021.53,104114.641
301300.SZ,20240313,23.52,23.59,22.65,23.18,22.95,0.23,1.0022,9533.31,22075.495
301301.SZ,20240313,9.48,9.56,9.4,9.43,9.45,-0.02,-0.2116,94195.13,89133.482
301302.SZ,20240313,20.86,21.5,20.55,21.24,20.93,0.31,1.4811,109379.65,230785.781
301303.SZ,20240313,17.09,17.32,16.99,17.18,17.09,0.09,0.5266,18255.04,31387.241
301305.SZ,20240313,15.47,15.67,15.38,15.52,15.45,0.07,0.4531,12952.51,20096.479
301306.SZ,20240313,34.47,36.0,33.5,34.64,34.82,-0.18,-0.5169,59576.51,206058.386
301307.SZ,20240313,26.8,27.12,26.56,26.69,27.14,-0.45,-1.6581,48495.56,129894.017
301308.SZ,20240313,88.99,89.99,87.57,88.0,87.39,0.61,0.698,70737.59,627089.196
301309.SZ,20240313,24.51,24.67,24.16,24.18,24.4,-0.22,-0.9016,2431.11,5912.304
301310.SZ,20240313,39.95,40.47,39.5,39.92,39.95,-0.03,-0.0751,16356.17,65439.647
301311.SZ,20240313,22.19,22.28,21.66,22.05,22.11,-0.06,-0.2714,57708.63,126648.788
301312.SZ,20240313,69.8,72.15,69.18,71.56,69.86,1.7,2.4334,27635.28,195765.984
301313.SZ,20240313,27.8,29.37,27.57,28.9,27.61,1.29,4.6722,118208.68,337784.753
301314.SZ,20240313,38.22,38.45,36.6,37.11,38.62,-1.51,-3.9099,19531.21,72618.27
301315.SZ,20240313,62.01,62.46,60.52,61.12,62.34,-1.22,-1.957,35394.97,217966.927
301316.SZ,20240313,20.0,20.26,19.67,20.03,19.84,0.19,0.9577,120662.1,240984.919
301317.SZ,20240313,17.73,18.36,17.68,18.31,17.73,0.58,3.2713,11716.99,21231.289
301318.SZ,20240313,52.15,56.39,52.12,54.84,52.7,2.14,4.0607,109105.72,589292.508
301319.SZ,20240313,49.77,50.18,49.08,49.41,50.15,-0.74,-1.4756,5737.75,28433.388
301320.SZ,20240313,16.72,17.16,16.53,16.91,16.26,0.65,3.9975,86276.53,144903.141
301321.SZ,20240313,14.1,14.4,14.08,14.29,14.17,0.12,0.8469,46039.37,65607.485
301322.SZ,20240313,35.01,35.55,34.91,35.1,35.09,0.01,0.0285,13762.77,48533.544
301323.SZ,20240313,30.67,31.09,30.5,30.86,30.65,0.21,0.6852,12211.81,37584.234
301325.SZ,20240313,70.82,71.0,69.25,69.95,71.34,-1.39,-1.9484,14202.91,99477.293
301326.SZ,20240313,28.99,29.2,28.29,28.64,28.69,-0.05,-0.1743,14039.83,40347.146
301327.SZ,20240313,59.18,60.5,58.88,59.0,59.83,-0.83,-1.3873,8469.67,50315.679
301328.SZ,20240313,40.0,40.6,39.7,40.28,40.25,0.03,0.0745,18466.44,74213.243
301329.SZ,20240313,18.4,18.8,18.23,18.54,18.69,-0.15,-0.8026,58056.71,107169.984
301330.SZ,20240313,28.62,30.19,28.62,29.5,28.56,0.94,3.2913,87574.94,258872.844
301331.SZ,20240313,36.21,36.26,35.63,36.08,36.9,-0.82,-2.2222,11192.9,40184.083
301332.SZ,20240313,10.86,10.95,10.77,10.87,10.88,-0.01,-0.0919,39693.94,43110.188
301333.SZ,20240313,50.5,50.97,49.26,50.65,50.74,-0.09,-0.1774,10913.08,54745.88
301335.SZ,20240313,17.5,17.72,17.39,17.61,17.48,0.13,0.7437,6408.48,11260.998
301336.SZ,20240313,33.37,33.55,32.43,33.16,32.97,0.19,0.5763,4718.0,15585.333
301337.SZ,20240313,41.38,44.2,41.17,43.22,41.69,1.53,3.6699,101928.88,441056.956
301338.SZ,20240313,30.86,31.6,30.7,31.3,30.85,0.45,1.4587,30220.05,94131.13
301339.SZ,20240313,16.78,17.18,16.61,16.91,16.69,0.22,1.3182,45772.0,77261.18
301345.SZ,20240313,56.55,56.59,54.74,54.93,56.69,-1.76,-3.1046,5812.66,32250.5
301348.SZ,20240313,36.58,36.73,35.93,36.0,36.25,-0.25,-0.6897,48813.46,177026.082
301349.SZ,20240313,34.2,35.4,33.53,33.9,34.89,-0.99,-2.8375,43955.43,149912.09
301353.SZ,20240313,26.11,26.24,25.52,25.75,26.03,-0.28,-1.0757,8924.78,23060.798
301355.SZ,20240313,12.84,12.84,12.54,12.57,12.81,-0.24,-1.8735,16492.86,20855.708
301356.SZ,20240313,16.17,16.83,16.12,16.22,16.22,0.0,0.0,22919.1,37686.641
301357.SZ,20240313,38.21,39.29,37.95,38.8,38.65,0.15,0.3881,19923.62,77056.347
301358.SZ,20240313,29.09,29.57,28.78,29.02,29.5,-0.48,-1.6271,95306.89,277828.206
301359.SZ,20240313,18.92,19.19,18.56,18.8,18.89,-0.09,-0.4764,18804.09,35456.092
301360.SZ,20240313,57.34,57.34,56.2,56.75,56.78,-0.03,-0.0528,13620.69,77350.429
301361.SZ,20240313,19.6,19.72,19.22,19.61,19.75,-0.14,-0.7089,31975.96,62228.586
301362.SZ,20240313,35.02,35.5,34.93,35.15,35.18,-0.03,-0.0853,7577.0,26679.27
301363.SZ,20240313,28.4,28.56,27.78,28.06,28.34,-0.28,-0.988,17634.0,49352.963
301365.SZ,20240313,11.61,11.86,11.31,11.85,11.59,0.26,2.2433,22599.51,26146.799
301366.SZ,20240313,27.11,27.38,26.63,26.95,26.96,-0.01,-0.0371,28907.84,78051.457
301367.SZ,20240313,100.3,100.69,98.35,99.6,100.3,-0.7,-0.6979,3807.06,37901.312
301368.SZ,20240313,45.82,48.15,45.45,47.24,46.65,0.59,1.2647,90711.48,426165.891
301369.SZ,20240313,46.49,46.79,45.6,45.85,46.12,-0.27,-0.5854,17359.79,80121.551
301370.SZ,20240313,14.0,14.33,13.8,13.82,13.95,-0.13,-0.9319,54246.9,75897.63
301371.SZ,20240313,33.31,33.65,32.61,32.76,33.2,-0.44,-1.3253,29887.98,98800.989
301372.SZ,20240313,35.48,35.48,34.23,34.52,34.92,-0.4,-1.1455,15775.53,54523.767
301373.SZ,20240313,25.48,25.69,25.17,25.32,25.59,-0.27,-1.0551,6366.0,16144.912
301376.SZ,20240313,23.41,24.56,23.29,24.33,23.57,0.76,3.2244,34964.59,84353.081
301377.SZ,20240313,18.63,18.9,18.62,18.67,18.76,-0.09,-0.4797,27596.23,51734.038
301378.SZ,20240313,40.59,40.59,37.18,37.49,37.99,-0.5,-1.3161,30632.72,119886.036
301379.SZ,20240313,22.8,23.19,22.64,23.05,22.86,0.19,0.8311,23839.92,54741.839
301380.SZ,20240313,37.77,39.53,37.77,39.0,38.05,0.95,2.4967,26379.61,102475.051
301381.SZ,20240313,26.96,27.03,26.18,26.75,26.94,-0.19,-0.7053,33569.33,89322.059
301382.SZ,20240313,31.51,32.44,31.38,31.9,31.66,0.24,0.7581,31748.0,101634.751
301383.SZ,20240313,43.05,43.5,42.55,42.72,43.21,-0.49,-1.134,20907.92,89863.142
301386.SZ,20240313,21.21,21.41,21.08,21.24,21.39,-0.15,-0.7013,18776.6,39877.056
301387.SZ,20240313,53.99,55.67,53.11,54.82,54.5,0.32,0.5872,21341.88,115908.041
301388.SZ,20240313,18.49,18.92,18.25,18.6,18.75,-0.15,-0.8,25157.22,46629.288
301389.SZ,20240313,14.27,14.59,14.27,14.46,14.38,0.08,0.5563,53082.25,76539.904
301390.SZ,20240313,38.8,39.07,36.7,36.7,39.64,-2.94,-7.4168,39608.97,149254.428
301391.SZ,20240313,115.64,123.24,115.01,120.0,115.69,4.31,3.7255,12721.8,152498.245
301393.SZ,20240313,49.72,50.99,49.19,50.62,50.19,0.43,0.8567,25483.12,127430.637
301395.SZ,20240313,15.3,15.44,15.15,15.33,15.42,-0.09,-0.5837,9530.27,14585.25
301396.SZ,20240313,22.11,22.6,22.0,22.52,22.15,0.37,1.6704,30916.32,69113.107
301397.SZ,20240313,35.88,36.63,35.51,35.83,35.83,0.0,0.0,14059.84,50715.178
301398.SZ,20240313,53.83,59.8,52.01,55.3,55.87,-0.57,-1.0202,104627.8,579850.471
301399.SZ,20240313,37.66,38.93,37.0,37.33,37.63,-0.3,-0.7972,31857.54,121117.599
301408.SZ,20240313,12.71,12.71,12.44,12.58,12.71,-0.13,-1.0228,26792.25,33638.465
301413.SZ,20240313,67.29,68.88,65.66,67.2,68.96,-1.76,-2.5522,27170.0,181966.774
301418.SZ,20240313,42.0,42.0,41.01,41.41,41.77,-0.36,-0.8619,14901.59,61734.906
301419.SZ,20240313,30.78,32.5,30.78,32.2,30.87,1.33,4.3084,44134.56,140926.521
301421.SZ,20240313,49.49,51.1,49.1,50.08,49.41,0.67,1.356,46520.34,232470.517
301428.SZ,20240313,29.95,31.22,29.95,30.87,30.16,0.71,2.3541,35618.08,108896.725
301429.SZ,20240313,14.85,14.88,14.52,14.65,14.88,-0.23,-1.5457,18214.35,26702.832
301439.SZ,20240313,13.38,13.38,13.16,13.16,13.35,-0.19,-1.4232,27953.75,36991.657
301446.SZ,20240313,24.33,24.33,23.88,24.06,24.38,-0.32,-1.3126,11905.89,28671.607
301448.SZ,20240313,27.19,28.88,27.15,28.0,27.19,0.81,2.979,42322.24,118732.505
301456.SZ,20240313,28.25,28.28,27.58,27.7,28.5,-0.8,-2.807,28890.26,80628.482
301459.SZ,20240313,40.13,41.8,40.01,41.34,39.99,1.35,3.3758,25058.15,102760.809
301468.SZ,20240313,24.78,24.88,24.54,24.67,24.85,-0.18,-0.7243,7388.44,18252.759
301469.SZ,20240313,27.62,28.19,27.32,27.82,27.26,0.56,2.0543,37826.19,104924.925
301486.SZ,20240313,36.93,37.2,36.53,37.0,36.42,0.58,1.5925,29780.79,109784.536
301487.SZ,20240313,35.91,36.23,34.9,35.19,36.21,-1.02,-2.8169,91128.64,321585.812
301488.SZ,20240313,53.79,61.39,53.66,56.93,53.66,3.27,6.0939,66110.38,384255.776
301489.SZ,20240313,77.0,77.43,72.06,74.01,76.4,-2.39,-3.1283,39184.96,290050.496
301498.SZ,20240313,42.89,43.09,42.06,42.99,42.96,0.03,0.0698,10685.83,45659.616
301499.SZ,20240313,24.4,24.82,24.08,24.37,24.49,-0.12,-0.49,35093.68,85915.877
301500.SZ,20240313,18.25,18.33,17.91,18.01,18.17,-0.16,-0.8806,28792.28,52168.421
301502.SZ,20240313,46.95,48.2,46.09,46.38,46.12,0.26,0.5637,35575.25,167040.719
301503.SZ,20240313,28.1,29.41,28.1,29.41,28.23,1.18,4.18,37634.35,108262.519
301505.SZ,20240313,27.69,27.77,26.95,27.21,28.08,-0.87,-3.0983,35561.61,96825.409
301507.SZ,20240313,13.5,13.58,13.31,13.45,13.51,-0.06,-0.4441,40078.64,53799.763
301508.SZ,20240313,38.0,38.11,36.63,37.52,38.26,-0.74,-1.9341,72026.03,268912.442
301509.SZ,20240313,65.6,67.52,64.65,67.17,66.09,1.08,1.6341,46139.88,305051.595
301510.SZ,20240313,32.83,33.22,32.31,32.7,32.92,-0.22,-0.6683,30274.05,99037.616
301511.SZ,20240313,21.35,21.47,21.14,21.23,21.5,-0.27,-1.2558,57260.18,121747.328
301512.SZ,20240313,53.5,54.8,53.2,54.09,53.55,0.54,1.0084,16381.76,88514.104
301515.SZ,20240313,22.22,22.46,21.67,21.91,22.27,-0.36,-1.6165,16504.42,36120.89
301516.SZ,20240313,23.77,24.19,23.51,23.88,24.02,-0.14,-0.5828,100649.1,239881.456
301517.SZ,20240313,51.02,51.99,50.34,50.74,51.39,-0.65,-1.2648,32919.04,168342.954
301518.SZ,20240313,17.74,17.86,17.52,17.63,17.82,-0.19,-1.0662,20716.88,36549.5
301519.SZ,20240313,16.09,16.2,15.81,16.0,16.05,-0.05,-0.3115,19814.11,31706.118
301520.SZ,20240313,54.3,56.5,54.3,56.02,55.3,0.72,1.302,11064.74,61437.954
301525.SZ,20240313,70.05,70.48,69.23,69.78,69.55,0.23,0.3307,11235.32,78558.438
301526.SZ,20240313,4.88,4.91,4.78,4.8,4.88,-0.08,-1.6393,471302.97,227665.418
301528.SZ,20240313,56.3,56.46,55.07,55.35,55.96,-0.61,-1.0901,8239.31,45873.94
301529.SZ,20240313,34.52,34.53,32.5,32.82,33.3,-0.48,-1.4414,21055.77,69921.811
301533.SZ,20240313,30.78,30.78,29.6,29.81,30.4,-0.59,-1.9408,41502.13,124420.867
301548.SZ,20240313,50.5,51.06,49.53,49.89,50.9,-1.01,-1.9843,8437.04,42257.011
301550.SZ,20240313,34.25,34.43,33.49,33.85,34.25,-0.4,-1.1679,29157.0,98712.007
301555.SZ,20240313,34.0,34.0,32.61,32.75,33.3,-0.55,-1.6517,30002.18,99068.798
301558.SZ,20240313,11.75,11.86,11.52,11.75,11.82,-0.07,-0.5922,101706.83,118955.562
301559.SZ,20240313,16.83,16.9,16.68,16.81,16.87,-0.06,-0.3557,17214.09,28918.326
301566.SZ,20240313,19.24,19.75,19.1,19.29,19.21,0.08,0.4164,62651.99,121822.246
301567.SZ,20240313,58.21,62.6,58.21,60.11,57.81,2.3,3.9786,83940.04,506883.846
301568.SZ,20240313,40.61,41.93,40.16,41.9,40.56,1.34,3.3037,49070.91,201056.777
301577.SZ,20240313,59.62,62.18,58.9,60.01,60.8,-0.79,-1.2993,33851.86,205146.543
301578.SZ,20240313,58.44,59.57,57.11,58.69,60.44,-1.75,-2.8954,37280.64,216922.593
301588.SZ,20240313,38.0,40.1,36.37,37.39,14.5,22.89,157.8621,175342.72,660811.852
301589.SZ,20240313,457.0,482.0,455.0,472.37,458.0,14.37,3.1376,6309.84,296142.793
301591.SZ,20240313,54.5,54.7,52.9,53.06,54.99,-1.93,-3.5097,46515.02,249982.442
302132.SZ,20240313,42.42,43.7,42.13,43.0,42.56,0.44,1.0338,90527.73,388959.346
