ts_code,trade_date,open,high,low,close,pre_close,change,pct_chg,vol,amount
300001.SZ,20241029,23.1,23.18,22.42,22.44,22.96,-0.52,-2.2648,229803.44,522213.076
300002.SZ,20241029,13.75,13.84,12.93,13.01,13.65,-0.64,-4.6886,1535611.8,2019287.163
300003.SZ,20241029,12.48,12.65,12.1,12.12,12.44,-0.32,-2.5723,362959.57,446944.594
300004.SZ,20241029,7.75,8.32,7.4,7.43,7.8,-0.37,-4.7436,683352.6,540593.125
300005.SZ,20241029,8.98,9.16,8.4,8.89,9.0,-0.11,-1.2222,778467.42,677549.015
300006.SZ,20241029,4.36,4.45,4.07,4.08,4.2,-0.12,-2.8571,470970.15,199272.216
300007.SZ,20241029,16.97,17.29,16.71,16.96,16.96,0.0,0.0,243311.87,414540.284
300008.SZ,20241029,5.76,6.0,5.5,5.51,5.85,-0.34,-5.812,2293424.2,1303987.853
300009.SZ,20241029,9.99,10.16,9.35,9.39,9.48,-0.09,-0.9494,629046.04,610275.951
300010.SZ,20241029,7.99,7.99,7.99,7.99,6.66,1.33,19.97,144437.3,115405.403
300011.SZ,20241029,8.7,8.89,8.3,8.31,8.6,-0.29,-3.3721,297009.81,254129.592
300012.SZ,20241029,14.97,14.98,14.29,14.36,14.84,-0.48,-3.2345,292097.24,425417.072
300013.SZ,20241029,3.29,3.73,3.19,3.61,3.25,0.36,11.0769,376379.05,129877.292
300014.SZ,20241029,49.55,50.67,47.82,48.06,49.44,-1.38,-2.7913,465339.93,2275072.638
300015.SZ,20241029,15.09,15.23,14.69,14.71,15.08,-0.37,-2.4536,1437541.51,2140427.772
300016.SZ,20241029,8.6,8.97,8.01,8.04,7.95,0.09,1.1321,957489.98,819168.617
300017.SZ,20241029,9.43,9.53,9.24,9.27,9.37,-0.1,-1.0672,1063343.14,996549.973
300018.SZ,20241029,6.85,6.87,6.58,6.62,6.85,-0.23,-3.3577,180123.0,120681.105
300019.SZ,20241029,14.9,15.05,14.39,14.41,14.89,-0.48,-3.2236,95784.83,140406.779
300020.SZ,20241029,2.51,2.86,2.43,2.69,2.5,0.19,7.6,1057006.39,275249.658
300021.SZ,20241029,4.32,4.37,4.15,4.17,4.31,-0.14,-3.2483,331438.56,140422.886
300022.SZ,20241029,4.68,4.73,4.5,4.56,4.66,-0.1,-2.1459,181284.32,83309.239
300024.SZ,20241029,13.95,13.96,13.27,13.34,13.95,-0.61,-4.3728,755400.3,1020914.461
300025.SZ,20241029,9.82,9.88,9.33,9.46,9.74,-0.28,-2.8747,277138.0,264265.102
300026.SZ,20241029,4.23,4.23,4.05,4.06,4.22,-0.16,-3.7915,877397.77,360785.62
300027.SZ,20241029,3.08,3.09,2.86,2.87,3.03,-0.16,-5.2805,2129447.36,624261.257
300029.SZ,20241029,5.63,6.05,5.36,5.61,5.2,0.41,7.8846,106497.36,60337.344
300030.SZ,20241029,7.09,7.16,6.62,6.63,7.04,-0.41,-5.8239,240372.32,163596.37
300031.SZ,20241029,20.35,20.41,19.0,19.05,20.05,-1.0,-4.9875,341381.05,662461.256
300032.SZ,20241029,6.58,7.44,6.1,6.35,6.48,-0.13,-2.0062,2094178.47,1421247.201
300033.SZ,20241029,203.4,207.97,198.57,198.9,200.88,-1.98,-0.9857,161226.51,3266778.589
300034.SZ,20241029,17.81,17.92,17.17,17.24,17.87,-0.63,-3.5255,281677.67,491786.168
300035.SZ,20241029,13.33,14.91,13.32,13.61,13.22,0.39,2.9501,1297467.97,1820763.108
300036.SZ,20241029,19.1,19.25,18.7,18.71,19.12,-0.41,-2.1444,209378.8,395370.897
300037.SZ,20241029,41.1,41.77,39.8,39.98,40.36,-0.38,-0.9415,102050.49,414790.405
300039.SZ,20241029,6.91,6.92,6.6,6.6,6.84,-0.24,-3.5088,416849.65,279557.394
300040.SZ,20241029,6.83,6.94,6.53,6.59,6.88,-0.29,-4.2151,416699.0,279200.884
300041.SZ,20241029,9.33,9.41,8.96,8.97,9.42,-0.45,-4.7771,302916.32,276945.726
300042.SZ,20241029,24.37,24.4,23.18,23.23,24.56,-1.33,-5.4153,138805.0,328609.906
300043.SZ,20241029,3.39,3.42,3.17,3.19,3.34,-0.15,-4.491,611843.0,198914.366
300044.SZ,20241029,5.6,5.65,5.38,5.38,5.64,-0.26,-4.6099,720891.07,395443.056
300045.SZ,20241029,28.7,30.99,28.36,30.06,28.74,1.32,4.5929,1101004.44,3285644.42
300046.SZ,20241029,46.35,50.35,45.0,45.1,48.1,-3.0,-6.237,779904.95,3728489.369
300047.SZ,20241029,16.1,16.33,15.15,15.16,15.65,-0.49,-3.131,1122605.39,1769706.421
300048.SZ,20241029,5.69,5.9,5.59,5.6,5.69,-0.09,-1.5817,399653.45,230895.4
300049.SZ,20241029,51.0,51.33,48.88,48.98,50.92,-1.94,-3.8099,90553.94,449358.943
300050.SZ,20241029,7.24,7.47,6.99,7.08,7.24,-0.16,-2.2099,824892.71,593969.971
300051.SZ,20241029,9.99,10.2,9.38,9.44,9.67,-0.23,-2.3785,124949.01,121645.783
300052.SZ,20241029,26.8,27.35,25.39,25.69,27.83,-2.14,-7.6895,617634.72,1626316.676
300053.SZ,20241029,17.2,17.4,16.53,16.63,17.56,-0.93,-5.2961,1039912.31,1760627.925
300054.SZ,20241029,27.31,27.89,26.92,26.98,27.34,-0.36,-1.3168,207124.11,567359.908
300055.SZ,20241029,5.53,5.56,5.24,5.27,5.56,-0.29,-5.2158,198321.0,106597.827
300056.SZ,20241029,19.66,19.94,17.4,17.77,20.06,-2.29,-11.4158,877587.49,1658155.398
300057.SZ,20241029,5.67,5.92,5.62,5.62,5.67,-0.05,-0.8818,437371.3,251624.998
300058.SZ,20241029,7.76,7.8,7.29,7.3,7.6,-0.3,-3.9474,1346927.25,1012383.469
300059.SZ,20241029,22.82,23.14,22.1,22.18,22.66,-0.48,-2.1183,9054297.95,20458360.791
300061.SZ,20241029,20.01,21.64,18.8,19.0,19.88,-0.88,-4.4266,2113098.62,4298542.166
300062.SZ,20241029,5.89,5.97,5.66,5.67,5.86,-0.19,-3.2423,243228.41,140313.571
300063.SZ,20241029,11.36,13.59,11.0,12.53,11.38,1.15,10.1054,2971555.08,3605922.717
300065.SZ,20241029,9.98,10.22,9.62,9.62,9.95,-0.33,-3.3166,341958.15,335929.001
300066.SZ,20241029,4.31,4.45,4.21,4.24,4.31,-0.07,-1.6241,442949.85,191578.06
300067.SZ,20241029,7.16,7.17,6.69,6.72,7.1,-0.38,-5.3521,1558950.6,1068476.448
300068.SZ,20241029,22.6,22.69,20.88,21.01,22.18,-1.17,-5.275,1473666.7,3163944.671
300069.SZ,20241029,16.5,16.5,15.58,15.59,16.57,-0.98,-5.9143,72265.99,114858.787
300070.SZ,20241029,5.01,5.14,4.88,4.92,5.0,-0.08,-1.6,830210.77,414638.846
300071.SZ,20241029,4.03,4.09,3.78,3.78,3.97,-0.19,-4.7859,572952.92,222091.329
300072.SZ,20241029,3.94,3.95,3.6,3.61,3.86,-0.25,-6.4767,982885.48,365771.381
300073.SZ,20241029,43.48,44.14,41.88,42.08,43.43,-1.35,-3.1085,257871.55,1098875.741
300074.SZ,20241029,4.41,4.5,4.32,4.32,4.44,-0.12,-2.7027,313957.2,138365.571
300075.SZ,20241029,16.68,20.0,16.25,20.0,16.67,3.33,19.976,1218857.15,2282655.113
300076.SZ,20241029,6.07,6.75,6.07,6.48,6.19,0.29,4.685,637064.35,411485.526
300077.SZ,20241029,32.21,36.6,31.77,32.93,32.78,0.15,0.4576,1824707.11,6250909.449
300078.SZ,20241029,3.56,3.69,3.37,3.37,3.48,-0.11,-3.1609,792919.78,278124.231
300079.SZ,20241029,6.0,6.02,5.77,5.77,5.98,-0.21,-3.5117,622723.9,365246.702
300080.SZ,20241029,5.29,5.65,4.91,4.94,5.23,-0.29,-5.5449,886490.51,459125.425
300081.SZ,20241029,6.82,6.88,6.57,6.63,6.73,-0.1,-1.4859,418488.91,281068.747
300082.SZ,20241029,6.61,6.7,6.34,6.35,6.61,-0.26,-3.9334,94700.2,61233.288
300083.SZ,20241029,7.89,7.98,7.65,7.66,7.78,-0.12,-1.5424,834750.0,652917.858
300084.SZ,20241029,6.74,6.75,6.28,6.34,6.74,-0.4,-5.9347,204313.64,132092.303
300085.SZ,20241029,51.11,58.9,51.0,51.4,49.73,1.67,3.3581,2379370.68,12953457.113
300086.SZ,20241029,5.65,5.73,5.14,5.16,5.39,-0.23,-4.2672,435101.4,233237.403
300087.SZ,20241029,12.24,13.83,12.2,12.89,11.56,1.33,11.5052,2434780.84,3147761.282
300088.SZ,20241029,6.78,7.25,6.75,6.95,6.79,0.16,2.3564,2092924.62,1468601.667
300091.SZ,20241029,2.84,2.95,2.75,2.77,2.86,-0.09,-3.1469,936620.0,264540.695
300092.SZ,20241029,13.2,13.26,12.48,12.49,13.06,-0.57,-4.3645,166194.0,213179.289
300093.SZ,20241029,22.98,23.57,21.2,21.23,22.52,-1.29,-5.7282,428495.0,943389.157
300094.SZ,20241029,3.8,3.82,3.65,3.65,3.9,-0.25,-6.4103,990498.29,367820.484
300095.SZ,20241029,7.25,7.29,6.96,6.99,7.28,-0.29,-3.9835,101931.5,72116.527
300096.SZ,20241029,3.61,3.82,3.5,3.74,3.56,0.18,5.0562,339016.0,124656.523
300097.SZ,20241029,7.62,7.73,7.33,7.38,7.63,-0.25,-3.2765,183720.0,137652.466
300098.SZ,20241029,5.51,5.59,5.31,5.32,5.44,-0.12,-2.2059,1221245.67,664312.688
300099.SZ,20241029,6.41,6.52,6.23,6.25,6.4,-0.15,-2.3438,187871.0,119476.493
300100.SZ,20241029,21.2,22.25,20.71,20.75,21.07,-0.32,-1.5187,255425.52,548373.412
300101.SZ,20241029,17.85,18.0,17.42,17.44,17.79,-0.35,-1.9674,209338.39,369493.465
300102.SZ,20241029,14.17,16.96,14.17,16.96,14.13,2.83,20.0283,2367846.55,3850708.172
300103.SZ,20241029,8.91,9.83,8.66,9.22,8.88,0.34,3.8288,460189.27,421199.885
300105.SZ,20241029,7.9,8.21,7.64,7.65,8.04,-0.39,-4.8507,302793.39,237113.165
300106.SZ,20241029,10.99,11.28,10.1,10.14,10.6,-0.46,-4.3396,319640.86,338118.611
300107.SZ,20241029,11.31,11.46,10.87,10.87,11.56,-0.69,-5.9689,539985.95,600296.323
300108.SZ,20241029,2.52,2.58,2.42,2.44,2.51,-0.07,-2.7888,330036.5,82285.317
300109.SZ,20241029,13.16,13.25,12.62,12.7,13.11,-0.41,-3.1274,134206.03,172394.363
300110.SZ,20241029,3.85,3.87,3.67,3.7,3.88,-0.18,-4.6392,416377.71,155857.777
300111.SZ,20241029,3.32,3.42,3.21,3.22,3.34,-0.12,-3.5928,433749.92,142496.597
300112.SZ,20241029,8.85,8.97,8.66,8.72,8.91,-0.19,-2.1324,107173.0,94284.602
300113.SZ,20241029,14.2,14.32,13.74,13.79,14.18,-0.39,-2.7504,216230.26,302199.971
300115.SZ,20241029,15.88,16.33,15.45,15.89,15.87,0.02,0.126,1028467.55,1646238.766
300117.SZ,20241029,1.65,1.67,1.54,1.57,1.6,-0.03,-1.875,412661.96,65345.245
300118.SZ,20241029,15.5,15.56,13.88,13.91,14.95,-1.04,-6.9565,894751.73,1293283.591
300119.SZ,20241029,17.24,17.55,16.73,16.84,17.38,-0.54,-3.107,190833.28,325310.833
300120.SZ,20241029,13.68,15.33,13.18,14.3,14.08,0.22,1.5625,1500076.17,2130935.63
300122.SZ,20241029,30.46,30.8,29.11,29.26,30.46,-1.2,-3.9396,632487.52,1880241.347
300123.SZ,20241029,7.6,7.68,7.32,7.34,7.61,-0.27,-3.548,709191.2,528251.894
300124.SZ,20241029,57.34,57.77,56.38,56.46,57.33,-0.87,-1.5175,245018.11,1394512.793
300125.SZ,20241029,5.85,6.03,5.51,5.57,5.9,-0.33,-5.5932,295261.19,169669.866
300126.SZ,20241029,5.8,5.85,5.57,5.63,5.74,-0.11,-1.9164,66375.0,37559.067
300127.SZ,20241029,18.95,19.39,18.35,18.9,18.97,-0.07,-0.369,182620.26,343895.106
300128.SZ,20241029,6.23,6.3,5.85,5.85,6.43,-0.58,-9.0202,1730110.45,1052758.77
300129.SZ,20241029,8.68,8.77,8.3,8.32,8.66,-0.34,-3.9261,354556.04,299840.526
300130.SZ,20241029,28.3,28.39,27.18,27.22,28.89,-1.67,-5.7805,491532.98,1363937.262
300131.SZ,20241029,7.56,7.56,7.19,7.21,7.54,-0.33,-4.3767,933309.55,687594.159
300132.SZ,20241029,5.06,5.25,4.91,5.01,5.0,0.01,0.2,253102.63,128160.886
300133.SZ,20241029,9.01,9.4,8.11,8.15,8.91,-0.76,-8.5297,3832866.19,3296026.305
300134.SZ,20241029,16.95,17.5,16.24,16.32,17.17,-0.85,-4.9505,544616.19,910449.772
300135.SZ,20241029,4.05,4.2,3.76,3.8,4.09,-0.29,-7.0905,1279333.61,500236.123
300136.SZ,20241029,24.33,25.75,24.33,24.84,24.07,0.77,3.199,850405.16,2145359.857
300137.SZ,20241029,5.82,6.03,5.71,5.8,5.83,-0.03,-0.5146,153598.43,89708.004
300138.SZ,20241029,9.25,9.3,8.96,9.01,9.27,-0.26,-2.8047,183441.8,165919.516
300139.SZ,20241029,19.28,21.33,19.27,20.43,19.23,1.2,6.2402,670078.6,1360262.587
300140.SZ,20241029,6.63,6.74,6.38,6.4,6.63,-0.23,-3.4691,278231.58,181454.069
300141.SZ,20241029,9.49,9.57,9.23,9.26,9.55,-0.29,-3.0366,67624.39,63306.735
300142.SZ,20241029,15.89,15.95,15.1,15.11,15.83,-0.72,-4.5483,430442.89,662604.754
300143.SZ,20241029,10.66,11.1,10.36,10.42,10.65,-0.23,-2.1596,184234.22,197656.586
300144.SZ,20241029,9.96,10.06,9.61,9.63,9.93,-0.3,-3.0211,607650.22,597733.527
300145.SZ,20241029,3.22,3.23,3.09,3.11,3.21,-0.1,-3.1153,691743.44,216942.067
300146.SZ,20241029,13.03,13.24,12.71,12.74,13.06,-0.32,-2.4502,362463.86,467790.955
300147.SZ,20241029,12.73,14.28,12.27,14.28,11.9,2.38,20.0,2072559.48,2713999.666
300148.SZ,20241029,4.47,4.66,4.15,4.16,4.38,-0.22,-5.0228,1443290.36,625776.559
300149.SZ,20241029,7.22,7.27,6.65,6.68,7.1,-0.42,-5.9155,340099.89,234293.082
300150.SZ,20241029,4.53,4.64,4.41,4.45,4.54,-0.09,-1.9824,196265.0,88798.24
300151.SZ,20241029,21.05,21.5,20.13,20.18,20.54,-0.36,-1.7527,172394.5,358713.022
300152.SZ,20241029,6.1,6.47,5.43,5.47,5.39,0.08,1.4842,2984045.72,1799286.111
300153.SZ,20241029,8.03,8.07,7.67,7.7,7.91,-0.21,-2.6549,104459.0,81617.045
300154.SZ,20241029,6.81,7.05,6.81,6.84,6.68,0.16,2.3952,200231.79,138342.298
300155.SZ,20241029,5.08,5.19,4.91,4.94,5.08,-0.14,-2.7559,248098.11,125054.159
300157.SZ,20241029,3.2,3.22,3.04,3.07,3.23,-0.16,-4.9536,358242.0,111935.707
300158.SZ,20241029,5.2,5.23,4.88,4.94,5.24,-0.3,-5.7252,759263.71,379230.573
300159.SZ,20241029,3.3,3.47,3.17,3.17,3.3,-0.13,-3.9394,1456766.0,478077.264
300160.SZ,20241029,5.92,5.94,5.66,5.67,5.9,-0.23,-3.8983,254913.14,147158.692
300161.SZ,20241029,28.92,28.97,27.7,27.73,28.64,-0.91,-3.1774,83687.29,236484.272
300162.SZ,20241029,8.32,8.77,8.06,8.48,8.32,0.16,1.9231,647497.92,545763.434
300163.SZ,20241029,2.16,2.18,2.06,2.06,2.13,-0.07,-3.2864,340164.24,71443.595
300164.SZ,20241029,4.56,4.58,4.36,4.37,4.6,-0.23,-5.0,553561.45,246460.728
300165.SZ,20241029,3.98,4.16,3.86,3.88,4.01,-0.13,-3.2419,510051.34,202987.136
300166.SZ,20241029,9.76,10.15,9.76,9.94,9.8,0.14,1.4286,686273.55,683991.8
300167.SZ,20241029,1.98,2.1,1.9,2.04,1.97,0.07,3.5533,408438.0,81010.582
300168.SZ,20241029,8.12,8.32,7.97,7.97,8.05,-0.08,-0.9938,433628.76,351737.129
300169.SZ,20241029,9.17,9.68,9.17,9.36,9.16,0.2,2.1834,577702.01,546892.821
300170.SZ,20241029,9.38,9.7,9.25,9.36,9.36,0.0,0.0,823102.81,778073.126
300171.SZ,20241029,13.43,13.6,12.91,12.96,13.48,-0.52,-3.8576,157733.95,208337.084
300172.SZ,20241029,5.64,5.68,5.38,5.41,5.65,-0.24,-4.2478,379291.05,209073.461
300173.SZ,20241029,4.72,4.77,4.52,4.53,4.73,-0.2,-4.2283,382418.0,176094.159
300174.SZ,20241029,16.78,16.97,15.76,15.84,16.32,-0.48,-2.9412,154819.61,251664.458
300175.SZ,20241029,6.41,6.75,6.06,6.08,6.43,-0.35,-5.4432,572215.99,366242.752
300176.SZ,20241029,6.83,6.84,6.48,6.5,6.84,-0.34,-4.9708,326097.22,216327.408
300177.SZ,20241029,11.99,12.49,11.65,11.71,12.05,-0.34,-2.8216,797530.97,959995.693
300179.SZ,20241029,8.55,8.6,8.21,8.21,8.58,-0.37,-4.3124,111899.41,93478.262
300180.SZ,20241029,9.2,9.33,8.8,8.8,9.19,-0.39,-4.2437,2025460.71,1828263.239
300181.SZ,20241029,17.35,17.55,16.7,16.81,17.42,-0.61,-3.5017,297079.2,504858.183
300182.SZ,20241029,5.8,5.88,5.61,5.63,5.82,-0.19,-3.2646,1602744.67,913986.072
300183.SZ,20241029,17.05,17.59,16.91,16.97,17.07,-0.1,-0.5858,160454.64,277004.341
300184.SZ,20241029,13.19,13.88,12.7,12.9,13.12,-0.22,-1.6768,2674988.76,3543316.813
300185.SZ,20241029,2.9,2.97,2.8,2.8,2.89,-0.09,-3.1142,1950066.35,561048.926
300187.SZ,20241029,5.57,5.57,5.25,5.28,5.58,-0.3,-5.3763,125476.37,67566.349
300188.SZ,20241029,15.44,16.48,15.04,15.63,15.36,0.27,1.7578,503951.02,788841.563
300189.SZ,20241029,3.2,3.27,3.11,3.11,3.27,-0.16,-4.893,1138914.2,362035.397
300190.SZ,20241029,3.88,3.9,3.69,3.71,3.88,-0.17,-4.3814,134720.6,50732.44
300191.SZ,20241029,15.17,15.24,14.61,14.7,15.2,-0.5,-3.2895,53439.71,79398.139
300192.SZ,20241029,16.8,17.17,15.56,15.73,16.93,-1.2,-7.088,506593.07,818003.109
300193.SZ,20241029,9.62,9.68,9.26,9.28,9.62,-0.34,-3.5343,150503.6,141965.859
300194.SZ,20241029,5.08,5.09,4.85,4.86,5.07,-0.21,-4.142,513440.32,253364.218
300195.SZ,20241029,5.66,5.72,5.47,5.51,5.63,-0.12,-2.1314,151221.0,84304.543
300196.SZ,20241029,12.26,12.57,11.94,11.97,12.34,-0.37,-2.9984,51318.0,62574.97
300197.SZ,20241029,2.45,2.68,2.36,2.54,2.45,0.09,3.6735,4728864.5,1194347.467
300198.SZ,20241029,2.47,2.5,2.25,2.25,2.47,-0.22,-8.9069,1069318.47,250483.152
300199.SZ,20241029,12.46,12.55,11.71,11.77,12.05,-0.28,-2.3237,582104.94,707116.09
300200.SZ,20241029,9.92,10.38,9.62,10.32,10.05,0.27,2.6866,535770.04,538187.351
300201.SZ,20241029,4.5,4.52,4.3,4.32,4.5,-0.18,-4.0,499866.65,220126.618
300203.SZ,20241029,17.74,18.1,17.38,17.42,17.74,-0.32,-1.8038,119482.0,210942.627
300204.SZ,20241029,8.52,8.52,8.09,8.1,8.45,-0.35,-4.142,113823.0,93395.509
300205.SZ,20241029,6.16,6.31,6.03,6.3,6.16,0.14,2.2727,141047.38,86919.208
300206.SZ,20241029,11.4,11.4,10.66,10.7,11.13,-0.43,-3.8634,135496.31,148126.258
300207.SZ,20241029,23.36,23.88,23.1,23.34,23.26,0.08,0.3439,693248.0,1623966.151
300208.SZ,20241029,2.35,2.8,2.28,2.65,2.35,0.3,12.766,471121.84,118861.919
300209.SZ,20241029,4.99,5.75,4.95,5.13,4.92,0.21,4.2683,248940.07,132214.441
300210.SZ,20241029,15.8,16.46,15.4,15.83,16.55,-0.72,-4.3505,592531.34,941168.587
300211.SZ,20241029,7.94,8.1,7.65,7.67,8.09,-0.42,-5.1916,167204.71,130980.251
300212.SZ,20241029,30.08,30.56,29.22,29.23,30.08,-0.85,-2.8258,525430.22,1564517.033
300213.SZ,20241029,8.35,8.56,8.12,8.13,8.32,-0.19,-2.2837,473665.0,395151.307
300214.SZ,20241029,6.0,6.02,5.72,5.76,5.99,-0.23,-3.8397,97414.02,56972.58
300215.SZ,20241029,6.16,6.23,5.95,5.96,6.18,-0.22,-3.5599,183554.32,111137.988
300217.SZ,20241029,5.25,5.25,4.99,5.0,5.34,-0.34,-6.367,940182.09,479146.129
300218.SZ,20241029,17.41,17.6,16.9,16.92,17.46,-0.54,-3.0928,64380.07,110643.729
300219.SZ,20241029,7.65,7.71,7.39,7.41,7.72,-0.31,-4.0155,240068.8,181300.987
300220.SZ,20241029,9.92,10.14,9.43,9.48,9.89,-0.41,-4.1456,85899.2,83018.551
300221.SZ,20241029,6.71,6.79,6.4,6.41,6.81,-0.4,-5.8737,618468.74,406863.616
300222.SZ,20241029,8.65,8.98,8.46,8.61,8.39,0.22,2.6222,600829.6,524014.06
300223.SZ,20241029,72.39,76.18,71.7,73.05,72.4,0.65,0.8978,214704.43,1588661.334
300224.SZ,20241029,11.16,12.18,10.75,11.83,11.16,0.67,6.0036,550316.5,626728.734
300225.SZ,20241029,7.76,8.89,7.76,8.28,7.6,0.68,8.9474,609878.13,502522.097
300226.SZ,20241029,25.88,26.1,24.95,24.98,25.88,-0.9,-3.4776,212641.78,542529.882
300227.SZ,20241029,8.68,8.8,8.4,8.45,8.9,-0.45,-5.0562,486331.74,415305.609
300228.SZ,20241029,7.5,7.51,7.18,7.2,7.5,-0.3,-4.0,311403.27,227887.04
300229.SZ,20241029,17.55,17.61,16.87,16.88,17.46,-0.58,-3.3219,416070.65,712862.085
300230.SZ,20241029,4.48,4.49,4.3,4.32,4.45,-0.13,-2.9213,203397.04,88613.952
300231.SZ,20241029,11.91,12.79,11.7,12.46,11.89,0.57,4.7939,606229.33,742790.675
300232.SZ,20241029,7.16,7.17,6.93,6.95,7.12,-0.17,-2.3876,358370.88,252753.568
300233.SZ,20241029,14.32,14.38,13.5,13.58,14.1,-0.52,-3.6879,119459.0,165038.813
300234.SZ,20241029,4.88,4.89,4.62,4.64,4.83,-0.19,-3.9337,82220.36,38728.279
300235.SZ,20241029,10.91,11.0,10.42,10.49,10.74,-0.25,-2.3277,118834.34,126968.595
300236.SZ,20241029,38.62,39.09,37.64,37.7,38.62,-0.92,-2.3822,75135.48,288314.823
300237.SZ,20241029,2.27,2.48,2.17,2.17,2.24,-0.07,-3.125,1621139.41,374203.031
300238.SZ,20241029,13.54,14.2,13.03,13.83,13.65,0.18,1.3187,211313.89,286286.221
300239.SZ,20241029,5.68,5.68,5.38,5.42,5.65,-0.23,-4.0708,192787.35,105737.765
300240.SZ,20241029,7.15,7.16,6.92,6.93,7.15,-0.22,-3.0769,193234.25,135568.843
300241.SZ,20241029,5.79,6.33,5.75,5.93,5.81,0.12,2.0654,909545.0,550178.632
300242.SZ,20241029,4.2,4.23,3.93,3.93,4.18,-0.25,-5.9809,682922.0,274153.266
300243.SZ,20241029,9.95,10.3,9.84,9.89,9.91,-0.02,-0.2018,138226.5,138631.898
300244.SZ,20241029,13.4,13.66,12.82,12.86,13.1,-0.24,-1.8321,258326.19,341442.013
300245.SZ,20241029,11.69,11.74,11.16,11.16,11.61,-0.45,-3.876,263345.82,301118.607
300246.SZ,20241029,7.42,7.48,7.14,7.15,7.37,-0.22,-2.9851,77076.03,55978.485
300247.SZ,20241029,4.05,4.85,4.04,4.51,4.07,0.44,10.8108,1111304.34,500396.581
300248.SZ,20241029,9.44,10.1,9.4,9.62,9.36,0.26,2.7778,266674.46,259349.822
300249.SZ,20241029,9.8,9.83,9.3,9.34,9.75,-0.41,-4.2051,274540.81,259598.379
300250.SZ,20241029,16.47,16.61,16.01,16.06,16.73,-0.67,-4.0048,137819.23,224056.154
300251.SZ,20241029,8.8,8.88,8.38,8.4,8.69,-0.29,-3.3372,530794.68,453161.615
300252.SZ,20241029,9.42,9.79,9.21,9.23,9.49,-0.26,-2.7397,438745.8,413204.995
300253.SZ,20241029,7.77,7.88,7.58,7.6,7.74,-0.14,-1.8088,459416.95,354111.556
300254.SZ,20241029,10.12,10.12,9.57,9.59,9.98,-0.39,-3.9078,194797.68,190387.098
300255.SZ,20241029,23.3,24.05,22.64,22.76,23.31,-0.55,-2.3595,547467.37,1268973.207
300256.SZ,20241029,3.58,3.66,3.41,3.43,3.57,-0.14,-3.9216,1545800.0,541530.214
300257.SZ,20241029,9.48,9.53,9.12,9.17,9.45,-0.28,-2.963,173020.0,160349.369
300258.SZ,20241029,9.19,9.37,8.91,8.93,9.1,-0.17,-1.8681,202775.42,184928.947
300259.SZ,20241029,3.71,3.71,3.52,3.54,3.68,-0.14,-3.8043,248576.0,89303.394
300260.SZ,20241029,25.68,26.18,24.8,24.88,25.9,-1.02,-3.9382,169385.52,431842.566
300261.SZ,20241029,9.7,9.8,9.1,9.1,10.13,-1.03,-10.1678,1402140.95,1319875.923
300263.SZ,20241029,7.41,7.44,7.08,7.12,7.48,-0.36,-4.8128,421563.0,304263.532
300264.SZ,20241029,6.36,6.43,6.04,6.31,6.34,-0.03,-0.4732,544694.93,339064.462
300265.SZ,20241029,8.33,8.37,8.05,8.07,8.35,-0.28,-3.3533,197411.0,161476.105
300266.SZ,20241029,2.63,2.78,2.47,2.47,2.65,-0.18,-6.7925,1050198.9,275402.532
300267.SZ,20241029,3.09,3.11,2.95,2.96,3.09,-0.13,-4.2071,772796.42,232006.602
300268.SZ,20241029,8.29,9.12,8.07,9.12,8.24,0.88,10.6796,54398.66,46323.148
300269.SZ,20241029,4.55,4.95,4.38,4.59,4.44,0.15,3.3784,1053655.27,489787.679
300270.SZ,20241029,7.72,7.89,7.51,7.53,7.76,-0.23,-2.9639,281244.5,215797.232
300271.SZ,20241029,7.06,8.4,7.05,8.4,7.0,1.4,20.0,600570.48,486207.389
300272.SZ,20241029,7.13,7.13,6.55,6.58,7.03,-0.45,-6.4011,344635.13,232464.26
300274.SZ,20241029,95.0,96.55,90.5,90.5,93.74,-3.24,-3.4564,465729.89,4303659.484
300275.SZ,20241029,14.0,14.0,13.15,13.27,13.88,-0.61,-4.3948,225750.8,303077.446
300276.SZ,20241029,4.51,4.62,4.39,4.42,4.49,-0.07,-1.559,651352.14,292723.045
300278.SZ,20241029,4.79,5.58,4.79,5.58,4.65,0.93,20.0,2249202.64,1230268.636
300279.SZ,20241029,7.18,7.28,6.55,6.56,6.78,-0.22,-3.2448,530109.71,365510.331
300280.SZ,20241029,15.29,15.78,14.54,14.59,15.86,-1.27,-8.0076,390745.89,585661.101
300281.SZ,20241029,6.31,6.33,6.0,6.03,6.29,-0.26,-4.1335,261347.58,159507.793
300283.SZ,20241029,6.18,6.24,6.0,6.08,6.18,-0.1,-1.6181,134110.5,81532.812
300284.SZ,20241029,13.97,14.46,13.58,13.58,14.48,-0.9,-6.2155,1352824.1,1885095.483
300285.SZ,20241029,19.57,19.74,19.0,19.22,19.32,-0.1,-0.5176,195218.76,377598.966
300286.SZ,20241029,19.92,20.05,19.23,19.27,19.87,-0.6,-3.0196,45748.54,89494.699
300287.SZ,20241029,5.27,5.53,5.27,5.29,5.27,0.02,0.3795,1660130.2,891601.572
300288.SZ,20241029,15.08,15.18,14.51,14.51,15.08,-0.57,-3.7798,128166.05,189893.897
300289.SZ,20241029,5.4,5.55,5.15,5.18,5.26,-0.08,-1.5209,154521.95,82179.509
300290.SZ,20241029,26.5,29.64,25.68,25.99,26.96,-0.97,-3.5979,1246272.15,3431076.065
300291.SZ,20241029,5.63,5.68,5.21,5.23,5.5,-0.27,-4.9091,433197.0,232661.512
300292.SZ,20241029,6.48,6.48,5.7,5.75,6.04,-0.29,-4.8013,3235299.75,1953721.566
300293.SZ,20241029,29.15,30.77,28.96,29.01,29.4,-0.39,-1.3265,411644.0,1224648.222
300294.SZ,20241029,32.38,32.44,31.31,31.47,32.36,-0.89,-2.7503,89710.39,284725.937
300295.SZ,20241029,17.89,18.7,17.55,17.59,18.03,-0.44,-2.4404,230637.0,417812.113
300296.SZ,20241029,5.35,5.36,5.17,5.18,5.31,-0.13,-2.4482,606371.51,318408.663
300298.SZ,20241029,28.1,28.27,26.85,26.98,27.84,-0.86,-3.0891,51927.77,142025.686
300299.SZ,20241029,5.58,5.67,5.32,5.37,5.56,-0.19,-3.4173,449317.01,245396.31
300300.SZ,20241029,2.68,3.09,2.5,2.8,2.65,0.15,5.6604,745562.92,205625.399
300301.SZ,20241029,1.59,1.62,1.53,1.58,1.59,-0.01,-0.6289,286047.93,44807.941
300302.SZ,20241029,19.0,19.88,18.58,19.7,19.3,0.4,2.0725,677873.51,1306178.687
300303.SZ,20241029,7.84,7.84,7.44,7.44,7.95,-0.51,-6.4151,1763911.81,1344952.373
300304.SZ,20241029,8.5,8.56,8.21,8.28,8.6,-0.32,-3.7209,394285.3,329211.0
300305.SZ,20241029,6.49,6.55,6.16,6.18,6.49,-0.31,-4.7766,138796.61,87505.302
300306.SZ,20241029,12.75,12.86,12.32,12.35,12.81,-0.46,-3.5909,89792.85,112854.521
300307.SZ,20241029,8.7,8.74,8.26,8.28,8.91,-0.63,-7.0707,697970.48,590403.072
300308.SZ,20241029,147.9,148.0,143.07,143.47,150.54,-7.07,-4.6964,498014.54,7211970.251
300310.SZ,20241029,9.45,9.51,9.06,9.12,9.77,-0.65,-6.653,1412276.68,1302798.651
300311.SZ,20241029,7.72,7.82,7.4,7.4,7.86,-0.46,-5.8524,797714.27,603285.587
300313.SZ,20241029,7.02,7.14,6.63,6.82,7.06,-0.24,-3.3994,98073.0,67518.735
300314.SZ,20241029,14.4,14.88,13.12,13.15,14.19,-1.04,-7.3291,236033.85,325924.153
300315.SZ,20241029,5.66,5.71,5.46,5.46,5.61,-0.15,-2.6738,1831807.96,1019941.639
300316.SZ,20241029,36.64,37.58,35.02,35.03,36.41,-1.38,-3.7902,323441.6,1161460.869
300317.SZ,20241029,4.42,4.55,4.31,4.5,4.39,0.11,2.5057,789477.43,349673.837
300318.SZ,20241029,6.2,6.34,5.98,6.02,6.15,-0.13,-2.1138,146333.7,89365.731
300319.SZ,20241029,14.42,14.45,13.7,13.86,14.6,-0.74,-5.0685,928812.34,1300485.927
300320.SZ,20241029,14.67,15.12,12.78,13.08,14.68,-1.6,-10.8992,1320488.02,1837243.669
300321.SZ,20241029,19.85,22.59,19.8,21.16,19.76,1.4,7.085,101354.63,212677.238
300322.SZ,20241029,16.04,17.46,15.25,16.41,15.9,0.51,3.2075,1129681.86,1850343.276
300323.SZ,20241029,6.15,6.22,6.04,6.06,6.15,-0.09,-1.4634,284443.0,174569.48
300324.SZ,20241029,4.15,4.19,3.95,3.95,4.15,-0.2,-4.8193,2053810.48,830891.889
300326.SZ,20241029,5.7,5.71,5.44,5.45,5.69,-0.24,-4.2179,160476.0,88980.797
300327.SZ,20241029,26.09,26.56,25.32,25.38,26.04,-0.66,-2.5346,211366.24,547937.163
300328.SZ,20241029,7.82,8.37,7.6,8.05,7.84,0.21,2.6786,643051.26,513677.303
300329.SZ,20241029,6.81,6.97,5.99,6.02,6.59,-0.57,-8.6495,337412.5,213511.078
300331.SZ,20241029,23.1,23.61,22.8,22.81,22.95,-0.14,-0.61,146439.55,339668.382
300332.SZ,20241029,6.06,6.07,5.76,5.78,6.07,-0.29,-4.7776,204982.74,120679.41
300333.SZ,20241029,10.73,11.3,10.52,10.57,10.91,-0.34,-3.1164,488573.98,536720.459
300334.SZ,20241029,6.81,6.87,6.44,6.49,6.8,-0.31,-4.5588,102460.24,67494.71
300335.SZ,20241029,5.1,5.12,4.91,4.92,5.1,-0.18,-3.5294,160094.0,80199.146
300337.SZ,20241029,17.15,19.66,17.0,19.66,16.38,3.28,20.0244,1924428.97,3656938.058
300338.SZ,20241029,4.36,4.52,4.03,4.1,3.77,0.33,8.7533,905275.93,395912.815
300339.SZ,20241029,62.07,68.6,61.4,64.6,62.59,2.01,3.2114,2334846.05,15323363.237
300340.SZ,20241029,10.47,10.64,9.9,9.91,10.59,-0.68,-6.4212,184654.42,187356.95
300341.SZ,20241029,26.3,33.18,26.03,29.9,27.92,1.98,7.0917,768819.72,2180045.12
300342.SZ,20241029,19.27,19.88,18.75,18.94,19.5,-0.56,-2.8718,544389.84,1047617.082
300343.SZ,20241029,6.1,6.26,5.88,5.9,6.09,-0.19,-3.1199,595380.43,357488.51
300344.SZ,20241029,4.69,4.73,4.52,4.55,4.67,-0.12,-2.5696,283109.45,131053.218
300345.SZ,20241029,7.58,7.8,7.24,7.32,7.59,-0.27,-3.5573,164823.0,122284.794
300346.SZ,20241029,40.1,41.21,39.33,39.48,40.24,-0.76,-1.8887,414482.95,1665169.428
300347.SZ,20241029,71.71,73.19,68.57,68.92,71.72,-2.8,-3.9041,127359.61,894207.054
300348.SZ,20241029,17.52,17.91,16.88,16.88,17.56,-0.68,-3.8724,866601.4,1508060.187
300349.SZ,20241029,14.3,14.61,13.98,14.01,14.37,-0.36,-2.5052,159326.39,227013.738
300350.SZ,20241029,6.1,6.21,5.91,5.93,6.11,-0.18,-2.946,369883.68,223544.218
300351.SZ,20241029,18.21,18.23,17.48,17.53,18.04,-0.51,-2.8271,167822.5,298244.115
300352.SZ,20241029,6.15,6.57,6.1,6.1,6.07,0.03,0.4942,1200086.11,759529.163
300353.SZ,20241029,11.62,12.06,11.58,11.89,11.62,0.27,2.3236,389274.15,459874.086
300354.SZ,20241029,33.74,33.94,32.3,32.32,33.68,-1.36,-4.038,34494.65,113765.35
300355.SZ,20241029,5.97,6.66,5.61,5.63,5.97,-0.34,-5.6951,4689041.56,2893511.25
300357.SZ,20241029,25.09,25.18,24.0,24.1,24.92,-0.82,-3.2905,122354.23,299171.821
300358.SZ,20241029,7.78,7.87,7.48,7.5,7.74,-0.24,-3.1008,164181.02,125105.945
300359.SZ,20241029,6.73,7.28,6.53,6.53,6.46,0.07,1.0836,857550.95,590675.734
300360.SZ,20241029,17.46,17.75,17.15,17.21,17.42,-0.21,-1.2055,133108.42,232301.568
300363.SZ,20241029,20.0,20.4,18.6,18.71,19.7,-0.99,-5.0254,446005.28,867670.526
300364.SZ,20241029,34.1,34.88,31.07,31.07,32.85,-1.78,-5.4186,1795006.96,5855615.153
300365.SZ,20241029,6.49,6.65,6.37,6.42,6.5,-0.08,-1.2308,318949.0,206892.306
300366.SZ,20241029,10.93,11.08,10.55,10.55,10.92,-0.37,-3.3883,332230.01,357257.942
300368.SZ,20241029,4.5,4.98,4.27,4.67,4.4,0.27,6.1364,539033.36,250143.546
300369.SZ,20241029,8.66,9.03,8.65,8.77,8.7,0.07,0.8046,464826.94,411089.957
300370.SZ,20241029,3.07,3.19,2.96,3.03,3.03,0.0,0.0,1179523.47,361564.546
300371.SZ,20241029,10.45,10.57,10.09,10.14,10.41,-0.27,-2.5937,50429.08,51805.471
300373.SZ,20241029,48.42,49.17,47.47,47.47,48.46,-0.99,-2.0429,173669.26,838228.506
300374.SZ,20241029,19.46,19.75,18.48,18.57,19.52,-0.95,-4.8668,246810.41,469629.073
300375.SZ,20241029,5.36,5.37,5.15,5.17,5.25,-0.08,-1.5238,429702.04,224978.752
300376.SZ,20241029,3.69,3.85,3.69,3.7,3.71,-0.01,-0.2695,511285.25,191387.5
300377.SZ,20241029,13.82,15.07,13.63,13.75,14.08,-0.33,-2.3438,1354287.9,1934689.009
300378.SZ,20241029,24.58,24.58,23.65,23.65,24.51,-0.86,-3.5088,156991.9,378705.73
300379.SZ,20241029,16.87,17.03,16.38,16.39,16.86,-0.47,-2.7877,516744.62,863760.426
300380.SZ,20241029,45.15,46.48,41.5,42.45,45.78,-3.33,-7.2739,198098.93,878229.061
300381.SZ,20241029,7.78,7.87,7.58,7.62,7.83,-0.21,-2.682,192009.0,148095.599
300382.SZ,20241029,11.31,11.5,10.73,10.76,11.2,-0.44,-3.9286,454090.33,498991.164
300383.SZ,20241029,11.3,11.3,10.75,10.76,11.13,-0.37,-3.3243,656602.0,716519.359
300384.SZ,20241029,17.32,17.59,16.94,16.96,17.01,-0.05,-0.2939,80040.6,138102.429
300385.SZ,20241029,5.08,5.22,4.89,4.89,5.08,-0.19,-3.7402,82702.8,41411.342
300386.SZ,20241029,15.38,15.88,15.31,15.78,15.42,0.36,2.3346,284103.26,444597.16
300387.SZ,20241029,8.36,8.49,8.12,8.24,8.31,-0.07,-0.8424,139156.73,115026.215
300388.SZ,20241029,7.65,7.66,7.32,7.34,7.78,-0.44,-5.6555,238631.99,178654.638
300389.SZ,20241029,12.49,12.57,11.96,11.99,12.62,-0.63,-4.9921,140044.0,171504.565
300390.SZ,20241029,24.57,24.95,23.62,23.79,24.72,-0.93,-3.7621,286858.71,691674.527
300391.SZ,20241029,7.7,7.88,7.12,7.38,7.95,-0.57,-7.1698,905021.55,674477.361
300393.SZ,20241029,8.4,8.75,7.99,8.0,8.25,-0.25,-3.0303,460285.95,380248.881
300394.SZ,20241029,132.0,137.78,129.5,134.02,135.41,-1.39,-1.0265,262433.98,3511539.816
300395.SZ,20241029,44.15,45.49,43.63,43.88,44.15,-0.27,-0.6116,92452.51,411444.184
300396.SZ,20241029,16.6,16.88,15.86,15.92,16.49,-0.57,-3.4566,134322.54,218773.823
300397.SZ,20241029,14.55,14.93,13.95,13.99,14.75,-0.76,-5.1525,577526.69,824829.812
300398.SZ,20241029,15.25,15.69,15.02,15.02,14.99,0.03,0.2001,310969.35,477405.658
300399.SZ,20241029,22.01,22.36,20.54,20.55,22.3,-1.75,-7.8475,192147.36,412993.445
300400.SZ,20241029,18.45,18.65,17.93,17.93,18.55,-0.62,-3.3423,168490.0,307346.26
300401.SZ,20241029,15.56,15.68,15.0,15.08,15.63,-0.55,-3.5189,333480.24,509301.514
300402.SZ,20241029,16.03,16.25,15.55,15.58,16.02,-0.44,-2.7466,66611.72,105184.354
300403.SZ,20241029,8.77,9.12,8.5,8.89,8.77,0.12,1.3683,654298.54,581286.307
300404.SZ,20241029,9.9,9.9,9.28,9.29,9.87,-0.58,-5.8764,222733.06,211609.192
300405.SZ,20241029,5.25,5.3,4.96,5.0,5.17,-0.17,-3.2882,130292.08,66339.869
300406.SZ,20241029,14.42,14.59,13.94,14.0,14.36,-0.36,-2.507,97338.0,138466.194
300407.SZ,20241029,12.5,13.28,12.45,13.19,12.54,0.65,5.1834,260886.56,338774.536
300408.SZ,20241029,37.2,38.28,37.2,38.07,37.19,0.88,2.3662,223779.24,847770.506
300409.SZ,20241029,12.81,13.0,12.4,12.43,12.84,-0.41,-3.1931,236675.08,298529.751
300410.SZ,20241029,6.74,6.91,6.44,6.5,6.64,-0.14,-2.1084,202127.95,133766.855
300411.SZ,20241029,18.19,18.79,17.45,17.47,19.24,-1.77,-9.1996,865141.18,1556465.303
300412.SZ,20241029,4.5,4.53,4.29,4.31,4.48,-0.17,-3.7946,234380.5,102729.784
300413.SZ,20241029,26.58,26.9,25.25,25.28,26.58,-1.3,-4.8909,401169.8,1033373.97
300414.SZ,20241029,8.79,8.79,8.4,8.4,8.71,-0.31,-3.5591,96874.0,82833.245
300415.SZ,20241029,24.75,25.28,23.66,23.79,25.0,-1.21,-4.84,210210.9,512986.356
300416.SZ,20241029,13.28,13.39,12.81,12.81,13.27,-0.46,-3.4665,203127.11,265045.618
300417.SZ,20241029,12.53,14.89,12.12,14.89,12.41,2.48,19.9839,314040.77,438618.801
300418.SZ,20241029,43.57,44.25,41.44,41.67,43.28,-1.61,-3.72,863877.98,3668656.869
300419.SZ,20241029,5.74,5.74,5.74,5.74,7.17,-1.43,-19.9442,43219.0,24807.706
300420.SZ,20241029,2.9,2.92,2.79,2.85,2.88,-0.03,-1.0417,511876.53,146010.137
300421.SZ,20241029,10.47,10.88,10.23,10.74,10.46,0.28,2.6769,331207.01,350905.442
300422.SZ,20241029,5.29,5.34,5.12,5.14,5.28,-0.14,-2.6515,124559.0,64650.013
300423.SZ,20241029,6.97,6.98,6.64,6.67,6.95,-0.28,-4.0288,137568.72,93070.78
300424.SZ,20241029,22.1,22.46,20.87,20.99,22.8,-1.81,-7.9386,559286.14,1200006.233
300425.SZ,20241029,6.04,6.08,5.77,5.79,6.04,-0.25,-4.1391,451292.0,267371.209
300426.SZ,20241029,11.17,11.27,10.17,10.27,11.28,-1.01,-8.9539,207537.0,219271.522
300427.SZ,20241029,8.8,8.99,8.23,8.25,9.09,-0.84,-9.2409,815736.86,699551.419
300428.SZ,20241029,20.36,20.4,19.45,19.48,20.59,-1.11,-5.391,216697.48,430415.049
300429.SZ,20241029,13.94,14.06,13.43,13.43,13.94,-0.51,-3.6585,364221.1,501009.611
300430.SZ,20241029,14.95,15.99,14.82,15.37,14.92,0.45,3.0161,272140.75,415993.097
300432.SZ,20241029,13.37,13.78,13.13,13.29,13.25,0.04,0.3019,551044.7,740250.146
300433.SZ,20241029,22.73,23.4,22.6,22.88,22.72,0.16,0.7042,540383.52,1245615.749
300434.SZ,20241029,9.35,9.37,8.96,9.03,9.29,-0.26,-2.7987,101564.6,92749.817
300435.SZ,20241029,12.13,12.15,11.73,11.77,12.13,-0.36,-2.9678,86465.29,103042.506
300436.SZ,20241029,34.88,35.0,33.02,33.42,34.88,-1.46,-4.1858,88846.5,300637.157
300437.SZ,20241029,10.51,10.6,10.06,10.13,10.49,-0.36,-3.4318,73662.73,75698.857
300438.SZ,20241029,33.65,34.16,32.15,32.22,33.57,-1.35,-4.0214,321540.3,1056230.955
300439.SZ,20241029,11.37,11.53,10.97,10.99,11.37,-0.38,-3.3421,87415.0,97762.671
300440.SZ,20241029,7.4,7.83,7.36,7.45,7.34,0.11,1.4986,384240.0,291106.344
300441.SZ,20241029,9.17,10.54,8.97,9.95,9.18,0.77,8.3878,665601.06,651092.056
300442.SZ,20241029,33.6,34.33,32.8,32.94,33.85,-0.91,-2.6883,222826.52,743237.061
300443.SZ,20241029,24.77,25.23,23.02,23.12,24.77,-1.65,-6.6613,164116.5,389510.561
300444.SZ,20241029,7.55,7.6,7.31,7.34,7.68,-0.34,-4.4271,552193.38,410433.941
300445.SZ,20241029,16.54,16.7,16.14,16.16,16.47,-0.31,-1.8822,35147.4,57332.947
300446.SZ,20241029,17.6,18.4,17.6,17.83,17.4,0.43,2.4713,383364.71,689503.232
300447.SZ,20241029,14.61,14.91,14.3,14.37,14.63,-0.26,-1.7772,78396.06,114524.947
300448.SZ,20241029,7.02,7.09,6.63,6.64,7.0,-0.36,-5.1429,546670.17,370241.83
300449.SZ,20241029,6.99,8.26,6.91,7.83,6.88,0.95,13.8081,761867.46,601503.161
300450.SZ,20241029,19.79,20.14,18.98,19.01,19.68,-0.67,-3.4045,455664.53,882559.185
300451.SZ,20241029,5.41,5.65,5.33,5.34,5.44,-0.1,-1.8382,1114914.42,609876.544
300452.SZ,20241029,12.7,12.85,12.45,12.45,12.76,-0.31,-2.4295,74388.39,93800.339
300453.SZ,20241029,8.3,8.54,8.11,8.33,8.31,0.02,0.2407,154218.79,128255.99
300454.SZ,20241029,68.35,69.8,65.5,65.75,67.76,-2.01,-2.9664,100710.18,680334.464
300455.SZ,20241029,14.55,14.9,14.36,14.37,14.53,-0.16,-1.1012,209125.01,305156.278
300456.SZ,20241029,20.05,20.27,19.41,19.44,20.71,-1.27,-6.1323,551356.17,1092198.326
300457.SZ,20241029,23.24,23.69,22.03,22.13,23.32,-1.19,-5.1029,430790.18,974036.507
300458.SZ,20241029,39.46,40.98,38.63,38.77,39.46,-0.69,-1.7486,597759.69,2370306.412
300459.SZ,20241029,5.2,5.24,4.97,4.98,5.15,-0.17,-3.301,2462843.21,1249034.897
300460.SZ,20241029,15.25,15.39,14.72,14.74,15.25,-0.51,-3.3443,229222.0,345326.963
300461.SZ,20241029,22.2,23.0,21.47,21.59,22.32,-0.73,-3.2706,77246.69,170233.343
300462.SZ,20241029,10.65,10.87,10.32,10.35,10.61,-0.26,-2.4505,125375.0,131765.237
300463.SZ,20241029,14.5,14.62,14.01,14.11,14.49,-0.38,-2.6225,135511.84,193437.007
300464.SZ,20241029,5.23,5.29,5.06,5.06,5.21,-0.15,-2.8791,140496.97,72218.013
300465.SZ,20241029,13.0,13.43,12.9,12.92,13.12,-0.2,-1.5244,336722.15,443513.837
300466.SZ,20241029,8.52,8.74,8.35,8.37,8.64,-0.27,-3.125,355610.0,302350.894
300467.SZ,20241029,17.3,17.38,16.51,16.59,16.95,-0.36,-2.1239,120579.33,203906.876
300468.SZ,20241029,22.1,23.16,21.81,22.24,22.3,-0.06,-0.2691,802344.67,1807601.408
300469.SZ,20241029,25.6,27.86,24.1,24.7,25.98,-1.28,-4.9269,383149.44,981292.639
300470.SZ,20241029,37.02,37.85,36.2,36.32,36.5,-0.18,-0.4932,36227.04,133430.581
300471.SZ,20241029,10.95,11.07,10.53,10.62,10.95,-0.33,-3.0137,131469.5,141293.864
300472.SZ,20241029,9.24,10.26,9.24,9.58,9.46,0.12,1.2685,563766.31,550497.287
300473.SZ,20241029,22.8,22.9,21.58,21.63,22.83,-1.2,-5.2562,116592.0,257263.354
300474.SZ,20241029,90.93,93.29,88.27,88.8,92.42,-3.62,-3.9169,268418.09,2420793.939
300475.SZ,20241029,34.68,34.88,33.6,33.9,35.07,-1.17,-3.3362,237252.88,811058.792
300476.SZ,20241029,46.06,47.18,44.87,45.67,45.87,-0.2,-0.436,381740.73,1758796.337
300477.SZ,20241029,3.39,3.45,3.22,3.24,3.4,-0.16,-4.7059,508243.0,167722.288
300478.SZ,20241029,10.22,10.5,9.71,9.72,10.07,-0.35,-3.4757,100839.1,101679.261
300479.SZ,20241029,20.33,21.7,20.21,20.29,20.33,-0.04,-0.1968,230774.73,483352.152
300480.SZ,20241029,15.19,15.44,14.71,14.79,15.19,-0.4,-2.6333,91340.45,137384.589
300481.SZ,20241029,15.88,15.95,15.46,15.51,15.87,-0.36,-2.2684,71920.0,112681.487
300482.SZ,20241029,26.83,27.49,25.68,25.7,26.29,-0.59,-2.2442,127239.49,335564.096
300483.SZ,20241029,9.29,9.35,8.91,8.95,9.25,-0.3,-3.2432,82952.94,75450.574
300484.SZ,20241029,18.36,18.73,17.44,17.47,19.38,-1.91,-9.8555,390024.85,700513.841
300485.SZ,20241029,8.4,8.46,7.99,7.99,8.28,-0.29,-3.5024,64729.0,52725.759
300486.SZ,20241029,6.44,6.5,6.21,6.23,6.44,-0.21,-3.2609,177888.38,112577.898
300487.SZ,20241029,50.48,50.85,48.76,48.77,50.55,-1.78,-3.5213,102152.39,505682.224
300488.SZ,20241029,23.17,23.34,22.72,22.77,22.98,-0.21,-0.9138,14842.04,34043.65
300489.SZ,20241029,98.0,104.9,96.01,97.0,102.01,-5.01,-4.9113,268304.81,2676739.909
300490.SZ,20241029,8.68,8.8,8.35,8.37,8.59,-0.22,-2.5611,161529.0,138086.265
300491.SZ,20241029,16.6,16.66,15.93,15.95,16.45,-0.5,-3.0395,56080.0,90924.689
300492.SZ,20241029,78.51,78.6,72.77,73.06,78.17,-5.11,-6.537,18735.0,141335.024
300493.SZ,20241029,16.99,17.35,15.37,15.45,15.9,-0.45,-2.8302,814492.04,1336004.067
300494.SZ,20241029,12.01,12.1,11.34,11.35,11.89,-0.54,-4.5416,313501.03,364390.646
300496.SZ,20241029,59.07,60.52,57.99,58.02,59.48,-1.46,-2.4546,269299.96,1595189.174
300497.SZ,20241029,11.38,11.67,11.1,11.4,11.47,-0.07,-0.6103,245520.2,278693.996
300498.SZ,20241029,19.05,19.05,18.63,18.66,19.07,-0.41,-2.15,542937.12,1019179.111
300499.SZ,20241029,13.05,13.43,12.76,12.83,12.99,-0.16,-1.2317,290943.56,379600.493
300500.SZ,20241029,12.73,12.82,12.14,12.19,12.64,-0.45,-3.5601,58953.6,73101.316
300501.SZ,20241029,14.53,14.57,14.02,14.03,14.5,-0.47,-3.2414,30193.33,42988.928
300502.SZ,20241029,134.0,134.98,128.86,130.5,136.06,-5.56,-4.0864,400757.54,5279708.618
300503.SZ,20241029,16.77,17.03,16.26,16.29,16.36,-0.07,-0.4279,306399.79,510598.049
300504.SZ,20241029,18.0,18.04,16.94,16.94,17.81,-0.87,-4.8849,121496.4,211033.833
300505.SZ,20241029,16.77,16.96,15.8,15.81,16.76,-0.95,-5.6683,297642.92,484762.019
300506.SZ,20241029,3.84,4.2,3.76,4.15,3.82,0.33,8.6387,291973.78,115423.476
300507.SZ,20241029,7.08,7.1,6.84,6.85,7.08,-0.23,-3.2486,410927.08,284430.664
300508.SZ,20241029,29.63,29.7,28.55,28.66,29.3,-0.64,-2.1843,35341.56,102964.185
300509.SZ,20241029,6.55,6.62,6.27,6.3,6.55,-0.25,-3.8168,73868.32,47139.462
300510.SZ,20241029,4.78,4.81,4.51,4.52,4.78,-0.26,-5.4393,455241.9,210320.689
300511.SZ,20241029,4.24,4.44,4.12,4.21,4.3,-0.09,-2.093,458637.35,193592.412
300512.SZ,20241029,7.46,7.51,7.19,7.2,7.45,-0.25,-3.3557,54001.0,39422.998
300513.SZ,20241029,9.77,9.79,9.47,9.51,9.72,-0.21,-2.1605,94526.39,90829.488
300514.SZ,20241029,14.88,15.27,14.66,14.74,14.61,0.13,0.8898,129024.29,193082.251
300515.SZ,20241029,12.48,12.63,12.18,12.22,12.5,-0.28,-2.24,45699.0,56713.541
300516.SZ,20241029,41.0,41.48,39.65,39.9,40.95,-1.05,-2.5641,49195.7,197942.353
300517.SZ,20241029,9.8,9.91,9.48,9.48,9.78,-0.3,-3.0675,57767.8,55568.505
300518.SZ,20241029,14.36,14.59,13.77,13.79,14.86,-1.07,-7.2005,190693.0,269667.275
300519.SZ,20241029,15.19,15.28,14.41,14.44,15.1,-0.66,-4.3709,62081.46,91478.157
300520.SZ,20241029,20.0,23.87,19.83,23.87,19.89,3.98,20.0101,478371.46,1070610.745
300521.SZ,20241029,14.24,14.62,13.88,13.94,14.17,-0.23,-1.6231,40546.8,57462.919
300522.SZ,20241029,12.61,12.75,12.06,12.08,12.67,-0.59,-4.6567,89699.8,110865.926
300523.SZ,20241029,22.84,23.09,22.0,22.09,22.84,-0.75,-3.2837,49177.19,110405.616
300525.SZ,20241029,17.35,17.58,17.15,17.22,17.19,0.03,0.1745,167431.95,290581.752
300527.SZ,20241029,9.88,10.19,9.6,9.64,9.98,-0.34,-3.4068,480308.62,471088.735
300528.SZ,20241029,8.99,9.08,8.35,8.35,8.81,-0.46,-5.2213,147375.8,127674.789
300529.SZ,20241029,33.2,33.43,31.91,31.98,33.05,-1.07,-3.2375,122050.24,396581.128
300530.SZ,20241029,21.4,21.65,20.55,20.7,21.44,-0.74,-3.4515,35249.0,73911.741
300531.SZ,20241029,17.1,17.4,16.42,16.5,17.03,-0.53,-3.1122,169502.48,287494.517
300532.SZ,20241029,12.11,12.17,11.71,11.72,12.95,-1.23,-9.4981,452994.69,540136.933
300533.SZ,20241029,19.43,19.58,18.42,18.42,19.23,-0.81,-4.2122,86121.93,161493.319
300534.SZ,20241029,9.78,9.83,9.3,9.37,9.78,-0.41,-4.1922,216490.5,205543.788
300535.SZ,20241029,15.39,15.5,14.7,14.71,15.39,-0.68,-4.4185,57037.34,85327.673
300536.SZ,20241029,8.77,9.19,8.1,8.71,8.6,0.11,1.2791,272595.75,235136.208
300537.SZ,20241029,19.57,19.78,18.7,18.73,19.64,-0.91,-4.6334,173348.31,331379.752
300538.SZ,20241029,17.57,17.75,17.09,17.09,17.66,-0.57,-3.2276,85776.0,149228.885
300539.SZ,20241029,9.96,10.26,9.89,10.04,9.96,0.08,0.8032,63755.94,64156.484
300540.SZ,20241029,25.2,25.3,24.0,24.15,25.17,-1.02,-4.0524,64437.4,158378.102
300541.SZ,20241029,13.48,14.62,13.05,13.63,13.44,0.19,1.4137,470618.15,644414.996
300542.SZ,20241029,28.16,29.1,27.6,27.6,29.11,-1.51,-5.1872,412524.25,1164675.542
300543.SZ,20241029,9.99,10.08,9.7,9.7,10.0,-0.3,-3.0,122174.5,120647.483
300545.SZ,20241029,31.1,32.08,30.78,31.63,31.1,0.53,1.7042,85539.69,267995.695
300546.SZ,20241029,17.49,17.65,16.88,16.91,17.57,-0.66,-3.7564,146357.03,251110.476
300547.SZ,20241029,18.25,18.28,17.52,17.93,18.16,-0.23,-1.2665,126099.11,225511.693
300548.SZ,20241029,25.0,26.17,24.2,24.88,25.57,-0.69,-2.6985,293419.28,732165.146
300549.SZ,20241029,16.59,17.55,16.27,16.69,16.59,0.1,0.6028,69439.0,116819.13
300550.SZ,20241029,14.8,14.9,13.94,13.97,14.69,-0.72,-4.9013,57970.42,83259.548
300551.SZ,20241029,14.48,14.78,13.9,14.01,14.77,-0.76,-5.1456,475075.95,678044.448
300552.SZ,20241029,38.47,40.57,38.1,38.7,38.32,0.38,0.9916,229243.4,903212.117
300553.SZ,20241029,26.46,27.43,26.4,26.72,26.62,0.1,0.3757,36602.11,98932.545
300554.SZ,20241029,24.37,24.6,23.18,23.28,24.39,-1.11,-4.551,70456.58,166760.932
300555.SZ,20241029,8.25,9.02,8.21,8.5,8.21,0.29,3.5323,70411.5,61073.587
300556.SZ,20241029,20.48,20.48,19.32,19.37,20.4,-1.03,-5.049,109205.59,216505.356
300557.SZ,20241029,34.47,34.47,32.33,33.21,34.47,-1.26,-3.6554,77752.96,258854.276
300558.SZ,20241029,48.84,49.78,46.62,46.8,47.95,-1.15,-2.3983,110927.5,532974.729
300559.SZ,20241029,10.78,10.93,10.22,10.3,10.66,-0.36,-3.3771,201464.84,212926.131
300560.SZ,20241029,15.71,16.31,15.34,16.15,15.71,0.44,2.8008,198908.2,316079.538
300561.SZ,20241029,20.5,21.27,19.58,19.65,20.5,-0.85,-4.1463,324590.75,659450.9
300562.SZ,20241029,14.6,14.8,13.55,13.59,14.2,-0.61,-4.2958,251982.25,351829.856
300563.SZ,20241029,54.99,58.0,54.61,55.18,55.57,-0.39,-0.7018,271356.89,1531215.004
300564.SZ,20241029,12.41,12.93,12.09,12.12,12.31,-0.19,-1.5435,80175.6,100471.869
300565.SZ,20241029,15.91,16.14,15.45,15.56,15.56,0.0,0.0,152655.53,240913.284
300566.SZ,20241029,18.35,18.68,17.86,17.89,18.37,-0.48,-2.613,139012.28,252270.851
300567.SZ,20241029,63.25,63.8,60.79,60.79,63.34,-2.55,-4.0259,116126.41,722547.821
300568.SZ,20241029,10.76,11.11,10.71,10.74,10.74,0.0,0.0,792270.3,863580.136
300569.SZ,20241029,5.5,5.58,5.28,5.28,5.49,-0.21,-3.8251,340595.62,183621.504
300570.SZ,20241029,70.0,72.0,67.25,68.71,70.79,-2.08,-2.9383,322962.93,2239439.979
300571.SZ,20241029,29.77,29.81,27.28,27.61,29.86,-2.25,-7.5352,161824.0,456476.045
300572.SZ,20241029,17.15,17.64,16.77,16.85,17.27,-0.42,-2.432,107009.0,183685.365
300573.SZ,20241029,93.0,95.34,88.68,89.31,97.52,-8.21,-8.4188,190588.22,1742383.51
300575.SZ,20241029,6.65,6.78,6.32,6.37,6.7,-0.33,-4.9254,120071.41,77726.191
300576.SZ,20241029,49.49,51.64,48.82,50.2,49.49,0.71,1.4346,272730.2,1366668.441
300577.SZ,20241029,24.55,24.55,23.61,23.7,24.32,-0.62,-2.5493,19794.99,47418.403
300578.SZ,20241029,20.0,23.52,19.51,23.52,19.6,3.92,20.0,396992.74,857606.463
300579.SZ,20241029,29.05,33.88,28.6,30.62,29.13,1.49,5.115,196991.08,608990.791
300580.SZ,20241029,17.09,17.41,16.71,16.8,17.09,-0.29,-1.6969,184878.03,314849.359
300581.SZ,20241029,11.0,11.25,10.62,10.64,11.03,-0.39,-3.5358,284813.32,309632.333
300582.SZ,20241029,11.91,12.73,11.75,12.15,11.88,0.27,2.2727,166719.82,203121.587
300583.SZ,20241029,25.15,26.6,24.7,25.59,24.93,0.66,2.6474,89940.31,230985.674
300584.SZ,20241029,23.45,23.67,22.45,22.56,23.47,-0.91,-3.8773,63793.0,146438.59
300585.SZ,20241029,14.4,14.61,14.07,14.1,14.47,-0.37,-2.557,100197.0,142901.702
300586.SZ,20241029,8.39,8.4,8.05,8.06,8.4,-0.34,-4.0476,187543.67,153616.611
300587.SZ,20241029,5.16,5.21,4.95,4.98,5.15,-0.17,-3.301,280749.16,141260.591
300588.SZ,20241029,16.11,16.33,14.8,14.85,14.77,0.08,0.5416,321715.2,498969.986
300589.SZ,20241029,13.71,13.88,13.33,13.36,13.7,-0.34,-2.4818,131177.36,177812.728
300590.SZ,20241029,15.15,15.19,14.49,14.5,15.07,-0.57,-3.7823,219742.11,325196.606
300591.SZ,20241029,5.97,6.6,5.92,6.38,5.93,0.45,7.5885,707534.89,441442.643
300592.SZ,20241029,13.2,13.38,12.65,12.67,13.16,-0.49,-3.7234,140186.79,182199.221
300593.SZ,20241029,14.26,14.55,13.78,13.81,14.36,-0.55,-3.8301,186660.2,262402.007
300594.SZ,20241029,20.12,20.4,19.1,19.22,20.47,-1.25,-6.1065,91820.98,181252.205
300595.SZ,20241029,19.67,20.05,19.01,19.11,19.7,-0.59,-2.9949,151184.49,292961.04
300596.SZ,20241029,29.63,29.63,28.07,28.28,29.98,-1.7,-5.6704,73305.58,209716.286
300597.SZ,20241029,9.11,9.16,8.83,8.84,9.12,-0.28,-3.0702,127340.0,114410.89
300598.SZ,20241029,60.28,63.79,60.0,60.81,60.28,0.53,0.8792,242729.16,1498648.407
300599.SZ,20241029,8.3,8.35,7.76,7.79,8.29,-0.5,-6.0314,206921.79,164423.339
300600.SZ,20241029,7.4,7.41,7.12,7.15,7.36,-0.21,-2.8533,61719.28,44521.176
300601.SZ,20241029,20.71,20.77,19.1,19.21,20.65,-1.44,-6.9734,379661.9,749068.775
300602.SZ,20241029,20.3,21.1,20.01,20.6,20.21,0.39,1.9297,352358.85,727744.144
300603.SZ,20241029,10.61,10.7,9.83,9.86,10.3,-0.44,-4.2718,403267.44,407036.044
300604.SZ,20241029,44.0,44.69,42.14,42.17,44.05,-1.88,-4.2679,420684.93,1831283.561
300605.SZ,20241029,13.61,13.61,12.95,12.97,13.58,-0.61,-4.4919,78456.32,103321.233
300606.SZ,20241029,24.2,25.85,23.64,25.2,24.19,1.01,4.1753,234963.98,582922.219
300607.SZ,20241029,13.01,13.24,12.7,12.71,12.79,-0.08,-0.6255,152817.6,198111.233
300608.SZ,20241029,13.27,14.0,12.99,13.75,13.27,0.48,3.6172,345038.86,468600.53
300609.SZ,20241029,34.3,34.36,32.45,32.5,33.9,-1.4,-4.1298,83230.0,276234.911
300610.SZ,20241029,10.39,10.45,9.9,9.96,10.4,-0.44,-4.2308,67562.5,68442.688
300611.SZ,20241029,11.0,11.42,10.73,10.74,10.94,-0.2,-1.8282,151796.4,167139.421
300612.SZ,20241029,17.23,17.44,16.12,16.22,17.1,-0.88,-5.1462,152183.41,252854.671
300613.SZ,20241029,48.5,51.15,48.22,48.35,47.84,0.51,1.0661,149630.73,743314.52
300614.SZ,20241029,11.39,11.69,10.75,10.79,11.39,-0.6,-5.2678,41001.0,45219.364
300615.SZ,20241029,12.41,12.8,12.31,12.57,12.45,0.12,0.9639,113435.91,142750.508
300616.SZ,20241029,14.2,14.33,13.37,13.39,14.08,-0.69,-4.9006,92206.9,126350.566
300617.SZ,20241029,28.18,28.49,27.28,27.28,27.94,-0.66,-2.3622,18986.4,52805.731
300618.SZ,20241029,37.26,37.44,35.59,35.62,37.15,-1.53,-4.1184,150390.59,545312.156
300619.SZ,20241029,30.52,31.14,29.57,29.59,30.4,-0.81,-2.6645,47112.2,141807.063
300620.SZ,20241029,53.99,54.02,51.15,51.15,54.76,-3.61,-6.5924,253554.39,1326425.871
300621.SZ,20241029,12.3,12.98,11.3,11.56,12.12,-0.56,-4.6205,506807.99,621434.15
300622.SZ,20241029,29.07,31.9,27.68,29.46,29.11,0.35,1.2023,270877.18,795880.114
300623.SZ,20241029,45.0,47.89,44.0,44.01,46.0,-1.99,-4.3261,972233.9,4463541.501
300624.SZ,20241029,65.0,66.66,62.29,62.3,64.96,-2.66,-4.0948,184829.01,1179215.919
300625.SZ,20241029,12.07,12.18,11.71,11.76,12.1,-0.34,-2.8099,28594.96,34055.915
300626.SZ,20241029,10.19,10.38,9.88,9.91,10.16,-0.25,-2.4606,76897.75,77570.145
300627.SZ,20241029,36.71,37.65,36.36,36.95,36.67,0.28,0.7636,123616.08,458395.107
300628.SZ,20241029,40.68,40.86,39.52,39.73,40.67,-0.94,-2.3113,120087.75,480738.7
300629.SZ,20241029,21.4,22.15,20.98,21.04,20.91,0.13,0.6217,197305.38,424579.557
300630.SZ,20241029,11.39,11.6,10.8,10.85,11.62,-0.77,-6.6265,468791.08,521300.231
300631.SZ,20241029,24.34,24.42,22.88,23.1,24.23,-1.13,-4.6636,66541.76,155997.166
300632.SZ,20241029,12.44,12.45,12.1,12.19,12.35,-0.16,-1.2955,70120.51,85830.444
300633.SZ,20241029,37.33,37.68,35.0,35.4,37.47,-2.07,-5.5244,101158.4,362874.703
300634.SZ,20241029,24.18,24.49,21.9,21.95,23.45,-1.5,-6.3966,529915.78,1209920.93
300635.SZ,20241029,11.6,11.66,10.93,10.96,11.7,-0.74,-6.3248,127624.6,143500.499
300636.SZ,20241029,9.02,9.03,8.6,8.63,9.01,-0.38,-4.2175,119342.16,104396.164
300637.SZ,20241029,11.62,11.77,11.01,11.01,11.6,-0.59,-5.0862,221761.5,251524.792
300638.SZ,20241029,16.76,17.3,16.45,16.5,16.2,0.3,1.8519,626161.78,1050163.406
300639.SZ,20241029,6.68,6.73,6.27,6.3,6.55,-0.25,-3.8168,195133.72,125740.114
300640.SZ,20241029,5.28,5.35,5.09,5.13,5.24,-0.11,-2.0992,112770.5,58787.608
300641.SZ,20241029,26.0,29.14,25.79,27.26,25.78,1.48,5.7409,694330.46,1921460.703
300642.SZ,20241029,15.56,15.9,14.81,14.83,15.25,-0.42,-2.7541,62072.4,94823.725
300643.SZ,20241029,13.3,13.45,12.89,12.9,13.38,-0.48,-3.5874,95791.0,125547.458
300644.SZ,20241029,23.1,23.28,22.06,22.09,23.53,-1.44,-6.1198,99283.9,222838.952
300645.SZ,20241029,16.38,16.99,16.21,16.66,16.16,0.5,3.0941,132051.18,219056.116
300647.SZ,20241029,7.1,7.1,6.7,6.71,7.08,-0.37,-5.226,402417.0,276602.093
300648.SZ,20241029,25.52,26.49,25.06,25.09,25.47,-0.38,-1.492,47025.01,120887.501
300649.SZ,20241029,12.2,12.47,11.81,11.85,12.15,-0.3,-2.4691,42458.0,51244.694
300650.SZ,20241029,11.79,11.79,11.39,11.4,11.78,-0.38,-3.2258,106723.0,123666.098
300651.SZ,20241029,13.84,13.94,13.29,13.29,13.75,-0.46,-3.3455,33988.0,45973.156
300652.SZ,20241029,35.0,36.17,33.8,33.8,35.73,-1.93,-5.4016,59027.13,204028.67
300653.SZ,20241029,23.44,24.18,22.84,22.88,23.4,-0.52,-2.2222,42975.14,100760.82
300654.SZ,20241029,11.2,11.3,10.3,10.3,10.88,-0.58,-5.3309,250557.49,267617.768
300655.SZ,20241029,10.26,10.54,10.02,10.11,10.18,-0.07,-0.6876,780775.83,799734.283
300656.SZ,20241029,36.22,42.29,34.18,40.08,35.7,4.38,12.2689,307288.3,1170069.335
300657.SZ,20241029,18.52,18.63,17.73,17.75,18.25,-0.5,-2.7397,290263.07,525898.191
300658.SZ,20241029,5.88,6.0,5.55,5.59,5.74,-0.15,-2.6132,101683.24,58177.821
300659.SZ,20241029,18.16,18.31,17.48,17.51,18.33,-0.82,-4.4735,152180.46,269459.598
300660.SZ,20241029,29.39,30.1,29.0,29.03,29.13,-0.1,-0.3433,89725.45,264931.506
300661.SZ,20241029,92.0,94.23,90.65,91.83,92.02,-0.19,-0.2065,79808.84,735785.645
300662.SZ,20241029,20.67,20.95,19.72,19.87,20.56,-0.69,-3.356,73485.0,148461.768
300663.SZ,20241029,23.85,24.85,23.3,23.82,23.82,0.0,0.0,745567.92,1792511.635
300664.SZ,20241029,5.12,5.14,4.91,4.92,5.1,-0.18,-3.5294,143936.5,71936.732
300665.SZ,20241029,6.81,6.95,6.64,6.71,6.83,-0.12,-1.757,100437.43,67926.155
300666.SZ,20241029,67.49,69.11,66.01,66.1,67.49,-1.39,-2.0596,119953.1,810245.328
300667.SZ,20241029,22.71,23.05,21.66,21.83,23.38,-1.55,-6.6296,244492.25,540569.625
300668.SZ,20241029,20.7,21.65,20.31,20.9,21.02,-0.12,-0.5709,51923.5,108922.787
300669.SZ,20241029,20.66,20.75,19.44,20.25,20.33,-0.08,-0.3935,52573.75,105369.609
300670.SZ,20241029,6.99,7.1,6.75,6.78,6.98,-0.2,-2.8653,155118.34,106495.445
300671.SZ,20241029,44.43,45.18,42.91,42.91,44.54,-1.63,-3.6596,125864.95,555369.404
300672.SZ,20241029,72.8,73.8,70.2,70.25,72.42,-2.17,-2.9964,120429.01,868355.048
300673.SZ,20241029,16.71,16.71,15.9,16.02,16.67,-0.65,-3.8992,105378.0,170578.575
300674.SZ,20241029,23.99,25.74,23.83,24.46,23.44,1.02,4.3515,1168820.63,2903148.158
300675.SZ,20241029,16.01,16.29,15.36,15.36,16.39,-1.03,-6.2843,150135.0,236267.75
300676.SZ,20241029,47.36,48.44,46.3,46.44,46.15,0.29,0.6284,101213.35,480221.162
300677.SZ,20241029,27.24,27.41,26.43,26.51,26.97,-0.46,-1.7056,212678.74,571372.553
300678.SZ,20241029,37.8,40.69,36.7,39.5,37.65,1.85,4.9137,425495.64,1656691.956
300679.SZ,20241029,43.82,46.15,43.67,45.18,44.18,1.0,2.2635,132172.0,597068.037
300680.SZ,20241029,20.85,21.96,20.53,21.03,21.15,-0.12,-0.5674,220260.34,465845.004
300681.SZ,20241029,19.02,19.98,18.44,19.11,19.1,0.01,0.0524,162680.06,310558.276
300682.SZ,20241029,12.31,12.38,11.86,11.88,12.29,-0.41,-3.336,196251.65,237315.359
300683.SZ,20241029,28.55,29.97,27.5,27.51,28.11,-0.6,-2.1345,47599.22,136541.546
300684.SZ,20241029,21.58,21.79,20.89,21.02,21.58,-0.56,-2.595,201736.5,429520.767
300685.SZ,20241029,25.51,25.55,24.52,24.55,25.6,-1.05,-4.1016,85296.49,212918.463
300686.SZ,20241029,10.56,10.64,10.17,10.19,10.64,-0.45,-4.2293,188811.59,195400.665
300687.SZ,20241029,19.31,19.55,18.95,19.02,19.26,-0.24,-1.2461,129282.4,248878.44
300688.SZ,20241029,36.07,39.22,35.6,36.98,33.23,3.75,11.285,612473.24,2305274.452
300689.SZ,20241029,26.08,26.18,25.25,25.44,26.05,-0.61,-2.3417,27424.3,70569.41
300690.SZ,20241029,27.4,27.84,26.6,26.65,27.99,-1.34,-4.7874,199436.76,540022.961
300691.SZ,20241029,20.56,20.68,19.78,19.8,20.32,-0.52,-2.5591,145758.92,294655.658
300692.SZ,20241029,5.67,5.68,5.4,5.42,5.66,-0.24,-4.2403,136638.5,75215.65
300693.SZ,20241029,26.44,26.96,25.61,25.64,26.5,-0.86,-3.2453,140277.41,365588.177
300694.SZ,20241029,10.3,10.37,9.87,9.9,10.33,-0.43,-4.1626,76223.0,76673.548
300695.SZ,20241029,41.9,42.04,41.0,41.53,41.91,-0.38,-0.9067,7573.27,31486.367
300696.SZ,20241029,18.01,18.53,17.43,17.47,18.24,-0.77,-4.2215,114535.34,205079.72
300697.SZ,20241029,13.45,13.46,12.91,12.99,13.47,-0.48,-3.5635,91970.25,120643.458
300698.SZ,20241029,45.45,45.45,43.2,43.76,45.31,-1.55,-3.4209,38311.13,169686.116
300699.SZ,20241029,35.62,36.2,34.81,34.9,36.39,-1.49,-4.0945,213098.66,753889.757
300700.SZ,20241029,7.7,7.92,7.39,7.4,7.66,-0.26,-3.3943,100203.91,75868.085
300701.SZ,20241029,10.15,10.17,9.71,9.75,10.12,-0.37,-3.6561,93061.37,92120.406
300702.SZ,20241029,17.9,17.99,16.83,16.91,17.64,-0.73,-4.1383,48966.09,84760.595
300703.SZ,20241029,9.93,10.15,9.17,9.22,9.54,-0.32,-3.3543,102474.18,97571.301
300705.SZ,20241029,24.91,25.89,24.88,24.94,24.36,0.58,2.381,236017.38,598298.48
300706.SZ,20241029,24.54,24.7,23.7,23.74,24.5,-0.76,-3.102,58780.0,141752.345
300707.SZ,20241029,13.49,13.63,13.2,13.31,13.49,-0.18,-1.3343,105218.16,140996.839
300708.SZ,20241029,12.35,12.6,12.08,12.1,12.36,-0.26,-2.1036,432253.1,533348.603
300709.SZ,20241029,47.25,50.08,46.57,49.76,47.75,2.01,4.2094,276067.7,1351646.405
300710.SZ,20241029,21.5,21.68,20.36,20.4,21.87,-1.47,-6.7215,127806.66,266900.635
300711.SZ,20241029,21.8,22.17,20.96,20.96,22.03,-1.07,-4.857,186542.45,397773.414
300712.SZ,20241029,25.5,25.64,24.59,24.7,25.35,-0.65,-2.5641,28933.89,72187.881
300713.SZ,20241029,16.73,17.08,16.01,16.07,17.0,-0.93,-5.4706,84240.9,137883.845
300715.SZ,20241029,7.92,7.95,7.57,7.61,7.92,-0.31,-3.9141,32178.0,24835.908
300716.SZ,20241029,11.68,12.06,11.3,11.32,11.75,-0.43,-3.6596,85666.0,99124.699
300717.SZ,20241029,15.72,15.85,15.26,15.29,15.73,-0.44,-2.7972,26115.0,40392.926
300718.SZ,20241029,17.02,17.12,16.41,16.45,17.02,-0.57,-3.349,80917.82,134764.347
300719.SZ,20241029,22.76,23.64,21.81,21.98,24.21,-2.23,-9.2111,368563.01,828078.261
300720.SZ,20241029,18.39,20.05,17.71,19.26,18.18,1.08,5.9406,167093.76,317827.609
300721.SZ,20241029,14.31,14.4,13.66,13.68,14.22,-0.54,-3.7975,86207.3,120587.469
300722.SZ,20241029,32.05,33.2,31.6,32.18,32.36,-0.18,-0.5562,139192.09,449492.347
300723.SZ,20241029,17.37,17.49,16.35,16.4,16.97,-0.57,-3.3589,87260.6,145690.994
300724.SZ,20241029,78.46,80.2,74.0,74.2,76.05,-1.85,-2.4326,264182.41,2019910.493
300725.SZ,20241029,38.5,39.14,36.88,36.9,38.79,-1.89,-4.8724,115355.3,433887.789
300726.SZ,20241029,34.25,34.5,32.96,33.01,34.25,-1.24,-3.6204,105169.44,352681.108
300727.SZ,20241029,28.93,28.93,27.52,27.55,28.83,-1.28,-4.4398,49969.41,140233.642
300729.SZ,20241029,16.53,16.62,16.02,16.05,16.38,-0.33,-2.0147,77355.71,126077.747
300730.SZ,20241029,14.13,15.0,13.8,14.57,14.17,0.4,2.8229,301597.99,434911.788
300731.SZ,20241029,25.83,25.88,24.34,24.54,26.34,-1.8,-6.8337,242907.78,606110.791
300732.SZ,20241029,8.3,8.75,7.99,8.0,8.3,-0.3,-3.6145,237716.79,195713.684
300733.SZ,20241029,12.34,12.43,11.76,11.88,12.34,-0.46,-3.7277,141910.2,170619.23
300735.SZ,20241029,37.19,41.88,36.5,38.07,36.42,1.65,4.5305,1151641.01,4486608.837
300736.SZ,20241029,11.05,11.68,10.72,11.37,11.07,0.3,2.71,212183.01,238902.869
300737.SZ,20241029,5.9,5.95,5.58,5.59,5.86,-0.27,-4.6075,285132.92,163264.757
300738.SZ,20241029,12.98,13.13,12.57,12.85,12.74,0.11,0.8634,798477.77,1026535.191
300739.SZ,20241029,14.4,14.41,13.95,14.03,14.41,-0.38,-2.6371,87206.33,123363.734
300740.SZ,20241029,13.91,14.03,13.38,13.39,13.99,-0.6,-4.2888,111725.95,152224.716
300741.SZ,20241029,18.16,18.21,17.48,17.6,18.1,-0.5,-2.7624,28608.0,50842.016
300743.SZ,20241029,16.62,17.15,16.29,16.35,16.61,-0.26,-1.5653,105765.97,176436.16
300745.SZ,20241029,17.85,18.05,17.21,17.28,17.83,-0.55,-3.0847,51778.0,90739.706
300746.SZ,20241029,18.7,18.75,17.51,17.51,18.94,-1.43,-7.5502,238380.46,431558.904
300747.SZ,20241029,20.17,21.83,19.47,20.8,19.96,0.84,4.2084,467329.08,961775.46
300748.SZ,20241029,18.05,18.34,17.08,17.54,17.95,-0.41,-2.2841,733749.56,1293237.191
300749.SZ,20241029,6.72,6.75,6.5,6.52,6.7,-0.18,-2.6866,56008.0,36959.45
300750.SZ,20241029,256.24,257.71,251.24,251.78,256.24,-4.46,-1.7406,269948.08,6853075.171
300751.SZ,20241029,113.65,116.88,104.39,104.91,111.21,-6.3,-5.665,80129.94,870524.588
300752.SZ,20241029,16.73,16.97,16.29,16.65,16.7,-0.05,-0.2994,94095.0,155831.797
300753.SZ,20241029,15.69,15.76,14.87,15.08,15.12,-0.04,-0.2646,76001.01,116486.348
300755.SZ,20241029,18.18,18.3,17.1,17.1,18.39,-1.29,-7.0147,107274.0,188617.908
300756.SZ,20241029,15.38,15.96,14.92,15.12,15.12,0.0,0.0,84811.63,131109.081
300757.SZ,20241029,200.01,223.97,199.68,205.0,199.59,5.41,2.7106,148710.04,3141575.555
300758.SZ,20241029,14.16,14.24,13.66,13.68,14.16,-0.48,-3.3898,187797.54,260793.216
300759.SZ,20241029,32.0,32.54,29.89,30.01,31.72,-1.71,-5.3909,612203.39,1892697.98
300760.SZ,20241029,277.45,279.95,269.97,271.24,278.27,-7.03,-2.5263,83834.65,2291595.962
300761.SZ,20241029,22.5,22.5,21.56,21.65,22.34,-0.69,-3.0886,102664.34,224551.641
300762.SZ,20241029,19.63,20.18,19.44,19.45,19.73,-0.28,-1.4192,418074.03,826705.413
300763.SZ,20241029,78.23,79.27,73.6,74.47,76.39,-1.92,-2.5134,154651.69,1168989.662
300765.SZ,20241029,29.3,29.48,28.08,28.17,29.24,-1.07,-3.6594,121376.78,348177.465
300766.SZ,20241029,15.39,15.48,14.48,14.52,15.25,-0.73,-4.7869,229846.43,341377.465
300767.SZ,20241029,11.36,11.5,10.8,10.82,11.35,-0.53,-4.6696,93404.41,103608.573
300768.SZ,20241029,24.0,26.55,22.52,24.8,23.62,1.18,4.9958,564290.64,1392197.874
300769.SZ,20241029,43.11,44.1,41.18,41.29,43.09,-1.8,-4.1773,203619.75,860424.93
300770.SZ,20241029,41.18,41.63,39.77,39.88,40.98,-1.1,-2.6842,47293.61,191861.932
300771.SZ,20241029,11.42,11.63,11.15,11.29,11.45,-0.16,-1.3974,122810.41,139099.846
300772.SZ,20241029,13.49,13.62,13.08,13.13,13.39,-0.26,-1.9417,201162.95,265836.402
300773.SZ,20241029,22.46,22.64,21.48,21.49,22.44,-0.95,-4.2335,603426.7,1331176.755
300774.SZ,20241029,9.39,9.41,8.88,8.88,9.36,-0.48,-5.1282,85789.0,77989.962
300775.SZ,20241029,28.6,28.88,27.6,27.64,28.76,-1.12,-3.8943,249189.12,699539.06
300776.SZ,20241029,83.98,88.1,76.02,76.69,83.0,-6.31,-7.6024,186413.1,1493252.313
300777.SZ,20241029,31.45,32.1,30.52,30.6,31.87,-1.27,-3.9849,174391.23,545177.143
300778.SZ,20241029,13.1,13.25,12.4,12.45,13.2,-0.75,-5.6818,98914.84,126610.082
300779.SZ,20241029,86.01,90.8,86.01,87.62,86.4,1.22,1.412,71474.72,631801.23
300780.SZ,20241029,16.5,17.3,15.78,16.75,16.44,0.31,1.8856,127053.0,209473.712
300781.SZ,20241029,79.82,79.82,79.82,79.82,66.52,13.3,19.994,17190.97,137218.323
300782.SZ,20241029,104.15,105.25,100.3,100.68,103.9,-3.22,-3.0991,167469.16,1722527.623
300783.SZ,20241029,28.0,30.0,26.96,27.2,26.52,0.68,2.5641,358350.39,995452.588
300784.SZ,20241029,66.38,66.8,62.57,62.57,64.8,-2.23,-3.4414,18733.25,120292.416
300785.SZ,20241029,30.67,30.67,28.16,28.23,30.82,-2.59,-8.4036,277817.84,807841.189
300786.SZ,20241029,17.25,17.79,16.22,16.27,17.2,-0.93,-5.407,250828.72,422849.509
300787.SZ,20241029,13.99,14.06,13.47,13.53,13.94,-0.41,-2.9412,56897.4,77965.848
300788.SZ,20241029,34.11,34.11,31.58,31.65,33.87,-2.22,-6.5545,131544.0,426367.964
300789.SZ,20241029,16.09,16.09,15.3,15.36,15.88,-0.52,-3.2746,39724.59,62112.342
300790.SZ,20241029,16.97,17.13,16.49,16.51,16.95,-0.44,-2.5959,138173.93,230945.288
300791.SZ,20241029,28.29,28.3,26.75,26.8,27.85,-1.05,-3.7702,50175.2,137017.416
300792.SZ,20241029,21.66,21.79,20.59,20.61,21.46,-0.85,-3.9609,73722.01,155318.904
300793.SZ,20241029,16.81,17.22,16.34,16.68,16.96,-0.28,-1.6509,274378.95,461381.682
300795.SZ,20241029,21.2,21.61,19.82,19.85,21.45,-1.6,-7.4592,73661.36,151450.322
300796.SZ,20241029,11.45,11.55,11.12,11.12,11.73,-0.61,-5.2003,111366.57,126443.845
300797.SZ,20241029,12.95,12.95,12.37,12.4,12.87,-0.47,-3.6519,71914.5,90460.744
300798.SZ,20241029,6.74,7.07,6.5,6.75,6.75,0.0,0.0,212128.0,143806.823
300800.SZ,20241029,11.53,11.58,11.04,11.05,11.53,-0.48,-4.1631,43268.5,48566.487
300801.SZ,20241029,16.05,16.11,15.48,15.57,16.08,-0.51,-3.1716,35898.0,56415.91
300802.SZ,20241029,18.1,18.19,17.7,17.75,18.18,-0.43,-2.3652,42250.34,75771.749
300803.SZ,20241029,98.18,102.5,95.13,96.58,98.1,-1.52,-1.5494,384663.05,3786702.817
300804.SZ,20241029,25.38,25.6,24.01,24.51,25.36,-0.85,-3.3517,11937.47,29599.395
300805.SZ,20241029,8.85,9.0,8.42,8.49,8.91,-0.42,-4.7138,118403.0,102451.435
300806.SZ,20241029,13.29,13.44,12.96,12.97,13.19,-0.22,-1.6679,108288.2,142786.834
300807.SZ,20241029,36.3,36.56,34.4,34.43,36.56,-2.13,-5.826,54107.0,191209.329
300808.SZ,20241029,25.0,25.0,22.68,22.8,24.77,-1.97,-7.9532,98616.05,231977.761
300809.SZ,20241029,23.66,24.0,22.94,23.03,23.82,-0.79,-3.3165,67277.65,157912.908
300810.SZ,20241029,24.61,25.38,23.47,23.55,24.68,-1.13,-4.5786,72920.92,176384.645
300811.SZ,20241029,47.37,47.55,46.41,46.56,47.3,-0.74,-1.5645,68332.23,320192.186
300812.SZ,20241029,27.5,28.96,26.6,26.7,28.07,-1.37,-4.8807,176704.48,483819.286
300813.SZ,20241029,20.78,21.17,20.12,20.16,20.67,-0.51,-2.4673,26869.71,55237.045
300814.SZ,20241029,33.15,33.28,32.19,32.2,33.07,-0.87,-2.6308,53907.89,176226.832
300815.SZ,20241029,15.6,16.3,15.2,15.56,15.49,0.07,0.4519,158012.5,248700.176
300816.SZ,20241029,24.86,25.11,23.73,23.94,24.91,-0.97,-3.894,22796.88,55210.997
300817.SZ,20241029,14.6,14.88,14.2,14.2,15.07,-0.87,-5.7731,191261.53,277016.855
300818.SZ,20241029,28.73,28.87,27.62,27.85,28.79,-0.94,-3.265,41110.88,115111.592
300819.SZ,20241029,13.39,13.42,12.8,12.83,13.2,-0.37,-2.803,21436.04,27892.639
300820.SZ,20241029,49.99,50.61,47.9,48.54,49.68,-1.14,-2.2947,39337.73,192083.462
300821.SZ,20241029,8.7,8.82,8.4,8.43,8.7,-0.27,-3.1034,148724.85,127248.864
300822.SZ,20241029,12.89,13.04,12.53,12.6,13.03,-0.43,-3.3001,94878.07,121327.419
300823.SZ,20241029,13.75,13.77,13.0,13.0,13.55,-0.55,-4.059,52915.0,70388.923
300824.SZ,20241029,9.08,9.08,8.71,8.74,9.08,-0.34,-3.7445,69020.5,61058.674
300825.SZ,20241029,11.93,12.29,11.58,11.64,11.46,0.18,1.5707,561652.92,666745.98
300826.SZ,20241029,16.67,16.75,16.05,16.08,16.65,-0.57,-3.4234,91336.19,149010.187
300827.SZ,20241029,39.94,41.8,39.94,40.52,38.25,2.27,5.9346,294298.74,1203510.226
300828.SZ,20241029,14.18,14.49,13.8,13.88,14.17,-0.29,-2.0466,53091.0,74748.868
300829.SZ,20241029,16.77,16.88,16.02,16.03,16.6,-0.57,-3.4337,30338.32,49402.067
300830.SZ,20241029,8.5,8.5,8.01,8.22,8.5,-0.28,-3.2941,276531.09,226650.187
300831.SZ,20241029,16.9,17.27,16.33,16.35,17.09,-0.74,-4.33,231849.91,388533.321
300832.SZ,20241029,73.87,74.33,69.61,70.15,73.93,-3.78,-5.1129,77750.16,550993.72
300833.SZ,20241029,40.52,40.87,39.38,39.49,40.46,-0.97,-2.3974,20300.45,80985.613
300834.SZ,20241029,21.37,21.37,20.42,20.44,21.07,-0.63,-2.99,15294.4,31752.261
300835.SZ,20241029,30.46,31.05,29.56,29.91,30.69,-0.78,-2.5415,50992.66,154098.527
300836.SZ,20241029,48.29,49.0,47.0,47.02,48.01,-0.99,-2.0621,11284.3,53799.117
300837.SZ,20241029,23.15,23.16,22.0,22.08,23.04,-0.96,-4.1667,18563.0,41650.607
300838.SZ,20241029,12.85,13.78,12.55,13.13,12.81,0.32,2.498,71400.03,94293.793
300839.SZ,20241029,7.95,7.95,7.44,7.49,8.1,-0.61,-7.5309,98281.12,74892.532
300840.SZ,20241029,12.53,12.8,11.7,12.23,12.03,0.2,1.6625,453070.53,554392.18
300841.SZ,20241029,63.65,64.1,60.6,60.67,64.29,-3.62,-5.6307,71063.25,441367.098
300842.SZ,20241029,47.0,48.84,44.51,44.68,46.5,-1.82,-3.914,92481.03,426569.375
300843.SZ,20241029,33.19,33.19,31.2,31.25,33.0,-1.75,-5.303,102116.89,326147.188
300844.SZ,20241029,32.9,32.9,31.35,31.38,32.75,-1.37,-4.1832,21273.55,68110.944
300845.SZ,20241029,14.4,14.51,14.05,14.21,14.31,-0.1,-0.6988,79970.37,114153.983
300846.SZ,20241029,16.78,17.12,15.07,15.07,14.88,0.19,1.2769,1539931.54,2472998.992
300847.SZ,20241029,19.58,20.08,18.8,18.88,19.62,-0.74,-3.7717,154825.11,300093.213
300848.SZ,20241029,16.65,16.71,15.77,15.83,16.56,-0.73,-4.4082,57208.03,92549.82
300849.SZ,20241029,15.0,15.09,14.23,14.25,15.02,-0.77,-5.1265,53447.5,77841.306
300850.SZ,20241029,23.86,24.39,22.01,22.1,23.78,-1.68,-7.0648,225493.71,513886.227
300851.SZ,20241029,29.78,29.96,28.52,28.67,29.8,-1.13,-3.7919,30125.72,87519.707
300852.SZ,20241029,28.81,28.97,27.63,27.73,29.18,-1.45,-4.9692,57361.33,160815.806
300853.SZ,20241029,18.51,18.68,17.81,17.85,18.69,-0.84,-4.4944,82882.19,150002.34
300854.SZ,20241029,13.78,14.08,13.36,13.5,13.75,-0.25,-1.8182,36779.83,50136.275
300855.SZ,20241029,26.48,26.48,25.68,25.7,26.3,-0.6,-2.2814,46318.19,119925.27
300856.SZ,20241029,27.86,28.1,26.75,26.78,27.93,-1.15,-4.1174,134765.21,369183.909
300857.SZ,20241029,77.14,77.4,74.01,74.55,77.9,-3.35,-4.3004,159780.5,1208198.967
300858.SZ,20241029,15.99,16.08,15.32,15.4,16.04,-0.64,-3.99,50083.1,77938.747
300859.SZ,20241029,38.54,39.94,37.4,37.57,38.53,-0.96,-2.4916,104680.24,403093.685
300860.SZ,20241029,28.0,28.29,26.2,26.25,26.67,-0.42,-1.5748,58535.84,157702.917
300861.SZ,20241029,25.18,27.82,24.18,24.2,23.99,0.21,0.8754,228432.59,590312.314
300862.SZ,20241029,35.5,38.0,33.33,36.4,36.76,-0.36,-0.9793,279943.96,1012945.64
300863.SZ,20241029,44.05,44.79,43.62,43.7,44.07,-0.37,-0.8396,47838.83,211338.762
300864.SZ,20241029,23.52,23.7,22.95,23.03,23.33,-0.3,-1.2859,14816.41,34345.201
300865.SZ,20241029,34.51,36.88,33.4,33.7,35.25,-1.55,-4.3972,101666.07,355150.557
300866.SZ,20241029,85.0,85.51,82.8,83.91,84.51,-0.6,-0.71,61785.8,518750.096
300867.SZ,20241029,14.2,14.24,13.61,13.62,14.16,-0.54,-3.8136,46169.0,63869.795
300868.SZ,20241029,25.87,29.5,25.5,28.2,25.27,2.93,11.5948,181336.03,495435.489
300869.SZ,20241029,16.93,16.95,15.9,16.02,16.64,-0.62,-3.726,73544.46,120019.123
300870.SZ,20241029,55.65,55.66,54.08,54.35,55.65,-1.3,-2.336,21157.0,116050.912
300871.SZ,20241029,11.25,11.3,10.72,10.74,11.15,-0.41,-3.6771,32861.58,35812.257
300872.SZ,20241029,17.18,17.18,16.44,16.47,17.18,-0.71,-4.1327,260406.8,436905.702
300873.SZ,20241029,19.5,20.84,19.37,19.49,19.57,-0.08,-0.4088,134774.78,269085.371
300875.SZ,20241029,35.7,36.48,34.53,34.74,35.7,-0.96,-2.6891,60062.52,211857.377
300876.SZ,20241029,21.31,22.66,20.78,22.38,21.0,1.38,6.5714,40457.19,88403.44
300877.SZ,20241029,15.6,15.68,14.58,14.71,15.48,-0.77,-4.9742,32113.0,48236.274
300878.SZ,20241029,18.25,18.26,17.22,17.26,17.9,-0.64,-3.5754,23201.4,40666.633
300879.SZ,20241029,15.7,15.9,15.21,15.34,15.76,-0.42,-2.665,142744.58,220971.494
300880.SZ,20241029,22.72,22.85,21.88,21.9,22.64,-0.74,-3.2686,88704.34,197740.898
300881.SZ,20241029,37.5,37.64,35.01,35.4,37.96,-2.56,-6.7439,77650.92,278470.972
300882.SZ,20241029,15.65,15.83,15.15,15.16,15.65,-0.49,-3.131,56666.19,87277.835
300883.SZ,20241029,5.5,5.6,5.33,5.34,5.48,-0.14,-2.5547,82821.0,44713.239
300884.SZ,20241029,11.15,11.23,10.75,10.78,11.16,-0.38,-3.405,91905.54,100008.189
300885.SZ,20241029,10.68,11.08,10.38,10.55,10.69,-0.14,-1.3096,110731.32,118349.271
300886.SZ,20241029,22.42,22.53,21.3,21.4,22.37,-0.97,-4.3362,22498.45,48997.308
300887.SZ,20241029,8.53,8.54,8.05,8.05,8.49,-0.44,-5.1826,181597.95,149416.115
300888.SZ,20241029,31.6,33.26,31.48,31.9,30.58,1.32,4.3165,131544.12,424983.878
300889.SZ,20241029,13.63,13.63,13.1,13.15,13.55,-0.4,-2.952,44963.78,59759.065
300890.SZ,20241029,32.0,32.33,30.9,30.92,32.33,-1.41,-4.3613,92034.81,289038.646
300891.SZ,20241029,8.89,8.98,8.59,8.62,8.94,-0.32,-3.5794,80743.41,70469.444
300892.SZ,20241029,32.4,32.49,29.01,29.01,31.51,-2.5,-7.934,102791.1,311394.28
300893.SZ,20241029,31.43,32.54,30.66,32.32,31.5,0.82,2.6032,45007.72,143030.394
300894.SZ,20241029,15.15,15.15,14.15,14.15,15.02,-0.87,-5.7923,162919.09,236592.878
300895.SZ,20241029,38.8,38.89,37.26,37.39,38.73,-1.34,-3.4599,103304.76,392266.58
300896.SZ,20241029,229.0,229.0,217.01,217.01,225.0,-7.99,-3.5511,47513.17,1050004.481
300897.SZ,20241029,22.48,22.49,21.6,21.63,22.22,-0.59,-2.6553,15063.09,33107.486
300898.SZ,20241029,22.65,22.85,21.13,21.21,21.98,-0.77,-3.5032,51214.18,111443.037
300899.SZ,20241029,22.98,23.55,22.0,22.02,22.88,-0.86,-3.7587,29020.0,65295.33
300900.SZ,20241029,25.69,26.2,25.05,25.1,26.23,-1.13,-4.308,226923.65,578451.244
300901.SZ,20241029,9.79,9.98,9.62,9.64,9.8,-0.16,-1.6327,65732.58,63969.419
300902.SZ,20241029,20.17,20.36,19.35,19.4,20.23,-0.83,-4.1028,55557.2,110098.632
300903.SZ,20241029,8.8,8.91,8.52,8.55,8.87,-0.32,-3.6077,143505.97,124943.702
300904.SZ,20241029,47.4,47.97,45.36,45.64,47.4,-1.76,-3.7131,20757.77,96011.038
300905.SZ,20241029,31.27,31.7,29.65,29.72,31.43,-1.71,-5.4407,110224.76,335673.12
300906.SZ,20241029,23.78,24.0,23.01,23.15,23.88,-0.73,-3.057,14356.05,33566.995
300907.SZ,20241029,22.01,22.24,21.39,21.45,21.97,-0.52,-2.3669,14984.0,32518.359
300908.SZ,20241029,31.8,31.96,30.38,30.61,33.0,-2.39,-7.2424,51059.72,159779.049
300909.SZ,20241029,24.88,26.66,24.66,26.26,24.81,1.45,5.8444,122800.71,316456.908
300910.SZ,20241029,45.8,45.8,43.87,44.04,45.48,-1.44,-3.1662,21665.91,96526.508
300911.SZ,20241029,24.14,24.18,23.4,23.44,24.13,-0.69,-2.8595,31207.1,74112.717
300912.SZ,20241029,12.59,13.0,12.08,12.1,12.59,-0.49,-3.892,48873.95,60592.487
300913.SZ,20241029,37.98,37.98,36.6,36.76,37.95,-1.19,-3.1357,80174.09,298131.655
300915.SZ,20241029,33.31,33.95,32.03,32.22,33.03,-0.81,-2.4523,8909.0,29123.793
300916.SZ,20241029,28.18,28.9,27.14,27.23,27.99,-0.76,-2.7153,72421.51,201894.252
300917.SZ,20241029,62.28,65.73,60.03,60.18,64.02,-3.84,-5.9981,173456.37,1075190.832
300918.SZ,20241029,10.23,10.7,10.16,10.26,10.24,0.02,0.1953,67354.97,69999.854
300919.SZ,20241029,40.0,40.85,38.85,39.36,40.04,-0.68,-1.6983,97465.62,386323.988
300920.SZ,20241029,18.36,18.58,17.42,17.98,18.35,-0.37,-2.0163,26967.0,48371.599
300921.SZ,20241029,23.69,23.69,22.53,22.57,23.52,-0.95,-4.0391,39265.27,90306.83
300922.SZ,20241029,16.39,16.65,15.74,15.78,16.39,-0.61,-3.7218,81199.93,130581.938
300923.SZ,20241029,22.35,22.47,21.33,21.37,22.31,-0.94,-4.2134,27985.0,60878.186
300925.SZ,20241029,29.06,29.09,27.14,27.15,27.89,-0.74,-2.6533,702191.03,1972201.868
300926.SZ,20241029,24.85,24.9,23.53,23.7,24.59,-0.89,-3.6194,112189.71,268770.161
300927.SZ,20241029,20.94,22.78,20.41,22.4,20.79,1.61,7.7441,127432.97,278280.088
300928.SZ,20241029,37.65,38.17,36.6,36.6,37.83,-1.23,-3.2514,24887.0,92669.402
300929.SZ,20241029,9.62,9.85,9.4,9.51,9.6,-0.09,-0.9375,84688.38,81906.416
300930.SZ,20241029,24.49,24.64,23.38,23.46,24.42,-0.96,-3.9312,28287.0,67388.89
300931.SZ,20241029,6.95,7.0,6.69,6.69,6.89,-0.2,-2.9028,66051.0,44809.784
300932.SZ,20241029,14.38,14.48,13.8,13.83,14.32,-0.49,-3.4218,55771.97,78691.787
300933.SZ,20241029,7.09,7.15,6.83,6.86,7.06,-0.2,-2.8329,127877.0,88969.305
300935.SZ,20241029,22.21,22.88,21.2,21.24,22.26,-1.02,-4.5822,25111.2,54640.975
300936.SZ,20241029,51.48,52.18,49.59,51.54,53.24,-1.7,-3.1931,50367.77,257438.326
300937.SZ,20241029,24.4,24.64,23.41,23.49,24.4,-0.91,-3.7295,27722.0,66307.827
300938.SZ,20241029,22.9,22.9,21.85,21.92,22.83,-0.91,-3.986,37174.85,82827.994
300939.SZ,20241029,32.52,32.94,31.64,31.71,32.32,-0.61,-1.8874,39700.74,128346.728
300940.SZ,20241029,16.4,17.88,16.27,17.04,16.31,0.73,4.4758,260140.71,442941.485
300941.SZ,20241029,22.7,23.89,22.35,22.89,22.37,0.52,2.3245,177988.31,409637.769
300942.SZ,20241029,8.92,9.13,8.56,8.58,8.88,-0.3,-3.3784,73521.0,64661.559
300943.SZ,20241029,13.74,13.77,13.11,13.15,13.64,-0.49,-3.5924,64581.0,86256.202
300945.SZ,20241029,10.45,10.6,10.17,10.22,10.45,-0.23,-2.201,105371.17,109351.396
300946.SZ,20241029,29.19,29.48,28.06,28.11,28.96,-0.85,-2.9351,15549.4,44431.32
300947.SZ,20241029,19.38,19.42,18.15,18.28,19.44,-1.16,-5.9671,116259.6,217943.594
300948.SZ,20241029,11.27,11.34,10.72,10.73,11.34,-0.61,-5.3792,57480.54,63168.035
300949.SZ,20241029,34.76,35.15,32.71,32.85,34.48,-1.63,-4.7274,18776.0,63241.565
300950.SZ,20241029,18.9,19.77,18.2,18.33,18.89,-0.56,-2.9645,118031.7,224011.209
300951.SZ,20241029,31.68,31.82,30.57,30.61,31.65,-1.04,-3.2859,34519.9,107503.644
300952.SZ,20241029,21.14,21.15,20.33,20.33,21.23,-0.9,-4.2393,23324.0,48027.25
300953.SZ,20241029,71.0,71.5,67.4,68.93,68.81,0.12,0.1744,31896.3,221212.429
300955.SZ,20241029,15.89,16.23,15.34,15.42,15.72,-0.3,-1.9084,13913.6,21766.887
300956.SZ,20241029,19.52,19.91,19.02,19.15,19.66,-0.51,-2.5941,172743.06,336757.535
300957.SZ,20241029,53.44,54.64,52.38,52.76,53.43,-0.67,-1.254,66867.53,354351.575
300958.SZ,20241029,12.98,13.23,12.5,12.51,12.98,-0.47,-3.621,61832.42,79019.429
300959.SZ,20241029,31.81,31.98,30.85,30.94,31.75,-0.81,-2.5512,13600.5,42599.32
300960.SZ,20241029,23.34,23.52,22.2,22.21,23.26,-1.05,-4.5142,37178.0,83883.18
300961.SZ,20241029,10.89,11.05,10.35,10.37,10.87,-0.5,-4.5998,118626.06,125807.256
300962.SZ,20241029,16.5,16.67,15.9,15.96,16.43,-0.47,-2.8606,42490.43,68488.97
300963.SZ,20241029,9.45,9.55,8.99,9.01,9.36,-0.35,-3.7393,78481.63,72037.23
300964.SZ,20241029,42.02,42.8,40.7,41.28,42.42,-1.14,-2.6874,38410.5,160264.226
300965.SZ,20241029,35.22,36.0,33.01,33.18,33.82,-0.64,-1.8924,11000.65,38082.184
300966.SZ,20241029,21.0,23.46,20.58,20.73,19.9,0.83,4.1709,145354.11,313680.248
300967.SZ,20241029,13.13,13.18,12.57,12.62,13.19,-0.57,-4.3215,86603.06,110714.152
300968.SZ,20241029,11.56,13.46,11.39,13.46,11.22,2.24,19.9643,527645.92,672418.694
300969.SZ,20241029,74.79,75.47,71.8,72.2,74.6,-2.4,-3.2172,16517.63,121344.174
300970.SZ,20241029,13.63,13.7,13.11,13.17,13.76,-0.59,-4.2878,59906.0,80136.766
300971.SZ,20241029,21.61,21.98,20.9,21.37,21.61,-0.24,-1.1106,51068.88,109250.628
300972.SZ,20241029,63.0,69.48,63.0,69.48,57.9,11.58,20.0,70376.83,478767.541
300973.SZ,20241029,36.5,36.96,35.1,35.4,36.6,-1.2,-3.2787,23174.99,82924.393
300975.SZ,20241029,13.51,14.88,12.69,13.62,13.51,0.11,0.8142,1784263.1,2463277.035
300976.SZ,20241029,64.28,64.28,61.56,61.56,64.2,-2.64,-4.1121,29915.9,187766.902
300977.SZ,20241029,19.7,19.7,18.8,18.9,19.67,-0.77,-3.9146,45830.8,88064.879
300978.SZ,20241029,12.03,12.1,11.66,11.68,12.05,-0.37,-3.0705,101406.0,119859.29
300979.SZ,20241029,69.29,69.75,67.14,69.2,69.33,-0.13,-0.1875,35205.0,240967.151
300980.SZ,20241029,18.88,19.17,18.35,18.54,18.86,-0.32,-1.6967,27475.13,51421.982
300981.SZ,20241029,13.6,13.88,13.09,13.14,13.47,-0.33,-2.4499,80982.95,108252.52
300982.SZ,20241029,20.67,20.96,19.76,19.81,20.85,-1.04,-4.988,72832.81,147696.412
300983.SZ,20241029,19.81,20.0,19.1,19.15,19.86,-0.71,-3.575,12619.04,24504.234
300984.SZ,20241029,27.0,27.95,26.41,27.0,26.65,0.35,1.3133,20153.8,54549.205
300985.SZ,20241029,21.32,21.34,20.44,20.53,21.32,-0.79,-3.7054,46924.2,97632.039
300986.SZ,20241029,13.0,13.28,12.47,12.52,13.24,-0.72,-5.4381,96149.6,122901.762
300987.SZ,20241029,17.9,18.25,16.3,16.51,17.02,-0.51,-2.9965,191510.69,334553.245
300988.SZ,20241029,19.9,20.95,19.75,20.16,19.6,0.56,2.8571,136563.89,276924.17
300989.SZ,20241029,13.81,14.16,13.25,13.28,14.2,-0.92,-6.4789,153647.08,208647.83
300990.SZ,20241029,36.83,37.3,35.88,36.01,36.78,-0.77,-2.0935,38748.11,141983.777
300991.SZ,20241029,20.75,20.9,19.33,19.39,21.1,-1.71,-8.1043,170781.92,340416.485
300992.SZ,20241029,17.86,18.18,17.47,18.0,17.86,0.14,0.7839,30505.0,54464.567
300993.SZ,20241029,10.32,10.42,10.21,10.27,10.34,-0.07,-0.677,49532.3,50993.561
300994.SZ,20241029,11.57,12.0,11.22,11.24,11.41,-0.17,-1.4899,54716.09,63055.534
300995.SZ,20241029,18.08,18.7,17.02,17.02,17.71,-0.69,-3.8961,36842.0,65154.644
300996.SZ,20241029,21.1,21.26,20.03,20.06,21.1,-1.04,-4.9289,115330.99,237029.373
300997.SZ,20241029,12.44,12.45,11.95,12.0,12.54,-0.54,-4.3062,56787.26,69095.956
300998.SZ,20241029,15.28,15.57,14.81,14.81,15.51,-0.7,-4.5132,73531.0,111029.696
300999.SZ,20241029,34.34,34.44,33.55,33.6,34.34,-0.74,-2.1549,122328.0,414457.822
301000.SZ,20241029,15.7,16.8,15.44,16.68,15.69,0.99,6.3098,187042.15,304186.927
301001.SZ,20241029,25.58,25.95,24.32,24.33,25.58,-1.25,-4.8866,35514.0,88298.145
301002.SZ,20241029,18.94,18.94,17.53,17.57,18.84,-1.27,-6.741,39271.65,70292.337
301003.SZ,20241029,23.98,24.19,23.4,23.47,23.93,-0.46,-1.9223,10691.8,25334.156
301004.SZ,20241029,125.11,129.18,123.5,125.83,123.6,2.23,1.8042,8565.0,108394.61
301005.SZ,20241029,29.85,30.25,28.89,29.21,29.63,-0.42,-1.4175,52859.66,156668.892
301006.SZ,20241029,15.0,15.0,14.15,14.18,14.98,-0.8,-5.3405,40001.73,57660.791
301007.SZ,20241029,15.52,15.65,14.95,15.12,15.5,-0.38,-2.4516,111674.59,170201.622
301008.SZ,20241029,21.0,24.97,19.8,24.97,20.81,4.16,19.9904,166949.76,388921.9
301009.SZ,20241029,9.79,9.88,9.12,9.14,9.54,-0.4,-4.1929,62610.99,58879.75
301010.SZ,20241029,14.61,14.73,13.87,13.95,14.59,-0.64,-4.3866,31309.0,44384.856
301011.SZ,20241029,21.89,22.2,20.5,20.62,21.39,-0.77,-3.5998,55782.23,118294.247
301012.SZ,20241029,24.9,24.94,23.71,23.73,25.15,-1.42,-5.6461,110302.93,267824.011
301013.SZ,20241029,13.9,14.66,13.64,14.26,13.94,0.32,2.2956,279560.04,400589.924
301015.SZ,20241029,29.72,29.81,27.86,27.91,29.59,-1.68,-5.6776,48278.79,138051.528
301016.SZ,20241029,23.1,23.55,22.0,22.02,23.1,-1.08,-4.6753,64683.41,146842.996
301017.SZ,20241029,12.39,12.6,11.81,11.82,12.38,-0.56,-4.5234,61998.0,74857.617
301018.SZ,20241029,24.45,24.45,23.43,23.43,24.7,-1.27,-5.1417,86684.67,205871.229
301019.SZ,20241029,15.66,15.71,15.11,15.17,15.6,-0.43,-2.7564,13537.01,20797.692
301020.SZ,20241029,20.94,21.2,20.14,20.14,20.86,-0.72,-3.4516,24669.0,50519.245
301021.SZ,20241029,26.26,26.6,24.18,24.3,26.18,-1.88,-7.1811,114261.52,287532.163
301022.SZ,20241029,23.64,25.5,23.45,23.65,22.64,1.01,4.4611,66704.27,161739.38
301023.SZ,20241029,48.39,48.48,46.06,46.3,48.27,-1.97,-4.0812,17088.5,80305.545
301024.SZ,20241029,32.38,33.9,31.22,31.35,32.54,-1.19,-3.657,48515.04,158694.048
301025.SZ,20241029,13.0,13.4,11.28,11.31,11.85,-0.54,-4.557,256172.24,303568.555
301026.SZ,20241029,30.5,30.64,29.44,29.79,30.44,-0.65,-2.1353,24805.0,74234.177
301027.SZ,20241029,10.76,11.38,10.63,10.81,10.81,0.0,0.0,158242.86,174093.323
301028.SZ,20241029,11.55,11.75,11.41,11.45,11.57,-0.12,-1.0372,61131.94,70766.645
301029.SZ,20241029,26.73,27.72,26.46,26.52,26.76,-0.24,-0.8969,78117.47,211245.257
301030.SZ,20241029,37.5,38.99,35.5,36.29,34.8,1.49,4.2816,214392.04,789791.153
301031.SZ,20241029,109.07,109.98,103.5,105.33,107.97,-2.64,-2.4451,13308.1,140811.381
301032.SZ,20241029,11.43,12.5,11.18,11.52,11.41,0.11,0.9641,281618.01,331765.598
301033.SZ,20241029,47.21,47.97,46.21,46.45,47.22,-0.77,-1.6307,15144.43,71065.367
301035.SZ,20241029,48.99,49.97,47.41,47.44,49.3,-1.86,-3.7728,20272.98,98255.996
301036.SZ,20241029,55.52,57.5,54.24,54.32,56.08,-1.76,-3.1384,101290.95,565520.289
301037.SZ,20241029,11.1,11.34,10.7,10.73,11.03,-0.3,-2.7199,30774.7,33433.905
301038.SZ,20241029,22.32,22.58,21.2,21.28,22.6,-1.32,-5.8407,83692.85,183211.079
301039.SZ,20241029,10.36,10.73,10.21,10.47,10.33,0.14,1.3553,380827.73,399321.947
301040.SZ,20241029,18.42,19.21,17.5,17.5,17.36,0.14,0.8065,138980.34,254312.739
301041.SZ,20241029,26.87,26.89,25.8,25.95,26.96,-1.01,-3.7463,58610.15,153686.717
301042.SZ,20241029,38.38,39.39,37.64,37.91,37.46,0.45,1.2013,32479.98,125261.946
301043.SZ,20241029,29.0,29.49,27.86,28.12,28.9,-0.78,-2.699,10818.0,30744.016
301045.SZ,20241029,22.29,23.0,21.62,21.76,22.21,-0.45,-2.0261,36662.35,81149.326
301046.SZ,20241029,23.02,23.58,22.17,22.24,23.02,-0.78,-3.3884,34860.0,78807.369
301047.SZ,20241029,70.7,71.22,67.68,67.93,70.64,-2.71,-3.8364,17793.91,122728.011
301048.SZ,20241029,10.04,10.08,9.72,9.74,10.03,-0.29,-2.8913,61413.9,60719.907
301049.SZ,20241029,30.6,31.22,28.77,28.77,30.54,-1.77,-5.7957,52549.58,155994.127
301050.SZ,20241029,58.2,59.36,56.51,56.75,58.19,-1.44,-2.4747,173708.66,1004008.798
301051.SZ,20241029,27.89,28.3,27.08,27.25,27.89,-0.64,-2.2947,29338.1,81139.901
301052.SZ,20241029,34.22,34.95,30.25,30.25,32.2,-1.95,-6.0559,192185.38,626934.678
301053.SZ,20241029,23.51,23.99,23.12,23.15,23.59,-0.44,-1.8652,18749.85,43941.87
301055.SZ,20241029,13.87,14.19,13.37,13.96,13.77,0.19,1.3798,62915.38,86277.735
301056.SZ,20241029,8.56,8.62,8.33,8.34,8.54,-0.2,-2.3419,34935.0,29477.62
301057.SZ,20241029,14.16,14.16,13.5,13.51,14.1,-0.59,-4.1844,37120.29,51018.461
301058.SZ,20241029,11.8,12.1,11.62,11.69,11.79,-0.1,-0.8482,218800.0,258575.614
301059.SZ,20241029,12.86,13.09,12.07,12.19,13.26,-1.07,-8.0694,163748.78,205141.286
301060.SZ,20241029,11.68,11.77,10.97,11.04,11.41,-0.37,-3.2428,113853.0,128495.063
301061.SZ,20241029,56.0,61.76,56.0,60.32,56.0,4.32,7.7143,26838.31,161531.058
301062.SZ,20241029,12.17,12.19,11.51,11.57,12.06,-0.49,-4.063,98835.19,116202.91
301063.SZ,20241029,17.78,17.99,17.04,17.14,17.73,-0.59,-3.3277,31660.0,54831.477
301065.SZ,20241029,20.82,21.04,20.05,20.23,20.67,-0.44,-2.1287,26512.0,54364.653
301066.SZ,20241029,10.9,10.9,10.27,10.41,10.95,-0.54,-4.9315,87699.58,92025.924
301067.SZ,20241029,26.8,26.99,25.83,25.9,26.9,-1.0,-3.7175,48496.0,128000.475
301068.SZ,20241029,32.33,34.88,31.11,34.17,32.17,2.0,6.217,21736.89,72018.301
301069.SZ,20241029,14.33,14.6,13.9,13.91,14.36,-0.45,-3.1337,76630.69,108364.696
301070.SZ,20241029,55.0,57.77,54.13,54.39,53.29,1.1,2.0642,64865.93,360553.385
301071.SZ,20241029,28.96,29.25,27.85,27.94,28.85,-0.91,-3.1542,50455.8,143146.328
301072.SZ,20241029,21.82,25.99,21.42,24.55,21.83,2.72,12.4599,72069.26,167670.234
301073.SZ,20241029,24.2,25.45,23.45,23.58,23.75,-0.17,-0.7158,154229.44,374625.872
301075.SZ,20241029,21.91,21.98,20.46,20.66,21.8,-1.14,-5.2294,26714.0,56288.886
301076.SZ,20241029,19.8,19.85,18.94,19.0,19.7,-0.7,-3.5533,32613.75,62839.656
301077.SZ,20241029,23.34,26.08,23.34,26.08,21.73,4.35,20.0184,97772.37,248628.187
301078.SZ,20241029,12.5,13.49,11.38,11.6,12.38,-0.78,-6.3005,2204712.24,2729957.206
301079.SZ,20241029,17.35,17.4,16.48,16.59,17.3,-0.71,-4.104,76022.17,127690.069
301080.SZ,20241029,42.9,43.2,40.66,40.88,43.17,-2.29,-5.3046,28342.0,117944.174
301081.SZ,20241029,8.81,9.0,8.4,8.44,8.63,-0.19,-2.2016,50341.72,43542.872
301082.SZ,20241029,12.01,12.33,11.6,12.06,11.98,0.08,0.6678,164605.44,196773.216
301083.SZ,20241029,14.75,14.88,14.29,14.36,14.67,-0.31,-2.1132,41340.9,60120.395
301085.SZ,20241029,71.96,73.47,70.49,70.84,75.03,-4.19,-5.5844,80218.33,575973.318
301086.SZ,20241029,53.36,55.7,52.1,52.1,54.15,-2.05,-3.7858,55195.98,297067.399
301087.SZ,20241029,39.35,39.6,38.42,38.59,39.35,-0.76,-1.9314,15009.2,58251.706
301088.SZ,20241029,13.82,13.98,13.38,13.41,13.81,-0.4,-2.8965,22529.0,30580.671
301089.SZ,20241029,35.29,35.44,33.45,33.61,35.29,-1.68,-4.7606,58358.0,199808.133
301090.SZ,20241029,7.98,8.0,7.6,7.6,7.98,-0.38,-4.7619,144023.79,111396.82
301091.SZ,20241029,55.0,56.66,52.56,52.58,56.02,-3.44,-6.1407,376611.11,2032432.593
301092.SZ,20241029,25.0,25.36,24.3,24.34,25.0,-0.66,-2.64,15289.05,37655.23
301093.SZ,20241029,24.18,24.42,23.04,23.11,24.22,-1.11,-4.583,22038.91,51811.159
301095.SZ,20241029,54.6,56.61,52.6,55.81,54.15,1.66,3.0656,115206.59,631681.549
301096.SZ,20241029,42.5,43.39,40.56,40.9,44.92,-4.02,-8.9492,122499.02,509034.752
301097.SZ,20241029,39.24,39.58,37.34,37.47,38.85,-1.38,-3.5521,10007.76,38085.664
301098.SZ,20241029,9.14,9.14,8.71,8.75,9.09,-0.34,-3.7404,84786.93,75329.778
301099.SZ,20241029,48.8,50.11,47.7,47.81,50.14,-2.33,-4.647,74735.28,365058.071
301100.SZ,20241029,21.16,21.5,18.55,18.6,19.62,-1.02,-5.1988,168294.97,333601.65
301101.SZ,20241029,26.98,27.5,26.26,26.26,26.99,-0.73,-2.7047,70701.5,189695.881
301102.SZ,20241029,10.99,11.22,10.48,10.51,10.89,-0.38,-3.4894,78950.55,85129.144
301103.SZ,20241029,22.85,24.66,22.2,22.39,22.86,-0.47,-2.056,42216.75,96958.886
301105.SZ,20241029,30.49,31.3,29.9,30.08,30.4,-0.32,-1.0526,8027.06,24482.058
301106.SZ,20241029,35.1,35.1,32.9,33.3,34.89,-1.59,-4.5572,54904.95,185584.467
301107.SZ,20241029,27.95,27.95,27.02,27.17,27.72,-0.55,-1.9841,11987.0,32950.5
301108.SZ,20241029,26.55,26.76,25.73,25.78,26.48,-0.7,-2.6435,8339.0,21721.071
301109.SZ,20241029,17.97,18.02,17.1,17.12,17.93,-0.81,-4.5176,53771.71,93790.377
301110.SZ,20241029,41.99,42.6,40.4,40.86,41.98,-1.12,-2.6679,35686.6,146604.299
301111.SZ,20241029,17.62,17.79,16.84,16.91,17.67,-0.76,-4.3011,45910.46,78946.174
301112.SZ,20241029,26.0,26.54,24.59,24.67,24.58,0.09,0.3662,52983.07,134867.167
301113.SZ,20241029,25.73,25.8,24.41,24.72,25.72,-1.0,-3.888,8728.0,21871.68
301115.SZ,20241029,14.98,15.08,14.38,14.39,15.02,-0.63,-4.1944,48797.37,71450.556
301116.SZ,20241029,12.42,12.5,12.07,12.09,12.47,-0.38,-3.0473,53110.35,65150.311
301117.SZ,20241029,33.8,35.43,32.85,33.11,33.74,-0.63,-1.8672,67201.0,227005.025
301118.SZ,20241029,19.19,19.31,18.06,18.17,19.19,-1.02,-5.3153,34535.0,63941.811
301119.SZ,20241029,21.41,21.56,20.6,20.68,21.27,-0.59,-2.7739,18034.7,37758.318
301120.SZ,20241029,9.89,10.12,9.65,9.66,9.95,-0.29,-2.9146,68159.03,66827.614
301121.SZ,20241029,45.82,48.88,45.82,47.21,46.35,0.86,1.8554,63319.73,301281.683
301122.SZ,20241029,20.71,21.5,19.63,19.83,20.44,-0.61,-2.9843,40627.2,82608.773
301123.SZ,20241029,20.14,20.2,19.47,19.47,20.15,-0.68,-3.3747,57254.67,113400.878
301125.SZ,20241029,11.25,11.64,10.74,10.76,10.76,0.0,0.0,91667.68,101850.305
301126.SZ,20241029,13.77,13.77,11.93,11.94,12.2,-0.26,-2.1311,227468.99,290053.399
301127.SZ,20241029,11.78,11.98,11.09,11.2,11.86,-0.66,-5.5649,225459.27,259091.738
301128.SZ,20241029,58.6,60.85,57.8,58.06,58.97,-0.91,-1.5432,43114.13,255471.417
301129.SZ,20241029,24.75,25.3,23.58,23.69,24.72,-1.03,-4.1667,38573.6,93329.32
301130.SZ,20241029,26.8,26.82,25.73,25.75,26.83,-1.08,-4.0253,22375.0,58403.813
301131.SZ,20241029,36.15,36.68,34.77,34.83,35.76,-0.93,-2.6007,14612.96,51674.265
301132.SZ,20241029,29.01,30.4,28.45,30.28,28.91,1.37,4.7388,102322.55,301946.434
301133.SZ,20241029,23.62,23.8,22.75,22.88,23.57,-0.69,-2.9275,23927.27,55514.757
301135.SZ,20241029,26.81,26.99,25.65,25.8,27.08,-1.28,-4.7267,52875.53,138724.886
301136.SZ,20241029,14.52,15.67,14.06,15.11,14.78,0.33,2.2327,254936.66,379191.268
301137.SZ,20241029,19.23,19.37,18.4,18.4,19.27,-0.87,-4.5148,52513.06,98521.825
301138.SZ,20241029,28.86,28.9,27.8,28.0,28.62,-0.62,-2.1663,21397.7,60672.505
301139.SZ,20241029,23.91,23.96,22.96,22.99,23.91,-0.92,-3.8478,31725.0,74086.809
301141.SZ,20241029,41.9,46.55,40.65,44.52,42.36,2.16,5.0992,156123.11,681475.577
301148.SZ,20241029,20.23,20.48,19.53,19.54,20.23,-0.69,-3.4108,20315.0,40269.173
301149.SZ,20241029,10.2,10.25,9.82,9.83,10.2,-0.37,-3.6275,62656.0,62480.277
301150.SZ,20241029,23.45,23.78,22.43,22.51,23.48,-0.97,-4.1312,38364.12,87921.913
301151.SZ,20241029,17.07,17.15,16.3,16.3,17.04,-0.74,-4.3427,49631.0,82884.436
301152.SZ,20241029,38.9,39.53,37.1,37.12,38.81,-1.69,-4.3545,125940.01,479906.117
301153.SZ,20241029,32.11,33.09,30.68,30.73,32.38,-1.65,-5.0957,124081.23,393617.033
301155.SZ,20241029,69.26,69.75,65.49,65.69,70.9,-5.21,-7.3484,84891.29,567375.637
301156.SZ,20241029,14.6,14.6,14.02,14.02,14.55,-0.53,-3.6426,33428.56,47497.794
301157.SZ,20241029,37.68,38.08,36.95,37.04,37.62,-0.58,-1.5417,10728.0,40133.476
301158.SZ,20241029,14.96,14.98,14.43,14.45,14.96,-0.51,-3.4091,39312.0,57569.352
301159.SZ,20241029,36.77,36.99,35.48,35.48,36.82,-1.34,-3.6393,26914.29,97393.719
301160.SZ,20241029,55.1,55.49,52.81,53.13,55.0,-1.87,-3.4,35988.13,193630.149
301161.SZ,20241029,21.43,21.46,20.22,20.25,21.52,-1.27,-5.9015,64877.43,134661.556
301162.SZ,20241029,42.68,43.17,41.01,41.44,42.87,-1.43,-3.3357,42077.14,175178.147
301163.SZ,20241029,24.0,24.15,22.86,23.1,23.85,-0.75,-3.1447,33233.0,77484.316
301165.SZ,20241029,49.99,51.31,49.81,50.18,49.89,0.29,0.5813,40686.61,205673.509
301166.SZ,20241029,31.55,31.77,30.2,30.3,31.55,-1.25,-3.962,17963.0,55527.959
301167.SZ,20241029,14.29,14.45,13.78,13.78,14.27,-0.49,-3.4338,49243.6,69380.059
301168.SZ,20241029,33.9,34.58,31.96,31.98,33.3,-1.32,-3.964,47964.33,157570.667
301169.SZ,20241029,45.66,48.84,44.79,46.15,46.39,-0.24,-0.5174,61300.6,284430.689
301170.SZ,20241029,24.88,24.88,23.91,23.94,24.75,-0.81,-3.2727,18635.33,45220.823
301171.SZ,20241029,20.71,20.8,19.29,19.3,20.34,-1.04,-5.1131,407223.49,801971.432
301172.SZ,20241029,36.48,36.48,33.88,33.88,35.97,-2.09,-5.8104,73335.49,256008.319
301175.SZ,20241029,5.71,5.73,5.47,5.5,5.69,-0.19,-3.3392,408969.51,228604.138
301176.SZ,20241029,19.7,19.73,18.81,18.82,19.71,-0.89,-4.5155,53342.43,101937.588
301177.SZ,20241029,23.7,23.85,22.85,22.89,23.56,-0.67,-2.8438,15282.73,35554.878
301178.SZ,20241029,29.2,29.27,28.13,28.15,29.03,-0.88,-3.0313,35562.28,101671.262
301179.SZ,20241029,18.21,18.46,17.95,18.02,18.24,-0.22,-1.2061,50065.81,91149.309
301180.SZ,20241029,16.51,16.64,16.0,16.02,16.53,-0.51,-3.0853,50268.0,81902.132
301181.SZ,20241029,22.97,23.18,22.04,22.24,22.94,-0.7,-3.0514,20212.9,45653.504
301182.SZ,20241029,41.77,44.66,40.58,41.24,43.01,-1.77,-4.1153,127051.86,539300.391
301183.SZ,20241029,55.1,59.8,55.1,56.71,54.8,1.91,3.4854,122265.56,698694.634
301185.SZ,20241029,19.14,19.37,18.42,18.45,19.09,-0.64,-3.3525,53725.0,101111.241
301186.SZ,20241029,36.36,37.85,36.0,37.73,36.55,1.18,3.2285,22755.66,84263.033
301187.SZ,20241029,26.28,26.99,25.97,26.01,25.94,0.07,0.2699,35520.0,94034.01
301188.SZ,20241029,15.99,16.09,15.46,15.48,16.3,-0.82,-5.0307,95872.79,150982.861
301189.SZ,20241029,25.24,25.25,24.3,24.37,25.14,-0.77,-3.0628,16369.45,40425.382
301190.SZ,20241029,15.86,16.25,15.63,15.7,15.85,-0.15,-0.9464,26772.0,42470.775
301191.SZ,20241029,81.3,82.5,79.67,81.21,81.81,-0.6,-0.7334,24131.6,195654.25
301192.SZ,20241029,19.01,19.53,18.1,18.2,18.16,0.04,0.2203,36832.86,69386.878
301193.SZ,20241029,16.74,16.74,16.05,16.09,16.53,-0.44,-2.6618,16382.8,26595.14
301195.SZ,20241029,33.9,34.35,33.31,33.33,33.95,-0.62,-1.8262,24123.66,81346.185
301196.SZ,20241029,35.06,35.37,34.28,34.43,34.88,-0.45,-1.2901,16963.01,58927.17
301197.SZ,20241029,17.36,17.6,16.25,16.35,17.55,-1.2,-6.8376,84942.05,142159.226
301198.SZ,20241029,10.18,10.35,9.72,9.79,10.21,-0.42,-4.1136,65091.64,64579.037
301199.SZ,20241029,29.64,29.7,28.24,28.34,29.3,-0.96,-3.2765,38438.85,111068.134
301200.SZ,20241029,35.11,35.28,34.31,34.37,35.05,-0.68,-1.9401,15323.0,53399.599
301201.SZ,20241029,22.55,22.74,21.53,21.61,22.58,-0.97,-4.2958,25812.2,56641.952
301202.SZ,20241029,34.48,34.98,33.56,33.73,34.61,-0.88,-2.5426,36321.03,124532.102
301203.SZ,20241029,30.56,30.87,29.89,29.99,30.6,-0.61,-1.9935,6342.17,19163.38
301205.SZ,20241029,82.45,82.8,78.2,78.3,83.59,-5.29,-6.3285,61077.57,487946.847
301206.SZ,20241029,28.61,28.75,27.68,27.76,28.61,-0.85,-2.971,10183.39,28637.683
301207.SZ,20241029,20.2,20.35,19.35,19.37,20.29,-0.92,-4.5343,58051.36,114086.408
301208.SZ,20241029,40.7,41.46,40.06,40.06,40.73,-0.67,-1.645,44658.2,182046.152
301209.SZ,20241029,27.52,27.88,26.6,26.75,27.52,-0.77,-2.798,27148.0,73526.173
301210.SZ,20241029,34.2,34.55,33.15,33.23,34.22,-0.99,-2.893,14314.21,48241.599
301211.SZ,20241029,20.53,23.47,20.0,22.16,20.52,1.64,7.9922,362520.44,790986.931
301212.SZ,20241029,22.36,22.43,21.42,21.5,22.22,-0.72,-3.2403,13660.0,29824.552
301213.SZ,20241029,44.0,45.1,41.35,41.88,44.6,-2.72,-6.0987,43470.0,187046.403
301215.SZ,20241029,6.78,6.82,6.57,6.59,6.8,-0.21,-3.0882,319085.44,212881.643
301216.SZ,20241029,11.73,11.73,11.2,11.23,11.69,-0.46,-3.935,66868.5,76096.441
301217.SZ,20241029,11.11,11.21,10.76,10.76,11.11,-0.35,-3.1503,87229.0,95350.937
301218.SZ,20241029,24.68,24.77,23.6,23.61,24.63,-1.02,-4.1413,49793.99,119623.333
301219.SZ,20241029,49.85,50.74,48.93,49.02,50.14,-1.12,-2.2337,74667.32,372068.16
301220.SZ,20241029,27.3,27.88,26.85,26.95,27.42,-0.47,-1.7141,17012.0,46600.825
301221.SZ,20241029,50.88,52.29,49.49,49.5,51.36,-1.86,-3.6215,53178.39,268375.088
301222.SZ,20241029,26.71,26.89,25.7,25.7,27.06,-1.36,-5.0259,19312.79,50472.108
301223.SZ,20241029,17.42,17.46,16.94,16.98,17.27,-0.29,-1.6792,10503.0,17951.193
301225.SZ,20241029,29.17,30.57,28.71,29.79,29.47,0.32,1.0859,43356.36,128631.623
301226.SZ,20241029,24.5,25.43,24.4,24.64,24.31,0.33,1.3575,105113.01,261808.102
301227.SZ,20241029,19.27,19.27,18.2,18.32,19.18,-0.86,-4.4838,18767.12,34827.472
301228.SZ,20241029,13.42,13.74,12.97,13.08,13.41,-0.33,-2.4609,44221.0,58632.515
301229.SZ,20241029,22.0,22.05,21.07,21.24,22.01,-0.77,-3.4984,37172.98,79850.463
301230.SZ,20241029,25.88,26.25,24.9,25.15,25.66,-0.51,-1.9875,57468.06,146167.91
301231.SZ,20241029,22.89,23.0,20.01,20.01,20.5,-0.49,-2.3902,128830.99,276241.739
301232.SZ,20241029,30.17,30.5,29.0,29.01,30.31,-1.3,-4.289,30814.18,90895.04
301233.SZ,20241029,43.79,43.92,41.94,42.04,43.64,-1.6,-3.6664,14158.92,60473.334
301234.SZ,20241029,26.98,27.0,26.12,26.14,26.79,-0.65,-2.4263,16911.0,44763.797
301235.SZ,20241029,20.56,20.58,19.68,19.75,20.3,-0.55,-2.7094,14794.09,29605.909
301236.SZ,20241029,64.7,68.46,64.13,64.84,64.97,-0.13,-0.2001,868829.69,5749492.093
301237.SZ,20241029,25.27,25.42,24.01,24.15,25.2,-1.05,-4.1667,15797.0,38558.469
301238.SZ,20241029,17.6,17.9,16.8,16.95,17.6,-0.65,-3.6932,117740.02,203019.266
301239.SZ,20241029,44.45,44.69,42.8,42.9,44.31,-1.41,-3.1821,33688.0,146937.128
301246.SZ,20241029,14.54,14.64,13.88,13.92,14.54,-0.62,-4.2641,85123.64,120256.428
301248.SZ,20241029,15.98,16.15,15.62,15.78,16.28,-0.5,-3.0713,71161.72,112929.449
301251.SZ,20241029,36.22,36.39,34.51,34.6,36.4,-1.8,-4.9451,79771.85,282194.772
301252.SZ,20241029,29.08,29.25,27.88,27.9,29.02,-1.12,-3.8594,23487.86,66469.489
301255.SZ,20241029,32.53,32.53,31.16,31.19,32.08,-0.89,-2.7743,16508.8,52231.243
301256.SZ,20241029,8.48,8.52,8.06,8.08,8.5,-0.42,-4.9412,137795.66,113470.45
301257.SZ,20241029,32.32,32.58,30.5,30.5,32.09,-1.59,-4.9548,37181.74,116194.577
301258.SZ,20241029,27.51,28.01,26.3,26.36,27.71,-1.35,-4.8719,29039.38,78101.085
301259.SZ,20241029,53.06,54.9,50.68,51.42,53.03,-1.61,-3.036,60605.51,318964.559
301260.SZ,20241029,15.33,15.4,14.87,14.9,15.32,-0.42,-2.7415,44469.0,67121.033
301261.SZ,20241029,39.75,39.82,38.4,38.51,39.57,-1.06,-2.6788,23745.0,92829.803
301262.SZ,20241029,28.3,28.64,26.65,26.65,27.59,-0.94,-3.407,47530.92,130702.661
301263.SZ,20241029,14.29,14.38,13.57,13.6,14.24,-0.64,-4.4944,89330.78,123651.067
301265.SZ,20241029,9.76,9.84,9.38,9.38,9.72,-0.34,-3.4979,40258.72,38314.2
301266.SZ,20241029,40.99,45.22,39.58,39.6,41.35,-1.75,-4.2322,140222.79,591731.06
301267.SZ,20241029,22.47,23.5,22.07,22.09,22.24,-0.15,-0.6745,116060.84,262838.033
301268.SZ,20241029,19.24,19.73,18.68,18.8,19.06,-0.26,-1.3641,45866.82,88338.849
301269.SZ,20241029,101.51,103.2,100.0,100.39,101.8,-1.41,-1.3851,33083.03,335910.437
301270.SZ,20241029,36.81,37.13,35.63,36.12,36.97,-0.85,-2.2992,50945.0,185174.113
301272.SZ,20241029,37.5,37.99,35.89,36.01,37.52,-1.51,-4.0245,11341.65,41582.909
301273.SZ,20241029,18.92,19.28,18.06,18.15,18.92,-0.77,-4.0698,18057.15,33510.511
301276.SZ,20241029,22.02,22.22,20.88,20.97,22.5,-1.53,-6.8,31973.57,68503.743
301277.SZ,20241029,16.11,16.15,15.3,15.33,16.03,-0.7,-4.3668,99552.09,154918.014
301278.SZ,20241029,42.0,43.9,39.99,40.02,41.44,-1.42,-3.4266,49532.4,207089.066
301279.SZ,20241029,20.99,20.99,20.17,20.23,20.88,-0.65,-3.113,19529.72,40037.653
301280.SZ,20241029,42.33,42.98,41.8,42.01,42.52,-0.51,-1.1994,14181.52,60021.841
301281.SZ,20241029,48.92,58.66,47.25,53.88,51.37,2.51,4.8861,200099.89,1041846.31
301282.SZ,20241029,24.85,25.87,24.3,24.36,25.03,-0.67,-2.6768,88415.34,221024.906
301283.SZ,20241029,27.49,27.97,26.52,26.6,28.45,-1.85,-6.5026,32491.81,87968.988
301285.SZ,20241029,26.24,26.25,25.09,25.16,26.16,-1.0,-3.8226,45103.65,115232.46
301286.SZ,20241029,31.87,31.9,31.0,31.56,31.89,-0.33,-1.0348,9917.77,31172.881
301287.SZ,20241029,29.9,29.98,28.5,28.54,29.63,-1.09,-3.6787,9323.07,27108.382
301288.SZ,20241029,17.33,17.58,16.39,16.58,17.44,-0.86,-4.9312,54242.0,92131.778
301289.SZ,20241029,47.14,47.24,44.83,44.89,47.0,-2.11,-4.4894,29102.11,132848.112
301290.SZ,20241029,23.99,24.39,23.36,23.44,23.82,-0.38,-1.5953,25955.28,62034.157
301291.SZ,20241029,36.5,36.92,35.89,35.95,36.59,-0.64,-1.7491,30672.11,111488.81
301292.SZ,20241029,17.45,18.78,17.17,17.17,17.94,-0.77,-4.2921,185740.16,334358.307
301293.SZ,20241029,44.17,48.0,42.43,45.65,44.17,1.48,3.3507,171046.43,767189.089
301295.SZ,20241029,21.61,22.2,20.85,21.27,21.58,-0.31,-1.4365,30863.61,66176.018
301296.SZ,20241029,9.65,9.65,9.17,9.22,9.58,-0.36,-3.7578,72975.0,67889.711
301297.SZ,20241029,63.7,77.66,62.3,66.62,65.16,1.46,2.2406,653402.7,4514139.946
301298.SZ,20241029,14.45,14.51,13.99,14.04,14.51,-0.47,-3.2391,29381.87,41754.355
301299.SZ,20241029,56.97,57.87,54.31,54.43,56.68,-2.25,-3.9697,28660.24,159093.44
301300.SZ,20241029,27.7,27.88,26.77,26.85,27.71,-0.86,-3.1036,16355.0,44286.298
301301.SZ,20241029,14.15,14.21,13.51,13.58,14.16,-0.58,-4.096,656080.32,903473.235
301302.SZ,20241029,19.62,19.98,18.58,18.59,19.61,-1.02,-5.2014,79285.0,151350.591
301303.SZ,20241029,13.68,13.85,13.45,13.48,13.48,0.0,0.0,50440.32,68831.388
301305.SZ,20241029,19.8,20.18,18.8,18.88,19.85,-0.97,-4.8866,49169.24,94992.813
301306.SZ,20241029,42.75,43.96,41.66,41.8,43.56,-1.76,-4.0404,44716.12,190063.643
301307.SZ,20241029,26.6,26.88,25.34,25.39,26.44,-1.05,-3.9713,117993.28,305795.61
301308.SZ,20241029,91.96,93.0,89.06,89.06,94.09,-5.03,-5.3459,117859.37,1070562.513
301309.SZ,20241029,26.76,26.87,26.18,26.2,26.67,-0.47,-1.7623,9598.0,25445.509
301310.SZ,20241029,26.6,27.7,25.48,27.66,26.45,1.21,4.5747,53485.57,142599.148
301311.SZ,20241029,21.53,22.16,21.0,21.12,21.52,-0.4,-1.8587,84193.64,182408.765
301312.SZ,20241029,48.68,49.16,47.41,47.41,48.93,-1.52,-3.1065,26305.6,126925.892
301313.SZ,20241029,23.72,23.82,22.58,22.69,23.59,-0.9,-3.8152,40967.61,94127.906
301314.SZ,20241029,37.66,37.99,36.76,36.81,37.66,-0.85,-2.257,12070.4,44971.737
301315.SZ,20241029,47.03,47.69,44.8,44.88,47.03,-2.15,-4.5716,43931.93,202411.059
301316.SZ,20241029,21.6,22.14,20.52,20.52,21.89,-1.37,-6.2586,210091.0,444851.493
301317.SZ,20241029,22.05,22.39,21.35,21.44,22.45,-1.01,-4.4989,44457.56,96881.063
301318.SZ,20241029,32.02,32.15,30.85,30.85,31.92,-1.07,-3.3521,38870.1,122306.559
301319.SZ,20241029,31.86,31.88,30.56,30.63,31.92,-1.29,-4.0414,18496.91,57667.058
301320.SZ,20241029,16.45,16.75,15.92,15.94,16.5,-0.56,-3.3939,47285.77,77050.169
301321.SZ,20241029,19.78,20.3,18.6,18.61,19.58,-0.97,-4.954,130683.46,250689.787
301322.SZ,20241029,29.2,29.55,27.85,28.79,29.05,-0.26,-0.895,47217.28,136558.58
301323.SZ,20241029,35.94,36.07,34.3,34.43,36.26,-1.83,-5.0469,20031.0,70022.403
301325.SZ,20241029,43.81,50.88,43.52,44.09,44.89,-0.8,-1.7821,110343.49,515791.969
301326.SZ,20241029,68.85,79.58,67.97,71.46,70.21,1.25,1.7804,85134.23,624365.99
301327.SZ,20241029,87.5,89.4,83.79,84.02,83.64,0.38,0.4543,24325.04,210364.756
301328.SZ,20241029,39.3,39.42,38.1,38.11,39.12,-1.01,-2.5818,19288.5,74610.293
301329.SZ,20241029,19.95,21.77,19.58,20.66,19.95,0.71,3.5589,90662.59,185391.404
301330.SZ,20241029,27.69,27.84,26.78,26.8,27.72,-0.92,-3.3189,29554.56,80528.285
301331.SZ,20241029,27.3,27.42,26.25,26.29,26.88,-0.59,-2.1949,11588.44,30923.573
301332.SZ,20241029,12.7,12.95,11.78,11.82,12.21,-0.39,-3.1941,356852.73,442227.164
301333.SZ,20241029,65.03,72.8,61.3,67.67,67.68,-0.01,-0.0148,32768.4,211951.745
301335.SZ,20241029,20.82,21.15,19.97,20.22,20.82,-0.6,-2.8818,14119.44,28764.351
301336.SZ,20241029,37.72,38.32,36.05,36.08,37.5,-1.42,-3.7867,8445.0,31180.901
301337.SZ,20241029,35.88,35.94,33.33,33.35,35.86,-2.51,-6.9994,63130.17,217304.208
301338.SZ,20241029,34.01,34.2,32.88,32.88,33.86,-0.98,-2.8943,25391.14,85223.625
301339.SZ,20241029,23.0,23.21,22.41,22.8,22.92,-0.12,-0.5236,107422.0,245537.487
301345.SZ,20241029,61.01,68.0,61.01,65.74,59.85,5.89,9.8413,44479.11,287594.413
301348.SZ,20241029,29.7,29.94,28.5,28.5,29.72,-1.22,-4.105,103201.0,301426.978
301349.SZ,20241029,29.92,30.66,28.54,28.57,29.95,-1.38,-4.6077,26215.35,76772.579
301353.SZ,20241029,27.68,27.82,27.02,27.43,27.49,-0.06,-0.2183,9414.83,25704.58
301355.SZ,20241029,11.4,11.56,11.2,11.52,11.39,0.13,1.1414,73658.77,83864.199
301356.SZ,20241029,16.66,17.08,16.51,16.58,16.58,0.0,0.0,27166.71,45487.865
301357.SZ,20241029,39.08,40.23,37.86,37.94,39.55,-1.61,-4.0708,47031.77,182657.057
301358.SZ,20241029,43.36,46.7,43.1,44.78,44.24,0.54,1.2206,215985.71,971305.301
301359.SZ,20241029,24.01,24.26,23.23,23.36,24.03,-0.67,-2.7882,18512.0,43713.356
301360.SZ,20241029,55.9,56.29,53.82,53.82,55.89,-2.07,-3.7037,17862.0,98608.469
301361.SZ,20241029,28.38,28.46,26.56,26.56,28.23,-1.67,-5.9157,45730.0,124974.267
301362.SZ,20241029,40.73,41.0,39.75,39.9,40.62,-0.72,-1.7725,14039.0,56530.012
301363.SZ,20241029,35.14,35.5,33.26,33.41,34.95,-1.54,-4.4063,27007.25,91890.705
301365.SZ,20241029,15.76,19.49,15.76,19.49,16.24,3.25,20.0123,187717.08,341996.276
301366.SZ,20241029,48.99,50.35,47.6,47.78,49.8,-2.02,-4.0562,93877.16,458173.783
301367.SZ,20241029,76.55,77.19,73.25,73.35,76.55,-3.2,-4.1803,15099.46,113142.5
301368.SZ,20241029,46.01,47.65,45.22,45.5,46.6,-1.1,-2.3605,105327.39,486688.241
301369.SZ,20241029,66.2,67.99,62.51,62.6,66.31,-3.71,-5.5949,46642.5,305381.408
301370.SZ,20241029,12.22,12.33,11.75,11.8,12.11,-0.31,-2.5599,78160.0,93748.191
301371.SZ,20241029,36.51,36.88,35.36,35.38,36.52,-1.14,-3.1216,25785.37,92801.477
301372.SZ,20241029,24.2,24.42,22.75,22.8,24.05,-1.25,-5.1975,23404.52,54600.062
301373.SZ,20241029,26.6,26.78,26.0,26.11,26.65,-0.54,-2.0263,7750.0,20338.469
301376.SZ,20241029,20.03,20.14,19.23,19.29,20.0,-0.71,-3.55,29647.88,58012.859
301377.SZ,20241029,21.4,21.5,20.5,20.55,20.9,-0.35,-1.6746,71270.61,149927.318
301378.SZ,20241029,31.14,32.44,30.28,30.5,31.51,-1.01,-3.2053,51143.8,159735.27
301379.SZ,20241029,20.6,21.0,20.33,20.41,20.15,0.26,1.2903,86336.1,178493.597
301380.SZ,20241029,41.47,41.61,39.86,40.0,41.45,-1.45,-3.4982,17747.0,72081.932
301381.SZ,20241029,28.43,28.52,27.81,27.88,28.3,-0.42,-1.4841,20970.69,59070.622
301382.SZ,20241029,28.38,29.18,28.01,28.37,28.18,0.19,0.6742,117471.87,334962.163
301383.SZ,20241029,37.42,37.87,35.5,35.53,37.4,-1.87,-5.0,78391.0,285622.574
301386.SZ,20241029,22.34,22.44,21.3,21.36,22.4,-1.04,-4.6429,36544.38,79355.574
301387.SZ,20241029,34.47,35.29,33.28,33.28,34.77,-1.49,-4.2853,35011.25,119616.225
301388.SZ,20241029,25.85,26.22,24.53,24.86,26.52,-1.66,-6.2594,83521.23,210167.187
301389.SZ,20241029,15.87,16.2,15.53,15.77,15.8,-0.03,-0.1899,81087.67,128662.103
301390.SZ,20241029,32.19,32.6,31.17,31.52,32.03,-0.51,-1.5923,12479.2,39551.886
301391.SZ,20241029,40.24,40.27,38.5,38.61,40.25,-1.64,-4.0745,21016.63,82449.524
301392.SZ,20241029,59.0,60.27,55.0,56.04,60.0,-3.96,-6.6,54637.64,309735.374
301393.SZ,20241029,47.43,47.89,45.88,46.02,47.21,-1.19,-2.5207,19165.6,89532.305
301395.SZ,20241029,12.02,12.1,11.58,11.63,12.02,-0.39,-3.2446,27074.83,31803.19
301396.SZ,20241029,29.55,29.99,28.72,28.98,29.27,-0.29,-0.9908,46956.8,137369.821
301397.SZ,20241029,26.5,26.68,25.58,25.6,26.29,-0.69,-2.6246,22245.18,58108.096
301398.SZ,20241029,45.0,47.2,44.51,47.13,45.24,1.89,4.1777,44157.92,203948.057
301399.SZ,20241029,22.14,22.3,21.08,21.18,22.12,-0.94,-4.2495,20264.4,43585.388
301408.SZ,20241029,12.38,12.6,11.96,12.01,12.32,-0.31,-2.5162,55046.05,66995.882
301413.SZ,20241029,45.17,47.08,44.66,45.49,45.02,0.47,1.044,29684.78,135971.267
301418.SZ,20241029,38.16,38.42,36.87,36.91,38.16,-1.25,-3.2757,16749.78,62679.301
301419.SZ,20241029,30.81,31.15,29.76,29.79,31.15,-1.36,-4.366,24756.92,74963.637
301421.SZ,20241029,57.35,59.08,56.18,56.18,56.9,-0.72,-1.2654,69608.06,400515.68
301428.SZ,20241029,33.88,34.3,33.2,34.05,33.99,0.06,0.1765,47362.94,160511.0
301429.SZ,20241029,18.4,18.46,17.6,17.8,18.17,-0.37,-2.0363,22740.0,40949.95
301439.SZ,20241029,14.75,15.28,14.46,14.48,14.73,-0.25,-1.6972,129388.62,190141.323
301446.SZ,20241029,22.06,22.11,21.15,21.19,22.11,-0.92,-4.161,21668.87,46586.656
301448.SZ,20241029,22.63,22.65,21.91,21.93,22.56,-0.63,-2.7926,22565.63,49923.272
301456.SZ,20241029,26.26,26.66,25.64,25.7,26.32,-0.62,-2.3556,35847.7,92883.24
301459.SZ,20241029,42.01,43.91,41.01,41.99,41.97,0.02,0.0477,24427.45,103617.134
301468.SZ,20241029,24.3,24.35,23.21,23.25,24.4,-1.15,-4.7131,19656.95,46534.256
301469.SZ,20241029,24.95,25.0,23.84,23.94,24.78,-0.84,-3.3898,18105.71,43918.06
301486.SZ,20241029,50.0,50.3,47.11,47.25,50.93,-3.68,-7.2256,92411.52,446048.658
301487.SZ,20241029,25.39,25.54,23.99,24.07,25.25,-1.18,-4.6733,206093.66,505034.54
301488.SZ,20241029,61.0,64.55,60.42,61.9,62.84,-0.94,-1.4959,39478.64,244574.342
301489.SZ,20241029,73.0,74.74,69.68,69.7,72.1,-2.4,-3.3287,50144.39,361407.073
301498.SZ,20241029,66.0,67.0,63.39,64.16,66.18,-2.02,-3.0523,20698.63,134735.408
301499.SZ,20241029,28.0,28.14,26.58,26.7,27.79,-1.09,-3.9223,34442.75,93724.457
301500.SZ,20241029,21.53,21.63,20.2,20.22,21.17,-0.95,-4.4875,39856.37,82414.052
301502.SZ,20241029,44.73,44.78,42.2,42.45,44.76,-2.31,-5.1609,21629.76,93964.038
301503.SZ,20241029,34.23,34.49,33.44,33.5,33.6,-0.1,-0.2976,25231.0,85555.323
301505.SZ,20241029,28.0,28.42,26.63,26.65,28.38,-1.73,-6.0958,51700.0,141283.512
301507.SZ,20241029,14.14,14.16,13.45,13.47,14.13,-0.66,-4.6709,100910.31,138493.413
301508.SZ,20241029,38.52,39.03,37.38,37.39,38.7,-1.31,-3.385,64140.52,244931.512
301509.SZ,20241029,33.4,33.65,31.66,31.79,33.38,-1.59,-4.7633,32235.33,104219.623
301510.SZ,20241029,27.05,27.3,26.4,26.4,27.05,-0.65,-2.403,46124.57,123807.247
301511.SZ,20241029,14.65,15.9,14.53,15.29,14.59,0.7,4.7978,398050.78,608344.077
301512.SZ,20241029,43.7,43.7,42.21,42.33,43.48,-1.15,-2.6449,10646.0,45629.148
301515.SZ,20241029,20.05,20.3,19.2,19.23,20.0,-0.77,-3.85,23571.35,46040.188
301516.SZ,20241029,19.48,19.56,18.74,18.79,19.44,-0.65,-3.3436,66824.75,127350.674
301517.SZ,20241029,57.0,60.7,54.93,60.69,56.85,3.84,6.7546,97752.68,575939.088
301518.SZ,20241029,17.18,17.22,16.58,16.64,17.17,-0.53,-3.0868,19742.7,33228.398
301519.SZ,20241029,14.02,14.09,13.51,13.52,14.02,-0.5,-3.5663,34238.0,46979.279
301520.SZ,20241029,45.12,45.5,43.1,43.39,45.33,-1.94,-4.2797,19048.29,84042.547
301522.SZ,20241029,45.11,45.32,42.77,42.94,45.55,-2.61,-5.73,160323.61,704502.535
301525.SZ,20241029,57.77,58.28,55.34,55.39,57.62,-2.23,-3.8702,13831.46,78412.046
301526.SZ,20241029,4.15,4.17,3.95,3.95,4.14,-0.19,-4.5894,486562.69,195801.755
301528.SZ,20241029,45.34,45.5,43.5,43.5,45.28,-1.78,-3.9311,12421.92,55066.334
301529.SZ,20241029,36.93,36.94,35.32,35.44,36.95,-1.51,-4.0866,33031.28,119309.575
301533.SZ,20241029,28.9,29.39,28.3,28.31,28.69,-0.38,-1.3245,24927.65,71965.485
301536.SZ,20241029,47.2,48.25,45.95,45.97,47.59,-1.62,-3.4041,73417.41,345271.539
301538.SZ,20241029,81.96,82.98,81.01,81.24,82.5,-1.26,-1.5273,16283.15,133113.432
301539.SZ,20241029,20.49,20.6,19.77,19.84,20.49,-0.65,-3.1723,40082.08,80623.365
301548.SZ,20241029,51.21,51.39,50.05,50.3,51.21,-0.91,-1.777,8986.91,45481.65
301550.SZ,20241029,49.75,50.24,47.71,47.82,49.79,-1.97,-3.9566,43617.1,212782.742
301551.SZ,20241029,80.5,83.0,76.8,76.81,77.75,-0.94,-1.209,73444.5,581405.93
301552.SZ,20241029,55.35,55.96,53.41,53.6,55.93,-2.33,-4.1659,20491.14,111912.596
301555.SZ,20241029,29.31,29.6,27.8,27.95,29.3,-1.35,-4.6075,24246.0,68753.166
301556.SZ,20241029,81.17,82.39,76.15,76.78,82.16,-5.38,-6.5482,54035.75,426161.794
301558.SZ,20241029,9.08,9.12,8.7,8.72,8.99,-0.27,-3.0033,129266.9,114546.523
301559.SZ,20241029,17.15,17.53,16.96,16.96,17.05,-0.09,-0.5279,59457.36,102367.088
301565.SZ,20241029,21.61,21.79,20.7,20.79,21.74,-0.95,-4.3698,72889.56,154288.795
301566.SZ,20241029,20.61,20.66,19.5,19.51,20.8,-1.29,-6.2019,67771.36,135939.608
301567.SZ,20241029,52.4,52.4,50.71,50.97,53.33,-2.36,-4.4253,29178.96,149972.126
301568.SZ,20241029,38.0,38.21,36.35,36.36,38.22,-1.86,-4.8666,37383.42,138871.68
301571.SZ,20241029,52.53,52.82,51.1,51.2,52.58,-1.38,-2.6246,58905.76,305296.499
301577.SZ,20241029,58.3,60.58,56.7,58.65,58.33,0.32,0.5486,17750.71,103811.74
301578.SZ,20241029,53.43,54.1,49.61,50.0,53.42,-3.42,-6.4021,27067.76,140886.814
301580.SZ,20241029,62.07,62.87,59.7,59.8,62.26,-2.46,-3.9512,13620.25,83089.761
301586.SZ,20241029,55.0,56.25,52.99,53.35,55.66,-2.31,-4.1502,37231.04,201877.392
301587.SZ,20241029,26.85,26.9,25.8,25.87,26.85,-0.98,-3.6499,33786.85,88435.412
301588.SZ,20241029,22.87,23.02,21.88,21.92,22.7,-0.78,-3.4361,28628.02,63534.28
301589.SZ,20241029,190.2,194.73,189.6,189.99,188.45,1.54,0.8172,15744.61,301346.866
301591.SZ,20241029,38.31,38.5,37.48,37.52,38.34,-0.82,-2.1388,22064.73,83552.109
301592.SZ,20241029,140.11,148.95,137.81,139.6,146.9,-7.3,-4.9694,70404.05,996221.9
301596.SZ,20241029,80.0,80.0,75.66,75.7,77.95,-2.25,-2.8865,15068.62,116277.751
301600.SZ,20241029,77.83,78.48,75.97,77.21,77.98,-0.77,-0.9874,25376.99,195521.736
301603.SZ,20241029,45.76,46.28,43.97,43.99,45.78,-1.79,-3.91,34333.71,153998.143
301606.SZ,20241029,35.0,36.32,34.78,34.85,34.79,0.06,0.1725,68721.1,244458.456
301607.SZ,20241029,46.0,46.22,42.65,42.76,45.57,-2.81,-6.1663,49996.29,221190.452
301608.SZ,20241029,71.4,71.77,67.36,67.5,70.93,-3.43,-4.8358,23019.12,159222.501
301611.SZ,20241029,76.3,82.77,74.86,76.15,76.72,-0.57,-0.743,163219.43,1282361.848
301613.SZ,20241029,93.0,96.28,88.02,90.22,95.64,-5.42,-5.6671,105374.37,958001.45
301618.SZ,20241029,129.66,132.0,120.58,120.82,127.89,-7.07,-5.5282,29778.44,370605.447
301626.SZ,20241029,107.0,128.8,107.0,118.11,106.74,11.37,10.6521,124392.27,1463328.751
302132.SZ,20241029,70.62,75.54,70.6,74.09,71.63,2.46,3.4343,388235.18,2846642.449
