ts_code,trade_date,open,high,low,close,pre_close,change,pct_chg,vol,amount
300001.SZ,20241016,22.1,22.59,21.81,22.03,22.39,-0.36,-1.6079,208455.56,462125.866
300002.SZ,20241016,11.52,12.55,11.51,12.21,11.92,0.29,2.4329,1187463.85,1449587.931
300003.SZ,20241016,11.65,11.94,11.58,11.74,11.78,-0.04,-0.3396,268569.78,316294.926
300004.SZ,20241016,5.22,5.38,5.21,5.36,5.3,0.06,1.1321,114534.0,60919.106
300005.SZ,20241016,6.33,6.66,6.3,6.37,6.47,-0.1,-1.5456,195270.51,125761.542
300006.SZ,20241016,3.68,3.76,3.64,3.73,3.72,0.01,0.2688,291452.0,107749.906
300007.SZ,20241016,15.74,16.8,15.59,16.57,16.05,0.52,3.2399,207179.4,341497.559
300008.SZ,20241016,4.99,5.08,4.85,4.93,5.15,-0.22,-4.2718,1594579.11,790386.277
300009.SZ,20241016,8.9,9.08,8.84,8.91,8.99,-0.08,-0.8899,167526.52,149882.431
300010.SZ,20241016,4.89,5.11,4.77,4.78,4.91,-0.13,-2.6477,1313134.63,648638.13
300011.SZ,20241016,8.4,8.75,8.32,8.45,8.65,-0.2,-2.3121,310368.93,264067.427
300012.SZ,20241016,14.02,14.47,14.0,14.32,14.22,0.1,0.7032,181678.65,257935.346
300013.SZ,20241016,2.63,2.7,2.53,2.57,2.67,-0.1,-3.7453,148245.77,38777.752
300014.SZ,20241016,43.55,44.5,42.39,42.87,44.57,-1.7,-3.8142,442389.34,1913030.42
300015.SZ,20241016,13.53,13.94,13.46,13.58,13.91,-0.33,-2.3724,1509732.49,2063742.937
300016.SZ,20241016,5.98,6.35,5.93,6.2,6.06,0.14,2.3102,266995.03,165275.813
300017.SZ,20241016,8.6,8.89,8.56,8.74,8.76,-0.02,-0.2283,692802.45,605612.571
300018.SZ,20241016,5.93,6.05,5.89,5.99,5.98,0.01,0.1672,87049.0,52153.828
300019.SZ,20241016,13.84,15.0,13.8,14.74,13.99,0.75,5.361,143153.2,209481.06
300020.SZ,20241016,2.1,2.16,2.09,2.12,2.14,-0.02,-0.9346,375757.68,79863.2
300021.SZ,20241016,4.0,4.38,4.0,4.16,3.88,0.28,7.2165,721502.21,301124.005
300022.SZ,20241016,4.29,4.95,4.26,4.72,4.34,0.38,8.7558,479404.44,222478.19
300024.SZ,20241016,11.93,12.42,11.89,12.15,12.28,-0.13,-1.0586,363399.94,443921.719
300025.SZ,20241016,8.84,8.94,8.68,8.74,8.95,-0.21,-2.3464,125557.91,110327.421
300026.SZ,20241016,3.79,4.07,3.74,3.92,3.79,0.13,3.4301,934346.08,364016.308
300027.SZ,20241016,2.55,2.65,2.53,2.58,2.62,-0.04,-1.5267,1305354.61,338998.613
300029.SZ,20241016,4.63,4.74,4.55,4.71,4.65,0.06,1.2903,26152.0,12175.385
300030.SZ,20241016,6.42,6.68,6.42,6.47,6.64,-0.17,-2.5602,178522.0,116708.323
300031.SZ,20241016,17.44,18.58,17.43,18.17,18.11,0.06,0.3313,271762.0,496159.53
300032.SZ,20241016,4.1,4.21,4.06,4.16,4.16,0.0,0.0,212064.0,88043.088
300033.SZ,20241016,173.41,189.49,173.2,183.72,181.91,1.81,0.995,219829.69,4005051.943
300034.SZ,20241016,16.61,16.89,16.34,16.5,17.0,-0.5,-2.9412,193226.54,321083.816
300035.SZ,20241016,9.85,10.11,9.82,9.92,10.01,-0.09,-0.8991,139577.27,138942.148
300036.SZ,20241016,18.19,19.22,18.19,18.94,18.81,0.13,0.6911,272879.0,512177.872
300037.SZ,20241016,37.51,38.05,36.72,36.93,38.02,-1.09,-2.8669,71070.3,265593.921
300039.SZ,20241016,6.06,6.22,5.99,6.1,6.09,0.01,0.1642,217525.93,133120.252
300040.SZ,20241016,6.03,6.38,5.97,6.29,6.12,0.17,2.7778,417900.59,261554.245
300041.SZ,20241016,8.69,8.94,8.64,8.77,8.9,-0.13,-1.4607,161917.63,142111.114
300042.SZ,20241016,20.52,21.1,20.5,20.72,21.11,-0.39,-1.8475,66979.07,139006.462
300043.SZ,20241016,2.88,3.09,2.86,3.04,2.95,0.09,3.0508,776480.79,231996.044
300044.SZ,20241016,5.01,5.16,4.96,5.13,5.07,0.06,1.1834,372988.48,189838.947
300045.SZ,20241016,27.0,28.5,24.88,25.9,27.04,-1.14,-4.216,1919807.43,5121866.805
300046.SZ,20241016,24.55,26.22,24.55,25.53,25.69,-0.16,-0.6228,297416.45,759106.123
300047.SZ,20241016,14.57,15.64,14.57,14.85,15.19,-0.34,-2.2383,1224041.81,1846760.52
300048.SZ,20241016,5.02,5.1,4.99,5.08,5.07,0.01,0.1972,109125.52,55117.197
300049.SZ,20241016,47.2,48.38,46.46,47.71,47.8,-0.09,-0.1883,57011.07,270528.827
300050.SZ,20241016,6.44,7.27,6.35,7.0,6.69,0.31,4.6338,1002975.16,682019.711
300051.SZ,20241016,8.05,8.79,7.9,8.44,8.18,0.26,3.1785,137147.73,115509.906
300052.SZ,20241016,17.96,19.8,17.24,19.01,16.84,2.17,12.886,813252.37,1493131.755
300053.SZ,20241016,12.28,12.71,12.27,12.43,12.66,-0.23,-1.8167,359169.04,448361.131
300054.SZ,20241016,25.18,26.39,25.13,25.6,25.91,-0.31,-1.1964,231083.81,598109.715
300055.SZ,20241016,4.87,4.96,4.78,4.91,4.92,-0.01,-0.2033,76132.32,37324.555
300056.SZ,20241016,14.92,15.86,13.74,14.68,14.92,-0.24,-1.6086,1090432.51,1625440.3
300057.SZ,20241016,5.3,5.57,5.27,5.34,5.42,-0.08,-1.476,476196.73,257343.572
300058.SZ,20241016,6.6,6.85,6.52,6.72,6.71,0.01,0.149,739766.42,499181.889
300059.SZ,20241016,19.64,21.07,19.64,20.38,20.16,0.22,1.0913,11287697.76,22883131.841
300061.SZ,20241016,14.06,15.1,13.7,14.77,14.21,0.56,3.9409,1355400.62,1974547.087
300062.SZ,20241016,5.62,5.75,5.59,5.67,5.73,-0.06,-1.0471,130925.06,74309.186
300063.SZ,20241016,6.6,7.6,6.31,7.2,6.62,0.58,8.7613,3317924.42,2274807.687
300065.SZ,20241016,9.16,9.47,8.96,9.01,9.42,-0.41,-4.3524,475195.62,437846.43
300066.SZ,20241016,3.83,3.91,3.8,3.84,3.87,-0.03,-0.7752,198740.5,76507.234
300067.SZ,20241016,5.1,5.37,5.06,5.14,5.27,-0.13,-2.4668,1268164.46,659175.282
300068.SZ,20241016,19.09,19.58,18.48,18.81,20.06,-1.25,-6.2313,1466251.3,2786960.471
300069.SZ,20241016,14.0,14.55,13.85,14.04,14.4,-0.36,-2.5,54615.0,77186.283
300070.SZ,20241016,4.99,5.12,4.91,4.98,5.04,-0.06,-1.1905,1036622.86,519929.953
300071.SZ,20241016,3.48,3.64,3.4,3.52,3.54,-0.02,-0.565,495351.82,175586.167
300072.SZ,20241016,3.19,3.28,3.16,3.21,3.27,-0.06,-1.8349,724409.68,232672.17
300073.SZ,20241016,39.93,40.66,39.21,39.58,40.97,-1.39,-3.3927,236268.0,943733.169
300074.SZ,20241016,3.85,3.98,3.84,3.93,3.92,0.01,0.2551,164960.01,64677.741
300075.SZ,20241016,16.21,17.2,16.21,16.82,16.71,0.11,0.6583,219542.44,369405.833
300076.SZ,20241016,4.9,5.12,4.87,5.05,5.0,0.05,1.0,255621.0,128312.143
300077.SZ,20241016,23.41,24.94,22.66,23.96,24.79,-0.83,-3.3481,1675352.61,3990459.032
300078.SZ,20241016,3.01,3.11,3.0,3.05,3.09,-0.04,-1.2945,316527.41,96693.559
300079.SZ,20241016,5.39,5.63,5.35,5.52,5.55,-0.03,-0.5405,557381.0,307298.461
300080.SZ,20241016,3.83,3.96,3.79,3.87,3.89,-0.02,-0.5141,204751.4,79237.664
300081.SZ,20241016,6.03,6.3,5.99,6.21,6.16,0.05,0.8117,273289.63,169532.753
300082.SZ,20241016,5.97,6.12,5.9,5.98,6.02,-0.04,-0.6645,76526.2,45966.175
300083.SZ,20241016,7.09,7.28,7.0,7.1,7.22,-0.12,-1.662,485923.0,347267.446
300084.SZ,20241016,5.9,6.07,5.85,5.92,6.02,-0.1,-1.6611,97612.02,58186.166
300085.SZ,20241016,35.0,42.78,35.0,42.78,35.65,7.13,20.0,2045425.87,8072821.886
300086.SZ,20241016,4.5,4.67,4.45,4.62,4.62,0.0,0.0,152178.0,70100.814
300087.SZ,20241016,7.72,8.13,7.6,7.94,7.74,0.2,2.584,356148.8,282901.36
300088.SZ,20241016,6.39,6.56,6.34,6.42,6.49,-0.07,-1.0786,833281.8,536762.856
300091.SZ,20241016,2.38,2.44,2.32,2.36,2.43,-0.07,-2.8807,526235.61,124864.502
300092.SZ,20241016,10.85,12.11,10.82,12.05,11.06,0.99,8.9512,272515.73,319599.044
300093.SZ,20241016,16.3,16.88,16.18,16.59,16.99,-0.4,-2.3543,203405.0,335930.085
300094.SZ,20241016,3.4,3.46,3.36,3.42,3.48,-0.06,-1.7241,535164.16,182882.802
300095.SZ,20241016,6.6,7.09,6.54,6.9,6.78,0.12,1.7699,105916.27,72779.39
300096.SZ,20241016,3.19,3.34,3.18,3.29,3.27,0.02,0.6116,138486.24,45483.625
300097.SZ,20241016,6.78,6.96,6.7,6.89,6.9,-0.01,-0.1449,112077.98,76893.641
300098.SZ,20241016,4.98,5.1,4.9,4.97,5.1,-0.13,-2.549,1167862.33,581736.766
300099.SZ,20241016,5.86,6.16,5.82,6.08,5.93,0.15,2.5295,258646.53,156205.218
300100.SZ,20241016,18.7,20.03,18.52,19.72,19.5,0.22,1.1282,221731.4,433558.287
300101.SZ,20241016,17.0,17.8,16.7,17.7,17.24,0.46,2.6682,282992.37,496985.233
300102.SZ,20241016,8.6,8.74,8.37,8.5,8.91,-0.41,-4.6016,514268.92,439153.09
300103.SZ,20241016,7.09,7.99,7.02,7.76,7.2,0.56,7.7778,331693.7,253161.734
300105.SZ,20241016,6.73,7.09,6.69,6.98,6.83,0.15,2.1962,177258.78,122449.298
300106.SZ,20241016,10.0,11.14,10.0,10.49,10.35,0.14,1.3527,424834.8,446929.168
300107.SZ,20241016,9.87,10.37,9.75,9.97,10.12,-0.15,-1.4822,443688.0,444123.729
300108.SZ,20241016,2.14,2.2,2.08,2.15,2.16,-0.01,-0.463,209318.8,44632.491
300109.SZ,20241016,11.76,12.2,11.73,11.97,11.99,-0.02,-0.1668,91590.45,109876.797
300110.SZ,20241016,3.39,3.48,3.38,3.46,3.44,0.02,0.5814,177259.97,61104.037
300111.SZ,20241016,2.79,2.85,2.76,2.81,2.84,-0.03,-1.0563,252456.2,70913.148
300112.SZ,20241016,8.0,8.26,7.96,8.15,8.16,-0.01,-0.1225,63432.0,51695.343
300113.SZ,20241016,13.1,13.85,13.08,13.6,13.48,0.12,0.8902,232025.18,314225.78
300115.SZ,20241016,13.92,14.36,13.9,14.04,14.33,-0.29,-2.0237,393955.69,555891.051
300117.SZ,20241016,1.38,1.39,1.35,1.37,1.38,-0.01,-0.7246,227318.2,31147.665
300118.SZ,20241016,12.01,12.6,11.97,12.36,12.34,0.02,0.1621,395942.34,486801.202
300119.SZ,20241016,13.46,13.69,13.32,13.46,13.57,-0.11,-0.8106,28774.93,38803.432
300120.SZ,20241016,10.08,10.99,9.9,10.99,9.16,1.83,19.9782,2586209.38,2747536.903
300121.SZ,20241016,9.56,10.31,9.56,9.82,9.91,-0.09,-0.9082,383926.84,382519.946
300122.SZ,20241016,29.44,30.35,29.2,29.49,30.43,-0.94,-3.0891,391437.94,1159524.525
300123.SZ,20241016,6.26,6.36,6.05,6.1,6.26,-0.16,-2.5559,515996.19,319428.439
300124.SZ,20241016,55.13,56.88,54.85,55.66,57.06,-1.4,-2.4536,226004.55,1261373.145
300125.SZ,20241016,5.57,5.69,5.32,5.44,5.76,-0.32,-5.5556,323516.17,177395.699
300126.SZ,20241016,5.03,5.16,4.96,5.12,5.08,0.04,0.7874,44434.0,22651.044
300127.SZ,20241016,15.45,17.0,15.45,16.89,15.69,1.2,7.6482,138525.59,229591.421
300128.SZ,20241016,4.51,4.59,4.36,4.38,4.6,-0.22,-4.7826,645975.4,286946.102
300129.SZ,20241016,7.34,7.65,7.26,7.44,7.44,0.0,0.0,154838.0,115086.414
300130.SZ,20241016,24.51,27.44,24.37,26.44,25.65,0.79,3.0799,656703.58,1704236.349
300131.SZ,20241016,6.56,6.81,6.51,6.64,6.73,-0.09,-1.3373,618137.0,412289.745
300132.SZ,20241016,4.41,4.53,4.37,4.42,4.48,-0.06,-1.3393,85052.0,37868.37
300133.SZ,20241016,6.05,6.38,6.05,6.24,6.27,-0.03,-0.4785,749797.78,469498.645
300134.SZ,20241016,12.59,13.7,12.56,13.5,13.15,0.35,2.6616,422384.75,560276.819
300135.SZ,20241016,2.99,3.19,2.96,3.14,3.05,0.09,2.9508,483473.0,149691.057
300136.SZ,20241016,22.6,23.71,22.52,23.13,23.45,-0.32,-1.3646,395746.45,917654.874
300137.SZ,20241016,5.26,5.39,5.2,5.39,5.3,0.09,1.6981,110375.0,58832.026
300138.SZ,20241016,8.6,8.75,8.44,8.53,8.68,-0.15,-1.7281,85275.85,73361.061
300139.SZ,20241016,18.57,22.0,18.39,20.61,18.58,2.03,10.9257,912696.21,1821693.738
300140.SZ,20241016,6.02,6.18,5.99,6.02,6.13,-0.11,-1.7945,164706.53,100228.958
300141.SZ,20241016,8.75,8.97,8.69,8.82,8.88,-0.06,-0.6757,53308.5,47152.881
300142.SZ,20241016,14.08,14.39,13.84,13.96,14.44,-0.48,-3.3241,340035.6,479278.893
300143.SZ,20241016,9.01,9.26,8.9,9.04,9.06,-0.02,-0.2208,70504.04,63998.872
300144.SZ,20241016,8.85,9.09,8.8,8.93,8.97,-0.04,-0.4459,377539.96,337554.651
300145.SZ,20241016,2.83,2.89,2.8,2.83,2.87,-0.04,-1.3937,419397.89,118973.269
300146.SZ,20241016,12.64,12.85,12.45,12.59,12.81,-0.22,-1.7174,250093.81,316801.872
300147.SZ,20241016,8.44,9.29,8.4,8.82,8.72,0.1,1.1468,1255264.32,1117035.362
300148.SZ,20241016,3.43,3.61,3.42,3.53,3.52,0.01,0.2841,502762.02,177733.967
300149.SZ,20241016,6.3,6.46,6.11,6.21,6.34,-0.13,-2.0505,253442.0,158307.212
300150.SZ,20241016,4.05,4.11,3.96,4.1,4.05,0.05,1.2346,146743.0,59552.761
300151.SZ,20241016,17.2,18.27,16.95,16.98,16.69,0.29,1.7376,156449.02,272481.253
300152.SZ,20241016,4.0,4.49,3.91,4.21,4.19,0.02,0.4773,1327045.06,566821.46
300153.SZ,20241016,7.04,7.28,7.0,7.17,7.19,-0.02,-0.2782,66023.0,47506.071
300154.SZ,20241016,5.91,6.01,5.8,5.99,5.92,0.07,1.1824,31985.0,19049.656
300155.SZ,20241016,4.67,5.02,4.67,5.0,4.69,0.31,6.6098,352880.77,171023.516
300157.SZ,20241016,2.82,2.89,2.8,2.84,2.87,-0.03,-1.0453,231754.0,65886.695
300158.SZ,20241016,4.15,4.23,4.11,4.19,4.21,-0.02,-0.4751,210182.0,87779.794
300159.SZ,20241016,3.0,3.25,2.96,3.12,3.09,0.03,0.9709,1820654.81,569932.175
300160.SZ,20241016,5.35,5.5,5.31,5.36,5.44,-0.08,-1.4706,142551.81,76970.5
300161.SZ,20241016,25.4,26.82,25.32,26.19,25.92,0.27,1.0417,56489.52,148139.816
300162.SZ,20241016,7.17,7.39,7.12,7.19,7.33,-0.14,-1.91,233802.84,169341.172
300163.SZ,20241016,1.86,1.89,1.82,1.86,1.89,-0.03,-1.5873,237226.65,44133.02
300164.SZ,20241016,4.35,4.42,4.3,4.37,4.45,-0.08,-1.7978,444490.91,193706.793
300165.SZ,20241016,3.3,3.48,3.3,3.46,3.41,0.05,1.4663,239954.2,81870.854
300166.SZ,20241016,9.52,10.26,9.5,10.02,10.08,-0.06,-0.5952,867659.46,864082.39
300167.SZ,20241016,1.69,1.73,1.67,1.69,1.71,-0.02,-1.1696,205434.0,34849.422
300168.SZ,20241016,7.32,7.67,7.32,7.55,7.5,0.05,0.6667,362574.88,273477.635
300169.SZ,20241016,8.6,9.55,8.49,9.33,8.99,0.34,3.782,712124.05,654356.998
300170.SZ,20241016,8.38,8.8,8.29,8.64,8.54,0.1,1.171,441424.62,379296.352
300171.SZ,20241016,12.12,12.25,11.83,12.0,12.01,-0.01,-0.0833,88494.0,106554.693
300172.SZ,20241016,5.09,5.23,5.05,5.15,5.16,-0.01,-0.1938,229447.54,118455.475
300173.SZ,20241016,4.15,4.22,4.09,4.16,4.18,-0.02,-0.4785,172679.0,71922.075
300174.SZ,20241016,14.1,14.33,14.0,14.11,14.21,-0.1,-0.7037,41601.0,58868.281
300175.SZ,20241016,5.75,6.28,5.51,6.01,5.76,0.25,4.3403,597704.0,354931.239
300176.SZ,20241016,5.89,5.92,5.67,5.75,5.88,-0.13,-2.2109,263386.63,152609.592
300177.SZ,20241016,11.5,11.8,11.16,11.35,11.89,-0.54,-4.5416,1023428.3,1171329.619
300179.SZ,20241016,7.6,7.78,7.55,7.66,7.72,-0.06,-0.7772,42463.0,32649.191
300180.SZ,20241016,9.05,9.45,8.48,8.91,9.97,-1.06,-10.6319,4351256.1,3907493.842
300181.SZ,20241016,14.96,15.25,14.82,14.97,15.18,-0.21,-1.3834,167260.03,251124.354
300182.SZ,20241016,5.02,5.23,4.98,5.16,5.15,0.01,0.1942,879983.6,452854.769
300183.SZ,20241016,15.88,16.54,15.85,16.37,16.21,0.16,0.987,100040.69,162916.197
300184.SZ,20241016,9.3,10.47,9.25,10.2,9.82,0.38,3.8697,2632712.34,2591395.907
300185.SZ,20241016,2.31,2.37,2.3,2.34,2.35,-0.01,-0.4255,617111.08,144403.232
300187.SZ,20241016,4.97,5.11,4.93,5.01,5.05,-0.04,-0.7921,66264.0,33430.592
300188.SZ,20241016,14.0,14.56,13.88,14.26,14.4,-0.14,-0.9722,195097.77,279355.653
300189.SZ,20241016,2.76,2.93,2.74,2.83,2.82,0.01,0.3546,790681.5,224028.446
300190.SZ,20241016,3.56,3.62,3.51,3.54,3.6,-0.06,-1.6667,109340.6,38979.155
300191.SZ,20241016,14.14,14.47,13.9,14.11,14.41,-0.3,-2.0819,52789.27,74808.491
300192.SZ,20241016,12.5,13.74,12.41,13.31,12.88,0.43,3.3385,294857.0,390649.258
300193.SZ,20241016,8.54,8.75,8.5,8.68,8.64,0.04,0.463,80528.21,69634.875
300194.SZ,20241016,4.53,4.67,4.51,4.62,4.62,0.0,0.0,301297.14,138541.928
300195.SZ,20241016,4.95,5.07,4.9,5.04,5.01,0.03,0.5988,97766.0,49008.857
300196.SZ,20241016,10.77,11.2,10.71,11.0,10.94,0.06,0.5484,23501.16,25894.483
300197.SZ,20241016,1.86,1.92,1.84,1.86,1.91,-0.05,-2.6178,1183566.76,222149.187
300198.SZ,20241016,2.0,2.23,2.0,2.14,2.08,0.06,2.8846,872779.1,186594.72
300199.SZ,20241016,10.89,11.22,10.82,10.96,11.18,-0.22,-1.9678,265759.6,292197.967
300200.SZ,20241016,8.38,8.87,8.35,8.64,8.34,0.3,3.5971,206885.4,178592.36
300201.SZ,20241016,3.89,3.98,3.86,3.9,3.96,-0.06,-1.5152,182050.0,71319.319
300203.SZ,20241016,15.99,16.72,15.8,16.35,16.11,0.24,1.4898,127468.75,207692.626
300204.SZ,20241016,7.52,7.76,7.41,7.57,7.57,0.0,0.0,93435.39,70726.916
300205.SZ,20241016,5.97,6.14,5.82,5.85,6.06,-0.21,-3.4653,135424.84,81007.879
300206.SZ,20241016,10.29,10.58,10.24,10.41,10.39,0.02,0.1925,59238.0,61614.411
300207.SZ,20241016,21.08,21.68,20.97,21.19,21.62,-0.43,-1.9889,463740.59,988158.768
300208.SZ,20241016,2.13,2.15,2.05,2.07,2.15,-0.08,-3.7209,161672.5,33910.978
300209.SZ,20241016,3.99,4.16,3.9,4.01,3.98,0.03,0.7538,92855.55,37401.66
300210.SZ,20241016,10.87,12.17,10.77,11.46,11.26,0.2,1.7762,676225.44,776828.579
300211.SZ,20241016,6.82,6.95,6.66,6.74,6.89,-0.15,-2.1771,82391.0,56233.084
300212.SZ,20241016,26.31,29.83,26.31,28.9,27.2,1.7,6.25,683462.59,1964419.443
300213.SZ,20241016,7.33,7.69,7.3,7.57,7.59,-0.02,-0.2635,274396.0,206983.776
300214.SZ,20241016,5.25,5.42,5.25,5.39,5.38,0.01,0.1859,47632.0,25532.401
300215.SZ,20241016,5.42,5.59,5.35,5.46,5.46,0.0,0.0,127136.48,69697.035
300217.SZ,20241016,4.8,4.89,4.76,4.78,4.87,-0.09,-1.848,316610.78,152437.859
300218.SZ,20241016,18.0,18.17,17.27,17.51,18.54,-1.03,-5.5556,115132.1,203406.089
300219.SZ,20241016,6.85,7.01,6.8,6.92,6.98,-0.06,-0.8596,139416.06,96183.539
300220.SZ,20241016,8.42,8.78,8.26,8.78,8.42,0.36,4.2755,67835.8,58213.9
300221.SZ,20241016,5.62,5.83,5.61,5.72,5.8,-0.08,-1.3793,203059.41,116390.614
300222.SZ,20241016,7.57,7.64,7.4,7.49,7.57,-0.08,-1.0568,209242.11,157143.472
300223.SZ,20241016,64.01,66.26,63.56,64.7,66.12,-1.42,-2.1476,131183.45,853087.274
300224.SZ,20241016,9.81,10.1,9.64,9.87,9.81,0.06,0.6116,112948.0,111903.532
300225.SZ,20241016,7.01,7.21,6.88,6.94,7.15,-0.21,-2.9371,160261.4,112556.925
300226.SZ,20241016,24.39,27.3,24.39,26.85,25.41,1.44,5.6671,277963.47,735192.55
300227.SZ,20241016,7.43,7.58,7.3,7.47,7.58,-0.11,-1.4512,264718.77,197437.935
300228.SZ,20241016,6.72,6.91,6.71,6.77,6.84,-0.07,-1.0234,172609.3,117370.205
300229.SZ,20241016,15.8,16.61,15.68,16.31,16.16,0.15,0.9282,297705.75,484268.685
300230.SZ,20241016,4.05,4.16,4.0,4.13,4.1,0.03,0.7317,126972.9,52045.696
300231.SZ,20241016,10.99,12.43,10.93,12.37,11.39,0.98,8.604,669613.5,799410.719
300232.SZ,20241016,6.48,6.67,6.41,6.56,6.57,-0.01,-0.1522,241231.0,158052.264
300233.SZ,20241016,13.14,13.3,12.94,13.03,13.16,-0.13,-0.9878,63074.0,82659.623
300234.SZ,20241016,4.31,4.45,4.27,4.43,4.38,0.05,1.1416,63733.0,28080.654
300235.SZ,20241016,9.64,10.07,9.55,10.0,9.85,0.15,1.5228,88237.5,87498.997
300236.SZ,20241016,35.2,37.4,35.2,36.03,35.92,0.11,0.3062,78400.68,287155.724
300237.SZ,20241016,1.79,1.92,1.77,1.87,1.84,0.03,1.6304,651832.99,120934.025
300238.SZ,20241016,11.91,12.55,11.91,12.16,12.13,0.03,0.2473,130354.0,160336.352
300239.SZ,20241016,5.14,5.19,5.09,5.14,5.15,-0.01,-0.1942,93714.06,48207.092
300240.SZ,20241016,6.63,6.85,6.57,6.73,6.76,-0.03,-0.4438,167584.69,112810.945
300241.SZ,20241016,5.01,5.13,4.95,5.05,5.1,-0.05,-0.9804,330037.0,166892.839
300242.SZ,20241016,3.7,3.91,3.61,3.72,3.83,-0.11,-2.8721,709524.28,265549.787
300243.SZ,20241016,10.0,10.39,9.84,9.99,10.22,-0.23,-2.2505,173617.68,175002.786
300244.SZ,20241016,12.33,12.79,12.32,12.51,12.61,-0.1,-0.793,125694.13,158000.048
300245.SZ,20241016,11.22,12.79,11.22,12.41,11.7,0.71,6.0684,623612.46,760577.209
300246.SZ,20241016,6.96,7.18,6.92,7.05,7.03,0.02,0.2845,54187.0,38328.591
300247.SZ,20241016,2.98,3.11,2.95,3.09,3.06,0.03,0.9804,216642.65,66180.935
300248.SZ,20241016,8.75,9.07,8.72,8.88,8.98,-0.1,-1.1136,113162.66,100876.652
300249.SZ,20241016,8.28,9.57,8.21,9.39,8.42,0.97,11.5202,607341.88,549811.083
300250.SZ,20241016,15.8,16.81,15.66,16.5,16.28,0.22,1.3514,136786.23,223205.747
300251.SZ,20241016,7.79,8.15,7.74,7.99,7.91,0.08,1.0114,373771.3,299251.871
300252.SZ,20241016,8.4,8.7,8.37,8.58,8.69,-0.11,-1.2658,270762.3,231546.068
300253.SZ,20241016,7.0,7.2,6.95,7.09,7.09,0.0,0.0,326637.51,231596.614
300254.SZ,20241016,9.17,9.73,9.09,9.46,9.3,0.16,1.7204,157779.67,149350.081
300255.SZ,20241016,12.92,13.45,12.74,13.42,12.68,0.74,5.836,418694.44,552253.782
300256.SZ,20241016,3.26,3.49,3.22,3.4,3.37,0.03,0.8902,1719335.8,573626.83
300257.SZ,20241016,8.69,8.86,8.61,8.72,8.73,-0.01,-0.1145,105805.34,92441.05
300258.SZ,20241016,8.31,8.43,8.25,8.37,8.43,-0.06,-0.7117,69178.13,57606.778
300259.SZ,20241016,3.16,3.25,3.15,3.22,3.2,0.02,0.625,123192.95,39586.878
300260.SZ,20241016,23.37,24.5,23.1,23.69,23.31,0.38,1.6302,181344.5,431895.351
300261.SZ,20241016,6.48,6.65,6.44,6.51,6.53,-0.02,-0.3063,163606.4,107065.319
300263.SZ,20241016,6.45,6.64,6.41,6.51,6.54,-0.03,-0.4587,124781.77,81429.609
300264.SZ,20241016,5.33,5.6,5.3,5.55,5.47,0.08,1.4625,205939.17,113275.775
300265.SZ,20241016,7.53,7.75,7.48,7.69,7.71,-0.02,-0.2594,132239.0,101192.827
300266.SZ,20241016,2.17,2.25,2.16,2.21,2.19,0.02,0.9132,460662.5,101411.795
300267.SZ,20241016,2.68,2.76,2.66,2.72,2.73,-0.01,-0.3663,282122.0,76669.377
300268.SZ,20241016,6.65,6.68,6.52,6.65,6.66,-0.01,-0.1502,11422.0,7567.868
300269.SZ,20241016,3.8,4.0,3.77,3.9,3.91,-0.01,-0.2558,410812.37,160172.139
300270.SZ,20241016,6.69,7.15,6.6,7.09,6.94,0.15,2.1614,233614.0,161714.611
300271.SZ,20241016,6.25,6.45,6.17,6.34,6.36,-0.02,-0.3145,204563.63,129101.442
300272.SZ,20241016,5.86,6.26,5.81,6.16,5.98,0.18,3.01,249491.66,152023.099
300274.SZ,20241016,90.01,91.46,88.03,88.4,92.45,-4.05,-4.3807,373271.96,3336689.698
300275.SZ,20241016,11.56,12.49,11.51,12.4,11.91,0.49,4.1142,161580.55,197413.979
300276.SZ,20241016,3.9,4.3,3.89,4.16,3.98,0.18,4.5226,680530.08,277573.587
300277.SZ,20241016,9.11,9.43,9.07,9.25,9.32,-0.07,-0.7511,137078.29,126581.004
300278.SZ,20241016,3.82,3.98,3.82,3.88,3.9,-0.02,-0.5128,323654.0,126256.404
300279.SZ,20241016,5.99,6.2,5.91,6.18,6.12,0.06,0.9804,214589.4,131047.149
300280.SZ,20241016,16.12,16.65,15.95,16.22,16.46,-0.24,-1.4581,122651.25,200092.383
300281.SZ,20241016,5.33,5.51,5.31,5.43,5.48,-0.05,-0.9124,176868.0,96150.049
300283.SZ,20241016,5.46,5.63,5.39,5.52,5.56,-0.04,-0.7194,98997.0,54574.031
300284.SZ,20241016,10.9,13.14,10.68,11.89,11.38,0.51,4.4815,2751179.32,3210183.826
300285.SZ,20241016,18.0,18.8,17.9,18.24,18.29,-0.05,-0.2734,126131.45,231911.87
300286.SZ,20241016,18.05,18.62,18.05,18.34,18.49,-0.15,-0.8112,29414.5,54079.118
300287.SZ,20241016,4.86,5.1,4.8,4.87,5.15,-0.28,-5.4369,2081652.59,1029404.12
300288.SZ,20241016,13.8,14.3,13.72,14.12,14.02,0.1,0.7133,101687.4,143088.602
300289.SZ,20241016,4.65,4.8,4.63,4.69,4.72,-0.03,-0.6356,80991.0,38195.521
300290.SZ,20241016,22.68,25.57,22.68,25.0,22.54,2.46,10.9139,1778949.77,4276441.18
300291.SZ,20241016,4.71,4.96,4.71,4.9,4.84,0.06,1.2397,258105.22,125777.584
300292.SZ,20241016,4.4,5.09,4.38,4.87,4.51,0.36,7.9823,1898493.05,899670.652
300293.SZ,20241016,30.9,33.15,28.6,29.21,30.9,-1.69,-5.4693,711750.76,2197613.601
300294.SZ,20241016,32.7,33.17,32.32,32.94,33.14,-0.2,-0.6035,57571.54,189136.006
300295.SZ,20241016,16.67,18.68,16.67,18.5,16.38,2.12,12.9426,520377.89,914707.955
300296.SZ,20241016,4.83,4.93,4.78,4.84,4.9,-0.06,-1.2245,452260.67,219460.534
300298.SZ,20241016,27.49,28.59,27.01,27.97,27.78,0.19,0.6839,68757.09,191650.953
300299.SZ,20241016,4.83,5.14,4.83,5.0,5.02,-0.02,-0.3984,440132.77,221556.822
300300.SZ,20241016,2.15,2.23,2.1,2.17,2.2,-0.03,-1.3636,342942.04,74452.207
300301.SZ,20241016,1.4,1.42,1.37,1.38,1.41,-0.03,-2.1277,115046.0,16012.207
300302.SZ,20241016,15.46,17.5,15.22,16.04,15.6,0.44,2.8205,698544.44,1141408.627
300303.SZ,20241016,5.79,5.96,5.76,5.85,5.92,-0.07,-1.1824,441757.27,259002.036
300304.SZ,20241016,7.63,7.76,7.49,7.56,7.7,-0.14,-1.8182,256770.65,195393.919
300305.SZ,20241016,5.69,5.85,5.65,5.72,5.82,-0.1,-1.7182,80642.0,46295.171
300306.SZ,20241016,11.26,11.8,11.23,11.71,11.46,0.25,2.1815,89065.66,103551.309
300307.SZ,20241016,6.9,7.09,6.84,6.95,7.07,-0.12,-1.6973,318382.0,221363.8
300308.SZ,20241016,151.86,154.73,147.66,148.7,157.8,-9.1,-5.7668,378804.8,5693117.227
300310.SZ,20241016,8.85,9.16,8.57,8.75,9.12,-0.37,-4.057,1314122.57,1157941.204
300311.SZ,20241016,5.87,6.27,5.81,5.89,6.05,-0.16,-2.6446,832869.44,500963.045
300313.SZ,20241016,6.72,6.86,6.66,6.74,6.84,-0.1,-1.462,62968.93,42517.206
300314.SZ,20241016,11.66,11.94,11.57,11.75,11.92,-0.17,-1.4262,61831.0,72693.265
300315.SZ,20241016,5.0,5.25,4.93,5.16,5.12,0.04,0.7813,1312669.18,676020.751
300316.SZ,20241016,32.51,33.8,32.48,32.75,33.38,-0.63,-1.8874,196139.87,647241.505
300317.SZ,20241016,3.9,4.02,3.87,3.92,3.95,-0.03,-0.7595,178630.23,70610.822
300318.SZ,20241016,5.57,5.69,5.53,5.58,5.63,-0.05,-0.8881,63584.61,35629.588
300319.SZ,20241016,10.85,11.16,10.8,10.93,11.21,-0.28,-2.4978,360413.35,396204.643
300320.SZ,20241016,9.15,9.34,9.02,9.18,9.18,0.0,0.0,81227.51,74915.154
300321.SZ,20241016,16.13,17.05,16.0,16.64,16.2,0.44,2.716,21499.0,35752.226
300322.SZ,20241016,12.68,13.34,12.6,12.91,12.99,-0.08,-0.6159,436002.73,567496.204
300323.SZ,20241016,5.3,5.46,5.26,5.36,5.42,-0.06,-1.107,217761.25,116810.265
300324.SZ,20241016,3.01,3.11,2.98,3.03,3.08,-0.05,-1.6234,814023.15,247743.953
300326.SZ,20241016,4.92,5.02,4.9,4.95,4.95,0.0,0.0,72454.79,35973.17
300327.SZ,20241016,23.3,24.14,23.17,23.74,23.88,-0.14,-0.5863,109326.47,259014.708
300328.SZ,20241016,7.15,7.7,7.11,7.53,7.34,0.19,2.5886,512963.1,378467.359
300329.SZ,20241016,5.42,5.71,5.38,5.6,5.57,0.03,0.5386,138748.0,77598.014
300331.SZ,20241016,22.18,23.53,21.9,22.77,22.48,0.29,1.29,150304.52,342836.507
300332.SZ,20241016,5.54,5.69,5.52,5.58,5.6,-0.02,-0.3571,91130.0,50950.557
300333.SZ,20241016,10.2,11.08,10.2,10.7,10.7,0.0,0.0,496131.8,526171.655
300334.SZ,20241016,6.32,6.58,6.22,6.41,6.34,0.07,1.1041,81869.0,52513.254
300335.SZ,20241016,4.62,4.78,4.6,4.73,4.69,0.04,0.8529,158349.36,74907.485
300337.SZ,20241016,18.5,19.3,16.55,17.4,18.6,-1.2,-6.4516,1971397.73,3491410.159
300338.SZ,20241016,2.23,2.38,2.21,2.34,2.29,0.05,2.1834,165167.78,38319.917
300339.SZ,20241016,57.24,63.5,54.77,60.78,60.02,0.76,1.2662,2669249.86,15973567.042
300340.SZ,20241016,8.8,9.19,8.79,8.99,9.05,-0.06,-0.663,69685.72,62999.518
300341.SZ,20241016,15.9,17.85,15.9,17.62,15.12,2.5,16.5344,767923.61,1302188.104
300342.SZ,20241016,16.3,16.65,15.96,16.21,16.7,-0.49,-2.9341,351942.38,573770.899
300343.SZ,20241016,5.43,5.65,5.37,5.45,5.54,-0.09,-1.6245,278757.91,153318.545
300344.SZ,20241016,4.28,4.41,4.15,4.39,4.29,0.1,2.331,232778.71,100770.527
300345.SZ,20241016,6.59,6.68,6.5,6.61,6.65,-0.04,-0.6015,72602.0,47752.939
300346.SZ,20241016,38.61,41.66,38.6,40.08,38.62,1.46,3.7804,622356.34,2517869.903
300347.SZ,20241016,60.0,61.36,59.61,60.01,61.38,-1.37,-2.232,101019.53,609292.095
300348.SZ,20241016,13.65,16.9,13.55,16.9,14.08,2.82,20.0284,1471146.48,2394107.863
300349.SZ,20241016,13.4,14.12,13.35,13.85,13.75,0.1,0.7273,124355.04,172369.162
300350.SZ,20241016,5.4,5.66,5.38,5.56,5.53,0.03,0.5425,230798.66,128593.495
300351.SZ,20241016,16.55,16.92,16.4,16.58,16.91,-0.33,-1.9515,117490.86,195729.553
300352.SZ,20241016,5.81,6.27,5.75,5.96,6.02,-0.06,-0.9967,1225360.47,740424.633
300353.SZ,20241016,10.72,11.12,10.7,10.83,11.03,-0.2,-1.8132,263897.06,287614.816
300354.SZ,20241016,32.05,33.1,32.05,32.43,32.8,-0.37,-1.128,20055.02,65313.363
300355.SZ,20241016,4.92,5.28,4.6,4.99,5.45,-0.46,-8.4404,3855429.16,1925299.369
300357.SZ,20241016,22.05,22.55,21.8,21.91,22.52,-0.61,-2.7087,92297.64,204401.292
300358.SZ,20241016,7.0,7.21,6.97,7.11,7.09,0.02,0.2821,100104.6,71316.665
300359.SZ,20241016,5.68,5.83,5.51,5.66,5.7,-0.04,-0.7018,245448.0,139449.994
300360.SZ,20241016,15.7,16.23,15.69,15.99,15.96,0.03,0.188,81533.69,130085.31
300363.SZ,20241016,14.52,14.93,14.47,14.62,14.81,-0.19,-1.2829,103499.0,151874.585
300364.SZ,20241016,23.22,24.88,23.05,24.01,24.02,-0.01,-0.0416,782172.0,1892795.011
300365.SZ,20241016,5.9,6.13,5.9,6.06,6.07,-0.01,-0.1647,196951.0,118735.206
300366.SZ,20241016,9.82,10.95,9.82,10.84,10.09,0.75,7.4331,628847.39,662229.665
300368.SZ,20241016,3.78,3.92,3.68,3.7,3.89,-0.19,-4.8843,317039.89,120087.803
300369.SZ,20241016,8.03,8.48,8.03,8.24,8.45,-0.21,-2.4852,398537.88,330301.615
300370.SZ,20241016,2.41,2.94,2.38,2.94,2.45,0.49,20.0,1202493.67,339648.509
300371.SZ,20241016,9.57,9.96,9.5,9.9,9.7,0.2,2.0619,51789.8,50877.83
300373.SZ,20241016,43.88,45.97,43.8,45.0,44.68,0.32,0.7162,174323.84,786915.209
300374.SZ,20241016,18.5,19.31,18.0,18.21,19.51,-1.3,-6.6632,331676.25,614927.661
300375.SZ,20241016,4.61,4.74,4.58,4.68,4.71,-0.03,-0.6369,181186.97,84736.553
300376.SZ,20241016,3.22,3.28,3.13,3.14,3.31,-0.17,-5.136,399726.46,128074.762
300377.SZ,20241016,11.66,13.66,11.66,13.5,12.12,1.38,11.3861,1689988.5,2179553.955
300378.SZ,20241016,21.44,22.19,21.3,21.81,22.02,-0.21,-0.9537,116732.63,253910.995
300379.SZ,20241016,16.65,17.58,16.2,16.69,17.43,-0.74,-4.2456,707970.17,1199604.915
300380.SZ,20241016,35.01,40.0,35.01,39.5,37.0,2.5,6.7568,225242.79,863989.21
300381.SZ,20241016,6.77,6.96,6.76,6.87,6.86,0.01,0.1458,85038.0,58401.796
300382.SZ,20241016,10.01,10.48,9.8,10.06,10.16,-0.1,-0.9843,293247.49,298947.278
300383.SZ,20241016,9.85,10.16,9.82,10.0,10.08,-0.08,-0.7937,345653.34,346252.366
300384.SZ,20241016,15.07,15.7,14.9,15.43,15.31,0.12,0.7838,57372.26,88480.504
300385.SZ,20241016,4.46,4.52,4.39,4.49,4.52,-0.03,-0.6637,53878.0,24049.391
300386.SZ,20241016,15.48,16.77,15.48,16.0,16.37,-0.37,-2.2602,295531.94,476097.483
300387.SZ,20241016,7.63,7.9,7.53,7.74,7.63,0.11,1.4417,103481.7,80572.284
300388.SZ,20241016,7.3,7.57,7.13,7.21,7.43,-0.22,-2.961,257012.09,188328.195
300389.SZ,20241016,10.96,11.26,10.91,11.04,11.21,-0.17,-1.5165,51907.0,57457.158
300390.SZ,20241016,22.03,22.59,21.97,22.24,22.58,-0.34,-1.5058,188203.05,418511.135
300391.SZ,20241016,4.77,4.88,4.63,4.68,4.9,-0.22,-4.4898,223526.0,106106.875
300393.SZ,20241016,7.13,7.24,7.0,7.09,7.23,-0.14,-1.9364,172599.4,122915.601
300394.SZ,20241016,96.0,98.06,95.1,96.78,99.8,-3.02,-3.0261,156668.13,1511971.747
300395.SZ,20241016,40.29,42.65,40.15,41.4,41.6,-0.2,-0.4808,85644.88,357799.762
300396.SZ,20241016,15.65,15.95,15.58,15.72,15.87,-0.15,-0.9452,79387.2,125143.416
300397.SZ,20241016,11.88,12.38,11.48,11.97,11.99,-0.02,-0.1668,434313.33,516332.289
300398.SZ,20241016,14.0,15.14,13.98,14.5,14.28,0.22,1.5406,281629.28,414116.286
300399.SZ,20241016,18.44,20.0,18.33,19.5,19.05,0.45,2.3622,197451.19,379483.597
300400.SZ,20241016,15.7,16.25,15.63,15.86,16.17,-0.31,-1.9171,110286.62,175465.482
300401.SZ,20241016,13.9,14.43,13.71,14.23,14.08,0.15,1.0653,203983.51,287994.813
300402.SZ,20241016,14.21,14.68,14.21,14.37,14.49,-0.12,-0.8282,36262.0,52568.444
300403.SZ,20241016,7.49,7.83,7.45,7.76,7.61,0.15,1.9711,189927.11,145707.867
300404.SZ,20241016,8.45,8.73,8.4,8.61,8.56,0.05,0.5841,108346.69,93191.591
300405.SZ,20241016,4.45,4.72,4.41,4.67,4.51,0.16,3.5477,107920.84,49781.388
300406.SZ,20241016,13.06,13.38,12.98,13.15,13.22,-0.07,-0.5295,60626.41,79829.07
300407.SZ,20241016,12.32,13.8,12.22,13.46,12.76,0.7,5.4859,390549.68,518476.823
300408.SZ,20241016,34.56,34.89,34.15,34.45,35.03,-0.58,-1.6557,131711.47,453183.468
300409.SZ,20241016,11.37,11.66,11.31,11.42,11.61,-0.19,-1.6365,124428.16,142851.394
300410.SZ,20241016,5.76,5.93,5.67,5.83,5.89,-0.06,-1.0187,114527.81,66514.98
300411.SZ,20241016,11.88,12.5,11.8,12.1,12.34,-0.24,-1.9449,266357.8,322419.311
300412.SZ,20241016,3.94,4.03,3.89,3.99,3.99,0.0,0.0,133073.6,53052.804
300413.SZ,20241016,23.0,23.68,22.86,23.17,23.44,-0.27,-1.1519,174140.17,404972.721
300414.SZ,20241016,8.12,9.24,8.08,9.06,8.22,0.84,10.219,277206.14,243525.221
300415.SZ,20241016,21.69,22.06,21.3,21.76,21.84,-0.08,-0.3663,56870.76,123306.685
300416.SZ,20241016,12.1,12.55,11.98,12.31,12.25,0.06,0.4898,144648.2,177698.733
300417.SZ,20241016,10.25,11.16,10.16,11.0,10.43,0.57,5.465,149637.3,159451.688
300418.SZ,20241016,35.0,37.47,35.0,36.4,35.73,0.67,1.8752,595146.56,2168811.892
300419.SZ,20241016,6.72,7.06,6.68,6.96,6.88,0.08,1.1628,302090.7,209421.84
300420.SZ,20241016,2.53,2.62,2.51,2.58,2.57,0.01,0.3891,173416.7,44739.799
300421.SZ,20241016,9.58,9.94,9.56,9.71,9.84,-0.13,-1.3211,126567.0,123597.187
300422.SZ,20241016,4.61,4.74,4.59,4.66,4.67,-0.01,-0.2141,78294.0,36699.661
300423.SZ,20241016,6.28,6.4,6.18,6.26,6.36,-0.1,-1.5723,94774.93,59701.188
300424.SZ,20241016,14.78,15.3,14.7,14.97,15.08,-0.11,-0.7294,137723.59,207007.25
300425.SZ,20241016,5.4,6.67,5.4,6.67,5.56,1.11,19.964,1331624.2,847575.922
300426.SZ,20241016,9.71,10.22,9.59,10.15,10.07,0.08,0.7944,174160.26,173050.743
300427.SZ,20241016,9.81,10.57,9.0,9.67,10.2,-0.53,-5.1961,1397456.27,1351351.433
300428.SZ,20241016,16.78,17.15,16.69,16.88,16.96,-0.08,-0.4717,54976.94,92868.594
300429.SZ,20241016,12.39,13.62,12.39,13.09,12.62,0.47,3.7242,608671.42,803070.71
300430.SZ,20241016,13.82,15.5,13.77,14.86,13.35,1.51,11.3109,464399.12,675954.935
300432.SZ,20241016,9.72,10.75,9.71,10.62,10.09,0.53,5.2527,712485.99,745632.631
300433.SZ,20241016,20.49,20.98,20.36,20.62,20.84,-0.22,-1.0557,354585.71,731263.072
300434.SZ,20241016,8.29,9.22,8.21,9.06,8.39,0.67,7.9857,198825.27,176678.985
300435.SZ,20241016,10.78,11.43,10.75,11.09,10.9,0.19,1.7431,66747.81,74108.453
300436.SZ,20241016,23.2,27.86,22.85,27.86,23.22,4.64,19.9828,206422.5,539831.869
300437.SZ,20241016,9.9,10.19,9.81,9.93,10.0,-0.07,-0.7,49418.79,49619.274
300438.SZ,20241016,30.9,31.33,30.0,30.17,31.92,-1.75,-5.4825,337153.26,1032081.884
300439.SZ,20241016,10.55,10.88,10.54,10.78,10.75,0.03,0.2791,42548.42,45715.788
300440.SZ,20241016,6.31,7.72,6.3,7.72,6.43,1.29,20.0622,684235.07,495428.891
300441.SZ,20241016,7.67,7.95,7.65,7.86,7.78,0.08,1.0283,115925.08,90825.754
300442.SZ,20241016,29.85,30.78,29.82,30.04,30.96,-0.92,-2.9716,187748.39,567166.713
300443.SZ,20241016,18.22,19.07,18.02,18.8,18.6,0.2,1.0753,103799.22,191393.031
300444.SZ,20241016,6.5,6.68,6.47,6.57,6.61,-0.04,-0.6051,197174.39,129875.206
300445.SZ,20241016,15.72,16.14,15.67,15.86,15.98,-0.12,-0.7509,26138.2,41611.543
300446.SZ,20241016,16.29,17.28,16.16,16.35,16.79,-0.44,-2.6206,395321.6,657515.534
300447.SZ,20241016,13.77,14.12,13.65,13.83,13.96,-0.13,-0.9312,65547.57,90872.517
300448.SZ,20241016,5.9,6.3,5.89,6.23,6.15,0.08,1.3008,337901.09,208328.551
300449.SZ,20241016,5.95,6.11,5.93,5.99,6.04,-0.05,-0.8278,111425.24,66940.124
300450.SZ,20241016,17.3,17.64,17.18,17.28,17.75,-0.47,-2.6479,342149.12,594259.454
300451.SZ,20241016,4.76,4.96,4.75,4.81,4.9,-0.09,-1.8367,655790.56,317968.714
300452.SZ,20241016,12.22,12.42,12.16,12.26,12.31,-0.05,-0.4062,32633.7,40106.052
300453.SZ,20241016,7.54,7.68,7.43,7.57,7.47,0.1,1.3387,75189.1,56958.207
300454.SZ,20241016,62.39,64.39,62.0,62.97,63.82,-0.85,-1.3319,52821.23,333484.191
300455.SZ,20241016,13.59,14.05,13.54,13.74,13.92,-0.18,-1.2931,212563.08,293142.153
300456.SZ,20241016,18.43,19.57,18.43,19.02,18.96,0.06,0.3165,294086.2,563224.007
300457.SZ,20241016,17.88,18.26,17.74,17.86,18.24,-0.38,-2.0833,176206.48,316429.481
300458.SZ,20241016,34.28,36.8,34.03,36.4,35.88,0.52,1.4493,503078.81,1802816.901
300459.SZ,20241016,4.49,4.85,4.45,4.79,4.62,0.17,3.6797,2770552.98,1311397.36
300460.SZ,20241016,13.75,15.15,13.75,15.15,14.47,0.68,4.6994,383891.44,564878.97
300461.SZ,20241016,20.73,21.69,20.5,20.77,21.25,-0.48,-2.2588,70215.84,147703.996
300462.SZ,20241016,9.8,10.4,9.79,10.36,9.98,0.38,3.8076,199839.0,203107.644
300463.SZ,20241016,13.6,14.04,13.55,13.86,13.75,0.11,0.8,89097.32,123272.275
300464.SZ,20241016,4.97,5.09,4.86,4.95,5.04,-0.09,-1.7857,179624.0,89331.985
300465.SZ,20241016,12.12,13.62,12.0,13.39,12.82,0.57,4.4462,667897.02,871124.689
300466.SZ,20241016,7.6,7.85,7.58,7.77,7.78,-0.01,-0.1285,167256.24,129353.816
300467.SZ,20241016,15.85,17.28,15.85,17.09,16.5,0.59,3.5758,239023.31,401266.557
300468.SZ,20241016,22.7,23.87,21.6,22.86,24.95,-2.09,-8.3768,1511614.23,3446371.562
300469.SZ,20241016,20.8,22.87,20.64,22.69,21.52,1.17,5.4368,376238.94,832786.061
300470.SZ,20241016,34.69,37.28,34.5,37.27,34.87,2.4,6.8827,61766.51,224249.163
300471.SZ,20241016,10.02,10.91,10.02,10.83,10.22,0.61,5.9687,225488.16,240951.155
300472.SZ,20241016,6.9,7.07,6.83,6.92,6.97,-0.05,-0.7174,93168.0,64626.462
300473.SZ,20241016,19.4,19.88,19.2,19.43,19.92,-0.49,-2.4598,80580.85,157367.618
300474.SZ,20241016,81.99,85.7,81.66,83.3,86.58,-3.28,-3.7884,215534.99,1803883.572
300475.SZ,20241016,30.93,31.86,30.4,30.81,32.38,-1.57,-4.8487,168514.37,524487.062
300476.SZ,20241016,41.0,41.88,40.56,40.96,42.56,-1.6,-3.7594,301224.67,1238744.493
300477.SZ,20241016,2.89,3.15,2.84,3.02,2.95,0.07,2.3729,487031.42,146073.712
300478.SZ,20241016,8.48,8.72,8.37,8.63,8.57,0.06,0.7001,28057.8,24138.208
300479.SZ,20241016,18.09,18.95,18.03,18.56,18.7,-0.14,-0.7487,85801.42,159213.303
300480.SZ,20241016,14.15,14.68,14.04,14.65,14.28,0.37,2.591,94903.27,137065.609
300481.SZ,20241016,14.88,15.38,14.8,15.01,15.05,-0.04,-0.2658,51047.5,77106.685
300482.SZ,20241016,24.38,25.11,24.26,24.71,24.7,0.01,0.0405,71532.58,176277.975
300483.SZ,20241016,8.62,9.14,8.62,8.91,8.83,0.08,0.906,88790.01,79298.981
300484.SZ,20241016,14.84,15.56,14.82,15.0,15.27,-0.27,-1.7682,124583.0,187490.0
300485.SZ,20241016,7.5,7.62,7.32,7.56,7.5,0.06,0.8,38822.0,29241.812
300486.SZ,20241016,5.94,6.09,5.85,5.97,6.03,-0.06,-0.995,161319.75,96603.736
300487.SZ,20241016,52.18,53.4,51.88,52.34,52.91,-0.57,-1.0773,22959.14,120631.124
300488.SZ,20241016,21.2,21.8,21.2,21.5,21.52,-0.02,-0.0929,8963.0,19286.435
300489.SZ,20241016,39.37,39.37,39.37,39.37,32.81,6.56,19.9939,11313.0,44539.281
300490.SZ,20241016,7.85,8.25,7.72,7.96,7.98,-0.02,-0.2506,159645.08,127541.255
300491.SZ,20241016,15.05,15.56,15.01,15.28,15.35,-0.07,-0.456,46838.0,71827.066
300492.SZ,20241016,72.0,81.68,72.0,79.15,73.05,6.1,8.3504,29286.1,227982.963
300493.SZ,20241016,16.15,16.65,15.0,15.34,16.93,-1.59,-9.3916,1044007.83,1631933.207
300494.SZ,20241016,10.6,11.18,10.57,10.93,10.95,-0.02,-0.1826,270732.41,297286.126
300496.SZ,20241016,56.0,59.0,56.0,57.48,58.61,-1.13,-1.928,245576.68,1409235.769
300497.SZ,20241016,9.86,9.89,9.55,9.85,9.87,-0.02,-0.2026,121595.56,118340.789
300498.SZ,20241016,17.82,18.28,17.75,17.99,18.11,-0.12,-0.6626,403383.43,725461.91
300499.SZ,20241016,10.75,11.36,10.75,11.15,11.08,0.07,0.6318,106774.3,118466.699
300500.SZ,20241016,11.99,12.62,11.87,12.37,12.14,0.23,1.8946,81979.4,101111.413
300501.SZ,20241016,13.77,14.09,13.67,13.87,13.88,-0.01,-0.072,24402.85,33984.368
300502.SZ,20241016,136.0,139.3,131.8,133.45,141.89,-8.44,-5.9483,365767.07,4942976.414
300503.SZ,20241016,15.15,16.33,15.04,15.24,15.56,-0.32,-2.0566,338117.06,526875.959
300504.SZ,20241016,15.98,19.39,15.88,19.04,16.4,2.64,16.0976,330125.79,593315.907
300505.SZ,20241016,14.0,14.97,13.96,14.58,14.31,0.27,1.8868,191265.03,279595.638
300506.SZ,20241016,3.29,3.85,3.25,3.85,3.28,0.57,17.378,389488.85,138308.742
300507.SZ,20241016,6.15,6.3,6.11,6.19,6.25,-0.06,-0.96,229209.84,142061.293
300508.SZ,20241016,24.73,25.38,24.51,25.08,24.82,0.26,1.0475,20030.96,50163.859
300509.SZ,20241016,5.84,5.99,5.77,5.98,5.87,0.11,1.8739,51138.46,30317.911
300510.SZ,20241016,4.32,4.44,4.27,4.36,4.4,-0.04,-0.9091,264684.65,115630.307
300511.SZ,20241016,3.66,3.73,3.54,3.6,3.68,-0.08,-2.1739,200563.52,72725.724
300512.SZ,20241016,6.68,6.89,6.65,6.83,6.77,0.06,0.8863,41686.5,28397.033
300513.SZ,20241016,8.9,9.64,8.9,9.4,9.0,0.4,4.4444,127107.73,118501.624
300514.SZ,20241016,13.16,13.52,13.12,13.4,13.42,-0.02,-0.149,41786.08,55871.058
300515.SZ,20241016,11.11,11.33,10.89,11.23,11.19,0.04,0.3575,37983.0,42514.036
300516.SZ,20241016,36.36,37.56,36.1,36.6,37.37,-0.77,-2.0605,40032.5,147173.706
300517.SZ,20241016,9.0,9.43,8.91,9.33,9.18,0.15,1.634,64836.6,60156.054
300518.SZ,20241016,12.51,12.8,12.1,12.34,12.98,-0.64,-4.9307,143399.01,178462.005
300519.SZ,20241016,13.49,13.91,13.38,13.9,13.74,0.16,1.1645,53258.33,73071.642
300520.SZ,20241016,17.47,18.2,17.36,17.99,17.9,0.09,0.5028,110400.33,197557.006
300521.SZ,20241016,12.57,13.15,12.52,12.94,12.98,-0.04,-0.3082,29307.0,37652.251
300522.SZ,20241016,12.2,12.88,12.2,12.69,12.35,0.34,2.753,88128.68,111144.739
300523.SZ,20241016,19.48,21.78,19.48,20.7,19.93,0.77,3.8635,108057.96,226458.495
300525.SZ,20241016,15.9,17.0,15.81,16.55,16.05,0.5,3.1153,249904.03,413281.334
300527.SZ,20241016,11.11,11.6,10.69,10.95,12.02,-1.07,-8.9018,1081678.41,1208847.841
300528.SZ,20241016,7.81,8.34,7.81,8.12,8.0,0.12,1.5,103281.6,84004.403
300529.SZ,20241016,29.7,30.42,29.5,30.06,30.07,-0.01,-0.0333,75425.08,226434.497
300530.SZ,20241016,19.43,19.99,19.3,19.56,19.81,-0.25,-1.262,30717.0,60329.55
300531.SZ,20241016,16.16,17.28,16.11,17.04,16.79,0.25,1.489,188769.32,316424.433
300532.SZ,20241016,11.6,12.02,11.53,11.82,11.91,-0.09,-0.7557,130729.05,153707.839
300533.SZ,20241016,16.33,17.56,16.3,17.11,16.92,0.19,1.1229,100248.68,171836.464
300534.SZ,20241016,8.79,9.38,8.72,9.26,9.11,0.15,1.6465,193334.41,176511.316
300535.SZ,20241016,13.31,16.27,13.3,16.27,13.56,2.71,19.9853,93651.34,149470.805
300536.SZ,20241016,5.33,5.42,5.23,5.23,5.4,-0.17,-3.1481,133561.7,70895.73
300537.SZ,20241016,18.61,19.78,18.4,19.04,18.43,0.61,3.3098,202958.52,388997.235
300538.SZ,20241016,16.45,17.3,16.21,16.68,16.48,0.2,1.2136,112653.71,189967.653
300539.SZ,20241016,8.95,9.3,8.93,9.17,9.2,-0.03,-0.3261,29894.0,27459.134
300540.SZ,20241016,22.4,27.37,22.4,27.37,22.81,4.56,19.9912,241892.88,631184.68
300541.SZ,20241016,12.64,14.06,12.55,13.89,13.22,0.67,5.0681,635964.03,859347.859
300542.SZ,20241016,19.34,21.41,19.34,21.08,20.48,0.6,2.9297,469722.02,964774.477
300543.SZ,20241016,9.08,9.41,8.98,9.38,9.2,0.18,1.9565,81026.81,75077.025
300545.SZ,20241016,27.95,28.58,27.7,27.99,28.56,-0.57,-1.9958,54225.0,152315.368
300546.SZ,20241016,15.99,16.65,15.9,16.3,16.36,-0.06,-0.3667,93688.76,152758.366
300547.SZ,20241016,18.18,19.86,18.11,19.0,18.67,0.33,1.7675,312215.03,596049.459
300548.SZ,20241016,20.7,21.65,20.7,21.36,21.22,0.14,0.6598,103847.86,220472.525
300549.SZ,20241016,15.1,15.66,14.95,15.33,15.29,0.04,0.2616,34092.0,52457.195
300550.SZ,20241016,12.44,13.1,12.42,12.89,12.83,0.06,0.4677,34727.08,44731.664
300551.SZ,20241016,13.74,14.33,13.18,13.41,14.44,-1.03,-7.133,679505.8,932404.023
300552.SZ,20241016,35.1,38.51,35.06,37.15,36.13,1.02,2.8231,172794.39,635096.361
300553.SZ,20241016,23.98,24.51,23.7,23.97,24.27,-0.3,-1.2361,17525.0,42200.055
300554.SZ,20241016,21.33,21.98,21.0,21.7,21.58,0.12,0.5561,57312.58,122974.305
300555.SZ,20241016,7.3,7.51,7.11,7.43,7.15,0.28,3.9161,25753.98,18946.581
300556.SZ,20241016,19.12,19.69,18.89,19.32,19.37,-0.05,-0.2581,59862.48,116072.122
300557.SZ,20241016,26.98,27.7,26.66,27.26,27.03,0.23,0.8509,21830.8,59503.488
300558.SZ,20241016,43.06,44.65,42.82,43.33,44.03,-0.7,-1.5898,64280.28,280682.495
300559.SZ,20241016,9.29,10.12,9.27,9.99,9.49,0.5,5.2687,210345.0,207010.558
300560.SZ,20241016,13.99,14.6,13.91,14.34,14.44,-0.1,-0.6925,94421.3,135406.435
300561.SZ,20241016,17.9,20.17,17.86,19.75,18.67,1.08,5.7847,410872.11,789537.912
300562.SZ,20241016,12.15,12.81,12.15,12.6,12.53,0.07,0.5587,156104.4,196600.023
300563.SZ,20241016,53.0,55.15,51.99,53.15,56.58,-3.43,-6.0622,320753.4,1709816.367
300564.SZ,20241016,11.5,13.84,11.21,13.46,11.69,1.77,15.1411,201214.99,255841.907
300565.SZ,20241016,13.41,14.1,13.28,13.64,13.47,0.17,1.2621,165106.04,226208.434
300566.SZ,20241016,17.83,18.25,17.55,17.82,18.12,-0.3,-1.6556,110768.38,197825.192
300567.SZ,20241016,61.02,63.14,60.38,61.14,62.39,-1.25,-2.0035,57477.73,354343.006
300568.SZ,20241016,9.14,9.24,8.96,9.03,9.24,-0.21,-2.2727,436045.05,395996.576
300569.SZ,20241016,4.83,5.39,4.82,5.14,4.92,0.22,4.4715,368308.48,188276.621
300570.SZ,20241016,34.87,36.4,34.87,35.2,35.94,-0.74,-2.059,101768.61,362324.051
300571.SZ,20241016,23.5,24.6,23.18,23.99,23.66,0.33,1.3948,41579.5,99482.778
300572.SZ,20241016,13.38,13.51,13.04,13.42,13.5,-0.08,-0.5926,84361.6,111911.04
300573.SZ,20241016,87.62,90.7,86.66,88.51,88.39,0.12,0.1358,78861.96,697120.542
300575.SZ,20241016,6.24,6.34,6.15,6.23,6.31,-0.08,-1.2678,57539.25,35957.957
300576.SZ,20241016,48.5,53.0,47.68,48.58,46.59,1.99,4.2713,405082.49,2018286.807
300577.SZ,20241016,23.41,23.85,23.03,23.39,23.61,-0.22,-0.9318,15903.82,37275.524
300578.SZ,20241016,16.19,17.25,16.02,16.65,16.47,0.18,1.0929,82560.01,137205.557
300579.SZ,20241016,26.63,28.3,26.6,27.79,27.23,0.56,2.0566,73954.38,203708.718
300580.SZ,20241016,15.35,15.83,15.21,15.33,15.8,-0.47,-2.9747,126944.43,196247.502
300581.SZ,20241016,10.48,11.0,10.25,10.41,10.69,-0.28,-2.6193,422951.48,448796.815
300582.SZ,20241016,11.02,11.32,10.9,11.11,11.12,-0.01,-0.0899,67385.0,75030.582
300583.SZ,20241016,21.51,22.17,20.58,20.91,22.58,-1.67,-7.3959,102356.72,217782.061
300584.SZ,20241016,21.42,22.33,21.11,22.02,21.63,0.39,1.8031,63753.0,139199.506
300585.SZ,20241016,13.41,14.51,13.37,14.0,13.71,0.29,2.1152,100261.0,139608.219
300586.SZ,20241016,7.02,7.24,7.0,7.06,7.17,-0.11,-1.5342,80434.08,57181.604
300587.SZ,20241016,4.63,4.77,4.6,4.67,4.69,-0.02,-0.4264,154695.37,72357.47
300588.SZ,20241016,14.33,17.22,14.15,15.6,14.43,1.17,8.1081,480836.33,756760.464
300589.SZ,20241016,13.41,13.88,13.14,13.4,13.42,-0.02,-0.149,187680.71,254026.526
300590.SZ,20241016,13.37,13.95,13.26,13.81,13.84,-0.03,-0.2168,175189.0,239700.794
300591.SZ,20241016,4.71,5.13,4.69,5.03,4.93,0.1,2.0284,413535.74,207203.025
300592.SZ,20241016,12.63,12.86,12.38,12.54,12.94,-0.4,-3.0912,96026.11,120822.415
300593.SZ,20241016,11.7,12.06,11.6,11.79,11.91,-0.12,-1.0076,108321.34,128141.8
300594.SZ,20241016,16.51,18.5,16.51,17.53,17.02,0.51,2.9965,91259.11,160085.307
300595.SZ,20241016,18.0,18.68,18.0,18.22,18.46,-0.24,-1.3001,124289.87,227803.522
300596.SZ,20241016,27.94,28.48,27.6,27.91,28.12,-0.21,-0.7468,25890.0,72458.767
300597.SZ,20241016,8.41,8.71,8.34,8.62,8.56,0.06,0.7009,87729.0,75472.967
300598.SZ,20241016,59.16,62.63,57.9,59.12,61.38,-2.26,-3.682,272469.9,1624361.856
300599.SZ,20241016,5.95,6.37,5.92,6.21,6.01,0.2,3.3278,65124.72,40341.616
300600.SZ,20241016,6.79,6.9,6.77,6.86,6.88,-0.02,-0.2907,40532.0,27725.487
300601.SZ,20241016,17.0,17.65,16.95,17.41,17.46,-0.05,-0.2864,159924.01,277455.163
300602.SZ,20241016,18.53,19.52,18.3,19.38,18.99,0.39,2.0537,399782.19,756921.591
300603.SZ,20241016,8.71,9.26,8.71,9.22,9.03,0.19,2.1041,168354.79,153436.707
300604.SZ,20241016,39.0,41.24,38.83,41.24,40.3,0.94,2.3325,282475.87,1138738.227
300605.SZ,20241016,11.9,12.41,11.82,12.29,12.26,0.03,0.2447,58853.0,71860.656
300606.SZ,20241016,21.95,22.57,21.33,21.8,22.4,-0.6,-2.6786,99455.5,217694.324
300607.SZ,20241016,11.74,12.06,11.65,11.8,12.01,-0.21,-1.7485,70216.43,83343.3
300608.SZ,20241016,12.69,13.47,12.59,13.2,13.25,-0.05,-0.3774,170393.1,222885.344
300609.SZ,20241016,35.6,38.2,35.0,36.57,36.57,0.0,0.0,87671.0,318074.991
300610.SZ,20241016,9.2,9.42,9.2,9.41,9.29,0.12,1.2917,30516.8,28478.029
300611.SZ,20241016,9.46,9.76,9.31,9.71,9.84,-0.13,-1.3211,89098.24,85539.784
300612.SZ,20241016,14.87,15.7,14.86,15.57,15.26,0.31,2.0315,103126.17,159378.954
300613.SZ,20241016,43.5,45.28,43.47,44.14,44.86,-0.72,-1.605,59216.38,262618.868
300614.SZ,20241016,10.3,10.49,10.19,10.36,10.32,0.04,0.3876,22941.0,23777.388
300615.SZ,20241016,11.65,11.96,11.36,11.6,11.74,-0.14,-1.1925,66327.0,76876.855
300616.SZ,20241016,13.07,13.85,13.06,13.58,13.16,0.42,3.1915,114158.4,154837.595
300617.SZ,20241016,26.5,26.88,26.12,26.54,26.67,-0.13,-0.4874,12678.99,33635.424
300618.SZ,20241016,32.57,36.09,32.32,34.48,33.74,0.74,2.1932,209113.39,714535.569
300619.SZ,20241016,27.06,27.89,26.76,27.13,27.78,-0.65,-2.3398,44011.16,119917.735
300620.SZ,20241016,39.8,40.84,39.57,39.92,40.74,-0.82,-2.0128,57002.67,228968.691
300621.SZ,20241016,12.01,12.97,10.46,10.94,12.12,-1.18,-9.736,574431.84,668060.839
300622.SZ,20241016,23.51,24.45,23.33,23.9,23.9,0.0,0.0,103414.87,246927.377
300623.SZ,20241016,34.77,37.45,34.37,36.1,35.0,1.1,3.1429,948922.63,3445111.064
300624.SZ,20241016,55.1,58.77,55.0,57.19,57.3,-0.11,-0.192,125187.87,716081.043
300625.SZ,20241016,11.07,11.36,10.98,11.2,11.11,0.09,0.8101,20827.0,23296.377
300626.SZ,20241016,9.63,9.98,9.61,9.79,10.03,-0.24,-2.3928,94102.65,92086.156
300627.SZ,20241016,34.48,35.82,34.31,35.01,35.22,-0.21,-0.5963,76778.37,269145.788
300628.SZ,20241016,38.8,39.4,38.65,38.91,39.88,-0.97,-2.4323,82971.44,323173.444
300629.SZ,20241016,19.31,19.57,18.81,19.03,19.59,-0.56,-2.8586,96720.83,185665.349
300630.SZ,20241016,9.75,10.08,9.67,9.9,9.98,-0.08,-0.8016,199139.02,196983.602
300631.SZ,20241016,19.53,20.08,19.25,19.69,19.82,-0.13,-0.6559,20692.72,40863.012
300632.SZ,20241016,11.15,11.43,10.9,11.2,11.36,-0.16,-1.4085,47490.71,53304.898
300633.SZ,20241016,31.5,31.99,30.94,31.49,31.9,-0.41,-1.2853,44178.94,138975.536
300634.SZ,20241016,18.77,19.76,18.77,19.46,19.24,0.22,1.1435,188689.31,364660.947
300635.SZ,20241016,10.35,10.93,10.26,10.84,10.62,0.22,2.0716,84536.18,90668.447
300636.SZ,20241016,8.1,8.35,8.06,8.19,8.22,-0.03,-0.365,49966.2,41026.998
300637.SZ,20241016,10.46,11.47,10.46,10.97,10.64,0.33,3.1015,282505.42,311786.674
300638.SZ,20241016,13.72,14.1,13.63,13.81,14.03,-0.22,-1.5681,218146.7,301755.178
300639.SZ,20241016,5.95,6.14,5.93,6.03,6.05,-0.02,-0.3306,105252.91,63731.64
300640.SZ,20241016,4.74,4.88,4.71,4.81,4.78,0.03,0.6276,45708.0,21992.398
300641.SZ,20241016,28.0,30.99,25.7,25.89,26.7,-0.81,-3.0337,926196.91,2616484.856
300642.SZ,20241016,14.31,14.78,14.21,14.49,14.5,-0.01,-0.069,34602.8,50247.099
300643.SZ,20241016,12.01,12.26,11.85,12.09,12.18,-0.09,-0.7389,58026.87,70068.05
300644.SZ,20241016,19.96,20.83,19.85,20.61,20.38,0.23,1.1286,48760.42,99450.906
300645.SZ,20241016,14.68,15.22,14.55,14.85,15.11,-0.26,-1.7207,72078.85,107472.485
300647.SZ,20241016,6.27,6.5,6.25,6.37,6.46,-0.09,-1.3932,284449.7,181116.591
300648.SZ,20241016,24.07,24.38,23.42,23.6,24.3,-0.7,-2.8807,32106.27,76540.496
300649.SZ,20241016,11.1,12.3,11.1,12.16,11.23,0.93,8.2814,112831.34,133568.731
300650.SZ,20241016,10.89,11.04,10.72,10.82,10.89,-0.07,-0.6428,73574.92,80018.853
300651.SZ,20241016,12.66,13.02,12.5,12.92,12.85,0.07,0.5447,17638.19,22688.431
300652.SZ,20241016,23.51,25.08,23.51,24.48,24.0,0.48,2.0,26941.0,66123.94
300653.SZ,20241016,21.81,22.26,21.62,21.83,22.02,-0.19,-0.8629,20044.5,43935.298
300654.SZ,20241016,9.64,10.29,9.58,10.11,9.55,0.56,5.8639,306891.89,307060.532
300655.SZ,20241016,8.98,10.19,8.98,10.19,8.49,1.7,20.0236,1803309.94,1811909.402
300656.SZ,20241016,23.37,24.78,23.37,24.1,23.6,0.5,2.1186,78922.49,190732.239
300657.SZ,20241016,16.58,17.06,16.5,16.69,17.09,-0.4,-2.3406,186829.36,312979.578
300658.SZ,20241016,5.26,5.41,5.26,5.38,5.34,0.04,0.7491,44043.97,23595.344
300659.SZ,20241016,15.12,15.92,15.12,15.67,15.55,0.12,0.7717,87250.72,136570.832
300660.SZ,20241016,26.78,27.72,26.68,27.2,27.26,-0.06,-0.2201,59103.77,161148.489
300661.SZ,20241016,88.0,89.78,86.5,87.74,90.9,-3.16,-3.4763,66017.97,581639.858
300662.SZ,20241016,18.5,18.98,18.12,18.7,18.81,-0.11,-0.5848,80153.77,149271.811
300663.SZ,20241016,25.0,26.1,23.59,24.54,25.45,-0.91,-3.5756,1244975.88,3069323.684
300664.SZ,20241016,4.72,4.82,4.72,4.78,4.77,0.01,0.2096,79542.5,38012.917
300665.SZ,20241016,5.98,6.38,5.88,6.23,6.05,0.18,2.9752,107179.6,66615.859
300666.SZ,20241016,59.93,62.13,59.53,60.81,61.6,-0.79,-1.2825,69128.03,421827.01
300667.SZ,20241016,17.21,18.48,17.12,18.2,17.63,0.57,3.2331,178344.26,320800.033
300668.SZ,20241016,18.31,18.91,18.3,18.65,18.61,0.04,0.2149,16701.0,31107.332
300669.SZ,20241016,14.75,15.1,14.49,15.08,14.84,0.24,1.6173,25727.5,38399.398
300670.SZ,20241016,5.9,6.14,5.88,6.07,6.07,0.0,0.0,85060.57,51545.791
300671.SZ,20241016,40.04,42.37,40.01,41.07,42.15,-1.08,-2.5623,127464.95,527806.437
300672.SZ,20241016,65.0,68.5,64.46,66.92,67.58,-0.66,-0.9766,98480.86,658594.456
300673.SZ,20241016,14.14,14.38,13.93,14.1,14.39,-0.29,-2.0153,38583.0,54625.563
300674.SZ,20241016,25.12,28.93,23.6,24.6,25.88,-1.28,-4.9459,2152287.9,5591563.184
300675.SZ,20241016,14.72,16.33,14.56,15.37,14.85,0.52,3.5017,186461.91,289719.58
300676.SZ,20241016,44.24,45.5,44.13,44.48,44.82,-0.34,-0.7586,36907.07,165345.347
300677.SZ,20241016,25.18,25.88,25.02,25.25,25.7,-0.45,-1.751,151771.65,386201.354
300678.SZ,20241016,33.03,41.46,33.03,41.46,34.55,6.91,20.0,741285.95,2904540.324
300679.SZ,20241016,42.93,44.05,42.52,43.12,43.8,-0.68,-1.5525,58420.32,251787.369
300680.SZ,20241016,18.19,18.46,18.02,18.2,18.53,-0.33,-1.7809,59299.12,107974.694
300681.SZ,20241016,15.4,15.72,15.25,15.42,15.76,-0.34,-2.1574,43782.78,67706.948
300682.SZ,20241016,11.23,11.55,11.22,11.3,11.42,-0.12,-1.0508,131996.14,150028.538
300683.SZ,20241016,24.37,24.58,24.05,24.21,24.37,-0.16,-0.6565,12109.0,29451.611
300684.SZ,20241016,18.29,19.11,18.29,18.69,18.8,-0.11,-0.5851,121695.0,227480.287
300685.SZ,20241016,22.22,22.73,21.98,22.19,22.49,-0.3,-1.3339,43862.4,97912.279
300686.SZ,20241016,10.34,11.0,9.64,11.0,10.0,1.0,10.0,513154.39,535950.775
300687.SZ,20241016,18.42,19.34,18.22,19.09,18.72,0.37,1.9765,124772.85,236568.722
300688.SZ,20241016,25.47,25.98,24.95,25.46,25.52,-0.06,-0.2351,54154.34,138149.351
300689.SZ,20241016,22.5,23.55,21.55,22.99,21.91,1.08,4.9293,60497.04,137685.229
300690.SZ,20241016,21.0,21.76,20.83,21.45,21.6,-0.15,-0.6944,77097.0,164593.803
300691.SZ,20241016,18.9,19.8,18.75,19.05,18.78,0.27,1.4377,185152.28,356641.444
300692.SZ,20241016,4.9,5.09,4.86,4.99,5.07,-0.08,-1.5779,93056.47,46527.403
300693.SZ,20241016,24.15,24.56,23.81,24.12,24.52,-0.4,-1.6313,83368.17,201547.698
300694.SZ,20241016,8.76,8.98,8.58,8.89,8.88,0.01,0.1126,32740.0,29033.01
300695.SZ,20241016,38.76,39.53,38.53,39.04,39.18,-0.14,-0.3573,3234.0,12614.131
300696.SZ,20241016,17.19,18.39,17.0,17.79,17.1,0.69,4.0351,218613.03,386782.677
300697.SZ,20241016,11.38,11.77,11.25,11.58,11.47,0.11,0.959,62985.64,72842.42
300698.SZ,20241016,39.1,41.59,39.03,40.96,40.22,0.74,1.8399,38939.0,159042.216
300699.SZ,20241016,31.74,32.56,31.43,31.91,32.07,-0.16,-0.4989,106568.17,341098.538
300700.SZ,20241016,6.9,7.29,6.87,7.04,6.99,0.05,0.7153,102554.2,72683.396
300701.SZ,20241016,8.98,9.19,8.86,8.95,9.0,-0.05,-0.5556,44610.25,40247.178
300702.SZ,20241016,15.67,16.08,15.6,15.89,15.83,0.06,0.379,33474.64,53210.491
300703.SZ,20241016,8.39,8.62,8.36,8.58,8.55,0.03,0.3509,39590.05,33786.358
300705.SZ,20241016,23.0,23.75,22.96,23.5,23.18,0.32,1.3805,54907.55,128464.625
300706.SZ,20241016,23.19,23.84,23.0,23.3,23.7,-0.4,-1.6878,65417.89,152730.47
300707.SZ,20241016,12.0,12.34,11.97,12.16,12.2,-0.04,-0.3279,55869.0,67966.584
300708.SZ,20241016,10.82,11.25,10.8,10.93,10.96,-0.03,-0.2737,283217.11,311771.165
300709.SZ,20241016,45.18,47.27,44.8,45.81,48.0,-2.19,-4.5625,254615.85,1168060.203
300710.SZ,20241016,17.45,17.87,17.13,17.75,17.59,0.16,0.9096,30559.0,53860.013
300711.SZ,20241016,20.66,21.26,20.28,20.47,21.3,-0.83,-3.8967,154221.32,319853.792
300712.SZ,20241016,23.52,23.86,23.16,23.38,23.66,-0.28,-1.1834,17915.81,42095.841
300713.SZ,20241016,15.87,16.64,15.43,15.95,15.61,0.34,2.1781,125384.85,200693.082
300715.SZ,20241016,7.81,8.3,7.76,8.28,7.92,0.36,4.5455,73290.3,59273.294
300716.SZ,20241016,10.55,10.82,10.4,10.52,10.78,-0.26,-2.4119,69706.0,73718.631
300717.SZ,20241016,14.44,14.98,14.01,14.84,14.44,0.4,2.7701,26956.4,39779.706
300718.SZ,20241016,15.77,16.38,15.7,16.09,16.02,0.07,0.437,55541.66,89498.687
300719.SZ,20241016,21.4,22.2,21.22,21.56,22.31,-0.75,-3.3617,283219.01,613610.792
300720.SZ,20241016,15.12,15.77,15.11,15.48,15.43,0.05,0.324,43303.1,67129.021
300721.SZ,20241016,12.85,15.26,12.8,14.69,12.72,1.97,15.4874,312941.04,461697.063
300722.SZ,20241016,33.0,34.3,31.97,32.36,34.86,-2.5,-7.1715,248560.14,820409.14
300723.SZ,20241016,15.58,15.91,15.4,15.55,15.75,-0.2,-1.2698,50081.9,78333.987
300724.SZ,20241016,60.72,61.8,59.7,60.23,62.6,-2.37,-3.7859,149389.97,905634.578
300725.SZ,20241016,34.12,35.54,34.0,34.55,35.09,-0.54,-1.5389,77403.17,269509.763
300726.SZ,20241016,31.48,32.47,31.26,31.75,32.04,-0.29,-0.9051,85686.2,273604.482
300727.SZ,20241016,25.5,26.39,25.0,25.57,25.89,-0.32,-1.236,29726.01,76686.742
300729.SZ,20241016,15.11,15.57,15.09,15.32,15.35,-0.03,-0.1954,43668.4,66973.011
300730.SZ,20241016,12.79,13.48,12.64,13.12,13.31,-0.19,-1.4275,161173.5,211333.373
300731.SZ,20241016,17.1,18.55,17.1,18.42,16.95,1.47,8.6726,165877.59,298042.648
300732.SZ,20241016,7.88,8.33,7.88,8.2,8.04,0.16,1.99,213661.67,174602.028
300733.SZ,20241016,11.2,12.84,11.1,12.71,11.29,1.42,12.5775,274457.14,328027.976
300735.SZ,20241016,31.5,33.67,31.2,31.69,33.07,-1.38,-4.173,908771.4,2921155.027
300736.SZ,20241016,9.96,10.18,9.82,10.04,10.05,-0.01,-0.0995,79913.0,80196.99
300737.SZ,20241016,5.66,6.15,5.66,5.97,5.76,0.21,3.6458,558784.14,332820.443
300738.SZ,20241016,11.22,11.98,11.21,11.74,11.58,0.16,1.3817,457734.8,535824.247
300739.SZ,20241016,13.45,13.67,13.26,13.45,13.61,-0.16,-1.1756,65130.6,87637.662
300740.SZ,20241016,12.99,13.32,12.81,12.98,13.07,-0.09,-0.6886,97400.03,127344.421
300741.SZ,20241016,16.61,16.9,16.36,16.47,16.75,-0.28,-1.6716,23016.84,38217.882
300743.SZ,20241016,13.6,14.16,13.5,14.03,13.86,0.17,1.2266,35255.71,49197.442
300745.SZ,20241016,16.33,16.6,15.88,16.07,16.52,-0.45,-2.724,55076.75,89333.939
300746.SZ,20241016,15.81,17.7,15.81,17.6,16.21,1.39,8.575,354735.97,606507.282
300747.SZ,20241016,17.07,17.49,16.99,17.14,17.4,-0.26,-1.4943,104091.38,179134.119
300748.SZ,20241016,13.08,13.44,13.03,13.19,13.24,-0.05,-0.3776,170002.92,224838.122
300749.SZ,20241016,6.08,6.61,6.01,6.35,6.09,0.26,4.2693,96121.6,60651.538
300750.SZ,20241016,238.82,238.82,233.33,233.85,241.22,-7.37,-3.0553,335859.54,7918107.276
300751.SZ,20241016,93.86,95.39,90.02,90.95,95.01,-4.06,-4.2732,45970.78,422931.225
300752.SZ,20241016,14.82,15.22,14.73,14.9,15.07,-0.17,-1.1281,61151.4,91386.588
300753.SZ,20241016,13.91,14.88,13.91,14.47,14.09,0.38,2.6969,86053.97,124971.806
300755.SZ,20241016,16.54,17.75,16.45,16.86,16.94,-0.08,-0.4723,83535.4,141398.73
300756.SZ,20241016,13.01,13.29,13.01,13.19,13.13,0.06,0.457,19217.4,25276.041
300757.SZ,20241016,173.99,177.0,146.84,156.02,174.4,-18.38,-10.539,208923.69,3376594.07
300758.SZ,20241016,13.12,13.85,13.01,13.17,13.2,-0.03,-0.2273,302471.9,406284.158
300759.SZ,20241016,25.6,26.3,25.33,26.08,27.41,-1.33,-4.8522,665903.98,1719263.524
300760.SZ,20241016,266.27,269.86,261.01,262.0,270.9,-8.9,-3.2853,85447.74,2253755.498
300761.SZ,20241016,20.15,20.79,20.03,20.36,20.35,0.01,0.0491,61342.4,125022.98
300762.SZ,20241016,18.6,18.92,17.96,18.18,19.3,-1.12,-5.8031,493515.76,909332.564
300763.SZ,20241016,70.5,71.89,69.17,69.89,71.71,-1.82,-2.538,86612.62,609410.88
300765.SZ,20241016,32.04,32.04,28.0,28.77,32.34,-3.57,-11.039,354119.43,1033626.138
300766.SZ,20241016,13.53,14.66,13.51,14.2,13.9,0.3,2.1583,231657.36,329069.147
300767.SZ,20241016,10.46,11.16,10.46,10.86,10.63,0.23,2.1637,79512.35,86124.918
300768.SZ,20241016,16.47,17.28,16.1,16.97,16.5,0.47,2.8485,118785.56,199431.372
300769.SZ,20241016,37.13,38.16,36.25,37.25,38.44,-1.19,-3.0957,215524.84,802688.609
300770.SZ,20241016,38.35,39.25,38.15,38.58,38.7,-0.12,-0.3101,32919.26,127294.555
300771.SZ,20241016,10.15,10.36,10.11,10.24,10.27,-0.03,-0.2921,61076.0,62577.761
300772.SZ,20241016,11.01,11.24,10.88,11.08,11.17,-0.09,-0.8057,141472.7,156299.645
300773.SZ,20241016,21.4,22.5,20.9,21.28,22.59,-1.31,-5.799,909588.4,1967161.758
300774.SZ,20241016,8.82,9.13,8.78,8.95,8.93,0.02,0.224,42701.0,38462.423
300775.SZ,20241016,26.6,27.06,25.95,26.2,27.48,-1.28,-4.6579,240419.36,637635.066
300776.SZ,20241016,58.93,59.78,57.8,57.99,60.51,-2.52,-4.1646,49461.13,290062.27
300777.SZ,20241016,25.92,26.53,25.8,26.08,26.23,-0.15,-0.5719,86038.77,224296.1
300778.SZ,20241016,12.26,14.52,12.16,13.29,12.36,0.93,7.5243,244451.5,323829.578
300779.SZ,20241016,65.1,68.5,65.01,68.19,66.0,2.19,3.3182,55092.85,368704.826
300780.SZ,20241016,14.99,17.5,14.91,16.86,15.22,1.64,10.7753,230010.45,382067.937
300781.SZ,20241016,52.0,56.5,51.25,54.17,54.1,0.07,0.1294,99520.29,542903.176
300782.SZ,20241016,93.5,97.6,93.02,94.05,97.8,-3.75,-3.8344,143861.44,1367511.961
300783.SZ,20241016,23.84,24.59,23.51,23.79,24.42,-0.63,-2.5799,119271.76,286297.469
300784.SZ,20241016,62.22,64.68,61.0,61.05,64.03,-2.98,-4.6541,20635.2,129193.624
300785.SZ,20241016,24.07,26.54,24.07,26.26,25.67,0.59,2.2984,167388.54,431807.705
300786.SZ,20241016,13.8,14.15,13.07,13.44,13.18,0.26,1.9727,164219.84,223372.881
300787.SZ,20241016,12.68,12.88,12.53,12.72,12.89,-0.17,-1.3189,43733.52,55559.738
300788.SZ,20241016,28.23,29.6,28.23,29.0,29.08,-0.08,-0.2751,72014.01,209646.026
300789.SZ,20241016,14.24,17.2,14.14,16.55,14.4,2.15,14.9306,123992.76,198018.609
300790.SZ,20241016,15.56,15.98,15.47,15.65,15.91,-0.26,-1.6342,101383.2,159172.399
300791.SZ,20241016,26.6,27.31,26.52,26.8,26.72,0.08,0.2994,26650.34,71746.253
300792.SZ,20241016,20.0,20.6,19.78,20.17,20.6,-0.43,-2.0874,70999.88,142765.369
300793.SZ,20241016,15.8,18.17,15.68,17.69,15.46,2.23,14.4243,765503.78,1316509.805
300795.SZ,20241016,15.33,15.81,15.3,15.48,15.69,-0.21,-1.3384,20146.75,31325.17
300796.SZ,20241016,10.6,10.87,10.55,10.66,10.77,-0.11,-1.0214,64694.8,69128.368
300797.SZ,20241016,11.97,12.41,11.83,12.01,11.99,0.02,0.1668,71335.76,86623.208
300798.SZ,20241016,5.89,6.15,5.81,6.06,5.93,0.13,2.1922,89693.39,53912.83
300800.SZ,20241016,10.37,10.53,10.24,10.39,10.36,0.03,0.2896,24072.0,25063.927
300801.SZ,20241016,14.5,15.16,14.45,14.96,14.77,0.19,1.2864,19955.5,29815.865
300802.SZ,20241016,16.5,16.6,16.13,16.44,16.65,-0.21,-1.2613,31285.76,51217.723
300803.SZ,20241016,74.2,85.5,74.2,81.8,77.07,4.73,6.1373,474726.39,3801678.739
300804.SZ,20241016,23.14,23.85,23.04,23.51,23.29,0.22,0.9446,16231.0,38075.366
300805.SZ,20241016,7.85,8.18,7.77,8.04,8.03,0.01,0.1245,93523.0,75281.017
300806.SZ,20241016,12.75,13.29,12.6,12.7,12.88,-0.18,-1.3975,199100.43,257365.146
300807.SZ,20241016,33.02,34.47,33.02,34.04,34.24,-0.2,-0.5841,38785.65,131921.142
300808.SZ,20241016,18.61,19.8,18.39,19.33,18.75,0.58,3.0933,58189.11,112458.725
300809.SZ,20241016,21.45,23.78,21.45,22.5,21.92,0.58,2.646,74567.8,169685.152
300810.SZ,20241016,23.0,24.0,22.53,23.23,25.04,-1.81,-7.2284,167197.92,389050.554
300811.SZ,20241016,44.8,45.85,44.23,44.8,45.9,-1.1,-2.3965,56840.08,255137.906
300812.SZ,20241016,21.02,21.5,20.62,20.88,21.44,-0.56,-2.6119,53695.8,112766.55
300813.SZ,20241016,19.02,19.49,18.8,19.29,19.19,0.1,0.5211,16558.36,31833.891
300814.SZ,20241016,30.6,32.02,30.48,31.3,31.57,-0.27,-0.8552,47559.17,149302.058
300815.SZ,20241016,14.41,14.65,14.25,14.39,14.65,-0.26,-1.7747,56302.76,81288.575
300816.SZ,20241016,21.39,23.77,21.17,22.66,21.63,1.03,4.7619,37148.57,83154.146
300817.SZ,20241016,12.43,12.75,12.26,12.44,12.55,-0.11,-0.8765,51222.69,64068.131
300818.SZ,20241016,25.92,26.91,25.8,26.6,26.44,0.16,0.6051,10185.27,26873.471
300819.SZ,20241016,12.48,13.08,12.4,12.84,12.62,0.22,1.7433,22694.5,29055.144
300820.SZ,20241016,45.0,47.97,44.14,47.38,45.46,1.92,4.2235,64333.2,299865.331
300821.SZ,20241016,7.7,7.88,7.64,7.76,7.73,0.03,0.3881,96316.68,74674.936
300822.SZ,20241016,11.34,11.85,11.17,11.71,11.55,0.16,1.3853,58195.53,67681.657
300823.SZ,20241016,12.94,13.88,12.7,13.66,12.74,0.92,7.2214,133589.14,178679.2
300824.SZ,20241016,8.6,8.91,8.46,8.72,8.87,-0.15,-1.6911,82253.88,71671.362
300825.SZ,20241016,9.61,9.75,9.46,9.53,9.75,-0.22,-2.2564,134018.58,128342.259
300826.SZ,20241016,14.19,14.94,14.11,14.63,14.41,0.22,1.5267,71442.96,104510.997
300827.SZ,20241016,39.3,40.89,38.88,39.1,40.52,-1.42,-3.5044,80127.34,317833.546
300828.SZ,20241016,12.77,13.48,12.73,13.34,12.99,0.35,2.6944,52322.26,69129.966
300829.SZ,20241016,15.21,15.33,14.95,15.26,15.15,0.11,0.7261,18433.24,27995.326
300830.SZ,20241016,7.48,7.8,7.32,7.64,7.68,-0.04,-0.5208,194450.0,147893.332
300831.SZ,20241016,14.75,15.34,14.72,14.93,15.08,-0.15,-0.9947,156639.29,235820.856
300832.SZ,20241016,69.98,70.86,68.8,69.1,70.6,-1.5,-2.1246,51748.01,360476.245
300833.SZ,20241016,39.02,39.45,38.47,39.15,39.67,-0.52,-1.3108,13486.53,52583.967
300834.SZ,20241016,19.62,19.89,19.48,19.61,19.7,-0.09,-0.4569,6241.0,12269.124
300835.SZ,20241016,26.34,27.8,26.1,26.8,26.52,0.28,1.0558,41045.1,111225.495
300836.SZ,20241016,46.37,47.8,45.6,46.65,46.98,-0.33,-0.7024,17657.1,81962.227
300837.SZ,20241016,20.4,22.5,19.89,21.71,20.5,1.21,5.9024,29126.45,62449.008
300838.SZ,20241016,12.49,12.8,12.18,12.49,12.41,0.08,0.6446,53127.57,66267.671
300839.SZ,20241016,6.76,6.98,6.76,6.89,6.89,0.0,0.0,30173.13,20825.986
300840.SZ,20241016,9.63,9.86,9.57,9.69,9.8,-0.11,-1.1224,85559.99,83034.054
300841.SZ,20241016,59.63,61.25,59.01,60.17,60.69,-0.52,-0.8568,38599.75,231687.129
300842.SZ,20241016,39.19,39.78,38.6,39.21,40.01,-0.8,-1.9995,43856.76,171822.638
300843.SZ,20241016,28.6,29.23,28.01,28.47,30.2,-1.73,-5.7285,93666.9,268137.234
300844.SZ,20241016,30.22,32.97,30.22,31.94,31.05,0.89,2.8663,37038.6,117614.112
300845.SZ,20241016,13.03,13.55,12.93,13.29,13.31,-0.02,-0.1503,64644.64,86093.681
300846.SZ,20241016,11.22,11.82,11.2,11.65,11.53,0.12,1.0408,166474.0,193237.682
300847.SZ,20241016,18.96,19.26,18.33,18.68,19.8,-1.12,-5.6566,231816.74,436140.862
300848.SZ,20241016,14.35,14.73,14.31,14.5,14.54,-0.04,-0.2751,20491.75,29823.449
300849.SZ,20241016,15.05,15.26,14.95,15.08,15.25,-0.17,-1.1148,23514.02,35469.193
300850.SZ,20241016,18.32,18.69,17.92,18.41,18.71,-0.3,-1.6034,118982.81,217286.532
300851.SZ,20241016,30.21,31.94,29.97,30.76,30.78,-0.02,-0.065,18833.02,58215.466
300852.SZ,20241016,25.0,25.29,24.7,25.0,25.29,-0.29,-1.1467,19074.72,47640.49
300853.SZ,20241016,17.98,18.57,17.31,17.68,18.55,-0.87,-4.69,110908.52,199048.741
300854.SZ,20241016,12.27,12.68,12.21,12.47,12.5,-0.03,-0.24,27175.0,33960.171
300855.SZ,20241016,23.25,24.85,23.25,24.23,23.55,0.68,2.8875,78006.45,190118.143
300856.SZ,20241016,28.36,29.18,28.21,28.86,28.78,0.08,0.278,54032.39,154739.21
300857.SZ,20241016,72.99,75.46,72.79,74.01,75.3,-1.29,-1.7131,89430.73,660719.614
300858.SZ,20241016,14.56,15.0,14.54,14.77,14.77,0.0,0.0,21925.4,32429.505
300859.SZ,20241016,31.69,32.65,31.45,32.27,32.31,-0.04,-0.1238,58600.0,187864.206
300860.SZ,20241016,24.21,25.28,24.21,24.76,24.7,0.06,0.2429,27730.89,68816.902
300861.SZ,20241016,20.45,20.78,20.21,20.39,20.62,-0.23,-1.1154,42768.19,87385.936
300862.SZ,20241016,26.95,27.93,26.45,27.01,27.37,-0.36,-1.3153,126400.4,343920.592
300863.SZ,20241016,47.0,47.4,42.75,44.46,50.44,-5.98,-11.8557,138916.08,618857.03
300864.SZ,20241016,21.76,22.29,21.5,21.65,21.91,-0.26,-1.1867,15181.72,33260.903
300865.SZ,20241016,27.31,28.5,27.31,28.5,23.75,4.75,20.0,50072.24,141424.002
300866.SZ,20241016,79.77,80.4,78.25,78.55,81.0,-2.45,-3.0247,43210.92,341946.246
300867.SZ,20241016,13.15,13.57,13.1,13.37,13.35,0.02,0.1498,30384.0,40726.075
300868.SZ,20241016,21.9,23.97,21.9,23.83,22.6,1.23,5.4425,106367.46,248555.596
300869.SZ,20241016,15.46,15.87,15.36,15.5,15.65,-0.15,-0.9585,45866.0,71577.411
300870.SZ,20241016,49.0,50.9,48.1,49.45,49.89,-0.44,-0.8819,22734.04,112362.766
300871.SZ,20241016,9.57,9.82,9.4,9.68,9.63,0.05,0.5192,25717.44,24862.729
300872.SZ,20241016,15.93,18.08,15.76,17.71,16.75,0.96,5.7313,482470.18,834265.819
300873.SZ,20241016,16.78,17.21,16.4,16.57,16.83,-0.26,-1.5449,55564.7,92568.798
300875.SZ,20241016,36.49,39.12,35.74,36.14,38.2,-2.06,-5.3927,122328.07,454021.596
300876.SZ,20241016,16.82,17.29,16.58,17.1,17.04,0.06,0.3521,7453.0,12720.382
300877.SZ,20241016,12.56,13.22,12.56,13.01,12.9,0.11,0.8527,11992.42,15541.052
300878.SZ,20241016,16.72,17.07,16.06,16.46,16.82,-0.36,-2.1403,26171.88,43518.79
300879.SZ,20241016,14.88,15.4,14.72,15.29,14.99,0.3,2.0013,60785.97,92101.526
300880.SZ,20241016,20.78,21.4,20.6,20.95,21.32,-0.37,-1.7355,51762.72,108857.299
300881.SZ,20241016,32.07,33.33,31.66,32.75,32.1,0.65,2.0249,34986.3,114433.731
300882.SZ,20241016,14.98,15.22,14.68,14.88,15.15,-0.27,-1.7822,34094.7,50946.094
300883.SZ,20241016,4.96,5.03,4.85,5.02,4.96,0.06,1.2097,74103.0,36833.525
300884.SZ,20241016,10.66,11.08,10.58,10.94,10.76,0.18,1.6729,81270.71,88218.689
300885.SZ,20241016,9.41,9.69,9.4,9.52,9.58,-0.06,-0.6263,53302.71,50888.425
300886.SZ,20241016,19.85,20.67,19.62,20.18,19.93,0.25,1.2544,12865.2,26115.617
300887.SZ,20241016,7.73,8.08,7.69,7.91,7.89,0.02,0.2535,124518.46,98761.271
300888.SZ,20241016,28.65,29.24,28.42,28.44,28.92,-0.48,-1.6598,39187.6,112800.59
300889.SZ,20241016,12.63,13.02,12.61,12.97,12.83,0.14,1.0912,33529.78,43166.033
300890.SZ,20241016,29.17,29.85,28.76,29.11,29.62,-0.51,-1.7218,45560.0,133475.333
300891.SZ,20241016,8.14,8.39,8.08,8.28,8.25,0.03,0.3636,40045.0,33182.183
300892.SZ,20241016,26.72,27.79,25.8,26.5,28.2,-1.7,-6.0284,75994.39,203159.206
300893.SZ,20241016,28.92,30.11,28.64,29.4,29.43,-0.03,-0.1019,13343.5,39225.634
300894.SZ,20241016,14.0,14.44,13.91,14.14,14.22,-0.08,-0.5626,91499.0,129717.462
300895.SZ,20241016,32.17,35.18,32.03,34.42,32.92,1.5,4.5565,86560.21,291615.958
300896.SZ,20241016,198.02,204.9,197.0,200.88,203.22,-2.34,-1.1515,40543.52,817390.852
300897.SZ,20241016,21.29,21.98,21.29,21.55,21.23,0.32,1.5073,17445.07,37840.162
300898.SZ,20241016,19.99,20.66,19.81,20.22,20.4,-0.18,-0.8824,38395.6,77861.782
300899.SZ,20241016,20.11,21.14,19.94,21.02,20.7,0.32,1.5459,23172.07,48236.113
300900.SZ,20241016,21.2,22.42,21.04,21.8,21.65,0.15,0.6928,162976.46,356862.375
300901.SZ,20241016,8.0,8.29,7.92,8.13,8.22,-0.09,-1.0949,30212.0,24676.688
300902.SZ,20241016,18.01,18.4,17.72,18.02,18.18,-0.16,-0.8801,24534.2,44248.147
300903.SZ,20241016,7.8,8.08,7.77,7.87,8.0,-0.13,-1.625,132867.31,105315.027
300904.SZ,20241016,43.04,44.22,42.8,43.33,44.1,-0.77,-1.746,13321.77,57907.111
300905.SZ,20241016,30.2,32.82,29.91,30.52,29.82,0.7,2.3474,185423.12,580645.18
300906.SZ,20241016,21.99,22.52,21.75,22.29,22.2,0.09,0.4054,8658.0,19276.002
300907.SZ,20241016,20.5,20.95,20.4,20.74,20.91,-0.17,-0.813,12715.0,26317.372
300908.SZ,20241016,27.45,27.6,27.01,27.28,27.3,-0.02,-0.0733,14958.75,40793.327
300909.SZ,20241016,23.05,23.67,22.97,23.02,23.68,-0.66,-2.7872,51442.0,119673.252
300910.SZ,20241016,43.69,44.71,42.98,43.68,43.69,-0.01,-0.0229,14350.58,62803.736
300911.SZ,20241016,22.8,23.3,22.63,22.78,23.02,-0.24,-1.0426,17421.52,39989.378
300912.SZ,20241016,11.5,11.81,11.44,11.71,11.66,0.05,0.4288,25746.0,30039.999
300913.SZ,20241016,34.02,34.9,33.5,34.06,35.07,-1.01,-2.88,66401.79,226434.223
300915.SZ,20241016,30.5,31.18,30.0,30.49,30.88,-0.39,-1.263,4884.0,14980.603
300916.SZ,20241016,24.94,25.74,24.94,25.23,25.66,-0.43,-1.6758,23032.0,58305.38
300917.SZ,20241016,60.0,68.47,58.8,68.47,57.06,11.41,19.9965,295955.35,1898093.055
300918.SZ,20241016,9.22,9.59,9.22,9.5,9.36,0.14,1.4957,43898.34,41128.381
300919.SZ,20241016,35.6,36.65,35.58,36.0,36.75,-0.75,-2.0408,86008.04,310334.973
300920.SZ,20241016,15.8,16.4,15.72,15.98,15.95,0.03,0.1881,12066.0,19409.551
300921.SZ,20241016,21.5,22.25,21.5,21.93,21.92,0.01,0.0456,29760.4,65160.267
300922.SZ,20241016,15.88,17.09,15.79,16.01,16.58,-0.57,-3.4379,168946.48,276105.258
300923.SZ,20241016,20.8,21.5,20.61,20.97,20.91,0.06,0.2869,20671.0,43815.36
300925.SZ,20241016,26.01,28.67,25.34,27.75,26.66,1.09,4.0885,740357.99,2041795.602
300926.SZ,20241016,22.97,23.23,22.52,22.73,23.15,-0.42,-1.8143,57275.62,130984.998
300927.SZ,20241016,18.19,19.13,17.9,18.56,18.13,0.43,2.3718,64488.28,120129.486
300928.SZ,20241016,34.33,36.34,33.52,35.49,34.83,0.66,1.8949,39393.85,138976.897
300929.SZ,20241016,8.7,8.98,8.52,8.66,8.76,-0.1,-1.1416,130840.06,113963.642
300930.SZ,20241016,22.45,23.22,22.26,22.7,22.67,0.03,0.1323,21921.0,50086.346
300931.SZ,20241016,6.1,6.47,6.08,6.33,6.13,0.2,3.2626,91425.76,57780.617
300932.SZ,20241016,13.1,13.56,12.9,13.46,13.18,0.28,2.1244,55940.19,74158.536
300933.SZ,20241016,6.5,6.65,6.42,6.55,6.58,-0.03,-0.4559,89251.25,58498.94
300935.SZ,20241016,20.19,21.08,19.85,20.7,20.56,0.14,0.6809,23777.6,49026.281
300936.SZ,20241016,39.51,43.92,39.0,42.12,40.23,1.89,4.698,57878.71,243461.521
300937.SZ,20241016,22.49,24.8,22.36,23.87,22.82,1.05,4.6012,40916.74,97079.419
300938.SZ,20241016,19.76,20.48,19.71,20.12,20.12,0.0,0.0,17847.4,35960.689
300939.SZ,20241016,30.36,31.26,30.32,30.69,31.1,-0.41,-1.3183,25270.77,77840.403
300940.SZ,20241016,14.03,14.95,13.81,14.6,14.3,0.3,2.0979,59469.4,86074.58
300941.SZ,20241016,21.21,22.48,21.08,22.02,22.06,-0.04,-0.1813,78335.72,171328.062
300942.SZ,20241016,7.97,8.17,7.9,8.01,8.03,-0.02,-0.2491,59094.0,47552.371
300943.SZ,20241016,12.55,13.08,12.55,12.91,12.86,0.05,0.3888,36683.5,47363.982
300945.SZ,20241016,10.0,11.05,9.94,10.62,10.22,0.4,3.9139,307726.2,322508.543
300946.SZ,20241016,26.54,27.21,26.16,26.66,26.54,0.12,0.4521,10919.0,29112.633
300947.SZ,20241016,17.99,20.8,17.99,20.54,18.02,2.52,13.9845,214408.55,414708.255
300948.SZ,20241016,10.37,12.0,10.3,11.27,10.48,0.79,7.5382,117379.59,132647.035
300949.SZ,20241016,31.0,33.46,30.96,32.91,31.91,1.0,3.1338,15979.1,52392.164
300950.SZ,20241016,14.78,15.18,14.78,14.91,14.96,-0.05,-0.3342,22823.0,34164.756
300951.SZ,20241016,28.69,29.3,28.53,28.83,29.17,-0.34,-1.1656,23260.65,67125.834
300952.SZ,20241016,19.86,20.7,19.7,20.28,20.02,0.26,1.2987,13760.0,27945.217
300953.SZ,20241016,60.17,61.38,59.1,60.45,61.22,-0.77,-1.2578,13643.0,82405.286
300955.SZ,20241016,14.3,14.76,14.21,14.45,14.43,0.02,0.1386,14573.86,21163.32
300956.SZ,20241016,17.02,17.54,16.82,17.25,17.54,-0.29,-1.6534,84372.18,145220.827
300957.SZ,20241016,50.88,51.49,50.1,50.52,51.99,-1.47,-2.8275,58876.0,299170.524
300958.SZ,20241016,12.05,12.5,12.02,12.31,12.21,0.1,0.819,43384.78,53506.571
300959.SZ,20241016,29.1,29.89,29.0,29.51,29.59,-0.08,-0.2704,9785.35,28879.247
300960.SZ,20241016,20.85,21.55,20.61,20.93,20.97,-0.04,-0.1907,24985.0,52762.235
300961.SZ,20241016,10.36,11.11,10.25,10.6,10.73,-0.13,-1.2116,191219.45,204317.903
300962.SZ,20241016,15.41,15.78,15.11,15.31,15.62,-0.31,-1.9846,57974.73,89645.028
300963.SZ,20241016,8.63,9.48,8.55,9.02,8.72,0.3,3.4404,108317.84,98517.55
300964.SZ,20241016,37.0,39.1,36.94,38.33,38.14,0.19,0.4982,26047.44,99941.25
300965.SZ,20241016,30.71,31.83,30.71,31.11,31.48,-0.37,-1.1753,7001.44,21840.619
300966.SZ,20241016,17.6,18.99,17.56,18.21,18.24,-0.03,-0.1645,52564.01,95679.872
300967.SZ,20241016,11.85,12.82,11.72,12.49,12.15,0.34,2.7984,130207.88,161692.805
300968.SZ,20241016,10.73,11.01,10.55,10.68,10.89,-0.21,-1.9284,129050.93,138986.019
300969.SZ,20241016,68.01,69.55,67.06,68.14,69.73,-1.59,-2.2802,20957.77,142212.444
300970.SZ,20241016,12.31,12.73,12.28,12.55,12.5,0.05,0.4,23575.0,29576.354
300971.SZ,20241016,20.21,21.05,20.0,20.45,20.54,-0.09,-0.4382,37252.0,76867.421
300972.SZ,20241016,55.21,56.85,53.52,54.88,56.85,-1.97,-3.4653,37531.46,205106.303
300973.SZ,20241016,32.48,33.47,32.3,33.07,33.05,0.02,0.0605,39547.8,130067.569
300975.SZ,20241016,9.7,10.25,9.6,10.09,10.04,0.05,0.498,451048.21,451370.314
300976.SZ,20241016,58.9,61.68,58.9,60.91,60.41,0.5,0.8277,23113.0,139628.236
300977.SZ,20241016,18.22,20.02,18.22,18.92,18.73,0.19,1.0144,83960.63,161308.597
300978.SZ,20241016,11.1,11.87,11.1,11.44,11.44,0.0,0.0,158598.02,182663.518
300979.SZ,20241016,67.11,70.6,66.5,70.5,67.98,2.52,3.707,36270.27,249960.399
300980.SZ,20241016,16.49,16.9,16.24,16.66,16.85,-0.19,-1.1276,15613.59,26015.522
300981.SZ,20241016,12.06,12.43,12.05,12.3,12.27,0.03,0.2445,43748.15,53833.905
300982.SZ,20241016,18.28,18.6,18.13,18.28,18.47,-0.19,-1.0287,35122.0,64411.457
300983.SZ,20241016,17.76,18.55,17.69,18.24,17.99,0.25,1.3897,10952.8,19942.452
300984.SZ,20241016,23.86,24.52,23.78,24.42,24.1,0.32,1.3278,4728.37,11460.482
300985.SZ,20241016,19.45,20.31,19.33,19.54,19.83,-0.29,-1.4624,42212.14,83770.557
300986.SZ,20241016,10.46,11.28,10.32,11.24,10.55,0.69,6.5403,81841.16,90516.931
300987.SZ,20241016,14.41,16.98,14.4,16.58,14.7,1.88,12.7891,216977.53,350050.269
300988.SZ,20241016,17.33,17.7,17.05,17.18,17.62,-0.44,-2.4972,43125.65,74773.308
300989.SZ,20241016,13.18,14.5,13.11,14.06,13.45,0.61,4.5353,169871.81,236729.317
300990.SZ,20241016,35.0,36.48,33.89,34.72,35.15,-0.43,-1.2233,47009.84,166453.998
300991.SZ,20241016,16.76,17.06,16.38,16.75,17.07,-0.32,-1.8746,66084.4,110559.26
300992.SZ,20241016,16.6,17.27,16.4,17.17,16.73,0.44,2.63,16055.76,27367.788
300993.SZ,20241016,9.7,9.86,9.65,9.73,9.75,-0.02,-0.2051,27084.88,26423.303
300994.SZ,20241016,10.46,10.67,10.37,10.51,10.56,-0.05,-0.4735,25520.91,26882.659
300995.SZ,20241016,15.43,15.71,15.22,15.51,15.41,0.1,0.6489,13409.0,20777.496
300996.SZ,20241016,19.3,20.4,19.1,20.14,19.7,0.44,2.2335,84093.17,168482.666
300997.SZ,20241016,11.52,11.76,11.4,11.58,11.71,-0.13,-1.1102,26917.9,31124.411
300998.SZ,20241016,15.59,15.61,15.09,15.2,15.6,-0.4,-2.5641,30594.0,46865.082
300999.SZ,20241016,32.29,33.1,32.05,32.28,32.8,-0.52,-1.5854,123359.83,399298.863
301000.SZ,20241016,14.88,15.15,14.61,14.93,14.91,0.02,0.1341,34286.2,51211.878
301001.SZ,20241016,27.07,28.35,25.24,25.39,27.53,-2.14,-7.7733,139188.1,372787.286
301002.SZ,20241016,16.79,17.45,16.52,17.25,17.02,0.23,1.3514,19848.13,34096.526
301003.SZ,20241016,21.88,22.45,21.8,22.13,22.17,-0.04,-0.1804,6535.5,14479.362
301004.SZ,20241016,98.99,101.46,97.75,99.0,100.0,-1.0,-1.0,6224.0,61837.989
301005.SZ,20241016,27.0,27.15,26.21,26.52,27.28,-0.76,-2.7859,42325.4,112701.517
301006.SZ,20241016,13.96,14.55,13.95,14.15,14.1,0.05,0.3546,27570.27,39309.162
301007.SZ,20241016,14.64,15.54,14.63,15.17,15.16,0.01,0.066,112546.39,170844.635
301008.SZ,20241016,17.51,17.65,17.16,17.4,17.51,-0.11,-0.6282,12220.04,21330.241
301009.SZ,20241016,8.64,8.78,8.56,8.66,8.69,-0.03,-0.3452,21523.0,18681.058
301010.SZ,20241016,13.28,13.77,13.03,13.58,13.32,0.26,1.952,18931.18,25606.646
301011.SZ,20241016,19.35,20.6,19.11,20.08,19.07,1.01,5.2963,64758.41,128618.695
301012.SZ,20241016,22.35,23.15,22.13,22.37,22.8,-0.43,-1.886,47013.22,106221.881
301013.SZ,20241016,12.9,13.73,12.9,13.21,13.19,0.02,0.1516,180632.0,240129.753
301015.SZ,20241016,26.15,26.85,25.89,26.36,26.4,-0.04,-0.1515,23123.0,60961.571
301016.SZ,20241016,21.2,22.29,21.2,21.45,21.96,-0.51,-2.3224,64373.3,139831.068
301017.SZ,20241016,11.11,11.55,11.0,11.29,11.45,-0.16,-1.3974,54293.78,61313.734
301018.SZ,20241016,22.32,23.01,22.13,22.32,22.81,-0.49,-2.1482,43773.04,98283.491
301019.SZ,20241016,14.43,14.86,14.38,14.61,14.55,0.06,0.4124,9084.96,13314.951
301020.SZ,20241016,18.9,19.73,18.85,19.26,19.2,0.06,0.3125,17165.01,33235.512
301021.SZ,20241016,21.8,22.5,21.3,22.32,22.0,0.32,1.4545,39254.0,86644.208
301022.SZ,20241016,20.6,20.83,20.0,20.43,20.76,-0.33,-1.5896,15477.2,31751.46
301023.SZ,20241016,41.0,43.97,40.88,43.4,41.03,2.37,5.7763,26713.88,114842.462
301024.SZ,20241016,23.0,24.6,22.9,23.94,23.25,0.69,2.9677,19337.12,46197.436
301025.SZ,20241016,9.9,10.41,9.75,10.18,10.08,0.1,0.9921,77763.5,79092.104
301026.SZ,20241016,29.5,30.39,29.36,29.67,29.8,-0.13,-0.4362,17130.0,51048.743
301027.SZ,20241016,9.84,10.54,9.82,10.25,9.83,0.42,4.2726,187889.63,191061.742
301028.SZ,20241016,10.35,10.76,10.35,10.62,10.52,0.1,0.9506,37989.17,40316.785
301029.SZ,20241016,22.95,23.56,22.7,23.09,23.48,-0.39,-1.661,48471.16,112281.04
301030.SZ,20241016,27.4,27.5,26.5,26.77,28.05,-1.28,-4.5633,77093.8,208137.005
301031.SZ,20241016,88.99,92.49,86.52,90.34,89.7,0.64,0.7135,8153.06,73415.29
301032.SZ,20241016,10.68,10.8,9.99,10.01,11.15,-1.14,-10.2242,280849.72,288323.609
301033.SZ,20241016,42.36,43.99,42.36,43.67,43.11,0.56,1.299,5990.07,26036.707
301035.SZ,20241016,44.11,46.2,44.04,45.23,44.7,0.53,1.1857,12032.0,54372.911
301036.SZ,20241016,48.8,56.57,48.65,53.35,49.64,3.71,7.4738,166972.73,887234.376
301037.SZ,20241016,9.95,10.43,9.87,10.29,10.05,0.24,2.3881,21857.98,22399.407
301038.SZ,20241016,22.98,24.5,22.19,22.32,22.8,-0.48,-2.1053,167962.81,392804.284
301039.SZ,20241016,9.86,10.1,9.77,9.96,9.93,0.03,0.3021,120149.0,119731.919
301040.SZ,20241016,13.3,14.1,13.12,13.82,13.47,0.35,2.5984,45606.06,63060.81
301041.SZ,20241016,24.78,25.48,24.67,25.02,25.36,-0.34,-1.3407,40869.0,102226.58
301042.SZ,20241016,33.4,34.49,33.4,33.82,34.0,-0.18,-0.5294,8124.0,27602.34
301043.SZ,20241016,26.16,27.13,25.89,26.79,26.62,0.17,0.6386,4738.28,12702.842
301045.SZ,20241016,20.1,20.24,19.6,19.85,20.19,-0.34,-1.684,23355.0,46412.714
301046.SZ,20241016,20.92,21.44,20.78,21.09,21.09,0.0,0.0,16155.78,34209.13
301047.SZ,20241016,67.31,68.28,66.13,66.52,67.6,-1.08,-1.5976,11368.5,76506.234
301048.SZ,20241016,9.6,9.92,9.52,9.91,9.75,0.16,1.641,77689.0,75967.24
301049.SZ,20241016,24.01,24.99,23.6,24.5,24.6,-0.1,-0.4065,31022.0,75328.804
301050.SZ,20241016,53.49,54.81,48.98,50.1,51.54,-1.44,-2.7939,486659.79,2523447.863
301051.SZ,20241016,28.0,28.41,27.18,27.25,28.7,-1.45,-5.0523,31911.68,88382.269
301052.SZ,20241016,26.5,29.1,26.18,28.2,27.31,0.89,3.2589,101132.97,285984.524
301053.SZ,20241016,22.47,22.91,21.9,22.79,23.09,-0.3,-1.2993,35647.53,80069.034
301055.SZ,20241016,11.95,12.04,11.79,11.87,11.85,0.02,0.1688,22696.0,27013.444
301056.SZ,20241016,7.8,8.22,7.8,8.22,7.98,0.24,3.0075,39154.0,31833.803
301057.SZ,20241016,13.28,13.49,13.01,13.26,13.29,-0.03,-0.2257,14456.0,19197.807
301058.SZ,20241016,11.85,12.4,11.55,11.84,12.53,-0.69,-5.5068,404937.12,482014.129
301059.SZ,20241016,9.69,9.85,9.28,9.82,9.56,0.26,2.7197,24310.7,23551.579
301060.SZ,20241016,10.33,10.63,10.29,10.39,10.49,-0.1,-0.9533,78205.0,81902.625
301061.SZ,20241016,53.69,55.3,52.89,54.18,54.01,0.17,0.3148,8001.44,43345.224
301062.SZ,20241016,10.68,10.93,10.46,10.57,10.78,-0.21,-1.9481,58072.81,61920.996
301063.SZ,20241016,15.7,16.16,15.63,16.02,16.01,0.01,0.0625,21520.94,34405.24
301065.SZ,20241016,20.3,20.94,19.74,20.71,20.43,0.28,1.3705,12585.0,26015.054
301066.SZ,20241016,9.4,9.54,9.25,9.41,9.41,0.0,0.0,37148.61,34897.414
301067.SZ,20241016,23.8,24.71,23.68,24.38,24.54,-0.16,-0.652,34831.2,84630.892
301068.SZ,20241016,24.49,25.11,24.35,25.05,24.7,0.35,1.417,7716.92,19073.866
301069.SZ,20241016,13.22,13.8,13.18,13.45,13.48,-0.03,-0.2226,55432.44,74881.937
301070.SZ,20241016,53.0,54.26,51.68,53.35,54.0,-0.65,-1.2037,32928.0,174535.353
301071.SZ,20241016,26.03,26.77,25.92,26.3,26.4,-0.1,-0.3788,29161.5,76665.879
301072.SZ,20241016,19.99,20.57,19.75,20.04,20.37,-0.33,-1.62,17490.0,35313.827
301073.SZ,20241016,18.59,19.35,18.47,19.07,19.18,-0.11,-0.5735,62035.12,118364.007
301075.SZ,20241016,21.0,23.23,20.9,22.38,21.52,0.86,3.9963,60888.56,133927.258
301076.SZ,20241016,18.09,18.47,17.91,18.05,18.23,-0.18,-0.9874,20868.83,37970.575
301077.SZ,20241016,20.04,20.44,19.83,20.2,20.5,-0.3,-1.4634,17850.0,35906.686
301078.SZ,20241016,9.04,9.44,8.97,9.25,9.27,-0.02,-0.2157,526130.96,483476.007
301079.SZ,20241016,15.57,16.48,15.33,16.05,15.72,0.33,2.0992,103183.8,164025.383
301080.SZ,20241016,36.42,37.42,36.15,36.6,36.85,-0.25,-0.6784,19095.98,70232.438
301081.SZ,20241016,7.93,8.17,7.9,8.04,8.01,0.03,0.3745,20553.76,16595.908
301082.SZ,20241016,9.39,10.2,9.36,9.93,9.53,0.4,4.1973,102576.32,100442.229
301083.SZ,20241016,13.69,14.19,13.61,13.76,13.99,-0.23,-1.644,36808.36,51162.352
301085.SZ,20241016,51.6,53.97,50.65,52.39,54.74,-2.35,-4.293,50208.75,264608.94
301086.SZ,20241016,41.1,42.3,41.02,41.62,41.86,-0.24,-0.5733,10628.0,44227.894
301087.SZ,20241016,35.4,36.15,35.15,35.73,35.77,-0.04,-0.1118,13218.84,47174.081
301088.SZ,20241016,12.64,12.91,12.53,12.79,12.71,0.08,0.6294,8869.0,11311.937
301089.SZ,20241016,32.01,32.64,31.7,32.05,32.24,-0.19,-0.5893,27813.08,89441.944
301090.SZ,20241016,7.02,7.34,7.01,7.17,7.19,-0.02,-0.2782,82389.0,59353.895
301091.SZ,20241016,40.5,45.48,40.5,43.65,42.38,1.27,2.9967,372090.95,1599916.943
301092.SZ,20241016,23.23,23.79,23.08,23.5,23.52,-0.02,-0.085,10065.23,23675.139
301093.SZ,20241016,21.78,22.35,21.78,22.1,22.17,-0.07,-0.3157,9443.91,20879.893
301095.SZ,20241016,45.0,47.09,44.8,46.07,46.34,-0.27,-0.5826,36390.4,167583.925
301096.SZ,20241016,41.36,42.32,41.02,41.59,42.09,-0.5,-1.1879,25801.77,107583.028
301097.SZ,20241016,35.71,36.68,35.7,36.22,36.37,-0.15,-0.4124,4560.0,16517.181
301098.SZ,20241016,8.57,9.1,8.57,8.91,8.91,0.0,0.0,172069.88,152419.534
301099.SZ,20241016,40.13,42.34,39.89,41.05,41.37,-0.32,-0.7735,38617.94,157350.542
301100.SZ,20241016,14.96,16.55,14.8,15.97,14.95,1.02,6.8227,34749.06,54550.835
301101.SZ,20241016,24.63,25.75,24.63,25.05,24.92,0.13,0.5217,44755.74,112487.965
301102.SZ,20241016,9.44,9.94,9.4,9.88,9.67,0.21,2.1717,58675.73,57418.588
301103.SZ,20241016,20.93,22.02,20.78,21.97,21.07,0.9,4.2715,27754.29,59551.501
301105.SZ,20241016,27.69,28.3,27.56,28.0,27.86,0.14,0.5025,5442.0,15272.582
301106.SZ,20241016,32.37,33.68,31.4,33.1,32.67,0.43,1.3162,30777.84,101305.962
301107.SZ,20241016,24.72,26.7,24.32,25.89,24.72,1.17,4.733,26080.85,67579.038
301108.SZ,20241016,24.17,24.62,24.17,24.4,24.51,-0.11,-0.4488,4825.31,11771.207
301109.SZ,20241016,16.5,17.05,16.45,16.89,16.79,0.1,0.5956,30243.1,50792.257
301110.SZ,20241016,44.0,44.8,41.99,42.23,46.4,-4.17,-8.9871,61456.72,266137.687
301111.SZ,20241016,16.36,16.98,16.3,16.59,16.53,0.06,0.363,35642.0,59390.326
301112.SZ,20241016,21.85,22.39,21.73,21.94,22.29,-0.35,-1.5702,18098.0,39899.939
301113.SZ,20241016,23.23,23.98,23.02,23.68,23.24,0.44,1.8933,6216.34,14700.204
301115.SZ,20241016,14.33,15.53,14.33,15.27,14.58,0.69,4.7325,75909.07,114899.786
301116.SZ,20241016,11.31,11.62,11.28,11.38,11.52,-0.14,-1.2153,41346.37,47331.045
301117.SZ,20241016,30.89,34.57,30.74,33.85,32.01,1.84,5.7482,83672.0,277364.607
301118.SZ,20241016,17.48,17.93,17.4,17.6,17.66,-0.06,-0.3398,15101.0,26689.361
301119.SZ,20241016,19.3,20.2,18.95,19.7,19.5,0.2,1.0256,21107.5,41664.364
301120.SZ,20241016,9.0,9.17,8.89,9.08,9.05,0.03,0.3315,40541.59,36807.712
301121.SZ,20241016,39.92,40.66,39.61,40.06,40.4,-0.34,-0.8416,17988.0,72030.495
301122.SZ,20241016,18.4,18.93,18.28,18.69,18.63,0.06,0.3221,19826.53,37077.055
301123.SZ,20241016,18.59,19.0,18.3,18.69,18.83,-0.14,-0.7435,39469.99,73710.274
301125.SZ,20241016,9.63,9.95,9.56,9.81,9.8,0.01,0.102,23161.8,22681.759
301126.SZ,20241016,10.65,10.91,10.56,10.75,10.8,-0.05,-0.463,45870.96,49374.746
301127.SZ,20241016,9.47,9.62,9.31,9.48,9.58,-0.1,-1.0438,68457.43,64971.548
301128.SZ,20241016,55.6,57.8,54.86,55.8,58.25,-2.45,-4.206,57714.83,323680.494
301129.SZ,20241016,22.98,23.89,22.77,22.96,23.9,-0.94,-3.9331,45535.2,105606.843
301130.SZ,20241016,25.43,26.2,25.42,25.83,25.83,0.0,0.0,8430.0,21870.134
301131.SZ,20241016,32.21,33.25,32.21,32.79,32.81,-0.02,-0.061,7798.53,25573.361
301132.SZ,20241016,26.11,26.76,25.88,26.18,26.76,-0.58,-2.1674,41465.67,108984.929
301133.SZ,20241016,22.22,22.46,21.85,22.25,22.41,-0.16,-0.714,22293.82,49391.309
301135.SZ,20241016,21.28,21.75,21.21,21.47,21.53,-0.06,-0.2787,12502.0,26876.693
301136.SZ,20241016,13.31,14.31,13.18,14.01,13.56,0.45,3.3186,165645.86,230622.314
301137.SZ,20241016,17.89,18.26,17.67,17.96,18.18,-0.22,-1.2101,41097.0,73814.452
301138.SZ,20241016,26.8,28.56,26.6,28.35,27.37,0.98,3.5806,50509.31,142058.04
301139.SZ,20241016,22.08,22.84,21.76,22.55,22.32,0.23,1.0305,29443.0,66048.078
301141.SZ,20241016,32.23,34.25,32.04,33.15,32.48,0.67,2.0628,53761.59,179936.491
301148.SZ,20241016,17.97,18.6,17.71,18.36,18.22,0.14,0.7684,19466.72,35666.297
301149.SZ,20241016,9.51,9.76,9.45,9.59,9.62,-0.03,-0.3119,36405.0,34992.353
301150.SZ,20241016,20.78,21.07,20.5,20.62,21.0,-0.38,-1.8095,18910.97,39245.079
301151.SZ,20241016,16.8,17.78,16.8,17.07,16.55,0.52,3.142,123662.22,213284.83
301152.SZ,20241016,31.0,33.18,30.9,32.14,31.8,0.34,1.0692,72748.8,234369.673
301153.SZ,20241016,31.8,33.84,31.8,33.12,33.0,0.12,0.3636,109877.17,364165.596
301155.SZ,20241016,45.0,45.97,44.55,45.46,45.69,-0.23,-0.5034,26371.46,119254.893
301156.SZ,20241016,12.74,12.95,12.61,12.76,12.78,-0.02,-0.1565,14750.4,18848.709
301157.SZ,20241016,35.7,36.98,35.57,36.04,36.03,0.01,0.0278,8125.0,29560.437
301158.SZ,20241016,13.3,13.56,13.2,13.45,13.41,0.04,0.2983,19195.0,25733.041
301159.SZ,20241016,34.16,36.22,34.1,35.33,36.24,-0.91,-2.511,38514.0,135736.766
301160.SZ,20241016,54.58,56.3,51.91,52.89,55.39,-2.5,-4.5135,47134.92,253191.039
301161.SZ,20241016,17.25,18.13,17.11,18.11,17.45,0.66,3.7822,45868.0,81701.515
301162.SZ,20241016,38.21,39.29,38.0,38.76,39.03,-0.27,-0.6918,17583.21,67998.302
301163.SZ,20241016,22.45,23.2,22.18,22.46,23.28,-0.82,-3.5223,43785.08,99031.246
301165.SZ,20241016,44.5,46.8,44.4,46.4,46.09,0.31,0.6726,43730.4,200779.272
301166.SZ,20241016,29.02,29.67,28.66,29.28,29.27,0.01,0.0342,9824.0,28764.424
301167.SZ,20241016,13.5,14.61,13.5,14.49,13.62,0.87,6.3877,96430.13,137946.418
301168.SZ,20241016,29.43,30.15,29.32,29.57,30.23,-0.66,-2.1833,19879.8,58963.433
301169.SZ,20241016,41.0,44.09,40.51,43.95,42.55,1.4,3.2902,49354.67,211838.246
301170.SZ,20241016,22.62,22.8,22.2,22.44,22.6,-0.16,-0.708,10813.96,24366.084
301171.SZ,20241016,17.01,17.66,16.9,17.21,17.56,-0.35,-1.9932,281254.35,484094.345
301172.SZ,20241016,29.07,35.32,29.07,35.32,29.43,5.89,20.0136,220433.64,748942.418
301175.SZ,20241016,5.1,5.34,5.06,5.19,5.14,0.05,0.9728,365628.5,190517.126
301176.SZ,20241016,18.5,19.11,18.3,18.62,18.94,-0.32,-1.6895,33889.0,63732.019
301177.SZ,20241016,21.6,22.25,21.41,21.99,21.87,0.12,0.5487,14071.95,30802.419
301178.SZ,20241016,27.33,29.62,27.33,28.21,28.8,-0.59,-2.0486,68307.2,195584.769
301179.SZ,20241016,17.3,17.6,17.1,17.35,17.39,-0.04,-0.23,27977.09,48592.322
301180.SZ,20241016,15.28,15.56,15.03,15.18,15.52,-0.34,-2.1907,45533.0,69482.172
301181.SZ,20241016,21.2,21.48,20.92,21.16,21.39,-0.23,-1.0753,12395.2,26257.736
301182.SZ,20241016,28.12,29.5,27.44,28.1,31.14,-3.04,-9.7624,158635.12,453703.946
301183.SZ,20241016,50.67,53.93,50.67,52.81,53.44,-0.63,-1.1789,82081.6,429737.412
301185.SZ,20241016,17.55,18.47,17.5,18.32,18.03,0.29,1.6084,54492.0,99005.683
301186.SZ,20241016,32.8,33.38,32.1,32.97,32.74,0.23,0.7025,7748.0,25527.265
301187.SZ,20241016,24.57,25.16,23.96,24.22,23.17,1.05,4.5317,53869.05,131568.327
301188.SZ,20241016,14.86,15.58,14.78,15.41,15.07,0.34,2.2561,48279.0,73841.567
301189.SZ,20241016,23.49,24.18,23.42,23.83,23.85,-0.02,-0.0839,17999.0,43015.314
301190.SZ,20241016,14.43,15.35,14.34,14.87,14.6,0.27,1.8493,19837.0,29477.616
301191.SZ,20241016,73.0,74.48,72.25,73.22,75.53,-2.31,-3.0584,22567.9,165349.921
301192.SZ,20241016,16.63,17.25,16.6,16.92,16.84,0.08,0.4751,15070.0,25566.87
301193.SZ,20241016,15.9,15.9,15.1,15.5,15.24,0.26,1.706,10077.67,15582.381
301195.SZ,20241016,31.95,32.28,31.36,31.74,32.29,-0.55,-1.7033,16238.72,51575.357
301196.SZ,20241016,32.9,33.33,32.46,32.68,33.1,-0.42,-1.2689,7967.0,26170.869
301197.SZ,20241016,13.68,14.21,13.6,14.08,13.9,0.18,1.295,22570.0,31596.676
301198.SZ,20241016,9.1,9.45,9.07,9.31,9.3,0.01,0.1075,30108.39,27959.531
301199.SZ,20241016,26.31,26.88,26.13,26.45,26.64,-0.19,-0.7132,18677.0,49472.023
301200.SZ,20241016,33.34,34.15,33.16,33.44,33.81,-0.37,-1.0944,7597.17,25520.565
301201.SZ,20241016,20.3,20.7,20.06,20.48,20.46,0.02,0.0978,16030.6,32881.19
301202.SZ,20241016,31.15,32.65,31.15,32.4,32.03,0.37,1.1552,30830.93,99268.878
301203.SZ,20241016,28.6,29.25,28.43,28.72,28.94,-0.22,-0.7602,4968.71,14302.627
301205.SZ,20241016,70.35,71.7,68.55,69.33,71.74,-2.41,-3.3594,40742.53,285910.343
301206.SZ,20241016,26.5,27.04,26.29,26.7,26.81,-0.11,-0.4103,8650.0,23046.317
301207.SZ,20241016,18.06,18.78,18.04,18.43,18.38,0.05,0.272,31498.06,58098.63
301208.SZ,20241016,38.5,41.43,38.3,39.93,41.0,-1.07,-2.6098,73653.02,292383.19
301209.SZ,20241016,24.35,25.05,23.55,24.28,24.17,0.11,0.4551,19310.0,47407.831
301210.SZ,20241016,31.68,32.41,31.31,31.62,32.33,-0.71,-2.1961,10081.77,32114.625
301211.SZ,20241016,16.13,16.55,16.04,16.3,16.38,-0.08,-0.4884,29618.2,48355.522
301212.SZ,20241016,20.78,21.43,20.37,20.53,20.41,0.12,0.5879,16281.94,33955.151
301213.SZ,20241016,40.0,43.9,39.0,42.88,40.99,1.89,4.6109,76290.93,320574.119
301215.SZ,20241016,5.91,6.06,5.9,5.97,6.03,-0.06,-0.995,237903.87,142192.873
301216.SZ,20241016,10.7,10.97,10.61,10.84,10.78,0.06,0.5566,28686.05,31010.903
301217.SZ,20241016,10.17,10.4,10.08,10.2,10.3,-0.1,-0.9709,55580.55,56842.475
301218.SZ,20241016,23.28,24.5,23.12,24.28,24.01,0.27,1.1245,53538.02,127740.649
301219.SZ,20241016,45.45,48.04,45.3,46.71,46.54,0.17,0.3653,75048.52,348779.523
301220.SZ,20241016,25.19,25.9,25.02,25.53,25.49,0.04,0.1569,8111.0,20741.706
301221.SZ,20241016,44.96,46.98,44.76,46.7,46.77,-0.07,-0.1497,44619.5,205872.276
301222.SZ,20241016,23.57,24.3,23.38,23.95,24.13,-0.18,-0.746,7653.13,18303.227
301223.SZ,20241016,16.78,17.58,16.7,17.2,17.4,-0.2,-1.1494,17984.54,30720.21
301225.SZ,20241016,25.9,26.39,25.73,26.04,26.16,-0.12,-0.4587,6311.2,16465.926
301226.SZ,20241016,21.0,21.5,20.51,20.85,21.31,-0.46,-2.1586,35441.2,74455.041
301227.SZ,20241016,16.6,18.8,16.6,18.13,17.0,1.13,6.6471,45012.19,80630.913
301228.SZ,20241016,12.5,12.7,12.25,12.41,12.56,-0.15,-1.1943,35346.94,44131.229
301229.SZ,20241016,19.88,20.27,19.83,20.04,20.14,-0.1,-0.4965,9932.0,19936.642
301230.SZ,20241016,23.12,24.15,23.1,23.7,23.85,-0.15,-0.6289,44460.1,105405.713
301231.SZ,20241016,17.73,18.62,17.69,18.31,18.16,0.15,0.826,34367.04,62880.359
301232.SZ,20241016,30.7,31.13,29.77,30.17,31.66,-1.49,-4.7063,30408.18,92384.157
301233.SZ,20241016,39.51,42.99,38.8,42.55,40.17,2.38,5.9248,31520.23,131702.652
301234.SZ,20241016,24.56,25.48,24.5,24.98,25.2,-0.22,-0.873,15348.52,38417.39
301235.SZ,20241016,18.24,19.3,18.06,18.95,18.5,0.45,2.4324,14292.0,26718.869
301236.SZ,20241016,60.0,64.5,60.0,61.53,63.67,-2.14,-3.3611,979551.29,6068376.495
301237.SZ,20241016,23.05,23.73,22.8,23.31,23.39,-0.08,-0.342,4983.04,11621.704
301238.SZ,20241016,15.75,16.22,15.61,15.78,16.18,-0.4,-2.4722,95660.44,151853.944
301239.SZ,20241016,37.72,39.75,37.39,38.65,38.46,0.19,0.494,36356.73,139795.018
301246.SZ,20241016,13.17,13.65,13.09,13.43,13.4,0.03,0.2239,50304.49,67557.515
301248.SZ,20241016,14.62,15.25,14.52,15.1,14.93,0.17,1.1386,48353.31,72516.706
301251.SZ,20241016,29.5,31.08,28.91,29.63,30.15,-0.52,-1.7247,55078.94,164438.55
301252.SZ,20241016,26.41,27.16,26.02,26.7,27.03,-0.33,-1.2209,12951.7,34641.426
301255.SZ,20241016,32.02,32.99,31.56,31.91,32.65,-0.74,-2.2665,17120.8,55457.126
301256.SZ,20241016,8.98,9.46,8.48,9.25,8.47,0.78,9.209,615870.92,556019.266
301257.SZ,20241016,27.61,28.83,27.3,28.83,29.03,-0.2,-0.6889,42791.9,119820.671
301258.SZ,20241016,24.01,24.72,23.88,24.07,24.38,-0.31,-1.2715,14593.59,35338.621
301259.SZ,20241016,32.47,35.25,32.47,34.93,32.96,1.97,5.9769,48990.34,167743.255
301260.SZ,20241016,14.11,14.39,13.99,14.1,14.29,-0.19,-1.3296,25093.9,35604.015
301261.SZ,20241016,37.38,38.47,36.92,37.06,38.08,-1.02,-2.6786,19728.87,74189.384
301262.SZ,20241016,24.89,25.94,24.66,25.4,25.35,0.05,0.1972,25917.61,65740.136
301263.SZ,20241016,13.6,13.9,13.49,13.72,13.72,0.0,0.0,33458.28,45843.49
301265.SZ,20241016,8.86,9.04,8.78,8.89,8.94,-0.05,-0.5593,21074.03,18808.162
301266.SZ,20241016,32.4,32.96,31.92,32.25,32.97,-0.72,-2.1838,22687.0,73467.579
301267.SZ,20241016,20.2,21.17,20.0,20.55,20.63,-0.08,-0.3878,79995.5,164183.885
301268.SZ,20241016,16.76,17.12,16.58,16.79,17.03,-0.24,-1.4093,19566.0,32902.535
301269.SZ,20241016,88.3,89.99,87.52,89.0,90.16,-1.16,-1.2866,25434.1,225762.367
301270.SZ,20241016,30.75,32.58,30.56,32.53,31.4,1.13,3.5987,43376.44,138996.378
301272.SZ,20241016,33.1,34.17,33.0,33.67,33.83,-0.16,-0.473,6031.23,20248.47
301273.SZ,20241016,16.99,17.68,16.99,17.28,17.29,-0.01,-0.0578,10956.0,19011.496
301276.SZ,20241016,20.81,21.22,20.77,20.98,21.05,-0.07,-0.3325,6788.03,14281.594
301277.SZ,20241016,14.4,14.89,14.27,14.7,14.64,0.06,0.4098,39572.9,58089.025
301278.SZ,20241016,35.6,36.1,35.03,35.49,36.16,-0.67,-1.8529,16032.4,56965.233
301279.SZ,20241016,19.3,19.81,19.12,19.49,19.5,-0.01,-0.0513,16328.0,31929.654
301280.SZ,20241016,38.75,39.68,38.65,39.05,39.38,-0.33,-0.838,6157.75,24125.849
301282.SZ,20241016,21.29,21.7,21.05,21.26,21.73,-0.47,-2.1629,37531.0,80212.817
301283.SZ,20241016,26.04,26.47,25.78,25.92,26.46,-0.54,-2.0408,8279.0,21627.554
301285.SZ,20241016,25.0,25.53,24.76,25.2,25.64,-0.44,-1.7161,26544.05,66741.683
301286.SZ,20241016,30.1,32.79,30.1,31.96,31.72,0.24,0.7566,14176.84,45313.363
301287.SZ,20241016,27.01,27.98,26.88,27.47,27.35,0.12,0.4388,6896.07,18912.136
301288.SZ,20241016,17.0,17.83,16.9,17.36,18.2,-0.84,-4.6154,66012.02,114367.664
301289.SZ,20241016,42.2,43.0,41.41,41.58,42.47,-0.89,-2.0956,11530.42,48468.376
301290.SZ,20241016,21.88,22.45,21.8,22.13,22.1,0.03,0.1357,8183.58,18134.073
301291.SZ,20241016,32.45,34.0,32.04,33.22,33.18,0.04,0.1206,53848.39,178043.479
301292.SZ,20241016,13.74,13.82,13.35,13.47,13.75,-0.28,-2.0364,22697.14,30795.401
301293.SZ,20241016,39.26,43.58,39.22,42.02,39.91,2.11,5.2869,179663.14,754858.497
301295.SZ,20241016,19.61,20.29,19.6,20.08,19.83,0.25,1.2607,16331.6,32730.636
301296.SZ,20241016,8.16,8.35,8.09,8.24,8.26,-0.02,-0.2421,29475.0,24301.962
301298.SZ,20241016,13.18,13.47,13.14,13.31,13.28,0.03,0.2259,15481.0,20588.68
301299.SZ,20241016,50.5,53.92,50.26,52.88,52.26,0.62,1.1864,22355.11,117764.841
301300.SZ,20241016,25.88,26.4,25.66,25.88,26.36,-0.48,-1.8209,15895.11,41257.074
301301.SZ,20241016,11.81,12.29,11.81,12.03,12.06,-0.03,-0.2488,282751.93,340510.893
301302.SZ,20241016,17.83,18.76,17.78,18.1,18.29,-0.19,-1.0388,66245.5,120870.091
301303.SZ,20241016,12.4,12.6,12.34,12.44,12.48,-0.04,-0.3205,19307.51,24093.753
301305.SZ,20241016,16.65,16.96,16.51,16.75,16.8,-0.05,-0.2976,19771.01,32996.413
301306.SZ,20241016,36.8,37.88,36.01,37.03,37.68,-0.65,-1.7251,38683.0,144346.249
301307.SZ,20241016,21.39,22.1,21.25,21.98,21.81,0.17,0.7795,45342.74,98346.768
301308.SZ,20241016,83.88,87.0,83.51,84.6,87.0,-2.4,-2.7586,68132.7,580919.126
301309.SZ,20241016,23.81,24.58,23.81,24.43,24.25,0.18,0.7423,4033.48,9825.872
301310.SZ,20241016,22.88,23.3,22.5,22.83,23.07,-0.24,-1.0403,12071.57,27671.737
301311.SZ,20241016,20.64,21.11,20.22,20.45,21.12,-0.67,-3.1723,98215.09,202437.406
301312.SZ,20241016,43.25,44.79,42.85,43.91,44.41,-0.5,-1.1259,18876.61,82920.617
301313.SZ,20241016,21.37,22.23,21.2,21.74,21.7,0.04,0.1843,29757.37,64971.67
301314.SZ,20241016,34.6,35.71,34.0,35.15,34.84,0.31,0.8898,10548.53,36928.029
301315.SZ,20241016,43.01,46.0,43.01,45.22,43.89,1.33,3.0303,45924.23,205946.745
301316.SZ,20241016,19.02,21.96,18.81,20.9,18.3,2.6,14.2077,560597.38,1160606.822
301317.SZ,20241016,17.56,18.15,17.56,17.92,17.94,-0.02,-0.1115,7375.0,13184.97
301318.SZ,20241016,29.01,29.94,29.01,29.58,29.73,-0.15,-0.5045,23473.27,69278.754
301319.SZ,20241016,29.5,30.1,28.97,29.62,29.5,0.12,0.4068,12509.52,37077.103
301320.SZ,20241016,16.42,16.84,16.25,16.54,16.75,-0.21,-1.2537,72887.87,120439.463
301321.SZ,20241016,16.09,16.53,15.9,16.08,16.54,-0.46,-2.7811,52059.71,84054.963
301322.SZ,20241016,22.17,22.47,21.8,22.05,22.28,-0.23,-1.0323,14495.26,31934.231
301323.SZ,20241016,33.92,34.6,33.71,34.31,34.3,0.01,0.0292,8388.88,28636.043
301325.SZ,20241016,36.6,37.24,36.23,36.66,37.36,-0.7,-1.8737,25786.82,94656.653
301326.SZ,20241016,45.22,47.88,42.8,44.9,45.98,-1.08,-2.3488,105888.44,478561.473
301327.SZ,20241016,77.52,94.0,77.06,78.88,78.7,0.18,0.2287,12886.28,101892.032
301328.SZ,20241016,36.71,37.76,36.51,36.93,37.59,-0.66,-1.7558,11995.5,44538.498
301329.SZ,20241016,18.3,18.88,18.2,18.52,18.6,-0.08,-0.4301,23180.49,43023.949
301330.SZ,20241016,25.28,26.26,25.1,25.76,25.86,-0.1,-0.3867,24966.5,64197.87
301331.SZ,20241016,26.26,27.44,25.68,26.81,26.51,0.3,1.1316,16543.24,44618.472
301332.SZ,20241016,10.08,10.6,9.93,10.22,10.24,-0.02,-0.1953,71397.73,73178.083
301333.SZ,20241016,46.0,48.49,45.6,47.57,46.45,1.12,2.4112,18172.8,86464.67
301335.SZ,20241016,18.6,19.12,18.55,18.93,18.9,0.03,0.1587,5869.87,11089.864
301336.SZ,20241016,32.89,35.5,32.5,34.66,33.0,1.66,5.0303,19789.0,68002.602
301337.SZ,20241016,34.92,36.48,34.89,35.77,35.8,-0.03,-0.0838,41653.24,149250.988
301338.SZ,20241016,34.58,37.0,33.5,33.58,32.22,1.36,4.221,116281.36,407307.794
301339.SZ,20241016,21.13,21.68,20.78,21.19,21.53,-0.34,-1.5792,87323.91,185022.703
301345.SZ,20241016,55.1,56.16,54.45,55.94,55.95,-0.01,-0.0179,10781.23,59694.459
301348.SZ,20241016,24.99,26.23,24.81,25.59,25.85,-0.26,-1.0058,74498.75,191473.881
301349.SZ,20241016,27.22,28.4,27.0,27.59,27.45,0.14,0.51,14060.5,38842.137
301353.SZ,20241016,25.57,26.08,25.16,25.61,25.8,-0.19,-0.7364,5962.16,15268.136
301355.SZ,20241016,10.85,11.04,10.78,10.95,10.97,-0.02,-0.1823,16846.0,18423.787
301356.SZ,20241016,15.46,15.9,15.13,15.37,15.44,-0.07,-0.4534,23409.28,36569.436
301357.SZ,20241016,39.67,49.0,39.67,45.55,42.71,2.84,6.6495,165262.7,739224.445
301358.SZ,20241016,33.43,33.98,32.8,33.0,34.21,-1.21,-3.537,57862.57,192922.131
301359.SZ,20241016,21.6,22.07,21.48,21.65,21.84,-0.19,-0.87,13518.0,29374.533
301360.SZ,20241016,50.23,51.48,49.58,50.63,51.21,-0.58,-1.1326,15418.5,77985.346
301361.SZ,20241016,25.3,26.24,25.24,25.68,25.75,-0.07,-0.2718,26170.0,67337.091
301362.SZ,20241016,35.3,36.33,35.13,35.73,35.82,-0.09,-0.2513,6238.35,22365.209
301363.SZ,20241016,30.91,32.75,30.6,32.24,31.34,0.9,2.8717,21504.77,68863.184
301365.SZ,20241016,12.31,13.38,12.28,12.85,12.42,0.43,3.4622,36071.45,46370.599
301366.SZ,20241016,34.6,35.88,34.45,35.29,35.52,-0.23,-0.6475,38336.29,135245.578
301367.SZ,20241016,74.67,77.38,68.71,69.72,75.51,-5.79,-7.6679,34374.12,248333.221
301368.SZ,20241016,41.53,43.98,41.41,42.8,43.1,-0.3,-0.6961,61544.26,264798.71
301369.SZ,20241016,55.37,58.98,55.11,58.8,56.99,1.81,3.176,33111.14,191536.39
301370.SZ,20241016,11.2,11.5,11.0,11.32,11.37,-0.05,-0.4398,45937.83,52094.503
301371.SZ,20241016,33.22,34.72,32.6,33.9,33.6,0.3,0.8929,25005.51,84858.767
301372.SZ,20241016,21.81,22.8,21.71,22.16,22.02,0.14,0.6358,18438.77,41208.572
301373.SZ,20241016,24.54,24.95,24.4,24.53,24.69,-0.16,-0.648,3241.78,7996.318
301376.SZ,20241016,18.5,18.92,18.3,18.48,18.67,-0.19,-1.0177,17704.29,32917.466
301377.SZ,20241016,18.34,18.94,18.34,18.57,18.82,-0.25,-1.3284,26671.4,49679.875
301378.SZ,20241016,28.35,31.17,28.1,30.3,28.96,1.34,4.6271,57039.22,171553.277
301379.SZ,20241016,18.28,19.1,18.13,18.72,18.55,0.17,0.9164,35164.3,65393.84
301380.SZ,20241016,39.1,40.87,38.8,40.4,39.93,0.47,1.1771,18227.98,73222.434
301381.SZ,20241016,28.84,29.11,27.9,28.2,29.6,-1.4,-4.7297,39320.56,112062.817
301382.SZ,20241016,29.92,31.5,29.51,30.18,31.32,-1.14,-3.6398,155122.51,470393.168
301383.SZ,20241016,35.5,38.08,35.07,37.31,36.72,0.59,1.6068,104382.89,385161.503
301386.SZ,20241016,20.52,20.88,20.28,20.7,20.64,0.06,0.2907,11046.23,22814.629
301387.SZ,20241016,30.56,32.64,30.39,32.55,31.22,1.33,4.2601,38566.9,121943.638
301388.SZ,20241016,20.4,21.0,20.13,20.61,20.9,-0.29,-1.3876,21452.09,44413.044
301389.SZ,20241016,14.33,14.62,14.23,14.42,14.58,-0.16,-1.0974,43568.34,62809.09
301390.SZ,20241016,29.45,30.89,29.17,30.29,29.82,0.47,1.5761,9767.0,29619.165
301391.SZ,20241016,36.64,37.87,36.5,37.0,37.41,-0.41,-1.096,14627.29,54240.758
301392.SZ,20241016,51.37,54.88,51.2,51.98,52.47,-0.49,-0.9339,39011.0,206182.4
301393.SZ,20241016,41.23,42.5,41.15,41.57,42.03,-0.46,-1.0945,10124.0,42281.042
301395.SZ,20241016,11.33,11.47,11.22,11.3,11.33,-0.03,-0.2648,15853.28,17982.981
301396.SZ,20241016,24.61,25.16,24.51,25.0,24.92,0.08,0.321,28674.33,71207.776
301397.SZ,20241016,23.85,24.37,23.6,23.91,24.12,-0.21,-0.8706,11666.8,27944.589
301398.SZ,20241016,41.79,43.88,41.5,42.46,43.23,-0.77,-1.7812,21735.0,92311.49
301399.SZ,20241016,20.48,20.79,20.02,20.41,20.49,-0.08,-0.3904,13364.9,27314.578
301408.SZ,20241016,11.2,11.48,11.07,11.29,11.28,0.01,0.0887,32350.0,36702.092
301413.SZ,20241016,40.0,41.41,39.91,40.43,40.83,-0.4,-0.9797,12000.91,48726.923
301418.SZ,20241016,35.0,36.3,35.0,35.89,36.03,-0.14,-0.3886,8556.39,30671.41
301419.SZ,20241016,26.94,27.37,26.61,27.0,27.27,-0.27,-0.9901,13800.86,37192.341
301421.SZ,20241016,63.8,63.8,55.02,55.18,61.97,-6.79,-10.9569,216740.67,1281815.628
301428.SZ,20241016,32.22,33.56,32.14,32.7,32.03,0.67,2.0918,49449.36,163048.263
301429.SZ,20241016,16.09,17.69,16.0,17.1,16.18,0.92,5.686,37881.98,64137.245
301439.SZ,20241016,12.55,12.85,12.55,12.65,12.74,-0.09,-0.7064,22555.0,28614.616
301446.SZ,20241016,20.25,20.95,20.2,20.76,20.61,0.15,0.7278,15451.14,32015.135
301448.SZ,20241016,20.2,20.95,20.07,20.39,20.37,0.02,0.0982,11385.32,23393.053
301456.SZ,20241016,22.8,24.5,22.65,23.68,23.33,0.35,1.5002,42309.7,99293.465
301459.SZ,20241016,39.16,41.35,38.44,39.82,38.39,1.43,3.7249,21294.89,84524.899
301468.SZ,20241016,22.5,22.95,22.35,22.74,22.71,0.03,0.1321,5612.94,12765.844
301469.SZ,20241016,23.26,23.75,23.21,23.4,23.51,-0.11,-0.4679,9116.52,21423.712
301486.SZ,20241016,38.3,39.39,38.13,38.48,39.17,-0.69,-1.7616,22268.68,85937.359
301487.SZ,20241016,23.25,24.0,22.91,23.23,24.23,-1.0,-4.1271,190572.79,446269.042
301488.SZ,20241016,54.78,55.83,54.0,54.6,55.87,-1.27,-2.2731,18329.94,100439.519
301489.SZ,20241016,67.8,71.2,67.8,68.8,71.31,-2.51,-3.5198,19948.09,137848.837
301498.SZ,20241016,58.24,59.29,57.02,58.04,58.62,-0.58,-0.9894,12513.62,72842.143
301499.SZ,20241016,25.99,26.95,25.82,26.3,26.46,-0.16,-0.6047,28793.77,75889.614
301500.SZ,20241016,19.1,19.78,19.02,19.32,19.7,-0.38,-1.9289,32901.0,63889.774
301502.SZ,20241016,41.66,42.67,41.51,42.27,42.59,-0.32,-0.7514,14603.97,61572.044
301503.SZ,20241016,31.02,31.99,31.02,31.67,31.6,0.07,0.2215,11688.0,36926.143
301505.SZ,20241016,25.83,28.0,25.57,27.45,26.36,1.09,4.1351,67839.82,184298.14
301507.SZ,20241016,12.56,12.92,12.53,12.68,12.75,-0.07,-0.549,48706.7,62013.248
301508.SZ,20241016,37.6,38.62,36.7,37.0,38.35,-1.35,-3.5202,75372.18,283230.548
301509.SZ,20241016,29.56,31.55,29.5,30.75,30.14,0.61,2.0239,30974.53,94291.091
301510.SZ,20241016,25.0,26.24,24.94,25.52,25.65,-0.13,-0.5068,44304.75,114094.773
301511.SZ,20241016,14.01,15.17,13.9,14.68,14.49,0.19,1.3112,260399.56,382665.077
301512.SZ,20241016,39.96,40.9,39.82,40.28,40.65,-0.37,-0.9102,8455.25,34053.481
301515.SZ,20241016,18.33,20.5,18.1,19.5,18.47,1.03,5.5766,49047.31,94588.603
301516.SZ,20241016,18.12,18.72,17.82,18.09,18.75,-0.66,-3.52,113873.59,207072.916
301517.SZ,20241016,52.28,52.41,49.8,50.14,52.27,-2.13,-4.075,39463.45,201368.965
301518.SZ,20241016,15.77,16.27,15.7,16.09,16.01,0.08,0.4997,13639.25,21961.015
301519.SZ,20241016,13.53,13.96,13.33,13.69,13.51,0.18,1.3323,31833.0,43845.842
301520.SZ,20241016,39.88,41.27,39.88,40.84,40.64,0.2,0.4921,11400.47,46453.261
301522.SZ,20241016,61.92,102.0,61.92,79.85,6.88,72.97,1060.6105,595674.82,5031370.785
301525.SZ,20241016,57.0,57.47,55.71,56.0,57.25,-1.25,-2.1834,8144.0,45888.117
301526.SZ,20241016,3.8,4.13,3.79,4.1,3.81,0.29,7.6115,919535.29,369839.693
301528.SZ,20241016,42.63,44.43,42.0,42.03,42.1,-0.07,-0.1663,11328.14,48614.84
301529.SZ,20241016,32.3,32.84,32.05,32.3,32.61,-0.31,-0.9506,8858.82,28694.995
301533.SZ,20241016,26.38,28.87,26.27,28.3,26.65,1.65,6.1914,42891.87,119636.998
301536.SZ,20241016,38.5,39.8,38.35,38.95,39.62,-0.67,-1.6911,43901.99,171490.375
301538.SZ,20241016,73.88,76.26,73.7,74.69,75.41,-0.72,-0.9548,9415.8,70620.52
301539.SZ,20241016,18.51,18.91,18.41,18.66,18.69,-0.03,-0.1605,25310.17,47259.788
301548.SZ,20241016,49.94,51.34,49.49,50.19,50.65,-0.46,-0.9082,6765.78,34108.765
301550.SZ,20241016,46.12,48.11,45.51,46.28,47.88,-1.6,-3.3417,35219.49,164185.84
301551.SZ,20241016,101.68,108.8,80.1,81.0,98.81,-17.81,-18.0245,204980.38,1905388.598
301552.SZ,20241016,52.98,54.3,51.0,51.58,52.75,-1.17,-2.218,19561.26,102525.815
301555.SZ,20241016,26.13,27.15,25.83,26.39,26.87,-0.48,-1.7864,13940.23,37038.323
301558.SZ,20241016,8.61,8.91,8.57,8.68,8.94,-0.26,-2.9083,150517.67,131202.581
301559.SZ,20241016,16.03,16.35,15.98,16.12,16.14,-0.02,-0.1239,24696.57,39896.584
301565.SZ,20241016,20.07,20.79,19.9,20.23,20.5,-0.27,-1.3171,70467.58,142702.333
301566.SZ,20241016,17.5,17.88,17.3,17.48,17.84,-0.36,-2.0179,39115.81,68772.931
301567.SZ,20241016,49.0,50.04,47.78,48.48,50.22,-1.74,-3.4648,25445.79,124105.159
301568.SZ,20241016,32.88,33.69,32.47,32.81,33.7,-0.89,-2.6409,34436.53,113850.782
301571.SZ,20241016,52.12,55.27,51.85,53.48,53.6,-0.12,-0.2239,92236.85,490121.883
301577.SZ,20241016,53.5,55.4,53.43,54.51,54.5,0.01,0.0183,7653.0,41714.492
301578.SZ,20241016,52.88,55.85,52.21,53.12,54.1,-0.98,-1.8115,27984.46,148949.65
301580.SZ,20241016,61.0,63.13,60.7,61.13,62.8,-1.67,-2.6592,12242.0,75612.878
301586.SZ,20241016,52.61,54.99,51.42,51.95,53.95,-2.0,-3.7071,45075.58,238818.683
301587.SZ,20241016,24.66,25.35,24.42,24.56,25.38,-0.82,-3.2309,26101.81,64842.893
301588.SZ,20241016,20.31,21.16,20.31,20.87,20.56,0.31,1.5078,17471.46,36469.929
301589.SZ,20241016,192.8,198.0,190.11,194.15,196.85,-2.7,-1.3716,7928.94,153898.585
301591.SZ,20241016,33.96,35.09,33.84,34.38,34.85,-0.47,-1.3486,14248.77,49210.969
301596.SZ,20241016,69.66,78.0,69.66,76.3,71.75,4.55,6.3415,34797.55,262636.509
301600.SZ,20241016,68.5,73.57,68.5,70.47,70.3,0.17,0.2418,25467.29,181168.157
301603.SZ,20241016,45.99,46.5,44.28,44.63,46.26,-1.63,-3.5236,37035.92,167344.286
301606.SZ,20241016,33.37,33.96,32.61,33.0,34.08,-1.08,-3.169,38066.49,126420.594
301607.SZ,20241016,42.42,44.2,42.17,42.59,44.35,-1.76,-3.9684,33266.44,142746.794
301608.SZ,20241016,65.0,67.46,64.53,66.26,66.65,-0.39,-0.5851,22127.01,146195.591
301611.SZ,20241016,58.5,65.99,58.02,59.0,62.6,-3.6,-5.7508,183131.9,1112950.043
301618.SZ,20241016,153.0,155.0,132.31,136.2,159.02,-22.82,-14.3504,68245.94,976767.032
302132.SZ,20241016,73.0,75.58,70.14,72.0,74.34,-2.34,-3.1477,495548.99,3597693.595
