ts_code,trade_date,open,high,low,close,pre_close,change,pct_chg,vol,amount
300001.SZ,20240820,18.56,18.62,18.09,18.15,18.56,-0.41,-2.2091,87780.62,160046.984
300002.SZ,20240820,8.72,8.74,8.4,8.45,8.68,-0.23,-2.6498,462621.66,393335.479
300003.SZ,20240820,11.92,11.98,11.58,11.62,11.97,-0.35,-2.924,217265.55,254028.457
300004.SZ,20240820,5.15,5.44,4.75,4.84,4.53,0.31,6.8433,665578.77,337994.884
300005.SZ,20240820,5.04,5.2,4.96,5.05,5.04,0.01,0.1984,184401.41,93275.248
300006.SZ,20240820,2.62,2.63,2.54,2.55,2.62,-0.07,-2.6718,94006.76,24164.44
300007.SZ,20240820,13.23,13.3,13.02,13.25,13.27,-0.02,-0.1507,49929.59,65677.365
300008.SZ,20240820,3.69,3.69,3.62,3.63,3.7,-0.07,-1.8919,215864.0,78725.01
300009.SZ,20240820,8.56,8.57,8.26,8.27,8.5,-0.23,-2.7059,82909.58,69241.484
300010.SZ,20240820,2.52,2.52,2.44,2.48,2.51,-0.03,-1.1952,230626.0,56833.986
300011.SZ,20240820,6.2,6.21,5.8,5.85,6.46,-0.61,-9.4427,693574.72,409921.132
300012.SZ,20240820,11.24,11.31,10.95,10.96,11.27,-0.31,-2.7507,99907.09,110799.328
300013.SZ,20240820,2.24,2.42,2.24,2.35,2.26,0.09,3.9823,242857.57,56969.603
300014.SZ,20240820,35.88,36.25,35.07,35.3,35.98,-0.68,-1.8899,164182.8,583246.65
300015.SZ,20240820,10.34,10.43,10.18,10.25,10.34,-0.09,-0.8704,500016.34,514913.108
300016.SZ,20240820,4.73,4.74,4.61,4.63,4.74,-0.11,-2.3207,45402.0,21152.639
300017.SZ,20240820,7.26,7.31,7.03,7.05,7.28,-0.23,-3.1593,355922.97,252888.093
300018.SZ,20240820,4.84,4.89,4.72,4.76,4.84,-0.08,-1.6529,93066.11,44557.893
300019.SZ,20240820,11.08,11.3,11.02,11.05,11.1,-0.05,-0.4505,26934.77,30043.394
300020.SZ,20240820,1.95,1.99,1.9,1.91,1.96,-0.05,-2.551,360049.0,69854.478
300021.SZ,20240820,3.42,3.42,3.31,3.33,3.41,-0.08,-2.346,99260.0,33239.381
300022.SZ,20240820,3.6,3.6,3.51,3.53,3.6,-0.07,-1.9444,33022.85,11700.656
300024.SZ,20240820,9.69,9.75,9.47,9.5,9.74,-0.24,-2.4641,134715.4,128669.574
300025.SZ,20240820,8.95,9.06,8.7,8.86,8.92,-0.06,-0.6726,52673.03,46675.168
300026.SZ,20240820,3.39,3.4,3.29,3.31,3.38,-0.07,-2.071,284883.0,94961.876
300027.SZ,20240820,2.48,2.96,2.38,2.94,2.47,0.47,19.0283,7611961.61,2069870.941
300029.SZ,20240820,3.97,4.03,3.91,3.93,3.95,-0.02,-0.5063,23806.0,9455.601
300030.SZ,20240820,4.13,4.15,3.98,4.0,4.15,-0.15,-3.6145,76991.06,31104.74
300031.SZ,20240820,15.04,15.35,14.87,14.94,15.13,-0.19,-1.2558,146572.17,220453.631
300032.SZ,20240820,3.64,3.69,3.47,3.51,3.68,-0.17,-4.6196,538676.41,190937.464
300033.SZ,20240820,101.9,102.5,100.0,100.01,101.96,-1.95,-1.9125,39765.69,401209.102
300034.SZ,20240820,14.04,14.15,13.71,13.83,14.02,-0.19,-1.3552,69841.31,96808.178
300035.SZ,20240820,7.83,7.89,7.61,7.66,7.84,-0.18,-2.2959,67607.0,52155.692
300036.SZ,20240820,14.06,14.15,13.62,13.67,14.12,-0.45,-3.187,97977.0,135044.077
300037.SZ,20240820,31.12,32.31,31.0,31.32,30.84,0.48,1.5564,73700.73,233764.353
300039.SZ,20240820,5.62,5.65,5.46,5.51,5.64,-0.13,-2.305,138750.75,76775.865
300040.SZ,20240820,5.32,5.43,5.09,5.11,5.4,-0.29,-5.3704,309035.0,160599.642
300041.SZ,20240820,7.42,7.63,7.37,7.45,7.66,-0.21,-2.7415,122797.09,91690.096
300042.SZ,20240820,18.15,18.34,17.4,17.53,18.06,-0.53,-2.9347,114222.63,204860.736
300043.SZ,20240820,2.52,2.62,2.47,2.55,2.58,-0.03,-1.1628,732090.5,185651.656
300044.SZ,20240820,4.4,4.42,4.25,4.26,4.42,-0.16,-3.6199,297053.84,127756.641
300045.SZ,20240820,16.85,16.86,16.5,16.56,16.93,-0.37,-2.1855,136276.01,226606.601
300046.SZ,20240820,16.7,16.88,16.32,16.53,16.49,0.04,0.2426,220012.0,364850.724
300047.SZ,20240820,6.8,6.87,6.67,6.73,6.93,-0.2,-2.886,240319.0,161979.672
300048.SZ,20240820,4.34,4.38,4.24,4.31,4.34,-0.03,-0.6912,66597.72,28560.479
300049.SZ,20240820,43.96,44.04,42.0,43.03,43.92,-0.89,-2.0264,28550.63,122863.364
300050.SZ,20240820,4.53,5.63,4.53,4.9,5.66,-0.76,-13.4276,2356144.49,1162940.372
300051.SZ,20240820,6.4,6.52,6.33,6.36,6.46,-0.1,-1.548,40428.0,25924.294
300052.SZ,20240820,10.68,10.98,10.54,10.72,10.7,0.02,0.1869,75629.0,81181.239
300053.SZ,20240820,10.43,10.55,10.15,10.22,10.4,-0.18,-1.7308,295392.7,304623.497
300054.SZ,20240820,19.82,19.98,19.26,19.51,19.88,-0.37,-1.8612,77648.23,151384.155
300055.SZ,20240820,4.24,4.25,4.04,4.07,4.26,-0.19,-4.4601,91228.89,37578.952
300056.SZ,20240820,8.05,8.19,7.9,8.12,8.07,0.05,0.6196,53874.12,43443.08
300057.SZ,20240820,3.98,4.1,3.91,3.93,3.99,-0.06,-1.5038,130210.74,52116.679
300058.SZ,20240820,5.32,5.38,5.25,5.29,5.32,-0.03,-0.5639,383519.54,203699.484
300059.SZ,20240820,10.61,10.66,10.5,10.52,10.61,-0.09,-0.8483,1216429.33,1286733.999
300061.SZ,20240820,5.91,7.24,5.88,7.24,6.03,1.21,20.0663,1406427.74,916326.457
300062.SZ,20240820,5.03,5.06,4.86,4.89,5.05,-0.16,-3.1683,117701.53,57983.421
300063.SZ,20240820,4.15,4.24,4.12,4.16,4.18,-0.02,-0.4785,442599.0,184384.719
300065.SZ,20240820,6.2,6.2,6.06,6.08,6.18,-0.1,-1.6181,81589.6,49810.711
300066.SZ,20240820,3.38,3.38,3.15,3.18,3.51,-0.33,-9.4017,448857.95,144658.584
300067.SZ,20240820,3.24,3.26,3.13,3.15,3.23,-0.08,-2.4768,352993.0,112002.281
300068.SZ,20240820,7.53,7.56,7.28,7.31,7.52,-0.21,-2.7926,210429.02,155416.653
300069.SZ,20240820,10.83,11.17,10.44,10.55,10.49,0.06,0.572,35474.0,38197.339
300070.SZ,20240820,4.09,4.1,4.02,4.03,4.1,-0.07,-1.7073,189988.08,76876.842
300071.SZ,20240820,2.47,2.47,2.32,2.34,2.45,-0.11,-4.4898,325201.72,76907.079
300072.SZ,20240820,2.04,2.05,1.96,1.97,2.04,-0.07,-3.4314,177294.1,35256.116
300073.SZ,20240820,27.67,28.0,27.12,27.15,27.6,-0.45,-1.6304,66255.39,182002.763
300074.SZ,20240820,3.45,3.45,3.29,3.31,3.45,-0.14,-4.058,169153.05,56610.007
300075.SZ,20240820,12.83,12.96,12.59,12.6,12.92,-0.32,-2.4768,93826.53,118998.31
300076.SZ,20240820,3.83,3.95,3.71,3.72,3.84,-0.12,-3.125,395306.55,149864.991
300077.SZ,20240820,9.76,9.79,9.52,9.58,9.77,-0.19,-1.9447,145050.0,139704.161
300078.SZ,20240820,2.71,2.9,2.66,2.74,2.73,0.01,0.3663,918624.35,256457.7
300079.SZ,20240820,4.6,4.76,4.44,4.67,4.97,-0.3,-6.0362,1321503.56,605812.478
300080.SZ,20240820,2.92,2.95,2.83,2.84,2.94,-0.1,-3.4014,227270.08,65744.516
300081.SZ,20240820,4.59,5.01,4.54,4.78,4.61,0.17,3.6876,591812.54,282915.298
300082.SZ,20240820,4.48,5.39,4.46,4.84,4.5,0.34,7.5556,338531.72,169665.5
300083.SZ,20240820,5.8,5.97,5.69,5.92,5.89,0.03,0.5093,509576.08,297569.949
300084.SZ,20240820,5.13,5.17,4.99,5.0,5.14,-0.14,-2.7237,22546.0,11368.883
300085.SZ,20240820,8.67,8.68,8.41,8.48,8.7,-0.22,-2.5287,82279.53,70144.848
300086.SZ,20240820,3.86,3.87,3.73,3.78,3.85,-0.07,-1.8182,82819.0,31441.365
300087.SZ,20240820,6.19,6.23,6.05,6.1,6.25,-0.15,-2.4,98576.28,60195.53
300088.SZ,20240820,4.5,4.56,4.45,4.48,4.48,0.0,0.0,448038.58,201425.489
300091.SZ,20240820,1.6,1.6,1.47,1.49,1.59,-0.1,-6.2893,534929.0,81418.636
300092.SZ,20240820,10.9,11.94,10.35,10.39,10.24,0.15,1.4648,265024.92,289214.15
300093.SZ,20240820,10.69,10.82,10.37,10.45,10.65,-0.2,-1.8779,73388.0,77644.239
300094.SZ,20240820,2.76,2.77,2.68,2.73,2.8,-0.07,-2.5,434137.76,118222.122
300095.SZ,20240820,5.63,5.74,5.51,5.55,5.68,-0.13,-2.2887,45350.0,25459.845
300096.SZ,20240820,2.37,2.41,2.34,2.37,2.36,0.01,0.4237,62418.0,14783.352
300097.SZ,20240820,5.87,6.03,5.79,5.95,5.92,0.03,0.5068,150347.0,89279.711
300098.SZ,20240820,4.11,4.13,3.98,4.01,4.08,-0.07,-1.7157,560329.89,225545.333
300099.SZ,20240820,4.72,4.74,4.64,4.67,4.75,-0.08,-1.6842,120870.49,56582.523
300100.SZ,20240820,12.87,12.94,12.53,12.79,12.92,-0.13,-1.0062,114724.0,145679.099
300101.SZ,20240820,13.43,13.46,13.01,13.09,13.39,-0.3,-2.2405,56951.0,74876.139
300102.SZ,20240820,6.05,6.34,5.92,6.12,6.02,0.1,1.6611,519344.02,316037.421
300103.SZ,20240820,4.72,4.72,4.57,4.66,4.67,-0.01,-0.2141,96153.0,44567.315
300105.SZ,20240820,5.52,5.53,5.3,5.32,5.51,-0.19,-3.4483,81230.99,43635.909
300106.SZ,20240820,5.93,5.95,5.8,5.83,5.91,-0.08,-1.3536,29214.8,17078.136
300107.SZ,20240820,8.44,8.54,8.18,8.27,8.47,-0.2,-2.3613,187801.98,155874.098
300108.SZ,20240820,2.15,2.24,2.14,2.16,2.19,-0.03,-1.3699,238239.03,52095.96
300109.SZ,20240820,11.27,11.34,10.85,10.96,11.27,-0.31,-2.7507,38587.0,42616.557
300110.SZ,20240820,3.4,3.53,3.39,3.39,3.43,-0.04,-1.1662,468570.76,161097.392
300111.SZ,20240820,2.38,2.41,2.32,2.34,2.39,-0.05,-2.0921,268810.02,62971.232
300112.SZ,20240820,6.9,7.05,6.85,6.94,6.91,0.03,0.4342,52938.02,36808.499
300113.SZ,20240820,10.7,11.56,10.66,11.4,10.65,0.75,7.0423,557011.42,618815.949
300115.SZ,20240820,10.72,10.97,10.66,10.75,10.72,0.03,0.2799,266369.2,287590.522
300117.SZ,20240820,1.68,1.75,1.59,1.65,1.7,-0.05,-2.9412,308560.0,51514.875
300118.SZ,20240820,10.33,10.45,10.22,10.29,10.37,-0.08,-0.7715,125279.27,129397.502
300119.SZ,20240820,13.03,13.07,12.72,12.78,12.99,-0.21,-1.6166,19941.41,25565.202
300120.SZ,20240820,5.58,5.83,5.46,5.51,5.6,-0.09,-1.6071,412459.0,231558.265
300121.SZ,20240820,7.2,7.26,7.04,7.07,7.25,-0.18,-2.4828,30211.39,21533.411
300122.SZ,20240820,24.45,24.48,23.34,23.39,24.38,-0.99,-4.0607,245871.06,581531.622
300123.SZ,20240820,4.6,4.62,4.48,4.5,4.63,-0.13,-2.8078,228010.0,103103.649
300124.SZ,20240820,41.81,42.0,41.11,41.3,41.82,-0.52,-1.2434,91475.2,379344.419
300125.SZ,20240820,3.4,3.69,3.32,3.6,3.36,0.24,7.1429,407019.84,143649.274
300126.SZ,20240820,4.59,4.62,4.44,4.48,4.57,-0.09,-1.9694,27217.0,12281.775
300127.SZ,20240820,14.04,14.04,13.5,13.56,13.91,-0.35,-2.5162,18642.0,25507.619
300128.SZ,20240820,3.33,3.37,3.25,3.28,3.35,-0.07,-2.0896,148564.0,48930.193
300129.SZ,20240820,6.47,6.48,6.28,6.36,6.45,-0.09,-1.3953,58089.74,36944.648
300130.SZ,20240820,16.0,16.08,15.21,15.38,16.41,-1.03,-6.2767,446621.5,692598.813
300131.SZ,20240820,4.78,5.6,4.78,5.12,4.91,0.21,4.277,1514314.01,781223.07
300132.SZ,20240820,3.72,3.76,3.6,3.61,3.69,-0.08,-2.168,66632.0,24383.839
300133.SZ,20240820,5.41,5.57,5.35,5.44,5.44,0.0,0.0,590017.14,321259.258
300134.SZ,20240820,6.98,7.22,6.83,6.92,6.91,0.01,0.1447,201850.6,141251.846
300135.SZ,20240820,2.68,2.72,2.61,2.63,2.67,-0.04,-1.4981,195820.0,52088.625
300136.SZ,20240820,17.8,17.95,17.45,17.56,17.84,-0.28,-1.5695,122266.36,215889.095
300137.SZ,20240820,4.0,4.17,3.91,3.96,4.1,-0.14,-3.4146,103704.77,41358.619
300138.SZ,20240820,7.6,7.6,7.3,7.34,7.57,-0.23,-3.0383,38220.0,28313.206
300139.SZ,20240820,13.69,13.97,13.45,13.68,13.99,-0.31,-2.2159,509157.35,695197.17
300140.SZ,20240820,4.78,4.81,4.65,4.68,4.8,-0.12,-2.5,65626.84,30860.814
300141.SZ,20240820,7.89,7.95,7.6,7.69,7.91,-0.22,-2.7813,63569.0,49136.407
300142.SZ,20240820,11.0,11.02,10.61,10.69,10.95,-0.26,-2.3744,143955.5,154870.816
300143.SZ,20240820,7.5,7.5,7.26,7.29,7.41,-0.12,-1.6194,26373.13,19344.153
300144.SZ,20240820,7.86,7.91,7.67,7.7,7.89,-0.19,-2.4081,254893.78,197611.641
300145.SZ,20240820,2.48,2.49,2.37,2.38,2.49,-0.11,-4.4177,251374.04,60505.961
300146.SZ,20240820,11.12,11.15,10.83,10.88,11.13,-0.25,-2.2462,119415.83,130738.617
300147.SZ,20240820,7.92,8.14,7.66,8.05,8.02,0.03,0.3741,1411018.09,1122128.401
300148.SZ,20240820,2.81,2.93,2.76,2.83,2.93,-0.1,-3.413,1080689.92,306702.428
300149.SZ,20240820,4.75,4.78,4.57,4.62,4.75,-0.13,-2.7368,153979.0,71535.196
300150.SZ,20240820,3.22,3.22,2.94,2.94,3.47,-0.53,-15.2738,755425.33,229597.789
300151.SZ,20240820,15.07,15.1,14.71,14.74,15.05,-0.31,-2.0598,21229.0,31445.331
300152.SZ,20240820,1.92,1.93,1.81,1.82,1.92,-0.1,-5.2083,298870.0,55316.282
300153.SZ,20240820,5.81,6.15,5.55,5.61,5.7,-0.09,-1.5789,116884.09,67627.188
300154.SZ,20240820,5.28,5.29,5.09,5.13,5.29,-0.16,-3.0246,31530.0,16252.031
300155.SZ,20240820,3.57,3.62,3.38,3.46,3.59,-0.13,-3.6212,171577.57,60213.662
300157.SZ,20240820,2.33,2.35,2.16,2.18,2.33,-0.15,-6.4378,475758.14,105311.861
300158.SZ,20240820,4.2,4.21,4.07,4.1,4.19,-0.09,-2.148,181846.94,74931.013
300159.SZ,20240820,2.25,2.28,2.2,2.25,2.24,0.01,0.4464,513675.0,115054.188
300160.SZ,20240820,4.49,4.49,4.32,4.36,4.45,-0.09,-2.0225,66967.0,29293.385
300161.SZ,20240820,21.8,22.03,21.43,21.68,21.82,-0.14,-0.6416,24946.02,54113.998
300162.SZ,20240820,6.09,6.39,6.01,6.01,6.17,-0.16,-2.5932,447719.0,275822.352
300163.SZ,20240820,1.36,1.38,1.34,1.35,1.36,-0.01,-0.7353,115131.0,15687.287
300164.SZ,20240820,3.62,3.65,3.52,3.55,3.67,-0.12,-3.2698,266807.0,95200.336
300165.SZ,20240820,2.85,2.88,2.66,2.7,2.92,-0.22,-7.5342,448222.0,122887.804
300166.SZ,20240820,6.26,6.27,6.14,6.16,6.27,-0.11,-1.7544,118148.25,73150.035
300167.SZ,20240820,1.64,1.67,1.58,1.6,1.64,-0.04,-2.439,87139.0,14126.235
300168.SZ,20240820,5.15,5.22,5.07,5.09,5.19,-0.1,-1.9268,136233.0,69936.926
300169.SZ,20240820,5.33,5.51,5.2,5.37,5.37,0.0,0.0,271288.36,145421.231
300170.SZ,20240820,6.14,6.17,6.06,6.07,6.15,-0.08,-1.3008,148339.0,90493.374
300171.SZ,20240820,11.0,11.02,10.66,10.71,11.01,-0.3,-2.7248,38225.0,41237.903
300172.SZ,20240820,4.98,5.11,4.8,4.8,4.91,-0.11,-2.2403,403280.95,199532.032
300173.SZ,20240820,3.56,3.6,3.48,3.49,3.58,-0.09,-2.514,122823.0,43304.271
300174.SZ,20240820,12.96,12.97,12.69,12.74,12.9,-0.16,-1.2403,13172.6,16839.355
300175.SZ,20240820,5.38,5.51,5.3,5.4,5.36,0.04,0.7463,183610.0,99070.597
300176.SZ,20240820,4.8,4.83,4.62,4.65,4.83,-0.18,-3.7267,64610.93,30404.836
300177.SZ,20240820,6.49,6.53,6.31,6.38,6.55,-0.17,-2.5954,307665.27,196386.126
300179.SZ,20240820,6.93,7.06,6.65,6.65,6.95,-0.3,-4.3165,84236.7,57204.698
300180.SZ,20240820,4.55,4.88,4.37,4.45,4.5,-0.05,-1.1111,3099679.71,1424514.204
300181.SZ,20240820,15.0,15.09,14.72,14.88,14.99,-0.11,-0.7338,80840.17,120173.001
300182.SZ,20240820,3.85,3.89,3.76,3.81,3.88,-0.07,-1.8041,817711.49,311579.151
300183.SZ,20240820,12.38,12.73,12.33,12.43,12.45,-0.02,-0.1606,141344.0,176725.02
300184.SZ,20240820,6.7,8.27,6.2,7.65,7.33,0.32,4.3656,5607959.96,4097676.935
300185.SZ,20240820,1.89,1.9,1.84,1.86,1.88,-0.02,-1.0638,340707.0,63677.649
300187.SZ,20240820,4.62,4.67,4.4,4.42,4.6,-0.18,-3.913,149391.0,67082.548
300188.SZ,20240820,11.0,11.09,10.67,10.69,11.07,-0.38,-3.4327,76913.62,83021.677
300189.SZ,20240820,2.15,2.2,2.1,2.11,2.21,-0.1,-4.5249,509488.0,108733.697
300190.SZ,20240820,2.96,2.97,2.87,2.88,2.96,-0.08,-2.7027,46880.0,13636.686
300191.SZ,20240820,13.36,13.4,12.77,12.8,13.29,-0.49,-3.687,22356.0,29036.256
300192.SZ,20240820,11.41,11.55,11.17,11.44,11.59,-0.15,-1.2942,216633.0,245221.196
300193.SZ,20240820,7.17,7.22,7.02,7.07,7.19,-0.12,-1.669,25331.9,17964.564
300194.SZ,20240820,4.15,4.19,4.04,4.07,4.17,-0.1,-2.3981,266364.0,108968.182
300195.SZ,20240820,4.33,4.34,4.21,4.24,4.33,-0.09,-2.0785,48534.0,20675.903
300196.SZ,20240820,9.25,9.26,8.97,9.05,9.2,-0.15,-1.6304,12334.77,11180.666
300197.SZ,20240820,1.41,1.42,1.35,1.36,1.4,-0.04,-2.8571,539647.59,74193.588
300198.SZ,20240820,1.46,1.54,1.38,1.4,1.45,-0.05,-3.4483,592303.87,85538.246
300199.SZ,20240820,9.35,9.47,9.18,9.2,9.39,-0.19,-2.0234,108190.0,100202.541
300200.SZ,20240820,6.69,6.73,6.57,6.65,6.69,-0.04,-0.5979,40116.0,26597.531
300201.SZ,20240820,3.27,3.28,3.15,3.17,3.27,-0.1,-3.0581,91746.36,29283.394
300203.SZ,20240820,11.61,11.71,11.46,11.52,11.68,-0.16,-1.3699,27024.0,31202.383
300204.SZ,20240820,6.88,7.0,6.69,6.7,6.93,-0.23,-3.3189,127052.02,86178.785
300205.SZ,20240820,6.3,6.3,5.36,5.6,6.3,-0.7,-11.1111,124795.75,71771.38
300206.SZ,20240820,8.33,8.34,8.06,8.12,8.35,-0.23,-2.7545,24251.0,19828.381
300207.SZ,20240820,15.85,15.94,15.57,15.62,15.85,-0.23,-1.4511,171936.64,269868.352
300208.SZ,20240820,1.68,1.71,1.62,1.64,1.68,-0.04,-2.381,154938.0,25671.933
300209.SZ,20240820,3.06,3.13,3.05,3.08,3.03,0.05,1.6502,56991.0,17618.465
300210.SZ,20240820,7.11,7.15,6.94,6.98,7.1,-0.12,-1.6901,57837.0,40562.533
300211.SZ,20240820,5.6,5.83,5.37,5.39,5.6,-0.21,-3.75,321507.0,178477.906
300212.SZ,20240820,15.93,15.95,14.8,15.02,15.99,-0.97,-6.0663,184848.17,280743.361
300213.SZ,20240820,5.9,6.05,5.89,6.01,5.93,0.08,1.3491,215837.4,129254.53
300214.SZ,20240820,5.16,5.2,5.06,5.09,5.17,-0.08,-1.5474,16812.99,8590.332
300215.SZ,20240820,4.83,4.84,4.66,4.68,4.79,-0.11,-2.2965,118265.35,55591.628
300217.SZ,20240820,3.66,3.71,3.58,3.61,3.68,-0.07,-1.9022,189647.0,68722.73
300218.SZ,20240820,14.11,14.14,13.66,13.83,14.05,-0.22,-1.5658,27669.0,38311.42
300219.SZ,20240820,5.48,5.65,5.42,5.54,5.51,0.03,0.5445,189222.26,104744.809
300220.SZ,20240820,7.08,7.16,6.87,6.91,7.12,-0.21,-2.9494,18094.0,12644.814
300221.SZ,20240820,4.77,4.9,4.68,4.69,4.77,-0.08,-1.6771,135363.0,64775.044
300222.SZ,20240820,5.75,5.77,5.53,5.57,5.74,-0.17,-2.9617,88847.37,49632.263
300223.SZ,20240820,48.18,48.55,46.5,46.69,48.1,-1.41,-2.9314,51786.21,244408.219
300224.SZ,20240820,8.28,8.31,8.06,8.09,8.25,-0.16,-1.9394,32739.0,26660.178
300225.SZ,20240820,5.06,5.06,4.92,4.95,5.05,-0.1,-1.9802,58138.0,28910.251
300226.SZ,20240820,16.44,16.45,16.07,16.1,16.44,-0.34,-2.0681,44510.81,72066.907
300227.SZ,20240820,5.04,5.05,4.93,4.99,5.01,-0.02,-0.3992,75744.11,37800.147
300228.SZ,20240820,5.85,6.19,5.75,6.05,5.93,0.12,2.0236,365794.88,218067.555
300229.SZ,20240820,11.87,11.94,11.58,11.62,11.91,-0.29,-2.4349,83103.05,97131.803
300230.SZ,20240820,3.26,3.27,3.16,3.18,3.27,-0.09,-2.7523,63243.8,20201.291
300231.SZ,20240820,7.22,7.31,7.13,7.15,7.3,-0.15,-2.0548,57078.99,41073.555
300232.SZ,20240820,5.04,5.18,4.95,5.08,5.03,0.05,0.994,205256.62,103961.084
300233.SZ,20240820,11.9,12.27,11.88,11.94,11.95,-0.01,-0.0837,168185.72,202585.919
300234.SZ,20240820,3.79,3.79,3.66,3.69,3.78,-0.09,-2.381,42759.45,15834.678
300235.SZ,20240820,8.05,8.08,7.91,7.99,8.08,-0.09,-1.1139,51137.5,40799.713
300236.SZ,20240820,31.38,31.38,30.83,30.96,31.25,-0.29,-0.928,15956.19,49471.1
300237.SZ,20240820,1.38,1.4,1.34,1.35,1.38,-0.03,-2.1739,294212.8,40119.409
300238.SZ,20240820,9.08,9.13,8.87,8.91,9.08,-0.17,-1.8722,39669.0,35565.191
300239.SZ,20240820,4.79,4.8,4.6,4.6,4.74,-0.14,-2.9536,45213.0,21088.86
300240.SZ,20240820,5.83,5.89,5.69,5.75,5.83,-0.08,-1.3722,146215.77,84389.284
300241.SZ,20240820,4.06,4.82,3.99,4.43,4.02,0.41,10.199,1378871.28,629469.465
300242.SZ,20240820,2.28,2.35,2.17,2.27,2.4,-0.13,-5.4167,843621.0,190318.934
300243.SZ,20240820,7.84,8.1,7.62,7.64,7.8,-0.16,-2.0513,70963.0,55526.964
300244.SZ,20240820,12.19,12.28,11.77,11.8,12.22,-0.42,-3.437,79978.64,95716.274
300245.SZ,20240820,5.94,5.98,5.82,5.87,5.98,-0.11,-1.8395,70835.03,41666.237
300246.SZ,20240820,6.16,6.2,5.98,5.99,6.16,-0.17,-2.7597,28468.5,17255.941
300247.SZ,20240820,2.57,2.58,2.46,2.48,2.58,-0.1,-3.876,139584.0,34979.248
300248.SZ,20240820,6.65,6.67,6.52,6.56,6.68,-0.12,-1.7964,45304.78,29757.684
300249.SZ,20240820,6.55,6.58,6.4,6.42,6.61,-0.19,-2.8744,78225.0,50478.732
300250.SZ,20240820,11.55,11.7,11.41,11.5,11.56,-0.06,-0.519,49755.61,57450.955
300251.SZ,20240820,7.2,7.25,7.07,7.14,7.19,-0.05,-0.6954,177527.43,126692.767
300252.SZ,20240820,6.84,6.91,6.66,6.7,6.84,-0.14,-2.0468,204935.0,138112.546
300253.SZ,20240820,5.39,5.41,5.27,5.28,5.4,-0.12,-2.2222,157431.03,83787.261
300254.SZ,20240820,8.66,8.83,8.42,8.66,8.72,-0.06,-0.6881,99489.25,85193.219
300255.SZ,20240820,9.51,9.56,9.35,9.38,9.53,-0.15,-1.574,83636.8,78744.317
300256.SZ,20240820,2.55,2.82,2.43,2.52,2.88,-0.36,-12.5,3954067.85,1035713.517
300257.SZ,20240820,8.34,8.34,8.08,8.13,8.3,-0.17,-2.0482,44815.32,36523.108
300258.SZ,20240820,7.55,7.58,7.35,7.39,7.59,-0.2,-2.635,43888.0,32637.208
300259.SZ,20240820,2.7,2.72,2.63,2.66,2.76,-0.1,-3.6232,205888.28,54768.053
300260.SZ,20240820,18.11,18.22,17.47,17.62,18.11,-0.49,-2.7057,55120.6,97706.289
300261.SZ,20240820,5.67,5.73,5.48,5.51,5.62,-0.11,-1.9573,142658.24,79585.529
300263.SZ,20240820,5.52,5.53,5.36,5.39,5.51,-0.12,-2.1779,89357.58,48413.419
300264.SZ,20240820,4.69,4.78,4.51,4.71,4.66,0.05,1.073,409251.4,190467.899
300265.SZ,20240820,6.83,6.85,6.56,6.61,6.81,-0.2,-2.9369,233531.1,154857.523
300266.SZ,20240820,1.52,1.55,1.48,1.49,1.52,-0.03,-1.9737,322980.0,49043.655
300267.SZ,20240820,2.36,2.38,2.25,2.26,2.34,-0.08,-3.4188,422992.0,97000.991
300268.SZ,20240820,6.62,6.62,6.36,6.43,6.63,-0.2,-3.0166,11254.13,7268.497
300269.SZ,20240820,3.28,3.32,2.96,2.99,3.33,-0.34,-10.2102,1043621.1,326752.955
300270.SZ,20240820,5.57,5.63,5.49,5.58,5.58,0.0,0.0,66730.0,37179.231
300271.SZ,20240820,4.66,4.71,4.57,4.6,4.7,-0.1,-2.1277,100165.0,46312.792
300272.SZ,20240820,4.87,4.92,4.73,4.75,4.89,-0.14,-2.863,83961.6,40204.932
300274.SZ,20240820,67.53,68.93,67.16,67.9,67.53,0.37,0.5479,137714.3,937523.294
300275.SZ,20240820,10.3,10.6,10.23,10.4,10.32,0.08,0.7752,49778.63,51896.001
300276.SZ,20240820,3.6,3.7,3.47,3.56,3.5,0.06,1.7143,519379.04,183774.812
300277.SZ,20240820,6.55,6.55,6.34,6.37,6.5,-0.13,-2.0,21205.25,13549.113
300278.SZ,20240820,2.99,3.02,2.94,3.01,3.0,0.01,0.3333,148920.46,44273.648
300279.SZ,20240820,4.46,4.47,4.36,4.41,4.44,-0.03,-0.6757,105061.0,46350.531
300280.SZ,20240820,14.26,14.95,14.18,14.72,14.35,0.37,2.5784,154209.29,225535.465
300281.SZ,20240820,4.77,4.81,4.63,4.68,4.76,-0.08,-1.6807,151615.0,70977.811
300283.SZ,20240820,4.64,4.66,4.4,4.44,4.63,-0.19,-4.1037,103673.21,46554.576
300284.SZ,20240820,6.72,6.77,6.53,6.56,6.74,-0.18,-2.6706,255434.2,169024.24
300285.SZ,20240820,16.44,16.5,15.88,15.95,16.44,-0.49,-2.9805,70144.32,112799.782
300286.SZ,20240820,17.24,17.25,16.6,16.77,17.24,-0.47,-2.7262,21865.0,36781.395
300287.SZ,20240820,2.35,2.37,2.29,2.31,2.36,-0.05,-2.1186,454997.38,105300.917
300288.SZ,20240820,11.18,11.24,10.92,10.98,11.18,-0.2,-1.7889,42164.06,46518.686
300289.SZ,20240820,4.08,4.15,3.97,4.0,4.06,-0.06,-1.4778,56661.77,22854.414
300290.SZ,20240820,9.01,9.31,8.82,9.11,9.07,0.04,0.441,310103.5,280512.87
300291.SZ,20240820,4.29,4.45,4.26,4.38,4.31,0.07,1.6241,341130.5,148600.45
300292.SZ,20240820,3.45,3.49,3.37,3.42,3.5,-0.08,-2.2857,421198.0,143919.856
300293.SZ,20240820,14.81,14.89,14.41,14.52,14.87,-0.35,-2.3537,127454.31,186153.804
300294.SZ,20240820,32.64,32.69,31.65,31.86,32.74,-0.88,-2.6878,24736.57,79108.325
300295.SZ,20240820,9.56,10.07,9.5,9.56,9.7,-0.14,-1.4433,194778.0,189630.379
300296.SZ,20240820,4.35,5.04,4.28,4.82,4.34,0.48,11.0599,1435089.53,680609.458
300298.SZ,20240820,23.64,23.86,23.23,23.5,23.71,-0.21,-0.8857,13694.48,32092.744
300299.SZ,20240820,5.12,5.88,5.11,5.12,5.92,-0.8,-13.5135,1793366.03,973495.984
300300.SZ,20240820,1.35,1.42,1.34,1.35,1.32,0.03,2.2727,386522.41,52960.037
300301.SZ,20240820,1.22,1.23,1.18,1.19,1.21,-0.02,-1.6529,61928.0,7411.105
300302.SZ,20240820,10.46,10.62,10.25,10.31,10.4,-0.09,-0.8654,125716.73,131025.849
300303.SZ,20240820,4.91,4.96,4.81,4.87,4.89,-0.02,-0.409,247599.0,120933.257
300304.SZ,20240820,6.13,6.13,5.84,5.9,6.13,-0.23,-3.752,179544.68,106688.327
300305.SZ,20240820,4.88,4.94,4.73,4.75,4.89,-0.14,-2.863,47958.0,23078.401
300306.SZ,20240820,9.23,9.24,9.08,9.14,9.21,-0.07,-0.76,26597.0,24347.435
300307.SZ,20240820,5.42,5.6,5.37,5.51,5.43,0.08,1.4733,236520.99,130110.355
300308.SZ,20240820,123.99,125.18,121.25,121.69,121.64,0.05,0.0411,169605.35,2085883.211
300310.SZ,20240820,3.88,4.12,3.84,4.1,3.9,0.2,5.1282,655526.21,261627.74
300311.SZ,20240820,3.1,3.1,3.02,3.07,3.11,-0.04,-1.2862,206904.71,63085.179
300313.SZ,20240820,5.65,5.7,5.5,5.51,5.66,-0.15,-2.6502,38463.0,21471.306
300314.SZ,20240820,10.0,10.02,9.5,9.65,10.45,-0.8,-7.6555,80298.88,77831.324
300315.SZ,20240820,4.21,4.38,4.19,4.26,4.24,0.02,0.4717,1220361.19,523152.87
300316.SZ,20240820,26.25,26.31,25.56,25.71,26.19,-0.48,-1.8328,77152.23,199643.249
300317.SZ,20240820,3.5,3.51,3.36,3.39,3.51,-0.12,-3.4188,116861.0,39969.967
300318.SZ,20240820,5.46,5.75,5.26,5.35,5.6,-0.25,-4.4643,280393.51,154339.323
300319.SZ,20240820,8.77,8.85,8.55,8.63,8.77,-0.14,-1.5964,168367.95,145678.449
300320.SZ,20240820,7.11,7.15,6.86,6.94,7.11,-0.17,-2.391,32533.16,22636.925
300321.SZ,20240820,14.76,14.94,14.11,14.25,14.71,-0.46,-3.1271,13741.0,19730.301
300322.SZ,20240820,9.93,10.18,9.58,9.64,10.03,-0.39,-3.8883,696767.64,687221.48
300323.SZ,20240820,4.54,4.79,4.45,4.61,4.58,0.03,0.655,669614.35,308638.56
300324.SZ,20240820,2.28,2.29,2.23,2.27,2.32,-0.05,-2.1552,659757.0,148949.862
300326.SZ,20240820,4.13,4.13,3.98,3.99,4.11,-0.12,-2.9197,83003.0,33497.139
300327.SZ,20240820,18.84,18.9,18.49,18.52,18.83,-0.31,-1.6463,38394.81,71532.336
300328.SZ,20240820,5.08,6.11,5.05,6.11,5.09,1.02,20.0393,1183817.79,711155.647
300329.SZ,20240820,4.27,4.35,4.13,4.15,4.27,-0.12,-2.8103,129676.0,54621.11
300331.SZ,20240820,14.92,15.32,14.7,14.86,14.98,-0.12,-0.8011,60218.0,90220.336
300332.SZ,20240820,5.05,5.07,4.93,4.98,5.07,-0.09,-1.7751,43534.76,21711.602
300333.SZ,20240820,4.83,4.94,4.77,4.86,4.95,-0.09,-1.8182,217197.0,105218.461
300334.SZ,20240820,5.31,5.39,5.15,5.2,5.38,-0.18,-3.3457,97715.0,50937.722
300335.SZ,20240820,4.0,4.02,3.88,3.92,4.01,-0.09,-2.2444,76561.0,30127.649
300337.SZ,20240820,7.1,7.19,7.04,7.14,7.11,0.03,0.4219,143390.78,102040.008
300338.SZ,20240820,1.99,2.04,1.93,1.97,1.98,-0.01,-0.5051,149345.0,29633.7
300339.SZ,20240820,19.8,19.89,19.32,19.4,20.12,-0.72,-3.5785,242292.25,472427.624
300340.SZ,20240820,6.83,7.24,6.79,6.92,6.83,0.09,1.3177,92117.0,64615.718
300341.SZ,20240820,8.3,8.31,8.12,8.16,8.29,-0.13,-1.5682,28083.0,22979.48
300342.SZ,20240820,13.29,14.05,13.13,13.58,13.3,0.28,2.1053,517273.05,702027.755
300343.SZ,20240820,4.39,4.45,4.33,4.35,4.39,-0.04,-0.9112,80107.0,35055.875
300344.SZ,20240820,3.28,3.31,3.2,3.22,3.31,-0.09,-2.719,140975.91,45838.635
300345.SZ,20240820,6.89,6.9,6.62,6.63,6.89,-0.26,-3.7736,33685.0,22655.54
300346.SZ,20240820,26.91,27.0,26.22,26.41,26.75,-0.34,-1.271,89017.8,237074.653
300347.SZ,20240820,53.0,53.16,49.58,50.0,53.18,-3.18,-5.9797,124769.88,631714.227
300348.SZ,20240820,7.39,7.47,7.28,7.31,7.5,-0.19,-2.5333,135813.5,99983.07
300349.SZ,20240820,11.0,11.13,10.76,10.91,11.26,-0.35,-3.1083,189264.6,206090.876
300350.SZ,20240820,4.59,4.62,4.46,4.47,4.61,-0.14,-3.0369,106974.5,48236.185
300351.SZ,20240820,14.1,14.12,13.78,13.85,14.2,-0.35,-2.4648,69471.0,96453.267
300352.SZ,20240820,3.97,4.0,3.91,3.92,3.99,-0.07,-1.7544,127042.0,49975.879
300353.SZ,20240820,7.66,8.29,7.51,7.98,7.64,0.34,4.4503,295568.25,237552.084
300354.SZ,20240820,29.55,29.77,28.53,28.81,29.55,-0.74,-2.5042,12236.0,35522.326
300355.SZ,20240820,2.38,2.38,2.31,2.33,2.39,-0.06,-2.5105,143196.0,33525.852
300357.SZ,20240820,19.04,19.13,18.51,18.52,19.03,-0.51,-2.68,39293.08,73565.27
300358.SZ,20240820,7.38,7.39,7.1,7.14,7.38,-0.24,-3.252,48717.54,35109.895
300359.SZ,20240820,4.47,4.65,4.36,4.63,4.5,0.13,2.8889,260661.4,117930.029
300360.SZ,20240820,13.64,13.64,13.34,13.43,13.6,-0.17,-1.25,33247.6,44715.716
300363.SZ,20240820,12.48,12.54,12.05,12.06,12.44,-0.38,-3.0547,59033.17,72297.344
300364.SZ,20240820,18.4,18.72,18.19,18.4,18.52,-0.12,-0.6479,271607.31,500434.977
300365.SZ,20240820,4.78,4.86,4.68,4.69,4.78,-0.09,-1.8828,116031.0,55174.872
300366.SZ,20240820,7.37,7.4,7.12,7.14,7.4,-0.26,-3.5135,134766.0,97156.707
300368.SZ,20240820,2.54,2.58,2.47,2.52,2.53,-0.01,-0.3953,133203.77,33565.91
300369.SZ,20240820,5.11,5.16,4.92,4.94,5.13,-0.19,-3.7037,151669.0,76170.695
300370.SZ,20240820,1.86,1.88,1.8,1.81,1.87,-0.06,-3.2086,208116.0,38157.249
300371.SZ,20240820,9.04,10.18,9.03,9.56,11.21,-1.65,-14.719,237134.74,227461.759
300373.SZ,20240820,38.1,38.25,37.44,37.65,38.21,-0.56,-1.4656,53227.0,200537.479
300374.SZ,20240820,13.39,13.97,13.3,13.58,13.26,0.32,2.4133,122284.4,166782.511
300375.SZ,20240820,3.98,4.0,3.88,3.89,4.0,-0.11,-2.75,129902.0,50908.192
300376.SZ,20240820,2.39,2.45,2.34,2.43,2.42,0.01,0.4132,222477.33,53145.228
300377.SZ,20240820,5.9,5.92,5.68,5.71,5.99,-0.28,-4.6745,343375.0,197649.333
300378.SZ,20240820,16.22,16.28,15.87,15.96,16.25,-0.29,-1.7846,55405.71,88641.182
300379.SZ,20240820,9.2,9.5,8.93,9.01,9.43,-0.42,-4.4539,884850.86,805431.177
300380.SZ,20240820,16.66,16.88,16.5,16.54,16.9,-0.36,-2.1302,36332.0,60528.849
300381.SZ,20240820,5.98,6.01,5.83,5.88,5.99,-0.11,-1.8364,68971.0,40703.733
300382.SZ,20240820,5.19,5.21,5.04,5.08,5.19,-0.11,-2.1195,50577.43,25763.195
300383.SZ,20240820,8.01,8.05,7.91,7.93,8.04,-0.11,-1.3682,104146.4,82954.137
300384.SZ,20240820,11.96,11.97,11.52,11.62,11.98,-0.36,-3.005,26486.9,31103.695
300385.SZ,20240820,4.12,4.12,3.84,3.97,4.17,-0.2,-4.7962,194432.0,76581.925
300386.SZ,20240820,8.6,9.19,8.29,8.81,8.78,0.03,0.3417,318113.04,276681.593
300387.SZ,20240820,6.16,6.28,6.04,6.09,6.28,-0.19,-3.0255,120261.1,73968.232
300388.SZ,20240820,5.78,5.8,5.68,5.7,5.79,-0.09,-1.5544,28690.2,16397.089
300389.SZ,20240820,9.74,9.8,9.51,9.58,9.78,-0.2,-2.045,39763.9,38204.423
300390.SZ,20240820,16.43,16.86,16.07,16.11,16.33,-0.22,-1.3472,97994.39,161247.893
300391.SZ,20240820,3.71,3.74,3.57,3.59,3.74,-0.15,-4.0107,175106.31,63474.867
300393.SZ,20240820,5.49,5.54,5.35,5.38,5.49,-0.11,-2.0036,84349.67,45822.404
300394.SZ,20240820,90.6,90.88,86.65,87.05,89.3,-2.25,-2.5196,124483.69,1099748.272
300395.SZ,20240820,29.36,29.53,28.76,28.95,29.4,-0.45,-1.5306,38904.51,112613.855
300396.SZ,20240820,16.81,16.81,16.11,16.19,16.85,-0.66,-3.9169,79690.29,130524.289
300397.SZ,20240820,8.63,8.64,8.41,8.47,8.66,-0.19,-2.194,61024.8,51859.333
300398.SZ,20240820,11.72,11.75,11.34,11.36,11.78,-0.42,-3.5654,103115.01,118510.533
300399.SZ,20240820,10.63,10.72,10.31,10.57,10.73,-0.16,-1.4911,155096.33,163020.108
300400.SZ,20240820,12.09,13.21,12.01,12.57,12.6,-0.03,-0.2381,171488.0,215431.509
300401.SZ,20240820,14.56,14.78,14.25,14.36,14.3,0.06,0.4196,294994.46,427190.569
300402.SZ,20240820,13.88,14.4,13.17,13.28,13.34,-0.06,-0.4498,115248.41,158246.103
300403.SZ,20240820,6.63,6.77,6.42,6.72,6.63,0.09,1.3575,207704.29,136707.942
300404.SZ,20240820,7.51,7.58,7.3,7.31,7.55,-0.24,-3.1788,66292.3,48965.516
300405.SZ,20240820,3.77,3.91,3.73,3.78,3.81,-0.03,-0.7874,96521.9,36923.712
300406.SZ,20240820,13.51,13.6,13.08,13.24,13.62,-0.38,-2.79,53337.82,70690.004
300407.SZ,20240820,8.3,8.47,7.98,8.03,8.34,-0.31,-3.717,108209.16,88588.341
300408.SZ,20240820,30.36,30.72,30.03,30.3,30.34,-0.04,-0.1318,65621.97,198918.066
300409.SZ,20240820,8.88,9.05,8.66,8.67,8.82,-0.15,-1.7007,90673.0,80049.648
300410.SZ,20240820,5.16,5.33,5.06,5.28,5.2,0.08,1.5385,388272.92,202495.968
300411.SZ,20240820,10.81,11.09,10.55,10.67,10.7,-0.03,-0.2804,201048.5,217335.525
300412.SZ,20240820,3.38,3.52,3.29,3.31,3.48,-0.17,-4.8851,351375.9,118260.302
300413.SZ,20240820,20.43,20.6,20.1,20.17,20.43,-0.26,-1.2726,69183.62,140428.402
300414.SZ,20240820,6.62,6.66,6.42,6.47,6.63,-0.16,-2.4133,39135.75,25479.495
300415.SZ,20240820,16.97,17.08,16.32,16.75,16.97,-0.22,-1.2964,52380.9,87019.526
300416.SZ,20240820,11.33,11.33,10.85,10.87,11.61,-0.74,-6.3738,197880.77,218578.868
300417.SZ,20240820,8.21,8.22,7.93,7.98,8.08,-0.1,-1.2376,30071.0,24156.363
300418.SZ,20240820,28.89,29.3,27.9,28.05,29.18,-1.13,-3.8725,477334.26,1356146.576
300419.SZ,20240820,4.69,4.7,4.51,4.54,4.67,-0.13,-2.7837,112262.0,51252.6
300420.SZ,20240820,2.35,2.35,2.28,2.3,2.35,-0.05,-2.1277,187684.2,43238.011
300421.SZ,20240820,8.39,8.67,8.16,8.66,8.35,0.31,3.7126,128749.4,108511.133
300422.SZ,20240820,4.37,4.6,4.36,4.45,4.39,0.06,1.3667,163453.24,73216.637
300423.SZ,20240820,5.31,5.31,5.13,5.17,5.34,-0.17,-3.1835,108132.19,56250.644
300424.SZ,20240820,12.35,12.45,11.9,11.97,12.36,-0.39,-3.1553,108745.96,131351.508
300425.SZ,20240820,4.13,4.14,4.02,4.04,4.13,-0.09,-2.1792,69000.0,27978.31
300426.SZ,20240820,7.5,7.73,7.41,7.54,7.57,-0.03,-0.3963,96230.5,72630.705
300427.SZ,20240820,4.08,4.16,4.02,4.06,4.05,0.01,0.2469,46126.8,18826.976
300428.SZ,20240820,15.9,16.1,15.58,15.63,15.91,-0.28,-1.7599,30705.0,48303.4
300429.SZ,20240820,10.3,10.41,9.98,10.01,10.37,-0.36,-3.4716,149523.44,151681.847
300430.SZ,20240820,11.28,11.42,10.89,10.99,11.28,-0.29,-2.5709,96229.0,106644.511
300432.SZ,20240820,6.4,6.47,6.23,6.27,6.4,-0.13,-2.0313,168994.37,107250.372
300433.SZ,20240820,17.0,17.19,16.82,17.01,17.0,0.01,0.0588,188317.72,319798.497
300434.SZ,20240820,7.77,7.79,7.56,7.58,7.78,-0.2,-2.5707,24201.0,18497.234
300435.SZ,20240820,10.41,10.47,10.11,10.2,10.41,-0.21,-2.0173,20343.0,20804.911
300436.SZ,20240820,22.72,24.5,22.16,23.18,23.0,0.18,0.7826,166384.14,386018.549
300437.SZ,20240820,8.57,8.7,8.3,8.33,8.59,-0.26,-3.0268,29013.0,24689.725
300438.SZ,20240820,16.75,16.95,16.36,16.41,16.72,-0.31,-1.8541,59173.0,98300.077
300439.SZ,20240820,9.4,9.46,9.12,9.17,9.46,-0.29,-3.0655,58757.9,54409.656
300440.SZ,20240820,5.16,5.16,5.0,5.02,5.13,-0.11,-2.1442,52510.58,26542.927
300441.SZ,20240820,6.17,6.23,5.99,5.99,6.16,-0.17,-2.7597,89457.4,54233.245
300442.SZ,20240820,22.76,22.79,22.11,22.23,22.75,-0.52,-2.2857,155118.18,346742.101
300443.SZ,20240820,15.05,15.08,14.66,14.76,15.02,-0.26,-1.731,30380.29,45097.324
300444.SZ,20240820,5.7,5.71,5.48,5.56,5.92,-0.36,-6.0811,268681.61,149786.78
300445.SZ,20240820,14.72,14.81,14.21,14.29,14.77,-0.48,-3.2498,16378.0,23596.654
300446.SZ,20240820,12.72,12.78,12.38,12.45,12.72,-0.27,-2.1226,113053.51,141291.844
300447.SZ,20240820,11.89,11.95,11.55,11.58,11.86,-0.28,-2.3609,33657.0,39317.159
300448.SZ,20240820,4.88,4.96,4.74,4.77,4.88,-0.11,-2.2541,346839.9,166947.645
300449.SZ,20240820,4.61,4.84,4.56,4.74,4.61,0.13,2.82,154664.8,72870.109
300450.SZ,20240820,15.55,15.67,15.22,15.24,15.54,-0.3,-1.9305,101619.26,156449.483
300451.SZ,20240820,3.35,3.37,3.24,3.26,3.36,-0.1,-2.9762,342248.41,112363.184
300452.SZ,20240820,11.1,11.13,10.83,10.86,11.13,-0.27,-2.4259,20266.9,22213.928
300453.SZ,20240820,6.5,6.52,6.27,6.28,6.41,-0.13,-2.0281,45084.4,28579.104
300454.SZ,20240820,47.35,47.66,46.52,46.63,47.41,-0.78,-1.6452,12827.0,60183.448
300455.SZ,20240820,11.35,11.44,11.13,11.17,11.39,-0.22,-1.9315,109567.24,123081.664
300456.SZ,20240820,16.29,16.55,15.8,16.09,16.56,-0.47,-2.8382,399721.82,644664.432
300457.SZ,20240820,14.53,14.7,14.35,14.7,14.45,0.25,1.7301,111346.85,161680.479
300458.SZ,20240820,24.22,24.48,23.98,24.28,24.04,0.24,0.9983,173351.32,419440.657
300459.SZ,20240820,3.53,3.65,3.49,3.6,3.55,0.05,1.4085,1801228.92,645957.23
300460.SZ,20240820,10.56,11.46,10.56,10.89,11.59,-0.7,-6.0397,496726.4,543480.955
300461.SZ,20240820,17.85,18.0,16.72,16.93,17.92,-0.99,-5.5246,111415.03,191069.294
300462.SZ,20240820,9.58,9.68,9.02,9.13,9.69,-0.56,-5.7792,191112.68,175930.471
300463.SZ,20240820,12.13,12.15,11.88,11.93,12.1,-0.17,-1.405,105137.99,126113.815
300464.SZ,20240820,3.77,3.83,3.66,3.76,3.9,-0.14,-3.5897,199287.0,74412.737
300465.SZ,20240820,7.71,7.95,7.4,7.78,8.24,-0.46,-5.5825,623423.03,481220.502
300466.SZ,20240820,6.2,6.68,6.02,6.05,6.03,0.02,0.3317,267191.05,167697.406
300467.SZ,20240820,13.66,15.27,13.53,14.28,13.53,0.75,5.5432,245827.35,353868.754
300468.SZ,20240820,9.99,10.38,9.4,9.55,9.5,0.05,0.5263,1178910.17,1175660.333
300469.SZ,20240820,11.03,11.51,10.81,11.25,11.02,0.23,2.0871,202519.56,226505.14
300470.SZ,20240820,30.05,30.48,29.23,29.4,29.72,-0.32,-1.0767,10951.99,32555.246
300471.SZ,20240820,8.63,9.19,8.25,8.89,8.64,0.25,2.8935,177622.77,154119.935
300472.SZ,20240820,5.49,5.96,5.35,5.7,5.53,0.17,3.0741,446487.5,254580.147
300473.SZ,20240820,15.5,16.24,15.36,15.61,15.74,-0.13,-0.8259,65196.33,103124.798
300474.SZ,20240820,59.92,60.23,57.76,57.78,59.91,-2.13,-3.5553,49806.0,290784.58
300475.SZ,20240820,25.89,25.99,25.07,25.25,25.89,-0.64,-2.472,55111.0,140136.749
300476.SZ,20240820,35.0,35.58,33.86,34.2,34.68,-0.48,-1.3841,243351.91,840846.937
300477.SZ,20240820,2.54,2.62,2.44,2.51,2.53,-0.02,-0.7905,437442.88,109868.142
300478.SZ,20240820,8.49,9.5,8.49,9.04,7.92,1.12,14.1414,252878.32,231696.939
300479.SZ,20240820,14.32,14.37,14.05,14.08,14.43,-0.35,-2.4255,30260.0,42884.921
300480.SZ,20240820,13.14,13.17,12.63,12.67,13.19,-0.52,-3.9424,57920.48,74262.246
300481.SZ,20240820,12.62,12.69,12.18,12.25,12.58,-0.33,-2.6232,34197.0,42404.824
300482.SZ,20240820,22.98,23.03,21.85,22.18,23.14,-0.96,-4.1487,112197.0,249850.672
300483.SZ,20240820,7.33,7.36,7.14,7.22,7.33,-0.11,-1.5007,28333.88,20461.645
300484.SZ,20240820,12.29,12.42,11.96,12.01,12.33,-0.32,-2.5953,57380.0,69531.621
300485.SZ,20240820,6.75,6.75,6.57,6.6,6.75,-0.15,-2.2222,35666.0,23673.015
300486.SZ,20240820,5.42,5.5,5.32,5.44,5.48,-0.04,-0.7299,174341.6,94110.607
300487.SZ,20240820,38.85,38.9,38.22,38.23,38.68,-0.45,-1.1634,9342.2,35876.565
300488.SZ,20240820,19.36,19.49,19.17,19.26,19.5,-0.24,-1.2308,3978.0,7668.128
300489.SZ,20240820,18.99,19.24,18.75,19.1,18.86,0.24,1.2725,13480.0,25645.734
300490.SZ,20240820,7.71,7.73,7.33,7.41,7.78,-0.37,-4.7558,161612.0,121137.041
300491.SZ,20240820,13.39,13.45,12.97,13.05,13.41,-0.36,-2.6846,24197.0,31813.885
300492.SZ,20240820,70.01,71.05,69.2,69.88,70.22,-0.34,-0.4842,4368.0,30443.994
300493.SZ,20240820,8.59,8.84,8.49,8.65,8.55,0.1,1.1696,166527.09,144303.545
300494.SZ,20240820,10.16,10.7,9.87,10.43,10.26,0.17,1.6569,583515.11,598387.842
300496.SZ,20240820,39.84,40.0,38.91,39.07,40.05,-0.98,-2.4469,76512.0,301355.837
300497.SZ,20240820,8.23,8.46,8.15,8.18,8.37,-0.19,-2.27,66128.78,54424.511
300498.SZ,20240820,19.14,19.16,18.25,18.42,19.13,-0.71,-3.7114,538564.08,998244.616
300499.SZ,20240820,10.92,11.01,10.74,10.89,10.88,0.01,0.0919,53644.5,58329.193
300500.SZ,20240820,9.75,9.95,9.67,9.95,9.78,0.17,1.7382,38180.0,37488.072
300501.SZ,20240820,11.02,11.28,10.98,11.21,11.01,0.2,1.8165,26733.0,29773.883
300502.SZ,20240820,101.64,102.53,99.35,99.89,99.6,0.29,0.2912,172265.19,1736130.026
300503.SZ,20240820,13.0,13.36,12.78,13.36,13.16,0.2,1.5198,161594.13,209909.345
300504.SZ,20240820,13.0,15.3,13.0,14.31,16.0,-1.69,-10.5625,307858.95,438242.057
300505.SZ,20240820,11.26,11.44,10.95,11.07,11.24,-0.17,-1.5125,56666.9,63394.907
300506.SZ,20240820,1.8,1.81,1.62,1.67,1.78,-0.11,-6.1798,110157.7,18796.533
300507.SZ,20240820,5.68,5.68,5.3,5.39,5.7,-0.31,-5.4386,304184.06,166251.471
300508.SZ,20240820,20.4,20.45,19.81,19.96,20.42,-0.46,-2.2527,13551.22,27145.795
300509.SZ,20240820,4.65,4.69,4.5,4.52,4.65,-0.13,-2.7957,28222.0,12885.327
300510.SZ,20240820,3.42,3.46,3.32,3.33,3.43,-0.1,-2.9155,105878.12,35674.752
300511.SZ,20240820,3.41,3.53,3.25,3.32,3.66,-0.34,-9.2896,875892.9,293997.331
300512.SZ,20240820,5.92,6.08,5.9,5.93,5.99,-0.06,-1.0017,37721.91,22494.904
300513.SZ,20240820,7.32,7.36,7.1,7.13,7.32,-0.19,-2.5956,32297.24,23218.98
300514.SZ,20240820,12.21,12.29,11.82,11.94,12.22,-0.28,-2.2913,30664.0,36785.923
300515.SZ,20240820,9.22,9.25,8.97,9.02,9.22,-0.2,-2.1692,14015.0,12700.157
300516.SZ,20240820,30.0,30.01,28.7,28.95,29.8,-0.85,-2.8523,20957.0,61255.743
300517.SZ,20240820,8.74,8.89,8.37,8.42,8.69,-0.27,-3.107,45795.43,39173.328
300518.SZ,20240820,9.5,11.22,9.42,11.22,9.35,1.87,20.0,319315.94,342934.121
300519.SZ,20240820,12.18,12.18,11.75,11.94,12.12,-0.18,-1.4851,33485.0,39957.753
300520.SZ,20240820,15.14,15.2,14.88,14.93,15.38,-0.45,-2.9259,57775.52,86624.259
300521.SZ,20240820,10.87,10.87,10.27,10.33,10.49,-0.16,-1.5253,9632.2,10007.031
300522.SZ,20240820,9.44,9.51,9.29,9.32,9.39,-0.07,-0.7455,20925.1,19622.622
300523.SZ,20240820,15.55,15.63,15.06,15.07,15.55,-0.48,-3.0868,10956.0,16669.448
300525.SZ,20240820,11.56,11.56,11.17,11.22,11.48,-0.26,-2.2648,43046.46,48494.224
300527.SZ,20240820,6.58,6.61,6.42,6.45,6.57,-0.12,-1.8265,56989.98,36863.323
300528.SZ,20240820,6.83,7.29,6.71,7.15,6.88,0.27,3.9244,171580.6,120307.004
300529.SZ,20240820,25.72,25.81,25.44,25.57,25.8,-0.23,-0.8915,46577.96,119471.85
300530.SZ,20240820,15.06,15.48,14.94,15.21,15.05,0.16,1.0631,12875.0,19637.439
300531.SZ,20240820,11.28,12.54,11.27,11.83,11.97,-0.14,-1.1696,346278.1,410341.006
300532.SZ,20240820,13.79,14.59,13.59,14.0,12.58,1.42,11.2878,330199.47,463760.176
300533.SZ,20240820,16.56,17.26,16.28,16.36,16.83,-0.47,-2.7926,195804.0,328677.079
300534.SZ,20240820,7.73,7.79,7.51,7.55,7.73,-0.18,-2.3286,68686.0,52267.06
300535.SZ,20240820,11.28,11.35,10.82,10.97,11.26,-0.29,-2.5755,13738.0,15152.907
300536.SZ,20240820,5.75,5.89,5.51,5.75,5.73,0.02,0.349,45942.0,26355.229
300537.SZ,20240820,15.16,15.16,14.86,14.92,15.1,-0.18,-1.1921,42356.52,63543.822
300538.SZ,20240820,13.98,14.16,13.7,13.94,14.08,-0.14,-0.9943,57056.0,79382.989
300539.SZ,20240820,7.97,8.0,7.7,7.87,8.12,-0.25,-3.0788,64323.4,50397.764
300540.SZ,20240820,19.01,19.38,18.79,19.36,19.01,0.35,1.8411,16177.0,30866.258
300541.SZ,20240820,8.59,8.65,8.33,8.36,8.7,-0.34,-3.908,196578.78,165790.356
300542.SZ,20240820,12.62,12.65,12.14,12.31,13.25,-0.94,-7.0943,227932.31,281964.309
300543.SZ,20240820,7.35,7.64,7.17,7.63,7.31,0.32,4.3776,153763.12,114309.891
300545.SZ,20240820,22.1,22.44,21.69,21.84,22.16,-0.32,-1.444,31973.0,70344.281
300546.SZ,20240820,11.23,11.38,11.01,11.11,11.43,-0.32,-2.7997,58801.06,65577.301
300547.SZ,20240820,14.03,14.08,13.62,13.76,14.09,-0.33,-2.3421,44258.58,61065.707
300548.SZ,20240820,18.35,18.7,18.13,18.2,18.52,-0.32,-1.7279,84715.7,155911.094
300549.SZ,20240820,13.58,13.75,13.35,13.7,13.6,0.1,0.7353,30982.0,41887.448
300550.SZ,20240820,11.35,11.56,11.09,11.18,11.4,-0.22,-1.9298,43031.88,48577.591
300551.SZ,20240820,6.78,6.99,6.51,6.65,6.78,-0.13,-1.9174,257429.45,171939.382
300552.SZ,20240820,28.28,28.54,27.77,27.88,28.28,-0.4,-1.4144,59127.0,165771.574
300553.SZ,20240820,20.4,20.59,19.88,20.0,20.48,-0.48,-2.3438,13160.71,26461.544
300554.SZ,20240820,21.67,21.97,21.12,21.21,21.73,-0.52,-2.393,33115.2,71116.737
300555.SZ,20240820,6.09,6.16,6.07,6.1,6.1,0.0,0.0,4156.5,2528.779
300556.SZ,20240820,17.42,19.39,16.77,18.19,16.83,1.36,8.0808,229973.09,411476.703
300557.SZ,20240820,23.5,23.5,22.75,22.9,23.16,-0.26,-1.1226,10287.88,23585.021
300558.SZ,20240820,34.65,35.3,34.31,35.1,34.74,0.36,1.0363,57346.07,200632.611
300559.SZ,20240820,8.35,8.49,8.19,8.39,8.44,-0.05,-0.5924,70832.0,58989.94
300560.SZ,20240820,11.11,11.2,10.86,10.95,11.21,-0.26,-2.3194,95420.0,104830.465
300561.SZ,20240820,8.18,8.22,8.05,8.09,8.23,-0.14,-1.7011,71377.0,57872.758
300562.SZ,20240820,9.0,9.07,8.77,8.84,8.98,-0.14,-1.559,64718.0,57199.362
300563.SZ,20240820,38.15,38.32,36.79,36.8,37.46,-0.66,-1.7619,160208.7,598195.318
300564.SZ,20240820,8.81,9.39,8.81,9.05,8.9,0.15,1.6854,125408.29,113627.489
300565.SZ,20240820,11.18,11.54,11.13,11.26,11.3,-0.04,-0.354,80740.0,91376.904
300566.SZ,20240820,14.97,15.31,14.93,15.0,15.03,-0.03,-0.1996,81477.73,122956.379
300567.SZ,20240820,54.96,54.96,53.32,53.48,54.98,-1.5,-2.7283,23625.54,126965.474
300568.SZ,20240820,7.48,7.58,7.31,7.32,7.47,-0.15,-2.008,104515.7,77460.212
300569.SZ,20240820,4.16,4.18,4.07,4.09,4.16,-0.07,-1.6827,65175.26,26762.316
300570.SZ,20240820,30.4,30.43,29.38,29.5,30.11,-0.61,-2.0259,45831.0,136474.25
300571.SZ,20240820,20.22,20.38,19.81,20.19,20.14,0.05,0.2483,17816.0,35816.463
300572.SZ,20240820,13.05,13.05,12.53,12.65,12.95,-0.3,-2.3166,38378.0,48760.139
300573.SZ,20240820,101.35,102.89,98.0,99.3,101.65,-2.35,-2.3119,63694.37,638677.947
300575.SZ,20240820,5.85,5.86,5.66,5.7,5.85,-0.15,-2.5641,20195.5,11619.808
300576.SZ,20240820,33.78,33.92,32.75,32.91,33.78,-0.87,-2.5755,64600.16,214521.061
300577.SZ,20240820,17.9,18.11,17.76,17.82,18.05,-0.23,-1.2742,4346.0,7790.288
300578.SZ,20240820,14.51,14.92,14.34,14.55,14.51,0.04,0.2757,64464.53,94374.524
300579.SZ,20240820,20.03,20.2,19.31,19.35,20.17,-0.82,-4.0654,42867.38,83768.115
300580.SZ,20240820,14.4,14.63,14.11,14.48,14.4,0.08,0.5556,110944.0,159267.747
300581.SZ,20240820,7.43,7.49,7.23,7.27,7.5,-0.23,-3.0667,65434.48,47876.451
300582.SZ,20240820,8.47,8.59,8.35,8.4,8.45,-0.05,-0.5917,45756.0,38674.132
300583.SZ,20240820,13.53,13.77,12.8,12.99,13.56,-0.57,-4.2035,72561.19,95640.131
300584.SZ,20240820,19.5,25.5,19.5,22.53,23.9,-1.37,-5.7322,204588.37,461086.639
300585.SZ,20240820,12.35,12.95,12.18,12.78,12.35,0.43,3.4818,161403.0,204024.795
300586.SZ,20240820,5.77,5.9,5.67,5.71,5.78,-0.07,-1.2111,54461.63,31424.275
300587.SZ,20240820,3.75,3.8,3.66,3.68,3.75,-0.07,-1.8667,92588.15,34377.661
300588.SZ,20240820,8.03,8.07,7.81,7.88,8.03,-0.15,-1.868,26937.0,21321.945
300589.SZ,20240820,11.3,11.34,11.17,11.24,11.33,-0.09,-0.7944,35050.6,39356.899
300590.SZ,20240820,10.78,10.81,10.46,10.53,10.75,-0.22,-2.0465,79801.6,84579.019
300591.SZ,20240820,3.2,3.22,3.0,3.07,3.23,-0.16,-4.9536,290272.69,89758.179
300592.SZ,20240820,11.2,11.44,10.99,11.02,11.25,-0.23,-2.0444,54581.4,61004.617
300593.SZ,20240820,9.52,9.53,9.26,9.33,9.45,-0.12,-1.2698,42402.89,39697.533
300594.SZ,20240820,14.37,14.47,13.75,13.81,14.45,-0.64,-4.4291,38950.65,54594.41
300595.SZ,20240820,15.07,15.11,14.5,14.54,15.07,-0.53,-3.5169,91567.25,134823.749
300596.SZ,20240820,22.8,23.71,22.63,23.08,23.0,0.08,0.3478,43264.34,100869.839
300597.SZ,20240820,7.12,7.33,7.03,7.16,7.14,0.02,0.2801,85289.0,61235.27
300598.SZ,20240820,28.8,29.07,28.17,28.25,29.2,-0.95,-3.2534,59374.55,168952.059
300599.SZ,20240820,5.1,5.16,4.97,5.01,5.17,-0.16,-3.0948,86585.77,43661.222
300600.SZ,20240820,5.63,5.66,5.56,5.6,5.61,-0.01,-0.1783,24128.98,13533.596
300601.SZ,20240820,14.9,14.95,14.5,14.53,14.93,-0.4,-2.6792,81264.82,119259.794
300602.SZ,20240820,14.58,15.28,14.58,14.99,14.88,0.11,0.7392,305387.62,455058.95
300603.SZ,20240820,7.29,7.29,7.09,7.14,7.29,-0.15,-2.0576,60599.05,43301.807
300604.SZ,20240820,30.63,30.75,29.6,29.78,30.63,-0.85,-2.7751,130892.43,391597.798
300605.SZ,20240820,9.95,9.98,9.64,9.68,9.95,-0.27,-2.7136,53600.04,52411.223
300606.SZ,20240820,17.29,17.87,16.9,16.94,17.45,-0.51,-2.9226,47306.5,81583.318
300607.SZ,20240820,11.6,11.65,11.35,11.38,11.7,-0.32,-2.735,45253.47,51742.934
300608.SZ,20240820,8.66,8.75,8.39,8.43,8.7,-0.27,-3.1034,43603.5,37138.804
300609.SZ,20240820,21.33,22.47,21.28,22.13,22.03,0.1,0.4539,69636.51,153158.389
300610.SZ,20240820,8.53,8.81,8.4,8.45,8.49,-0.04,-0.4711,50909.7,43872.785
300611.SZ,20240820,8.4,8.4,8.04,8.07,8.41,-0.34,-4.0428,56601.22,46150.809
300612.SZ,20240820,13.4,13.84,13.3,13.5,13.49,0.01,0.0741,50281.74,68148.595
300613.SZ,20240820,36.56,36.78,36.03,36.15,36.38,-0.23,-0.6322,33955.0,123433.691
300614.SZ,20240820,8.69,8.79,8.46,8.51,8.69,-0.18,-2.0713,21048.94,18118.788
300615.SZ,20240820,10.43,10.56,10.15,10.26,10.55,-0.29,-2.7488,111212.18,114832.061
300616.SZ,20240820,10.01,10.03,9.63,9.73,10.04,-0.31,-3.0876,32784.0,32064.029
300617.SZ,20240820,23.81,23.94,22.1,22.93,23.76,-0.83,-3.4933,24868.99,56560.846
300618.SZ,20240820,23.36,24.24,23.05,23.23,23.32,-0.09,-0.3859,76681.27,181717.545
300619.SZ,20240820,17.31,19.5,17.3,18.36,17.3,1.06,6.1272,68246.17,125957.375
300620.SZ,20240820,33.35,35.0,33.08,33.16,32.68,0.48,1.4688,90754.66,307756.263
300621.SZ,20240820,7.39,7.48,7.22,7.29,7.46,-0.17,-2.2788,21326.0,15583.945
300622.SZ,20240820,32.3,34.15,29.68,30.43,33.62,-3.19,-9.4884,510659.88,1623568.958
300623.SZ,20240820,18.29,18.48,18.07,18.3,18.32,-0.02,-0.1092,117014.0,213451.816
300624.SZ,20240820,42.77,43.17,41.97,42.02,42.81,-0.79,-1.8454,44496.07,188500.302
300625.SZ,20240820,10.52,10.62,10.31,10.36,10.6,-0.24,-2.2642,21446.0,22353.424
300626.SZ,20240820,7.73,7.78,7.48,7.55,7.73,-0.18,-2.3286,37137.0,28172.455
300627.SZ,20240820,27.85,27.95,27.36,27.74,27.89,-0.15,-0.5378,43495.0,119963.648
300628.SZ,20240820,32.66,32.9,32.36,32.54,32.7,-0.16,-0.4893,21107.4,68675.51
300629.SZ,20240820,16.51,16.65,16.35,16.52,16.5,0.02,0.1212,21460.49,35410.89
300630.SZ,20240820,10.88,13.23,10.88,12.15,11.58,0.57,4.9223,904025.42,1093811.947
300631.SZ,20240820,16.0,16.19,15.64,15.74,16.07,-0.33,-2.0535,12950.37,20532.509
300632.SZ,20240820,9.82,10.88,9.75,10.07,9.87,0.2,2.0263,134870.16,137887.592
300633.SZ,20240820,32.78,32.88,31.94,32.37,32.88,-0.51,-1.5511,29308.99,94358.309
300634.SZ,20240820,13.86,13.97,13.35,13.42,13.86,-0.44,-3.1746,73077.75,99039.484
300635.SZ,20240820,7.49,7.6,7.3,7.33,7.52,-0.19,-2.5266,24888.42,18467.639
300636.SZ,20240820,8.32,8.44,8.12,8.2,8.35,-0.15,-1.7964,17098.5,14080.686
300637.SZ,20240820,8.77,8.85,8.52,8.59,8.79,-0.2,-2.2753,94207.54,81379.314
300638.SZ,20240820,11.67,11.74,11.32,11.36,11.67,-0.31,-2.6564,139283.61,159288.089
300639.SZ,20240820,6.37,7.25,6.37,6.69,6.68,0.01,0.1497,642155.14,439934.932
300640.SZ,20240820,4.01,4.06,3.85,3.89,3.99,-0.1,-2.5063,51636.0,20498.902
300641.SZ,20240820,19.59,20.65,19.11,19.85,19.41,0.44,2.2669,521883.66,1043604.665
300642.SZ,20240820,13.48,15.19,13.34,13.92,15.15,-1.23,-8.1188,158652.64,224313.083
300643.SZ,20240820,10.98,11.03,10.74,10.83,11.03,-0.2,-1.8132,36965.0,40128.943
300644.SZ,20240820,17.38,17.58,16.93,17.01,17.43,-0.42,-2.4096,28510.0,48910.209
300645.SZ,20240820,11.81,11.9,11.53,11.61,11.93,-0.32,-2.6823,32211.0,37687.337
300647.SZ,20240820,4.98,5.95,4.98,5.95,4.96,0.99,19.9597,611652.41,346723.912
300648.SZ,20240820,15.93,15.93,15.39,15.39,15.74,-0.35,-2.2236,9259.0,14424.473
300649.SZ,20240820,9.88,9.91,9.6,9.64,9.91,-0.27,-2.7245,16893.79,16375.444
300650.SZ,20240820,9.43,9.49,9.24,9.31,9.46,-0.15,-1.5856,44294.3,41425.936
300651.SZ,20240820,11.27,11.32,10.96,11.04,11.3,-0.26,-2.3009,17142.58,19015.449
300652.SZ,20240820,17.82,17.89,17.48,17.6,17.82,-0.22,-1.2346,7355.0,12950.918
300653.SZ,20240820,20.43,20.43,19.65,19.78,20.43,-0.65,-3.1816,37188.45,73925.07
300654.SZ,20240820,8.2,8.38,8.11,8.34,8.3,0.04,0.4819,127071.87,104765.228
300655.SZ,20240820,6.69,6.71,6.44,6.47,6.7,-0.23,-3.4328,88280.76,57858.492
300656.SZ,20240820,20.6,20.6,20.02,20.3,20.89,-0.59,-2.8243,63694.77,128846.852
300657.SZ,20240820,13.69,14.14,13.48,13.57,13.55,0.02,0.1476,116006.0,160009.038
300658.SZ,20240820,4.28,4.3,4.13,4.16,4.28,-0.12,-2.8037,27051.4,11347.804
300659.SZ,20240820,12.18,12.2,11.78,11.86,12.16,-0.3,-2.4671,25541.0,30383.006
300660.SZ,20240820,23.52,23.71,22.83,23.16,23.57,-0.41,-1.7395,34148.6,78917.975
300661.SZ,20240820,68.96,69.0,66.88,67.2,68.95,-1.75,-2.5381,19051.37,128699.177
300662.SZ,20240820,13.73,13.9,13.08,13.16,13.76,-0.6,-4.3605,52029.55,69519.229
300663.SZ,20240820,9.8,9.85,9.48,9.52,9.99,-0.47,-4.7047,171054.67,164127.732
300664.SZ,20240820,4.44,4.45,4.34,4.36,4.45,-0.09,-2.0225,38650.5,16920.213
300665.SZ,20240820,5.53,6.35,5.43,5.71,5.6,0.11,1.9643,303994.9,179146.018
300666.SZ,20240820,49.81,50.0,48.2,48.58,49.57,-0.99,-1.9972,31941.73,156154.653
300667.SZ,20240820,13.56,13.77,13.45,13.55,13.56,-0.01,-0.0737,25510.0,34674.248
300668.SZ,20240820,16.6,16.61,15.94,16.13,16.41,-0.28,-1.7063,5642.0,9102.855
300669.SZ,20240820,11.99,12.03,11.87,11.94,12.03,-0.09,-0.7481,5033.75,6007.952
300670.SZ,20240820,5.06,5.09,4.9,4.95,5.06,-0.11,-2.1739,53560.4,26668.97
300671.SZ,20240820,27.64,27.86,27.21,27.35,27.55,-0.2,-0.726,38568.69,106289.648
300672.SZ,20240820,50.34,50.45,47.83,48.0,50.23,-2.23,-4.4396,53528.0,261208.212
300673.SZ,20240820,11.88,12.05,11.61,11.65,11.97,-0.32,-2.6734,15842.28,18609.255
300674.SZ,20240820,10.36,10.45,9.97,10.0,10.5,-0.5,-4.7619,103686.72,105197.2
300675.SZ,20240820,12.07,12.09,11.41,11.56,12.22,-0.66,-5.401,98709.0,115691.878
300676.SZ,20240820,36.71,37.02,36.11,36.12,36.71,-0.59,-1.6072,20614.61,75163.853
300677.SZ,20240820,26.4,26.46,25.85,26.17,26.42,-0.25,-0.9463,65887.86,172260.569
300678.SZ,20240820,23.09,23.09,22.38,22.39,23.09,-0.7,-3.0316,40425.0,91374.092
300679.SZ,20240820,31.21,31.36,30.81,31.05,31.2,-0.15,-0.4808,26544.55,82426.418
300680.SZ,20240820,17.8,18.12,16.94,17.07,17.83,-0.76,-4.2625,89677.0,156499.913
300681.SZ,20240820,12.19,12.29,11.87,11.93,12.22,-0.29,-2.3732,23249.62,27870.0
300682.SZ,20240820,7.99,8.0,7.6,7.75,8.02,-0.27,-3.3666,187066.53,144738.478
300683.SZ,20240820,23.28,23.39,22.48,22.65,23.53,-0.88,-3.7399,15580.0,35540.724
300684.SZ,20240820,14.81,15.17,14.7,14.78,14.92,-0.14,-0.9383,49101.32,72929.633
300685.SZ,20240820,18.68,18.71,17.92,18.0,18.67,-0.67,-3.5886,32550.09,59142.651
300686.SZ,20240820,6.88,7.29,6.83,6.98,6.94,0.04,0.5764,114593.0,80823.25
300687.SZ,20240820,12.02,12.08,11.63,11.66,12.1,-0.44,-3.6364,55016.8,64969.642
300688.SZ,20240820,23.51,23.78,23.02,23.13,23.78,-0.65,-2.7334,18598.0,43236.32
300689.SZ,20240820,14.11,14.88,14.11,14.61,14.25,0.36,2.5263,43250.6,62744.689
300690.SZ,20240820,17.73,18.08,17.33,17.42,18.37,-0.95,-5.1715,84562.05,148265.011
300691.SZ,20240820,16.33,16.56,15.4,15.5,16.9,-1.4,-8.284,180775.31,288581.64
300692.SZ,20240820,4.54,4.56,4.42,4.44,4.58,-0.14,-3.0568,35870.16,16026.117
300693.SZ,20240820,19.54,19.63,19.0,19.07,19.57,-0.5,-2.5549,51534.48,98996.897
300694.SZ,20240820,8.4,8.43,8.19,8.21,8.43,-0.22,-2.6097,21380.0,17674.589
300695.SZ,20240820,37.15,39.44,37.0,38.38,37.75,0.63,1.6689,14107.45,53635.354
300696.SZ,20240820,12.65,12.72,12.37,12.49,12.69,-0.2,-1.576,37334.2,46661.497
300697.SZ,20240820,9.9,9.9,9.57,9.6,9.91,-0.31,-3.1282,36317.24,35218.674
300698.SZ,20240820,33.8,34.39,33.51,33.72,33.79,-0.07,-0.2072,8019.0,27286.981
300699.SZ,20240820,26.65,26.73,26.1,26.16,26.65,-0.49,-1.8386,44325.0,116623.759
300700.SZ,20240820,6.4,6.43,6.08,6.09,6.41,-0.32,-4.9922,59475.52,36943.699
300701.SZ,20240820,7.97,7.97,7.76,7.8,7.89,-0.09,-1.1407,30193.13,23670.503
300702.SZ,20240820,15.73,15.81,15.13,15.23,15.76,-0.53,-3.3629,15574.2,23895.365
300703.SZ,20240820,7.7,7.73,7.42,7.42,7.75,-0.33,-4.2581,41351.5,31234.734
300705.SZ,20240820,22.38,22.4,21.33,21.95,22.4,-0.45,-2.0089,69871.19,151386.06
300706.SZ,20240820,18.04,18.35,17.71,17.84,18.04,-0.2,-1.1086,19095.69,34300.363
300707.SZ,20240820,11.07,11.17,10.58,10.62,11.25,-0.63,-5.6,133417.34,144101.671
300708.SZ,20240820,8.75,8.88,8.58,8.64,8.76,-0.12,-1.3699,140248.8,121954.876
300709.SZ,20240820,27.6,29.38,27.11,27.42,27.47,-0.05,-0.182,162619.27,459715.693
300710.SZ,20240820,15.8,16.0,15.39,15.55,15.86,-0.31,-1.9546,26271.0,41259.821
300711.SZ,20240820,14.6,14.89,14.28,14.42,14.63,-0.21,-1.4354,73523.04,106467.488
300712.SZ,20240820,19.21,19.31,18.69,18.78,19.21,-0.43,-2.2384,9913.0,18750.018
300713.SZ,20240820,13.84,13.91,13.4,13.56,13.89,-0.33,-2.3758,56097.1,76273.766
300715.SZ,20240820,6.48,6.48,6.26,6.33,6.44,-0.11,-1.7081,8081.0,5133.415
300716.SZ,20240820,7.88,8.46,7.81,7.81,7.72,0.09,1.1658,164528.0,133300.827
300717.SZ,20240820,13.46,13.54,12.91,13.19,13.46,-0.27,-2.0059,14137.0,18595.273
300718.SZ,20240820,12.83,15.25,12.55,15.25,12.71,2.54,19.9843,328719.61,470705.343
300719.SZ,20240820,15.42,15.49,14.87,14.96,15.43,-0.47,-3.046,80337.2,121073.348
300720.SZ,20240820,12.0,14.5,11.77,13.32,12.42,0.9,7.2464,108071.4,135783.31
300721.SZ,20240820,10.71,10.84,10.5,10.58,10.78,-0.2,-1.8553,23907.5,25426.238
300722.SZ,20240820,21.3,21.3,20.52,20.67,21.76,-1.09,-5.0092,101726.51,211703.849
300723.SZ,20240820,16.23,16.3,15.84,15.91,16.01,-0.1,-0.6246,38400.0,61488.222
300724.SZ,20240820,45.06,45.39,44.68,44.89,45.06,-0.17,-0.3773,52898.62,237855.11
300725.SZ,20240820,27.96,28.15,26.63,26.67,27.9,-1.23,-4.4086,39027.72,105746.29
300726.SZ,20240820,22.46,22.88,21.81,21.93,22.88,-0.95,-4.1521,75714.0,168464.943
300727.SZ,20240820,21.0,21.36,20.7,20.81,20.86,-0.05,-0.2397,16216.0,34101.98
300729.SZ,20240820,13.76,13.78,13.41,13.46,13.59,-0.13,-0.9566,21498.3,29114.195
300730.SZ,20240820,9.11,9.39,8.9,9.05,9.25,-0.2,-2.1622,121229.14,110241.843
300731.SZ,20240820,14.15,14.32,13.85,13.97,14.33,-0.36,-2.5122,39273.75,55023.849
300732.SZ,20240820,7.12,7.15,6.99,7.02,7.16,-0.14,-1.9553,55797.18,39314.415
300733.SZ,20240820,10.28,10.49,9.99,10.06,10.32,-0.26,-2.5194,39058.6,39418.49
300735.SZ,20240820,18.75,18.99,18.42,18.5,18.83,-0.33,-1.7525,149112.17,277521.962
300736.SZ,20240820,8.79,8.83,8.23,8.28,8.62,-0.34,-3.9443,110119.0,92818.486
300737.SZ,20240820,4.11,4.11,3.95,3.98,4.07,-0.09,-2.2113,70563.0,28343.189
300738.SZ,20240820,9.21,9.24,9.02,9.03,9.21,-0.18,-1.9544,125805.66,114345.305
300739.SZ,20240820,11.54,11.65,11.31,11.35,11.55,-0.2,-1.7316,36083.0,41239.07
300740.SZ,20240820,11.04,11.06,10.69,10.76,10.98,-0.22,-2.0036,81804.91,88550.83
300741.SZ,20240820,15.37,15.5,15.1,15.16,15.37,-0.21,-1.3663,11613.26,17676.195
300743.SZ,20240820,11.9,11.96,11.68,11.72,11.85,-0.13,-1.097,14139.55,16713.378
300745.SZ,20240820,13.4,13.59,13.15,13.18,13.52,-0.34,-2.5148,21051.44,27997.879
300746.SZ,20240820,6.21,6.29,6.05,6.1,6.23,-0.13,-2.0867,29101.44,17825.921
300747.SZ,20240820,15.72,15.81,15.39,15.46,15.74,-0.28,-1.7789,54341.05,84418.051
300748.SZ,20240820,11.03,11.13,10.78,10.81,11.04,-0.23,-2.0833,100010.24,109160.913
300749.SZ,20240820,5.35,5.41,5.15,5.18,5.35,-0.17,-3.1776,25558.0,13493.175
300750.SZ,20240820,175.0,176.0,173.66,174.87,175.6,-0.73,-0.4157,84369.55,1475662.466
300751.SZ,20240820,87.61,88.27,84.6,85.3,87.61,-2.31,-2.6367,27492.6,236777.788
300752.SZ,20240820,12.34,12.65,12.21,12.32,12.33,-0.01,-0.0811,47078.6,58350.369
300753.SZ,20240820,11.76,11.95,11.51,11.62,11.85,-0.23,-1.9409,35543.56,41654.71
300755.SZ,20240820,13.21,13.31,12.98,13.02,13.24,-0.22,-1.6616,18915.92,24810.683
300756.SZ,20240820,12.31,12.31,11.76,11.86,12.15,-0.29,-2.3868,11748.0,14015.698
300757.SZ,20240820,84.0,84.0,81.86,82.07,82.97,-0.9,-1.0847,29272.4,242015.957
300758.SZ,20240820,9.97,10.14,9.89,9.9,9.97,-0.07,-0.7021,57539.5,57544.119
300759.SZ,20240820,20.51,20.51,19.87,19.95,20.51,-0.56,-2.7304,111006.94,222965.8
300760.SZ,20240820,255.0,257.0,250.21,251.0,255.6,-4.6,-1.7997,29037.7,729806.998
300761.SZ,20240820,21.17,21.24,20.61,20.77,21.14,-0.37,-1.7502,25792.8,53759.725
300762.SZ,20240820,14.55,14.61,14.14,14.56,14.66,-0.1,-0.6821,213960.53,308434.695
300763.SZ,20240820,58.6,59.3,57.66,57.82,58.84,-1.02,-1.7335,47537.95,278019.546
300765.SZ,20240820,23.39,24.65,23.23,24.65,23.39,1.26,5.3869,142991.23,345886.754
300766.SZ,20240820,9.48,9.52,9.21,9.29,9.47,-0.18,-1.9007,65686.0,61208.11
300767.SZ,20240820,7.95,8.06,7.7,7.72,7.9,-0.18,-2.2785,36005.98,28305.494
300768.SZ,20240820,12.11,12.13,11.8,11.86,12.15,-0.29,-2.3868,31605.69,37715.897
300769.SZ,20240820,24.26,24.8,23.64,23.67,24.19,-0.52,-2.1496,66161.03,159677.094
300770.SZ,20240820,33.3,33.73,32.9,33.12,33.48,-0.36,-1.0753,15209.37,50422.862
300771.SZ,20240820,8.8,8.88,8.61,8.68,8.83,-0.15,-1.6988,40749.0,35572.998
300772.SZ,20240820,10.03,10.09,9.71,9.83,10.06,-0.23,-2.2863,81717.56,80472.008
300773.SZ,20240820,12.39,12.4,12.04,12.1,12.45,-0.35,-2.8112,196001.41,238157.875
300774.SZ,20240820,7.3,7.68,7.03,7.1,6.87,0.23,3.3479,132277.1,95283.99
300775.SZ,20240820,28.95,29.12,28.24,28.55,29.05,-0.5,-1.7212,69708.03,198838.272
300776.SZ,20240820,42.6,43.09,41.86,42.11,42.52,-0.41,-0.9643,18897.82,80076.62
300777.SZ,20240820,20.33,20.47,19.94,19.98,20.45,-0.47,-2.2983,31977.0,64288.26
300778.SZ,20240820,9.65,9.79,9.5,9.52,9.74,-0.22,-2.2587,30826.37,29599.672
300779.SZ,20240820,37.57,38.11,36.9,37.33,37.64,-0.31,-0.8236,24557.41,91784.983
300780.SZ,20240820,13.13,13.25,12.83,13.07,13.08,-0.01,-0.0765,38158.0,49602.108
300781.SZ,20240820,42.7,43.27,41.85,42.26,42.92,-0.66,-1.5377,39556.11,167339.564
300782.SZ,20240820,68.89,69.17,67.31,67.6,69.0,-1.4,-2.029,42623.38,289783.778
300783.SZ,20240820,17.38,17.49,16.94,17.05,17.37,-0.32,-1.8423,52900.68,90435.363
300784.SZ,20240820,51.26,51.5,50.07,51.09,50.79,0.3,0.5907,10840.07,55027.085
300785.SZ,20240820,15.9,16.21,15.65,15.69,15.95,-0.26,-1.6301,21961.99,34777.774
300786.SZ,20240820,9.84,9.84,9.41,9.46,9.72,-0.26,-2.6749,28498.53,27175.362
300787.SZ,20240820,10.82,10.88,10.39,10.48,10.9,-0.42,-3.8532,55691.18,59006.142
300788.SZ,20240820,25.34,29.86,25.34,29.86,24.88,4.98,20.0161,239637.67,681153.939
300789.SZ,20240820,12.98,13.15,12.61,12.68,13.29,-0.61,-4.5899,32262.48,41572.061
300790.SZ,20240820,13.21,13.42,13.1,13.13,13.29,-0.16,-1.2039,42217.74,55840.887
300791.SZ,20240820,24.34,24.83,24.03,24.18,24.34,-0.16,-0.6574,16762.02,40910.318
300792.SZ,20240820,15.55,16.0,15.44,15.57,15.57,0.0,0.0,62384.22,97909.589
300793.SZ,20240820,13.01,13.3,12.7,12.85,13.45,-0.6,-4.461,242219.48,313666.885
300795.SZ,20240820,14.48,14.48,13.88,14.0,14.48,-0.48,-3.3149,12662.0,17820.901
300796.SZ,20240820,10.1,10.17,9.73,9.74,10.06,-0.32,-3.1809,67236.0,66312.954
300797.SZ,20240820,8.77,8.86,8.54,8.56,8.79,-0.23,-2.6166,18622.34,16068.673
300798.SZ,20240820,5.43,5.46,5.28,5.29,5.43,-0.14,-2.5783,33072.0,17699.61
300800.SZ,20240820,10.42,10.42,10.1,10.18,10.46,-0.28,-2.6769,33891.27,34625.089
300801.SZ,20240820,13.91,13.92,13.51,13.59,13.85,-0.26,-1.8773,8736.0,11963.795
300802.SZ,20240820,14.3,14.36,14.12,14.18,14.29,-0.11,-0.7698,10613.0,15071.076
300803.SZ,20240820,37.91,38.16,36.85,37.0,37.98,-0.98,-2.5803,61389.0,229906.887
300804.SZ,20240820,21.28,21.57,20.81,21.49,21.21,0.28,1.3201,5335.0,11333.073
300805.SZ,20240820,6.8,6.89,6.64,6.72,6.81,-0.09,-1.3216,81198.0,54629.129
300806.SZ,20240820,9.5,9.94,9.48,9.52,9.54,-0.02,-0.2096,70515.8,68188.654
300807.SZ,20240820,27.44,27.7,26.92,27.02,27.43,-0.41,-1.4947,29482.0,79986.353
300808.SZ,20240820,15.73,15.96,15.53,15.68,15.67,0.01,0.0638,6780.0,10625.065
300809.SZ,20240820,19.85,20.1,19.58,19.71,19.92,-0.21,-1.0542,31558.2,62403.664
300810.SZ,20240820,16.9,17.26,16.53,16.82,16.95,-0.13,-0.767,35684.99,60293.314
300811.SZ,20240820,39.09,39.15,38.03,38.21,39.1,-0.89,-2.2762,15701.97,60325.612
300812.SZ,20240820,18.51,19.35,18.42,18.52,18.63,-0.11,-0.5904,49941.0,93995.157
300813.SZ,20240820,16.78,16.88,16.01,16.09,16.78,-0.69,-4.112,13702.1,22337.79
300814.SZ,20240820,23.81,23.98,23.31,23.41,23.9,-0.49,-2.0502,18995.0,44822.6
300815.SZ,20240820,12.0,12.0,11.66,11.74,11.98,-0.24,-2.0033,25864.08,30518.254
300816.SZ,20240820,18.1,18.15,17.56,17.6,18.06,-0.46,-2.5471,7516.0,13332.406
300817.SZ,20240820,9.49,10.5,9.2,10.2,9.49,0.71,7.4816,116356.58,115146.329
300818.SZ,20240820,21.54,21.64,20.73,20.82,21.37,-0.55,-2.5737,13313.5,27981.614
300819.SZ,20240820,10.79,10.79,10.41,10.46,10.7,-0.24,-2.243,12545.5,13226.547
300820.SZ,20240820,40.2,40.2,38.0,38.54,39.46,-0.92,-2.3315,21852.01,84529.356
300821.SZ,20240820,6.47,6.53,6.32,6.34,6.49,-0.15,-2.3112,43371.64,27809.109
300822.SZ,20240820,10.0,10.07,9.86,9.93,10.0,-0.07,-0.7,40537.7,40287.373
300823.SZ,20240820,11.5,11.94,11.24,11.28,11.55,-0.27,-2.3377,33033.6,37968.57
300824.SZ,20240820,7.15,7.2,7.04,7.07,7.14,-0.07,-0.9804,27264.72,19334.764
300825.SZ,20240820,9.81,10.02,9.53,9.78,9.89,-0.11,-1.1122,142468.5,139118.211
300826.SZ,20240820,11.98,12.1,11.7,11.84,12.02,-0.18,-1.4975,42796.28,50730.06
300827.SZ,20240820,32.6,33.49,32.56,32.85,33.1,-0.25,-0.7553,83495.5,274610.404
300828.SZ,20240820,11.77,12.68,11.77,12.19,12.01,0.18,1.4988,78438.0,96221.994
300829.SZ,20240820,13.3,13.4,12.88,12.94,13.3,-0.36,-2.7068,14621.29,19087.183
300830.SZ,20240820,5.85,5.86,5.64,5.66,5.78,-0.12,-2.0761,38859.0,22109.145
300831.SZ,20240820,10.31,10.37,10.07,10.14,10.22,-0.08,-0.7828,24275.0,24640.094
300832.SZ,20240820,63.0,63.21,61.91,62.37,63.24,-0.87,-1.3757,17293.15,108046.227
300833.SZ,20240820,39.1,39.39,37.6,37.87,39.48,-1.61,-4.078,10973.43,41770.114
300834.SZ,20240820,17.6,17.65,17.21,17.29,17.6,-0.31,-1.7614,5063.52,8797.076
300835.SZ,20240820,22.68,22.86,22.13,22.28,22.69,-0.41,-1.807,13785.4,30893.711
300836.SZ,20240820,36.31,38.14,36.01,37.48,36.56,0.92,2.5164,19485.3,72635.163
300837.SZ,20240820,19.63,19.85,19.46,19.51,19.77,-0.26,-1.3151,3995.0,7832.863
300838.SZ,20240820,10.14,10.2,9.86,9.93,10.18,-0.25,-2.4558,8560.0,8541.922
300839.SZ,20240820,6.38,6.46,6.17,6.28,6.39,-0.11,-1.7214,67766.0,42665.393
300840.SZ,20240820,8.23,8.23,7.81,8.02,8.15,-0.13,-1.5951,75979.0,60442.562
300841.SZ,20240820,51.08,51.34,48.58,49.36,51.05,-1.69,-3.3105,30311.92,149963.956
300842.SZ,20240820,34.62,34.78,33.66,33.87,34.62,-0.75,-2.1664,20823.2,71001.293
300843.SZ,20240820,24.83,25.08,24.27,24.39,24.92,-0.53,-2.1268,55031.45,135522.58
300844.SZ,20240820,25.71,25.96,24.82,25.03,25.71,-0.68,-2.6449,11072.0,27752.724
300845.SZ,20240820,10.46,11.43,10.3,10.97,10.58,0.39,3.6862,107796.67,117460.055
300846.SZ,20240820,9.32,9.57,9.17,9.44,9.37,0.07,0.7471,118958.0,111000.707
300847.SZ,20240820,14.9,14.97,14.44,14.52,14.9,-0.38,-2.5503,63423.26,92528.189
300848.SZ,20240820,13.97,14.58,13.97,14.37,14.11,0.26,1.8427,18907.98,27198.568
300849.SZ,20240820,13.37,13.39,13.22,13.27,13.35,-0.08,-0.5993,10882.0,14456.767
300850.SZ,20240820,15.06,15.13,14.51,14.63,15.04,-0.41,-2.7261,61387.91,90449.949
300851.SZ,20240820,25.0,25.3,23.72,25.04,26.0,-0.96,-3.6923,52952.0,128855.255
300852.SZ,20240820,22.54,22.84,22.15,22.3,22.55,-0.25,-1.1086,13099.0,29287.282
300853.SZ,20240820,13.57,16.5,12.9,15.17,13.83,1.34,9.6891,175416.41,242761.285
300854.SZ,20240820,10.2,10.25,9.9,9.95,10.16,-0.21,-2.0669,32897.0,32999.282
300855.SZ,20240820,23.67,23.96,22.8,23.06,23.5,-0.44,-1.8723,18592.65,43292.022
300856.SZ,20240820,27.42,27.55,26.7,26.96,27.29,-0.33,-1.2092,52468.16,141575.703
300857.SZ,20240820,54.5,54.75,52.79,53.0,53.69,-0.69,-1.2852,41374.9,221770.419
300858.SZ,20240820,13.61,13.98,13.57,13.86,13.72,0.14,1.0204,8274.58,11410.592
300859.SZ,20240820,25.82,25.89,24.98,25.04,25.72,-0.68,-2.6439,29685.0,75028.569
300860.SZ,20240820,23.6,24.75,23.19,24.48,23.97,0.51,2.1277,86403.11,208528.539
300861.SZ,20240820,18.7,18.77,18.11,18.13,18.7,-0.57,-3.0481,20798.88,38138.975
300862.SZ,20240820,20.33,20.33,19.83,19.93,20.32,-0.39,-1.9193,13647.2,27226.292
300863.SZ,20240820,38.34,39.39,37.91,39.06,38.1,0.96,2.5197,26169.03,101525.718
300864.SZ,20240820,20.96,21.07,19.99,20.1,20.79,-0.69,-3.3189,8455.0,17293.68
300865.SZ,20240820,14.59,14.96,13.48,13.56,14.66,-1.1,-7.5034,38926.0,54808.048
300866.SZ,20240820,56.25,56.8,55.68,56.4,56.25,0.15,0.2667,44456.84,249490.556
300867.SZ,20240820,11.19,11.19,10.78,10.92,11.12,-0.2,-1.7986,17297.0,18907.143
300868.SZ,20240820,18.67,18.81,17.86,17.98,18.57,-0.59,-3.1772,91904.38,167987.824
300869.SZ,20240820,13.38,13.38,13.05,13.09,13.38,-0.29,-2.1674,23057.16,30341.677
300870.SZ,20240820,36.25,36.55,35.26,35.38,36.16,-0.78,-2.1571,11711.44,41758.697
300871.SZ,20240820,8.89,9.0,8.54,8.58,8.93,-0.35,-3.9194,16402.5,14279.281
300872.SZ,20240820,12.16,12.18,11.63,11.71,12.34,-0.63,-5.1053,90160.04,106566.961
300873.SZ,20240820,13.99,14.08,13.64,13.67,14.01,-0.34,-2.4268,11117.0,15322.796
300875.SZ,20240820,26.0,27.45,24.24,24.46,26.14,-1.68,-6.4269,154413.5,394079.623
300876.SZ,20240820,14.66,14.86,14.3,14.4,14.72,-0.32,-2.1739,3712.0,5376.804
300877.SZ,20240820,10.5,10.58,10.15,10.21,10.53,-0.32,-3.0389,9795.0,10130.331
300878.SZ,20240820,15.58,15.99,15.34,15.51,15.63,-0.12,-0.7678,22060.2,34347.34
300879.SZ,20240820,13.49,13.51,13.04,13.11,13.49,-0.38,-2.8169,24301.49,32115.98
300880.SZ,20240820,18.56,18.85,17.93,17.97,18.4,-0.43,-2.337,58201.12,106248.011
300881.SZ,20240820,23.05,23.22,22.62,22.98,22.86,0.12,0.5249,11210.0,25669.291
300882.SZ,20240820,13.43,13.5,13.06,13.2,13.42,-0.22,-1.6393,24931.69,32909.322
300883.SZ,20240820,4.27,4.3,4.15,4.18,4.27,-0.09,-2.1077,43424.0,18283.956
300884.SZ,20240820,8.95,8.97,8.5,8.53,8.79,-0.26,-2.9579,52944.8,45550.008
300885.SZ,20240820,8.42,8.78,8.35,8.7,8.49,0.21,2.4735,133993.88,115291.354
300886.SZ,20240820,16.87,17.04,16.41,16.6,16.87,-0.27,-1.6005,6800.0,11333.904
300887.SZ,20240820,7.81,7.85,7.62,7.72,8.08,-0.36,-4.4554,275519.18,212649.613
300888.SZ,20240820,25.34,25.42,24.13,24.2,25.22,-1.02,-4.0444,25631.2,63002.81
300889.SZ,20240820,10.71,10.79,10.48,10.57,10.71,-0.14,-1.3072,22198.0,23536.55
300890.SZ,20240820,23.81,24.17,23.22,23.34,23.72,-0.38,-1.602,22869.62,54089.21
300891.SZ,20240820,6.98,8.3,6.97,8.04,6.98,1.06,15.1862,263810.38,207340.663
300892.SZ,20240820,14.8,14.81,14.31,14.44,14.77,-0.33,-2.2343,17210.0,24937.285
300893.SZ,20240820,25.88,25.88,25.2,25.3,25.77,-0.47,-1.8238,5687.5,14483.694
300894.SZ,20240820,12.3,12.36,11.88,11.93,12.27,-0.34,-2.771,51253.7,61643.342
300895.SZ,20240820,25.51,25.51,24.68,24.8,25.53,-0.73,-2.8594,19982.25,49914.444
300896.SZ,20240820,165.62,167.84,162.41,163.1,165.75,-2.65,-1.5988,14861.59,246097.056
300897.SZ,20240820,17.99,20.04,17.73,19.35,18.58,0.77,4.1442,35936.39,67553.163
300898.SZ,20240820,16.28,16.28,15.67,15.75,16.2,-0.45,-2.7778,15312.07,24297.101
300899.SZ,20240820,18.99,19.07,18.16,18.33,18.89,-0.56,-2.9645,15340.0,28239.869
300900.SZ,20240820,16.26,16.28,15.72,15.82,16.21,-0.39,-2.4059,43555.8,69397.809
300901.SZ,20240820,8.97,9.1,8.7,9.03,8.99,0.04,0.4449,49095.0,44161.271
300902.SZ,20240820,17.12,17.12,16.25,16.34,17.0,-0.66,-3.8824,13426.2,22210.865
300903.SZ,20240820,6.53,6.61,6.39,6.42,6.54,-0.12,-1.8349,86301.98,55778.695
300904.SZ,20240820,37.25,37.86,36.9,37.81,37.3,0.51,1.3673,7338.2,27515.941
300905.SZ,20240820,22.1,22.5,21.9,22.04,22.17,-0.13,-0.5864,23099.0,51044.806
300906.SZ,20240820,20.39,20.98,19.63,19.7,20.6,-0.9,-4.3689,17017.0,34306.285
300907.SZ,20240820,16.9,16.94,16.26,16.38,16.84,-0.46,-2.7316,6423.0,10576.461
300908.SZ,20240820,23.83,23.89,23.3,23.3,23.8,-0.5,-2.1008,5835.76,13712.594
300909.SZ,20240820,18.25,18.5,17.9,17.95,18.36,-0.41,-2.2331,15825.27,28717.079
300910.SZ,20240820,39.03,39.3,38.6,38.84,39.1,-0.26,-0.665,7734.0,30051.874
300911.SZ,20240820,21.46,21.46,21.05,21.31,21.3,0.01,0.0469,4364.0,9259.213
300912.SZ,20240820,9.74,9.79,9.45,9.5,9.74,-0.24,-2.4641,20042.0,19202.863
300913.SZ,20240820,28.0,28.19,27.44,27.6,27.97,-0.37,-1.3228,26888.23,74541.651
300915.SZ,20240820,26.28,26.48,25.82,25.9,26.25,-0.35,-1.3333,2149.5,5593.8
300916.SZ,20240820,22.0,22.11,21.37,21.55,22.02,-0.47,-2.1344,22323.37,48193.067
300917.SZ,20240820,31.31,31.8,30.77,31.19,31.41,-0.22,-0.7004,70477.5,220102.39
300918.SZ,20240820,7.48,7.48,7.34,7.39,7.47,-0.08,-1.071,20817.0,15369.627
300919.SZ,20240820,27.38,27.6,26.71,26.82,27.21,-0.39,-1.4333,34709.32,93928.086
300920.SZ,20240820,14.13,14.31,13.59,13.71,14.14,-0.43,-3.041,11674.49,16168.057
300921.SZ,20240820,19.1,20.33,18.41,19.78,19.33,0.45,2.328,78247.79,153039.654
300922.SZ,20240820,12.92,12.93,12.2,12.35,13.34,-0.99,-7.4213,86840.38,108216.119
300923.SZ,20240820,19.7,19.79,19.0,19.18,19.88,-0.7,-3.5211,43504.0,83857.942
300925.SZ,20240820,9.65,9.67,9.3,9.38,9.74,-0.36,-3.6961,102219.96,96314.868
300926.SZ,20240820,18.21,18.95,18.09,18.7,18.56,0.14,0.7543,55609.75,103464.85
300927.SZ,20240820,14.52,15.98,14.52,15.76,14.73,1.03,6.9925,91596.89,142257.349
300928.SZ,20240820,30.17,30.24,29.4,29.43,30.07,-0.64,-2.1284,7155.0,21206.675
300929.SZ,20240820,7.4,7.49,7.07,7.1,7.41,-0.31,-4.1835,14632.63,10605.285
300930.SZ,20240820,20.61,20.81,20.1,20.4,20.61,-0.21,-1.0189,22187.0,45237.201
300931.SZ,20240820,5.37,5.37,5.16,5.19,5.34,-0.15,-2.809,38386.0,20107.703
300932.SZ,20240820,9.97,10.06,9.62,9.63,10.02,-0.39,-3.8922,54369.92,53226.422
300933.SZ,20240820,5.56,5.61,5.44,5.45,5.6,-0.15,-2.6786,50855.66,27932.384
300935.SZ,20240820,16.63,16.66,16.07,16.12,16.54,-0.42,-2.5393,12113.4,19773.703
300936.SZ,20240820,32.82,33.48,32.0,32.15,33.13,-0.98,-2.958,19712.6,64230.692
300937.SZ,20240820,20.8,20.99,20.13,20.15,20.8,-0.65,-3.125,12928.0,26460.231
300938.SZ,20240820,18.4,18.46,17.66,18.01,18.33,-0.32,-1.7458,19487.81,34870.844
300939.SZ,20240820,28.4,29.73,28.03,28.65,28.4,0.25,0.8803,25466.74,73405.136
300940.SZ,20240820,11.97,12.3,11.86,11.96,12.06,-0.1,-0.8292,16430.21,19781.526
300941.SZ,20240820,15.42,15.6,15.26,15.39,15.61,-0.22,-1.4094,41538.0,64025.641
300942.SZ,20240820,7.28,7.72,7.07,7.1,7.34,-0.24,-3.2698,172014.97,127494.496
300943.SZ,20240820,11.35,11.68,11.03,11.19,11.21,-0.02,-0.1784,76421.61,85778.998
300945.SZ,20240820,9.0,9.19,8.66,8.66,9.12,-0.46,-5.0439,141693.0,125166.64
300946.SZ,20240820,23.36,23.45,23.0,23.09,23.28,-0.19,-0.8162,4822.6,11148.907
300947.SZ,20240820,13.65,13.89,13.3,13.4,13.74,-0.34,-2.4745,51875.65,70076.836
300948.SZ,20240820,8.83,8.87,8.51,8.55,8.78,-0.23,-2.6196,17985.54,15526.523
300949.SZ,20240820,29.05,30.8,28.41,29.72,28.83,0.89,3.0871,25910.6,77295.947
300950.SZ,20240820,13.33,13.44,13.07,13.16,13.37,-0.21,-1.5707,16070.0,21237.271
300951.SZ,20240820,27.48,27.51,26.48,26.59,26.99,-0.4,-1.482,27993.54,75088.406
300952.SZ,20240820,18.08,18.08,17.4,17.59,18.09,-0.5,-2.764,19713.47,34768.038
300953.SZ,20240820,46.5,46.97,45.45,45.6,46.7,-1.1,-2.3555,6124.0,28098.387
300955.SZ,20240820,13.12,13.22,12.51,12.61,13.26,-0.65,-4.902,27037.0,34584.748
300956.SZ,20240820,15.91,16.35,15.51,15.61,16.14,-0.53,-3.2838,162554.21,256933.482
300957.SZ,20240820,42.64,43.04,41.68,41.68,42.8,-1.12,-2.6168,19478.54,82362.116
300958.SZ,20240820,10.84,10.91,10.41,10.52,10.97,-0.45,-4.1021,42741.93,45429.741
300959.SZ,20240820,24.51,24.58,23.71,23.8,24.19,-0.39,-1.6122,6476.0,15519.779
300960.SZ,20240820,19.03,19.3,18.35,18.63,20.06,-1.43,-7.1286,66809.09,125184.579
300961.SZ,20240820,7.84,7.89,7.59,7.61,7.82,-0.21,-2.6854,16457.94,12642.479
300962.SZ,20240820,13.7,13.79,13.18,13.25,13.71,-0.46,-3.3552,16540.0,22171.181
300963.SZ,20240820,7.65,7.81,7.28,7.33,7.5,-0.17,-2.2667,78219.66,58769.716
300964.SZ,20240820,32.6,33.0,32.3,32.86,32.6,0.26,0.7975,19194.1,62820.829
300965.SZ,20240820,25.68,25.86,25.32,25.53,25.86,-0.33,-1.2761,1839.0,4723.9
300966.SZ,20240820,16.13,16.3,15.56,15.63,16.22,-0.59,-3.6375,23727.0,37473.922
300967.SZ,20240820,9.66,9.74,9.42,9.46,9.64,-0.18,-1.8672,25775.0,24549.145
300968.SZ,20240820,9.21,9.43,8.98,9.03,9.45,-0.42,-4.4444,321215.15,294822.159
300969.SZ,20240820,63.0,63.28,61.8,62.2,63.28,-1.08,-1.7067,7677.28,47840.344
300970.SZ,20240820,12.4,12.48,11.96,12.08,12.67,-0.59,-4.6567,57655.71,70282.359
300971.SZ,20240820,19.41,19.63,18.7,18.8,19.53,-0.73,-3.7378,46219.0,88249.023
300972.SZ,20240820,26.87,28.99,26.54,28.3,27.74,0.56,2.0187,81914.32,230080.033
300973.SZ,20240820,24.29,24.35,23.45,23.55,24.29,-0.74,-3.0465,21505.0,51058.141
300975.SZ,20240820,8.06,8.1,7.75,7.79,8.08,-0.29,-3.5891,195699.0,154185.47
300976.SZ,20240820,46.73,47.38,46.01,46.35,46.59,-0.24,-0.5151,14273.6,66515.955
300977.SZ,20240820,14.92,14.95,14.3,14.5,14.91,-0.41,-2.7498,38521.0,55942.31
300978.SZ,20240820,9.48,9.51,9.25,9.33,9.49,-0.16,-1.686,38161.45,35633.472
300979.SZ,20240820,62.54,63.36,61.46,62.44,62.68,-0.24,-0.3829,13473.0,83821.163
300980.SZ,20240820,14.6,15.22,14.46,14.53,14.6,-0.07,-0.4795,14627.0,21586.72
300981.SZ,20240820,10.08,10.13,9.7,9.73,10.04,-0.31,-3.0876,54745.93,53900.315
300982.SZ,20240820,16.28,16.35,15.67,15.7,16.35,-0.65,-3.9755,27198.13,43119.49
300983.SZ,20240820,15.13,15.23,14.66,14.69,15.08,-0.39,-2.5862,4995.32,7447.162
300984.SZ,20240820,18.88,18.91,18.49,18.52,18.91,-0.39,-2.0624,3100.0,5780.303
300985.SZ,20240820,15.69,17.1,15.48,16.78,15.76,1.02,6.4721,75396.33,122711.103
300986.SZ,20240820,8.19,8.19,7.71,7.98,8.26,-0.28,-3.3898,57778.42,45696.649
300987.SZ,20240820,12.23,12.5,12.1,12.29,12.27,0.02,0.163,21502.6,26466.66
300988.SZ,20240820,16.62,16.78,16.2,16.36,16.63,-0.27,-1.6236,26503.0,43590.048
300989.SZ,20240820,12.38,12.38,11.72,11.76,12.42,-0.66,-5.314,64358.4,76823.501
300990.SZ,20240820,25.98,25.98,25.0,25.15,25.96,-0.81,-3.1202,14451.35,36670.966
300991.SZ,20240820,15.67,15.78,15.33,15.39,15.62,-0.23,-1.4725,39269.06,60878.764
300992.SZ,20240820,16.0,16.28,15.51,15.64,15.99,-0.35,-2.1889,10441.0,16626.659
300993.SZ,20240820,8.29,8.29,8.02,8.05,8.25,-0.2,-2.4242,19080.25,15459.578
300994.SZ,20240820,9.08,9.12,8.82,8.88,9.1,-0.22,-2.4176,15635.8,13974.615
300995.SZ,20240820,14.64,14.78,14.26,14.57,14.66,-0.09,-0.6139,8005.0,11592.659
300996.SZ,20240820,16.1,16.11,15.32,15.71,16.22,-0.51,-3.1443,88458.85,138536.631
300997.SZ,20240820,10.98,10.99,10.76,10.8,10.89,-0.09,-0.8264,8339.0,9043.799
300998.SZ,20240820,13.34,13.42,12.67,12.79,13.34,-0.55,-4.1229,19850.0,25601.081
300999.SZ,20240820,25.82,25.9,25.43,25.51,25.82,-0.31,-1.2006,37171.12,95059.32
301000.SZ,20240820,13.39,13.4,13.01,13.1,13.39,-0.29,-2.1658,23188.33,30447.447
301001.SZ,20240820,19.5,22.1,19.15,19.8,18.92,0.88,4.6512,72496.61,146295.226
301002.SZ,20240820,15.28,15.4,14.45,14.67,15.1,-0.43,-2.8477,11361.6,16772.736
301003.SZ,20240820,19.23,19.28,18.58,18.64,19.18,-0.54,-2.8154,7316.55,13763.194
301004.SZ,20240820,79.0,79.95,78.05,78.58,80.0,-1.42,-1.775,4202.11,33121.997
301005.SZ,20240820,25.19,25.4,24.6,25.07,25.11,-0.04,-0.1593,23775.8,59086.842
301006.SZ,20240820,10.9,11.07,10.68,10.73,11.01,-0.28,-2.5431,10630.0,11511.613
301007.SZ,20240820,12.2,12.2,11.76,11.8,12.02,-0.22,-1.8303,41095.89,48761.456
301008.SZ,20240820,16.45,16.54,16.06,16.24,16.43,-0.19,-1.1564,11314.25,18350.992
301009.SZ,20240820,7.55,7.62,7.35,7.39,7.58,-0.19,-2.5066,22600.0,16871.266
301010.SZ,20240820,12.8,12.87,12.17,12.49,13.1,-0.61,-4.6565,51771.6,64782.037
301011.SZ,20240820,14.32,15.2,13.87,14.73,14.13,0.6,4.2463,62651.21,91467.457
301012.SZ,20240820,19.61,19.78,19.1,19.24,19.61,-0.37,-1.8868,20964.2,40490.905
301013.SZ,20240820,10.01,10.47,9.91,10.03,9.96,0.07,0.7028,97152.5,98437.164
301015.SZ,20240820,22.73,22.83,21.94,21.97,22.81,-0.84,-3.6826,21385.42,47436.219
301016.SZ,20240820,22.09,23.66,22.0,22.1,23.46,-1.36,-5.7971,147362.06,332875.402
301017.SZ,20240820,9.75,9.75,9.4,9.42,9.77,-0.35,-3.5824,26010.0,24814.727
301018.SZ,20240820,18.62,18.62,18.07,18.14,18.27,-0.13,-0.7115,15143.6,27610.412
301019.SZ,20240820,12.65,12.83,12.45,12.49,12.61,-0.12,-0.9516,5291.54,6679.761
301020.SZ,20240820,16.21,16.28,15.85,15.98,16.19,-0.21,-1.2971,11071.0,17727.982
301021.SZ,20240820,16.36,16.49,15.98,16.08,16.37,-0.29,-1.7715,22756.0,36757.428
301022.SZ,20240820,19.04,19.04,18.19,18.3,18.9,-0.6,-3.1746,9833.5,18142.94
301023.SZ,20240820,30.45,30.65,29.92,30.64,30.6,0.04,0.1307,4715.0,14287.367
301024.SZ,20240820,21.77,21.77,20.66,20.72,21.7,-0.98,-4.5161,23819.5,49851.893
301025.SZ,20240820,8.74,9.4,8.61,9.18,8.78,0.4,4.5558,158457.26,142485.927
301026.SZ,20240820,22.75,22.99,22.09,22.15,22.87,-0.72,-3.1482,13687.0,30807.285
301027.SZ,20240820,7.41,7.51,7.32,7.35,7.39,-0.04,-0.5413,37540.0,27709.594
301028.SZ,20240820,8.45,8.46,8.24,8.29,8.46,-0.17,-2.0095,15030.8,12532.6
301029.SZ,20240820,18.15,18.25,17.45,17.54,18.09,-0.55,-3.0404,31811.28,56325.811
301030.SZ,20240820,22.26,22.47,21.15,21.23,22.24,-1.01,-4.5414,58485.24,126042.007
301031.SZ,20240820,69.54,69.87,67.08,67.61,69.27,-1.66,-2.3964,4004.82,27455.223
301032.SZ,20240820,6.51,6.52,6.2,6.26,6.47,-0.21,-3.2457,28428.0,17989.454
301033.SZ,20240820,39.49,39.79,38.31,39.41,39.41,0.0,0.0,6370.76,24955.841
301035.SZ,20240820,37.83,38.19,37.24,37.56,38.0,-0.44,-1.1579,6976.0,26171.325
301036.SZ,20240820,26.42,27.72,26.22,26.5,26.4,0.1,0.3788,82888.0,224691.374
301037.SZ,20240820,9.1,9.22,8.83,8.85,9.09,-0.24,-2.6403,9879.8,8854.146
301038.SZ,20240820,13.25,13.49,13.03,13.11,13.14,-0.03,-0.2283,22913.35,30159.322
301039.SZ,20240820,8.28,8.29,8.13,8.15,8.28,-0.13,-1.57,52493.0,42896.876
301040.SZ,20240820,11.05,12.57,10.91,11.09,10.66,0.43,4.0338,86409.0,99046.39
301041.SZ,20240820,20.89,21.09,20.49,20.65,20.94,-0.29,-1.3849,21179.0,43777.256
301042.SZ,20240820,30.8,30.8,29.79,29.88,30.8,-0.92,-2.987,8444.28,25461.704
301043.SZ,20240820,23.03,23.5,22.81,22.93,23.25,-0.32,-1.3763,3483.0,8004.899
301045.SZ,20240820,15.99,16.15,15.75,15.75,16.07,-0.32,-1.9913,15398.0,24496.859
301046.SZ,20240820,17.6,17.8,17.5,17.67,17.55,0.12,0.6838,8945.0,15784.727
301047.SZ,20240820,58.56,58.56,56.9,57.07,58.9,-1.83,-3.107,7143.7,41074.498
301048.SZ,20240820,7.99,8.03,7.86,7.91,8.09,-0.18,-2.225,26667.21,21136.612
301049.SZ,20240820,18.29,19.29,18.04,18.06,19.8,-1.74,-8.7879,48194.0,88905.354
301050.SZ,20240820,44.51,44.7,43.48,43.67,44.52,-0.85,-1.9093,21666.0,95165.797
301051.SZ,20240820,23.16,24.41,22.86,23.0,23.27,-0.27,-1.1603,14133.2,32969.776
301052.SZ,20240820,18.9,20.3,18.52,19.71,18.89,0.82,4.3409,90439.36,175622.756
301053.SZ,20240820,18.32,18.57,17.91,18.11,18.35,-0.24,-1.3079,23755.3,43319.795
301055.SZ,20240820,12.48,12.48,12.21,12.23,12.32,-0.09,-0.7305,4798.0,5887.333
301056.SZ,20240820,7.11,7.15,6.88,6.95,7.13,-0.18,-2.5245,21850.05,15288.633
301057.SZ,20240820,11.53,11.59,11.22,11.22,11.4,-0.18,-1.5789,21862.0,24897.849
301058.SZ,20240820,8.15,8.18,7.95,7.99,8.13,-0.14,-1.722,40070.0,32264.675
301059.SZ,20240820,8.6,8.76,8.45,8.47,8.59,-0.12,-1.397,11841.66,10116.061
301060.SZ,20240820,10.32,11.35,9.98,10.49,10.49,0.0,0.0,347752.13,370714.459
301061.SZ,20240820,43.4,43.92,42.51,43.43,43.84,-0.41,-0.9352,3591.64,15492.354
301062.SZ,20240820,10.52,10.52,10.33,10.38,10.49,-0.11,-1.0486,18379.48,19082.578
301063.SZ,20240820,14.86,15.1,14.14,14.32,14.51,-0.19,-1.3094,33546.0,48894.836
301065.SZ,20240820,18.35,18.4,16.96,17.19,18.2,-1.01,-5.5495,34233.5,59662.834
301066.SZ,20240820,8.54,8.59,8.4,8.41,8.54,-0.13,-1.5222,19162.2,16221.465
301067.SZ,20240820,22.21,23.95,22.21,22.58,22.67,-0.09,-0.397,87857.46,202228.119
301068.SZ,20240820,18.19,18.19,17.6,17.65,18.04,-0.39,-2.1619,2726.2,4836.572
301069.SZ,20240820,11.4,11.62,11.13,11.18,11.42,-0.24,-2.1016,21341.07,24186.141
301070.SZ,20240820,38.3,39.87,36.1,36.62,38.29,-1.67,-4.3615,13954.0,52275.183
301071.SZ,20240820,24.05,24.28,23.5,23.68,24.34,-0.66,-2.7116,37080.51,88479.793
301072.SZ,20240820,17.36,17.49,17.1,17.26,17.48,-0.22,-1.2586,6811.0,11776.916
301073.SZ,20240820,17.28,17.3,16.49,16.82,17.23,-0.41,-2.3796,43129.38,72520.743
301075.SZ,20240820,18.35,18.56,17.88,17.92,18.65,-0.73,-3.9142,30766.0,55630.133
301076.SZ,20240820,16.64,16.8,16.07,16.1,16.77,-0.67,-3.9952,24630.19,40264.274
301077.SZ,20240820,16.85,16.98,16.43,16.52,16.85,-0.33,-1.9585,6957.0,11543.249
301078.SZ,20240820,5.23,5.23,5.1,5.13,5.22,-0.09,-1.7241,82925.0,42700.337
301079.SZ,20240820,16.0,16.23,15.18,15.52,16.41,-0.89,-5.4235,116918.2,183162.009
301080.SZ,20240820,36.5,36.73,35.06,35.3,36.99,-1.69,-4.5688,34289.8,122886.363
301081.SZ,20240820,7.25,7.43,7.09,7.12,7.27,-0.15,-2.0633,26127.92,18736.529
301082.SZ,20240820,9.0,9.84,9.0,9.28,8.87,0.41,4.6223,133471.56,125549.604
301083.SZ,20240820,12.71,12.86,12.5,12.65,12.71,-0.06,-0.4721,26983.0,34091.598
301085.SZ,20240820,39.0,39.08,38.2,38.49,39.07,-0.58,-1.4845,8730.0,33686.823
301086.SZ,20240820,41.66,42.34,40.38,42.27,41.26,1.01,2.4479,26034.54,108338.385
301087.SZ,20240820,32.08,34.3,31.79,33.1,33.35,-0.25,-0.7496,40363.26,133927.644
301088.SZ,20240820,10.71,10.71,10.41,10.41,10.69,-0.28,-2.6193,5985.0,6294.195
301089.SZ,20240820,33.2,34.2,32.56,32.61,33.8,-1.19,-3.5207,47664.46,158502.351
301090.SZ,20240820,5.75,5.78,5.6,5.62,5.75,-0.13,-2.2609,45897.0,26015.931
301091.SZ,20240820,27.78,28.21,26.82,27.0,27.98,-0.98,-3.5025,127108.8,348537.429
301092.SZ,20240820,22.35,22.77,21.5,21.52,22.31,-0.79,-3.541,19429.41,42890.451
301093.SZ,20240820,18.75,18.85,18.18,18.2,18.78,-0.58,-3.0884,7360.0,13561.054
301095.SZ,20240820,38.5,38.54,37.12,37.38,38.41,-1.03,-2.6816,19699.1,74245.624
301096.SZ,20240820,37.97,38.11,36.66,36.84,37.81,-0.97,-2.5655,25545.0,94600.24
301097.SZ,20240820,35.5,37.8,34.65,36.69,35.79,0.9,2.5147,4901.0,17625.594
301098.SZ,20240820,7.47,7.48,7.25,7.26,7.46,-0.2,-2.681,15661.0,11489.243
301099.SZ,20240820,32.5,32.8,31.85,32.0,32.32,-0.32,-0.9901,19040.8,61195.327
301100.SZ,20240820,13.24,13.42,12.7,12.76,13.28,-0.52,-3.9157,17244.98,22330.972
301101.SZ,20240820,24.74,28.78,24.74,26.13,25.26,0.87,3.4442,181426.58,486139.615
301102.SZ,20240820,8.26,8.36,8.1,8.14,8.26,-0.12,-1.4528,22387.89,18323.508
301103.SZ,20240820,21.59,21.59,20.58,20.74,21.49,-0.75,-3.49,12599.4,26382.935
301105.SZ,20240820,25.07,25.24,24.7,24.97,24.9,0.07,0.2811,3302.95,8238.107
301106.SZ,20240820,26.82,27.7,26.55,26.78,26.68,0.1,0.3748,18398.0,50034.582
301107.SZ,20240820,22.39,22.39,21.23,21.31,21.85,-0.54,-2.4714,5247.0,11307.258
301108.SZ,20240820,23.11,23.33,22.91,22.95,23.12,-0.17,-0.7353,2833.56,6546.789
301109.SZ,20240820,14.85,14.88,14.52,14.62,14.83,-0.21,-1.416,8999.0,13163.308
301110.SZ,20240820,28.2,28.88,27.37,27.38,27.56,-0.18,-0.6531,15500.49,43739.301
301111.SZ,20240820,15.53,15.76,14.52,14.66,15.61,-0.95,-6.0858,51420.0,77070.841
301112.SZ,20240820,21.12,21.65,20.5,20.76,21.38,-0.62,-2.8999,29318.0,61233.354
301113.SZ,20240820,19.84,19.89,19.36,19.4,19.83,-0.43,-2.1684,3952.0,7720.616
301115.SZ,20240820,13.0,13.23,12.5,12.6,13.15,-0.55,-4.1825,30697.0,39360.79
301116.SZ,20240820,9.54,9.57,9.34,9.37,9.54,-0.17,-1.782,16371.5,15426.177
301117.SZ,20240820,24.86,25.28,24.51,24.56,24.93,-0.37,-1.4842,32640.0,80985.405
301118.SZ,20240820,16.73,17.3,16.37,17.0,16.86,0.14,0.8304,37123.02,62468.028
301119.SZ,20240820,17.59,17.61,17.09,17.18,17.47,-0.29,-1.66,9092.0,15694.907
301120.SZ,20240820,8.71,8.71,8.38,8.45,8.59,-0.14,-1.6298,29732.5,25241.974
301121.SZ,20240820,32.99,34.6,32.9,33.09,33.39,-0.3,-0.8985,25689.96,86745.817
301122.SZ,20240820,18.9,19.26,17.78,18.12,18.68,-0.56,-2.9979,37122.39,69291.229
301123.SZ,20240820,16.59,16.69,16.2,16.21,16.48,-0.27,-1.6383,31222.0,51057.253
301125.SZ,20240820,8.93,9.01,8.57,8.68,8.94,-0.26,-2.9083,22912.32,20007.286
301126.SZ,20240820,9.39,9.49,8.9,8.95,9.49,-0.54,-5.6902,72709.17,66294.162
301127.SZ,20240820,9.0,9.02,8.6,8.66,8.95,-0.29,-3.2402,112861.45,99429.754
301128.SZ,20240820,40.34,41.2,39.57,39.8,40.55,-0.75,-1.8496,24515.47,98793.549
301129.SZ,20240820,18.03,18.28,17.42,17.72,18.01,-0.29,-1.6102,19314.0,34288.773
301130.SZ,20240820,26.0,27.52,25.49,26.32,26.31,0.01,0.038,33083.79,88473.58
301131.SZ,20240820,31.88,32.02,30.88,31.0,31.83,-0.83,-2.6076,6734.0,21079.589
301132.SZ,20240820,24.74,25.06,24.15,24.33,24.66,-0.33,-1.3382,29956.0,73303.553
301133.SZ,20240820,22.57,22.57,20.97,21.05,22.58,-1.53,-6.7759,36716.38,78786.54
301135.SZ,20240820,18.2,18.27,17.78,18.0,18.21,-0.21,-1.1532,6755.0,12113.063
301136.SZ,20240820,12.84,12.88,12.3,12.47,12.81,-0.34,-2.6542,120540.0,150404.054
301137.SZ,20240820,14.9,15.51,14.38,14.69,14.24,0.45,3.1601,64063.9,95286.353
301138.SZ,20240820,21.98,22.2,21.52,21.73,21.97,-0.24,-1.0924,8257.0,17963.504
301139.SZ,20240820,19.67,19.72,19.24,19.3,19.62,-0.32,-1.631,13908.0,26992.099
301141.SZ,20240820,29.09,29.2,28.09,28.2,28.94,-0.74,-2.557,17606.85,50198.494
301148.SZ,20240820,17.65,17.65,16.98,17.15,18.3,-1.15,-6.2842,35418.46,61054.925
301149.SZ,20240820,7.9,8.0,7.71,7.74,7.94,-0.2,-2.5189,24718.85,19329.448
301150.SZ,20240820,16.92,17.18,16.68,16.75,16.98,-0.23,-1.3545,8457.88,14279.848
301151.SZ,20240820,15.4,16.1,15.4,15.59,15.4,0.19,1.2338,145991.98,229630.587
301152.SZ,20240820,25.38,26.08,24.73,24.81,25.18,-0.37,-1.4694,21265.69,53978.678
301153.SZ,20240820,18.65,18.72,17.9,18.01,18.72,-0.71,-3.7927,39094.4,71124.128
301155.SZ,20240820,37.73,37.99,37.23,37.63,37.71,-0.08,-0.2121,8498.0,31843.832
301156.SZ,20240820,12.29,12.38,12.05,12.1,12.45,-0.35,-2.8112,22680.8,27586.795
301157.SZ,20240820,31.78,32.08,31.08,31.37,31.77,-0.4,-1.259,4561.39,14345.889
301158.SZ,20240820,12.5,12.51,12.02,12.03,12.56,-0.53,-4.2197,22311.0,27199.267
301159.SZ,20240820,27.84,27.84,26.65,26.73,27.68,-0.95,-3.4321,16412.24,44260.647
301160.SZ,20240820,33.66,33.8,32.32,32.46,34.47,-2.01,-5.8312,17109.54,56098.321
301161.SZ,20240820,14.85,14.85,14.38,14.49,14.74,-0.25,-1.6961,8541.0,12411.008
301162.SZ,20240820,34.29,34.35,33.09,33.45,34.1,-0.65,-1.9062,11750.93,39293.838
301163.SZ,20240820,19.01,19.15,18.55,18.96,18.96,0.0,0.0,11210.77,21029.66
301165.SZ,20240820,31.9,31.97,31.29,31.35,31.99,-0.64,-2.0006,18236.0,57609.857
301166.SZ,20240820,29.19,30.7,28.59,29.1,29.59,-0.49,-1.656,31490.64,93726.71
301167.SZ,20240820,11.5,11.76,11.14,11.29,11.56,-0.27,-2.3356,38896.17,44243.718
301168.SZ,20240820,25.63,25.78,24.59,24.71,25.74,-1.03,-4.0016,19399.54,48581.835
301169.SZ,20240820,29.53,29.93,28.66,28.76,29.98,-1.22,-4.0694,17663.71,51423.976
301170.SZ,20240820,20.78,20.88,20.22,20.35,20.8,-0.45,-2.1635,8137.96,16671.912
301171.SZ,20240820,13.72,14.03,13.6,13.88,13.9,-0.02,-0.1439,178644.98,247080.529
301172.SZ,20240820,25.54,27.2,24.7,26.32,26.05,0.27,1.0365,68327.12,177862.129
301175.SZ,20240820,4.68,4.69,4.55,4.58,4.67,-0.09,-1.9272,86092.0,39593.626
301176.SZ,20240820,17.73,17.99,17.33,17.55,17.73,-0.18,-1.0152,29623.8,52109.063
301177.SZ,20240820,18.54,18.67,18.02,18.13,18.69,-0.56,-2.9963,7588.0,13886.192
301178.SZ,20240820,19.95,20.03,19.3,19.45,19.87,-0.42,-2.1137,17726.0,34569.551
301179.SZ,20240820,15.15,15.29,14.75,14.86,15.15,-0.29,-1.9142,15741.88,23449.979
301180.SZ,20240820,13.84,13.86,13.42,13.5,13.82,-0.32,-2.3155,59289.0,80534.645
301181.SZ,20240820,20.66,20.74,19.86,20.1,20.66,-0.56,-2.7106,18925.29,38184.403
301182.SZ,20240820,21.0,22.39,20.82,21.45,22.69,-1.24,-5.465,118663.67,256155.217
301183.SZ,20240820,36.4,36.85,35.82,35.93,36.42,-0.49,-1.3454,22618.0,81963.908
301185.SZ,20240820,13.99,14.08,13.65,13.74,14.01,-0.27,-1.9272,17183.0,23688.214
301186.SZ,20240820,30.34,30.34,29.42,29.52,30.26,-0.74,-2.4455,5200.0,15467.778
301187.SZ,20240820,18.59,18.65,18.0,18.12,18.58,-0.46,-2.4758,27837.33,50622.303
301188.SZ,20240820,12.01,12.23,11.69,12.03,12.08,-0.05,-0.4139,60486.0,72108.599
301189.SZ,20240820,21.33,21.59,21.02,21.1,21.32,-0.22,-1.0319,10061.0,21361.633
301190.SZ,20240820,13.28,13.48,12.9,12.97,13.32,-0.35,-2.6276,5416.0,7098.526
301191.SZ,20240820,60.43,60.85,59.53,59.75,60.43,-0.68,-1.1253,5248.0,31533.742
301192.SZ,20240820,15.7,15.88,15.23,15.32,15.74,-0.42,-2.6684,7077.0,10948.647
301193.SZ,20240820,13.84,13.99,13.51,13.58,13.88,-0.3,-2.1614,6555.2,8939.812
301195.SZ,20240820,27.06,27.11,26.44,26.5,27.06,-0.56,-2.0695,9909.0,26448.324
301196.SZ,20240820,27.34,27.48,26.76,26.85,27.32,-0.47,-1.7204,3258.34,8791.117
301197.SZ,20240820,12.36,12.45,11.9,11.94,12.36,-0.42,-3.3981,22229.86,26888.172
301198.SZ,20240820,8.39,8.49,8.18,8.27,8.41,-0.14,-1.6647,56879.79,47184.065
301199.SZ,20240820,24.49,24.5,23.75,24.25,24.52,-0.27,-1.1011,17771.78,42670.086
301200.SZ,20240820,30.51,30.62,29.8,29.96,30.42,-0.46,-1.5122,4118.09,12375.328
301201.SZ,20240820,18.97,19.15,18.39,18.4,18.97,-0.57,-3.0047,10501.6,19567.832
301202.SZ,20240820,25.43,25.66,25.0,25.08,25.43,-0.35,-1.3763,10652.9,26940.277
301203.SZ,20240820,27.26,27.39,26.5,26.52,27.25,-0.73,-2.6789,3225.3,8678.443
301205.SZ,20240820,52.05,52.33,50.79,51.1,51.88,-0.78,-1.5035,15047.92,77436.67
301206.SZ,20240820,25.17,25.18,24.29,24.31,24.8,-0.49,-1.9758,3443.5,8462.829
301207.SZ,20240820,17.53,17.53,16.95,16.98,17.53,-0.55,-3.1375,27074.46,46550.077
301208.SZ,20240820,27.08,27.3,26.07,26.64,28.18,-1.54,-5.4649,74330.67,197581.515
301209.SZ,20240820,20.89,21.03,20.23,20.38,20.71,-0.33,-1.5934,10666.58,21956.478
301210.SZ,20240820,26.15,26.48,25.5,25.57,26.15,-0.58,-2.218,4522.81,11674.781
301211.SZ,20240820,15.02,15.18,14.67,14.74,15.2,-0.46,-3.0263,33000.6,49053.698
301212.SZ,20240820,18.4,19.5,18.25,18.7,18.4,0.3,1.6304,12177.0,22964.035
301213.SZ,20240820,29.64,29.81,28.3,28.54,30.14,-1.6,-5.3086,25203.0,72832.588
301215.SZ,20240820,5.28,5.28,5.13,5.14,5.27,-0.13,-2.4668,104195.0,53843.302
301216.SZ,20240820,10.24,10.27,10.16,10.22,10.21,0.01,0.0979,14684.6,15003.655
301217.SZ,20240820,9.42,9.51,9.24,9.25,9.44,-0.19,-2.0127,33718.0,31471.947
301218.SZ,20240820,19.9,19.99,19.46,19.59,19.99,-0.4,-2.001,17762.11,34869.863
301219.SZ,20240820,36.57,37.45,36.0,36.11,36.47,-0.36,-0.9871,35082.81,128757.005
301220.SZ,20240820,24.84,25.53,23.84,23.86,25.0,-1.14,-4.56,21401.4,52512.221
301221.SZ,20240820,33.67,33.73,32.42,32.6,33.68,-1.08,-3.2067,19020.0,62510.662
301222.SZ,20240820,21.71,21.71,21.0,21.15,21.58,-0.43,-1.9926,5808.01,12369.459
301223.SZ,20240820,14.88,14.9,14.11,14.11,15.08,-0.97,-6.4324,18429.2,26289.431
301225.SZ,20240820,24.51,24.75,24.11,24.31,24.51,-0.2,-0.816,3402.0,8268.711
301226.SZ,20240820,19.6,19.76,18.71,18.89,19.89,-1.0,-5.0277,90395.0,171655.981
301227.SZ,20240820,15.14,15.25,14.76,14.95,15.28,-0.33,-2.1597,12398.0,18514.823
301228.SZ,20240820,11.11,11.2,10.37,10.47,11.5,-1.03,-8.9565,95506.0,101477.184
301229.SZ,20240820,20.22,20.47,19.22,19.36,20.4,-1.04,-5.098,14394.04,28141.849
301230.SZ,20240820,21.72,21.83,21.16,21.19,21.73,-0.54,-2.485,15342.03,32833.718
301231.SZ,20240820,16.31,17.5,16.21,17.2,16.39,0.81,4.942,96687.84,164597.917
301232.SZ,20240820,25.48,25.5,24.4,24.46,25.05,-0.59,-2.3553,20525.33,50912.092
301233.SZ,20240820,37.88,38.4,36.5,36.65,37.6,-0.95,-2.5266,11569.0,43012.034
301234.SZ,20240820,23.38,23.38,22.26,22.55,23.39,-0.84,-3.5913,21084.32,47736.515
301235.SZ,20240820,18.08,18.1,17.37,17.39,18.06,-0.67,-3.7099,7838.96,13873.525
301236.SZ,20240820,31.8,31.84,30.98,31.11,31.97,-0.86,-2.69,182008.32,569852.672
301237.SZ,20240820,21.02,21.29,20.5,20.71,21.2,-0.49,-2.3113,5427.0,11292.816
301238.SZ,20240820,13.01,13.08,12.6,12.66,12.91,-0.25,-1.9365,34154.0,43693.39
301239.SZ,20240820,35.1,35.2,33.7,33.8,35.13,-1.33,-3.7859,17552.0,60308.703
301246.SZ,20240820,12.47,12.99,12.32,12.37,12.4,-0.03,-0.2419,75436.84,95237.52
301248.SZ,20240820,13.76,13.9,13.41,13.5,13.81,-0.31,-2.2448,30245.0,41117.403
301251.SZ,20240820,28.41,29.12,28.27,28.55,28.57,-0.02,-0.07,24191.2,69415.455
301252.SZ,20240820,25.48,25.58,24.74,24.81,25.52,-0.71,-2.7821,14283.65,35754.322
301255.SZ,20240820,29.2,29.23,28.19,28.55,29.2,-0.65,-2.226,11348.6,32416.974
301256.SZ,20240820,6.03,6.09,5.9,5.94,6.04,-0.1,-1.6556,19162.96,11449.534
301257.SZ,20240820,25.79,25.89,24.6,24.6,25.81,-1.21,-4.6881,11105.4,27803.774
301258.SZ,20240820,23.11,23.28,22.15,22.28,23.05,-0.77,-3.3406,22573.45,50824.841
301259.SZ,20240820,23.42,23.6,23.16,23.22,23.34,-0.12,-0.5141,5223.9,12167.29
301260.SZ,20240820,12.25,12.26,11.86,11.87,12.21,-0.34,-2.7846,25059.51,30070.483
301261.SZ,20240820,35.57,36.2,34.77,36.16,35.89,0.27,0.7523,12293.0,43419.614
301262.SZ,20240820,21.65,21.89,21.26,21.42,21.59,-0.17,-0.7874,11944.0,25698.538
301263.SZ,20240820,13.54,13.7,13.54,13.6,13.64,-0.04,-0.2933,11359.2,15477.338
301265.SZ,20240820,7.96,8.01,7.73,7.73,8.02,-0.29,-3.616,18080.33,14202.841
301266.SZ,20240820,29.68,30.17,29.1,29.2,29.76,-0.56,-1.8817,18469.0,54617.899
301267.SZ,20240820,18.93,18.99,18.22,18.25,18.92,-0.67,-3.5412,28791.83,53231.516
301268.SZ,20240820,14.65,14.67,14.12,14.22,14.62,-0.4,-2.736,11395.0,16320.887
301269.SZ,20240820,72.15,72.84,70.88,71.21,72.47,-1.26,-1.7387,11180.25,80105.901
301270.SZ,20240820,24.44,25.27,23.82,25.0,24.38,0.62,2.5431,47552.0,117206.983
301272.SZ,20240820,31.72,32.02,30.79,31.11,31.71,-0.6,-1.8921,3409.16,10627.693
301273.SZ,20240820,15.7,15.93,15.09,15.19,15.77,-0.58,-3.6779,12085.79,18592.327
301276.SZ,20240820,18.6,18.6,17.81,18.0,18.61,-0.61,-3.2778,6710.0,12133.453
301277.SZ,20240820,12.86,12.96,12.52,12.62,12.93,-0.31,-2.3975,31703.0,40206.619
301278.SZ,20240820,31.5,31.79,30.31,30.4,31.5,-1.1,-3.4921,12147.5,37473.817
301279.SZ,20240820,17.61,17.71,17.28,17.49,17.6,-0.11,-0.625,14607.56,25528.224
301280.SZ,20240820,33.52,33.67,32.89,33.03,33.51,-0.48,-1.4324,4229.0,14033.956
301281.SZ,20240820,22.36,22.36,21.38,21.45,21.94,-0.49,-2.2334,12669.39,27457.193
301282.SZ,20240820,18.29,18.33,17.81,18.05,18.22,-0.17,-0.933,30314.0,54686.964
301283.SZ,20240820,24.6,24.62,22.82,23.02,25.03,-2.01,-8.0304,18994.2,44236.816
301285.SZ,20240820,22.85,23.13,22.1,22.3,22.85,-0.55,-2.407,19658.0,44174.56
301286.SZ,20240820,27.88,27.88,25.54,27.22,27.31,-0.09,-0.3295,1244.0,3368.81
301287.SZ,20240820,25.62,25.99,25.43,25.89,25.62,0.27,1.0539,6136.41,15797.681
301288.SZ,20240820,17.2,18.43,16.02,16.19,19.33,-3.14,-16.2442,147712.22,250731.087
301289.SZ,20240820,40.79,41.2,40.06,40.19,40.66,-0.47,-1.1559,9731.5,39458.708
301290.SZ,20240820,20.75,20.75,20.0,20.02,20.63,-0.61,-2.9569,7000.0,14159.575
301291.SZ,20240820,30.11,30.12,28.6,28.76,30.02,-1.26,-4.1972,32563.0,94262.946
301292.SZ,20240820,11.45,11.55,11.08,11.18,11.45,-0.27,-2.3581,11425.0,12849.571
301293.SZ,20240820,33.86,34.06,32.39,32.42,34.02,-1.6,-4.7031,40776.03,134715.537
301295.SZ,20240820,18.39,18.49,17.91,18.09,18.3,-0.21,-1.1475,10022.79,18141.404
301296.SZ,20240820,7.13,7.19,7.02,7.12,7.07,0.05,0.7072,24680.67,17535.756
301297.SZ,20240820,18.96,19.08,18.53,18.56,18.95,-0.39,-2.058,38538.0,72166.913
301298.SZ,20240820,12.2,12.2,11.77,11.83,12.1,-0.27,-2.2314,11272.51,13409.042
301299.SZ,20240820,39.01,39.1,37.69,37.74,39.02,-1.28,-3.2804,9406.0,35921.964
301300.SZ,20240820,21.79,22.1,21.27,21.4,21.73,-0.33,-1.5186,10128.0,21926.593
301301.SZ,20240820,11.4,11.44,11.03,11.1,11.38,-0.28,-2.4605,168069.05,187909.81
301302.SZ,20240820,16.45,16.73,16.1,16.21,16.54,-0.33,-1.9952,21646.98,35261.495
301303.SZ,20240820,11.21,11.22,11.01,11.01,11.21,-0.2,-1.7841,7585.66,8415.744
301305.SZ,20240820,16.32,16.45,15.84,15.91,16.32,-0.41,-2.5123,17931.0,28743.615
301306.SZ,20240820,33.7,33.87,32.44,32.76,33.6,-0.84,-2.5,25158.0,82716.386
301307.SZ,20240820,18.15,18.19,17.59,17.63,18.33,-0.7,-3.8189,22911.42,40824.451
301308.SZ,20240820,73.88,73.88,72.06,72.34,73.55,-1.21,-1.6451,24600.14,178878.193
301309.SZ,20240820,21.84,21.9,21.28,21.37,21.75,-0.38,-1.7471,5688.0,12220.217
301310.SZ,20240820,21.94,22.18,21.2,21.25,21.53,-0.28,-1.3005,11274.86,24322.909
301311.SZ,20240820,16.3,16.54,15.95,15.98,16.43,-0.45,-2.7389,16737.0,26952.385
301312.SZ,20240820,39.46,42.72,39.2,39.9,41.51,-1.61,-3.8786,59370.66,238629.979
301313.SZ,20240820,19.78,20.3,19.37,20.19,19.78,0.41,2.0728,44555.0,88492.708
301314.SZ,20240820,32.4,32.65,31.5,31.53,32.99,-1.46,-4.4256,14455.97,46230.172
301315.SZ,20240820,31.4,31.85,30.91,31.01,31.7,-0.69,-2.1767,20440.31,63864.057
301316.SZ,20240820,15.3,15.6,14.99,15.24,15.99,-0.75,-4.6904,173450.19,263950.054
301317.SZ,20240820,15.14,15.3,14.85,14.94,15.18,-0.24,-1.581,3319.0,4973.276
301318.SZ,20240820,26.49,26.59,25.8,25.92,26.18,-0.26,-0.9931,16354.51,42746.932
301319.SZ,20240820,26.07,26.2,24.91,25.13,26.5,-1.37,-5.1698,18510.49,47014.704
301320.SZ,20240820,12.97,12.98,12.72,12.87,12.9,-0.03,-0.2326,13321.0,17114.471
301321.SZ,20240820,10.91,11.42,10.76,10.94,10.9,0.04,0.367,36557.0,40623.263
301322.SZ,20240820,18.17,18.22,17.75,17.75,18.15,-0.4,-2.2039,5152.8,9250.24
301323.SZ,20240820,27.29,27.29,26.34,26.55,27.5,-0.95,-3.4545,6676.28,17831.809
301325.SZ,20240820,34.1,34.25,32.99,33.17,34.11,-0.94,-2.7558,13531.9,45269.282
301326.SZ,20240820,28.65,29.28,28.03,28.5,28.63,-0.13,-0.4541,11494.0,32815.312
301327.SZ,20240820,68.0,69.0,66.6,66.85,67.93,-1.08,-1.5899,4259.9,28798.935
301328.SZ,20240820,35.5,35.5,34.57,35.33,35.22,0.11,0.3123,7432.0,25964.322
301329.SZ,20240820,16.6,16.69,16.27,16.36,16.49,-0.13,-0.7884,13906.12,22869.68
301330.SZ,20240820,20.7,20.92,20.18,20.3,20.77,-0.47,-2.2629,9276.0,18956.715
301331.SZ,20240820,22.78,22.82,22.11,22.41,22.56,-0.15,-0.6649,5331.64,11946.813
301332.SZ,20240820,8.55,8.59,8.34,8.38,8.56,-0.18,-2.1028,19146.0,16125.77
301333.SZ,20240820,41.58,41.85,41.0,41.4,41.75,-0.35,-0.8383,7440.0,30733.03
301335.SZ,20240820,16.4,16.43,16.16,16.23,16.39,-0.16,-0.9762,3264.4,5306.724
301336.SZ,20240820,29.09,29.09,27.99,28.06,28.83,-0.77,-2.6708,3102.0,8782.594
301337.SZ,20240820,26.21,27.0,26.01,26.8,26.08,0.72,2.7607,43774.76,116065.494
301338.SZ,20240820,28.6,29.18,28.14,28.35,28.6,-0.25,-0.8741,11437.0,32558.39
301339.SZ,20240820,19.76,19.97,19.45,19.85,19.73,0.12,0.6082,24113.85,47674.435
301345.SZ,20240820,43.74,44.09,43.25,43.41,43.7,-0.29,-0.6636,4299.9,18731.87
301348.SZ,20240820,22.42,22.62,21.69,21.87,22.41,-0.54,-2.4096,41221.2,90546.76
301349.SZ,20240820,23.08,23.3,22.27,22.38,23.05,-0.67,-2.9067,6434.0,14577.26
301353.SZ,20240820,24.5,24.5,23.81,23.86,24.35,-0.49,-2.0123,4499.0,10803.88
301355.SZ,20240820,9.85,9.98,9.67,9.86,9.86,0.0,0.0,19662.63,19195.822
301356.SZ,20240820,12.21,12.21,11.89,11.9,12.16,-0.26,-2.1382,5253.8,6303.693
301357.SZ,20240820,27.72,28.14,26.94,27.08,27.99,-0.91,-3.2512,16082.4,43989.664
301358.SZ,20240820,25.09,25.23,24.25,24.42,25.11,-0.69,-2.7479,41534.68,102240.797
301359.SZ,20240820,19.7,19.7,18.99,19.11,19.41,-0.3,-1.5456,9456.0,18194.854
301360.SZ,20240820,43.96,46.65,42.42,42.62,44.3,-1.68,-3.7923,32852.74,145063.581
301361.SZ,20240820,22.95,22.97,22.31,22.47,22.7,-0.23,-1.0132,22079.0,49677.549
301362.SZ,20240820,32.11,32.43,31.44,31.62,32.11,-0.49,-1.526,3583.09,11364.039
301363.SZ,20240820,27.13,27.96,27.08,27.34,27.6,-0.26,-0.942,12902.76,35528.009
301365.SZ,20240820,10.93,11.01,10.47,10.58,11.0,-0.42,-3.8182,20939.5,22368.332
301366.SZ,20240820,28.5,29.45,27.98,28.36,29.7,-1.34,-4.5118,53989.2,153331.653
301367.SZ,20240820,65.0,65.75,60.67,61.24,66.2,-4.96,-7.4924,14367.77,89343.461
301368.SZ,20240820,39.09,40.46,38.3,40.3,39.07,1.23,3.1482,51973.16,205378.083
301369.SZ,20240820,46.54,47.85,45.73,47.4,46.53,0.87,1.8698,41825.15,196598.698
301370.SZ,20240820,9.88,9.9,9.43,9.44,9.96,-0.52,-5.2209,66337.18,63737.988
301371.SZ,20240820,27.9,27.9,27.15,27.27,27.9,-0.63,-2.2581,6397.51,17522.587
301372.SZ,20240820,21.16,21.27,20.5,20.52,21.1,-0.58,-2.7488,10003.25,20762.44
301373.SZ,20240820,21.92,22.17,21.05,21.07,21.92,-0.85,-3.8777,4110.0,8823.537
301376.SZ,20240820,19.22,19.25,18.58,18.67,19.32,-0.65,-3.3644,13635.21,25732.736
301377.SZ,20240820,15.85,15.99,15.73,15.87,15.92,-0.05,-0.3141,8099.3,12825.794
301378.SZ,20240820,20.0,20.2,19.04,19.22,20.77,-1.55,-7.4627,25185.9,48922.724
301379.SZ,20240820,15.68,15.85,15.49,15.62,15.73,-0.11,-0.6993,14431.4,22538.68
301380.SZ,20240820,32.02,32.77,31.98,32.23,32.63,-0.4,-1.2259,6306.0,20326.276
301381.SZ,20240820,21.5,22.09,21.45,21.49,21.75,-0.26,-1.1954,18775.14,40873.329
301382.SZ,20240820,16.71,17.67,16.22,17.16,17.08,0.08,0.4684,89736.76,152460.288
301383.SZ,20240820,28.55,29.23,27.91,28.5,28.76,-0.26,-0.904,95890.12,273748.06
301386.SZ,20240820,19.91,19.98,19.36,19.37,19.94,-0.57,-2.8586,8072.21,15836.555
301387.SZ,20240820,29.2,29.65,28.42,28.68,28.99,-0.31,-1.0693,17863.6,51657.823
301388.SZ,20240820,18.61,18.68,18.17,18.26,18.63,-0.37,-1.986,19069.0,34936.387
301389.SZ,20240820,13.67,13.85,13.34,13.4,13.64,-0.24,-1.7595,41440.0,56102.843
301390.SZ,20240820,27.8,27.87,26.66,26.82,27.8,-0.98,-3.5252,6377.31,17236.376
301391.SZ,20240820,35.1,35.2,34.08,34.27,35.09,-0.82,-2.3368,8697.8,29989.286
301392.SZ,20240820,45.01,46.09,43.74,44.08,45.56,-1.48,-3.2485,27361.77,121845.261
301393.SZ,20240820,37.8,38.06,36.75,36.91,37.9,-0.99,-2.6121,7813.75,29125.479
301395.SZ,20240820,9.22,9.29,9.0,9.0,9.22,-0.22,-2.3861,11154.09,10106.162
301396.SZ,20240820,21.36,21.6,20.5,20.92,21.15,-0.23,-1.0875,38284.4,80165.017
301397.SZ,20240820,22.2,22.2,21.85,22.04,22.19,-0.15,-0.676,8710.0,19150.342
301398.SZ,20240820,33.7,34.69,33.5,33.97,34.25,-0.28,-0.8175,14947.0,50985.487
301399.SZ,20240820,21.9,22.5,20.6,21.12,21.78,-0.66,-3.0303,29585.92,62733.111
301408.SZ,20240820,10.43,10.49,10.04,10.08,10.4,-0.32,-3.0769,32907.0,33508.876
301413.SZ,20240820,36.3,38.32,35.13,38.31,35.85,2.46,6.8619,23451.3,86461.165
301418.SZ,20240820,33.28,33.62,32.92,32.99,33.38,-0.39,-1.1684,6620.0,21980.824
301419.SZ,20240820,22.25,22.39,21.75,21.92,22.25,-0.33,-1.4831,6025.0,13290.004
301421.SZ,20240820,37.27,40.99,37.0,38.24,37.42,0.82,2.1913,49185.78,189913.033
301428.SZ,20240820,27.47,28.0,26.44,26.95,28.0,-1.05,-3.75,27670.89,75016.577
301429.SZ,20240820,13.83,13.9,13.4,13.51,13.82,-0.31,-2.2431,10842.72,14700.694
301439.SZ,20240820,11.08,11.1,10.83,10.87,11.08,-0.21,-1.8953,12858.92,14034.789
301446.SZ,20240820,18.91,19.1,18.38,18.8,18.88,-0.08,-0.4237,15360.3,28607.371
301448.SZ,20240820,19.38,19.56,19.02,19.1,19.36,-0.26,-1.343,7287.5,13999.699
301456.SZ,20240820,21.01,21.26,20.53,20.58,21.01,-0.43,-2.0466,9282.0,19268.175
301459.SZ,20240820,34.29,34.77,33.92,34.65,34.5,0.15,0.4348,4647.27,15957.782
301468.SZ,20240820,19.9,20.06,19.28,19.33,19.72,-0.39,-1.9777,5568.8,10865.59
301469.SZ,20240820,21.65,21.65,21.08,21.16,21.4,-0.24,-1.1215,6547.06,13938.253
301486.SZ,20240820,38.51,44.25,38.51,40.98,38.21,2.77,7.2494,98911.81,405173.913
301487.SZ,20240820,13.9,14.3,13.79,13.96,13.93,0.03,0.2154,145213.28,204306.966
301488.SZ,20240820,51.42,51.69,50.05,50.33,51.71,-1.38,-2.6687,8329.0,42266.597
301489.SZ,20240820,61.01,61.29,57.3,57.66,61.0,-3.34,-5.4754,17093.61,100866.512
301498.SZ,20240820,44.6,45.3,44.11,44.3,44.87,-0.57,-1.2703,14469.54,64681.685
301499.SZ,20240820,21.99,22.11,21.6,21.79,21.96,-0.17,-0.7741,9138.64,19929.723
301500.SZ,20240820,17.02,17.28,16.25,16.26,17.34,-1.08,-6.2284,49412.93,82341.248
301502.SZ,20240820,36.97,38.1,36.64,37.54,36.91,0.63,1.7069,8007.14,30025.126
301503.SZ,20240820,27.02,29.49,26.82,28.3,27.03,1.27,4.6985,29435.0,82302.439
301505.SZ,20240820,22.59,22.65,22.08,22.19,22.6,-0.41,-1.8142,10151.39,22609.68
301507.SZ,20240820,13.0,13.35,12.91,13.07,12.97,0.1,0.771,90512.63,118201.227
301508.SZ,20240820,31.54,31.55,30.79,30.97,31.6,-0.63,-1.9937,21539.61,66887.061
301509.SZ,20240820,27.92,28.32,27.16,27.32,28.22,-0.9,-3.1892,19905.69,54815.386
301510.SZ,20240820,20.55,20.63,19.85,20.03,20.69,-0.66,-3.1899,47493.09,95492.214
301511.SZ,20240820,10.4,10.54,9.88,10.12,10.4,-0.28,-2.6923,127524.42,129268.678
301512.SZ,20240820,40.08,40.98,40.08,40.63,41.09,-0.46,-1.1195,6060.46,24501.512
301515.SZ,20240820,18.0,18.0,17.32,17.43,17.92,-0.49,-2.7344,10628.56,18671.247
301516.SZ,20240820,16.44,16.55,15.9,16.04,16.28,-0.24,-1.4742,34944.04,56425.758
301517.SZ,20240820,48.39,48.39,47.1,47.45,47.99,-0.54,-1.1252,18072.85,85855.122
301518.SZ,20240820,14.77,14.91,14.47,14.51,14.77,-0.26,-1.7603,8501.25,12437.785
301519.SZ,20240820,12.63,12.69,12.2,12.3,12.63,-0.33,-2.6128,16874.0,20869.201
301520.SZ,20240820,38.66,38.89,37.89,38.0,38.88,-0.88,-2.2634,6836.15,26161.916
301525.SZ,20240820,47.4,47.47,45.83,45.94,47.4,-1.46,-3.0802,5842.53,27018.671
301526.SZ,20240820,3.15,3.16,3.08,3.1,3.16,-0.06,-1.8987,123003.69,38313.668
301528.SZ,20240820,42.49,43.27,41.11,41.96,41.31,0.65,1.5735,9692.72,40718.043
301529.SZ,20240820,28.05,28.45,27.81,28.01,28.0,0.01,0.0357,5187.0,14533.728
301533.SZ,20240820,24.67,24.88,24.5,24.52,24.67,-0.15,-0.608,5664.0,13976.127
301536.SZ,20240820,33.4,35.5,32.71,34.74,32.93,1.81,5.4965,62286.65,213741.126
301538.SZ,20240820,76.14,77.77,71.71,72.51,82.25,-9.74,-11.8419,26575.6,197012.622
301539.SZ,20240820,18.6,18.6,18.05,18.23,18.44,-0.21,-1.1388,16637.46,30325.007
301548.SZ,20240820,47.01,47.5,45.75,45.85,47.01,-1.16,-2.4676,4582.36,21309.492
301550.SZ,20240820,44.99,47.39,44.21,47.34,45.57,1.77,3.8841,74836.46,342143.903
301552.SZ,20240820,45.81,47.09,45.63,46.46,46.07,0.39,0.8465,19947.67,92394.949
301555.SZ,20240820,25.93,26.37,25.61,25.66,26.04,-0.38,-1.4593,8419.1,21820.584
301558.SZ,20240820,8.12,8.57,8.03,8.38,8.18,0.2,2.445,193351.87,161028.128
301559.SZ,20240820,15.16,15.24,14.94,15.01,15.22,-0.21,-1.3798,12142.8,18288.384
301565.SZ,20240820,18.9,19.13,18.38,18.45,18.96,-0.51,-2.6899,55996.81,104472.583
301566.SZ,20240820,16.36,16.92,16.04,16.15,16.37,-0.22,-1.3439,35862.05,58587.035
301567.SZ,20240820,41.62,42.79,40.79,41.78,41.31,0.47,1.1377,21140.0,88465.987
301568.SZ,20240820,32.07,33.33,30.37,32.91,31.9,1.01,3.1661,86951.06,279122.194
301577.SZ,20240820,52.88,53.29,52.23,52.4,52.32,0.08,0.1529,9081.0,47887.415
301578.SZ,20240820,40.47,47.77,40.47,47.77,39.81,7.96,19.995,92388.02,406820.624
301580.SZ,20240820,56.49,56.5,55.55,55.7,56.5,-0.8,-1.4159,11019.86,61664.407
301587.SZ,20240820,22.2,22.38,21.8,22.1,22.24,-0.14,-0.6295,14517.5,31995.056
301588.SZ,20240820,19.69,19.83,19.49,19.51,19.72,-0.21,-1.0649,9692.11,19009.516
301589.SZ,20240820,147.93,153.17,147.93,149.93,148.17,1.76,1.1878,9226.88,138771.125
301591.SZ,20240820,31.38,31.39,30.38,30.62,31.36,-0.74,-2.3597,11939.0,36679.583
301596.SZ,20240820,67.16,67.55,64.85,66.81,66.95,-0.14,-0.2091,15470.0,101930.275
301603.SZ,20240820,36.46,37.07,35.97,36.98,36.4,0.58,1.5934,31378.07,114813.037
301606.SZ,20240820,28.0,29.45,27.77,28.71,27.91,0.8,2.8664,65546.41,186816.956
301608.SZ,20240820,54.5,55.55,53.48,54.9,54.65,0.25,0.4575,30152.93,163606.223
301611.SZ,20240820,30.61,34.43,29.96,32.31,32.05,0.26,0.8112,293781.63,947025.437
302132.SZ,20240820,43.01,43.17,41.88,42.17,43.0,-0.83,-1.9302,57983.72,245521.09
