ts_code,trade_date,open,high,low,close,pre_close,change,pct_chg,vol,amount
300001.SZ,20240301,19.97,21.55,19.61,20.44,19.86,0.58,2.9204,341264.01,700429.065
300002.SZ,20240301,10.9,11.02,10.71,10.93,10.86,0.07,0.6446,1105824.86,1203905.963
300003.SZ,20240301,15.09,15.1,14.85,15.06,15.09,-0.03,-0.1988,159854.59,239821.978
300004.SZ,20240301,4.58,4.72,4.55,4.72,4.54,0.18,3.9648,78106.0,36285.486
300005.SZ,20240301,5.05,5.17,5.02,5.14,5.04,0.1,1.9841,129367.0,65926.15
300006.SZ,20240301,2.74,2.79,2.72,2.78,2.74,0.04,1.4599,169597.83,46720.658
300007.SZ,20240301,16.25,16.49,16.11,16.47,16.16,0.31,1.9183,126559.33,206561.517
300008.SZ,20240301,3.76,3.78,3.71,3.74,3.74,0.0,0.0,276028.9,103247.557
300009.SZ,20240301,10.0,10.04,9.84,9.91,9.98,-0.07,-0.7014,118141.53,116945.383
300010.SZ,20240301,2.33,2.35,2.26,2.28,2.33,-0.05,-2.1459,120389.07,27628.912
300011.SZ,20240301,5.86,6.07,5.85,6.04,5.86,0.18,3.0717,98567.0,58810.137
300012.SZ,20240301,13.18,13.29,12.97,13.14,13.18,-0.04,-0.3035,180437.2,236019.724
300013.SZ,20240301,2.89,2.89,2.72,2.77,2.85,-0.08,-2.807,267279.05,74550.083
300014.SZ,20240301,38.33,39.81,38.2,39.4,38.31,1.09,2.8452,432525.15,1689612.523
300015.SZ,20240301,14.58,14.58,14.31,14.45,14.65,-0.2,-1.3652,814735.23,1175247.478
300016.SZ,20240301,4.93,5.06,4.87,4.98,4.86,0.12,2.4691,114245.0,56757.534
300017.SZ,20240301,10.25,10.56,10.04,10.48,10.25,0.23,2.2439,1917547.96,1976454.908
300018.SZ,20240301,4.9,5.02,4.85,4.98,4.86,0.12,2.4691,104519.0,51815.405
300019.SZ,20240301,14.0,14.27,13.9,14.03,13.82,0.21,1.5195,43692.42,61406.238
300020.SZ,20240301,6.82,6.94,6.77,6.93,6.82,0.11,1.6129,368655.19,253089.555
300021.SZ,20240301,3.95,4.0,3.91,3.99,3.95,0.04,1.0127,72970.53,28858.983
300022.SZ,20240301,4.0,4.07,3.94,4.02,3.99,0.03,0.7519,98241.24,39366.869
300024.SZ,20240301,11.92,12.28,11.86,12.14,11.95,0.19,1.59,603082.36,728156.599
300025.SZ,20240301,8.28,8.55,8.23,8.37,8.2,0.17,2.0732,86989.02,72588.813
300026.SZ,20240301,3.96,3.99,3.92,3.96,3.97,-0.01,-0.2519,351062.45,138791.205
300027.SZ,20240301,2.39,2.52,2.31,2.39,2.44,-0.05,-2.0492,1652709.97,396341.905
300029.SZ,20240301,4.93,4.99,4.86,4.97,4.89,0.08,1.636,20807.0,10250.843
300030.SZ,20240301,5.15,5.28,5.03,5.13,5.13,0.0,0.0,99657.0,50968.332
300031.SZ,20240301,15.95,16.23,15.54,15.9,15.96,-0.06,-0.3759,268167.75,424962.348
300032.SZ,20240301,4.52,4.59,4.44,4.52,4.48,0.04,0.8929,302748.42,136642.408
300033.SZ,20240301,136.51,143.3,134.68,141.26,137.07,4.19,3.0568,119361.05,1657215.243
300034.SZ,20240301,16.66,16.77,16.33,16.58,16.47,0.11,0.6679,122493.16,201872.908
300035.SZ,20240301,8.93,9.06,8.86,9.01,8.97,0.04,0.4459,96172.18,86226.311
300036.SZ,20240301,16.77,17.11,16.72,17.09,16.85,0.24,1.4243,158447.93,268635.487
300037.SZ,20240301,40.4,40.58,38.89,39.39,40.68,-1.29,-3.1711,166740.18,658475.721
300039.SZ,20240301,6.34,6.38,6.26,6.33,6.34,-0.01,-0.1577,205131.9,129353.947
300040.SZ,20240301,4.35,4.43,4.29,4.43,4.32,0.11,2.5463,83498.21,36578.184
300041.SZ,20240301,8.74,8.86,8.68,8.83,8.75,0.08,0.9143,76074.24,66832.566
300042.SZ,20240301,32.39,35.18,31.78,34.91,32.4,2.51,7.7469,127836.18,431271.268
300043.SZ,20240301,2.97,3.06,2.94,3.03,2.95,0.08,2.7119,486643.0,146164.047
300044.SZ,20240301,5.3,5.42,5.21,5.31,5.3,0.01,0.1887,700630.35,372356.689
300045.SZ,20240301,22.44,23.75,21.66,22.95,22.44,0.51,2.2727,1251337.14,2851775.765
300046.SZ,20240301,12.29,12.77,12.19,12.65,12.16,0.49,4.0296,78449.0,98444.12
300047.SZ,20240301,7.8,7.91,7.65,7.87,7.85,0.02,0.2548,498431.61,388746.838
300048.SZ,20240301,4.74,4.87,4.7,4.85,4.72,0.13,2.7542,92929.05,44709.339
300049.SZ,20240301,43.8,45.0,42.86,44.55,43.99,0.56,1.273,53920.56,236337.046
300050.SZ,20240301,3.42,3.52,3.38,3.47,3.39,0.08,2.3599,241401.94,83138.139
300051.SZ,20240301,9.62,9.62,9.23,9.41,9.35,0.06,0.6417,28719.04,26928.952
300052.SZ,20240301,16.2,16.5,15.83,16.21,15.96,0.25,1.5664,170690.44,276234.848
300053.SZ,20240301,10.88,11.11,10.73,11.06,10.75,0.31,2.8837,370011.66,405172.988
300054.SZ,20240301,21.1,21.29,20.81,20.99,21.15,-0.16,-0.7565,72181.68,151508.924
300055.SZ,20240301,4.94,5.04,4.91,5.0,4.94,0.06,1.2146,49540.72,24601.159
300056.SZ,20240301,8.85,9.4,8.72,9.09,8.79,0.3,3.413,253764.39,229577.907
300057.SZ,20240301,4.86,4.87,4.75,4.83,4.77,0.06,1.2579,100593.21,48392.55
300058.SZ,20240301,7.38,7.55,7.32,7.51,7.38,0.13,1.7615,1168564.93,871536.33
300059.SZ,20240301,13.99,14.17,13.83,14.0,14.04,-0.04,-0.2849,2853507.72,3981584.56
300061.SZ,20240301,4.5,4.6,4.4,4.53,4.47,0.06,1.3423,241715.64,108270.185
300062.SZ,20240301,4.66,5.05,4.61,4.92,4.62,0.3,6.4935,255735.11,124534.977
300063.SZ,20240301,5.13,5.36,5.05,5.27,5.19,0.08,1.5414,948707.03,491083.173
300065.SZ,20240301,7.75,7.94,7.68,7.88,7.75,0.13,1.6774,229956.39,180001.546
300066.SZ,20240301,3.86,3.94,3.83,3.93,3.85,0.08,2.0779,172272.07,67210.457
300067.SZ,20240301,3.65,3.73,3.44,3.58,3.73,-0.15,-4.0214,1178091.16,422649.975
300068.SZ,20240301,12.02,12.2,11.67,12.2,11.6,0.6,5.1724,353838.64,424102.18
300069.SZ,20240301,10.53,11.22,10.5,10.67,10.3,0.37,3.5922,35474.0,38240.283
300070.SZ,20240301,5.07,5.22,5.07,5.12,5.09,0.03,0.5894,309516.09,158587.071
300071.SZ,20240301,2.86,3.03,2.84,3.0,2.87,0.13,4.5296,375247.09,109984.345
300072.SZ,20240301,2.69,2.76,2.64,2.69,2.64,0.05,1.8939,368103.07,98954.286
300073.SZ,20240301,34.98,35.25,34.36,34.88,34.84,0.04,0.1148,107921.87,375071.325
300074.SZ,20240301,3.57,3.67,3.54,3.63,3.55,0.08,2.2535,204054.28,73614.833
300075.SZ,20240301,14.55,15.17,14.52,15.17,14.6,0.57,3.9041,259612.24,387524.387
300076.SZ,20240301,4.22,4.27,4.14,4.21,4.2,0.01,0.2381,307823.61,129371.844
300077.SZ,20240301,10.1,10.25,10.01,10.25,10.11,0.14,1.3848,214527.3,218026.38
300078.SZ,20240301,3.56,3.58,3.28,3.4,3.56,-0.16,-4.4944,425907.54,145790.079
300079.SZ,20240301,5.09,5.15,5.02,5.14,5.07,0.07,1.3807,416166.38,212415.562
300080.SZ,20240301,4.34,4.39,4.29,4.38,4.34,0.04,0.9217,83848.51,36430.893
300081.SZ,20240301,7.61,7.88,7.58,7.86,7.61,0.25,3.2852,387840.15,301272.503
300082.SZ,20240301,5.12,5.25,5.04,5.11,5.1,0.01,0.1961,59221.75,30247.066
300083.SZ,20240301,5.25,5.39,5.24,5.32,5.27,0.05,0.9488,495294.07,263180.421
300084.SZ,20240301,5.82,5.92,5.71,5.88,5.72,0.16,2.7972,79908.4,46549.231
300085.SZ,20240301,11.15,11.56,11.13,11.49,11.26,0.23,2.0426,218284.07,247910.3
300086.SZ,20240301,4.88,5.05,4.83,5.04,4.87,0.17,3.4908,132413.01,65663.999
300087.SZ,20240301,8.51,8.59,8.32,8.42,8.6,-0.18,-2.093,281190.61,236789.408
300088.SZ,20240301,5.36,5.52,5.33,5.5,5.36,0.14,2.6119,670824.36,365135.865
300091.SZ,20240301,2.2,2.27,2.11,2.18,2.18,0.0,0.0,601061.43,130840.731
300092.SZ,20240301,12.26,12.33,11.57,11.84,12.0,-0.16,-1.3333,161497.74,192673.513
300093.SZ,20240301,21.27,22.48,20.89,22.2,21.41,0.79,3.6899,354105.12,770426.439
300094.SZ,20240301,3.67,3.75,3.58,3.68,3.67,0.01,0.2725,619632.63,226958.771
300095.SZ,20240301,6.69,6.75,6.6,6.68,6.66,0.02,0.3003,48970.0,32734.886
300096.SZ,20240301,4.31,4.38,4.15,4.23,4.32,-0.09,-2.0833,292394.0,124165.104
300097.SZ,20240301,7.93,8.15,7.65,8.09,7.85,0.24,3.0573,333383.72,265232.166
300098.SZ,20240301,3.51,3.6,3.5,3.58,3.5,0.08,2.2857,431767.17,153663.938
300099.SZ,20240301,5.17,5.32,5.07,5.15,5.04,0.11,2.1825,194750.81,100670.079
300100.SZ,20240301,8.28,8.47,8.18,8.41,8.28,0.13,1.57,126748.0,105386.053
300101.SZ,20240301,16.43,16.95,16.4,16.81,16.46,0.35,2.1264,154026.69,257143.506
300102.SZ,20240301,6.37,6.63,6.37,6.59,6.37,0.22,3.4537,221343.52,144539.487
300103.SZ,20240301,4.21,4.46,4.1,4.2,4.21,-0.01,-0.2375,78755.0,33177.086
300105.SZ,20240301,5.62,5.88,5.56,5.8,5.62,0.18,3.2028,145259.0,82849.441
300106.SZ,20240301,6.78,6.82,6.63,6.76,6.73,0.03,0.4458,84276.46,56758.187
300107.SZ,20240301,4.04,4.06,3.95,4.03,4.01,0.02,0.4988,42451.0,17019.174
300108.SZ,20240301,2.55,2.71,2.54,2.62,2.54,0.08,3.1496,159568.52,41732.641
300109.SZ,20240301,17.7,17.72,16.9,17.19,17.75,-0.56,-3.1549,110603.13,190527.378
300110.SZ,20240301,3.58,3.62,3.55,3.61,3.57,0.04,1.1204,126199.15,45298.562
300111.SZ,20240301,2.46,2.5,2.45,2.49,2.47,0.02,0.8097,155120.55,38461.596
300112.SZ,20240301,8.88,9.19,8.63,8.8,8.56,0.24,2.8037,171745.0,152164.018
300113.SZ,20240301,12.5,12.82,12.4,12.78,12.47,0.31,2.486,178380.41,224916.427
300115.SZ,20240301,9.82,10.15,9.8,10.14,9.78,0.36,3.681,349017.71,349766.931
300117.SZ,20240301,1.84,1.85,1.72,1.76,1.83,-0.07,-3.8251,529252.8,93557.123
300118.SZ,20240301,16.19,16.4,15.91,16.23,16.18,0.05,0.309,319877.99,516164.713
300119.SZ,20240301,14.79,14.81,14.4,14.59,14.78,-0.19,-1.2855,31598.69,46042.18
300120.SZ,20240301,4.99,5.07,4.87,5.05,4.94,0.11,2.2267,108575.36,54193.961
300121.SZ,20240301,8.0,8.12,7.97,8.06,7.99,0.07,0.8761,25650.0,20601.373
300122.SZ,20240301,53.48,53.48,52.22,53.02,53.49,-0.47,-0.8787,112894.79,596809.086
300123.SZ,20240301,5.84,6.0,5.8,6.0,5.84,0.16,2.7397,384461.84,228168.001
300124.SZ,20240301,63.21,64.08,62.83,63.85,63.21,0.64,1.0125,140041.14,891089.159
300125.SZ,20240301,8.35,8.49,8.15,8.41,8.32,0.09,1.0817,154891.0,128785.486
300126.SZ,20240301,4.96,5.1,4.95,5.09,4.96,0.13,2.621,79460.0,39964.041
300127.SZ,20240301,14.34,14.62,14.22,14.61,14.35,0.26,1.8118,44108.0,63864.477
300128.SZ,20240301,4.26,4.4,4.16,4.32,4.22,0.1,2.3697,269661.13,115650.593
300129.SZ,20240301,8.05,8.12,7.76,7.87,8.14,-0.27,-3.317,524329.35,413673.677
300130.SZ,20240301,23.1,23.37,22.84,23.24,23.0,0.24,1.0435,150112.66,347405.306
300131.SZ,20240301,4.88,5.0,4.85,4.96,4.86,0.1,2.0576,508413.91,251286.027
300132.SZ,20240301,3.77,3.85,3.71,3.81,3.75,0.06,1.6,84786.0,32032.031
300133.SZ,20240301,5.44,5.6,5.4,5.58,5.49,0.09,1.6393,816925.59,448859.446
300134.SZ,20240301,8.78,9.0,8.71,8.8,8.79,0.01,0.1138,192644.1,169997.116
300135.SZ,20240301,2.47,2.51,2.39,2.44,2.45,-0.01,-0.4082,388912.69,95055.65
300136.SZ,20240301,19.98,20.58,19.88,20.44,20.09,0.35,1.7422,322332.3,654509.248
300137.SZ,20240301,4.8,5.0,4.73,4.99,4.78,0.21,4.3933,118176.89,57808.498
300138.SZ,20240301,11.88,11.92,11.57,11.72,11.9,-0.18,-1.5126,75408.01,88386.661
300139.SZ,20240301,7.78,8.03,7.69,8.03,7.65,0.38,4.9673,124754.0,98657.999
300140.SZ,20240301,6.95,7.08,6.9,6.98,6.99,-0.01,-0.1431,54409.0,37919.416
300141.SZ,20240301,7.3,8.53,7.18,8.53,7.11,1.42,19.9719,258938.45,211575.495
300142.SZ,20240301,18.4,18.59,18.08,18.52,18.4,0.12,0.6522,170857.72,313599.232
300143.SZ,20240301,8.54,8.62,8.39,8.46,8.56,-0.1,-1.1682,73188.0,61976.087
300144.SZ,20240301,10.78,11.01,10.61,10.98,10.8,0.18,1.6667,295959.58,321947.252
300145.SZ,20240301,2.67,2.75,2.67,2.72,2.66,0.06,2.2556,387551.0,105085.802
300146.SZ,20240301,16.89,16.89,16.58,16.78,16.9,-0.12,-0.7101,118019.83,197387.956
300147.SZ,20240301,3.85,3.89,3.77,3.84,3.84,0.0,0.0,127003.03,48596.246
300148.SZ,20240301,3.21,3.28,3.17,3.25,3.18,0.07,2.2013,415758.65,133941.396
300149.SZ,20240301,5.33,5.43,5.3,5.4,5.34,0.06,1.1236,109821.63,58996.767
300150.SZ,20240301,3.28,3.4,3.25,3.34,3.28,0.06,1.8293,146792.0,48623.097
300151.SZ,20240301,15.19,15.26,14.92,15.1,15.2,-0.1,-0.6579,33801.98,50983.791
300152.SZ,20240301,3.95,3.95,3.5,3.55,3.29,0.26,7.9027,2844898.57,1084814.672
300153.SZ,20240301,5.94,6.35,5.94,6.26,5.94,0.32,5.3872,117047.0,72240.595
300154.SZ,20240301,5.7,5.78,5.61,5.77,5.68,0.09,1.5845,70237.0,40005.612
300155.SZ,20240301,3.84,3.98,3.8,3.94,3.84,0.1,2.6042,127685.75,49575.891
300157.SZ,20240301,3.35,3.73,3.14,3.36,3.29,0.07,2.1277,833854.91,287417.19
300158.SZ,20240301,5.08,5.12,4.99,5.07,5.1,-0.03,-0.5882,260999.17,131644.314
300159.SZ,20240301,2.03,2.07,1.99,2.04,2.02,0.02,0.9901,316532.58,64301.046
300160.SZ,20240301,4.85,4.95,4.83,4.94,4.85,0.09,1.8557,89173.07,43628.444
300161.SZ,20240301,32.7,35.98,32.36,35.57,32.99,2.58,7.8206,271456.46,937486.252
300162.SZ,20240301,5.3,5.68,5.28,5.57,5.33,0.24,4.5028,176339.0,96680.034
300163.SZ,20240301,2.67,2.7,2.59,2.66,2.64,0.02,0.7576,156761.03,41477.523
300164.SZ,20240301,3.96,4.07,3.89,3.95,3.94,0.01,0.2538,227151.0,89918.199
300165.SZ,20240301,4.11,4.94,4.1,4.94,4.12,0.82,19.9029,427430.1,193784.339
300166.SZ,20240301,8.41,8.77,8.4,8.72,8.4,0.32,3.8095,516880.83,445097.683
300167.SZ,20240301,2.4,2.43,2.3,2.35,2.39,-0.04,-1.6736,111015.0,26138.433
300168.SZ,20240301,6.76,7.0,6.72,7.0,6.77,0.23,3.3973,251484.53,172954.645
300169.SZ,20240301,6.15,6.51,6.07,6.33,6.29,0.04,0.6359,442318.93,276799.331
300170.SZ,20240301,6.89,7.13,6.89,7.11,6.89,0.22,3.193,346267.71,243858.593
300171.SZ,20240301,15.9,16.05,15.68,15.89,16.05,-0.16,-0.9969,78670.11,124684.69
300172.SZ,20240301,4.84,4.9,4.74,4.86,4.84,0.02,0.4132,312959.32,150669.242
300173.SZ,20240301,4.02,4.15,3.97,4.15,4.01,0.14,3.4913,287113.0,116406.578
300174.SZ,20240301,13.86,14.13,13.63,14.05,13.81,0.24,1.7379,35322.29,49271.884
300175.SZ,20240301,6.58,6.87,6.56,6.7,6.55,0.15,2.2901,206894.8,139060.17
300176.SZ,20240301,4.89,4.97,4.77,4.88,4.86,0.02,0.4115,91286.0,44388.285
300177.SZ,20240301,5.05,5.27,5.05,5.24,5.06,0.18,3.5573,208238.82,107726.899
300179.SZ,20240301,7.09,7.16,7.0,7.14,7.03,0.11,1.5647,65793.77,46606.258
300180.SZ,20240301,3.51,3.52,3.42,3.48,3.48,0.0,0.0,317456.72,109732.811
300181.SZ,20240301,10.75,11.25,10.65,11.1,10.74,0.36,3.352,235251.05,259906.053
300182.SZ,20240301,5.05,5.13,4.98,5.09,5.1,-0.01,-0.1961,1545475.19,781165.394
300183.SZ,20240301,12.25,12.67,12.25,12.58,12.29,0.29,2.3596,65498.88,81713.365
300184.SZ,20240301,4.79,4.91,4.78,4.9,4.79,0.11,2.2965,629767.8,306185.837
300185.SZ,20240301,2.34,2.37,2.33,2.35,2.35,0.0,0.0,268300.0,62875.81
300187.SZ,20240301,4.55,4.62,4.46,4.56,4.53,0.03,0.6623,38971.0,17611.684
300188.SZ,20240301,15.61,16.04,15.39,15.91,15.49,0.42,2.7114,358023.74,564323.654
300189.SZ,20240301,3.06,3.13,3.03,3.09,3.14,-0.05,-1.5924,437909.98,134750.52
300190.SZ,20240301,3.34,3.35,3.24,3.31,3.31,0.0,0.0,83679.84,27527.951
300191.SZ,20240301,14.3,14.3,12.91,13.02,13.13,-0.11,-0.8378,135943.42,184085.861
300192.SZ,20240301,9.85,9.95,9.51,9.85,10.03,-0.18,-1.7946,265081.9,258603.37
300193.SZ,20240301,6.96,7.13,6.94,7.09,6.96,0.13,1.8678,59173.59,41698.721
300194.SZ,20240301,3.68,3.7,3.63,3.67,3.67,0.0,0.0,184396.25,67372.912
300195.SZ,20240301,5.08,5.18,5.03,5.18,5.07,0.11,2.1696,116488.02,59621.152
300196.SZ,20240301,9.35,9.4,9.27,9.36,9.35,0.01,0.107,25260.0,23592.269
300197.SZ,20240301,2.11,2.13,2.05,2.08,2.1,-0.02,-0.9524,442764.5,92237.68
300198.SZ,20240301,2.05,2.06,1.94,1.98,2.02,-0.04,-1.9802,359078.0,71089.912
300199.SZ,20240301,12.99,13.97,12.81,13.78,13.12,0.66,5.0305,814056.8,1099930.648
300200.SZ,20240301,6.53,6.71,6.48,6.6,6.49,0.11,1.6949,101603.67,66903.151
300201.SZ,20240301,4.59,4.68,4.5,4.55,4.5,0.05,1.1111,328277.0,150313.521
300203.SZ,20240301,13.25,14.15,13.15,14.15,13.16,0.99,7.5228,125737.82,171375.69
300204.SZ,20240301,7.16,7.28,7.1,7.21,7.2,0.01,0.1389,60003.0,43085.292
300205.SZ,20240301,6.02,6.1,5.92,5.97,6.06,-0.09,-1.4851,109521.56,65763.179
300206.SZ,20240301,9.18,10.55,9.05,10.01,9.18,0.83,9.0414,142779.32,137821.88
300207.SZ,20240301,14.4,14.45,14.16,14.36,14.22,0.14,0.9845,318038.43,454963.367
300208.SZ,20240301,4.54,4.63,4.38,4.48,4.58,-0.1,-2.1834,307147.86,136695.398
300209.SZ,20240301,3.23,3.27,3.08,3.13,3.13,0.0,0.0,286317.82,90500.28
300210.SZ,20240301,11.27,12.27,11.0,11.61,11.37,0.24,2.1108,771413.68,891131.16
300211.SZ,20240301,6.83,7.1,6.81,7.08,6.79,0.29,4.271,70716.0,49421.962
300212.SZ,20240301,26.0,27.12,25.81,26.99,25.88,1.11,4.289,342705.6,910706.934
300213.SZ,20240301,6.15,6.41,6.15,6.31,6.12,0.19,3.1046,257493.0,161396.1
300214.SZ,20240301,5.25,5.29,5.18,5.27,5.24,0.03,0.5725,16493.09,8643.083
300215.SZ,20240301,3.99,4.12,3.98,4.09,3.99,0.1,2.5063,72096.73,29151.457
300217.SZ,20240301,4.65,4.7,4.62,4.69,4.64,0.05,1.0776,195681.6,91265.767
300218.SZ,20240301,11.25,11.5,10.96,11.44,11.23,0.21,1.87,34403.0,38831.757
300219.SZ,20240301,6.56,6.78,6.52,6.74,6.57,0.17,2.5875,116511.12,77837.274
300220.SZ,20240301,6.85,6.85,6.67,6.74,6.9,-0.16,-2.3188,23173.2,15629.016
300221.SZ,20240301,4.48,4.5,4.36,4.45,4.42,0.03,0.6787,131013.0,57864.996
300222.SZ,20240301,6.06,6.33,6.05,6.28,6.06,0.22,3.6304,238515.01,148171.902
300223.SZ,20240301,65.88,70.28,64.9,68.15,65.55,2.6,3.9664,307418.59,2063200.372
300224.SZ,20240301,10.5,10.63,10.43,10.59,10.55,0.04,0.3791,78656.94,82974.066
300225.SZ,20240301,6.18,6.24,5.98,6.09,6.09,0.0,0.0,121784.0,74101.002
300226.SZ,20240301,23.02,23.54,22.82,23.43,22.9,0.53,2.3144,118841.76,276384.278
300227.SZ,20240301,6.26,6.48,6.21,6.4,6.18,0.22,3.5599,145639.55,92602.321
300228.SZ,20240301,8.74,8.83,7.74,7.9,8.32,-0.42,-5.0481,719411.2,583890.464
300229.SZ,20240301,15.1,16.22,14.99,16.04,15.11,0.93,6.1549,724794.29,1137133.312
300230.SZ,20240301,3.59,3.68,3.56,3.67,3.59,0.08,2.2284,104794.0,37972.737
300231.SZ,20240301,8.83,9.06,8.79,9.05,8.84,0.21,2.3756,177451.95,158950.875
300232.SZ,20240301,6.58,6.75,6.48,6.72,6.53,0.19,2.9096,419831.36,279072.94
300233.SZ,20240301,14.52,15.39,14.33,15.31,14.51,0.8,5.5134,117803.25,177391.439
300234.SZ,20240301,4.19,4.29,4.02,4.11,4.19,-0.08,-1.9093,149688.99,61630.761
300235.SZ,20240301,9.72,9.96,9.59,9.9,9.78,0.12,1.227,143929.5,140940.025
300236.SZ,20240301,34.38,35.3,34.18,34.93,34.75,0.18,0.518,107630.0,373278.047
300237.SZ,20240301,1.56,1.6,1.51,1.57,1.53,0.04,2.6144,481074.0,74760.485
300238.SZ,20240301,10.25,10.35,10.11,10.3,10.25,0.05,0.4878,63510.1,64987.654
300239.SZ,20240301,5.71,5.79,5.45,5.5,5.92,-0.42,-7.0946,450018.0,251054.027
300240.SZ,20240301,5.35,5.44,5.29,5.39,5.36,0.03,0.5597,64579.0,34630.733
300241.SZ,20240301,3.87,4.14,3.87,4.06,3.87,0.19,4.9096,306741.93,123333.632
300242.SZ,20240301,2.9,2.95,2.81,2.87,2.92,-0.05,-1.7123,490186.97,140821.321
300243.SZ,20240301,6.97,7.04,6.78,6.94,6.93,0.01,0.1443,49275.4,33924.101
300244.SZ,20240301,19.2,19.3,18.91,19.25,19.2,0.05,0.2604,62064.0,118549.181
300245.SZ,20240301,6.35,6.43,6.15,6.39,6.24,0.15,2.4038,147835.8,93519.608
300246.SZ,20240301,7.08,7.3,7.0,7.21,7.09,0.12,1.6925,72893.5,52021.693
300247.SZ,20240301,2.89,2.91,2.83,2.89,2.89,0.0,0.0,140179.0,40270.737
300248.SZ,20240301,7.65,7.9,7.64,7.89,7.65,0.24,3.1373,97576.27,75950.785
300249.SZ,20240301,7.74,8.23,7.66,7.99,7.87,0.12,1.5248,414433.83,330132.953
300250.SZ,20240301,14.7,15.58,14.6,15.48,14.54,0.94,6.4649,170462.0,260285.08
300251.SZ,20240301,9.08,9.54,9.04,9.45,9.08,0.37,4.0749,521701.47,484106.815
300252.SZ,20240301,7.24,7.46,7.23,7.42,7.23,0.19,2.6279,222366.01,163793.724
300253.SZ,20240301,7.1,7.23,6.98,7.15,7.09,0.06,0.8463,385145.07,272984.71
300254.SZ,20240301,7.36,7.49,7.26,7.48,7.36,0.12,1.6304,53332.0,39498.332
300255.SZ,20240301,12.0,12.65,11.77,12.38,12.2,0.18,1.4754,809607.1,991041.503
300256.SZ,20240301,2.31,2.4,2.31,2.37,2.3,0.07,3.0435,416838.0,98568.709
300257.SZ,20240301,14.52,14.78,14.33,14.41,14.5,-0.09,-0.6207,52689.28,76179.671
300258.SZ,20240301,10.24,10.36,10.1,10.34,10.26,0.08,0.7797,104317.64,106859.434
300259.SZ,20240301,3.12,3.2,3.11,3.19,3.12,0.07,2.2436,108740.2,34339.316
300260.SZ,20240301,29.7,30.5,27.81,28.57,27.97,0.6,2.1452,401284.75,1166473.227
300261.SZ,20240301,5.98,6.06,5.91,6.05,5.98,0.07,1.1706,108270.98,64946.022
300263.SZ,20240301,6.1,6.2,6.05,6.18,6.11,0.07,1.1457,103149.0,63364.495
300264.SZ,20240301,6.36,6.5,6.27,6.4,6.36,0.04,0.6289,367388.0,234546.753
300265.SZ,20240301,6.63,6.77,6.55,6.73,6.64,0.09,1.3554,119570.93,79706.687
300266.SZ,20240301,2.03,2.06,1.98,2.02,2.03,-0.01,-0.4926,216457.48,43619.919
300267.SZ,20240301,2.63,2.65,2.59,2.62,2.63,-0.01,-0.3802,163891.18,42870.241
300268.SZ,20240301,9.57,10.09,9.51,10.09,9.57,0.52,5.4336,7762.0,7637.512
300269.SZ,20240301,4.67,5.03,4.61,4.93,4.66,0.27,5.794,686211.57,332821.389
300270.SZ,20240301,6.54,6.73,6.45,6.63,6.76,-0.13,-1.9231,237409.46,156554.31
300271.SZ,20240301,6.43,6.63,6.33,6.6,6.4,0.2,3.125,210421.9,136570.542
300272.SZ,20240301,4.55,4.69,4.5,4.67,4.55,0.12,2.6374,132531.76,60776.098
300274.SZ,20240301,87.22,88.4,85.3,87.57,87.21,0.36,0.4128,231584.63,2013652.229
300275.SZ,20240301,9.2,9.34,9.12,9.27,9.24,0.03,0.3247,49890.6,46066.946
300276.SZ,20240301,4.6,4.63,4.35,4.45,4.53,-0.08,-1.766,1064053.6,474556.592
300277.SZ,20240301,6.73,7.02,6.67,7.02,6.73,0.29,4.3091,89829.5,61693.305
300278.SZ,20240301,3.52,3.59,3.46,3.53,3.59,-0.06,-1.6713,527357.41,185267.169
300279.SZ,20240301,4.8,4.95,4.75,4.92,4.81,0.11,2.2869,128146.0,62422.567
300280.SZ,20240301,40.53,42.53,39.4,42.2,40.23,1.97,4.8968,171896.96,701963.587
300281.SZ,20240301,4.16,4.27,4.09,4.21,4.16,0.05,1.2019,141757.77,59070.708
300283.SZ,20240301,4.8,4.84,4.68,4.79,4.78,0.01,0.2092,114733.17,54590.81
300284.SZ,20240301,4.93,4.99,4.89,4.95,4.97,-0.02,-0.4024,72499.36,35776.388
300285.SZ,20240301,20.37,20.47,19.94,20.16,20.37,-0.21,-1.0309,81815.2,164976.807
300286.SZ,20240301,20.35,21.51,20.35,21.33,20.23,1.1,5.4375,71042.17,149183.214
300287.SZ,20240301,3.15,3.22,3.12,3.2,3.14,0.06,1.9108,384585.0,122131.321
300288.SZ,20240301,13.23,13.75,13.22,13.75,13.25,0.5,3.7736,141301.02,191515.088
300289.SZ,20240301,4.56,4.65,4.51,4.61,4.5,0.11,2.4444,63967.0,29236.785
300290.SZ,20240301,6.35,6.42,6.04,6.19,6.38,-0.19,-2.9781,763592.31,472684.211
300291.SZ,20240301,5.56,6.14,5.47,5.97,5.62,0.35,6.2278,954386.22,551966.465
300292.SZ,20240301,3.1,3.16,3.09,3.16,3.08,0.08,2.5974,305640.84,95703.247
300293.SZ,20240301,15.16,17.79,15.12,17.1,14.87,2.23,14.9966,794444.66,1262253.834
300294.SZ,20240301,28.76,29.05,28.35,28.93,28.76,0.17,0.5911,53682.94,154436.17
300295.SZ,20240301,9.4,9.7,9.34,9.69,9.34,0.35,3.7473,104446.2,99697.867
300296.SZ,20240301,5.33,5.43,5.28,5.42,5.31,0.11,2.0716,325488.83,175298.035
300298.SZ,20240301,23.25,23.46,22.5,22.9,23.47,-0.57,-2.4286,70996.7,161935.077
300299.SZ,20240301,4.87,4.96,4.8,4.94,4.84,0.1,2.0661,272229.0,133038.562
300300.SZ,20240301,2.95,3.08,2.95,3.02,2.96,0.06,2.027,244090.75,73184.897
300301.SZ,20240301,1.46,1.49,1.46,1.47,1.48,-0.01,-0.6757,60210.0,8857.685
300302.SZ,20240301,10.07,10.61,10.06,10.54,10.08,0.46,4.5635,249630.74,259697.131
300303.SZ,20240301,5.0,5.14,5.0,5.11,5.03,0.08,1.5905,446487.94,226575.847
300304.SZ,20240301,5.91,5.97,5.83,5.96,5.86,0.1,1.7065,145348.28,85896.881
300305.SZ,20240301,6.78,6.94,6.7,6.92,6.74,0.18,2.6706,42547.04,28996.602
300306.SZ,20240301,9.55,9.99,9.52,9.94,9.51,0.43,4.5216,57845.63,56737.433
300307.SZ,20240301,5.33,5.47,5.3,5.45,5.31,0.14,2.6365,144495.0,77849.491
300308.SZ,20240301,156.03,163.52,156.03,161.1,155.16,5.94,3.8283,378206.58,6060755.921
300310.SZ,20240301,3.9,3.94,3.81,3.91,3.87,0.04,1.0336,297745.17,115469.818
300311.SZ,20240301,5.0,5.4,4.92,5.21,5.0,0.21,4.2,251854.64,130248.649
300313.SZ,20240301,8.97,9.21,8.76,8.87,8.95,-0.08,-0.8939,82750.75,74156.057
300314.SZ,20240301,11.58,11.75,11.4,11.65,11.58,0.07,0.6045,37383.02,43412.362
300315.SZ,20240301,5.37,5.55,5.33,5.46,5.4,0.06,1.1111,2308214.9,1253082.007
300316.SZ,20240301,37.0,37.56,36.67,36.92,37.0,-0.08,-0.2162,140199.9,518847.476
300317.SZ,20240301,3.9,4.04,3.87,4.04,3.9,0.14,3.5897,184475.42,73171.694
300318.SZ,20240301,4.56,4.65,4.51,4.63,4.57,0.06,1.3129,85723.22,39173.18
300319.SZ,20240301,8.08,8.33,8.06,8.27,8.09,0.18,2.225,232811.52,191586.226
300320.SZ,20240301,6.07,6.17,6.05,6.13,6.07,0.06,0.9885,65792.14,40226.546
300321.SZ,20240301,14.08,14.27,13.67,14.18,13.94,0.24,1.7217,14780.13,20702.456
300322.SZ,20240301,9.0,9.33,9.0,9.19,9.0,0.19,2.1111,559955.32,514592.128
300323.SZ,20240301,5.47,5.6,5.43,5.56,5.47,0.09,1.6453,145349.51,80348.922
300324.SZ,20240301,2.69,2.74,2.66,2.74,2.68,0.06,2.2388,411512.91,111268.725
300326.SZ,20240301,5.18,5.27,5.14,5.26,5.19,0.07,1.3487,83755.65,43627.27
300327.SZ,20240301,19.12,19.65,19.07,19.57,19.13,0.44,2.3001,79275.23,153803.211
300328.SZ,20240301,5.17,5.31,5.16,5.26,5.17,0.09,1.7408,119092.89,62361.979
300329.SZ,20240301,4.9,4.95,4.66,4.87,4.85,0.02,0.4124,65424.84,31701.654
300331.SZ,20240301,18.26,18.95,18.26,18.8,18.02,0.78,4.3285,124236.14,232207.049
300332.SZ,20240301,7.16,7.29,7.14,7.23,7.23,0.0,0.0,60662.0,43645.94
300333.SZ,20240301,5.1,5.27,5.04,5.24,5.1,0.14,2.7451,160466.31,82730.256
300334.SZ,20240301,5.47,5.68,5.47,5.68,5.48,0.2,3.6496,62583.0,35067.741
300335.SZ,20240301,4.39,4.43,4.27,4.38,4.36,0.02,0.4587,213421.09,92530.698
300337.SZ,20240301,6.38,6.51,6.3,6.43,6.33,0.1,1.5798,244809.37,156422.517
300338.SZ,20240301,3.95,3.99,3.74,3.8,3.99,-0.19,-4.7619,381148.5,147191.194
300339.SZ,20240301,23.15,23.86,22.88,23.67,22.99,0.68,2.9578,674831.7,1579932.693
300340.SZ,20240301,8.52,8.7,8.3,8.58,8.53,0.05,0.5862,87585.0,74496.669
300341.SZ,20240301,9.18,9.55,9.18,9.54,9.16,0.38,4.1485,113383.0,106981.805
300342.SZ,20240301,12.99,13.66,12.86,13.5,12.96,0.54,4.1667,446534.43,591887.114
300343.SZ,20240301,5.27,5.38,5.24,5.35,5.29,0.06,1.1342,230463.85,122419.215
300344.SZ,20240301,4.25,4.33,4.17,4.26,4.22,0.04,0.9479,235942.08,100107.364
300345.SZ,20240301,6.93,7.08,6.81,6.93,6.93,0.0,0.0,35925.0,24885.091
300346.SZ,20240301,26.06,26.06,25.4,25.81,26.06,-0.25,-0.9593,297793.52,765766.188
300347.SZ,20240301,44.95,45.54,44.44,45.2,45.05,0.15,0.333,118083.59,531159.289
300348.SZ,20240301,8.24,8.59,8.22,8.53,8.25,0.28,3.3939,147559.07,124204.332
300349.SZ,20240301,11.77,11.88,11.63,11.81,11.72,0.09,0.7679,75976.37,89379.584
300350.SZ,20240301,4.59,4.66,4.53,4.62,4.59,0.03,0.6536,252696.07,115989.862
300351.SZ,20240301,17.22,20.39,17.0,18.49,16.99,1.5,8.8287,524610.01,981000.832
300352.SZ,20240301,4.28,4.41,4.27,4.39,4.3,0.09,2.093,254097.68,110233.788
300353.SZ,20240301,10.31,10.53,10.07,10.37,10.24,0.13,1.2695,327614.79,338225.939
300354.SZ,20240301,45.69,46.46,44.75,45.58,45.63,-0.05,-0.1096,19761.54,89846.391
300355.SZ,20240301,3.2,3.22,3.16,3.2,3.2,0.0,0.0,324540.48,103354.815
300357.SZ,20240301,25.98,26.15,25.6,25.97,26.15,-0.18,-0.6883,50377.72,129967.871
300358.SZ,20240301,9.12,9.23,9.0,9.12,9.08,0.04,0.4405,116765.59,106300.824
300359.SZ,20240301,5.31,5.37,5.18,5.31,5.42,-0.11,-2.0295,385738.5,203453.158
300360.SZ,20240301,16.31,17.35,16.22,17.24,16.36,0.88,5.379,216735.71,366904.898
300363.SZ,20240301,20.1,20.25,19.8,20.06,20.2,-0.14,-0.6931,105036.92,210050.986
300364.SZ,20240301,28.41,31.34,28.4,30.4,28.87,1.53,5.2996,1894435.74,5737827.599
300365.SZ,20240301,5.44,5.64,5.4,5.58,5.4,0.18,3.3333,205958.32,113794.248
300366.SZ,20240301,10.11,10.65,10.06,10.57,10.02,0.55,5.489,450345.36,467259.948
300368.SZ,20240301,5.86,6.1,5.78,5.99,5.89,0.1,1.6978,206756.37,122352.534
300369.SZ,20240301,7.38,7.72,7.38,7.69,7.41,0.28,3.7787,202520.26,153758.048
300370.SZ,20240301,2.26,2.3,2.21,2.24,2.25,-0.01,-0.4444,210099.0,47221.338
300371.SZ,20240301,8.81,9.11,8.81,9.1,8.81,0.29,3.2917,35814.02,32104.176
300373.SZ,20240301,40.0,41.2,39.45,40.74,39.75,0.99,2.4906,201047.46,813675.693
300374.SZ,20240301,18.1,18.99,17.64,17.72,18.52,-0.8,-4.3197,376768.87,684007.388
300375.SZ,20240301,4.23,4.5,4.21,4.36,4.29,0.07,1.6317,516237.55,223609.136
300376.SZ,20240301,5.94,6.49,5.91,6.28,5.91,0.37,6.2606,574795.4,357335.414
300377.SZ,20240301,6.57,6.77,6.49,6.72,6.54,0.18,2.7523,258677.68,172436.935
300378.SZ,20240301,18.56,19.34,18.56,19.21,18.35,0.86,4.6866,140803.01,267732.682
300379.SZ,20240301,14.02,14.52,14.02,14.48,14.08,0.4,2.8409,214956.39,307402.284
300380.SZ,20240301,18.1,18.48,17.63,18.25,18.19,0.06,0.3299,115920.61,208902.505
300381.SZ,20240301,5.04,5.15,5.01,5.09,5.05,0.04,0.7921,63355.12,32182.327
300382.SZ,20240301,8.12,8.2,8.01,8.12,8.12,0.0,0.0,61590.0,49995.644
300383.SZ,20240301,9.39,9.77,9.37,9.76,9.4,0.36,3.8298,344983.49,331412.77
300384.SZ,20240301,13.22,14.14,13.05,14.07,13.18,0.89,6.7527,75640.18,103567.775
300385.SZ,20240301,4.44,4.51,4.33,4.42,4.42,0.0,0.0,59713.0,26334.272
300386.SZ,20240301,7.7,8.25,7.61,7.99,7.71,0.28,3.6316,113088.65,89379.603
300387.SZ,20240301,5.84,5.87,5.74,5.83,5.83,0.0,0.0,94814.0,55030.856
300388.SZ,20240301,5.74,5.83,5.67,5.76,5.73,0.03,0.5236,45709.2,26256.859
300389.SZ,20240301,16.87,17.77,16.65,17.68,16.78,0.9,5.3635,84741.07,146605.55
300390.SZ,20240301,22.9,23.18,22.55,22.7,22.88,-0.18,-0.7867,176054.55,400535.335
300391.SZ,20240301,4.75,4.86,4.66,4.78,4.74,0.04,0.8439,78764.0,37397.144
300393.SZ,20240301,9.22,9.35,9.1,9.25,9.23,0.02,0.2167,170502.46,157160.868
300394.SZ,20240301,135.0,139.99,131.69,136.88,136.0,0.88,0.6471,239438.38,3273435.312
300395.SZ,20240301,30.22,31.36,30.09,31.27,29.99,1.28,4.2681,100657.56,311051.301
300396.SZ,20240301,27.49,27.61,26.65,27.23,27.55,-0.32,-1.1615,26561.0,71638.794
300397.SZ,20240301,7.71,7.93,7.65,7.89,7.65,0.24,3.1373,122822.33,95985.741
300398.SZ,20240301,13.26,13.78,13.15,13.61,13.32,0.29,2.1772,285971.72,385870.951
300399.SZ,20240301,11.81,12.09,11.48,11.64,12.49,-0.85,-6.8054,198134.58,233591.531
300400.SZ,20240301,12.03,12.2,11.81,12.07,11.88,0.19,1.5993,70150.73,84335.674
300401.SZ,20240301,9.44,9.49,9.3,9.4,9.44,-0.04,-0.4237,45887.0,43079.277
300402.SZ,20240301,15.65,15.83,15.36,15.74,15.6,0.14,0.8974,63212.18,98740.761
300403.SZ,20240301,7.85,8.07,7.71,8.0,7.82,0.18,2.3018,347251.12,275135.555
300404.SZ,20240301,7.32,7.47,7.17,7.33,7.37,-0.04,-0.5427,188663.83,137664.666
300405.SZ,20240301,6.21,6.4,5.75,5.89,6.24,-0.35,-5.609,454529.07,271560.591
300406.SZ,20240301,20.69,21.38,20.36,21.3,20.77,0.53,2.5518,75041.82,158089.547
300407.SZ,20240301,6.45,6.65,6.39,6.64,6.47,0.17,2.6275,73842.54,48189.874
300408.SZ,20240301,25.5,26.01,25.12,25.82,25.36,0.46,1.8139,127224.61,326202.779
300409.SZ,20240301,9.31,9.5,9.18,9.39,9.31,0.08,0.8593,82085.47,76540.271
300410.SZ,20240301,5.88,6.15,5.88,6.03,5.89,0.14,2.3769,114870.73,69223.247
300411.SZ,20240301,5.2,5.3,5.11,5.26,5.2,0.06,1.1538,98944.0,51640.76
300412.SZ,20240301,3.82,3.87,3.71,3.82,3.81,0.01,0.2625,193500.4,73414.541
300413.SZ,20240301,24.87,25.81,24.55,25.63,24.78,0.85,3.4302,366149.66,920592.31
300414.SZ,20240301,7.33,7.59,7.33,7.55,7.32,0.23,3.1421,105743.0,79239.217
300415.SZ,20240301,17.4,17.82,17.3,17.7,17.3,0.4,2.3121,61266.46,107749.007
300416.SZ,20240301,13.94,14.3,13.84,14.2,14.03,0.17,1.2117,68998.04,97101.489
300417.SZ,20240301,8.0,8.9,7.8,8.36,7.97,0.39,4.8934,87787.9,72272.944
300418.SZ,20240301,40.45,43.49,40.05,42.38,40.37,2.01,4.9789,1110457.0,4651962.849
300419.SZ,20240301,4.82,4.98,4.76,4.92,4.84,0.08,1.6529,299845.64,146350.616
300420.SZ,20240301,2.62,2.66,2.58,2.64,2.63,0.01,0.3802,200377.47,52691.599
300421.SZ,20240301,8.64,9.0,8.64,8.91,8.65,0.26,3.0058,114655.67,101483.069
300422.SZ,20240301,4.35,4.45,4.28,4.38,4.33,0.05,1.1547,60153.34,26155.383
300423.SZ,20240301,8.25,8.39,7.44,7.54,8.21,-0.67,-8.1608,461843.5,359290.219
300424.SZ,20240301,9.51,9.7,9.46,9.69,9.45,0.24,2.5397,47329.03,45442.208
300425.SZ,20240301,4.46,4.51,4.4,4.45,4.46,-0.01,-0.2242,278529.3,123875.82
300426.SZ,20240301,8.71,9.2,8.6,9.13,8.66,0.47,5.4273,170504.0,151880.072
300427.SZ,20240301,4.35,4.4,4.1,4.13,4.5,-0.37,-8.2222,273959.08,116602.213
300428.SZ,20240301,17.18,17.56,17.12,17.5,17.23,0.27,1.567,63758.94,111039.925
300429.SZ,20240301,9.86,10.16,9.7,9.96,9.86,0.1,1.0142,487742.62,485408.258
300430.SZ,20240301,15.07,15.49,14.12,14.6,14.4,0.2,1.3889,219851.4,324173.055
300432.SZ,20240301,8.24,8.35,8.09,8.28,8.19,0.09,1.0989,212340.83,174775.021
300433.SZ,20240301,12.14,12.5,12.11,12.48,12.1,0.38,3.1405,349602.95,432443.936
300434.SZ,20240301,9.05,9.12,8.96,9.09,9.04,0.05,0.5531,36893.0,33377.434
300435.SZ,20240301,14.22,14.33,13.61,13.91,13.91,0.0,0.0,154134.23,215033.467
300436.SZ,20240301,19.88,19.88,19.27,19.55,19.69,-0.14,-0.711,22019.0,42823.268
300437.SZ,20240301,9.51,9.77,9.5,9.64,9.51,0.13,1.367,38842.53,37345.576
300438.SZ,20240301,22.75,23.18,22.36,22.76,22.77,-0.01,-0.0439,157671.55,357975.999
300439.SZ,20240301,9.26,9.35,9.17,9.34,9.25,0.09,0.973,40503.0,37536.663
300440.SZ,20240301,5.91,6.13,5.85,6.09,5.86,0.23,3.9249,83185.0,50086.685
300441.SZ,20240301,6.15,6.38,6.09,6.38,6.12,0.26,4.2484,127178.17,79586.859
300442.SZ,20240301,26.13,26.97,26.04,26.46,25.93,0.53,2.044,120682.15,319750.089
300443.SZ,20240301,19.76,19.97,19.51,19.89,19.76,0.13,0.6579,92372.0,182512.268
300444.SZ,20240301,5.91,6.53,5.86,6.18,5.75,0.43,7.4783,547660.27,336040.398
300445.SZ,20240301,17.88,18.89,17.67,18.88,17.84,1.04,5.8296,127499.86,234176.402
300446.SZ,20240301,13.13,13.35,12.92,13.18,13.02,0.16,1.2289,72418.41,95007.246
300447.SZ,20240301,11.47,11.76,11.42,11.76,11.45,0.31,2.7074,51283.86,59630.954
300448.SZ,20240301,4.09,4.22,4.09,4.2,4.08,0.12,2.9412,124901.9,52013.573
300449.SZ,20240301,4.41,4.56,4.37,4.51,4.41,0.1,2.2676,90988.0,40595.689
300450.SZ,20240301,22.9,23.19,22.65,22.95,22.7,0.25,1.1013,276326.14,633217.579
300451.SZ,20240301,4.76,4.87,4.67,4.85,4.78,0.07,1.4644,476938.72,227581.614
300452.SZ,20240301,12.72,12.78,12.57,12.69,12.73,-0.04,-0.3142,27432.68,34736.47
300453.SZ,20240301,6.18,6.28,6.1,6.2,6.17,0.03,0.4862,44314.52,27319.553
300454.SZ,20240301,63.41,65.59,63.0,65.45,63.4,2.05,3.2334,43962.51,284593.382
300455.SZ,20240301,10.8,11.05,10.73,10.99,10.8,0.19,1.7593,163213.0,178051.395
300456.SZ,20240301,20.3,20.98,20.2,20.88,20.3,0.58,2.8571,261502.74,541624.201
300457.SZ,20240301,16.35,16.6,16.18,16.52,16.37,0.15,0.9163,135672.27,222654.873
300458.SZ,20240301,19.49,19.93,19.27,19.9,19.29,0.61,3.1623,219194.02,431701.927
300459.SZ,20240301,4.57,4.73,4.51,4.66,4.55,0.11,2.4176,2044147.52,943594.145
300460.SZ,20240301,8.54,9.05,8.54,8.78,8.55,0.23,2.6901,104082.6,91074.589
300461.SZ,20240301,17.2,17.62,16.83,17.2,16.98,0.22,1.2956,51919.33,89099.781
300462.SZ,20240301,8.14,8.4,8.02,8.38,8.13,0.25,3.075,86542.0,71343.528
300463.SZ,20240301,12.77,12.98,12.66,12.95,12.77,0.18,1.4096,63042.0,81048.274
300464.SZ,20240301,4.21,4.32,4.2,4.28,4.2,0.08,1.9048,40327.0,17161.203
300465.SZ,20240301,8.2,8.72,8.15,8.56,8.2,0.36,4.3902,197166.55,167084.659
300466.SZ,20240301,7.83,7.98,7.57,7.79,7.77,0.02,0.2574,444793.8,346513.691
300467.SZ,20240301,13.43,13.98,13.43,13.81,13.39,0.42,3.1367,73446.0,100556.328
300468.SZ,20240301,8.94,10.5,8.78,9.57,8.92,0.65,7.287,520503.64,495722.222
300469.SZ,20240301,10.99,11.16,10.46,10.8,10.92,-0.12,-1.0989,213804.32,230587.044
300470.SZ,20240301,33.21,33.6,33.01,33.47,33.29,0.18,0.5407,11345.17,37915.45
300471.SZ,20240301,12.59,13.61,12.33,12.61,11.99,0.62,5.171,488562.12,627623.678
300472.SZ,20240301,6.3,6.75,6.3,6.5,6.35,0.15,2.3622,179320.75,116491.296
300473.SZ,20240301,15.5,15.91,15.14,15.45,15.47,-0.02,-0.1293,64172.78,98957.316
300474.SZ,20240301,63.69,66.8,62.71,66.05,63.0,3.05,4.8413,160500.35,1045227.976
300475.SZ,20240301,32.67,34.48,32.67,34.42,33.12,1.3,3.9251,240872.6,813248.426
300476.SZ,20240301,22.1,23.23,21.87,23.05,21.73,1.32,6.0746,651821.28,1480496.504
300477.SZ,20240301,2.73,2.79,2.69,2.78,2.72,0.06,2.2059,183674.79,50516.375
300478.SZ,20240301,9.45,9.69,9.28,9.61,9.47,0.14,1.4784,38110.0,36265.491
300479.SZ,20240301,17.18,17.67,16.99,17.65,17.18,0.47,2.7357,76327.14,132707.176
300480.SZ,20240301,16.93,18.14,16.93,18.0,16.87,1.13,6.6983,155953.5,275142.593
300481.SZ,20240301,14.28,14.44,14.03,14.18,13.99,0.19,1.3581,55545.64,78874.714
300482.SZ,20240301,27.16,27.26,26.69,27.08,27.07,0.01,0.0369,48187.19,129976.872
300483.SZ,20240301,8.77,8.96,8.67,8.79,8.71,0.08,0.9185,40479.17,35698.322
300484.SZ,20240301,8.78,9.19,8.71,9.05,8.71,0.34,3.9036,76980.0,68893.834
300485.SZ,20240301,8.18,8.25,8.1,8.25,8.18,0.07,0.8557,40699.0,33317.177
300486.SZ,20240301,6.26,6.36,6.02,6.11,6.4,-0.29,-4.5313,461933.5,284183.685
300487.SZ,20240301,50.24,50.8,48.65,49.51,50.3,-0.79,-1.5706,54755.5,270866.405
300488.SZ,20240301,22.1,22.65,22.08,22.42,22.13,0.29,1.3104,19901.21,44535.849
300489.SZ,20240301,15.4,15.97,15.14,15.58,15.24,0.34,2.231,23732.3,36848.495
300490.SZ,20240301,9.1,9.29,8.93,9.2,9.07,0.13,1.4333,142250.94,129743.822
300491.SZ,20240301,18.06,20.66,18.06,19.56,17.91,1.65,9.2127,119149.93,232769.041
300492.SZ,20240301,99.66,102.28,99.05,101.46,99.66,1.8,1.8061,6763.0,68235.477
300493.SZ,20240301,6.63,6.94,6.63,6.9,6.65,0.25,3.7594,174221.18,119074.009
300494.SZ,20240301,14.91,15.34,14.65,15.26,14.92,0.34,2.2788,600113.7,900835.715
300496.SZ,20240301,60.88,63.0,60.4,62.78,60.66,2.12,3.4949,205556.91,1270386.937
300497.SZ,20240301,8.68,8.69,8.44,8.58,8.7,-0.12,-1.3793,100079.42,85571.041
300498.SZ,20240301,19.09,19.15,18.6,18.85,19.18,-0.33,-1.7205,479198.3,901165.444
300499.SZ,20240301,11.68,12.88,11.68,12.8,11.55,1.25,10.8225,375698.33,470532.42
300500.SZ,20240301,9.55,9.67,9.23,9.45,9.38,0.07,0.7463,41786.4,39490.229
300501.SZ,20240301,11.52,11.79,11.41,11.63,11.52,0.11,0.9549,25333.53,29378.822
300502.SZ,20240301,60.3,66.06,60.28,64.8,60.05,4.75,7.9101,721298.05,4620107.213
300503.SZ,20240301,15.42,15.8,15.36,15.61,15.28,0.33,2.1597,229784.33,357859.158
300504.SZ,20240301,14.49,14.95,14.43,14.83,14.45,0.38,2.6298,45854.0,67461.809
300505.SZ,20240301,10.81,10.92,10.62,10.86,10.7,0.16,1.4953,98016.55,105675.42
300506.SZ,20240301,3.97,4.1,3.93,3.95,3.97,-0.02,-0.5038,190671.1,76223.402
300507.SZ,20240301,5.31,5.41,5.27,5.4,5.31,0.09,1.6949,214000.57,114411.423
300508.SZ,20240301,21.46,23.8,21.46,22.51,21.34,1.17,5.4827,58870.92,133025.813
300509.SZ,20240301,5.01,5.14,4.88,5.05,4.93,0.12,2.4341,101865.56,50963.586
300510.SZ,20240301,4.77,5.08,4.74,4.98,4.75,0.23,4.8421,261720.34,129179.988
300511.SZ,20240301,3.95,3.97,3.81,3.88,3.95,-0.07,-1.7722,186725.27,72527.202
300512.SZ,20240301,6.98,7.02,6.75,6.82,7.09,-0.27,-3.8082,112656.9,77237.051
300513.SZ,20240301,9.43,9.81,9.31,9.7,9.4,0.3,3.1915,73441.19,70149.987
300514.SZ,20240301,13.63,14.22,13.6,14.02,13.64,0.38,2.7859,79970.5,111610.121
300515.SZ,20240301,8.55,8.98,8.5,8.88,8.55,0.33,3.8596,58854.0,51130.599
300516.SZ,20240301,26.46,27.24,26.0,27.06,25.95,1.11,4.2775,29341.0,78626.325
300517.SZ,20240301,8.29,8.45,8.15,8.26,8.25,0.01,0.1212,39227.59,32486.848
300518.SZ,20240301,12.1,12.33,11.76,12.04,12.1,-0.06,-0.4959,49177.68,58960.065
300519.SZ,20240301,12.1,12.2,11.94,12.19,12.01,0.18,1.4988,26466.0,31965.616
300520.SZ,20240301,15.84,16.76,15.84,16.74,15.84,0.9,5.6818,126767.97,208068.492
300521.SZ,20240301,9.7,9.81,9.46,9.64,9.45,0.19,2.0106,29164.0,28046.439
300522.SZ,20240301,10.59,11.16,10.43,10.69,10.63,0.06,0.5644,56746.3,60794.928
300523.SZ,20240301,21.18,21.4,20.88,21.22,21.23,-0.01,-0.0471,52922.61,111882.863
300525.SZ,20240301,14.07,14.43,14.06,14.41,13.98,0.43,3.0758,111476.54,159247.384
300527.SZ,20240301,6.99,7.08,6.88,6.98,6.98,0.0,0.0,115729.91,80557.891
300528.SZ,20240301,8.14,8.48,8.1,8.4,8.12,0.28,3.4483,124135.8,102902.003
300529.SZ,20240301,20.1,20.67,19.94,20.66,20.07,0.59,2.9397,61808.96,125910.132
300530.SZ,20240301,19.8,21.58,19.12,20.25,20.31,-0.06,-0.2954,100377.98,204585.298
300531.SZ,20240301,12.0,12.3,11.86,12.27,11.95,0.32,2.6778,91914.23,111302.589
300532.SZ,20240301,14.51,14.68,14.27,14.65,14.48,0.17,1.174,128559.58,186643.794
300533.SZ,20240301,27.3,28.42,26.88,28.14,27.65,0.49,1.7722,195583.81,539927.399
300534.SZ,20240301,8.3,8.36,8.18,8.28,8.26,0.02,0.2421,95115.0,78608.076
300535.SZ,20240301,11.85,12.05,11.61,11.94,11.82,0.12,1.0152,30594.0,36218.682
300536.SZ,20240301,18.12,18.8,17.93,18.43,18.07,0.36,1.9923,54795.02,100817.514
300537.SZ,20240301,15.47,15.93,15.43,15.74,15.47,0.27,1.7453,158535.6,248555.947
300538.SZ,20240301,14.83,16.08,14.72,15.53,14.38,1.15,7.9972,240075.73,372246.696
300539.SZ,20240301,8.66,8.88,8.66,8.81,8.66,0.15,1.7321,61240.2,53626.865
300540.SZ,20240301,23.7,24.28,22.31,22.8,23.46,-0.66,-2.8133,63662.12,146265.813
300541.SZ,20240301,13.97,14.61,13.87,14.5,14.0,0.5,3.5714,188063.92,268324.467
300542.SZ,20240301,10.09,10.5,9.99,10.24,9.97,0.27,2.7081,90263.92,92023.062
300543.SZ,20240301,7.28,7.56,7.28,7.51,7.29,0.22,3.0178,90998.59,67846.424
300545.SZ,20240301,26.88,27.65,26.8,27.5,26.89,0.61,2.2685,54952.0,149953.312
300546.SZ,20240301,11.68,12.1,11.44,11.79,11.64,0.15,1.2887,82865.0,97031.507
300547.SZ,20240301,15.51,15.87,15.37,15.6,15.57,0.03,0.1927,42568.0,66388.246
300548.SZ,20240301,25.39,27.25,25.17,26.48,25.05,1.43,5.7086,235925.05,621420.902
300549.SZ,20240301,14.57,14.89,14.31,14.69,14.57,0.12,0.8236,58187.0,85045.778
300550.SZ,20240301,11.01,11.3,10.92,11.21,11.05,0.16,1.448,27764.01,30895.43
300551.SZ,20240301,14.55,15.76,14.55,15.49,14.55,0.94,6.4605,203184.56,311063.9
300552.SZ,20240301,19.49,20.36,19.18,20.01,19.35,0.66,3.4109,133716.0,263608.605
300553.SZ,20240301,25.26,26.47,25.2,26.08,25.27,0.81,3.2054,25851.1,67092.388
300554.SZ,20240301,19.2,19.43,18.71,19.26,19.56,-0.3,-1.5337,121200.4,231352.725
300555.SZ,20240301,6.16,6.21,5.97,6.11,6.17,-0.06,-0.9724,29527.99,18014.251
300556.SZ,20240301,24.51,25.57,24.33,24.97,24.86,0.11,0.4425,218344.24,543912.571
300557.SZ,20240301,26.58,27.4,26.46,27.24,26.57,0.67,2.5216,12282.0,33162.688
300558.SZ,20240301,43.6,43.85,43.0,43.59,43.33,0.26,0.6,40843.03,177344.513
300559.SZ,20240301,13.35,13.5,12.5,13.03,12.61,0.42,3.3307,198967.42,257800.623
300560.SZ,20240301,15.0,15.99,14.7,15.62,15.02,0.6,3.9947,139707.0,216032.362
300561.SZ,20240301,10.15,10.6,9.81,10.43,10.22,0.21,2.0548,174862.09,178482.147
300562.SZ,20240301,8.25,8.48,8.21,8.48,8.26,0.22,2.6634,84598.0,70710.274
300563.SZ,20240301,11.59,12.05,11.59,12.05,11.59,0.46,3.9689,65269.8,77358.086
300564.SZ,20240301,9.36,9.56,9.13,9.47,9.35,0.12,1.2834,42356.8,39482.809
300565.SZ,20240301,11.26,11.79,11.26,11.75,11.26,0.49,4.3517,75572.13,87923.849
300566.SZ,20240301,13.48,13.94,13.36,13.94,13.48,0.46,3.4125,78253.65,107641.016
300567.SZ,20240301,63.65,70.07,63.2,69.63,64.19,5.44,8.4748,120300.49,799354.304
300568.SZ,20240301,12.38,12.53,12.24,12.39,12.26,0.13,1.0604,202537.14,250734.73
300569.SZ,20240301,5.2,5.29,5.16,5.25,5.22,0.03,0.5747,152887.81,79908.547
300570.SZ,20240301,39.9,45.0,39.7,42.78,39.3,3.48,8.855,290547.56,1239091.499
300571.SZ,20240301,26.85,28.64,26.85,28.58,26.78,1.8,6.7214,59634.0,167018.248
300572.SZ,20240301,11.85,12.03,11.6,11.85,11.82,0.03,0.2538,40779.81,48070.779
300573.SZ,20240301,152.41,157.58,152.01,154.02,151.09,2.93,1.9392,31164.55,480804.097
300575.SZ,20240301,6.25,6.27,6.06,6.17,6.22,-0.05,-0.8039,74763.5,45976.025
300576.SZ,20240301,39.0,39.77,38.29,39.33,39.68,-0.35,-0.8821,250578.28,977464.651
300577.SZ,20240301,12.8,12.88,12.31,12.58,12.57,0.01,0.0796,18637.0,23425.518
300578.SZ,20240301,15.34,15.59,14.71,15.23,15.56,-0.33,-2.1208,139596.86,211925.441
300579.SZ,20240301,22.2,23.25,22.09,23.13,22.21,0.92,4.1423,46311.9,105336.186
300580.SZ,20240301,28.81,29.82,28.1,29.41,28.95,0.46,1.5889,127292.12,367748.014
300581.SZ,20240301,7.65,7.93,7.65,7.86,7.68,0.18,2.3438,75499.1,59020.402
300582.SZ,20240301,8.54,9.02,8.53,8.85,8.53,0.32,3.7515,82450.0,72234.7
300583.SZ,20240301,16.7,17.71,16.7,17.7,16.75,0.95,5.6716,39977.35,69318.152
300584.SZ,20240301,16.99,17.26,16.85,17.19,16.95,0.24,1.4159,18981.85,32397.724
300585.SZ,20240301,11.58,11.95,11.53,11.81,11.58,0.23,1.9862,80194.0,94000.218
300586.SZ,20240301,6.57,6.74,6.44,6.56,6.47,0.09,1.391,108358.8,71048.231
300587.SZ,20240301,4.4,4.45,4.33,4.42,4.37,0.05,1.1442,146243.51,64353.249
300588.SZ,20240301,9.0,9.96,9.0,9.66,9.0,0.66,7.3333,161242.2,152705.371
300589.SZ,20240301,11.09,11.37,11.09,11.31,11.15,0.16,1.435,57476.04,64752.26
300590.SZ,20240301,9.21,9.49,9.15,9.49,9.21,0.28,3.0402,81064.74,75850.725
300591.SZ,20240301,4.28,4.38,4.19,4.3,4.27,0.03,0.7026,87450.7,37494.751
300592.SZ,20240301,19.66,20.45,19.47,20.43,19.66,0.77,3.9166,43121.0,85921.045
300593.SZ,20240301,10.8,11.09,10.73,10.99,10.82,0.17,1.5712,118227.87,128968.786
300594.SZ,20240301,14.79,15.8,14.79,15.71,14.79,0.92,6.2204,37303.8,57336.34
300595.SZ,20240301,20.63,20.69,20.2,20.6,20.59,0.01,0.0486,116976.06,239691.909
300596.SZ,20240301,24.36,24.85,24.1,24.69,24.35,0.34,1.3963,20133.56,49415.648
300597.SZ,20240301,7.18,7.46,7.18,7.44,7.19,0.25,3.4771,78603.18,57521.284
300598.SZ,20240301,38.88,41.06,38.88,40.23,38.6,1.63,4.2228,73828.19,295523.023
300599.SZ,20240301,5.9,5.97,5.76,5.96,5.86,0.1,1.7065,46997.0,27541.728
300600.SZ,20240301,8.36,8.43,8.21,8.39,8.23,0.16,1.9441,63895.5,53185.338
300601.SZ,20240301,24.2,24.41,23.9,24.25,24.27,-0.02,-0.0824,111366.5,269055.786
300602.SZ,20240301,14.47,15.42,14.41,15.4,14.41,0.99,6.8702,249186.8,375846.035
300603.SZ,20240301,8.55,9.0,8.55,8.87,8.51,0.36,4.2303,187075.21,164645.968
300604.SZ,20240301,29.06,30.04,28.8,29.47,28.99,0.48,1.6557,179723.55,529131.637
300605.SZ,20240301,10.56,11.23,10.56,11.16,10.55,0.61,5.782,75906.0,82973.46
300606.SZ,20240301,23.03,23.33,22.48,22.93,23.03,-0.1,-0.4342,77276.86,176522.527
300607.SZ,20240301,13.24,13.46,13.1,13.45,13.11,0.34,2.5934,122378.12,162909.756
300608.SZ,20240301,12.45,12.87,12.32,12.75,12.42,0.33,2.657,211938.34,268156.221
300609.SZ,20240301,20.14,20.75,20.03,20.6,20.0,0.6,3.0,90308.0,184248.945
300610.SZ,20240301,8.2,8.35,8.1,8.25,8.19,0.06,0.7326,27444.81,22529.703
300611.SZ,20240301,8.16,8.28,8.03,8.21,8.22,-0.01,-0.1217,66428.0,54093.623
300612.SZ,20240301,17.52,18.03,17.32,17.84,18.15,-0.31,-1.708,195573.32,346499.858
300613.SZ,20240301,36.06,36.97,35.91,36.88,36.02,0.86,2.3876,50787.16,185659.248
300614.SZ,20240301,12.8,13.28,12.61,12.85,12.66,0.19,1.5008,26269.0,33763.596
300615.SZ,20240301,12.11,12.7,12.11,12.65,12.14,0.51,4.201,53636.0,66815.145
300616.SZ,20240301,14.2,14.29,13.96,14.14,14.12,0.02,0.1416,25469.0,35968.814
300617.SZ,20240301,27.58,28.18,27.2,27.94,27.1,0.84,3.0996,19539.0,54180.653
300618.SZ,20240301,23.62,23.93,23.34,23.58,23.62,-0.04,-0.1693,48265.43,113683.883
300619.SZ,20240301,40.36,40.75,39.73,40.5,40.3,0.2,0.4963,9865.9,39647.508
300620.SZ,20240301,43.68,47.2,43.68,46.4,43.3,3.1,7.1594,256307.77,1176057.805
300621.SZ,20240301,8.1,8.16,7.9,8.05,8.09,-0.04,-0.4944,29900.0,23966.799
300622.SZ,20240301,15.71,15.91,15.45,15.85,15.62,0.23,1.4725,30239.75,47278.897
300623.SZ,20240301,14.44,14.83,14.31,14.69,14.3,0.39,2.7273,135267.42,197355.143
300624.SZ,20240301,100.0,106.6,99.53,105.12,101.08,4.04,3.9968,198236.19,2053199.24
300625.SZ,20240301,11.64,11.79,11.51,11.74,11.62,0.12,1.0327,29674.0,34631.35
300626.SZ,20240301,6.86,7.14,6.85,7.08,6.81,0.27,3.9648,77979.8,54660.462
300627.SZ,20240301,25.74,26.04,25.47,25.92,25.75,0.17,0.6602,70948.67,183009.046
300628.SZ,20240301,29.18,29.7,29.01,29.6,29.34,0.26,0.8862,55574.85,163505.499
300629.SZ,20240301,17.37,17.74,17.37,17.7,17.44,0.26,1.4908,54339.26,95653.802
300630.SZ,20240301,19.03,19.32,18.73,19.07,19.14,-0.07,-0.3657,140379.79,267064.683
300631.SZ,20240301,22.45,22.84,22.1,22.51,22.54,-0.03,-0.1331,21037.42,47218.881
300632.SZ,20240301,9.44,9.74,9.42,9.74,9.41,0.33,3.5069,48508.0,46468.043
300633.SZ,20240301,39.03,39.63,38.78,38.97,39.14,-0.17,-0.4343,31216.49,121843.103
300634.SZ,20240301,17.64,18.45,17.59,18.35,17.64,0.71,4.0249,219649.61,396617.977
300635.SZ,20240301,9.25,9.63,9.21,9.38,9.28,0.1,1.0776,50687.0,47550.659
300636.SZ,20240301,7.8,7.8,7.56,7.68,7.75,-0.07,-0.9032,51914.93,39758.485
300637.SZ,20240301,7.98,8.5,7.7,8.27,8.0,0.27,3.375,491794.72,398350.001
300638.SZ,20240301,16.39,17.57,16.31,17.26,16.36,0.9,5.5012,344594.32,588622.449
300639.SZ,20240301,7.34,7.4,7.24,7.34,7.38,-0.04,-0.542,58122.97,42561.554
300640.SZ,20240301,4.69,4.8,4.63,4.77,4.67,0.1,2.1413,59700.1,28174.906
300641.SZ,20240301,4.01,4.08,3.96,4.02,4.03,-0.01,-0.2481,43414.0,17418.123
300642.SZ,20240301,13.25,13.33,13.04,13.19,13.23,-0.04,-0.3023,20404.9,26937.524
300643.SZ,20240301,9.74,9.75,9.52,9.68,9.64,0.04,0.4149,42525.17,40978.241
300644.SZ,20240301,14.55,14.93,14.45,14.65,14.54,0.11,0.7565,28042.0,41066.764
300645.SZ,20240301,14.12,14.43,14.04,14.38,14.14,0.24,1.6973,66680.9,95031.231
300647.SZ,20240301,4.31,5.18,4.31,5.18,4.32,0.86,19.9074,269648.7,133519.886
300648.SZ,20240301,18.96,19.77,18.77,19.26,18.66,0.6,3.2154,32861.9,62997.949
300649.SZ,20240301,11.71,12.23,11.7,11.96,11.7,0.26,2.2222,42841.0,51090.352
300650.SZ,20240301,9.62,9.79,9.51,9.72,9.41,0.31,3.2944,70336.68,67795.76
300651.SZ,20240301,14.4,14.66,14.0,14.26,14.3,-0.04,-0.2797,27284.0,38803.391
300652.SZ,20240301,18.3,19.55,18.28,18.99,18.37,0.62,3.3751,32466.0,60984.578
300653.SZ,20240301,23.7,23.89,23.28,23.74,23.7,0.04,0.1688,18000.79,42479.773
300654.SZ,20240301,9.72,10.2,9.67,9.91,9.67,0.24,2.4819,263552.81,261468.295
300655.SZ,20240301,8.15,8.33,7.98,8.13,8.24,-0.11,-1.335,465414.4,378146.274
300656.SZ,20240301,21.0,21.77,20.78,21.06,20.68,0.38,1.8375,24492.4,51825.264
300657.SZ,20240301,17.47,18.53,17.47,17.99,17.58,0.41,2.3322,261621.83,471774.268
300658.SZ,20240301,4.98,5.1,4.9,5.07,4.97,0.1,2.0121,65547.8,32857.013
300659.SZ,20240301,16.81,17.41,16.69,17.29,16.67,0.62,3.7193,59898.84,102182.969
300660.SZ,20240301,26.54,27.14,26.37,26.99,26.54,0.45,1.6956,98730.3,264309.265
300661.SZ,20240301,70.7,73.12,70.2,72.95,70.74,2.21,3.1241,37929.88,273815.552
300662.SZ,20240301,21.4,22.12,21.23,22.0,21.4,0.6,2.8037,36003.0,78600.79
300663.SZ,20240301,11.3,11.7,11.29,11.66,11.3,0.36,3.1858,216694.21,249615.166
300664.SZ,20240301,4.6,4.65,4.55,4.6,4.6,0.0,0.0,59598.0,27354.546
300665.SZ,20240301,6.19,6.26,6.08,6.19,6.13,0.06,0.9788,53767.0,33136.04
300666.SZ,20240301,47.2,48.88,46.85,48.58,47.07,1.51,3.208,74594.24,358960.939
300667.SZ,20240301,13.2,13.9,13.2,13.8,13.17,0.63,4.7836,46953.0,63415.906
300668.SZ,20240301,20.89,21.17,20.45,20.99,20.7,0.29,1.401,11538.0,24067.059
300669.SZ,20240301,11.8,12.56,11.79,12.33,11.78,0.55,4.6689,22037.95,26952.582
300670.SZ,20240301,4.97,5.19,4.96,5.16,4.98,0.18,3.6145,113225.0,57654.899
300671.SZ,20240301,25.33,26.17,25.12,26.01,25.12,0.89,3.543,66770.11,172066.859
300672.SZ,20240301,55.72,56.8,54.7,56.67,56.23,0.44,0.7825,112883.23,633058.824
300673.SZ,20240301,11.06,11.19,10.76,10.95,11.08,-0.13,-1.1733,29194.68,31919.641
300674.SZ,20240301,13.69,14.13,13.67,14.09,13.69,0.4,2.9218,171827.17,239261.132
300675.SZ,20240301,11.11,11.3,10.96,11.2,11.11,0.09,0.8101,36926.59,40994.646
300676.SZ,20240301,44.44,44.48,43.5,44.22,44.22,0.0,0.0,33937.62,149399.986
300677.SZ,20240301,21.16,21.34,21.01,21.11,21.16,-0.05,-0.2363,65137.53,137643.406
300678.SZ,20240301,34.4,39.12,34.12,38.0,34.7,3.3,9.5101,520456.02,1910828.979
300679.SZ,20240301,36.68,38.17,36.68,37.55,36.93,0.62,1.6789,48928.17,183538.068
300680.SZ,20240301,16.03,16.62,15.72,15.98,15.96,0.02,0.1253,50011.79,80192.778
300681.SZ,20240301,14.28,14.62,14.05,14.45,13.92,0.53,3.8075,68775.3,98283.233
300682.SZ,20240301,12.8,13.35,12.7,13.28,12.79,0.49,3.8311,174803.02,228832.153
300683.SZ,20240301,25.6,25.95,25.12,25.87,25.6,0.27,1.0547,11770.0,30040.75
300684.SZ,20240301,15.05,17.5,15.05,16.26,14.6,1.66,11.3699,241898.36,394238.786
300685.SZ,20240301,22.4,22.77,22.01,22.5,22.01,0.49,2.2263,62125.29,138723.225
300686.SZ,20240301,6.89,7.8,6.83,7.28,6.87,0.41,5.968,152540.0,110535.364
300687.SZ,20240301,18.68,19.79,18.68,19.71,18.72,0.99,5.2885,157626.15,305816.571
300688.SZ,20240301,28.44,28.46,26.71,27.52,25.88,1.64,6.3369,198056.46,546686.687
300689.SZ,20240301,13.69,14.32,13.63,14.32,13.69,0.63,4.6019,26374.5,37289.449
300690.SZ,20240301,13.41,13.83,13.27,13.79,13.4,0.39,2.9104,49779.97,67403.112
300691.SZ,20240301,17.34,17.86,17.21,17.75,17.19,0.56,3.2577,86919.38,152866.698
300692.SZ,20240301,5.18,5.25,5.14,5.23,5.18,0.05,0.9653,32461.8,16860.827
300693.SZ,20240301,29.5,31.4,29.15,30.8,29.58,1.22,4.1244,225531.67,686311.469
300694.SZ,20240301,9.65,9.95,9.45,9.61,9.53,0.08,0.8395,61351.0,59327.503
300695.SZ,20240301,41.45,42.87,41.45,42.55,41.41,1.14,2.753,6512.77,27469.921
300696.SZ,20240301,13.16,13.54,13.1,13.46,13.07,0.39,2.9839,61251.16,81952.237
300697.SZ,20240301,9.06,9.26,9.01,9.25,9.01,0.24,2.6637,54847.32,50291.614
300698.SZ,20240301,28.88,30.44,28.5,30.38,28.95,1.43,4.9396,21683.0,64364.026
300699.SZ,20240301,27.4,28.2,27.18,27.93,27.34,0.59,2.158,158047.58,438746.468
300700.SZ,20240301,12.69,12.7,12.34,12.57,12.52,0.05,0.3994,85978.11,107709.821
300701.SZ,20240301,7.64,7.95,7.59,7.9,7.62,0.28,3.6745,67326.25,52394.494
300702.SZ,20240301,17.51,17.59,17.29,17.43,17.53,-0.1,-0.5705,17360.6,30209.549
300703.SZ,20240301,8.17,8.35,8.1,8.26,8.17,0.09,1.1016,46215.75,37962.293
300705.SZ,20240301,33.93,34.9,33.58,34.6,33.93,0.67,1.9747,28469.2,97902.869
300706.SZ,20240301,19.01,19.77,19.01,19.64,18.94,0.7,3.6959,38411.4,74892.178
300707.SZ,20240301,13.53,13.98,13.47,13.87,13.62,0.25,1.8355,64191.54,88477.595
300708.SZ,20240301,9.56,9.97,9.54,9.86,9.59,0.27,2.8154,153171.53,150300.089
300709.SZ,20240301,26.06,28.12,26.02,27.79,25.6,2.19,8.5547,233204.26,635810.089
300710.SZ,20240301,15.5,18.6,15.5,18.6,15.5,3.1,20.0,38506.5,69394.226
300711.SZ,20240301,11.9,12.12,11.81,12.03,11.91,0.12,1.0076,92401.04,110552.845
300712.SZ,20240301,21.0,21.24,20.62,21.13,20.9,0.23,1.1005,26197.92,54914.744
300713.SZ,20240301,13.1,15.23,13.1,15.23,12.69,2.54,20.0158,135782.24,202140.476
300715.SZ,20240301,9.28,9.34,9.07,9.2,9.24,-0.04,-0.4329,12764.6,11741.495
300716.SZ,20240301,8.8,9.13,8.43,8.74,8.8,-0.06,-0.6818,90761.96,79257.057
300717.SZ,20240301,12.03,12.28,11.83,12.12,11.96,0.16,1.3378,21052.55,25448.511
300718.SZ,20240301,15.45,15.92,15.33,15.86,15.27,0.59,3.8638,50450.15,79470.693
300719.SZ,20240301,10.5,10.9,10.42,10.62,10.14,0.48,4.7337,122377.77,129867.888
300720.SZ,20240301,14.11,15.22,14.06,14.9,14.21,0.69,4.8557,93130.13,136737.887
300721.SZ,20240301,10.05,10.42,9.96,10.17,10.05,0.12,1.194,47993.2,48764.1
300722.SZ,20240301,21.3,21.88,21.3,21.78,21.2,0.58,2.7358,30642.1,66429.194
300723.SZ,20240301,23.01,23.3,22.6,23.09,23.13,-0.04,-0.1729,43645.3,100173.93
300724.SZ,20240301,64.75,66.01,64.01,65.4,64.75,0.65,1.0039,73707.01,479282.481
300725.SZ,20240301,31.04,31.31,30.56,31.09,30.95,0.14,0.4523,38130.98,117988.206
300726.SZ,20240301,25.59,25.77,25.06,25.58,25.04,0.54,2.1565,50603.0,129151.528
300727.SZ,20240301,20.3,21.18,20.19,20.65,20.1,0.55,2.7363,26076.84,53858.779
300729.SZ,20240301,17.95,17.99,17.53,17.75,17.9,-0.15,-0.838,97585.02,173021.511
300730.SZ,20240301,9.5,11.41,9.5,11.41,9.51,1.9,19.979,239204.9,251949.123
300731.SZ,20240301,17.71,20.23,17.28,18.74,16.86,1.88,11.1507,369399.29,709975.225
300732.SZ,20240301,7.09,7.24,7.07,7.18,7.13,0.05,0.7013,39056.48,27892.674
300733.SZ,20240301,8.77,8.99,8.72,8.84,8.79,0.05,0.5688,33803.41,29907.903
300735.SZ,20240301,22.3,23.88,21.51,22.46,20.77,1.69,8.1367,1528639.39,3407575.358
300736.SZ,20240301,12.2,12.43,12.01,12.28,12.21,0.07,0.5733,18641.6,22652.084
300737.SZ,20240301,5.17,5.26,5.13,5.21,5.17,0.04,0.7737,139841.9,72542.114
300738.SZ,20240301,9.18,9.45,9.13,9.41,9.16,0.25,2.7293,321857.42,300504.104
300739.SZ,20240301,15.21,15.72,14.49,14.8,15.68,-0.88,-5.6122,238014.78,358002.276
300740.SZ,20240301,16.08,16.16,15.86,16.05,16.04,0.01,0.0623,54937.81,87877.207
300741.SZ,20240301,19.5,19.54,18.83,19.09,19.49,-0.4,-2.0523,33498.0,63893.4
300743.SZ,20240301,10.2,10.45,10.08,10.44,10.23,0.21,2.0528,37450.45,38641.227
300745.SZ,20240301,18.8,19.86,18.61,19.58,18.6,0.98,5.2688,78304.06,151476.76
300746.SZ,20240301,6.99,7.29,6.9,7.04,7.0,0.04,0.5714,43704.8,30573.864
300747.SZ,20240301,21.09,21.44,20.95,21.36,21.0,0.36,1.7143,97355.99,206653.792
300748.SZ,20240301,17.5,17.68,17.19,17.45,17.42,0.03,0.1722,111988.71,194751.036
300749.SZ,20240301,6.28,6.43,6.12,6.33,6.28,0.05,0.7962,52933.0,33266.765
300750.SZ,20240301,163.53,165.56,162.4,164.55,163.51,1.04,0.636,281013.36,4610970.231
300751.SZ,20240301,122.47,122.78,119.46,121.2,121.55,-0.35,-0.2879,24915.68,301252.557
300752.SZ,20240301,12.2,12.75,12.2,12.73,12.16,0.57,4.6875,49856.0,62419.165
300753.SZ,20240301,11.48,12.5,11.39,11.8,11.5,0.3,2.6087,55179.74,64461.766
300755.SZ,20240301,16.89,17.07,16.78,17.0,16.89,0.11,0.6513,18837.0,31915.866
300756.SZ,20240301,12.38,12.74,12.17,12.5,12.41,0.09,0.7252,36404.9,45116.138
300757.SZ,20240301,84.5,98.27,82.89,94.2,81.89,12.31,15.0324,154793.88,1428701.59
300758.SZ,20240301,8.01,8.17,7.85,7.96,8.0,-0.04,-0.5,56843.29,45368.109
300759.SZ,20240301,23.22,23.54,22.91,23.23,23.35,-0.12,-0.5139,249231.7,578244.893
300760.SZ,20240301,291.69,291.69,287.19,290.17,289.18,0.99,0.3423,35007.65,1011782.91
300761.SZ,20240301,19.4,19.57,19.11,19.38,19.4,-0.02,-0.1031,19098.6,36878.459
300762.SZ,20240301,12.41,13.19,12.38,13.03,12.47,0.56,4.4908,325310.81,416876.417
300763.SZ,20240301,65.14,66.47,64.04,66.15,65.13,1.02,1.5661,93933.92,614572.656
300765.SZ,20240301,33.9,34.28,32.8,34.08,34.23,-0.15,-0.4382,144155.99,484980.9
300766.SZ,20240301,14.3,15.48,13.81,14.7,13.81,0.89,6.4446,695345.38,1013390.167
300767.SZ,20240301,12.44,12.66,12.33,12.6,12.43,0.17,1.3677,65319.64,81756.294
300768.SZ,20240301,12.19,12.47,12.08,12.4,12.19,0.21,1.7227,47643.0,58732.667
300769.SZ,20240301,43.0,43.74,42.3,43.3,42.83,0.47,1.0974,122464.82,527911.145
300770.SZ,20240301,37.97,39.18,37.82,38.98,37.07,1.91,5.1524,72024.22,277790.373
300771.SZ,20240301,8.12,8.22,7.91,8.11,8.11,0.0,0.0,72497.0,58401.658
300772.SZ,20240301,9.22,9.28,9.08,9.21,9.18,0.03,0.3268,75254.66,69210.056
300773.SZ,20240301,14.53,14.87,14.38,14.76,14.48,0.28,1.9337,153179.79,223949.778
300774.SZ,20240301,8.16,8.25,8.04,8.24,8.15,0.09,1.1043,31062.57,25363.137
300775.SZ,20240301,24.93,25.05,24.56,24.93,24.75,0.18,0.7273,63793.32,158486.164
300776.SZ,20240301,47.5,47.96,46.68,47.51,47.39,0.12,0.2532,35321.28,167168.705
300777.SZ,20240301,24.48,24.89,24.3,24.72,24.48,0.24,0.9804,46059.39,113220.255
300778.SZ,20240301,10.13,10.31,9.9,10.3,10.08,0.22,2.1825,56993.97,57770.955
300779.SZ,20240301,38.08,38.58,37.27,38.16,38.2,-0.04,-0.1047,29921.64,112823.893
300780.SZ,20240301,18.53,19.88,17.97,19.44,18.48,0.96,5.1948,258689.31,495645.238
300781.SZ,20240301,52.8,55.32,50.12,53.9,54.62,-0.72,-1.3182,222721.12,1179985.706
300782.SZ,20240301,107.29,110.66,106.71,109.7,107.5,2.2,2.0465,109831.1,1198812.335
300783.SZ,20240301,18.16,19.5,18.12,19.22,18.08,1.14,6.3053,167463.39,317222.21
300785.SZ,20240301,19.8,22.5,19.8,21.75,19.66,2.09,10.6307,243232.92,514205.154
300786.SZ,20240301,15.56,15.79,13.0,13.8,13.44,0.36,2.6786,358598.62,514124.546
300787.SZ,20240301,12.7,13.66,12.65,13.56,12.64,0.92,7.2785,32455.6,42881.738
300788.SZ,20240301,31.3,32.85,30.7,32.8,31.69,1.11,3.5027,149228.98,476862.796
300789.SZ,20240301,17.41,18.42,17.22,17.8,17.3,0.5,2.8902,28041.45,49649.548
300790.SZ,20240301,11.72,11.92,11.53,11.9,11.53,0.37,3.209,55359.33,65174.825
300791.SZ,20240301,30.36,32.23,29.82,31.78,30.41,1.37,4.5051,12729.5,39365.263
300792.SZ,20240301,19.78,20.48,19.66,20.36,19.63,0.73,3.7188,49936.54,100179.05
300793.SZ,20240301,14.77,15.32,14.77,15.24,14.75,0.49,3.322,170498.2,257716.839
300795.SZ,20240301,38.99,39.54,38.38,38.63,38.99,-0.36,-0.9233,13124.27,51025.528
300796.SZ,20240301,15.55,15.85,15.25,15.42,15.56,-0.14,-0.8997,40694.08,62721.247
300797.SZ,20240301,10.51,11.03,10.43,10.89,10.56,0.33,3.125,48824.0,52239.327
300798.SZ,20240301,7.75,8.12,7.72,7.9,7.74,0.16,2.0672,140108.0,110525.359
300800.SZ,20240301,9.71,10.06,9.69,10.06,9.69,0.37,3.8184,26420.0,26115.137
300801.SZ,20240301,14.99,14.99,14.14,14.48,14.78,-0.3,-2.0298,67939.18,98123.236
300802.SZ,20240301,16.9,17.57,16.76,17.3,17.08,0.22,1.2881,44151.42,76020.699
300803.SZ,20240301,49.15,52.2,48.44,50.95,49.5,1.45,2.9293,164631.18,824368.152
300804.SZ,20240301,22.73,23.14,22.42,22.84,22.64,0.2,0.8834,5271.51,12008.911
300805.SZ,20240301,7.6,7.84,7.52,7.71,7.47,0.24,3.2129,165026.0,126460.403
300806.SZ,20240301,9.32,9.48,9.16,9.4,9.24,0.16,1.7316,114493.12,106886.095
300807.SZ,20240301,22.7,23.73,22.33,23.51,22.65,0.86,3.7969,48442.0,112593.608
300808.SZ,20240301,13.56,13.97,13.45,13.97,13.6,0.37,2.7206,64082.67,87890.986
300809.SZ,20240301,26.51,27.49,26.0,27.34,26.18,1.16,4.4309,101863.73,274596.899
300810.SZ,20240301,15.65,16.88,15.5,16.37,15.57,0.8,5.1381,34317.69,55940.79
300811.SZ,20240301,53.99,57.74,53.82,56.8,54.28,2.52,4.6426,54035.85,303654.423
300812.SZ,20240301,28.3,29.6,28.3,29.54,28.18,1.36,4.8261,136959.93,398160.327
300813.SZ,20240301,16.59,17.1,16.3,16.68,16.46,0.22,1.3366,16319.88,27176.924
300814.SZ,20240301,29.14,30.66,29.14,30.5,29.0,1.5,5.1724,74294.04,223949.136
300815.SZ,20240301,12.75,12.89,12.47,12.63,12.72,-0.09,-0.7075,52742.41,66539.283
300816.SZ,20240301,17.88,18.62,17.83,18.34,17.9,0.44,2.4581,24942.63,45470.09
300817.SZ,20240301,11.66,11.98,11.6,11.83,11.63,0.2,1.7197,40453.68,47609.522
300818.SZ,20240301,29.76,30.26,29.21,29.48,29.8,-0.32,-1.0738,9539.19,28118.277
300819.SZ,20240301,11.13,11.35,11.01,11.28,11.17,0.11,0.9848,26445.82,29588.188
300820.SZ,20240301,47.09,49.2,46.7,48.09,46.58,1.51,3.2417,83250.39,399318.327
300821.SZ,20240301,7.98,8.18,7.76,7.88,7.71,0.17,2.2049,181288.5,143363.669
300822.SZ,20240301,10.2,10.6,10.2,10.45,10.2,0.25,2.451,47903.5,49901.505
300823.SZ,20240301,15.27,15.65,15.18,15.62,15.28,0.34,2.2251,30850.53,47621.049
300824.SZ,20240301,7.16,7.27,7.08,7.26,7.15,0.11,1.5385,23868.0,17116.298
300825.SZ,20240301,11.31,11.87,11.17,11.69,11.31,0.38,3.3599,141605.44,163056.539
300826.SZ,20240301,12.28,12.55,12.13,12.48,12.28,0.2,1.6287,54570.18,67455.892
300827.SZ,20240301,25.84,26.39,25.24,25.83,25.97,-0.14,-0.5391,123589.88,317984.555
300828.SZ,20240301,11.2,11.85,11.2,11.61,11.18,0.43,3.8462,61410.5,70783.894
300829.SZ,20240301,15.19,15.3,14.9,15.22,15.19,0.03,0.1975,17567.93,26585.095
300830.SZ,20240301,6.09,6.35,6.04,6.34,6.1,0.24,3.9344,136530.6,84648.244
300831.SZ,20240301,9.75,9.96,9.68,9.92,9.68,0.24,2.4793,33173.0,32679.647
300832.SZ,20240301,80.83,82.28,79.9,80.63,80.99,-0.36,-0.4445,27979.59,226707.282
300833.SZ,20240301,104.0,104.0,99.2,101.01,102.95,-1.94,-1.8844,2162.36,21805.314
300834.SZ,20240301,17.27,17.65,17.15,17.6,17.26,0.34,1.9699,8745.16,15242.43
300835.SZ,20240301,23.85,24.44,23.82,24.39,23.84,0.55,2.307,22573.3,54617.068
300836.SZ,20240301,20.25,20.8,20.1,20.53,20.34,0.19,0.9341,18198.32,37193.372
300837.SZ,20240301,22.7,23.3,22.43,23.2,22.63,0.57,2.5188,7467.0,17044.242
300838.SZ,20240301,12.1,12.3,11.89,12.24,12.08,0.16,1.3245,20463.39,24860.57
300839.SZ,20240301,8.94,9.15,8.59,8.89,8.76,0.13,1.484,41290.94,36383.67
300840.SZ,20240301,15.43,15.65,15.04,15.25,15.56,-0.31,-1.9923,84633.44,129411.846
300841.SZ,20240301,63.12,63.6,62.17,62.97,63.0,-0.03,-0.0476,12018.89,75541.078
300842.SZ,20240301,78.89,79.45,76.76,78.1,79.02,-0.92,-1.1643,50802.34,396009.608
300843.SZ,20240301,15.71,16.5,15.62,16.35,15.7,0.65,4.1401,29211.62,47121.542
300844.SZ,20240301,23.5,24.12,23.01,23.76,23.1,0.66,2.8571,19598.53,46244.213
300845.SZ,20240301,13.12,13.5,13.0,13.36,13.03,0.33,2.5326,40193.7,53300.864
300846.SZ,20240301,12.61,13.48,12.55,13.01,12.4,0.61,4.9194,403200.48,520766.99
300847.SZ,20240301,16.88,17.09,16.29,16.7,16.9,-0.2,-1.1834,161365.47,267994.581
300848.SZ,20240301,15.56,15.64,15.28,15.59,15.38,0.21,1.3654,15373.39,23798.691
300849.SZ,20240301,11.91,12.13,11.83,12.08,11.91,0.17,1.4274,14714.5,17611.81
300850.SZ,20240301,25.22,25.34,24.84,25.06,25.23,-0.17,-0.6738,49151.78,123217.558
300851.SZ,20240301,22.67,23.7,22.67,23.57,22.65,0.92,4.0618,15524.5,36201.95
300852.SZ,20240301,30.24,30.9,30.11,30.78,30.02,0.76,2.5316,11561.0,35342.874
300853.SZ,20240301,19.69,20.05,19.55,19.89,19.66,0.23,1.1699,19384.4,38406.933
300854.SZ,20240301,11.59,11.85,11.29,11.6,11.49,0.11,0.9574,34850.83,40285.829
300855.SZ,20240301,23.38,23.64,23.21,23.5,23.4,0.1,0.4274,19181.91,44962.164
300856.SZ,20240301,65.32,67.62,64.42,67.22,65.1,2.12,3.2565,19611.5,130250.445
300857.SZ,20240301,47.25,49.31,47.05,48.65,47.61,1.04,2.1844,86271.0,418736.248
300858.SZ,20240301,16.9,17.04,16.72,16.85,16.88,-0.03,-0.1777,11614.8,19548.748
300859.SZ,20240301,23.92,24.26,23.83,24.06,24.01,0.05,0.2082,17816.39,42799.289
300860.SZ,20240301,40.16,40.89,39.62,40.55,40.1,0.45,1.1222,18363.3,73891.159
300861.SZ,20240301,27.85,28.2,27.6,28.12,27.74,0.38,1.3699,55310.64,154699.661
300862.SZ,20240301,39.14,39.15,36.89,37.96,38.08,-0.12,-0.3151,29406.44,110802.982
300863.SZ,20240301,38.72,39.6,38.68,39.34,38.88,0.46,1.1831,11943.38,46800.553
300864.SZ,20240301,17.9,18.22,17.6,18.2,17.69,0.51,2.883,13571.28,24278.992
300865.SZ,20240301,13.66,14.44,13.63,13.94,13.65,0.29,2.1245,20280.03,28216.333
300866.SZ,20240301,82.46,84.6,81.61,83.88,81.7,2.18,2.6683,32177.37,268427.701
300867.SZ,20240301,12.39,12.68,12.16,12.35,12.18,0.17,1.3957,40498.09,50059.967
300868.SZ,20240301,14.87,16.18,14.4,15.27,14.2,1.07,7.5352,62206.49,92965.461
300869.SZ,20240301,17.51,17.71,17.39,17.63,17.56,0.07,0.3986,30337.14,53262.258
300870.SZ,20240301,39.98,48.26,39.41,48.26,40.22,8.04,19.9901,125038.24,558493.355
300871.SZ,20240301,10.2,10.33,10.04,10.26,10.19,0.07,0.6869,25730.22,26251.287
300872.SZ,20240301,11.87,12.54,11.81,12.49,11.88,0.61,5.1347,75728.2,92679.815
300873.SZ,20240301,18.48,19.3,18.36,19.05,18.5,0.55,2.973,43265.08,81824.049
300875.SZ,20240301,24.63,24.82,24.14,24.45,24.65,-0.2,-0.8114,48224.22,118119.842
300876.SZ,20240301,17.09,17.38,16.76,17.07,17.0,0.07,0.4118,9226.3,15735.195
300877.SZ,20240301,12.81,12.98,12.62,12.82,12.8,0.02,0.1563,13190.0,16911.299
300878.SZ,20240301,18.8,19.01,18.53,18.77,18.7,0.07,0.3743,19949.73,37415.932
300879.SZ,20240301,11.43,11.83,11.28,11.5,11.43,0.07,0.6124,30220.73,34800.387
300880.SZ,20240301,15.01,16.68,14.95,16.09,15.03,1.06,7.0526,99295.79,157779.544
300881.SZ,20240301,19.83,20.16,19.17,19.45,19.75,-0.3,-1.519,24457.2,47730.615
300882.SZ,20240301,19.22,20.17,19.0,19.97,19.22,0.75,3.9022,62392.1,123164.394
300883.SZ,20240301,5.11,5.15,5.0,5.08,5.09,-0.01,-0.1965,63040.0,31915.788
300884.SZ,20240301,10.45,10.76,10.36,10.58,10.35,0.23,2.2222,93669.7,98664.862
300885.SZ,20240301,7.4,7.61,7.25,7.35,7.31,0.04,0.5472,63510.74,46866.332
300886.SZ,20240301,16.57,16.98,16.26,16.64,16.35,0.29,1.7737,7432.9,12312.784
300887.SZ,20240301,9.15,9.23,8.97,9.18,9.0,0.18,2.0,70023.62,63796.594
300888.SZ,20240301,35.67,35.75,35.2,35.47,35.67,-0.2,-0.5607,24047.7,85122.348
300889.SZ,20240301,10.77,11.19,10.77,11.06,10.78,0.28,2.5974,38139.29,41962.491
300890.SZ,20240301,24.02,24.61,24.02,24.57,24.05,0.52,2.1622,19903.14,48583.086
300891.SZ,20240301,7.4,7.47,7.32,7.45,7.35,0.1,1.3605,36406.45,26937.142
300892.SZ,20240301,16.19,16.38,15.81,16.06,16.0,0.06,0.375,20029.0,32113.249
300893.SZ,20240301,28.71,29.5,28.53,29.38,28.71,0.67,2.3337,13835.5,40314.608
300894.SZ,20240301,13.55,13.76,13.49,13.74,13.55,0.19,1.4022,36191.0,49358.653
300895.SZ,20240301,30.22,31.18,30.16,30.79,30.43,0.36,1.183,103548.5,316929.66
300896.SZ,20240301,325.05,325.8,318.16,321.22,327.0,-5.78,-1.7676,31370.46,1006634.132
300897.SZ,20240301,25.1,25.75,24.98,25.69,25.09,0.6,2.3914,10060.83,25634.743
300898.SZ,20240301,18.91,19.15,18.73,19.09,18.91,0.18,0.9519,25588.97,48435.264
300899.SZ,20240301,21.8,22.09,21.42,21.83,21.79,0.04,0.1836,51263.8,111619.729
300900.SZ,20240301,19.46,20.37,19.41,20.24,19.36,0.88,4.5455,36804.82,73145.413
300901.SZ,20240301,7.5,8.09,7.46,8.0,7.51,0.49,6.5246,94555.3,73846.979
300902.SZ,20240301,28.24,31.07,27.76,29.99,28.08,1.91,6.802,35663.56,105585.887
300903.SZ,20240301,7.45,7.73,7.34,7.51,7.45,0.06,0.8054,224046.42,168219.182
300904.SZ,20240301,47.06,47.74,46.06,46.78,46.06,0.72,1.5632,18883.31,88173.907
300905.SZ,20240301,13.26,13.41,13.11,13.4,13.19,0.21,1.5921,40722.94,54041.031
300906.SZ,20240301,18.65,18.86,18.37,18.84,18.46,0.38,2.0585,12691.09,23731.381
300907.SZ,20240301,15.19,15.58,15.11,15.47,15.2,0.27,1.7763,26121.0,40108.501
300908.SZ,20240301,37.1,38.1,36.85,37.87,37.1,0.77,2.0755,10068.66,37919.807
300909.SZ,20240301,20.75,22.15,20.75,21.89,20.73,1.16,5.5958,45648.72,99173.621
300910.SZ,20240301,43.4,43.75,42.72,43.67,43.57,0.1,0.2295,17923.73,77372.916
300911.SZ,20240301,29.5,30.18,29.13,29.9,29.53,0.37,1.253,23196.62,69210.695
300912.SZ,20240301,12.78,13.16,12.37,12.8,12.54,0.26,2.0734,36379.49,46503.684
300913.SZ,20240301,29.0,30.5,28.75,29.96,29.04,0.92,3.168,179388.05,533073.967
300915.SZ,20240301,26.81,27.06,26.45,26.9,26.9,0.0,0.0,5015.5,13434.981
300916.SZ,20240301,17.4,18.18,17.27,17.95,17.43,0.52,2.9834,31019.85,55232.223
300917.SZ,20240301,23.39,24.43,23.17,23.95,23.16,0.79,3.4111,90523.91,215490.425
300918.SZ,20240301,9.58,9.85,9.5,9.82,9.57,0.25,2.6123,29140.89,28163.611
300919.SZ,20240301,47.67,48.56,47.18,47.87,47.41,0.46,0.9703,39646.85,189740.375
300920.SZ,20240301,14.04,14.18,13.64,13.93,13.93,0.0,0.0,19188.82,26744.251
300921.SZ,20240301,19.15,19.77,19.1,19.6,19.0,0.6,3.1579,49902.1,97171.874
300922.SZ,20240301,11.81,12.1,11.81,12.07,11.81,0.26,2.2015,37604.29,44968.042
300923.SZ,20240301,16.43,17.24,16.2,16.63,16.4,0.23,1.4024,16591.0,27378.031
300925.SZ,20240301,9.82,10.3,9.76,10.22,9.79,0.43,4.3922,197111.18,197965.35
300926.SZ,20240301,28.98,30.6,28.41,29.89,28.45,1.44,5.0615,91206.7,269347.243
300927.SZ,20240301,11.8,12.1,11.72,11.92,12.12,-0.2,-1.6502,37294.36,44219.576
300928.SZ,20240301,36.23,37.29,35.5,36.18,36.17,0.01,0.0276,22388.75,81151.325
300929.SZ,20240301,8.37,8.7,8.19,8.42,8.35,0.07,0.8383,37434.8,31343.655
300930.SZ,20240301,16.13,17.5,16.03,16.66,16.12,0.54,3.3499,18777.6,31321.172
300931.SZ,20240301,5.55,5.77,5.52,5.68,5.55,0.13,2.3423,70082.16,39422.889
300932.SZ,20240301,10.8,11.25,10.8,11.17,10.76,0.41,3.8104,33492.38,37007.918
300933.SZ,20240301,7.11,7.3,7.03,7.12,6.97,0.15,2.1521,91203.26,64997.525
300935.SZ,20240301,18.57,19.15,18.3,18.83,18.52,0.31,1.6739,24349.07,45738.965
300936.SZ,20240301,34.12,37.9,34.11,36.91,34.05,2.86,8.3994,54375.65,198566.481
300937.SZ,20240301,23.28,23.75,23.26,23.66,23.34,0.32,1.371,19546.37,45934.464
300938.SZ,20240301,31.1,31.27,30.48,30.8,31.08,-0.28,-0.9009,12554.2,38581.923
300939.SZ,20240301,28.5,29.59,28.49,29.17,28.46,0.71,2.4947,36504.93,106060.42
300940.SZ,20240301,15.48,15.97,15.12,15.69,15.32,0.37,2.4151,18794.6,29426.51
300941.SZ,20240301,20.03,20.7,19.7,20.48,20.23,0.25,1.2358,168972.75,340556.718
300942.SZ,20240301,7.88,7.99,7.73,7.97,7.74,0.23,2.9716,39859.0,31380.107
300943.SZ,20240301,11.28,11.46,10.92,11.15,11.32,-0.17,-1.5018,85063.37,94510.34
300945.SZ,20240301,9.3,9.38,9.1,9.24,9.2,0.04,0.4348,64379.61,59395.255
300946.SZ,20240301,26.69,27.38,26.28,26.74,26.71,0.03,0.1123,25024.0,67057.214
300947.SZ,20240301,10.84,11.0,10.65,10.9,10.85,0.05,0.4608,32962.72,35719.087
300948.SZ,20240301,10.29,10.65,10.01,10.29,10.2,0.09,0.8824,49497.8,50601.168
300949.SZ,20240301,38.0,39.87,37.8,39.04,38.0,1.04,2.7368,36082.0,140558.739
300950.SZ,20240301,15.09,15.34,14.2,14.32,15.65,-1.33,-8.4984,148594.55,218243.918
300951.SZ,20240301,42.85,45.5,42.65,44.18,42.5,1.68,3.9529,35234.04,155376.875
300952.SZ,20240301,16.06,16.83,16.06,16.83,16.12,0.71,4.4045,15047.0,24815.554
300953.SZ,20240301,45.68,46.25,44.81,46.2,45.05,1.15,2.5527,10941.71,49956.203
300955.SZ,20240301,14.7,15.22,14.62,14.88,14.65,0.23,1.57,13449.0,19978.718
300956.SZ,20240301,11.43,13.67,11.28,12.68,11.43,1.25,10.9361,128157.58,161282.117
300957.SZ,20240301,65.56,65.99,64.55,65.43,65.56,-0.13,-0.1983,21917.4,142686.997
300958.SZ,20240301,13.36,13.46,13.17,13.41,13.3,0.11,0.8271,33887.94,45133.626
300959.SZ,20240301,26.7,27.68,26.65,27.4,26.8,0.6,2.2388,16244.48,44255.407
300960.SZ,20240301,15.37,16.18,15.13,15.77,15.21,0.56,3.6818,26014.26,40674.955
300961.SZ,20240301,7.94,8.13,7.81,7.98,7.94,0.04,0.5038,32657.31,25978.359
300962.SZ,20240301,13.28,13.37,13.03,13.1,13.23,-0.13,-0.9826,31335.0,41148.896
300963.SZ,20240301,9.34,9.48,9.26,9.42,9.36,0.06,0.641,40426.95,37893.148
300964.SZ,20240301,33.55,35.8,33.0,35.06,33.54,1.52,4.5319,54776.63,189350.684
300965.SZ,20240301,33.43,34.23,32.6,34.1,33.42,0.68,2.0347,15501.32,52080.819
300966.SZ,20240301,16.71,17.17,16.3,17.08,16.55,0.53,3.2024,31736.59,53397.443
300967.SZ,20240301,9.4,9.48,9.12,9.29,9.41,-0.12,-1.2752,42653.53,39462.143
300968.SZ,20240301,8.81,9.77,8.78,9.49,8.86,0.63,7.1106,271754.07,254437.095
300969.SZ,20240301,78.97,80.64,77.6,79.24,78.95,0.29,0.3673,8671.7,68411.618
300970.SZ,20240301,12.59,12.74,12.2,12.52,12.59,-0.07,-0.556,38316.0,47729.157
300971.SZ,20240301,18.89,19.71,18.49,19.58,19.04,0.54,2.8361,62994.96,121106.409
300972.SZ,20240301,31.19,31.8,30.6,31.4,31.2,0.2,0.641,9751.0,30531.539
300973.SZ,20240301,35.88,35.88,34.87,35.61,35.68,-0.07,-0.1962,18384.3,65105.942
300975.SZ,20240301,7.02,7.23,7.02,7.17,6.93,0.24,3.4632,197606.12,141053.446
300976.SZ,20240301,36.57,37.68,36.57,37.27,36.55,0.72,1.9699,7510.46,27992.967
300977.SZ,20240301,13.86,14.3,13.78,14.05,13.85,0.2,1.444,18893.0,26400.738
300978.SZ,20240301,10.7,10.93,10.65,10.84,10.7,0.14,1.3084,62463.0,67533.238
300979.SZ,20240301,57.85,57.9,55.34,55.89,57.94,-2.05,-3.5381,34759.53,196260.6
300980.SZ,20240301,18.28,18.5,17.78,18.26,18.86,-0.6,-3.1813,36312.13,65688.878
300981.SZ,20240301,11.24,11.51,11.22,11.48,11.24,0.24,2.1352,44741.45,50739.706
300982.SZ,20240301,21.89,22.75,21.45,22.3,21.72,0.58,2.6703,46305.21,102189.122
300983.SZ,20240301,23.65,23.93,23.48,23.92,23.63,0.29,1.2273,6053.6,14360.37
300984.SZ,20240301,19.01,19.23,18.52,18.93,18.8,0.13,0.6915,7770.0,14667.45
300985.SZ,20240301,31.8,33.78,30.34,30.97,31.78,-0.81,-2.5488,71052.92,222669.175
300986.SZ,20240301,8.7,8.79,8.38,8.66,8.6,0.06,0.6977,58795.49,50527.28
300987.SZ,20240301,14.76,15.4,14.63,15.18,14.73,0.45,3.055,90586.47,136146.989
300988.SZ,20240301,15.28,15.91,15.14,15.69,15.27,0.42,2.7505,50506.73,78602.226
300989.SZ,20240301,14.75,15.12,14.54,14.92,14.76,0.16,1.084,29220.8,43253.695
300990.SZ,20240301,37.85,39.86,36.78,38.86,37.29,1.57,4.2102,100399.08,384653.797
300991.SZ,20240301,12.48,12.85,12.25,12.84,12.24,0.6,4.902,59581.21,74829.489
300992.SZ,20240301,15.59,15.92,15.2,15.59,15.54,0.05,0.3218,16973.67,26313.413
300993.SZ,20240301,9.71,10.02,9.68,9.77,9.68,0.09,0.9298,38306.75,37686.871
300994.SZ,20240301,9.88,10.2,9.82,10.05,9.87,0.18,1.8237,38908.41,38848.159
300995.SZ,20240301,14.09,14.58,13.81,14.3,14.09,0.21,1.4904,25329.06,35984.017
300996.SZ,20240301,15.88,16.47,15.71,16.34,15.9,0.44,2.7673,63261.11,101545.528
300997.SZ,20240301,13.57,13.69,13.24,13.69,13.46,0.23,1.7088,43606.26,58958.699
300998.SZ,20240301,18.23,18.68,18.2,18.42,18.12,0.3,1.6556,12694.0,23291.59
300999.SZ,20240301,32.29,32.33,31.96,32.13,32.34,-0.21,-0.6494,58356.17,187517.06
301000.SZ,20240301,17.65,18.0,17.16,17.75,17.76,-0.01,-0.0563,44296.32,77791.004
301001.SZ,20240301,18.63,19.54,18.55,19.26,18.63,0.63,3.3816,31110.42,58837.502
301002.SZ,20240301,13.8,14.34,13.76,14.34,13.84,0.5,3.6127,19403.1,27321.534
301003.SZ,20240301,19.68,20.35,19.61,20.3,19.68,0.62,3.1504,13537.8,27223.435
301004.SZ,20240301,56.69,56.96,55.33,56.37,56.42,-0.05,-0.0886,10581.68,59430.959
301005.SZ,20240301,28.81,29.06,28.67,28.95,28.76,0.19,0.6606,6542.2,18886.384
301006.SZ,20240301,12.9,13.41,12.9,13.41,12.89,0.52,4.0341,21924.72,28843.196
301007.SZ,20240301,13.6,13.8,13.12,13.75,13.29,0.46,3.4612,208287.76,280963.154
301008.SZ,20240301,21.67,21.98,21.26,21.72,21.69,0.03,0.1383,17727.82,38334.12
301009.SZ,20240301,8.36,8.48,8.27,8.47,8.38,0.09,1.074,32308.0,27055.089
301010.SZ,20240301,12.57,12.98,12.44,12.81,12.55,0.26,2.0717,26653.67,33907.14
301011.SZ,20240301,15.87,16.2,15.62,16.15,15.82,0.33,2.086,33080.72,52712.518
301012.SZ,20240301,15.24,16.6,15.1,15.88,15.25,0.63,4.1311,53865.61,85064.538
301013.SZ,20240301,11.03,11.97,11.0,11.43,10.8,0.63,5.8333,199843.11,227996.034
301015.SZ,20240301,33.8,34.0,33.2,33.88,33.97,-0.09,-0.2649,17229.0,57959.51
301016.SZ,20240301,14.97,15.44,14.75,15.08,14.85,0.23,1.5488,26060.0,39207.292
301017.SZ,20240301,14.44,14.54,13.92,14.27,14.39,-0.12,-0.8339,57909.55,82397.834
301018.SZ,20240301,24.4,26.17,24.3,25.87,24.52,1.35,5.5057,101013.98,258101.008
301019.SZ,20240301,17.96,18.32,17.77,18.04,17.94,0.1,0.5574,8083.0,14504.071
301020.SZ,20240301,21.55,21.55,20.81,21.55,17.96,3.59,19.9889,79532.01,171200.238
301021.SZ,20240301,17.7,18.31,17.61,17.99,17.51,0.48,2.7413,32236.23,57876.483
301022.SZ,20240301,22.5,22.68,21.4,21.84,22.88,-1.04,-4.5455,40489.85,88938.123
301023.SZ,20240301,28.5,29.02,28.11,28.89,28.29,0.6,2.1209,8200.5,23520.189
301024.SZ,20240301,20.0,20.8,19.76,20.18,19.65,0.53,2.6972,12442.1,25095.515
301025.SZ,20240301,8.39,8.74,8.28,8.56,8.37,0.19,2.27,87747.0,74559.355
301026.SZ,20240301,22.96,24.83,22.96,23.92,22.57,1.35,5.9814,29541.66,70673.385
301027.SZ,20240301,8.66,8.81,8.48,8.67,8.54,0.13,1.5222,51601.0,44516.56
301028.SZ,20240301,8.32,8.49,8.3,8.46,8.34,0.12,1.4388,43348.5,36404.827
301029.SZ,20240301,25.73,29.0,24.82,27.92,25.03,2.89,11.5461,314448.0,843879.54
301030.SZ,20240301,51.98,53.89,51.28,53.8,51.15,2.65,5.1808,71141.94,375662.711
301031.SZ,20240301,101.15,102.33,98.8,100.82,101.5,-0.68,-0.67,10286.76,103333.224
301032.SZ,20240301,6.94,7.08,6.89,7.06,6.92,0.14,2.0231,52193.05,36488.699
301033.SZ,20240301,31.04,32.08,30.87,31.73,30.85,0.88,2.8525,7743.0,24397.199
301035.SZ,20240301,65.17,67.18,64.46,67.07,65.17,1.9,2.9155,8911.4,58947.196
301036.SZ,20240301,16.1,16.7,15.79,16.3,16.12,0.18,1.1166,31393.0,51282.13
301037.SZ,20240301,12.9,13.02,12.5,12.87,12.7,0.17,1.3386,21732.6,27744.362
301038.SZ,20240301,13.78,14.44,13.78,14.19,13.79,0.4,2.9007,33486.37,47177.888
301039.SZ,20240301,9.6,9.69,9.44,9.54,9.6,-0.06,-0.625,168199.81,160477.351
301040.SZ,20240301,12.51,12.83,12.4,12.61,12.46,0.15,1.2039,21893.0,27639.868
301041.SZ,20240301,21.29,22.22,21.29,21.7,21.08,0.62,2.9412,69306.37,150708.021
301042.SZ,20240301,30.79,31.79,30.66,31.33,30.8,0.53,1.7208,28283.9,88315.486
301043.SZ,20240301,24.8,25.03,24.25,24.71,24.79,-0.08,-0.3227,12681.0,31201.388
301045.SZ,20240301,18.75,19.2,18.2,18.88,18.39,0.49,2.6645,19344.0,36153.602
301046.SZ,20240301,21.62,22.1,21.36,21.88,21.73,0.15,0.6903,27694.0,60168.442
301047.SZ,20240301,72.18,72.47,71.21,72.18,72.3,-0.12,-0.166,6491.2,46677.472
301048.SZ,20240301,9.11,9.21,8.97,9.12,9.08,0.04,0.4405,48406.38,43903.647
301049.SZ,20240301,15.55,15.83,15.15,15.52,15.26,0.26,1.7038,35046.0,54270.562
301050.SZ,20240301,50.49,51.35,49.97,50.75,50.77,-0.02,-0.0394,33496.49,169396.476
301051.SZ,20240301,47.45,48.83,47.12,48.49,47.45,1.04,2.1918,14814.38,71218.209
301052.SZ,20240301,41.1,41.69,39.7,40.81,39.73,1.08,2.7183,110685.08,450520.788
301053.SZ,20240301,19.96,20.3,19.73,20.23,19.92,0.31,1.5562,8609.36,17273.6
301055.SZ,20240301,10.64,11.16,10.54,10.98,10.65,0.33,3.0986,22173.0,24170.282
301056.SZ,20240301,7.65,7.72,7.53,7.66,7.58,0.08,1.0554,47268.0,36108.25
301057.SZ,20240301,11.5,11.76,11.34,11.54,11.43,0.11,0.9624,22272.0,25763.652
301058.SZ,20240301,10.48,10.59,10.22,10.29,10.6,-0.31,-2.9245,192302.04,198790.338
301059.SZ,20240301,8.67,8.95,8.59,8.86,8.7,0.16,1.8391,20456.6,17886.861
301060.SZ,20240301,10.13,10.29,10.03,10.25,10.13,0.12,1.1846,40540.0,41302.584
301061.SZ,20240301,50.37,52.59,50.15,52.18,50.57,1.61,3.1837,10465.36,53720.315
301062.SZ,20240301,8.5,8.5,8.29,8.45,8.41,0.04,0.4756,26485.89,22225.041
301063.SZ,20240301,15.39,15.68,15.09,15.42,15.36,0.06,0.3906,25290.0,38865.072
301065.SZ,20240301,16.35,16.47,15.85,16.2,16.34,-0.14,-0.8568,18994.3,30634.891
301066.SZ,20240301,10.16,10.26,9.86,10.07,10.36,-0.29,-2.7992,62924.18,63350.919
301067.SZ,20240301,25.08,26.26,25.01,25.67,25.07,0.6,2.3933,20294.0,51881.886
301068.SZ,20240301,24.67,25.0,24.05,24.24,24.67,-0.43,-1.743,5068.13,12366.398
301069.SZ,20240301,15.68,15.9,15.49,15.72,15.75,-0.03,-0.1905,33264.0,52205.768
301070.SZ,20240301,30.77,31.71,30.39,31.18,30.75,0.43,1.3984,9547.0,29661.078
301071.SZ,20240301,28.58,28.8,28.3,28.68,28.63,0.05,0.1746,34883.86,99570.433
301072.SZ,20240301,20.27,20.67,19.72,20.12,19.94,0.18,0.9027,34307.51,68964.481
301073.SZ,20240301,19.3,19.3,18.8,19.09,19.1,-0.01,-0.0524,36153.6,68820.131
301075.SZ,20240301,18.32,18.68,18.0,18.41,18.2,0.21,1.1538,19943.08,36499.678
301076.SZ,20240301,27.0,27.92,26.35,27.45,27.1,0.35,1.2915,116359.97,318103.763
301077.SZ,20240301,14.72,14.94,14.5,14.8,14.7,0.1,0.6803,11401.6,16786.76
301078.SZ,20240301,7.21,7.38,7.17,7.36,7.21,0.15,2.0804,127590.48,92927.329
301079.SZ,20240301,11.46,11.7,11.25,11.53,11.51,0.02,0.1738,35869.07,41247.102
301080.SZ,20240301,44.58,45.0,43.8,44.5,44.58,-0.08,-0.1795,19969.5,88707.718
301081.SZ,20240301,7.64,7.76,7.51,7.7,7.64,0.06,0.7853,33162.6,25309.788
301082.SZ,20240301,12.2,12.58,12.15,12.49,12.24,0.25,2.0425,33481.75,41423.093
301083.SZ,20240301,13.77,14.14,13.66,13.98,13.79,0.19,1.3778,66507.82,92553.311
301085.SZ,20240301,50.0,52.2,49.7,52.2,50.3,1.9,3.7773,59544.47,304134.742
301086.SZ,20240301,33.82,35.44,33.62,35.32,33.39,1.93,5.7802,18859.9,65655.304
301087.SZ,20240301,32.87,33.22,32.53,33.16,32.89,0.27,0.8209,12058.71,39717.357
301088.SZ,20240301,12.0,12.06,11.86,12.01,11.9,0.11,0.9244,8125.76,9722.719
301089.SZ,20240301,42.16,42.99,41.82,42.99,42.41,0.58,1.3676,37387.7,158865.825
301090.SZ,20240301,9.76,9.82,9.62,9.68,9.74,-0.06,-0.616,29863.0,28973.261
301091.SZ,20240301,20.86,21.23,20.39,20.8,20.68,0.12,0.5803,72803.77,151121.943
301092.SZ,20240301,21.25,21.59,20.81,21.21,21.27,-0.06,-0.2821,9757.23,20606.469
301093.SZ,20240301,26.78,27.11,26.56,26.88,26.76,0.12,0.4484,5764.42,15442.733
301095.SZ,20240301,65.02,65.74,63.27,65.2,64.96,0.24,0.3695,33265.58,215233.826
301096.SZ,20240301,67.0,68.0,66.33,67.78,67.0,0.78,1.1642,7109.0,47840.681
301097.SZ,20240301,37.86,38.5,37.56,37.76,38.01,-0.25,-0.6577,2964.0,11213.262
301098.SZ,20240301,8.17,8.39,7.96,8.18,8.18,0.0,0.0,33090.17,27057.79
301099.SZ,20240301,36.3,37.48,35.72,37.36,36.06,1.3,3.6051,25420.54,93728.147
301100.SZ,20240301,14.62,14.82,14.44,14.68,14.55,0.13,0.8935,11183.0,16336.251
301101.SZ,20240301,31.01,31.11,30.2,30.58,31.09,-0.51,-1.6404,14212.01,43336.747
301102.SZ,20240301,15.43,15.65,15.18,15.53,15.49,0.04,0.2582,26745.94,41166.8
301103.SZ,20240301,25.03,25.14,24.56,24.89,25.03,-0.14,-0.5593,15852.19,39329.513
301105.SZ,20240301,25.2,26.25,25.2,26.02,25.2,0.82,3.254,6591.0,16958.182
301106.SZ,20240301,39.0,39.0,34.85,36.13,38.35,-2.22,-5.7888,28601.43,104226.982
301107.SZ,20240301,28.66,29.18,27.4,27.57,29.92,-2.35,-7.8543,55742.41,156724.634
301108.SZ,20240301,27.97,28.36,27.74,28.0,28.01,-0.01,-0.0357,3177.18,8885.792
301109.SZ,20240301,14.49,14.63,14.33,14.46,14.57,-0.11,-0.755,19708.38,28515.225
301110.SZ,20240301,33.15,34.85,33.15,34.85,33.14,1.71,5.1599,11485.42,39140.162
301111.SZ,20240301,16.87,17.69,16.81,17.18,16.99,0.19,1.1183,84738.0,145335.86
301112.SZ,20240301,24.11,24.69,23.96,24.37,23.96,0.41,1.7112,26990.69,65636.857
301113.SZ,20240301,21.71,22.78,21.71,22.14,21.62,0.52,2.4052,9590.16,21296.431
301115.SZ,20240301,15.9,16.0,15.76,15.99,15.85,0.14,0.8833,8334.06,13250.158
301116.SZ,20240301,9.64,9.75,9.52,9.66,9.64,0.02,0.2075,34593.0,33316.937
301117.SZ,20240301,37.49,38.16,36.72,37.6,37.19,0.41,1.1024,35244.86,131819.602
301118.SZ,20240301,16.87,17.16,16.03,16.28,16.56,-0.28,-1.6908,36421.11,59915.142
301119.SZ,20240301,20.78,21.0,20.15,20.62,21.2,-0.58,-2.7358,41592.97,85661.175
301120.SZ,20240301,8.66,9.03,8.56,8.99,8.61,0.38,4.4135,72773.48,64476.617
301121.SZ,20240301,28.09,29.77,28.09,29.28,28.09,1.19,4.2364,13497.46,39100.538
301122.SZ,20240301,26.74,28.19,26.47,27.35,26.57,0.78,2.9356,12366.05,33755.391
301123.SZ,20240301,16.32,16.75,16.22,16.69,16.01,0.68,4.2473,37918.0,62684.335
301125.SZ,20240301,15.25,15.99,14.18,14.47,14.17,0.3,2.1171,151012.8,225776.062
301126.SZ,20240301,8.99,9.15,8.89,9.07,9.02,0.05,0.5543,34733.99,31361.552
301127.SZ,20240301,9.06,9.17,8.83,8.97,8.98,-0.01,-0.1114,48566.3,43485.322
301128.SZ,20240301,37.91,40.28,37.6,39.73,37.28,2.45,6.5719,52009.63,204658.367
301129.SZ,20240301,18.0,18.38,17.62,18.36,17.79,0.57,3.204,26623.8,47999.765
301130.SZ,20240301,21.22,23.11,21.15,23.1,21.13,1.97,9.3232,25089.47,56116.918
301131.SZ,20240301,36.0,36.95,35.61,36.3,36.17,0.13,0.3594,24794.55,89929.197
301132.SZ,20240301,23.5,24.49,22.86,23.91,23.62,0.29,1.2278,85859.24,204254.65
301133.SZ,20240301,22.86,23.3,22.36,23.1,22.99,0.11,0.4785,27643.74,63258.676
301135.SZ,20240301,18.96,19.59,18.9,19.38,19.02,0.36,1.8927,21765.63,42004.319
301136.SZ,20240301,9.54,9.64,9.26,9.51,9.36,0.15,1.6026,38871.0,36838.71
301137.SZ,20240301,14.48,14.68,14.2,14.68,14.29,0.39,2.7292,36331.0,52447.253
301138.SZ,20240301,32.16,33.78,30.5,30.81,33.82,-3.01,-8.9001,117635.59,373115.823
301139.SZ,20240301,27.35,28.36,26.48,27.82,27.45,0.37,1.3479,100092.51,273908.809
301141.SZ,20240301,46.48,47.5,45.8,46.54,46.99,-0.45,-0.9577,41716.41,194129.103
301148.SZ,20240301,16.08,16.33,15.8,16.21,15.99,0.22,1.3759,16527.04,26573.994
301149.SZ,20240301,10.15,10.23,9.96,10.2,9.95,0.25,2.5126,35770.9,36134.264
301150.SZ,20240301,26.7,27.08,26.36,26.87,26.71,0.16,0.599,11630.67,31126.399
301151.SZ,20240301,15.3,15.64,15.26,15.61,15.15,0.46,3.0363,40126.73,62132.237
301152.SZ,20240301,28.6,29.12,28.18,28.41,29.2,-0.79,-2.7055,57776.88,164988.409
301153.SZ,20240301,65.02,67.3,64.96,66.99,65.14,1.85,2.84,16819.3,111637.3
301155.SZ,20240301,43.98,45.19,43.8,44.85,43.95,0.9,2.0478,18355.0,81972.527
301156.SZ,20240301,14.01,14.24,13.83,14.1,14.06,0.04,0.2845,15833.4,22178.776
301157.SZ,20240301,32.23,33.18,31.8,33.04,32.23,0.81,2.5132,9828.32,32144.551
301158.SZ,20240301,13.03,13.1,12.6,12.89,12.79,0.1,0.7819,27214.0,34899.427
301159.SZ,20240301,35.1,36.4,34.8,35.92,35.0,0.92,2.6286,33497.0,119042.947
301160.SZ,20240301,34.65,35.85,34.56,35.37,34.62,0.75,2.1664,12632.58,44478.869
301161.SZ,20240301,15.88,16.45,15.79,16.24,15.68,0.56,3.5714,17586.52,28346.88
301162.SZ,20240301,38.9,42.61,38.9,41.68,39.26,2.42,6.164,22918.4,94435.367
301163.SZ,20240301,23.56,24.11,23.0,23.05,24.65,-1.6,-6.4909,79296.31,185406.276
301165.SZ,20240301,37.72,41.35,37.37,40.35,37.62,2.73,7.2568,121983.67,481184.787
301166.SZ,20240301,30.72,31.71,30.19,30.88,31.02,-0.14,-0.4513,16973.0,52149.038
301167.SZ,20240301,11.89,12.19,11.61,11.91,11.85,0.06,0.5063,30237.0,35900.445
301168.SZ,20240301,44.0,46.23,43.1,45.8,44.21,1.59,3.5965,44693.86,201338.383
301169.SZ,20240301,38.68,41.7,38.55,40.75,38.4,2.35,6.1198,37733.08,151564.686
301170.SZ,20240301,25.82,26.42,24.26,24.78,25.19,-0.41,-1.6276,35187.93,88130.854
301171.SZ,20240301,19.53,20.58,19.24,20.4,19.54,0.86,4.4012,337976.42,671706.537
301172.SZ,20240301,33.3,34.88,33.3,34.44,33.3,1.14,3.4234,44341.82,152035.505
301175.SZ,20240301,4.85,4.93,4.81,4.86,4.87,-0.01,-0.2053,146849.48,71313.341
301176.SZ,20240301,11.2,11.69,11.13,11.56,11.14,0.42,3.7702,22899.1,26313.437
301177.SZ,20240301,25.18,25.38,24.92,25.19,25.14,0.05,0.1989,8198.0,20598.626
301178.SZ,20240301,21.61,22.5,21.35,22.26,21.55,0.71,3.2947,31316.97,68853.396
301179.SZ,20240301,22.06,23.09,22.0,22.96,22.11,0.85,3.8444,30224.77,68508.767
301180.SZ,20240301,13.41,14.47,13.34,14.13,13.4,0.73,5.4478,53598.5,74576.311
301181.SZ,20240301,22.0,22.11,21.35,21.78,22.17,-0.39,-1.7591,25167.59,54571.733
301182.SZ,20240301,15.08,15.69,15.08,15.4,15.08,0.32,2.122,25605.0,39533.477
301183.SZ,20240301,42.82,45.25,40.87,42.65,42.4,0.25,0.5896,145527.41,624790.667
301185.SZ,20240301,17.68,17.84,17.18,17.76,17.45,0.31,1.7765,82214.12,144253.34
301186.SZ,20240301,32.58,32.96,31.58,32.84,32.26,0.58,1.7979,11387.79,37016.013
301187.SZ,20240301,16.08,16.39,15.94,16.3,16.05,0.25,1.5576,25408.91,41160.738
301188.SZ,20240301,16.63,16.85,16.34,16.53,16.62,-0.09,-0.5415,26552.0,43821.943
301189.SZ,20240301,21.51,22.44,21.51,21.89,21.63,0.26,1.202,19590.16,42884.724
301190.SZ,20240301,15.54,15.74,15.39,15.52,15.56,-0.04,-0.2571,5752.0,8938.242
301191.SZ,20240301,92.51,97.99,91.13,95.26,92.18,3.08,3.3413,37434.02,357026.715
301192.SZ,20240301,15.57,15.89,15.23,15.48,15.59,-0.11,-0.7056,27531.26,42737.893
301193.SZ,20240301,16.4,16.65,16.06,16.37,16.3,0.07,0.4294,7672.4,12538.609
301195.SZ,20240301,37.16,38.99,36.7,38.76,37.14,1.62,4.3619,28146.5,107358.538
301196.SZ,20240301,29.3,30.7,29.09,30.11,29.36,0.75,2.5545,8445.98,25443.222
301197.SZ,20240301,13.08,13.54,13.08,13.35,12.95,0.4,3.0888,27266.23,36261.099
301198.SZ,20240301,8.64,8.88,8.48,8.86,8.55,0.31,3.6257,55257.17,47707.81
301199.SZ,20240301,22.39,22.72,21.88,22.42,22.53,-0.11,-0.4882,51130.0,114093.92
301200.SZ,20240301,34.81,35.2,34.5,34.8,34.81,-0.01,-0.0287,14932.98,52009.005
301201.SZ,20240301,18.99,19.28,18.78,19.1,19.01,0.09,0.4734,17109.2,32582.148
301202.SZ,20240301,25.56,26.8,25.54,26.47,25.38,1.09,4.2947,46157.03,121586.354
301203.SZ,20240301,31.56,32.18,31.21,31.48,31.8,-0.32,-1.0063,11070.62,34933.355
301205.SZ,20240301,91.0,97.05,90.5,95.48,91.4,4.08,4.4639,84682.29,801377.806
301206.SZ,20240301,24.51,24.7,24.32,24.59,24.51,0.08,0.3264,4332.5,10614.968
301207.SZ,20240301,24.6,24.87,24.4,24.78,24.78,0.0,0.0,21571.45,53186.657
301208.SZ,20240301,34.3,35.08,33.81,34.75,34.76,-0.01,-0.0288,38607.49,133360.904
301209.SZ,20240301,16.97,17.42,16.89,17.25,16.96,0.29,1.7099,13669.0,23424.297
301210.SZ,20240301,32.95,34.05,32.68,33.3,32.88,0.42,1.2774,10433.89,34786.575
301211.SZ,20240301,17.83,18.07,17.62,18.05,17.83,0.22,1.2339,33232.39,59521.342
301212.SZ,20240301,18.95,19.5,18.73,19.44,18.82,0.62,3.2944,10287.87,19716.858
301213.SZ,20240301,29.08,29.79,28.2,29.6,28.86,0.74,2.5641,18470.0,54174.025
301215.SZ,20240301,5.42,5.5,5.35,5.44,5.4,0.04,0.7407,173847.17,94179.959
301216.SZ,20240301,12.27,12.33,12.09,12.23,12.26,-0.03,-0.2447,33114.55,40429.167
301217.SZ,20240301,10.07,10.2,9.98,10.16,10.04,0.12,1.1952,37435.0,37860.081
301218.SZ,20240301,27.01,28.9,27.01,27.67,26.6,1.07,4.0226,105247.52,294008.508
301219.SZ,20240301,35.31,35.42,34.74,35.0,35.15,-0.15,-0.4267,20115.59,70278.617
301220.SZ,20240301,29.0,29.21,28.41,28.7,29.0,-0.3,-1.0345,3588.46,10300.035
301221.SZ,20240301,41.64,42.58,41.14,42.43,41.01,1.42,3.4626,33635.85,141053.767
301222.SZ,20240301,21.68,21.86,21.21,21.64,21.48,0.16,0.7449,11379.0,24483.426
301223.SZ,20240301,15.5,15.63,15.35,15.6,15.46,0.14,0.9056,8398.0,13020.584
301225.SZ,20240301,30.0,30.65,28.93,29.93,30.11,-0.18,-0.5978,39224.99,116951.56
301226.SZ,20240301,17.54,18.7,16.81,17.94,17.72,0.22,1.2415,70070.58,124701.993
301227.SZ,20240301,25.48,25.68,25.03,25.07,25.57,-0.5,-1.9554,8137.62,20480.313
301228.SZ,20240301,10.93,11.2,10.74,11.05,10.79,0.26,2.4096,45663.5,49967.621
301229.SZ,20240301,26.19,26.7,26.0,26.45,26.3,0.15,0.5703,13582.79,35755.257
301230.SZ,20240301,28.4,28.49,27.55,28.15,28.37,-0.22,-0.7755,27578.75,77491.864
301231.SZ,20240301,20.41,21.98,19.77,20.97,20.29,0.68,3.3514,84388.34,174386.179
301232.SZ,20240301,39.1,39.77,38.79,39.2,39.15,0.05,0.1277,7958.06,31214.326
301233.SZ,20240301,32.19,33.11,32.01,32.78,32.25,0.53,1.6434,10704.66,34837.261
301234.SZ,20240301,25.0,25.08,24.16,24.64,24.67,-0.03,-0.1216,20522.0,50510.683
301235.SZ,20240301,19.27,19.67,19.0,19.39,19.12,0.27,1.4121,16796.0,32446.465
301236.SZ,20240301,45.47,46.2,44.46,45.48,45.47,0.01,0.022,740430.93,3353783.975
301237.SZ,20240301,20.3,20.82,20.17,20.62,20.17,0.45,2.231,7025.0,14364.908
301238.SZ,20240301,15.6,15.77,15.39,15.58,15.59,-0.01,-0.0641,52094.16,81153.058
301239.SZ,20240301,65.9,65.98,63.88,65.06,65.98,-0.92,-1.3944,24262.8,157410.588
301246.SZ,20240301,21.79,22.13,21.72,21.89,21.8,0.09,0.4128,8558.72,18745.622
301248.SZ,20240301,12.84,13.62,12.76,13.56,12.83,0.73,5.6898,79800.27,105306.353
301251.SZ,20240301,30.29,30.85,29.8,30.66,29.94,0.72,2.4048,42589.75,129525.12
301252.SZ,20240301,38.0,39.0,37.51,38.39,37.35,1.04,2.7845,26237.04,100789.418
301255.SZ,20240301,35.5,36.42,35.17,35.73,35.46,0.27,0.7614,28355.81,101477.07
301256.SZ,20240301,6.64,6.78,6.6,6.77,6.61,0.16,2.4206,36728.51,24601.992
301257.SZ,20240301,48.62,49.7,48.12,48.83,48.99,-0.16,-0.3266,11650.9,56807.273
301258.SZ,20240301,25.3,25.83,25.13,25.83,25.34,0.49,1.9337,13080.0,33373.023
301259.SZ,20240301,18.95,19.29,18.69,19.1,19.07,0.03,0.1573,34259.19,65077.642
301260.SZ,20240301,12.8,12.95,12.61,12.9,12.72,0.18,1.4151,28195.44,36151.76
301261.SZ,20240301,45.63,46.11,44.26,44.99,45.74,-0.75,-1.6397,14266.92,64306.283
301262.SZ,20240301,28.73,29.58,28.53,29.43,28.87,0.56,1.9397,82313.13,239502.244
301263.SZ,20240301,14.45,14.6,14.35,14.55,14.48,0.07,0.4834,23590.2,34175.244
301265.SZ,20240301,9.39,9.87,9.3,9.66,9.45,0.21,2.2222,54214.07,51700.717
301266.SZ,20240301,40.09,41.67,39.68,41.03,40.22,0.81,2.0139,43035.83,175460.657
301267.SZ,20240301,29.7,29.76,29.15,29.41,29.58,-0.17,-0.5747,46190.99,135950.922
301268.SZ,20240301,24.31,24.62,23.85,24.5,24.12,0.38,1.5755,21086.46,51243.269
301269.SZ,20240301,91.5,93.2,89.62,91.55,91.0,0.55,0.6044,35701.88,326529.383
301270.SZ,20240301,31.99,32.59,31.13,32.01,31.76,0.25,0.7872,44698.28,142301.559
301272.SZ,20240301,41.6,43.5,41.6,43.38,41.57,1.81,4.3541,9348.57,39909.163
301273.SZ,20240301,18.1,18.62,17.66,18.08,18.0,0.08,0.4444,14750.94,26584.481
301276.SZ,20240301,19.9,20.13,19.6,20.09,19.92,0.17,0.8534,9965.0,19796.556
301277.SZ,20240301,16.64,16.96,16.47,16.79,16.63,0.16,0.9621,32747.0,54725.286
301278.SZ,20240301,45.7,46.75,44.5,45.73,46.1,-0.37,-0.8026,29306.69,132928.377
301279.SZ,20240301,17.25,17.48,17.01,17.39,17.16,0.23,1.3403,14406.96,24933.338
301280.SZ,20240301,33.87,35.43,33.87,34.8,33.85,0.95,2.8065,16479.48,57259.416
301281.SZ,20240301,30.14,30.86,29.09,30.05,30.21,-0.16,-0.5296,44379.8,132801.922
301282.SZ,20240301,17.38,17.92,17.38,17.85,17.41,0.44,2.5273,40154.67,71126.222
301283.SZ,20240301,26.9,27.17,26.5,26.87,26.89,-0.02,-0.0744,9523.7,25511.145
301285.SZ,20240301,18.97,21.09,18.9,20.74,18.97,1.77,9.3305,102629.77,206539.321
301286.SZ,20240301,29.0,29.69,28.6,28.86,28.95,-0.09,-0.3109,9834.14,28552.743
301287.SZ,20240301,29.42,29.84,28.93,29.5,29.48,0.02,0.0678,12521.0,36813.297
301288.SZ,20240301,13.3,13.59,13.19,13.53,13.21,0.32,2.4224,22726.0,30410.078
301289.SZ,20240301,45.18,47.58,44.2,46.64,45.16,1.48,3.2772,42222.51,195564.295
301290.SZ,20240301,21.77,22.03,21.6,21.99,21.76,0.23,1.057,10543.3,23018.012
301291.SZ,20240301,28.95,29.86,28.77,29.7,28.94,0.76,2.6261,25963.76,76708.976
301292.SZ,20240301,14.25,14.53,14.08,14.39,14.23,0.16,1.1244,17933.02,25709.594
301293.SZ,20240301,65.0,67.64,64.26,66.95,64.95,2.0,3.0793,46229.47,304201.56
301295.SZ,20240301,24.16,24.97,24.16,24.88,24.16,0.72,2.9801,8218.0,20242.875
301296.SZ,20240301,8.55,8.64,8.39,8.5,8.49,0.01,0.1178,41672.58,35436.435
301297.SZ,20240301,21.8,22.7,21.73,22.57,21.8,0.77,3.5321,180845.18,402745.69
301298.SZ,20240301,13.21,13.78,13.0,13.48,13.23,0.25,1.8896,24591.15,33089.153
301299.SZ,20240301,46.0,48.69,45.6,48.3,46.49,1.81,3.8933,34730.17,164145.302
301300.SZ,20240301,22.06,22.68,21.73,22.05,22.1,-0.05,-0.2262,11716.11,25840.142
301301.SZ,20240301,9.2,9.5,9.2,9.31,9.28,0.03,0.3233,131490.46,122509.915
301302.SZ,20240301,19.8,20.4,19.68,20.26,19.42,0.84,4.3254,93424.72,187894.682
301303.SZ,20240301,16.3,17.57,16.28,17.22,16.29,0.93,5.709,44941.32,75956.014
301305.SZ,20240301,15.91,16.04,15.51,15.71,16.14,-0.43,-2.6642,36919.97,57959.707
301306.SZ,20240301,32.72,34.98,31.88,33.73,32.45,1.28,3.9445,63827.91,211698.719
301307.SZ,20240301,26.6,27.25,26.23,26.78,27.06,-0.28,-1.0347,75448.47,201667.154
301308.SZ,20240301,82.5,87.95,82.5,87.63,83.12,4.51,5.4259,78869.39,675953.281
301309.SZ,20240301,23.65,23.99,23.41,23.83,23.62,0.21,0.8891,2457.79,5846.703
301310.SZ,20240301,37.78,41.32,37.33,39.48,37.86,1.62,4.2789,25888.83,101480.719
301311.SZ,20240301,23.0,23.38,22.5,22.9,23.04,-0.14,-0.6076,86326.27,197337.372
301312.SZ,20240301,70.81,72.7,70.54,71.53,71.24,0.29,0.4071,14242.97,101900.319
301313.SZ,20240301,23.54,24.23,23.42,23.94,23.56,0.38,1.6129,52632.53,125703.463
301314.SZ,20240301,34.86,36.8,34.15,35.25,34.6,0.65,1.8786,14318.9,50868.925
301315.SZ,20240301,63.46,64.69,62.36,62.73,64.27,-1.54,-2.3961,48132.65,303567.979
301316.SZ,20240301,19.36,20.33,19.36,20.12,19.41,0.71,3.6579,62251.1,123642.757
301317.SZ,20240301,15.34,15.86,15.34,15.85,15.33,0.52,3.392,12496.55,19498.107
301318.SZ,20240301,60.1,61.08,56.01,57.4,61.52,-4.12,-6.697,133788.51,779125.961
301319.SZ,20240301,44.77,45.75,44.57,45.0,44.85,0.15,0.3344,7777.6,35051.848
301320.SZ,20240301,15.37,15.95,15.2,15.88,15.23,0.65,4.2679,55288.9,86336.824
301321.SZ,20240301,13.15,14.29,12.99,13.82,13.02,0.8,6.1444,68764.71,94167.077
301322.SZ,20240301,33.99,34.39,33.67,33.99,34.05,-0.06,-0.1762,9376.92,31837.058
301323.SZ,20240301,28.85,29.18,28.49,29.0,28.42,0.58,2.0408,11357.23,32794.524
301325.SZ,20240301,67.6,68.0,66.5,67.15,67.38,-0.23,-0.3413,9702.87,65189.084
301326.SZ,20240301,24.24,25.97,24.0,25.32,24.24,1.08,4.4554,16281.86,40880.398
301327.SZ,20240301,58.07,59.0,57.27,58.65,58.22,0.43,0.7386,5904.94,34436.9
301328.SZ,20240301,38.8,39.58,38.13,39.58,38.5,1.08,2.8052,21957.85,85597.107
301329.SZ,20240301,16.51,17.5,16.5,17.28,16.42,0.86,5.2375,50677.72,86903.951
301330.SZ,20240301,27.52,28.63,27.52,28.49,27.52,0.97,3.5247,51388.94,144759.731
301331.SZ,20240301,34.54,35.63,34.3,34.87,34.5,0.37,1.0725,5978.0,20797.123
301332.SZ,20240301,11.07,11.14,10.75,10.92,11.0,-0.08,-0.7273,86184.55,93957.039
301333.SZ,20240301,50.32,50.47,49.3,49.74,50.1,-0.36,-0.7186,6657.01,33081.615
301335.SZ,20240301,16.68,17.35,16.62,17.13,16.66,0.47,2.8211,9975.23,16943.857
301336.SZ,20240301,31.23,31.99,31.02,31.6,31.12,0.48,1.5424,5602.5,17680.134
301337.SZ,20240301,40.5,42.0,39.81,41.23,40.66,0.57,1.4019,75764.56,311357.26
301338.SZ,20240301,34.4,35.99,32.8,33.84,34.59,-0.75,-2.1683,96864.58,332802.873
301339.SZ,20240301,16.45,16.85,16.3,16.81,16.44,0.37,2.2506,60000.58,99641.769
301345.SZ,20240301,50.76,51.42,50.23,50.67,50.75,-0.08,-0.1576,3862.9,19621.731
301348.SZ,20240301,34.85,36.09,34.8,35.6,34.7,0.9,2.5937,58539.94,207877.616
301349.SZ,20240301,30.03,31.3,29.6,30.88,30.0,0.88,2.9333,20033.33,61347.063
301353.SZ,20240301,24.94,25.28,24.58,25.13,24.95,0.18,0.7214,8635.31,21635.169
301355.SZ,20240301,12.4,12.89,12.28,12.57,12.45,0.12,0.9639,38791.54,48528.122
301356.SZ,20240301,15.73,15.82,15.45,15.59,15.72,-0.13,-0.827,7054.0,11020.074
301357.SZ,20240301,36.61,37.57,36.33,36.98,36.2,0.78,2.1547,16857.72,62374.418
301358.SZ,20240301,27.95,28.2,27.26,27.62,27.68,-0.06,-0.2168,99026.62,274330.084
301359.SZ,20240301,17.79,18.14,17.59,18.01,17.73,0.28,1.5792,24913.73,44653.513
301360.SZ,20240301,55.84,58.16,55.02,56.96,55.78,1.18,2.1155,19179.13,109303.629
301361.SZ,20240301,17.82,18.32,17.6,18.07,17.73,0.34,1.9177,27570.27,49590.097
301362.SZ,20240301,33.37,35.68,33.23,34.73,33.2,1.53,4.6084,24945.31,87041.356
301363.SZ,20240301,30.61,30.95,29.82,30.15,30.18,-0.03,-0.0994,18717.04,56552.485
301365.SZ,20240301,11.09,11.21,10.82,11.11,10.98,0.13,1.184,13208.0,14536.979
301366.SZ,20240301,26.15,26.5,25.49,26.08,25.15,0.93,3.6978,43544.93,113276.729
301367.SZ,20240301,104.04,105.5,103.06,105.5,104.2,1.3,1.2476,4778.61,49837.636
301368.SZ,20240301,44.33,45.99,42.9,44.75,44.23,0.52,1.1757,127391.42,566798.384
301369.SZ,20240301,43.76,44.8,43.4,43.95,42.7,1.25,2.9274,19164.62,84352.34
301370.SZ,20240301,13.66,13.9,13.6,13.8,13.62,0.18,1.3216,34073.04,46801.169
301371.SZ,20240301,31.74,31.98,31.36,31.71,31.74,-0.03,-0.0945,15213.33,48182.569
301372.SZ,20240301,33.89,34.88,33.4,34.3,33.78,0.52,1.5394,17420.68,59392.838
301373.SZ,20240301,23.88,24.56,23.78,24.39,23.9,0.49,2.0502,7656.0,18409.072
301376.SZ,20240301,23.57,23.57,22.86,23.0,23.33,-0.33,-1.4145,20093.59,46452.577
301377.SZ,20240301,18.15,18.62,18.0,18.25,18.15,0.1,0.551,54100.66,98989.284
301378.SZ,20240301,37.0,37.46,36.44,37.22,37.01,0.21,0.5674,20171.2,74669.208
301379.SZ,20240301,21.9,22.96,21.78,22.9,21.94,0.96,4.3756,28312.39,63685.143
301380.SZ,20240301,36.15,37.09,35.92,36.9,35.73,1.17,3.2746,18173.14,66358.663
301381.SZ,20240301,26.45,26.88,26.02,26.81,26.45,0.36,1.3611,27798.82,73633.889
301382.SZ,20240301,30.29,31.98,30.1,31.55,30.04,1.51,5.0266,43752.39,136440.509
301383.SZ,20240301,41.24,44.2,41.03,42.43,41.33,1.1,2.6615,29908.84,127962.459
301386.SZ,20240301,19.64,20.84,19.52,20.43,19.64,0.79,4.0224,23337.5,47312.999
301387.SZ,20240301,47.76,57.31,47.7,52.8,47.76,5.04,10.5528,55395.71,303367.651
301388.SZ,20240301,17.48,17.83,17.3,17.62,17.55,0.07,0.3989,20020.5,35189.387
301389.SZ,20240301,13.03,14.76,13.03,13.72,13.02,0.7,5.3763,79523.0,109491.324
301390.SZ,20240301,30.71,31.7,30.67,31.1,30.71,0.39,1.2699,10430.15,32434.488
301391.SZ,20240301,112.08,113.81,109.01,112.89,111.58,1.31,1.174,7438.43,82898.264
301393.SZ,20240301,49.0,50.99,48.75,50.34,49.7,0.64,1.2877,30511.13,152202.068
301395.SZ,20240301,14.67,14.92,14.49,14.89,14.55,0.34,2.3368,13993.07,20697.981
301396.SZ,20240301,21.68,22.16,21.27,21.75,21.53,0.22,1.0218,41970.61,91000.018
301397.SZ,20240301,35.03,37.77,35.03,36.56,34.16,2.4,7.0258,36935.93,134054.487
301398.SZ,20240301,42.95,44.8,42.36,42.69,42.6,0.09,0.2113,25620.06,110662.046
301399.SZ,20240301,29.87,32.36,29.87,31.2,29.88,1.32,4.4177,37043.24,115676.364
301408.SZ,20240301,12.34,12.62,12.33,12.49,12.35,0.14,1.1336,37548.38,46750.357
301413.SZ,20240301,57.34,57.9,54.5,55.99,57.43,-1.44,-2.5074,23303.17,129807.349
301418.SZ,20240301,38.81,40.0,38.37,39.54,38.8,0.74,1.9072,17712.89,69790.219
301419.SZ,20240301,28.94,30.24,28.93,29.49,28.94,0.55,1.9005,30900.77,91318.068
301421.SZ,20240301,48.96,52.14,48.96,50.84,48.56,2.28,4.6952,66498.94,334349.731
301428.SZ,20240301,28.77,29.64,28.5,29.48,28.83,0.65,2.2546,25352.88,74168.171
301429.SZ,20240301,14.24,14.5,13.99,14.32,14.32,0.0,0.0,17662.0,25184.007
301439.SZ,20240301,12.17,14.6,12.05,13.82,12.17,1.65,13.5579,134751.95,185985.559
301446.SZ,20240301,23.13,23.88,23.02,23.69,23.1,0.59,2.5541,12711.0,29804.476
301448.SZ,20240301,25.5,29.48,25.5,27.66,25.38,2.28,8.9835,49126.16,131633.156
301456.SZ,20240301,25.46,27.62,25.45,26.91,25.6,1.31,5.1172,32965.59,87689.991
301459.SZ,20240301,40.5,40.88,39.32,39.75,40.5,-0.75,-1.8519,18231.67,72580.567
301468.SZ,20240301,23.71,24.24,23.55,24.09,23.74,0.35,1.4743,10117.94,24256.589
301469.SZ,20240301,26.48,26.8,26.12,26.61,26.33,0.28,1.0634,23521.78,62259.744
301486.SZ,20240301,33.96,35.67,33.8,34.95,33.97,0.98,2.8849,26356.57,91937.996
301487.SZ,20240301,33.08,33.53,32.6,33.16,32.98,0.18,0.5458,54201.02,179074.03
301488.SZ,20240301,48.9,49.9,48.59,49.25,48.35,0.9,1.8614,20448.77,100647.074
301489.SZ,20240301,62.0,70.08,62.0,70.08,58.4,11.68,20.0,30459.62,205404.343
301498.SZ,20240301,42.6,43.19,41.81,42.3,42.59,-0.29,-0.6809,16284.79,68985.009
301499.SZ,20240301,24.54,26.44,24.05,24.41,23.38,1.03,4.4055,70982.25,175882.221
301500.SZ,20240301,17.11,17.68,16.92,17.29,17.02,0.27,1.5864,36753.2,63563.88
301502.SZ,20240301,43.69,43.96,42.81,43.13,43.6,-0.47,-1.078,32760.36,142051.636
301503.SZ,20240301,26.95,28.41,26.51,28.0,26.7,1.3,4.8689,37174.87,102860.333
301505.SZ,20240301,25.72,26.58,25.5,26.45,25.44,1.01,3.9701,23739.1,62070.347
301507.SZ,20240301,13.27,13.48,13.11,13.32,13.29,0.03,0.2257,39705.58,52794.551
301508.SZ,20240301,41.9,43.13,41.1,42.29,42.2,0.09,0.2133,128929.32,543892.996
301509.SZ,20240301,64.0,66.32,62.94,65.54,64.42,1.12,1.7386,42770.62,276328.056
301510.SZ,20240301,32.5,33.41,31.72,32.58,31.72,0.86,2.7112,48963.09,158558.011
301511.SZ,20240301,20.7,21.05,20.48,20.81,20.5,0.31,1.5122,59346.7,123305.115
301512.SZ,20240301,58.18,60.09,57.0,57.1,61.22,-4.12,-6.7298,39974.15,232679.591
301515.SZ,20240301,20.88,21.34,20.65,21.31,20.82,0.49,2.3535,13635.87,28739.073
301516.SZ,20240301,25.39,25.74,24.2,24.82,25.76,-0.94,-3.6491,243554.46,609185.831
301517.SZ,20240301,49.85,50.95,48.6,49.95,50.85,-0.9,-1.7699,43735.05,217973.402
301518.SZ,20240301,17.29,17.53,17.04,17.26,17.22,0.04,0.2323,21191.6,36563.694
301519.SZ,20240301,15.51,15.88,15.5,15.85,15.51,0.34,2.1921,24678.64,38784.323
301520.SZ,20240301,51.2,51.79,50.51,51.05,51.54,-0.49,-0.9507,8382.97,42789.325
301525.SZ,20240301,69.0,70.8,68.3,69.69,68.05,1.64,2.41,11120.88,77169.12
301526.SZ,20240301,4.95,5.0,4.83,4.88,4.95,-0.07,-1.4141,542989.44,265851.173
301528.SZ,20240301,54.75,59.88,54.41,55.74,52.99,2.75,5.1897,21592.53,121873.203
301529.SZ,20240301,30.36,31.57,29.73,31.23,30.5,0.73,2.3934,27232.38,83613.498
301533.SZ,20240301,26.56,28.76,26.39,27.9,26.39,1.51,5.7219,43443.13,120039.736
301548.SZ,20240301,47.93,49.3,47.9,48.16,47.92,0.24,0.5008,7628.91,36897.084
301550.SZ,20240301,33.46,35.88,33.05,33.55,33.21,0.34,1.0238,32056.73,108118.581
301555.SZ,20240301,28.4,30.18,28.14,29.2,28.14,1.06,3.7669,31637.93,93196.402
301558.SZ,20240301,11.7,11.91,11.56,11.88,11.73,0.15,1.2788,101429.2,119238.885
301559.SZ,20240301,16.63,16.75,16.57,16.7,16.63,0.07,0.4209,23673.01,39499.794
301566.SZ,20240301,18.11,18.91,18.11,18.62,18.11,0.51,2.8161,48191.28,89414.911
301567.SZ,20240301,41.0,44.8,40.8,43.02,40.52,2.5,6.1698,70185.55,301347.964
301568.SZ,20240301,37.1,38.2,36.92,37.75,37.47,0.28,0.7473,46269.94,174165.686
301577.SZ,20240301,59.26,59.55,56.61,57.99,59.56,-1.57,-2.636,46517.64,268411.387
301578.SZ,20240301,49.42,52.0,49.42,50.98,49.67,1.31,2.6374,22996.52,117202.551
301589.SZ,20240301,418.0,438.83,416.07,434.21,421.0,13.21,3.1378,8142.25,349712.664
301591.SZ,20240301,69.0,70.3,60.34,60.48,70.3,-9.82,-13.9687,113020.44,725225.538
302132.SZ,20240301,41.18,42.25,41.18,41.97,41.55,0.42,1.0108,65476.04,273756.063
