ts_code,trade_date,open,high,low,close,pre_close,change,pct_chg,vol,amount
300001.SZ,20240711,20.02,20.1,19.66,19.75,19.67,0.08,0.4067,165915.49,329504.107
300002.SZ,20240711,8.42,8.48,8.29,8.43,8.26,0.17,2.0581,475467.08,399154.643
300003.SZ,20240711,13.42,14.05,13.3,13.93,13.15,0.78,5.9316,198500.76,272754.497
300004.SZ,20240711,4.18,4.26,4.16,4.23,4.13,0.1,2.4213,57311.0,24151.234
300005.SZ,20240711,4.82,4.98,4.82,4.97,4.75,0.22,4.6316,82130.0,40460.061
300006.SZ,20240711,2.34,2.42,2.33,2.41,2.31,0.1,4.329,91041.6,21722.461
300007.SZ,20240711,13.3,13.47,13.26,13.47,13.05,0.42,3.2184,62749.24,84048.696
300008.SZ,20240711,3.74,3.76,3.71,3.76,3.66,0.1,2.7322,347582.22,130137.368
300009.SZ,20240711,8.48,8.7,8.46,8.62,8.36,0.26,3.11,151494.14,130206.734
300010.SZ,20240711,2.51,2.53,2.46,2.48,2.45,0.03,1.2245,166044.0,41205.938
300011.SZ,20240711,4.91,5.0,4.87,5.0,4.8,0.2,4.1667,60203.59,29813.024
300012.SZ,20240711,12.08,12.15,11.76,11.92,11.76,0.16,1.3605,440331.11,524583.624
300013.SZ,20240711,1.66,1.69,1.66,1.68,1.64,0.04,2.439,57546.8,9647.872
300014.SZ,20240711,35.88,37.72,35.42,37.33,35.24,2.09,5.9308,307251.49,1130934.083
300015.SZ,20240711,10.12,11.2,10.12,10.87,9.86,1.01,10.2434,2288951.65,2456854.768
300016.SZ,20240711,4.31,4.51,4.31,4.48,4.26,0.22,5.1643,70608.45,31215.059
300017.SZ,20240711,7.71,7.77,7.63,7.69,7.57,0.12,1.5852,518140.45,398478.462
300018.SZ,20240711,4.43,4.54,4.4,4.53,4.35,0.18,4.1379,57825.0,25947.908
300019.SZ,20240711,13.17,13.31,13.07,13.3,12.98,0.32,2.4653,47680.0,63013.118
300020.SZ,20240711,1.74,1.77,1.71,1.75,1.69,0.06,3.5503,331560.44,57833.451
300021.SZ,20240711,3.26,3.32,3.25,3.31,3.21,0.1,3.1153,108735.54,35761.971
300022.SZ,20240711,3.8,3.89,3.75,3.85,3.75,0.1,2.6667,112313.2,42860.976
300024.SZ,20240711,9.72,9.83,9.63,9.78,9.54,0.24,2.5157,178960.63,174414.477
300025.SZ,20240711,9.51,10.51,9.51,10.35,9.36,0.99,10.5769,157211.13,157823.385
300026.SZ,20240711,3.11,3.17,3.11,3.17,3.07,0.1,3.2573,327006.0,102945.554
300027.SZ,20240711,1.59,1.63,1.59,1.63,1.56,0.07,4.4872,287823.07,46470.885
300029.SZ,20240711,3.36,3.46,3.36,3.43,3.3,0.13,3.9394,13060.54,4471.992
300030.SZ,20240711,3.38,3.62,3.38,3.59,3.34,0.25,7.485,82819.0,29228.657
300031.SZ,20240711,15.67,15.82,15.51,15.69,15.52,0.17,1.0954,291068.6,455840.601
300032.SZ,20240711,3.08,3.17,3.05,3.16,3.03,0.13,4.2904,249553.17,78210.785
300033.SZ,20240711,98.3,101.35,97.8,99.13,96.23,2.9,3.0136,80618.57,801867.203
300034.SZ,20240711,16.07,16.22,15.49,16.02,15.8,0.22,1.3924,185253.93,294061.26
300035.SZ,20240711,8.8,8.8,8.32,8.48,8.24,0.24,2.9126,107666.0,91684.107
300036.SZ,20240711,13.49,13.63,13.36,13.6,13.24,0.36,2.719,65792.0,89080.911
300037.SZ,20240711,31.1,31.88,30.78,31.69,30.97,0.72,2.3248,90412.95,284558.244
300039.SZ,20240711,5.36,5.46,5.34,5.45,5.26,0.19,3.6122,146009.0,79008.429
300040.SZ,20240711,5.42,5.47,5.29,5.46,5.31,0.15,2.8249,312345.6,168406.881
300041.SZ,20240711,7.55,7.62,7.46,7.57,7.35,0.22,2.9932,73365.81,55417.326
300042.SZ,20240711,18.25,18.57,17.98,18.54,17.94,0.6,3.3445,45331.75,83278.806
300043.SZ,20240711,2.27,2.29,2.23,2.29,2.22,0.07,3.1532,272108.9,61682.765
300044.SZ,20240711,4.07,4.27,4.07,4.2,4.0,0.2,5.0,496655.6,208089.921
300045.SZ,20240711,17.5,17.6,17.15,17.53,17.14,0.39,2.2754,209809.28,365646.611
300046.SZ,20240711,18.05,18.26,16.97,17.45,17.46,-0.01,-0.0573,379583.9,662533.407
300047.SZ,20240711,6.58,6.67,6.54,6.63,6.45,0.18,2.7907,125024.12,82756.967
300048.SZ,20240711,4.48,4.55,4.47,4.54,4.42,0.12,2.7149,51591.0,23332.828
300049.SZ,20240711,50.25,50.33,48.6,49.34,49.58,-0.24,-0.4841,34576.32,170806.252
300050.SZ,20240711,2.65,2.72,2.63,2.69,2.59,0.1,3.861,186627.0,50140.374
300051.SZ,20240711,7.47,7.69,7.24,7.36,7.29,0.07,0.9602,30110.0,22433.581
300052.SZ,20240711,11.6,11.75,11.5,11.66,11.48,0.18,1.5679,49772.68,57934.957
300053.SZ,20240711,8.89,8.98,8.82,8.94,8.69,0.25,2.8769,121099.5,107844.122
300054.SZ,20240711,23.13,23.23,22.54,23.04,22.8,0.24,1.0526,134699.93,309192.759
300055.SZ,20240711,3.96,4.17,3.96,4.16,3.89,0.27,6.9409,79856.28,32630.986
300056.SZ,20240711,8.84,8.95,8.72,8.81,8.82,-0.01,-0.1134,64420.55,56835.413
300057.SZ,20240711,3.92,4.11,3.9,4.07,3.81,0.26,6.8241,177016.19,71234.843
300058.SZ,20240711,5.3,5.38,5.25,5.37,5.19,0.18,3.4682,390294.42,208108.437
300059.SZ,20240711,10.3,10.59,10.23,10.43,10.12,0.31,3.0632,2540237.09,2645763.875
300061.SZ,20240711,3.74,3.93,3.73,3.9,3.68,0.22,5.9783,315033.76,120868.075
300062.SZ,20240711,4.89,4.94,4.84,4.91,4.78,0.13,2.7197,105312.0,51538.369
300063.SZ,20240711,3.7,3.76,3.68,3.74,3.63,0.11,3.0303,232570.5,86737.392
300065.SZ,20240711,6.29,6.4,6.25,6.39,6.13,0.26,4.2414,116510.0,74016.942
300066.SZ,20240711,3.0,3.05,2.98,3.05,2.95,0.1,3.3898,152615.0,46112.702
300067.SZ,20240711,4.06,4.11,4.02,4.05,3.99,0.06,1.5038,443557.26,179792.664
300068.SZ,20240711,8.45,8.62,8.33,8.59,8.23,0.36,4.3742,233033.87,198302.143
300069.SZ,20240711,10.07,10.36,9.97,10.36,9.91,0.45,4.5409,41504.78,42114.58
300070.SZ,20240711,4.28,4.37,4.25,4.36,4.22,0.14,3.3175,258171.54,111215.184
300071.SZ,20240711,2.18,2.2,2.13,2.17,2.16,0.01,0.463,396025.87,85662.536
300072.SZ,20240711,1.79,1.88,1.79,1.87,1.75,0.12,6.8571,208422.2,38401.445
300073.SZ,20240711,31.86,33.0,31.58,32.47,31.11,1.36,4.3716,197288.26,636772.137
300074.SZ,20240711,3.06,3.12,3.03,3.12,3.01,0.11,3.6545,111533.71,34528.339
300075.SZ,20240711,14.72,15.1,14.62,15.09,14.41,0.68,4.7189,213261.44,318892.458
300076.SZ,20240711,3.41,3.62,3.37,3.55,3.44,0.11,3.1977,453070.51,159144.905
300077.SZ,20240711,8.68,8.73,8.56,8.68,8.48,0.2,2.3585,80286.0,69490.226
300078.SZ,20240711,2.33,2.38,2.32,2.37,2.3,0.07,3.0435,128686.6,30288.805
300079.SZ,20240711,4.08,4.15,4.05,4.13,4.06,0.07,1.7241,367933.5,151043.526
300080.SZ,20240711,2.78,2.9,2.78,2.9,2.74,0.16,5.8394,133602.49,38270.956
300081.SZ,20240711,4.48,4.54,4.36,4.47,4.44,0.03,0.6757,342795.77,152347.217
300082.SZ,20240711,4.3,4.4,4.24,4.37,4.17,0.2,4.7962,47919.0,20774.801
300083.SZ,20240711,5.58,5.79,5.55,5.78,5.5,0.28,5.0909,443335.14,253929.533
300084.SZ,20240711,5.09,5.35,5.0,5.26,4.97,0.29,5.835,47692.2,24781.059
300085.SZ,20240711,8.25,8.34,8.1,8.31,8.08,0.23,2.8465,114685.67,94811.921
300086.SZ,20240711,3.52,3.59,3.5,3.59,3.46,0.13,3.7572,70909.0,25184.491
300087.SZ,20240711,6.13,6.26,6.08,6.23,6.0,0.23,3.8333,91813.06,56714.023
300088.SZ,20240711,4.73,4.82,4.67,4.81,4.67,0.14,2.9979,519898.15,247955.343
300091.SZ,20240711,1.25,1.34,1.25,1.33,1.26,0.07,5.5556,352107.68,45918.93
300092.SZ,20240711,10.02,10.2,9.93,10.17,9.77,0.4,4.0942,55814.0,56388.917
300093.SZ,20240711,11.77,13.08,11.51,12.33,11.53,0.8,6.9384,262758.0,320322.78
300094.SZ,20240711,2.5,2.63,2.49,2.62,2.44,0.18,7.377,394968.16,101644.353
300095.SZ,20240711,5.74,5.82,5.61,5.73,5.75,-0.02,-0.3478,141976.05,80962.97
300096.SZ,20240711,2.2,2.25,2.19,2.25,2.17,0.08,3.6866,96006.0,21380.087
300097.SZ,20240711,6.25,6.48,6.05,6.35,6.18,0.17,2.7508,303224.48,189454.348
300098.SZ,20240711,4.5,5.19,4.45,4.81,4.43,0.38,8.5779,3325237.14,1606341.756
300099.SZ,20240711,4.27,4.46,4.27,4.45,4.15,0.3,7.2289,113297.23,49602.847
300100.SZ,20240711,12.47,13.35,12.23,13.35,12.31,1.04,8.4484,381725.53,487077.408
300101.SZ,20240711,13.95,14.09,13.74,13.83,13.7,0.13,0.9489,83420.97,116065.985
300102.SZ,20240711,6.08,6.18,6.03,6.15,5.97,0.18,3.0151,83636.89,51224.767
300103.SZ,20240711,4.13,4.15,4.05,4.13,4.05,0.08,1.9753,106597.0,43784.208
300105.SZ,20240711,6.24,6.4,6.23,6.4,6.11,0.29,4.7463,92251.04,58352.401
300106.SZ,20240711,5.82,5.92,5.75,5.91,5.72,0.19,3.3217,51370.0,30102.048
300107.SZ,20240711,9.2,9.32,9.05,9.14,8.97,0.17,1.8952,348088.0,318685.475
300108.SZ,20240711,1.28,1.37,1.26,1.29,1.28,0.01,0.7813,427857.53,56039.487
300109.SZ,20240711,11.5,11.61,11.28,11.56,11.23,0.33,2.9386,69633.09,80100.436
300110.SZ,20240711,3.07,3.14,3.06,3.12,3.02,0.1,3.3113,141421.0,43874.587
300111.SZ,20240711,2.31,2.45,2.27,2.36,2.36,0.0,0.0,813918.51,191640.597
300112.SZ,20240711,6.65,6.8,6.62,6.79,6.52,0.27,4.1411,40495.02,27255.798
300113.SZ,20240711,10.16,10.25,10.03,10.2,9.91,0.29,2.9263,84599.85,85996.078
300115.SZ,20240711,12.48,13.16,12.3,13.0,12.2,0.8,6.5574,1196192.69,1525727.856
300117.SZ,20240711,1.07,1.11,1.04,1.08,1.08,0.0,0.0,282341.0,30491.971
300118.SZ,20240711,11.0,11.44,10.94,11.07,10.85,0.22,2.0276,408100.26,454877.31
300119.SZ,20240711,13.24,13.62,13.2,13.46,13.06,0.4,3.0628,33199.3,44608.703
300120.SZ,20240711,7.03,8.32,6.81,8.11,6.93,1.18,17.0274,1726867.33,1316141.262
300121.SZ,20240711,7.88,7.99,7.88,7.97,7.82,0.15,1.9182,28111.0,22350.75
300122.SZ,20240711,26.98,27.56,26.49,27.3,26.26,1.04,3.9604,257965.67,699827.524
300123.SZ,20240711,4.31,4.42,4.27,4.4,4.22,0.18,4.2654,222846.29,97220.688
300124.SZ,20240711,51.22,52.39,51.22,51.52,50.99,0.53,1.0394,134928.9,697230.533
300125.SZ,20240711,1.76,1.84,1.75,1.81,1.73,0.08,4.6243,143901.05,25811.61
300126.SZ,20240711,4.33,4.5,4.33,4.49,4.25,0.24,5.6471,35454.0,15714.237
300127.SZ,20240711,14.94,15.17,14.93,15.16,14.72,0.44,2.9891,37167.0,56027.072
300128.SZ,20240711,3.04,3.12,3.01,3.1,3.01,0.09,2.99,164702.4,50685.21
300129.SZ,20240711,6.28,6.48,6.28,6.38,6.2,0.18,2.9032,106222.02,67682.63
300130.SZ,20240711,16.15,16.39,15.99,16.36,15.72,0.64,4.0712,115885.1,188241.708
300131.SZ,20240711,4.4,4.45,4.36,4.43,4.3,0.13,3.0233,271053.53,119656.864
300132.SZ,20240711,3.44,3.61,3.44,3.59,3.41,0.18,5.2786,47001.3,16661.179
300133.SZ,20240711,5.86,5.89,5.74,5.82,5.7,0.12,2.1053,594799.35,345978.331
300134.SZ,20240711,6.59,6.73,6.52,6.63,6.48,0.15,2.3148,83104.0,54975.039
300135.SZ,20240711,2.55,2.65,2.51,2.61,2.46,0.15,6.0976,300310.8,77643.365
300136.SZ,20240711,21.34,21.52,20.64,21.28,21.1,0.18,0.8531,720782.01,1522536.833
300137.SZ,20240711,4.22,4.31,4.2,4.28,4.17,0.11,2.6379,36506.6,15576.597
300138.SZ,20240711,8.3,8.47,8.26,8.39,8.2,0.19,2.3171,33881.32,28376.754
300139.SZ,20240711,12.38,13.46,12.26,13.12,12.23,0.89,7.2772,600515.1,772433.834
300140.SZ,20240711,5.8,5.94,5.75,5.93,5.72,0.21,3.6713,42180.01,24782.737
300141.SZ,20240711,8.28,8.45,8.1,8.41,8.17,0.24,2.9376,151856.5,125655.927
300142.SZ,20240711,11.14,11.55,11.1,11.42,10.93,0.49,4.4831,222204.87,252187.463
300143.SZ,20240711,7.71,7.84,7.55,7.7,7.59,0.11,1.4493,54948.69,42497.536
300144.SZ,20240711,7.89,8.12,7.84,8.09,7.76,0.33,4.2526,298728.34,239299.212
300145.SZ,20240711,2.46,2.54,2.45,2.53,2.41,0.12,4.9793,288396.96,72258.226
300146.SZ,20240711,13.18,13.5,13.1,13.5,12.97,0.53,4.0864,141064.04,187972.902
300147.SZ,20240711,3.41,3.49,3.41,3.47,3.42,0.05,1.462,224943.03,77800.663
300148.SZ,20240711,2.32,2.37,2.27,2.35,2.27,0.08,3.5242,194179.66,45049.755
300149.SZ,20240711,3.86,4.07,3.86,4.06,3.79,0.27,7.124,88004.03,35181.794
300150.SZ,20240711,2.45,2.55,2.44,2.54,2.41,0.13,5.3942,92259.0,23098.285
300151.SZ,20240711,15.15,15.4,15.08,15.19,14.92,0.27,1.8097,28361.16,43185.241
300152.SZ,20240711,1.57,1.62,1.57,1.61,1.53,0.08,5.2288,282952.27,45147.805
300153.SZ,20240711,5.63,5.8,5.63,5.79,5.53,0.26,4.7016,47678.0,27326.225
300154.SZ,20240711,5.19,5.37,5.19,5.35,5.13,0.22,4.2885,33031.51,17530.804
300155.SZ,20240711,3.32,3.47,3.32,3.47,3.27,0.2,6.1162,124881.57,42684.012
300157.SZ,20240711,1.79,1.9,1.79,1.88,1.76,0.12,6.8182,126525.0,23468.354
300158.SZ,20240711,3.88,3.99,3.86,3.96,3.81,0.15,3.937,195109.77,77091.263
300159.SZ,20240711,1.91,1.99,1.91,1.97,1.88,0.09,4.7872,460118.59,90146.711
300160.SZ,20240711,4.6,4.73,4.59,4.72,4.53,0.19,4.1943,76973.0,36001.813
300161.SZ,20240711,21.26,21.52,21.03,21.47,20.76,0.71,3.42,29679.15,63362.013
300162.SZ,20240711,6.45,6.6,6.32,6.58,6.32,0.26,4.1139,280059.0,181607.917
300163.SZ,20240711,1.3,1.34,1.29,1.33,1.28,0.05,3.9063,118058.0,15529.871
300164.SZ,20240711,3.38,3.47,3.37,3.47,3.31,0.16,4.8338,192013.0,65884.422
300165.SZ,20240711,2.54,2.75,2.53,2.61,2.63,-0.02,-0.7605,788769.17,207565.695
300166.SZ,20240711,6.25,6.35,6.1,6.16,5.96,0.2,3.3557,173618.0,107422.552
300167.SZ,20240711,1.43,1.52,1.43,1.49,1.42,0.07,4.9296,139667.41,20728.228
300168.SZ,20240711,4.59,4.85,4.58,4.82,4.51,0.31,6.8736,163269.37,77259.144
300169.SZ,20240711,4.6,4.72,4.56,4.64,4.52,0.12,2.6549,149977.0,69569.152
300170.SZ,20240711,6.1,6.28,6.1,6.27,6.03,0.24,3.9801,241771.0,150283.746
300171.SZ,20240711,11.6,11.83,11.51,11.76,11.37,0.39,3.4301,52527.39,61416.541
300172.SZ,20240711,4.75,4.8,4.67,4.73,4.69,0.04,0.8529,279127.4,131762.194
300173.SZ,20240711,3.63,3.71,3.6,3.71,3.55,0.16,4.507,114005.0,41701.534
300174.SZ,20240711,13.2,13.27,13.02,13.27,12.99,0.28,2.1555,32162.0,42431.569
300175.SZ,20240711,6.46,6.56,6.41,6.5,6.35,0.15,2.3622,203158.02,131873.919
300176.SZ,20240711,5.07,5.16,5.0,5.14,5.04,0.1,1.9841,225697.0,114850.288
300177.SZ,20240711,6.73,6.88,6.5,6.85,6.75,0.1,1.4815,1302482.66,873678.095
300179.SZ,20240711,7.2,7.32,7.2,7.29,7.13,0.16,2.244,44222.06,32138.819
300180.SZ,20240711,3.52,3.68,3.5,3.67,3.43,0.24,6.9971,443426.84,158735.731
300181.SZ,20240711,14.99,15.75,14.88,15.55,14.16,1.39,9.8164,399095.77,613325.782
300182.SZ,20240711,3.67,3.72,3.64,3.71,3.61,0.1,2.7701,578907.0,213628.724
300183.SZ,20240711,11.25,11.34,11.09,11.26,11.06,0.2,1.8083,33023.86,37075.078
300184.SZ,20240711,4.66,4.71,4.61,4.68,4.55,0.13,2.8571,339147.0,158339.279
300185.SZ,20240711,1.8,1.83,1.79,1.83,1.77,0.06,3.3898,347896.87,63302.197
300187.SZ,20240711,4.17,4.28,4.13,4.27,4.08,0.19,4.6569,54188.0,22881.38
300188.SZ,20240711,11.4,11.6,11.28,11.49,11.13,0.36,3.2345,119251.66,136704.408
300189.SZ,20240711,1.8,1.98,1.8,1.96,1.78,0.18,10.1124,613432.5,116989.85
300190.SZ,20240711,2.83,2.91,2.83,2.91,2.81,0.1,3.5587,48513.0,13967.917
300191.SZ,20240711,13.4,13.75,13.35,13.67,13.19,0.48,3.6391,19762.86,26865.152
300192.SZ,20240711,9.18,9.27,9.03,9.25,9.0,0.25,2.7778,73806.29,67773.692
300193.SZ,20240711,7.23,7.37,7.19,7.37,7.11,0.26,3.6568,47581.49,34752.178
300194.SZ,20240711,3.8,3.92,3.76,3.89,3.72,0.17,4.5699,299700.0,115314.105
300195.SZ,20240711,4.08,4.2,4.06,4.19,3.98,0.21,5.2764,75673.0,31313.266
300196.SZ,20240711,9.59,9.84,9.57,9.82,9.45,0.37,3.9153,15874.0,15440.586
300197.SZ,20240711,1.32,1.48,1.32,1.42,1.31,0.11,8.3969,1308353.95,183900.961
300198.SZ,20240711,1.12,1.17,1.12,1.16,1.11,0.05,4.5045,314766.0,36304.485
300199.SZ,20240711,10.18,10.35,10.15,10.21,9.92,0.29,2.9234,162583.51,166279.383
300200.SZ,20240711,7.61,7.84,7.5,7.83,7.43,0.4,5.3836,104909.0,81105.074
300201.SZ,20240711,3.53,3.59,3.53,3.57,3.46,0.11,3.1792,86806.0,30936.417
300203.SZ,20240711,10.75,11.05,10.7,11.03,10.71,0.32,2.9879,74923.0,81748.835
300204.SZ,20240711,5.7,5.91,5.62,5.86,5.61,0.25,4.4563,55904.0,32571.509
300205.SZ,20240711,7.35,7.41,7.27,7.35,7.29,0.06,0.823,35063.0,25697.03
300206.SZ,20240711,8.14,8.42,8.14,8.34,8.03,0.31,3.8605,34393.24,28596.743
300207.SZ,20240711,14.48,15.17,14.37,15.11,14.21,0.9,6.3336,486904.39,725804.371
300208.SZ,20240711,1.35,1.36,1.32,1.34,1.3,0.04,3.0769,83780.5,11207.118
300209.SZ,20240711,2.25,2.32,2.25,2.32,2.25,0.07,3.1111,47420.03,10864.557
300210.SZ,20240711,7.91,8.07,7.81,8.07,7.69,0.38,4.9415,130530.0,104119.333
300211.SZ,20240711,5.12,5.31,5.12,5.29,5.02,0.27,5.3785,41016.99,21433.311
300212.SZ,20240711,16.82,17.14,16.65,17.01,16.65,0.36,2.1622,181196.93,307113.738
300213.SZ,20240711,5.64,5.7,5.61,5.68,5.52,0.16,2.8986,69009.0,39095.794
300214.SZ,20240711,5.46,5.54,5.42,5.53,5.4,0.13,2.4074,47854.88,26234.922
300215.SZ,20240711,5.11,5.14,5.04,5.12,5.03,0.09,1.7893,183275.0,93463.584
300217.SZ,20240711,3.61,3.73,3.61,3.7,3.54,0.16,4.5198,213814.23,78667.697
300218.SZ,20240711,13.99,14.57,13.99,14.4,13.86,0.54,3.8961,33764.0,48434.48
300219.SZ,20240711,5.41,5.61,5.39,5.6,5.29,0.31,5.8601,100755.5,55421.125
300220.SZ,20240711,7.05,7.3,7.05,7.3,6.91,0.39,5.644,40792.61,29418.308
300221.SZ,20240711,5.02,5.06,4.94,5.02,4.93,0.09,1.8256,118333.02,59255.746
300222.SZ,20240711,5.3,5.48,5.2,5.47,5.16,0.31,6.0078,106033.22,56725.813
300223.SZ,20240711,56.3,56.76,55.6,55.87,55.42,0.45,0.812,72601.58,407172.964
300224.SZ,20240711,9.05,9.19,9.05,9.16,8.92,0.24,2.6906,53045.11,48465.85
300225.SZ,20240711,5.83,5.89,5.64,5.85,5.85,0.0,0.0,358161.98,206378.012
300226.SZ,20240711,16.6,16.98,16.55,16.92,16.28,0.64,3.9312,73195.03,122806.912
300227.SZ,20240711,5.32,5.6,5.31,5.52,5.21,0.31,5.9501,134930.5,73839.246
300228.SZ,20240711,5.9,5.98,5.83,5.92,5.8,0.12,2.069,284206.07,168075.739
300229.SZ,20240711,13.39,13.48,13.26,13.33,13.07,0.26,1.9893,132968.55,177554.902
300230.SZ,20240711,3.28,3.34,3.26,3.34,3.22,0.12,3.7267,76176.0,25224.736
300231.SZ,20240711,7.23,7.32,7.21,7.29,7.06,0.23,3.2578,63428.92,46107.886
300232.SZ,20240711,5.13,5.18,5.07,5.18,5.01,0.17,3.3932,189251.52,97352.095
300233.SZ,20240711,14.72,15.07,14.68,14.98,14.48,0.5,3.453,44912.98,66959.483
300234.SZ,20240711,3.9,4.0,3.88,3.99,3.83,0.16,4.1775,57429.91,22631.779
300235.SZ,20240711,7.88,7.96,7.8,7.94,7.67,0.27,3.5202,33713.5,26649.182
300236.SZ,20240711,32.45,32.78,32.1,32.54,31.82,0.72,2.2627,39325.87,127792.313
300237.SZ,20240711,1.11,1.15,1.11,1.14,1.11,0.03,2.7027,216569.98,24641.927
300238.SZ,20240711,9.02,9.12,8.97,9.07,8.84,0.23,2.6018,47494.68,43052.15
300239.SZ,20240711,4.68,4.8,4.68,4.77,4.61,0.16,3.4707,46421.02,22061.849
300240.SZ,20240711,5.88,6.66,5.67,6.4,6.0,0.4,6.6667,519777.2,314582.958
300241.SZ,20240711,4.06,4.1,3.98,4.09,3.98,0.11,2.7638,225991.62,91759.407
300242.SZ,20240711,1.99,1.99,1.9,1.94,1.96,-0.02,-1.0204,583120.49,113118.816
300243.SZ,20240711,8.71,9.15,8.66,8.89,8.47,0.42,4.9587,142282.5,127137.261
300244.SZ,20240711,12.73,12.86,12.58,12.75,12.59,0.16,1.2708,99399.04,126590.962
300245.SZ,20240711,6.97,7.34,6.85,7.08,7.21,-0.13,-1.8031,474619.76,334517.478
300246.SZ,20240711,5.65,5.9,5.65,5.89,5.56,0.33,5.9353,43477.01,25229.727
300247.SZ,20240711,2.39,2.46,2.38,2.45,2.35,0.1,4.2553,181621.0,44006.582
300248.SZ,20240711,6.33,6.45,6.27,6.44,6.21,0.23,3.7037,39660.23,25401.541
300249.SZ,20240711,6.73,6.89,6.62,6.77,6.57,0.2,3.0441,144358.98,97433.512
300250.SZ,20240711,12.07,12.35,11.89,12.22,12.01,0.21,1.7485,164776.09,200406.287
300251.SZ,20240711,7.7,7.8,7.62,7.68,7.6,0.08,1.0526,280305.2,215984.446
300252.SZ,20240711,6.08,6.28,6.07,6.23,5.98,0.25,4.1806,144493.5,89350.503
300253.SZ,20240711,5.71,5.77,5.66,5.75,5.59,0.16,2.8623,195403.59,111930.838
300254.SZ,20240711,7.87,7.96,7.81,7.91,7.74,0.17,2.1964,51976.0,41044.143
300255.SZ,20240711,9.38,9.55,9.35,9.44,9.16,0.28,3.0568,181423.5,171451.997
300256.SZ,20240711,1.78,1.86,1.77,1.84,1.74,0.1,5.7471,363921.01,66270.515
300257.SZ,20240711,9.37,9.59,9.25,9.5,9.23,0.27,2.9252,67799.3,64075.062
300258.SZ,20240711,8.03,8.26,8.03,8.24,7.88,0.36,4.5685,81769.0,66808.196
300259.SZ,20240711,2.49,2.54,2.46,2.53,2.43,0.1,4.1152,101835.46,25532.991
300260.SZ,20240711,20.06,20.18,19.65,19.95,19.56,0.39,1.9939,71977.8,143206.145
300261.SZ,20240711,5.19,5.34,5.19,5.32,5.12,0.2,3.9063,99280.0,52494.688
300263.SZ,20240711,5.37,5.52,5.34,5.51,5.25,0.26,4.9524,86912.63,47276.708
300264.SZ,20240711,4.85,5.37,4.75,4.96,5.03,-0.07,-1.3917,1059459.59,528072.08
300265.SZ,20240711,7.0,7.15,6.95,7.1,6.94,0.16,2.3055,237564.05,167950.18
300266.SZ,20240711,1.26,1.33,1.26,1.31,1.25,0.06,4.8,281609.39,36678.874
300267.SZ,20240711,2.12,2.16,2.11,2.15,2.07,0.08,3.8647,193800.0,41435.488
300268.SZ,20240711,6.73,6.84,6.64,6.73,6.73,0.0,0.0,6907.0,4635.917
300269.SZ,20240711,2.43,2.56,2.42,2.55,2.38,0.17,7.1429,272970.0,68232.327
300270.SZ,20240711,6.38,6.95,6.38,6.53,6.02,0.51,8.4718,276089.0,180718.547
300271.SZ,20240711,4.68,4.9,4.64,4.87,4.58,0.29,6.3319,234720.81,112222.798
300272.SZ,20240711,4.73,4.82,4.71,4.8,4.65,0.15,3.2258,78069.2,37264.695
300274.SZ,20240711,58.16,60.66,57.25,59.82,57.57,2.25,3.9083,315665.41,1874485.71
300275.SZ,20240711,9.57,9.82,9.57,9.72,9.43,0.29,3.0753,31540.0,30704.99
300276.SZ,20240711,3.39,3.62,3.36,3.53,3.35,0.18,5.3731,428268.62,148969.003
300277.SZ,20240711,6.38,6.62,6.36,6.6,6.26,0.34,5.4313,37429.74,24437.802
300278.SZ,20240711,2.88,2.93,2.86,2.92,2.83,0.09,3.1802,154578.27,44815.915
300279.SZ,20240711,4.07,4.19,4.05,4.19,3.98,0.21,5.2764,89829.0,37185.718
300280.SZ,20240711,12.99,15.17,12.73,15.17,12.64,2.53,20.0158,336330.0,473728.876
300281.SZ,20240711,4.2,4.31,4.18,4.31,4.13,0.18,4.3584,113212.0,48241.66
300283.SZ,20240711,4.6,5.1,4.6,4.86,4.48,0.38,8.4821,403452.55,195904.982
300284.SZ,20240711,7.27,7.28,7.07,7.21,7.08,0.13,1.8362,582134.03,417365.959
300285.SZ,20240711,16.98,17.8,16.83,17.78,16.73,1.05,6.2762,108883.91,190798.952
300286.SZ,20240711,19.79,20.05,19.52,19.91,19.41,0.5,2.576,21749.0,43181.679
300287.SZ,20240711,2.01,2.12,2.01,2.06,2.06,0.0,0.0,1422203.77,292362.841
300288.SZ,20240711,10.43,10.59,10.4,10.51,10.18,0.33,3.2417,48440.9,50875.199
300289.SZ,20240711,3.77,3.91,3.74,3.88,3.7,0.18,4.8649,41855.0,16098.771
300290.SZ,20240711,9.43,9.7,9.29,9.54,9.24,0.3,3.2468,467036.0,444538.225
300291.SZ,20240711,4.08,4.15,4.05,4.14,4.0,0.14,3.5,154059.99,63402.916
300292.SZ,20240711,3.48,3.53,3.45,3.49,3.4,0.09,2.6471,336547.0,117418.349
300293.SZ,20240711,13.95,14.22,13.69,13.82,13.53,0.29,2.1434,147679.14,204669.217
300294.SZ,20240711,34.85,35.0,34.25,34.66,34.72,-0.06,-0.1728,27372.15,94797.881
300295.SZ,20240711,8.83,8.99,8.74,8.96,8.66,0.3,3.4642,87708.0,78026.53
300296.SZ,20240711,4.37,4.48,4.33,4.48,4.29,0.19,4.4289,247450.35,109654.415
300298.SZ,20240711,22.3,23.11,21.61,22.77,21.8,0.97,4.4495,55247.0,124434.848
300299.SZ,20240711,3.58,3.6,3.43,3.56,3.51,0.05,1.4245,175037.05,62111.871
300300.SZ,20240711,1.07,1.11,1.07,1.09,1.05,0.04,3.8095,208624.68,22689.91
300301.SZ,20240711,1.25,1.27,1.23,1.26,1.24,0.02,1.6129,34084.42,4272.813
300302.SZ,20240711,9.35,9.47,9.16,9.25,9.12,0.13,1.4254,95461.3,88590.147
300303.SZ,20240711,4.81,4.95,4.78,4.95,4.73,0.22,4.6512,285040.49,138952.749
300304.SZ,20240711,6.55,6.64,6.46,6.56,6.46,0.1,1.548,173190.0,113563.034
300305.SZ,20240711,5.65,5.85,5.55,5.78,5.5,0.28,5.0909,58552.0,33584.823
300306.SZ,20240711,9.19,9.25,9.09,9.17,9.01,0.16,1.7758,52089.64,47778.693
300307.SZ,20240711,5.62,5.85,5.58,5.83,5.52,0.31,5.6159,160547.95,91946.83
300308.SZ,20240711,159.21,159.68,149.3,153.26,157.53,-4.27,-2.7106,290842.56,4476813.445
300310.SZ,20240711,3.77,3.81,3.71,3.79,3.7,0.09,2.4324,277019.71,104367.87
300311.SZ,20240711,4.58,4.92,4.53,4.54,4.67,-0.13,-2.7837,798888.65,374232.939
300313.SZ,20240711,5.79,5.82,5.68,5.77,5.65,0.12,2.1239,32256.0,18523.005
300314.SZ,20240711,10.38,10.6,10.32,10.59,10.24,0.35,3.418,28989.0,30478.649
300315.SZ,20240711,4.12,4.15,4.07,4.12,4.03,0.09,2.2333,473088.84,194532.292
300316.SZ,20240711,29.25,30.07,29.05,29.43,28.67,0.76,2.6509,149359.82,440043.359
300317.SZ,20240711,3.67,3.72,3.62,3.71,3.57,0.14,3.9216,136000.61,50081.69
300318.SZ,20240711,4.86,4.99,4.84,4.97,4.79,0.18,3.7578,62606.0,30881.818
300319.SZ,20240711,10.02,10.38,9.82,10.12,9.95,0.17,1.7085,748305.32,755840.82
300320.SZ,20240711,8.01,8.08,7.83,8.05,7.78,0.27,3.4704,68598.0,54828.0
300321.SZ,20240711,16.36,16.88,15.9,16.12,16.28,-0.16,-0.9828,28403.0,46193.798
300322.SZ,20240711,8.87,8.94,8.68,8.84,8.73,0.11,1.26,374991.94,330336.037
300323.SZ,20240711,4.36,4.45,4.32,4.43,4.29,0.14,3.2634,90195.1,39660.864
300324.SZ,20240711,2.19,2.24,2.16,2.19,2.16,0.03,1.3889,927981.04,204195.683
300326.SZ,20240711,3.77,3.89,3.74,3.88,3.7,0.18,4.8649,68663.77,26368.68
300327.SZ,20240711,20.12,20.2,19.69,19.99,19.6,0.39,1.9898,77999.65,155683.462
300328.SZ,20240711,4.3,4.44,4.28,4.43,4.25,0.18,4.2353,127256.96,55858.793
300329.SZ,20240711,3.75,3.85,3.71,3.85,3.7,0.15,4.0541,131495.5,49891.246
300331.SZ,20240711,15.6,15.9,15.44,15.9,15.34,0.56,3.6506,47303.0,74487.622
300332.SZ,20240711,5.35,5.4,5.29,5.4,5.24,0.16,3.0534,57602.73,30848.824
300333.SZ,20240711,5.18,5.25,5.04,5.11,5.01,0.1,1.996,321201.0,164077.917
300334.SZ,20240711,4.39,4.65,4.39,4.58,4.33,0.25,5.7737,42300.0,19108.53
300335.SZ,20240711,3.74,3.86,3.74,3.85,3.69,0.16,4.336,71491.0,27208.216
300337.SZ,20240711,8.1,8.61,8.09,8.24,8.03,0.21,2.6152,850282.0,707745.709
300338.SZ,20240711,1.45,1.52,1.44,1.46,1.43,0.03,2.0979,110885.97,16281.042
300339.SZ,20240711,20.53,20.73,20.24,20.48,20.03,0.45,2.2466,235329.59,481870.353
300340.SZ,20240711,6.7,6.9,6.68,6.87,6.58,0.29,4.4073,58698.0,40087.359
300341.SZ,20240711,8.31,8.44,8.26,8.39,8.19,0.2,2.442,31216.01,26134.314
300342.SZ,20240711,13.18,13.36,13.01,13.18,12.9,0.28,2.1705,196331.14,258665.644
300343.SZ,20240711,4.76,4.95,4.76,4.86,4.65,0.21,4.5161,195239.77,94784.894
300344.SZ,20240711,3.2,3.26,3.16,3.22,3.17,0.05,1.5773,179811.04,57809.42
300345.SZ,20240711,5.79,6.8,5.79,6.23,5.74,0.49,8.5366,89743.0,56191.833
300346.SZ,20240711,29.92,30.0,29.09,29.63,29.24,0.39,1.3338,254258.97,751920.823
300347.SZ,20240711,48.0,49.56,47.44,48.66,47.26,1.4,2.9623,100635.53,489766.295
300348.SZ,20240711,7.54,8.44,7.37,7.93,7.41,0.52,7.0175,515713.74,402429.095
300349.SZ,20240711,11.43,11.69,11.42,11.64,11.29,0.35,3.1001,41148.0,47689.471
300350.SZ,20240711,4.53,4.6,4.5,4.6,4.45,0.15,3.3708,121077.6,55187.249
300351.SZ,20240711,14.66,14.82,14.54,14.72,14.32,0.4,2.7933,69416.53,101914.229
300352.SZ,20240711,3.82,3.89,3.78,3.85,3.74,0.11,2.9412,170604.16,65539.481
300353.SZ,20240711,6.9,7.0,6.8,6.95,6.74,0.21,3.1157,88105.58,60793.142
300354.SZ,20240711,33.04,33.54,32.77,33.54,32.65,0.89,2.7259,20804.0,69077.54
300355.SZ,20240711,2.25,2.32,2.25,2.3,2.21,0.09,4.0724,199679.78,45594.291
300357.SZ,20240711,19.0,19.69,18.81,19.32,18.6,0.72,3.871,111634.2,215827.617
300358.SZ,20240711,7.14,7.3,7.14,7.26,7.01,0.25,3.5663,43386.0,31403.659
300359.SZ,20240711,4.07,4.16,4.06,4.13,4.02,0.11,2.7363,91861.5,37855.227
300360.SZ,20240711,16.4,16.63,15.96,16.52,16.14,0.38,2.3544,159020.64,259802.482
300363.SZ,20240711,11.43,12.24,11.43,11.99,11.22,0.77,6.8627,143381.62,170649.23
300364.SZ,20240711,20.65,20.65,20.01,20.28,20.03,0.25,1.2481,489311.71,991958.689
300365.SZ,20240711,4.53,4.67,4.53,4.66,4.47,0.19,4.2506,98551.5,45450.256
300366.SZ,20240711,7.2,7.29,7.1,7.19,7.1,0.09,1.2676,143271.4,103078.39
300368.SZ,20240711,2.24,2.29,2.24,2.29,2.21,0.08,3.6199,112013.8,25429.132
300369.SZ,20240711,4.99,5.38,4.95,5.16,4.86,0.3,6.1728,227478.67,116289.435
300370.SZ,20240711,1.64,1.68,1.64,1.67,1.62,0.05,3.0864,129186.0,21499.716
300371.SZ,20240711,7.97,8.12,7.92,8.1,7.78,0.32,4.1131,9665.2,7770.14
300373.SZ,20240711,40.5,40.58,39.9,40.4,40.08,0.32,0.7984,78652.68,316620.321
300374.SZ,20240711,14.92,15.1,14.7,14.9,14.71,0.19,1.2916,111053.0,164940.705
300375.SZ,20240711,4.0,4.17,3.94,4.12,3.92,0.2,5.102,260554.0,106114.002
300376.SZ,20240711,2.07,2.48,2.07,2.33,2.57,-0.24,-9.3385,1404189.39,312369.407
300377.SZ,20240711,5.03,5.12,5.03,5.08,4.93,0.15,3.0426,112797.0,57248.036
300378.SZ,20240711,15.67,15.81,15.45,15.76,15.22,0.54,3.548,55079.09,86343.967
300379.SZ,20240711,7.9,7.99,7.74,7.95,7.65,0.3,3.9216,130490.02,103041.801
300380.SZ,20240711,15.39,15.84,15.26,15.76,15.23,0.53,3.48,40847.0,63777.141
300381.SZ,20240711,6.05,6.25,5.98,6.2,5.88,0.32,5.4422,102005.92,62789.873
300382.SZ,20240711,5.43,5.7,5.42,5.62,5.31,0.31,5.838,94470.15,52776.166
300383.SZ,20240711,8.42,8.49,8.33,8.41,8.3,0.11,1.3253,114932.87,96733.592
300384.SZ,20240711,12.37,12.69,12.22,12.61,12.16,0.45,3.7007,19726.36,24745.578
300385.SZ,20240711,3.28,3.37,3.22,3.34,3.21,0.13,4.0498,40383.08,13326.447
300386.SZ,20240711,9.46,9.78,9.4,9.61,9.62,-0.01,-0.104,354083.16,338994.691
300387.SZ,20240711,5.97,6.11,5.93,6.11,5.88,0.23,3.9116,71278.76,43019.106
300388.SZ,20240711,5.54,5.65,5.53,5.65,5.45,0.2,3.6697,35809.18,20063.223
300389.SZ,20240711,12.15,12.38,12.14,12.28,11.99,0.29,2.4187,29905.5,36686.16
300390.SZ,20240711,16.95,17.75,16.95,17.45,16.61,0.84,5.0572,165006.01,287269.18
300391.SZ,20240711,4.68,5.75,4.68,5.75,5.05,0.7,13.8614,843884.36,450235.887
300393.SZ,20240711,5.49,5.71,5.49,5.64,5.41,0.23,4.2514,177730.14,99589.025
300394.SZ,20240711,100.0,100.9,95.5,99.41,100.0,-0.59,-0.59,251665.87,2478488.403
300395.SZ,20240711,29.35,30.22,28.84,29.65,28.88,0.77,2.6662,44905.16,132782.048
300396.SZ,20240711,17.92,18.22,17.58,18.03,17.56,0.47,2.6765,57116.0,102483.465
300397.SZ,20240711,9.04,9.14,8.95,9.12,8.88,0.24,2.7027,90294.91,81910.76
300398.SZ,20240711,12.31,12.5,12.09,12.38,11.96,0.42,3.5117,180334.72,222273.116
300399.SZ,20240711,9.99,10.17,9.66,9.89,9.79,0.1,1.0215,118177.26,116652.329
300400.SZ,20240711,11.0,11.25,10.71,11.09,10.61,0.48,4.524,61718.0,67654.705
300401.SZ,20240711,14.22,14.87,14.06,14.58,14.06,0.52,3.6984,675487.0,977648.621
300402.SZ,20240711,12.5,12.79,12.45,12.77,12.3,0.47,3.8211,27768.0,35130.186
300403.SZ,20240711,6.54,6.59,6.44,6.58,6.36,0.22,3.4591,81274.5,53185.356
300404.SZ,20240711,7.43,7.65,7.38,7.6,7.34,0.26,3.5422,133330.61,100534.204
300405.SZ,20240711,3.48,3.59,3.45,3.58,3.41,0.17,4.9853,74690.36,26384.614
300406.SZ,20240711,15.15,15.28,14.67,14.72,15.0,-0.28,-1.8667,91237.99,135481.257
300407.SZ,20240711,7.52,7.76,7.5,7.76,7.4,0.36,4.8649,59646.75,45628.896
300408.SZ,20240711,29.6,30.77,29.38,30.41,29.26,1.15,3.9303,211454.82,636922.943
300409.SZ,20240711,8.69,8.98,8.68,8.91,8.53,0.38,4.4549,88977.93,78971.855
300410.SZ,20240711,4.82,5.03,4.8,5.03,4.74,0.29,6.1181,127181.21,62992.503
300411.SZ,20240711,11.95,12.09,11.77,11.88,11.66,0.22,1.8868,231762.77,275963.864
300412.SZ,20240711,2.84,3.35,2.83,3.1,2.8,0.3,10.7143,379440.14,117974.435
300413.SZ,20240711,20.1,20.42,19.85,20.28,19.69,0.59,2.9964,120022.32,241849.362
300414.SZ,20240711,6.15,6.4,6.13,6.39,6.03,0.36,5.9701,46539.9,29358.855
300415.SZ,20240711,19.3,19.44,18.96,19.39,18.92,0.47,2.4841,52860.0,101867.231
300416.SZ,20240711,11.48,11.61,11.26,11.56,11.18,0.38,3.3989,103219.3,118392.52
300417.SZ,20240711,9.05,9.31,9.05,9.09,9.2,-0.11,-1.1957,128613.8,117834.83
300418.SZ,20240711,30.78,30.82,30.26,30.4,29.97,0.43,1.4348,315075.79,960877.495
300419.SZ,20240711,4.56,4.77,4.55,4.76,4.45,0.31,6.9663,233298.6,109114.276
300420.SZ,20240711,2.24,2.3,2.23,2.29,2.21,0.08,3.6199,176293.94,39957.869
300421.SZ,20240711,8.5,8.67,8.5,8.61,8.33,0.28,3.3613,62179.48,53452.739
300422.SZ,20240711,4.54,4.78,4.47,4.66,4.58,0.08,1.7467,172141.8,79207.887
300423.SZ,20240711,5.15,5.28,5.12,5.28,5.04,0.24,4.7619,128692.0,67117.967
300424.SZ,20240711,11.65,11.83,11.54,11.78,11.44,0.34,2.972,72082.0,84426.426
300425.SZ,20240711,4.1,4.18,4.09,4.18,4.05,0.13,3.2099,71542.87,29613.149
300426.SZ,20240711,6.6,6.73,6.5,6.72,6.48,0.24,3.7037,49064.9,32712.378
300427.SZ,20240711,4.25,4.42,4.25,4.39,4.27,0.12,2.8103,38079.44,16616.044
300428.SZ,20240711,18.72,19.09,18.55,18.91,18.42,0.49,2.6602,45263.35,85456.637
300429.SZ,20240711,12.05,12.55,11.85,12.22,11.83,0.39,3.2967,420062.84,512951.177
300430.SZ,20240711,13.1,13.15,12.18,12.69,12.94,-0.25,-1.932,183297.34,231782.551
300432.SZ,20240711,6.45,6.65,6.45,6.6,6.34,0.26,4.1009,138971.09,91408.681
300433.SZ,20240711,19.91,20.32,19.19,19.86,19.57,0.29,1.4819,841054.74,1663341.714
300434.SZ,20240711,7.43,7.63,7.43,7.56,7.28,0.28,3.8462,46811.2,35275.638
300435.SZ,20240711,11.0,11.17,10.87,11.14,10.85,0.29,2.6728,26873.03,29706.083
300436.SZ,20240711,15.97,16.31,15.9,16.12,15.81,0.31,1.9608,11873.6,19172.396
300437.SZ,20240711,9.15,9.45,9.04,9.3,9.11,0.19,2.0856,94831.38,87254.79
300438.SZ,20240711,17.81,18.85,17.81,18.59,17.39,1.2,6.9005,173478.95,319830.587
300439.SZ,20240711,9.09,9.28,9.06,9.25,8.9,0.35,3.9326,35357.0,32472.258
300440.SZ,20240711,5.03,5.17,5.03,5.15,4.96,0.19,3.8306,53591.0,27419.425
300441.SZ,20240711,5.62,5.77,5.58,5.76,5.52,0.24,4.3478,56468.48,32141.286
300442.SZ,20240711,23.6,23.79,23.11,23.33,23.01,0.32,1.3907,126860.6,296000.337
300443.SZ,20240711,14.3,14.84,14.25,14.71,14.01,0.7,4.9964,53885.38,78559.968
300444.SZ,20240711,6.13,6.43,6.1,6.41,6.02,0.39,6.4784,362911.0,227226.531
300445.SZ,20240711,15.46,15.6,15.24,15.55,15.16,0.39,2.5726,15362.64,23784.626
300446.SZ,20240711,11.98,12.21,11.95,12.14,11.82,0.32,2.7073,157964.55,191015.001
300447.SZ,20240711,11.67,11.8,11.51,11.79,11.37,0.42,3.6939,36119.0,42308.503
300448.SZ,20240711,4.61,4.72,4.53,4.61,4.57,0.04,0.8753,587186.48,270866.381
300449.SZ,20240711,4.74,5.03,4.71,4.74,4.72,0.02,0.4237,210877.19,101653.613
300450.SZ,20240711,16.19,16.58,16.08,16.42,15.84,0.58,3.6616,232496.25,380209.446
300451.SZ,20240711,3.28,3.38,3.27,3.36,3.2,0.16,5.0,448776.32,149478.659
300452.SZ,20240711,10.81,11.05,10.81,11.02,10.72,0.3,2.7985,19709.99,21637.55
300453.SZ,20240711,6.41,6.61,6.41,6.59,6.36,0.23,3.6164,30279.65,19791.722
300454.SZ,20240711,50.01,50.45,49.49,49.71,49.23,0.48,0.975,22278.52,111051.369
300455.SZ,20240711,11.7,11.8,11.52,11.68,11.45,0.23,2.0087,176183.0,205436.191
300456.SZ,20240711,15.4,15.57,15.25,15.42,15.09,0.33,2.1869,123621.0,190548.859
300457.SZ,20240711,16.41,16.57,16.2,16.49,16.03,0.46,2.8696,164782.63,270567.815
300458.SZ,20240711,26.0,26.0,24.6,25.0,25.2,-0.2,-0.7937,477119.85,1198546.087
300459.SZ,20240711,3.37,3.44,3.36,3.42,3.3,0.12,3.6364,810649.85,276124.091
300460.SZ,20240711,8.45,8.63,8.33,8.58,8.28,0.3,3.6232,103799.7,88557.286
300461.SZ,20240711,17.0,18.0,16.45,17.46,16.61,0.85,5.1174,138970.23,241491.422
300462.SZ,20240711,10.3,11.0,10.05,10.48,10.3,0.18,1.7476,398935.17,420381.149
300463.SZ,20240711,11.5,11.7,11.42,11.58,11.35,0.23,2.0264,67812.32,78508.645
300464.SZ,20240711,3.44,3.75,3.38,3.61,3.36,0.25,7.4405,98259.5,35171.385
300465.SZ,20240711,6.99,7.14,6.91,7.06,6.85,0.21,3.0657,98774.5,69379.267
300466.SZ,20240711,5.82,6.23,5.77,6.09,5.72,0.37,6.4685,190581.4,114008.848
300467.SZ,20240711,12.95,13.19,12.81,13.19,12.71,0.48,3.7766,31623.68,41375.884
300468.SZ,20240711,8.42,8.5,8.31,8.47,8.19,0.28,3.4188,149570.12,126012.532
300469.SZ,20240711,15.25,16.62,14.85,16.3,14.4,1.9,13.1944,901181.47,1422510.444
300470.SZ,20240711,33.3,33.75,32.81,33.19,33.0,0.19,0.5758,7659.3,25400.71
300471.SZ,20240711,7.76,8.1,7.76,8.03,7.63,0.4,5.2425,44473.0,35374.86
300472.SZ,20240711,4.25,4.47,4.25,4.47,4.19,0.28,6.6826,71426.13,31322.927
300473.SZ,20240711,13.9,14.26,13.9,14.12,13.69,0.43,3.141,32886.0,46216.647
300474.SZ,20240711,61.22,61.49,60.0,60.86,60.07,0.79,1.3151,61429.35,373484.53
300475.SZ,20240711,30.83,31.31,30.34,31.02,30.49,0.53,1.7383,121784.67,375865.589
300476.SZ,20240711,39.69,39.7,37.45,38.68,39.69,-1.01,-2.5447,420949.35,1624153.487
300477.SZ,20240711,2.26,2.57,2.26,2.39,2.21,0.18,8.1448,479519.66,116175.843
300478.SZ,20240711,7.34,7.5,7.29,7.49,7.2,0.29,4.0278,12322.0,9160.391
300479.SZ,20240711,14.2,14.35,14.14,14.27,14.03,0.24,1.7106,37076.0,52912.439
300480.SZ,20240711,13.94,14.29,13.72,14.26,13.65,0.61,4.4689,67454.74,94988.131
300481.SZ,20240711,13.77,14.0,13.63,13.95,13.53,0.42,3.1042,58477.0,81071.196
300482.SZ,20240711,24.75,24.9,24.18,24.59,24.47,0.12,0.4904,60017.62,147190.998
300483.SZ,20240711,7.15,7.42,7.15,7.39,7.02,0.37,5.2707,42054.0,30722.73
300484.SZ,20240711,13.68,13.79,13.3,13.43,13.26,0.17,1.2821,96057.0,129469.592
300485.SZ,20240711,5.96,6.24,5.96,6.21,5.87,0.34,5.7922,44254.0,27192.36
300486.SZ,20240711,5.67,5.75,5.51,5.68,5.64,0.04,0.7092,352649.75,198790.713
300487.SZ,20240711,40.01,41.5,39.44,41.39,39.41,1.98,5.0241,29749.35,120749.233
300488.SZ,20240711,19.89,19.92,19.45,19.8,19.33,0.47,2.4315,5460.6,10761.143
300489.SZ,20240711,21.51,23.41,21.02,22.73,21.5,1.23,5.7209,76510.15,170842.108
300490.SZ,20240711,7.13,7.23,7.09,7.23,6.97,0.26,3.7303,84743.5,60858.656
300491.SZ,20240711,13.57,14.44,13.57,14.0,13.25,0.75,5.6604,52945.9,73960.601
300492.SZ,20240711,84.97,85.97,78.82,82.8,82.89,-0.09,-0.1086,14903.0,122400.499
300493.SZ,20240711,7.65,7.71,7.48,7.67,7.5,0.17,2.2667,126043.46,96021.177
300494.SZ,20240711,9.36,9.54,9.3,9.51,9.18,0.33,3.5948,157335.2,148513.251
300496.SZ,20240711,47.56,47.75,46.46,47.65,46.73,0.92,1.9688,230404.24,1087712.446
300497.SZ,20240711,8.64,8.93,8.64,8.78,8.52,0.26,3.0516,64952.36,57101.994
300498.SZ,20240711,19.77,19.86,19.41,19.47,19.61,-0.14,-0.7139,261295.11,510991.315
300499.SZ,20240711,10.68,10.78,10.57,10.7,10.43,0.27,2.5887,56467.25,60390.152
300500.SZ,20240711,10.02,10.18,9.96,10.13,9.88,0.25,2.5304,50515.1,50951.55
300501.SZ,20240711,10.62,10.82,10.56,10.78,10.41,0.37,3.5543,10063.0,10783.965
300502.SZ,20240711,121.77,121.77,112.78,116.29,119.4,-3.11,-2.6047,305820.55,3547445.085
300503.SZ,20240711,12.05,12.27,12.01,12.18,11.8,0.38,3.2203,91386.67,111007.767
300504.SZ,20240711,11.65,11.82,11.56,11.8,11.45,0.35,3.0568,16537.0,19420.308
300505.SZ,20240711,12.99,13.25,12.94,13.21,12.9,0.31,2.4031,177540.0,233036.253
300506.SZ,20240711,1.63,1.68,1.57,1.66,1.62,0.04,2.4691,130690.46,21349.784
300507.SZ,20240711,5.49,5.74,5.43,5.68,5.39,0.29,5.3803,528962.76,297606.207
300508.SZ,20240711,19.73,19.88,19.31,19.65,19.29,0.36,1.8663,18277.0,35893.136
300509.SZ,20240711,4.47,4.64,4.46,4.63,4.39,0.24,5.467,43850.12,20032.357
300510.SZ,20240711,3.31,3.43,3.31,3.43,3.24,0.19,5.8642,131741.0,44630.797
300511.SZ,20240711,2.55,2.66,2.55,2.64,2.51,0.13,5.1793,147187.54,38443.453
300512.SZ,20240711,5.52,5.79,5.5,5.75,5.39,0.36,6.679,33092.0,18758.122
300513.SZ,20240711,7.52,7.7,7.35,7.7,7.32,0.38,5.1913,63931.6,48500.613
300514.SZ,20240711,13.73,14.0,13.7,13.91,13.39,0.52,3.8835,52548.0,72879.036
300515.SZ,20240711,9.68,9.7,9.58,9.67,9.49,0.18,1.8967,18393.0,17744.965
300516.SZ,20240711,27.78,28.66,27.0,28.35,26.93,1.42,5.2729,26894.36,75653.086
300517.SZ,20240711,8.35,8.45,8.23,8.36,8.16,0.2,2.451,32806.0,27394.465
300518.SZ,20240711,7.25,7.74,7.25,7.64,7.21,0.43,5.9639,42871.24,32580.49
300519.SZ,20240711,10.74,11.1,10.74,11.01,10.57,0.44,4.1627,22688.0,24779.833
300520.SZ,20240711,16.21,16.34,15.9,16.08,15.67,0.41,2.6165,85835.19,138279.319
300521.SZ,20240711,11.44,11.55,11.17,11.49,11.37,0.12,1.0554,32714.0,37186.403
300522.SZ,20240711,10.37,10.64,10.29,10.62,10.21,0.41,4.0157,32516.5,34199.276
300523.SZ,20240711,17.11,17.75,16.91,17.75,17.22,0.53,3.0778,55512.09,96294.133
300525.SZ,20240711,12.19,12.33,12.09,12.25,11.97,0.28,2.3392,66233.91,80845.423
300527.SZ,20240711,6.25,6.34,6.25,6.33,6.18,0.15,2.4272,84051.43,53033.866
300528.SZ,20240711,6.03,6.15,6.02,6.14,5.92,0.22,3.7162,51135.4,31199.763
300529.SZ,20240711,27.82,29.17,27.51,28.65,27.5,1.15,4.1818,89531.95,255094.448
300530.SZ,20240711,16.32,17.33,15.81,16.64,15.75,0.89,5.6508,31324.45,52379.341
300531.SZ,20240711,9.89,10.18,9.89,10.15,9.7,0.45,4.6392,53969.0,54340.361
300532.SZ,20240711,12.01,12.2,11.89,12.13,11.62,0.51,4.389,50763.0,61145.661
300533.SZ,20240711,13.35,13.83,13.24,13.8,13.07,0.73,5.5853,50771.75,68956.206
300534.SZ,20240711,7.88,8.0,7.81,7.94,7.93,0.01,0.1261,158551.04,125273.604
300535.SZ,20240711,11.4,11.68,11.32,11.6,11.24,0.36,3.2028,26724.25,30848.233
300536.SZ,20240711,8.34,8.44,7.39,7.78,8.24,-0.46,-5.5825,91186.0,72575.041
300537.SZ,20240711,15.51,15.72,15.3,15.64,15.18,0.46,3.0303,83352.0,129710.419
300538.SZ,20240711,18.1,18.19,17.51,18.04,17.78,0.26,1.4623,181715.86,324900.708
300539.SZ,20240711,7.59,7.79,7.54,7.75,7.41,0.34,4.5884,35484.6,27272.655
300540.SZ,20240711,20.34,20.75,20.21,20.47,20.05,0.42,2.0948,10848.0,22244.458
300541.SZ,20240711,8.38,8.42,8.29,8.38,8.19,0.19,2.3199,65678.4,54976.575
300542.SZ,20240711,12.06,12.17,11.91,12.13,11.84,0.29,2.4493,78488.5,94729.09
300543.SZ,20240711,7.65,7.85,7.58,7.84,7.54,0.3,3.9788,66344.0,51427.013
300545.SZ,20240711,24.1,24.42,23.6,24.27,23.68,0.59,2.4916,50811.0,122464.134
300546.SZ,20240711,12.82,13.13,12.5,13.02,12.82,0.2,1.5601,264067.05,339772.629
300547.SZ,20240711,16.59,16.92,16.36,16.59,16.3,0.29,1.7791,47009.96,78534.984
300548.SZ,20240711,19.63,19.75,19.02,19.24,18.93,0.31,1.6376,77337.18,149123.536
300549.SZ,20240711,15.55,16.04,15.11,16.02,15.32,0.7,4.5692,134148.0,210724.177
300550.SZ,20240711,9.6,9.76,9.6,9.67,9.56,0.11,1.1506,14901.96,14436.111
300551.SZ,20240711,5.2,6.13,5.17,6.13,5.11,1.02,19.9609,288728.54,162762.75
300552.SZ,20240711,35.22,36.86,33.8,35.32,34.83,0.49,1.4068,247879.86,881232.057
300553.SZ,20240711,22.59,23.14,22.59,23.02,22.35,0.67,2.9978,10916.7,25047.339
300554.SZ,20240711,22.62,23.73,22.21,23.18,22.11,1.07,4.8394,76795.83,175971.961
300555.SZ,20240711,5.42,5.46,5.4,5.44,5.36,0.08,1.4925,6478.0,3524.337
300556.SZ,20240711,17.0,17.26,16.83,17.15,16.91,0.24,1.4193,75297.0,128478.459
300557.SZ,20240711,25.05,25.98,24.87,25.85,24.99,0.86,3.4414,51994.88,132710.315
300558.SZ,20240711,31.96,32.88,31.54,32.58,31.33,1.25,3.9898,68398.43,221740.939
300559.SZ,20240711,9.34,9.62,9.34,9.48,9.19,0.29,3.1556,58068.0,55168.293
300560.SZ,20240711,10.42,10.69,10.42,10.64,10.24,0.4,3.9063,45533.0,48204.022
300561.SZ,20240711,8.76,9.22,8.61,9.02,8.62,0.4,4.6404,291931.68,260520.805
300562.SZ,20240711,8.55,8.75,8.48,8.71,8.37,0.34,4.0621,55188.0,47714.47
300563.SZ,20240711,36.87,39.06,35.6,38.75,36.39,2.36,6.4853,496904.28,1839740.274
300564.SZ,20240711,8.07,8.38,8.07,8.36,8.03,0.33,4.1096,12492.78,10358.032
300565.SZ,20240711,9.77,9.97,9.67,9.91,9.57,0.34,3.5528,27321.63,26915.923
300566.SZ,20240711,13.67,14.08,13.67,14.01,13.47,0.54,4.0089,47889.0,66569.639
300567.SZ,20240711,56.42,57.57,54.44,57.49,55.38,2.11,3.81,67462.19,377042.529
300568.SZ,20240711,7.96,8.19,7.92,8.11,7.78,0.33,4.2416,243820.29,197042.936
300569.SZ,20240711,4.03,4.15,4.02,4.13,3.96,0.17,4.2929,91678.36,37636.791
300570.SZ,20240711,34.02,34.19,33.15,33.83,33.63,0.2,0.5947,103473.61,348450.459
300571.SZ,20240711,20.08,20.46,19.94,20.41,19.7,0.71,3.6041,13072.24,26478.833
300572.SZ,20240711,12.2,12.24,11.9,12.02,12.02,0.0,0.0,71715.69,86332.4
300573.SZ,20240711,151.71,157.88,147.74,154.9,149.75,5.15,3.4391,37792.44,582719.283
300575.SZ,20240711,6.41,6.66,6.39,6.49,6.38,0.11,1.7241,96132.09,62773.055
300576.SZ,20240711,38.9,38.99,37.78,38.1,37.76,0.34,0.9004,168991.33,648162.335
300577.SZ,20240711,21.59,21.93,21.32,21.88,21.57,0.31,1.4372,21427.0,46269.163
300578.SZ,20240711,15.65,15.78,15.1,15.5,15.25,0.25,1.6393,138529.0,213059.118
300579.SZ,20240711,22.4,22.55,21.79,22.23,22.1,0.13,0.5882,118078.0,262254.764
300580.SZ,20240711,14.49,15.08,14.24,14.64,14.13,0.51,3.6093,121953.59,178737.92
300581.SZ,20240711,7.26,7.26,7.12,7.17,7.03,0.14,1.9915,49936.47,35895.297
300582.SZ,20240711,8.3,8.55,8.29,8.55,8.15,0.4,4.908,52562.25,44484.591
300583.SZ,20240711,11.78,12.05,11.71,11.99,11.57,0.42,3.6301,14683.3,17495.548
300584.SZ,20240711,15.6,15.89,15.57,15.85,15.37,0.48,3.123,18084.42,28478.828
300585.SZ,20240711,11.0,11.18,10.93,11.0,10.79,0.21,1.9462,85315.0,94218.44
300586.SZ,20240711,6.2,6.35,6.2,6.26,6.15,0.11,1.7886,66595.5,41869.006
300587.SZ,20240711,3.96,4.09,3.96,4.08,3.92,0.16,4.0816,120593.37,48786.114
300588.SZ,20240711,7.65,7.77,7.6,7.77,7.52,0.25,3.3245,42723.47,32957.29
300589.SZ,20240711,11.39,11.55,11.34,11.54,11.23,0.31,2.7605,61281.59,70305.472
300590.SZ,20240711,12.37,12.55,12.13,12.49,12.19,0.3,2.461,310539.02,383834.337
300591.SZ,20240711,3.03,3.09,3.0,3.07,2.98,0.09,3.0201,82503.2,25260.826
300592.SZ,20240711,10.41,10.81,10.41,10.59,10.25,0.34,3.3171,61883.8,65499.344
300593.SZ,20240711,8.88,9.6,8.88,9.35,8.7,0.65,7.4713,138082.0,128441.988
300594.SZ,20240711,13.36,13.82,13.28,13.57,13.11,0.46,3.5088,27150.0,36627.134
300595.SZ,20240711,15.55,16.36,15.45,16.1,15.2,0.9,5.9211,151850.03,243201.895
300596.SZ,20240711,25.99,26.8,25.99,26.6,25.81,0.79,3.0608,16111.0,42706.561
300597.SZ,20240711,6.86,7.04,6.84,7.0,6.77,0.23,3.3973,84980.0,59006.175
300598.SZ,20240711,28.0,30.65,27.7,29.25,27.5,1.75,6.3636,94570.6,275288.303
300599.SZ,20240711,4.88,5.03,4.88,5.02,4.81,0.21,4.3659,22056.0,10952.375
300600.SZ,20240711,5.01,5.16,5.0,5.13,4.97,0.16,3.2193,31500.21,16066.071
300601.SZ,20240711,15.35,15.7,15.18,15.55,15.02,0.53,3.5286,95711.39,148218.295
300602.SZ,20240711,14.82,15.0,14.55,14.88,14.59,0.29,1.9877,154386.11,228682.747
300603.SZ,20240711,6.85,6.93,6.83,6.91,6.73,0.18,2.6746,45358.9,31261.266
300604.SZ,20240711,31.49,32.26,30.8,32.2,31.16,1.04,3.3376,230576.62,727696.696
300605.SZ,20240711,9.75,10.03,9.61,9.99,9.73,0.26,2.6721,108328.37,106553.378
300606.SZ,20240711,20.92,21.55,20.44,21.44,20.74,0.7,3.3751,178252.05,375670.108
300607.SZ,20240711,12.36,12.48,12.2,12.43,12.04,0.39,3.2392,92884.76,114864.946
300608.SZ,20240711,8.59,8.83,8.59,8.79,8.47,0.32,3.778,52023.86,45449.541
300609.SZ,20240711,18.57,19.35,18.46,19.27,18.3,0.97,5.3005,27671.0,52499.958
300610.SZ,20240711,8.76,8.96,8.74,8.92,8.69,0.23,2.6467,52706.03,46766.217
300611.SZ,20240711,7.8,8.88,7.7,8.62,7.78,0.84,10.7969,240624.94,197631.312
300612.SZ,20240711,13.0,13.16,12.88,13.15,12.67,0.48,3.7885,30695.52,40076.814
300613.SZ,20240711,34.53,35.0,33.47,34.16,33.85,0.31,0.9158,62171.08,211945.428
300614.SZ,20240711,8.75,9.11,8.74,9.06,8.64,0.42,4.8611,28365.0,25418.24
300615.SZ,20240711,9.02,9.27,9.02,9.25,8.87,0.38,4.2841,21815.04,20067.728
300616.SZ,20240711,10.65,11.07,10.65,11.02,10.52,0.5,4.7529,21985.0,23899.196
300617.SZ,20240711,26.95,27.17,26.56,27.13,26.74,0.39,1.4585,25321.75,68288.162
300618.SZ,20240711,26.5,27.65,26.48,27.45,26.39,1.06,4.0167,106111.22,289490.55
300619.SZ,20240711,19.33,19.6,18.91,19.43,18.72,0.71,3.7927,28871.61,55837.456
300620.SZ,20240711,37.08,37.3,36.44,36.96,36.42,0.54,1.4827,46340.01,170992.297
300621.SZ,20240711,7.4,7.44,7.28,7.38,7.25,0.13,1.7931,19737.0,14548.39
300622.SZ,20240711,11.67,12.23,11.67,12.17,11.54,0.63,5.4593,15612.0,18833.883
300623.SZ,20240711,17.8,18.01,17.52,17.92,17.5,0.42,2.4,166473.2,296278.702
300624.SZ,20240711,50.8,51.3,50.05,50.75,49.8,0.95,1.9076,70329.0,356546.098
300625.SZ,20240711,10.05,10.28,10.03,10.28,9.89,0.39,3.9434,16419.9,16714.533
300626.SZ,20240711,7.32,7.44,7.2,7.4,7.13,0.27,3.7868,67267.0,49451.247
300627.SZ,20240711,30.67,31.0,29.85,30.6,30.42,0.18,0.5917,134080.09,408535.915
300628.SZ,20240711,37.46,37.58,36.86,37.35,37.1,0.25,0.6739,30966.17,115315.972
300629.SZ,20240711,16.89,17.15,16.83,17.0,16.57,0.43,2.5951,36204.7,61549.77
300630.SZ,20240711,7.73,8.16,7.61,7.83,7.54,0.29,3.8462,396347.02,311727.668
300631.SZ,20240711,19.03,19.31,18.92,19.2,18.74,0.46,2.4546,12543.2,24050.966
300632.SZ,20240711,9.48,11.2,9.47,10.66,9.33,1.33,14.2551,263129.37,286630.595
300633.SZ,20240711,32.42,33.18,31.71,32.65,32.0,0.65,2.0313,51249.48,167443.275
300634.SZ,20240711,17.28,17.35,16.97,17.08,16.77,0.31,1.8485,87287.32,149425.253
300635.SZ,20240711,7.2,7.41,7.17,7.38,7.06,0.32,4.5326,26017.0,18990.356
300636.SZ,20240711,9.63,9.7,9.41,9.57,9.37,0.2,2.1345,28569.81,27416.729
300637.SZ,20240711,8.63,8.9,8.4,8.86,8.4,0.46,5.4762,236424.96,205406.0
300638.SZ,20240711,17.33,17.43,16.9,17.37,17.06,0.31,1.8171,319211.88,549634.499
300639.SZ,20240711,4.54,4.84,4.54,4.79,4.48,0.31,6.9196,120190.63,56768.712
300640.SZ,20240711,3.78,3.89,3.78,3.88,3.72,0.16,4.3011,43807.68,16903.894
300641.SZ,20240711,30.51,31.35,30.2,30.84,31.28,-0.44,-1.4066,485050.22,1490623.583
300642.SZ,20240711,11.39,11.89,11.25,11.7,11.2,0.5,4.4643,12273.4,14228.055
300643.SZ,20240711,13.4,13.87,13.21,13.45,13.18,0.27,2.0486,252187.99,340955.281
300644.SZ,20240711,19.38,19.68,19.11,19.59,18.88,0.71,3.7606,63918.35,124294.039
300645.SZ,20240711,12.0,12.17,11.91,12.11,11.94,0.17,1.4238,45904.0,55450.783
300647.SZ,20240711,4.74,4.84,4.68,4.83,4.62,0.21,4.5455,273743.7,130838.731
300648.SZ,20240711,16.3,17.06,16.3,16.98,16.13,0.85,5.2697,22395.0,37685.763
300649.SZ,20240711,9.77,10.07,9.77,10.02,9.66,0.36,3.7267,24585.0,24485.281
300650.SZ,20240711,10.0,10.25,9.84,10.16,9.73,0.43,4.4193,78931.4,79294.69
300651.SZ,20240711,12.36,12.68,12.36,12.66,12.23,0.43,3.5159,24128.7,30355.658
300652.SZ,20240711,19.31,19.56,19.09,19.49,18.78,0.71,3.7806,14769.56,28574.193
300653.SZ,20240711,21.21,21.8,20.96,21.45,20.77,0.68,3.274,18498.0,39486.697
300654.SZ,20240711,8.3,8.38,8.21,8.3,8.12,0.18,2.2167,76027.84,62999.04
300655.SZ,20240711,7.09,7.22,7.04,7.19,6.95,0.24,3.4532,186622.28,133057.376
300656.SZ,20240711,18.5,18.68,18.25,18.48,18.18,0.3,1.6502,31019.28,57259.041
300657.SZ,20240711,15.36,15.52,15.12,15.33,15.07,0.26,1.7253,110869.51,169978.27
300658.SZ,20240711,4.11,4.24,4.08,4.24,4.02,0.22,5.4726,37820.5,15783.864
300659.SZ,20240711,12.31,12.6,12.31,12.56,12.1,0.46,3.8017,31889.0,39836.306
300660.SZ,20240711,25.02,25.4,24.88,25.1,24.58,0.52,2.1155,33472.0,84118.575
300661.SZ,20240711,77.2,78.3,75.75,77.0,76.12,0.88,1.1561,36207.69,279261.135
300662.SZ,20240711,14.7,15.46,14.68,15.43,14.47,0.96,6.6344,51601.92,77880.388
300663.SZ,20240711,9.78,9.9,9.71,9.86,9.6,0.26,2.7083,73920.5,72600.103
300664.SZ,20240711,4.46,4.53,4.43,4.53,4.4,0.13,2.9545,44917.5,20138.319
300665.SZ,20240711,4.99,5.05,4.94,5.03,4.88,0.15,3.0738,59559.2,29835.797
300666.SZ,20240711,51.6,51.64,49.8,50.43,50.41,0.02,0.0397,80162.34,405229.309
300667.SZ,20240711,12.77,13.16,12.77,13.14,12.7,0.44,3.4646,86712.13,112855.011
300668.SZ,20240711,16.15,16.35,15.99,16.3,16.22,0.08,0.4932,11891.67,19286.124
300669.SZ,20240711,12.86,12.86,12.6,12.7,12.69,0.01,0.0788,10271.0,13030.35
300670.SZ,20240711,5.42,5.55,5.36,5.5,5.29,0.21,3.9698,84910.32,46343.921
300671.SZ,20240711,29.4,29.69,28.51,29.16,28.96,0.2,0.6906,155565.53,453046.769
300672.SZ,20240711,54.99,55.49,53.11,53.96,53.79,0.17,0.316,93379.6,505376.31
300673.SZ,20240711,14.0,14.41,13.84,14.34,14.01,0.33,2.3555,52887.67,74867.991
300674.SZ,20240711,10.85,10.98,10.78,10.89,10.64,0.25,2.3496,61269.8,66714.902
300675.SZ,20240711,11.19,11.33,11.06,11.28,10.92,0.36,3.2967,34075.87,38204.437
300676.SZ,20240711,35.38,35.76,35.01,35.54,34.79,0.75,2.1558,20763.65,73595.48
300677.SZ,20240711,29.38,29.75,29.08,29.44,29.38,0.06,0.2042,111105.52,325785.97
300678.SZ,20240711,25.4,25.63,25.13,25.46,24.89,0.57,2.2901,64842.24,164742.229
300679.SZ,20240711,39.9,40.38,38.88,39.87,39.34,0.53,1.3472,69510.88,275622.2
300680.SZ,20240711,18.11,18.58,18.1,18.39,17.85,0.54,3.0252,84349.68,155147.187
300681.SZ,20240711,12.89,13.2,12.72,13.18,12.6,0.58,4.6032,40690.5,53235.155
300682.SZ,20240711,8.59,8.65,8.4,8.59,8.32,0.27,3.2452,161901.03,138436.252
300683.SZ,20240711,21.2,21.8,21.2,21.48,21.05,0.43,2.0428,9703.0,20885.86
300684.SZ,20240711,18.1,18.84,17.85,18.44,17.75,0.69,3.8873,338097.4,618906.536
300685.SZ,20240711,18.15,18.5,18.09,18.35,17.94,0.41,2.2854,31995.39,58567.525
300686.SZ,20240711,8.05,8.5,7.84,8.35,8.02,0.33,4.1147,345346.79,282668.189
300687.SZ,20240711,13.41,13.62,13.26,13.53,13.09,0.44,3.3613,69602.82,93735.135
300688.SZ,20240711,24.14,24.65,23.81,24.55,23.61,0.94,3.9814,36834.3,89427.194
300689.SZ,20240711,13.47,13.67,13.21,13.63,13.28,0.35,2.6355,28945.9,39118.237
300690.SZ,20240711,17.78,17.99,17.6,17.94,17.5,0.44,2.5143,50435.2,90084.377
300691.SZ,20240711,15.08,15.26,14.95,15.24,14.97,0.27,1.8036,48415.0,73377.856
300692.SZ,20240711,4.4,4.5,4.39,4.49,4.33,0.16,3.6952,24069.34,10722.998
300693.SZ,20240711,19.48,19.96,19.08,19.68,18.81,0.87,4.6252,116076.48,226829.449
300694.SZ,20240711,8.3,8.58,8.3,8.58,8.24,0.34,4.1262,25690.0,21865.612
300695.SZ,20240711,36.1,36.75,35.84,36.69,35.64,1.05,2.9461,2356.0,8582.015
300696.SZ,20240711,14.66,14.85,14.45,14.77,14.41,0.36,2.4983,101529.7,148862.522
300697.SZ,20240711,11.09,11.54,10.84,11.43,10.79,0.64,5.9314,130784.92,147563.61
300698.SZ,20240711,35.5,36.4,34.85,36.4,35.51,0.89,2.5063,31025.6,110316.222
300699.SZ,20240711,26.41,27.2,26.11,27.17,25.98,1.19,4.5804,159438.39,426934.561
300700.SZ,20240711,7.32,7.33,7.17,7.3,7.13,0.17,2.3843,44997.83,32724.621
300701.SZ,20240711,8.5,8.68,8.37,8.59,8.31,0.28,3.3694,74478.88,63595.071
300702.SZ,20240711,16.48,17.01,16.39,16.96,16.31,0.65,3.9853,13390.0,22464.541
300703.SZ,20240711,7.77,8.01,7.77,7.99,7.71,0.28,3.6316,23595.12,18710.538
300705.SZ,20240711,24.94,25.65,24.0,25.42,24.64,0.78,3.1656,40016.08,99599.333
300706.SZ,20240711,18.69,18.96,18.4,18.93,18.33,0.6,3.2733,31649.0,59442.692
300707.SZ,20240711,12.16,12.54,12.16,12.47,11.99,0.48,4.0033,58220.47,71973.527
300708.SZ,20240711,8.9,8.99,8.83,8.97,8.76,0.21,2.3973,95046.08,84910.652
300709.SZ,20240711,25.21,25.96,24.75,25.67,24.75,0.92,3.7172,80427.23,204972.14
300710.SZ,20240711,14.89,16.98,14.69,15.38,14.34,1.04,7.2524,64734.55,100563.939
300711.SZ,20240711,15.28,15.38,14.96,15.26,15.0,0.26,1.7333,85996.5,130526.324
300712.SZ,20240711,22.19,22.72,21.96,22.51,21.88,0.63,2.8793,11469.0,25685.706
300713.SZ,20240711,11.5,13.68,11.42,13.68,11.4,2.28,20.0,97083.48,130142.407
300715.SZ,20240711,6.69,6.86,6.67,6.86,6.6,0.26,3.9394,12773.2,8690.67
300716.SZ,20240711,7.57,7.74,7.42,7.67,7.44,0.23,3.0914,113274.22,86363.719
300717.SZ,20240711,14.35,14.6,14.32,14.36,14.29,0.07,0.4899,27229.53,39321.71
300718.SZ,20240711,12.85,13.28,12.85,13.15,12.72,0.43,3.3805,32267.24,42197.809
300719.SZ,20240711,16.1,16.35,15.89,16.24,15.84,0.4,2.5253,108857.0,175896.597
300720.SZ,20240711,12.05,12.38,11.93,12.26,11.95,0.31,2.5941,23815.46,29109.159
300721.SZ,20240711,13.44,13.68,13.25,13.57,13.2,0.37,2.803,66953.91,90366.816
300722.SZ,20240711,18.5,18.65,18.32,18.55,18.23,0.32,1.7553,53671.02,99268.35
300723.SZ,20240711,19.75,20.27,19.75,20.11,19.62,0.49,2.4975,18607.0,37334.522
300724.SZ,20240711,55.9,58.35,55.36,56.82,55.1,1.72,3.1216,98422.71,559532.255
300725.SZ,20240711,27.8,29.86,27.63,29.28,27.3,1.98,7.2527,102893.46,296904.686
300726.SZ,20240711,21.82,22.18,21.41,21.88,21.3,0.58,2.723,49243.01,107534.634
300727.SZ,20240711,23.3,23.5,22.92,23.36,23.03,0.33,1.4329,53316.02,123747.808
300729.SZ,20240711,14.54,14.77,14.41,14.62,14.36,0.26,1.8106,29971.0,43684.064
300730.SZ,20240711,10.41,10.69,10.15,10.51,10.24,0.27,2.6367,313724.99,327732.191
300731.SZ,20240711,14.47,14.76,14.41,14.68,14.26,0.42,2.9453,34380.8,50279.968
300732.SZ,20240711,7.5,7.63,7.41,7.52,7.36,0.16,2.1739,118502.99,88779.425
300733.SZ,20240711,9.41,9.75,9.25,9.73,9.28,0.45,4.8491,28525.2,27421.483
300735.SZ,20240711,21.89,22.68,21.84,22.42,21.67,0.75,3.461,545481.5,1215285.923
300736.SZ,20240711,9.19,9.51,9.07,9.23,9.0,0.23,2.5556,133665.12,123801.872
300737.SZ,20240711,4.04,4.14,4.02,4.11,3.98,0.13,3.2663,114014.97,46642.382
300738.SZ,20240711,10.5,10.64,10.35,10.46,10.33,0.13,1.2585,422593.16,443315.385
300739.SZ,20240711,13.25,14.12,13.01,13.72,12.99,0.73,5.6197,221568.72,299385.139
300740.SZ,20240711,13.07,13.48,12.95,13.45,12.8,0.65,5.0781,59633.29,79184.344
300741.SZ,20240711,14.58,14.96,14.57,14.95,14.42,0.53,3.6755,14586.0,21606.265
300743.SZ,20240711,13.07,13.2,12.9,13.09,12.89,0.2,1.5516,29849.44,38898.52
300745.SZ,20240711,14.11,14.53,14.11,14.44,13.9,0.54,3.8849,44641.01,64128.65
300746.SZ,20240711,5.82,6.01,5.8,5.98,5.71,0.27,4.7285,28222.0,16717.44
300747.SZ,20240711,17.36,17.51,17.1,17.43,16.94,0.49,2.8926,54908.1,95326.79
300748.SZ,20240711,12.45,12.64,12.37,12.54,12.22,0.32,2.6187,109810.83,137576.425
300749.SZ,20240711,5.01,5.22,5.01,5.22,4.94,0.28,5.668,28998.61,14944.855
300750.SZ,20240711,175.0,178.98,173.49,177.01,173.05,3.96,2.2884,208111.48,3678618.34
300751.SZ,20240711,108.98,109.58,104.88,108.77,105.53,3.24,3.0702,30002.93,323235.491
300752.SZ,20240711,13.76,14.14,13.66,14.06,13.59,0.47,3.4584,65579.0,91501.525
300753.SZ,20240711,10.77,11.05,10.7,11.04,10.51,0.53,5.0428,41144.36,44840.532
300755.SZ,20240711,13.98,14.52,13.89,14.29,13.73,0.56,4.0787,35681.64,50980.414
300756.SZ,20240711,13.2,13.46,13.11,13.43,12.98,0.45,3.4669,17305.0,23042.523
300757.SZ,20240711,86.51,87.47,84.68,86.75,85.9,0.85,0.9895,70378.6,605372.263
300758.SZ,20240711,10.65,10.91,10.6,10.88,10.5,0.38,3.619,94843.1,102258.67
300759.SZ,20240711,19.19,19.88,18.9,19.78,18.7,1.08,5.7754,186024.23,364054.451
300760.SZ,20240711,279.91,282.5,274.8,282.11,278.9,3.21,1.151,31789.7,891197.756
300761.SZ,20240711,22.7,22.93,22.0,22.25,22.71,-0.46,-2.0255,38427.1,85806.14
300762.SZ,20240711,15.85,16.22,15.49,15.89,15.55,0.34,2.1865,234540.01,373388.638
300763.SZ,20240711,49.35,52.9,49.35,52.32,48.92,3.4,6.9501,184981.05,948005.616
300765.SZ,20240711,23.32,24.39,22.85,24.03,23.23,0.8,3.4438,94669.92,224956.398
300766.SZ,20240711,9.8,9.86,9.7,9.83,9.59,0.24,2.5026,87303.0,85514.169
300767.SZ,20240711,8.18,8.47,8.11,8.4,7.94,0.46,5.7935,44496.14,37023.897
300768.SZ,20240711,11.36,11.6,11.3,11.57,11.2,0.37,3.3036,44956.0,51648.517
300769.SZ,20240711,26.83,28.16,26.83,28.0,26.33,1.67,6.3426,105376.8,291442.231
300770.SZ,20240711,34.16,34.24,33.68,34.21,33.47,0.74,2.2109,12849.08,43698.842
300771.SZ,20240711,8.68,9.08,8.62,9.03,8.55,0.48,5.614,64714.71,57337.589
300772.SZ,20240711,9.27,9.42,9.2,9.41,9.09,0.32,3.5204,49087.97,45848.496
300773.SZ,20240711,12.55,12.87,12.44,12.74,12.31,0.43,3.4931,87559.0,110634.359
300774.SZ,20240711,6.31,6.57,6.28,6.54,6.23,0.31,4.9759,21395.6,13848.479
300775.SZ,20240711,28.31,28.68,27.94,28.48,27.74,0.74,2.6676,102607.53,290745.435
300776.SZ,20240711,46.38,46.95,45.33,46.13,45.6,0.53,1.1623,68336.55,314607.964
300777.SZ,20240711,20.57,21.1,20.41,20.98,20.12,0.86,4.2744,48109.02,100158.829
300778.SZ,20240711,9.72,9.89,9.66,9.78,9.58,0.2,2.0877,50551.73,49423.356
300779.SZ,20240711,43.99,44.95,43.05,44.49,43.45,1.04,2.3936,28944.3,127630.539
300780.SZ,20240711,12.7,12.88,12.45,12.8,12.2,0.6,4.918,43943.0,55687.154
300781.SZ,20240711,53.51,54.44,51.09,53.97,52.95,1.02,1.9263,143450.96,759086.581
300782.SZ,20240711,75.0,76.06,74.22,75.55,73.77,1.78,2.4129,84274.64,634365.847
300783.SZ,20240711,20.96,21.08,20.46,20.72,20.58,0.14,0.6803,52945.59,109776.467
300784.SZ,20240711,61.89,68.95,61.42,64.42,60.75,3.67,6.0412,45508.05,293617.781
300785.SZ,20240711,16.88,17.37,16.67,17.2,16.6,0.6,3.6145,40193.57,68973.296
300786.SZ,20240711,10.54,10.82,10.51,10.81,10.35,0.46,4.4444,42745.6,45773.968
300787.SZ,20240711,12.05,12.22,11.79,12.05,11.78,0.27,2.292,52216.71,62655.371
300788.SZ,20240711,24.0,24.97,23.65,24.8,23.41,1.39,5.9376,37849.0,92385.863
300789.SZ,20240711,12.36,12.65,12.3,12.59,12.12,0.47,3.8779,14055.64,17597.221
300790.SZ,20240711,14.39,14.74,14.25,14.66,14.21,0.45,3.1668,158935.7,230759.189
300791.SZ,20240711,23.49,24.0,23.3,23.82,23.29,0.53,2.2757,11363.35,26954.826
300792.SZ,20240711,14.88,15.6,14.88,15.43,14.61,0.82,5.6126,41125.3,63059.796
300793.SZ,20240711,12.51,12.88,12.4,12.81,12.27,0.54,4.401,116330.96,146815.144
300795.SZ,20240711,16.11,16.55,16.07,16.43,16.12,0.31,1.9231,14342.5,23517.422
300796.SZ,20240711,13.61,13.68,13.03,13.35,13.59,-0.24,-1.766,77534.84,102945.994
300797.SZ,20240711,9.1,9.22,9.08,9.15,9.08,0.07,0.7709,43477.5,39792.895
300798.SZ,20240711,5.79,6.22,5.79,6.13,5.76,0.37,6.4236,87402.94,52875.229
300800.SZ,20240711,9.99,10.14,9.93,10.11,9.85,0.26,2.6396,15822.5,15911.351
300801.SZ,20240711,14.98,15.22,14.91,15.22,14.67,0.55,3.7491,21353.0,32227.837
300802.SZ,20240711,15.04,15.31,14.88,15.28,14.75,0.53,3.5932,14048.16,21294.307
300803.SZ,20240711,35.15,35.78,34.81,35.18,34.5,0.68,1.971,60829.21,214682.489
300804.SZ,20240711,20.79,21.3,20.72,21.18,20.55,0.63,3.0657,4868.49,10262.932
300805.SZ,20240711,6.84,7.37,6.66,7.25,6.61,0.64,9.6823,341255.72,238198.903
300806.SZ,20240711,11.03,11.75,10.65,11.44,10.85,0.59,5.4378,345242.56,384309.614
300807.SZ,20240711,35.0,36.48,33.36,36.48,30.4,6.08,20.0,219366.29,771017.701
300808.SZ,20240711,17.32,17.85,17.3,17.38,17.25,0.13,0.7536,16606.0,29175.915
300809.SZ,20240711,19.2,19.58,19.03,19.37,18.84,0.53,2.8132,32205.8,62183.068
300810.SZ,20240711,14.12,14.38,13.96,14.35,13.83,0.52,3.7599,15797.5,22475.788
300811.SZ,20240711,39.9,45.5,39.4,44.12,39.3,4.82,12.2646,156957.26,659957.698
300812.SZ,20240711,20.6,21.84,20.33,21.36,20.33,1.03,5.0664,85088.06,178948.71
300813.SZ,20240711,17.24,19.16,17.24,18.44,18.25,0.19,1.0411,59952.58,108624.482
300814.SZ,20240711,28.1,28.71,27.72,28.39,27.59,0.8,2.8996,49362.44,139414.427
300815.SZ,20240711,11.2,11.49,11.2,11.47,11.08,0.39,3.5199,21588.52,24572.238
300816.SZ,20240711,23.81,23.93,23.32,23.58,23.7,-0.12,-0.5063,6068.0,14353.804
300817.SZ,20240711,9.71,9.96,9.61,9.95,9.52,0.43,4.5168,52388.96,51278.804
300818.SZ,20240711,24.36,24.72,24.2,24.68,24.19,0.49,2.0256,13629.13,33465.755
300819.SZ,20240711,11.2,11.43,11.1,11.37,10.98,0.39,3.5519,14303.5,16173.778
300820.SZ,20240711,36.5,36.96,36.04,36.37,35.69,0.68,1.9053,28282.61,103085.04
300821.SZ,20240711,6.78,7.05,6.78,7.02,6.69,0.33,4.9327,147745.26,102699.504
300822.SZ,20240711,11.11,11.25,10.98,11.17,10.99,0.18,1.6379,124927.49,138948.953
300823.SZ,20240711,11.41,11.8,11.35,11.8,11.22,0.58,5.1693,40850.2,47330.191
300824.SZ,20240711,7.11,7.39,7.08,7.36,6.99,0.37,5.2933,31521.0,22879.916
300825.SZ,20240711,9.99,11.5,9.88,11.41,9.6,1.81,18.8542,440190.74,484875.954
300826.SZ,20240711,12.0,12.06,11.66,11.96,11.67,0.29,2.485,59033.88,70163.339
300827.SZ,20240711,22.69,24.78,22.69,24.5,22.48,2.02,8.9858,132290.93,319010.854
300828.SZ,20240711,11.02,11.27,10.96,11.2,11.05,0.15,1.3575,44999.5,50091.401
300829.SZ,20240711,14.29,14.61,14.29,14.55,14.07,0.48,3.4115,17838.07,25853.72
300830.SZ,20240711,5.61,5.71,5.59,5.7,5.51,0.19,3.4483,71348.0,40456.137
300831.SZ,20240711,11.08,11.19,10.91,11.12,10.8,0.32,2.963,45730.0,50699.405
300832.SZ,20240711,61.99,62.61,60.54,61.6,61.3,0.3,0.4894,26581.22,164195.907
300833.SZ,20240711,40.64,42.17,40.64,41.84,40.2,1.64,4.0796,8042.86,33404.257
300834.SZ,20240711,18.41,18.79,18.35,18.72,18.21,0.51,2.8007,16310.73,30298.961
300835.SZ,20240711,25.0,25.73,24.86,25.61,24.64,0.97,3.9367,60526.2,153406.539
300836.SZ,20240711,36.5,37.79,35.66,37.4,36.65,0.75,2.0464,19562.5,72066.673
300837.SZ,20240711,20.1,20.37,19.95,20.36,19.84,0.52,2.621,9385.0,18985.281
300838.SZ,20240711,9.89,10.1,9.84,10.08,9.74,0.34,3.4908,8715.9,8731.205
300839.SZ,20240711,5.28,5.72,5.28,5.63,5.21,0.42,8.0614,56412.73,31299.449
300840.SZ,20240711,8.74,8.97,8.57,8.94,8.54,0.4,4.6838,77739.0,68864.659
300841.SZ,20240711,51.36,52.51,51.28,52.2,50.93,1.27,2.4936,16287.75,84826.206
300842.SZ,20240711,39.2,40.68,38.98,40.07,38.6,1.47,3.8083,46146.49,183726.351
300843.SZ,20240711,31.15,31.79,30.39,31.65,31.31,0.34,1.0859,199502.15,620618.874
300844.SZ,20240711,24.28,24.78,23.91,24.6,23.77,0.83,3.4918,12362.44,30223.049
300845.SZ,20240711,10.29,10.6,10.09,10.45,10.06,0.39,3.8767,58361.96,60309.66
300846.SZ,20240711,9.57,9.62,9.42,9.54,9.3,0.24,2.5806,63746.0,60603.202
300847.SZ,20240711,14.03,14.18,13.93,14.09,13.78,0.31,2.2496,32885.5,46324.445
300848.SZ,20240711,15.1,15.41,14.85,15.28,14.85,0.43,2.8956,17055.13,25986.036
300849.SZ,20240711,13.11,13.34,13.07,13.3,13.05,0.25,1.9157,25786.5,34152.808
300850.SZ,20240711,14.2,15.0,14.2,14.82,13.82,1.0,7.2359,93141.34,136757.93
300851.SZ,20240711,21.41,22.22,21.41,22.15,21.33,0.82,3.8444,4173.0,9169.163
300852.SZ,20240711,28.45,28.88,27.65,28.53,27.85,0.68,2.4417,68226.03,193578.502
300853.SZ,20240711,12.98,13.58,12.98,13.38,12.75,0.63,4.9412,19328.95,25787.966
300854.SZ,20240711,9.8,10.09,9.75,10.08,9.65,0.43,4.456,28402.39,28217.453
300855.SZ,20240711,24.78,25.41,24.49,25.27,24.33,0.94,3.8635,22187.81,55564.353
300856.SZ,20240711,32.72,33.58,32.2,32.97,32.32,0.65,2.0111,41147.0,135662.084
300857.SZ,20240711,70.8,72.66,68.68,72.53,70.35,2.18,3.0988,124291.69,878608.322
300858.SZ,20240711,14.83,15.05,14.75,14.8,14.77,0.03,0.2031,9859.35,14698.807
300859.SZ,20240711,29.63,30.68,28.67,29.88,29.28,0.6,2.0492,55133.0,163963.222
300860.SZ,20240711,21.0,21.68,20.74,21.4,20.77,0.63,3.0332,23895.44,50637.047
300861.SZ,20240711,18.01,18.56,18.0,18.38,17.64,0.74,4.195,38158.44,69774.407
300862.SZ,20240711,20.28,21.35,19.92,21.0,20.2,0.8,3.9604,39768.4,82096.947
300863.SZ,20240711,35.55,35.95,35.31,35.7,35.31,0.39,1.1045,15908.6,56789.907
300864.SZ,20240711,20.94,21.35,20.94,21.06,20.95,0.11,0.5251,8154.4,17209.234
300865.SZ,20240711,17.46,17.78,17.0,17.29,17.45,-0.16,-0.9169,17995.0,31199.481
300866.SZ,20240711,63.94,64.5,62.37,63.74,62.91,0.83,1.3193,24316.35,153865.235
300867.SZ,20240711,10.65,10.88,10.56,10.84,10.41,0.43,4.1306,24127.0,25974.636
300868.SZ,20240711,19.33,19.99,19.03,19.8,19.01,0.79,4.1557,109610.44,213177.408
300869.SZ,20240711,12.83,13.16,12.76,13.09,12.53,0.56,4.4693,27754.97,36116.379
300870.SZ,20240711,41.8,42.18,41.2,42.13,40.98,1.15,2.8062,19516.17,81543.178
300871.SZ,20240711,9.14,9.39,9.12,9.39,8.97,0.42,4.6823,33378.5,30975.031
300872.SZ,20240711,13.0,13.33,12.91,13.25,12.8,0.45,3.5156,78826.6,103825.725
300873.SZ,20240711,13.94,14.22,13.87,14.21,13.72,0.49,3.5714,14787.57,20831.496
300875.SZ,20240711,18.3,18.6,18.02,18.6,17.89,0.71,3.9687,27071.0,49691.508
300876.SZ,20240711,16.4,16.78,16.18,16.68,16.06,0.62,3.8605,6502.0,10809.056
300877.SZ,20240711,10.3,10.57,10.23,10.53,10.14,0.39,3.8462,11815.0,12287.728
300878.SZ,20240711,14.98,15.29,14.88,15.18,14.85,0.33,2.2222,30595.63,46284.88
300879.SZ,20240711,16.22,19.5,15.59,15.82,16.27,-0.45,-2.7658,201670.14,341320.418
300880.SZ,20240711,18.42,18.55,18.09,18.42,17.98,0.44,2.4472,46004.84,84117.325
300881.SZ,20240711,26.99,27.37,26.78,27.26,26.76,0.5,1.8685,30420.05,82487.848
300882.SZ,20240711,15.95,16.24,15.95,16.2,15.55,0.65,4.1801,58047.4,93458.001
300883.SZ,20240711,4.09,4.25,4.09,4.24,4.03,0.21,5.2109,77614.0,32509.355
300884.SZ,20240711,8.05,8.26,8.0,8.25,7.87,0.38,4.8285,44653.03,36489.239
300885.SZ,20240711,8.7,8.79,8.44,8.6,8.44,0.16,1.8957,81044.19,69425.275
300886.SZ,20240711,16.03,16.54,15.95,16.33,15.63,0.7,4.4786,12302.12,20033.591
300887.SZ,20240711,7.95,8.28,7.92,8.09,8.09,0.0,0.0,310378.51,250857.566
300888.SZ,20240711,25.45,25.96,25.33,25.77,25.13,0.64,2.5468,20763.98,53382.037
300889.SZ,20240711,10.1,10.43,9.95,10.39,9.77,0.62,6.346,45795.74,46894.14
300890.SZ,20240711,24.77,26.35,24.55,26.22,23.98,2.24,9.3411,80747.8,206287.379
300891.SZ,20240711,7.75,8.08,7.75,8.04,7.61,0.43,5.6505,108402.38,85826.779
300892.SZ,20240711,15.95,18.99,15.82,17.49,16.25,1.24,7.6308,89571.02,151524.08
300893.SZ,20240711,30.41,30.87,30.06,30.5,30.26,0.24,0.7931,15264.25,46648.161
300894.SZ,20240711,12.52,12.72,12.35,12.7,12.17,0.53,4.355,57530.24,72436.382
300895.SZ,20240711,25.55,26.77,25.49,26.21,25.31,0.9,3.5559,43187.58,112742.401
300896.SZ,20240711,166.35,174.6,165.34,169.0,160.34,8.66,5.401,57062.94,965574.375
300897.SZ,20240711,17.44,17.59,17.29,17.48,17.09,0.39,2.282,10879.88,19002.64
300898.SZ,20240711,16.98,17.57,16.92,17.24,16.77,0.47,2.8026,18524.0,31887.35
300899.SZ,20240711,18.09,18.43,17.9,18.41,17.81,0.6,3.3689,10850.47,19774.888
300900.SZ,20240711,17.37,17.55,17.17,17.36,16.93,0.43,2.5399,74651.4,129645.334
300901.SZ,20240711,8.7,8.89,8.64,8.89,8.64,0.25,2.8935,46919.18,41224.895
300902.SZ,20240711,18.45,18.8,18.32,18.64,17.98,0.66,3.6707,17936.2,33270.398
300903.SZ,20240711,7.17,7.26,7.01,7.19,7.06,0.13,1.8414,281631.51,201759.843
300904.SZ,20240711,41.22,41.71,41.07,41.45,40.9,0.55,1.3447,12253.25,50762.441
300905.SZ,20240711,26.7,26.89,26.01,26.38,26.35,0.03,0.1139,49200.0,129687.466
300906.SZ,20240711,19.36,19.55,19.1,19.49,19.02,0.47,2.4711,10209.0,19795.999
300907.SZ,20240711,18.2,18.46,18.06,18.34,17.92,0.42,2.3438,11691.65,21406.909
300908.SZ,20240711,26.99,27.49,26.72,27.24,26.6,0.64,2.406,8605.56,23404.64
300909.SZ,20240711,20.95,21.52,20.69,21.5,20.51,0.99,4.8269,24551.64,51947.157
300910.SZ,20240711,42.38,42.4,40.9,41.91,41.92,-0.01,-0.0239,18464.24,76954.09
300911.SZ,20240711,24.97,25.39,24.65,25.16,24.88,0.28,1.1254,17021.95,42628.043
300912.SZ,20240711,11.07,12.48,10.89,11.71,11.71,0.0,0.0,195121.47,223504.366
300913.SZ,20240711,34.09,34.29,33.43,34.0,33.44,0.56,1.6746,65691.0,222782.179
300915.SZ,20240711,25.79,26.78,25.71,26.51,25.43,1.08,4.247,5099.6,13428.977
300916.SZ,20240711,27.61,27.88,27.12,27.42,27.19,0.23,0.8459,50876.78,139012.899
300917.SZ,20240711,32.42,33.23,31.5,32.65,31.93,0.72,2.2549,114547.49,372820.73
300918.SZ,20240711,8.39,8.58,8.32,8.55,8.2,0.35,4.2683,58947.13,49858.678
300919.SZ,20240711,28.84,29.69,28.74,29.23,28.28,0.95,3.3593,73922.77,215956.843
300920.SZ,20240711,14.36,14.76,14.36,14.71,14.22,0.49,3.4459,16458.0,24077.428
300921.SZ,20240711,18.37,18.7,17.98,18.42,18.03,0.39,2.1631,64450.92,118292.489
300922.SZ,20240711,12.8,13.32,12.8,13.02,12.54,0.48,3.8278,58278.87,75834.312
300923.SZ,20240711,15.98,16.51,15.7,16.51,15.65,0.86,5.4952,10552.0,17098.26
300925.SZ,20240711,10.0,10.15,9.86,10.15,9.8,0.35,3.5714,151966.25,152545.245
300926.SZ,20240711,21.66,21.88,21.36,21.71,21.26,0.45,2.1167,70757.87,152875.018
300927.SZ,20240711,13.07,13.45,13.05,13.44,12.81,0.63,4.918,21509.4,28579.718
300928.SZ,20240711,38.01,38.85,37.6,38.01,37.92,0.09,0.2373,26832.04,102423.006
300929.SZ,20240711,6.96,7.24,6.93,7.2,6.8,0.4,5.8824,18988.04,13510.712
300930.SZ,20240711,24.05,25.15,23.68,24.96,23.8,1.16,4.8739,91636.14,224906.141
300931.SZ,20240711,5.18,5.4,5.18,5.36,5.14,0.22,4.2802,39004.37,20740.751
300932.SZ,20240711,9.5,9.73,9.41,9.69,9.33,0.36,3.8585,84899.84,81602.116
300933.SZ,20240711,5.85,5.97,5.82,5.93,5.75,0.18,3.1304,114279.0,67483.73
300935.SZ,20240711,15.37,15.71,14.88,15.48,14.68,0.8,5.4496,14295.4,21873.471
300936.SZ,20240711,40.6,42.5,39.8,41.8,39.98,1.82,4.5523,74717.97,307108.262
300937.SZ,20240711,20.35,20.56,20.2,20.51,19.85,0.66,3.3249,11241.24,22932.315
300938.SZ,20240711,20.23,20.86,20.1,20.44,20.27,0.17,0.8387,25068.55,51334.751
300939.SZ,20240711,29.0,29.3,28.51,29.21,28.6,0.61,2.1329,33222.0,96459.415
300940.SZ,20240711,13.31,13.85,13.31,13.56,13.19,0.37,2.8052,20396.2,27578.441
300941.SZ,20240711,16.3,17.1,16.25,16.8,16.02,0.78,4.8689,71756.07,119903.682
300942.SZ,20240711,7.48,8.18,7.35,7.75,8.04,-0.29,-3.607,309816.49,237480.845
300943.SZ,20240711,10.31,10.43,10.19,10.43,10.09,0.34,3.3697,29349.0,30409.385
300945.SZ,20240711,8.8,9.1,8.78,9.06,8.63,0.43,4.9826,98930.9,88813.277
300946.SZ,20240711,26.85,27.04,26.38,26.9,26.32,0.58,2.2036,32661.2,87378.427
300947.SZ,20240711,16.4,16.8,15.7,16.58,15.96,0.62,3.8847,130282.55,213362.392
300948.SZ,20240711,8.69,8.98,8.62,8.93,8.72,0.21,2.4083,40938.81,35997.457
300949.SZ,20240711,28.7,29.55,28.35,29.42,28.05,1.37,4.8841,9301.0,27043.19
300950.SZ,20240711,14.98,15.47,14.9,15.4,14.76,0.64,4.336,28369.67,43208.05
300951.SZ,20240711,33.98,34.58,32.43,33.49,33.44,0.05,0.1495,98819.65,329305.977
300952.SZ,20240711,16.76,17.1,16.5,17.01,16.42,0.59,3.5932,9581.0,16111.655
300953.SZ,20240711,52.23,54.79,52.08,53.31,51.71,1.6,3.0942,11978.47,63870.627
300955.SZ,20240711,11.92,12.35,11.83,12.33,11.69,0.64,5.4748,11423.0,13878.606
300956.SZ,20240711,22.55,22.98,21.2,21.68,21.48,0.2,0.9311,306299.17,672280.809
300957.SZ,20240711,45.27,47.39,45.17,47.08,44.43,2.65,5.9644,49544.11,229728.044
300958.SZ,20240711,10.33,10.54,10.32,10.51,10.18,0.33,3.2417,22248.0,23228.764
300959.SZ,20240711,24.2,24.57,23.91,24.53,24.02,0.51,2.1232,17820.0,43367.96
300960.SZ,20240711,14.5,14.81,14.41,14.81,14.26,0.55,3.8569,9300.0,13636.251
300961.SZ,20240711,7.38,7.61,7.28,7.61,7.23,0.38,5.2559,19288.0,14433.304
300962.SZ,20240711,14.33,14.57,14.2,14.43,14.43,0.0,0.0,43267.12,62284.59
300963.SZ,20240711,10.15,10.38,10.1,10.38,9.87,0.51,5.1672,30911.9,31749.197
300964.SZ,20240711,32.92,35.61,32.62,34.63,32.47,2.16,6.6523,51245.06,175622.111
300965.SZ,20240711,26.72,27.35,26.68,27.21,26.59,0.62,2.3317,3254.25,8815.977
300966.SZ,20240711,16.38,16.84,16.38,16.67,16.23,0.44,2.711,29384.58,48797.427
300967.SZ,20240711,9.49,9.63,9.45,9.58,9.45,0.13,1.3757,55749.0,53254.99
300968.SZ,20240711,9.33,9.35,9.02,9.27,9.05,0.22,2.4309,127896.56,117767.228
300969.SZ,20240711,69.84,75.41,68.6,73.76,65.85,7.91,12.0121,36089.45,262401.23
300970.SZ,20240711,11.18,11.49,11.08,11.43,10.91,0.52,4.7663,20895.0,23669.27
300971.SZ,20240711,17.82,18.08,17.58,18.06,17.3,0.76,4.3931,32647.83,58326.428
300972.SZ,20240711,20.52,21.16,20.42,20.86,20.26,0.6,2.9615,11629.78,24177.598
300973.SZ,20240711,26.1,26.65,25.76,26.48,25.44,1.04,4.0881,23840.0,62790.593
300975.SZ,20240711,8.86,8.97,8.73,8.88,8.7,0.18,2.069,222162.5,196747.825
300976.SZ,20240711,45.67,46.88,44.82,46.68,45.1,1.58,3.5033,24205.2,111166.122
300977.SZ,20240711,16.55,17.12,16.2,16.91,16.31,0.6,3.6787,97910.11,163412.172
300978.SZ,20240711,10.73,11.3,10.67,11.07,11.32,-0.25,-2.2085,390340.38,427967.774
300979.SZ,20240711,59.43,60.35,58.64,60.17,59.16,1.01,1.7072,19677.32,117566.89
300980.SZ,20240711,16.31,17.88,16.31,16.97,17.26,-0.29,-1.6802,54713.06,92444.272
300981.SZ,20240711,9.34,9.62,9.24,9.58,9.15,0.43,4.6995,23731.81,22530.679
300982.SZ,20240711,17.39,17.78,16.98,17.6,16.85,0.75,4.451,34057.0,59540.621
300983.SZ,20240711,15.32,15.41,15.16,15.28,15.12,0.16,1.0582,4585.57,7012.658
300984.SZ,20240711,20.82,21.27,20.82,21.02,20.65,0.37,1.7918,3692.56,7773.637
300985.SZ,20240711,15.6,16.05,15.57,15.97,15.38,0.59,3.8362,24233.95,38529.308
300986.SZ,20240711,6.75,6.87,6.67,6.83,6.62,0.21,3.1722,20359.57,13811.294
300987.SZ,20240711,11.94,12.19,11.91,12.14,11.81,0.33,2.7942,19625.9,23700.441
300988.SZ,20240711,21.16,21.4,20.61,21.01,20.89,0.12,0.5744,99284.61,208700.24
300989.SZ,20240711,11.26,11.4,11.03,11.27,11.01,0.26,2.3615,34158.95,38367.208
300990.SZ,20240711,26.68,27.15,26.39,26.86,26.03,0.83,3.1886,13304.68,35666.313
300991.SZ,20240711,18.55,20.98,18.4,19.22,18.46,0.76,4.117,292593.93,572270.894
300992.SZ,20240711,14.99,15.27,14.84,15.19,14.76,0.43,2.9133,8998.0,13606.473
300993.SZ,20240711,8.52,8.61,8.45,8.59,8.38,0.21,2.506,44500.05,38075.493
300994.SZ,20240711,10.08,10.43,10.08,10.36,9.91,0.45,4.5409,28584.85,29408.482
300995.SZ,20240711,15.23,15.5,15.13,15.47,14.98,0.49,3.271,11054.74,16997.905
300996.SZ,20240711,15.09,15.52,14.81,15.19,14.81,0.38,2.5658,133466.0,202342.994
300997.SZ,20240711,11.7,11.87,11.48,11.77,11.44,0.33,2.8846,12777.02,14970.774
300998.SZ,20240711,16.95,17.17,16.68,16.94,16.67,0.27,1.6197,15142.54,25663.69
300999.SZ,20240711,25.7,26.98,25.5,26.61,26.04,0.57,2.1889,131331.87,346991.565
301000.SZ,20240711,13.76,13.88,13.48,13.83,13.65,0.18,1.3187,53425.47,73323.288
301001.SZ,20240711,18.39,19.57,18.34,18.8,18.16,0.64,3.5242,44064.93,82937.251
301002.SZ,20240711,15.45,15.76,15.33,15.62,15.24,0.38,2.4934,19058.82,29695.237
301003.SZ,20240711,21.5,21.68,21.12,21.53,21.07,0.46,2.1832,6270.6,13468.854
301004.SZ,20240711,84.31,87.75,84.31,87.01,84.0,3.01,3.5833,8363.12,72047.684
301005.SZ,20240711,27.3,27.8,26.95,27.41,26.79,0.62,2.3143,63068.02,172634.483
301006.SZ,20240711,10.88,11.18,10.88,11.16,10.73,0.43,4.0075,10440.0,11530.609
301007.SZ,20240711,12.33,12.65,12.22,12.55,12.16,0.39,3.2072,108471.96,135350.11
301008.SZ,20240711,17.11,17.59,17.03,17.48,16.88,0.6,3.5545,12327.12,21480.778
301009.SZ,20240711,7.35,7.64,7.34,7.61,7.23,0.38,5.2559,20726.41,15617.395
301010.SZ,20240711,10.9,11.3,10.85,11.27,10.73,0.54,5.0326,16543.0,18372.023
301011.SZ,20240711,15.1,15.65,15.03,15.53,14.88,0.65,4.3683,16122.11,24758.892
301012.SZ,20240711,23.15,23.6,22.97,23.47,22.81,0.66,2.8935,71288.4,166440.775
301013.SZ,20240711,10.63,11.05,10.59,10.95,10.6,0.35,3.3019,142218.79,154296.94
301015.SZ,20240711,23.15,23.45,22.61,23.26,22.79,0.47,2.0623,20249.55,46834.304
301016.SZ,20240711,12.37,12.99,12.37,12.99,12.35,0.64,5.1822,27104.6,34373.918
301017.SZ,20240711,9.45,9.91,9.45,9.8,9.29,0.51,5.4898,29300.0,28450.306
301018.SZ,20240711,18.43,18.97,18.43,18.94,18.02,0.92,5.1054,32775.0,61534.707
301019.SZ,20240711,13.5,13.5,13.03,13.15,12.96,0.19,1.466,9766.86,12867.01
301020.SZ,20240711,20.55,20.92,20.09,20.88,20.47,0.41,2.0029,83934.93,172603.128
301021.SZ,20240711,14.9,17.51,14.71,16.26,14.59,1.67,11.4462,100714.98,166216.44
301022.SZ,20240711,19.72,20.15,19.63,20.14,19.35,0.79,4.0827,18138.8,36258.659
301023.SZ,20240711,30.12,36.23,29.95,36.23,30.19,6.04,20.0066,28508.96,100783.077
301024.SZ,20240711,18.88,19.4,18.72,19.29,18.51,0.78,4.2139,8502.0,16279.052
301025.SZ,20240711,9.68,9.75,9.41,9.59,9.41,0.18,1.9129,75043.0,71762.021
301026.SZ,20240711,25.4,27.49,24.81,26.36,25.7,0.66,2.5681,61569.53,160445.436
301027.SZ,20240711,7.6,7.65,7.36,7.5,7.38,0.12,1.626,87795.0,65810.022
301028.SZ,20240711,8.2,8.53,8.18,8.51,8.16,0.35,4.2892,25221.74,21127.705
301029.SZ,20240711,18.6,18.93,18.42,18.71,18.2,0.51,2.8022,30989.7,57950.171
301030.SZ,20240711,21.86,22.49,21.63,22.08,21.62,0.46,2.1277,72346.8,159571.869
301031.SZ,20240711,78.9,80.23,77.66,79.08,78.2,0.88,1.1253,9357.0,73847.284
301032.SZ,20240711,6.39,6.64,6.39,6.62,6.28,0.34,5.414,35210.14,23040.887
301033.SZ,20240711,38.73,39.06,38.01,38.86,37.82,1.04,2.7499,2635.22,10194.095
301035.SZ,20240711,39.08,39.6,38.53,39.38,38.76,0.62,1.5996,9601.0,37589.703
301036.SZ,20240711,25.14,25.38,24.35,24.9,24.85,0.05,0.2012,103530.3,255909.931
301037.SZ,20240711,8.7,9.06,8.68,9.01,8.55,0.46,5.3801,22123.62,19683.369
301038.SZ,20240711,13.81,13.99,13.63,13.98,13.78,0.2,1.4514,30875.11,42841.341
301039.SZ,20240711,8.61,8.73,8.48,8.58,8.55,0.03,0.3509,129455.0,111214.147
301040.SZ,20240711,9.1,9.5,9.1,9.46,8.97,0.49,5.4627,20761.41,19426.698
301041.SZ,20240711,26.82,27.01,26.09,26.73,26.23,0.5,1.9062,74077.0,197096.423
301042.SZ,20240711,32.9,32.94,32.32,32.69,32.19,0.5,1.5533,8007.0,26145.194
301043.SZ,20240711,23.21,23.94,22.99,23.91,22.88,1.03,4.5017,8507.4,20010.805
301045.SZ,20240711,18.26,18.8,18.18,18.76,18.05,0.71,3.9335,14584.0,27080.863
301046.SZ,20240711,20.37,20.77,20.12,20.55,20.39,0.16,0.7847,44080.55,90192.463
301047.SZ,20240711,61.63,62.91,61.63,62.48,61.2,1.28,2.0915,6124.0,38213.928
301048.SZ,20240711,8.13,8.2,8.08,8.19,8.0,0.19,2.375,24869.33,20282.745
301049.SZ,20240711,16.9,18.39,16.9,17.9,16.91,0.99,5.8545,33217.3,59102.637
301050.SZ,20240711,46.2,46.85,45.96,46.35,45.46,0.89,1.9578,29117.5,135059.712
301051.SZ,20240711,25.0,26.39,24.7,25.95,24.59,1.36,5.5307,28731.2,73932.862
301052.SZ,20240711,19.89,20.14,19.51,20.14,19.55,0.59,3.0179,40952.65,81524.897
301053.SZ,20240711,21.57,21.69,21.18,21.23,21.44,-0.21,-0.9795,26021.03,55493.506
301055.SZ,20240711,13.4,13.55,13.15,13.46,13.3,0.16,1.203,16565.0,22124.788
301056.SZ,20240711,7.55,7.72,7.47,7.68,7.41,0.27,3.6437,27685.72,21095.216
301057.SZ,20240711,11.26,11.45,11.16,11.39,11.06,0.33,2.9837,12822.18,14548.622
301058.SZ,20240711,9.38,9.58,9.32,9.55,9.49,0.06,0.6322,86593.74,82145.398
301059.SZ,20240711,9.4,9.45,9.16,9.34,9.3,0.04,0.4301,30195.99,28073.073
301060.SZ,20240711,8.0,8.3,7.82,8.19,7.8,0.39,5.0,53139.7,43157.736
301061.SZ,20240711,43.4,43.69,42.32,43.1,42.85,0.25,0.5834,6971.5,29983.034
301062.SZ,20240711,10.35,10.59,10.27,10.4,10.3,0.1,0.9709,35544.91,37079.53
301063.SZ,20240711,13.54,14.27,13.5,14.15,13.25,0.9,6.7925,29474.53,41287.294
301065.SZ,20240711,15.69,16.2,15.64,16.14,15.38,0.76,4.9415,10102.71,16149.078
301066.SZ,20240711,7.81,8.17,7.81,8.14,7.68,0.46,5.9896,40913.4,32974.68
301067.SZ,20240711,24.5,25.95,24.41,25.82,24.88,0.94,3.7781,162314.28,412622.1
301068.SZ,20240711,20.28,20.95,20.06,20.76,19.92,0.84,4.2169,2638.67,5418.07
301069.SZ,20240711,12.73,13.33,12.73,13.3,12.57,0.73,5.8075,32733.0,42925.219
301070.SZ,20240711,38.38,39.15,37.66,37.92,38.37,-0.45,-1.1728,4434.0,16951.191
301071.SZ,20240711,27.0,27.34,26.68,27.2,26.5,0.7,2.6415,23497.61,63597.534
301072.SZ,20240711,20.9,21.39,20.71,21.2,20.61,0.59,2.8627,31532.67,66666.77
301073.SZ,20240711,17.15,18.15,17.05,17.92,16.88,1.04,6.1611,82950.0,146476.686
301075.SZ,20240711,15.28,16.02,15.28,15.91,15.0,0.91,6.0667,13699.0,21578.011
301076.SZ,20240711,18.7,18.97,18.62,18.97,18.26,0.71,3.8883,28920.9,54518.532
301077.SZ,20240711,17.48,18.09,17.48,18.09,17.23,0.86,4.9913,12551.81,22452.619
301078.SZ,20240711,5.11,5.17,5.07,5.15,5.0,0.15,3.0,171883.6,88106.045
301079.SZ,20240711,12.49,12.67,12.34,12.6,12.25,0.35,2.8571,21901.92,27452.656
301080.SZ,20240711,34.0,35.37,34.0,34.95,33.39,1.56,4.6721,16747.0,58267.598
301081.SZ,20240711,7.0,7.26,7.0,7.23,6.96,0.27,3.8793,69310.42,49435.867
301082.SZ,20240711,9.72,9.81,9.57,9.78,9.49,0.29,3.0558,66654.6,64829.784
301083.SZ,20240711,14.82,15.14,14.48,15.0,14.48,0.52,3.5912,80254.16,119895.028
301085.SZ,20240711,42.2,43.19,41.31,42.74,40.85,1.89,4.6267,24008.61,101494.942
301086.SZ,20240711,39.36,40.31,38.76,39.96,38.95,1.01,2.5931,32598.29,128901.337
301087.SZ,20240711,32.45,33.59,32.45,33.25,32.16,1.09,3.3893,9073.0,30048.42
301088.SZ,20240711,10.6,10.86,10.58,10.82,10.43,0.39,3.7392,9493.69,10206.97
301089.SZ,20240711,28.7,29.4,28.63,29.3,28.22,1.08,3.8271,30133.0,87705.225
301090.SZ,20240711,6.52,6.87,6.52,6.84,6.43,0.41,6.3764,74749.75,50520.659
301091.SZ,20240711,25.1,25.25,24.54,24.66,24.48,0.18,0.7353,114769.84,284628.725
301092.SZ,20240711,22.29,22.56,21.98,22.54,21.7,0.84,3.871,11924.23,26629.785
301093.SZ,20240711,18.18,19.25,18.18,19.0,18.01,0.99,5.4969,14585.26,27338.65
301095.SZ,20240711,41.0,41.3,40.46,40.68,40.17,0.51,1.2696,24399.0,99564.312
301096.SZ,20240711,50.85,52.12,50.56,51.7,50.0,1.7,3.4,12943.97,66553.623
301097.SZ,20240711,35.86,36.78,34.49,35.86,34.99,0.87,2.4864,2297.07,8243.841
301098.SZ,20240711,7.28,7.49,7.26,7.43,7.14,0.29,4.0616,22109.5,16344.792
301099.SZ,20240711,32.79,33.6,32.31,33.45,32.41,1.04,3.2089,50341.4,166140.389
301100.SZ,20240711,12.36,12.86,12.31,12.83,12.14,0.69,5.6837,12174.0,15404.279
301101.SZ,20240711,23.3,23.39,22.81,23.07,22.68,0.39,1.7196,18070.87,41716.925
301102.SZ,20240711,11.43,11.58,11.35,11.57,11.12,0.45,4.0468,30409.32,34874.423
301103.SZ,20240711,20.85,21.56,20.81,21.21,20.4,0.81,3.9706,12096.64,25678.97
301105.SZ,20240711,24.05,24.6,24.05,24.5,23.9,0.6,2.5105,4336.0,10574.389
301106.SZ,20240711,27.2,27.99,26.73,27.82,26.94,0.88,3.2665,21512.77,59160.816
301107.SZ,20240711,25.52,25.95,25.11,25.69,25.1,0.59,2.3506,19051.0,48894.052
301108.SZ,20240711,24.6,25.08,24.37,25.01,24.25,0.76,3.134,2924.0,7274.78
301109.SZ,20240711,14.68,14.88,14.66,14.85,14.48,0.37,2.5552,9569.0,14153.795
301110.SZ,20240711,29.36,30.87,29.36,30.66,29.35,1.31,4.4634,16164.72,49296.859
301111.SZ,20240711,15.21,16.1,15.2,15.7,15.36,0.34,2.2135,78403.42,121786.533
301112.SZ,20240711,21.95,22.15,21.1,22.13,21.75,0.38,1.7471,56946.83,124370.396
301113.SZ,20240711,18.72,19.2,18.62,19.15,18.35,0.8,4.3597,5368.69,10166.252
301115.SZ,20240711,13.26,13.75,13.14,13.47,13.27,0.2,1.5072,24697.27,33110.33
301116.SZ,20240711,9.48,9.78,9.35,9.5,9.3,0.2,2.1505,42425.09,40286.898
301117.SZ,20240711,23.52,23.88,23.22,23.63,22.96,0.67,2.9181,18019.0,42455.272
301118.SZ,20240711,17.41,19.88,17.15,18.45,17.33,1.12,6.4628,123541.3,226863.687
301119.SZ,20240711,20.61,21.32,20.17,20.82,20.46,0.36,1.7595,64850.77,135584.091
301120.SZ,20240711,9.51,9.65,9.41,9.59,9.36,0.23,2.4573,91501.9,87403.716
301121.SZ,20240711,35.79,36.39,35.33,36.17,34.84,1.33,3.8175,15708.06,56503.388
301122.SZ,20240711,18.64,19.23,18.52,19.06,18.27,0.79,4.324,16830.0,31830.955
301123.SZ,20240711,18.42,18.69,18.02,18.58,18.05,0.53,2.9363,82895.0,152839.323
301125.SZ,20240711,9.01,9.16,8.89,9.12,8.83,0.29,3.2843,34823.16,31526.191
301126.SZ,20240711,9.0,9.28,9.0,9.21,8.83,0.38,4.3035,51648.54,47261.42
301127.SZ,20240711,7.8,7.83,7.6,7.65,7.64,0.01,0.1309,50778.59,39073.72
301128.SZ,20240711,38.5,40.79,37.59,40.32,37.79,2.53,6.6949,38504.95,152106.089
301129.SZ,20240711,20.8,21.21,20.62,21.1,20.46,0.64,3.1281,62167.4,130245.76
301130.SZ,20240711,23.83,23.94,23.55,23.83,23.48,0.35,1.4906,3201.0,7614.849
301131.SZ,20240711,33.99,34.86,33.61,34.65,33.3,1.35,4.0541,26542.25,91394.247
301132.SZ,20240711,31.03,33.29,30.79,31.67,30.76,0.91,2.9584,192124.97,612392.863
301133.SZ,20240711,23.46,26.33,22.62,26.33,21.94,4.39,20.0091,155820.54,396052.445
301135.SZ,20240711,19.8,20.31,19.65,20.19,19.47,0.72,3.698,25852.0,51948.289
301136.SZ,20240711,11.5,11.6,11.08,11.16,10.97,0.19,1.732,93317.0,104916.785
301137.SZ,20240711,14.18,14.26,13.89,14.23,13.7,0.53,3.8686,20332.0,28738.698
301138.SZ,20240711,24.0,24.26,23.55,24.02,23.57,0.45,1.9092,26979.0,64536.817
301139.SZ,20240711,20.9,21.48,20.81,21.41,20.59,0.82,3.9825,33254.81,70689.291
301141.SZ,20240711,31.3,32.11,31.02,31.9,30.66,1.24,4.0444,53344.4,169072.925
301148.SZ,20240711,17.05,17.22,16.85,17.16,16.76,0.4,2.3866,14593.0,24929.009
301149.SZ,20240711,8.69,8.8,8.55,8.79,8.49,0.3,3.5336,37464.0,32489.495
301150.SZ,20240711,20.95,22.27,20.82,21.19,20.4,0.79,3.8725,91135.58,195429.009
301151.SZ,20240711,14.45,14.6,14.24,14.47,14.28,0.19,1.3305,30494.0,43904.35
301152.SZ,20240711,25.09,27.05,25.09,25.99,24.94,1.05,4.2101,61422.59,159965.347
301153.SZ,20240711,23.08,23.34,22.56,22.69,22.48,0.21,0.9342,75936.47,174206.099
301155.SZ,20240711,38.63,39.31,38.33,38.69,38.14,0.55,1.4421,17555.0,68077.865
301156.SZ,20240711,12.95,13.16,12.89,13.1,12.8,0.3,2.3438,29103.7,38000.52
301157.SZ,20240711,30.45,31.29,30.45,31.27,29.97,1.3,4.3377,5952.0,18453.457
301158.SZ,20240711,11.7,12.19,11.7,12.19,11.66,0.53,4.5455,14819.0,17859.659
301159.SZ,20240711,30.2,31.38,30.2,30.65,30.72,-0.07,-0.2279,52122.01,160075.875
301160.SZ,20240711,35.95,36.9,35.92,36.88,35.6,1.28,3.5955,8150.0,29791.845
301161.SZ,20240711,14.78,15.25,14.72,15.22,14.58,0.64,4.3896,16722.46,25268.372
301162.SZ,20240711,39.53,40.34,39.22,40.27,38.7,1.57,4.0568,19956.28,79510.34
301163.SZ,20240711,19.35,19.72,19.31,19.7,19.07,0.63,3.3036,13117.77,25689.298
301165.SZ,20240711,30.7,32.39,30.52,32.34,30.28,2.06,6.8032,51996.29,165225.026
301166.SZ,20240711,26.65,27.03,26.43,26.85,26.13,0.72,2.7555,6465.03,17332.658
301167.SZ,20240711,11.0,11.15,10.88,11.06,10.75,0.31,2.8837,17680.88,19550.132
301168.SZ,20240711,26.05,27.22,26.05,26.74,25.9,0.84,3.2432,29825.0,79333.91
301169.SZ,20240711,33.82,34.58,32.8,34.05,33.58,0.47,1.3996,59408.14,201422.451
301170.SZ,20240711,24.66,25.38,24.51,25.01,24.27,0.74,3.049,26373.14,65888.456
301171.SZ,20240711,14.6,14.75,14.41,14.67,14.26,0.41,2.8752,107656.64,157171.842
301172.SZ,20240711,27.7,27.7,27.11,27.47,26.88,0.59,2.1949,15312.62,42062.747
301175.SZ,20240711,4.43,4.5,4.43,4.49,4.37,0.12,2.746,76213.0,34067.272
301176.SZ,20240711,22.0,22.89,21.5,22.49,21.84,0.65,2.9762,136787.28,303486.574
301177.SZ,20240711,18.42,19.18,18.4,19.1,18.18,0.92,5.0605,13200.23,24963.713
301178.SZ,20240711,21.19,22.79,21.19,22.06,21.63,0.43,1.988,91001.46,199349.051
301179.SZ,20240711,18.2,19.19,18.06,19.1,18.18,0.92,5.0605,64270.55,120747.502
301180.SZ,20240711,14.43,14.78,14.16,14.66,14.15,0.51,3.6042,70485.5,102088.854
301181.SZ,20240711,23.34,24.39,23.1,24.01,23.1,0.91,3.9394,69559.97,166398.717
301182.SZ,20240711,22.69,25.89,22.41,24.33,21.93,2.4,10.9439,165477.63,396484.883
301183.SZ,20240711,41.45,43.46,40.72,43.08,40.83,2.25,5.5107,84609.57,356927.888
301185.SZ,20240711,14.08,14.33,13.9,14.29,13.71,0.58,4.2305,28762.9,40807.017
301186.SZ,20240711,34.68,36.26,34.0,36.0,34.42,1.58,4.5904,38283.78,135335.221
301187.SZ,20240711,25.2,26.04,24.71,25.43,24.94,0.49,1.9647,46150.35,117139.698
301188.SZ,20240711,13.22,13.5,13.02,13.44,13.09,0.35,2.6738,30973.47,41202.25
301189.SZ,20240711,21.86,22.18,21.42,22.13,21.55,0.58,2.6914,28701.83,62773.255
301190.SZ,20240711,13.69,13.86,13.3,13.38,13.03,0.35,2.6861,21933.49,29679.038
301191.SZ,20240711,67.25,67.77,66.2,67.18,65.77,1.41,2.1438,11605.74,77869.85
301192.SZ,20240711,16.89,17.06,16.79,16.98,16.84,0.14,0.8314,13509.74,22901.411
301193.SZ,20240711,15.03,15.17,14.69,14.99,14.72,0.27,1.8342,13193.8,19811.188
301195.SZ,20240711,28.84,30.63,28.58,29.92,28.35,1.57,5.5379,29658.04,87574.501
301196.SZ,20240711,28.22,28.8,27.87,28.72,27.81,0.91,3.2722,10231.99,29112.29
301197.SZ,20240711,13.0,13.28,12.85,13.24,12.75,0.49,3.8431,39772.32,52223.579
301198.SZ,20240711,7.61,8.04,7.52,7.93,7.44,0.49,6.586,114892.63,90216.252
301199.SZ,20240711,25.6,27.89,24.8,26.38,23.65,2.73,11.5433,95864.85,247385.139
301200.SZ,20240711,31.03,31.83,30.57,31.7,30.44,1.26,4.1393,8532.71,26803.601
301201.SZ,20240711,18.1,18.81,18.1,18.67,17.78,0.89,5.0056,20113.4,37357.174
301202.SZ,20240711,26.7,27.2,26.68,26.92,26.23,0.69,2.6306,22974.0,61862.527
301203.SZ,20240711,27.98,28.09,27.6,28.0,27.44,0.56,2.0408,2875.42,8037.721
301205.SZ,20240711,63.97,64.49,61.98,63.0,63.19,-0.19,-0.3007,33064.06,208177.431
301206.SZ,20240711,24.82,25.16,24.21,25.09,24.4,0.69,2.8279,7375.28,18385.087
301207.SZ,20240711,17.09,17.45,16.8,17.32,16.68,0.64,3.8369,17075.0,29376.655
301208.SZ,20240711,25.86,26.16,25.41,26.16,25.5,0.66,2.5882,35447.4,91917.599
301209.SZ,20240711,20.55,20.96,20.42,20.94,20.25,0.69,3.4074,16490.89,34206.233
301210.SZ,20240711,26.38,27.38,26.34,27.38,26.0,1.38,5.3077,12376.09,33320.064
301211.SZ,20240711,14.57,14.91,14.5,14.82,14.32,0.5,3.4916,32885.6,48306.059
301212.SZ,20240711,20.1,20.98,19.81,20.54,19.65,0.89,4.5293,12433.44,25424.501
301213.SZ,20240711,25.98,26.49,25.81,26.28,25.62,0.66,2.5761,9517.0,24943.155
301215.SZ,20240711,5.55,5.7,5.52,5.64,5.49,0.15,2.7322,272986.4,153633.012
301216.SZ,20240711,11.76,11.8,11.65,11.7,11.61,0.09,0.7752,20633.11,24181.45
301217.SZ,20240711,12.89,13.88,12.34,12.58,11.67,0.91,7.7978,630834.33,810547.031
301218.SZ,20240711,22.33,22.88,22.12,22.85,22.04,0.81,3.6751,75152.87,169710.871
301219.SZ,20240711,40.7,42.85,40.67,41.7,40.7,1.0,2.457,82757.54,343520.591
301220.SZ,20240711,24.8,25.29,24.8,25.12,24.7,0.42,1.7004,11647.0,29247.889
301221.SZ,20240711,37.88,38.69,37.51,38.15,38.06,0.09,0.2365,68394.82,260415.531
301222.SZ,20240711,24.0,24.31,23.38,24.13,23.4,0.73,3.1197,11530.14,27685.633
301223.SZ,20240711,14.62,14.83,14.59,14.83,14.52,0.31,2.135,4730.0,6972.718
301225.SZ,20240711,28.03,28.5,27.65,28.29,27.88,0.41,1.4706,21511.66,60528.766
301226.SZ,20240711,18.14,20.89,18.14,18.65,18.08,0.57,3.1527,113480.41,215717.115
301227.SZ,20240711,17.88,17.88,17.49,17.75,17.28,0.47,2.7199,5575.94,9860.473
301228.SZ,20240711,12.47,14.62,12.3,13.1,13.51,-0.41,-3.0348,235131.11,306292.971
301229.SZ,20240711,23.99,24.28,23.58,24.06,23.35,0.71,3.0407,16484.6,39546.056
301230.SZ,20240711,21.82,22.6,21.7,22.33,21.47,0.86,4.0056,36895.99,82120.568
301231.SZ,20240711,17.98,18.11,17.41,17.96,17.64,0.32,1.8141,74639.81,132970.853
301232.SZ,20240711,23.16,23.57,23.0,23.55,22.83,0.72,3.1537,10972.2,25637.657
301233.SZ,20240711,36.28,36.78,36.24,36.76,35.95,0.81,2.2531,8425.64,30843.557
301234.SZ,20240711,21.36,21.78,21.2,21.74,20.96,0.78,3.7214,7714.76,16630.89
301235.SZ,20240711,17.5,17.76,17.33,17.68,17.17,0.51,2.9703,6473.0,11385.354
301236.SZ,20240711,34.25,34.72,33.86,33.94,33.49,0.45,1.3437,285158.25,975291.077
301237.SZ,20240711,24.19,24.6,23.51,24.58,23.93,0.65,2.7163,22163.54,53575.416
301238.SZ,20240711,14.46,14.86,14.42,14.73,14.03,0.7,4.9893,80435.0,118118.805
301239.SZ,20240711,34.28,36.6,34.18,35.55,33.54,2.01,5.9928,38018.23,135690.117
301246.SZ,20240711,13.1,13.51,13.05,13.4,12.84,0.56,4.3614,35580.62,47384.188
301248.SZ,20240711,15.55,15.83,15.3,15.73,15.61,0.12,0.7687,121299.5,188947.057
301251.SZ,20240711,33.6,34.97,33.0,34.73,33.33,1.4,4.2004,93065.86,317760.294
301252.SZ,20240711,27.91,28.5,27.72,28.2,27.54,0.66,2.3965,25057.15,70485.748
301255.SZ,20240711,29.53,29.75,29.1,29.6,28.85,0.75,2.5997,11837.0,34928.944
301256.SZ,20240711,5.99,6.14,5.99,6.13,5.88,0.25,4.2517,20259.0,12320.494
301257.SZ,20240711,26.6,27.91,26.6,27.5,26.31,1.19,4.523,15673.4,42980.334
301258.SZ,20240711,24.63,25.11,24.25,24.92,24.1,0.82,3.4025,19411.0,48054.707
301259.SZ,20240711,20.33,20.88,20.33,20.67,20.32,0.35,1.7224,7228.7,14936.278
301260.SZ,20240711,15.25,15.28,14.81,15.04,15.03,0.01,0.0665,113332.41,170408.314
301261.SZ,20240711,41.88,42.23,40.04,41.15,41.52,-0.37,-0.8911,44914.76,183627.39
301262.SZ,20240711,21.82,22.25,21.73,22.11,21.48,0.63,2.933,14939.0,32884.803
301263.SZ,20240711,12.39,12.59,12.32,12.43,12.29,0.14,1.1391,24659.23,30620.664
301265.SZ,20240711,7.59,7.75,7.55,7.75,7.44,0.31,4.1667,14484.78,11098.401
301266.SZ,20240711,31.5,33.33,31.33,32.26,33.13,-0.87,-2.626,100773.19,323603.779
301267.SZ,20240711,19.96,20.87,19.84,20.6,19.65,0.95,4.8346,50265.62,103104.175
301268.SZ,20240711,14.57,15.38,14.57,15.26,14.39,0.87,6.0459,20523.0,30982.263
301269.SZ,20240711,72.15,73.84,71.02,73.22,70.77,2.45,3.4619,21445.33,155488.665
301270.SZ,20240711,22.99,23.49,22.99,23.29,22.76,0.53,2.3286,12901.0,30072.172
301272.SZ,20240711,36.0,36.45,35.69,36.21,35.25,0.96,2.7234,3445.92,12464.064
301273.SZ,20240711,15.35,15.52,15.07,15.49,14.83,0.66,4.4504,8355.0,12813.024
301276.SZ,20240711,20.78,21.27,20.58,21.27,20.52,0.75,3.655,3244.03,6811.895
301277.SZ,20240711,12.84,13.17,12.72,13.04,12.56,0.48,3.8217,39725.69,51548.995
301278.SZ,20240711,31.88,32.98,31.5,32.66,31.43,1.23,3.9135,16262.2,52725.771
301279.SZ,20240711,18.22,18.62,18.08,18.55,18.02,0.53,2.9412,52102.85,95972.613
301280.SZ,20240711,37.98,38.49,37.31,38.29,37.35,0.94,2.5167,11481.5,43662.927
301281.SZ,20240711,21.98,22.28,21.7,22.28,21.57,0.71,3.2916,14179.59,31280.347
301282.SZ,20240711,20.78,21.25,20.35,20.93,20.42,0.51,2.4976,128425.5,267234.471
301283.SZ,20240711,27.23,27.93,26.96,27.9,26.8,1.1,4.1045,6161.72,16983.658
301285.SZ,20240711,24.5,24.61,23.79,24.22,23.99,0.23,0.9587,31160.3,75397.397
301286.SZ,20240711,27.0,27.41,26.6,27.15,26.85,0.3,1.1173,2532.84,6877.425
301287.SZ,20240711,25.85,26.18,25.65,26.16,25.45,0.71,2.7898,5485.03,14258.13
301288.SZ,20240711,10.8,11.13,10.73,11.09,10.54,0.55,5.2182,12747.0,13969.958
301289.SZ,20240711,41.0,41.0,40.1,40.82,40.27,0.55,1.3658,14072.0,57223.202
301290.SZ,20240711,20.0,20.45,20.0,20.43,19.78,0.65,3.2861,8028.0,16266.474
301291.SZ,20240711,32.31,33.8,31.78,33.14,32.31,0.83,2.5689,84994.0,277666.811
301292.SZ,20240711,12.2,12.56,12.2,12.53,12.03,0.5,4.1563,19139.4,23704.552
301293.SZ,20240711,35.57,36.18,35.2,36.12,34.77,1.35,3.8827,44520.0,159468.587
301295.SZ,20240711,19.24,19.7,19.07,19.7,18.97,0.73,3.8482,33844.21,65718.711
301296.SZ,20240711,7.21,7.31,7.15,7.28,7.13,0.15,2.1038,39898.42,28911.244
301297.SZ,20240711,20.83,20.91,20.38,20.68,20.24,0.44,2.1739,79085.0,163075.057
301298.SZ,20240711,12.68,13.15,12.68,13.07,12.5,0.57,4.56,22191.0,28809.771
301299.SZ,20240711,41.69,42.1,41.0,41.93,40.71,1.22,2.9968,10618.71,44353.193
301300.SZ,20240711,28.61,35.5,28.51,32.84,32.75,0.09,0.2748,104446.3,323460.123
301301.SZ,20240711,12.9,12.98,12.6,12.83,12.73,0.1,0.7855,296502.4,378912.727
301302.SZ,20240711,15.92,16.5,15.89,16.37,15.58,0.79,5.0706,28343.32,45989.748
301303.SZ,20240711,11.08,11.48,11.08,11.4,10.99,0.41,3.7307,18681.94,21177.738
301305.SZ,20240711,14.91,15.19,14.9,15.19,14.7,0.49,3.3333,8245.0,12430.952
301306.SZ,20240711,34.45,34.53,33.68,34.31,33.55,0.76,2.2653,38124.0,130070.837
301307.SZ,20240711,19.35,19.81,19.12,19.58,19.08,0.5,2.6205,31250.14,61250.332
301308.SZ,20240711,99.5,100.86,96.4,98.29,98.6,-0.31,-0.3144,95812.41,946434.246
301309.SZ,20240711,24.45,24.9,23.97,24.8,24.01,0.79,3.2903,3583.28,8838.634
301310.SZ,20240711,21.95,22.34,21.87,22.27,21.54,0.73,3.389,11512.59,25528.151
301311.SZ,20240711,17.41,17.73,17.36,17.56,17.12,0.44,2.5701,21779.15,38288.142
301312.SZ,20240711,39.5,40.69,38.74,39.8,38.7,1.1,2.8424,61095.56,242676.241
301313.SZ,20240711,19.8,20.42,19.52,20.29,19.6,0.69,3.5204,39241.71,78637.474
301314.SZ,20240711,35.0,36.12,34.25,35.92,34.21,1.71,4.9985,25512.4,89608.73
301315.SZ,20240711,29.9,30.38,29.48,30.35,29.3,1.05,3.5836,28703.95,86345.948
301316.SZ,20240711,14.6,14.84,14.47,14.81,14.35,0.46,3.2056,44488.59,65469.215
301317.SZ,20240711,15.18,15.55,15.15,15.35,15.08,0.27,1.7905,4481.83,6857.013
301318.SZ,20240711,26.96,27.37,26.51,27.32,26.42,0.9,3.4065,19686.53,53171.594
301319.SZ,20240711,27.62,28.19,27.38,28.07,27.05,1.02,3.7708,9112.8,25456.908
301320.SZ,20240711,13.97,14.51,13.86,14.48,13.72,0.76,5.5394,45515.75,65016.867
301321.SZ,20240711,10.85,11.1,10.77,11.02,10.67,0.35,3.2802,28042.0,30776.547
301322.SZ,20240711,18.52,18.96,18.5,18.85,18.22,0.63,3.4577,9688.6,18169.653
301323.SZ,20240711,31.61,31.86,30.99,31.69,31.09,0.6,1.9299,11012.03,34692.593
301325.SZ,20240711,37.9,38.39,37.55,38.14,37.1,1.04,2.8032,27239.28,103448.054
301326.SZ,20240711,36.57,38.7,35.68,37.7,38.2,-0.5,-1.3089,92498.59,343861.037
301327.SZ,20240711,58.9,60.0,58.24,59.64,58.2,1.44,2.4742,6544.2,38884.875
301328.SZ,20240711,37.66,42.3,37.32,39.84,37.5,2.34,6.24,40053.02,158451.855
301329.SZ,20240711,19.2,19.38,18.75,19.3,18.81,0.49,2.605,53924.0,103301.597
301330.SZ,20240711,21.86,22.3,21.81,22.17,21.48,0.69,3.2123,13302.92,29404.922
301331.SZ,20240711,22.3,22.53,22.0,22.5,22.0,0.5,2.2727,4357.36,9740.588
301332.SZ,20240711,8.65,8.84,8.58,8.82,8.44,0.38,4.5024,36444.22,31827.06
301333.SZ,20240711,36.0,37.72,36.0,37.23,35.6,1.63,4.5787,26572.94,98296.233
301335.SZ,20240711,15.65,15.99,15.5,15.88,15.41,0.47,3.05,8269.14,13094.953
301336.SZ,20240711,28.87,29.59,28.62,29.43,28.2,1.23,4.3617,3362.0,9815.248
301337.SZ,20240711,25.95,26.88,25.6,26.81,25.51,1.3,5.096,49736.0,131091.785
301338.SZ,20240711,30.99,31.3,30.15,31.05,30.53,0.52,1.7032,31748.6,97985.314
301339.SZ,20240711,19.77,20.15,19.38,19.62,19.29,0.33,1.7107,124193.0,244712.803
301345.SZ,20240711,51.03,51.95,50.61,51.45,50.54,0.91,1.8006,8953.47,46030.762
301348.SZ,20240711,33.6,33.9,32.63,33.2,32.98,0.22,0.6671,93277.41,310583.849
301349.SZ,20240711,28.0,28.55,27.83,28.25,27.56,0.69,2.5036,5933.32,16745.481
301353.SZ,20240711,24.4,25.54,24.4,25.5,24.21,1.29,5.3284,11295.0,28286.058
301355.SZ,20240711,9.81,10.05,9.78,9.95,9.82,0.13,1.3238,46555.09,46094.185
301356.SZ,20240711,11.77,12.23,11.77,12.19,11.59,0.6,5.1769,7756.8,9367.78
301357.SZ,20240711,28.61,28.79,27.7,28.41,28.16,0.25,0.8878,37004.8,104953.451
301358.SZ,20240711,28.2,29.81,27.8,29.03,27.73,1.3,4.6881,83973.45,243538.239
301359.SZ,20240711,21.8,22.22,21.5,21.78,21.42,0.36,1.6807,24915.16,54242.568
301360.SZ,20240711,44.33,45.04,43.1,44.91,43.48,1.43,3.2889,29241.96,129381.469
301361.SZ,20240711,26.93,27.08,25.9,26.95,26.5,0.45,1.6981,66551.17,177898.028
301362.SZ,20240711,32.7,33.43,32.7,33.35,32.34,1.01,3.1231,5723.32,19025.258
301363.SZ,20240711,28.44,28.9,27.77,28.63,28.02,0.61,2.177,13038.42,37147.467
301365.SZ,20240711,10.12,10.32,10.07,10.28,9.99,0.29,2.9029,15011.0,15362.184
301366.SZ,20240711,30.35,30.78,29.77,30.49,29.69,0.8,2.6945,39323.82,119318.779
301367.SZ,20240711,59.38,60.47,58.89,59.52,58.42,1.1,1.8829,6798.89,40537.368
301368.SZ,20240711,42.3,42.98,42.03,42.76,41.52,1.24,2.9865,48020.53,204383.844
301369.SZ,20240711,42.25,42.58,41.3,42.05,41.51,0.54,1.3009,16850.63,70684.269
301370.SZ,20240711,10.55,10.97,10.5,10.9,10.43,0.47,4.5062,49513.74,53498.615
301371.SZ,20240711,29.51,29.99,29.34,29.82,28.9,0.92,3.1834,7911.0,23519.655
301372.SZ,20240711,24.27,24.58,24.01,24.46,23.77,0.69,2.9028,9696.58,23597.77
301373.SZ,20240711,22.8,23.4,22.8,23.34,22.53,0.81,3.5952,5483.97,12717.918
301376.SZ,20240711,19.79,20.28,19.7,20.21,19.54,0.67,3.4289,15532.0,31120.251
301377.SZ,20240711,19.02,19.95,18.58,19.42,18.84,0.58,3.0786,145105.43,280716.934
301378.SZ,20240711,23.39,25.55,22.65,24.45,23.39,1.06,4.5319,64101.69,152700.216
301379.SZ,20240711,17.72,18.08,17.5,18.08,17.44,0.64,3.6697,40628.0,72547.146
301380.SZ,20240711,32.26,32.51,31.8,32.44,31.71,0.73,2.3021,9419.0,30412.143
301381.SZ,20240711,21.68,22.65,21.68,22.63,21.47,1.16,5.4029,21576.39,48257.886
301382.SZ,20240711,17.45,18.1,17.45,17.81,16.96,0.85,5.0118,48426.6,86009.942
301383.SZ,20240711,26.8,28.25,26.41,27.83,26.51,1.32,4.9793,72819.24,198525.298
301386.SZ,20240711,20.41,20.49,20.11,20.41,19.89,0.52,2.6144,13685.5,27770.581
301387.SZ,20240711,32.58,32.84,31.9,32.49,31.93,0.56,1.7538,27602.14,89281.584
301388.SZ,20240711,22.94,23.47,22.7,23.38,23.28,0.1,0.4296,93344.43,215897.955
301389.SZ,20240711,15.81,16.54,15.63,16.46,15.55,0.91,5.8521,207154.59,336561.719
301390.SZ,20240711,30.61,31.08,30.6,30.89,30.3,0.59,1.9472,13967.0,43101.488
301391.SZ,20240711,40.06,41.37,40.06,41.34,39.9,1.44,3.609,12247.46,50126.744
301392.SZ,20240711,53.5,62.34,53.1,59.65,51.95,7.7,14.8219,123722.16,732004.553
301393.SZ,20240711,40.25,41.1,40.25,41.0,40.02,0.98,2.4488,12568.0,51318.261
301395.SZ,20240711,9.69,10.0,9.65,9.97,9.51,0.46,4.837,25062.84,24732.029
301396.SZ,20240711,20.5,20.87,20.2,20.73,20.27,0.46,2.2694,49467.39,101888.53
301397.SZ,20240711,29.57,29.6,29.14,29.58,29.0,0.58,2.0,11354.7,33391.896
301398.SZ,20240711,40.13,40.73,39.83,40.01,39.5,0.51,1.2911,22985.86,92363.989
301399.SZ,20240711,19.79,19.9,19.47,19.73,19.42,0.31,1.5963,18309.32,36070.528
301408.SZ,20240711,10.27,10.43,10.16,10.31,10.12,0.19,1.8775,34887.42,35958.63
301413.SZ,20240711,38.91,40.36,38.89,40.19,38.59,1.6,4.1462,18706.89,74356.899
301418.SZ,20240711,36.34,37.3,36.34,37.09,36.1,0.99,2.7424,9812.0,36296.639
301419.SZ,20240711,24.4,24.48,23.92,24.3,23.73,0.57,2.402,9766.0,23729.08
301421.SZ,20240711,42.0,42.28,41.19,41.83,41.1,0.73,1.7762,32853.37,137333.665
301428.SZ,20240711,27.8,30.95,26.8,29.26,26.79,2.47,9.2199,88532.95,256970.709
301429.SZ,20240711,14.75,14.75,14.4,14.68,14.32,0.36,2.514,10559.16,15471.601
301439.SZ,20240711,12.2,12.35,12.1,12.34,12.03,0.31,2.5769,18195.19,22363.343
301446.SZ,20240711,18.19,18.76,18.03,18.7,17.86,0.84,4.7032,23636.19,43690.424
301448.SZ,20240711,21.1,21.4,20.82,21.12,20.89,0.23,1.101,29382.07,62157.567
301456.SZ,20240711,23.53,24.5,23.31,24.18,23.09,1.09,4.7207,46693.07,111359.772
301459.SZ,20240711,36.82,37.88,36.67,37.78,36.26,1.52,4.1919,8987.6,33614.625
301468.SZ,20240711,21.85,22.19,21.85,22.16,21.54,0.62,2.8784,4993.45,11018.505
301469.SZ,20240711,24.27,24.95,24.27,24.74,24.53,0.21,0.8561,19292.02,47563.518
301486.SZ,20240711,42.32,42.5,41.32,42.14,41.76,0.38,0.91,27575.33,115835.858
301487.SZ,20240711,24.7,25.49,24.52,25.46,24.41,1.05,4.3015,33152.44,83668.446
301488.SZ,20240711,52.2,54.49,51.61,52.99,52.0,0.99,1.9038,28741.27,152728.287
301489.SZ,20240711,68.38,69.36,67.45,68.81,67.45,1.36,2.0163,16277.7,111438.216
301498.SZ,20240711,51.49,52.59,50.89,52.08,50.99,1.09,2.1377,10776.99,56025.761
301499.SZ,20240711,23.35,24.71,22.91,24.56,22.9,1.66,7.2489,64211.99,154105.324
301500.SZ,20240711,17.47,18.59,17.37,18.26,17.19,1.07,6.2245,50633.87,91270.493
301502.SZ,20240711,36.48,37.36,36.18,36.68,35.95,0.73,2.0306,14244.49,52390.681
301503.SZ,20240711,32.3,32.59,31.5,31.77,32.03,-0.26,-0.8117,34709.21,110780.621
301505.SZ,20240711,27.05,27.32,26.66,27.14,26.6,0.54,2.0301,16572.0,44928.321
301507.SZ,20240711,12.08,13.13,12.08,12.98,11.91,1.07,8.984,111558.1,141518.858
301508.SZ,20240711,36.68,37.51,36.4,36.88,36.39,0.49,1.3465,77498.81,286336.534
301509.SZ,20240711,32.45,32.66,31.6,32.11,31.3,0.81,2.5879,24572.15,78960.376
301510.SZ,20240711,26.44,26.94,26.26,26.69,25.88,0.81,3.1298,18687.82,49708.738
301511.SZ,20240711,15.6,16.25,15.6,15.92,15.62,0.3,1.9206,133268.52,212962.674
301512.SZ,20240711,45.27,47.47,44.66,46.28,44.42,1.86,4.1873,25491.37,117564.957
301515.SZ,20240711,18.96,19.54,18.92,19.48,18.64,0.84,4.5064,13897.04,26810.508
301516.SZ,20240711,16.91,17.36,16.9,17.23,16.66,0.57,3.4214,58654.38,100811.037
301517.SZ,20240711,49.48,49.9,48.57,49.81,48.36,1.45,2.9983,27258.79,134442.824
301518.SZ,20240711,16.64,17.01,16.64,16.96,16.4,0.56,3.4146,11807.62,19931.028
301519.SZ,20240711,14.51,14.97,14.38,14.76,14.45,0.31,2.1453,50980.31,74987.072
301520.SZ,20240711,39.7,40.75,39.55,40.38,39.2,1.18,3.0102,10584.86,42689.664
301525.SZ,20240711,54.45,55.2,53.5,54.68,52.96,1.72,3.2477,6485.52,35364.754
301526.SZ,20240711,3.3,3.39,3.29,3.36,3.23,0.13,4.0248,267983.13,89644.282
301528.SZ,20240711,40.88,40.9,40.2,40.57,39.79,0.78,1.9603,4957.7,20147.947
301529.SZ,20240711,31.99,33.36,31.99,32.3,31.93,0.37,1.1588,21110.06,68720.552
301533.SZ,20240711,26.34,26.91,26.0,26.61,25.96,0.65,2.5039,20258.87,53614.469
301536.SZ,20240711,35.6,36.62,34.9,35.68,34.75,0.93,2.6763,52610.28,188129.265
301538.SZ,20240711,95.01,98.39,94.53,95.36,93.31,2.05,2.197,16710.68,160832.198
301539.SZ,20240711,22.66,23.5,22.28,23.07,21.89,1.18,5.3906,46233.42,105341.535
301548.SZ,20240711,51.59,51.69,48.88,50.1,51.0,-0.9,-1.7647,21236.77,106331.727
301550.SZ,20240711,44.46,46.31,44.2,44.83,43.86,0.97,2.2116,48431.87,218161.811
301555.SZ,20240711,26.89,27.02,26.44,26.85,26.08,0.77,2.9525,9056.85,24279.373
301558.SZ,20240711,8.12,8.49,8.12,8.39,7.95,0.44,5.5346,70813.63,59092.48
301559.SZ,20240711,15.17,15.76,15.13,15.41,15.55,-0.14,-0.9003,70059.99,107581.759
301565.SZ,20240711,22.45,24.16,22.27,23.26,21.89,1.37,6.2586,187312.07,435912.785
301566.SZ,20240711,17.5,19.38,16.88,17.92,17.14,0.78,4.5508,180028.18,322813.353
301567.SZ,20240711,44.68,45.62,43.27,45.58,43.53,2.05,4.7094,51872.13,230816.866
301568.SZ,20240711,29.3,30.21,29.02,29.69,28.7,0.99,3.4495,17238.2,51164.701
301577.SZ,20240711,67.0,67.6,64.08,67.05,65.6,1.45,2.2104,32118.84,212168.591
301578.SZ,20240711,36.43,36.98,35.75,36.86,35.58,1.28,3.5975,18059.3,65734.711
301580.SZ,20240711,63.54,66.5,63.32,64.07,62.51,1.56,2.4956,46072.84,297920.95
301587.SZ,20240711,25.94,26.32,25.2,25.74,24.82,0.92,3.7067,37841.85,97630.904
301588.SZ,20240711,20.8,21.45,20.7,21.39,20.41,0.98,4.8016,20403.11,43089.506
301589.SZ,20240711,194.5,195.0,186.18,191.29,192.0,-0.71,-0.3698,7658.17,145439.444
301591.SZ,20240711,37.5,38.3,37.3,38.01,36.83,1.18,3.2039,20558.1,77974.527
301596.SZ,20240711,75.0,78.68,74.66,77.77,73.5,4.27,5.8095,31093.0,240231.904
301603.SZ,20240711,57.0,64.8,51.9,52.0,54.0,-2.0,-3.7037,163092.41,948673.257
302132.SZ,20240711,48.56,49.77,47.2,48.44,48.06,0.38,0.7907,144411.21,698230.567
