ts_code,trade_date,open,high,low,close,pre_close,change,pct_chg,vol,amount
300001.SZ,20240130,18.25,18.33,17.34,17.38,17.8,-0.42,-2.3596,166726.9,297541.15
300002.SZ,20240130,9.93,10.11,9.41,9.51,10.19,-0.68,-6.6732,1075425.22,1044303.188
300003.SZ,20240130,13.8,14.04,13.57,13.59,13.82,-0.23,-1.6643,134782.6,186209.54
300004.SZ,20240130,5.34,5.36,5.16,5.17,5.34,-0.17,-3.1835,52880.0,27728.737
300005.SZ,20240130,5.3,5.39,5.19,5.21,5.33,-0.12,-2.2514,89155.88,47208.523
300006.SZ,20240130,3.25,3.27,3.15,3.17,3.28,-0.11,-3.3537,102077.87,32849.606
300007.SZ,20240130,15.22,15.98,15.05,15.08,14.98,0.1,0.6676,171366.6,264804.224
300008.SZ,20240130,3.73,3.78,3.67,3.69,3.76,-0.07,-1.8617,197172.46,73552.714
300009.SZ,20240130,8.72,8.81,8.5,8.54,8.8,-0.26,-2.9545,85717.68,74188.534
300010.SZ,20240130,2.21,2.21,2.1,2.17,2.22,-0.05,-2.2523,100660.0,21649.828
300011.SZ,20240130,6.54,6.66,6.32,6.33,6.54,-0.21,-3.211,76776.56,49800.793
300012.SZ,20240130,12.03,12.25,11.69,11.72,12.08,-0.36,-2.9801,159246.71,190063.826
300013.SZ,20240130,3.49,3.53,3.29,3.31,3.49,-0.18,-5.1576,97145.0,32781.21
300014.SZ,20240130,35.64,36.6,34.75,34.8,36.03,-1.23,-3.4138,197142.77,700902.325
300015.SZ,20240130,13.39,13.45,13.13,13.2,13.48,-0.28,-2.0772,537527.93,713892.147
300016.SZ,20240130,6.1,6.12,5.85,5.87,6.09,-0.22,-3.6125,52700.0,31443.496
300017.SZ,20240130,7.4,7.8,7.35,7.58,7.25,0.33,4.5517,953167.09,727216.617
300018.SZ,20240130,5.21,5.27,5.07,5.09,5.23,-0.14,-2.6769,86676.63,44775.803
300019.SZ,20240130,14.18,14.28,13.72,13.78,14.19,-0.41,-2.8894,25269.16,35391.059
300020.SZ,20240130,6.35,6.43,6.18,6.21,6.39,-0.18,-2.8169,182171.2,114957.691
300021.SZ,20240130,4.29,4.36,4.2,4.21,4.33,-0.12,-2.7714,75304.53,32265.417
300022.SZ,20240130,4.48,4.63,4.43,4.45,4.54,-0.09,-1.9824,79010.0,35683.946
300024.SZ,20240130,9.98,10.19,9.73,9.77,10.02,-0.25,-2.495,150904.12,150401.148
300025.SZ,20240130,7.9,8.08,7.77,7.78,7.99,-0.21,-2.6283,42745.0,33782.847
300026.SZ,20240130,3.8,3.83,3.72,3.73,3.83,-0.1,-2.611,206525.41,78176.034
300027.SZ,20240130,2.24,2.24,2.16,2.17,2.25,-0.08,-3.5556,297849.72,65523.759
300029.SZ,20240130,5.52,5.85,5.51,5.54,5.56,-0.02,-0.3597,23409.1,13182.461
300030.SZ,20240130,7.07,7.2,6.39,6.4,6.65,-0.25,-3.7594,98832.0,64906.047
300031.SZ,20240130,15.01,15.27,14.51,14.56,15.38,-0.82,-5.3316,208104.31,308761.355
300032.SZ,20240130,4.58,4.66,4.42,4.46,4.62,-0.16,-3.4632,99981.0,45382.602
300033.SZ,20240130,121.39,125.2,120.78,120.97,122.34,-1.37,-1.1198,51029.21,625396.588
300034.SZ,20240130,15.68,16.12,15.31,15.38,15.97,-0.59,-3.6944,74390.63,116697.341
300035.SZ,20240130,8.29,8.37,7.94,8.12,8.38,-0.26,-3.1026,120266.37,97937.056
300036.SZ,20240130,15.83,16.08,15.37,15.42,15.83,-0.41,-2.59,69224.56,108953.046
300037.SZ,20240130,39.8,40.16,38.8,38.8,40.02,-1.22,-3.0485,26482.4,104651.806
300039.SZ,20240130,5.9,5.94,5.68,5.69,5.96,-0.27,-4.5302,165376.54,95820.171
300040.SZ,20240130,4.82,4.91,4.7,4.73,4.86,-0.13,-2.6749,52630.07,25305.1
300041.SZ,20240130,8.62,8.63,8.31,8.31,8.62,-0.31,-3.5963,61655.6,52260.634
300042.SZ,20240130,28.54,29.3,27.9,27.92,28.93,-1.01,-3.4912,31518.59,89744.411
300043.SZ,20240130,3.2,3.2,3.05,3.07,3.21,-0.14,-4.3614,280357.0,87652.169
300044.SZ,20240130,4.79,4.91,4.65,4.69,4.89,-0.2,-4.09,235318.11,112018.042
300045.SZ,20240130,18.2,18.2,16.0,16.64,18.37,-1.73,-9.4175,474509.14,803673.745
300046.SZ,20240130,12.78,13.04,12.3,12.36,12.92,-0.56,-4.3344,35476.9,44707.368
300047.SZ,20240130,7.09,7.14,6.83,6.83,7.08,-0.25,-3.5311,133241.2,92847.167
300048.SZ,20240130,4.29,4.35,4.2,4.2,4.34,-0.14,-3.2258,72279.13,30888.436
300049.SZ,20240130,35.69,36.38,34.65,35.65,35.4,0.25,0.7062,41757.45,148976.276
300050.SZ,20240130,3.96,3.99,3.81,3.81,3.96,-0.15,-3.7879,93975.0,36503.567
300051.SZ,20240130,9.59,9.68,9.35,9.35,9.61,-0.26,-2.7055,20336.0,19336.852
300052.SZ,20240130,16.08,17.04,15.64,15.87,16.48,-0.61,-3.7015,233372.79,379814.407
300053.SZ,20240130,10.18,10.3,9.73,9.78,10.23,-0.45,-4.3988,132381.4,132963.582
300054.SZ,20240130,18.85,18.85,17.69,17.76,18.92,-1.16,-6.1311,111890.17,203513.705
300055.SZ,20240130,5.49,5.61,5.33,5.37,5.54,-0.17,-3.0686,43876.89,23939.698
300056.SZ,20240130,8.05,8.06,7.69,7.7,8.05,-0.35,-4.3478,43426.1,34149.599
300057.SZ,20240130,5.14,5.19,4.96,4.96,5.16,-0.2,-3.876,68969.57,35002.227
300058.SZ,20240130,6.38,6.56,6.32,6.33,6.47,-0.14,-2.1638,383979.96,247130.3
300059.SZ,20240130,12.72,12.9,12.54,12.56,12.82,-0.26,-2.0281,1592304.28,2027490.823
300061.SZ,20240130,4.93,4.97,4.61,4.61,5.08,-0.47,-9.252,307367.99,146416.953
300062.SZ,20240130,5.21,5.29,5.04,5.06,5.22,-0.16,-3.0651,59186.6,30541.197
300063.SZ,20240130,5.05,5.07,4.83,4.84,5.07,-0.23,-4.5365,311280.0,153600.989
300065.SZ,20240130,7.86,7.99,7.65,7.67,7.91,-0.24,-3.0341,105511.88,82728.072
300066.SZ,20240130,4.05,4.08,3.91,3.91,4.05,-0.14,-3.4568,87391.0,34951.633
300067.SZ,20240130,2.78,2.8,2.68,2.69,2.81,-0.12,-4.2705,106665.4,29206.71
300068.SZ,20240130,11.86,12.23,11.57,11.6,12.03,-0.43,-3.5744,163372.7,194989.085
300069.SZ,20240130,13.76,13.94,13.15,13.16,13.95,-0.79,-5.6631,16061.38,21723.317
300070.SZ,20240130,4.88,4.93,4.81,4.81,4.88,-0.07,-1.4344,232207.66,113282.232
300071.SZ,20240130,2.95,2.98,2.84,2.84,2.98,-0.14,-4.698,127450.0,36963.102
300072.SZ,20240130,3.05,3.09,2.99,2.99,3.07,-0.08,-2.6059,127802.9,38912.212
300073.SZ,20240130,33.33,33.83,32.17,32.2,33.47,-1.27,-3.7944,62953.18,208163.873
300074.SZ,20240130,3.96,4.01,3.87,3.88,4.01,-0.13,-3.2419,160081.83,63046.317
300075.SZ,20240130,14.07,14.29,13.65,13.67,14.1,-0.43,-3.0496,100689.8,140428.212
300076.SZ,20240130,4.57,4.58,4.29,4.3,4.61,-0.31,-6.7245,280593.0,123464.886
300077.SZ,20240130,8.81,8.96,8.52,8.54,8.9,-0.36,-4.0449,63106.47,55155.599
300078.SZ,20240130,3.26,3.47,3.23,3.27,3.48,-0.21,-6.0345,183225.93,61025.061
300079.SZ,20240130,4.55,4.62,4.45,4.46,4.57,-0.11,-2.407,142357.3,64694.583
300080.SZ,20240130,4.24,4.31,4.14,4.15,4.3,-0.15,-3.4884,59620.0,25178.003
300081.SZ,20240130,8.09,8.25,7.78,7.8,8.13,-0.33,-4.059,367881.26,293471.931
300082.SZ,20240130,5.81,5.82,5.54,5.59,5.81,-0.22,-3.7866,42071.5,23968.917
300083.SZ,20240130,4.69,4.79,4.57,4.57,4.71,-0.14,-2.9724,151502.0,70767.084
300084.SZ,20240130,6.5,6.53,6.24,6.26,6.45,-0.19,-2.9457,54261.0,34616.492
300085.SZ,20240130,11.57,11.72,10.9,10.92,11.67,-0.75,-6.4267,181802.03,203454.836
300086.SZ,20240130,5.01,5.08,4.88,4.88,5.17,-0.29,-5.6093,173565.0,86386.876
300087.SZ,20240130,7.46,7.79,7.38,7.59,7.46,0.13,1.7426,194972.77,149392.987
300088.SZ,20240130,5.15,5.23,5.0,5.01,5.19,-0.18,-3.4682,290557.0,148706.176
300091.SZ,20240130,2.26,2.3,2.19,2.21,2.27,-0.06,-2.6432,144305.9,32506.582
300092.SZ,20240130,10.37,10.55,10.13,10.14,10.43,-0.29,-2.7804,20840.0,21543.655
300093.SZ,20240130,18.58,19.19,17.99,18.01,19.0,-0.99,-5.2105,235826.06,435041.87
300094.SZ,20240130,4.1,4.14,3.99,4.0,4.15,-0.15,-3.6145,339101.77,137893.805
300095.SZ,20240130,6.9,6.94,6.66,6.67,6.92,-0.25,-3.6127,30674.06,20810.188
300096.SZ,20240130,4.8,4.81,4.23,4.31,4.93,-0.62,-12.5761,490440.3,219276.787
300097.SZ,20240130,7.47,7.58,7.22,7.22,7.49,-0.27,-3.6048,62855.0,46371.048
300098.SZ,20240130,3.35,3.41,3.28,3.28,3.38,-0.1,-2.9586,195076.79,65063.054
300099.SZ,20240130,5.3,5.39,5.18,5.19,5.42,-0.23,-4.2435,55799.0,29489.826
300100.SZ,20240130,8.05,8.18,7.83,7.84,8.08,-0.24,-2.9703,53024.04,42390.514
300101.SZ,20240130,15.31,15.68,14.94,14.99,15.33,-0.34,-2.2179,96907.35,148403.405
300102.SZ,20240130,6.17,6.26,6.01,6.02,6.26,-0.24,-3.8339,147625.0,90356.017
300103.SZ,20240130,5.58,5.6,5.26,5.29,5.6,-0.31,-5.5357,52381.0,28205.637
300105.SZ,20240130,5.79,5.97,5.68,5.7,5.84,-0.14,-2.3973,80964.0,46955.093
300106.SZ,20240130,8.39,8.4,8.04,8.05,8.38,-0.33,-3.9379,59739.0,48914.94
300107.SZ,20240130,4.54,4.59,4.41,4.45,4.57,-0.12,-2.6258,48182.0,21631.478
300108.SZ,20240130,3.02,3.06,2.91,2.95,3.0,-0.05,-1.6667,107774.0,32130.806
300109.SZ,20240130,15.9,16.06,15.27,15.3,16.1,-0.8,-4.9689,40644.0,63665.771
300110.SZ,20240130,3.77,3.78,3.65,3.66,3.77,-0.11,-2.9178,111604.0,41431.489
300111.SZ,20240130,2.73,2.73,2.61,2.62,2.74,-0.12,-4.3796,111011.0,29631.348
300112.SZ,20240130,8.45,8.67,8.2,8.23,8.62,-0.39,-4.5244,85266.71,71767.108
300113.SZ,20240130,11.7,12.04,11.47,11.55,12.1,-0.55,-4.5455,101073.63,119025.51
300115.SZ,20240130,9.2,9.32,8.87,8.89,9.21,-0.32,-3.4745,169683.85,154173.427
300117.SZ,20240130,1.84,1.87,1.66,1.66,2.07,-0.41,-19.8068,1112690.6,190589.9
300118.SZ,20240130,14.96,15.39,14.48,14.56,15.02,-0.46,-3.0626,252359.13,377717.865
300119.SZ,20240130,14.29,14.46,13.95,13.96,14.32,-0.36,-2.514,16263.32,23141.573
300120.SZ,20240130,6.03,6.06,5.79,5.8,6.02,-0.22,-3.6545,58752.0,34801.491
300121.SZ,20240130,7.7,7.81,7.54,7.55,7.77,-0.22,-2.8314,22413.03,17202.874
300122.SZ,20240130,47.01,47.3,46.0,46.08,47.34,-1.26,-2.6616,136716.76,635307.493
300123.SZ,20240130,5.92,6.0,5.75,5.77,5.94,-0.17,-2.862,141616.0,83369.182
300124.SZ,20240130,55.11,55.85,54.39,54.44,55.72,-1.28,-2.2972,100661.09,553585.96
300125.SZ,20240130,9.9,10.07,9.72,9.75,10.0,-0.25,-2.5,84932.43,84300.1
300126.SZ,20240130,6.12,6.12,5.76,5.79,6.09,-0.3,-4.9261,49925.0,29680.083
300127.SZ,20240130,15.01,15.28,14.07,14.14,15.64,-1.5,-9.5908,109565.47,159518.711
300128.SZ,20240130,3.67,3.7,3.51,3.54,3.65,-0.11,-3.0137,113453.04,41053.975
300129.SZ,20240130,7.78,8.15,7.72,7.98,7.77,0.21,2.7027,251136.99,200909.811
300130.SZ,20240130,19.61,19.99,18.98,19.02,19.7,-0.68,-3.4518,112776.04,219430.93
300131.SZ,20240130,4.87,4.91,4.66,4.69,4.9,-0.21,-4.2857,251785.01,120598.268
300132.SZ,20240130,4.35,4.36,4.21,4.22,4.38,-0.16,-3.653,88032.75,37723.81
300133.SZ,20240130,5.08,5.09,4.86,4.88,5.1,-0.22,-4.3137,307598.52,153163.33
300134.SZ,20240130,7.9,8.06,7.7,7.72,7.99,-0.27,-3.3792,90362.51,71143.85
300135.SZ,20240130,2.68,2.71,2.58,2.58,2.7,-0.12,-4.4444,242579.0,64172.008
300136.SZ,20240130,18.0,18.26,17.36,17.4,18.07,-0.67,-3.7078,132296.5,234847.832
300137.SZ,20240130,5.1,5.18,4.95,4.96,5.15,-0.19,-3.6893,79427.41,40171.773
300138.SZ,20240130,11.11,11.18,10.81,10.86,11.19,-0.33,-2.9491,28512.2,31353.549
300139.SZ,20240130,8.28,8.31,7.88,7.88,8.35,-0.47,-5.6287,79383.0,64172.978
300140.SZ,20240130,7.0,7.04,6.79,6.82,7.04,-0.22,-3.125,45852.0,31760.83
300141.SZ,20240130,8.56,8.57,8.21,8.25,8.61,-0.36,-4.1812,40736.02,34140.978
300142.SZ,20240130,17.57,17.94,17.2,17.28,17.79,-0.51,-2.8668,177443.41,312634.183
300143.SZ,20240130,8.58,8.69,8.3,8.34,8.69,-0.35,-4.0276,52298.56,44397.658
300144.SZ,20240130,9.73,9.79,9.55,9.61,9.84,-0.23,-2.3374,194397.0,187930.355
300145.SZ,20240130,2.73,2.78,2.67,2.68,2.75,-0.07,-2.5455,300766.67,82024.751
300146.SZ,20240130,15.53,15.56,15.16,15.17,15.59,-0.42,-2.694,70759.0,108837.668
300147.SZ,20240130,4.5,4.53,4.34,4.37,4.52,-0.15,-3.3186,73308.0,32517.339
300148.SZ,20240130,3.25,3.29,3.14,3.15,3.3,-0.15,-4.5455,285942.0,91962.011
300149.SZ,20240130,6.1,6.1,5.83,5.86,6.11,-0.25,-4.0917,58506.0,34896.476
300150.SZ,20240130,3.93,4.03,3.79,3.82,4.09,-0.27,-6.6015,150506.0,58657.443
300151.SZ,20240130,14.46,14.46,13.8,13.88,14.45,-0.57,-3.9446,31368.07,44121.461
300152.SZ,20240130,2.59,2.62,2.49,2.51,2.59,-0.08,-3.0888,95528.0,24441.068
300153.SZ,20240130,6.76,6.76,6.46,6.49,6.77,-0.28,-4.1359,43552.0,28785.264
300154.SZ,20240130,6.33,6.33,6.08,6.1,6.34,-0.24,-3.7855,46737.37,28971.261
300155.SZ,20240130,4.93,4.93,4.73,4.76,4.92,-0.16,-3.252,74830.56,36042.468
300157.SZ,20240130,3.18,3.21,3.06,3.07,3.2,-0.13,-4.0625,95919.0,30093.982
300158.SZ,20240130,4.95,4.99,4.81,4.81,4.98,-0.17,-3.4137,221461.27,108550.273
300159.SZ,20240130,2.13,2.16,2.07,2.08,2.21,-0.13,-5.8824,334098.23,70820.38
300160.SZ,20240130,5.33,5.46,5.06,5.07,5.28,-0.21,-3.9773,142137.45,74985.379
300161.SZ,20240130,26.49,26.83,25.42,25.57,26.4,-0.83,-3.1439,30110.0,78578.866
300162.SZ,20240130,6.19,6.21,5.9,5.92,6.24,-0.32,-5.1282,61581.0,37203.69
300163.SZ,20240130,3.29,3.33,3.17,3.19,3.32,-0.13,-3.9157,122574.0,39656.543
300164.SZ,20240130,4.21,4.26,4.11,4.12,4.25,-0.13,-3.0588,151433.0,63374.606
300165.SZ,20240130,4.76,4.79,4.5,4.55,4.83,-0.28,-5.7971,145741.99,67680.329
300166.SZ,20240130,7.88,8.04,7.71,7.73,7.9,-0.17,-2.1519,156613.38,123341.253
300167.SZ,20240130,2.72,2.72,2.39,2.43,2.78,-0.35,-12.5899,141252.0,36825.229
300168.SZ,20240130,7.05,7.14,6.81,6.85,7.09,-0.24,-3.385,107626.76,75207.66
300169.SZ,20240130,6.26,6.49,6.07,6.08,6.44,-0.36,-5.5901,239353.0,149710.527
300170.SZ,20240130,6.84,6.95,6.66,6.67,6.87,-0.2,-2.9112,114192.75,77645.717
300171.SZ,20240130,14.47,14.79,14.25,14.25,14.55,-0.3,-2.0619,39098.12,56776.95
300172.SZ,20240130,5.33,5.39,5.13,5.13,5.43,-0.3,-5.5249,482610.6,253228.571
300173.SZ,20240130,4.08,4.14,3.99,4.0,4.08,-0.08,-1.9608,113637.31,46124.921
300174.SZ,20240130,14.15,14.33,13.91,14.13,14.16,-0.03,-0.2119,19240.25,27245.404
300175.SZ,20240130,5.99,6.08,5.87,5.94,6.12,-0.18,-2.9412,123085.0,73585.539
300176.SZ,20240130,5.78,5.79,5.51,5.54,5.77,-0.23,-3.9861,39561.0,22340.736
300177.SZ,20240130,5.81,5.9,5.65,5.65,5.86,-0.21,-3.5836,83514.06,48127.588
300179.SZ,20240130,7.36,7.37,7.02,7.03,7.29,-0.26,-3.5665,43634.0,31299.659
300180.SZ,20240130,3.55,3.61,3.48,3.49,3.58,-0.09,-2.514,242568.09,85948.428
300181.SZ,20240130,10.01,10.09,9.8,9.82,10.09,-0.27,-2.6759,105414.7,104408.225
300182.SZ,20240130,4.27,4.32,4.12,4.14,4.3,-0.16,-3.7209,375235.03,158545.781
300183.SZ,20240130,12.2,12.4,11.91,11.91,12.23,-0.32,-2.6165,25777.85,31279.687
300184.SZ,20240130,4.65,4.7,4.5,4.5,4.71,-0.21,-4.4586,220892.0,101542.558
300185.SZ,20240130,2.3,2.34,2.23,2.23,2.24,-0.01,-0.4464,340843.01,77598.739
300187.SZ,20240130,4.94,5.02,4.85,4.86,4.94,-0.08,-1.6194,34604.0,17086.101
300188.SZ,20240130,12.65,12.75,12.05,12.09,12.66,-0.57,-4.5024,130757.19,161729.169
300189.SZ,20240130,2.88,3.16,2.87,3.03,2.92,0.11,3.7671,492233.29,150677.318
300190.SZ,20240130,3.97,4.04,3.87,3.89,4.0,-0.11,-2.75,68730.0,27129.023
300191.SZ,20240130,12.98,13.19,12.58,12.64,13.18,-0.54,-4.0971,23713.0,30583.995
300192.SZ,20240130,8.54,8.54,8.1,8.16,8.55,-0.39,-4.5614,77465.6,64431.943
300193.SZ,20240130,6.73,6.79,6.57,6.57,6.74,-0.17,-2.5223,60445.49,40227.887
300194.SZ,20240130,3.81,3.85,3.73,3.75,3.84,-0.09,-2.3438,166683.6,63222.431
300195.SZ,20240130,5.45,5.53,5.3,5.3,5.5,-0.2,-3.6364,65236.0,35258.255
300196.SZ,20240130,9.81,9.89,9.55,9.57,10.0,-0.43,-4.3,19131.03,18659.993
300197.SZ,20240130,2.14,2.2,2.12,2.15,2.14,0.01,0.4673,589918.18,127655.372
300198.SZ,20240130,2.46,2.5,2.39,2.4,2.48,-0.08,-3.2258,81921.0,20073.666
300199.SZ,20240130,10.71,11.0,10.34,10.37,10.95,-0.58,-5.2968,384390.28,407583.244
300200.SZ,20240130,6.58,6.61,6.32,6.36,6.61,-0.25,-3.7821,52939.0,34202.98
300201.SZ,20240130,4.13,4.22,4.05,4.05,4.16,-0.11,-2.6442,131403.0,54179.87
300203.SZ,20240130,14.65,14.76,13.55,13.55,14.86,-1.31,-8.8156,100592.11,144534.55
300204.SZ,20240130,8.27,8.3,7.97,7.97,8.4,-0.43,-5.119,54783.63,44442.859
300205.SZ,20240130,6.06,7.11,6.04,6.17,7.55,-1.38,-18.2781,426817.51,263380.913
300206.SZ,20240130,8.98,9.07,8.71,8.74,8.99,-0.25,-2.7809,29681.5,26417.925
300207.SZ,20240130,12.3,12.5,12.02,12.06,12.4,-0.34,-2.7419,178108.49,218322.508
300208.SZ,20240130,5.77,5.87,5.65,5.65,5.84,-0.19,-3.2534,50533.0,29086.728
300209.SZ,20240130,2.07,2.07,1.81,1.87,2.14,-0.27,-12.6168,187971.96,36186.801
300210.SZ,20240130,9.7,9.9,8.81,8.99,9.87,-0.88,-8.9159,617537.91,572391.343
300211.SZ,20240130,8.07,8.24,7.86,7.86,8.15,-0.29,-3.5583,34148.0,27351.806
300212.SZ,20240130,24.64,25.59,24.0,24.08,24.98,-0.9,-3.6029,184724.34,457543.643
300213.SZ,20240130,6.05,6.08,5.86,5.88,6.07,-0.19,-3.1301,103119.0,61398.946
300214.SZ,20240130,5.56,5.6,5.37,5.38,5.62,-0.24,-4.2705,38803.5,21282.357
300215.SZ,20240130,4.54,4.57,4.39,4.42,4.47,-0.05,-1.1186,72532.0,32538.234
300217.SZ,20240130,4.62,4.67,4.48,4.48,4.63,-0.15,-3.2397,105544.46,48302.06
300218.SZ,20240130,11.46,11.53,11.03,11.2,11.46,-0.26,-2.2688,22487.01,25409.494
300219.SZ,20240130,6.85,6.9,6.58,6.58,6.92,-0.34,-4.9133,106463.8,71555.298
300220.SZ,20240130,7.29,7.4,7.15,7.21,7.34,-0.13,-1.7711,7422.0,5404.785
300221.SZ,20240130,4.96,4.96,4.71,4.71,4.96,-0.25,-5.0403,126794.0,61201.209
300222.SZ,20240130,5.99,6.15,5.89,5.91,6.06,-0.15,-2.4752,64405.03,38681.649
300223.SZ,20240130,51.01,51.68,49.29,49.35,51.21,-1.86,-3.6321,64188.23,322977.176
300224.SZ,20240130,9.88,9.93,9.39,9.43,10.07,-0.64,-6.3555,97413.3,94065.704
300225.SZ,20240130,6.2,6.35,6.01,6.05,6.2,-0.15,-2.4194,111761.28,69123.853
300226.SZ,20240130,22.85,22.85,21.96,22.02,23.1,-1.08,-4.6753,91457.69,204940.73
300227.SZ,20240130,6.21,6.3,6.0,6.03,6.27,-0.24,-3.8278,86054.48,52924.089
300228.SZ,20240130,6.64,6.95,6.6,6.67,6.79,-0.12,-1.7673,243374.6,165716.561
300229.SZ,20240130,13.3,13.66,13.04,13.06,13.42,-0.36,-2.6826,161773.18,216122.684
300230.SZ,20240130,3.8,3.85,3.66,3.69,3.62,0.07,1.9337,298950.8,112458.99
300231.SZ,20240130,8.57,8.63,8.25,8.27,8.54,-0.27,-3.1616,62556.0,52753.119
300232.SZ,20240130,6.06,6.11,5.76,5.79,6.15,-0.36,-5.8537,450946.83,267689.552
300233.SZ,20240130,13.96,13.96,13.44,13.46,13.99,-0.53,-3.7884,23190.21,31889.675
300234.SZ,20240130,4.77,4.82,4.59,4.59,4.81,-0.22,-4.5738,48276.0,22626.789
300235.SZ,20240130,9.62,9.75,9.41,9.41,9.74,-0.33,-3.3881,43478.0,41567.623
300236.SZ,20240130,30.57,30.71,28.76,28.81,31.0,-2.19,-7.0645,53728.53,159431.809
300237.SZ,20240130,1.89,1.91,1.84,1.84,1.91,-0.07,-3.6649,203011.0,38069.106
300238.SZ,20240130,11.9,11.98,11.13,11.18,11.27,-0.09,-0.7986,102540.89,117653.726
300239.SZ,20240130,5.27,5.33,5.13,5.14,5.33,-0.19,-3.5647,41854.0,21919.258
300240.SZ,20240130,6.25,6.28,5.99,6.0,6.28,-0.28,-4.4586,43557.0,26640.054
300241.SZ,20240130,4.34,4.38,4.19,4.2,4.36,-0.16,-3.6697,125872.0,53812.945
300242.SZ,20240130,3.39,3.41,3.24,3.27,3.39,-0.12,-3.5398,177379.0,59003.303
300243.SZ,20240130,8.29,8.29,7.83,7.9,8.25,-0.35,-4.2424,35314.6,28352.252
300244.SZ,20240130,18.35,18.74,18.0,18.05,18.41,-0.36,-1.9555,69609.0,127882.12
300245.SZ,20240130,7.18,7.35,7.06,7.08,7.28,-0.2,-2.7473,47209.0,33930.162
300246.SZ,20240130,8.78,8.88,8.42,8.44,8.78,-0.34,-3.8724,35872.0,30881.47
300247.SZ,20240130,3.32,3.35,3.22,3.26,3.32,-0.06,-1.8072,142513.0,46883.475
300248.SZ,20240130,7.7,7.8,7.45,7.48,7.79,-0.31,-3.9795,54331.91,41423.234
300249.SZ,20240130,6.98,7.1,6.81,6.81,7.04,-0.23,-3.267,51379.0,35620.708
300250.SZ,20240130,14.5,14.91,14.32,14.33,14.6,-0.27,-1.8493,44583.0,65052.167
300251.SZ,20240130,7.75,7.75,7.57,7.63,7.79,-0.16,-2.0539,206542.01,158063.808
300252.SZ,20240130,7.34,7.47,7.12,7.14,7.4,-0.26,-3.5135,87152.89,63585.569
300253.SZ,20240130,6.27,6.45,5.98,6.02,5.9,0.12,2.0339,638447.45,394153.11
300254.SZ,20240130,8.9,8.97,8.14,8.17,8.33,-0.16,-1.9208,95891.0,80806.914
300255.SZ,20240130,10.0,10.16,9.37,9.39,10.63,-1.24,-11.6651,550901.45,535826.063
300256.SZ,20240130,2.33,2.39,2.21,2.31,2.43,-0.12,-4.9383,296948.79,69008.967
300257.SZ,20240130,13.2,13.6,13.04,13.15,13.47,-0.32,-2.3756,31144.41,41381.298
300258.SZ,20240130,9.63,9.84,9.41,9.43,9.62,-0.19,-1.9751,57447.0,55177.295
300259.SZ,20240130,3.22,3.26,3.15,3.16,3.25,-0.09,-2.7692,80193.6,25686.285
300260.SZ,20240130,22.12,22.36,21.47,21.48,22.01,-0.53,-2.408,58795.58,128151.845
300261.SZ,20240130,6.22,6.27,6.09,6.09,6.22,-0.13,-2.09,50588.0,31193.508
300263.SZ,20240130,5.99,6.09,5.85,5.89,6.02,-0.13,-2.1595,59601.0,35633.014
300264.SZ,20240130,7.2,7.26,6.68,6.68,7.25,-0.57,-7.8621,351635.0,243705.819
300265.SZ,20240130,6.91,7.07,6.76,6.79,7.05,-0.26,-3.6879,75646.34,52219.821
300266.SZ,20240130,2.4,2.42,2.3,2.31,2.39,-0.08,-3.3473,119183.05,28031.994
300267.SZ,20240130,2.8,2.83,2.71,2.72,2.89,-0.17,-5.8824,238708.32,66141.032
300268.SZ,20240130,11.81,12.08,11.7,11.72,11.94,-0.22,-1.8425,5618.0,6645.274
300269.SZ,20240130,4.71,4.78,4.41,4.43,4.8,-0.37,-7.7083,605887.0,276854.474
300270.SZ,20240130,6.31,6.35,6.01,6.04,6.47,-0.43,-6.6461,79767.0,49180.525
300271.SZ,20240130,6.17,6.37,6.05,6.07,6.27,-0.2,-3.1898,108114.5,67041.508
300272.SZ,20240130,5.26,5.44,5.17,5.21,5.26,-0.05,-0.9506,130199.01,68894.622
300274.SZ,20240130,80.0,82.7,79.53,79.99,80.48,-0.49,-0.6088,166510.56,1344543.264
300275.SZ,20240130,9.32,9.74,9.01,9.01,9.47,-0.46,-4.8574,41421.0,38244.147
300276.SZ,20240130,3.39,3.47,3.34,3.37,3.4,-0.03,-0.8824,161126.04,54751.394
300277.SZ,20240130,7.42,7.51,7.2,7.21,7.46,-0.25,-3.3512,37004.0,27253.125
300278.SZ,20240130,3.19,3.24,3.1,3.11,3.2,-0.09,-2.8125,101013.0,31997.095
300279.SZ,20240130,5.46,5.46,5.22,5.23,5.41,-0.18,-3.3272,67866.0,36197.93
300280.SZ,20240130,35.15,35.38,33.73,33.76,35.22,-1.46,-4.1454,69728.51,239476.55
300281.SZ,20240130,5.13,5.13,4.91,4.93,5.11,-0.18,-3.5225,70886.0,35499.842
300283.SZ,20240130,5.18,5.25,4.99,5.01,5.21,-0.2,-3.8388,64474.84,32979.324
300284.SZ,20240130,5.23,5.33,5.13,5.14,5.28,-0.14,-2.6515,82603.06,43203.65
300285.SZ,20240130,18.81,19.0,18.02,18.05,19.12,-1.07,-5.5962,80686.39,148897.128
300286.SZ,20240130,20.55,21.2,20.1,20.15,20.88,-0.73,-3.4962,29093.0,60042.446
300287.SZ,20240130,3.37,3.39,3.27,3.27,3.37,-0.1,-2.9674,158805.06,52885.26
300288.SZ,20240130,13.33,13.41,12.82,12.84,13.23,-0.39,-2.9478,60076.0,78815.531
300289.SZ,20240130,5.45,5.55,5.23,5.24,5.5,-0.26,-4.7273,53927.0,28799.192
300290.SZ,20240130,4.98,5.1,4.85,4.85,5.01,-0.16,-3.1936,157740.0,78414.477
300291.SZ,20240130,5.49,5.49,5.27,5.3,5.5,-0.2,-3.6364,153675.0,82695.103
300292.SZ,20240130,3.16,3.19,3.07,3.08,3.16,-0.08,-2.5316,198082.0,62091.501
300293.SZ,20240130,12.07,12.15,11.62,11.63,12.03,-0.4,-3.325,51786.0,61462.717
300294.SZ,20240130,27.92,28.2,26.99,27.12,28.0,-0.88,-3.1429,53175.0,146046.354
300295.SZ,20240130,10.86,10.87,10.39,10.39,10.88,-0.49,-4.5037,64463.0,68268.187
300296.SZ,20240130,4.86,4.93,4.72,4.75,4.9,-0.15,-3.0612,169942.74,82197.223
300298.SZ,20240130,24.71,24.87,24.3,24.4,24.79,-0.39,-1.5732,32738.46,80359.882
300299.SZ,20240130,4.87,4.96,4.76,4.76,4.94,-0.18,-3.6437,127072.86,61713.542
300300.SZ,20240130,3.52,3.56,3.32,3.32,3.52,-0.2,-5.6818,291719.0,99522.534
300301.SZ,20240130,1.53,1.56,1.51,1.52,1.53,-0.01,-0.6536,70888.0,10847.844
300302.SZ,20240130,10.41,10.48,9.94,9.95,10.35,-0.4,-3.8647,82959.89,84447.519
300303.SZ,20240130,4.7,4.74,4.54,4.55,4.71,-0.16,-3.397,190864.19,88561.232
300304.SZ,20240130,5.44,5.54,5.31,5.33,5.47,-0.14,-2.5594,87692.0,47526.528
300305.SZ,20240130,7.7,7.77,7.32,7.35,7.99,-0.64,-8.01,51806.0,39123.949
300306.SZ,20240130,10.05,10.23,9.78,9.82,10.16,-0.34,-3.3465,36497.0,36440.278
300307.SZ,20240130,5.36,5.44,5.21,5.21,5.36,-0.15,-2.7985,80197.0,42690.089
300308.SZ,20240130,103.0,105.8,100.73,101.2,103.82,-2.62,-2.5236,213968.46,2200544.065
300310.SZ,20240130,3.81,3.86,3.69,3.69,3.85,-0.16,-4.1558,139395.0,52533.179
300311.SZ,20240130,5.4,5.57,5.32,5.33,5.57,-0.24,-4.3088,117336.7,63751.508
300313.SZ,20240130,10.12,10.37,9.4,9.52,10.21,-0.69,-6.7581,90775.0,89502.47
300314.SZ,20240130,12.21,12.32,11.85,11.91,12.23,-0.32,-2.6165,21094.0,25484.761
300315.SZ,20240130,4.6,4.69,4.44,4.46,4.64,-0.18,-3.8793,985077.32,448354.233
300316.SZ,20240130,34.98,35.28,33.64,33.64,35.11,-1.47,-4.1868,126991.73,436317.17
300317.SZ,20240130,4.28,4.29,4.08,4.08,4.32,-0.24,-5.5556,138572.21,58047.46
300318.SZ,20240130,5.34,5.46,5.21,5.22,5.38,-0.16,-2.974,46777.99,24834.24
300319.SZ,20240130,7.74,7.85,7.47,7.5,7.77,-0.27,-3.4749,141744.44,108674.665
300320.SZ,20240130,6.35,6.44,6.11,6.15,6.34,-0.19,-2.9968,47927.0,30087.474
300321.SZ,20240130,16.81,16.82,15.65,15.81,16.73,-0.92,-5.4991,17403.94,28102.081
300322.SZ,20240130,8.39,8.48,8.12,8.12,8.38,-0.26,-3.1026,108683.98,90307.038
300323.SZ,20240130,5.52,5.59,5.3,5.33,5.57,-0.24,-4.3088,80158.57,43780.247
300324.SZ,20240130,2.8,2.88,2.77,2.78,2.86,-0.08,-2.7972,210325.0,59228.141
300326.SZ,20240130,5.48,5.52,5.35,5.37,5.5,-0.13,-2.3636,43275.0,23536.059
300327.SZ,20240130,18.23,18.48,17.62,17.66,18.33,-0.67,-3.6552,40244.91,72688.001
300328.SZ,20240130,5.73,5.79,5.54,5.55,5.75,-0.2,-3.4783,66053.1,37346.227
300329.SZ,20240130,6.38,6.39,6.06,6.09,6.39,-0.3,-4.6948,39402.0,24414.051
300331.SZ,20240130,18.18,18.47,17.3,17.42,18.34,-0.92,-5.0164,59129.82,105555.103
300332.SZ,20240130,7.08,7.17,6.88,6.9,7.08,-0.18,-2.5424,53433.58,37447.679
300333.SZ,20240130,6.29,6.3,5.99,6.01,6.38,-0.37,-5.7994,64156.0,39367.294
300334.SZ,20240130,7.0,7.0,6.7,6.74,6.91,-0.17,-2.4602,24496.0,16756.443
300335.SZ,20240130,5.0,5.03,4.85,4.86,4.99,-0.13,-2.6052,118518.55,58574.095
300337.SZ,20240130,6.49,6.54,6.2,6.24,6.47,-0.23,-3.5549,132237.53,84304.533
300338.SZ,20240130,3.8,3.82,3.66,3.67,3.8,-0.13,-3.4211,63820.0,23860.691
300339.SZ,20240130,21.98,22.22,20.86,21.03,22.04,-1.01,-4.5826,352890.65,757328.366
300340.SZ,20240130,9.77,9.94,9.48,9.51,9.77,-0.26,-2.6612,39305.48,38213.793
300341.SZ,20240130,9.53,9.68,9.23,9.24,9.62,-0.38,-3.9501,45052.0,42453.243
300342.SZ,20240130,12.01,12.14,11.54,11.58,11.95,-0.37,-3.0962,117536.19,139260.317
300343.SZ,20240130,5.3,5.4,5.07,5.1,5.36,-0.26,-4.8507,154439.21,80607.794
300344.SZ,20240130,4.55,4.58,4.33,4.37,4.56,-0.19,-4.1667,118463.0,52899.211
300345.SZ,20240130,6.59,6.63,6.2,6.2,6.62,-0.42,-6.3444,46343.36,29511.546
300346.SZ,20240130,22.5,22.78,21.52,21.59,22.66,-1.07,-4.722,56225.9,124417.312
300347.SZ,20240130,42.9,44.15,42.5,43.12,43.31,-0.19,-0.4387,118187.33,513492.736
300348.SZ,20240130,8.34,8.41,8.05,8.07,8.35,-0.28,-3.3533,64612.71,53072.422
300349.SZ,20240130,11.07,11.24,10.78,10.81,11.19,-0.38,-3.3959,63147.0,69220.63
300350.SZ,20240130,4.86,4.93,4.54,4.7,5.02,-0.32,-6.3745,478891.6,227972.106
300351.SZ,20240130,15.78,15.98,15.06,15.09,15.82,-0.73,-4.6144,135343.83,208830.42
300352.SZ,20240130,4.03,4.07,3.92,3.94,4.04,-0.1,-2.4752,100812.34,40302.74
300353.SZ,20240130,8.14,9.25,8.13,8.7,8.42,0.28,3.3254,372472.32,325456.188
300354.SZ,20240130,36.88,38.23,36.01,36.21,36.3,-0.09,-0.2479,24002.31,89099.451
300355.SZ,20240130,3.35,3.37,3.26,3.27,3.35,-0.08,-2.3881,232965.44,77221.48
300357.SZ,20240130,22.75,22.86,22.01,22.01,22.82,-0.81,-3.5495,25812.21,58032.885
300358.SZ,20240130,9.0,9.08,8.61,8.64,9.12,-0.48,-5.2632,139645.85,122857.615
300359.SZ,20240130,4.69,4.73,4.59,4.59,4.71,-0.12,-2.5478,73506.17,34096.608
300360.SZ,20240130,15.31,15.34,14.47,14.55,15.57,-1.02,-6.5511,114076.43,170431.215
300363.SZ,20240130,19.11,19.37,18.8,18.82,19.28,-0.46,-2.3859,64420.0,123222.078
300364.SZ,20240130,18.97,19.1,17.86,17.89,19.06,-1.17,-6.1385,683353.47,1253197.605
300365.SZ,20240130,5.68,5.76,5.52,5.56,5.72,-0.16,-2.7972,65506.0,36942.299
300366.SZ,20240130,10.22,10.32,9.86,9.89,10.21,-0.32,-3.1342,126335.0,127281.817
300368.SZ,20240130,6.6,6.9,6.55,6.66,6.73,-0.07,-1.0401,145658.0,97951.668
300369.SZ,20240130,7.58,7.66,7.34,7.36,7.53,-0.17,-2.2576,120282.0,89985.779
300370.SZ,20240130,2.14,2.19,2.09,2.1,2.16,-0.06,-2.7778,121325.2,25910.348
300371.SZ,20240130,10.39,10.39,9.96,10.03,10.32,-0.29,-2.8101,17928.2,18223.394
300373.SZ,20240130,36.26,37.35,35.82,36.4,36.71,-0.31,-0.8445,67143.64,246123.431
300374.SZ,20240130,19.4,20.0,18.11,18.8,19.7,-0.9,-4.5685,566730.32,1077056.87
300375.SZ,20240130,4.2,4.3,4.11,4.11,4.24,-0.13,-3.066,137543.0,57630.14
300376.SZ,20240130,5.66,5.72,5.51,5.53,5.66,-0.13,-2.2968,84033.0,47266.873
300377.SZ,20240130,6.56,6.67,6.38,6.39,6.6,-0.21,-3.1818,101695.5,66422.503
300378.SZ,20240130,17.42,17.83,16.99,17.07,17.46,-0.39,-2.2337,65193.58,113578.057
300379.SZ,20240130,13.87,14.92,13.3,14.51,14.12,0.39,2.762,204017.73,294433.27
300380.SZ,20240130,19.79,19.94,18.57,18.6,19.95,-1.35,-6.7669,78688.52,149945.622
300381.SZ,20240130,5.96,6.0,5.72,5.76,5.96,-0.2,-3.3557,47907.76,28083.518
300382.SZ,20240130,7.69,7.8,7.51,7.51,7.78,-0.27,-3.4704,43863.59,33520.184
300383.SZ,20240130,8.3,8.48,8.16,8.19,8.27,-0.08,-0.9674,181347.31,151149.629
300384.SZ,20240130,13.28,13.46,12.91,12.96,13.37,-0.41,-3.0666,18568.0,24538.155
300385.SZ,20240130,6.03,6.1,5.78,5.81,6.04,-0.23,-3.8079,41330.0,24443.27
300386.SZ,20240130,8.76,8.78,8.45,8.47,8.89,-0.42,-4.7244,39432.96,33965.779
300387.SZ,20240130,6.53,6.92,6.53,6.62,6.98,-0.36,-5.1576,68707.0,46236.561
300388.SZ,20240130,6.28,6.38,6.17,6.18,6.34,-0.16,-2.5237,43461.47,27285.838
300389.SZ,20240130,14.63,14.76,13.98,13.99,14.73,-0.74,-5.0238,42691.0,61232.466
300390.SZ,20240130,21.57,21.97,21.12,21.12,21.81,-0.69,-3.1637,79252.3,170757.99
300391.SZ,20240130,6.36,6.47,6.14,6.17,6.43,-0.26,-4.0435,49434.0,31119.922
300393.SZ,20240130,9.18,9.31,8.97,9.0,9.19,-0.19,-2.0675,114368.24,104578.041
300394.SZ,20240130,84.26,87.22,84.26,84.8,84.67,0.13,0.1535,103236.6,881659.469
300395.SZ,20240130,26.53,26.94,25.7,25.79,26.5,-0.71,-2.6792,54951.3,144512.421
300396.SZ,20240130,25.85,26.0,25.1,25.18,26.03,-0.85,-3.2655,13273.0,33925.651
300397.SZ,20240130,8.14,8.22,7.89,7.91,8.12,-0.21,-2.5862,56372.8,45434.787
300398.SZ,20240130,12.5,12.67,12.11,12.13,12.64,-0.51,-4.0348,69651.06,86147.116
300399.SZ,20240130,11.65,11.79,11.15,11.19,11.65,-0.46,-3.9485,31731.0,36370.913
300400.SZ,20240130,12.45,12.45,11.91,11.93,12.25,-0.32,-2.6122,26603.0,32290.904
300401.SZ,20240130,9.75,9.78,9.25,9.25,9.76,-0.51,-5.2254,87920.17,83308.134
300402.SZ,20240130,17.21,17.24,16.14,16.15,17.38,-1.23,-7.0771,42137.0,70064.254
300403.SZ,20240130,6.88,7.02,6.74,6.76,6.9,-0.14,-2.029,97578.99,67098.479
300404.SZ,20240130,7.51,7.79,7.24,7.26,7.38,-0.12,-1.626,109419.47,81722.09
300405.SZ,20240130,7.25,7.32,6.56,6.6,7.18,-0.58,-8.078,335909.33,232364.565
300406.SZ,20240130,18.75,18.75,17.88,17.96,18.81,-0.85,-4.5189,32306.64,59048.749
300407.SZ,20240130,7.71,7.77,7.43,7.43,7.83,-0.4,-5.1086,53728.0,40714.272
300408.SZ,20240130,23.84,24.19,23.5,23.51,24.02,-0.51,-2.1232,75420.27,179158.481
300409.SZ,20240130,9.35,9.49,9.09,9.1,9.42,-0.32,-3.397,38268.57,35571.712
300410.SZ,20240130,6.81,6.81,6.46,6.49,6.8,-0.31,-4.5588,46103.0,30526.154
300411.SZ,20240130,6.24,6.24,5.91,5.94,6.2,-0.26,-4.1935,80153.0,48372.084
300412.SZ,20240130,4.8,4.8,4.53,4.54,4.76,-0.22,-4.6218,87099.98,40371.014
300413.SZ,20240130,22.33,22.47,21.62,21.69,22.4,-0.71,-3.1696,150470.68,330946.914
300414.SZ,20240130,8.08,8.08,7.62,7.66,8.04,-0.38,-4.7264,48508.31,37890.048
300415.SZ,20240130,15.82,16.19,15.63,15.64,15.9,-0.26,-1.6352,15548.31,24629.442
300416.SZ,20240130,12.89,13.12,12.47,12.55,13.06,-0.51,-3.9051,70232.09,89688.131
300417.SZ,20240130,10.48,10.48,9.85,9.86,10.35,-0.49,-4.7343,23847.0,24069.861
300418.SZ,20240130,33.45,35.4,33.4,33.92,33.97,-0.05,-0.1472,540784.1,1859225.384
300419.SZ,20240130,5.04,5.09,4.85,4.87,5.1,-0.23,-4.5098,97536.8,48480.344
300420.SZ,20240130,2.64,2.69,2.58,2.59,2.66,-0.07,-2.6316,112166.9,29568.224
300421.SZ,20240130,9.19,9.4,8.89,8.96,9.26,-0.3,-3.2397,98054.1,89360.217
300422.SZ,20240130,5.53,5.58,5.42,5.43,5.56,-0.13,-2.3381,47770.07,26233.157
300423.SZ,20240130,7.62,7.64,7.1,7.14,7.71,-0.57,-7.393,86415.6,63331.921
300424.SZ,20240130,10.98,11.01,10.52,10.59,10.95,-0.36,-3.2877,28002.0,30231.292
300425.SZ,20240130,4.73,5.14,4.72,4.9,4.92,-0.02,-0.4065,432860.74,213720.022
300426.SZ,20240130,9.37,9.37,9.07,9.19,9.32,-0.13,-1.3948,63222.38,58205.494
300427.SZ,20240130,5.04,5.04,4.71,4.72,5.04,-0.32,-6.3492,43568.0,21150.262
300428.SZ,20240130,16.46,16.6,15.9,15.94,16.46,-0.52,-3.1592,35138.61,57098.716
300429.SZ,20240130,9.75,9.88,9.39,9.39,9.77,-0.38,-3.8895,127625.38,123102.056
300430.SZ,20240130,11.64,11.64,11.11,11.17,11.59,-0.42,-3.6238,28297.0,31983.791
300432.SZ,20240130,7.88,7.91,7.51,7.54,7.86,-0.32,-4.0712,132899.61,102423.475
300433.SZ,20240130,11.45,11.53,11.2,11.22,11.52,-0.3,-2.6042,205114.56,233614.059
300434.SZ,20240130,9.36,9.37,9.02,9.05,9.4,-0.35,-3.7234,24573.0,22589.919
300435.SZ,20240130,12.18,12.42,12.04,12.18,12.23,-0.05,-0.4088,27924.2,34151.148
300436.SZ,20240130,21.75,21.81,20.85,20.89,21.81,-0.92,-4.2182,10035.8,21323.105
300437.SZ,20240130,11.02,11.1,10.46,10.48,11.09,-0.61,-5.5005,41682.14,44856.374
300438.SZ,20240130,22.29,22.59,21.6,21.66,22.26,-0.6,-2.6954,97507.41,215734.306
300439.SZ,20240130,10.12,10.12,9.76,9.76,10.08,-0.32,-3.1746,31127.0,30907.043
300440.SZ,20240130,6.23,6.37,6.1,6.13,6.3,-0.17,-2.6984,67110.0,41796.815
300441.SZ,20240130,6.31,6.35,6.07,6.08,6.35,-0.27,-4.252,87411.0,54201.358
300442.SZ,20240130,20.49,21.43,20.27,20.37,19.97,0.4,2.003,125122.89,260417.119
300443.SZ,20240130,20.51,20.52,19.48,19.52,20.53,-1.01,-4.9196,67366.0,134760.951
300444.SZ,20240130,5.73,5.89,5.59,5.62,5.8,-0.18,-3.1034,108150.96,61737.769
300445.SZ,20240130,14.95,15.15,14.12,14.18,15.03,-0.85,-5.6554,48156.66,70123.001
300446.SZ,20240130,13.45,13.71,13.12,13.15,13.44,-0.29,-2.1577,42328.61,56676.007
300447.SZ,20240130,11.86,11.95,11.46,11.46,11.86,-0.4,-3.3727,22528.0,26385.057
300448.SZ,20240130,4.55,4.61,4.41,4.43,4.58,-0.15,-3.2751,50212.0,22588.211
300449.SZ,20240130,5.26,5.26,5.01,5.01,5.26,-0.25,-4.7529,74665.65,38229.243
300450.SZ,20240130,20.9,21.14,19.91,19.97,21.2,-1.23,-5.8019,377727.06,771765.953
300451.SZ,20240130,4.76,4.8,4.6,4.63,4.71,-0.08,-1.6985,313734.29,147911.673
300452.SZ,20240130,12.15,12.19,11.84,11.87,12.24,-0.37,-3.0229,20006.06,24107.688
300453.SZ,20240130,6.58,6.78,6.48,6.5,6.7,-0.2,-2.9851,44112.1,29028.228
300454.SZ,20240130,59.78,61.98,58.08,58.2,60.1,-1.9,-3.1614,30571.01,182225.859
300455.SZ,20240130,10.08,10.24,9.8,9.84,10.1,-0.26,-2.5743,74217.0,74337.765
300456.SZ,20240130,20.0,20.0,19.06,19.1,20.07,-0.97,-4.8331,165457.4,321064.364
300457.SZ,20240130,15.8,16.11,15.2,15.29,16.12,-0.83,-5.1489,221164.71,346999.636
300458.SZ,20240130,17.54,17.69,16.8,16.83,17.41,-0.58,-3.3314,85925.47,147980.824
300459.SZ,20240130,4.3,4.38,4.2,4.2,4.32,-0.12,-2.7778,838821.93,359741.586
300460.SZ,20240130,9.56,9.75,9.35,9.35,9.53,-0.18,-1.8888,57137.0,54571.771
300461.SZ,20240130,18.89,19.61,18.21,18.33,19.08,-0.75,-3.9308,34636.17,65028.603
300462.SZ,20240130,9.62,9.9,9.28,9.29,9.72,-0.43,-4.4239,41282.0,39142.406
300463.SZ,20240130,12.69,12.75,12.4,12.47,12.73,-0.26,-2.0424,31711.24,39930.138
300464.SZ,20240130,5.18,5.22,4.95,4.96,5.19,-0.23,-4.4316,38148.0,19299.603
300465.SZ,20240130,8.34,8.54,8.15,8.18,8.45,-0.27,-3.1953,50175.0,41772.791
300466.SZ,20240130,5.96,6.04,5.72,5.75,5.96,-0.21,-3.5235,80632.0,47341.213
300467.SZ,20240130,14.55,14.57,13.6,13.75,14.45,-0.7,-4.8443,73770.9,103336.489
300468.SZ,20240130,9.0,9.02,8.6,8.67,8.95,-0.28,-3.1285,70644.24,62267.996
300469.SZ,20240130,12.0,12.15,11.41,11.59,12.03,-0.44,-3.6575,57113.53,67529.813
300470.SZ,20240130,33.7,33.72,32.81,32.85,33.54,-0.69,-2.0572,3851.7,12810.262
300471.SZ,20240130,10.88,10.92,10.51,10.63,10.88,-0.25,-2.2978,41593.88,44559.765
300472.SZ,20240130,7.1,7.1,6.67,6.7,7.0,-0.3,-4.2857,46900.0,32152.536
300473.SZ,20240130,15.72,16.46,15.67,15.83,15.96,-0.13,-0.8145,36328.12,58541.334
300474.SZ,20240130,55.29,56.33,53.44,53.5,55.38,-1.88,-3.3947,54236.64,297175.001
300475.SZ,20240130,27.5,28.27,26.5,26.6,27.9,-1.3,-4.6595,90915.06,248040.387
300476.SZ,20240130,15.96,16.27,15.36,15.42,15.9,-0.48,-3.0189,170068.81,268394.263
300477.SZ,20240130,3.17,3.2,3.06,3.1,3.18,-0.08,-2.5157,92816.0,29076.657
300478.SZ,20240130,11.48,11.49,11.01,11.03,11.35,-0.32,-2.8194,23060.0,25750.627
300479.SZ,20240130,16.35,16.78,15.93,15.95,16.6,-0.65,-3.9157,25465.0,41529.808
300480.SZ,20240130,15.8,15.96,15.25,15.28,15.84,-0.56,-3.5354,40659.18,63450.702
300481.SZ,20240130,14.24,14.25,13.67,13.7,14.21,-0.51,-3.589,17406.13,24320.814
300482.SZ,20240130,26.11,26.11,24.97,25.01,25.96,-0.95,-3.6595,32048.0,81545.236
300483.SZ,20240130,10.26,10.32,9.9,9.95,10.32,-0.37,-3.5853,23527.89,23812.201
300484.SZ,20240130,10.2,10.26,9.81,9.83,10.19,-0.36,-3.5329,28992.0,29065.639
300485.SZ,20240130,8.84,9.04,8.72,8.76,9.08,-0.32,-3.5242,30870.0,27460.889
300486.SZ,20240130,5.6,5.61,5.36,5.4,5.6,-0.2,-3.5714,55029.25,30181.397
300487.SZ,20240130,46.49,46.79,43.99,44.01,46.7,-2.69,-5.7602,28869.35,130350.757
300488.SZ,20240130,20.12,20.63,19.87,20.14,20.32,-0.18,-0.8858,8277.4,16785.344
300489.SZ,20240130,16.8,16.8,16.16,16.2,16.85,-0.65,-3.8576,16651.0,27391.279
300490.SZ,20240130,9.3,9.43,9.05,9.06,9.31,-0.25,-2.6853,87673.98,80661.245
300491.SZ,20240130,18.4,18.67,18.02,18.1,18.55,-0.45,-2.4259,35956.0,65812.115
300492.SZ,20240130,78.88,82.11,78.03,79.77,79.5,0.27,0.3396,7804.95,62869.161
300493.SZ,20240130,6.81,6.87,6.55,6.56,6.82,-0.26,-3.8123,64430.0,43153.441
300494.SZ,20240130,14.72,15.27,14.1,14.17,15.32,-1.15,-7.5065,619107.15,902851.155
300496.SZ,20240130,53.7,56.53,52.78,52.97,54.62,-1.65,-3.0209,83098.45,446719.259
300497.SZ,20240130,7.8,8.06,7.5,7.54,8.0,-0.46,-5.75,64066.0,49197.718
300498.SZ,20240130,18.88,19.23,18.71,18.86,18.87,-0.01,-0.053,166190.79,315903.481
300499.SZ,20240130,11.01,11.24,10.5,10.68,11.12,-0.44,-3.9568,76386.73,83500.874
300500.SZ,20240130,12.63,12.63,11.99,12.07,12.67,-0.6,-4.7356,19486.6,23934.082
300501.SZ,20240130,12.77,12.77,12.13,12.16,12.77,-0.61,-4.7768,26575.0,32946.682
300502.SZ,20240130,44.19,46.18,42.24,42.99,44.7,-1.71,-3.8255,445582.34,1955728.966
300503.SZ,20240130,13.68,14.39,13.48,13.78,13.89,-0.11,-0.7919,132804.5,186080.163
300504.SZ,20240130,14.74,14.87,14.0,14.21,14.79,-0.58,-3.9216,19065.0,27652.177
300505.SZ,20240130,11.8,11.99,11.46,11.46,12.0,-0.54,-4.5,107635.09,125844.048
300506.SZ,20240130,4.02,4.11,3.87,3.9,4.1,-0.2,-4.878,86922.2,34430.956
300507.SZ,20240130,5.44,5.54,5.31,5.33,5.44,-0.11,-2.0221,114561.85,61950.409
300508.SZ,20240130,21.63,22.25,21.37,21.37,22.0,-0.63,-2.8636,18150.68,39508.269
300509.SZ,20240130,6.14,6.15,5.83,5.84,6.11,-0.27,-4.419,34576.0,20570.784
300510.SZ,20240130,4.92,5.05,4.86,4.86,4.94,-0.08,-1.6194,82485.34,40854.301
300511.SZ,20240130,4.67,4.71,4.5,4.5,4.68,-0.18,-3.8462,68544.7,31572.844
300512.SZ,20240130,6.9,7.0,6.71,6.72,6.96,-0.24,-3.4483,27418.5,18791.94
300513.SZ,20240130,9.1,9.25,8.8,8.83,9.18,-0.35,-3.8126,49951.0,45041.796
300514.SZ,20240130,13.32,13.66,13.1,13.13,13.5,-0.37,-2.7407,42713.0,57010.1
300515.SZ,20240130,9.78,9.78,9.23,9.28,9.73,-0.45,-4.6249,30579.0,29020.627
300516.SZ,20240130,26.5,26.76,25.4,25.4,26.98,-1.58,-5.8562,29637.08,77277.828
300517.SZ,20240130,10.45,10.45,9.99,10.05,10.46,-0.41,-3.9197,18748.0,19140.828
300518.SZ,20240130,13.3,13.5,12.84,12.92,13.49,-0.57,-4.2254,20668.64,27246.428
300519.SZ,20240130,14.21,14.21,13.6,13.62,14.22,-0.6,-4.2194,13631.0,18908.928
300520.SZ,20240130,17.07,17.52,16.85,16.9,17.26,-0.36,-2.0857,33823.97,58014.435
300521.SZ,20240130,11.88,11.88,11.31,11.33,11.81,-0.48,-4.0644,17746.0,20447.628
300522.SZ,20240130,11.21,11.25,10.73,10.73,11.26,-0.53,-4.7069,25832.6,28382.146
300523.SZ,20240130,17.9,20.77,17.7,19.83,17.31,2.52,14.5581,120042.35,233193.376
300525.SZ,20240130,13.55,13.75,13.45,13.52,13.62,-0.1,-0.7342,29685.89,40397.983
300527.SZ,20240130,6.84,7.09,6.81,6.82,7.02,-0.2,-2.849,137703.08,95498.086
300528.SZ,20240130,9.71,9.89,9.26,9.27,9.82,-0.55,-5.6008,85685.63,81462.884
300529.SZ,20240130,18.32,18.54,18.07,18.3,18.42,-0.12,-0.6515,37691.11,69072.436
300530.SZ,20240130,19.58,19.85,18.78,18.84,19.5,-0.66,-3.3846,22079.26,42635.581
300531.SZ,20240130,12.57,12.59,11.95,12.0,12.7,-0.7,-5.5118,89164.0,109197.757
300532.SZ,20240130,13.2,13.35,12.74,12.82,13.27,-0.45,-3.3911,49431.04,64396.908
300533.SZ,20240130,25.31,25.38,24.36,24.38,25.63,-1.25,-4.8771,106100.61,263657.55
300534.SZ,20240130,8.62,8.66,8.31,8.33,8.62,-0.29,-3.3643,55340.0,46753.111
300535.SZ,20240130,15.03,15.03,14.25,14.34,14.94,-0.6,-4.0161,20558.0,30030.205
300536.SZ,20240130,20.58,20.7,19.48,19.59,20.48,-0.89,-4.3457,48068.0,95955.863
300537.SZ,20240130,15.55,15.78,15.0,15.11,15.56,-0.45,-2.892,42137.0,64910.073
300538.SZ,20240130,14.78,14.84,13.99,14.02,14.67,-0.65,-4.4308,47098.13,67719.609
300539.SZ,20240130,9.64,9.83,9.37,9.37,9.81,-0.44,-4.4852,24887.0,23860.52
300540.SZ,20240130,20.98,21.07,19.88,20.0,20.87,-0.87,-4.1687,20334.01,41561.823
300541.SZ,20240130,12.98,13.23,12.78,12.85,12.94,-0.09,-0.6955,73740.74,96003.272
300542.SZ,20240130,10.74,10.88,10.41,10.45,10.74,-0.29,-2.7002,31750.7,33676.895
300543.SZ,20240130,8.46,8.52,8.1,8.12,8.51,-0.39,-4.5828,44407.6,36880.732
300545.SZ,20240130,26.34,26.49,25.53,25.53,25.82,-0.29,-1.1232,33695.86,87911.045
300546.SZ,20240130,13.16,13.16,12.41,12.42,13.04,-0.62,-4.7546,19430.2,24649.269
300547.SZ,20240130,14.8,14.87,14.41,14.57,14.61,-0.04,-0.2738,21657.0,31718.944
300548.SZ,20240130,23.1,23.4,21.7,21.77,23.42,-1.65,-7.0453,141913.5,318659.12
300549.SZ,20240130,16.0,16.2,15.2,15.21,15.84,-0.63,-3.9773,15282.5,23803.048
300550.SZ,20240130,12.62,12.7,12.09,12.13,12.62,-0.49,-3.8827,14013.94,17363.477
300551.SZ,20240130,13.77,14.13,13.37,13.47,13.84,-0.37,-2.6734,78575.5,107867.534
300552.SZ,20240130,20.84,21.23,20.21,20.25,21.06,-0.81,-3.8462,32206.0,66440.972
300553.SZ,20240130,26.44,26.77,25.7,25.77,26.74,-0.97,-3.6275,15489.0,40446.154
300554.SZ,20240130,20.53,20.71,19.85,19.9,20.57,-0.67,-3.2572,24856.15,50328.308
300555.SZ,20240130,6.63,6.93,6.5,6.65,6.67,-0.02,-0.2999,22314.5,15000.533
300556.SZ,20240130,24.22,24.53,23.29,23.46,24.59,-1.13,-4.5954,69256.3,164916.537
300557.SZ,20240130,29.08,29.82,28.33,28.38,29.46,-1.08,-3.666,8322.0,24150.941
300558.SZ,20240130,40.4,40.98,39.54,39.6,40.65,-1.05,-2.583,27705.18,111275.705
300559.SZ,20240130,12.48,12.71,12.07,12.15,12.45,-0.3,-2.4096,66965.92,82812.367
300560.SZ,20240130,14.39,14.45,13.57,13.65,14.51,-0.86,-5.9269,51035.0,71148.861
300561.SZ,20240130,10.02,10.16,9.79,9.81,10.02,-0.21,-2.0958,31471.06,31259.285
300562.SZ,20240130,9.82,9.85,9.5,9.53,9.85,-0.32,-3.2487,55719.4,53818.696
300563.SZ,20240130,12.5,12.6,12.02,12.05,12.63,-0.58,-4.5922,37598.9,46261.252
300564.SZ,20240130,11.72,11.8,11.13,11.23,11.76,-0.53,-4.5068,24888.0,28296.803
300565.SZ,20240130,12.32,12.52,11.95,11.95,12.38,-0.43,-3.4733,31906.3,38952.321
300566.SZ,20240130,13.98,13.98,13.43,13.46,13.97,-0.51,-3.6507,50053.2,68436.265
300567.SZ,20240130,57.53,58.25,56.0,56.15,57.77,-1.62,-2.8042,30687.5,174642.812
300568.SZ,20240130,11.31,11.45,10.9,10.92,11.35,-0.43,-3.7885,169908.62,189697.097
300569.SZ,20240130,5.7,5.76,5.25,5.25,5.41,-0.16,-2.9575,202456.41,110345.023
300570.SZ,20240130,31.03,32.65,30.5,30.84,31.84,-1.0,-3.1407,104096.76,327628.959
300571.SZ,20240130,26.84,27.8,26.5,26.54,27.07,-0.53,-1.9579,26780.0,72507.886
300572.SZ,20240130,12.92,12.92,12.41,12.45,12.92,-0.47,-3.6378,36719.0,46538.52
300573.SZ,20240130,145.33,155.6,145.11,150.81,147.3,3.51,2.3829,23938.58,363826.447
300575.SZ,20240130,6.39,6.56,6.26,6.29,6.54,-0.25,-3.8226,71037.92,45328.825
300576.SZ,20240130,33.1,33.6,31.45,31.55,33.15,-1.6,-4.8265,57346.74,185447.008
300577.SZ,20240130,12.76,12.86,12.31,12.38,12.86,-0.48,-3.7325,19715.0,24839.465
300578.SZ,20240130,14.35,14.48,13.8,13.8,14.43,-0.63,-4.3659,19153.0,27071.303
300579.SZ,20240130,22.06,22.07,21.0,21.07,22.08,-1.01,-4.5743,26741.98,57500.945
300580.SZ,20240130,21.87,23.2,21.63,21.97,22.07,-0.1,-0.4531,61628.06,138147.831
300581.SZ,20240130,8.0,8.2,7.8,7.88,8.07,-0.19,-2.3544,43230.3,34646.697
300582.SZ,20240130,9.48,9.6,9.2,9.23,9.49,-0.26,-2.7397,29016.0,27248.251
300583.SZ,20240130,17.93,17.93,17.34,17.63,17.75,-0.12,-0.6761,17310.6,30375.704
300584.SZ,20240130,19.87,19.91,19.02,19.05,19.85,-0.8,-4.0302,14342.0,27842.766
300585.SZ,20240130,12.8,13.03,12.45,12.47,12.86,-0.39,-3.0327,30726.72,39179.946
300586.SZ,20240130,6.44,6.53,6.2,6.22,6.55,-0.33,-5.0382,61430.84,39124.917
300587.SZ,20240130,4.55,4.55,4.33,4.33,4.54,-0.21,-4.6256,139183.11,61714.899
300588.SZ,20240130,10.13,10.16,9.66,9.66,10.08,-0.42,-4.1667,47342.0,46733.327
300589.SZ,20240130,11.67,11.94,11.48,11.5,11.79,-0.29,-2.4597,38317.8,44816.287
300590.SZ,20240130,9.35,9.35,8.92,8.94,9.36,-0.42,-4.4872,51088.6,46577.848
300591.SZ,20240130,5.13,5.24,4.98,5.08,5.2,-0.12,-2.3077,73266.0,37267.315
300592.SZ,20240130,18.93,18.96,18.22,18.33,18.83,-0.5,-2.6553,46360.0,86142.375
300593.SZ,20240130,10.88,11.02,10.53,10.55,10.99,-0.44,-4.0036,75593.59,81345.627
300594.SZ,20240130,17.73,17.96,17.03,17.1,17.71,-0.61,-3.4444,15444.0,26939.685
300595.SZ,20240130,18.45,18.8,18.1,18.1,18.52,-0.42,-2.2678,63197.54,116631.668
300596.SZ,20240130,23.37,23.44,22.37,22.43,23.35,-0.92,-3.94,21964.97,50331.838
300597.SZ,20240130,7.97,8.1,7.83,7.85,8.0,-0.15,-1.875,39990.5,31863.137
300598.SZ,20240130,36.66,38.25,36.63,36.66,37.59,-0.93,-2.4741,26375.6,98531.367
300599.SZ,20240130,7.09,7.23,6.87,6.91,7.14,-0.23,-3.2213,32251.0,22620.224
300600.SZ,20240130,9.21,9.38,9.03,9.04,9.27,-0.23,-2.4811,52283.0,48174.946
300601.SZ,20240130,22.08,22.44,21.53,21.55,22.31,-0.76,-3.4065,87731.44,192751.247
300602.SZ,20240130,12.78,12.89,12.18,12.22,12.68,-0.46,-3.6278,96064.63,120631.261
300603.SZ,20240130,8.35,9.2,8.13,8.95,8.41,0.54,6.4209,224889.65,199029.874
300604.SZ,20240130,26.44,26.89,25.1,25.19,26.6,-1.41,-5.3008,155593.72,402325.871
300605.SZ,20240130,12.3,12.38,11.74,11.77,12.33,-0.56,-4.5418,24460.0,29385.712
300606.SZ,20240130,21.71,22.25,21.42,21.53,21.81,-0.28,-1.2838,48820.0,106362.291
300607.SZ,20240130,11.71,12.08,11.56,11.61,11.84,-0.23,-1.9426,51386.18,60607.672
300608.SZ,20240130,11.84,12.03,11.37,11.39,11.97,-0.58,-4.8454,125087.11,145520.625
300609.SZ,20240130,21.39,21.66,20.68,20.73,21.28,-0.55,-2.5846,47000.0,99448.143
300610.SZ,20240130,9.98,9.98,9.33,9.41,9.95,-0.54,-5.4271,31698.66,30394.865
300611.SZ,20240130,9.39,9.39,8.96,8.96,9.26,-0.3,-3.2397,41316.94,37865.998
300612.SZ,20240130,15.86,15.87,15.05,15.12,15.65,-0.53,-3.3866,35129.84,54156.421
300613.SZ,20240130,33.09,33.6,31.99,32.1,33.3,-1.2,-3.6036,22591.56,74129.732
300614.SZ,20240130,15.39,15.69,15.09,15.13,15.49,-0.36,-2.3241,16909.0,26023.076
300615.SZ,20240130,13.15,13.25,12.66,12.69,13.31,-0.62,-4.6582,15326.0,19874.165
300616.SZ,20240130,15.92,15.99,15.3,15.4,15.83,-0.43,-2.7164,18722.43,29331.633
300617.SZ,20240130,25.97,26.96,25.56,25.58,25.9,-0.32,-1.2355,15081.0,39592.393
300618.SZ,20240130,23.48,23.86,22.74,22.74,23.68,-0.94,-3.9696,21951.0,51230.035
300619.SZ,20240130,45.08,45.95,43.8,44.03,45.8,-1.77,-3.8646,3276.38,14706.016
300620.SZ,20240130,37.0,38.65,34.9,35.33,37.7,-2.37,-6.2865,101323.82,371144.876
300621.SZ,20240130,10.81,10.81,9.69,9.78,9.97,-0.19,-1.9057,57171.11,57060.989
300622.SZ,20240130,17.23,17.24,16.49,16.51,17.37,-0.86,-4.9511,25413.6,42849.591
300623.SZ,20240130,13.46,13.56,12.69,12.78,13.66,-0.88,-6.4422,127561.69,166795.442
300624.SZ,20240130,77.0,79.5,75.76,77.18,77.7,-0.52,-0.6692,77245.44,600073.299
300625.SZ,20240130,13.09,13.19,12.58,12.65,13.23,-0.58,-4.384,28541.0,36771.824
300626.SZ,20240130,9.1,9.2,8.6,8.66,9.15,-0.49,-5.3552,32033.0,28396.922
300627.SZ,20240130,24.48,24.65,23.74,24.03,24.55,-0.52,-2.1181,27141.18,65618.097
300628.SZ,20240130,26.33,26.58,25.33,25.44,26.55,-1.11,-4.1808,52166.29,134848.24
300629.SZ,20240130,16.99,17.62,16.81,16.92,16.99,-0.07,-0.412,53121.98,91165.655
300630.SZ,20240130,18.97,18.98,18.01,18.1,19.2,-1.1,-5.7292,125483.59,231006.146
300631.SZ,20240130,26.01,26.47,25.2,25.25,26.21,-0.96,-3.6627,6299.0,16235.642
300632.SZ,20240130,10.0,10.28,9.68,9.74,10.08,-0.34,-3.373,29005.66,28635.273
300633.SZ,20240130,37.56,37.95,36.31,36.37,37.75,-1.38,-3.6556,16877.78,62627.457
300634.SZ,20240130,16.25,16.74,16.03,16.12,16.49,-0.37,-2.2438,79966.33,130611.028
300635.SZ,20240130,11.43,12.4,11.11,11.38,11.89,-0.51,-4.2893,119417.92,138196.661
300636.SZ,20240130,8.1,8.1,7.55,7.6,8.07,-0.47,-5.824,128529.31,100245.496
300637.SZ,20240130,8.2,8.2,7.75,7.79,8.12,-0.33,-4.064,52698.5,41887.855
300638.SZ,20240130,14.7,15.06,14.45,14.46,14.66,-0.2,-1.3643,109871.3,162340.561
300639.SZ,20240130,7.31,7.45,7.2,7.21,7.47,-0.26,-3.4806,44545.0,32648.43
300640.SZ,20240130,5.65,5.65,5.38,5.43,5.61,-0.18,-3.2086,68947.0,37714.759
300641.SZ,20240130,4.92,5.02,4.73,4.78,4.98,-0.2,-4.0161,40900.0,19824.837
300642.SZ,20240130,14.74,14.79,14.22,14.24,14.63,-0.39,-2.6658,16502.4,24009.008
300643.SZ,20240130,10.2,10.22,9.81,9.82,10.2,-0.38,-3.7255,35908.0,35970.142
300644.SZ,20240130,16.85,16.92,16.16,16.23,16.8,-0.57,-3.3929,16247.9,26810.543
300645.SZ,20240130,14.98,15.1,14.33,14.33,14.85,-0.52,-3.5017,26438.0,38756.886
300647.SZ,20240130,5.12,5.16,4.9,4.94,5.13,-0.19,-3.7037,68898.0,34675.197
300648.SZ,20240130,20.31,20.67,19.7,19.72,20.51,-0.79,-3.8518,15272.79,30804.395
300649.SZ,20240130,14.94,14.98,14.39,14.41,14.96,-0.55,-3.6765,19553.0,28628.159
300650.SZ,20240130,10.5,10.69,10.18,10.19,10.61,-0.42,-3.9585,32693.7,33998.189
300651.SZ,20240130,17.1,17.16,16.3,16.33,16.96,-0.63,-3.7146,27929.0,46717.436
300652.SZ,20240130,21.88,21.88,20.9,20.9,21.59,-0.69,-3.1959,12351.56,26197.79
300653.SZ,20240130,23.12,23.21,22.42,22.42,23.3,-0.88,-3.7768,16416.13,37356.848
300654.SZ,20240130,9.28,9.3,8.84,8.84,9.31,-0.47,-5.0483,116257.8,105117.071
300655.SZ,20240130,7.67,7.75,7.38,7.41,7.67,-0.26,-3.3898,103407.29,78304.418
300656.SZ,20240130,21.1,21.1,19.62,20.0,20.94,-0.94,-4.489,22999.79,46424.879
300657.SZ,20240130,15.01,15.29,14.5,14.5,15.04,-0.54,-3.5904,101374.79,150949.182
300658.SZ,20240130,6.05,6.09,5.73,5.75,6.05,-0.3,-4.9587,65298.9,38430.693
300659.SZ,20240130,17.25,17.7,16.7,16.75,17.45,-0.7,-4.0115,34302.0,58624.753
300660.SZ,20240130,23.6,24.25,23.12,23.12,23.71,-0.59,-2.4884,37256.94,88056.586
300661.SZ,20240130,61.63,62.96,60.51,60.55,62.1,-1.55,-2.496,34896.06,214880.624
300662.SZ,20240130,22.16,22.16,21.0,21.48,21.92,-0.44,-2.0073,19007.13,41104.895
300663.SZ,20240130,11.98,12.09,11.41,11.45,12.05,-0.6,-4.9793,140103.23,164193.978
300664.SZ,20240130,4.99,5.06,4.93,4.94,5.01,-0.07,-1.3972,54736.5,27381.628
300665.SZ,20240130,7.75,7.75,7.39,7.42,7.68,-0.26,-3.3854,54088.0,40658.191
300666.SZ,20240130,43.84,43.84,41.3,41.43,43.84,-2.41,-5.4973,50955.91,215005.026
300667.SZ,20240130,13.79,13.84,13.1,13.11,13.17,-0.06,-0.4556,56963.75,76816.731
300668.SZ,20240130,23.41,23.41,22.8,22.87,23.55,-0.68,-2.8875,9607.6,22173.654
300669.SZ,20240130,13.53,13.53,12.89,13.05,13.49,-0.44,-3.2617,17194.5,22658.588
300670.SZ,20240130,6.43,6.54,6.2,6.22,6.48,-0.26,-4.0123,39226.5,24960.213
300671.SZ,20240130,24.5,24.95,23.62,23.7,24.76,-1.06,-4.2811,25058.05,60819.572
300672.SZ,20240130,51.91,52.38,48.51,48.7,52.88,-4.18,-7.9047,61869.79,310453.119
300673.SZ,20240130,12.76,12.77,12.24,12.26,12.76,-0.5,-3.9185,25673.5,31913.989
300674.SZ,20240130,13.14,13.35,12.82,12.88,13.2,-0.32,-2.4242,63143.77,82575.295
300675.SZ,20240130,14.35,14.35,13.7,13.71,14.49,-0.78,-5.383,39446.81,55110.373
300676.SZ,20240130,40.31,40.79,39.31,39.35,40.45,-1.1,-2.7194,18099.57,72444.805
300677.SZ,20240130,21.09,21.46,20.62,20.63,21.25,-0.62,-2.9176,37089.64,77750.728
300678.SZ,20240130,30.84,31.98,30.06,30.48,30.0,0.48,1.6,260854.73,811423.851
300679.SZ,20240130,33.7,34.0,32.08,32.25,33.7,-1.45,-4.3027,28337.63,93538.67
300680.SZ,20240130,15.4,15.7,15.1,15.18,15.51,-0.33,-2.1277,14934.44,22999.763
300681.SZ,20240130,14.8,14.93,14.34,14.36,14.8,-0.44,-2.973,28736.85,41987.496
300682.SZ,20240130,11.78,12.08,11.43,11.44,11.8,-0.36,-3.0508,131722.06,154978.056
300683.SZ,20240130,26.8,27.9,26.0,26.84,28.73,-1.89,-6.5785,15736.0,42823.939
300684.SZ,20240130,14.67,15.03,14.37,14.39,14.92,-0.53,-3.5523,29888.2,43934.059
300685.SZ,20240130,18.35,18.42,17.7,17.84,18.32,-0.48,-2.6201,16306.83,29519.328
300686.SZ,20240130,8.08,8.12,7.77,7.8,8.13,-0.33,-4.059,34011.2,27013.258
300687.SZ,20240130,16.49,16.97,16.0,16.17,16.49,-0.32,-1.9406,84143.31,138658.162
300688.SZ,20240130,24.06,24.19,22.5,22.58,24.18,-1.6,-6.617,53038.1,123087.804
300689.SZ,20240130,16.0,16.0,15.0,15.3,16.0,-0.7,-4.375,11231.2,17441.757
300690.SZ,20240130,14.53,14.84,14.08,14.12,14.83,-0.71,-4.7876,38942.0,56101.151
300691.SZ,20240130,17.09,17.19,16.15,16.2,17.02,-0.82,-4.8179,65201.06,108394.843
300692.SZ,20240130,5.77,5.78,5.53,5.54,5.77,-0.23,-3.9861,34842.15,19712.825
300693.SZ,20240130,27.41,28.37,27.0,27.81,27.55,0.26,0.9437,116586.38,324651.496
300694.SZ,20240130,10.25,10.44,10.03,10.05,10.34,-0.29,-2.8046,24520.0,25016.494
300695.SZ,20240130,44.95,46.49,44.05,44.09,45.89,-1.8,-3.9224,3600.0,16206.641
300696.SZ,20240130,13.7,13.99,13.4,13.41,13.88,-0.47,-3.3862,36097.0,49437.462
300697.SZ,20240130,10.6,10.63,10.22,10.25,10.63,-0.38,-3.5748,37606.0,39227.337
300698.SZ,20240130,29.49,29.78,28.56,28.65,29.5,-0.85,-2.8814,9386.0,27387.384
300699.SZ,20240130,22.43,24.56,22.03,23.25,22.2,1.05,4.7297,153137.3,360636.387
300700.SZ,20240130,12.5,12.81,12.25,12.28,12.65,-0.37,-2.9249,43877.52,55058.988
300701.SZ,20240130,8.71,8.87,8.38,8.47,8.81,-0.34,-3.8593,27981.75,24186.503
300702.SZ,20240130,17.03,17.43,16.74,17.25,17.06,0.19,1.1137,28532.0,49122.559
300703.SZ,20240130,10.0,10.03,9.63,9.64,9.96,-0.32,-3.2129,34376.64,33703.342
300705.SZ,20240130,30.77,30.77,29.82,30.04,30.79,-0.75,-2.4359,13312.0,40283.134
300706.SZ,20240130,20.23,20.3,19.2,19.22,20.27,-1.05,-5.1801,20924.28,41299.71
300707.SZ,20240130,14.35,14.6,13.8,13.84,14.32,-0.48,-3.352,35013.0,49493.519
300708.SZ,20240130,9.61,9.61,9.0,9.02,9.61,-0.59,-6.1394,142743.6,131891.912
300709.SZ,20240130,23.96,24.07,22.94,23.05,23.93,-0.88,-3.6774,51612.25,121424.23
300710.SZ,20240130,19.35,19.35,18.21,18.24,19.07,-0.83,-4.3524,16500.25,30691.713
300711.SZ,20240130,11.38,11.46,11.02,11.03,11.53,-0.5,-4.3365,32555.2,36485.248
300712.SZ,20240130,21.47,21.86,20.9,20.9,21.47,-0.57,-2.6549,13756.0,29418.658
300713.SZ,20240130,14.51,14.93,14.2,14.22,14.8,-0.58,-3.9189,17619.0,25593.264
300715.SZ,20240130,10.49,10.55,10.0,10.01,10.53,-0.52,-4.9383,17564.4,17924.911
300716.SZ,20240130,9.82,9.84,9.3,9.38,9.82,-0.44,-4.4807,36731.73,35193.792
300717.SZ,20240130,14.16,14.25,13.6,13.71,14.25,-0.54,-3.7895,13268.0,18476.791
300718.SZ,20240130,15.09,15.29,14.51,14.6,15.12,-0.52,-3.4392,26330.31,39113.634
300719.SZ,20240130,11.67,11.67,11.14,11.2,11.62,-0.42,-3.6145,52977.55,60376.986
300720.SZ,20240130,11.55,11.72,11.3,11.72,11.53,0.19,1.6479,24569.0,28228.496
300721.SZ,20240130,12.35,12.35,11.73,11.75,12.22,-0.47,-3.8462,23460.2,28145.805
300722.SZ,20240130,22.16,22.33,21.38,21.4,22.44,-1.04,-4.6346,16552.37,36206.027
300723.SZ,20240130,22.9,22.93,21.76,21.85,22.93,-1.08,-4.71,68486.69,151791.268
300724.SZ,20240130,59.9,61.0,58.1,58.4,60.7,-2.3,-3.7891,78365.21,465125.594
300725.SZ,20240130,30.0,30.55,29.29,29.35,30.18,-0.83,-2.7502,27037.73,80936.297
300726.SZ,20240130,23.26,23.62,22.79,22.79,23.4,-0.61,-2.6068,21443.61,49748.913
300727.SZ,20240130,21.9,21.99,21.13,21.16,22.05,-0.89,-4.0363,13897.0,29909.35
300729.SZ,20240130,17.42,18.35,17.1,17.22,17.51,-0.29,-1.6562,180425.9,319787.18
300730.SZ,20240130,10.25,10.41,9.88,9.93,10.37,-0.44,-4.243,66037.5,66831.769
300731.SZ,20240130,16.36,16.88,16.1,16.14,16.45,-0.31,-1.8845,29132.0,47957.648
300732.SZ,20240130,8.34,8.35,8.02,8.03,8.36,-0.33,-3.9474,25972.4,21219.711
300733.SZ,20240130,9.5,9.62,9.13,9.16,9.48,-0.32,-3.3755,30135.85,28231.458
300735.SZ,20240130,17.1,17.37,16.59,16.65,17.17,-0.52,-3.0285,143689.05,243606.855
300736.SZ,20240130,13.25,13.43,12.85,13.01,13.36,-0.35,-2.6198,42902.0,56154.543
300737.SZ,20240130,5.58,5.64,5.33,5.36,5.62,-0.26,-4.6263,97857.73,53625.254
300738.SZ,20240130,8.45,8.95,8.3,8.63,8.55,0.08,0.9357,240491.19,206816.294
300739.SZ,20240130,12.6,12.66,12.15,12.17,12.68,-0.51,-4.0221,24580.18,30541.712
300740.SZ,20240130,14.75,15.05,14.6,14.66,14.86,-0.2,-1.3459,56432.8,83664.378
300741.SZ,20240130,18.8,18.99,18.36,18.38,18.9,-0.52,-2.7513,11601.0,21681.556
300743.SZ,20240130,11.61,11.85,11.22,11.27,11.52,-0.25,-2.1701,30308.42,34901.594
300745.SZ,20240130,19.11,19.65,18.7,18.75,19.37,-0.62,-3.2008,35775.41,68546.319
300746.SZ,20240130,9.25,9.26,8.8,8.84,9.26,-0.42,-4.5356,22222.0,19964.531
300747.SZ,20240130,20.3,20.65,19.94,19.96,20.4,-0.44,-2.1569,42979.81,86863.011
300748.SZ,20240130,15.7,15.85,15.38,15.42,15.87,-0.45,-2.8355,99508.94,155450.228
300749.SZ,20240130,8.16,8.16,7.65,7.72,8.1,-0.38,-4.6914,33640.0,26313.237
300750.SZ,20240130,145.5,147.44,140.4,140.75,147.02,-6.27,-4.2647,327274.25,4680164.654
300751.SZ,20240130,108.65,110.7,106.4,106.93,110.12,-3.19,-2.8968,25069.03,271118.503
300752.SZ,20240130,13.75,14.0,13.44,13.53,14.06,-0.53,-3.7696,31308.62,42774.005
300753.SZ,20240130,14.66,15.0,13.8,13.89,14.25,-0.36,-2.5263,30873.8,43841.691
300755.SZ,20240130,16.7,16.75,16.2,16.2,16.74,-0.54,-3.2258,17731.5,29239.693
300756.SZ,20240130,13.35,13.41,12.9,12.92,13.76,-0.84,-6.1047,35325.91,46445.23
300757.SZ,20240130,55.88,56.47,53.95,53.95,56.0,-2.05,-3.6607,21757.38,119819.931
300758.SZ,20240130,8.35,8.44,8.12,8.14,8.37,-0.23,-2.7479,28960.0,24051.703
300759.SZ,20240130,21.85,23.05,21.85,22.53,22.16,0.37,1.6697,312965.64,705636.716
300760.SZ,20240130,269.1,272.58,266.01,267.77,269.0,-1.23,-0.4572,28101.49,755529.184
300761.SZ,20240130,18.23,18.75,17.85,17.85,18.45,-0.6,-3.252,26642.4,48291.57
300762.SZ,20240130,10.93,11.27,10.67,10.71,11.01,-0.3,-2.7248,143688.06,157642.529
300763.SZ,20240130,61.01,63.49,60.4,60.49,61.91,-1.42,-2.2937,88495.67,546693.21
300765.SZ,20240130,27.54,29.52,26.7,28.17,28.07,0.1,0.3563,275702.64,790339.65
300766.SZ,20240130,12.02,12.24,11.75,11.78,12.13,-0.35,-2.8854,54637.0,65645.842
300767.SZ,20240130,14.21,14.29,13.6,13.65,14.21,-0.56,-3.9409,47000.62,65690.871
300768.SZ,20240130,11.68,11.82,11.37,11.4,11.73,-0.33,-2.8133,28432.5,33003.618
300769.SZ,20240130,44.69,45.33,43.13,43.26,44.71,-1.45,-3.2431,90199.88,399537.561
300770.SZ,20240130,34.35,34.7,33.07,33.13,34.75,-1.62,-4.6619,30834.19,104268.781
300771.SZ,20240130,9.17,9.17,8.63,8.66,9.15,-0.49,-5.3552,31905.4,28220.33
300772.SZ,20240130,9.12,9.22,8.93,8.95,9.19,-0.24,-2.6115,54427.92,49550.49
300773.SZ,20240130,14.27,14.43,13.78,13.82,14.31,-0.49,-3.4242,67377.0,94737.869
300774.SZ,20240130,8.79,8.86,8.48,8.5,8.78,-0.28,-3.1891,26669.85,23048.541
300775.SZ,20240130,24.0,24.5,23.62,23.75,24.16,-0.41,-1.697,36461.35,87632.054
300776.SZ,20240130,46.16,46.82,44.32,44.35,46.19,-1.84,-3.9835,33244.36,151647.653
300777.SZ,20240130,22.97,23.38,22.27,22.27,22.99,-0.72,-3.1318,41176.8,94115.342
300778.SZ,20240130,11.95,12.19,11.53,11.61,12.07,-0.46,-3.8111,30014.5,35278.852
300779.SZ,20240130,38.69,38.8,34.56,35.3,39.0,-3.7,-9.4872,52134.32,190695.095
300780.SZ,20240130,16.1,16.31,15.57,15.61,16.0,-0.39,-2.4375,28344.0,45040.736
300781.SZ,20240130,32.5,32.89,31.54,31.6,32.79,-1.19,-3.6292,47186.3,151481.86
300782.SZ,20240130,99.0,99.47,95.6,95.63,98.7,-3.07,-3.1104,53809.46,520843.342
300783.SZ,20240130,16.9,17.06,16.66,16.68,17.13,-0.45,-2.627,64113.0,107944.85
300785.SZ,20240130,17.81,17.92,17.06,17.09,17.8,-0.71,-3.9888,39888.5,69676.013
300786.SZ,20240130,14.43,14.53,13.91,14.02,14.46,-0.44,-3.0429,32009.55,45359.793
300787.SZ,20240130,12.96,13.28,12.71,12.72,13.08,-0.36,-2.7523,21795.8,28244.401
300788.SZ,20240130,29.01,31.6,28.25,30.8,30.17,0.63,2.0882,162153.43,483343.092
300789.SZ,20240130,18.45,18.52,17.81,17.81,18.54,-0.73,-3.9374,10975.45,19964.055
300790.SZ,20240130,12.27,12.27,11.65,11.65,12.26,-0.61,-4.9755,43259.5,51601.506
300791.SZ,20240130,29.39,29.41,28.13,28.13,29.38,-1.25,-4.2546,22885.96,65224.185
300792.SZ,20240130,19.5,19.7,18.9,18.98,19.66,-0.68,-3.4588,21048.01,40612.904
300793.SZ,20240130,14.11,14.64,13.92,13.96,14.24,-0.28,-1.9663,120861.29,172789.732
300795.SZ,20240130,33.73,34.23,32.0,33.23,33.11,0.12,0.3624,9823.0,33010.62
300796.SZ,20240130,15.6,15.89,15.52,15.7,15.74,-0.04,-0.2541,24134.56,37823.957
300797.SZ,20240130,11.35,11.46,11.04,11.06,11.59,-0.53,-4.5729,42861.5,48317.128
300798.SZ,20240130,8.38,8.54,8.09,8.13,8.27,-0.14,-1.6929,87676.56,72638.672
300800.SZ,20240130,11.94,11.94,10.98,11.05,11.52,-0.47,-4.0799,16659.63,18737.182
300801.SZ,20240130,13.76,13.87,13.46,13.47,13.88,-0.41,-2.9539,14171.0,19360.642
300802.SZ,20240130,16.2,16.2,15.72,15.77,16.23,-0.46,-2.8343,18070.28,28667.383
300803.SZ,20240130,45.54,46.83,44.68,44.8,45.77,-0.97,-2.1193,90199.64,413195.182
300804.SZ,20240130,27.31,27.31,26.1,26.15,27.28,-1.13,-4.1422,5439.96,14425.898
300805.SZ,20240130,8.05,8.22,7.84,7.88,8.16,-0.28,-3.4314,81918.0,65540.691
300806.SZ,20240130,9.97,10.19,9.75,9.79,10.07,-0.28,-2.7805,35937.87,35841.258
300807.SZ,20240130,25.86,25.86,24.43,24.5,25.69,-1.19,-4.6322,10634.0,26627.166
300808.SZ,20240130,14.78,15.18,14.31,15.0,15.0,0.0,0.0,65145.11,96246.235
300809.SZ,20240130,22.03,22.8,21.71,21.95,22.26,-0.31,-1.3926,35010.4,78123.528
300810.SZ,20240130,17.8,17.83,16.95,17.03,17.91,-0.88,-4.9135,21590.0,37511.512
300811.SZ,20240130,46.5,47.6,45.5,45.62,46.9,-1.28,-2.7292,19562.8,91089.986
300812.SZ,20240130,27.9,28.65,26.2,26.27,28.41,-2.14,-7.5326,136002.57,368968.099
300813.SZ,20240130,19.98,20.08,19.04,19.13,19.99,-0.86,-4.3022,9315.4,18206.188
300814.SZ,20240130,28.63,29.12,26.21,26.3,29.8,-3.5,-11.745,73061.56,201702.477
300815.SZ,20240130,12.97,13.14,12.67,12.69,13.0,-0.31,-2.3846,37132.44,47988.602
300816.SZ,20240130,21.55,21.55,20.74,20.78,21.25,-0.47,-2.2118,11465.8,24123.294
300817.SZ,20240130,13.48,13.73,13.08,13.12,13.68,-0.56,-4.0936,22452.92,30031.767
300818.SZ,20240130,27.33,27.88,26.5,26.53,27.33,-0.8,-2.9272,7673.5,20556.202
300819.SZ,20240130,13.6,13.6,12.97,13.0,13.47,-0.47,-3.4892,19011.5,25064.497
300820.SZ,20240130,41.36,41.48,39.8,39.8,41.2,-1.4,-3.3981,22598.25,91819.787
300821.SZ,20240130,8.25,8.25,7.36,7.46,8.49,-1.03,-12.1319,264628.41,205125.906
300822.SZ,20240130,11.44,11.44,10.9,10.92,11.44,-0.52,-4.5455,19846.5,22162.604
300823.SZ,20240130,18.46,18.6,17.78,17.79,18.63,-0.84,-4.5089,15537.0,28179.959
300824.SZ,20240130,8.05,8.14,7.8,7.85,8.1,-0.25,-3.0864,24324.5,19425.801
300825.SZ,20240130,10.49,10.8,10.23,10.28,10.63,-0.35,-3.2926,49401.16,51739.651
300826.SZ,20240130,14.53,14.64,13.95,14.0,14.66,-0.66,-4.502,24987.54,35588.316
300827.SZ,20240130,24.0,24.8,23.58,23.65,24.35,-0.7,-2.8747,50219.75,121593.788
300828.SZ,20240130,12.94,12.95,12.14,12.17,12.68,-0.51,-4.0221,18803.0,23369.775
300829.SZ,20240130,16.89,17.25,16.41,16.43,17.12,-0.69,-4.0304,10255.6,17185.66
300830.SZ,20240130,6.61,6.65,6.4,6.42,6.65,-0.23,-3.4586,33872.0,22138.802
300831.SZ,20240130,10.71,10.8,10.37,10.42,10.78,-0.36,-3.3395,24279.0,25551.014
300832.SZ,20240130,70.53,71.55,69.5,69.85,71.57,-1.72,-2.4032,22491.84,158129.419
300833.SZ,20240130,95.88,101.15,94.5,98.61,96.54,2.07,2.1442,4891.63,48082.108
300834.SZ,20240130,18.63,18.67,17.9,18.03,18.65,-0.62,-3.3244,6559.68,12025.964
300835.SZ,20240130,24.74,25.15,22.9,23.37,25.5,-2.13,-8.3529,46962.1,113111.651
300836.SZ,20240130,23.18,23.2,22.01,22.08,23.0,-0.92,-4.0,11570.3,26095.219
300837.SZ,20240130,24.56,24.7,23.6,23.68,24.56,-0.88,-3.5831,6559.0,15769.634
300838.SZ,20240130,13.8,13.8,13.12,13.2,13.72,-0.52,-3.7901,13166.68,17673.261
300839.SZ,20240130,8.98,8.98,8.62,8.65,9.03,-0.38,-4.2082,36981.4,32560.322
300840.SZ,20240130,16.75,16.76,16.03,16.6,16.5,0.1,0.6061,38591.91,63736.997
300841.SZ,20240130,59.25,59.75,57.5,57.53,59.25,-1.72,-2.903,11495.75,67288.483
300842.SZ,20240130,65.0,69.2,64.15,66.99,65.88,1.11,1.6849,49538.25,331577.492
300843.SZ,20240130,17.84,18.24,17.11,17.16,18.12,-0.96,-5.298,19663.0,34419.702
300844.SZ,20240130,31.38,31.38,29.6,29.84,31.12,-1.28,-4.1131,9634.99,29054.773
300845.SZ,20240130,14.85,14.89,14.24,14.24,14.83,-0.59,-3.9784,17039.0,24779.026
300846.SZ,20240130,11.42,11.73,11.19,11.24,11.56,-0.32,-2.7682,101186.76,115632.407
300847.SZ,20240130,16.75,18.5,16.63,17.44,17.1,0.34,1.9883,282654.5,497510.106
300848.SZ,20240130,14.86,14.88,14.2,14.2,14.8,-0.6,-4.0541,11621.79,16917.96
300849.SZ,20240130,12.65,12.69,12.41,12.57,12.68,-0.11,-0.8675,14314.88,17964.033
300850.SZ,20240130,24.81,25.09,24.21,24.26,24.81,-0.55,-2.2168,30164.73,74673.05
300851.SZ,20240130,27.51,27.9,26.42,26.54,27.93,-1.39,-4.9767,10111.6,27351.406
300852.SZ,20240130,29.91,30.19,29.06,29.07,30.0,-0.93,-3.1,6778.0,20075.447
300853.SZ,20240130,20.09,20.19,19.39,19.39,20.4,-1.01,-4.951,42114.9,83232.155
300854.SZ,20240130,15.5,15.58,14.83,14.92,15.47,-0.55,-3.5553,17155.0,25940.754
300855.SZ,20240130,22.2,22.58,21.35,21.37,22.45,-1.08,-4.8107,27264.76,59752.874
300856.SZ,20240130,62.0,63.19,59.88,60.21,62.55,-2.34,-3.741,10540.9,64647.7
300857.SZ,20240130,43.3,44.5,41.21,41.6,42.9,-1.3,-3.0303,69309.51,294583.191
300858.SZ,20240130,17.07,17.2,16.3,16.67,17.14,-0.47,-2.7421,10851.16,18010.538
300859.SZ,20240130,26.15,26.35,25.71,26.2,26.27,-0.07,-0.2665,23435.6,61097.001
300860.SZ,20240130,43.79,44.2,42.2,42.3,43.61,-1.31,-3.0039,9732.0,41974.931
300861.SZ,20240130,26.39,26.74,25.4,25.43,26.5,-1.07,-4.0377,39730.75,103439.321
300862.SZ,20240130,33.87,34.3,32.66,32.94,33.9,-0.96,-2.8319,13961.05,46631.1
300863.SZ,20240130,38.0,38.71,37.25,37.41,38.2,-0.79,-2.0681,6060.04,23025.742
300864.SZ,20240130,19.23,19.64,18.89,18.96,19.46,-0.5,-2.5694,9103.89,17556.647
300865.SZ,20240130,18.46,18.46,17.52,17.56,18.21,-0.65,-3.5695,7482.0,13406.209
300866.SZ,20240130,72.46,72.88,69.55,69.65,72.46,-2.81,-3.878,20454.51,145785.498
300867.SZ,20240130,13.75,13.91,13.45,13.45,13.78,-0.33,-2.3948,13671.1,18721.979
300868.SZ,20240130,17.62,17.62,17.02,17.04,17.61,-0.57,-3.2368,15334.81,26354.288
300869.SZ,20240130,18.09,18.18,17.6,17.63,18.17,-0.54,-2.9719,19865.0,35585.252
300870.SZ,20240130,37.02,40.58,36.1,40.58,33.82,6.76,19.9882,62282.43,248024.652
300871.SZ,20240130,11.99,12.17,11.55,11.61,12.03,-0.42,-3.4913,18394.0,21775.203
300872.SZ,20240130,12.26,12.78,12.06,12.09,12.19,-0.1,-0.8203,66992.9,83311.616
300873.SZ,20240130,17.87,18.05,16.99,17.06,17.9,-0.84,-4.6927,30714.0,53630.171
300875.SZ,20240130,25.45,26.15,25.1,25.1,25.56,-0.46,-1.7997,25127.12,64301.252
300876.SZ,20240130,21.1,21.1,20.09,20.09,21.01,-0.92,-4.3789,5652.0,11636.191
300877.SZ,20240130,15.43,15.63,14.81,14.89,15.38,-0.49,-3.186,15290.41,23161.937
300878.SZ,20240130,20.8,21.11,20.29,20.33,21.26,-0.93,-4.3744,11978.0,24783.503
300879.SZ,20240130,13.7,13.7,13.13,13.15,13.6,-0.45,-3.3088,13284.5,17772.079
300880.SZ,20240130,15.05,15.54,14.78,14.8,15.32,-0.52,-3.3943,21233.04,32092.103
300881.SZ,20240130,21.88,21.9,20.91,20.93,22.1,-1.17,-5.2941,11735.6,25114.565
300882.SZ,20240130,18.91,19.18,18.38,18.45,18.94,-0.49,-2.5871,15445.3,29059.303
300883.SZ,20240130,5.96,6.08,5.72,5.75,6.02,-0.27,-4.485,64991.0,38042.332
300884.SZ,20240130,10.88,10.89,10.23,10.23,10.91,-0.68,-6.2328,86971.44,91635.317
300885.SZ,20240130,8.53,8.64,8.18,8.21,8.6,-0.39,-4.5349,28070.3,23546.274
300886.SZ,20240130,20.75,20.81,19.71,19.74,20.83,-1.09,-5.2328,6345.11,12750.591
300887.SZ,20240130,9.33,9.43,9.0,9.05,9.3,-0.25,-2.6882,62809.32,57829.65
300888.SZ,20240130,34.76,35.18,34.17,34.17,34.8,-0.63,-1.8103,12504.8,43473.826
300889.SZ,20240130,13.76,13.77,13.1,13.15,13.8,-0.65,-4.7101,21947.0,29468.669
300890.SZ,20240130,26.7,26.81,25.4,25.49,26.72,-1.23,-4.6033,13916.26,36305.63
300891.SZ,20240130,8.51,8.6,8.15,8.18,8.32,-0.14,-1.6827,44541.41,37225.983
300892.SZ,20240130,20.55,22.05,20.21,20.28,21.63,-1.35,-6.2413,11026.0,22750.59
300893.SZ,20240130,26.36,26.68,24.61,24.88,26.16,-1.28,-4.893,37352.97,94568.205
300894.SZ,20240130,14.14,14.21,13.66,13.69,14.24,-0.55,-3.8624,29050.0,40441.562
300895.SZ,20240130,27.67,28.22,26.59,26.76,27.92,-1.16,-4.1547,24382.46,66600.053
300896.SZ,20240130,281.0,288.0,279.8,283.0,282.66,0.34,0.1203,29003.98,823859.017
300897.SZ,20240130,28.23,28.58,27.11,27.12,28.6,-1.48,-5.1748,6182.5,17158.739
300898.SZ,20240130,20.39,20.79,19.82,19.84,20.9,-1.06,-5.0718,21367.0,43309.927
300899.SZ,20240130,31.2,32.69,28.54,28.57,35.67,-7.1,-19.9047,169976.57,515558.327
300900.SZ,20240130,20.27,20.66,20.0,20.05,20.47,-0.42,-2.0518,17417.08,35452.371
300901.SZ,20240130,8.66,8.66,8.16,8.18,8.71,-0.53,-6.085,27953.51,23412.905
300902.SZ,20240130,28.8,28.8,27.17,27.99,28.84,-0.85,-2.9473,13454.09,37562.004
300903.SZ,20240130,7.65,7.72,7.36,7.38,7.72,-0.34,-4.4041,59452.8,44901.473
300904.SZ,20240130,50.0,51.59,49.34,49.67,51.32,-1.65,-3.2151,12538.53,62878.734
300905.SZ,20240130,14.72,14.87,14.19,14.23,14.76,-0.53,-3.5908,22823.49,33189.214
300906.SZ,20240130,21.98,22.17,21.12,21.14,21.88,-0.74,-3.3821,10632.0,22828.707
300907.SZ,20240130,17.92,18.3,17.31,17.48,18.07,-0.59,-3.2651,10607.1,18881.753
300908.SZ,20240130,37.48,37.48,35.7,35.88,37.19,-1.31,-3.5225,6524.0,23758.385
300909.SZ,20240130,22.73,23.0,22.21,22.24,22.99,-0.75,-3.2623,13930.79,31308.982
300910.SZ,20240130,38.81,40.11,38.5,38.54,39.05,-0.51,-1.306,12373.02,48597.567
300911.SZ,20240130,30.5,30.87,29.72,29.9,30.88,-0.98,-3.1736,12992.0,39213.706
300912.SZ,20240130,15.2,15.2,14.43,14.43,15.0,-0.57,-3.8,17865.94,26370.191
300913.SZ,20240130,24.33,24.36,23.0,23.05,24.35,-1.3,-5.3388,31191.86,73670.975
300915.SZ,20240130,28.89,28.97,27.65,27.66,28.89,-1.23,-4.2575,4511.0,12727.062
300916.SZ,20240130,19.39,19.43,18.55,18.62,19.32,-0.7,-3.6232,9630.5,18269.427
300917.SZ,20240130,25.44,25.86,23.46,23.46,26.71,-3.25,-12.1677,177818.3,435415.205
300918.SZ,20240130,9.97,9.97,9.4,9.49,9.9,-0.41,-4.1414,27084.0,26088.922
300919.SZ,20240130,44.1,44.48,43.0,43.02,44.22,-1.2,-2.7137,22891.52,100234.085
300920.SZ,20240130,18.0,18.07,17.33,17.43,17.85,-0.42,-2.3529,13136.64,23160.719
300921.SZ,20240130,20.2,20.26,19.25,19.37,20.2,-0.83,-4.1089,15809.8,31206.419
300922.SZ,20240130,14.07,14.17,13.55,13.58,14.14,-0.56,-3.9604,22558.0,31309.186
300923.SZ,20240130,20.42,20.51,19.43,19.45,20.48,-1.03,-5.0293,7970.0,15871.439
300925.SZ,20240130,9.55,9.76,9.25,9.3,9.56,-0.26,-2.7197,114522.13,108649.266
300926.SZ,20240130,23.97,24.52,23.34,23.4,23.88,-0.48,-2.0101,25796.0,61534.686
300927.SZ,20240130,14.22,14.22,13.54,13.59,14.15,-0.56,-3.9576,12417.68,17192.786
300928.SZ,20240130,39.39,39.98,38.5,39.39,39.82,-0.43,-1.0799,13560.44,53025.951
300929.SZ,20240130,10.89,10.96,10.44,10.45,10.89,-0.44,-4.0404,23234.0,24739.639
300930.SZ,20240130,19.06,19.11,18.36,18.47,18.98,-0.51,-2.687,7190.0,13487.118
300931.SZ,20240130,7.06,7.11,6.66,6.69,7.05,-0.36,-5.1064,41104.84,28113.644
300932.SZ,20240130,13.43,13.43,12.6,12.76,13.25,-0.49,-3.6981,18384.4,23757.156
300933.SZ,20240130,7.15,7.2,6.82,6.83,7.21,-0.38,-5.2705,93722.92,65638.423
300935.SZ,20240130,22.16,22.55,21.46,21.52,22.25,-0.73,-3.2809,12822.07,28163.146
300936.SZ,20240130,34.43,34.43,32.65,32.65,34.53,-1.88,-5.4445,10787.89,36015.975
300937.SZ,20240130,26.0,26.11,25.0,25.18,26.21,-1.03,-3.9298,7813.96,20051.907
300938.SZ,20240130,28.8,29.26,28.4,28.46,29.08,-0.62,-2.132,6357.2,18312.132
300939.SZ,20240130,27.5,28.37,27.33,27.43,27.97,-0.54,-1.9306,13979.0,38899.744
300940.SZ,20240130,15.68,15.88,15.35,15.65,15.68,-0.03,-0.1913,23522.41,36862.404
300941.SZ,20240130,19.68,19.78,18.3,18.4,20.17,-1.77,-8.7754,111544.99,210481.591
300942.SZ,20240130,9.94,9.96,9.57,9.59,9.96,-0.37,-3.7149,15592.0,15252.91
300943.SZ,20240130,11.6,11.67,11.14,11.16,11.64,-0.48,-4.1237,15544.13,17723.433
300945.SZ,20240130,11.02,11.14,10.5,10.5,11.01,-0.51,-4.6322,57995.87,62518.253
300946.SZ,20240130,26.06,26.36,25.21,25.33,26.32,-0.99,-3.7614,7300.8,18790.481
300947.SZ,20240130,13.88,14.1,13.27,13.32,14.16,-0.84,-5.9322,25251.55,34486.584
300948.SZ,20240130,12.84,12.94,12.34,12.36,12.9,-0.54,-4.186,18350.61,23106.996
300949.SZ,20240130,42.74,43.21,41.28,41.37,43.16,-1.79,-4.1474,13365.08,56272.668
300950.SZ,20240130,13.65,13.66,13.06,13.15,13.68,-0.53,-3.8743,13848.72,18431.203
300951.SZ,20240130,43.71,43.91,41.73,42.01,43.72,-1.71,-3.9113,11033.56,47182.78
300952.SZ,20240130,18.58,18.58,18.0,18.01,18.58,-0.57,-3.0678,13361.1,24371.856
300953.SZ,20240130,42.24,42.89,41.07,41.13,42.39,-1.26,-2.9724,6364.0,26762.967
300955.SZ,20240130,18.0,18.19,17.22,17.28,18.0,-0.72,-4.0,8690.2,15326.345
300956.SZ,20240130,14.73,14.75,13.76,13.82,14.86,-1.04,-6.9987,27365.0,38772.029
300957.SZ,20240130,59.56,59.96,57.69,57.69,60.15,-2.46,-4.0898,36278.67,212489.139
300958.SZ,20240130,16.44,16.44,15.29,15.33,15.84,-0.51,-3.2197,27271.0,42710.609
300959.SZ,20240130,29.78,30.25,28.8,28.98,30.22,-1.24,-4.1032,6034.5,17819.845
300960.SZ,20240130,19.46,19.47,18.3,18.33,19.21,-0.88,-4.5809,9768.0,18284.101
300961.SZ,20240130,10.61,10.62,9.7,9.77,10.71,-0.94,-8.7768,55225.99,55235.153
300962.SZ,20240130,15.09,15.65,14.83,14.95,15.72,-0.77,-4.8982,87189.24,132207.322
300963.SZ,20240130,10.74,10.94,10.35,10.39,10.9,-0.51,-4.6789,29679.05,31503.617
300964.SZ,20240130,30.83,31.3,29.82,29.91,31.0,-1.09,-3.5161,8433.53,25728.304
300965.SZ,20240130,43.23,43.44,42.0,42.08,43.21,-1.13,-2.6151,3504.0,14952.053
300966.SZ,20240130,18.97,19.0,18.14,18.17,19.16,-0.99,-5.167,15314.15,28364.966
300967.SZ,20240130,12.1,12.16,11.6,11.65,12.17,-0.52,-4.2728,16304.06,19375.367
300968.SZ,20240130,9.51,9.9,8.6,8.83,10.6,-1.77,-16.6981,213640.66,195514.496
300969.SZ,20240130,76.99,77.24,73.8,75.4,77.55,-2.15,-2.7724,7777.51,59216.456
300970.SZ,20240130,14.79,14.83,14.21,14.25,14.85,-0.6,-4.0404,16419.91,23846.338
300971.SZ,20240130,20.54,20.76,19.93,19.97,20.58,-0.61,-2.964,14375.0,29153.21
300972.SZ,20240130,33.1,33.4,32.6,32.82,33.11,-0.29,-0.8759,7684.0,25368.793
300973.SZ,20240130,37.5,37.75,35.62,36.13,38.81,-2.68,-6.9054,48013.61,177052.422
300975.SZ,20240130,6.95,7.5,6.89,7.14,6.93,0.21,3.0303,257702.96,184719.953
300976.SZ,20240130,38.28,38.41,36.72,36.72,38.3,-1.58,-4.1253,7684.2,28848.036
300977.SZ,20240130,16.72,16.98,16.4,16.42,16.92,-0.5,-2.9551,13372.49,22339.864
300978.SZ,20240130,11.2,11.35,10.82,10.89,11.2,-0.31,-2.7679,30975.63,34266.781
300979.SZ,20240130,53.17,53.34,51.6,53.0,53.42,-0.42,-0.7862,21910.52,115279.337
300980.SZ,20240130,19.2,19.2,17.96,18.0,18.81,-0.81,-4.3062,9701.5,17930.168
300981.SZ,20240130,12.48,12.49,11.95,12.05,13.06,-1.01,-7.7335,58950.26,72301.796
300982.SZ,20240130,21.29,22.56,21.01,21.74,22.59,-0.85,-3.7627,61252.75,134420.46
300983.SZ,20240130,27.55,27.55,26.5,26.58,27.55,-0.97,-3.5209,7003.0,18792.606
300984.SZ,20240130,22.79,22.97,22.0,22.0,22.6,-0.6,-2.6549,6452.0,14427.059
300985.SZ,20240130,31.05,31.44,29.86,30.0,30.9,-0.9,-2.9126,16145.67,49314.766
300986.SZ,20240130,11.01,11.01,10.44,10.46,11.01,-0.55,-4.9955,24331.43,26041.217
300987.SZ,20240130,15.71,15.77,15.0,15.0,15.77,-0.77,-4.8827,32829.91,50404.25
300988.SZ,20240130,16.61,17.0,16.21,16.23,16.73,-0.5,-2.9886,13395.0,22263.116
300989.SZ,20240130,17.47,17.53,16.62,16.62,17.47,-0.85,-4.8655,23151.05,39282.449
300990.SZ,20240130,31.6,32.15,30.72,30.8,31.67,-0.87,-2.7471,18081.6,56680.067
300991.SZ,20240130,14.26,14.26,13.31,13.31,14.09,-0.78,-5.5358,16688.0,22761.032
300992.SZ,20240130,18.06,18.06,16.98,17.01,18.07,-1.06,-5.8661,15906.0,27840.184
300993.SZ,20240130,10.36,10.42,10.0,10.09,10.42,-0.33,-3.167,27982.45,28615.67
300994.SZ,20240130,12.02,12.02,11.42,11.5,11.95,-0.45,-3.7657,18902.67,22073.369
300995.SZ,20240130,17.97,18.06,17.13,17.2,17.98,-0.78,-4.3382,11333.0,19866.858
300996.SZ,20240130,15.75,16.27,15.39,15.55,15.73,-0.18,-1.1443,47273.69,74770.286
300997.SZ,20240130,11.95,11.95,11.45,11.52,11.85,-0.33,-2.7848,22299.0,26027.087
300998.SZ,20240130,21.74,21.76,18.52,18.9,21.8,-2.9,-13.3028,51060.42,101048.219
300999.SZ,20240130,30.3,30.66,30.05,30.06,30.48,-0.42,-1.378,39092.41,118604.924
301000.SZ,20240130,16.12,16.42,15.5,15.57,16.49,-0.92,-5.5791,18990.1,30076.765
301001.SZ,20240130,21.64,22.62,21.41,21.84,21.86,-0.02,-0.0915,51055.22,111732.675
301002.SZ,20240130,17.35,17.35,16.79,16.9,17.34,-0.44,-2.5375,23157.66,39337.184
301003.SZ,20240130,21.01,21.01,20.25,20.35,20.83,-0.48,-2.3044,11226.5,23180.002
301004.SZ,20240130,58.46,59.59,55.3,55.3,58.31,-3.01,-5.1621,25624.0,145501.572
301005.SZ,20240130,28.97,28.97,27.83,28.15,29.01,-0.86,-2.9645,6575.9,18558.156
301006.SZ,20240130,15.05,15.05,14.35,14.37,15.05,-0.68,-4.5183,8590.01,12621.813
301007.SZ,20240130,13.33,13.89,13.14,13.19,13.52,-0.33,-2.4408,49266.52,66449.608
301008.SZ,20240130,25.4,25.4,24.08,24.1,25.2,-1.1,-4.3651,8318.2,20439.506
301009.SZ,20240130,9.51,9.6,9.17,9.2,9.61,-0.41,-4.2664,39032.18,36417.54
301010.SZ,20240130,16.3,16.35,15.38,15.46,16.01,-0.55,-3.4354,13183.0,20753.409
301011.SZ,20240130,17.6,18.68,17.6,17.79,19.07,-1.28,-6.7121,53506.25,95936.207
301012.SZ,20240130,16.97,17.76,16.81,17.14,17.28,-0.14,-0.8102,22709.58,39211.91
301013.SZ,20240130,11.11,11.36,10.95,10.95,11.24,-0.29,-2.5801,51555.0,57462.458
301015.SZ,20240130,31.01,31.01,29.74,29.87,31.03,-1.16,-3.7383,18240.88,55476.12
301016.SZ,20240130,17.86,18.13,17.25,17.38,18.13,-0.75,-4.1368,8038.0,14147.489
301017.SZ,20240130,16.49,16.63,15.95,16.23,16.55,-0.32,-1.9335,18490.3,30179.401
301018.SZ,20240130,20.09,20.56,19.7,19.77,20.26,-0.49,-2.4186,24572.85,49509.822
301019.SZ,20240130,20.29,20.65,19.53,19.56,20.38,-0.82,-4.0236,8539.5,16996.483
301020.SZ,20240130,17.37,17.68,16.9,16.97,17.66,-0.69,-3.9071,8260.0,14262.355
301021.SZ,20240130,19.86,20.12,18.75,18.8,20.0,-1.2,-6.0,24347.22,47180.61
301022.SZ,20240130,22.35,22.55,21.32,21.37,22.39,-1.02,-4.5556,5970.3,13050.084
301023.SZ,20240130,32.3,32.77,31.18,31.2,32.51,-1.31,-4.0295,6157.88,19658.023
301024.SZ,20240130,25.0,26.57,24.9,25.41,26.12,-0.71,-2.7182,26406.0,68245.734
301025.SZ,20240130,9.66,9.67,9.31,9.38,9.76,-0.38,-3.8934,29728.03,28164.442
301026.SZ,20240130,25.57,25.65,24.59,24.59,25.75,-1.16,-4.5049,8152.0,20478.005
301027.SZ,20240130,11.47,11.62,10.95,10.95,11.55,-0.6,-5.1948,30139.51,33791.214
301028.SZ,20240130,9.27,9.31,8.93,8.93,9.27,-0.34,-3.6677,35778.0,32570.953
301029.SZ,20240130,19.87,20.07,19.17,19.2,19.94,-0.74,-3.7111,46128.6,90410.387
301030.SZ,20240130,41.0,43.24,40.38,41.78,41.48,0.3,0.7232,59407.85,250472.616
301031.SZ,20240130,100.49,102.28,97.74,98.13,99.0,-0.87,-0.8788,5712.92,57061.639
301032.SZ,20240130,8.38,8.4,8.02,8.04,8.35,-0.31,-3.7126,26122.76,21297.429
301033.SZ,20240130,35.79,35.79,34.55,34.55,35.47,-0.92,-2.5937,7512.85,26265.195
301035.SZ,20240130,58.1,58.1,55.7,56.7,58.1,-1.4,-2.4096,5730.97,32624.608
301036.SZ,20240130,19.0,19.07,18.2,18.21,19.12,-0.91,-4.7594,13297.64,24710.468
301037.SZ,20240130,16.71,16.95,15.91,15.94,16.77,-0.83,-4.9493,13308.9,21831.843
301038.SZ,20240130,17.03,17.27,16.51,16.53,17.35,-0.82,-4.7262,30244.0,51024.522
301039.SZ,20240130,9.13,9.14,8.69,8.71,9.26,-0.55,-5.9395,281672.63,249718.231
301040.SZ,20240130,15.52,15.56,14.75,14.82,15.53,-0.71,-4.5718,9823.58,14854.727
301041.SZ,20240130,21.1,21.22,20.21,20.28,21.16,-0.88,-4.1588,18204.63,37765.259
301042.SZ,20240130,31.08,31.51,30.0,30.21,31.43,-1.22,-3.8816,8944.4,27486.536
301043.SZ,20240130,28.9,28.92,26.93,27.06,28.42,-1.36,-4.7854,10394.0,28943.19
301045.SZ,20240130,22.3,22.3,20.77,21.15,22.12,-0.97,-4.3852,13029.0,27927.331
301046.SZ,20240130,24.21,24.56,23.2,23.21,24.5,-1.29,-5.2653,28359.05,67425.709
301047.SZ,20240130,68.0,69.44,66.76,66.8,68.99,-2.19,-3.1744,3715.7,25299.917
301048.SZ,20240130,9.8,10.35,9.74,9.8,10.09,-0.29,-2.8741,127677.29,127810.933
301049.SZ,20240130,20.05,20.05,19.0,19.07,20.01,-0.94,-4.6977,8569.0,16680.706
301050.SZ,20240130,47.62,48.87,46.7,46.75,47.95,-1.2,-2.5026,17125.55,81881.544
301051.SZ,20240130,53.59,53.59,51.01,51.71,53.85,-2.14,-3.974,7271.5,38038.484
301052.SZ,20240130,36.0,36.55,34.8,34.97,36.52,-1.55,-4.2442,22987.89,81920.887
301053.SZ,20240130,23.0,23.16,22.4,22.47,22.99,-0.52,-2.2619,6188.0,14026.586
301055.SZ,20240130,12.32,12.32,11.71,11.76,12.24,-0.48,-3.9216,15536.33,18542.765
301056.SZ,20240130,8.86,8.89,8.55,8.6,8.9,-0.3,-3.3708,29370.0,25533.67
301057.SZ,20240130,14.5,14.5,13.55,13.58,14.32,-0.74,-5.1676,14419.0,20029.42
301058.SZ,20240130,11.1,11.78,10.95,11.11,11.7,-0.59,-5.0427,329722.33,372322.429
301059.SZ,20240130,10.03,10.06,9.6,9.68,10.02,-0.34,-3.3932,16117.78,15815.577
301060.SZ,20240130,10.9,11.04,10.6,10.6,10.96,-0.36,-3.2847,22426.54,24292.618
301061.SZ,20240130,51.31,52.16,49.73,49.99,51.27,-1.28,-2.4966,7422.0,37659.892
301062.SZ,20240130,9.1,9.1,8.66,8.84,9.05,-0.21,-2.3204,46967.46,41656.321
301063.SZ,20240130,18.0,18.11,17.23,17.33,18.23,-0.9,-4.9369,13699.93,24241.64
301065.SZ,20240130,18.72,18.98,18.01,18.06,18.77,-0.71,-3.7826,8315.5,15281.872
301066.SZ,20240130,11.07,11.29,10.71,10.77,11.25,-0.48,-4.2667,26834.64,29570.291
301067.SZ,20240130,29.09,30.26,28.21,29.49,29.53,-0.04,-0.1355,13105.6,38534.868
301068.SZ,20240130,25.58,25.58,24.31,24.46,25.37,-0.91,-3.5869,2686.01,6675.975
301069.SZ,20240130,15.57,15.58,14.87,14.9,15.61,-0.71,-4.5484,24296.0,37024.194
301070.SZ,20240130,32.55,33.38,31.6,31.7,32.91,-1.21,-3.6767,9119.0,29631.611
301071.SZ,20240130,27.0,27.39,26.6,26.61,27.32,-0.71,-2.5988,16155.63,43567.154
301072.SZ,20240130,20.84,21.12,20.1,20.2,21.14,-0.94,-4.4465,7891.0,16283.369
301073.SZ,20240130,21.89,22.57,21.39,21.52,22.02,-0.5,-2.2707,37818.48,83161.776
301075.SZ,20240130,22.51,22.75,21.54,21.67,22.84,-1.17,-5.1226,9232.9,20338.22
301076.SZ,20240130,23.67,24.11,22.95,23.01,24.01,-1.0,-4.1649,59888.07,139757.778
301077.SZ,20240130,17.66,17.92,16.8,16.94,17.9,-0.96,-5.3631,13940.52,24300.825
301078.SZ,20240130,7.11,7.11,6.75,6.79,7.09,-0.3,-4.2313,64464.0,44782.062
301079.SZ,20240130,14.1,14.51,13.84,13.92,14.32,-0.4,-2.7933,15386.86,21683.682
301080.SZ,20240130,43.64,43.7,41.85,41.92,43.82,-1.9,-4.3359,18805.83,80402.266
301081.SZ,20240130,9.92,9.93,9.39,9.45,9.82,-0.37,-3.7678,16518.02,15798.547
301082.SZ,20240130,14.6,14.81,14.02,14.09,14.67,-0.58,-3.9536,17831.0,25630.344
301083.SZ,20240130,13.67,13.85,13.22,13.23,13.71,-0.48,-3.5011,35431.5,47785.585
301085.SZ,20240130,46.48,47.29,44.99,45.08,46.62,-1.54,-3.3033,14292.84,65682.505
301086.SZ,20240130,34.88,35.31,33.78,33.85,35.08,-1.23,-3.5063,4632.32,16020.264
301087.SZ,20240130,32.25,32.47,31.25,31.29,32.2,-0.91,-2.8261,9773.43,31218.461
301088.SZ,20240130,13.25,13.38,12.85,12.92,13.43,-0.51,-3.7975,11022.0,14440.108
301089.SZ,20240130,44.15,44.28,41.15,41.6,44.49,-2.89,-6.4958,40279.5,170663.986
301090.SZ,20240130,9.92,10.11,9.73,9.77,9.95,-0.18,-1.809,24382.11,24229.915
301091.SZ,20240130,21.76,22.39,21.02,21.13,22.8,-1.67,-7.3246,93217.26,202253.513
301092.SZ,20240130,22.24,22.7,21.92,21.94,22.66,-0.72,-3.1774,5009.23,11155.37
301093.SZ,20240130,28.09,28.11,26.41,26.47,28.57,-2.1,-7.3504,13639.0,37021.157
301095.SZ,20240130,56.48,57.3,54.9,54.96,56.61,-1.65,-2.9147,15245.36,85450.532
301096.SZ,20240130,65.56,65.56,63.15,63.28,65.8,-2.52,-3.8298,14176.09,90987.793
301097.SZ,20240130,42.31,43.0,40.92,41.83,42.74,-0.91,-2.1292,4410.0,18490.26
301098.SZ,20240130,11.0,11.14,10.4,10.4,11.02,-0.62,-5.6261,32404.0,34520.566
301099.SZ,20240130,40.13,40.13,37.91,37.91,40.17,-2.26,-5.6261,9468.04,36887.859
301100.SZ,20240130,16.16,16.26,15.5,15.52,16.33,-0.81,-4.9602,14511.2,22964.241
301101.SZ,20240130,31.0,31.59,29.56,29.86,31.54,-1.68,-5.3266,11360.1,34517.051
301102.SZ,20240130,15.93,15.95,15.36,15.37,15.99,-0.62,-3.8774,13668.45,21414.084
301103.SZ,20240130,24.77,25.36,24.43,24.7,25.39,-0.69,-2.7176,14799.35,36794.337
301105.SZ,20240130,32.2,32.36,31.33,31.58,32.2,-0.62,-1.9255,4077.0,12980.394
301106.SZ,20240130,44.0,45.18,42.6,44.35,44.31,0.04,0.0903,17554.99,77698.26
301107.SZ,20240130,25.4,25.4,24.24,24.38,25.4,-1.02,-4.0157,7555.0,18742.885
301108.SZ,20240130,29.61,29.68,28.51,28.54,29.6,-1.06,-3.5811,4830.75,13999.459
301109.SZ,20240130,14.85,15.14,14.74,14.75,15.0,-0.25,-1.6667,11181.39,16706.793
301110.SZ,20240130,35.28,36.0,34.0,34.0,35.5,-1.5,-4.2254,5447.02,18921.214
301111.SZ,20240130,20.0,20.0,19.12,19.14,20.02,-0.88,-4.3956,19052.34,37175.541
301112.SZ,20240130,23.45,23.45,22.03,22.19,23.22,-1.03,-4.4358,7957.61,18070.551
301113.SZ,20240130,28.13,28.87,27.13,27.26,28.39,-1.13,-3.9803,4008.0,11056.585
301115.SZ,20240130,16.41,16.41,15.97,15.97,16.54,-0.57,-3.4462,8273.71,13373.91
301116.SZ,20240130,11.06,11.15,10.65,10.7,11.06,-0.36,-3.255,22412.43,24455.051
301117.SZ,20240130,36.0,36.85,34.9,34.97,36.48,-1.51,-4.1393,18856.62,67521.645
301118.SZ,20240130,19.55,19.7,18.68,18.79,19.66,-0.87,-4.4252,9183.0,17616.916
301119.SZ,20240130,21.32,21.61,20.7,20.72,21.5,-0.78,-3.6279,6789.38,14342.125
301120.SZ,20240130,9.12,9.3,8.94,8.94,9.25,-0.31,-3.3514,26121.5,23737.901
301121.SZ,20240130,32.82,33.25,31.52,31.63,32.91,-1.28,-3.8894,8436.25,27234.123
301122.SZ,20240130,27.85,27.97,27.12,27.18,27.98,-0.8,-2.8592,8190.0,22543.257
301123.SZ,20240130,17.68,17.88,16.79,17.01,17.68,-0.67,-3.7896,15848.56,27596.652
301125.SZ,20240130,15.74,15.75,14.91,14.99,15.76,-0.77,-4.8858,10678.03,16292.654
301126.SZ,20240130,11.3,11.35,10.8,10.85,11.33,-0.48,-4.2365,21676.24,23918.437
301127.SZ,20240130,10.05,10.2,9.75,9.75,10.15,-0.4,-3.9409,31745.12,31634.917
301128.SZ,20240130,36.3,36.49,34.99,35.03,36.45,-1.42,-3.8957,7157.0,25535.544
301129.SZ,20240130,20.74,20.78,20.07,20.1,20.61,-0.51,-2.4745,10233.74,20845.685
301130.SZ,20240130,23.55,23.55,22.38,22.54,23.35,-0.81,-3.469,8006.37,18252.887
301131.SZ,20240130,38.56,38.57,36.83,36.91,38.56,-1.65,-4.279,10748.75,40355.44
301132.SZ,20240130,22.31,22.55,21.46,21.48,22.5,-1.02,-4.5333,14084.68,30957.145
301133.SZ,20240130,22.88,22.88,21.3,21.71,22.72,-1.01,-4.4454,11657.86,25830.656
301135.SZ,20240130,20.28,20.92,20.01,20.15,20.48,-0.33,-1.6113,10869.55,22231.183
301136.SZ,20240130,11.35,11.43,11.0,11.06,11.42,-0.36,-3.1524,21724.0,24388.612
301137.SZ,20240130,16.42,17.32,16.3,16.52,16.74,-0.22,-1.3142,39311.48,65691.348
301138.SZ,20240130,23.17,23.82,22.51,22.59,23.72,-1.13,-4.7639,8077.0,18627.66
301139.SZ,20240130,25.58,26.14,24.95,25.0,26.01,-1.01,-3.8831,14968.98,38173.479
301141.SZ,20240130,46.31,51.19,45.25,47.99,47.83,0.16,0.3345,92343.37,452682.882
301148.SZ,20240130,20.26,20.26,18.64,18.77,19.39,-0.62,-3.1975,10304.0,19579.002
301149.SZ,20240130,10.75,10.87,10.39,10.4,10.87,-0.47,-4.3238,27948.0,29710.261
301150.SZ,20240130,26.1,26.3,25.15,25.15,26.36,-1.21,-4.5903,9483.53,24394.425
301151.SZ,20240130,16.42,16.93,16.16,16.16,16.7,-0.54,-3.2335,23450.0,38599.805
301152.SZ,20240130,25.79,29.69,24.74,28.13,25.79,2.34,9.0733,76648.33,207581.924
301153.SZ,20240130,61.11,62.2,59.0,59.14,61.11,-1.97,-3.2237,10662.92,64489.462
301155.SZ,20240130,44.9,46.08,44.31,44.41,45.34,-0.93,-2.0512,10378.0,46932.281
301156.SZ,20240130,16.07,16.23,15.2,15.27,16.15,-0.88,-5.4489,13913.2,21884.936
301157.SZ,20240130,39.65,39.87,34.13,34.99,40.46,-5.47,-13.5195,21483.06,78540.653
301158.SZ,20240130,14.47,14.47,13.65,13.67,14.27,-0.6,-4.2046,14208.59,19933.137
301159.SZ,20240130,40.3,40.3,37.08,37.22,37.19,0.03,0.0807,16795.06,63473.002
301160.SZ,20240130,34.5,34.5,33.0,33.28,34.67,-1.39,-4.0092,16731.64,56474.003
301161.SZ,20240130,18.0,18.26,17.1,17.46,18.66,-1.2,-6.4309,22648.26,39917.92
301162.SZ,20240130,39.66,40.66,38.61,38.75,40.44,-1.69,-4.179,9375.0,37117.301
301163.SZ,20240130,22.07,22.17,21.05,21.14,22.07,-0.93,-4.2139,7023.28,15135.301
301165.SZ,20240130,31.95,32.46,30.76,30.87,32.33,-1.46,-4.5159,20465.01,64768.622
301166.SZ,20240130,30.75,31.9,30.5,30.85,32.33,-1.48,-4.5778,12978.41,40352.388
301167.SZ,20240130,15.17,15.19,14.48,14.52,15.23,-0.71,-4.6619,14947.8,22091.828
301168.SZ,20240130,40.2,42.8,40.19,40.47,41.47,-1.0,-2.4114,33654.55,139289.386
301169.SZ,20240130,41.66,41.77,39.95,39.98,41.7,-1.72,-4.1247,13415.08,54653.307
301170.SZ,20240130,25.26,25.43,24.23,24.35,25.37,-1.02,-4.0205,9828.28,24379.413
301171.SZ,20240130,16.77,17.17,16.05,16.1,16.98,-0.88,-5.1826,81416.88,134009.978
301172.SZ,20240130,40.0,40.0,36.06,36.15,40.3,-4.15,-10.2978,50005.19,187305.792
301175.SZ,20240130,5.07,5.19,4.96,4.98,5.17,-0.19,-3.675,319532.75,161946.614
301176.SZ,20240130,13.17,13.29,12.6,12.67,13.28,-0.61,-4.5934,11881.76,15314.118
301177.SZ,20240130,25.08,25.14,24.2,24.3,25.45,-1.15,-4.5187,10968.62,27055.944
301178.SZ,20240130,26.0,26.0,24.91,24.99,26.0,-1.01,-3.8846,8886.0,22604.219
301179.SZ,20240130,20.72,21.18,20.31,20.4,21.06,-0.66,-3.1339,8915.24,18476.48
301180.SZ,20240130,14.03,14.11,13.43,13.43,14.19,-0.76,-5.3559,15690.54,21642.808
301181.SZ,20240130,22.1,22.41,21.5,21.51,22.33,-0.82,-3.6722,6737.0,14796.72
301182.SZ,20240130,18.95,18.95,17.9,17.93,18.88,-0.95,-5.0318,10709.68,19577.073
301183.SZ,20240130,31.75,32.4,31.2,31.22,32.08,-0.86,-2.6808,25538.57,80870.602
301185.SZ,20240130,17.31,17.45,16.7,16.7,17.26,-0.56,-3.2445,29751.93,50681.612
301186.SZ,20240130,32.66,33.03,31.52,31.53,33.11,-1.58,-4.772,7647.86,24622.436
301187.SZ,20240130,17.16,17.18,16.2,16.2,17.36,-1.16,-6.682,40466.13,67223.203
301188.SZ,20240130,16.32,16.43,15.7,16.18,16.32,-0.14,-0.8578,30305.0,48620.928
301189.SZ,20240130,22.95,23.22,22.29,22.34,23.02,-0.68,-2.954,5591.87,12703.634
301190.SZ,20240130,16.92,16.92,16.18,16.61,16.9,-0.29,-1.716,7892.16,13010.236
301191.SZ,20240130,76.0,77.27,71.97,72.08,76.73,-4.65,-6.0602,16183.4,119883.305
301192.SZ,20240130,19.0,19.0,17.84,17.84,18.6,-0.76,-4.086,9838.0,17979.45
301193.SZ,20240130,16.81,17.7,16.34,17.25,16.81,0.44,2.6175,25746.55,44353.201
301195.SZ,20240130,33.43,34.06,32.73,32.81,33.9,-1.09,-3.2153,4830.6,16148.239
301196.SZ,20240130,29.8,30.0,28.65,28.74,29.8,-1.06,-3.557,6052.71,17758.968
301197.SZ,20240130,15.76,15.76,14.89,15.02,15.55,-0.53,-3.4084,10122.0,15400.543
301198.SZ,20240130,10.54,10.54,9.91,9.93,10.36,-0.43,-4.1506,33600.46,33990.628
301199.SZ,20240130,21.14,21.4,20.36,20.42,21.3,-0.88,-4.1315,11020.02,22956.258
301200.SZ,20240130,31.0,31.2,29.9,29.92,31.18,-1.26,-4.0411,5527.71,16888.678
301201.SZ,20240130,21.03,21.06,20.43,20.5,21.22,-0.72,-3.393,11760.11,24454.072
301202.SZ,20240130,25.0,25.52,24.2,24.32,25.41,-1.09,-4.2896,11870.35,29426.665
301203.SZ,20240130,33.61,33.67,32.68,32.68,33.78,-1.1,-3.2564,6093.72,20142.93
301205.SZ,20240130,76.0,79.88,70.92,71.0,83.92,-12.92,-15.3956,89356.61,666081.491
301206.SZ,20240130,25.62,25.99,24.93,25.07,25.8,-0.73,-2.8295,5163.86,13104.616
301207.SZ,20240130,22.95,23.48,22.8,22.82,23.4,-0.58,-2.4786,16406.1,37961.355
301208.SZ,20240130,32.29,32.4,30.72,30.72,32.41,-1.69,-5.2144,10986.0,34592.643
301209.SZ,20240130,20.89,20.89,19.93,19.98,20.81,-0.83,-3.9885,6445.01,13127.169
301210.SZ,20240130,34.41,35.02,33.4,33.45,35.14,-1.69,-4.8093,5750.6,19659.273
301211.SZ,20240130,18.2,18.28,17.4,17.47,18.27,-0.8,-4.3788,27490.35,48912.804
301212.SZ,20240130,22.78,22.78,21.65,21.7,22.8,-1.1,-4.8246,4791.0,10607.133
301213.SZ,20240130,32.73,33.47,31.98,32.09,33.11,-1.02,-3.0806,6315.0,20664.771
301215.SZ,20240130,5.77,5.98,5.69,5.74,5.87,-0.13,-2.2147,382562.05,222684.616
301216.SZ,20240130,12.61,12.7,12.28,12.31,12.61,-0.3,-2.3791,17453.5,21812.732
301217.SZ,20240130,10.17,10.28,9.85,9.88,10.19,-0.31,-3.0422,27399.73,27604.479
301218.SZ,20240130,26.8,27.38,24.82,25.69,28.11,-2.42,-8.609,89099.28,231640.592
301219.SZ,20240130,33.33,33.42,32.35,32.45,33.16,-0.71,-2.1411,12897.08,42473.952
301220.SZ,20240130,27.75,28.51,27.5,27.84,28.23,-0.39,-1.3815,4352.59,12232.377
301221.SZ,20240130,42.5,43.05,41.32,41.48,42.51,-1.03,-2.423,16700.1,70505.052
301222.SZ,20240130,25.39,25.39,23.2,23.28,24.3,-1.02,-4.1975,7215.0,17066.19
301223.SZ,20240130,16.42,16.58,15.98,16.0,16.65,-0.65,-3.9039,7323.11,11923.758
301225.SZ,20240130,26.64,27.76,26.44,26.45,27.62,-1.17,-4.2361,10801.56,29171.814
301226.SZ,20240130,17.62,18.1,17.04,17.04,17.85,-0.81,-4.5378,7378.6,12863.192
301227.SZ,20240130,25.23,25.54,24.32,24.32,25.4,-1.08,-4.252,9593.84,23787.822
301228.SZ,20240130,14.62,14.84,13.9,13.96,14.63,-0.67,-4.5796,16024.0,22902.533
301229.SZ,20240130,28.2,28.25,27.05,27.33,28.48,-1.15,-4.0379,13773.4,38204.642
301230.SZ,20240130,31.02,31.02,29.62,29.66,31.2,-1.54,-4.9359,26520.59,79540.837
301231.SZ,20240130,22.18,22.2,21.24,21.27,22.09,-0.82,-3.7121,13231.62,28699.452
301232.SZ,20240130,40.22,40.72,38.7,38.83,40.51,-1.68,-4.1471,4782.5,18867.091
301233.SZ,20240130,36.1,36.53,34.83,35.05,36.68,-1.63,-4.4438,6955.0,24750.624
301234.SZ,20240130,28.45,28.45,27.21,27.37,28.5,-1.13,-3.9649,5904.0,16386.334
301235.SZ,20240130,21.17,21.66,20.38,20.44,21.32,-0.88,-4.1276,9279.46,19267.467
301236.SZ,20240130,33.72,34.86,33.42,33.56,34.0,-0.44,-1.2941,310070.33,1055552.653
301237.SZ,20240130,25.08,25.18,24.25,24.28,25.24,-0.96,-3.8035,5822.71,14459.103
301238.SZ,20240130,15.3,15.63,15.08,15.1,15.4,-0.3,-1.9481,37782.17,58023.249
301239.SZ,20240130,67.6,68.66,65.52,65.61,67.89,-2.28,-3.3584,11804.74,78868.073
301246.SZ,20240130,22.08,22.26,21.51,21.52,22.4,-0.88,-3.9286,7112.35,15568.921
301248.SZ,20240130,14.18,14.44,13.71,13.73,14.3,-0.57,-3.986,17691.5,24805.483
301251.SZ,20240130,29.52,29.8,28.43,28.43,30.0,-1.57,-5.2333,17144.72,49809.856
301252.SZ,20240130,33.8,34.49,33.38,33.44,34.08,-0.64,-1.8779,4117.0,13922.119
301255.SZ,20240130,33.77,34.19,32.5,32.56,33.49,-0.93,-2.7769,9921.0,32980.956
301256.SZ,20240130,7.4,7.42,7.12,7.16,7.44,-0.28,-3.7634,26301.31,19120.82
301257.SZ,20240130,47.96,48.45,46.3,46.35,48.56,-2.21,-4.5511,14757.38,69690.471
301258.SZ,20240130,27.99,28.0,26.98,27.12,28.01,-0.89,-3.1774,5748.0,15797.519
301259.SZ,20240130,16.45,17.04,16.31,16.72,16.86,-0.14,-0.8304,23129.58,38718.847
301260.SZ,20240130,13.65,13.77,13.1,13.13,13.64,-0.51,-3.739,29535.94,39323.367
301261.SZ,20240130,42.3,42.91,41.1,41.3,42.85,-1.55,-3.6173,7056.19,29574.075
301262.SZ,20240130,26.95,27.07,25.9,25.94,27.1,-1.16,-4.2804,23111.29,61099.989
301263.SZ,20240130,14.5,14.65,14.22,14.43,14.47,-0.04,-0.2764,29562.52,42910.799
301265.SZ,20240130,9.54,9.55,9.11,9.11,9.46,-0.35,-3.6998,11047.0,10284.7
301266.SZ,20240130,39.32,40.26,37.8,37.8,39.66,-1.86,-4.6899,30210.44,117091.002
301267.SZ,20240130,29.62,30.0,29.02,29.05,29.97,-0.92,-3.0697,21920.71,64503.274
301268.SZ,20240130,23.2,23.44,22.65,22.74,23.36,-0.62,-2.6541,12983.0,29780.5
301269.SZ,20240130,82.59,82.81,79.95,80.11,82.81,-2.7,-3.2605,15871.25,128870.696
301270.SZ,20240130,29.58,30.35,29.11,29.2,29.71,-0.51,-1.7166,28675.71,85336.17
301272.SZ,20240130,46.06,46.1,43.45,43.57,46.06,-2.49,-5.406,6169.39,27494.049
301273.SZ,20240130,22.19,22.75,21.41,21.41,22.27,-0.86,-3.8617,9185.92,20152.591
301276.SZ,20240130,21.76,21.95,21.29,21.32,21.92,-0.6,-2.7372,5626.03,12149.688
301277.SZ,20240130,18.15,18.15,17.47,17.54,18.17,-0.63,-3.4673,11055.0,19664.763
301278.SZ,20240130,45.88,46.76,43.8,43.9,46.07,-2.17,-4.7102,18752.28,84756.853
301279.SZ,20240130,20.43,20.55,19.51,19.56,20.43,-0.87,-4.2584,7987.0,16002.831
301280.SZ,20240130,32.29,32.33,31.15,31.23,32.21,-0.98,-3.0425,9893.52,31364.188
301281.SZ,20240130,28.19,28.49,27.39,27.44,28.8,-1.36,-4.7222,16660.48,46584.726
301282.SZ,20240130,18.45,18.52,17.69,17.73,18.4,-0.67,-3.6413,11508.0,20835.854
301283.SZ,20240130,28.64,29.07,27.88,28.58,28.7,-0.12,-0.4181,11822.35,33671.764
301285.SZ,20240130,16.72,17.06,16.16,16.2,16.93,-0.73,-4.3119,76977.87,127189.615
301286.SZ,20240130,28.68,28.68,27.1,27.6,28.19,-0.59,-2.0929,4853.39,13381.223
301287.SZ,20240130,31.0,31.29,29.71,29.8,31.42,-1.62,-5.156,9492.0,28850.386
301288.SZ,20240130,16.66,16.76,16.1,16.12,16.67,-0.55,-3.2993,11653.0,19101.321
301289.SZ,20240130,48.4,50.77,47.1,47.6,47.04,0.56,1.1905,35345.44,173017.504
301290.SZ,20240130,23.15,23.23,22.41,22.44,23.25,-0.81,-3.4839,5535.44,12638.283
301291.SZ,20240130,28.8,29.52,28.4,28.79,29.36,-0.57,-1.9414,25151.12,72998.105
301292.SZ,20240130,16.33,16.54,15.8,15.91,16.56,-0.65,-3.9251,13808.14,22417.333
301293.SZ,20240130,55.45,59.47,54.8,55.81,50.1,5.71,11.3972,76879.82,436435.481
301295.SZ,20240130,28.12,28.53,26.9,27.05,28.68,-1.63,-5.6834,6298.4,17397.935
301296.SZ,20240130,9.4,9.44,9.0,9.03,9.55,-0.52,-5.445,32096.41,29512.793
301297.SZ,20240130,20.89,21.29,20.36,20.39,20.9,-0.51,-2.4402,41865.15,87138.186
301298.SZ,20240130,15.11,15.15,14.3,14.36,14.99,-0.63,-4.2028,24221.68,35693.264
301299.SZ,20240130,46.1,47.57,45.1,45.58,46.5,-0.92,-1.9785,7066.0,32767.793
301300.SZ,20240130,26.75,26.76,25.61,25.66,26.82,-1.16,-4.3251,4249.0,11118.492
301301.SZ,20240130,8.5,8.5,8.17,8.18,8.55,-0.37,-4.3275,70224.77,58446.308
301302.SZ,20240130,21.23,22.26,20.49,21.6,22.34,-0.74,-3.3124,121230.93,259623.866
301303.SZ,20240130,17.33,17.4,16.7,16.78,17.4,-0.62,-3.5632,10417.0,17780.542
301305.SZ,20240130,15.76,15.94,15.23,15.28,15.75,-0.47,-2.9841,9678.92,14988.43
301306.SZ,20240130,30.02,30.16,28.51,28.55,30.03,-1.48,-4.9284,11872.53,34683.144
301307.SZ,20240130,22.07,22.49,21.5,21.51,22.43,-0.92,-4.1016,39425.02,86544.023
301308.SZ,20240130,72.88,75.45,71.62,72.89,72.26,0.63,0.8719,43658.3,321584.465
301309.SZ,20240130,25.46,25.46,24.13,24.15,24.93,-0.78,-3.1288,3889.4,9560.796
301310.SZ,20240130,38.15,38.37,36.85,37.02,38.38,-1.36,-3.5435,8027.41,30180.059
301311.SZ,20240130,21.61,22.6,21.23,21.78,22.07,-0.29,-1.314,70061.29,154741.5
301312.SZ,20240130,73.2,74.5,71.05,71.13,73.6,-2.47,-3.356,4119.4,29872.08
301313.SZ,20240130,25.5,25.98,24.46,24.46,25.7,-1.24,-4.8249,24312.0,60927.455
301314.SZ,20240130,35.37,35.98,33.99,34.11,36.0,-1.89,-5.25,5237.8,18313.565
301315.SZ,20240130,54.54,56.6,50.32,50.82,57.34,-6.52,-11.3708,56728.87,302649.158
301316.SZ,20240130,19.6,19.99,19.0,19.15,19.6,-0.45,-2.2959,28492.59,55626.995
301317.SZ,20240130,16.45,16.45,15.62,15.77,16.5,-0.73,-4.4242,7472.24,11918.799
301318.SZ,20240130,25.3,25.6,24.78,24.78,25.77,-0.99,-3.8417,10126.09,25457.84
301319.SZ,20240130,45.71,45.95,43.8,43.94,45.72,-1.78,-3.8933,4515.28,20209.92
301320.SZ,20240130,15.66,15.85,14.92,14.92,15.93,-1.01,-6.3402,42461.48,65082.406
301321.SZ,20240130,14.75,14.9,14.26,14.26,14.76,-0.5,-3.3875,25732.55,37249.152
301322.SZ,20240130,33.96,34.3,33.05,33.15,34.47,-1.32,-3.8294,6379.65,21568.317
301323.SZ,20240130,30.9,30.9,29.47,29.47,30.91,-1.44,-4.6587,13573.15,40904.828
301325.SZ,20240130,62.21,62.84,60.1,60.19,62.95,-2.76,-4.3844,8344.09,51333.819
301326.SZ,20240130,30.1,30.1,28.42,28.6,30.1,-1.5,-4.9834,6031.27,17503.601
301327.SZ,20240130,58.41,58.9,57.2,57.41,58.63,-1.22,-2.0808,4580.34,26614.475
301328.SZ,20240130,37.7,37.86,36.2,36.29,37.7,-1.41,-3.7401,5972.13,22112.321
301329.SZ,20240130,17.78,17.78,16.64,16.7,17.73,-1.03,-5.8094,27734.84,47303.556
301330.SZ,20240130,25.6,25.99,24.92,24.99,25.99,-1.0,-3.8476,13032.94,33141.546
301331.SZ,20240130,37.59,38.2,35.96,36.8,37.8,-1.0,-2.6455,4977.0,18287.804
301332.SZ,20240130,10.79,10.85,10.33,10.35,10.83,-0.48,-4.4321,23386.66,24676.54
301333.SZ,20240130,48.77,49.99,47.79,47.84,49.5,-1.66,-3.3535,4389.5,21405.922
301335.SZ,20240130,18.98,19.1,18.4,18.4,19.03,-0.63,-3.3106,3709.6,6951.393
301336.SZ,20240130,37.99,38.33,36.74,36.81,38.3,-1.49,-3.8903,3028.02,11339.328
301337.SZ,20240130,38.88,39.48,36.06,36.52,38.63,-2.11,-5.4621,79677.28,296702.688
301338.SZ,20240130,30.8,31.06,29.4,29.6,30.8,-1.2,-3.8961,9646.9,29138.674
301339.SZ,20240130,16.54,16.58,15.81,15.98,16.53,-0.55,-3.3273,28891.32,46938.842
301345.SZ,20240130,51.59,51.59,48.3,49.0,51.1,-2.1,-4.1096,6807.86,34114.317
301348.SZ,20240130,37.57,37.59,35.15,35.18,38.0,-2.82,-7.4211,39641.21,143518.688
301349.SZ,20240130,32.71,33.47,32.05,32.05,33.49,-1.44,-4.2998,15888.0,52094.22
301353.SZ,20240130,27.1,27.6,26.44,26.6,27.29,-0.69,-2.5284,4175.46,11280.566
301355.SZ,20240130,13.42,13.54,12.89,12.95,13.55,-0.6,-4.428,15382.19,20240.403
301356.SZ,20240130,16.24,16.28,15.47,15.47,16.34,-0.87,-5.3244,14287.1,22500.237
301357.SZ,20240130,39.32,40.38,38.38,38.47,40.25,-1.78,-4.4224,11056.0,43331.029
301358.SZ,20240130,27.7,28.05,26.5,26.58,28.03,-1.45,-5.173,33694.33,92103.883
301359.SZ,20240130,21.13,21.13,20.1,20.27,21.07,-0.8,-3.7969,8333.33,17183.789
301360.SZ,20240130,56.95,58.02,53.84,53.99,57.25,-3.26,-5.6943,9204.86,51030.113
301361.SZ,20240130,19.9,20.0,19.04,19.14,19.94,-0.8,-4.012,9710.31,18971.815
301362.SZ,20240130,33.28,33.46,31.94,31.96,33.42,-1.46,-4.3686,9900.03,32352.158
301363.SZ,20240130,32.13,32.13,29.5,29.81,32.15,-2.34,-7.2784,17488.45,53816.467
301365.SZ,20240130,13.45,13.45,12.89,12.93,13.37,-0.44,-3.2909,8332.18,10941.251
301366.SZ,20240130,25.55,25.61,24.55,24.55,25.55,-1.0,-3.9139,9102.22,22803.581
301367.SZ,20240130,102.62,110.97,102.58,105.35,103.97,1.38,1.3273,12084.85,129316.04
301368.SZ,20240130,31.53,32.93,30.57,32.2,31.82,0.38,1.1942,30765.45,99003.022
301369.SZ,20240130,44.55,45.47,43.48,43.49,45.16,-1.67,-3.698,8836.84,39144.558
301370.SZ,20240130,14.3,14.69,13.89,13.89,14.64,-0.75,-5.123,49258.29,70412.39
301371.SZ,20240130,32.5,32.98,31.33,31.37,32.79,-1.42,-4.3306,12509.87,40128.51
301372.SZ,20240130,37.46,38.02,35.6,35.86,37.42,-1.56,-4.1689,7680.76,28082.658
301373.SZ,20240130,25.36,25.46,24.18,24.19,25.38,-1.19,-4.6887,7223.05,17934.365
301376.SZ,20240130,24.36,24.41,22.55,22.64,24.41,-1.77,-7.2511,45266.91,105713.653
301377.SZ,20240130,16.95,17.02,16.32,16.36,17.11,-0.75,-4.3834,23345.49,38923.276
301378.SZ,20240130,37.77,37.77,36.05,36.05,37.63,-1.58,-4.1988,6395.5,23529.262
301379.SZ,20240130,23.7,23.89,22.8,22.8,23.98,-1.18,-4.9208,10999.49,25627.843
301380.SZ,20240130,38.43,39.3,37.27,37.47,38.78,-1.31,-3.378,5111.82,19524.079
301381.SZ,20240130,27.35,27.48,26.01,26.05,27.2,-1.15,-4.2279,24439.27,65055.602
301382.SZ,20240130,30.1,30.58,29.01,29.04,29.67,-0.63,-2.1234,18583.86,55401.696
301383.SZ,20240130,45.79,47.15,44.02,45.0,45.98,-0.98,-2.1314,17459.01,79988.739
301386.SZ,20240130,21.05,21.23,20.41,20.41,21.23,-0.82,-3.8625,7760.11,16164.49
301387.SZ,20240130,44.5,44.79,43.08,43.23,44.68,-1.45,-3.2453,8044.82,35384.481
301388.SZ,20240130,19.99,20.09,19.03,19.16,20.0,-0.84,-4.2,8614.0,16819.191
301389.SZ,20240130,14.21,14.33,13.71,13.77,14.32,-0.55,-3.8408,21063.69,29500.923
301390.SZ,20240130,36.6,36.84,35.25,35.25,37.1,-1.85,-4.9865,6106.0,21926.405
301391.SZ,20240130,95.0,102.0,94.0,99.39,93.66,5.73,6.1179,11077.48,110902.429
301393.SZ,20240130,50.87,50.87,45.97,46.05,53.13,-7.08,-13.3258,40664.16,193000.73
301395.SZ,20240130,16.19,16.68,15.99,16.04,16.41,-0.37,-2.2547,16860.03,27341.969
301396.SZ,20240130,22.71,22.84,21.37,21.46,22.84,-1.38,-6.042,25405.36,55712.837
301397.SZ,20240130,34.35,34.95,33.52,33.6,34.91,-1.31,-3.7525,5474.0,18779.212
301398.SZ,20240130,40.88,41.2,39.25,39.25,40.59,-1.34,-3.3013,12024.0,48163.145
301399.SZ,20240130,30.89,30.89,29.35,29.5,30.59,-1.09,-3.5633,6917.16,20737.502
301408.SZ,20240130,13.95,13.99,13.47,13.55,14.16,-0.61,-4.3079,23738.06,32569.491
301413.SZ,20240130,51.76,52.39,50.2,50.28,53.7,-3.42,-6.3687,26475.83,135382.029
301418.SZ,20240130,41.28,42.05,40.37,40.4,41.88,-1.48,-3.5339,5791.0,23788.304
301419.SZ,20240130,28.8,29.2,27.9,27.92,29.28,-1.36,-4.6448,9469.5,27043.94
301421.SZ,20240130,47.94,48.19,45.92,46.14,48.4,-2.26,-4.6694,14419.93,67742.563
301428.SZ,20240130,30.91,31.8,30.02,30.12,31.59,-1.47,-4.6534,14480.18,44276.301
301429.SZ,20240130,17.68,17.68,16.83,16.98,17.68,-0.7,-3.9593,11115.9,19215.021
301439.SZ,20240130,12.97,13.14,12.65,12.65,13.03,-0.38,-2.9163,13293.69,17099.218
301446.SZ,20240130,26.5,26.88,25.52,25.58,26.76,-1.18,-4.4096,6142.0,16082.162
301448.SZ,20240130,29.82,29.82,28.24,28.24,29.78,-1.54,-5.1713,15284.43,44206.889
301456.SZ,20240130,26.8,26.8,25.67,25.67,27.19,-1.52,-5.5903,11924.75,31238.6
301459.SZ,20240130,38.74,38.78,36.37,36.87,40.04,-3.17,-7.9171,24537.04,91434.54
301468.SZ,20240130,25.17,25.34,24.41,24.46,25.23,-0.77,-3.0519,7589.79,18872.201
301469.SZ,20240130,29.04,29.04,27.19,27.4,28.94,-1.54,-5.3214,12532.66,35050.674
301486.SZ,20240130,36.8,36.8,34.66,34.84,37.3,-2.46,-6.5952,16325.39,58214.906
301487.SZ,20240130,32.93,33.75,32.27,32.35,33.8,-1.45,-4.2899,26855.02,88522.458
301488.SZ,20240130,51.1,51.87,49.38,49.75,51.72,-1.97,-3.809,9257.41,46743.103
301489.SZ,20240130,55.01,55.32,52.8,52.87,55.91,-3.04,-5.4373,10655.77,57390.796
301498.SZ,20240130,38.48,39.37,37.88,38.02,38.74,-0.72,-1.8585,10068.97,38743.994
301499.SZ,20240130,24.25,24.85,23.22,23.3,24.03,-0.73,-3.0379,25789.67,62130.952
301500.SZ,20240130,18.34,18.58,17.9,17.95,18.57,-0.62,-3.3387,14075.88,25649.815
301503.SZ,20240130,28.34,28.5,26.5,26.5,28.75,-2.25,-7.8261,27490.29,75182.396
301505.SZ,20240130,31.17,35.0,30.13,32.7,31.15,1.55,4.9759,38045.36,123601.786
301507.SZ,20240130,14.22,14.3,13.75,13.77,14.41,-0.64,-4.4414,24141.64,33831.339
301508.SZ,20240130,39.12,44.0,37.55,42.5,40.28,2.22,5.5114,224116.81,930315.95
301509.SZ,20240130,63.0,63.66,54.21,55.02,61.82,-6.8,-10.9997,62122.2,362394.863
301510.SZ,20240130,28.35,29.29,27.68,27.79,29.0,-1.21,-4.1724,14339.68,40575.267
301511.SZ,20240130,24.57,24.98,23.6,23.7,25.3,-1.6,-6.3241,99407.3,239273.684
301512.SZ,20240130,47.82,48.84,46.5,46.58,48.3,-1.72,-3.5611,8258.0,39146.26
301515.SZ,20240130,23.8,24.24,23.3,23.41,24.34,-0.93,-3.8209,10051.31,23825.969
301516.SZ,20240130,22.8,25.4,22.51,22.83,24.49,-1.66,-6.7783,343563.36,810822.778
301517.SZ,20240130,44.67,45.61,43.21,43.21,45.91,-2.7,-5.8811,21335.98,94723.432
301518.SZ,20240130,19.51,19.94,19.06,19.07,19.67,-0.6,-3.0503,9673.0,18823.201
301519.SZ,20240130,17.01,17.35,16.8,16.8,17.4,-0.6,-3.4483,16813.0,28647.083
301520.SZ,20240130,53.33,53.33,51.18,51.49,54.4,-2.91,-5.3493,12502.0,65027.228
301525.SZ,20240130,68.25,68.26,65.31,65.44,68.68,-3.24,-4.7175,8777.29,58480.447
301526.SZ,20240130,5.4,5.54,5.16,5.18,5.61,-0.43,-7.6649,1312727.51,698846.61
301528.SZ,20240130,56.94,57.01,53.9,53.96,57.57,-3.61,-6.2706,8163.0,45230.932
301529.SZ,20240130,31.44,32.22,30.37,30.37,31.85,-1.48,-4.6468,10681.0,33252.212
301533.SZ,20240130,30.12,31.88,29.11,30.5,30.38,0.12,0.395,31714.41,97535.462
301548.SZ,20240130,46.87,47.4,45.66,45.84,47.64,-1.8,-3.7783,6320.49,29299.758
301550.SZ,20240130,35.59,36.21,34.0,34.56,35.69,-1.13,-3.1662,11600.96,40838.189
301555.SZ,20240130,32.98,33.54,32.22,32.25,34.28,-2.03,-5.9218,17866.59,58759.477
301558.SZ,20240130,12.98,12.98,12.03,12.03,13.23,-1.2,-9.0703,121096.54,151351.24
301559.SZ,20240130,17.2,17.42,16.6,16.6,17.56,-0.96,-5.467,28814.0,48871.013
301566.SZ,20240130,21.15,22.86,20.94,21.29,21.89,-0.6,-2.741,169489.67,374383.078
301567.SZ,20240130,41.5,42.5,38.75,38.82,44.29,-5.47,-12.3504,73021.52,294798.296
301568.SZ,20240130,34.94,35.66,34.1,34.16,36.32,-2.16,-5.9471,31204.64,108363.709
301577.SZ,20240130,67.99,70.9,61.81,61.84,77.79,-15.95,-20.5039,75594.85,497369.753
301578.SZ,20240130,54.03,54.98,51.35,51.47,56.55,-5.08,-8.9832,28358.13,149398.011
302132.SZ,20240130,37.17,37.79,36.26,36.35,37.52,-1.17,-3.1183,48740.19,180626.325
