ts_code,trade_date,open,high,low,close,pre_close,change,pct_chg,vol,amount
300001.SZ,20240327,19.64,19.7,18.82,18.83,19.65,-0.82,-4.173,123506.5,236662.487
300002.SZ,20240327,10.08,10.1,9.29,9.37,10.05,-0.68,-6.7662,954879.29,919980.586
300003.SZ,20240327,14.11,14.12,13.71,13.71,14.02,-0.31,-2.2111,108868.79,151639.815
300004.SZ,20240327,4.91,4.95,4.71,4.71,4.83,-0.12,-2.4845,46660.0,22372.803
300005.SZ,20240327,5.24,5.26,5.08,5.1,5.27,-0.17,-3.2258,88123.5,45449.869
300006.SZ,20240327,3.07,3.15,3.05,3.05,3.06,-0.01,-0.3268,195387.0,60522.907
300007.SZ,20240327,15.94,15.98,15.15,15.17,16.01,-0.84,-5.2467,139397.18,215552.12
300008.SZ,20240327,3.73,3.73,3.58,3.58,3.73,-0.15,-4.0214,247762.49,90257.791
300009.SZ,20240327,9.65,9.74,9.53,9.54,9.64,-0.1,-1.0373,99107.26,95573.137
300010.SZ,20240327,2.7,2.74,2.58,2.58,2.69,-0.11,-4.0892,140273.0,37228.451
300011.SZ,20240327,6.48,6.53,6.17,6.2,6.52,-0.32,-4.908,105467.0,66846.813
300012.SZ,20240327,13.1,13.16,12.2,12.22,13.09,-0.87,-6.6463,268310.8,337581.713
300013.SZ,20240327,2.89,2.96,2.74,2.75,2.92,-0.17,-5.8219,212895.79,60509.408
300014.SZ,20240327,40.8,40.97,38.84,38.84,41.06,-2.22,-5.4067,182605.64,724993.821
300015.SZ,20240327,13.07,13.2,12.81,12.81,13.07,-0.26,-1.9893,557370.35,724671.787
300016.SZ,20240327,5.22,5.86,5.17,5.24,5.1,0.14,2.7451,298745.03,162033.191
300017.SZ,20240327,9.27,9.32,8.87,9.05,9.28,-0.23,-2.4784,962309.48,873153.071
300018.SZ,20240327,5.18,5.18,4.97,4.97,5.15,-0.18,-3.4951,66306.0,33531.961
300019.SZ,20240327,14.01,14.42,13.53,13.53,14.14,-0.61,-4.314,39137.29,54243.306
300020.SZ,20240327,7.38,7.7,7.04,7.42,7.38,0.04,0.542,809754.14,598614.843
300021.SZ,20240327,4.08,4.11,3.98,3.98,4.09,-0.11,-2.6895,99349.0,40043.699
300022.SZ,20240327,4.17,4.2,4.05,4.06,4.17,-0.11,-2.6379,59594.0,24594.251
300024.SZ,20240327,11.52,11.54,10.96,11.0,11.49,-0.49,-4.2646,277642.63,310501.871
300025.SZ,20240327,9.63,9.98,9.26,9.3,9.6,-0.3,-3.125,159502.31,152182.113
300026.SZ,20240327,3.92,3.97,3.88,3.88,3.93,-0.05,-1.2723,333115.09,131055.785
300027.SZ,20240327,2.29,2.31,2.17,2.18,2.3,-0.12,-5.2174,605175.38,135181.862
300029.SZ,20240327,4.86,4.88,4.55,4.55,4.86,-0.31,-6.3786,21727.0,10247.481
300030.SZ,20240327,5.5,5.58,5.39,5.39,5.46,-0.07,-1.2821,71745.0,39333.645
300031.SZ,20240327,14.64,14.74,13.75,13.81,14.78,-0.97,-6.5629,196997.75,279393.371
300032.SZ,20240327,4.27,4.27,3.98,3.99,4.26,-0.27,-6.338,180924.0,74280.755
300033.SZ,20240327,137.5,138.18,131.03,131.03,138.0,-6.97,-5.0507,76467.46,1020822.808
300034.SZ,20240327,15.47,15.52,14.55,14.59,15.47,-0.88,-5.6884,113164.6,168728.317
300035.SZ,20240327,9.2,9.25,8.75,8.75,9.22,-0.47,-5.0976,87862.16,78857.104
300036.SZ,20240327,17.22,17.26,16.1,16.12,17.3,-1.18,-6.8208,214842.45,354710.267
300037.SZ,20240327,35.36,35.75,34.1,34.1,35.64,-1.54,-4.321,107100.23,371998.019
300039.SZ,20240327,6.14,6.29,6.07,6.07,6.14,-0.07,-1.1401,204832.0,126729.94
300040.SZ,20240327,4.52,4.55,4.36,4.38,4.51,-0.13,-2.8825,54173.0,24165.364
300041.SZ,20240327,9.1,9.23,8.76,8.76,9.13,-0.37,-4.0526,112426.1,100550.593
300042.SZ,20240327,28.55,28.65,26.48,26.74,28.6,-1.86,-6.5035,94142.67,256496.612
300043.SZ,20240327,3.09,3.12,2.91,2.94,3.1,-0.16,-5.1613,379194.0,113741.204
300044.SZ,20240327,5.4,5.5,5.11,5.4,5.41,-0.01,-0.1848,639942.15,340381.363
300045.SZ,20240327,23.0,23.02,21.28,21.31,23.15,-1.84,-7.9482,506702.94,1109109.947
300046.SZ,20240327,12.46,12.49,11.83,11.83,12.44,-0.61,-4.9035,48848.19,59031.444
300047.SZ,20240327,8.0,8.07,7.49,7.55,8.06,-0.51,-6.3275,320124.82,246499.128
300048.SZ,20240327,5.08,5.1,4.93,4.93,5.09,-0.16,-3.1434,83843.54,42010.939
300049.SZ,20240327,49.91,51.2,49.05,49.1,49.69,-0.59,-1.1874,50208.26,251302.973
300050.SZ,20240327,3.65,3.65,3.46,3.47,3.65,-0.18,-4.9315,179172.0,63406.884
300051.SZ,20240327,9.95,10.2,9.59,9.59,10.02,-0.43,-4.2914,32783.02,32355.238
300052.SZ,20240327,15.83,15.98,14.85,14.9,15.83,-0.93,-5.8749,73437.42,112771.37
300053.SZ,20240327,12.39,12.39,11.22,11.26,12.44,-1.18,-9.4855,486442.79,563012.769
300054.SZ,20240327,21.3,21.47,20.9,20.9,21.51,-0.61,-2.8359,65693.01,138784.292
300055.SZ,20240327,4.98,5.02,4.82,4.83,4.98,-0.15,-3.012,52035.0,25631.519
300056.SZ,20240327,10.06,10.15,9.3,9.41,9.93,-0.52,-5.2367,287427.47,275276.322
300057.SZ,20240327,5.11,5.3,4.98,4.98,5.05,-0.07,-1.3861,342425.06,176544.279
300058.SZ,20240327,7.39,7.46,6.98,6.98,7.39,-0.41,-5.548,1095416.46,779215.149
300059.SZ,20240327,13.1,13.11,12.79,12.79,13.14,-0.35,-2.6636,1564381.43,2021851.027
300061.SZ,20240327,4.55,4.62,4.29,4.31,4.57,-0.26,-5.6893,146171.62,64820.529
300062.SZ,20240327,5.03,5.05,4.8,4.8,5.01,-0.21,-4.1916,79302.4,38774.309
300063.SZ,20240327,5.76,5.97,5.35,5.4,5.89,-0.49,-8.3192,752387.36,421978.13
300065.SZ,20240327,7.98,8.01,7.43,7.46,7.99,-0.53,-6.6333,234969.0,179700.809
300066.SZ,20240327,3.9,3.93,3.75,3.76,3.92,-0.16,-4.0816,140705.0,53844.065
300067.SZ,20240327,4.78,5.08,4.7,4.88,4.85,0.03,0.6186,1216690.35,599493.179
300068.SZ,20240327,11.91,11.91,11.13,11.15,11.91,-0.76,-6.3812,166352.74,191045.325
300069.SZ,20240327,11.1,11.1,10.55,10.6,10.95,-0.35,-3.1963,14667.0,15845.659
300070.SZ,20240327,4.88,4.92,4.78,4.79,4.9,-0.11,-2.2449,188323.3,91199.997
300071.SZ,20240327,3.41,3.41,3.09,3.11,3.5,-0.39,-11.1429,549368.41,177471.038
300072.SZ,20240327,2.45,2.47,2.34,2.36,2.46,-0.1,-4.065,195449.39,47021.874
300073.SZ,20240327,36.8,37.26,35.4,35.45,35.94,-0.49,-1.3634,255122.02,931241.935
300074.SZ,20240327,3.98,3.99,3.77,3.79,4.0,-0.21,-5.25,255483.0,98506.272
300075.SZ,20240327,15.86,15.89,14.86,14.87,15.89,-1.02,-6.4191,290340.48,441809.838
300076.SZ,20240327,4.37,4.38,4.11,4.11,4.39,-0.28,-6.3781,204845.0,86399.075
300077.SZ,20240327,10.86,10.87,9.8,9.91,10.85,-0.94,-8.6636,233778.2,239040.287
300078.SZ,20240327,3.56,3.57,3.31,3.31,3.55,-0.24,-6.7606,221372.05,75392.611
300079.SZ,20240327,4.97,4.99,4.68,4.69,4.98,-0.29,-5.8233,360175.01,173355.436
300080.SZ,20240327,4.27,4.27,4.07,4.09,4.25,-0.16,-3.7647,63576.0,26502.235
300081.SZ,20240327,7.6,7.67,7.0,7.02,7.65,-0.63,-8.2353,378513.04,274794.078
300082.SZ,20240327,5.01,5.12,4.82,4.82,5.0,-0.18,-3.6,58643.27,29137.924
300083.SZ,20240327,6.13,6.82,5.95,6.3,6.29,0.01,0.159,1904173.5,1205909.099
300084.SZ,20240327,6.1,6.17,5.93,5.93,6.13,-0.2,-3.2626,46344.0,28055.553
300085.SZ,20240327,11.58,11.64,10.88,10.89,11.63,-0.74,-6.3629,175656.05,195900.173
300086.SZ,20240327,5.0,5.05,4.88,4.88,5.01,-0.13,-2.5948,82670.02,41233.223
300087.SZ,20240327,7.95,8.02,7.74,7.75,8.04,-0.29,-3.607,111900.47,88325.976
300088.SZ,20240327,5.3,5.31,5.0,5.01,5.31,-0.3,-5.6497,556360.41,285586.786
300091.SZ,20240327,2.15,2.17,2.04,2.04,2.16,-0.12,-5.5556,203292.27,42528.099
300092.SZ,20240327,10.9,10.93,10.08,10.13,10.94,-0.81,-7.404,144429.51,149979.965
300093.SZ,20240327,20.4,20.6,18.7,19.07,20.67,-1.6,-7.7407,142133.9,283445.611
300094.SZ,20240327,4.03,4.33,4.01,4.02,4.18,-0.16,-3.8278,1653725.1,684810.937
300095.SZ,20240327,6.84,6.84,6.57,6.57,6.83,-0.26,-3.8067,52265.0,34741.006
300096.SZ,20240327,4.42,4.85,4.42,4.57,4.51,0.06,1.3304,490952.92,228845.456
300097.SZ,20240327,9.65,9.69,8.69,8.71,9.92,-1.21,-12.1976,427883.93,395756.367
300098.SZ,20240327,3.57,3.59,3.38,3.39,3.58,-0.19,-5.3073,383218.45,132456.057
300099.SZ,20240327,5.21,5.21,4.98,4.99,5.16,-0.17,-3.2946,81395.98,41241.682
300100.SZ,20240327,9.34,9.34,8.75,8.81,9.38,-0.57,-6.0768,92584.01,83533.973
300101.SZ,20240327,16.71,16.8,15.37,15.4,16.67,-1.27,-7.6185,148900.71,236090.424
300102.SZ,20240327,7.09,7.13,6.72,6.72,6.99,-0.27,-3.8627,198828.14,137085.552
300103.SZ,20240327,4.43,4.47,4.2,4.22,4.41,-0.19,-4.3084,62422.52,26954.665
300105.SZ,20240327,6.1,6.1,5.78,5.8,6.1,-0.3,-4.918,80189.0,47620.538
300106.SZ,20240327,7.18,7.65,7.14,7.21,7.19,0.02,0.2782,138837.01,102758.872
300107.SZ,20240327,5.66,5.79,5.31,5.43,5.7,-0.27,-4.7368,450340.1,249069.391
300108.SZ,20240327,2.25,2.26,2.07,2.1,2.23,-0.13,-5.8296,150785.25,32516.399
300109.SZ,20240327,19.23,19.35,18.63,18.63,19.22,-0.59,-3.0697,78766.04,149150.008
300110.SZ,20240327,3.55,3.62,3.48,3.5,3.53,-0.03,-0.8499,155147.6,55308.239
300111.SZ,20240327,2.5,2.55,2.46,2.47,2.5,-0.03,-1.2,158595.84,39815.272
300112.SZ,20240327,8.52,8.54,8.12,8.12,8.51,-0.39,-4.5828,78017.0,64648.419
300113.SZ,20240327,12.38,12.38,11.54,11.57,12.39,-0.82,-6.6182,160725.67,190909.096
300115.SZ,20240327,10.33,10.34,9.68,9.73,10.33,-0.6,-5.8083,270623.49,269058.526
300117.SZ,20240327,1.76,1.77,1.64,1.64,1.77,-0.13,-7.3446,316729.0,53435.321
300118.SZ,20240327,15.24,15.24,14.55,14.56,15.22,-0.66,-4.3364,176401.44,262164.689
300119.SZ,20240327,14.11,14.25,13.8,13.88,14.11,-0.23,-1.63,32387.13,45521.705
300120.SZ,20240327,5.36,5.37,5.13,5.14,5.38,-0.24,-4.461,68904.04,36120.757
300121.SZ,20240327,8.3,8.34,8.21,8.22,8.32,-0.1,-1.2019,27029.9,22366.75
300122.SZ,20240327,46.74,46.79,45.44,45.44,46.95,-1.51,-3.2162,167211.7,768913.097
300123.SZ,20240327,6.0,6.04,5.62,5.64,6.01,-0.37,-6.1564,337627.46,194923.759
300124.SZ,20240327,60.42,60.99,59.48,59.55,60.47,-0.92,-1.5214,95863.69,575860.671
300125.SZ,20240327,7.82,7.87,7.29,7.32,7.82,-0.5,-6.3939,101913.49,76981.266
300126.SZ,20240327,5.5,5.52,5.24,5.26,5.51,-0.25,-4.5372,40159.0,21637.549
300127.SZ,20240327,14.55,14.64,14.08,14.09,14.64,-0.55,-3.7568,30247.06,43493.463
300128.SZ,20240327,3.96,3.96,3.7,3.74,3.95,-0.21,-5.3165,194309.93,74311.777
300129.SZ,20240327,8.02,8.03,7.8,7.81,8.02,-0.21,-2.6185,133896.0,105556.793
300130.SZ,20240327,22.41,22.7,21.31,21.45,22.5,-1.05,-4.6667,112511.69,245999.123
300131.SZ,20240327,5.39,5.43,5.08,5.09,5.45,-0.36,-6.6055,563311.02,293560.748
300132.SZ,20240327,4.03,4.06,3.89,3.89,3.99,-0.1,-2.5063,85966.55,34359.086
300133.SZ,20240327,9.15,9.79,8.95,9.28,9.24,0.04,0.4329,3437716.88,3222678.444
300134.SZ,20240327,8.68,8.73,7.95,7.97,8.7,-0.73,-8.3908,139848.07,115198.65
300135.SZ,20240327,2.94,2.95,2.72,2.75,3.0,-0.25,-8.3333,684297.11,192998.481
300136.SZ,20240327,19.83,19.84,18.36,18.39,19.83,-1.44,-7.2617,342952.35,648683.253
300137.SZ,20240327,5.35,5.49,5.14,5.18,5.38,-0.2,-3.7175,139627.8,73518.65
300138.SZ,20240327,11.36,12.55,11.31,12.16,11.38,0.78,6.8541,180249.98,214371.92
300139.SZ,20240327,8.28,8.43,8.08,8.09,8.35,-0.26,-3.1138,74538.0,61645.009
300140.SZ,20240327,6.75,6.79,6.5,6.5,6.76,-0.26,-3.8462,40112.82,26556.871
300141.SZ,20240327,8.28,8.35,7.69,7.7,8.35,-0.65,-7.7844,103079.08,81899.459
300142.SZ,20240327,16.0,16.07,15.45,15.45,16.06,-0.61,-3.7983,168443.96,265525.494
300143.SZ,20240327,8.3,8.41,8.16,8.16,8.33,-0.17,-2.0408,45670.0,37818.176
300144.SZ,20240327,10.31,10.5,10.15,10.15,10.28,-0.13,-1.2646,175408.91,180932.758
300145.SZ,20240327,3.1,3.1,3.02,3.02,3.1,-0.08,-2.5806,292992.74,89866.931
300146.SZ,20240327,16.75,17.1,16.71,16.81,16.74,0.07,0.4182,136339.97,231001.752
300147.SZ,20240327,4.21,4.65,4.21,4.39,4.28,0.11,2.5701,394344.22,175853.508
300148.SZ,20240327,3.33,3.38,3.14,3.16,3.34,-0.18,-5.3892,361963.6,116931.544
300149.SZ,20240327,5.63,5.73,5.55,5.56,5.65,-0.09,-1.5929,103304.06,58300.427
300150.SZ,20240327,3.51,3.53,3.34,3.34,3.51,-0.17,-4.8433,87900.0,29961.686
300151.SZ,20240327,15.16,15.16,14.61,14.61,15.16,-0.55,-3.628,33791.45,50194.188
300152.SZ,20240327,3.06,3.09,2.72,2.73,3.11,-0.38,-12.2186,764832.6,219598.421
300153.SZ,20240327,6.38,6.42,6.15,6.15,6.41,-0.26,-4.0562,48246.02,30255.464
300154.SZ,20240327,5.97,5.99,5.76,5.77,5.95,-0.18,-3.0252,43451.02,25529.137
300155.SZ,20240327,4.07,4.12,3.89,3.9,4.11,-0.21,-5.1095,79865.5,31929.344
300157.SZ,20240327,3.01,3.02,2.77,2.78,3.05,-0.27,-8.8525,282195.96,81641.568
300158.SZ,20240327,4.86,4.94,4.76,4.77,4.87,-0.1,-2.0534,179577.05,87574.729
300159.SZ,20240327,2.13,2.15,2.03,2.03,2.13,-0.1,-4.6948,295016.0,61362.126
300160.SZ,20240327,4.99,5.0,4.76,4.76,4.94,-0.18,-3.6437,66117.0,32189.064
300161.SZ,20240327,30.57,30.66,28.8,28.82,30.57,-1.75,-5.7246,66453.2,195657.766
300162.SZ,20240327,5.51,5.51,5.19,5.22,5.49,-0.27,-4.918,69861.0,37293.748
300163.SZ,20240327,2.71,2.73,2.59,2.6,2.71,-0.11,-4.059,130559.87,34744.403
300164.SZ,20240327,4.12,4.19,3.95,3.96,4.14,-0.18,-4.3478,358700.98,146398.329
300165.SZ,20240327,4.47,4.52,4.29,4.3,4.48,-0.18,-4.0179,115354.33,50583.225
300166.SZ,20240327,8.72,8.75,8.08,8.09,8.79,-0.7,-7.9636,465667.49,387988.521
300167.SZ,20240327,2.08,2.1,1.94,1.94,2.1,-0.16,-7.619,128475.0,25764.705
300168.SZ,20240327,6.89,6.92,6.44,6.46,6.91,-0.45,-6.5123,209585.8,139306.349
300169.SZ,20240327,6.02,6.06,5.66,5.66,6.04,-0.38,-6.2914,166040.17,97024.293
300170.SZ,20240327,6.97,6.99,6.5,6.51,7.04,-0.53,-7.5284,462940.22,310324.343
300171.SZ,20240327,14.7,14.84,14.39,14.39,14.75,-0.36,-2.4407,44165.73,64528.835
300172.SZ,20240327,5.93,6.48,5.86,5.87,6.14,-0.27,-4.3974,1182582.46,725024.333
300173.SZ,20240327,4.31,4.31,4.06,4.08,4.32,-0.24,-5.5556,175885.66,73407.077
300174.SZ,20240327,15.15,15.72,14.69,14.72,15.12,-0.4,-2.6455,78927.8,118444.677
300175.SZ,20240327,5.49,5.73,5.41,5.45,5.54,-0.09,-1.6245,189280.51,105341.012
300176.SZ,20240327,5.42,5.44,5.2,5.2,5.41,-0.21,-3.8817,46900.44,24890.672
300177.SZ,20240327,5.49,5.49,5.13,5.18,5.52,-0.34,-6.1594,271074.56,142560.335
300179.SZ,20240327,7.96,7.96,7.52,7.55,8.01,-0.46,-5.7428,57053.78,44379.302
300180.SZ,20240327,3.41,3.42,3.21,3.27,3.44,-0.17,-4.9419,353252.95,117592.267
300181.SZ,20240327,12.44,12.67,12.3,12.33,12.46,-0.13,-1.0433,177722.57,222263.518
300182.SZ,20240327,5.8,6.02,5.49,5.51,5.9,-0.39,-6.6102,2555705.26,1457761.543
300183.SZ,20240327,12.21,12.22,11.52,11.53,12.28,-0.75,-6.1075,52869.3,62478.112
300184.SZ,20240327,5.58,5.59,5.18,5.2,5.62,-0.42,-7.4733,748746.9,399124.677
300185.SZ,20240327,2.29,2.3,2.23,2.24,2.29,-0.05,-2.1834,249785.5,56654.485
300187.SZ,20240327,5.41,5.55,5.31,5.44,5.44,0.0,0.0,93649.0,50976.35
300188.SZ,20240327,14.89,14.91,13.85,13.85,14.89,-1.04,-6.9846,235952.82,336150.587
300189.SZ,20240327,2.87,2.89,2.81,2.81,2.87,-0.06,-2.0906,144042.0,41015.964
300190.SZ,20240327,3.34,3.36,3.23,3.24,3.33,-0.09,-2.7027,34345.4,11301.487
300191.SZ,20240327,13.77,14.19,13.33,13.43,14.13,-0.7,-4.954,51762.02,70967.979
300192.SZ,20240327,11.25,11.34,10.3,10.37,11.31,-0.94,-8.3112,190966.83,204620.291
300193.SZ,20240327,7.63,7.93,7.5,7.51,7.66,-0.15,-1.9582,81799.46,63130.059
300194.SZ,20240327,3.66,3.76,3.64,3.67,3.67,0.0,0.0,250622.2,92894.368
300195.SZ,20240327,5.26,5.32,5.08,5.11,5.28,-0.17,-3.2197,81634.02,42423.375
300196.SZ,20240327,10.37,10.39,9.94,9.97,10.51,-0.54,-5.138,87306.65,88490.972
300197.SZ,20240327,1.9,1.91,1.85,1.85,1.91,-0.06,-3.1414,250243.31,46896.372
300198.SZ,20240327,1.93,1.95,1.84,1.85,1.94,-0.09,-4.6392,219812.0,41831.711
300199.SZ,20240327,12.09,12.42,12.0,12.02,12.05,-0.03,-0.249,395261.73,484210.093
300200.SZ,20240327,7.06,7.07,6.56,6.56,7.06,-0.5,-7.0822,125195.39,84129.838
300201.SZ,20240327,4.46,4.49,4.25,4.26,4.48,-0.22,-4.9107,154361.0,67392.275
300203.SZ,20240327,13.58,13.59,12.47,12.47,13.53,-1.06,-7.8344,103138.0,133019.577
300204.SZ,20240327,6.8,6.95,6.66,6.67,6.82,-0.15,-2.1994,79645.99,54251.251
300205.SZ,20240327,5.66,5.69,5.23,5.23,5.7,-0.47,-8.2456,80655.5,43605.738
300206.SZ,20240327,11.14,11.35,11.0,11.01,11.2,-0.19,-1.6964,136283.32,152223.453
300207.SZ,20240327,14.11,14.12,13.39,13.39,14.12,-0.73,-5.17,262832.59,361006.574
300208.SZ,20240327,4.38,4.38,4.08,4.1,4.41,-0.31,-7.0295,180007.95,75476.38
300209.SZ,20240327,3.0,3.01,2.76,2.77,3.03,-0.26,-8.5809,195626.0,56172.159
300210.SZ,20240327,11.49,11.62,10.71,10.75,11.66,-0.91,-7.8045,418635.01,463127.012
300211.SZ,20240327,7.23,7.25,6.77,6.8,7.22,-0.42,-5.8172,56967.0,39662.773
300212.SZ,20240327,25.7,25.76,23.77,23.77,25.78,-2.01,-7.7967,264949.22,648716.103
300213.SZ,20240327,6.7,6.71,6.34,6.34,6.68,-0.34,-5.0898,165555.0,106905.639
300214.SZ,20240327,5.64,5.75,5.42,5.42,5.71,-0.29,-5.0788,41502.0,23139.51
300215.SZ,20240327,4.23,4.26,4.07,4.07,4.25,-0.18,-4.2353,56727.51,23512.43
300217.SZ,20240327,5.09,5.09,4.85,4.86,5.1,-0.24,-4.7059,235082.08,116472.907
300218.SZ,20240327,13.3,13.35,13.04,13.06,13.32,-0.26,-1.952,17483.0,23045.91
300219.SZ,20240327,6.77,6.82,6.45,6.48,6.81,-0.33,-4.8458,75803.0,50033.017
300220.SZ,20240327,7.03,7.03,6.63,6.67,6.97,-0.3,-4.3042,6280.0,4268.136
300221.SZ,20240327,4.75,5.27,4.67,4.86,4.76,0.1,2.1008,468473.0,233694.764
300222.SZ,20240327,6.18,6.18,5.81,5.81,6.19,-0.38,-6.1389,144318.04,86046.826
300223.SZ,20240327,64.01,64.01,60.0,60.21,64.19,-3.98,-6.2003,127266.48,783617.22
300224.SZ,20240327,11.06,11.07,10.58,10.58,11.03,-0.45,-4.0798,64631.0,69630.606
300225.SZ,20240327,6.05,6.15,5.83,5.83,6.08,-0.25,-4.1118,106983.0,63684.237
300226.SZ,20240327,23.3,23.33,21.5,21.52,23.3,-1.78,-7.6395,132334.13,293869.453
300227.SZ,20240327,6.64,6.85,6.35,6.42,6.72,-0.3,-4.4643,175120.44,114295.688
300228.SZ,20240327,7.9,7.92,7.6,7.61,7.9,-0.29,-3.6709,130013.6,100855.618
300229.SZ,20240327,16.75,16.87,15.35,15.43,16.8,-1.37,-8.1548,483836.43,769168.469
300230.SZ,20240327,3.98,3.98,3.89,3.89,3.97,-0.08,-2.0151,110785.0,43650.141
300231.SZ,20240327,9.52,9.56,8.83,8.91,9.57,-0.66,-6.8966,183635.34,167430.579
300232.SZ,20240327,6.0,6.02,5.65,5.66,5.99,-0.33,-5.5092,313347.5,181941.239
300233.SZ,20240327,15.96,16.05,15.55,15.56,15.92,-0.36,-2.2613,48987.47,77035.256
300234.SZ,20240327,4.3,4.33,4.12,4.13,4.3,-0.17,-3.9535,38154.7,16105.091
300235.SZ,20240327,9.78,9.83,9.23,9.25,9.84,-0.59,-5.9959,87870.0,83420.86
300236.SZ,20240327,33.27,33.45,31.81,31.82,33.27,-1.45,-4.3583,32529.82,105478.006
300237.SZ,20240327,1.53,1.54,1.45,1.45,1.54,-0.09,-5.8442,263049.44,39233.625
300238.SZ,20240327,10.96,11.18,10.39,10.39,10.97,-0.58,-5.2871,113117.27,120673.127
300239.SZ,20240327,5.09,5.43,5.06,5.13,5.09,0.04,0.7859,179188.0,93711.581
300240.SZ,20240327,5.49,5.62,5.35,5.36,5.48,-0.12,-2.1898,50655.0,27747.323
300241.SZ,20240327,4.06,4.06,3.84,3.85,4.02,-0.17,-4.2289,139850.0,54878.46
300242.SZ,20240327,3.55,3.83,3.45,3.48,3.79,-0.31,-8.1794,1657751.42,596678.769
300243.SZ,20240327,7.51,7.52,7.17,7.2,7.44,-0.24,-3.2258,30497.0,22421.405
300244.SZ,20240327,17.85,18.04,17.54,17.65,17.8,-0.15,-0.8427,102532.7,182084.461
300245.SZ,20240327,6.53,6.54,6.17,6.2,6.54,-0.34,-5.1988,77146.78,48740.973
300246.SZ,20240327,7.41,7.53,7.15,7.19,7.37,-0.18,-2.4423,44890.81,33124.301
300247.SZ,20240327,2.88,2.91,2.8,2.8,2.86,-0.06,-2.0979,93197.0,26697.93
300248.SZ,20240327,7.87,7.9,7.44,7.46,7.89,-0.43,-5.4499,78251.01,59789.936
300249.SZ,20240327,8.76,8.87,7.83,7.85,9.22,-1.37,-14.859,501259.69,415667.272
300250.SZ,20240327,15.26,15.26,14.25,14.26,15.28,-1.02,-6.6754,70981.0,104050.856
300251.SZ,20240327,10.08,10.3,9.85,10.06,10.11,-0.05,-0.4946,333235.81,336227.438
300252.SZ,20240327,8.8,8.88,8.12,8.15,9.01,-0.86,-9.545,577113.76,484387.082
300253.SZ,20240327,7.37,7.38,7.05,7.06,7.37,-0.31,-4.2062,334636.24,239389.32
300254.SZ,20240327,8.91,9.23,8.76,9.03,8.86,0.17,1.9187,135910.6,122551.292
300255.SZ,20240327,11.32,11.89,11.22,11.38,11.35,0.03,0.2643,409235.71,476317.141
300256.SZ,20240327,2.27,2.28,2.16,2.17,2.28,-0.11,-4.8246,267845.72,59147.562
300257.SZ,20240327,12.94,13.01,12.44,12.5,12.96,-0.46,-3.5494,49387.21,62960.958
300258.SZ,20240327,10.12,10.12,9.55,9.55,10.13,-0.58,-5.7256,106033.2,103995.291
300259.SZ,20240327,3.24,3.28,3.16,3.16,3.23,-0.07,-2.1672,86996.0,27897.221
300260.SZ,20240327,28.55,28.89,26.86,26.88,29.25,-2.37,-8.1026,134689.0,373168.168
300261.SZ,20240327,5.81,6.94,5.75,6.94,5.78,1.16,20.0692,727009.93,486717.309
300263.SZ,20240327,6.01,6.04,5.73,5.75,6.02,-0.27,-4.485,112773.99,66372.003
300264.SZ,20240327,5.92,5.93,5.53,5.54,5.93,-0.39,-6.5767,269855.0,153381.896
300265.SZ,20240327,7.11,7.11,6.77,6.77,7.1,-0.33,-4.6479,80764.0,55979.851
300266.SZ,20240327,2.06,2.07,1.97,1.97,2.07,-0.1,-4.8309,148871.0,29978.075
300267.SZ,20240327,2.52,3.01,2.52,2.89,2.53,0.36,14.2292,1428338.14,402851.926
300268.SZ,20240327,9.16,9.29,8.78,8.88,9.15,-0.27,-2.9508,17935.0,16130.516
300269.SZ,20240327,4.65,4.69,4.39,4.4,4.68,-0.28,-5.9829,261594.21,118337.336
300270.SZ,20240327,6.71,6.75,6.21,6.21,6.81,-0.6,-8.8106,150029.9,96689.177
300271.SZ,20240327,7.08,7.13,6.67,6.67,7.13,-0.46,-6.4516,341547.97,233336.789
300272.SZ,20240327,4.91,4.96,4.81,4.87,4.89,-0.02,-0.409,94928.14,46401.622
300274.SZ,20240327,103.97,105.2,102.0,102.08,103.45,-1.37,-1.3243,164052.69,1704023.724
300275.SZ,20240327,9.5,9.51,9.03,9.06,9.52,-0.46,-4.8319,51689.0,47735.904
300276.SZ,20240327,4.28,4.3,4.11,4.13,4.32,-0.19,-4.3981,381684.83,160536.876
300277.SZ,20240327,7.26,7.28,6.93,6.94,7.26,-0.32,-4.4077,59305.0,41830.604
300278.SZ,20240327,3.41,3.43,3.24,3.24,3.41,-0.17,-4.9853,156468.0,51886.538
300279.SZ,20240327,4.97,4.98,4.74,4.75,4.97,-0.22,-4.4266,98293.03,47708.252
300280.SZ,20240327,43.35,45.0,40.97,42.0,43.73,-1.73,-3.9561,193991.17,834953.249
300281.SZ,20240327,4.97,4.99,4.76,4.8,5.02,-0.22,-4.3825,128224.57,62026.981
300283.SZ,20240327,5.33,5.35,5.04,5.07,5.34,-0.27,-5.0562,123333.5,63961.431
300284.SZ,20240327,5.03,5.34,5.03,5.12,4.96,0.16,3.2258,329520.41,170663.83
300285.SZ,20240327,17.34,17.36,16.84,16.84,17.34,-0.5,-2.8835,78398.16,134545.601
300286.SZ,20240327,21.12,21.34,20.3,20.45,21.17,-0.72,-3.401,27258.5,56750.754
300287.SZ,20240327,3.27,3.27,3.03,3.05,3.26,-0.21,-6.4417,395142.22,123235.296
300288.SZ,20240327,14.98,15.09,14.11,14.19,15.03,-0.84,-5.5888,140509.83,203988.811
300289.SZ,20240327,4.75,4.89,4.68,4.69,4.77,-0.08,-1.6771,63312.82,30404.552
300290.SZ,20240327,9.74,10.3,9.01,9.8,10.0,-0.2,-2.0,1109480.79,1061780.178
300291.SZ,20240327,5.73,6.0,5.36,5.39,5.76,-0.37,-6.4236,452609.0,253972.145
300292.SZ,20240327,3.34,3.36,3.19,3.23,3.39,-0.16,-4.7198,539311.0,175931.156
300293.SZ,20240327,15.51,15.7,14.34,14.39,15.5,-1.11,-7.1613,224304.65,331698.514
300294.SZ,20240327,27.2,28.75,27.2,28.03,27.4,0.63,2.2993,99758.53,282082.918
300295.SZ,20240327,9.79,9.89,9.33,9.36,9.88,-0.52,-5.2632,85911.6,81805.358
300296.SZ,20240327,5.1,5.12,4.9,4.9,5.09,-0.19,-3.7328,227349.25,113766.35
300298.SZ,20240327,20.73,20.86,20.12,20.15,20.7,-0.55,-2.657,24794.0,50915.234
300299.SZ,20240327,5.04,5.06,4.7,4.73,5.09,-0.36,-7.0727,296876.26,144066.27
300300.SZ,20240327,3.1,3.12,2.94,2.94,3.12,-0.18,-5.7692,231038.35,69644.762
300301.SZ,20240327,1.47,1.5,1.45,1.46,1.48,-0.02,-1.3514,92581.0,13684.338
300302.SZ,20240327,12.49,12.49,11.66,11.7,12.7,-1.0,-7.874,326398.94,389311.518
300303.SZ,20240327,5.12,5.13,4.84,4.86,5.13,-0.27,-5.2632,355760.4,176586.279
300304.SZ,20240327,6.14,6.14,5.88,5.91,6.14,-0.23,-3.7459,126029.0,76018.002
300305.SZ,20240327,7.16,7.16,6.89,6.89,7.1,-0.21,-2.9577,27225.0,19136.604
300306.SZ,20240327,10.33,10.4,9.93,9.98,10.31,-0.33,-3.2008,31428.0,31887.898
300307.SZ,20240327,5.56,5.57,5.28,5.29,5.56,-0.27,-4.8561,80754.0,43751.322
300308.SZ,20240327,160.78,161.97,152.76,154.2,158.5,-4.3,-2.7129,290856.48,4521397.249
300310.SZ,20240327,4.37,4.58,4.17,4.18,4.29,-0.11,-2.5641,623978.15,272657.483
300311.SZ,20240327,5.1,5.1,4.76,4.79,5.07,-0.28,-5.5227,146523.02,72108.29
300313.SZ,20240327,8.59,8.66,8.01,8.04,8.6,-0.56,-6.5116,90434.38,74761.455
300314.SZ,20240327,11.22,11.32,11.01,11.03,11.19,-0.16,-1.4298,33938.0,37943.111
300315.SZ,20240327,5.51,5.7,5.3,5.4,5.53,-0.13,-2.3508,1864199.96,1014916.673
300316.SZ,20240327,35.36,35.76,34.28,34.28,35.43,-1.15,-3.2458,81849.69,286511.87
300317.SZ,20240327,4.58,4.59,4.28,4.28,4.54,-0.26,-5.7269,204754.0,90306.334
300318.SZ,20240327,4.78,5.63,4.78,5.63,4.69,0.94,20.0426,144330.93,79321.068
300319.SZ,20240327,8.08,8.09,7.58,7.6,8.05,-0.45,-5.5901,151861.81,118496.698
300320.SZ,20240327,6.63,6.65,6.26,6.26,6.77,-0.51,-7.5332,220942.0,142497.767
300321.SZ,20240327,18.25,18.5,17.56,17.71,18.3,-0.59,-3.224,16368.0,29495.487
300322.SZ,20240327,9.36,9.39,8.55,8.64,9.39,-0.75,-7.9872,267792.37,238613.241
300323.SZ,20240327,4.87,4.87,4.56,4.57,4.86,-0.29,-5.9671,158817.0,74702.999
300324.SZ,20240327,3.05,3.05,2.86,2.86,3.05,-0.19,-6.2295,518768.47,151791.434
300326.SZ,20240327,5.02,5.16,4.98,4.98,5.03,-0.05,-0.994,119481.47,60509.143
300327.SZ,20240327,17.92,17.97,16.8,16.86,17.86,-1.0,-5.5991,61352.33,106143.668
300328.SZ,20240327,5.54,5.54,5.25,5.27,5.52,-0.25,-4.529,112144.22,60335.979
300329.SZ,20240327,5.11,5.15,4.94,4.97,5.13,-0.16,-3.1189,38246.6,19379.914
300331.SZ,20240327,18.39,18.46,17.15,17.18,18.47,-1.29,-6.9843,94460.36,167221.368
300332.SZ,20240327,6.34,6.38,6.1,6.1,6.35,-0.25,-3.937,80203.0,50025.663
300333.SZ,20240327,5.5,5.52,5.15,5.2,5.5,-0.3,-5.4545,115508.0,61049.926
300334.SZ,20240327,5.82,5.84,5.55,5.56,5.8,-0.24,-4.1379,47932.0,27211.675
300335.SZ,20240327,4.55,4.59,4.39,4.39,4.56,-0.17,-3.7281,117048.0,52557.574
300337.SZ,20240327,7.01,7.07,6.66,6.68,7.04,-0.36,-5.1136,275207.3,187819.458
300338.SZ,20240327,3.37,3.39,3.16,3.17,3.39,-0.22,-6.4897,169289.58,55006.771
300339.SZ,20240327,22.87,22.94,21.45,21.58,22.87,-1.29,-5.6406,370741.09,816290.397
300340.SZ,20240327,8.86,9.08,8.34,8.34,8.88,-0.54,-6.0811,59825.6,51843.127
300341.SZ,20240327,9.7,9.75,9.23,9.23,9.74,-0.51,-5.2361,56823.0,53866.526
300342.SZ,20240327,13.6,13.6,12.9,13.06,13.62,-0.56,-4.1116,244555.3,322194.943
300343.SZ,20240327,6.51,7.17,6.21,6.56,6.28,0.28,4.4586,1777712.56,1175957.124
300344.SZ,20240327,4.54,4.54,4.2,4.25,4.53,-0.28,-6.181,185886.2,80775.813
300345.SZ,20240327,7.93,7.93,7.57,7.6,7.93,-0.33,-4.1614,32970.52,25553.368
300346.SZ,20240327,25.34,25.38,23.72,23.72,25.23,-1.51,-5.9849,130184.18,317183.984
300347.SZ,20240327,49.85,52.77,49.23,50.91,50.1,0.81,1.6168,261564.37,1335549.687
300348.SZ,20240327,8.19,8.2,7.61,7.63,8.19,-0.56,-6.8376,156850.82,123066.512
300349.SZ,20240327,12.71,12.79,12.43,12.43,12.69,-0.26,-2.0489,51649.97,65019.062
300350.SZ,20240327,5.12,5.55,4.93,5.24,5.14,0.1,1.9455,493445.02,258278.556
300351.SZ,20240327,18.41,18.52,17.14,17.36,18.56,-1.2,-6.4655,148177.58,263980.489
300352.SZ,20240327,4.68,4.7,4.35,4.36,4.78,-0.42,-8.7866,582479.94,260934.348
300353.SZ,20240327,9.74,10.02,9.43,9.45,9.62,-0.17,-1.7672,171560.92,166470.937
300354.SZ,20240327,42.73,45.13,41.72,43.54,42.72,0.82,1.9195,24455.0,105740.095
300355.SZ,20240327,3.2,3.21,3.12,3.12,3.22,-0.1,-3.1056,285836.4,90472.312
300357.SZ,20240327,23.29,23.58,22.7,22.72,23.24,-0.52,-2.2375,26907.16,62347.498
300358.SZ,20240327,9.45,9.51,9.19,9.2,9.43,-0.23,-2.439,66417.0,62286.237
300359.SZ,20240327,4.88,4.91,4.7,4.77,4.88,-0.11,-2.2541,149441.5,71523.795
300360.SZ,20240327,15.91,16.13,15.7,15.71,15.96,-0.25,-1.5664,86933.41,137933.238
300363.SZ,20240327,18.76,18.87,18.14,18.14,18.8,-0.66,-3.5106,68434.0,126977.818
300364.SZ,20240327,28.78,29.44,27.33,27.98,29.21,-1.23,-4.2109,1191453.78,3378211.597
300365.SZ,20240327,5.81,5.83,5.48,5.5,5.91,-0.41,-6.9374,287280.96,161045.863
300366.SZ,20240327,10.46,10.48,9.47,9.52,10.42,-0.9,-8.6372,342330.39,337220.99
300368.SZ,20240327,5.62,5.63,5.22,5.22,5.61,-0.39,-6.9519,113235.0,61075.665
300369.SZ,20240327,7.11,7.11,6.63,6.63,7.12,-0.49,-6.882,183435.59,125590.475
300370.SZ,20240327,2.22,2.23,2.1,2.1,2.22,-0.12,-5.4054,192771.13,41485.156
300371.SZ,20240327,9.88,10.06,9.51,9.51,9.91,-0.4,-4.0363,25011.85,24397.7
300373.SZ,20240327,37.98,37.99,36.52,36.53,38.02,-1.49,-3.919,80663.48,299572.061
300374.SZ,20240327,14.82,14.84,13.65,13.66,14.82,-1.16,-7.8273,134452.4,189848.594
300375.SZ,20240327,5.62,5.67,4.92,4.95,5.81,-0.86,-14.8021,867792.59,453447.265
300376.SZ,20240327,6.06,6.09,5.84,5.84,6.11,-0.27,-4.419,144232.0,85780.176
300377.SZ,20240327,6.47,6.49,6.06,6.08,6.47,-0.39,-6.0278,155799.48,97355.457
300378.SZ,20240327,18.9,19.08,17.68,17.68,18.95,-1.27,-6.7018,102030.74,185907.659
300379.SZ,20240327,13.14,13.14,12.05,12.13,13.18,-1.05,-7.9666,256064.36,319727.376
300380.SZ,20240327,18.43,18.61,17.0,17.02,18.43,-1.41,-7.6506,62471.67,110357.883
300381.SZ,20240327,5.4,5.51,5.33,5.35,5.4,-0.05,-0.9259,56777.0,30796.494
300382.SZ,20240327,7.75,7.79,7.27,7.29,7.74,-0.45,-5.814,83330.0,62546.287
300383.SZ,20240327,9.66,9.7,9.05,9.05,9.7,-0.65,-6.701,416828.52,386657.727
300384.SZ,20240327,13.51,13.69,13.05,13.05,13.7,-0.65,-4.7445,44584.11,59240.868
300385.SZ,20240327,4.7,4.73,4.54,4.55,4.7,-0.15,-3.1915,34707.0,16105.692
300386.SZ,20240327,7.8,7.81,7.29,7.3,7.8,-0.5,-6.4103,50672.46,37947.761
300387.SZ,20240327,6.13,6.15,5.96,5.96,6.13,-0.17,-2.7732,53885.72,32705.636
300388.SZ,20240327,6.11,6.26,6.0,6.0,6.16,-0.16,-2.5974,70912.49,43336.535
300389.SZ,20240327,16.91,16.99,16.13,16.2,16.9,-0.7,-4.142,42550.0,69955.646
300390.SZ,20240327,20.26,20.34,19.55,19.56,20.33,-0.77,-3.7875,89691.09,178647.887
300391.SZ,20240327,5.16,5.49,5.13,5.34,5.16,0.18,3.4884,172393.5,91618.56
300393.SZ,20240327,8.88,8.91,8.45,8.48,8.9,-0.42,-4.7191,111595.22,96871.095
300394.SZ,20240327,152.94,155.16,146.5,151.0,153.8,-2.8,-1.8205,168692.16,2551439.124
300395.SZ,20240327,30.6,30.75,28.9,28.9,30.81,-1.91,-6.1993,63818.84,188474.434
300396.SZ,20240327,22.18,22.79,22.15,22.67,22.28,0.39,1.7504,38866.0,87359.803
300397.SZ,20240327,8.6,8.6,8.02,8.1,8.64,-0.54,-6.25,180540.9,149105.927
300398.SZ,20240327,12.12,12.12,11.35,11.47,12.09,-0.62,-5.1282,136817.01,159709.986
300399.SZ,20240327,10.7,10.8,10.18,10.19,10.76,-0.57,-5.2974,47184.54,49243.288
300400.SZ,20240327,12.4,12.46,11.58,11.65,12.44,-0.79,-6.3505,80846.0,96129.594
300401.SZ,20240327,9.5,9.93,9.46,9.69,9.51,0.18,1.8927,116822.24,114149.502
300402.SZ,20240327,17.32,17.36,15.88,15.88,17.3,-1.42,-8.2081,93464.69,153737.231
300403.SZ,20240327,7.9,7.94,7.59,7.66,7.95,-0.29,-3.6478,202709.54,157559.653
300404.SZ,20240327,7.69,7.85,7.46,7.46,7.65,-0.19,-2.4837,111208.0,85483.88
300405.SZ,20240327,5.24,5.24,4.87,4.9,5.23,-0.33,-6.3098,156455.11,78642.331
300406.SZ,20240327,19.09,19.29,18.68,18.7,19.06,-0.36,-1.8888,28348.76,53910.931
300407.SZ,20240327,7.28,7.33,7.01,7.01,7.33,-0.32,-4.3656,57144.41,40816.548
300408.SZ,20240327,24.99,25.07,24.26,24.28,25.0,-0.72,-2.88,107124.58,264273.633
300409.SZ,20240327,9.87,9.94,9.44,9.44,9.95,-0.51,-5.1256,66094.65,64102.148
300410.SZ,20240327,6.28,6.3,5.81,5.85,6.28,-0.43,-6.8471,80104.3,48371.255
300411.SZ,20240327,12.49,14.3,12.25,13.62,12.42,1.2,9.6618,882983.29,1177012.937
300412.SZ,20240327,3.96,4.01,3.82,3.82,3.99,-0.17,-4.2607,125845.15,49297.884
300413.SZ,20240327,25.0,25.18,24.11,24.15,25.1,-0.95,-3.7849,210041.89,515643.692
300414.SZ,20240327,7.8,7.82,7.46,7.48,7.82,-0.34,-4.3478,59705.4,45494.856
300415.SZ,20240327,19.4,19.5,18.72,18.75,19.38,-0.63,-3.2508,48863.0,92778.278
300416.SZ,20240327,14.74,14.77,13.29,13.41,14.93,-1.52,-10.1808,244365.49,339427.944
300417.SZ,20240327,8.56,8.56,8.1,8.15,8.44,-0.29,-3.436,27264.0,22714.73
300418.SZ,20240327,38.86,38.86,36.2,36.44,38.86,-2.42,-6.2275,509848.5,1907253.615
300419.SZ,20240327,6.77,7.24,6.57,7.03,6.87,0.16,2.329,848391.86,589990.861
300420.SZ,20240327,2.77,2.77,2.66,2.66,2.77,-0.11,-3.9711,141932.8,38426.725
300421.SZ,20240327,9.15,9.15,8.67,8.7,9.1,-0.4,-4.3956,103912.92,91805.468
300422.SZ,20240327,4.64,4.73,4.54,4.54,4.64,-0.1,-2.1552,42696.39,19853.577
300423.SZ,20240327,6.64,6.72,6.23,6.25,6.68,-0.43,-6.4371,94718.78,60830.356
300424.SZ,20240327,10.98,11.08,10.4,10.68,11.13,-0.45,-4.0431,122591.81,131817.492
300425.SZ,20240327,4.36,4.37,4.19,4.19,4.36,-0.17,-3.8991,152571.0,65203.852
300426.SZ,20240327,9.43,9.76,8.92,9.0,9.55,-0.55,-5.7592,160781.0,147746.362
300427.SZ,20240327,3.72,3.75,3.57,3.57,3.77,-0.2,-5.305,42418.85,15439.225
300428.SZ,20240327,17.47,17.57,16.71,16.71,17.53,-0.82,-4.6777,53021.0,90943.34
300429.SZ,20240327,13.15,13.18,11.8,11.91,13.6,-1.69,-12.4265,645022.28,801451.145
300430.SZ,20240327,16.87,16.87,15.57,15.6,16.86,-1.26,-7.4733,115307.04,185150.705
300432.SZ,20240327,7.9,7.92,7.36,7.36,7.9,-0.54,-6.8354,192560.77,146132.894
300433.SZ,20240327,13.5,13.54,13.1,13.1,13.42,-0.32,-2.3845,256272.89,340017.099
300434.SZ,20240327,8.78,8.95,8.68,8.69,8.8,-0.11,-1.25,42386.76,37512.516
300435.SZ,20240327,13.24,13.24,12.8,12.81,13.25,-0.44,-3.3208,31342.0,40580.169
300436.SZ,20240327,18.79,19.26,18.67,18.73,18.76,-0.03,-0.1599,16625.0,31496.818
300437.SZ,20240327,10.2,11.25,10.06,10.53,10.29,0.24,2.3324,157833.81,168281.755
300438.SZ,20240327,26.77,27.11,25.24,25.29,26.91,-1.62,-6.0201,348465.67,908285.281
300439.SZ,20240327,9.56,9.76,9.37,9.37,9.54,-0.17,-1.782,46232.43,44324.147
300440.SZ,20240327,6.24,6.28,5.98,5.98,6.24,-0.26,-4.1667,56843.0,34804.874
300441.SZ,20240327,7.27,7.37,7.07,7.1,7.27,-0.17,-2.3384,95090.61,68484.713
300442.SZ,20240327,30.7,31.88,28.8,28.96,31.9,-2.94,-9.2163,785255.85,2344047.494
300443.SZ,20240327,21.69,21.69,20.35,20.45,21.64,-1.19,-5.4991,77495.84,162641.812
300444.SZ,20240327,6.18,6.23,5.9,5.91,6.23,-0.32,-5.1364,148688.27,89881.996
300445.SZ,20240327,17.93,18.37,17.58,17.58,18.1,-0.52,-2.8729,64565.2,116114.278
300446.SZ,20240327,16.5,16.68,15.24,15.48,17.05,-1.57,-9.2082,224281.64,355334.324
300447.SZ,20240327,12.17,12.27,11.65,11.66,12.27,-0.61,-4.9715,53443.0,63382.584
300448.SZ,20240327,4.54,4.56,4.27,4.3,4.56,-0.26,-5.7018,125089.31,55108.228
300449.SZ,20240327,5.09,5.35,4.8,4.82,5.24,-0.42,-8.0153,192970.13,96075.227
300450.SZ,20240327,24.48,24.59,23.5,23.5,24.78,-1.28,-5.1655,300350.23,722425.87
300451.SZ,20240327,4.72,4.73,4.41,4.42,4.71,-0.29,-6.1571,322592.63,146533.412
300452.SZ,20240327,12.46,12.7,12.41,12.41,12.43,-0.02,-0.1609,22332.04,28079.193
300453.SZ,20240327,7.46,7.59,7.24,7.25,7.19,0.06,0.8345,110379.81,81823.382
300454.SZ,20240327,65.6,65.92,61.11,61.22,65.9,-4.68,-7.1017,126148.44,799111.408
300455.SZ,20240327,10.69,10.76,9.94,9.95,10.72,-0.77,-7.1828,127564.16,130530.694
300456.SZ,20240327,21.19,21.25,19.5,19.5,20.94,-1.44,-6.8768,219238.17,441331.083
300457.SZ,20240327,15.86,15.86,14.55,14.56,16.56,-2.0,-12.0773,365625.27,550815.745
300458.SZ,20240327,19.0,19.17,17.96,17.98,19.25,-1.27,-6.5974,137614.3,253912.599
300459.SZ,20240327,4.7,4.75,4.4,4.4,4.71,-0.31,-6.5817,1496022.72,678328.365
300460.SZ,20240327,9.38,9.38,8.66,8.67,9.25,-0.58,-6.2703,89757.4,79710.773
300461.SZ,20240327,16.64,16.82,15.84,15.87,16.64,-0.77,-4.6274,29461.0,47847.995
300462.SZ,20240327,8.76,10.39,8.29,9.96,8.66,1.3,15.0115,252205.61,240643.325
300463.SZ,20240327,12.79,12.97,12.5,12.52,12.83,-0.31,-2.4162,54916.27,70102.724
300464.SZ,20240327,4.33,4.44,4.2,4.21,4.37,-0.16,-3.6613,35170.62,15148.906
300465.SZ,20240327,8.45,8.45,7.9,7.9,8.44,-0.54,-6.3981,130117.49,105294.41
300466.SZ,20240327,8.89,9.03,8.38,8.38,8.88,-0.5,-5.6306,381274.27,327047.109
300467.SZ,20240327,13.74,13.85,13.0,13.03,13.74,-0.71,-5.1674,55381.0,73830.372
300468.SZ,20240327,9.45,9.45,8.83,8.84,9.54,-0.7,-7.3375,211110.15,190936.766
300469.SZ,20240327,13.21,13.5,12.55,13.01,13.21,-0.2,-1.514,164066.0,213020.731
300470.SZ,20240327,32.97,32.97,32.19,32.19,32.85,-0.66,-2.0091,7445.0,24312.147
300471.SZ,20240327,11.13,11.19,10.4,10.51,11.24,-0.73,-6.4947,103002.31,110903.552
300472.SZ,20240327,6.56,6.63,6.11,6.13,6.59,-0.46,-6.9803,132442.58,83043.125
300473.SZ,20240327,17.0,17.04,15.8,15.95,17.2,-1.25,-7.2674,102478.66,168767.607
300474.SZ,20240327,74.69,77.2,72.0,73.0,75.34,-2.34,-3.1059,203159.25,1517648.749
300475.SZ,20240327,38.5,38.96,37.0,37.1,38.81,-1.71,-4.4061,195709.54,737786.953
300476.SZ,20240327,23.85,24.22,22.97,23.6,24.21,-0.61,-2.5196,417216.76,980651.516
300477.SZ,20240327,2.81,2.83,2.66,2.67,2.84,-0.17,-5.9859,152593.88,41813.995
300478.SZ,20240327,10.78,10.82,10.46,10.5,10.82,-0.32,-2.9575,27761.0,29499.531
300479.SZ,20240327,17.8,17.94,16.96,16.98,17.97,-0.99,-5.5092,58245.89,101417.359
300480.SZ,20240327,18.3,18.5,17.23,17.3,18.53,-1.23,-6.6379,56163.62,99201.854
300481.SZ,20240327,13.16,13.17,12.64,12.64,13.18,-0.54,-4.0971,37222.98,47968.484
300482.SZ,20240327,24.44,24.89,24.0,24.0,24.35,-0.35,-1.4374,34981.58,85515.1
300483.SZ,20240327,8.65,9.44,8.47,8.47,8.71,-0.24,-2.7555,71155.0,63143.169
300484.SZ,20240327,12.52,13.14,11.73,12.3,12.54,-0.24,-1.9139,274108.72,338306.872
300485.SZ,20240327,8.28,8.45,8.18,8.18,8.28,-0.1,-1.2077,44208.0,36778.661
300486.SZ,20240327,5.64,5.66,5.31,5.32,5.66,-0.34,-6.0071,136251.74,74458.316
300487.SZ,20240327,45.99,46.31,44.89,44.92,46.44,-1.52,-3.273,28540.67,130454.107
300488.SZ,20240327,22.91,23.09,22.12,22.13,22.9,-0.77,-3.3624,9937.99,22418.743
300489.SZ,20240327,17.4,17.79,16.38,16.47,18.09,-1.62,-8.9552,64569.35,109391.967
300490.SZ,20240327,9.21,9.55,8.75,8.75,9.18,-0.43,-4.6841,114928.59,103812.128
300491.SZ,20240327,19.05,19.15,17.9,17.93,19.15,-1.22,-6.3708,41927.8,77052.007
300492.SZ,20240327,97.86,98.67,95.61,95.61,98.7,-3.09,-3.1307,5277.1,51204.74
300493.SZ,20240327,7.42,7.48,6.99,7.0,7.46,-0.46,-6.1662,135525.06,97138.799
300494.SZ,20240327,16.23,16.55,15.23,15.27,16.73,-1.46,-8.7268,848134.91,1334256.478
300496.SZ,20240327,53.51,53.7,50.52,50.52,54.28,-3.76,-6.927,180607.4,936944.966
300497.SZ,20240327,9.59,9.59,9.17,9.18,9.48,-0.3,-3.1646,48441.45,45159.683
300498.SZ,20240327,19.01,19.19,18.62,18.76,19.0,-0.24,-1.2632,239602.77,451341.574
300499.SZ,20240327,13.1,13.14,12.21,12.25,12.93,-0.68,-5.2591,116249.33,145787.963
300500.SZ,20240327,9.78,9.82,9.3,9.32,9.77,-0.45,-4.6059,23474.0,22299.305
300501.SZ,20240327,12.26,14.48,12.26,12.73,12.25,0.48,3.9184,120225.59,157639.571
300502.SZ,20240327,71.0,72.0,66.54,67.01,70.47,-3.46,-4.9099,510066.27,3479354.981
300503.SZ,20240327,15.65,15.8,14.81,14.91,15.85,-0.94,-5.9306,143073.0,218094.342
300504.SZ,20240327,14.43,14.56,13.66,13.7,14.5,-0.8,-5.5172,41349.0,57898.625
300505.SZ,20240327,10.95,11.88,10.78,11.32,11.05,0.27,2.4434,252787.3,286602.501
300506.SZ,20240327,5.01,5.01,4.71,4.73,5.02,-0.29,-5.7769,112044.7,54373.548
300507.SZ,20240327,5.57,5.57,5.21,5.24,5.56,-0.32,-5.7554,194535.22,104366.878
300508.SZ,20240327,22.89,22.91,21.41,21.42,22.89,-1.47,-6.422,21829.88,48210.604
300509.SZ,20240327,5.25,5.29,5.1,5.11,5.29,-0.18,-3.4026,48197.67,25012.584
300510.SZ,20240327,4.85,4.88,4.64,4.64,4.87,-0.23,-4.7228,128910.86,61476.4
300511.SZ,20240327,4.06,4.35,4.02,4.12,4.04,0.08,1.9802,296688.4,124143.566
300512.SZ,20240327,6.67,6.72,6.37,6.37,6.67,-0.3,-4.4978,35918.72,23362.027
300513.SZ,20240327,9.9,9.98,9.5,9.5,9.93,-0.43,-4.3303,56969.3,55237.318
300514.SZ,20240327,15.23,15.25,14.39,14.39,15.11,-0.72,-4.7651,58654.0,86361.515
300515.SZ,20240327,9.46,9.47,8.93,8.93,9.36,-0.43,-4.594,26623.0,24376.43
300516.SZ,20240327,26.42,26.51,25.32,25.33,26.39,-1.06,-4.0167,15232.62,39208.373
300517.SZ,20240327,8.32,8.36,7.93,7.98,8.33,-0.35,-4.2017,24671.0,20005.227
300518.SZ,20240327,12.34,12.43,11.75,11.76,12.27,-0.51,-4.1565,26063.79,31381.846
300519.SZ,20240327,12.6,13.61,12.6,13.14,12.62,0.52,4.1204,66109.5,87021.16
300520.SZ,20240327,18.42,19.18,17.56,17.6,18.53,-0.93,-5.0189,182330.28,336743.144
300521.SZ,20240327,10.9,11.01,10.26,10.26,10.86,-0.6,-5.5249,28205.6,29938.76
300522.SZ,20240327,12.33,12.66,11.6,11.6,12.52,-0.92,-7.3482,62279.62,74753.218
300523.SZ,20240327,20.3,20.38,19.48,19.48,20.39,-0.91,-4.463,31372.0,62222.833
300525.SZ,20240327,13.49,13.5,12.96,13.01,13.5,-0.49,-3.6296,120008.46,157999.658
300527.SZ,20240327,6.54,6.55,6.31,6.31,6.54,-0.23,-3.5168,68723.83,44056.044
300528.SZ,20240327,8.62,8.79,8.21,8.24,8.64,-0.4,-4.6296,81744.45,68788.336
300529.SZ,20240327,22.48,22.67,22.01,22.01,22.46,-0.45,-2.0036,34955.93,78235.71
300530.SZ,20240327,25.51,26.1,22.4,22.51,26.83,-4.32,-16.1014,91992.19,222065.708
300531.SZ,20240327,11.6,11.65,10.91,10.91,11.63,-0.72,-6.1909,83979.0,94110.256
300532.SZ,20240327,15.21,15.37,14.34,14.34,15.24,-0.9,-5.9055,119163.0,175724.011
300533.SZ,20240327,27.17,27.47,25.59,25.61,27.22,-1.61,-5.9148,99408.0,261152.739
300534.SZ,20240327,8.3,8.59,8.21,8.26,8.31,-0.05,-0.6017,104246.0,87979.464
300535.SZ,20240327,12.85,13.0,12.47,12.5,12.82,-0.32,-2.4961,20356.05,26028.611
300536.SZ,20240327,16.69,17.28,15.7,15.9,16.77,-0.87,-5.1878,171297.77,283836.902
300537.SZ,20240327,16.66,16.79,15.2,15.35,16.79,-1.44,-8.5765,115432.54,182748.031
300538.SZ,20240327,15.48,15.53,14.4,14.41,15.48,-1.07,-6.9121,74321.0,110108.468
300539.SZ,20240327,9.21,9.5,8.9,8.92,9.21,-0.29,-3.1488,66459.0,61278.88
300540.SZ,20240327,23.42,23.48,22.59,22.59,23.46,-0.87,-3.7084,24834.0,57177.714
300541.SZ,20240327,14.28,14.34,13.32,13.35,14.36,-1.01,-7.0334,191856.27,263118.138
300542.SZ,20240327,12.43,12.43,11.42,11.61,12.8,-1.19,-9.2969,294626.16,350129.424
300543.SZ,20240327,7.99,7.99,7.51,7.54,7.92,-0.38,-4.798,58775.3,45422.305
300545.SZ,20240327,27.08,27.08,25.47,25.57,27.14,-1.57,-5.7848,46903.73,122484.176
300546.SZ,20240327,11.97,12.03,11.32,11.36,11.95,-0.59,-4.9372,34141.6,39650.462
300547.SZ,20240327,18.16,18.48,17.69,17.72,18.3,-0.58,-3.1694,47957.24,86551.245
300548.SZ,20240327,27.88,28.17,25.95,25.98,28.05,-2.07,-7.3797,210631.42,563153.34
300549.SZ,20240327,17.43,17.44,16.32,16.38,17.59,-1.21,-6.8789,40667.23,68642.096
300550.SZ,20240327,12.0,12.01,11.45,11.45,11.99,-0.54,-4.5038,15032.0,17663.466
300551.SZ,20240327,14.21,14.22,13.1,13.2,14.21,-1.01,-7.1077,125034.51,168834.717
300552.SZ,20240327,27.58,31.73,27.0,29.11,27.21,1.9,6.9827,347876.27,1002652.785
300553.SZ,20240327,32.6,32.74,29.7,29.78,32.89,-3.11,-9.4558,43807.38,134609.882
300554.SZ,20240327,24.2,24.2,22.16,22.36,24.25,-1.89,-7.7938,77245.58,177433.132
300555.SZ,20240327,8.0,8.3,7.74,8.01,8.04,-0.03,-0.3731,62011.0,49548.597
300556.SZ,20240327,25.0,25.58,22.68,23.05,25.12,-2.07,-8.2404,157156.37,377963.691
300557.SZ,20240327,28.29,28.29,27.0,27.0,27.93,-0.93,-3.3298,6407.0,17639.568
300558.SZ,20240327,42.49,42.54,40.62,40.62,42.55,-1.93,-4.5358,47963.97,198408.627
300559.SZ,20240327,12.97,13.25,12.27,12.3,12.91,-0.61,-4.725,126883.2,161097.155
300560.SZ,20240327,15.47,15.49,14.4,14.42,15.48,-1.06,-6.8475,66816.0,99111.061
300561.SZ,20240327,9.75,9.79,9.15,9.18,9.75,-0.57,-5.8462,44968.99,42534.357
300562.SZ,20240327,9.18,9.78,9.11,9.23,9.13,0.1,1.0953,160762.6,151536.099
300563.SZ,20240327,13.91,14.9,13.1,13.46,14.61,-1.15,-7.8713,212207.08,292173.953
300564.SZ,20240327,10.13,10.52,9.88,10.14,10.13,0.01,0.0987,30698.8,31361.204
300565.SZ,20240327,12.65,12.66,11.66,11.71,12.66,-0.95,-7.5039,89444.0,107887.768
300566.SZ,20240327,13.79,13.83,13.06,13.09,13.75,-0.66,-4.8,43224.28,57990.649
300567.SZ,20240327,75.0,76.45,72.46,73.77,75.81,-2.04,-2.6909,83628.4,622534.734
300568.SZ,20240327,11.5,11.62,10.95,10.95,11.61,-0.66,-5.6848,239016.13,268631.876
300569.SZ,20240327,5.18,5.22,4.96,4.96,5.17,-0.21,-4.0619,149536.79,75502.03
300570.SZ,20240327,38.52,39.13,35.82,35.91,38.83,-2.92,-7.52,163207.3,603010.348
300571.SZ,20240327,28.15,28.78,26.65,26.73,28.35,-1.62,-5.7143,39766.0,109450.647
300572.SZ,20240327,13.62,14.15,13.52,13.68,13.6,0.08,0.5882,96654.71,134046.516
300573.SZ,20240327,222.0,224.79,212.5,212.5,221.0,-8.5,-3.8462,45984.59,998498.142
300575.SZ,20240327,6.05,6.1,5.87,5.88,6.06,-0.18,-2.9703,69059.13,41445.633
300576.SZ,20240327,38.7,39.08,36.66,36.69,38.9,-2.21,-5.6812,97002.52,364623.787
300577.SZ,20240327,15.89,17.49,15.68,16.84,16.47,0.37,2.2465,85333.55,144569.981
300578.SZ,20240327,13.94,14.23,13.2,13.21,13.92,-0.71,-5.1006,72122.0,98221.794
300579.SZ,20240327,21.92,21.97,20.57,20.6,21.95,-1.35,-6.1503,34012.0,71962.889
300580.SZ,20240327,27.49,27.69,26.0,26.07,27.61,-1.54,-5.5777,90359.12,240213.651
300581.SZ,20240327,8.16,8.23,7.8,7.8,8.18,-0.38,-4.6455,67430.9,53512.295
300582.SZ,20240327,8.8,9.06,8.38,8.39,8.66,-0.27,-3.1178,76583.56,66802.847
300583.SZ,20240327,15.45,15.6,14.86,14.91,15.36,-0.45,-2.9297,20327.6,30996.659
300584.SZ,20240327,17.95,18.42,17.71,17.8,17.98,-0.18,-1.0011,24961.0,45123.123
300585.SZ,20240327,16.26,18.0,16.16,16.92,15.58,1.34,8.6008,457809.22,770058.61
300586.SZ,20240327,6.58,7.37,6.55,6.73,6.53,0.2,3.0628,283811.62,196306.523
300587.SZ,20240327,4.32,4.34,4.15,4.15,4.32,-0.17,-3.9352,127816.86,54086.596
300588.SZ,20240327,10.34,10.34,9.59,9.63,10.34,-0.71,-6.8665,91375.8,89974.369
300589.SZ,20240327,11.39,11.39,10.95,10.96,11.39,-0.43,-3.7752,53815.85,60021.707
300590.SZ,20240327,9.3,9.32,8.71,8.72,9.29,-0.57,-6.1356,81664.8,72960.983
300591.SZ,20240327,4.46,4.51,4.3,4.31,4.47,-0.16,-3.5794,105692.0,46485.581
300592.SZ,20240327,19.07,19.24,18.08,18.25,19.1,-0.85,-4.4503,51243.37,94908.654
300593.SZ,20240327,10.28,10.35,9.52,9.54,10.29,-0.75,-7.2886,114949.4,113448.02
300594.SZ,20240327,16.62,17.5,15.84,16.72,16.57,0.15,0.9053,40988.0,67304.478
300595.SZ,20240327,18.4,18.49,17.88,17.88,18.44,-0.56,-3.0369,66780.28,121623.172
300596.SZ,20240327,23.55,23.55,22.7,22.71,23.48,-0.77,-3.2794,14841.5,34330.953
300597.SZ,20240327,7.43,7.45,7.12,7.13,7.45,-0.32,-4.2953,60155.0,43498.337
300598.SZ,20240327,40.8,41.29,38.0,38.18,40.79,-2.61,-6.3986,59610.95,233537.528
300599.SZ,20240327,6.3,6.3,6.0,6.01,6.23,-0.22,-3.5313,25729.0,15777.973
300600.SZ,20240327,8.45,8.49,8.23,8.3,8.43,-0.13,-1.5421,50771.8,42280.571
300601.SZ,20240327,22.48,22.58,21.67,21.68,22.39,-0.71,-3.1711,83347.63,183920.718
300602.SZ,20240327,16.2,16.2,15.2,15.24,16.2,-0.96,-5.9259,135881.17,211514.993
300603.SZ,20240327,9.41,9.41,8.71,8.73,9.41,-0.68,-7.2264,184792.5,166227.049
300604.SZ,20240327,31.86,32.25,30.58,30.6,32.23,-1.63,-5.0574,116271.03,362735.693
300605.SZ,20240327,10.99,11.14,10.5,10.59,11.14,-0.55,-4.9372,38817.32,41736.919
300606.SZ,20240327,22.5,22.68,20.92,21.01,22.61,-1.6,-7.0765,54721.0,118751.116
300607.SZ,20240327,13.26,13.31,12.63,12.64,13.31,-0.67,-5.0338,78100.52,101020.867
300608.SZ,20240327,13.75,13.77,12.33,12.33,13.87,-1.54,-11.1031,224240.66,289845.94
300609.SZ,20240327,21.05,21.22,19.4,19.4,21.23,-1.83,-8.6199,85018.0,170016.674
300610.SZ,20240327,9.45,9.45,8.6,8.69,9.59,-0.9,-9.3848,73321.63,66612.479
300611.SZ,20240327,8.97,8.97,8.38,8.46,8.94,-0.48,-5.3691,39761.5,34348.016
300612.SZ,20240327,16.27,16.59,15.37,15.42,16.34,-0.92,-5.6304,85588.64,135408.317
300613.SZ,20240327,34.49,34.5,32.15,32.15,34.28,-2.13,-6.2135,31620.52,104491.64
300614.SZ,20240327,12.95,13.1,12.4,12.41,12.96,-0.55,-4.2438,24172.09,30698.288
300615.SZ,20240327,12.14,12.29,11.51,11.55,12.27,-0.72,-5.868,47925.34,56490.233
300616.SZ,20240327,14.16,14.46,13.8,13.8,14.26,-0.46,-3.2258,30338.0,42762.196
300617.SZ,20240327,27.73,27.88,26.28,26.29,27.76,-1.47,-5.2954,14154.0,38163.298
300618.SZ,20240327,24.15,24.17,23.08,23.08,24.24,-1.16,-4.7855,35776.0,84369.987
300619.SZ,20240327,40.81,41.35,38.81,38.9,40.9,-2.0,-4.89,6752.0,26891.945
300620.SZ,20240327,51.91,52.55,48.52,48.62,51.91,-3.29,-6.3379,189151.61,944694.132
300621.SZ,20240327,8.67,8.67,8.3,8.33,8.6,-0.27,-3.1395,17932.5,15178.606
300622.SZ,20240327,16.6,16.8,16.11,16.18,16.62,-0.44,-2.6474,15613.51,25577.213
300623.SZ,20240327,15.06,15.11,14.16,14.19,15.02,-0.83,-5.526,70135.86,102315.037
300624.SZ,20240327,99.43,100.71,92.5,92.9,100.82,-7.92,-7.8556,132899.07,1273375.069
300625.SZ,20240327,12.76,12.8,12.37,12.41,12.73,-0.32,-2.5137,14790.0,18642.919
300626.SZ,20240327,7.85,7.89,7.41,7.44,7.8,-0.36,-4.6154,46476.67,35317.924
300627.SZ,20240327,25.68,25.84,24.14,24.16,25.47,-1.31,-5.1433,112937.25,278001.349
300628.SZ,20240327,24.81,24.88,24.17,24.18,24.87,-0.69,-2.7744,66264.51,162225.59
300629.SZ,20240327,18.57,18.68,17.58,17.58,18.55,-0.97,-5.2291,52530.93,94503.817
300630.SZ,20240327,18.07,18.45,17.76,17.77,18.07,-0.3,-1.6602,139227.93,252772.117
300631.SZ,20240327,22.99,23.11,22.19,22.22,22.83,-0.61,-2.6719,13365.0,30351.895
300632.SZ,20240327,9.92,9.94,9.6,9.64,9.88,-0.24,-2.4291,29046.75,28291.769
300633.SZ,20240327,38.75,39.15,38.12,38.7,38.66,0.04,0.1035,20163.29,78246.298
300634.SZ,20240327,19.3,19.34,17.71,17.73,19.19,-1.46,-7.6081,274763.43,500515.3
300635.SZ,20240327,9.63,9.65,9.26,9.28,9.63,-0.35,-3.6345,25384.15,23993.19
300636.SZ,20240327,7.43,7.52,7.29,7.31,7.43,-0.12,-1.6151,40345.38,29844.83
300637.SZ,20240327,9.18,9.36,8.41,8.55,9.44,-0.89,-9.428,207148.5,185167.433
300638.SZ,20240327,16.41,16.46,15.11,15.15,16.22,-1.07,-6.5968,197780.88,307921.357
300639.SZ,20240327,7.03,7.18,6.95,6.96,7.03,-0.07,-0.9957,50673.63,35884.75
300640.SZ,20240327,4.98,5.03,4.85,4.85,5.0,-0.15,-3.0,34503.0,17013.685
300641.SZ,20240327,4.23,4.26,4.08,4.08,4.23,-0.15,-3.5461,35124.12,14637.29
300642.SZ,20240327,13.58,15.6,13.48,14.03,13.59,0.44,3.2377,62996.27,92512.503
300643.SZ,20240327,10.78,10.81,10.41,10.41,10.77,-0.36,-3.3426,25786.0,27291.795
300644.SZ,20240327,15.9,15.98,15.38,15.39,15.99,-0.6,-3.7523,20319.7,31921.902
300645.SZ,20240327,15.09,15.2,14.47,14.47,15.15,-0.68,-4.4884,57979.3,85419.364
300647.SZ,20240327,4.69,4.7,4.36,4.41,4.68,-0.27,-5.7692,137954.0,62482.516
300648.SZ,20240327,23.53,26.5,23.5,23.98,22.3,1.68,7.5336,192809.83,469549.976
300649.SZ,20240327,12.33,12.38,11.75,11.81,12.32,-0.51,-4.1396,22682.0,27349.502
300650.SZ,20240327,10.23,10.41,9.6,9.68,10.44,-0.76,-7.2797,106388.37,105258.431
300651.SZ,20240327,14.86,15.03,14.4,14.45,14.84,-0.39,-2.628,18871.9,27713.24
300652.SZ,20240327,22.46,22.56,21.63,21.85,22.46,-0.61,-2.7159,16793.51,36966.063
300653.SZ,20240327,23.4,24.06,23.22,23.51,23.51,0.0,0.0,21452.41,50801.227
300654.SZ,20240327,12.1,12.8,11.6,12.21,12.22,-0.01,-0.0818,496373.26,611585.367
300655.SZ,20240327,8.14,8.14,7.62,7.64,8.15,-0.51,-6.2577,219022.5,171538.712
300656.SZ,20240327,20.25,20.4,19.41,19.49,20.08,-0.59,-2.9382,13718.92,27048.885
300657.SZ,20240327,19.0,19.18,17.86,18.01,18.77,-0.76,-4.049,266335.43,486068.333
300658.SZ,20240327,5.3,5.32,5.13,5.13,5.26,-0.13,-2.4715,40211.51,21014.161
300659.SZ,20240327,17.08,17.13,15.82,15.85,17.12,-1.27,-7.4182,57169.3,93510.914
300660.SZ,20240327,27.58,27.65,26.28,26.29,27.45,-1.16,-4.2259,58365.74,156473.21
300661.SZ,20240327,65.79,66.87,64.12,64.12,65.9,-1.78,-2.7011,19490.87,128158.234
300662.SZ,20240327,19.8,19.97,18.92,19.0,20.0,-1.0,-5.0,30731.0,59733.148
300663.SZ,20240327,11.7,11.72,10.82,10.84,11.72,-0.88,-7.5085,191674.38,214125.13
300664.SZ,20240327,4.69,4.73,4.63,4.63,4.73,-0.1,-2.1142,45987.0,21536.239
300665.SZ,20240327,6.67,6.8,6.54,6.54,6.75,-0.21,-3.1111,49526.4,33003.147
300666.SZ,20240327,46.6,47.13,44.32,44.36,46.62,-2.26,-4.8477,42998.34,194595.289
300667.SZ,20240327,13.65,13.74,13.0,13.03,13.61,-0.58,-4.2616,34808.5,46472.142
300668.SZ,20240327,20.03,20.13,19.23,19.29,19.93,-0.64,-3.2112,10889.0,21268.836
300669.SZ,20240327,14.3,14.4,13.7,13.75,14.22,-0.47,-3.3052,15806.5,22186.347
300670.SZ,20240327,5.37,5.4,5.11,5.14,5.43,-0.29,-5.3407,62061.0,32528.293
300671.SZ,20240327,26.69,26.76,24.38,24.4,26.73,-2.33,-8.7168,68652.57,172813.607
300672.SZ,20240327,52.81,53.25,49.48,49.6,52.8,-3.2,-6.0606,51330.25,261702.575
300673.SZ,20240327,10.9,11.32,10.9,11.05,11.07,-0.02,-0.1807,22619.0,25190.913
300674.SZ,20240327,13.64,13.68,12.9,12.92,13.7,-0.78,-5.6934,147403.76,194490.988
300675.SZ,20240327,11.65,11.65,11.05,11.05,11.7,-0.65,-5.5556,36003.0,40773.14
300676.SZ,20240327,42.04,42.05,40.94,40.94,42.02,-1.08,-2.5702,23407.65,96999.279
300677.SZ,20240327,20.99,21.42,20.75,20.76,20.97,-0.21,-1.0014,74226.08,157186.391
300678.SZ,20240327,32.3,32.48,30.58,30.63,32.29,-1.66,-5.1409,133220.23,417314.22
300679.SZ,20240327,40.48,40.69,39.1,39.1,40.76,-1.66,-4.0726,40256.68,159586.413
300680.SZ,20240327,16.36,16.38,15.34,15.42,16.38,-0.96,-5.8608,44754.0,70481.472
300681.SZ,20240327,16.62,16.85,15.97,15.98,16.8,-0.82,-4.881,66700.07,108698.272
300682.SZ,20240327,12.33,12.33,11.51,11.54,12.37,-0.83,-6.7098,141389.29,167123.132
300683.SZ,20240327,25.99,26.23,25.46,25.46,25.94,-0.48,-1.8504,7369.0,19099.368
300684.SZ,20240327,16.48,16.57,15.43,15.5,16.6,-1.1,-6.6265,84205.66,134005.382
300685.SZ,20240327,21.97,22.05,21.36,21.37,21.95,-0.58,-2.6424,29335.5,63723.71
300686.SZ,20240327,8.0,8.07,7.5,7.54,8.04,-0.5,-6.2189,84291.6,65315.822
300687.SZ,20240327,19.49,19.8,18.33,18.33,18.66,-0.33,-1.7685,129243.64,245063.43
300688.SZ,20240327,27.15,27.52,24.8,24.8,27.4,-2.6,-9.4891,100974.9,261304.649
300689.SZ,20240327,14.65,14.75,14.01,14.02,14.71,-0.69,-4.6907,13986.8,20150.748
300690.SZ,20240327,20.65,21.9,19.1,19.87,21.42,-1.55,-7.2362,257151.66,518682.822
300691.SZ,20240327,16.9,16.97,15.8,15.8,16.84,-1.04,-6.1758,51544.35,83852.807
300692.SZ,20240327,5.31,5.37,5.19,5.2,5.3,-0.1,-1.8868,37563.85,19844.277
300693.SZ,20240327,30.59,30.59,29.31,29.31,30.78,-1.47,-4.7758,91348.89,273134.063
300694.SZ,20240327,10.48,10.5,10.05,10.07,10.44,-0.37,-3.5441,26514.0,27130.182
300695.SZ,20240327,45.43,45.43,43.22,43.3,45.98,-2.68,-5.8286,7673.0,33698.128
300696.SZ,20240327,13.89,13.89,13.1,13.13,13.91,-0.78,-5.6075,48735.5,65741.903
300697.SZ,20240327,11.81,11.81,11.0,11.0,11.96,-0.96,-8.0268,135172.44,152852.584
300698.SZ,20240327,32.9,33.11,30.89,31.0,32.69,-1.69,-5.1698,21856.0,69280.495
300699.SZ,20240327,29.84,29.89,28.15,28.18,29.87,-1.69,-5.6579,206494.77,593143.136
300700.SZ,20240327,12.79,12.86,12.18,12.18,12.79,-0.61,-4.7694,48214.6,60042.641
300701.SZ,20240327,8.4,8.41,7.94,7.94,8.31,-0.37,-4.4525,47348.0,38532.66
300702.SZ,20240327,15.98,16.69,15.86,15.9,16.02,-0.12,-0.7491,36632.86,59320.164
300703.SZ,20240327,8.92,8.96,8.72,8.73,8.87,-0.14,-1.5784,28751.44,25421.169
300705.SZ,20240327,36.2,37.99,35.8,36.92,36.44,0.48,1.3172,25468.12,94140.709
300706.SZ,20240327,19.99,19.99,18.81,18.81,19.83,-1.02,-5.1437,29128.0,56096.069
300707.SZ,20240327,13.99,13.99,13.04,13.06,14.02,-0.96,-6.8474,61487.0,82662.795
300708.SZ,20240327,8.8,8.8,8.42,8.42,8.8,-0.38,-4.3182,91320.53,78753.687
300709.SZ,20240327,32.81,33.0,30.99,31.1,32.8,-1.7,-5.1829,138089.55,440144.442
300710.SZ,20240327,17.07,17.07,15.65,15.89,16.8,-0.91,-5.4167,25527.0,41486.773
300711.SZ,20240327,12.35,12.35,11.79,11.79,12.35,-0.56,-4.5344,48829.6,58616.385
300712.SZ,20240327,24.99,24.99,23.5,23.63,24.85,-1.22,-4.9095,21163.97,51098.104
300713.SZ,20240327,14.38,14.45,13.52,13.52,14.59,-1.07,-7.3338,54503.44,75860.013
300715.SZ,20240327,9.17,9.2,8.85,8.85,9.18,-0.33,-3.5948,11881.0,10705.837
300716.SZ,20240327,8.92,9.0,8.46,8.49,8.92,-0.43,-4.8206,33252.5,29082.997
300717.SZ,20240327,13.06,13.51,12.88,13.14,13.05,0.09,0.6897,21705.0,28506.721
300718.SZ,20240327,16.4,16.49,15.95,15.97,16.39,-0.42,-2.5625,27116.85,43910.844
300719.SZ,20240327,12.41,12.53,11.76,12.08,12.44,-0.36,-2.8939,136850.6,165686.814
300720.SZ,20240327,16.4,16.65,15.62,15.62,16.45,-0.83,-5.0456,52121.7,83409.281
300721.SZ,20240327,10.85,10.95,10.39,10.41,10.81,-0.4,-3.7003,29074.7,30968.781
300722.SZ,20240327,22.14,22.18,21.4,21.42,22.25,-0.83,-3.7303,23000.67,50047.513
300723.SZ,20240327,25.2,25.88,25.1,25.69,25.38,0.31,1.2214,50568.36,129377.076
300724.SZ,20240327,62.29,62.46,59.65,59.66,62.6,-2.94,-4.6965,48638.78,297121.068
300725.SZ,20240327,37.88,40.74,37.32,38.5,38.57,-0.07,-0.1815,122615.32,480554.745
300726.SZ,20240327,23.56,23.56,22.41,22.46,23.58,-1.12,-4.7498,32105.54,73566.348
300727.SZ,20240327,26.6,26.9,25.7,25.84,27.04,-1.2,-4.4379,60538.53,158688.939
300729.SZ,20240327,19.27,19.39,18.18,18.23,19.26,-1.03,-5.3479,108090.98,201874.506
300730.SZ,20240327,10.73,10.81,10.18,10.19,10.79,-0.6,-5.5607,86721.3,90220.986
300731.SZ,20240327,17.22,17.39,16.12,16.14,17.4,-1.26,-7.2414,52076.28,86781.835
300732.SZ,20240327,7.37,7.38,7.09,7.09,7.42,-0.33,-4.4474,54277.91,39079.445
300733.SZ,20240327,10.04,10.1,9.77,9.78,10.12,-0.34,-3.3597,29466.2,29156.097
300735.SZ,20240327,26.3,26.79,24.61,25.17,26.81,-1.64,-6.1171,583348.16,1496218.614
300736.SZ,20240327,14.61,14.81,14.35,14.43,14.65,-0.22,-1.5017,22131.0,32119.652
300737.SZ,20240327,4.91,4.91,4.56,4.56,4.87,-0.31,-6.3655,156419.4,73302.255
300738.SZ,20240327,13.5,13.66,12.5,12.5,14.82,-2.32,-15.6545,1943503.45,2513446.376
300739.SZ,20240327,12.92,12.94,12.31,12.31,12.97,-0.66,-5.0887,45260.61,56802.296
300740.SZ,20240327,18.31,18.56,17.89,18.05,18.42,-0.37,-2.0087,75262.61,136949.496
300741.SZ,20240327,18.3,18.36,17.7,17.74,18.41,-0.67,-3.6393,16949.0,30549.269
300743.SZ,20240327,11.07,11.1,10.53,10.56,10.98,-0.42,-3.8251,25144.99,27053.196
300745.SZ,20240327,18.95,18.96,17.68,17.79,18.95,-1.16,-6.1214,67939.0,122833.122
300746.SZ,20240327,7.44,7.56,7.26,7.26,7.44,-0.18,-2.4194,30531.17,22463.347
300747.SZ,20240327,20.15,20.22,19.08,19.08,20.24,-1.16,-5.7312,80879.44,157887.716
300748.SZ,20240327,15.58,15.59,15.0,15.03,15.56,-0.53,-3.4062,117169.62,178841.463
300749.SZ,20240327,6.75,7.48,6.68,7.19,6.79,0.4,5.891,159710.8,112883.976
300750.SZ,20240327,191.74,191.75,188.0,188.0,191.8,-3.8,-1.9812,206457.04,3910050.276
300751.SZ,20240327,110.5,110.56,106.18,106.38,111.05,-4.67,-4.2053,20666.57,222444.643
300752.SZ,20240327,12.19,12.42,11.53,11.56,12.32,-0.76,-6.1688,45521.12,54249.691
300753.SZ,20240327,12.9,13.31,12.65,12.66,12.86,-0.2,-1.5552,43233.0,56007.675
300755.SZ,20240327,16.34,16.44,15.9,15.9,16.35,-0.45,-2.7523,12025.0,19486.447
300756.SZ,20240327,13.52,13.54,12.92,12.97,13.36,-0.39,-2.9192,19895.54,26299.635
300757.SZ,20240327,135.1,139.47,128.0,137.9,133.0,4.9,3.6842,125112.0,1689114.505
300758.SZ,20240327,8.28,8.39,8.01,8.05,8.29,-0.24,-2.8951,33071.66,27200.634
300759.SZ,20240327,20.63,21.1,20.1,20.2,20.84,-0.64,-3.071,270242.46,558009.88
300760.SZ,20240327,286.18,286.89,282.56,283.36,286.18,-2.82,-0.9854,29490.69,839781.947
300761.SZ,20240327,20.57,20.94,20.27,20.28,20.7,-0.42,-2.029,18316.8,37633.946
300762.SZ,20240327,14.25,14.25,13.22,13.29,14.11,-0.82,-5.8115,296535.04,402642.385
300763.SZ,20240327,60.59,60.8,57.3,57.3,60.97,-3.67,-6.0194,72132.68,425011.469
300765.SZ,20240327,36.49,37.5,35.37,36.04,36.41,-0.37,-1.0162,151984.25,549414.08
300766.SZ,20240327,13.58,14.02,12.8,12.96,14.12,-1.16,-8.2153,324978.0,432019.337
300767.SZ,20240327,11.7,11.77,11.05,11.08,11.77,-0.69,-5.8624,57918.97,66040.407
300768.SZ,20240327,12.45,12.45,11.5,11.52,12.44,-0.92,-7.3955,99162.62,117557.105
300769.SZ,20240327,40.55,40.65,37.7,37.77,40.73,-2.96,-7.2674,110366.94,429743.029
300770.SZ,20240327,41.06,41.5,39.3,39.47,41.07,-1.6,-3.8958,38566.17,155195.048
300771.SZ,20240327,9.69,10.55,9.42,9.85,9.64,0.21,2.1784,223737.64,223836.226
300772.SZ,20240327,8.99,9.08,8.68,8.68,9.04,-0.36,-3.9823,56751.9,50451.117
300773.SZ,20240327,13.86,13.86,13.22,13.22,13.82,-0.6,-4.3415,106107.34,143138.116
300774.SZ,20240327,8.59,9.24,8.53,8.75,8.59,0.16,1.8626,85200.52,76496.963
300775.SZ,20240327,23.9,23.9,22.98,23.01,23.81,-0.8,-3.3599,67478.21,157285.935
300776.SZ,20240327,45.58,45.83,44.17,44.17,45.51,-1.34,-2.9444,30324.07,136580.288
300777.SZ,20240327,29.5,29.97,27.0,27.37,30.2,-2.83,-9.3709,210025.81,603769.798
300778.SZ,20240327,10.4,10.46,9.86,9.88,10.48,-0.6,-5.7252,41021.55,41590.074
300779.SZ,20240327,42.37,43.22,40.85,41.16,42.43,-1.27,-2.9932,30325.71,128150.909
300780.SZ,20240327,19.0,19.02,17.48,17.68,19.12,-1.44,-7.5314,92439.0,168048.702
300781.SZ,20240327,60.66,67.68,60.66,64.99,61.78,3.21,5.1959,181994.16,1176340.045
300782.SZ,20240327,102.74,103.19,97.79,97.79,102.58,-4.79,-4.6695,54407.34,543099.819
300783.SZ,20240327,22.15,23.7,22.13,22.97,21.97,1.0,4.5517,206948.1,478036.86
300785.SZ,20240327,22.47,23.1,21.2,21.3,22.79,-1.49,-6.538,109377.03,239772.606
300786.SZ,20240327,13.9,14.1,13.11,13.16,14.25,-1.09,-7.6491,134330.75,180916.743
300787.SZ,20240327,13.55,13.56,12.8,12.8,13.5,-0.7,-5.1852,22587.8,29674.309
300788.SZ,20240327,31.0,31.64,29.48,29.5,31.3,-1.8,-5.7508,70679.0,214090.692
300789.SZ,20240327,18.5,18.57,17.62,17.62,18.62,-1.0,-5.3706,14275.3,25713.77
300790.SZ,20240327,12.13,12.36,11.51,11.57,12.08,-0.51,-4.2219,40373.8,47733.203
300791.SZ,20240327,35.82,37.97,35.63,36.4,35.73,0.67,1.8752,16898.66,62226.51
300792.SZ,20240327,19.2,19.35,18.25,18.3,19.2,-0.9,-4.6875,42459.11,79503.504
300793.SZ,20240327,14.89,15.03,13.85,13.89,14.95,-1.06,-7.0903,125833.0,179855.502
300795.SZ,20240327,39.93,41.6,38.83,40.33,39.32,1.01,2.5687,21330.76,85570.143
300796.SZ,20240327,14.2,14.3,13.93,14.19,14.2,-0.01,-0.0704,38476.72,54229.186
300797.SZ,20240327,10.98,10.98,10.55,10.57,10.94,-0.37,-3.3821,26584.0,28498.785
300798.SZ,20240327,8.46,8.47,7.86,7.9,8.47,-0.57,-6.7296,125875.75,102083.553
300800.SZ,20240327,10.2,10.29,9.85,9.85,10.17,-0.32,-3.1465,14876.5,14933.763
300801.SZ,20240327,13.7,13.8,13.3,13.31,13.81,-0.5,-3.6206,11100.79,15072.302
300802.SZ,20240327,16.54,16.69,15.64,15.68,16.52,-0.84,-5.0847,27897.6,45038.097
300803.SZ,20240327,45.48,45.48,43.01,43.07,45.31,-2.24,-4.9437,87383.5,383914.19
300804.SZ,20240327,25.3,25.39,24.49,24.6,25.4,-0.8,-3.1496,4830.62,12050.37
300805.SZ,20240327,8.41,8.63,7.99,8.03,8.54,-0.51,-5.9719,155395.85,128141.356
300806.SZ,20240327,9.5,9.53,8.83,8.89,9.51,-0.62,-6.5195,73482.98,66998.484
300807.SZ,20240327,28.62,30.37,28.09,28.93,27.75,1.18,4.2523,76575.66,223972.18
300808.SZ,20240327,18.63,20.18,18.59,20.0,18.67,1.33,7.1237,156385.61,307224.504
300809.SZ,20240327,24.77,24.89,23.61,23.64,24.95,-1.31,-5.2505,51951.37,125434.699
300810.SZ,20240327,18.69,18.89,17.87,17.96,18.68,-0.72,-3.8544,38649.0,70483.519
300811.SZ,20240327,57.55,58.01,55.5,55.87,58.21,-2.34,-4.0199,38673.2,218043.38
300812.SZ,20240327,27.02,27.4,25.31,25.44,27.36,-1.92,-7.0175,68151.86,179054.544
300813.SZ,20240327,16.98,19.75,16.84,18.61,16.85,1.76,10.4451,65363.34,121816.107
300814.SZ,20240327,31.51,31.72,29.21,29.3,32.18,-2.88,-8.9497,53043.23,160637.57
300815.SZ,20240327,13.1,13.17,12.76,12.76,13.16,-0.4,-3.0395,24778.94,32133.92
300816.SZ,20240327,19.9,20.39,19.52,20.03,20.15,-0.12,-0.5955,13817.72,27531.389
300817.SZ,20240327,12.6,12.67,11.92,11.96,12.59,-0.63,-5.004,25713.37,31544.634
300818.SZ,20240327,31.08,31.5,30.7,30.99,31.19,-0.2,-0.6412,3727.0,11570.786
300819.SZ,20240327,12.32,12.32,11.95,11.95,12.25,-0.3,-2.449,19495.3,23626.467
300820.SZ,20240327,53.4,53.65,50.11,50.16,53.0,-2.84,-5.3585,36265.55,185895.807
300821.SZ,20240327,7.56,7.7,7.3,7.3,7.52,-0.22,-2.9255,80786.68,60784.119
300822.SZ,20240327,10.98,11.23,10.4,10.43,10.94,-0.51,-4.6618,52201.65,56099.292
300823.SZ,20240327,16.94,16.99,16.1,16.16,16.95,-0.79,-4.6608,19202.6,31758.073
300824.SZ,20240327,7.52,7.57,7.21,7.26,7.53,-0.27,-3.5857,16677.5,12350.184
300825.SZ,20240327,12.94,13.2,12.16,12.21,12.9,-0.69,-5.3488,131556.25,164204.174
300826.SZ,20240327,12.89,12.89,12.15,12.15,12.9,-0.75,-5.814,38298.8,47816.203
300827.SZ,20240327,26.41,26.65,25.22,25.22,26.68,-1.46,-5.4723,62863.13,163452.545
300828.SZ,20240327,12.7,12.7,12.0,12.0,12.69,-0.69,-5.4374,34662.0,42675.028
300829.SZ,20240327,16.44,16.67,15.98,15.98,16.36,-0.38,-2.3227,19706.15,32146.517
300830.SZ,20240327,6.53,6.54,6.19,6.21,6.52,-0.31,-4.7546,74337.0,47284.467
300831.SZ,20240327,9.91,10.05,9.3,9.4,9.87,-0.47,-4.7619,36606.83,35153.688
300832.SZ,20240327,76.25,77.2,74.5,74.53,76.22,-1.69,-2.2173,30188.76,228975.119
300833.SZ,20240327,101.0,101.48,98.25,98.25,101.5,-3.25,-3.202,1778.66,17719.342
300834.SZ,20240327,19.3,19.31,18.31,18.56,19.29,-0.73,-3.7843,6051.68,11483.362
300835.SZ,20240327,23.93,23.93,22.56,22.6,23.58,-0.98,-4.1561,15661.1,36162.139
300836.SZ,20240327,23.34,24.2,22.8,23.13,23.34,-0.21,-0.8997,17645.68,41401.089
300837.SZ,20240327,23.95,24.18,23.0,23.04,23.95,-0.91,-3.7996,6073.9,14249.341
300838.SZ,20240327,12.81,13.37,12.68,12.69,12.99,-0.3,-2.3095,19488.0,25260.151
300839.SZ,20240327,8.9,8.96,8.65,8.67,8.86,-0.19,-2.1445,19611.83,17277.456
300840.SZ,20240327,15.8,15.89,15.25,15.69,15.9,-0.21,-1.3208,44722.0,69841.101
300841.SZ,20240327,56.51,57.49,55.14,55.16,56.7,-1.54,-2.716,15376.63,86809.556
300842.SZ,20240327,73.39,73.39,69.6,69.65,73.1,-3.45,-4.7196,31838.39,225732.123
300843.SZ,20240327,23.5,24.5,21.55,21.87,26.08,-4.21,-16.1426,164695.45,377110.985
300844.SZ,20240327,25.83,25.9,24.25,24.32,25.82,-1.5,-5.8095,13347.0,33242.964
300845.SZ,20240327,14.17,14.17,13.28,13.36,14.07,-0.71,-5.0462,34140.0,46471.048
300846.SZ,20240327,12.8,12.9,11.91,11.91,13.04,-1.13,-8.6656,311190.83,381409.003
300847.SZ,20240327,15.09,15.1,14.39,14.39,15.09,-0.7,-4.6388,43092.0,63516.723
300848.SZ,20240327,18.34,19.57,18.15,18.5,18.34,0.16,0.8724,34240.63,64740.306
300849.SZ,20240327,13.18,13.18,13.01,13.08,13.19,-0.11,-0.834,18415.23,24069.575
300850.SZ,20240327,24.62,24.66,23.15,23.2,24.55,-1.35,-5.499,37798.16,90026.928
300851.SZ,20240327,24.96,25.34,24.42,24.6,25.0,-0.4,-1.6,12034.56,29821.966
300852.SZ,20240327,31.03,31.4,30.44,30.55,31.38,-0.83,-2.645,9615.0,29607.711
300853.SZ,20240327,19.05,19.05,17.9,17.97,18.95,-0.98,-5.1715,27817.0,50799.958
300854.SZ,20240327,12.66,12.76,12.0,12.0,12.7,-0.7,-5.5118,28008.32,34630.693
300855.SZ,20240327,22.52,22.69,22.01,22.04,22.6,-0.56,-2.4779,17879.43,39932.263
300856.SZ,20240327,79.6,80.53,78.83,78.99,79.6,-0.61,-0.7663,8496.28,67748.464
300857.SZ,20240327,59.25,60.5,57.14,57.3,59.5,-2.2,-3.6975,85978.75,500368.746
300858.SZ,20240327,18.85,19.65,17.93,18.26,18.94,-0.68,-3.5903,55838.12,103517.514
300859.SZ,20240327,27.8,28.18,27.06,27.06,27.91,-0.85,-3.0455,40487.0,111353.849
300860.SZ,20240327,37.59,38.01,36.62,36.72,37.84,-1.12,-2.9598,29296.85,108912.42
300861.SZ,20240327,27.58,27.61,26.52,26.55,27.59,-1.04,-3.7695,37499.05,101427.841
300862.SZ,20240327,28.99,29.43,28.21,29.22,29.19,0.03,0.1028,19345.0,55820.812
300863.SZ,20240327,41.04,41.04,39.55,40.38,41.03,-0.65,-1.5842,15976.13,64124.341
300864.SZ,20240327,19.2,19.28,18.67,18.67,19.2,-0.53,-2.7604,8941.29,16988.697
300865.SZ,20240327,14.73,14.8,14.02,14.08,14.56,-0.48,-3.2967,12550.59,17958.292
300866.SZ,20240327,78.5,78.56,75.88,76.11,78.5,-2.39,-3.0446,19589.9,150871.086
300867.SZ,20240327,12.17,12.3,11.7,11.7,12.16,-0.46,-3.7829,23749.94,28426.171
300868.SZ,20240327,14.99,15.21,14.28,14.28,14.98,-0.7,-4.6729,16078.25,23563.491
300869.SZ,20240327,16.83,17.08,16.45,16.45,16.71,-0.26,-1.556,29794.75,50123.807
300870.SZ,20240327,45.3,45.4,42.7,42.7,45.28,-2.58,-5.6979,28565.71,124577.798
300871.SZ,20240327,12.6,12.8,12.2,12.2,12.81,-0.61,-4.7619,43149.1,53963.094
300872.SZ,20240327,11.99,12.02,11.35,11.35,11.99,-0.64,-5.3378,47902.86,55617.126
300873.SZ,20240327,18.76,18.8,17.85,17.86,18.8,-0.94,-5.0,31211.75,56655.463
300875.SZ,20240327,29.6,31.3,28.8,30.42,29.8,0.62,2.0805,118491.19,358868.421
300876.SZ,20240327,18.38,18.5,17.45,17.62,18.38,-0.76,-4.1349,8948.0,15948.284
300877.SZ,20240327,13.81,13.98,13.6,13.61,13.8,-0.19,-1.3768,11150.86,15364.169
300878.SZ,20240327,19.4,20.03,19.05,19.1,19.4,-0.3,-1.5464,25502.98,49890.34
300879.SZ,20240327,11.81,11.92,11.37,11.4,11.85,-0.45,-3.7975,14904.76,17342.423
300880.SZ,20240327,16.89,16.96,15.79,15.79,16.79,-1.0,-5.9559,31340.28,50847.541
300881.SZ,20240327,28.98,29.0,26.14,26.65,25.15,1.5,5.9642,96150.52,265727.785
300882.SZ,20240327,21.75,21.75,20.5,20.56,21.74,-1.18,-5.4278,29495.8,62032.984
300883.SZ,20240327,5.29,5.32,5.1,5.13,5.29,-0.16,-3.0246,53392.37,27791.616
300884.SZ,20240327,10.2,10.22,9.59,9.6,10.2,-0.6,-5.8824,58217.1,57462.546
300885.SZ,20240327,7.68,7.74,7.3,7.32,7.67,-0.35,-4.5632,34595.94,25932.422
300886.SZ,20240327,17.07,17.65,16.42,16.49,17.11,-0.62,-3.6236,7756.3,13081.52
300887.SZ,20240327,12.13,12.28,10.88,10.94,12.46,-1.52,-12.199,520475.23,600881.611
300888.SZ,20240327,35.39,35.7,34.55,34.55,35.38,-0.83,-2.346,16132.36,56754.087
300889.SZ,20240327,11.69,11.75,11.1,11.1,11.69,-0.59,-5.047,23662.0,26942.333
300890.SZ,20240327,34.5,35.55,30.72,30.89,31.94,-1.05,-3.2874,176126.91,590121.019
300891.SZ,20240327,7.88,7.91,7.67,7.67,7.91,-0.24,-3.0341,26070.0,20251.237
300892.SZ,20240327,17.54,19.94,17.3,18.63,16.75,1.88,11.2239,72041.02,132701.408
300893.SZ,20240327,29.3,29.41,28.66,28.69,29.17,-0.48,-1.6455,12110.39,35085.385
300894.SZ,20240327,13.12,13.21,12.55,12.56,13.03,-0.47,-3.6071,31964.96,41298.158
300895.SZ,20240327,32.3,32.37,29.33,29.35,32.6,-3.25,-9.9693,99620.79,301097.29
300896.SZ,20240327,338.0,345.82,336.0,340.03,337.51,2.52,0.7466,26287.79,901022.926
300897.SZ,20240327,28.39,28.79,27.74,27.82,28.17,-0.35,-1.2425,15535.18,43815.046
300898.SZ,20240327,19.88,21.54,19.67,20.07,19.58,0.49,2.5026,92266.82,189697.399
300899.SZ,20240327,27.3,29.22,25.55,25.85,27.8,-1.95,-7.0144,96178.51,263169.562
300900.SZ,20240327,25.87,26.82,24.73,25.51,26.12,-0.61,-2.3354,128224.26,328516.912
300901.SZ,20240327,8.24,8.45,8.14,8.25,8.28,-0.03,-0.3623,53335.31,44179.264
300902.SZ,20240327,28.23,28.25,27.07,27.13,28.06,-0.93,-3.3143,10319.0,28451.461
300903.SZ,20240327,7.68,7.68,7.14,7.14,7.71,-0.57,-7.393,130021.5,95494.769
300904.SZ,20240327,56.09,56.44,51.5,52.1,56.78,-4.68,-8.2423,22717.61,122589.761
300905.SZ,20240327,15.06,15.92,14.36,14.38,14.64,-0.26,-1.776,113978.53,174219.702
300906.SZ,20240327,19.5,19.78,19.23,19.23,19.62,-0.39,-1.9878,8230.83,15990.395
300907.SZ,20240327,16.76,16.88,15.96,15.96,16.53,-0.57,-3.4483,13837.0,22459.358
300908.SZ,20240327,40.2,41.6,39.63,39.7,39.95,-0.25,-0.6258,11342.87,46272.288
300909.SZ,20240327,24.73,24.73,23.0,23.08,24.72,-1.64,-6.6343,46441.44,109704.323
300910.SZ,20240327,36.8,38.98,36.8,38.38,36.59,1.79,4.892,67437.84,258600.798
300911.SZ,20240327,28.65,28.84,27.34,27.39,28.37,-0.98,-3.4544,15180.7,42761.297
300912.SZ,20240327,13.44,13.5,12.76,12.81,13.49,-0.68,-5.0408,26155.0,34225.331
300913.SZ,20240327,39.0,40.31,37.0,37.01,41.2,-4.19,-10.1699,219023.0,831975.913
300915.SZ,20240327,26.55,31.86,26.5,29.02,26.55,2.47,9.3032,30681.96,92645.116
300916.SZ,20240327,19.57,19.65,18.61,18.61,19.56,-0.95,-4.8569,17700.5,33850.709
300917.SZ,20240327,26.94,27.99,26.4,26.86,27.77,-0.91,-3.2769,142675.31,385805.45
300918.SZ,20240327,9.42,9.46,9.19,9.22,9.43,-0.21,-2.2269,18020.93,16840.96
300919.SZ,20240327,53.79,53.89,51.9,51.92,53.95,-2.03,-3.7627,24161.31,127799.325
300920.SZ,20240327,14.85,15.09,14.29,14.3,14.85,-0.55,-3.7037,8567.65,12587.758
300921.SZ,20240327,22.7,23.14,20.36,20.44,23.1,-2.66,-11.5152,99749.61,211568.149
300922.SZ,20240327,12.38,12.41,11.94,12.0,12.38,-0.38,-3.0695,36370.46,44070.361
300923.SZ,20240327,17.98,18.1,17.6,17.62,18.0,-0.38,-2.1111,10194.0,18146.148
300925.SZ,20240327,10.18,10.24,9.51,9.54,10.2,-0.66,-6.4706,146804.82,144066.408
300926.SZ,20240327,26.0,26.3,24.71,24.72,26.03,-1.31,-5.0327,36687.77,92721.099
300927.SZ,20240327,14.7,16.98,14.28,16.29,14.98,1.31,8.745,108527.72,172179.349
300928.SZ,20240327,38.3,38.35,35.95,36.35,37.97,-1.62,-4.2665,30456.28,111702.127
300929.SZ,20240327,9.27,9.34,8.91,8.91,9.26,-0.35,-3.7797,20559.0,18727.018
300930.SZ,20240327,16.91,17.17,16.53,16.58,17.07,-0.49,-2.8705,9812.0,16530.845
300931.SZ,20240327,6.2,6.2,5.89,5.9,6.11,-0.21,-3.437,31534.58,19008.418
300932.SZ,20240327,11.55,11.67,11.13,11.13,11.48,-0.35,-3.0488,17750.0,20189.091
300933.SZ,20240327,6.68,6.73,6.47,6.49,6.73,-0.24,-3.5661,118275.0,77638.181
300935.SZ,20240327,18.98,19.1,17.9,17.91,18.97,-1.06,-5.5878,16456.2,30134.248
300936.SZ,20240327,36.5,36.5,34.35,34.38,36.61,-2.23,-6.0912,21875.13,77123.339
300937.SZ,20240327,24.44,25.25,24.02,24.15,24.35,-0.2,-0.8214,22762.86,56408.44
300938.SZ,20240327,32.97,33.58,31.77,31.91,32.97,-1.06,-3.215,17002.6,55843.982
300939.SZ,20240327,31.64,31.64,29.3,29.31,31.64,-2.33,-7.3641,37314.34,112130.024
300940.SZ,20240327,16.15,16.32,15.51,15.56,16.3,-0.74,-4.5399,26887.64,42618.792
300941.SZ,20240327,18.99,19.19,17.69,17.69,19.22,-1.53,-7.9605,67326.77,123237.252
300942.SZ,20240327,7.92,9.5,7.85,8.87,7.92,0.95,11.9949,259109.57,235899.936
300943.SZ,20240327,11.63,11.7,10.85,10.86,11.63,-0.77,-6.6208,44496.74,49630.908
300945.SZ,20240327,9.43,9.55,9.05,9.15,9.45,-0.3,-3.1746,67287.0,63198.065
300946.SZ,20240327,25.55,25.77,24.71,24.8,25.53,-0.73,-2.8594,9253.2,23330.156
300947.SZ,20240327,12.15,12.25,11.2,11.26,12.29,-1.03,-8.3808,70965.56,82703.063
300948.SZ,20240327,10.81,10.9,10.34,10.37,10.92,-0.55,-5.0366,28638.5,30549.669
300949.SZ,20240327,44.01,44.33,41.82,41.99,44.11,-2.12,-4.8062,22967.64,98690.883
300950.SZ,20240327,12.72,13.92,12.6,13.19,12.7,0.49,3.8583,64251.27,85286.758
300951.SZ,20240327,40.76,40.87,37.72,37.72,40.6,-2.88,-7.0936,27791.5,108276.637
300952.SZ,20240327,18.38,19.49,17.93,19.1,18.6,0.5,2.6882,31322.86,58817.047
300953.SZ,20240327,54.25,54.92,52.0,52.08,54.25,-2.17,-4.0,8661.0,46168.323
300955.SZ,20240327,15.47,15.91,14.9,14.91,15.53,-0.62,-3.9923,13811.0,21224.077
300956.SZ,20240327,13.42,14.2,13.06,13.12,13.59,-0.47,-3.4584,95494.23,130865.878
300957.SZ,20240327,61.22,61.73,59.6,59.63,61.28,-1.65,-2.6926,23423.56,141734.893
300958.SZ,20240327,13.7,14.69,13.57,13.67,13.9,-0.23,-1.6547,113405.54,159749.782
300959.SZ,20240327,28.37,28.51,27.1,27.12,28.37,-1.25,-4.4061,8837.22,24435.25
300960.SZ,20240327,16.8,16.9,15.83,15.86,16.69,-0.83,-4.973,19579.34,31939.321
300961.SZ,20240327,9.49,9.58,9.12,9.2,9.46,-0.26,-2.7484,35639.62,33232.381
300962.SZ,20240327,14.81,15.05,14.1,14.15,15.06,-0.91,-6.0425,79305.72,115563.972
300963.SZ,20240327,9.94,9.94,9.51,9.52,9.9,-0.38,-3.8384,28038.1,27130.53
300964.SZ,20240327,36.61,36.98,32.65,32.65,37.67,-5.02,-13.3263,49851.38,171538.654
300965.SZ,20240327,35.81,36.15,33.5,33.86,35.72,-1.86,-5.2072,11914.0,41298.269
300966.SZ,20240327,16.88,17.23,16.7,16.71,16.82,-0.11,-0.654,19352.36,32860.296
300967.SZ,20240327,10.36,10.56,9.87,9.95,10.62,-0.67,-6.3089,72358.74,73783.142
300968.SZ,20240327,9.4,9.43,8.8,8.85,9.42,-0.57,-6.051,100290.37,90877.531
300969.SZ,20240327,84.9,86.5,83.5,84.25,84.6,-0.35,-0.4137,8966.0,76489.388
300970.SZ,20240327,13.07,13.54,12.89,12.89,13.1,-0.21,-1.6031,27506.92,36443.946
300971.SZ,20240327,19.4,19.62,18.6,18.7,19.44,-0.74,-3.8066,22582.27,43002.622
300972.SZ,20240327,29.85,30.7,29.57,29.83,29.85,-0.02,-0.067,13750.79,41292.492
300973.SZ,20240327,33.98,34.99,33.66,33.66,33.93,-0.27,-0.7958,26130.87,90087.16
300975.SZ,20240327,12.71,14.0,11.91,12.77,13.58,-0.81,-5.9647,1036580.77,1335009.561
300976.SZ,20240327,38.67,38.89,37.3,37.33,38.67,-1.34,-3.4652,5381.39,20313.159
300977.SZ,20240327,14.43,14.49,13.83,13.83,14.43,-0.6,-4.158,14783.13,20817.934
300978.SZ,20240327,11.36,11.49,10.85,10.88,11.43,-0.55,-4.8119,47694.0,52891.535
300979.SZ,20240327,58.3,60.84,57.7,59.52,57.96,1.56,2.6915,37761.28,224926.722
300980.SZ,20240327,18.39,18.47,17.28,17.28,17.95,-0.67,-3.7326,10743.0,19005.617
300981.SZ,20240327,12.11,12.2,11.7,11.72,12.09,-0.37,-3.0604,30228.03,36068.621
300982.SZ,20240327,19.65,19.74,18.59,18.59,19.65,-1.06,-5.3944,50986.2,97106.258
300983.SZ,20240327,24.61,24.73,24.17,24.18,24.54,-0.36,-1.467,3761.0,9171.518
300984.SZ,20240327,21.8,22.15,20.6,20.81,21.8,-0.99,-4.5413,8761.8,18663.927
300985.SZ,20240327,30.06,30.43,28.3,28.69,30.06,-1.37,-4.5576,16134.9,47423.565
300986.SZ,20240327,8.7,8.78,8.22,8.22,8.7,-0.48,-5.5172,43920.82,37244.222
300987.SZ,20240327,15.83,16.24,15.36,15.63,15.86,-0.23,-1.4502,83541.26,132133.27
300988.SZ,20240327,22.6,23.0,20.89,22.02,24.77,-2.75,-11.1021,248447.15,540372.893
300989.SZ,20240327,16.65,16.98,15.6,15.62,17.03,-1.41,-8.2795,38682.0,62581.254
300990.SZ,20240327,37.93,38.38,35.6,35.98,37.97,-1.99,-5.241,31998.2,118534.78
300991.SZ,20240327,15.51,15.82,14.08,14.22,16.33,-2.11,-12.921,146916.75,217191.227
300992.SZ,20240327,17.42,17.96,17.3,17.5,17.59,-0.09,-0.5117,11857.37,20947.308
300993.SZ,20240327,10.75,11.0,10.65,10.7,10.63,0.07,0.6585,25328.54,27358.54
300994.SZ,20240327,10.58,10.79,10.16,10.17,10.57,-0.4,-3.7843,21662.54,22647.794
300995.SZ,20240327,17.27,17.28,16.2,16.37,17.27,-0.9,-5.2113,38099.28,63055.694
300996.SZ,20240327,15.68,15.73,14.52,14.63,15.67,-1.04,-6.6369,43462.56,65577.028
300997.SZ,20240327,15.38,16.29,15.27,15.7,15.0,0.7,4.6667,86401.51,136804.684
300998.SZ,20240327,23.1,23.4,22.65,22.85,23.3,-0.45,-1.9313,14394.0,33076.207
300999.SZ,20240327,30.4,30.6,30.12,30.13,30.53,-0.4,-1.3102,49353.75,149925.622
301000.SZ,20240327,17.08,17.08,15.81,15.86,17.12,-1.26,-7.3598,27872.2,45579.981
301001.SZ,20240327,20.0,20.2,19.11,19.16,20.0,-0.84,-4.2,13524.49,26406.953
301002.SZ,20240327,14.8,14.83,14.29,14.29,14.73,-0.44,-2.9871,12754.7,18479.238
301003.SZ,20240327,21.71,21.83,20.99,20.99,21.71,-0.72,-3.3164,6043.8,12870.116
301004.SZ,20240327,68.2,68.66,66.71,67.13,67.5,-0.37,-0.5481,9584.98,64715.179
301005.SZ,20240327,33.0,33.08,31.8,32.17,32.93,-0.76,-2.3079,10096.42,32679.165
301006.SZ,20240327,13.66,13.78,13.16,13.17,13.66,-0.49,-3.5871,12164.0,16318.16
301007.SZ,20240327,15.0,15.04,13.78,13.78,15.42,-1.64,-10.6355,212804.52,305033.951
301008.SZ,20240327,23.3,23.3,22.03,22.04,23.3,-1.26,-5.4077,8433.0,19055.105
301009.SZ,20240327,8.83,8.93,8.57,8.57,8.86,-0.29,-3.2731,20040.0,17562.268
301010.SZ,20240327,13.59,13.69,13.0,13.0,13.69,-0.69,-5.0402,19877.21,26340.055
301011.SZ,20240327,16.67,16.68,15.9,15.91,16.66,-0.75,-4.5018,24732.55,40082.889
301012.SZ,20240327,17.09,17.26,16.31,16.31,17.28,-0.97,-5.6134,22991.57,38463.773
301013.SZ,20240327,14.48,14.89,12.8,12.99,14.46,-1.47,-10.166,331569.5,455826.061
301015.SZ,20240327,33.69,33.69,32.65,32.7,33.22,-0.52,-1.5653,15650.58,51689.726
301016.SZ,20240327,16.5,16.55,15.68,15.75,16.55,-0.8,-4.8338,20214.32,32541.32
301017.SZ,20240327,13.53,13.76,13.18,13.18,13.53,-0.35,-2.5868,26998.16,36372.373
301018.SZ,20240327,26.23,26.27,24.4,24.45,26.24,-1.79,-6.8216,69083.02,174509.998
301019.SZ,20240327,18.8,18.95,18.34,18.34,18.79,-0.45,-2.3949,6502.0,12124.797
301020.SZ,20240327,18.58,18.74,17.56,17.6,18.68,-1.08,-5.7816,31633.33,57043.516
301021.SZ,20240327,18.78,18.93,17.48,17.54,19.29,-1.75,-9.0721,67091.11,121474.43
301022.SZ,20240327,25.8,26.0,22.8,23.01,26.7,-3.69,-13.8202,51332.5,125005.027
301023.SZ,20240327,33.33,35.66,32.18,32.23,32.5,-0.27,-0.8308,23754.94,80910.714
301024.SZ,20240327,22.84,22.99,21.26,21.5,23.12,-1.62,-7.0069,15678.0,34766.527
301025.SZ,20240327,12.03,13.05,11.77,12.24,12.85,-0.61,-4.7471,344894.07,425068.339
301026.SZ,20240327,25.75,25.83,24.86,24.86,25.92,-1.06,-4.0895,13230.31,33622.434
301027.SZ,20240327,8.95,8.95,8.61,8.61,8.92,-0.31,-3.4753,26941.0,23541.569
301028.SZ,20240327,8.85,8.88,8.43,8.43,8.79,-0.36,-4.0956,32755.22,28265.594
301029.SZ,20240327,25.6,25.74,24.29,24.31,25.83,-1.52,-5.8846,89551.96,223202.979
301030.SZ,20240327,57.6,58.95,56.3,56.39,57.55,-1.16,-2.0156,53871.75,310753.175
301031.SZ,20240327,94.92,96.5,92.61,92.67,95.61,-2.94,-3.075,8297.0,78149.767
301032.SZ,20240327,7.66,7.75,7.22,7.25,7.6,-0.35,-4.6053,33916.2,25266.299
301033.SZ,20240327,32.34,33.25,32.01,32.01,32.33,-0.32,-0.9898,6421.4,20839.276
301035.SZ,20240327,67.5,67.5,65.6,65.66,66.83,-1.17,-1.7507,7932.5,52742.527
301036.SZ,20240327,17.71,17.79,16.9,16.96,17.71,-0.75,-4.2349,15194.0,26373.666
301037.SZ,20240327,14.1,14.29,13.78,13.78,14.09,-0.31,-2.2001,15181.93,21270.258
301038.SZ,20240327,14.85,14.98,14.34,14.35,14.8,-0.45,-3.0405,23195.28,33814.704
301039.SZ,20240327,9.58,9.63,9.19,9.21,9.59,-0.38,-3.9625,176419.31,165889.248
301040.SZ,20240327,12.96,13.04,12.5,12.5,12.92,-0.42,-3.2508,19250.05,24418.974
301041.SZ,20240327,23.83,23.9,22.24,22.3,23.99,-1.69,-7.0446,45679.26,104328.364
301042.SZ,20240327,32.38,33.25,31.8,31.81,32.5,-0.69,-2.1231,21697.9,70173.571
301043.SZ,20240327,26.08,26.09,25.35,25.5,25.96,-0.46,-1.772,7180.0,18403.427
301045.SZ,20240327,19.38,19.38,18.3,18.38,19.06,-0.68,-3.5677,12072.0,22535.614
301046.SZ,20240327,21.05,21.23,19.86,19.86,20.81,-0.95,-4.5651,20760.0,42603.935
301047.SZ,20240327,71.0,71.59,69.6,69.88,70.98,-1.1,-1.5497,3952.1,27920.667
301048.SZ,20240327,8.9,8.9,8.53,8.53,8.9,-0.37,-4.1573,33851.35,29447.087
301049.SZ,20240327,26.75,26.75,21.54,23.36,26.93,-3.57,-13.2566,78977.1,187171.897
301050.SZ,20240327,47.86,47.86,45.3,45.34,48.03,-2.69,-5.6007,32242.55,149584.279
301051.SZ,20240327,43.78,43.88,41.72,41.86,43.95,-2.09,-4.7554,10095.13,43127.459
301052.SZ,20240327,45.0,45.96,41.71,43.13,45.68,-2.55,-5.5823,84751.75,369800.067
301053.SZ,20240327,20.18,20.38,19.18,19.26,20.14,-0.88,-4.3694,8288.0,16314.952
301055.SZ,20240327,12.9,12.98,12.2,12.25,12.9,-0.65,-5.0388,22249.91,27850.079
301056.SZ,20240327,8.32,8.36,8.08,8.09,8.31,-0.22,-2.6474,28410.0,23323.911
301057.SZ,20240327,12.43,12.58,12.0,12.03,12.43,-0.4,-3.218,12480.72,15332.277
301058.SZ,20240327,9.12,9.23,8.81,8.83,9.15,-0.32,-3.4973,64215.93,57840.969
301059.SZ,20240327,9.01,9.14,8.83,8.83,9.1,-0.27,-2.967,14878.94,13410.609
301060.SZ,20240327,11.71,12.62,11.59,11.61,11.88,-0.27,-2.2727,176595.3,214370.39
301061.SZ,20240327,59.66,61.69,58.21,59.8,60.06,-0.26,-0.4329,7069.6,42192.067
301062.SZ,20240327,9.9,9.99,9.65,9.65,9.97,-0.32,-3.2096,48822.73,47566.628
301063.SZ,20240327,15.99,16.1,15.27,15.33,16.0,-0.67,-4.1875,26895.44,41966.328
301065.SZ,20240327,18.1,18.3,17.76,17.76,18.13,-0.37,-2.0408,9875.0,17783.446
301066.SZ,20240327,10.6,10.6,9.95,9.97,10.58,-0.61,-5.7656,37496.66,38210.413
301067.SZ,20240327,26.02,26.4,24.66,25.11,26.15,-1.04,-3.9771,26390.6,66918.515
301068.SZ,20240327,28.59,29.44,28.04,28.98,28.99,-0.01,-0.0345,8892.0,25481.777
301069.SZ,20240327,14.91,15.02,14.14,14.18,14.87,-0.69,-4.6402,28971.8,42189.426
301070.SZ,20240327,37.5,37.5,34.8,34.94,37.5,-2.56,-6.8267,13615.57,48851.49
301071.SZ,20240327,33.36,34.26,32.86,33.36,33.5,-0.14,-0.4179,48473.11,163114.319
301072.SZ,20240327,28.02,28.85,24.6,25.83,29.9,-4.07,-13.612,94820.21,251583.407
301073.SZ,20240327,22.23,23.2,21.63,21.63,22.23,-0.6,-2.6991,29299.98,65665.706
301075.SZ,20240327,21.11,21.96,20.47,20.47,21.1,-0.63,-2.9858,25620.0,54357.202
301076.SZ,20240327,25.25,25.3,23.47,23.6,25.08,-1.48,-5.9011,51546.98,125355.656
301077.SZ,20240327,15.74,15.93,15.24,15.28,15.88,-0.6,-3.7783,7484.0,11696.014
301078.SZ,20240327,6.78,6.8,6.48,6.49,6.78,-0.29,-4.2773,137125.05,91050.68
301079.SZ,20240327,12.3,12.38,11.65,11.7,12.26,-0.56,-4.5677,22123.28,26440.329
301080.SZ,20240327,41.62,42.0,39.93,39.95,41.62,-1.67,-4.0125,21686.96,88848.617
301081.SZ,20240327,8.21,8.26,7.94,7.95,8.21,-0.26,-3.1669,15543.8,12607.618
301082.SZ,20240327,12.96,13.12,12.25,12.28,12.96,-0.68,-5.2469,18886.41,23836.899
301083.SZ,20240327,14.48,14.62,13.62,13.68,14.71,-1.03,-7.002,51165.08,71890.947
301085.SZ,20240327,56.76,57.38,53.17,53.19,57.03,-3.84,-6.7333,64224.94,351749.116
301086.SZ,20240327,35.66,35.98,34.1,34.11,35.65,-1.54,-4.3198,7662.18,26720.636
301087.SZ,20240327,32.19,32.92,31.97,32.16,32.2,-0.04,-0.1242,11560.6,37618.211
301088.SZ,20240327,12.09,12.21,11.76,11.77,12.09,-0.32,-2.6468,8171.63,9798.825
301089.SZ,20240327,41.0,43.0,40.8,41.21,41.0,0.21,0.5122,47777.28,201109.107
301090.SZ,20240327,9.38,9.38,9.1,9.1,9.35,-0.25,-2.6738,25372.03,23451.032
301091.SZ,20240327,26.31,32.87,24.51,29.9,27.39,2.51,9.1639,371600.8,1080542.028
301092.SZ,20240327,23.57,24.97,22.9,23.06,24.45,-1.39,-5.6851,33087.93,79020.766
301093.SZ,20240327,25.01,25.39,24.83,24.9,25.12,-0.22,-0.8758,11314.62,28369.825
301095.SZ,20240327,54.96,55.19,51.53,51.67,54.87,-3.2,-5.832,27964.27,147341.603
301096.SZ,20240327,72.19,75.98,71.89,72.5,72.08,0.42,0.5827,22541.4,167516.319
301097.SZ,20240327,40.45,41.16,39.93,40.0,41.27,-1.27,-3.0773,1925.0,7809.154
301098.SZ,20240327,8.6,8.64,8.28,8.39,8.65,-0.26,-3.0058,22164.0,18811.99
301099.SZ,20240327,45.9,46.47,40.39,41.25,47.73,-6.48,-13.5764,56141.5,243223.434
301100.SZ,20240327,15.45,15.6,14.83,14.83,15.49,-0.66,-4.2608,8432.92,12847.064
301101.SZ,20240327,28.01,28.28,27.59,27.6,28.09,-0.49,-1.7444,9082.0,25327.041
301102.SZ,20240327,15.0,16.2,14.76,14.76,14.95,-0.19,-1.2709,76589.73,117529.332
301103.SZ,20240327,29.5,31.25,28.68,29.2,29.2,0.0,0.0,80523.68,241123.739
301105.SZ,20240327,27.3,27.48,26.51,26.59,27.29,-0.7,-2.565,4504.0,12164.195
301106.SZ,20240327,37.19,37.31,34.01,34.04,37.18,-3.14,-8.4454,9661.0,34316.463
301107.SZ,20240327,24.82,25.08,23.8,23.81,24.79,-0.98,-3.9532,11542.0,28196.166
301108.SZ,20240327,28.46,28.46,27.59,27.75,28.26,-0.51,-1.8047,2395.94,6724.897
301109.SZ,20240327,15.38,15.4,15.0,15.01,15.3,-0.29,-1.8954,12195.31,18553.386
301110.SZ,20240327,35.99,36.22,34.71,34.76,35.9,-1.14,-3.1755,7657.0,27049.355
301111.SZ,20240327,17.88,18.93,17.66,17.91,17.9,0.01,0.0559,70542.93,129709.539
301112.SZ,20240327,24.32,24.57,23.21,23.23,24.39,-1.16,-4.756,13627.77,32403.049
301113.SZ,20240327,24.23,24.44,23.13,23.13,24.45,-1.32,-5.3988,8310.94,19749.144
301115.SZ,20240327,15.98,16.03,15.52,15.53,15.95,-0.42,-2.6332,6164.02,9720.962
301116.SZ,20240327,9.99,10.41,9.94,9.97,10.02,-0.05,-0.499,58653.02,59790.88
301117.SZ,20240327,34.14,34.19,31.25,31.87,34.03,-2.16,-6.3473,33843.45,110716.367
301118.SZ,20240327,16.48,16.98,16.05,16.05,16.59,-0.54,-3.255,20426.15,33668.74
301119.SZ,20240327,21.15,21.15,20.0,20.04,21.15,-1.11,-5.2482,14736.1,30229.953
301120.SZ,20240327,10.0,10.02,9.4,9.53,10.03,-0.5,-4.985,44489.13,43255.683
301121.SZ,20240327,37.5,37.88,32.68,33.38,37.5,-4.12,-10.9867,35259.32,125160.466
301122.SZ,20240327,26.6,26.9,25.85,25.85,26.57,-0.72,-2.7098,8502.1,22407.097
301123.SZ,20240327,18.53,18.85,17.12,17.17,18.83,-1.66,-8.8157,81074.26,143574.777
301125.SZ,20240327,14.55,14.86,14.01,14.01,14.55,-0.54,-3.7113,28331.73,40435.54
301126.SZ,20240327,9.37,9.48,9.01,9.01,9.36,-0.35,-3.7393,22240.35,20580.508
301127.SZ,20240327,9.19,9.24,8.9,8.95,9.19,-0.24,-2.6115,29582.26,26960.44
301128.SZ,20240327,43.97,44.5,41.42,42.04,43.97,-1.93,-4.3894,23306.34,99765.32
301129.SZ,20240327,19.0,19.3,18.11,18.11,19.11,-1.0,-5.2329,20446.0,38238.419
301130.SZ,20240327,23.66,23.9,23.25,23.31,23.7,-0.39,-1.6456,5347.0,12631.367
301131.SZ,20240327,37.84,38.03,36.11,36.18,37.92,-1.74,-4.5886,14328.0,53070.482
301132.SZ,20240327,22.97,23.2,21.7,21.76,22.89,-1.13,-4.9367,29710.81,66428.527
301133.SZ,20240327,23.18,23.23,22.0,22.05,23.15,-1.1,-4.7516,12038.04,27117.136
301135.SZ,20240327,21.69,21.69,20.7,20.95,21.69,-0.74,-3.4117,22467.02,47436.433
301136.SZ,20240327,9.41,9.47,8.97,9.0,9.48,-0.48,-5.0633,30734.97,28278.891
301137.SZ,20240327,14.6,14.68,14.03,14.1,14.72,-0.62,-4.212,21382.0,30638.949
301138.SZ,20240327,26.38,27.56,25.33,26.79,26.11,0.68,2.6044,38356.57,101134.606
301139.SZ,20240327,30.8,30.87,27.8,27.91,31.24,-3.33,-10.6594,85445.88,246920.401
301141.SZ,20240327,46.72,47.56,46.2,46.29,46.68,-0.39,-0.8355,18745.77,88030.221
301148.SZ,20240327,17.98,20.51,17.59,18.28,18.08,0.2,1.1062,72823.02,137813.408
301149.SZ,20240327,11.19,11.19,10.74,10.76,11.23,-0.47,-4.1852,34504.47,37742.834
301150.SZ,20240327,30.1,30.35,28.26,28.29,30.09,-1.8,-5.9821,13287.35,38860.937
301151.SZ,20240327,16.03,16.12,15.37,15.37,15.97,-0.6,-3.757,21205.63,33415.675
301152.SZ,20240327,27.98,28.16,26.1,26.19,28.16,-1.97,-6.9957,41142.32,111548.198
301153.SZ,20240327,63.84,64.26,61.34,61.56,63.85,-2.29,-3.5865,14416.32,90370.158
301155.SZ,20240327,50.7,50.9,47.2,47.28,50.78,-3.5,-6.8925,23864.0,116163.043
301156.SZ,20240327,15.57,15.87,15.13,15.17,15.65,-0.48,-3.0671,17230.4,26627.18
301157.SZ,20240327,37.6,37.88,33.5,33.87,37.23,-3.36,-9.025,15484.79,54996.544
301158.SZ,20240327,13.28,13.65,12.9,12.9,13.37,-0.47,-3.5153,30523.58,40578.042
301159.SZ,20240327,36.7,36.7,34.0,34.12,36.53,-2.41,-6.5973,22974.0,80562.426
301160.SZ,20240327,37.15,37.45,36.52,36.52,37.17,-0.65,-1.7487,8177.0,30190.97
301161.SZ,20240327,18.36,18.37,17.32,17.32,18.9,-1.58,-8.3598,38379.61,68387.705
301162.SZ,20240327,45.13,47.51,44.14,45.81,45.28,0.53,1.1705,19999.15,91180.109
301163.SZ,20240327,20.91,20.91,19.84,19.84,20.92,-1.08,-5.1625,21179.0,43159.893
301165.SZ,20240327,38.18,38.57,35.37,35.41,38.21,-2.8,-7.3279,85520.52,311867.053
301166.SZ,20240327,30.2,30.7,29.8,29.9,30.2,-0.3,-0.9934,6149.0,18594.183
301167.SZ,20240327,12.58,12.72,12.33,12.35,12.6,-0.25,-1.9841,20317.6,25441.795
301168.SZ,20240327,40.8,40.93,38.65,38.8,41.0,-2.2,-5.3659,20170.0,80095.104
301169.SZ,20240327,39.76,40.15,37.06,37.23,39.94,-2.71,-6.7852,33263.75,127660.389
301170.SZ,20240327,25.1,25.11,23.86,23.87,25.02,-1.15,-4.5963,11083.87,26945.51
301171.SZ,20240327,17.98,18.07,16.83,16.95,18.03,-1.08,-5.99,268100.68,464575.748
301172.SZ,20240327,33.0,33.0,30.59,30.65,32.94,-2.29,-6.952,29163.5,92141.184
301175.SZ,20240327,4.79,4.8,4.66,4.66,4.81,-0.15,-3.1185,102308.62,48367.353
301176.SZ,20240327,12.23,12.28,11.66,11.66,12.22,-0.56,-4.5827,10099.76,12062.05
301177.SZ,20240327,24.2,24.84,23.74,23.79,24.2,-0.41,-1.6942,10089.02,24543.158
301178.SZ,20240327,22.99,23.04,21.57,21.57,22.95,-1.38,-6.0131,20150.38,44380.047
301179.SZ,20240327,22.1,22.15,21.2,21.3,22.15,-0.85,-3.8375,20020.74,43396.738
301180.SZ,20240327,13.87,13.9,13.08,13.1,13.94,-0.84,-6.0258,31883.79,43052.688
301181.SZ,20240327,22.5,22.67,21.67,21.67,22.69,-1.02,-4.4954,12261.31,27136.521
301182.SZ,20240327,17.12,17.47,16.16,16.19,16.74,-0.55,-3.2855,15500.0,25964.908
301183.SZ,20240327,50.41,52.0,47.08,47.18,51.05,-3.87,-7.5808,86640.2,420099.072
301185.SZ,20240327,19.41,19.48,18.36,18.44,19.4,-0.96,-4.9485,58349.64,109567.405
301186.SZ,20240327,37.8,37.8,33.48,33.86,38.61,-4.75,-12.3025,33438.74,118062.314
301187.SZ,20240327,18.62,19.28,18.06,18.1,18.6,-0.5,-2.6882,35351.02,65674.632
301188.SZ,20240327,17.35,17.35,16.3,16.4,17.24,-0.84,-4.8724,17039.96,28600.618
301189.SZ,20240327,23.31,23.55,22.3,22.3,23.14,-0.84,-3.6301,10689.91,24557.792
301190.SZ,20240327,16.07,17.12,15.88,16.4,16.0,0.4,2.5,20582.72,34039.987
301191.SZ,20240327,86.31,86.98,81.11,81.36,86.5,-5.14,-5.9422,19855.85,165088.85
301192.SZ,20240327,15.76,15.82,14.9,15.06,15.76,-0.7,-4.4416,19326.0,29797.597
301193.SZ,20240327,17.53,17.99,17.11,17.11,17.56,-0.45,-2.5626,8346.0,14616.275
301195.SZ,20240327,40.29,40.38,38.5,38.68,40.78,-2.1,-5.1496,10028.45,39529.655
301196.SZ,20240327,29.44,29.44,28.53,28.54,29.14,-0.6,-2.059,3094.0,8958.767
301197.SZ,20240327,13.55,13.69,12.89,12.89,13.53,-0.64,-4.7302,22226.72,29341.12
301198.SZ,20240327,9.26,9.35,8.81,8.82,9.29,-0.47,-5.0592,33940.67,30632.064
301199.SZ,20240327,23.14,23.14,21.71,21.85,23.16,-1.31,-5.6563,23105.43,51658.381
301200.SZ,20240327,32.67,32.79,31.56,31.56,32.67,-1.11,-3.3976,6882.69,22149.079
301201.SZ,20240327,20.69,21.3,20.5,20.5,20.77,-0.27,-1.3,19202.96,40044.451
301202.SZ,20240327,36.0,36.68,33.11,33.35,36.78,-3.43,-9.3257,92008.22,318567.525
301203.SZ,20240327,31.82,32.78,31.0,31.0,32.13,-1.13,-3.517,9214.61,29502.832
301205.SZ,20240327,107.1,107.99,93.33,93.9,111.74,-17.84,-15.9656,105063.03,1051772.011
301206.SZ,20240327,25.46,26.6,25.0,25.31,25.82,-0.51,-1.9752,19391.07,50387.376
301207.SZ,20240327,23.6,23.97,23.13,23.15,23.52,-0.37,-1.5731,19019.32,44854.189
301208.SZ,20240327,34.84,34.84,32.13,32.13,34.92,-2.79,-7.9897,28910.96,95691.866
301209.SZ,20240327,18.65,18.81,18.0,18.0,18.71,-0.71,-3.7948,7327.43,13466.23
301210.SZ,20240327,38.6,39.6,36.0,36.42,39.93,-3.51,-8.7904,19536.07,72684.909
301211.SZ,20240327,17.85,18.55,17.71,17.95,17.85,0.1,0.5602,48660.88,88405.525
301212.SZ,20240327,20.4,20.46,19.45,19.45,20.33,-0.88,-4.3286,6573.02,13176.975
301213.SZ,20240327,32.81,33.42,31.01,31.04,32.95,-1.91,-5.7967,20419.84,64865.83
301215.SZ,20240327,5.35,5.38,5.1,5.11,5.35,-0.24,-4.486,127057.25,66178.413
301216.SZ,20240327,12.79,12.93,12.42,12.44,12.76,-0.32,-2.5078,30223.83,38254.576
301217.SZ,20240327,11.09,11.14,10.37,10.39,11.21,-0.82,-7.3149,112542.0,120357.929
301218.SZ,20240327,25.14,25.49,23.28,23.29,25.2,-1.91,-7.5794,48791.91,117632.215
301219.SZ,20240327,37.03,37.09,35.7,35.71,37.11,-1.4,-3.7726,16059.25,58457.368
301220.SZ,20240327,28.41,30.59,27.43,28.28,28.0,0.28,1.0,14303.17,42007.261
301221.SZ,20240327,49.55,49.65,45.5,45.5,50.58,-5.08,-10.0435,68618.45,327011.444
301222.SZ,20240327,23.11,23.18,21.79,21.79,22.78,-0.99,-4.3459,9847.15,22014.322
301223.SZ,20240327,15.65,15.71,15.31,15.31,15.69,-0.38,-2.4219,5873.0,9109.971
301225.SZ,20240327,29.06,29.09,27.42,27.42,29.15,-1.73,-5.9348,12988.32,36665.71
301226.SZ,20240327,17.62,17.8,16.7,16.7,17.7,-1.0,-5.6497,18192.55,31287.972
301227.SZ,20240327,26.4,26.64,25.73,25.73,26.56,-0.83,-3.125,6397.76,16751.215
301228.SZ,20240327,14.84,15.42,13.71,14.35,14.27,0.08,0.5606,228095.22,335101.83
301229.SZ,20240327,31.58,31.81,30.3,30.91,32.35,-1.44,-4.4513,25100.6,77693.478
301230.SZ,20240327,40.32,43.48,39.9,41.11,41.1,0.01,0.0243,98822.07,411959.964
301231.SZ,20240327,21.99,22.49,20.8,20.92,22.12,-1.2,-5.425,57769.22,124030.293
301232.SZ,20240327,39.95,40.3,38.97,39.04,39.88,-0.84,-2.1063,5003.09,19775.672
301233.SZ,20240327,38.19,38.44,36.61,36.61,38.44,-1.83,-4.7607,17216.01,64520.098
301234.SZ,20240327,26.24,26.95,25.2,26.03,26.08,-0.05,-0.1917,19775.0,52514.788
301235.SZ,20240327,22.27,22.88,21.2,21.26,22.56,-1.3,-5.7624,40571.4,89722.046
301236.SZ,20240327,47.51,47.98,44.98,45.04,47.99,-2.95,-6.1471,550745.44,2544152.028
301237.SZ,20240327,25.0,25.0,22.6,22.67,25.29,-2.62,-10.3598,21928.16,51698.434
301238.SZ,20240327,17.21,17.42,16.41,16.5,17.46,-0.96,-5.4983,141322.55,238843.463
301239.SZ,20240327,56.48,57.68,54.67,54.67,56.21,-1.54,-2.7397,32333.12,181697.33
301246.SZ,20240327,17.82,17.92,17.14,17.16,17.85,-0.69,-3.8655,66221.55,115883.35
301248.SZ,20240327,15.16,15.35,13.89,14.07,14.98,-0.91,-6.0748,80571.2,117305.953
301251.SZ,20240327,31.55,33.7,30.7,30.8,31.27,-0.47,-1.503,44481.43,143797.352
301252.SZ,20240327,37.47,37.96,35.13,35.21,37.47,-2.26,-6.0315,13714.12,49879.302
301255.SZ,20240327,36.29,36.73,33.9,33.91,37.09,-3.18,-8.5737,25485.87,89063.775
301256.SZ,20240327,7.0,7.13,6.97,6.99,7.02,-0.03,-0.4274,42439.82,29879.219
301257.SZ,20240327,49.31,50.64,48.0,48.1,49.3,-1.2,-2.4341,10556.07,52232.229
301258.SZ,20240327,25.09,25.69,24.8,24.8,25.24,-0.44,-1.7433,11042.9,27940.557
301259.SZ,20240327,22.36,22.46,21.3,21.3,22.36,-1.06,-4.7406,26367.2,57671.485
301260.SZ,20240327,12.43,12.53,11.71,11.73,12.39,-0.66,-5.3269,48939.67,59226.828
301261.SZ,20240327,51.0,51.0,45.0,45.2,51.3,-6.1,-11.8908,25297.72,119727.174
301262.SZ,20240327,31.04,31.98,29.2,29.3,32.26,-2.96,-9.1754,92651.09,281731.672
301263.SZ,20240327,13.47,13.74,13.43,13.43,13.51,-0.08,-0.5922,23685.33,32124.598
301265.SZ,20240327,10.31,10.67,10.01,10.07,10.46,-0.39,-3.7285,52060.73,53935.277
301266.SZ,20240327,47.3,47.65,44.8,44.88,47.82,-2.94,-6.1481,21950.39,101493.401
301267.SZ,20240327,26.28,26.63,25.85,25.86,26.44,-0.58,-2.1936,35277.5,92770.191
301268.SZ,20240327,23.18,24.88,22.89,23.45,22.98,0.47,2.0453,46376.5,111276.425
301269.SZ,20240327,78.58,79.15,76.82,76.82,78.7,-1.88,-2.3888,21672.04,168019.291
301270.SZ,20240327,31.61,31.65,28.91,28.96,31.61,-2.65,-8.3834,38502.29,115504.252
301272.SZ,20240327,40.95,40.98,39.07,39.16,40.85,-1.69,-4.1371,5392.87,21593.465
301273.SZ,20240327,19.23,19.43,18.16,18.19,19.07,-0.88,-4.6146,9988.0,18701.553
301276.SZ,20240327,19.97,20.19,19.56,19.56,20.0,-0.44,-2.2,6697.6,13342.393
301277.SZ,20240327,18.0,19.6,17.66,19.0,18.37,0.63,3.4295,117824.81,222817.057
301278.SZ,20240327,42.6,42.86,40.12,40.12,42.94,-2.82,-6.5673,11973.7,49739.884
301279.SZ,20240327,18.06,18.08,17.34,17.35,17.98,-0.63,-3.5039,12049.19,21234.217
301280.SZ,20240327,38.29,38.94,37.0,37.63,38.24,-0.61,-1.5952,17730.39,67253.698
301281.SZ,20240327,29.18,30.38,29.01,29.03,29.22,-0.19,-0.6502,23473.29,69940.254
301282.SZ,20240327,18.52,18.56,17.36,17.36,18.61,-1.25,-6.7168,27809.4,49661.359
301283.SZ,20240327,30.6,30.85,29.5,29.55,30.59,-1.04,-3.3998,5143.33,15487.512
301285.SZ,20240327,22.6,23.04,21.85,22.02,22.65,-0.63,-2.7815,43445.51,96774.68
301286.SZ,20240327,29.4,29.9,29.4,29.42,29.64,-0.22,-0.7422,5740.88,17059.458
301287.SZ,20240327,28.66,29.33,27.98,27.98,28.75,-0.77,-2.6783,6961.0,19943.816
301288.SZ,20240327,15.0,16.1,14.86,14.88,15.3,-0.42,-2.7451,57558.47,89063.617
301289.SZ,20240327,48.42,48.88,43.84,44.14,49.81,-5.67,-11.3833,36576.02,170566.442
301290.SZ,20240327,22.09,22.3,21.74,21.74,22.06,-0.32,-1.4506,9335.72,20615.569
301291.SZ,20240327,32.59,32.59,31.61,31.65,32.47,-0.82,-2.5254,21285.25,68389.381
301292.SZ,20240327,17.64,17.64,15.86,15.86,17.79,-1.93,-10.8488,77837.53,128961.087
301293.SZ,20240327,64.0,64.18,61.27,61.27,64.37,-3.1,-4.8159,22360.9,140014.041
301295.SZ,20240327,25.56,25.56,24.24,24.26,25.46,-1.2,-4.7133,7534.4,18712.747
301296.SZ,20240327,8.75,8.81,8.24,8.28,8.79,-0.51,-5.802,59016.77,50116.552
301297.SZ,20240327,25.62,26.6,23.51,23.71,26.0,-2.29,-8.8077,259676.47,660998.76
301298.SZ,20240327,14.68,14.75,13.93,13.95,14.97,-1.02,-6.8136,58656.58,84035.392
301299.SZ,20240327,46.72,47.28,43.65,43.76,46.72,-2.96,-6.3356,18572.24,83441.977
301300.SZ,20240327,23.56,23.95,22.81,22.83,23.8,-0.97,-4.0756,4870.26,11372.609
301301.SZ,20240327,9.33,9.44,9.27,9.27,9.33,-0.06,-0.6431,71018.3,66407.399
301302.SZ,20240327,21.69,21.75,19.7,19.77,21.76,-1.99,-9.1452,76370.46,156235.598
301303.SZ,20240327,16.88,16.88,16.52,16.52,16.87,-0.35,-2.0747,9885.43,16481.67
301305.SZ,20240327,16.01,16.3,15.71,15.86,16.0,-0.14,-0.875,16280.2,26067.263
301306.SZ,20240327,35.2,36.0,32.4,32.44,36.49,-4.05,-11.0989,64214.79,215998.417
301307.SZ,20240327,29.89,29.9,28.0,28.2,30.46,-2.26,-7.4196,76906.51,222369.658
301308.SZ,20240327,93.55,94.1,89.3,89.55,94.5,-4.95,-5.2381,62529.56,569169.246
301309.SZ,20240327,23.42,23.42,22.63,22.63,23.16,-0.53,-2.2884,2448.16,5631.436
301310.SZ,20240327,37.88,37.98,36.35,36.42,38.18,-1.76,-4.6097,10211.75,37911.265
301311.SZ,20240327,19.86,19.94,18.74,18.87,19.92,-1.05,-5.2711,33703.3,65203.726
301312.SZ,20240327,62.96,63.85,58.0,59.0,63.63,-4.63,-7.2764,17257.46,104588.818
301313.SZ,20240327,26.88,27.13,25.1,25.11,26.72,-1.61,-6.0254,62512.56,161152.726
301314.SZ,20240327,33.91,34.13,32.15,32.15,34.06,-1.91,-5.6078,8560.51,28240.294
301315.SZ,20240327,55.1,55.55,53.42,53.66,55.0,-1.34,-2.4364,16823.99,91364.07
301316.SZ,20240327,21.61,21.9,19.18,19.18,22.02,-2.84,-12.8974,181721.67,369170.356
301317.SZ,20240327,19.66,19.76,18.32,18.41,19.66,-1.25,-6.3581,12348.62,23343.059
301318.SZ,20240327,49.87,50.18,46.89,47.19,49.97,-2.78,-5.5633,52745.62,253820.528
301319.SZ,20240327,47.59,47.93,45.13,45.13,48.01,-2.88,-5.9988,8196.0,37836.141
301320.SZ,20240327,15.79,15.99,14.94,14.94,15.89,-0.95,-5.9786,27413.0,42301.556
301321.SZ,20240327,14.85,14.88,13.81,13.88,14.81,-0.93,-6.2795,52046.32,74066.536
301322.SZ,20240327,32.64,32.79,31.4,31.42,32.74,-1.32,-4.0318,7807.58,25035.199
301323.SZ,20240327,33.02,34.44,32.39,32.39,33.64,-1.25,-3.7158,27056.7,90288.042
301325.SZ,20240327,67.54,71.95,67.54,68.5,67.54,0.96,1.4214,19798.76,137856.311
301326.SZ,20240327,26.8,27.33,24.35,24.6,26.67,-2.07,-7.7615,9334.37,23827.416
301327.SZ,20240327,65.65,65.65,61.12,61.25,66.58,-5.33,-8.0054,14586.9,92436.666
301328.SZ,20240327,44.79,45.45,41.01,41.13,46.22,-5.09,-11.0125,30197.66,129637.846
301329.SZ,20240327,18.07,18.07,16.88,16.95,18.04,-1.09,-6.0421,36325.86,63192.624
301330.SZ,20240327,27.59,27.72,25.79,26.06,27.61,-1.55,-5.6139,34591.6,92179.257
301331.SZ,20240327,35.39,36.12,35.21,35.21,35.21,0.0,0.0,6761.0,24063.653
301332.SZ,20240327,10.63,10.68,10.13,10.13,10.63,-0.5,-4.7037,25087.66,26210.354
301333.SZ,20240327,48.9,49.93,47.66,47.79,49.2,-1.41,-2.8659,12577.0,61252.931
301335.SZ,20240327,17.56,18.99,17.43,18.5,17.56,0.94,5.3531,24911.32,45946.342
301336.SZ,20240327,33.07,33.3,32.08,32.08,33.2,-1.12,-3.3735,4458.0,14604.186
301337.SZ,20240327,35.92,36.15,33.53,33.53,36.13,-2.6,-7.1962,36086.36,124526.527
301338.SZ,20240327,29.56,29.98,27.45,27.48,29.59,-2.11,-7.1308,27465.97,77715.734
301339.SZ,20240327,17.17,18.71,17.03,17.91,17.03,0.88,5.1674,153550.27,273928.357
301345.SZ,20240327,64.89,66.36,61.0,63.19,64.1,-0.91,-1.4197,24179.9,153568.009
301348.SZ,20240327,35.98,36.2,32.63,32.7,35.73,-3.03,-8.4803,44697.64,151563.459
301349.SZ,20240327,35.0,37.4,34.38,35.75,35.45,0.3,0.8463,61473.32,220644.993
301353.SZ,20240327,25.22,25.28,24.27,24.27,25.22,-0.95,-3.7669,5925.0,14734.745
301355.SZ,20240327,12.88,13.38,12.73,12.87,12.9,-0.03,-0.2326,28541.33,37264.446
301356.SZ,20240327,18.68,18.68,17.47,17.57,18.65,-1.08,-5.7909,20315.68,36427.198
301357.SZ,20240327,36.82,36.98,34.31,34.55,36.79,-2.24,-6.0886,15420.0,54762.724
301358.SZ,20240327,31.7,31.75,30.19,30.19,31.5,-1.31,-4.1587,68903.8,211096.773
301359.SZ,20240327,19.4,19.4,18.01,18.02,19.26,-1.24,-6.4382,21092.54,38931.323
301360.SZ,20240327,51.66,52.36,48.53,48.7,51.85,-3.15,-6.0752,10525.39,52881.066
301361.SZ,20240327,18.45,18.65,18.0,18.01,19.25,-1.24,-6.4416,23128.51,42378.414
301362.SZ,20240327,34.22,34.35,33.1,33.1,34.38,-1.28,-3.7231,8320.0,28020.459
301363.SZ,20240327,24.75,24.84,24.01,24.02,24.75,-0.73,-2.9495,14363.83,35115.378
301365.SZ,20240327,11.69,11.86,11.47,11.49,11.67,-0.18,-1.5424,12610.38,14718.541
301366.SZ,20240327,28.99,28.99,26.99,26.99,28.89,-1.9,-6.5767,25806.55,71897.174
301367.SZ,20240327,88.74,90.2,87.3,87.3,89.24,-1.94,-2.1739,4840.26,43110.738
301368.SZ,20240327,47.86,48.8,45.8,46.05,47.5,-1.45,-3.0526,73496.52,346628.874
301369.SZ,20240327,50.5,50.84,47.82,50.1,51.1,-1.0,-1.9569,31416.84,154635.657
301370.SZ,20240327,13.5,13.56,13.18,13.18,13.5,-0.32,-2.3704,26781.24,35725.27
301371.SZ,20240327,31.12,31.8,30.22,30.23,31.2,-0.97,-3.109,14547.88,45288.292
301372.SZ,20240327,34.73,35.95,33.35,33.4,35.27,-1.87,-5.302,19976.41,69231.218
301373.SZ,20240327,25.31,25.49,24.6,24.6,25.25,-0.65,-2.5743,4610.18,11547.023
301376.SZ,20240327,26.13,26.38,24.97,24.98,25.92,-0.94,-3.6265,23103.33,58654.249
301377.SZ,20240327,19.53,19.69,18.64,18.94,19.44,-0.5,-2.572,27715.48,52916.263
301378.SZ,20240327,36.96,37.39,34.62,34.63,37.44,-2.81,-7.5053,20294.8,72660.947
301379.SZ,20240327,23.4,23.55,21.85,21.85,23.28,-1.43,-6.1426,18203.08,40969.756
301380.SZ,20240327,39.0,39.18,35.7,36.2,39.07,-2.87,-7.3458,18828.0,70329.084
301381.SZ,20240327,25.63,25.7,24.5,24.5,25.48,-0.98,-3.8462,19956.06,49950.593
301382.SZ,20240327,31.13,31.28,28.91,28.91,31.32,-2.41,-7.6948,26937.89,80220.023
301383.SZ,20240327,38.3,38.5,36.2,36.21,38.3,-2.09,-5.4569,18039.82,67207.28
301386.SZ,20240327,20.99,20.99,20.13,20.13,20.79,-0.66,-3.1746,11636.85,23810.793
301387.SZ,20240327,51.32,51.32,46.51,46.51,51.05,-4.54,-8.8932,17271.98,83356.392
301388.SZ,20240327,18.44,18.71,17.6,17.67,18.45,-0.78,-4.2276,14344.46,26089.074
301389.SZ,20240327,14.03,14.11,13.24,13.25,14.08,-0.83,-5.8949,35070.83,47721.032
301390.SZ,20240327,36.32,37.6,35.0,35.03,36.25,-1.22,-3.3655,9451.0,34361.074
301391.SZ,20240327,123.27,125.56,122.16,123.17,124.3,-1.13,-0.9091,6552.19,81031.23
301393.SZ,20240327,45.1,46.05,43.77,43.89,45.1,-1.21,-2.6829,15347.5,69352.583
301395.SZ,20240327,15.22,15.35,14.8,14.8,15.25,-0.45,-2.9508,7557.85,11408.944
301396.SZ,20240327,23.45,25.06,23.26,24.21,23.47,0.74,3.153,65502.95,159429.129
301397.SZ,20240327,35.0,37.49,34.61,36.1,35.26,0.84,2.3823,32394.85,117873.996
301398.SZ,20240327,55.33,56.97,51.66,51.98,55.51,-3.53,-6.3592,39881.3,215269.321
301399.SZ,20240327,34.24,34.5,32.38,32.46,34.17,-1.71,-5.0044,11878.17,39508.858
301408.SZ,20240327,11.9,12.13,11.7,11.71,11.88,-0.17,-1.431,23705.41,28298.502
301413.SZ,20240327,56.4,57.38,52.9,53.2,56.65,-3.45,-6.09,15195.38,82847.114
301418.SZ,20240327,40.77,41.1,38.39,38.56,40.98,-2.42,-5.9053,9806.98,38976.302
301419.SZ,20240327,30.22,30.54,29.1,29.17,30.45,-1.28,-4.2036,13519.72,40353.541
301421.SZ,20240327,48.31,48.31,43.68,44.16,48.59,-4.43,-9.1171,40631.64,184027.517
301428.SZ,20240327,29.68,31.33,28.13,29.22,29.8,-0.58,-1.9463,38894.88,114355.923
301429.SZ,20240327,14.81,14.95,14.2,14.2,14.87,-0.67,-4.5057,12933.0,18905.998
301439.SZ,20240327,13.41,13.47,12.6,12.6,13.57,-0.97,-7.1481,59354.67,77012.561
301446.SZ,20240327,24.08,24.2,23.43,23.43,24.08,-0.65,-2.6993,6510.0,15467.686
301448.SZ,20240327,27.81,28.85,25.66,25.7,29.9,-4.2,-14.0468,46730.45,125843.951
301456.SZ,20240327,25.5,25.58,24.24,24.25,25.55,-1.3,-5.0881,12468.28,31040.291
301459.SZ,20240327,42.46,44.49,42.2,42.78,42.8,-0.02,-0.0467,20077.35,87888.309
301468.SZ,20240327,23.74,23.94,23.1,23.14,23.76,-0.62,-2.6094,5490.21,12912.704
301469.SZ,20240327,27.45,28.24,26.86,26.86,27.45,-0.59,-2.1494,20689.47,57090.225
301486.SZ,20240327,52.73,54.28,48.66,49.99,52.1,-2.11,-4.0499,108635.99,562294.009
301487.SZ,20240327,32.85,33.2,30.54,30.74,33.47,-2.73,-8.1566,59031.42,187825.617
301488.SZ,20240327,55.2,55.98,52.31,52.86,54.93,-2.07,-3.7684,22917.29,123220.289
301489.SZ,20240327,79.77,79.81,73.6,74.31,80.7,-6.39,-7.9182,30071.79,228254.018
301498.SZ,20240327,40.58,43.38,40.53,42.73,41.28,1.45,3.5126,19818.19,83968.155
301499.SZ,20240327,27.72,27.91,25.61,25.8,28.59,-2.79,-9.7587,71557.52,189186.735
301500.SZ,20240327,18.15,18.45,17.6,17.66,18.13,-0.47,-2.5924,34466.38,62264.358
301502.SZ,20240327,41.5,41.68,39.61,39.73,41.7,-1.97,-4.7242,15515.57,62411.348
301503.SZ,20240327,28.5,28.81,27.5,27.52,28.72,-1.2,-4.1783,22443.67,62878.197
301505.SZ,20240327,27.11,27.45,25.39,25.5,27.17,-1.67,-6.1465,17877.45,46872.943
301507.SZ,20240327,12.6,12.75,12.32,12.33,12.55,-0.22,-1.753,30333.65,38151.264
301508.SZ,20240327,35.6,35.6,33.4,33.41,36.13,-2.72,-7.5284,47570.89,164503.992
301509.SZ,20240327,58.89,60.58,57.77,57.85,58.89,-1.04,-1.766,17938.07,106731.669
301510.SZ,20240327,38.04,38.37,35.55,35.66,38.04,-2.38,-6.2566,51400.15,187216.267
301511.SZ,20240327,22.55,23.59,22.22,22.22,22.25,-0.03,-0.1348,179625.66,414036.062
301512.SZ,20240327,53.83,53.96,50.28,50.45,53.63,-3.18,-5.9295,11263.0,58431.675
301515.SZ,20240327,21.35,21.98,20.7,20.81,21.45,-0.64,-2.9837,20655.94,44258.304
301516.SZ,20240327,20.96,20.98,19.71,19.71,21.27,-1.56,-7.3343,67862.62,138743.968
301517.SZ,20240327,52.0,52.18,47.7,47.7,52.8,-5.1,-9.6591,30934.49,152826.703
301518.SZ,20240327,17.71,18.65,17.4,17.8,17.71,0.09,0.5082,29147.74,52556.068
301519.SZ,20240327,15.87,15.93,15.15,15.15,15.81,-0.66,-4.1746,18228.45,28212.024
301520.SZ,20240327,50.0,50.48,49.25,49.6,50.41,-0.81,-1.6068,5746.89,28705.502
301525.SZ,20240327,63.79,64.13,61.03,61.04,63.66,-2.62,-4.1156,10049.37,62624.503
301526.SZ,20240327,4.55,4.55,4.31,4.31,4.56,-0.25,-5.4825,409631.67,180409.768
301528.SZ,20240327,57.43,57.43,52.15,52.15,57.33,-5.18,-9.0354,14877.67,80818.394
301529.SZ,20240327,33.06,33.25,30.16,30.32,32.87,-2.55,-7.7578,14835.21,46566.462
301533.SZ,20240327,31.11,32.73,30.14,30.14,31.27,-1.13,-3.6137,38288.58,121938.263
301538.SZ,20240327,92.11,92.86,82.49,82.49,93.4,-10.91,-11.6809,34983.87,302070.849
301548.SZ,20240327,49.4,49.77,47.65,47.68,49.4,-1.72,-3.4818,7027.35,34108.591
301550.SZ,20240327,32.3,32.92,31.28,31.29,32.33,-1.04,-3.2168,21568.11,69563.867
301555.SZ,20240327,32.3,32.31,30.1,30.1,32.4,-2.3,-7.0988,21751.24,67521.489
301558.SZ,20240327,10.86,10.93,10.44,10.44,10.91,-0.47,-4.308,59012.6,62926.622
301559.SZ,20240327,16.08,16.19,15.83,15.84,16.09,-0.25,-1.5538,12252.02,19601.406
301566.SZ,20240327,18.25,18.3,16.83,16.83,18.0,-1.17,-6.5,47598.92,83142.219
301567.SZ,20240327,49.89,50.57,45.86,46.03,50.02,-3.99,-7.9768,37203.93,176544.274
301568.SZ,20240327,39.68,40.03,36.81,36.98,39.67,-2.69,-6.7809,31324.34,118902.604
301577.SZ,20240327,56.55,56.88,52.79,52.79,56.4,-3.61,-6.4007,19650.93,106427.272
301578.SZ,20240327,53.44,54.5,50.3,50.39,53.54,-3.15,-5.8835,12680.94,66264.988
301588.SZ,20240327,30.41,31.38,29.64,30.0,30.44,-0.44,-1.4455,72605.14,222499.816
301589.SZ,20240327,452.48,475.99,446.35,466.0,454.26,11.74,2.5844,5861.8,271273.599
301591.SZ,20240327,45.39,45.45,43.6,43.61,45.64,-2.03,-4.4479,22441.08,99855.853
302132.SZ,20240327,41.91,42.8,39.75,40.34,41.8,-1.46,-3.4928,69473.14,288748.399
