ts_code,trade_date,open,high,low,close,pre_close,change,pct_chg,vol,amount
300001.SZ,20241104,21.76,22.76,21.75,22.43,21.76,0.67,3.079,194133.98,435311.192
300002.SZ,20241104,12.25,12.63,12.19,12.48,12.25,0.23,1.8776,600407.49,746118.203
300003.SZ,20241104,11.82,12.03,11.8,12.02,11.82,0.2,1.692,183119.08,218532.11
300004.SZ,20241104,6.81,6.98,6.81,6.92,6.8,0.12,1.7647,196403.82,135480.495
300005.SZ,20241104,8.1,8.42,7.94,8.32,8.12,0.2,2.4631,370833.85,301417.739
300006.SZ,20241104,3.94,4.23,3.94,4.14,3.94,0.2,5.0761,385825.4,159685.548
300007.SZ,20241104,19.23,20.44,18.5,19.62,17.58,2.04,11.6041,628071.73,1225107.739
300008.SZ,20241104,5.3,5.5,5.19,5.5,5.4,0.1,1.8519,1039311.16,559317.957
300009.SZ,20241104,9.08,9.15,9.05,9.13,9.06,0.07,0.7726,201771.28,183596.073
300010.SZ,20241104,12.03,12.3,10.24,10.8,12.8,-2.0,-15.625,3575559.66,3902643.569
300011.SZ,20241104,7.55,7.77,7.53,7.73,7.63,0.1,1.3106,160659.6,123408.002
300012.SZ,20241104,13.7,14.28,13.69,14.11,13.49,0.62,4.596,321968.35,450644.21
300013.SZ,20241104,3.35,3.61,3.35,3.58,3.41,0.17,4.9853,193317.5,67782.947
300014.SZ,20241104,47.52,49.18,46.97,48.14,46.89,1.25,2.6658,313042.05,1505149.429
300015.SZ,20241104,14.18,14.55,14.18,14.46,14.18,0.28,1.9746,973485.22,1396586.995
300016.SZ,20241104,7.1,7.23,7.03,7.12,7.16,-0.04,-0.5587,217006.34,154397.647
300017.SZ,20241104,8.91,9.24,8.91,9.19,8.91,0.28,3.1425,762553.45,696888.45
300018.SZ,20241104,6.32,6.6,6.32,6.59,6.3,0.29,4.6032,153863.27,99969.48
300019.SZ,20241104,13.93,14.25,13.88,14.21,13.94,0.27,1.9369,45611.99,64440.65
300020.SZ,20241104,2.67,2.8,2.63,2.72,2.71,0.01,0.369,551215.51,149949.292
300021.SZ,20241104,4.06,4.1,4.0,4.09,4.04,0.05,1.2376,149230.84,60610.418
300022.SZ,20241104,4.44,4.49,4.4,4.48,4.45,0.03,0.6742,79970.2,35621.864
300024.SZ,20241104,12.95,15.46,12.95,15.46,12.88,2.58,20.0311,1245310.6,1844051.35
300025.SZ,20241104,8.68,8.88,8.63,8.85,8.65,0.2,2.3121,105826.29,92501.212
300026.SZ,20241104,4.03,4.15,4.03,4.13,3.98,0.15,3.7688,793936.0,325276.219
300027.SZ,20241104,2.62,2.76,2.62,2.72,2.64,0.08,3.0303,1123505.45,302964.36
300029.SZ,20241104,5.46,5.67,5.33,5.43,5.57,-0.14,-2.5135,54318.48,29785.751
300030.SZ,20241104,6.08,6.2,6.03,6.19,6.1,0.09,1.4754,90405.0,55396.519
300031.SZ,20241104,18.16,18.69,18.08,18.62,18.1,0.52,2.8729,143194.15,264549.985
300032.SZ,20241104,5.27,5.42,5.2,5.32,5.36,-0.04,-0.7463,653499.68,345698.281
300033.SZ,20241104,203.0,225.0,202.0,225.0,202.0,23.0,11.3861,281376.71,6059616.956
300034.SZ,20241104,16.68,17.49,16.6,17.18,16.56,0.62,3.744,196163.7,334857.155
300035.SZ,20241104,13.39,15.29,13.39,15.09,13.25,1.84,13.8868,887670.04,1292853.818
300036.SZ,20241104,18.31,19.03,18.25,18.9,18.25,0.65,3.5616,131029.74,244929.418
300037.SZ,20241104,37.99,39.38,37.51,39.19,37.75,1.44,3.8146,77342.68,298533.552
300039.SZ,20241104,6.55,7.08,6.5,6.88,6.43,0.45,6.9984,721574.28,488969.674
300040.SZ,20241104,6.34,6.46,6.25,6.37,6.26,0.11,1.7572,210543.0,134094.765
300041.SZ,20241104,8.85,9.14,8.78,9.01,8.85,0.16,1.8079,117882.76,105782.197
300042.SZ,20241104,20.93,21.77,20.9,21.75,21.25,0.5,2.3529,50090.43,107362.064
300043.SZ,20241104,3.03,3.12,2.99,3.06,3.02,0.04,1.3245,339603.08,103820.985
300044.SZ,20241104,5.13,5.53,5.13,5.41,5.18,0.23,4.4402,588832.97,316875.847
300045.SZ,20241104,25.01,26.12,25.01,26.06,25.25,0.81,3.2079,476493.96,1223065.349
300046.SZ,20241104,38.03,41.25,38.03,40.5,40.17,0.33,0.8215,353039.22,1411940.955
300047.SZ,20241104,13.68,14.43,13.64,14.19,14.23,-0.04,-0.2811,563007.78,795504.86
300048.SZ,20241104,5.37,5.63,5.35,5.53,5.37,0.16,2.9795,178448.83,98834.046
300049.SZ,20241104,41.07,41.23,38.31,39.09,37.37,1.72,4.6026,305195.27,1206129.311
300050.SZ,20241104,6.02,6.36,6.02,6.3,6.21,0.09,1.4493,337206.54,211209.811
300051.SZ,20241104,8.8,9.02,8.64,8.93,8.84,0.09,1.0181,59395.01,52455.474
300052.SZ,20241104,19.52,20.17,19.31,20.14,19.96,0.18,0.9018,258505.33,511901.649
300053.SZ,20241104,15.13,15.7,15.13,15.51,15.3,0.21,1.3725,427158.43,661208.022
300054.SZ,20241104,26.0,27.29,25.85,26.9,26.02,0.88,3.382,174077.0,466351.706
300055.SZ,20241104,5.13,5.18,5.07,5.18,5.14,0.04,0.7782,90840.23,46629.287
300056.SZ,20241104,14.67,15.21,14.38,14.85,14.89,-0.04,-0.2686,415084.99,611110.769
300057.SZ,20241104,5.44,5.9,5.39,5.7,5.45,0.25,4.5872,411113.75,233074.483
300058.SZ,20241104,7.58,7.88,7.39,7.82,7.43,0.39,5.249,2206603.47,1697541.916
300059.SZ,20241104,23.0,25.0,22.77,24.78,23.0,1.78,7.7391,14909580.79,35516483.807
300061.SZ,20241104,15.3,17.06,15.3,16.51,15.86,0.65,4.0984,667200.2,1095929.426
300062.SZ,20241104,5.35,5.49,5.35,5.49,5.35,0.14,2.6168,90208.79,49046.606
300063.SZ,20241104,9.0,9.88,8.54,9.39,9.38,0.01,0.1066,1208992.0,1120515.642
300065.SZ,20241104,9.19,9.44,9.09,9.38,9.2,0.18,1.9565,179202.0,166566.007
300066.SZ,20241104,4.62,4.7,4.45,4.6,4.75,-0.15,-3.1579,924261.37,420835.088
300067.SZ,20241104,5.78,5.89,5.61,5.81,5.79,0.02,0.3454,693282.82,399933.416
300068.SZ,20241104,20.26,21.75,19.5,21.36,20.8,0.56,2.6923,1065363.9,2218779.117
300069.SZ,20241104,14.77,14.89,14.44,14.88,14.79,0.09,0.6085,36587.0,53675.909
300070.SZ,20241104,5.0,5.01,4.89,5.0,5.02,-0.02,-0.3984,577062.76,285842.433
300071.SZ,20241104,3.75,4.4,3.74,4.08,3.78,0.3,7.9365,806647.74,330268.839
300072.SZ,20241104,3.65,3.9,3.62,3.82,3.7,0.12,3.2432,765794.63,286231.998
300073.SZ,20241104,42.74,43.5,41.57,43.02,42.59,0.43,1.0096,271308.15,1161201.184
300074.SZ,20241104,4.15,4.27,4.14,4.25,4.18,0.07,1.6746,202235.41,85192.188
300075.SZ,20241104,18.2,18.79,17.9,18.69,18.32,0.37,2.0197,456707.16,843652.74
300076.SZ,20241104,5.55,6.19,5.4,5.95,5.59,0.36,6.4401,335161.69,194774.592
300077.SZ,20241104,30.98,32.77,30.0,31.9,31.92,-0.02,-0.0627,1155078.39,3644902.296
300078.SZ,20241104,3.06,3.15,3.05,3.14,3.11,0.03,0.9646,468499.45,146002.769
300079.SZ,20241104,5.5,5.7,5.5,5.67,5.49,0.18,3.2787,400659.69,225491.213
300080.SZ,20241104,5.64,5.87,5.3,5.46,5.76,-0.3,-5.2083,966219.38,531399.687
300081.SZ,20241104,6.02,6.22,6.01,6.19,6.02,0.17,2.8239,194502.53,119218.439
300082.SZ,20241104,6.18,6.3,6.12,6.25,6.18,0.07,1.1327,71763.16,44670.745
300083.SZ,20241104,7.51,7.94,7.5,7.8,7.5,0.3,4.0,718205.26,559522.095
300084.SZ,20241104,5.89,5.98,5.87,5.97,5.91,0.06,1.0152,63002.6,37296.886
300085.SZ,20241104,47.16,50.56,47.1,50.43,46.99,3.44,7.3207,1102666.78,5401640.347
300086.SZ,20241104,4.93,5.01,4.89,4.97,4.89,0.08,1.636,115135.9,57137.345
300087.SZ,20241104,12.0,12.26,11.22,11.57,12.9,-1.33,-10.3101,1314264.71,1525769.127
300088.SZ,20241104,6.61,6.92,6.58,6.79,6.66,0.13,1.952,930252.0,630472.958
300091.SZ,20241104,2.51,2.58,2.43,2.49,2.53,-0.04,-1.581,560700.91,140432.392
300092.SZ,20241104,11.82,12.2,11.82,12.19,11.88,0.31,2.6094,69176.0,83700.035
300093.SZ,20241104,18.75,19.39,18.59,19.26,19.32,-0.06,-0.3106,214315.34,407953.511
300094.SZ,20241104,3.74,3.99,3.63,3.93,3.82,0.11,2.8796,1397587.76,539468.622
300095.SZ,20241104,7.32,7.98,7.2,7.95,7.35,0.6,8.1633,324880.03,249666.683
300096.SZ,20241104,3.19,3.36,3.19,3.31,3.23,0.08,2.4768,144923.0,47848.284
300097.SZ,20241104,7.0,7.39,6.9,7.39,7.04,0.35,4.9716,148494.62,108157.716
300098.SZ,20241104,5.0,5.32,4.96,5.27,5.06,0.21,4.1502,965544.99,500886.628
300099.SZ,20241104,6.0,6.19,5.98,6.18,5.97,0.21,3.5176,130739.83,79947.218
300100.SZ,20241104,19.3,21.29,19.25,20.95,19.32,1.63,8.4369,264081.92,546142.786
300101.SZ,20241104,16.47,18.25,16.47,18.06,16.47,1.59,9.6539,419312.73,743524.019
300102.SZ,20241104,13.16,13.6,12.72,13.48,13.41,0.07,0.522,800487.5,1064776.8
300103.SZ,20241104,7.18,7.25,6.95,7.07,7.29,-0.22,-3.0178,174790.52,123469.964
300105.SZ,20241104,7.24,7.41,7.2,7.38,7.23,0.15,2.0747,122744.1,90010.139
300106.SZ,20241104,9.52,9.56,9.02,9.34,9.47,-0.13,-1.3728,194584.68,179644.033
300107.SZ,20241104,12.08,12.85,11.89,12.48,12.47,0.01,0.0802,610915.55,758874.703
300108.SZ,20241104,2.62,3.11,2.6,3.05,2.6,0.45,17.3077,694797.52,202131.274
300109.SZ,20241104,12.36,12.64,12.34,12.64,12.36,0.28,2.2654,67222.43,84140.776
300110.SZ,20241104,3.63,3.69,3.62,3.68,3.64,0.04,1.0989,178146.0,65241.537
300111.SZ,20241104,3.28,3.35,3.16,3.24,3.38,-0.14,-4.142,652384.34,210567.163
300112.SZ,20241104,8.25,8.87,8.25,8.87,8.3,0.57,6.8675,150392.0,131458.58
300113.SZ,20241104,13.63,14.42,13.61,14.28,13.76,0.52,3.7791,221502.26,313072.588
300115.SZ,20241104,18.88,19.88,18.08,19.56,18.76,0.8,4.2644,1451942.32,2770795.147
300117.SZ,20241104,1.7,1.84,1.68,1.81,1.7,0.11,6.4706,341629.07,60548.22
300118.SZ,20241104,13.33,13.9,13.26,13.64,13.5,0.14,1.037,339662.77,462364.001
300119.SZ,20241104,18.17,19.34,18.01,18.6,18.37,0.23,1.252,177626.25,332837.393
300120.SZ,20241104,10.81,11.71,10.8,11.22,10.82,0.4,3.6969,699200.79,784940.365
300121.SZ,20241104,17.38,17.38,17.38,17.38,14.48,2.9,20.0276,47035.22,81747.212
300122.SZ,20241104,28.27,28.77,28.21,28.72,28.25,0.47,1.6637,317103.75,903215.558
300123.SZ,20241104,6.52,6.81,6.49,6.76,6.6,0.16,2.4242,381125.6,254744.015
300124.SZ,20241104,56.71,60.0,56.71,59.99,55.6,4.39,7.8957,518074.9,3026422.753
300125.SZ,20241104,5.31,5.47,5.3,5.3,5.65,-0.35,-6.1947,221285.67,118811.344
300126.SZ,20241104,5.36,5.52,5.3,5.48,5.33,0.15,2.8143,53355.0,29073.415
300127.SZ,20241104,23.51,25.99,20.72,23.45,21.88,1.57,7.1755,558116.61,1294274.041
300128.SZ,20241104,5.47,5.88,5.39,5.72,5.47,0.25,4.5704,815928.19,463769.991
300129.SZ,20241104,7.89,8.11,7.86,7.94,7.92,0.02,0.2525,259619.65,207271.623
300130.SZ,20241104,24.48,25.03,24.45,24.93,24.48,0.45,1.8382,245769.39,608132.829
300131.SZ,20241104,6.81,7.14,6.81,7.12,6.76,0.36,5.3254,558073.66,392636.237
300132.SZ,20241104,5.06,5.29,5.05,5.21,5.12,0.09,1.7578,138883.0,71799.391
300133.SZ,20241104,7.65,7.71,7.46,7.63,7.49,0.14,1.8692,969689.6,734214.022
300134.SZ,20241104,13.8,14.7,13.8,14.53,14.16,0.37,2.613,274217.14,394983.47
300135.SZ,20241104,4.04,4.04,3.9,3.99,4.08,-0.09,-2.2059,794541.0,315618.392
300136.SZ,20241104,23.2,24.5,23.2,24.11,22.89,1.22,5.3298,512089.9,1232307.958
300137.SZ,20241104,5.65,5.69,5.59,5.67,5.64,0.03,0.5319,80274.77,45308.631
300138.SZ,20241104,8.7,8.9,8.6,8.88,8.66,0.22,2.5404,72250.96,63493.914
300139.SZ,20241104,18.32,18.96,17.85,18.74,18.64,0.1,0.5365,269025.05,497173.959
300140.SZ,20241104,6.41,6.63,6.4,6.59,6.43,0.16,2.4883,167892.83,110003.216
300141.SZ,20241104,9.0,9.2,8.92,9.19,8.93,0.26,2.9115,46346.01,42272.266
300142.SZ,20241104,14.44,14.69,14.26,14.51,14.21,0.3,2.1112,225050.0,325319.922
300143.SZ,20241104,9.81,9.99,9.8,9.96,9.77,0.19,1.9447,65811.7,65015.689
300144.SZ,20241104,9.43,9.71,9.4,9.7,9.43,0.27,2.8632,495121.35,471879.471
300145.SZ,20241104,3.2,3.26,3.16,3.23,3.2,0.03,0.9375,542477.88,174602.399
300146.SZ,20241104,12.57,12.81,12.56,12.8,12.62,0.18,1.4263,199611.53,253801.466
300147.SZ,20241104,12.6,13.35,12.6,12.78,12.95,-0.17,-1.3127,746766.9,966232.82
300148.SZ,20241104,3.8,3.97,3.77,3.92,3.86,0.06,1.5544,414791.06,161446.199
300149.SZ,20241104,6.35,6.5,6.28,6.46,6.35,0.11,1.7323,115754.0,74385.595
300150.SZ,20241104,4.18,4.32,4.16,4.29,4.2,0.09,2.1429,131788.0,56176.914
300151.SZ,20241104,20.8,21.33,20.55,20.85,20.63,0.22,1.0664,132629.5,276654.442
300152.SZ,20241104,7.18,7.93,6.73,6.89,8.41,-1.52,-18.0737,1920867.44,1368659.968
300153.SZ,20241104,7.77,8.03,7.63,7.83,7.88,-0.05,-0.6345,156151.21,121966.167
300154.SZ,20241104,6.73,7.1,6.73,7.1,6.73,0.37,5.4978,102162.28,71438.047
300155.SZ,20241104,4.71,4.78,4.56,4.77,4.76,0.01,0.2101,146150.33,68698.554
300157.SZ,20241104,2.98,3.04,2.9,3.03,3.01,0.02,0.6645,247108.0,73964.792
300158.SZ,20241104,4.86,4.99,4.85,4.9,4.84,0.06,1.2397,438547.95,215207.55
300159.SZ,20241104,3.88,4.38,3.8,4.22,4.01,0.21,5.2369,2692439.66,1102577.397
300160.SZ,20241104,5.73,5.81,5.65,5.74,5.75,-0.01,-0.1739,217639.32,124719.494
300161.SZ,20241104,26.81,28.12,26.54,27.87,26.47,1.4,5.289,62136.71,171953.98
300162.SZ,20241104,7.95,8.2,7.88,8.09,7.9,0.19,2.4051,294426.39,237019.784
300163.SZ,20241104,2.01,2.07,1.99,2.07,2.03,0.04,1.9704,191244.53,39059.109
300164.SZ,20241104,4.42,4.52,4.31,4.5,4.44,0.06,1.3514,520626.0,232077.57
300165.SZ,20241104,3.81,3.89,3.75,3.84,3.82,0.02,0.5236,211398.44,80592.138
300166.SZ,20241104,8.95,9.3,8.93,9.26,9.0,0.26,2.8889,327371.68,300580.962
300167.SZ,20241104,1.91,1.98,1.89,1.97,1.91,0.06,3.1414,235320.79,45926.745
300168.SZ,20241104,7.3,7.55,7.3,7.54,7.32,0.22,3.0055,263338.96,196544.665
300169.SZ,20241104,8.91,9.5,8.8,9.5,9.08,0.42,4.6256,490845.13,449973.254
300170.SZ,20241104,9.01,9.31,9.0,9.26,8.9,0.36,4.0449,422460.23,388861.921
300171.SZ,20241104,12.41,12.68,12.4,12.67,12.41,0.26,2.0951,58154.8,73257.013
300172.SZ,20241104,5.24,5.35,5.21,5.35,5.31,0.04,0.7533,184278.05,97827.359
300173.SZ,20241104,4.32,4.5,4.32,4.44,4.32,0.12,2.7778,190042.75,84478.998
300174.SZ,20241104,14.97,15.16,14.87,15.1,14.85,0.25,1.6835,35288.23,53063.451
300175.SZ,20241104,7.65,8.1,7.03,7.6,8.1,-0.5,-6.1728,832511.78,628169.535
300176.SZ,20241104,8.18,9.72,8.18,8.9,8.42,0.48,5.7007,854772.09,772367.047
300177.SZ,20241104,10.32,11.09,10.32,11.07,10.67,0.4,3.7488,450494.32,490417.256
300179.SZ,20241104,8.15,8.35,8.15,8.31,8.15,0.16,1.9632,68513.09,56699.096
300180.SZ,20241104,7.92,8.18,7.92,8.07,7.9,0.17,2.1519,1043116.6,838940.257
300181.SZ,20241104,16.17,16.23,15.65,15.91,16.08,-0.17,-1.0572,244862.5,389541.546
300182.SZ,20241104,5.31,5.62,5.31,5.5,5.35,0.15,2.8037,900342.12,493850.676
300183.SZ,20241104,15.82,16.24,15.65,16.24,15.72,0.52,3.3079,81575.33,131044.319
300184.SZ,20241104,10.85,11.39,10.85,11.13,11.08,0.05,0.4513,1204432.24,1338917.618
300185.SZ,20241104,2.85,2.98,2.84,2.9,2.97,-0.07,-2.3569,1839096.73,532393.072
300187.SZ,20241104,5.15,5.2,5.09,5.19,5.12,0.07,1.3672,53765.06,27732.427
300188.SZ,20241104,15.01,15.46,14.91,15.27,15.12,0.15,0.9921,200671.97,304970.015
300189.SZ,20241104,3.15,3.19,3.0,3.12,3.24,-0.12,-3.7037,1038081.47,321778.335
300190.SZ,20241104,3.68,3.72,3.62,3.7,3.7,0.0,0.0,96518.59,35402.458
300191.SZ,20241104,14.3,14.58,14.21,14.44,14.3,0.14,0.979,37978.25,54516.971
300192.SZ,20241104,14.1,14.36,14.0,14.33,14.32,0.01,0.0698,191821.5,272764.043
300193.SZ,20241104,9.07,9.43,9.05,9.33,9.06,0.27,2.9801,95121.01,88325.912
300194.SZ,20241104,4.77,4.84,4.75,4.84,4.77,0.07,1.4675,220834.05,106131.405
300195.SZ,20241104,5.35,5.57,5.35,5.51,5.35,0.16,2.9907,106352.18,58474.297
300196.SZ,20241104,12.17,12.24,11.98,12.23,12.19,0.04,0.3281,23605.43,28629.655
300197.SZ,20241104,2.42,2.47,2.35,2.42,2.46,-0.04,-1.626,1542300.39,368942.59
300198.SZ,20241104,2.24,2.31,2.19,2.27,2.24,0.03,1.3393,495022.4,111696.234
300199.SZ,20241104,11.55,11.69,11.42,11.56,11.42,0.14,1.2259,208833.0,241496.336
300200.SZ,20241104,9.48,10.13,9.35,9.86,9.85,0.01,0.1015,213852.51,208076.888
300201.SZ,20241104,4.32,4.49,4.32,4.41,4.31,0.1,2.3202,281595.43,124493.081
300203.SZ,20241104,16.99,18.3,16.76,17.71,16.88,0.83,4.9171,211881.01,374595.926
300204.SZ,20241104,7.7,7.81,7.61,7.81,7.62,0.19,2.4934,65430.43,50661.314
300205.SZ,20241104,5.37,5.54,5.26,5.35,5.5,-0.15,-2.7273,159713.66,86072.376
300206.SZ,20241104,10.02,10.24,10.02,10.24,10.05,0.19,1.8905,65113.0,66172.348
300207.SZ,20241104,21.71,22.63,21.71,22.23,21.7,0.53,2.4424,397470.13,884131.549
300208.SZ,20241104,3.08,3.25,2.9,3.09,3.18,-0.09,-2.8302,385103.26,117684.589
300209.SZ,20241104,5.1,5.24,4.94,5.22,5.09,0.13,2.554,93128.58,47750.46
300210.SZ,20241104,13.16,14.08,13.16,13.96,13.24,0.72,5.4381,345306.2,469184.361
300211.SZ,20241104,7.01,7.22,6.96,7.22,7.05,0.17,2.4113,64721.0,46249.281
300212.SZ,20241104,26.27,27.03,26.16,26.58,26.26,0.32,1.2186,301640.75,798206.898
300213.SZ,20241104,7.8,8.09,7.75,7.98,7.78,0.2,2.5707,188868.02,150412.567
300214.SZ,20241104,5.59,5.72,5.58,5.66,5.62,0.04,0.7117,41761.02,23596.966
300215.SZ,20241104,5.66,5.82,5.64,5.78,5.68,0.1,1.7606,87723.0,50412.367
300217.SZ,20241104,4.77,4.86,4.74,4.84,4.75,0.09,1.8947,247393.4,119001.701
300218.SZ,20241104,15.66,16.47,15.66,16.47,15.84,0.63,3.9773,51183.0,82690.066
300219.SZ,20241104,7.01,7.24,7.01,7.21,7.07,0.14,1.9802,118840.1,85174.588
300220.SZ,20241104,8.9,9.2,8.73,9.1,8.91,0.19,2.1324,46666.0,42272.884
300221.SZ,20241104,6.02,6.21,6.01,6.17,6.08,0.09,1.4803,234546.78,143967.849
300222.SZ,20241104,7.73,8.3,7.73,8.17,7.85,0.32,4.0764,229931.77,187310.27
300223.SZ,20241104,67.72,69.97,67.7,69.58,68.63,0.95,1.3842,81172.04,562229.611
300224.SZ,20241104,16.43,16.43,13.72,14.68,16.43,-1.75,-10.6512,1864561.25,2783771.702
300225.SZ,20241104,7.64,7.81,7.6,7.8,7.61,0.19,2.4967,105345.6,81343.292
300226.SZ,20241104,23.22,24.08,23.22,24.08,23.43,0.65,2.7742,121219.91,287940.415
300227.SZ,20241104,7.8,8.23,7.8,8.13,7.95,0.18,2.2642,160891.95,130554.607
300228.SZ,20241104,6.79,7.1,6.78,7.08,6.83,0.25,3.6603,186404.0,130610.985
300229.SZ,20241104,15.76,16.42,15.76,16.31,15.76,0.55,3.4898,191363.39,310003.989
300230.SZ,20241104,4.2,4.3,4.19,4.28,4.22,0.06,1.4218,141970.64,60656.127
300231.SZ,20241104,11.08,11.58,10.96,11.49,11.38,0.11,0.9666,277753.2,314073.029
300232.SZ,20241104,6.75,6.93,6.68,6.86,6.75,0.11,1.6296,196196.08,134020.708
300233.SZ,20241104,13.14,13.3,13.03,13.3,13.02,0.28,2.1505,55219.33,73020.291
300234.SZ,20241104,4.69,4.85,4.68,4.85,4.73,0.12,2.537,113431.55,54226.745
300235.SZ,20241104,9.78,10.48,9.66,10.33,9.8,0.53,5.4082,133874.5,136536.881
300236.SZ,20241104,37.37,39.74,37.24,39.38,37.6,1.78,4.734,100557.7,391731.89
300237.SZ,20241104,2.22,2.31,2.19,2.26,2.23,0.03,1.3453,833495.09,188154.425
300238.SZ,20241104,12.52,13.05,12.51,13.03,12.54,0.49,3.9075,95266.7,122972.067
300239.SZ,20241104,5.4,5.46,5.33,5.44,5.38,0.06,1.1152,89464.08,48316.845
300240.SZ,20241104,6.56,6.74,6.53,6.72,6.52,0.2,3.0675,104222.0,69483.955
300241.SZ,20241104,5.56,5.72,5.55,5.63,5.56,0.07,1.259,300202.89,169217.962
300242.SZ,20241104,3.51,3.76,3.51,3.68,3.6,0.08,2.2222,349421.0,128100.644
300243.SZ,20241104,13.22,14.17,12.51,13.05,12.36,0.69,5.5825,625031.79,832850.731
300244.SZ,20241104,12.38,12.72,12.29,12.57,12.31,0.26,2.1121,112836.81,141237.636
300245.SZ,20241104,10.15,10.72,9.97,10.66,10.22,0.44,4.3053,179361.59,187144.845
300246.SZ,20241104,6.8,6.98,6.72,6.97,6.75,0.22,3.2593,58083.98,40067.689
300247.SZ,20241104,4.18,4.32,4.0,4.16,4.08,0.08,1.9608,464994.76,192126.113
300248.SZ,20241104,9.25,9.53,9.17,9.29,9.18,0.11,1.1983,143282.3,133588.656
300249.SZ,20241104,8.41,8.71,8.35,8.69,8.52,0.17,1.9953,152779.03,131300.456
300250.SZ,20241104,14.56,14.94,14.34,14.93,14.59,0.34,2.3304,60030.93,88519.785
300251.SZ,20241104,8.44,8.7,8.44,8.63,8.51,0.12,1.4101,330946.81,283885.881
300252.SZ,20241104,8.53,9.15,8.51,9.07,8.53,0.54,6.3306,331611.02,296557.65
300253.SZ,20241104,7.39,7.52,7.33,7.5,7.35,0.15,2.0408,258591.13,192961.799
300254.SZ,20241104,9.25,9.36,9.21,9.33,9.25,0.08,0.8649,76144.2,70747.416
300255.SZ,20241104,21.5,22.23,20.94,21.35,20.56,0.79,3.8424,429598.8,923557.407
300256.SZ,20241104,4.63,5.55,4.63,5.23,4.9,0.33,6.7347,3249621.7,1687043.689
300257.SZ,20241104,9.28,9.63,9.28,9.56,9.33,0.23,2.4652,136794.64,130266.0
300258.SZ,20241104,8.65,9.06,8.62,8.97,8.65,0.32,3.6994,105444.0,94197.945
300259.SZ,20241104,3.47,3.7,3.47,3.69,3.46,0.23,6.6474,338634.44,122128.257
300260.SZ,20241104,24.58,26.66,24.5,26.19,25.2,0.99,3.9286,200020.94,518492.057
300261.SZ,20241104,8.11,8.21,8.02,8.17,8.11,0.06,0.7398,407520.44,330248.781
300263.SZ,20241104,6.79,7.04,6.79,7.04,6.82,0.22,3.2258,146448.0,101746.349
300264.SZ,20241104,5.64,5.84,5.64,5.84,5.66,0.18,3.1802,144488.47,83350.924
300265.SZ,20241104,7.76,7.92,7.72,7.9,7.64,0.26,3.4031,96204.0,75572.985
300266.SZ,20241104,2.55,2.55,2.38,2.47,2.5,-0.03,-1.2,404842.14,98532.581
300267.SZ,20241104,2.81,2.87,2.81,2.86,2.84,0.02,0.7042,332215.06,94700.332
300268.SZ,20241104,8.33,8.55,8.15,8.51,8.43,0.08,0.949,20867.01,17520.34
300269.SZ,20241104,4.31,4.52,4.31,4.43,4.4,0.03,0.6818,420123.0,185960.115
300270.SZ,20241104,7.2,7.78,7.08,7.5,7.25,0.25,3.4483,165629.0,123376.367
300271.SZ,20241104,8.4,8.79,8.29,8.55,8.8,-0.25,-2.8409,716853.19,607281.16
300272.SZ,20241104,6.35,6.49,6.32,6.44,6.4,0.04,0.625,130771.08,83686.984
300274.SZ,20241104,88.0,90.33,87.02,89.15,88.2,0.95,1.0771,251533.52,2239115.136
300275.SZ,20241104,14.3,14.7,13.88,14.29,14.18,0.11,0.7757,183706.69,260683.262
300276.SZ,20241104,4.26,4.75,4.23,4.62,4.2,0.42,10.0,1170666.5,532637.213
300278.SZ,20241104,5.49,5.83,5.09,5.51,5.65,-0.14,-2.4779,1388317.54,775146.149
300279.SZ,20241104,6.15,6.36,6.1,6.34,6.14,0.2,3.2573,147041.2,92244.539
300280.SZ,20241104,13.58,14.06,13.39,14.05,13.6,0.45,3.3088,121787.0,168127.141
300281.SZ,20241104,5.87,6.19,5.82,6.15,5.94,0.21,3.5354,184963.5,112784.782
300283.SZ,20241104,5.96,6.24,5.86,6.1,5.89,0.21,3.5654,134752.5,82054.241
300284.SZ,20241104,12.34,13.0,12.34,12.9,12.93,-0.03,-0.232,585722.02,748250.957
300285.SZ,20241104,18.62,19.16,18.58,19.16,18.56,0.6,3.2328,98205.83,185913.722
300286.SZ,20241104,18.15,18.53,18.05,18.37,18.03,0.34,1.8857,31793.15,58162.567
300287.SZ,20241104,4.72,4.91,4.7,4.86,4.82,0.04,0.8299,921099.65,443507.027
300288.SZ,20241104,14.0,14.4,13.81,14.39,13.88,0.51,3.6744,82467.01,116927.031
300289.SZ,20241104,4.95,5.06,4.92,5.04,4.95,0.09,1.8182,57083.06,28619.619
300290.SZ,20241104,22.24,25.09,22.24,25.09,20.91,4.18,19.9904,1297015.62,3173480.006
300291.SZ,20241104,4.93,5.05,4.88,5.05,4.94,0.11,2.2267,190469.55,94901.617
300292.SZ,20241104,5.51,5.66,5.45,5.65,5.56,0.09,1.6187,982655.98,545370.307
300293.SZ,20241104,28.51,31.04,26.5,30.05,29.26,0.79,2.6999,349221.5,1023005.536
300294.SZ,20241104,30.94,31.42,30.94,31.42,30.94,0.48,1.5514,58760.48,183174.285
300295.SZ,20241104,17.16,17.16,16.05,16.78,17.19,-0.41,-2.3851,170248.52,281898.574
300296.SZ,20241104,5.04,5.17,5.03,5.16,5.06,0.1,1.9763,336536.5,172743.198
300298.SZ,20241104,25.73,26.18,25.5,26.02,25.71,0.31,1.2058,44753.8,115538.218
300299.SZ,20241104,4.89,5.09,4.89,5.08,4.92,0.16,3.252,244219.45,122495.155
300300.SZ,20241104,2.5,2.6,2.45,2.54,2.43,0.11,4.5267,286267.56,72448.053
300301.SZ,20241104,1.49,1.56,1.49,1.56,1.51,0.05,3.3113,197369.05,30309.605
300302.SZ,20241104,16.1,16.63,16.1,16.49,16.49,0.0,0.0,265230.39,434304.761
300303.SZ,20241104,7.2,7.31,7.12,7.25,7.16,0.09,1.257,677440.06,488724.05
300304.SZ,20241104,7.74,8.09,7.72,8.01,7.76,0.25,3.2216,205478.48,164280.627
300305.SZ,20241104,5.96,6.15,5.89,6.12,5.94,0.18,3.0303,68082.0,41212.397
300306.SZ,20241104,11.59,12.15,11.55,12.15,11.55,0.6,5.1948,60094.0,71999.857
300307.SZ,20241104,7.54,7.98,7.54,7.83,7.6,0.23,3.0263,294432.0,230614.509
300308.SZ,20241104,141.99,146.9,140.99,143.15,140.73,2.42,1.7196,260752.21,3740161.224
300310.SZ,20241104,7.74,7.94,7.69,7.88,7.8,0.08,1.0256,501068.97,391694.308
300311.SZ,20241104,7.0,7.48,6.91,7.26,7.1,0.16,2.2535,632794.4,458026.301
300313.SZ,20241104,6.36,6.63,6.33,6.53,6.46,0.07,1.0836,48643.31,31580.247
300314.SZ,20241104,12.26,12.66,12.22,12.61,12.3,0.31,2.5203,44938.96,56206.713
300315.SZ,20241104,5.29,5.49,5.25,5.44,5.28,0.16,3.0303,982151.05,530109.172
300316.SZ,20241104,34.1,34.6,33.85,34.3,33.98,0.32,0.9417,153653.83,525619.269
300317.SZ,20241104,4.24,4.34,4.22,4.31,4.24,0.07,1.6509,190849.0,81955.549
300318.SZ,20241104,5.72,5.79,5.68,5.78,5.7,0.08,1.4035,79174.0,45362.759
300319.SZ,20241104,12.55,13.27,12.55,13.04,12.64,0.4,3.1646,434231.58,565802.805
300320.SZ,20241104,11.25,11.6,11.25,11.54,11.4,0.14,1.2281,349587.6,400433.019
300321.SZ,20241104,19.23,20.2,18.66,20.19,19.33,0.86,4.449,32287.83,63677.584
300322.SZ,20241104,14.27,16.94,14.27,16.48,14.12,2.36,16.7139,1200515.68,1922415.522
300323.SZ,20241104,5.92,6.19,5.9,6.18,5.92,0.26,4.3919,255526.5,155162.707
300324.SZ,20241104,3.62,3.78,3.61,3.75,3.69,0.06,1.626,848933.46,315711.16
300326.SZ,20241104,5.28,5.39,5.28,5.38,5.3,0.08,1.5094,64120.28,34335.695
300327.SZ,20241104,24.07,24.9,24.0,24.73,24.08,0.65,2.6993,106757.82,262900.025
300328.SZ,20241104,9.58,10.29,8.99,9.88,9.39,0.49,5.2183,1097321.27,1051978.6
300329.SZ,20241104,5.56,5.72,5.51,5.68,5.6,0.08,1.4286,78556.6,44043.234
300331.SZ,20241104,22.47,24.18,22.27,23.52,23.14,0.38,1.6422,139439.71,324789.335
300332.SZ,20241104,5.5,5.61,5.46,5.61,5.5,0.11,2.0,95071.0,52703.362
300333.SZ,20241104,9.43,9.95,9.43,9.92,9.52,0.4,4.2017,253547.17,246316.86
300334.SZ,20241104,6.08,6.18,5.99,6.16,6.07,0.09,1.4827,53733.59,32798.668
300335.SZ,20241104,4.81,4.93,4.81,4.91,4.86,0.05,1.0288,95445.0,46620.365
300337.SZ,20241104,17.0,18.25,16.75,17.21,15.82,1.39,8.7863,982681.95,1696830.401
300338.SZ,20241104,5.6,6.0,5.09,5.73,5.5,0.23,4.1818,530438.81,300963.057
300339.SZ,20241104,61.18,66.66,61.18,65.15,63.58,1.57,2.4693,1472498.55,9456472.476
300340.SZ,20241104,11.0,11.0,10.17,10.56,11.13,-0.57,-5.1213,274240.48,286911.643
300341.SZ,20241104,22.12,24.9,21.7,24.11,22.86,1.25,5.4681,330332.38,781965.773
300342.SZ,20241104,17.41,18.3,17.41,18.17,17.54,0.63,3.5918,309125.1,556092.912
300343.SZ,20241104,5.55,5.7,5.5,5.65,5.59,0.06,1.0733,211477.79,119086.116
300344.SZ,20241104,4.23,4.31,4.19,4.29,4.21,0.08,1.9002,178820.8,76212.006
300345.SZ,20241104,6.74,7.01,6.69,6.96,6.78,0.18,2.6549,97251.0,66784.079
300346.SZ,20241104,38.7,41.73,38.7,40.65,39.3,1.35,3.4351,334413.21,1351052.887
300347.SZ,20241104,63.28,65.72,62.92,63.88,62.53,1.35,2.159,109624.26,703843.904
300348.SZ,20241104,14.95,15.97,14.86,15.52,15.38,0.14,0.9103,554028.98,848926.416
300349.SZ,20241104,13.35,13.84,13.35,13.83,13.28,0.55,4.1416,84791.14,115582.778
300350.SZ,20241104,5.58,5.68,5.55,5.64,5.58,0.06,1.0753,133456.0,75130.474
300351.SZ,20241104,16.9,17.89,16.88,17.87,16.86,1.01,5.9905,213018.59,372582.078
300352.SZ,20241104,5.75,5.95,5.73,5.93,5.75,0.18,3.1304,433761.9,254848.532
300353.SZ,20241104,11.5,13.0,11.42,12.99,11.51,1.48,12.8584,534375.48,664079.532
300354.SZ,20241104,31.29,33.26,31.22,33.11,31.29,1.82,5.8166,33488.07,109983.529
300355.SZ,20241104,7.35,7.77,6.6,7.2,8.05,-0.85,-10.559,4100530.39,2945597.769
300357.SZ,20241104,23.04,23.55,23.02,23.4,22.99,0.41,1.7834,69302.25,161224.317
300358.SZ,20241104,7.15,7.34,7.13,7.33,7.13,0.2,2.805,93766.0,68108.274
300359.SZ,20241104,5.9,6.01,5.8,5.99,5.96,0.03,0.5034,255003.46,150977.83
300360.SZ,20241104,16.45,17.05,16.42,16.95,16.4,0.55,3.3537,109247.04,184192.805
300363.SZ,20241104,17.65,18.98,17.58,18.65,17.58,1.07,6.0865,233091.51,431647.861
300364.SZ,20241104,27.44,28.23,26.9,27.71,27.85,-0.14,-0.5027,595059.29,1638596.529
300365.SZ,20241104,5.96,6.2,5.96,6.2,6.0,0.2,3.3333,137306.68,84226.245
300366.SZ,20241104,10.64,11.14,10.61,10.94,11.2,-0.26,-2.3214,571512.53,622838.628
300368.SZ,20241104,4.16,4.44,4.09,4.36,4.14,0.22,5.314,227084.0,97020.663
300369.SZ,20241104,8.56,8.78,8.31,8.69,8.53,0.16,1.8757,338840.55,289009.689
300370.SZ,20241104,2.82,2.88,2.78,2.84,2.82,0.02,0.7092,518283.26,146616.675
300371.SZ,20241104,9.54,10.06,9.54,10.02,9.6,0.42,4.375,39899.61,39329.542
300373.SZ,20241104,45.49,46.43,45.2,46.4,45.18,1.22,2.7003,107876.42,495936.882
300374.SZ,20241104,19.9,21.22,19.28,20.46,21.05,-0.59,-2.8029,431458.8,874801.403
300375.SZ,20241104,4.74,4.94,4.72,4.92,4.75,0.17,3.5789,281139.24,137250.04
300376.SZ,20241104,3.66,3.82,3.66,3.78,3.66,0.12,3.2787,343063.0,128645.847
300377.SZ,20241104,16.3,20.4,15.58,20.4,17.0,3.4,20.0,2765913.57,4932923.905
300378.SZ,20241104,22.55,23.2,22.52,23.1,22.27,0.83,3.727,94900.0,217856.771
300379.SZ,20241104,15.1,15.47,15.04,15.41,15.25,0.16,1.0492,285334.72,436495.82
300380.SZ,20241104,37.26,41.52,37.26,40.5,37.3,3.2,8.5791,144394.0,565295.941
300381.SZ,20241104,7.3,7.58,7.21,7.49,7.35,0.14,1.9048,110388.0,82130.07
300382.SZ,20241104,10.15,10.45,10.02,10.38,10.14,0.24,2.3669,250127.4,255687.988
300383.SZ,20241104,10.27,10.52,10.27,10.5,10.24,0.26,2.5391,267805.0,279356.52
300384.SZ,20241104,16.09,17.1,15.94,16.56,15.91,0.65,4.0855,78442.89,129509.275
300385.SZ,20241104,4.8,4.87,4.68,4.85,4.8,0.05,1.0417,43778.8,20990.665
300386.SZ,20241104,13.9,14.5,13.38,14.25,14.11,0.14,0.9922,146243.0,205276.112
300387.SZ,20241104,7.66,7.76,7.61,7.76,7.64,0.12,1.5707,77149.17,59438.432
300388.SZ,20241104,7.06,7.13,7.0,7.09,7.06,0.03,0.4249,80176.48,56615.087
300389.SZ,20241104,11.15,11.65,11.15,11.6,11.3,0.3,2.6549,51638.2,59403.903
300390.SZ,20241104,23.35,23.86,22.93,23.5,23.39,0.11,0.4703,194798.15,455688.743
300391.SZ,20241104,6.6,6.95,6.46,6.78,6.78,0.0,0.0,358524.77,239763.042
300393.SZ,20241104,7.65,7.95,7.61,7.78,7.71,0.07,0.9079,167137.0,129879.624
300394.SZ,20241104,125.5,132.74,125.5,128.83,124.7,4.13,3.3119,147997.31,1919129.979
300395.SZ,20241104,40.8,42.38,40.44,42.32,40.77,1.55,3.8018,85142.64,355251.177
300396.SZ,20241104,15.48,15.91,15.48,15.91,15.48,0.43,2.7778,56532.07,89097.276
300397.SZ,20241104,13.0,13.43,12.89,13.42,13.25,0.17,1.283,267279.02,353462.447
300398.SZ,20241104,14.62,15.89,14.6,15.78,14.82,0.96,6.4777,307033.89,476508.028
300399.SZ,20241104,18.6,19.89,18.39,19.87,18.56,1.31,7.0582,137043.51,263650.915
300400.SZ,20241104,16.67,17.64,16.67,17.48,16.85,0.63,3.7389,122756.0,212762.412
300401.SZ,20241104,14.83,15.33,14.68,15.05,14.91,0.14,0.939,241791.67,363383.977
300402.SZ,20241104,15.26,15.63,14.99,15.61,15.35,0.26,1.6938,68297.73,105425.522
300403.SZ,20241104,8.25,9.17,8.24,8.99,8.12,0.87,10.7143,631882.58,560343.7
300404.SZ,20241104,8.91,9.22,8.91,9.1,8.91,0.19,2.1324,85542.73,77606.566
300405.SZ,20241104,4.83,4.91,4.71,4.91,4.82,0.09,1.8672,88841.03,43042.746
300406.SZ,20241104,13.45,13.63,13.41,13.52,13.45,0.07,0.5204,64732.16,87343.583
300407.SZ,20241104,11.23,11.67,11.23,11.63,11.4,0.23,2.0175,93491.53,107780.29
300408.SZ,20241104,36.37,36.96,36.26,36.38,36.34,0.04,0.1101,171398.23,624767.209
300409.SZ,20241104,12.52,13.07,12.37,12.96,12.48,0.48,3.8462,281691.78,362711.218
300410.SZ,20241104,6.06,6.25,5.96,6.19,6.01,0.18,2.995,106566.06,65739.956
300411.SZ,20241104,16.2,16.55,15.86,16.19,16.55,-0.36,-2.1752,401584.6,648475.971
300412.SZ,20241104,4.11,4.22,4.08,4.18,4.1,0.08,1.9512,126751.61,52742.072
300413.SZ,20241104,24.52,25.8,24.51,25.72,24.52,1.2,4.894,222053.82,564650.7
300414.SZ,20241104,7.76,8.13,7.76,8.1,7.81,0.29,3.7132,71017.81,56857.762
300415.SZ,20241104,22.91,23.86,22.8,23.66,22.7,0.96,4.2291,112111.81,263901.581
300416.SZ,20241104,12.36,12.99,12.36,12.89,12.38,0.51,4.1195,139421.75,177918.944
300417.SZ,20241104,12.11,12.66,11.82,12.46,12.66,-0.2,-1.5798,115554.45,141626.772
300418.SZ,20241104,37.6,39.15,37.49,38.67,38.19,0.48,1.2569,399477.28,1533228.394
300419.SZ,20241104,5.19,5.35,5.12,5.32,5.19,0.13,2.5048,387939.71,204252.411
300420.SZ,20241104,2.89,2.93,2.82,2.88,2.91,-0.03,-1.0309,375875.73,108139.744
300421.SZ,20241104,10.02,11.38,10.0,10.75,9.84,0.91,9.248,332493.88,355582.203
300422.SZ,20241104,4.74,4.8,4.67,4.76,4.74,0.02,0.4219,81197.71,38339.71
300423.SZ,20241104,6.25,6.5,6.2,6.5,6.23,0.27,4.3339,97051.88,62327.127
300424.SZ,20241104,19.85,20.37,19.1,20.23,20.73,-0.5,-2.412,291073.6,580629.82
300425.SZ,20241104,5.95,6.01,5.61,5.92,6.11,-0.19,-3.1097,435680.8,254245.997
300426.SZ,20241104,9.07,9.55,8.86,9.53,9.07,0.46,5.0717,130353.5,119948.15
300427.SZ,20241104,6.95,7.18,6.93,7.1,7.05,0.05,0.7092,309158.22,218578.081
300428.SZ,20241104,20.2,20.2,19.44,19.7,19.45,0.25,1.2853,161110.29,319169.987
300429.SZ,20241104,14.37,17.34,14.37,16.08,14.45,1.63,11.2803,1122593.2,1815902.514
300430.SZ,20241104,14.56,15.74,14.56,15.29,14.49,0.8,5.521,291880.05,445457.849
300432.SZ,20241104,13.88,15.42,13.52,15.42,12.85,2.57,20.0,1445998.18,2177360.34
300433.SZ,20241104,21.45,22.26,21.41,22.0,21.51,0.49,2.278,320300.61,704538.123
300434.SZ,20241104,8.72,8.92,8.69,8.85,8.72,0.13,1.4908,49528.0,43765.666
300435.SZ,20241104,11.63,11.82,11.59,11.82,11.65,0.17,1.4592,42095.51,49398.983
300436.SZ,20241104,29.8,31.15,29.4,30.57,29.8,0.77,2.5839,51561.06,156335.518
300437.SZ,20241104,9.75,9.8,9.56,9.72,9.69,0.03,0.3096,45511.0,44111.878
300438.SZ,20241104,32.96,34.99,32.65,34.21,33.52,0.69,2.0585,329486.97,1127666.093
300439.SZ,20241104,10.55,10.82,10.54,10.82,10.59,0.23,2.1719,47333.73,50724.552
300440.SZ,20241104,6.74,7.03,6.7,7.03,6.75,0.28,4.1481,122134.64,84140.465
300441.SZ,20241104,9.0,9.23,8.95,9.1,9.04,0.06,0.6637,234978.4,213173.652
300442.SZ,20241104,31.0,31.69,30.9,31.4,30.88,0.52,1.6839,131121.8,409912.361
300443.SZ,20241104,24.49,25.9,24.49,25.78,24.77,1.01,4.0775,128277.02,326581.813
300444.SZ,20241104,6.9,7.07,6.82,7.04,6.89,0.15,2.1771,211145.65,147829.722
300445.SZ,20241104,15.08,16.12,15.05,16.03,15.04,0.99,6.5824,64567.93,102015.286
300446.SZ,20241104,19.93,21.08,19.56,20.06,19.9,0.16,0.804,493689.95,999218.768
300447.SZ,20241104,13.45,14.04,13.42,14.0,13.47,0.53,3.9347,47564.16,66042.97
300448.SZ,20241104,6.35,6.52,6.03,6.49,6.55,-0.06,-0.916,435536.97,276555.577
300449.SZ,20241104,7.2,7.32,7.17,7.25,7.36,-0.11,-1.4946,146258.55,105749.672
300450.SZ,20241104,17.81,18.92,17.81,18.55,17.95,0.6,3.3426,302810.65,561158.738
300451.SZ,20241104,5.2,5.5,5.17,5.25,5.09,0.16,3.1434,695301.3,368416.432
300452.SZ,20241104,12.39,12.59,12.31,12.59,12.34,0.25,2.0259,59532.71,74257.077
300453.SZ,20241104,7.88,8.19,7.81,8.03,7.88,0.15,1.9036,56137.48,44974.49
300454.SZ,20241104,62.88,64.86,62.52,64.56,62.79,1.77,2.8189,50411.8,321893.438
300455.SZ,20241104,13.45,14.11,13.45,14.0,13.36,0.64,4.7904,185434.74,258064.461
300456.SZ,20241104,18.38,19.36,18.38,19.22,18.52,0.7,3.7797,227782.76,433723.989
300457.SZ,20241104,22.76,23.5,22.36,22.5,22.86,-0.36,-1.5748,273118.37,621705.213
300458.SZ,20241104,36.03,37.4,36.01,37.4,36.58,0.82,2.2417,284511.86,1052231.5
300459.SZ,20241104,4.8,5.09,4.77,5.0,4.85,0.15,3.0928,1512643.91,750554.137
300460.SZ,20241104,13.5,14.2,13.49,14.18,13.64,0.54,3.9589,155226.8,215925.274
300461.SZ,20241104,20.9,22.08,20.75,21.63,21.03,0.6,2.8531,54781.09,118680.242
300462.SZ,20241104,9.74,10.15,9.6,10.14,9.74,0.4,4.1068,94804.0,95015.683
300463.SZ,20241104,13.7,14.1,13.68,14.06,13.66,0.4,2.9283,74756.77,104184.197
300464.SZ,20241104,4.6,4.74,4.56,4.73,4.57,0.16,3.5011,77267.5,36120.331
300465.SZ,20241104,12.0,12.54,11.91,12.52,12.22,0.3,2.455,239182.0,293639.397
300466.SZ,20241104,7.64,8.31,7.62,8.26,7.67,0.59,7.6923,303724.38,245893.557
300467.SZ,20241104,15.51,15.88,15.43,15.88,15.51,0.37,2.3856,53506.0,84264.899
300468.SZ,20241104,18.44,19.43,18.44,19.19,18.54,0.65,3.5059,461201.28,872988.94
300469.SZ,20241104,26.0,26.75,23.43,26.08,26.6,-0.52,-1.9549,296248.66,756116.165
300470.SZ,20241104,35.5,36.49,35.33,36.38,35.6,0.78,2.191,21364.41,77212.148
300471.SZ,20241104,10.0,10.37,9.92,10.3,10.02,0.28,2.7944,79041.71,80584.003
300472.SZ,20241104,7.89,8.24,7.89,8.19,8.03,0.16,1.9925,139676.06,113280.542
300473.SZ,20241104,20.0,20.54,19.94,20.42,20.18,0.24,1.1893,60144.62,122151.585
300474.SZ,20241104,84.48,87.45,84.48,86.7,85.46,1.24,1.451,113175.02,976100.9
300475.SZ,20241104,30.93,31.76,30.83,31.7,30.93,0.77,2.4895,114891.98,361694.756
300476.SZ,20241104,42.35,44.23,42.35,43.66,42.36,1.3,3.0689,247206.37,1071998.765
300477.SZ,20241104,3.26,3.31,3.16,3.24,3.31,-0.07,-2.1148,617432.66,199535.229
300478.SZ,20241104,10.41,11.63,10.41,11.25,10.6,0.65,6.1321,129834.29,144724.48
300479.SZ,20241104,18.78,19.31,18.59,19.3,18.83,0.47,2.496,57704.0,110383.744
300480.SZ,20241104,14.07,14.88,14.0,14.65,14.34,0.31,2.1618,90442.21,131949.681
300481.SZ,20241104,15.05,15.6,15.05,15.5,15.13,0.37,2.4455,43117.0,66480.953
300482.SZ,20241104,24.73,25.49,24.63,25.22,24.6,0.62,2.5203,84005.56,210554.922
300483.SZ,20241104,8.73,8.92,8.63,8.85,8.73,0.12,1.3746,40291.0,35462.84
300484.SZ,20241104,16.85,17.3,16.7,17.15,16.69,0.46,2.7561,133450.0,227866.065
300485.SZ,20241104,7.68,7.8,7.6,7.79,7.65,0.14,1.8301,34256.0,26470.382
300486.SZ,20241104,5.83,6.25,5.83,6.21,5.83,0.38,6.518,232500.88,142420.979
300487.SZ,20241104,49.52,50.19,48.47,49.95,49.46,0.49,0.9907,51498.99,255341.255
300488.SZ,20241104,22.31,24.19,22.31,24.18,22.3,1.88,8.4305,48473.85,114442.122
300489.SZ,20241104,80.05,83.07,77.1,81.05,80.5,0.55,0.6832,148418.24,1187856.49
300490.SZ,20241104,8.11,8.99,8.1,8.56,8.08,0.48,5.9406,235153.4,201367.771
300491.SZ,20241104,14.66,15.17,14.62,15.15,14.66,0.49,3.3424,41375.23,62043.401
300492.SZ,20241104,74.35,77.66,73.0,76.94,74.3,2.64,3.5532,13994.93,105797.244
300493.SZ,20241104,13.4,13.96,13.27,13.92,13.56,0.36,2.6549,343940.25,472140.797
300494.SZ,20241104,10.41,10.78,10.38,10.78,10.5,0.28,2.6667,168746.25,179705.547
300496.SZ,20241104,53.79,55.9,53.4,55.42,53.97,1.45,2.6867,154571.7,852998.986
300497.SZ,20241104,11.0,12.36,10.9,12.34,10.98,1.36,12.3862,275635.84,327896.341
300498.SZ,20241104,18.63,18.69,18.4,18.67,18.57,0.1,0.5385,445750.05,827690.435
300499.SZ,20241104,11.7,12.15,11.7,12.1,11.8,0.3,2.5424,116567.5,140161.672
300500.SZ,20241104,11.5,11.7,11.22,11.62,11.5,0.12,1.0435,36394.2,41931.364
300501.SZ,20241104,13.64,13.9,13.6,13.79,13.76,0.03,0.218,20541.94,28317.014
300502.SZ,20241104,129.0,135.49,129.0,131.77,129.36,2.41,1.863,245652.9,3246960.188
300503.SZ,20241104,16.69,19.0,16.69,18.7,16.19,2.51,15.5034,589525.29,1064017.692
300504.SZ,20241104,15.7,16.27,15.6,16.14,15.72,0.42,2.6718,52018.0,83159.011
300505.SZ,20241104,15.45,15.84,15.15,15.8,15.4,0.4,2.5974,149949.95,233738.136
300506.SZ,20241104,3.63,3.74,3.35,3.52,3.63,-0.11,-3.0303,265152.04,93356.207
300507.SZ,20241104,6.6,7.09,6.56,7.01,6.52,0.49,7.5153,504329.26,349810.407
300508.SZ,20241104,26.74,28.06,26.74,27.88,27.0,0.88,3.2593,26735.92,74012.087
300509.SZ,20241104,5.98,6.23,5.92,6.21,5.97,0.24,4.0201,57930.68,35456.074
300510.SZ,20241104,4.33,4.47,4.3,4.42,4.32,0.1,2.3148,217319.16,95821.413
300511.SZ,20241104,4.06,4.11,3.96,4.04,4.06,-0.02,-0.4926,183943.7,74278.575
300512.SZ,20241104,6.95,7.21,6.92,7.17,7.01,0.16,2.2825,40726.5,29001.215
300513.SZ,20241104,8.66,9.13,8.58,9.08,8.66,0.42,4.8499,86989.5,77251.474
300514.SZ,20241104,13.84,14.74,13.84,14.72,13.81,0.91,6.5894,87010.45,125356.502
300515.SZ,20241104,11.84,12.3,11.84,12.3,11.85,0.45,3.7975,33632.0,40872.877
300516.SZ,20241104,36.42,37.0,35.87,36.93,36.26,0.67,1.8478,27741.5,101568.229
300517.SZ,20241104,9.09,9.35,8.94,9.33,9.02,0.31,3.4368,50953.71,46845.359
300518.SZ,20241104,12.23,12.45,11.96,12.44,12.2,0.24,1.9672,59045.36,72412.559
300519.SZ,20241104,14.1,14.55,14.09,14.55,14.51,0.04,0.2757,52053.25,74562.612
300520.SZ,20241104,22.45,25.3,22.45,24.82,23.65,1.17,4.9471,459854.74,1103025.998
300521.SZ,20241104,13.82,15.57,13.8,15.02,13.82,1.2,8.6831,72516.8,107721.447
300522.SZ,20241104,11.51,12.05,11.45,12.04,11.6,0.44,3.7931,60178.72,71289.517
300523.SZ,20241104,22.77,23.75,22.43,23.66,22.65,1.01,4.4592,55372.85,129081.132
300525.SZ,20241104,16.35,16.48,16.12,16.42,16.23,0.19,1.1707,74402.95,121268.116
300527.SZ,20241104,8.99,9.34,8.93,9.2,9.07,0.13,1.4333,278557.78,255172.186
300528.SZ,20241104,7.95,8.75,7.86,8.5,7.93,0.57,7.1879,159645.62,134412.798
300529.SZ,20241104,30.6,31.45,30.6,31.37,30.48,0.89,2.9199,66238.89,206082.791
300530.SZ,20241104,19.2,19.86,18.88,19.8,19.41,0.39,2.0093,18147.25,35471.331
300531.SZ,20241104,14.78,15.17,14.52,15.17,14.81,0.36,2.4308,107562.0,161314.966
300532.SZ,20241104,10.83,11.09,10.78,11.09,10.88,0.21,1.9301,152258.91,166538.444
300533.SZ,20241104,17.4,18.07,17.22,17.9,17.39,0.51,2.9327,51134.75,90890.487
300534.SZ,20241104,10.0,10.41,9.78,10.33,9.96,0.37,3.7149,432952.82,439385.93
300535.SZ,20241104,14.23,14.44,14.07,14.44,14.16,0.28,1.9774,22131.0,31616.426
300536.SZ,20241104,6.6,7.28,6.6,6.91,6.63,0.28,4.2232,160964.05,111634.679
300537.SZ,20241104,18.1,19.8,18.1,19.18,18.19,0.99,5.4426,136929.35,259889.592
300538.SZ,20241104,16.43,17.74,16.43,17.63,16.43,1.2,7.3037,108533.88,187466.284
300539.SZ,20241104,12.23,12.23,12.23,12.23,10.19,2.04,20.0196,104437.24,127726.745
300540.SZ,20241104,24.0,24.39,23.61,24.2,24.14,0.06,0.2486,37737.0,90920.229
300541.SZ,20241104,12.51,12.93,12.51,12.78,12.58,0.2,1.5898,140275.9,178543.023
300542.SZ,20241104,25.25,26.23,25.21,25.89,25.76,0.13,0.5047,198706.1,509778.238
300543.SZ,20241104,9.38,9.66,9.19,9.58,9.19,0.39,4.2437,77536.82,73800.554
300545.SZ,20241104,30.72,32.97,30.72,32.47,30.69,1.78,5.7999,84823.63,273269.477
300546.SZ,20241104,16.0,16.35,15.6,16.2,15.64,0.56,3.5806,94299.85,151555.439
300547.SZ,20241104,18.51,20.03,18.45,19.95,18.9,1.05,5.5556,233969.95,454346.098
300548.SZ,20241104,24.01,24.96,24.0,24.6,24.25,0.35,1.4433,129596.0,317614.963
300549.SZ,20241104,18.28,19.21,17.5,18.1,17.28,0.82,4.7454,145808.33,265970.763
300550.SZ,20241104,14.71,15.58,14.59,15.03,14.52,0.51,3.5124,101240.31,152901.055
300551.SZ,20241104,11.6,12.11,11.4,12.09,11.9,0.19,1.5966,320425.05,374801.542
300552.SZ,20241104,35.28,36.82,35.03,36.8,35.46,1.34,3.7789,94503.0,343248.982
300553.SZ,20241104,30.35,32.98,30.0,31.47,32.7,-1.23,-3.7615,70090.91,218764.86
300554.SZ,20241104,28.1,30.58,26.8,28.66,28.39,0.27,0.951,183726.74,533272.254
300555.SZ,20241104,8.1,8.24,7.77,7.9,8.09,-0.19,-2.3486,35926.61,28817.089
300556.SZ,20241104,18.05,18.6,17.98,18.59,18.05,0.54,2.9917,57486.7,105906.322
300557.SZ,20241104,29.9,32.31,29.61,31.37,29.67,1.7,5.7297,41440.73,128462.028
300558.SZ,20241104,46.3,47.78,46.25,46.95,45.66,1.29,2.8252,68967.48,323681.988
300559.SZ,20241104,10.17,10.3,10.01,10.3,10.18,0.12,1.1788,114522.42,116285.572
300560.SZ,20241104,15.06,15.33,14.64,15.3,15.57,-0.27,-1.7341,153449.94,230823.058
300561.SZ,20241104,17.82,20.9,17.75,20.9,17.42,3.48,19.977,403549.86,793701.923
300562.SZ,20241104,12.4,13.35,12.4,13.1,12.48,0.62,4.9679,141521.3,183097.801
300563.SZ,20241104,50.03,52.84,50.0,52.22,50.45,1.77,3.5084,135580.16,704362.47
300564.SZ,20241104,11.5,12.7,11.25,12.62,11.55,1.07,9.2641,93266.2,114015.438
300565.SZ,20241104,16.17,16.6,16.0,16.26,16.34,-0.08,-0.4896,157583.26,256247.751
300566.SZ,20241104,16.72,17.54,16.72,17.53,16.91,0.62,3.6665,95535.95,165707.051
300567.SZ,20241104,58.0,61.5,57.81,59.82,57.93,1.89,3.2626,83403.84,499919.47
300568.SZ,20241104,10.36,10.86,10.21,10.6,10.35,0.25,2.4155,425930.73,450898.558
300569.SZ,20241104,5.2,5.3,5.17,5.27,5.2,0.07,1.3462,150203.73,78779.555
300570.SZ,20241104,65.93,72.73,65.8,69.66,66.9,2.76,4.1256,140118.08,971658.865
300571.SZ,20241104,24.6,26.03,24.6,25.83,25.05,0.78,3.1138,47585.0,121302.273
300572.SZ,20241104,17.05,18.0,16.83,17.85,17.29,0.56,3.2389,91646.0,160271.722
300573.SZ,20241104,83.02,90.39,83.02,89.49,83.6,5.89,7.0455,117167.64,1030211.519
300575.SZ,20241104,6.0,6.25,5.99,6.15,6.02,0.13,2.1595,88332.73,53889.397
300576.SZ,20241104,48.71,53.57,48.2,51.81,50.02,1.79,3.5786,215250.14,1101134.421
300577.SZ,20241104,21.55,22.2,21.44,21.89,21.47,0.42,1.9562,18873.15,41102.608
300578.SZ,20241104,23.74,28.55,23.74,27.99,24.99,3.0,12.0048,406699.79,1069653.044
300579.SZ,20241104,27.97,28.3,27.33,28.28,27.78,0.5,1.7999,55740.69,155966.381
300580.SZ,20241104,18.2,20.4,18.2,19.81,17.58,2.23,12.6849,456453.86,882786.153
300581.SZ,20241104,10.15,10.57,10.11,10.5,10.16,0.34,3.3465,158857.61,165358.356
300582.SZ,20241104,11.1,11.49,11.1,11.34,11.08,0.26,2.3466,60685.47,68836.546
300583.SZ,20241104,23.7,25.38,22.02,23.1,24.36,-1.26,-5.1724,233504.72,536640.181
300584.SZ,20241104,21.75,22.15,21.45,22.13,21.62,0.51,2.3589,42018.0,92074.128
300585.SZ,20241104,13.14,15.0,13.14,14.72,13.15,1.57,11.9392,190830.0,271204.463
300586.SZ,20241104,7.93,7.99,7.77,7.86,7.79,0.07,0.8986,93486.02,73613.825
300587.SZ,20241104,4.78,4.94,4.74,4.9,4.78,0.12,2.5105,168983.19,82444.445
300588.SZ,20241104,12.98,13.77,12.98,13.77,13.42,0.35,2.608,94391.4,127795.954
300589.SZ,20241104,12.91,13.54,12.84,13.47,12.91,0.56,4.3377,89211.38,118277.325
300590.SZ,20241104,13.38,13.95,13.35,13.93,13.38,0.55,4.1106,117778.0,162199.137
300591.SZ,20241104,5.22,5.43,5.05,5.4,5.3,0.1,1.8868,247485.5,130505.918
300592.SZ,20241104,11.86,12.29,11.77,12.26,11.75,0.51,4.3404,84461.8,102618.444
300593.SZ,20241104,12.57,12.89,12.48,12.74,12.45,0.29,2.3293,94176.8,119662.32
300594.SZ,20241104,17.64,18.31,17.64,18.15,17.9,0.25,1.3966,39462.35,71468.021
300595.SZ,20241104,18.42,18.76,18.32,18.76,18.32,0.44,2.4017,68147.38,126702.597
300596.SZ,20241104,26.91,27.34,26.72,27.22,27.04,0.18,0.6657,32468.5,88033.074
300597.SZ,20241104,8.3,8.54,8.3,8.51,8.31,0.2,2.4067,68444.0,57966.807
300598.SZ,20241104,55.96,58.36,55.11,58.04,56.86,1.18,2.0753,145585.86,831255.46
300599.SZ,20241104,7.64,7.64,7.39,7.51,7.64,-0.13,-1.7016,53657.0,40154.464
300600.SZ,20241104,6.8,7.03,6.77,6.98,6.75,0.23,3.4074,38748.68,26904.022
300601.SZ,20241104,18.28,18.71,18.27,18.62,18.26,0.36,1.9715,105755.78,195593.827
300602.SZ,20241104,18.97,20.0,18.97,19.73,18.95,0.78,4.1161,201990.41,395122.19
300603.SZ,20241104,9.42,9.89,9.34,9.71,9.54,0.17,1.782,145936.27,140773.34
300604.SZ,20241104,40.53,42.63,40.5,42.0,40.8,1.2,2.9412,235840.07,984959.924
300605.SZ,20241104,12.48,12.82,12.37,12.79,12.52,0.27,2.1565,33814.72,42777.736
300606.SZ,20241104,21.1,22.25,21.1,22.13,21.51,0.62,2.8824,55833.18,122460.529
300607.SZ,20241104,12.65,14.66,12.65,14.66,12.22,2.44,19.9673,226581.49,325715.874
300608.SZ,20241104,12.01,12.39,11.83,12.27,12.13,0.14,1.1542,119103.04,144703.077
300609.SZ,20241104,29.89,30.66,29.33,30.18,29.81,0.37,1.2412,53869.5,161800.309
300610.SZ,20241104,9.7,9.86,9.6,9.84,9.64,0.2,2.0747,44592.2,43587.019
300611.SZ,20241104,10.2,10.57,10.2,10.51,10.2,0.31,3.0392,62523.28,65476.213
300612.SZ,20241104,15.28,15.83,14.94,15.53,15.21,0.32,2.1039,77449.24,120021.345
300613.SZ,20241104,46.0,48.65,45.66,48.29,46.78,1.51,3.2279,66550.79,317412.409
300614.SZ,20241104,10.43,10.63,10.23,10.58,10.37,0.21,2.0251,21701.0,22721.198
300615.SZ,20241104,11.35,11.8,11.16,11.71,11.26,0.45,3.9964,52472.0,60642.459
300616.SZ,20241104,12.78,12.95,12.68,12.93,12.77,0.16,1.2529,50795.06,65099.97
300617.SZ,20241104,26.63,27.25,26.63,27.21,26.67,0.54,2.0247,11677.35,31659.098
300618.SZ,20241104,39.65,39.65,36.9,38.23,39.98,-1.75,-4.3772,295241.12,1117773.862
300619.SZ,20241104,27.71,28.35,27.0,28.26,27.75,0.51,1.8378,26061.7,72980.728
300620.SZ,20241104,48.3,49.97,48.3,49.29,48.0,1.29,2.6875,86424.33,425776.218
300621.SZ,20241104,14.24,15.09,13.47,13.88,13.82,0.06,0.4342,336067.0,478013.374
300622.SZ,20241104,27.11,31.8,27.11,30.05,27.38,2.67,9.7516,213515.34,631785.676
300623.SZ,20241104,38.42,40.46,38.42,39.92,39.59,0.33,0.8335,430186.15,1709922.555
300624.SZ,20241104,55.61,57.67,55.24,57.16,56.14,1.02,1.8169,75761.02,430951.665
300625.SZ,20241104,11.4,11.81,11.4,11.8,11.4,0.4,3.5088,20809.0,24373.028
300626.SZ,20241104,9.41,9.82,9.25,9.78,9.37,0.41,4.3757,60140.16,58296.767
300627.SZ,20241104,35.13,36.56,35.1,36.09,35.13,0.96,2.7327,81687.23,294606.992
300628.SZ,20241104,38.22,39.22,38.21,39.15,38.45,0.7,1.8205,76592.02,298642.904
300629.SZ,20241104,20.26,21.02,20.26,20.78,20.49,0.29,1.4153,91296.9,188708.939
300630.SZ,20241104,10.52,10.99,10.39,10.85,10.72,0.13,1.2127,293962.8,314021.902
300631.SZ,20241104,24.9,26.41,23.88,25.85,25.73,0.12,0.4664,132403.74,333258.967
300632.SZ,20241104,11.47,11.81,11.39,11.8,11.38,0.42,3.6907,43630.78,50908.188
300633.SZ,20241104,35.81,37.39,35.65,36.96,35.81,1.15,3.2114,45496.57,167058.327
300634.SZ,20241104,19.95,20.45,19.8,20.45,19.79,0.66,3.335,163553.0,329661.871
300635.SZ,20241104,10.5,10.63,10.18,10.62,10.37,0.25,2.4108,50550.34,52721.959
300636.SZ,20241104,8.35,8.48,8.31,8.47,8.35,0.12,1.4371,58770.49,49398.747
300637.SZ,20241104,10.76,12.16,10.76,11.51,10.72,0.79,7.3694,254970.79,292515.234
300638.SZ,20241104,15.52,17.68,15.52,17.49,15.5,1.99,12.8387,716353.8,1217879.44
300639.SZ,20241104,5.92,6.0,5.85,6.0,5.84,0.16,2.7397,91938.63,54674.121
300640.SZ,20241104,4.96,5.07,4.86,5.07,4.91,0.16,3.2587,80472.15,40072.233
300641.SZ,20241104,26.2,26.54,25.06,25.87,26.7,-0.83,-3.1086,331986.05,856822.368
300642.SZ,20241104,14.09,14.28,14.0,14.28,13.87,0.41,2.956,37155.8,52759.067
300643.SZ,20241104,12.59,13.36,12.49,13.32,12.67,0.65,5.1302,101806.0,133672.67
300644.SZ,20241104,21.34,22.22,21.16,22.13,21.44,0.69,3.2183,47601.82,104218.529
300645.SZ,20241104,15.33,15.79,15.33,15.75,15.32,0.43,2.8068,50221.35,78295.619
300647.SZ,20241104,7.45,9.06,7.41,8.37,7.55,0.82,10.8609,1330932.83,1134623.457
300648.SZ,20241104,23.54,24.19,23.23,23.66,23.32,0.34,1.458,23052.0,54677.644
300649.SZ,20241104,11.65,11.81,11.35,11.78,11.51,0.27,2.3458,26160.79,30480.357
300650.SZ,20241104,10.7,11.1,10.7,11.05,10.66,0.39,3.6585,61637.6,67647.448
300651.SZ,20241104,12.85,13.15,12.76,13.14,12.81,0.33,2.5761,24949.2,32488.041
300652.SZ,20241104,34.0,37.61,34.0,35.55,33.0,2.55,7.7273,78737.05,278529.742
300653.SZ,20241104,23.4,23.78,23.2,23.68,23.48,0.2,0.8518,43695.51,102782.565
300654.SZ,20241104,9.55,9.98,9.52,9.83,9.59,0.24,2.5026,111623.46,109173.677
300655.SZ,20241104,9.31,9.98,9.3,9.87,9.49,0.38,4.0042,457831.86,446122.407
300656.SZ,20241104,28.85,30.77,28.5,30.15,29.68,0.47,1.5836,103263.24,308430.392
300657.SZ,20241104,16.6,17.32,16.51,17.23,16.76,0.47,2.8043,165852.65,283885.195
300658.SZ,20241104,5.36,5.51,5.31,5.47,5.38,0.09,1.6729,51172.0,27833.374
300659.SZ,20241104,15.7,16.26,15.55,16.24,15.72,0.52,3.3079,73040.95,116984.395
300660.SZ,20241104,28.59,31.94,28.58,30.79,27.88,2.91,10.4376,213811.29,653724.103
300661.SZ,20241104,87.51,89.17,87.38,88.55,87.32,1.23,1.4086,53113.49,467988.165
300662.SZ,20241104,19.63,20.42,19.11,20.37,20.3,0.07,0.3448,102347.21,203495.123
300663.SZ,20241104,20.77,21.87,20.75,21.63,21.06,0.57,2.7066,406942.84,872436.501
300664.SZ,20241104,4.86,4.95,4.82,4.95,4.86,0.09,1.8519,67127.0,32900.399
300665.SZ,20241104,6.65,6.8,6.54,6.74,6.54,0.2,3.0581,77467.61,51781.703
300666.SZ,20241104,63.8,67.78,63.55,67.0,64.19,2.81,4.3776,89219.0,590136.291
300667.SZ,20241104,19.17,19.38,18.89,19.34,19.17,0.17,0.8868,79773.74,153207.614
300668.SZ,20241104,20.6,21.3,20.42,21.01,20.72,0.29,1.3996,18562.0,38761.371
300669.SZ,20241104,21.2,21.46,20.6,20.78,21.09,-0.31,-1.4699,23957.25,50144.723
300670.SZ,20241104,6.46,6.63,6.39,6.62,6.46,0.16,2.4768,68173.0,44690.766
300671.SZ,20241104,39.53,41.01,39.53,40.88,39.94,0.94,2.3535,78326.57,317370.028
300672.SZ,20241104,65.15,68.13,65.05,68.0,66.3,1.7,2.5641,63850.0,429947.164
300673.SZ,20241104,15.48,15.77,15.3,15.74,15.48,0.26,1.6796,45214.5,70510.184
300674.SZ,20241104,22.44,23.6,22.44,23.36,22.88,0.48,2.0979,560702.6,1289601.082
300675.SZ,20241104,14.6,15.08,14.38,14.96,14.82,0.14,0.9447,61098.0,90282.281
300676.SZ,20241104,44.64,45.18,44.48,45.06,44.64,0.42,0.9409,34639.61,155120.592
300677.SZ,20241104,25.3,26.86,25.28,26.84,25.37,1.47,5.7942,217638.92,572153.578
300678.SZ,20241104,38.71,41.99,38.4,40.68,38.71,1.97,5.0891,340454.61,1373312.102
300679.SZ,20241104,43.0,43.99,42.9,43.85,42.85,1.0,2.3337,83740.13,363700.166
300680.SZ,20241104,24.48,26.88,24.07,26.52,23.21,3.31,14.2611,426212.57,1090313.867
300681.SZ,20241104,21.44,25.75,21.44,24.3,21.51,2.79,12.9707,400856.73,968050.884
300682.SZ,20241104,11.6,11.9,11.39,11.86,11.51,0.35,3.0408,137429.5,161117.052
300683.SZ,20241104,28.29,29.58,27.92,29.26,28.5,0.76,2.6667,23186.0,67202.709
300684.SZ,20241104,19.9,20.95,19.9,20.69,20.18,0.51,2.5273,120933.9,249089.919
300685.SZ,20241104,24.35,25.08,24.33,25.01,24.33,0.68,2.7949,71743.0,177526.074
300686.SZ,20241104,8.5,9.32,8.5,9.12,9.76,-0.64,-6.5574,270583.2,244278.288
300687.SZ,20241104,17.47,18.26,17.4,18.09,17.48,0.61,3.4897,90154.6,161832.82
300688.SZ,20241104,28.44,30.99,28.43,30.28,29.65,0.63,2.1248,162202.0,483531.695
300689.SZ,20241104,26.04,27.23,25.54,27.1,26.04,1.06,4.0707,23075.31,60620.78
300690.SZ,20241104,25.0,26.08,24.94,25.9,25.43,0.47,1.8482,94485.63,243085.611
300691.SZ,20241104,19.54,20.92,19.05,20.3,19.75,0.55,2.7848,183572.14,368526.059
300692.SZ,20241104,5.31,5.41,5.31,5.4,5.32,0.08,1.5038,47146.3,25291.76
300693.SZ,20241104,24.2,24.85,24.13,24.85,24.21,0.64,2.6435,74377.71,183620.966
300694.SZ,20241104,9.64,10.07,9.64,10.06,9.59,0.47,4.9009,78490.0,77862.504
300695.SZ,20241104,41.18,41.88,41.1,41.77,41.37,0.4,0.9669,3107.0,12940.955
300696.SZ,20241104,16.7,17.6,16.66,17.57,16.93,0.64,3.7803,89952.59,155697.7
300697.SZ,20241104,12.68,12.9,12.51,12.82,12.88,-0.06,-0.4658,100355.19,127395.502
300698.SZ,20241104,48.89,51.51,47.0,48.15,47.2,0.95,2.0127,74543.0,361338.812
300699.SZ,20241104,33.18,36.33,33.18,35.76,33.43,2.33,6.9698,264296.14,932521.113
300700.SZ,20241104,7.85,8.55,7.69,8.5,7.95,0.55,6.9182,314486.86,259410.877
300701.SZ,20241104,9.19,9.58,9.15,9.56,9.16,0.4,4.3668,55211.74,52315.215
300702.SZ,20241104,16.48,16.74,16.45,16.65,16.53,0.12,0.726,22458.8,37220.894
300703.SZ,20241104,9.03,9.18,8.91,9.16,9.01,0.15,1.6648,36169.0,32783.565
300705.SZ,20241104,23.5,23.95,23.38,23.7,23.47,0.23,0.98,53718.41,126927.002
300706.SZ,20241104,22.62,23.58,22.6,23.54,22.75,0.79,3.4725,39691.0,92532.757
300707.SZ,20241104,12.44,13.3,12.44,13.28,12.44,0.84,6.7524,100972.0,131660.436
300708.SZ,20241104,11.13,11.52,11.12,11.46,11.2,0.26,2.3214,141210.1,161022.707
300709.SZ,20241104,41.67,42.76,41.51,42.7,41.67,1.03,2.4718,109711.34,463648.261
300710.SZ,20241104,19.81,20.4,19.81,20.26,20.08,0.18,0.8964,50575.1,101776.418
300711.SZ,20241104,19.59,20.65,19.51,20.37,19.6,0.77,3.9286,86467.51,173830.576
300712.SZ,20241104,23.67,24.35,23.66,24.22,23.78,0.44,1.8503,16268.19,39273.82
300713.SZ,20241104,15.15,15.72,14.94,15.71,15.0,0.71,4.7333,47085.44,72744.509
300715.SZ,20241104,7.34,7.49,7.27,7.48,7.36,0.12,1.6304,24100.4,17826.718
300716.SZ,20241104,10.51,10.66,10.2,10.62,10.57,0.05,0.473,45948.99,48214.288
300717.SZ,20241104,14.69,15.15,14.69,15.11,14.71,0.4,2.7192,19001.8,28511.688
300718.SZ,20241104,17.17,18.25,17.17,17.55,16.97,0.58,3.4178,168987.61,300030.883
300719.SZ,20241104,20.36,21.09,20.36,20.99,20.36,0.63,3.0943,128621.0,268119.819
300720.SZ,20241104,16.03,16.76,15.49,16.64,16.02,0.62,3.8702,83417.4,134980.139
300721.SZ,20241104,13.5,14.36,13.28,14.12,13.5,0.62,4.5926,81547.8,114202.05
300722.SZ,20241104,36.8,37.29,34.5,35.39,35.8,-0.41,-1.1453,179498.31,636885.766
300723.SZ,20241104,14.85,15.35,14.77,15.33,14.88,0.45,3.0242,40288.0,61146.889
300724.SZ,20241104,70.88,72.36,70.12,71.41,71.04,0.37,0.5208,142379.14,1013812.211
300725.SZ,20241104,35.76,37.54,35.65,36.95,35.76,1.19,3.3277,79742.34,292846.657
300726.SZ,20241104,31.16,32.25,31.1,32.18,31.28,0.9,2.8772,54928.63,175287.384
300727.SZ,20241104,27.0,27.5,26.8,27.43,26.91,0.52,1.9324,20067.0,54674.796
300729.SZ,20241104,15.54,15.91,15.52,15.89,15.54,0.35,2.2523,37321.76,58854.593
300730.SZ,20241104,12.99,13.6,12.91,13.47,12.98,0.49,3.775,128230.63,170118.976
300731.SZ,20241104,21.29,21.95,21.02,21.72,21.38,0.34,1.5903,78155.2,168593.534
300732.SZ,20241104,7.33,7.51,7.2,7.49,7.33,0.16,2.1828,87869.9,64847.013
300733.SZ,20241104,11.44,11.86,11.4,11.78,11.45,0.33,2.8821,55087.8,64657.987
300735.SZ,20241104,34.91,37.3,34.9,36.5,33.91,2.59,7.6379,715088.66,2586266.941
300736.SZ,20241104,9.95,10.21,9.82,10.2,10.02,0.18,1.7964,67270.18,68076.592
300737.SZ,20241104,5.57,5.62,5.48,5.59,5.57,0.02,0.3591,196613.0,108982.776
300738.SZ,20241104,11.74,12.12,11.73,12.06,11.9,0.16,1.3445,320382.22,383925.959
300739.SZ,20241104,12.9,13.27,12.77,13.27,12.79,0.48,3.7529,53639.4,70533.199
300740.SZ,20241104,12.35,12.62,12.25,12.58,12.28,0.3,2.443,67774.6,84639.969
300741.SZ,20241104,16.99,17.55,16.91,17.55,17.05,0.5,2.9326,16028.0,27734.62
300743.SZ,20241104,15.46,15.95,15.4,15.89,15.4,0.49,3.1818,44047.32,69548.42
300745.SZ,20241104,16.99,17.85,16.9,17.64,16.78,0.86,5.1251,63469.5,111602.492
300746.SZ,20241104,14.75,15.05,14.24,14.64,14.71,-0.07,-0.4759,104986.0,152134.913
300747.SZ,20241104,22.9,23.35,21.83,22.66,22.19,0.47,2.1181,364300.95,819354.159
300748.SZ,20241104,22.43,23.49,19.18,20.95,20.66,0.29,1.4037,1930296.92,4103269.454
300749.SZ,20241104,6.37,6.51,6.23,6.48,6.34,0.14,2.2082,37626.6,24129.381
300750.SZ,20241104,244.0,254.3,244.0,251.2,246.2,5.0,2.0309,242472.22,6074686.403
300751.SZ,20241104,116.4,123.0,114.41,120.03,116.13,3.9,3.3583,60016.34,715072.051
300752.SZ,20241104,15.5,16.05,15.5,16.01,15.8,0.21,1.3291,76019.41,120725.253
300753.SZ,20241104,13.5,14.41,13.49,14.18,13.62,0.56,4.1116,44147.3,61887.962
300755.SZ,20241104,17.53,18.49,17.23,18.27,17.32,0.95,5.485,165610.76,296762.1
300756.SZ,20241104,14.87,15.15,14.5,14.79,14.87,-0.08,-0.538,30449.64,44752.76
300757.SZ,20241104,196.6,208.88,196.6,204.98,196.6,8.38,4.2625,76583.32,1567288.205
300758.SZ,20241104,13.3,13.71,13.1,13.47,13.11,0.36,2.746,112637.69,151255.373
300759.SZ,20241104,29.03,30.28,28.91,29.61,28.79,0.82,2.8482,336418.26,998230.802
300760.SZ,20241104,266.01,272.81,266.01,271.08,266.25,4.83,1.8141,50770.68,1368564.773
300761.SZ,20241104,21.21,21.61,21.1,21.41,21.35,0.06,0.281,96878.4,206498.438
300762.SZ,20241104,19.1,20.8,19.1,20.41,19.02,1.39,7.3081,507632.11,1016043.872
300763.SZ,20241104,69.01,70.96,68.68,69.92,69.15,0.77,1.1135,90073.14,629937.897
300765.SZ,20241104,25.37,26.49,25.21,26.1,25.11,0.99,3.9427,127863.02,331464.366
300766.SZ,20241104,13.91,14.27,13.8,14.09,14.08,0.01,0.071,201060.0,281614.52
300767.SZ,20241104,10.05,10.35,9.94,10.33,10.13,0.2,1.9743,59143.88,60498.425
300768.SZ,20241104,20.3,20.78,19.95,20.5,20.46,0.04,0.1955,176811.1,359275.168
300769.SZ,20241104,38.01,39.37,37.52,38.61,38.43,0.18,0.4684,114011.48,438825.161
300770.SZ,20241104,38.74,39.43,38.62,39.35,38.57,0.78,2.0223,29339.0,114905.224
300771.SZ,20241104,10.72,11.04,10.7,11.0,10.82,0.18,1.6636,64566.9,70579.112
300772.SZ,20241104,12.99,13.96,12.94,13.82,13.1,0.72,5.4962,264751.4,362899.583
300773.SZ,20241104,19.8,20.73,19.79,20.7,20.0,0.7,3.5,332655.81,676685.778
300774.SZ,20241104,8.57,8.75,8.52,8.74,8.57,0.17,1.9837,42749.58,37110.373
300775.SZ,20241104,25.43,26.49,25.43,26.22,25.56,0.66,2.5822,123821.91,323011.433
300776.SZ,20241104,74.41,76.77,73.67,74.3,74.41,-0.11,-0.1478,66444.5,498884.433
300777.SZ,20241104,27.98,29.75,27.82,28.25,29.98,-1.73,-5.7705,302898.69,871687.776
300778.SZ,20241104,11.52,11.78,11.37,11.73,11.65,0.08,0.6867,50741.32,58755.026
300779.SZ,20241104,84.0,86.28,80.22,86.0,85.7,0.3,0.3501,39912.66,334542.272
300780.SZ,20241104,15.62,16.93,15.62,16.07,14.98,1.09,7.2764,118082.0,191220.043
300781.SZ,20241104,68.74,70.5,67.5,68.55,69.3,-0.75,-1.0823,114456.76,786378.836
300782.SZ,20241104,90.05,92.62,90.05,92.19,91.26,0.93,1.0191,99199.45,911944.827
300783.SZ,20241104,26.7,28.77,25.89,28.39,26.71,1.68,6.2898,251098.45,683756.299
300784.SZ,20241104,59.68,61.99,59.0,61.8,60.57,1.23,2.0307,13025.04,79459.148
300785.SZ,20241104,25.25,26.19,25.2,26.12,25.75,0.37,1.4369,83827.33,216804.604
300786.SZ,20241104,14.81,16.48,14.61,15.91,15.37,0.54,3.5133,177386.58,276419.331
300787.SZ,20241104,12.41,12.94,12.39,12.93,12.41,0.52,4.1902,42271.48,54149.6
300788.SZ,20241104,29.7,30.3,29.21,30.09,29.69,0.4,1.3473,40675.24,121294.225
300789.SZ,20241104,14.56,15.36,14.56,15.29,14.55,0.74,5.0859,32156.89,48682.117
300790.SZ,20241104,15.8,16.48,15.8,16.35,15.95,0.4,2.5078,99841.96,162505.451
300791.SZ,20241104,26.48,27.05,26.33,26.94,26.46,0.48,1.8141,36321.79,97310.293
300792.SZ,20241104,19.71,20.36,19.65,20.33,19.74,0.59,2.9889,33176.56,66655.951
300793.SZ,20241104,15.32,16.07,15.3,16.06,15.22,0.84,5.5191,163643.14,259139.096
300795.SZ,20241104,19.01,20.58,18.38,20.45,19.18,1.27,6.6215,50525.29,98988.759
300796.SZ,20241104,10.52,10.66,10.47,10.62,10.53,0.09,0.8547,39159.65,41396.041
300797.SZ,20241104,13.0,14.99,12.78,14.44,13.23,1.21,9.1459,290659.55,399082.076
300798.SZ,20241104,6.82,6.99,6.7,6.93,6.92,0.01,0.1445,108526.78,74768.972
300800.SZ,20241104,10.39,10.75,10.3,10.73,10.47,0.26,2.4833,24481.0,26061.242
300801.SZ,20241104,15.2,15.45,15.06,15.44,15.16,0.28,1.847,21785.54,33349.156
300802.SZ,20241104,16.4,17.39,16.38,17.27,16.44,0.83,5.0487,35928.34,61506.511
300803.SZ,20241104,94.0,101.85,93.85,101.8,95.4,6.4,6.7086,333988.44,3292489.339
300804.SZ,20241104,24.52,24.94,24.22,24.73,24.47,0.26,1.0625,5677.52,13957.01
300805.SZ,20241104,7.86,8.18,7.86,8.18,7.91,0.27,3.4134,68455.0,55310.989
300806.SZ,20241104,14.5,16.37,14.31,15.42,14.3,1.12,7.8322,269912.12,416061.656
300807.SZ,20241104,30.95,32.24,30.75,32.15,31.4,0.75,2.3885,23890.0,76008.32
300808.SZ,20241104,23.2,24.04,22.71,23.55,23.03,0.52,2.2579,38629.97,90592.013
300809.SZ,20241104,22.15,23.78,22.15,23.15,22.04,1.11,5.0363,57860.2,134161.375
300810.SZ,20241104,21.31,21.68,20.96,21.57,21.28,0.29,1.3628,28984.5,61899.378
300811.SZ,20241104,50.57,51.0,47.77,48.75,49.68,-0.93,-1.872,127917.16,620750.82
300812.SZ,20241104,25.89,27.28,25.3,26.43,26.15,0.28,1.0707,96676.2,255733.132
300813.SZ,20241104,21.92,24.0,21.66,23.6,21.65,1.95,9.0069,77631.95,178674.653
300814.SZ,20241104,30.0,31.51,30.0,31.38,30.22,1.16,3.8385,32005.98,99796.275
300815.SZ,20241104,14.77,15.38,14.6,15.33,14.76,0.57,3.8618,62832.88,94857.879
300816.SZ,20241104,22.7,23.43,22.7,23.4,22.66,0.74,3.2657,11675.14,27105.737
300817.SZ,20241104,13.44,14.8,13.44,14.48,13.38,1.1,8.2212,100723.17,143453.99
300818.SZ,20241104,28.22,28.46,27.54,28.15,28.19,-0.04,-0.1419,25746.05,71914.626
300819.SZ,20241104,12.12,12.44,11.95,12.41,12.06,0.35,2.9022,15546.0,19132.558
300820.SZ,20241104,46.58,48.2,46.38,47.6,46.88,0.72,1.5358,27619.15,131194.747
300821.SZ,20241104,8.18,8.35,8.15,8.35,8.19,0.16,1.9536,75621.36,62664.141
300822.SZ,20241104,11.54,12.15,11.54,12.1,11.6,0.5,4.3103,57149.29,68602.639
300823.SZ,20241104,12.84,13.07,12.55,13.0,12.88,0.12,0.9317,55318.03,71461.027
300824.SZ,20241104,8.59,8.97,8.51,8.79,8.61,0.18,2.0906,63781.5,55718.602
300825.SZ,20241104,10.98,11.66,10.82,11.5,10.98,0.52,4.7359,201397.23,229587.675
300826.SZ,20241104,15.04,15.48,15.0,15.46,15.1,0.36,2.3841,44887.34,68722.98
300827.SZ,20241104,43.3,48.0,43.3,46.85,43.8,3.05,6.9635,175603.53,819145.961
300828.SZ,20241104,13.01,13.52,13.01,13.52,13.06,0.46,3.5222,27672.0,37017.258
300829.SZ,20241104,15.52,16.33,15.37,16.14,15.46,0.68,4.3984,29119.32,46340.111
300830.SZ,20241104,7.72,7.88,7.6,7.78,7.61,0.17,2.2339,128725.0,99883.109
300831.SZ,20241104,15.0,15.48,14.95,15.48,15.03,0.45,2.994,104709.0,160199.463
300832.SZ,20241104,66.97,67.98,66.57,67.06,67.39,-0.33,-0.4897,36603.2,245162.242
300833.SZ,20241104,37.2,38.49,37.03,38.42,37.22,1.2,3.2241,13757.05,52154.689
300834.SZ,20241104,19.66,20.08,19.66,20.0,19.85,0.15,0.7557,7571.53,15093.849
300835.SZ,20241104,36.13,36.74,31.87,33.95,36.13,-2.18,-6.0338,212346.69,716729.47
300836.SZ,20241104,44.17,47.1,43.76,46.94,44.17,2.77,6.2712,15592.3,72130.756
300837.SZ,20241104,22.78,22.78,22.12,22.41,22.3,0.11,0.4933,18605.58,41646.053
300838.SZ,20241104,11.99,12.39,11.97,12.35,11.97,0.38,3.1746,17580.0,21553.54
300839.SZ,20241104,7.11,7.28,7.05,7.19,7.11,0.08,1.1252,35540.31,25472.145
300840.SZ,20241104,10.92,11.6,10.92,11.4,11.01,0.39,3.5422,149000.99,169883.32
300841.SZ,20241104,58.78,60.88,58.78,60.4,58.67,1.73,2.9487,25582.52,153531.739
300842.SZ,20241104,44.19,45.34,43.45,44.73,44.22,0.51,1.1533,55720.65,248377.774
300843.SZ,20241104,29.5,30.86,29.49,30.63,29.9,0.73,2.4415,58303.84,177778.561
300844.SZ,20241104,29.39,30.06,28.7,29.83,29.28,0.55,1.8784,12777.0,37779.394
300845.SZ,20241104,13.18,13.52,13.07,13.47,13.23,0.24,1.8141,46148.31,61761.135
300846.SZ,20241104,13.51,13.95,13.38,13.68,14.07,-0.39,-2.7719,413388.94,563465.825
300847.SZ,20241104,18.72,19.58,18.07,19.04,18.73,0.31,1.6551,144902.0,272351.306
300848.SZ,20241104,17.77,20.7,17.02,19.98,17.27,2.71,15.692,139476.68,265166.257
300849.SZ,20241104,13.38,13.65,13.35,13.53,13.36,0.17,1.2725,25189.0,34028.933
300850.SZ,20241104,21.28,23.25,21.12,22.45,21.28,1.17,5.4981,126993.97,282191.371
300851.SZ,20241104,27.11,27.91,26.94,27.91,27.11,0.8,2.9509,13288.35,36366.762
300852.SZ,20241104,25.45,26.28,25.45,26.12,25.46,0.66,2.5923,18366.49,47726.769
300853.SZ,20241104,16.82,18.05,16.82,17.83,16.9,0.93,5.503,77391.4,136992.484
300854.SZ,20241104,12.66,12.96,12.45,12.92,12.67,0.25,1.9732,25883.0,33073.851
300855.SZ,20241104,24.1,25.16,24.1,25.14,24.1,1.04,4.3154,57330.03,142488.503
300856.SZ,20241104,26.59,27.18,26.39,27.18,26.45,0.73,2.7599,77820.22,209546.704
300857.SZ,20241104,70.37,75.28,70.3,75.28,70.36,4.92,6.9926,162122.43,1191196.246
300858.SZ,20241104,15.0,15.46,14.89,15.43,15.0,0.43,2.8667,29899.43,45535.259
300859.SZ,20241104,39.04,39.5,36.63,38.59,39.1,-0.51,-1.3043,119724.11,453060.677
300860.SZ,20241104,23.39,23.89,23.25,23.85,23.39,0.46,1.9667,26831.78,63534.133
300861.SZ,20241104,24.07,26.24,23.81,25.53,23.94,1.59,6.6416,125757.56,318410.337
300862.SZ,20241104,30.58,32.55,30.27,31.89,30.96,0.93,3.0039,99360.0,315418.905
300863.SZ,20241104,39.04,40.49,39.0,40.48,38.88,1.6,4.1152,42102.42,168545.856
300864.SZ,20241104,21.74,22.04,21.51,22.0,21.69,0.31,1.4292,8235.05,17981.448
300865.SZ,20241104,28.43,29.24,28.01,29.14,28.4,0.74,2.6056,44211.61,127313.324
300866.SZ,20241104,78.25,84.0,78.25,83.3,78.45,4.85,6.1823,81705.38,675089.241
300867.SZ,20241104,13.38,13.46,13.25,13.4,13.3,0.1,0.7519,25370.98,33905.899
300868.SZ,20241104,28.85,31.33,28.85,30.99,28.85,2.14,7.4177,97994.52,298530.857
300869.SZ,20241104,15.52,15.83,15.51,15.82,15.46,0.36,2.3286,29499.77,46417.937
300870.SZ,20241104,53.29,58.0,53.16,57.99,53.18,4.81,9.0448,45499.97,256637.676
300871.SZ,20241104,10.91,11.15,10.78,11.0,10.97,0.03,0.2735,26026.5,28652.889
300872.SZ,20241104,15.11,15.6,15.11,15.6,15.26,0.34,2.228,139411.95,215465.52
300873.SZ,20241104,18.24,18.83,18.05,18.55,18.15,0.4,2.2039,41209.03,76118.573
300875.SZ,20241104,31.98,32.92,31.38,32.81,31.92,0.89,2.7882,31512.6,102166.161
300876.SZ,20241104,21.3,23.45,21.3,23.1,21.08,2.02,9.5825,20845.0,46551.531
300877.SZ,20241104,13.85,14.28,13.81,14.23,13.92,0.31,2.227,13717.38,19374.217
300878.SZ,20241104,16.64,17.08,16.38,17.06,16.48,0.58,3.5194,17072.88,28698.25
300879.SZ,20241104,14.3,14.8,14.19,14.75,14.17,0.58,4.0932,74835.21,109657.906
300880.SZ,20241104,20.61,21.66,20.61,21.52,20.61,0.91,4.4153,60398.08,128835.256
300881.SZ,20241104,36.13,36.7,34.38,35.44,36.7,-1.26,-3.4332,53457.31,187661.273
300882.SZ,20241104,14.6,14.84,14.43,14.83,14.43,0.4,2.772,29058.87,42851.73
300883.SZ,20241104,5.24,5.3,5.14,5.3,5.18,0.12,2.3166,58113.0,30523.481
300884.SZ,20241104,10.17,10.4,10.1,10.4,10.06,0.34,3.3797,44356.72,45675.411
300885.SZ,20241104,10.5,11.32,10.36,11.15,10.68,0.47,4.4007,127231.89,139555.608
300886.SZ,20241104,20.45,20.53,19.87,20.53,20.0,0.53,2.65,10962.46,22279.489
300887.SZ,20241104,7.57,7.73,7.5,7.71,7.57,0.14,1.8494,95823.42,73333.879
300888.SZ,20241104,32.35,33.85,32.2,33.84,31.87,1.97,6.1814,114717.2,380119.999
300889.SZ,20241104,12.42,12.6,12.25,12.58,12.31,0.27,2.1933,44998.41,56099.133
300890.SZ,20241104,30.48,30.76,29.5,30.54,30.15,0.39,1.2935,50061.0,152060.456
300891.SZ,20241104,9.36,9.8,9.15,9.64,9.34,0.3,3.212,201675.69,190381.586
300892.SZ,20241104,36.18,36.18,29.82,32.35,36.06,-3.71,-10.2884,151879.11,499401.329
300893.SZ,20241104,30.89,32.95,30.89,31.9,30.88,1.02,3.3031,24655.48,79024.227
300894.SZ,20241104,13.25,13.84,13.2,13.72,13.23,0.49,3.7037,105755.44,143169.53
300895.SZ,20241104,32.94,33.79,32.94,33.68,32.94,0.74,2.2465,37717.5,126363.472
300896.SZ,20241104,209.4,214.78,209.2,213.82,211.02,2.8,1.3269,31323.5,663764.012
300897.SZ,20241104,20.39,20.85,20.33,20.69,20.4,0.29,1.4216,12401.12,25620.001
300898.SZ,20241104,20.81,22.1,20.15,21.75,21.48,0.27,1.257,95403.99,199781.013
300899.SZ,20241104,21.18,21.67,20.83,21.6,21.04,0.56,2.6616,18231.96,39077.673
300900.SZ,20241104,23.22,23.74,23.14,23.52,23.42,0.1,0.427,132365.1,310235.232
300901.SZ,20241104,10.63,11.3,10.63,11.19,10.63,0.56,5.2681,142037.44,156351.027
300902.SZ,20241104,19.05,19.47,18.8,19.33,19.2,0.13,0.6771,28832.2,55551.131
300903.SZ,20241104,8.12,8.77,8.11,8.63,8.15,0.48,5.8896,210619.5,178284.389
300904.SZ,20241104,44.07,46.3,44.06,45.93,44.42,1.51,3.3994,15101.8,68983.129
300905.SZ,20241104,26.7,28.26,26.7,28.03,26.54,1.49,5.6142,63094.8,174566.351
300906.SZ,20241104,21.98,22.75,21.82,22.74,22.01,0.73,3.3167,11162.51,25078.808
300907.SZ,20241104,20.51,21.6,20.51,21.49,20.49,1.0,4.8804,20887.0,44407.974
300908.SZ,20241104,32.8,35.0,32.49,33.98,32.52,1.46,4.4895,80458.61,274909.846
300909.SZ,20241104,25.49,27.42,25.41,26.99,24.69,2.3,9.3155,109724.91,288819.741
300910.SZ,20241104,42.02,43.5,42.02,43.11,42.22,0.89,2.108,14905.27,63997.403
300911.SZ,20241104,22.01,22.79,21.85,22.69,21.84,0.85,3.8919,21976.7,49286.004
300912.SZ,20241104,11.47,11.88,11.34,11.84,11.36,0.48,4.2254,32431.0,37812.545
300913.SZ,20241104,33.8,35.25,33.8,34.8,33.84,0.96,2.8369,51001.4,177310.835
300915.SZ,20241104,30.38,31.08,30.09,30.95,30.57,0.38,1.243,11766.54,36049.494
300916.SZ,20241104,25.76,27.24,25.76,26.83,25.76,1.07,4.1537,30046.51,80461.002
300917.SZ,20241104,65.41,65.41,53.11,59.29,66.07,-6.78,-10.2618,177628.43,1047537.345
300918.SZ,20241104,10.09,10.29,9.96,10.23,9.92,0.31,3.125,39398.79,40039.748
300919.SZ,20241104,39.37,40.5,38.96,39.38,38.98,0.4,1.0262,98735.48,390061.485
300920.SZ,20241104,17.16,17.36,16.67,17.33,17.14,0.19,1.1085,11530.0,19784.399
300921.SZ,20241104,20.57,21.1,20.31,21.07,21.25,-0.18,-0.8471,37616.54,78126.32
300922.SZ,20241104,14.99,15.42,14.92,15.42,15.01,0.41,2.7315,37916.0,57871.461
300923.SZ,20241104,19.99,20.79,19.99,20.75,19.99,0.76,3.8019,17946.21,36907.389
300925.SZ,20241104,24.67,26.49,24.67,26.07,25.73,0.34,1.3214,396366.11,1021788.233
300926.SZ,20241104,22.71,24.27,22.55,23.97,22.55,1.42,6.2971,117573.42,280503.051
300927.SZ,20241104,18.67,20.0,18.23,19.32,18.88,0.44,2.3305,44570.85,85009.96
300928.SZ,20241104,35.32,37.41,35.15,36.93,35.45,1.48,4.1749,22351.0,82267.217
300929.SZ,20241104,9.4,9.54,9.12,9.48,9.37,0.11,1.174,39793.6,37094.836
300930.SZ,20241104,26.37,28.66,24.2,28.17,26.4,1.77,6.7045,112906.32,302356.241
300931.SZ,20241104,6.61,6.9,6.54,6.84,6.51,0.33,5.0691,80747.0,54802.183
300932.SZ,20241104,13.08,13.38,12.99,13.2,13.09,0.11,0.8403,53418.77,70225.426
300933.SZ,20241104,6.5,6.7,6.5,6.68,6.51,0.17,2.6114,68075.92,45131.453
300935.SZ,20241104,19.96,20.35,19.53,20.28,19.99,0.29,1.4507,16741.79,33595.079
300936.SZ,20241104,45.0,46.14,44.63,45.93,45.21,0.72,1.5926,22653.34,102821.912
300937.SZ,20241104,25.29,27.9,24.38,26.95,25.35,1.6,6.3116,103191.32,270815.946
300938.SZ,20241104,20.78,21.57,20.78,21.5,20.78,0.72,3.4649,19173.96,40940.286
300939.SZ,20241104,29.47,30.41,29.19,30.4,29.48,0.92,3.1208,20638.0,62110.806
300940.SZ,20241104,16.71,17.95,16.57,16.97,17.72,-0.75,-4.2325,169189.73,290478.041
300941.SZ,20241104,20.91,21.73,20.91,21.73,21.2,0.53,2.5,47841.5,102882.819
300942.SZ,20241104,8.22,8.42,8.12,8.4,8.22,0.18,2.1898,39477.64,32808.361
300943.SZ,20241104,12.48,13.0,12.48,12.93,12.48,0.45,3.6058,42571.5,54498.052
300945.SZ,20241104,9.9,10.14,9.73,10.14,9.93,0.21,2.1148,76139.94,76088.131
300946.SZ,20241104,27.14,28.16,26.8,28.13,26.93,1.2,4.456,13780.8,38380.782
300947.SZ,20241104,17.4,17.78,16.85,17.78,17.48,0.3,1.7162,65610.78,113864.352
300948.SZ,20241104,10.25,10.33,9.95,10.3,10.08,0.22,2.1825,25219.5,25714.899
300949.SZ,20241104,30.2,31.58,29.9,31.35,30.26,1.09,3.6021,11286.7,34820.308
300950.SZ,20241104,17.38,17.6,17.23,17.44,17.32,0.12,0.6928,37963.32,66071.344
300951.SZ,20241104,29.15,30.3,29.06,30.3,29.27,1.03,3.519,21250.7,63827.074
300952.SZ,20241104,18.99,19.62,18.99,19.44,19.26,0.18,0.9346,10210.24,19783.225
300953.SZ,20241104,66.8,70.86,65.54,68.04,65.82,2.22,3.3728,40122.99,276805.3
300955.SZ,20241104,14.63,15.4,14.57,15.32,14.57,0.75,5.1476,16739.0,25370.511
300956.SZ,20241104,18.08,19.1,18.08,19.07,18.63,0.44,2.3618,100270.97,188468.72
300957.SZ,20241104,52.34,53.19,51.86,53.06,52.34,0.72,1.3756,44734.0,235455.782
300958.SZ,20241104,12.17,12.26,11.95,12.23,12.08,0.15,1.2417,39981.96,48518.861
300959.SZ,20241104,29.76,30.59,29.57,30.58,29.66,0.92,3.1018,9272.41,28091.207
300960.SZ,20241104,20.65,21.62,20.65,21.58,20.87,0.71,3.402,18541.0,39531.36
300961.SZ,20241104,9.7,9.91,9.52,9.79,9.69,0.1,1.032,62846.0,61057.783
300962.SZ,20241104,15.92,15.92,15.5,15.81,15.92,-0.11,-0.691,51128.25,80315.027
300963.SZ,20241104,9.79,9.81,9.22,9.55,9.68,-0.13,-1.343,198630.66,188168.867
300964.SZ,20241104,37.81,40.1,37.81,39.58,38.04,1.54,4.0484,22579.0,88921.898
300965.SZ,20241104,30.43,31.35,30.24,31.01,30.29,0.72,2.377,3905.0,12095.812
300966.SZ,20241104,18.8,19.03,18.31,18.7,19.09,-0.39,-2.043,40913.95,76159.789
300967.SZ,20241104,12.28,12.55,12.05,12.52,12.28,0.24,1.9544,52433.96,64911.54
300968.SZ,20241104,24.58,26.22,18.61,20.01,23.26,-3.25,-13.9725,1062322.49,2202002.135
300969.SZ,20241104,71.86,77.99,71.72,77.01,71.65,5.36,7.4808,29444.5,224205.727
300970.SZ,20241104,12.74,13.08,12.52,13.02,12.73,0.29,2.2781,28576.59,36774.935
300971.SZ,20241104,20.25,20.96,20.15,20.96,20.08,0.88,4.3825,28762.0,59599.255
300972.SZ,20241104,70.94,73.99,70.94,71.9,69.88,2.02,2.8907,38775.0,280311.295
300973.SZ,20241104,35.95,37.29,35.67,37.08,36.25,0.83,2.2897,30354.0,110924.624
300975.SZ,20241104,12.89,13.37,12.7,13.15,13.0,0.15,1.1538,583025.3,765328.703
300976.SZ,20241104,57.49,58.89,57.34,58.59,56.91,1.68,2.952,15592.3,90929.063
300977.SZ,20241104,18.11,18.43,17.72,18.42,17.99,0.43,2.3902,25279.37,45948.051
300978.SZ,20241104,11.34,11.72,11.09,11.62,11.18,0.44,3.9356,78998.0,91150.762
300979.SZ,20241104,67.5,69.9,67.13,69.9,67.32,2.58,3.8324,21642.62,149374.127
300980.SZ,20241104,18.41,19.99,18.22,19.58,18.6,0.98,5.2688,37234.4,72384.159
300981.SZ,20241104,12.31,12.79,12.31,12.76,12.41,0.35,2.8203,35714.55,45056.659
300982.SZ,20241104,18.43,19.05,18.13,18.93,18.23,0.7,3.8398,38173.75,71262.552
300983.SZ,20241104,18.49,18.49,18.21,18.44,18.33,0.11,0.6001,6871.11,12609.138
300984.SZ,20241104,27.32,28.86,26.42,27.77,27.6,0.17,0.6159,19990.14,55757.029
300985.SZ,20241104,18.2,18.99,18.11,18.87,18.26,0.61,3.3406,30024.26,55957.03
300986.SZ,20241104,13.1,13.74,12.78,13.71,12.94,0.77,5.9505,88533.21,118415.962
300987.SZ,20241104,15.76,16.17,15.4,15.99,15.9,0.09,0.566,64682.7,102460.87
300988.SZ,20241104,18.06,19.18,18.06,19.06,18.25,0.81,4.4384,48339.15,91259.262
300989.SZ,20241104,12.22,12.65,12.02,12.57,12.3,0.27,2.1951,51482.27,64031.63
300990.SZ,20241104,33.78,35.44,33.07,34.45,33.88,0.57,1.6824,29234.01,100466.048
300991.SZ,20241104,17.85,18.3,17.8,18.25,17.96,0.29,1.6147,51584.38,93577.302
300992.SZ,20241104,19.01,22.0,19.01,21.5,19.15,2.35,12.2715,70339.02,147047.268
300993.SZ,20241104,9.81,9.92,9.76,9.9,9.81,0.09,0.9174,17923.4,17665.52
300994.SZ,20241104,10.58,10.92,10.5,10.92,10.47,0.45,4.298,28983.6,31390.875
300995.SZ,20241104,16.1,16.64,15.84,16.6,16.1,0.5,3.1056,17798.39,29204.63
300996.SZ,20241104,18.6,19.15,18.44,19.13,18.58,0.55,2.9602,45382.59,85598.338
300997.SZ,20241104,12.05,12.98,11.82,12.85,12.06,0.79,6.5506,95418.7,118800.676
300998.SZ,20241104,14.3,14.77,14.18,14.75,14.17,0.58,4.0932,31897.77,46402.292
300999.SZ,20241104,32.45,33.24,32.25,33.09,32.18,0.91,2.8278,91925.3,300857.576
301000.SZ,20241104,14.71,16.35,14.71,15.87,14.87,1.0,6.7249,107002.06,167433.558
301001.SZ,20241104,22.95,23.79,22.77,23.71,22.99,0.72,3.1318,17776.0,41610.254
301002.SZ,20241104,16.87,17.16,16.69,17.15,16.72,0.43,2.5718,15579.3,26524.754
301003.SZ,20241104,22.3,23.08,22.3,23.04,22.48,0.56,2.4911,10227.49,23312.921
301004.SZ,20241104,115.0,117.96,114.84,115.34,116.0,-0.66,-0.569,6012.38,69772.629
301005.SZ,20241104,26.95,28.5,26.95,28.3,27.0,1.3,4.8148,41203.59,115768.183
301006.SZ,20241104,13.39,13.91,13.39,13.88,13.4,0.48,3.5821,18813.0,25852.048
301007.SZ,20241104,14.19,15.99,14.19,15.88,14.19,1.69,11.9098,224367.62,347241.903
301008.SZ,20241104,20.34,21.47,20.05,21.28,20.34,0.94,4.6214,52903.06,109934.339
301009.SZ,20241104,8.66,8.87,8.63,8.86,8.69,0.17,1.9563,15045.48,13232.655
301010.SZ,20241104,13.53,14.03,13.23,14.03,13.53,0.5,3.6955,17610.73,24241.882
301011.SZ,20241104,18.96,19.95,18.96,19.76,19.04,0.72,3.7815,38580.59,75614.226
301012.SZ,20241104,22.7,23.22,22.5,23.05,22.78,0.27,1.1853,50602.6,115932.012
301013.SZ,20241104,12.85,13.77,12.78,13.73,12.81,0.92,7.1819,180299.66,240044.39
301015.SZ,20241104,28.37,28.72,27.38,28.01,28.68,-0.67,-2.3361,57947.77,162127.066
301016.SZ,20241104,22.0,24.97,22.0,24.33,21.3,3.03,14.2254,156239.38,375970.956
301017.SZ,20241104,13.65,16.3,13.35,14.6,13.69,0.91,6.6472,389710.25,560855.67
301018.SZ,20241104,22.12,22.5,21.93,22.36,22.12,0.24,1.085,40619.46,90241.182
301019.SZ,20241104,14.7,15.23,14.65,15.17,14.74,0.43,2.9172,11124.82,16726.353
301020.SZ,20241104,19.11,19.8,19.03,19.69,19.11,0.58,3.0351,15534.0,30445.485
301021.SZ,20241104,22.67,23.99,22.51,23.33,22.85,0.48,2.1007,48428.25,112557.889
301022.SZ,20241104,22.0,23.49,22.0,23.4,22.0,1.4,6.3636,28901.9,66497.333
301023.SZ,20241104,42.46,44.88,42.46,44.65,42.44,2.21,5.2074,11086.5,49081.915
301024.SZ,20241104,29.17,29.5,27.5,28.55,30.24,-1.69,-5.5886,29140.5,82308.774
301025.SZ,20241104,10.55,10.75,10.31,10.73,10.53,0.2,1.8993,61842.0,65517.552
301026.SZ,20241104,31.5,31.7,30.01,31.3,32.1,-0.8,-2.4922,53570.81,165531.645
301027.SZ,20241104,11.49,12.12,11.04,11.89,11.38,0.51,4.4815,129261.58,152151.599
301028.SZ,20241104,11.15,11.69,11.11,11.61,11.13,0.48,4.3127,55330.61,63478.065
301029.SZ,20241104,24.5,26.05,24.08,25.55,24.8,0.75,3.0242,65483.8,167090.81
301030.SZ,20241104,36.6,39.63,36.0,36.83,37.47,-0.64,-1.708,132331.6,500188.616
301031.SZ,20241104,108.09,116.0,107.0,114.7,109.1,5.6,5.1329,11358.23,128623.621
301032.SZ,20241104,12.46,13.46,12.39,13.09,12.19,0.9,7.3831,345336.8,446310.528
301033.SZ,20241104,49.8,52.79,49.12,52.79,50.35,2.44,4.8461,24182.08,125154.853
301035.SZ,20241104,47.0,48.35,46.55,48.26,46.86,1.4,2.9876,10082.0,47944.876
301036.SZ,20241104,48.4,52.6,48.4,50.71,50.15,0.56,1.1167,63603.77,321314.161
301037.SZ,20241104,10.13,10.79,10.01,10.68,10.12,0.56,5.5336,31711.91,32988.692
301038.SZ,20241104,21.45,22.33,20.9,21.82,21.66,0.16,0.7387,67889.6,146171.013
301039.SZ,20241104,9.95,10.24,9.93,10.2,9.88,0.32,3.2389,161714.97,164071.156
301040.SZ,20241104,16.8,16.9,15.91,16.18,16.57,-0.39,-2.3537,37213.0,60732.037
301041.SZ,20241104,24.45,25.58,24.45,25.58,24.75,0.83,3.3535,27347.0,69245.574
301042.SZ,20241104,32.38,36.2,32.38,35.04,34.5,0.54,1.5652,31081.65,107506.921
301043.SZ,20241104,27.54,28.16,26.5,28.1,27.55,0.55,1.9964,7375.61,20499.042
301045.SZ,20241104,20.76,21.48,20.76,21.25,20.75,0.5,2.4096,22959.0,48639.198
301046.SZ,20241104,21.48,21.95,21.26,21.93,21.35,0.58,2.7166,17274.0,37624.148
301047.SZ,20241104,66.04,66.6,65.7,66.49,65.7,0.79,1.2024,9855.6,65147.158
301048.SZ,20241104,9.51,9.62,9.45,9.62,9.5,0.12,1.2632,31812.0,30419.339
301049.SZ,20241104,26.64,26.66,25.8,26.43,26.44,-0.01,-0.0378,40720.52,106948.997
301050.SZ,20241104,56.01,58.4,55.85,57.7,56.52,1.18,2.0878,113897.49,652166.297
301051.SZ,20241104,26.04,27.0,26.04,26.95,26.04,0.91,3.4946,17128.08,45656.356
301052.SZ,20241104,26.73,27.92,26.73,27.9,26.94,0.96,3.5635,53521.51,147724.065
301053.SZ,20241104,21.64,22.28,21.54,22.27,21.62,0.65,3.0065,9444.0,20896.684
301055.SZ,20241104,14.9,15.0,14.03,14.31,14.84,-0.53,-3.5714,74615.4,106973.903
301056.SZ,20241104,8.0,8.25,7.93,8.25,7.92,0.33,4.1667,34283.44,27938.688
301057.SZ,20241104,13.85,14.24,13.82,14.2,13.94,0.26,1.8651,64869.81,91067.331
301058.SZ,20241104,11.6,11.68,11.01,11.67,12.12,-0.45,-3.7129,299052.8,342782.649
301059.SZ,20241104,11.11,11.3,10.96,11.29,11.17,0.12,1.0743,41939.85,46884.379
301060.SZ,20241104,9.87,9.99,9.68,9.97,9.8,0.17,1.7347,63652.0,62805.094
301061.SZ,20241104,61.05,63.89,58.91,63.68,61.05,2.63,4.3079,15310.41,95308.5
301062.SZ,20241104,10.9,12.03,10.9,12.02,10.93,1.09,9.9726,142360.77,165246.988
301063.SZ,20241104,16.37,16.85,16.31,16.78,16.37,0.41,2.5046,18552.0,30978.806
301065.SZ,20241104,19.1,19.63,19.0,19.62,19.1,0.52,2.7225,14440.5,28013.309
301066.SZ,20241104,9.75,9.95,9.69,9.93,9.75,0.18,1.8462,31230.81,30711.88
301067.SZ,20241104,24.29,25.36,24.08,25.3,24.3,1.0,4.1152,28918.8,72476.643
301068.SZ,20241104,33.38,34.79,32.34,34.5,33.05,1.45,4.3873,11305.96,38251.794
301069.SZ,20241104,13.22,13.65,13.19,13.63,13.29,0.34,2.5583,44078.7,59548.584
301070.SZ,20241104,46.24,48.81,45.8,48.53,46.81,1.72,3.6744,20332.38,96103.322
301071.SZ,20241104,27.7,29.2,27.51,28.58,27.55,1.03,3.7387,62209.4,177298.127
301072.SZ,20241104,21.88,22.95,21.66,22.7,21.95,0.75,3.4169,22975.74,51797.807
301073.SZ,20241104,24.62,24.69,23.02,23.87,25.32,-1.45,-5.7267,140967.06,335562.685
301075.SZ,20241104,19.8,20.14,19.54,20.12,19.79,0.33,1.6675,13374.0,26654.657
301076.SZ,20241104,18.07,19.8,18.07,19.78,18.03,1.75,9.706,61345.75,118328.973
301077.SZ,20241104,25.46,27.36,24.71,26.45,26.01,0.44,1.6917,108468.79,280940.535
301078.SZ,20241104,10.66,11.04,10.4,11.01,10.92,0.09,0.8242,603638.47,646652.141
301079.SZ,20241104,15.9,16.57,15.83,16.55,15.9,0.65,4.0881,52227.29,85523.097
301080.SZ,20241104,40.0,41.4,39.94,41.3,39.6,1.7,4.2929,21119.02,86144.2
301081.SZ,20241104,8.08,8.28,8.05,8.26,8.13,0.13,1.599,22569.88,18473.767
301082.SZ,20241104,10.64,10.98,10.6,10.96,10.73,0.23,2.1435,50473.67,54811.426
301083.SZ,20241104,13.44,14.33,13.4,14.24,13.44,0.8,5.9524,44142.03,61936.578
301085.SZ,20241104,60.0,61.6,59.3,60.58,61.19,-0.61,-0.9969,45840.42,277523.78
301086.SZ,20241104,47.1,49.41,47.1,49.25,48.18,1.07,2.2208,19421.49,94929.674
301087.SZ,20241104,37.93,38.33,37.6,38.25,37.8,0.45,1.1905,13029.07,49455.579
301088.SZ,20241104,12.87,13.19,12.82,13.16,12.87,0.29,2.2533,11854.25,15516.486
301089.SZ,20241104,31.92,32.64,31.85,32.57,31.76,0.81,2.5504,22338.92,72240.628
301090.SZ,20241104,7.22,7.43,7.19,7.39,7.22,0.17,2.3546,77093.0,56472.183
301091.SZ,20241104,46.01,49.69,46.01,48.6,49.5,-0.9,-1.8182,185932.97,898301.504
301092.SZ,20241104,23.35,24.04,23.35,24.0,23.49,0.51,2.1711,9695.26,23135.871
301093.SZ,20241104,21.64,22.2,21.64,22.14,21.85,0.29,1.3272,9029.09,19887.477
301095.SZ,20241104,57.6,59.86,55.5,57.84,57.3,0.54,0.9424,112654.61,647223.373
301096.SZ,20241104,38.89,39.6,38.65,39.52,38.93,0.59,1.5155,30580.67,120074.915
301097.SZ,20241104,38.62,46.14,38.51,46.14,38.45,7.69,20.0,36940.95,161309.109
301098.SZ,20241104,8.51,8.88,8.39,8.74,8.55,0.19,2.2222,81367.6,70518.561
301099.SZ,20241104,42.2,43.99,42.2,43.81,42.36,1.45,3.423,29812.81,129046.165
301100.SZ,20241104,18.62,19.71,17.57,17.95,19.0,-1.05,-5.5263,135545.45,245402.99
301101.SZ,20241104,24.93,26.66,24.87,26.08,24.86,1.22,4.9075,59360.5,153910.127
301102.SZ,20241104,9.7,10.01,9.65,10.01,9.76,0.25,2.5615,42018.11,41517.008
301103.SZ,20241104,21.4,22.1,21.08,22.0,21.37,0.63,2.9481,21125.99,45642.39
301105.SZ,20241104,29.19,30.4,28.85,30.3,29.1,1.2,4.1237,6882.06,20550.24
301106.SZ,20241104,30.8,31.79,30.7,31.67,30.9,0.77,2.4919,16807.4,52974.891
301107.SZ,20241104,25.94,27.63,25.71,27.09,25.69,1.4,5.4496,13581.0,36617.153
301108.SZ,20241104,26.59,27.7,26.02,27.7,26.6,1.1,4.1353,18519.05,49954.992
301109.SZ,20241104,16.43,16.68,16.43,16.66,16.52,0.14,0.8475,24754.5,41067.076
301110.SZ,20241104,39.21,39.82,38.58,39.38,39.57,-0.19,-0.4802,22586.29,88389.874
301111.SZ,20241104,16.0,16.59,15.92,16.58,16.04,0.54,3.3666,36391.21,59447.485
301112.SZ,20241104,23.95,25.16,23.08,25.16,23.36,1.8,7.7055,42482.35,105068.348
301113.SZ,20241104,23.86,24.89,23.15,24.5,23.82,0.68,2.8547,11083.55,26868.808
301115.SZ,20241104,14.09,14.24,14.01,14.24,14.04,0.2,1.4245,20084.6,28432.154
301116.SZ,20241104,11.78,12.68,11.44,12.41,11.78,0.63,5.348,141680.23,171206.847
301117.SZ,20241104,29.8,30.99,29.45,30.92,29.99,0.93,3.101,30539.0,92892.507
301118.SZ,20241104,21.35,21.48,19.41,19.76,20.65,-0.89,-4.3099,84674.48,169582.587
301119.SZ,20241104,21.62,23.4,21.55,23.2,21.72,1.48,6.814,46479.63,105037.924
301120.SZ,20241104,9.25,9.59,9.24,9.58,9.24,0.34,3.6797,44110.0,41849.329
301121.SZ,20241104,50.99,54.86,47.6,53.27,50.72,2.55,5.0276,64949.56,338898.063
301122.SZ,20241104,20.1,21.49,19.8,21.43,20.22,1.21,5.9842,90186.34,188219.502
301123.SZ,20241104,18.01,18.78,18.01,18.67,18.12,0.55,3.0353,40414.72,75019.802
301125.SZ,20241104,10.48,10.81,10.25,10.79,10.38,0.41,3.9499,47128.76,50142.699
301126.SZ,20241104,11.46,11.79,11.3,11.59,11.66,-0.07,-0.6003,95525.0,109666.17
301127.SZ,20241104,10.88,11.36,10.84,11.32,10.88,0.44,4.0441,133106.16,149015.617
301128.SZ,20241104,53.52,56.55,53.49,56.18,54.16,2.02,3.7297,25178.64,139448.916
301129.SZ,20241104,25.86,27.39,24.84,25.94,25.95,-0.01,-0.0385,96607.0,249639.312
301130.SZ,20241104,25.09,25.57,24.98,25.47,25.03,0.44,1.7579,5201.0,13199.961
301131.SZ,20241104,33.04,34.96,33.04,34.7,33.32,1.38,4.1417,11868.56,40872.56
301132.SZ,20241104,28.0,30.98,28.0,30.4,28.87,1.53,5.2996,85054.54,252457.402
301133.SZ,20241104,21.71,22.73,21.7,22.68,21.66,1.02,4.7091,25640.77,57586.581
301135.SZ,20241104,24.72,25.86,24.51,25.63,24.47,1.16,4.7405,28934.34,73480.299
301136.SZ,20241104,13.65,13.84,13.22,13.75,13.7,0.05,0.365,87657.82,119607.34
301137.SZ,20241104,18.66,19.79,18.42,19.72,18.66,1.06,5.6806,88054.42,169862.919
301138.SZ,20241104,26.04,27.69,25.93,27.53,25.96,1.57,6.0478,25595.49,69448.109
301139.SZ,20241104,21.45,22.17,21.41,22.16,21.5,0.66,3.0698,27497.13,60180.193
301141.SZ,20241104,52.0,52.0,44.02,46.87,52.26,-5.39,-10.3138,198857.89,942012.562
301148.SZ,20241104,18.99,19.25,18.51,19.24,18.83,0.41,2.1774,12877.29,24561.573
301149.SZ,20241104,9.42,9.68,9.38,9.66,9.45,0.21,2.2222,29248.73,28031.808
301150.SZ,20241104,21.22,21.84,20.9,21.83,21.44,0.39,1.819,21593.35,46503.733
301151.SZ,20241104,15.3,15.75,15.26,15.75,15.39,0.36,2.3392,28377.02,44184.628
301152.SZ,20241104,37.68,39.2,37.11,39.05,38.5,0.55,1.4286,69539.54,267668.893
301153.SZ,20241104,27.31,28.16,27.22,28.14,27.77,0.37,1.3324,59654.59,165560.739
301155.SZ,20241104,65.43,69.38,65.1,67.1,66.08,1.02,1.5436,29250.26,197474.517
301156.SZ,20241104,13.58,13.91,13.4,13.88,13.47,0.41,3.0438,18157.64,24879.808
301157.SZ,20241104,34.0,35.47,33.75,35.41,34.0,1.41,4.1471,8104.0,28294.069
301158.SZ,20241104,14.12,14.37,14.03,14.3,14.11,0.19,1.3466,20815.0,29701.529
301159.SZ,20241104,32.05,33.19,32.01,33.19,32.62,0.57,1.7474,11957.0,39308.803
301160.SZ,20241104,52.0,56.68,52.0,56.36,52.0,4.36,8.3846,45746.0,253482.896
301161.SZ,20241104,19.5,20.23,19.3,19.99,19.88,0.11,0.5533,31535.0,62758.392
301162.SZ,20241104,38.94,41.28,38.65,40.98,38.91,2.07,5.32,23018.4,92148.953
301163.SZ,20241104,22.42,23.22,22.14,23.16,22.4,0.76,3.3929,21018.5,48270.284
301165.SZ,20241104,49.98,52.18,49.77,51.84,49.96,1.88,3.763,33258.39,170740.572
301166.SZ,20241104,28.68,29.52,28.55,29.52,28.66,0.86,3.0007,9478.13,27668.776
301167.SZ,20241104,13.13,13.47,12.91,13.45,13.2,0.25,1.8939,26799.0,35532.34
301168.SZ,20241104,29.96,30.88,29.6,30.74,29.94,0.8,2.672,20864.0,63674.755
301169.SZ,20241104,39.98,41.04,39.66,41.04,40.48,0.56,1.3834,20206.62,81884.904
301170.SZ,20241104,22.98,23.78,22.98,23.73,22.98,0.75,3.2637,12855.96,30287.191
301171.SZ,20241104,17.6,18.3,17.58,18.26,17.74,0.52,2.9312,167040.5,302086.069
301172.SZ,20241104,30.67,31.9,30.67,31.63,31.09,0.54,1.7369,25220.53,79455.992
301175.SZ,20241104,5.45,5.75,5.39,5.66,5.44,0.22,4.0441,491266.42,274654.699
301176.SZ,20241104,17.56,18.39,17.42,18.29,17.49,0.8,4.574,37178.17,67335.713
301177.SZ,20241104,22.02,22.68,21.8,22.5,22.0,0.5,2.2727,15994.26,35760.463
301178.SZ,20241104,26.03,26.88,25.91,26.79,26.08,0.71,2.7224,21946.6,58330.461
301179.SZ,20241104,16.9,17.49,16.9,17.4,16.88,0.52,3.0806,28249.36,48896.711
301180.SZ,20241104,15.12,15.82,15.11,15.71,15.0,0.71,4.7333,46028.61,71768.699
301181.SZ,20241104,23.0,24.86,22.61,24.74,23.16,1.58,6.8221,46196.68,111897.828
301182.SZ,20241104,34.7,36.0,34.7,35.86,35.4,0.46,1.2994,48016.5,170750.863
301183.SZ,20241104,50.06,53.2,50.06,51.93,49.2,2.73,5.5488,68953.0,356337.164
301185.SZ,20241104,17.3,17.85,17.25,17.81,17.32,0.49,2.8291,37360.0,65967.191
301186.SZ,20241104,38.95,40.87,38.66,39.58,39.2,0.38,0.9694,24552.46,98087.601
301187.SZ,20241104,25.21,27.1,25.18,26.38,25.2,1.18,4.6825,35402.08,93116.741
301188.SZ,20241104,14.45,14.8,14.41,14.62,14.49,0.13,0.8972,39681.0,58035.84
301189.SZ,20241104,23.02,23.45,22.65,23.45,22.81,0.64,2.8058,11463.55,26647.252
301190.SZ,20241104,15.56,16.0,15.16,15.91,15.51,0.4,2.579,23661.17,37145.208
301191.SZ,20241104,87.0,88.85,84.68,86.25,87.1,-0.85,-0.9759,27632.2,237615.122
301192.SZ,20241104,17.05,18.08,16.85,18.05,17.02,1.03,6.0517,20923.47,37020.567
301193.SZ,20241104,15.2,15.65,15.14,15.64,15.21,0.43,2.8271,8531.37,13193.782
301195.SZ,20241104,31.06,32.25,31.06,32.25,30.96,1.29,4.1667,18600.98,59372.054
301196.SZ,20241104,32.73,33.98,32.72,33.97,32.96,1.01,3.0643,11343.58,38176.64
301197.SZ,20241104,15.06,15.45,14.96,15.42,15.07,0.35,2.3225,27896.0,42582.209
301198.SZ,20241104,9.27,9.58,9.18,9.58,9.36,0.22,2.3504,28653.93,27087.637
301199.SZ,20241104,26.99,29.18,26.99,28.95,26.73,2.22,8.3053,48277.32,138016.818
301200.SZ,20241104,33.06,34.76,33.0,34.55,33.31,1.24,3.7226,14921.46,51220.417
301201.SZ,20241104,20.73,21.08,20.66,21.07,20.7,0.37,1.7874,11884.76,24910.34
301202.SZ,20241104,31.21,32.15,30.69,32.15,31.22,0.93,2.9789,22624.23,71999.101
301203.SZ,20241104,28.78,28.95,28.51,28.86,28.7,0.16,0.5575,8594.88,24652.321
301205.SZ,20241104,74.68,78.0,74.68,77.2,74.91,2.29,3.057,30133.6,231922.484
301206.SZ,20241104,27.66,28.01,27.3,27.97,27.56,0.41,1.4877,8405.78,23390.91
301207.SZ,20241104,18.99,19.9,18.89,19.71,18.67,1.04,5.5704,50017.09,97429.073
301208.SZ,20241104,35.91,37.2,35.55,37.09,36.07,1.02,2.8278,26610.4,97427.437
301209.SZ,20241104,24.9,26.38,24.9,26.31,25.06,1.25,4.988,19844.71,51360.187
301210.SZ,20241104,31.66,32.53,31.35,32.52,31.72,0.8,2.5221,9309.16,29917.929
301211.SZ,20241104,20.98,21.28,20.25,20.55,21.52,-0.97,-4.5074,122392.43,252856.463
301212.SZ,20241104,20.05,20.78,20.05,20.78,20.3,0.48,2.3645,9154.63,18881.356
301213.SZ,20241104,38.92,40.05,38.27,40.04,38.92,1.12,2.8777,16786.0,66292.577
301215.SZ,20241104,6.24,6.4,6.21,6.39,6.26,0.13,2.0767,155631.88,98949.402
301216.SZ,20241104,10.55,10.77,10.51,10.76,10.53,0.23,2.1842,28517.0,30384.751
301217.SZ,20241104,10.53,10.77,10.45,10.77,10.44,0.33,3.1609,55504.0,59254.956
301218.SZ,20241104,21.79,22.6,21.61,22.6,21.85,0.75,3.4325,30445.74,67875.372
301219.SZ,20241104,51.78,51.78,48.97,50.29,51.82,-1.53,-2.9525,116882.3,581758.629
301220.SZ,20241104,27.16,27.84,27.08,27.75,27.31,0.44,1.6111,7936.0,21837.029
301221.SZ,20241104,46.55,48.3,46.55,48.13,46.42,1.71,3.6838,31232.39,149309.253
301222.SZ,20241104,24.8,25.4,24.8,25.38,24.99,0.39,1.5606,6611.9,16694.658
301223.SZ,20241104,16.9,17.02,16.8,17.0,16.79,0.21,1.2507,5351.02,9069.812
301225.SZ,20241104,26.71,27.82,26.71,27.61,26.89,0.72,2.6776,11144.0,30695.251
301226.SZ,20241104,26.27,29.9,26.19,27.11,25.56,1.55,6.0642,162631.38,448284.494
301227.SZ,20241104,17.47,17.86,17.43,17.85,17.51,0.34,1.9417,12715.3,22530.566
301228.SZ,20241104,12.52,12.84,12.39,12.8,12.52,0.28,2.2364,24131.12,30637.281
301229.SZ,20241104,20.35,21.68,20.21,21.61,20.2,1.41,6.9802,35502.72,75344.947
301230.SZ,20241104,23.51,24.64,23.47,24.37,23.58,0.79,3.3503,37543.05,90988.479
301231.SZ,20241104,17.62,18.25,17.55,18.19,17.77,0.42,2.3635,36128.82,64910.396
301232.SZ,20241104,28.05,28.7,27.9,28.44,28.05,0.39,1.3904,11604.4,32893.901
301233.SZ,20241104,40.3,42.11,39.96,42.07,39.96,2.11,5.2803,11858.37,49200.187
301234.SZ,20241104,26.81,28.99,26.48,28.48,26.82,1.66,6.1894,34833.8,97467.559
301235.SZ,20241104,19.42,19.97,19.39,19.93,19.47,0.46,2.3626,12100.26,23935.425
301236.SZ,20241104,60.28,62.68,60.25,62.3,60.5,1.8,2.9752,542106.88,3338525.729
301237.SZ,20241104,23.79,24.39,23.12,24.31,23.79,0.52,2.1858,5974.0,14401.24
301238.SZ,20241104,16.21,16.77,16.07,16.65,16.21,0.44,2.7144,75510.04,125056.141
301239.SZ,20241104,37.73,39.38,37.61,39.34,37.8,1.54,4.0741,22495.82,87304.387
301246.SZ,20241104,13.68,13.95,13.68,13.92,13.71,0.21,1.5317,41495.28,57493.457
301248.SZ,20241104,14.56,15.39,14.51,15.2,14.69,0.51,3.4717,47424.22,71318.74
301251.SZ,20241104,32.53,34.0,32.53,33.85,32.69,1.16,3.5485,35908.91,120294.159
301252.SZ,20241104,26.41,27.21,26.32,27.13,26.22,0.91,3.4706,14495.06,39112.341
301255.SZ,20241104,29.7,35.29,29.7,35.29,29.41,5.88,19.9932,82413.01,277231.888
301256.SZ,20241104,7.7,7.84,7.61,7.81,7.61,0.2,2.6281,49884.0,38632.358
301257.SZ,20241104,28.86,29.85,28.81,29.8,28.7,1.1,3.8328,20062.2,59198.582
301258.SZ,20241104,26.22,26.78,26.03,26.58,26.19,0.39,1.4891,19792.0,52238.957
301259.SZ,20241104,49.74,50.55,46.0,46.91,51.2,-4.29,-8.3789,67225.86,317685.847
301260.SZ,20241104,13.68,14.12,13.67,14.05,13.66,0.39,2.8551,33208.59,46459.972
301261.SZ,20241104,39.8,41.7,39.5,41.57,38.24,3.33,8.7082,69941.34,284798.91
301262.SZ,20241104,25.0,25.4,24.7,25.36,24.8,0.56,2.2581,21761.0,54731.024
301263.SZ,20241104,14.7,14.74,14.35,14.69,14.59,0.1,0.6854,124411.24,181142.603
301265.SZ,20241104,9.63,9.8,9.44,9.57,9.63,-0.06,-0.6231,47571.59,45358.481
301266.SZ,20241104,38.44,38.98,37.15,38.29,38.44,-0.15,-0.3902,43820.57,167072.207
301267.SZ,20241104,20.54,21.56,20.51,21.4,20.55,0.85,4.1363,63792.5,134235.466
301268.SZ,20241104,17.65,18.51,17.65,18.49,17.77,0.72,4.0518,21652.91,39768.412
301269.SZ,20241104,94.82,95.88,93.57,94.35,93.75,0.6,0.64,22879.36,216441.513
301270.SZ,20241104,33.0,35.88,33.0,34.81,32.98,1.83,5.5488,35805.0,125296.538
301272.SZ,20241104,34.73,35.95,34.65,35.9,34.74,1.16,3.3391,5476.31,19465.41
301273.SZ,20241104,18.4,18.4,17.44,18.06,18.36,-0.3,-1.634,25209.0,45201.397
301276.SZ,20241104,20.38,20.65,20.32,20.58,20.4,0.18,0.8824,12989.49,26648.976
301277.SZ,20241104,14.74,15.02,14.71,14.98,14.67,0.31,2.1132,32329.74,48226.354
301278.SZ,20241104,38.75,39.38,37.75,39.1,38.5,0.6,1.5584,17487.5,67896.7
301279.SZ,20241104,19.14,20.71,19.14,20.69,19.18,1.51,7.8728,34045.2,68845.5
301280.SZ,20241104,39.47,42.48,39.47,42.23,40.09,2.14,5.338,23439.02,97459.256
301281.SZ,20241104,38.51,40.17,36.52,39.42,39.5,-0.08,-0.2025,71606.26,278168.608
301282.SZ,20241104,22.84,23.65,22.84,23.6,22.79,0.81,3.5542,34103.81,79831.724
301283.SZ,20241104,25.91,26.36,25.6,26.33,25.75,0.58,2.2524,9848.0,25625.092
301285.SZ,20241104,23.59,26.28,23.49,25.85,23.48,2.37,10.0937,86494.95,218333.267
301286.SZ,20241104,30.01,30.51,29.9,30.3,30.29,0.01,0.033,6420.0,19385.783
301287.SZ,20241104,27.8,28.44,27.66,28.42,27.97,0.45,1.6089,6899.0,19405.633
301288.SZ,20241104,15.36,16.35,15.08,16.28,15.39,0.89,5.783,33375.17,52999.833
301289.SZ,20241104,43.5,44.4,43.12,44.19,43.0,1.19,2.7674,11791.0,51731.529
301290.SZ,20241104,23.69,23.84,23.31,23.82,23.56,0.26,1.1036,17055.18,40289.138
301291.SZ,20241104,36.9,40.15,36.8,40.0,37.25,2.75,7.3826,68862.9,270343.943
301292.SZ,20241104,15.06,15.4,14.83,15.15,15.28,-0.13,-0.8508,51352.0,77442.539
301293.SZ,20241104,44.9,49.59,44.63,47.62,44.68,2.94,6.5801,208565.72,991588.019
301295.SZ,20241104,27.39,28.3,24.3,25.04,27.6,-2.56,-9.2754,154041.14,394636.997
301296.SZ,20241104,8.78,8.86,8.67,8.82,8.97,-0.15,-1.6722,49575.92,43482.346
301297.SZ,20241104,53.79,57.6,53.79,55.25,53.67,1.58,2.9439,285542.65,1589577.959
301298.SZ,20241104,13.39,14.1,13.39,14.1,13.38,0.72,5.3812,27818.71,38608.345
301299.SZ,20241104,51.6,53.33,51.1,53.25,51.26,1.99,3.8822,13064.0,68963.02
301300.SZ,20241104,25.63,26.65,25.6,26.61,25.88,0.73,2.8207,10214.0,26907.395
301301.SZ,20241104,14.39,15.33,14.34,15.1,14.48,0.62,4.2818,892569.43,1333235.672
301302.SZ,20241104,17.06,17.5,16.86,17.5,17.06,0.44,2.5791,38096.0,65895.965
301303.SZ,20241104,13.3,13.64,13.25,13.62,13.33,0.29,2.1755,26928.22,36362.924
301305.SZ,20241104,19.07,19.63,19.06,19.32,19.08,0.24,1.2579,23516.91,45481.37
301306.SZ,20241104,38.89,40.65,38.19,40.28,38.42,1.86,4.8412,28025.0,111749.821
301307.SZ,20241104,23.9,25.34,23.9,24.95,24.03,0.92,3.8285,48082.18,119246.952
301308.SZ,20241104,83.47,85.84,83.11,85.1,83.48,1.62,1.9406,57142.32,483707.133
301309.SZ,20241104,26.82,27.17,26.56,27.17,26.75,0.42,1.5701,7422.72,20074.862
301310.SZ,20241104,25.0,26.32,25.0,25.77,25.84,-0.07,-0.2709,38332.24,99005.802
301311.SZ,20241104,20.0,20.68,19.86,20.44,19.91,0.53,2.662,46888.0,95385.986
301312.SZ,20241104,44.18,46.62,44.18,46.23,44.41,1.82,4.0982,17464.55,80101.217
301313.SZ,20241104,20.48,20.74,20.14,20.68,20.37,0.31,1.5218,30643.55,62874.133
301314.SZ,20241104,34.49,35.59,34.0,35.55,34.38,1.17,3.4031,7025.23,24786.679
301315.SZ,20241104,42.0,44.08,41.6,44.08,41.8,2.28,5.4545,29897.97,128803.974
301316.SZ,20241104,18.8,19.46,18.76,19.46,18.89,0.57,3.0175,93150.7,178994.007
301317.SZ,20241104,20.86,21.36,20.55,21.31,20.72,0.59,2.8475,14915.17,31387.158
301318.SZ,20241104,28.24,29.09,27.97,29.07,28.13,0.94,3.3416,27087.97,77833.06
301319.SZ,20241104,29.6,30.6,29.4,30.4,29.01,1.39,4.7915,12893.3,38912.63
301320.SZ,20241104,15.5,16.18,15.5,16.12,15.44,0.68,4.4041,40562.0,64903.173
301321.SZ,20241104,19.95,19.96,19.07,19.63,20.92,-1.29,-6.1663,80804.6,157866.924
301322.SZ,20241104,28.0,28.61,27.0,27.52,28.07,-0.55,-1.9594,38531.71,106129.312
301323.SZ,20241104,37.8,38.0,35.3,36.39,38.38,-1.99,-5.185,57748.88,207960.539
301325.SZ,20241104,39.99,41.2,39.77,40.59,40.19,0.4,0.9953,25112.51,101890.923
301326.SZ,20241104,56.99,60.86,56.66,60.3,57.37,2.93,5.1072,30901.05,183035.565
301327.SZ,20241104,81.0,87.48,80.96,86.42,81.4,5.02,6.1671,23156.17,197590.664
301328.SZ,20241104,35.7,38.21,35.7,37.59,35.9,1.69,4.7075,23037.51,86312.229
301329.SZ,20241104,18.88,19.68,18.86,19.67,18.89,0.78,4.1292,45948.36,89359.848
301330.SZ,20241104,25.28,26.57,25.18,26.38,25.28,1.1,4.3513,26632.67,69459.226
301331.SZ,20241104,25.16,25.58,24.92,25.55,25.13,0.42,1.6713,8798.88,22227.378
301332.SZ,20241104,10.85,10.92,10.72,10.88,10.75,0.13,1.2093,88983.37,96145.407
301333.SZ,20241104,58.16,60.16,57.36,57.97,58.07,-0.1,-0.1722,14058.7,81915.252
301335.SZ,20241104,19.8,20.2,19.7,20.01,19.97,0.04,0.2003,12005.62,23932.514
301336.SZ,20241104,33.57,34.28,33.0,34.15,33.38,0.77,2.3068,5237.0,17708.038
301337.SZ,20241104,30.6,31.94,30.33,31.91,30.89,1.02,3.302,25818.28,81104.934
301338.SZ,20241104,34.78,36.27,34.42,36.02,35.02,1.0,2.8555,40866.05,145780.711
301339.SZ,20241104,20.38,20.74,20.0,20.68,20.38,0.3,1.472,76483.0,157050.124
301345.SZ,20241104,63.13,67.5,62.62,66.8,63.12,3.68,5.8302,19751.66,130382.471
301348.SZ,20241104,26.9,27.94,26.5,27.66,26.83,0.83,3.0936,60681.0,166510.023
301349.SZ,20241104,27.16,27.89,26.82,27.77,27.2,0.57,2.0956,13659.31,37618.019
301353.SZ,20241104,27.0,28.25,26.81,28.04,27.26,0.78,2.8613,9122.25,25396.652
301355.SZ,20241104,11.8,11.8,11.5,11.72,11.7,0.02,0.1709,36798.2,42991.364
301356.SZ,20241104,16.2,16.44,15.96,16.15,16.23,-0.08,-0.4929,9330.73,15027.728
301357.SZ,20241104,35.45,36.78,35.21,36.25,35.81,0.44,1.2287,31289.8,112793.963
301358.SZ,20241104,44.5,48.18,44.5,45.59,44.82,0.77,1.718,98887.14,456974.293
301359.SZ,20241104,22.08,22.97,21.93,22.88,22.07,0.81,3.6701,15005.84,34090.844
301360.SZ,20241104,50.96,53.4,50.8,53.39,50.95,2.44,4.789,14996.0,78867.015
301361.SZ,20241104,25.1,26.33,25.1,26.32,25.16,1.16,4.6105,21256.8,55151.78
301362.SZ,20241104,39.5,40.18,39.5,40.18,39.5,0.68,1.7215,5279.29,21093.174
301363.SZ,20241104,31.26,33.32,31.17,33.11,31.11,2.0,6.4288,27829.28,90661.538
301365.SZ,20241104,14.55,15.02,14.45,14.81,14.9,-0.09,-0.604,69191.55,101971.491
301366.SZ,20241104,44.52,46.46,44.15,46.4,44.52,1.88,4.2228,53257.09,243009.728
301367.SZ,20241104,72.34,77.85,72.0,76.9,72.33,4.57,6.3183,19938.18,151228.213
301368.SZ,20241104,49.98,55.0,49.89,50.63,48.07,2.56,5.3256,169690.81,878027.12
301369.SZ,20241104,57.88,60.0,57.0,59.24,57.69,1.55,2.6868,19161.15,112719.941
301370.SZ,20241104,11.6,12.1,11.53,11.92,11.76,0.16,1.3605,93230.84,110215.387
301371.SZ,20241104,35.07,35.68,34.8,35.5,35.06,0.44,1.255,15090.77,53373.245
301372.SZ,20241104,21.7,22.19,21.5,22.12,21.72,0.4,1.8416,12516.69,27470.911
301373.SZ,20241104,25.77,26.08,25.7,26.05,25.77,0.28,1.0865,4626.16,12018.584
301376.SZ,20241104,18.63,19.41,18.36,19.41,18.42,0.99,5.3746,24552.81,46885.38
301377.SZ,20241104,19.99,20.64,19.93,20.45,19.8,0.65,3.2828,32533.12,66411.167
301378.SZ,20241104,27.25,28.37,27.03,28.22,27.47,0.75,2.7303,26018.2,72328.567
301379.SZ,20241104,19.88,20.68,19.85,20.66,19.87,0.79,3.9758,44088.8,90245.734
301380.SZ,20241104,37.26,38.48,37.0,38.33,37.26,1.07,2.8717,11952.0,45323.604
301381.SZ,20241104,24.41,25.87,24.31,25.72,24.52,1.2,4.894,35918.71,90657.528
301382.SZ,20241104,25.0,25.92,24.81,25.89,25.29,0.6,2.3725,63335.58,161918.881
301383.SZ,20241104,32.38,33.67,32.38,33.4,32.36,1.04,3.2138,30853.75,102217.716
301386.SZ,20241104,20.16,20.76,20.16,20.76,20.16,0.6,2.9762,12047.43,24792.716
301387.SZ,20241104,31.31,32.55,31.31,32.27,31.38,0.89,2.8362,19642.6,62889.027
301388.SZ,20241104,22.39,23.1,22.39,22.9,22.65,0.25,1.1038,26699.0,60994.647
301389.SZ,20241104,14.97,15.69,14.86,15.67,14.96,0.71,4.746,53742.0,83312.438
301390.SZ,20241104,29.66,30.51,29.47,30.45,29.66,0.79,2.6635,7177.0,21721.119
301391.SZ,20241104,40.8,43.33,40.29,41.95,41.06,0.89,2.1676,26139.72,109586.113
301392.SZ,20241104,64.28,75.12,61.0,71.5,64.79,6.71,10.3565,114479.72,774500.59
301393.SZ,20241104,43.6,44.33,42.78,44.33,43.28,1.05,2.4261,15520.85,67984.131
301395.SZ,20241104,11.55,11.99,11.55,11.89,11.56,0.33,2.8547,18078.2,21376.235
301396.SZ,20241104,26.46,27.2,25.27,26.92,26.37,0.55,2.0857,28466.23,75899.35
301397.SZ,20241104,24.6,26.28,24.46,25.81,24.27,1.54,6.3453,26807.33,68607.174
301398.SZ,20241104,43.7,46.05,43.7,45.62,44.0,1.62,3.6818,23490.75,106846.438
301399.SZ,20241104,19.9,20.36,19.72,20.36,19.75,0.61,3.0886,12880.59,25994.209
301408.SZ,20241104,12.78,13.34,12.35,13.07,12.78,0.29,2.2692,206319.12,264380.385
301413.SZ,20241104,42.6,46.85,42.6,46.18,42.52,3.66,8.6077,30813.14,140567.124
301418.SZ,20241104,34.62,35.7,34.6,35.68,34.62,1.06,3.0618,9514.0,33732.867
301419.SZ,20241104,26.98,29.16,26.9,28.7,27.15,1.55,5.709,24485.47,69409.465
301421.SZ,20241104,54.82,59.99,53.77,58.29,57.37,0.92,1.6036,114788.67,655692.365
301428.SZ,20241104,30.42,31.26,30.16,31.04,30.58,0.46,1.5043,23531.42,72829.506
301429.SZ,20241104,17.41,17.58,17.08,17.48,17.32,0.16,0.9238,19027.33,33046.292
301439.SZ,20241104,13.52,13.81,13.51,13.76,13.52,0.24,1.7751,35772.33,49000.872
301446.SZ,20241104,20.78,21.28,20.46,21.24,20.55,0.69,3.3577,13192.28,27704.923
301448.SZ,20241104,20.65,21.38,20.65,21.38,20.65,0.73,3.5351,14566.39,30890.547
301456.SZ,20241104,23.69,24.52,23.66,24.51,23.7,0.81,3.4177,19470.14,47355.723
301459.SZ,20241104,44.5,44.99,41.27,43.8,43.44,0.36,0.8287,29110.38,126506.785
301468.SZ,20241104,22.59,22.87,22.58,22.83,22.64,0.19,0.8392,8164.26,18566.652
301469.SZ,20241104,22.76,23.37,22.6,23.33,22.76,0.57,2.5044,9240.65,21362.289
301486.SZ,20241104,48.49,50.0,48.49,48.8,48.86,-0.06,-0.1228,52801.86,258765.188
301487.SZ,20241104,22.38,23.06,22.11,22.85,22.3,0.55,2.4664,99919.0,227091.706
301488.SZ,20241104,57.12,61.48,57.12,60.56,57.91,2.65,4.5761,24892.0,150076.379
301489.SZ,20241104,61.0,64.48,60.4,63.83,63.2,0.63,0.9968,23993.26,151064.558
301498.SZ,20241104,64.4,65.21,63.18,64.54,63.86,0.68,1.0648,20269.54,129673.994
301499.SZ,20241104,25.23,26.6,25.14,26.42,25.41,1.01,3.9748,30005.6,78920.822
301500.SZ,20241104,20.03,20.24,19.25,20.04,20.25,-0.21,-1.037,44110.88,87565.249
301502.SZ,20241104,40.05,41.44,40.0,41.44,40.07,1.37,3.419,11046.18,45314.059
301503.SZ,20241104,31.27,32.47,31.09,32.38,31.19,1.19,3.8153,11577.17,37088.969
301505.SZ,20241104,24.71,25.22,24.32,25.12,24.71,0.41,1.6592,19341.91,48068.221
301507.SZ,20241104,13.0,13.33,12.93,13.27,12.98,0.29,2.2342,39204.82,51622.62
301508.SZ,20241104,38.18,38.18,36.56,38.13,38.62,-0.49,-1.2688,78832.64,296521.265
301509.SZ,20241104,29.55,30.36,29.35,30.25,29.49,0.76,2.5771,16551.2,49749.209
301510.SZ,20241104,24.8,26.59,24.68,25.87,24.34,1.53,6.2859,63954.99,165094.954
301511.SZ,20241104,14.24,15.33,14.03,14.83,14.01,0.82,5.853,214652.43,315713.181
301512.SZ,20241104,40.86,42.05,40.8,41.61,39.99,1.62,4.051,10486.8,43411.569
301515.SZ,20241104,18.4,18.96,18.39,18.96,18.45,0.51,2.7642,12687.64,23807.115
301516.SZ,20241104,18.28,18.45,17.52,18.29,18.93,-0.64,-3.3809,96733.16,175200.771
301517.SZ,20241104,54.33,57.1,54.2,56.36,54.84,1.52,2.7717,25945.52,145678.049
301518.SZ,20241104,15.93,16.36,15.87,16.36,15.93,0.43,2.6993,11259.35,18209.158
301519.SZ,20241104,12.78,13.21,12.78,13.21,12.9,0.31,2.4031,19017.64,24862.11
301520.SZ,20241104,41.21,42.35,41.21,42.33,41.17,1.16,2.8176,9345.21,39244.196
301522.SZ,20241104,43.55,43.55,41.01,42.65,44.0,-1.35,-3.0682,148515.44,626851.096
301525.SZ,20241104,52.61,56.67,52.61,56.18,52.54,3.64,6.9281,19279.24,106680.902
301526.SZ,20241104,3.85,3.95,3.84,3.94,3.85,0.09,2.3377,256913.88,100286.456
301528.SZ,20241104,41.0,42.8,41.0,42.75,40.99,1.76,4.2937,8863.0,37578.393
301529.SZ,20241104,33.5,34.37,33.43,34.23,33.5,0.73,2.1791,18271.76,62258.332
301533.SZ,20241104,27.3,28.23,27.13,28.1,27.02,1.08,3.997,17135.25,47664.935
301536.SZ,20241104,43.31,44.74,42.9,44.3,43.46,0.84,1.9328,35127.51,155412.967
301538.SZ,20241104,82.02,87.76,80.0,85.41,82.02,3.39,4.1331,27224.49,231091.68
301539.SZ,20241104,18.99,20.49,18.88,20.47,18.81,1.66,8.8251,59898.32,119734.901
301548.SZ,20241104,47.88,51.68,47.88,50.37,49.13,1.24,2.5239,10675.63,54056.913
301550.SZ,20241104,49.0,53.45,48.51,51.37,47.97,3.4,7.0878,88215.76,452668.12
301551.SZ,20241104,66.66,67.18,64.5,67.12,65.63,1.49,2.2703,37172.45,246219.223
301552.SZ,20241104,50.05,52.09,49.95,51.89,49.95,1.94,3.8839,11627.15,59903.109
301555.SZ,20241104,25.79,26.68,25.6,26.53,25.75,0.78,3.0291,16304.85,42969.184
301556.SZ,20241104,75.0,75.2,72.22,73.3,76.45,-3.15,-4.1203,30335.69,221910.297
301558.SZ,20241104,8.08,8.46,8.08,8.41,8.06,0.35,4.3424,98976.0,82014.646
301559.SZ,20241104,16.35,16.65,16.35,16.65,16.44,0.21,1.2774,17189.9,28525.872
301565.SZ,20241104,20.2,21.28,20.1,21.13,20.23,0.9,4.4488,54570.98,114076.725
301566.SZ,20241104,18.2,18.49,17.9,18.49,17.97,0.52,2.8937,27903.45,51087.514
301567.SZ,20241104,47.3,49.17,47.3,49.09,47.74,1.35,2.8278,12912.52,62798.476
301568.SZ,20241104,35.7,37.37,35.0,37.32,36.01,1.31,3.6379,39083.38,142948.668
301571.SZ,20241104,47.38,48.87,47.2,48.77,47.22,1.55,3.2825,31569.07,152419.577
301577.SZ,20241104,54.0,56.2,54.0,56.07,54.86,1.21,2.2056,10823.96,60151.553
301578.SZ,20241104,47.42,53.39,47.42,51.05,47.42,3.63,7.655,27105.77,136658.758
301580.SZ,20241104,56.72,59.11,56.6,59.06,56.72,2.34,4.1255,8205.17,47677.979
301586.SZ,20241104,51.68,55.5,51.68,54.92,53.09,1.83,3.447,33104.49,178925.836
301587.SZ,20241104,24.48,25.07,24.48,25.06,24.48,0.58,2.3693,15431.05,38468.951
301588.SZ,20241104,20.4,21.37,20.39,21.37,20.6,0.77,3.7379,12985.55,27325.542
301589.SZ,20241104,183.31,187.98,182.8,187.88,183.31,4.57,2.493,10458.54,194489.54
301591.SZ,20241104,35.39,37.49,35.1,37.26,35.08,2.18,6.2144,23087.17,85000.463
301592.SZ,20241104,104.38,110.35,104.37,106.7,104.18,2.52,2.4189,37629.98,402136.087
301596.SZ,20241104,100.0,106.98,99.0,106.98,89.15,17.83,20.0,35861.84,372008.048
301600.SZ,20241104,72.04,76.88,72.04,75.8,71.55,4.25,5.9399,23114.36,174087.874
301603.SZ,20241104,42.26,45.2,42.23,45.03,42.1,2.93,6.9596,38595.72,172051.938
301606.SZ,20241104,34.09,35.49,33.83,35.35,34.5,0.85,2.4638,40694.39,142175.435
301607.SZ,20241104,37.38,40.01,37.38,39.6,37.83,1.77,4.6788,23178.4,90984.61
301608.SZ,20241104,61.01,63.87,60.98,63.48,61.27,2.21,3.607,14214.89,89540.115
301611.SZ,20241104,64.3,67.46,62.31,65.91,64.4,1.51,2.3447,80638.13,528233.155
301613.SZ,20241104,68.0,68.99,66.75,67.84,68.15,-0.31,-0.4549,44749.32,303471.971
301618.SZ,20241104,108.04,111.98,107.22,111.49,107.21,4.28,3.9922,13086.91,144204.785
301626.SZ,20241104,100.88,111.5,92.51,107.65,101.4,6.25,6.1637,69717.55,732282.024
301628.SZ,20241104,122.77,129.0,101.11,105.26,124.01,-18.75,-15.1197,100650.24,1147419.654
302132.SZ,20241104,79.79,83.85,75.69,83.15,81.0,2.15,2.6543,400868.01,3221848.293
