ts_code,trade_date,open,high,low,close,pre_close,change,pct_chg,vol,amount
300001.SZ,20241018,21.65,23.1,21.59,22.45,21.65,0.8,3.6952,329071.41,733894.315
300002.SZ,20241018,12.49,13.81,12.2,13.23,12.61,0.62,4.9167,1677292.98,2170098.117
300003.SZ,20241018,11.56,12.61,11.53,12.21,11.61,0.6,5.168,515977.44,620414.086
300004.SZ,20241018,5.88,6.32,5.69,6.01,6.17,-0.16,-2.5932,848071.3,505088.133
300005.SZ,20241018,6.58,7.07,6.47,6.94,6.61,0.33,4.9924,439496.5,299649.041
300006.SZ,20241018,3.69,3.88,3.64,3.77,3.69,0.08,2.168,376641.65,141181.185
300007.SZ,20241018,16.08,17.57,16.02,17.0,16.2,0.8,4.9383,267578.34,449360.588
300008.SZ,20241018,4.75,4.98,4.61,4.89,4.8,0.09,1.875,1442602.78,689821.06
300009.SZ,20241018,8.8,9.53,8.78,9.25,8.8,0.45,5.1136,405727.42,369820.56
300010.SZ,20241018,5.04,5.86,4.81,5.64,5.1,0.54,10.5882,2271214.36,1224450.874
300011.SZ,20241018,8.13,8.68,7.96,8.51,8.18,0.33,4.0342,386571.0,319483.864
300012.SZ,20241018,14.25,15.3,13.96,14.75,14.31,0.44,3.0748,435563.93,633801.647
300013.SZ,20241018,2.5,2.62,2.5,2.58,2.52,0.06,2.381,159254.5,40877.638
300014.SZ,20241018,42.1,47.65,41.89,45.52,42.28,3.24,7.6632,809313.11,3607071.34
300015.SZ,20241018,13.86,16.01,13.76,15.0,14.0,1.0,7.1429,3483781.23,5085754.567
300016.SZ,20241018,6.07,6.33,6.07,6.23,6.11,0.12,1.964,218897.94,135466.699
300017.SZ,20241018,8.74,9.47,8.71,9.14,8.79,0.35,3.9818,1427696.14,1294316.673
300018.SZ,20241018,5.98,6.24,5.97,6.11,6.02,0.09,1.495,153470.59,93616.525
300019.SZ,20241018,14.05,14.89,13.98,14.54,14.19,0.35,2.4665,112551.79,162085.601
300020.SZ,20241018,2.14,2.23,2.12,2.2,2.14,0.06,2.8037,480164.94,104672.914
300021.SZ,20241018,3.9,4.08,3.83,4.0,3.96,0.04,1.0101,372250.61,146322.587
300022.SZ,20241018,4.5,4.92,4.37,4.73,4.54,0.19,4.185,335876.01,152747.656
300024.SZ,20241018,12.12,13.22,12.01,12.84,12.16,0.68,5.5921,733639.03,928632.96
300025.SZ,20241018,8.88,9.2,8.76,9.01,8.88,0.13,1.464,193031.26,173959.873
300026.SZ,20241018,3.8,3.99,3.79,3.92,3.83,0.09,2.3499,870444.56,337604.995
300027.SZ,20241018,2.56,2.76,2.53,2.68,2.59,0.09,3.4749,1788282.78,473382.333
300029.SZ,20241018,4.57,4.73,4.52,4.66,4.58,0.08,1.7467,29411.62,13633.546
300030.SZ,20241018,6.32,6.67,6.3,6.5,6.37,0.13,2.0408,213080.0,137680.655
300031.SZ,20241018,18.29,19.49,17.96,18.88,18.3,0.58,3.1694,368043.86,688870.61
300032.SZ,20241018,4.12,4.38,4.11,4.3,4.14,0.16,3.8647,375609.57,159557.478
300033.SZ,20241018,180.66,216.8,178.16,210.83,180.67,30.16,16.6934,423900.81,8441185.769
300034.SZ,20241018,16.5,17.94,16.38,17.4,16.57,0.83,5.0091,301798.99,518590.117
300035.SZ,20241018,9.8,10.55,9.8,10.25,9.83,0.42,4.2726,291169.53,296513.839
300036.SZ,20241018,19.1,20.28,18.72,19.71,19.35,0.36,1.8605,501158.65,976172.367
300037.SZ,20241018,37.2,41.0,37.01,39.42,37.36,2.06,5.5139,138260.28,540244.586
300039.SZ,20241018,6.02,6.3,5.99,6.18,6.04,0.14,2.3179,301798.94,185412.445
300040.SZ,20241018,6.09,6.41,6.08,6.28,6.15,0.13,2.1138,365119.0,227180.51
300041.SZ,20241018,8.5,9.02,8.5,8.83,8.55,0.28,3.2749,222823.47,195723.961
300042.SZ,20241018,21.1,23.19,20.67,22.61,20.8,1.81,8.7019,114784.57,252236.801
300043.SZ,20241018,3.01,3.19,2.95,3.1,3.05,0.05,1.6393,724799.07,221397.184
300044.SZ,20241018,5.2,5.52,5.13,5.42,5.26,0.16,3.0418,845140.9,450833.582
300045.SZ,20241018,26.8,31.0,26.26,28.09,27.03,1.06,3.9216,1578864.9,4344162.563
300046.SZ,20241018,26.33,30.68,26.18,30.68,25.57,5.11,19.9844,835022.44,2437090.974
300047.SZ,20241018,14.7,15.83,14.26,15.22,15.01,0.21,1.3991,1441787.98,2153414.066
300048.SZ,20241018,5.02,5.24,4.98,5.16,5.04,0.12,2.381,160560.1,82307.61
300049.SZ,20241018,49.02,53.5,48.58,51.95,49.23,2.72,5.5251,114105.57,584190.18
300050.SZ,20241018,7.0,7.55,7.0,7.19,6.91,0.28,4.0521,1202180.51,872083.986
300051.SZ,20241018,8.22,8.92,8.22,8.7,8.4,0.3,3.5714,105026.71,90163.958
300052.SZ,20241018,19.54,21.3,18.33,20.0,20.15,-0.15,-0.7444,729573.99,1438795.342
300053.SZ,20241018,12.58,13.98,12.48,13.51,12.65,0.86,6.7984,745600.11,987832.582
300054.SZ,20241018,25.6,28.65,25.39,27.73,25.52,2.21,8.6599,468944.4,1277703.929
300055.SZ,20241018,4.83,5.13,4.79,5.03,4.85,0.18,3.7113,140931.1,69575.722
300056.SZ,20241018,15.55,16.84,15.01,16.04,15.35,0.69,4.4951,1087989.19,1741201.441
300057.SZ,20241018,5.61,5.91,5.55,5.77,5.65,0.12,2.1239,731160.0,420751.08
300058.SZ,20241018,6.81,7.26,6.7,7.05,6.82,0.23,3.3724,1439240.03,1001521.227
300059.SZ,20241018,19.84,23.88,19.56,22.95,19.9,3.05,15.3266,24874024.5,54244873.273
300061.SZ,20241018,13.6,16.0,13.4,15.06,14.2,0.86,6.0563,1511701.3,2209922.318
300062.SZ,20241018,5.62,5.88,5.56,5.79,5.63,0.16,2.8419,253033.0,144769.403
300063.SZ,20241018,7.2,7.44,6.8,7.17,7.15,0.02,0.2797,2112466.4,1511858.447
300065.SZ,20241018,8.89,9.5,8.79,9.24,8.92,0.32,3.5874,467566.93,427445.775
300066.SZ,20241018,3.88,4.07,3.82,3.97,3.87,0.1,2.584,332889.77,130792.716
300067.SZ,20241018,5.35,5.75,5.17,5.54,5.35,0.19,3.5514,1535960.24,841769.187
300068.SZ,20241018,18.29,20.07,17.91,19.29,18.47,0.82,4.4396,1777917.77,3366217.121
300069.SZ,20241018,14.1,14.97,14.1,14.63,14.43,0.2,1.386,62726.78,91559.161
300070.SZ,20241018,4.88,5.16,4.76,5.04,4.9,0.14,2.8571,1320209.17,654305.845
300071.SZ,20241018,3.65,3.79,3.47,3.69,3.65,0.04,1.0959,749292.25,270907.279
300072.SZ,20241018,3.16,3.42,3.16,3.33,3.18,0.15,4.717,998903.95,328594.884
300073.SZ,20241018,39.19,43.97,38.87,42.03,39.18,2.85,7.2741,394824.11,1619867.809
300074.SZ,20241018,3.94,4.14,3.9,4.06,3.96,0.1,2.5253,265824.0,106677.683
300075.SZ,20241018,16.61,17.93,16.5,17.35,16.69,0.66,3.9545,367102.22,632782.092
300076.SZ,20241018,5.04,5.29,4.95,5.17,5.06,0.11,2.1739,361644.9,185462.66
300077.SZ,20241018,22.85,28.58,22.11,28.58,23.82,4.76,19.9832,2486308.81,6451054.999
300078.SZ,20241018,3.01,3.26,2.98,3.17,3.04,0.13,4.2763,549247.29,171336.788
300079.SZ,20241018,5.44,5.81,5.44,5.7,5.52,0.18,3.2609,744054.48,421531.354
300080.SZ,20241018,3.78,4.05,3.71,3.92,3.79,0.13,3.4301,302827.89,117130.151
300081.SZ,20241018,6.54,6.79,6.38,6.66,6.42,0.24,3.7383,546810.43,359699.414
300082.SZ,20241018,5.96,6.2,5.93,6.08,5.98,0.1,1.6722,103659.68,62841.334
300083.SZ,20241018,7.09,7.54,7.06,7.39,7.09,0.3,4.2313,766213.89,560319.074
300084.SZ,20241018,5.77,6.03,5.77,5.94,5.83,0.11,1.8868,100013.51,58982.297
300085.SZ,20241018,40.07,51.0,38.8,45.75,42.74,3.01,7.0426,2176788.26,9683574.325
300086.SZ,20241018,4.65,4.96,4.64,4.87,4.68,0.19,4.0598,277507.13,134423.987
300087.SZ,20241018,7.9,8.23,7.67,8.08,7.98,0.1,1.2531,466350.48,369947.882
300088.SZ,20241018,6.5,7.12,6.45,6.89,6.55,0.34,5.1908,1786045.64,1210975.374
300091.SZ,20241018,2.37,2.49,2.33,2.44,2.4,0.04,1.6667,650078.95,156641.453
300092.SZ,20241018,11.45,12.13,11.44,11.85,11.62,0.23,1.9793,229258.53,272359.859
300093.SZ,20241018,16.74,18.44,16.61,17.55,16.89,0.66,3.9076,345061.1,599863.172
300094.SZ,20241018,3.36,3.52,3.32,3.45,3.37,0.08,2.3739,705470.66,240491.822
300095.SZ,20241018,6.71,7.12,6.71,7.01,6.78,0.23,3.3923,86993.57,60292.192
300096.SZ,20241018,3.28,3.45,3.24,3.39,3.29,0.1,3.0395,169431.55,56768.839
300097.SZ,20241018,6.82,7.25,6.8,7.16,6.83,0.33,4.8316,217513.5,153610.412
300098.SZ,20241018,4.97,5.38,4.93,5.24,5.01,0.23,4.5908,1659946.37,857010.82
300099.SZ,20241018,5.91,6.23,5.9,6.12,5.98,0.14,2.3411,250540.4,152310.66
300100.SZ,20241018,20.01,21.82,19.8,21.3,20.28,1.02,5.0296,308608.98,650069.878
300101.SZ,20241018,17.18,18.66,17.11,18.02,17.35,0.67,3.8617,390065.45,699878.047
300102.SZ,20241018,8.81,10.3,8.72,10.01,8.9,1.11,12.4719,1351399.9,1294942.783
300103.SZ,20241018,7.78,8.66,7.77,8.62,7.85,0.77,9.8089,330910.53,275390.783
300105.SZ,20241018,7.21,7.47,7.09,7.35,7.28,0.07,0.9615,291764.01,212595.498
300106.SZ,20241018,9.9,10.8,9.64,10.12,10.04,0.08,0.7968,391706.05,396039.376
300107.SZ,20241018,9.66,10.75,9.65,10.53,9.83,0.7,7.1211,760065.44,783739.39
300108.SZ,20241018,2.09,2.15,2.07,2.14,2.09,0.05,2.3923,180492.75,38413.144
300109.SZ,20241018,11.99,13.0,11.87,12.63,11.95,0.68,5.6904,174199.77,217318.546
300110.SZ,20241018,3.39,3.57,3.38,3.52,3.4,0.12,3.5294,325000.62,112829.371
300111.SZ,20241018,2.78,2.94,2.77,2.9,2.79,0.11,3.9427,420246.66,120465.758
300112.SZ,20241018,8.1,8.58,8.1,8.41,8.18,0.23,2.8117,101297.53,84958.13
300113.SZ,20241018,13.5,14.9,13.4,14.47,13.6,0.87,6.3971,484648.3,685065.583
300115.SZ,20241018,14.15,15.59,14.08,15.05,14.25,0.8,5.614,861564.85,1281683.35
300117.SZ,20241018,1.32,1.35,1.31,1.34,1.33,0.01,0.7519,299321.54,39787.459
300118.SZ,20241018,12.17,13.07,12.12,12.59,12.25,0.34,2.7755,598905.14,748357.807
300119.SZ,20241018,13.3,14.13,13.2,13.75,13.32,0.43,3.2282,58649.47,80023.125
300120.SZ,20241018,12.4,13.57,11.81,13.06,12.62,0.44,3.4865,2189839.96,2721866.363
300121.SZ,20241018,9.54,10.52,9.41,10.22,9.85,0.37,3.7563,480300.72,479988.244
300122.SZ,20241018,29.8,35.0,29.12,32.52,29.94,2.58,8.6172,842543.03,2626636.31
300123.SZ,20241018,6.16,6.68,6.12,6.49,6.21,0.28,4.5089,717827.09,459853.595
300124.SZ,20241018,55.07,60.58,54.4,58.5,55.1,3.4,6.1706,457802.0,2611761.611
300125.SZ,20241018,6.03,6.36,6.01,6.12,6.13,-0.01,-0.1631,349764.81,215142.477
300126.SZ,20241018,5.06,5.35,5.03,5.21,5.08,0.13,2.5591,61666.08,32075.168
300127.SZ,20241018,16.0,17.5,16.0,16.88,16.18,0.7,4.3263,132294.59,222144.726
300128.SZ,20241018,4.31,4.65,4.31,4.56,4.32,0.24,5.5556,867047.04,392250.145
300129.SZ,20241018,7.35,7.74,7.33,7.6,7.38,0.22,2.981,223288.0,168508.36
300130.SZ,20241018,27.0,29.3,26.78,28.31,27.55,0.76,2.7586,900001.78,2543761.146
300131.SZ,20241018,6.82,7.35,6.77,7.18,6.77,0.41,6.0561,1160207.23,817962.143
300132.SZ,20241018,4.44,4.61,4.39,4.52,4.44,0.08,1.8018,106083.63,47558.619
300133.SZ,20241018,6.47,6.87,6.31,6.66,6.46,0.2,3.096,1389491.61,915218.476
300134.SZ,20241018,13.58,16.43,13.51,16.43,13.69,2.74,20.0146,787068.08,1222097.84
300135.SZ,20241018,3.16,3.28,3.09,3.25,3.16,0.09,2.8481,515164.46,164840.749
300136.SZ,20241018,23.37,25.3,23.23,24.44,23.49,0.95,4.0443,679901.03,1649502.28
300137.SZ,20241018,5.7,6.25,5.7,5.99,5.67,0.32,5.6437,423709.9,254085.184
300138.SZ,20241018,8.34,8.74,8.25,8.62,8.34,0.28,3.3573,159638.97,135819.453
300139.SZ,20241018,21.0,22.77,20.21,20.6,21.17,-0.57,-2.6925,894707.74,1917213.926
300140.SZ,20241018,6.01,6.46,5.89,6.29,6.02,0.27,4.485,347411.27,214794.614
300141.SZ,20241018,8.79,9.37,8.73,9.17,8.81,0.36,4.0863,100341.93,91362.965
300142.SZ,20241018,13.8,15.5,13.6,14.82,13.84,0.98,7.0809,631303.64,909349.29
300143.SZ,20241018,8.99,9.4,8.89,9.18,8.96,0.22,2.4554,123772.78,113220.705
300144.SZ,20241018,8.93,9.76,8.89,9.45,8.93,0.52,5.8231,750738.54,696744.868
300145.SZ,20241018,2.72,2.92,2.72,2.88,2.75,0.13,4.7273,565996.26,159510.359
300146.SZ,20241018,12.5,13.3,12.43,12.97,12.5,0.47,3.76,398118.05,512330.75
300147.SZ,20241018,8.29,8.69,8.11,8.44,8.29,0.15,1.8094,967793.75,810709.549
300148.SZ,20241018,3.55,3.75,3.46,3.65,3.58,0.07,1.9553,685956.46,247488.673
300149.SZ,20241018,6.01,6.4,6.01,6.28,6.14,0.14,2.2801,299585.12,186323.731
300150.SZ,20241018,4.11,4.3,4.03,4.25,4.15,0.1,2.4096,211393.16,88263.55
300151.SZ,20241018,16.78,19.37,16.72,18.69,16.78,1.91,11.3826,301576.05,557343.488
300152.SZ,20241018,4.03,4.42,3.71,4.22,4.08,0.14,3.4314,1589906.52,648597.645
300153.SZ,20241018,7.29,7.73,7.24,7.57,7.29,0.28,3.8409,142927.02,107392.78
300154.SZ,20241018,5.99,6.2,5.92,6.12,5.98,0.14,2.3411,60603.92,36721.967
300155.SZ,20241018,4.64,4.87,4.59,4.76,4.71,0.05,1.0616,286222.42,135128.813
300157.SZ,20241018,2.8,2.93,2.78,2.87,2.81,0.06,2.1352,298769.46,85137.365
300158.SZ,20241018,4.11,4.33,4.1,4.24,4.13,0.11,2.6634,354536.93,148860.877
300159.SZ,20241018,2.96,3.12,2.9,3.07,3.03,0.04,1.3201,1678985.9,505342.273
300160.SZ,20241018,5.35,5.58,5.34,5.48,5.37,0.11,2.0484,162398.0,88504.078
300161.SZ,20241018,26.33,28.75,26.0,28.03,26.47,1.56,5.8935,106577.34,293245.299
300162.SZ,20241018,7.35,7.85,7.34,7.7,7.33,0.37,5.0477,443319.2,339323.388
300163.SZ,20241018,1.81,1.9,1.8,1.88,1.81,0.07,3.8674,251210.01,46548.737
300164.SZ,20241018,4.22,4.4,4.16,4.37,4.22,0.15,3.5545,550834.84,235695.213
300165.SZ,20241018,3.53,3.72,3.49,3.65,3.6,0.05,1.3889,387129.14,139303.304
300166.SZ,20241018,10.46,10.82,10.14,10.4,9.97,0.43,4.3129,1243722.97,1296644.853
300167.SZ,20241018,1.65,1.71,1.63,1.7,1.66,0.04,2.4096,206670.18,34577.466
300168.SZ,20241018,7.49,8.19,7.45,7.9,7.6,0.3,3.9474,577808.17,450896.305
300169.SZ,20241018,8.76,10.57,8.76,9.78,8.95,0.83,9.2737,896558.7,851423.127
300170.SZ,20241018,8.67,9.31,8.55,9.1,8.71,0.39,4.4776,731922.07,653888.819
300171.SZ,20241018,11.73,12.69,11.73,12.33,11.79,0.54,4.5802,168727.48,205791.071
300172.SZ,20241018,5.12,5.4,5.06,5.27,5.18,0.09,1.7375,443504.43,231316.249
300173.SZ,20241018,4.19,4.42,4.16,4.33,4.19,0.14,3.3413,264673.85,113071.145
300174.SZ,20241018,13.91,14.57,13.88,14.33,13.97,0.36,2.577,76442.94,108376.859
300175.SZ,20241018,5.81,5.93,5.65,5.79,5.82,-0.03,-0.5155,427234.71,246527.675
300176.SZ,20241018,5.78,6.05,5.67,5.96,5.74,0.22,3.8328,262564.35,154232.388
300177.SZ,20241018,10.8,12.09,10.7,11.75,11.11,0.64,5.7606,1437299.79,1634219.914
300179.SZ,20241018,7.66,7.98,7.62,7.86,7.65,0.21,2.7451,77537.48,60683.348
300180.SZ,20241018,8.87,10.1,8.73,9.59,9.05,0.54,5.9669,4154961.37,3957065.978
300181.SZ,20241018,15.35,16.14,15.35,15.79,15.5,0.29,1.871,274695.14,431539.083
300182.SZ,20241018,5.27,5.65,5.19,5.52,5.29,0.23,4.3478,1851131.63,1003494.26
300183.SZ,20241018,16.4,17.85,16.1,17.39,16.41,0.98,5.972,174265.02,298810.337
300184.SZ,20241018,10.22,10.86,10.0,10.6,10.29,0.31,3.0126,2932051.68,3061560.575
300185.SZ,20241018,2.33,2.45,2.32,2.42,2.33,0.09,3.8627,969961.96,230961.519
300187.SZ,20241018,4.95,5.15,4.89,5.07,4.97,0.1,2.0121,89342.06,44684.245
300188.SZ,20241018,14.62,15.58,14.43,15.09,14.81,0.28,1.8906,441528.86,660962.481
300189.SZ,20241018,2.8,2.88,2.68,2.84,2.81,0.03,1.0676,753907.31,209265.486
300190.SZ,20241018,3.49,3.64,3.45,3.58,3.49,0.09,2.5788,129556.55,45836.742
300191.SZ,20241018,14.13,14.72,14.06,14.52,14.02,0.5,3.5663,52324.84,75317.288
300192.SZ,20241018,13.88,15.01,13.72,14.59,14.08,0.51,3.6222,402435.0,573201.101
300193.SZ,20241018,8.65,9.25,8.65,9.05,8.67,0.38,4.3829,156079.23,139587.21
300194.SZ,20241018,4.56,4.82,4.55,4.77,4.59,0.18,3.9216,488900.4,228831.889
300195.SZ,20241018,5.03,5.3,4.98,5.17,5.02,0.15,2.988,147639.24,75553.166
300196.SZ,20241018,10.88,11.32,10.75,11.14,10.88,0.26,2.3897,36090.07,39762.571
300197.SZ,20241018,1.79,1.91,1.76,1.87,1.8,0.07,3.8889,1336261.15,244438.69
300198.SZ,20241018,2.04,2.15,1.99,2.1,2.06,0.04,1.9417,699296.64,144451.383
300199.SZ,20241018,11.53,12.51,11.5,12.04,11.71,0.33,2.8181,857799.87,1040010.073
300200.SZ,20241018,8.38,8.95,8.29,8.8,8.51,0.29,3.4078,261267.4,226520.442
300201.SZ,20241018,3.84,4.05,3.82,3.97,3.83,0.14,3.6554,311723.77,122658.477
300203.SZ,20241018,16.59,18.24,16.39,17.56,16.59,0.97,5.8469,280504.53,490024.745
300204.SZ,20241018,7.55,8.1,7.55,7.89,7.61,0.28,3.6794,132187.59,103236.267
300205.SZ,20241018,5.74,5.95,5.71,5.8,5.78,0.02,0.346,121242.89,70793.516
300206.SZ,20241018,10.48,11.26,10.38,11.0,10.38,0.62,5.973,104347.77,112992.662
300207.SZ,20241018,21.07,23.28,20.98,22.41,21.12,1.29,6.108,907096.23,2001616.436
300208.SZ,20241018,2.02,2.12,2.02,2.1,2.03,0.07,3.4483,150198.0,31166.601
300209.SZ,20241018,3.91,4.05,3.9,4.03,3.95,0.08,2.0253,111367.43,44373.217
300210.SZ,20241018,10.92,11.95,10.9,11.73,11.02,0.71,6.4428,495664.75,569173.159
300211.SZ,20241018,6.81,7.28,6.72,7.12,6.76,0.36,5.3254,115705.0,81157.799
300212.SZ,20241018,28.53,32.92,28.38,31.24,29.04,2.2,7.5758,892158.91,2751156.591
300213.SZ,20241018,7.57,7.99,7.55,7.89,7.64,0.25,3.2723,388718.02,303404.31
300214.SZ,20241018,5.27,5.48,5.26,5.42,5.28,0.14,2.6515,62987.5,33948.85
300215.SZ,20241018,5.53,5.8,5.44,5.64,5.51,0.13,2.3593,204788.12,114636.816
300217.SZ,20241018,4.7,5.36,4.64,5.33,4.69,0.64,13.6461,1078183.21,543778.908
300218.SZ,20241018,17.29,17.76,16.93,17.42,17.19,0.23,1.338,89387.05,154953.187
300219.SZ,20241018,7.65,7.83,7.18,7.54,7.51,0.03,0.3995,511664.65,379766.806
300220.SZ,20241018,8.58,9.08,8.55,8.94,8.61,0.33,3.8328,75394.9,66700.255
300221.SZ,20241018,5.65,5.92,5.6,5.85,5.65,0.2,3.5398,311623.25,179769.041
300222.SZ,20241018,7.42,8.05,7.39,7.83,7.49,0.34,4.5394,344408.41,265934.569
300223.SZ,20241018,63.58,76.47,63.58,72.25,64.01,8.24,12.873,333190.65,2315908.565
300224.SZ,20241018,9.71,10.4,9.69,10.15,9.71,0.44,4.5314,165951.11,166287.619
300225.SZ,20241018,6.88,7.32,6.83,7.21,6.85,0.36,5.2555,211429.0,150475.412
300226.SZ,20241018,27.02,30.38,26.65,29.0,27.28,1.72,6.305,340330.57,963682.146
300227.SZ,20241018,7.5,7.93,7.43,7.78,7.55,0.23,3.0464,375611.42,289960.843
300228.SZ,20241018,6.75,7.15,6.75,7.04,6.85,0.19,2.7737,310916.88,216671.312
300229.SZ,20241018,16.65,18.01,16.47,17.47,16.8,0.67,3.9881,648100.06,1114823.246
300230.SZ,20241018,4.04,4.2,4.02,4.15,4.04,0.11,2.7228,215012.95,88434.398
300231.SZ,20241018,11.75,12.96,11.6,12.42,12.01,0.41,3.4138,603677.13,738933.252
300232.SZ,20241018,6.75,7.14,6.68,6.99,6.76,0.23,3.4024,474525.06,328587.511
300233.SZ,20241018,12.9,13.69,12.87,13.4,12.87,0.53,4.1181,106169.28,140565.41
300234.SZ,20241018,4.4,4.58,4.35,4.52,4.41,0.11,2.4943,80002.04,35726.599
300235.SZ,20241018,9.9,10.55,9.85,10.23,9.99,0.24,2.4024,130353.66,132666.968
300236.SZ,20241018,35.66,39.66,35.55,38.63,35.85,2.78,7.7545,142074.08,537148.62
300237.SZ,20241018,1.81,1.91,1.77,1.87,1.82,0.05,2.7473,819822.15,150388.169
300238.SZ,20241018,12.0,12.67,11.92,12.36,12.04,0.32,2.6578,131694.9,161625.848
300239.SZ,20241018,5.08,5.29,5.05,5.22,5.07,0.15,2.9586,156645.49,80975.689
300240.SZ,20241018,6.95,7.56,6.86,7.36,7.01,0.35,4.9929,473569.96,339977.136
300241.SZ,20241018,5.1,5.52,5.1,5.37,5.15,0.22,4.2718,550034.22,291591.865
300242.SZ,20241018,3.56,3.8,3.46,3.67,3.71,-0.04,-1.0782,812131.88,293982.668
300243.SZ,20241018,10.27,10.76,10.15,10.47,10.42,0.05,0.4798,240882.87,251805.793
300244.SZ,20241018,12.35,13.25,12.26,12.83,12.35,0.48,3.8866,207572.81,262787.26
300245.SZ,20241018,12.02,13.15,11.55,12.6,12.41,0.19,1.531,676763.21,838753.187
300246.SZ,20241018,7.15,7.35,7.04,7.25,7.11,0.14,1.9691,67005.61,48205.873
300247.SZ,20241018,3.14,3.34,3.11,3.29,3.13,0.16,5.1118,423286.22,138166.9
300248.SZ,20241018,8.95,9.48,8.84,9.26,9.0,0.26,2.8889,200923.52,183527.326
300249.SZ,20241018,9.24,9.79,9.24,9.48,9.34,0.14,1.4989,495429.27,471440.046
300250.SZ,20241018,16.42,17.6,16.3,17.07,16.57,0.5,3.0175,212632.23,361833.569
300251.SZ,20241018,7.92,8.38,7.81,8.15,7.92,0.23,2.904,558429.92,451878.253
300252.SZ,20241018,8.55,9.25,8.55,9.05,8.69,0.36,4.1427,494085.21,444163.038
300253.SZ,20241018,7.08,7.72,7.02,7.43,7.08,0.35,4.9435,713274.31,522793.834
300254.SZ,20241018,9.3,9.68,9.27,9.46,9.37,0.09,0.9605,175679.09,165837.6
300255.SZ,20241018,14.59,18.24,14.58,18.24,15.2,3.04,20.0,1089180.27,1878169.72
300256.SZ,20241018,3.42,3.65,3.35,3.52,3.45,0.07,2.029,2047713.6,714836.179
300257.SZ,20241018,8.51,9.14,8.49,8.88,8.55,0.33,3.8596,189428.0,166446.586
300258.SZ,20241018,8.24,8.74,8.24,8.58,8.29,0.29,3.4982,107973.8,91471.442
300259.SZ,20241018,3.18,3.32,3.15,3.27,3.2,0.07,2.1875,215472.09,69779.596
300260.SZ,20241018,23.36,27.01,23.36,25.54,23.15,2.39,10.324,306808.26,759814.803
300261.SZ,20241018,6.32,6.75,6.32,6.61,6.38,0.23,3.605,273143.96,178534.134
300263.SZ,20241018,6.45,6.92,6.44,6.75,6.48,0.27,4.1667,249842.74,167223.82
300264.SZ,20241018,5.99,6.35,5.75,6.06,5.73,0.33,5.7592,692034.9,419480.493
300265.SZ,20241018,7.61,8.07,7.61,7.93,7.68,0.25,3.2552,189472.26,148948.489
300266.SZ,20241018,2.13,2.22,2.07,2.18,2.11,0.07,3.3175,479841.36,102384.148
300267.SZ,20241018,2.7,2.83,2.67,2.77,2.69,0.08,2.974,490730.81,134360.124
300268.SZ,20241018,6.47,6.77,6.44,6.73,6.49,0.24,3.698,21360.9,14195.547
300269.SZ,20241018,3.9,4.13,3.81,4.04,3.91,0.13,3.3248,556856.57,221495.45
300270.SZ,20241018,6.93,7.33,6.85,7.17,6.95,0.22,3.1655,229819.14,163342.055
300271.SZ,20241018,6.34,6.84,6.28,6.64,6.42,0.22,3.4268,351961.04,230301.678
300272.SZ,20241018,6.01,6.31,5.99,6.2,6.01,0.19,3.1614,211737.11,130252.576
300274.SZ,20241018,86.56,96.0,85.51,94.5,86.56,7.94,9.1728,625414.13,5701160.639
300275.SZ,20241018,11.85,12.49,11.81,12.25,12.01,0.24,1.9983,149489.11,182185.224
300276.SZ,20241018,4.01,4.28,3.98,4.21,4.05,0.16,3.9506,620535.85,256765.231
300277.SZ,20241018,9.23,9.87,9.02,9.59,9.23,0.36,3.9003,216776.1,205034.519
300278.SZ,20241018,3.87,4.09,3.86,4.02,3.93,0.09,2.2901,427081.71,169948.083
300279.SZ,20241018,6.14,6.6,6.13,6.43,6.17,0.26,4.2139,306275.8,194680.664
300280.SZ,20241018,16.53,17.68,16.16,17.15,16.69,0.46,2.7561,209490.32,352389.294
300281.SZ,20241018,5.46,6.03,5.38,5.78,5.47,0.31,5.6673,321340.99,182641.939
300283.SZ,20241018,5.49,5.92,5.49,5.85,5.52,0.33,5.9783,234047.32,134691.912
300284.SZ,20241018,12.0,13.88,11.83,12.92,12.36,0.56,4.5307,2583105.03,3305487.083
300285.SZ,20241018,18.03,19.59,17.82,18.99,18.02,0.97,5.3829,233708.71,437371.349
300286.SZ,20241018,18.33,19.78,18.14,19.3,18.34,0.96,5.2345,73852.32,139663.73
300287.SZ,20241018,4.72,5.17,4.6,4.97,4.85,0.12,2.4742,2541808.79,1233435.199
300288.SZ,20241018,14.55,15.22,14.15,14.8,14.46,0.34,2.3513,218215.33,319084.56
300289.SZ,20241018,4.68,4.84,4.65,4.75,4.67,0.08,1.7131,111461.5,52909.012
300290.SZ,20241018,21.7,23.0,20.53,22.14,22.4,-0.26,-1.1607,1448099.37,3143374.243
300291.SZ,20241018,4.86,5.13,4.8,5.03,4.9,0.13,2.6531,334592.24,166286.868
300292.SZ,20241018,4.69,5.08,4.65,4.99,4.69,0.3,6.3966,1648649.62,809541.792
300293.SZ,20241018,28.29,33.7,27.91,32.4,28.09,4.31,15.3435,821928.12,2517020.739
300294.SZ,20241018,32.34,34.0,32.31,33.35,32.46,0.89,2.7418,101016.34,334961.041
300295.SZ,20241018,16.79,18.04,15.9,17.28,17.32,-0.04,-0.2309,420738.33,710196.534
300296.SZ,20241018,4.8,5.16,4.78,5.01,4.82,0.19,3.9419,807849.3,400016.19
300298.SZ,20241018,27.56,29.66,27.31,28.83,27.56,1.27,4.6081,83977.01,241523.126
300299.SZ,20241018,4.98,5.24,4.9,5.12,5.02,0.1,1.992,514083.87,260636.758
300300.SZ,20241018,2.17,2.36,2.16,2.31,2.18,0.13,5.9633,530080.57,121206.391
300301.SZ,20241018,1.38,1.43,1.36,1.42,1.38,0.04,2.8986,135805.01,18940.007
300302.SZ,20241018,15.34,17.23,15.33,16.84,15.66,1.18,7.5351,635128.13,1042632.03
300303.SZ,20241018,5.9,6.5,5.87,6.31,5.89,0.42,7.1307,1060629.11,656810.113
300304.SZ,20241018,7.51,8.05,7.49,7.92,7.51,0.41,5.4594,297645.64,231993.207
300305.SZ,20241018,5.69,5.96,5.66,5.87,5.7,0.17,2.9825,104455.59,60626.528
300306.SZ,20241018,11.43,12.1,11.43,11.9,11.47,0.43,3.7489,82456.27,97268.946
300307.SZ,20241018,7.12,7.5,7.04,7.29,7.19,0.1,1.3908,478238.87,347784.466
300308.SZ,20241018,150.0,177.0,149.66,168.0,150.5,17.5,11.6279,586464.01,9564395.29
300310.SZ,20241018,8.03,8.75,7.88,8.41,8.24,0.17,2.0631,1490107.42,1238671.54
300311.SZ,20241018,7.5,8.47,7.37,8.05,7.07,0.98,13.8614,2320858.06,1823149.319
300313.SZ,20241018,6.5,6.68,6.36,6.55,6.51,0.04,0.6144,84691.0,55110.829
300314.SZ,20241018,12.0,12.6,12.0,12.55,11.79,0.76,6.4461,157787.63,194601.988
300315.SZ,20241018,5.23,5.59,5.12,5.41,5.28,0.13,2.4621,2353735.58,1258599.555
300316.SZ,20241018,31.88,36.26,31.6,34.71,31.91,2.8,8.7747,471950.54,1591419.192
300317.SZ,20241018,3.85,4.08,3.85,4.02,3.9,0.12,3.0769,307842.06,122195.453
300318.SZ,20241018,5.57,5.88,5.56,5.76,5.59,0.17,3.0411,125005.04,71424.103
300319.SZ,20241018,11.28,12.21,11.28,11.9,11.36,0.54,4.7535,754464.12,891592.983
300320.SZ,20241018,9.35,10.13,9.18,9.98,9.21,0.77,8.3605,263693.52,258026.022
300321.SZ,20241018,16.4,17.1,16.22,16.82,16.42,0.4,2.4361,26673.23,44640.701
300322.SZ,20241018,13.3,14.4,13.2,13.91,13.42,0.49,3.6513,772664.86,1073910.711
300323.SZ,20241018,5.36,5.98,5.35,5.78,5.36,0.42,7.8358,440705.05,249119.372
300324.SZ,20241018,3.31,3.63,3.23,3.48,3.4,0.08,2.3529,3108184.01,1059477.481
300326.SZ,20241018,4.97,5.19,4.95,5.1,4.97,0.13,2.6157,138156.15,69913.451
300327.SZ,20241018,23.66,27.08,23.66,26.06,23.67,2.39,10.0972,314693.76,795830.475
300328.SZ,20241018,7.33,7.84,7.28,7.63,7.39,0.24,3.2476,466371.08,352321.026
300329.SZ,20241018,5.61,6.0,5.61,5.84,5.55,0.29,5.2252,196162.72,113647.787
300331.SZ,20241018,22.96,25.58,22.85,24.4,23.15,1.25,5.3996,239958.57,578854.803
300332.SZ,20241018,5.43,5.78,5.36,5.66,5.44,0.22,4.0441,190986.38,106063.808
300333.SZ,20241018,10.86,11.9,10.74,11.33,11.1,0.23,2.0721,812990.79,915706.52
300334.SZ,20241018,6.18,6.52,6.15,6.41,6.23,0.18,2.8892,109546.64,69105.329
300335.SZ,20241018,4.63,4.86,4.63,4.78,4.66,0.12,2.5751,186325.89,88244.809
300337.SZ,20241018,17.0,18.8,16.54,17.61,17.68,-0.07,-0.3959,1770918.23,3083551.503
300338.SZ,20241018,2.37,2.39,2.33,2.37,2.36,0.01,0.4237,196361.67,46260.678
300339.SZ,20241018,60.2,66.72,57.01,62.95,62.37,0.58,0.9299,2749672.15,16838747.906
300340.SZ,20241018,8.99,9.58,8.93,9.3,8.95,0.35,3.9106,111171.92,102696.689
300341.SZ,20241018,17.13,20.8,17.05,19.99,17.86,2.13,11.9261,736239.97,1394112.468
300342.SZ,20241018,16.23,17.49,16.1,16.99,16.43,0.56,3.4084,450699.47,761393.378
300343.SZ,20241018,5.37,5.77,5.33,5.58,5.37,0.21,3.9106,470641.29,260105.441
300344.SZ,20241018,4.35,4.6,4.31,4.5,4.41,0.09,2.0408,313465.75,140165.686
300345.SZ,20241018,6.56,6.7,6.41,6.68,6.55,0.13,1.9847,123224.07,80710.404
300346.SZ,20241018,39.44,46.12,39.2,43.03,39.43,3.6,9.1301,816303.4,3431301.015
300347.SZ,20241018,59.53,66.85,59.3,64.0,59.72,4.28,7.1668,180137.43,1127916.14
300348.SZ,20241018,19.61,22.0,17.57,19.97,18.78,1.19,6.3365,2559175.64,4902462.308
300349.SZ,20241018,13.8,14.69,13.77,14.36,13.93,0.43,3.0869,212496.6,301906.535
300350.SZ,20241018,5.72,5.98,5.67,5.85,5.79,0.06,1.0363,492166.18,286785.991
300351.SZ,20241018,16.65,18.08,16.62,17.62,16.73,0.89,5.3198,215096.07,373924.628
300352.SZ,20241018,6.1,6.36,5.9,6.17,6.12,0.05,0.817,1663863.02,1013383.974
300353.SZ,20241018,11.37,12.2,11.25,11.84,11.47,0.37,3.2258,545697.86,640022.841
300354.SZ,20241018,32.66,34.88,32.46,34.24,32.77,1.47,4.4858,40974.93,138193.09
300355.SZ,20241018,5.1,5.74,5.06,5.39,5.43,-0.04,-0.7366,4657376.06,2534433.123
300357.SZ,20241018,21.5,24.06,21.5,22.93,21.61,1.32,6.1083,148426.0,334313.349
300358.SZ,20241018,6.98,7.38,6.95,7.22,7.01,0.21,2.9957,181113.78,129610.466
300359.SZ,20241018,5.69,6.08,5.56,5.94,5.67,0.27,4.7619,378073.87,220032.57
300360.SZ,20241018,15.81,16.8,15.81,16.47,15.84,0.63,3.9773,123516.51,201519.21
300363.SZ,20241018,14.51,15.82,14.41,15.31,14.49,0.82,5.6591,181483.33,273786.555
300364.SZ,20241018,25.0,27.0,24.24,25.61,25.26,0.35,1.3856,1321880.02,3356949.669
300365.SZ,20241018,6.08,6.42,5.99,6.29,6.13,0.16,2.6101,285606.94,177615.122
300366.SZ,20241018,10.42,11.26,10.3,10.88,10.61,0.27,2.5448,591598.0,637487.857
300368.SZ,20241018,3.6,4.12,3.59,3.92,3.61,0.31,8.5873,422122.33,161466.924
300369.SZ,20241018,8.7,9.49,8.7,9.22,8.95,0.27,3.0168,923486.43,834856.901
300370.SZ,20241018,2.88,3.1,2.84,3.01,2.99,0.02,0.6689,2223454.02,661225.933
300371.SZ,20241018,10.07,10.42,9.96,10.24,9.81,0.43,4.3833,100694.01,102414.59
300373.SZ,20241018,44.35,50.1,44.27,48.42,44.37,4.05,9.1278,348992.31,1648419.022
300374.SZ,20241018,17.56,18.4,17.03,17.93,17.93,0.0,0.0,330223.49,584899.773
300375.SZ,20241018,4.6,4.87,4.59,4.79,4.62,0.17,3.6797,349937.33,166143.036
300376.SZ,20241018,3.16,3.39,3.14,3.34,3.18,0.16,5.0314,476235.4,157123.629
300377.SZ,20241018,12.67,15.6,12.09,13.98,13.06,0.92,7.0444,2003781.02,2740864.359
300378.SZ,20241018,22.37,24.17,21.94,23.27,22.35,0.92,4.1163,224995.76,517115.482
300379.SZ,20241018,17.17,19.88,16.8,18.76,17.49,1.27,7.2613,1346009.35,2492906.409
300380.SZ,20241018,37.1,44.6,35.6,40.54,38.04,2.5,6.572,287121.45,1134983.689
300381.SZ,20241018,6.78,7.12,6.77,6.97,6.83,0.14,2.0498,132712.53,91924.164
300382.SZ,20241018,9.65,10.44,9.39,10.19,9.65,0.54,5.5959,389755.67,388259.018
300383.SZ,20241018,10.09,10.85,9.89,10.49,10.01,0.48,4.7952,625466.44,647800.206
300384.SZ,20241018,15.31,16.28,15.12,15.98,15.38,0.6,3.9012,81189.1,127647.035
300385.SZ,20241018,4.32,4.53,4.27,4.48,4.35,0.13,2.9885,62677.96,27587.371
300386.SZ,20241018,16.14,17.75,15.89,17.04,16.56,0.48,2.8986,473825.81,797075.458
300387.SZ,20241018,7.6,7.95,7.55,7.85,7.65,0.2,2.6144,111888.03,86885.008
300388.SZ,20241018,6.8,7.14,6.7,7.02,6.88,0.14,2.0349,165651.31,114268.423
300389.SZ,20241018,11.01,11.59,10.83,11.34,11.15,0.19,1.704,150663.45,168300.384
300390.SZ,20241018,21.9,24.48,21.73,23.43,21.9,1.53,6.9863,385228.94,881915.728
300391.SZ,20241018,4.58,4.92,4.53,4.84,4.57,0.27,5.9081,263445.71,123658.062
300393.SZ,20241018,7.1,7.48,6.99,7.26,7.03,0.23,3.2717,328788.02,236634.161
300394.SZ,20241018,96.42,109.28,96.04,104.54,96.15,8.39,8.7259,321558.69,3293727.362
300395.SZ,20241018,41.9,46.28,41.42,44.77,42.2,2.57,6.09,152877.7,673837.164
300396.SZ,20241018,15.62,16.68,15.5,16.27,15.62,0.65,4.1613,135392.63,216712.863
300397.SZ,20241018,11.4,12.18,11.16,11.82,11.57,0.25,2.1608,500454.81,584151.268
300398.SZ,20241018,14.51,16.08,14.48,15.6,14.57,1.03,7.0693,374921.15,572609.625
300399.SZ,20241018,18.98,22.0,18.59,20.89,19.16,1.73,9.0292,316854.19,638879.986
300400.SZ,20241018,16.1,17.99,16.0,17.35,15.96,1.39,8.7093,281509.0,480745.559
300401.SZ,20241018,14.57,15.3,14.25,14.91,14.89,0.02,0.1343,566496.75,834290.831
300402.SZ,20241018,14.57,15.33,14.51,15.1,14.71,0.39,2.6513,99244.77,147662.664
300403.SZ,20241018,7.61,8.18,7.61,8.08,7.65,0.43,5.6209,297645.47,235327.447
300404.SZ,20241018,8.52,9.0,8.45,8.8,8.54,0.26,3.0445,146160.73,127412.952
300405.SZ,20241018,4.63,4.84,4.56,4.73,4.62,0.11,2.381,127990.19,60232.364
300406.SZ,20241018,13.06,14.01,13.05,13.63,13.12,0.51,3.8872,102708.2,138931.954
300407.SZ,20241018,12.6,13.29,12.28,12.87,12.51,0.36,2.8777,273463.84,349809.53
300408.SZ,20241018,34.18,37.49,34.11,36.25,34.29,1.96,5.716,250228.3,893312.88
300409.SZ,20241018,11.37,12.2,11.3,11.87,11.36,0.51,4.4894,215081.0,252378.721
300410.SZ,20241018,5.83,6.18,5.81,6.08,5.83,0.25,4.2882,169670.34,101785.918
300411.SZ,20241018,12.0,14.01,12.0,13.68,12.3,1.38,11.2195,711141.64,940877.549
300412.SZ,20241018,3.94,4.17,3.92,4.12,3.96,0.16,4.0404,199397.77,80594.875
300413.SZ,20241018,23.08,24.97,22.79,24.36,23.19,1.17,5.0453,324349.98,770624.352
300414.SZ,20241018,8.58,8.94,8.35,8.75,8.68,0.07,0.8065,193023.32,166452.106
300415.SZ,20241018,21.77,23.61,21.33,22.96,21.55,1.41,6.5429,123126.28,277789.95
300416.SZ,20241018,12.16,13.21,12.1,12.81,12.18,0.63,5.1724,230617.32,291563.231
300417.SZ,20241018,11.26,11.95,10.9,11.62,11.47,0.15,1.3078,135016.21,155207.642
300418.SZ,20241018,41.4,43.0,38.79,41.45,41.45,0.0,0.0,1734752.1,7039545.509
300419.SZ,20241018,6.85,7.43,6.8,7.18,6.97,0.21,3.0129,475891.89,337288.056
300420.SZ,20241018,2.53,2.65,2.52,2.61,2.55,0.06,2.3529,265918.47,68873.419
300421.SZ,20241018,9.95,10.45,9.7,10.22,9.86,0.36,3.6511,253545.91,255596.871
300422.SZ,20241018,4.59,4.84,4.54,4.73,4.59,0.14,3.0501,131275.27,61413.897
300423.SZ,20241018,6.25,6.56,6.22,6.44,6.28,0.16,2.5478,138896.79,88820.183
300424.SZ,20241018,14.84,15.8,14.75,15.52,15.08,0.44,2.9178,241734.06,372507.07
300425.SZ,20241018,6.23,6.5,6.06,6.31,6.29,0.02,0.318,1121468.79,702250.686
300426.SZ,20241018,10.0,10.77,9.81,10.44,10.1,0.34,3.3663,165080.94,169775.968
300427.SZ,20241018,8.53,9.05,8.2,8.79,8.84,-0.05,-0.5656,1303931.74,1117639.34
300428.SZ,20241018,16.7,17.84,16.62,17.36,16.69,0.67,4.0144,110922.98,190675.127
300429.SZ,20241018,13.7,15.3,13.51,14.79,13.83,0.96,6.9414,960120.55,1379418.228
300430.SZ,20241018,13.9,14.58,13.47,14.3,13.94,0.36,2.5825,296862.27,414523.946
300432.SZ,20241018,10.17,11.99,10.1,11.56,10.26,1.3,12.6706,1055433.79,1167657.684
300433.SZ,20241018,21.0,23.0,20.88,22.52,21.04,1.48,7.0342,877798.89,1944299.216
300434.SZ,20241018,8.58,8.91,8.45,8.81,8.72,0.09,1.0321,107302.01,93000.439
300435.SZ,20241018,10.85,11.4,10.85,11.21,10.91,0.3,2.7498,75581.14,84082.875
300436.SZ,20241018,26.37,29.29,26.0,28.56,26.38,2.18,8.2638,178392.61,491255.136
300437.SZ,20241018,9.62,10.07,9.51,9.84,9.62,0.22,2.2869,67417.31,65667.807
300438.SZ,20241018,29.98,33.25,29.98,32.22,30.48,1.74,5.7087,439664.49,1390393.429
300439.SZ,20241018,10.72,11.26,10.66,11.04,10.75,0.29,2.6977,79936.0,87396.489
300440.SZ,20241018,7.5,7.88,7.07,7.54,7.5,0.04,0.5333,658142.25,484682.563
300441.SZ,20241018,8.04,8.44,8.04,8.33,8.03,0.3,3.736,205340.17,169492.454
300442.SZ,20241018,30.55,34.3,30.26,33.0,30.25,2.75,9.0909,368603.45,1186442.762
300443.SZ,20241018,18.36,19.88,18.36,19.32,18.37,0.95,5.1715,126960.15,241339.741
300444.SZ,20241018,6.55,6.92,6.54,6.78,6.6,0.18,2.7273,373533.37,252005.133
300445.SZ,20241018,15.85,16.7,15.82,16.39,15.93,0.46,2.8876,35760.03,58221.183
300446.SZ,20241018,17.11,18.5,16.71,17.8,17.58,0.22,1.2514,610610.6,1064381.195
300447.SZ,20241018,13.85,14.53,13.73,14.25,13.94,0.31,2.2238,89599.3,127026.843
300448.SZ,20241018,6.2,6.59,6.11,6.46,6.23,0.23,3.6918,443840.05,281654.327
300449.SZ,20241018,6.0,6.27,5.95,6.14,6.0,0.14,2.3333,148034.69,90337.665
300450.SZ,20241018,17.11,19.17,17.04,18.51,17.15,1.36,7.93,673605.14,1214371.645
300451.SZ,20241018,4.81,5.43,4.77,5.22,4.87,0.35,7.1869,1217627.22,620373.534
300452.SZ,20241018,12.14,12.73,12.14,12.53,12.2,0.33,2.7049,54428.0,67740.209
300453.SZ,20241018,7.55,7.89,7.47,7.84,7.54,0.3,3.9788,122632.57,93989.821
300454.SZ,20241018,64.68,73.2,62.5,68.8,66.05,2.75,4.1635,158143.37,1046006.732
300455.SZ,20241018,13.84,14.96,13.83,14.57,13.98,0.59,4.2203,327830.8,473813.25
300456.SZ,20241018,18.4,20.49,18.38,19.85,18.46,1.39,7.5298,605440.67,1178545.787
300457.SZ,20241018,17.81,19.6,17.81,18.99,17.95,1.04,5.7939,315206.3,589349.002
300458.SZ,20241018,36.0,42.9,35.78,41.49,35.76,5.73,16.0235,1205259.1,4756365.466
300459.SZ,20241018,4.9,5.14,4.78,4.99,4.96,0.03,0.6048,3531422.71,1752879.892
300460.SZ,20241018,15.77,17.36,15.62,16.43,15.76,0.67,4.2513,643190.87,1067972.085
300461.SZ,20241018,19.87,21.47,19.84,20.96,20.17,0.79,3.9167,88106.04,182384.544
300462.SZ,20241018,9.97,10.85,9.93,10.59,10.06,0.53,5.2684,261171.41,273290.002
300463.SZ,20241018,13.69,14.53,13.61,14.19,13.67,0.52,3.804,140379.85,197193.398
300464.SZ,20241018,4.83,5.08,4.8,4.98,4.88,0.1,2.0492,167995.8,82729.643
300465.SZ,20241018,13.73,15.0,13.63,14.4,13.54,0.86,6.3516,949210.7,1349730.08
300466.SZ,20241018,7.59,8.12,7.58,7.94,7.69,0.25,3.251,265865.28,208967.614
300467.SZ,20241018,16.25,16.91,15.8,16.58,16.37,0.21,1.2828,160962.09,264706.077
300468.SZ,20241018,23.1,26.6,22.52,24.7,23.86,0.84,3.5205,1627073.19,3974612.578
300469.SZ,20241018,24.5,26.34,23.23,25.13,24.48,0.65,2.6552,518966.33,1288755.107
300470.SZ,20241018,35.35,37.39,34.7,36.18,35.68,0.5,1.4013,62504.52,223272.626
300471.SZ,20241018,10.36,10.74,10.24,10.57,10.45,0.12,1.1483,160599.11,168208.661
300472.SZ,20241018,6.53,6.95,6.52,6.76,6.64,0.12,1.8072,140064.63,93569.367
300473.SZ,20241018,19.36,20.62,19.36,20.16,19.4,0.76,3.9175,101130.05,202231.009
300474.SZ,20241018,84.56,98.01,84.0,92.99,85.6,7.39,8.6332,486132.75,4405550.852
300475.SZ,20241018,30.6,34.56,30.52,33.42,30.58,2.84,9.2871,338222.34,1108665.254
300476.SZ,20241018,44.2,51.95,43.82,49.92,43.44,6.48,14.9171,802012.89,3820468.59
300477.SZ,20241018,2.93,3.1,2.91,3.05,2.94,0.11,3.7415,516673.03,155661.396
300478.SZ,20241018,8.49,8.8,8.41,8.67,8.5,0.17,2.0,54922.8,47326.323
300479.SZ,20241018,18.85,20.0,18.48,19.44,18.85,0.59,3.13,178652.12,343011.348
300480.SZ,20241018,14.38,15.91,14.33,15.67,14.42,1.25,8.6685,217433.7,331843.477
300481.SZ,20241018,14.94,15.78,14.94,15.45,15.03,0.42,2.7944,95011.92,145734.857
300482.SZ,20241018,24.18,26.05,24.11,25.2,24.27,0.93,3.8319,124198.34,311396.123
300483.SZ,20241018,8.55,8.81,8.44,8.67,8.56,0.11,1.285,90002.42,77510.888
300484.SZ,20241018,14.81,16.16,14.75,15.74,14.92,0.82,5.496,231763.19,360018.83
300485.SZ,20241018,7.51,7.88,7.51,7.73,7.55,0.18,2.3841,53911.01,41431.275
300486.SZ,20241018,6.11,6.63,6.01,6.39,6.06,0.33,5.4455,368440.05,232683.006
300487.SZ,20241018,50.12,55.0,50.06,53.5,50.48,3.02,5.9826,65673.21,345879.745
300488.SZ,20241018,21.6,22.99,21.5,22.84,22.08,0.76,3.442,32327.04,72047.355
300489.SZ,20241018,56.69,56.69,56.69,56.69,47.24,9.45,20.0042,23069.92,130783.376
300490.SZ,20241018,7.75,8.18,7.72,8.01,7.8,0.21,2.6923,181349.66,143808.14
300491.SZ,20241018,15.1,16.16,15.1,15.85,15.17,0.68,4.4825,80489.13,125420.978
300492.SZ,20241018,74.0,78.0,73.53,75.89,74.76,1.13,1.5115,17744.32,134528.94
300493.SZ,20241018,14.9,17.15,14.71,16.23,15.1,1.13,7.4834,961930.12,1512013.555
300494.SZ,20241018,11.12,11.76,10.87,11.46,11.14,0.32,2.8725,407906.31,460562.788
300496.SZ,20241018,59.3,65.08,58.3,62.9,59.47,3.43,5.7676,539231.66,3326457.181
300497.SZ,20241018,9.79,10.05,9.67,9.9,9.83,0.07,0.7121,148882.34,146750.144
300498.SZ,20241018,17.59,18.69,17.49,18.28,17.61,0.67,3.8047,684127.34,1229831.171
300499.SZ,20241018,12.04,13.96,11.85,13.45,11.8,1.65,13.9831,682822.15,877270.842
300500.SZ,20241018,11.98,12.55,11.82,12.3,12.03,0.27,2.2444,76777.89,93442.966
300501.SZ,20241018,13.64,14.3,13.5,14.03,13.65,0.38,2.7839,40441.99,56040.436
300502.SZ,20241018,134.0,153.97,133.51,146.95,134.36,12.59,9.3703,538419.39,7752891.016
300503.SZ,20241018,14.95,16.3,14.82,15.93,15.08,0.85,5.6366,337820.59,531288.549
300504.SZ,20241018,17.7,18.58,17.5,18.22,17.61,0.61,3.4639,227203.18,408821.157
300505.SZ,20241018,14.03,14.96,14.03,14.61,14.16,0.45,3.178,191527.69,277278.73
300506.SZ,20241018,3.52,3.66,3.44,3.6,3.59,0.01,0.2786,290054.99,102736.067
300507.SZ,20241018,6.21,6.66,6.15,6.51,6.19,0.32,5.1696,447690.2,287452.51
300508.SZ,20241018,25.12,26.55,25.07,26.24,25.28,0.96,3.7975,31351.7,81134.075
300509.SZ,20241018,5.95,6.19,5.9,6.09,5.95,0.14,2.3529,53484.6,32452.307
300510.SZ,20241018,4.32,4.52,4.28,4.42,4.33,0.09,2.0785,392552.64,171887.749
300511.SZ,20241018,3.57,3.74,3.49,3.66,3.57,0.09,2.521,250675.39,90054.731
300512.SZ,20241018,6.7,7.12,6.7,6.98,6.77,0.21,3.1019,58798.81,40809.519
300513.SZ,20241018,9.23,9.7,9.16,9.56,9.24,0.32,3.4632,120830.51,114703.118
300514.SZ,20241018,13.36,14.15,13.3,13.86,13.4,0.46,3.4328,80796.55,110848.028
300515.SZ,20241018,11.1,11.69,11.04,11.45,11.14,0.31,2.7828,43004.87,49026.76
300516.SZ,20241018,37.5,39.28,36.46,38.12,37.06,1.06,2.8602,57797.51,218858.107
300517.SZ,20241018,9.13,9.56,9.01,9.35,9.13,0.22,2.4096,61398.08,57129.866
300518.SZ,20241018,12.09,12.6,11.52,12.26,12.25,0.01,0.0816,158191.35,190443.1
300519.SZ,20241018,14.01,14.69,13.79,14.44,14.05,0.39,2.7758,78028.2,110966.12
300520.SZ,20241018,18.05,20.99,17.91,20.03,18.25,1.78,9.7534,398237.28,784143.854
300521.SZ,20241018,12.8,13.5,12.76,13.29,12.78,0.51,3.9906,33011.84,43795.042
300522.SZ,20241018,12.52,13.36,12.18,13.05,12.55,0.5,3.9841,184619.34,235622.27
300523.SZ,20241018,21.96,23.4,21.21,22.73,22.5,0.23,1.0222,142233.69,319828.887
300525.SZ,20241018,16.77,18.35,16.5,17.75,16.78,0.97,5.7807,400559.92,697839.161
300527.SZ,20241018,10.3,10.91,9.9,10.57,10.62,-0.05,-0.4708,993491.96,1029060.34
300528.SZ,20241018,8.06,8.44,7.93,8.24,8.06,0.18,2.2333,118751.12,97084.12
300529.SZ,20241018,30.09,32.65,29.53,31.45,29.99,1.46,4.8683,155548.91,480609.419
300530.SZ,20241018,19.79,21.08,19.6,20.52,19.71,0.81,4.1096,46659.15,94581.908
300531.SZ,20241018,16.71,18.0,16.62,17.5,17.06,0.44,2.5791,288856.55,502631.894
300532.SZ,20241018,11.69,12.75,11.65,12.37,11.83,0.54,4.5647,222218.57,270637.864
300533.SZ,20241018,17.3,18.03,16.82,17.66,17.34,0.32,1.8454,120787.15,211051.014
300534.SZ,20241018,9.0,9.51,8.93,9.28,9.11,0.17,1.8661,207788.81,191223.318
300535.SZ,20241018,14.99,16.52,14.9,15.82,15.52,0.3,1.933,148280.62,233744.787
300536.SZ,20241018,5.02,5.15,4.91,5.07,5.0,0.07,1.4,176265.33,88923.763
300537.SZ,20241018,18.7,20.49,18.56,19.83,18.77,1.06,5.6473,238308.08,464635.438
300538.SZ,20241018,16.71,18.0,16.63,17.65,16.81,0.84,4.997,145048.8,252271.432
300539.SZ,20241018,9.18,9.62,9.01,9.39,9.18,0.21,2.2876,43189.6,40554.136
300540.SZ,20241018,24.65,25.44,23.51,24.99,25.18,-0.19,-0.7546,161608.78,393387.696
300541.SZ,20241018,13.39,14.69,13.31,14.21,13.62,0.59,4.3319,763793.69,1071942.26
300542.SZ,20241018,22.41,26.16,22.27,26.16,21.8,4.36,20.0,648950.17,1644800.59
300543.SZ,20241018,9.31,9.91,9.31,9.65,9.36,0.29,3.0983,131973.39,126994.029
300545.SZ,20241018,28.3,30.76,28.19,29.98,28.41,1.57,5.5262,104272.58,307517.055
300546.SZ,20241018,16.32,17.37,16.23,16.9,16.5,0.4,2.4242,131699.61,221681.418
300547.SZ,20241018,17.4,19.5,17.4,18.9,17.75,1.15,6.4789,255787.76,478536.718
300548.SZ,20241018,21.64,23.52,21.55,22.97,21.64,1.33,6.146,241823.81,546887.891
300549.SZ,20241018,15.22,16.3,15.2,15.95,15.34,0.61,3.9765,47157.18,74456.523
300550.SZ,20241018,13.08,13.58,12.6,13.28,13.08,0.2,1.5291,58185.12,76591.357
300551.SZ,20241018,13.06,14.44,12.53,13.88,13.36,0.52,3.8922,708511.29,954605.674
300552.SZ,20241018,36.84,41.9,36.51,39.89,37.21,2.68,7.2024,331823.8,1314463.89
300553.SZ,20241018,23.77,25.47,23.49,24.92,23.77,1.15,4.838,22157.66,54634.837
300554.SZ,20241018,23.1,24.98,23.02,24.08,22.57,1.51,6.6903,149096.21,354045.855
300555.SZ,20241018,7.34,7.75,7.34,7.65,7.37,0.28,3.7992,42160.76,32000.074
300556.SZ,20241018,19.6,20.8,19.59,20.32,19.59,0.73,3.7264,121592.76,245003.764
300557.SZ,20241018,27.99,29.85,27.82,29.0,27.97,1.03,3.6825,42880.0,123440.325
300558.SZ,20241018,42.96,47.22,42.6,45.4,42.86,2.54,5.9263,113890.89,509058.825
300559.SZ,20241018,9.83,10.36,9.69,10.12,9.93,0.19,1.9134,180785.87,180393.028
300560.SZ,20241018,14.75,15.79,14.65,15.36,14.75,0.61,4.1356,186450.7,283474.031
300561.SZ,20241018,18.71,22.36,18.03,20.62,19.29,1.33,6.8948,597304.62,1197708.46
300562.SZ,20241018,12.57,13.34,12.57,13.04,12.66,0.38,3.0016,228532.01,295819.034
300563.SZ,20241018,57.88,67.0,57.4,61.32,58.75,2.57,4.3745,491183.8,2966689.476
300564.SZ,20241018,12.17,12.43,11.45,12.2,12.4,-0.2,-1.6129,124589.9,148746.203
300565.SZ,20241018,13.44,14.58,13.4,14.23,13.45,0.78,5.7993,320567.48,451766.386
300566.SZ,20241018,18.0,19.12,17.81,18.67,17.96,0.71,3.9532,191209.83,353906.058
300567.SZ,20241018,60.4,67.47,60.33,64.78,60.9,3.88,6.3711,142039.3,906411.142
300568.SZ,20241018,8.99,9.86,8.93,9.5,8.97,0.53,5.9086,731660.66,682895.567
300569.SZ,20241018,4.96,5.19,4.91,5.09,4.96,0.13,2.621,264174.96,133339.777
300570.SZ,20241018,35.95,40.8,35.95,39.3,36.11,3.19,8.8341,267782.42,1029188.779
300571.SZ,20241018,24.54,25.85,24.13,25.34,24.38,0.96,3.9377,70655.83,177263.264
300572.SZ,20241018,14.41,15.73,14.13,15.46,14.47,0.99,6.8417,190608.83,288059.395
300573.SZ,20241018,86.01,95.88,86.01,92.11,86.75,5.36,6.1787,136413.77,1238882.138
300575.SZ,20241018,6.12,6.41,6.11,6.3,6.16,0.14,2.2727,95692.8,59734.341
300576.SZ,20241018,48.99,56.98,47.88,53.35,48.99,4.36,8.8998,489240.33,2543828.134
300577.SZ,20241018,22.72,23.53,22.64,23.08,22.85,0.23,1.0066,16929.16,39046.779
300578.SZ,20241018,16.94,17.88,16.7,17.46,16.94,0.52,3.0697,118384.33,204745.025
300579.SZ,20241018,27.34,29.79,27.34,28.92,28.03,0.89,3.1752,115295.12,330179.407
300580.SZ,20241018,15.55,17.34,15.4,16.85,15.66,1.19,7.599,261028.1,429358.435
300581.SZ,20241018,10.03,10.67,9.87,10.43,10.22,0.21,2.0548,358413.6,369521.671
300582.SZ,20241018,11.13,11.83,11.09,11.61,11.13,0.48,4.3127,104232.94,119480.363
300583.SZ,20241018,21.75,23.12,21.7,22.72,21.93,0.79,3.6024,93464.91,210710.611
300584.SZ,20241018,21.58,22.51,21.23,22.09,21.43,0.66,3.0798,66888.04,146017.671
300585.SZ,20241018,13.74,14.68,13.68,14.39,13.86,0.53,3.824,119559.05,170391.266
300586.SZ,20241018,7.03,7.35,6.98,7.22,7.03,0.19,2.7027,120312.11,86395.643
300587.SZ,20241018,4.55,4.9,4.47,4.71,4.55,0.16,3.5165,355434.36,165191.007
300588.SZ,20241018,14.11,15.49,13.71,14.72,14.83,-0.11,-0.7417,343530.41,495649.728
300589.SZ,20241018,12.91,13.57,12.75,13.31,13.08,0.23,1.7584,154386.4,203439.436
300590.SZ,20241018,13.9,15.16,13.84,14.7,13.93,0.77,5.5276,320623.28,465343.677
300591.SZ,20241018,5.3,5.45,5.08,5.37,5.29,0.08,1.5123,430319.39,225851.34
300592.SZ,20241018,12.37,13.18,12.34,12.89,12.47,0.42,3.3681,110144.16,140713.38
300593.SZ,20241018,12.0,12.98,11.98,12.5,12.12,0.38,3.1353,203604.48,251362.906
300594.SZ,20241018,17.22,18.13,16.62,17.81,17.24,0.57,3.3063,85026.16,149385.046
300595.SZ,20241018,18.32,20.06,18.03,19.23,18.23,1.0,5.4855,233415.24,441529.564
300596.SZ,20241018,27.92,29.97,27.56,29.2,27.8,1.4,5.036,50053.66,143929.629
300597.SZ,20241018,8.62,9.09,8.55,8.88,8.66,0.22,2.5404,133209.0,117761.077
300598.SZ,20241018,61.2,70.0,60.2,64.96,63.73,1.23,1.93,425704.6,2722595.661
300599.SZ,20241018,5.98,6.25,5.98,6.15,6.03,0.12,1.99,60827.0,37152.161
300600.SZ,20241018,6.87,7.13,6.8,7.09,6.88,0.21,3.0523,57235.26,40137.268
300601.SZ,20241018,17.06,19.0,17.06,18.26,17.25,1.01,5.8551,259168.99,465090.697
300602.SZ,20241018,19.05,20.73,19.05,20.2,19.41,0.79,4.0701,617975.31,1242138.025
300603.SZ,20241018,9.05,9.62,9.05,9.4,9.19,0.21,2.2851,257575.3,241551.283
300604.SZ,20241018,40.03,45.15,39.8,43.35,40.16,3.19,7.9432,553660.79,2346762.892
300605.SZ,20241018,12.2,12.97,12.1,12.67,12.29,0.38,3.0919,80422.53,100987.477
300606.SZ,20241018,22.36,23.99,21.97,23.5,21.98,1.52,6.9154,204506.78,473329.498
300607.SZ,20241018,11.7,12.56,11.68,12.3,11.8,0.5,4.2373,109191.81,132482.587
300608.SZ,20241018,13.35,14.15,13.08,13.76,13.48,0.28,2.0772,300741.25,408174.035
300609.SZ,20241018,35.85,38.71,34.45,37.5,36.41,1.09,2.9937,151141.69,548350.344
300610.SZ,20241018,9.51,9.91,9.42,9.83,9.61,0.22,2.2893,94826.39,91458.278
300611.SZ,20241018,9.62,10.19,9.2,10.05,9.56,0.49,5.1255,99425.73,98084.174
300612.SZ,20241018,15.76,16.42,15.48,16.04,15.75,0.29,1.8413,126342.0,202099.212
300613.SZ,20241018,44.24,50.42,44.0,48.44,43.96,4.48,10.1911,158302.37,744949.683
300614.SZ,20241018,10.35,10.61,10.15,10.4,10.2,0.2,1.9608,31489.0,32778.327
300615.SZ,20241018,11.81,12.36,11.57,12.22,11.62,0.6,5.1635,96556.29,115724.794
300616.SZ,20241018,12.9,13.47,12.67,13.24,12.98,0.26,2.0031,123911.56,161254.409
300617.SZ,20241018,26.25,27.55,26.12,27.02,26.25,0.77,2.9333,20601.98,55481.032
300618.SZ,20241018,33.18,37.27,33.16,35.96,33.47,2.49,7.4395,244454.67,857527.094
300619.SZ,20241018,27.9,30.89,27.75,30.14,27.22,2.92,10.7274,99198.08,293373.878
300620.SZ,20241018,40.29,44.28,40.12,42.93,40.29,2.64,6.5525,141355.9,598326.128
300621.SZ,20241018,10.25,10.85,9.76,10.5,10.62,-0.12,-1.1299,347145.02,359747.153
300622.SZ,20241018,25.7,27.25,25.48,26.8,25.48,1.32,5.1805,253504.28,667758.658
300623.SZ,20241018,34.7,42.08,34.36,42.08,35.07,7.01,19.9886,1500419.53,5823261.883
300624.SZ,20241018,60.0,65.0,59.2,63.14,61.37,1.77,2.8841,283745.81,1764217.349
300625.SZ,20241018,11.08,11.63,11.06,11.49,11.21,0.28,2.4978,33946.0,38693.429
300626.SZ,20241018,9.48,9.92,9.39,9.84,9.47,0.37,3.9071,100563.2,97001.961
300627.SZ,20241018,34.32,37.76,34.18,36.73,34.64,2.09,6.0335,185561.08,669952.348
300628.SZ,20241018,38.08,40.24,38.03,39.26,38.18,1.08,2.8287,168714.51,662267.852
300629.SZ,20241018,19.2,20.15,19.11,19.96,19.45,0.51,2.6221,192599.2,379675.149
300630.SZ,20241018,9.78,10.45,9.74,10.18,9.89,0.29,2.9323,312461.49,314578.556
300631.SZ,20241018,19.45,20.63,19.34,20.31,19.45,0.86,4.4216,39223.36,78504.749
300632.SZ,20241018,11.3,12.07,11.22,11.78,11.26,0.52,4.6181,91974.86,107474.347
300633.SZ,20241018,30.44,33.9,30.02,32.78,30.46,2.32,7.6165,105903.56,337733.148
300634.SZ,20241018,19.12,20.61,18.99,20.11,19.38,0.73,3.7668,319377.96,633442.122
300635.SZ,20241018,10.32,10.96,10.23,10.67,10.5,0.17,1.619,105974.0,111857.775
300636.SZ,20241018,8.18,8.62,8.15,8.43,8.18,0.25,3.0562,86792.47,72553.173
300637.SZ,20241018,11.14,12.97,11.14,12.4,11.44,0.96,8.3916,480656.12,578102.418
300638.SZ,20241018,13.87,15.53,13.87,15.01,13.87,1.14,8.2192,505860.35,740709.353
300639.SZ,20241018,6.02,6.32,5.98,6.23,6.02,0.21,3.4884,230533.15,141463.356
300640.SZ,20241018,4.81,5.0,4.78,4.93,4.81,0.12,2.4948,65476.5,32066.519
300641.SZ,20241018,26.0,28.42,25.58,27.37,26.6,0.77,2.8947,729012.1,2000661.793
300642.SZ,20241018,14.33,14.98,14.23,14.64,14.38,0.26,1.8081,53385.29,77821.789
300643.SZ,20241018,12.1,13.05,12.01,12.71,12.07,0.64,5.3024,105036.41,131758.637
300644.SZ,20241018,20.38,21.85,20.31,21.49,20.51,0.98,4.7782,106754.44,228734.101
300645.SZ,20241018,15.09,15.85,14.87,15.5,15.0,0.5,3.3333,84550.26,129662.175
300647.SZ,20241018,6.71,7.12,6.67,6.93,6.82,0.11,1.6129,738225.78,509895.165
300648.SZ,20241018,23.46,24.95,23.02,24.3,23.46,0.84,3.5806,48505.12,117011.951
300649.SZ,20241018,11.52,11.92,11.29,11.73,11.7,0.03,0.2564,61060.4,70732.264
300650.SZ,20241018,10.85,11.52,10.82,11.24,10.83,0.41,3.7858,119902.5,134206.263
300651.SZ,20241018,12.75,13.32,12.65,13.05,12.75,0.3,2.3529,31159.2,40392.488
300652.SZ,20241018,25.3,28.28,25.3,26.97,25.3,1.67,6.6008,73788.21,200509.206
300653.SZ,20241018,21.72,22.96,21.72,22.55,21.91,0.64,2.921,37658.75,84081.421
300654.SZ,20241018,9.95,10.38,9.71,10.21,10.1,0.11,1.0891,288602.75,289804.79
300655.SZ,20241018,9.67,11.6,9.58,10.84,9.86,0.98,9.9391,1944300.89,2023366.953
300656.SZ,20241018,24.62,26.78,23.91,25.74,24.9,0.84,3.3735,125061.82,315750.487
300657.SZ,20241018,17.3,18.48,17.24,18.28,17.24,1.04,6.0325,477981.97,862069.31
300658.SZ,20241018,5.42,5.52,5.33,5.45,5.37,0.08,1.4898,64449.78,35101.586
300659.SZ,20241018,15.85,17.28,15.52,16.91,15.98,0.93,5.8198,208744.31,343950.645
300660.SZ,20241018,27.02,29.49,26.9,28.74,27.0,1.74,6.4444,105996.03,299315.014
300661.SZ,20241018,88.17,99.89,87.21,95.49,87.2,8.29,9.5069,115103.37,1065713.912
300662.SZ,20241018,18.77,20.11,18.57,19.66,18.68,0.98,5.2463,116050.51,224154.982
300663.SZ,20241018,24.2,29.25,23.54,26.1,25.3,0.8,3.1621,1350874.38,3419470.962
300664.SZ,20241018,4.7,4.89,4.66,4.83,4.72,0.11,2.3305,129364.36,61892.36
300665.SZ,20241018,6.14,6.37,6.08,6.3,6.11,0.19,3.1097,90716.72,56577.594
300666.SZ,20241018,60.78,68.15,60.21,65.75,60.09,5.66,9.4192,187737.69,1199998.429
300667.SZ,20241018,18.42,20.49,18.38,19.58,18.9,0.68,3.5979,197150.99,379347.463
300668.SZ,20241018,18.31,18.9,18.02,18.63,18.3,0.33,1.8033,23223.28,43043.293
300669.SZ,20241018,15.38,16.2,15.38,16.0,15.56,0.44,2.8278,26862.49,42655.449
300670.SZ,20241018,6.0,6.31,6.0,6.24,6.05,0.19,3.1405,138166.77,85396.017
300671.SZ,20241018,40.81,49.61,40.81,47.73,41.39,6.34,15.3177,312288.72,1418403.519
300672.SZ,20241018,67.57,79.68,67.3,75.66,67.57,8.09,11.9728,230082.47,1677180.92
300673.SZ,20241018,13.93,14.41,13.87,14.24,13.91,0.33,2.3724,48004.32,67937.091
300674.SZ,20241018,24.8,29.34,24.13,26.31,25.97,0.34,1.3092,1638478.96,4213687.619
300675.SZ,20241018,14.63,15.25,14.19,14.97,14.77,0.2,1.3541,136931.0,200412.8
300676.SZ,20241018,44.01,47.97,44.01,46.12,44.49,1.63,3.6637,84745.44,389665.95
300677.SZ,20241018,25.28,26.97,25.21,26.13,25.25,0.88,3.4851,243856.27,632852.03
300678.SZ,20241018,38.51,43.15,38.01,40.43,39.97,0.46,1.1509,623808.14,2495094.166
300679.SZ,20241018,44.0,49.03,43.73,47.14,44.3,2.84,6.4108,175429.82,819667.122
300680.SZ,20241018,18.0,19.23,17.97,18.88,18.1,0.78,4.3094,100247.97,186859.486
300681.SZ,20241018,15.43,17.45,15.42,16.96,15.48,1.48,9.5607,121694.05,202139.406
300682.SZ,20241018,11.21,12.16,11.17,11.73,11.33,0.4,3.5305,232315.45,270062.241
300683.SZ,20241018,24.4,25.18,23.81,24.72,24.05,0.67,2.7859,17082.7,41819.845
300684.SZ,20241018,19.48,20.55,19.36,19.94,19.36,0.58,2.9959,273916.08,545065.478
300685.SZ,20241018,21.93,23.57,21.61,22.89,21.92,0.97,4.4252,87305.46,198742.899
300686.SZ,20241018,10.34,10.73,10.1,10.5,10.42,0.08,0.7678,374257.1,390711.746
300687.SZ,20241018,19.75,21.52,19.3,20.35,19.98,0.37,1.8519,288282.65,580566.292
300688.SZ,20241018,26.03,27.51,25.43,26.72,26.34,0.38,1.4427,129196.33,340956.705
300689.SZ,20241018,22.7,24.89,22.21,24.1,22.71,1.39,6.1207,66318.44,156459.576
300690.SZ,20241018,21.58,23.0,21.49,22.68,21.78,0.9,4.1322,141342.99,316239.888
300691.SZ,20241018,18.67,19.95,18.22,19.38,18.65,0.73,3.9142,240160.29,454695.412
300692.SZ,20241018,4.89,5.1,4.84,5.01,4.88,0.13,2.6639,83964.46,41693.547
300693.SZ,20241018,24.13,26.18,24.06,25.31,24.13,1.18,4.8902,169025.55,424664.197
300694.SZ,20241018,8.79,9.3,8.78,9.13,8.8,0.33,3.75,57568.04,51946.342
300695.SZ,20241018,39.88,40.65,38.82,40.26,39.04,1.22,3.125,7487.0,29853.971
300696.SZ,20241018,16.8,17.96,16.68,17.43,17.02,0.41,2.4089,155448.61,269893.557
300697.SZ,20241018,11.42,12.4,11.42,12.06,11.48,0.58,5.0523,116222.4,138723.564
300698.SZ,20241018,41.13,44.0,40.86,42.73,41.13,1.6,3.8901,65247.25,280295.349
300699.SZ,20241018,32.12,34.65,31.76,33.69,32.14,1.55,4.8227,232920.09,776636.419
300700.SZ,20241018,7.0,7.54,6.95,7.39,7.03,0.36,5.1209,165196.36,119560.978
300701.SZ,20241018,9.2,9.59,9.09,9.4,9.12,0.28,3.0702,69893.32,65547.662
300702.SZ,20241018,16.2,16.9,16.06,16.51,16.21,0.3,1.8507,49643.09,81699.409
300703.SZ,20241018,8.5,8.9,8.5,8.85,8.56,0.29,3.3879,53530.25,46814.015
300705.SZ,20241018,23.7,24.6,23.7,24.03,23.76,0.27,1.1364,103779.62,251562.925
300706.SZ,20241018,23.51,26.1,23.3,25.02,23.32,1.7,7.2899,125537.05,308161.381
300707.SZ,20241018,12.12,12.84,12.12,12.61,12.21,0.4,3.276,90472.42,113188.107
300708.SZ,20241018,10.96,11.84,10.83,11.53,10.93,0.6,5.4895,490704.04,558462.116
300709.SZ,20241018,48.0,55.0,47.74,50.56,48.49,2.07,4.2689,398763.39,2016171.225
300710.SZ,20241018,17.79,18.89,17.66,18.51,17.79,0.72,4.0472,52392.95,96293.943
300711.SZ,20241018,19.88,21.5,19.79,20.84,20.16,0.68,3.373,176554.64,364618.065
300712.SZ,20241018,23.3,24.84,23.23,24.17,23.37,0.8,3.4232,31230.0,74741.5
300713.SZ,20241018,15.8,16.64,15.68,16.36,15.8,0.56,3.5443,103364.13,167020.969
300715.SZ,20241018,7.82,7.98,7.53,7.8,7.89,-0.09,-1.1407,85560.06,66010.933
300716.SZ,20241018,10.51,11.0,10.43,10.75,10.51,0.24,2.2835,84008.51,89557.181
300717.SZ,20241018,14.71,15.25,14.48,15.04,14.62,0.42,2.8728,33724.0,50157.543
300718.SZ,20241018,15.9,17.66,15.81,16.95,15.8,1.15,7.2785,133243.65,223775.095
300719.SZ,20241018,21.38,23.89,21.0,23.09,21.68,1.41,6.5037,461216.26,1047813.094
300720.SZ,20241018,15.31,15.89,15.16,15.62,15.31,0.31,2.0248,67508.44,104835.49
300721.SZ,20241018,13.8,15.96,13.63,14.9,14.0,0.9,6.4286,241939.56,348148.678
300722.SZ,20241018,31.74,33.88,30.88,32.94,32.38,0.56,1.7295,218852.3,709213.595
300723.SZ,20241018,15.49,16.6,15.41,16.23,15.48,0.75,4.845,78641.3,125884.488
300724.SZ,20241018,62.04,71.63,62.01,68.69,59.98,8.71,14.5215,410870.42,2736316.22
300725.SZ,20241018,34.2,37.25,34.1,36.15,34.18,1.97,5.7636,140472.35,501492.961
300726.SZ,20241018,32.68,36.24,32.23,34.5,32.66,1.84,5.6338,157032.28,532436.639
300727.SZ,20241018,25.23,26.7,25.22,26.2,25.23,0.97,3.8446,49302.5,128660.958
300729.SZ,20241018,15.55,16.13,15.33,15.9,15.59,0.31,1.9885,99742.37,157372.434
300730.SZ,20241018,13.5,14.39,13.14,13.98,13.58,0.4,2.9455,295891.34,407501.875
300731.SZ,20241018,20.58,23.54,20.48,22.62,20.7,1.92,9.2754,411026.18,910355.02
300732.SZ,20241018,7.99,8.3,7.82,8.13,8.09,0.04,0.4944,225230.97,180931.941
300733.SZ,20241018,12.05,12.7,11.72,12.2,12.26,-0.06,-0.4894,198861.0,240742.653
300735.SZ,20241018,37.02,42.11,35.6,37.6,36.34,1.26,3.4673,1743829.24,6542596.729
300736.SZ,20241018,10.0,10.61,9.89,10.41,10.09,0.32,3.1715,125922.76,130053.703
300737.SZ,20241018,5.58,5.79,5.46,5.7,5.55,0.15,2.7027,311432.0,174763.081
300738.SZ,20241018,11.68,12.66,11.65,12.24,11.75,0.49,4.1702,749934.93,911206.874
300739.SZ,20241018,13.5,14.68,13.45,14.3,13.54,0.76,5.613,119624.55,168857.419
300740.SZ,20241018,13.68,14.98,13.63,14.61,13.72,0.89,6.4869,248201.68,357586.169
300741.SZ,20241018,16.5,17.61,16.36,17.16,16.41,0.75,4.5704,35694.0,60416.918
300743.SZ,20241018,14.8,16.78,14.8,16.47,14.83,1.64,11.0587,182109.15,289567.634
300745.SZ,20241018,16.0,17.96,15.93,17.2,15.93,1.27,7.9724,109813.13,186097.411
300746.SZ,20241018,16.05,17.64,15.19,16.83,16.8,0.03,0.1786,309762.1,501094.423
300747.SZ,20241018,17.39,18.67,17.28,18.17,17.32,0.85,4.9076,182722.98,328005.662
300748.SZ,20241018,13.06,14.2,12.98,13.79,13.06,0.73,5.5896,323193.63,437697.917
300749.SZ,20241018,6.19,6.35,6.15,6.27,6.21,0.06,0.9662,55345.07,34668.138
300750.SZ,20241018,230.0,258.88,229.6,249.89,231.5,18.39,7.9438,680137.87,16734812.13
300751.SZ,20241018,92.01,101.0,91.55,98.98,92.2,6.78,7.3536,79726.07,765270.001
300752.SZ,20241018,15.1,16.44,15.01,16.01,15.14,0.87,5.7464,134862.8,212905.812
300753.SZ,20241018,14.29,14.82,14.03,14.6,14.29,0.31,2.1693,63902.12,92321.706
300755.SZ,20241018,16.63,18.08,16.3,17.52,16.65,0.87,5.2252,114538.21,196936.228
300756.SZ,20241018,13.14,13.75,13.14,13.54,13.24,0.3,2.2659,36564.92,49282.906
300757.SZ,20241018,160.0,190.67,160.0,190.67,158.89,31.78,20.0013,184090.95,3283821.894
300758.SZ,20241018,13.07,13.9,12.94,13.61,13.01,0.6,4.6118,274426.18,367492.876
300759.SZ,20241018,25.47,28.73,25.35,27.55,25.51,2.04,7.9969,750457.92,2008124.278
300760.SZ,20241018,256.0,280.0,250.01,269.2,257.0,12.2,4.7471,173220.2,4544324.827
300761.SZ,20241018,20.25,21.52,20.03,20.96,20.08,0.88,4.3825,110046.36,227912.877
300762.SZ,20241018,18.5,20.0,18.25,19.49,18.63,0.86,4.6162,638008.32,1236394.372
300763.SZ,20241018,70.86,77.92,70.5,74.76,71.44,3.32,4.6473,184515.87,1366587.823
300765.SZ,20241018,29.52,32.9,29.23,31.84,29.28,2.56,8.7432,216689.73,677104.096
300766.SZ,20241018,14.0,15.23,13.9,14.78,14.15,0.63,4.4523,286089.24,418435.708
300767.SZ,20241018,10.61,11.06,10.44,10.82,10.57,0.25,2.3652,87529.33,94009.829
300768.SZ,20241018,16.79,17.99,16.6,17.45,17.04,0.41,2.4061,165670.13,286347.55
300769.SZ,20241018,36.45,42.34,36.18,40.46,36.5,3.96,10.8493,362789.83,1415746.141
300770.SZ,20241018,38.13,41.19,38.02,39.87,38.29,1.58,4.1264,50950.34,201331.31
300771.SZ,20241018,10.21,10.84,10.21,10.62,10.3,0.32,3.1068,95823.7,100754.514
300772.SZ,20241018,10.93,11.73,10.93,11.45,10.97,0.48,4.3756,221603.17,250940.739
300773.SZ,20241018,22.06,24.55,22.01,23.51,22.37,1.14,5.0961,1051586.51,2455189.095
300774.SZ,20241018,8.74,9.27,8.73,9.08,8.83,0.25,2.8313,62881.8,56493.897
300775.SZ,20241018,26.81,28.28,26.41,27.59,26.68,0.91,3.4108,294631.77,809590.74
300776.SZ,20241018,56.96,62.26,56.1,59.26,56.66,2.6,4.5888,99691.62,589156.131
300777.SZ,20241018,26.01,27.2,25.82,26.85,26.16,0.69,2.6376,165361.99,442075.858
300778.SZ,20241018,12.34,12.99,11.91,12.72,12.68,0.04,0.3155,184283.62,229492.589
300779.SZ,20241018,67.7,71.9,66.3,71.0,68.58,2.42,3.5287,61071.78,428987.036
300780.SZ,20241018,15.95,16.7,15.45,16.28,16.2,0.08,0.4938,158317.0,253282.499
300781.SZ,20241018,57.45,61.52,56.21,59.55,58.65,0.9,1.5345,172627.0,1013529.532
300782.SZ,20241018,93.18,111.01,92.88,105.58,93.24,12.34,13.2347,341786.55,3472024.913
300783.SZ,20241018,23.64,25.31,23.42,24.61,23.64,0.97,4.1032,158024.02,383667.189
300784.SZ,20241018,60.68,64.5,60.05,62.9,60.81,2.09,3.4369,26666.0,165842.117
300785.SZ,20241018,25.81,27.76,25.3,26.71,26.3,0.41,1.5589,196736.98,522421.405
300786.SZ,20241018,13.65,16.15,13.65,16.15,13.46,2.69,19.9851,357451.03,536964.216
300787.SZ,20241018,12.98,13.8,12.91,13.55,13.02,0.53,4.0707,80696.13,108532.658
300788.SZ,20241018,29.65,31.59,29.26,30.59,29.96,0.63,2.1028,123230.52,373493.032
300789.SZ,20241018,15.4,16.08,15.1,15.79,15.43,0.36,2.3331,92980.14,145525.101
300790.SZ,20241018,15.8,16.79,15.71,16.42,15.8,0.62,3.9241,162801.22,265033.526
300791.SZ,20241018,26.47,28.0,26.28,27.37,26.45,0.92,3.4783,36833.45,100002.007
300792.SZ,20241018,19.97,21.2,19.81,20.71,20.14,0.57,2.8302,91850.3,187578.829
300793.SZ,20241018,16.65,17.43,16.07,17.0,16.85,0.15,0.8902,516930.21,866363.987
300795.SZ,20241018,15.35,16.15,15.16,15.83,15.35,0.48,3.127,28168.95,44281.797
300796.SZ,20241018,10.67,10.94,10.41,10.75,10.6,0.15,1.4151,97464.58,104074.723
300797.SZ,20241018,12.04,12.66,11.9,12.39,11.96,0.43,3.5953,109179.72,133580.639
300798.SZ,20241018,5.95,6.22,5.9,6.11,5.97,0.14,2.3451,86283.0,52278.37
300800.SZ,20241018,10.27,10.85,10.21,10.6,10.31,0.29,2.8128,33898.99,35781.236
300801.SZ,20241018,14.68,15.55,14.68,15.26,14.79,0.47,3.1778,34154.93,51686.186
300802.SZ,20241018,16.49,17.58,16.49,17.16,16.53,0.63,3.8113,48831.63,83184.668
300803.SZ,20241018,80.2,97.84,78.0,97.84,81.53,16.31,20.0049,630375.67,5618120.11
300804.SZ,20241018,23.09,24.09,23.09,23.62,23.32,0.3,1.2864,10687.26,25205.268
300805.SZ,20241018,8.09,8.55,8.06,8.38,8.19,0.19,2.3199,136282.21,112848.561
300806.SZ,20241018,13.44,14.18,13.3,13.68,13.46,0.22,1.6345,294164.21,404649.479
300807.SZ,20241018,33.91,36.5,33.72,35.54,34.38,1.16,3.3741,64255.42,226485.716
300808.SZ,20241018,19.3,20.0,19.2,19.57,19.33,0.24,1.2416,53928.1,106069.442
300809.SZ,20241018,22.6,23.99,22.5,23.52,23.01,0.51,2.2164,98711.28,230279.127
300810.SZ,20241018,22.5,23.98,21.68,23.15,23.2,-0.05,-0.2155,152841.54,346411.318
300811.SZ,20241018,45.74,49.95,45.74,48.58,45.65,2.93,6.4184,129184.22,619451.465
300812.SZ,20241018,22.45,23.98,22.05,23.59,22.48,1.11,4.9377,146515.84,342416.571
300813.SZ,20241018,19.29,20.28,19.18,19.83,19.29,0.54,2.7994,29062.6,57156.769
300814.SZ,20241018,32.82,34.48,32.51,33.81,32.19,1.62,5.0326,112212.71,378194.003
300815.SZ,20241018,14.35,14.99,14.03,14.75,14.32,0.43,3.0028,73232.44,106860.44
300816.SZ,20241018,22.4,25.56,22.36,25.56,22.73,2.83,12.4505,50887.52,122528.974
300817.SZ,20241018,12.44,13.22,12.33,12.93,12.4,0.53,4.2742,102505.11,132090.653
300818.SZ,20241018,27.17,29.12,27.02,28.25,27.35,0.9,3.2907,35778.06,101613.872
300819.SZ,20241018,12.65,13.14,12.51,12.92,12.7,0.22,1.7323,30074.41,38498.622
300820.SZ,20241018,45.22,49.4,44.83,47.94,45.82,2.12,4.6268,68092.28,321958.456
300821.SZ,20241018,7.6,8.18,7.58,7.96,7.64,0.32,4.1885,154272.18,121382.016
300822.SZ,20241018,11.7,12.4,11.57,12.14,11.7,0.44,3.7607,75901.27,91472.505
300823.SZ,20241018,12.96,13.61,12.87,13.32,13.2,0.12,0.9091,89918.42,119041.44
300824.SZ,20241018,8.61,8.95,8.55,8.8,8.59,0.21,2.4447,78270.47,68483.785
300825.SZ,20241018,9.5,10.27,9.46,10.05,9.51,0.54,5.6782,212336.0,210027.422
300826.SZ,20241018,17.3,19.18,16.17,18.27,17.56,0.71,4.0433,392373.93,701197.112
300827.SZ,20241018,39.7,41.77,38.66,40.6,40.36,0.24,0.5946,205745.56,821844.523
300828.SZ,20241018,13.49,14.49,13.46,13.96,13.58,0.38,2.7982,93690.32,131949.646
300829.SZ,20241018,14.91,15.65,14.9,15.43,14.94,0.49,3.2798,31541.8,48277.361
300830.SZ,20241018,7.76,8.18,7.65,7.99,7.73,0.26,3.3635,259162.5,204838.065
300831.SZ,20241018,14.72,16.45,14.72,15.98,14.84,1.14,7.6819,337794.45,526379.69
300832.SZ,20241018,66.35,69.38,65.25,68.0,66.35,1.65,2.4868,98554.87,659305.737
300833.SZ,20241018,38.24,40.49,38.24,39.83,38.46,1.37,3.5621,20908.42,82423.711
300834.SZ,20241018,19.43,20.2,19.43,20.0,19.47,0.53,2.7221,12868.06,25608.918
300835.SZ,20241018,26.96,28.61,26.96,28.14,26.97,1.17,4.3382,52892.83,147555.206
300836.SZ,20241018,46.69,49.85,46.69,48.9,47.14,1.76,3.7336,27328.61,132731.355
300837.SZ,20241018,21.06,21.92,20.8,21.66,20.92,0.74,3.5373,19735.0,42475.076
300838.SZ,20241018,12.5,13.16,12.37,13.12,12.57,0.55,4.3755,52503.4,68226.15
300839.SZ,20241018,6.91,7.1,6.86,6.99,6.91,0.08,1.1577,40178.75,28062.391
300840.SZ,20241018,9.67,10.27,9.62,10.0,9.65,0.35,3.6269,128928.0,128155.586
300841.SZ,20241018,60.42,64.98,60.03,63.12,60.46,2.66,4.3996,73578.89,462727.162
300842.SZ,20241018,38.92,41.95,38.8,40.85,39.0,1.85,4.7436,71503.32,288994.106
300843.SZ,20241018,29.3,32.42,29.1,31.5,29.69,1.81,6.0963,192554.1,606922.023
300844.SZ,20241018,30.3,32.15,30.13,31.46,31.09,0.37,1.1901,29486.92,91959.764
300845.SZ,20241018,13.48,14.42,13.34,14.1,13.51,0.59,4.3671,95186.31,131791.034
300846.SZ,20241018,11.75,12.39,11.63,12.08,11.82,0.26,2.1997,296837.5,357148.192
300847.SZ,20241018,18.52,19.65,17.86,18.93,18.75,0.18,0.96,234384.42,435924.689
300848.SZ,20241018,14.95,15.94,14.86,15.51,15.01,0.5,3.3311,60789.21,93418.058
300849.SZ,20241018,14.64,15.1,14.54,14.86,14.71,0.15,1.0197,67730.21,100535.338
300850.SZ,20241018,18.33,19.77,18.21,19.26,18.42,0.84,4.5603,155078.4,293315.797
300851.SZ,20241018,30.45,32.68,30.45,31.46,30.44,1.02,3.3509,31434.33,99334.327
300852.SZ,20241018,25.24,27.39,25.01,26.76,25.23,1.53,6.0642,50027.52,132212.814
300853.SZ,20241018,16.9,17.94,16.73,17.52,16.98,0.54,3.1802,115122.5,199024.279
300854.SZ,20241018,12.26,12.85,12.18,12.61,12.33,0.28,2.2709,33536.51,41858.108
300855.SZ,20241018,23.67,26.19,23.67,25.49,24.17,1.32,5.4613,124990.85,315194.717
300856.SZ,20241018,28.4,30.83,28.35,29.9,28.5,1.4,4.9123,118137.85,347974.11
300857.SZ,20241018,75.8,85.66,75.54,81.9,76.09,5.81,7.6357,196686.63,1575589.684
300858.SZ,20241018,14.8,15.26,14.66,15.1,14.77,0.33,2.2343,47400.92,70999.519
300859.SZ,20241018,33.93,37.5,33.33,37.1,34.19,2.91,8.5113,169160.49,602772.321
300860.SZ,20241018,24.59,25.98,24.45,25.5,24.71,0.79,3.1971,41256.5,103992.456
300861.SZ,20241018,20.16,22.06,20.13,21.22,20.14,1.08,5.3625,77678.98,162159.448
300862.SZ,20241018,28.57,31.78,28.01,31.32,28.57,2.75,9.6255,241597.55,730833.079
300863.SZ,20241018,44.01,46.58,43.71,45.55,45.21,0.34,0.752,91442.0,415317.593
300864.SZ,20241018,21.56,22.69,21.33,22.44,21.56,0.88,4.0816,17586.97,38733.358
300865.SZ,20241018,30.6,41.0,30.6,36.6,34.2,2.4,7.0175,216422.02,797809.701
300866.SZ,20241018,77.99,86.65,77.03,83.56,78.0,5.56,7.1282,69393.47,569217.566
300867.SZ,20241018,13.24,13.87,13.16,13.65,13.19,0.46,3.4875,50005.53,67521.879
300868.SZ,20241018,24.86,27.68,24.86,26.76,24.38,2.38,9.7621,160163.22,424643.453
300869.SZ,20241018,15.43,16.5,15.4,16.04,15.48,0.56,3.6176,72583.14,115498.739
300870.SZ,20241018,54.55,57.5,53.08,55.53,51.24,4.29,8.3724,82888.2,456835.927
300871.SZ,20241018,9.5,9.93,9.44,9.78,9.52,0.26,2.7311,31708.63,30700.62
300872.SZ,20241018,16.66,19.6,16.6,18.35,17.0,1.35,7.9412,619515.95,1111209.521
300873.SZ,20241018,16.67,17.79,16.61,17.4,16.82,0.58,3.4483,61827.04,105993.843
300875.SZ,20241018,35.03,38.76,34.01,36.49,36.05,0.44,1.2205,120715.51,433433.376
300876.SZ,20241018,16.9,17.42,16.76,17.21,16.9,0.31,1.8343,11312.06,19399.578
300877.SZ,20241018,12.68,14.6,12.68,13.95,12.8,1.15,8.9844,54275.03,75563.996
300878.SZ,20241018,16.35,17.24,16.21,16.85,16.35,0.5,3.0581,20697.79,34539.271
300879.SZ,20241018,15.07,15.76,14.98,15.53,15.05,0.48,3.1894,76417.6,118213.832
300880.SZ,20241018,20.8,22.25,20.72,21.78,20.89,0.89,4.2604,76890.4,165536.592
300881.SZ,20241018,32.53,34.2,32.2,33.51,33.0,0.51,1.5455,46572.02,155518.582
300882.SZ,20241018,14.83,15.65,14.8,15.25,14.83,0.42,2.8321,61740.88,93912.773
300883.SZ,20241018,4.95,5.16,4.9,5.1,4.96,0.14,2.8226,96947.01,49049.461
300884.SZ,20241018,10.9,11.54,10.87,11.25,10.93,0.32,2.9277,100254.76,112432.626
300885.SZ,20241018,9.78,10.26,9.68,10.1,9.75,0.35,3.5897,101751.89,101898.484
300886.SZ,20241018,20.0,20.7,19.8,20.42,20.0,0.42,2.1,15379.37,31290.612
300887.SZ,20241018,7.8,8.24,7.71,8.05,7.82,0.23,2.9412,199236.54,158657.917
300888.SZ,20241018,28.21,30.78,28.08,29.79,28.22,1.57,5.5634,73842.13,216614.417
300889.SZ,20241018,13.03,14.08,12.89,13.84,13.07,0.77,5.8914,84796.57,115726.289
300890.SZ,20241018,28.6,30.47,28.6,29.8,28.85,0.95,3.2929,72942.04,215781.067
300891.SZ,20241018,8.23,8.66,8.19,8.46,8.19,0.27,3.2967,65726.84,55333.735
300892.SZ,20241018,26.91,29.18,25.63,27.81,26.86,0.95,3.5369,100290.72,274869.272
300893.SZ,20241018,29.29,31.53,29.03,30.8,28.97,1.83,6.3169,27982.09,85115.874
300894.SZ,20241018,13.82,14.79,13.7,14.39,13.82,0.57,4.1245,145223.9,206716.778
300895.SZ,20241018,35.15,38.0,34.6,37.29,36.59,0.7,1.9131,153883.14,562050.693
300896.SZ,20241018,200.38,238.03,199.64,220.33,202.4,17.93,8.8587,94153.29,2021751.217
300897.SZ,20241018,21.32,22.45,21.32,22.12,21.44,0.68,3.1716,21472.1,47059.661
300898.SZ,20241018,20.1,21.09,20.03,20.59,20.1,0.49,2.4378,48845.9,100328.216
300899.SZ,20241018,21.38,22.3,21.09,21.8,21.38,0.42,1.9645,38417.66,83121.035
300900.SZ,20241018,22.53,24.85,22.36,24.24,22.73,1.51,6.6432,427120.31,1030349.471
300901.SZ,20241018,8.04,8.37,7.97,8.27,8.05,0.22,2.7329,50735.85,41574.108
300902.SZ,20241018,18.05,20.5,18.04,20.2,18.02,2.18,12.0977,114251.82,226181.39
300903.SZ,20241018,8.12,8.72,8.04,8.51,8.01,0.5,6.2422,279954.94,235679.579
300904.SZ,20241018,43.71,46.05,43.54,45.11,43.7,1.41,3.2265,22988.0,103325.046
300905.SZ,20241018,30.7,35.56,30.48,33.65,31.45,2.2,6.9952,239300.87,787246.16
300906.SZ,20241018,22.32,23.29,22.24,22.73,22.32,0.41,1.8369,13451.0,30573.879
300907.SZ,20241018,20.56,21.31,20.45,20.94,20.59,0.35,1.6999,22080.2,46177.768
300908.SZ,20241018,27.0,28.45,26.6,27.85,27.01,0.84,3.11,26955.56,73825.792
300909.SZ,20241018,23.85,25.19,23.8,24.6,23.93,0.67,2.7998,77861.32,190923.786
300910.SZ,20241018,41.78,45.56,41.78,44.29,42.26,2.03,4.8036,33551.55,147257.927
300911.SZ,20241018,22.24,22.8,21.56,22.55,22.21,0.34,1.5308,43115.73,95984.739
300912.SZ,20241018,11.55,12.16,11.48,11.96,11.48,0.48,4.1812,49614.98,58620.936
300913.SZ,20241018,34.37,37.69,34.37,36.75,34.72,2.03,5.8468,167142.42,610645.605
300915.SZ,20241018,30.62,32.19,30.34,31.59,30.63,0.96,3.1342,9185.5,28731.255
300916.SZ,20241018,25.7,27.35,25.6,26.77,25.74,1.03,4.0016,48031.26,127067.117
300917.SZ,20241018,57.3,65.0,55.55,61.04,61.03,0.01,0.0164,245886.32,1451560.229
300918.SZ,20241018,9.49,9.93,9.45,9.76,9.54,0.22,2.3061,66214.79,64381.822
300919.SZ,20241018,35.67,39.56,35.46,38.05,35.61,2.44,6.852,160559.15,599128.511
300920.SZ,20241018,16.18,17.66,16.18,16.86,16.3,0.56,3.4356,32671.0,54868.079
300921.SZ,20241018,22.4,23.87,22.25,23.31,22.74,0.57,2.5066,68610.92,157897.395
300922.SZ,20241018,15.65,16.15,15.2,15.84,15.6,0.24,1.5385,126251.88,197923.264
300923.SZ,20241018,20.98,21.99,20.98,21.7,20.98,0.72,3.4318,26075.33,56061.914
300925.SZ,20241018,27.0,29.9,26.0,28.2,27.83,0.37,1.3295,881062.11,2427988.825
300926.SZ,20241018,22.61,24.32,22.51,23.74,22.61,1.13,4.9978,90970.46,213676.401
300927.SZ,20241018,18.16,19.43,18.08,19.02,18.45,0.57,3.0894,62311.2,117454.464
300928.SZ,20241018,34.4,36.66,34.22,35.86,34.78,1.08,3.1052,36353.06,129627.013
300929.SZ,20241018,8.2,8.66,8.1,8.48,8.33,0.15,1.8007,89558.38,74834.337
300930.SZ,20241018,23.01,24.66,22.69,23.83,22.67,1.16,5.1169,46439.47,110166.119
300931.SZ,20241018,6.12,6.4,6.1,6.31,6.2,0.11,1.7742,69529.13,43658.13
300932.SZ,20241018,14.1,15.24,13.77,14.71,13.97,0.74,5.2971,109168.97,158023.423
300933.SZ,20241018,6.48,6.84,6.48,6.74,6.58,0.16,2.4316,140940.86,94220.638
300935.SZ,20241018,20.72,21.96,20.35,21.46,20.72,0.74,3.5714,33106.6,70083.399
300936.SZ,20241018,45.1,48.28,44.56,47.08,45.23,1.85,4.0902,91000.16,422850.166
300937.SZ,20241018,22.77,24.48,22.7,23.78,22.98,0.8,3.4813,35046.24,82015.386
300938.SZ,20241018,22.8,23.79,21.67,22.88,22.42,0.46,2.0517,93790.25,212980.675
300939.SZ,20241018,31.07,33.33,30.83,32.39,31.07,1.32,4.2485,51330.61,164505.88
300940.SZ,20241018,15.32,15.87,15.02,15.15,15.32,-0.17,-1.1097,178039.38,275256.704
300941.SZ,20241018,22.25,23.73,21.87,22.96,22.46,0.5,2.2262,151962.54,346352.496
300942.SZ,20241018,7.99,8.4,7.95,8.2,7.95,0.25,3.1447,61629.0,50245.887
300943.SZ,20241018,12.83,13.69,12.83,13.41,12.98,0.43,3.3128,80109.27,106851.674
300945.SZ,20241018,10.61,10.9,10.4,10.65,10.48,0.17,1.6221,238529.81,254265.039
300946.SZ,20241018,26.7,28.5,26.39,27.64,26.53,1.11,4.1839,24575.23,67401.394
300947.SZ,20241018,18.18,19.26,17.9,18.7,18.68,0.02,0.1071,147980.22,274155.871
300948.SZ,20241018,10.76,11.08,10.47,10.88,10.8,0.08,0.7407,67483.34,72495.126
300949.SZ,20241018,31.77,33.59,31.68,33.1,31.87,1.23,3.8594,16497.76,54044.525
300950.SZ,20241018,15.27,16.3,15.2,16.11,15.39,0.72,4.6784,69608.65,109472.272
300951.SZ,20241018,29.45,31.73,29.38,31.0,29.4,1.6,5.4422,52930.37,161509.294
300952.SZ,20241018,20.1,20.8,19.9,20.37,20.23,0.14,0.692,26031.14,52850.137
300953.SZ,20241018,58.5,63.31,58.32,61.97,58.71,3.26,5.5527,21807.91,132227.918
300955.SZ,20241018,14.33,14.87,14.21,14.68,14.2,0.48,3.3803,16532.8,24106.385
300956.SZ,20241018,17.71,18.77,17.67,18.4,17.75,0.65,3.662,192262.19,351702.127
300957.SZ,20241018,49.98,54.94,49.66,52.72,49.95,2.77,5.5455,93823.41,486614.979
300958.SZ,20241018,12.07,12.53,11.94,12.37,12.14,0.23,1.8946,49945.47,61011.988
300959.SZ,20241018,29.5,31.1,29.1,30.53,29.6,0.93,3.1419,18194.5,54880.182
300960.SZ,20241018,20.9,22.28,20.82,21.67,20.9,0.77,3.6842,32477.34,69917.026
300961.SZ,20241018,10.04,10.56,9.73,10.32,10.03,0.29,2.8913,198435.68,200629.674
300962.SZ,20241018,15.25,15.89,15.1,15.6,15.26,0.34,2.228,61447.0,95286.735
300963.SZ,20241018,8.81,9.28,8.78,9.12,8.89,0.23,2.5872,100688.56,90770.317
300964.SZ,20241018,39.14,41.38,38.5,40.47,38.81,1.66,4.2772,44113.0,176765.214
300965.SZ,20241018,31.35,32.28,31.0,31.95,31.35,0.6,1.9139,7622.93,24225.325
300966.SZ,20241018,17.5,18.3,17.47,18.06,17.76,0.3,1.6892,53392.0,95655.902
300967.SZ,20241018,12.14,12.55,11.89,12.24,12.28,-0.04,-0.3257,134822.18,164484.308
300968.SZ,20241018,11.09,11.88,10.99,11.58,11.03,0.55,4.9864,321338.61,367367.771
300969.SZ,20241018,68.59,75.3,67.57,71.78,68.59,3.19,4.6508,35565.6,252772.6
300970.SZ,20241018,12.43,12.84,12.34,12.75,12.43,0.32,2.5744,34903.0,44070.985
300971.SZ,20241018,20.65,21.6,20.44,21.3,20.7,0.6,2.8986,57874.21,121881.867
300972.SZ,20241018,51.99,56.5,50.31,55.27,51.88,3.39,6.5343,61275.16,324614.707
300973.SZ,20241018,32.35,34.98,32.04,33.9,32.34,1.56,4.8237,41910.15,140019.67
300975.SZ,20241018,10.05,10.99,10.01,10.67,10.17,0.5,4.9164,656020.44,692136.458
300976.SZ,20241018,60.59,62.37,56.8,61.43,62.2,-0.77,-1.2379,70231.03,421611.9
300977.SZ,20241018,18.27,19.82,18.27,19.39,19.33,0.06,0.3104,114532.12,216110.675
300978.SZ,20241018,11.26,11.97,11.22,11.72,11.28,0.44,3.9007,174420.88,202972.256
300979.SZ,20241018,70.88,72.36,69.2,70.8,70.62,0.18,0.2549,39863.75,280146.158
300980.SZ,20241018,16.75,17.74,16.75,17.33,16.93,0.4,2.3627,21899.5,37861.32
300981.SZ,20241018,12.08,12.7,12.04,12.4,12.11,0.29,2.3947,69759.73,86085.892
300982.SZ,20241018,17.88,19.15,17.8,18.7,18.0,0.7,3.8889,62042.99,114036.478
300983.SZ,20241018,18.34,18.67,17.98,18.42,18.34,0.08,0.4362,17845.86,32620.978
300984.SZ,20241018,23.96,25.46,23.96,24.82,24.03,0.79,3.2876,10769.14,26801.843
300985.SZ,20241018,19.29,20.53,19.15,20.01,19.29,0.72,3.7325,59287.4,117125.578
300986.SZ,20241018,9.91,12.51,9.91,12.26,11.98,0.28,2.3372,129494.07,154446.483
300987.SZ,20241018,15.6,16.47,15.05,15.92,16.15,-0.23,-1.4241,153384.32,240260.454
300988.SZ,20241018,18.59,19.5,18.31,19.05,18.72,0.33,1.7628,133084.61,252288.426
300989.SZ,20241018,13.4,13.95,13.12,13.69,13.47,0.22,1.6333,131259.95,177868.119
300990.SZ,20241018,33.11,38.0,33.11,36.88,33.43,3.45,10.3201,96263.21,351037.362
300991.SZ,20241018,17.97,21.4,17.96,20.31,17.88,2.43,13.5906,315372.78,634276.192
300992.SZ,20241018,17.03,17.76,16.92,17.4,17.07,0.33,1.9332,22757.14,39322.472
300993.SZ,20241018,9.74,10.08,9.58,10.0,9.77,0.23,2.3541,63799.38,62992.849
300994.SZ,20241018,10.41,11.02,10.37,10.75,10.44,0.31,2.9693,31989.77,34203.37
300995.SZ,20241018,15.52,16.2,15.3,15.95,15.5,0.45,2.9032,20614.74,32510.236
300996.SZ,20241018,19.9,21.53,19.7,20.7,20.11,0.59,2.9339,121166.71,248942.629
300997.SZ,20241018,11.44,12.09,11.41,11.84,11.55,0.29,2.5108,41567.97,48659.682
300998.SZ,20241018,14.85,16.01,14.73,15.57,14.84,0.73,4.9191,44862.0,68937.02
300999.SZ,20241018,32.08,34.5,31.83,33.54,32.14,1.4,4.3559,209962.8,696771.42
301000.SZ,20241018,14.89,15.56,14.84,15.26,14.89,0.37,2.4849,73559.94,111882.39
301001.SZ,20241018,25.6,27.0,24.65,26.22,26.09,0.13,0.4983,87929.14,226179.343
301002.SZ,20241018,17.27,18.46,17.04,18.19,17.33,0.86,4.9625,26311.64,47245.869
301003.SZ,20241018,22.15,23.15,22.05,22.8,22.2,0.6,2.7027,11070.9,25105.984
301004.SZ,20241018,102.06,110.12,101.58,107.9,102.02,5.88,5.7636,12444.75,133140.818
301005.SZ,20241018,26.88,28.4,26.48,27.79,26.66,1.13,4.2386,57661.78,157969.997
301006.SZ,20241018,14.14,14.97,14.02,14.61,14.19,0.42,2.9598,38684.17,56247.761
301007.SZ,20241018,14.57,15.36,14.53,15.03,14.69,0.34,2.3145,146279.4,219112.99
301008.SZ,20241018,17.32,18.07,17.2,17.75,17.25,0.5,2.8986,18884.76,33384.342
301009.SZ,20241018,8.73,9.01,8.68,8.9,8.67,0.23,2.6528,31175.27,27703.1
301010.SZ,20241018,13.85,14.42,13.41,13.99,13.34,0.65,4.8726,54541.34,75360.926
301011.SZ,20241018,19.56,20.58,19.56,20.2,19.81,0.39,1.9687,75292.8,150248.52
301012.SZ,20241018,22.26,24.3,22.25,23.9,22.45,1.45,6.4588,82280.75,192720.521
301013.SZ,20241018,13.49,14.29,13.4,13.92,13.62,0.3,2.2026,301451.18,420005.979
301015.SZ,20241018,26.46,28.7,26.05,27.78,26.26,1.52,5.7883,53578.21,146585.129
301016.SZ,20241018,21.55,22.79,21.3,22.28,21.56,0.72,3.3395,70646.89,155896.125
301017.SZ,20241018,11.23,11.86,11.15,11.6,11.23,0.37,3.2947,63835.2,73011.106
301018.SZ,20241018,24.63,25.3,23.9,24.68,23.0,1.68,7.3043,158954.23,390876.027
301019.SZ,20241018,14.35,15.18,14.35,15.04,14.42,0.62,4.2996,16134.17,24048.371
301020.SZ,20241018,19.0,20.1,18.91,19.83,19.08,0.75,3.9308,26602.62,52189.135
301021.SZ,20241018,22.54,27.01,22.4,25.81,22.64,3.17,14.0018,126883.39,312264.33
301022.SZ,20241018,20.5,21.6,20.3,21.18,20.5,0.68,3.3171,23349.92,48947.67
301023.SZ,20241018,44.0,45.4,43.09,45.0,44.32,0.68,1.5343,27849.13,123559.882
301024.SZ,20241018,23.28,24.16,23.0,23.95,23.33,0.62,2.6575,20998.5,49432.43
301025.SZ,20241018,10.23,10.69,10.05,10.45,10.25,0.2,1.9512,110491.45,114679.0
301026.SZ,20241018,29.02,32.1,29.02,31.27,29.72,1.55,5.2153,28449.0,87547.994
301027.SZ,20241018,10.0,10.22,9.78,10.04,10.0,0.04,0.4,137293.0,137067.709
301028.SZ,20241018,10.5,11.23,10.5,11.04,10.57,0.47,4.4465,60539.3,65986.137
301029.SZ,20241018,22.83,25.0,22.73,24.29,22.83,1.46,6.3951,90244.72,214957.387
301030.SZ,20241018,26.66,28.29,26.54,27.55,26.77,0.78,2.9137,81728.95,224419.441
301031.SZ,20241018,90.0,97.98,89.51,95.05,90.16,4.89,5.4237,11673.79,110026.512
301032.SZ,20241018,10.13,10.6,9.88,10.29,10.41,-0.12,-1.1527,230552.81,235052.202
301033.SZ,20241018,44.08,46.35,43.2,45.4,44.13,1.27,2.8779,14647.5,65616.02
301035.SZ,20241018,44.7,48.78,44.5,47.09,44.86,2.23,4.971,21513.92,100136.976
301036.SZ,20241018,50.53,61.21,49.5,61.21,51.01,10.2,19.9961,214247.54,1197345.849
301037.SZ,20241018,10.11,10.48,10.11,10.34,10.15,0.19,1.8719,23299.32,23981.424
301038.SZ,20241018,20.38,21.75,19.82,21.23,20.91,0.32,1.5304,109485.05,230277.507
301039.SZ,20241018,9.78,10.48,9.77,10.22,9.78,0.44,4.499,222721.32,225339.203
301040.SZ,20241018,13.53,14.05,13.39,13.78,13.63,0.15,1.1005,44946.0,61549.797
301041.SZ,20241018,25.48,26.87,25.32,26.27,25.32,0.95,3.752,74233.15,194786.103
301042.SZ,20241018,34.29,36.56,34.0,35.96,34.66,1.3,3.7507,21316.07,76082.101
301043.SZ,20241018,26.52,27.43,26.45,27.05,26.55,0.5,1.8832,9700.99,26179.416
301045.SZ,20241018,19.9,22.18,19.61,21.49,20.18,1.31,6.4916,47550.92,100859.463
301046.SZ,20241018,20.71,21.95,20.71,21.39,20.82,0.57,2.7378,27953.04,59413.14
301047.SZ,20241018,66.22,71.65,66.02,69.53,66.21,3.32,5.0143,17467.59,120348.866
301048.SZ,20241018,9.54,10.06,9.54,9.85,9.64,0.21,2.1784,87610.93,85886.967
301049.SZ,20241018,24.01,29.22,23.96,29.22,24.35,4.87,20.0,106361.99,289592.888
301050.SZ,20241018,48.13,56.2,47.8,54.17,48.3,5.87,12.1532,415485.44,2200585.688
301051.SZ,20241018,27.18,28.78,27.18,28.19,27.49,0.7,2.5464,37503.78,105315.032
301052.SZ,20241018,28.5,30.48,27.85,29.52,28.96,0.56,1.9337,122229.58,356736.223
301053.SZ,20241018,22.04,22.96,21.74,22.62,22.3,0.32,1.435,31818.57,71140.967
301055.SZ,20241018,11.59,12.17,11.52,11.95,11.65,0.3,2.5751,30342.68,35707.271
301056.SZ,20241018,8.12,8.44,8.11,8.32,8.13,0.19,2.337,42050.16,34851.79
301057.SZ,20241018,13.01,13.68,13.01,13.46,13.2,0.26,1.9697,31457.0,42005.28
301058.SZ,20241018,11.13,11.87,10.93,11.5,11.42,0.08,0.7005,346344.26,392496.507
301059.SZ,20241018,9.9,9.99,9.61,9.88,9.65,0.23,2.3834,28551.76,28049.149
301060.SZ,20241018,10.56,11.06,10.32,10.81,10.4,0.41,3.9423,101779.76,108456.664
301061.SZ,20241018,54.46,57.23,54.0,56.16,54.58,1.58,2.8948,12416.38,69788.761
301062.SZ,20241018,10.58,11.26,10.55,10.88,10.53,0.35,3.3238,152085.14,167369.022
301063.SZ,20241018,15.93,16.66,15.87,16.39,15.92,0.47,2.9523,27686.46,44991.488
301065.SZ,20241018,20.42,21.12,20.28,20.89,20.44,0.45,2.2016,24043.06,49698.087
301066.SZ,20241018,9.65,10.07,9.38,9.92,9.58,0.34,3.5491,92527.58,89694.386
301067.SZ,20241018,24.95,26.49,24.81,26.0,24.99,1.01,4.0416,75152.92,194794.057
301068.SZ,20241018,24.86,27.98,24.6,27.59,24.86,2.73,10.9815,17290.12,45853.67
301069.SZ,20241018,13.26,14.28,13.26,13.96,13.34,0.62,4.6477,78212.53,107343.19
301070.SZ,20241018,53.89,56.8,53.01,55.2,54.22,0.98,1.8075,46275.61,255768.042
301071.SZ,20241018,26.09,28.08,25.96,27.33,26.09,1.24,4.7528,68177.61,183982.915
301072.SZ,20241018,20.12,21.49,20.0,21.1,20.12,0.98,4.8708,27485.06,57105.979
301073.SZ,20241018,19.91,22.13,19.6,21.51,19.95,1.56,7.8195,171069.36,359539.648
301075.SZ,20241018,21.41,23.2,21.1,22.22,21.77,0.45,2.0671,49012.56,107552.092
301076.SZ,20241018,18.0,19.14,17.9,18.67,17.97,0.7,3.8954,37805.67,69852.329
301077.SZ,20241018,19.45,20.38,19.45,20.15,19.65,0.5,2.5445,19798.42,39617.89
301078.SZ,20241018,9.97,10.5,9.58,10.21,9.55,0.66,6.911,884655.23,892337.739
301079.SZ,20241018,15.36,16.37,15.31,16.01,15.49,0.52,3.357,117591.71,187159.965
301080.SZ,20241018,36.69,39.71,36.51,38.51,36.69,1.82,4.9605,42682.74,162693.998
301081.SZ,20241018,8.14,8.33,8.01,8.23,8.0,0.23,2.875,31785.79,26055.437
301082.SZ,20241018,10.02,10.56,9.89,10.5,10.2,0.3,2.9412,166140.55,171607.751
301083.SZ,20241018,13.66,14.49,13.43,14.21,13.66,0.55,4.0264,49849.03,70141.465
301085.SZ,20241018,55.95,60.0,55.3,57.91,55.98,1.93,3.4477,101747.59,585077.259
301086.SZ,20241018,42.68,45.16,42.68,44.33,42.56,1.77,4.1588,28108.19,124158.078
301087.SZ,20241018,35.5,37.77,35.17,36.88,35.3,1.58,4.4759,24668.53,89963.622
301088.SZ,20241018,12.75,13.19,12.74,12.89,12.85,0.04,0.3113,17458.44,22654.104
301089.SZ,20241018,31.84,33.86,31.7,32.96,31.83,1.13,3.5501,48989.87,160285.289
301090.SZ,20241018,7.1,7.35,7.03,7.22,7.07,0.15,2.1216,140535.61,100771.791
301091.SZ,20241018,40.58,46.5,40.58,44.75,42.01,2.74,6.5223,378211.54,1674653.228
301092.SZ,20241018,23.27,24.25,23.18,23.98,23.35,0.63,2.6981,18527.05,44149.758
301093.SZ,20241018,21.8,23.12,21.8,22.69,21.89,0.8,3.6546,18751.88,42305.895
301095.SZ,20241018,45.66,52.56,45.47,51.15,45.47,5.68,12.4918,109602.99,537823.583
301096.SZ,20241018,40.99,43.87,40.85,42.77,41.08,1.69,4.1139,44119.69,186091.712
301097.SZ,20241018,36.07,37.46,35.56,37.14,35.84,1.3,3.6272,7084.91,25925.426
301098.SZ,20241018,8.3,8.6,8.15,8.56,8.37,0.19,2.27,134119.48,112404.521
301099.SZ,20241018,41.16,45.61,41.16,44.46,41.06,3.4,8.2806,79775.24,347185.986
301100.SZ,20241018,15.13,15.5,14.76,15.29,15.18,0.11,0.7246,29766.17,44873.655
301101.SZ,20241018,25.49,27.04,25.05,26.44,25.35,1.09,4.2998,66723.54,173483.707
301102.SZ,20241018,9.92,10.42,9.77,10.18,9.93,0.25,2.5176,77507.47,78195.915
301103.SZ,20241018,22.41,22.97,21.29,22.22,22.15,0.07,0.316,47578.81,104527.062
301105.SZ,20241018,27.9,28.87,27.6,28.58,28.17,0.41,1.4554,9359.24,26610.783
301106.SZ,20241018,34.28,35.89,34.0,35.8,33.79,2.01,5.9485,69247.19,241115.328
301107.SZ,20241018,26.22,27.85,26.0,27.21,26.92,0.29,1.0773,38569.96,104336.515
301108.SZ,20241018,24.36,25.25,24.19,25.01,24.39,0.62,2.542,6995.0,17339.29
301109.SZ,20241018,16.48,17.09,16.31,16.86,16.48,0.38,2.3058,40269.41,67037.608
301110.SZ,20241018,40.9,43.05,39.88,41.9,41.38,0.52,1.2566,54745.12,227255.377
301111.SZ,20241018,16.13,17.2,16.13,16.96,16.51,0.45,2.7256,48211.47,80869.488
301112.SZ,20241018,22.09,23.28,21.42,22.75,21.98,0.77,3.5032,31454.69,71155.436
301113.SZ,20241018,23.72,24.58,23.52,24.43,23.72,0.71,2.9933,10662.22,25783.645
301115.SZ,20241018,14.7,15.09,14.39,14.9,14.64,0.26,1.776,49582.93,72963.382
301116.SZ,20241018,11.27,11.73,11.15,11.53,11.26,0.27,2.3979,55007.26,62806.932
301117.SZ,20241018,33.2,35.48,32.39,34.69,33.52,1.17,3.4905,88679.0,300235.658
301118.SZ,20241018,17.6,18.29,17.22,17.98,17.34,0.64,3.6909,24843.29,44188.523
301119.SZ,20241018,19.55,20.49,19.4,20.2,19.48,0.72,3.6961,22594.8,45181.726
301120.SZ,20241018,8.98,9.3,8.9,9.16,8.98,0.18,2.0045,75156.85,68642.22
301121.SZ,20241018,40.14,42.3,39.89,41.51,40.07,1.44,3.5937,27245.71,111997.712
301122.SZ,20241018,18.59,19.6,18.47,19.06,18.59,0.47,2.5282,36376.08,69298.237
301123.SZ,20241018,19.1,20.35,19.05,19.98,19.05,0.93,4.8819,90341.13,178956.055
301125.SZ,20241018,9.75,10.22,9.73,10.06,9.76,0.3,3.0738,36198.01,36208.363
301126.SZ,20241018,10.62,11.13,10.62,10.96,10.65,0.31,2.9108,62920.93,68328.956
301127.SZ,20241018,9.54,10.66,9.48,10.24,9.54,0.7,7.3375,180971.88,181055.261
301128.SZ,20241018,60.3,63.35,59.57,61.71,59.67,2.04,3.4188,94502.57,580574.003
301129.SZ,20241018,23.15,25.7,23.15,24.83,23.13,1.7,7.3498,69182.72,169187.559
301130.SZ,20241018,25.52,26.36,25.47,26.12,25.53,0.59,2.311,13660.3,35402.99
301131.SZ,20241018,32.76,34.42,32.6,33.88,32.8,1.08,3.2927,15629.16,52419.936
301132.SZ,20241018,27.79,31.42,27.61,29.75,26.96,2.79,10.3487,161051.12,473060.256
301133.SZ,20241018,22.11,23.22,21.95,22.8,21.99,0.81,3.6835,30582.55,69102.506
301135.SZ,20241018,21.51,22.6,21.51,22.24,21.51,0.73,3.3938,22856.74,50508.901
301136.SZ,20241018,13.51,14.25,13.27,13.9,13.63,0.27,1.9809,162025.67,222202.031
301137.SZ,20241018,17.99,19.06,17.75,18.66,18.14,0.52,2.8666,68887.96,126828.907
301138.SZ,20241018,27.45,29.29,27.2,28.3,27.76,0.54,1.9452,43912.35,123581.352
301139.SZ,20241018,22.63,23.99,22.3,23.5,22.55,0.95,4.2129,48950.0,113608.284
301141.SZ,20241018,32.94,34.89,32.64,34.08,32.85,1.23,3.7443,59361.8,200718.92
301148.SZ,20241018,18.42,19.49,18.39,19.14,18.63,0.51,2.7375,28738.15,54455.727
301149.SZ,20241018,9.51,9.9,9.44,9.74,9.49,0.25,2.6344,57526.14,55583.618
301150.SZ,20241018,20.5,21.78,20.5,21.34,20.52,0.82,3.9961,30591.28,64708.634
301151.SZ,20241018,16.26,16.9,16.04,16.63,16.41,0.22,1.3406,76203.7,125644.589
301152.SZ,20241018,31.25,35.98,30.0,33.6,31.53,2.07,6.5652,122317.21,395381.433
301153.SZ,20241018,33.19,37.14,32.65,35.55,33.19,2.36,7.1106,194018.2,678918.732
301155.SZ,20241018,44.35,48.68,44.35,47.88,44.79,3.09,6.8989,53102.81,247480.446
301156.SZ,20241018,12.75,13.25,12.67,13.0,12.71,0.29,2.2817,25970.86,33637.534
301157.SZ,20241018,37.89,40.33,37.3,39.1,37.03,2.07,5.5901,24808.01,96692.21
301158.SZ,20241018,13.3,13.85,13.25,13.68,13.25,0.43,3.2453,28948.73,39302.17
301159.SZ,20241018,35.73,38.25,34.94,37.21,35.52,1.69,4.7579,49044.0,179936.022
301160.SZ,20241018,53.0,59.47,52.68,58.08,53.3,4.78,8.9681,61060.96,344006.527
301161.SZ,20241018,19.18,22.8,18.65,22.8,19.0,3.8,20.0,136774.2,300430.44
301162.SZ,20241018,38.26,41.27,38.02,39.84,38.71,1.13,2.9191,29572.05,116673.584
301163.SZ,20241018,22.03,23.18,21.84,22.7,22.0,0.7,3.1818,45229.75,101722.295
301165.SZ,20241018,45.51,49.18,45.44,47.5,45.8,1.7,3.7118,56307.34,267248.065
301166.SZ,20241018,28.93,30.35,28.93,29.77,28.93,0.84,2.9036,15935.45,47094.838
301167.SZ,20241018,13.56,14.19,13.21,13.97,13.77,0.2,1.4524,64070.97,87428.372
301168.SZ,20241018,29.3,30.87,29.12,30.25,29.3,0.95,3.2423,34466.77,103122.058
301169.SZ,20241018,43.5,48.0,42.82,46.18,43.93,2.25,5.1218,79967.64,362076.948
301170.SZ,20241018,22.3,23.55,22.3,23.18,22.36,0.82,3.6673,15883.29,36369.289
301171.SZ,20241018,17.59,18.59,17.48,18.1,17.52,0.58,3.3105,390158.72,699583.213
301172.SZ,20241018,34.13,38.0,33.66,36.21,36.5,-0.29,-0.7945,188619.61,666686.522
301175.SZ,20241018,5.2,5.49,5.2,5.38,5.15,0.23,4.466,603589.61,321430.296
301176.SZ,20241018,19.37,21.0,19.33,20.6,19.4,1.2,6.1856,94034.06,192339.757
301177.SZ,20241018,21.71,22.96,21.57,22.4,21.71,0.69,3.1783,20904.61,46397.932
301178.SZ,20241018,28.76,30.66,27.82,29.7,29.32,0.38,1.296,105568.6,308102.794
301179.SZ,20241018,17.25,18.37,17.2,17.96,17.36,0.6,3.4562,60518.05,107358.151
301180.SZ,20241018,15.4,16.49,15.4,16.09,15.46,0.63,4.075,60518.38,96820.188
301181.SZ,20241018,21.15,22.36,21.15,22.16,20.97,1.19,5.6748,28251.71,61558.853
301182.SZ,20241018,38.77,40.46,38.77,40.46,33.72,6.74,19.9881,48656.34,194374.038
301183.SZ,20241018,55.22,60.0,54.5,57.43,55.4,2.03,3.6643,166601.5,949482.594
301185.SZ,20241018,18.13,19.49,18.13,18.91,18.39,0.52,2.8276,81122.49,152080.469
301186.SZ,20241018,32.33,34.44,32.33,34.0,32.88,1.12,3.4063,13854.91,46842.468
301187.SZ,20241018,24.65,25.43,24.39,25.09,24.65,0.44,1.785,43965.48,109334.228
301188.SZ,20241018,15.97,16.8,15.65,16.36,16.2,0.16,0.9877,80762.22,131171.352
301189.SZ,20241018,24.05,25.22,24.05,24.79,24.11,0.68,2.8204,25412.24,62751.51
301190.SZ,20241018,14.39,15.28,14.39,15.15,14.53,0.62,4.267,19751.8,29508.512
301191.SZ,20241018,75.43,81.56,75.35,79.34,75.35,3.99,5.2953,49021.64,384781.461
301192.SZ,20241018,17.09,17.68,16.78,17.46,16.88,0.58,3.436,19888.23,34478.771
301193.SZ,20241018,15.2,15.88,15.2,15.72,15.34,0.38,2.4772,13171.0,20630.021
301195.SZ,20241018,32.14,33.88,31.65,33.09,32.14,0.95,2.9558,34895.27,114175.51
301196.SZ,20241018,32.39,33.96,32.33,33.47,32.52,0.95,2.9213,11092.61,36773.231
301197.SZ,20241018,17.82,19.2,17.81,18.28,16.9,1.38,8.1657,232848.0,430055.672
301198.SZ,20241018,9.16,9.64,9.16,9.49,9.22,0.27,2.9284,45568.95,42891.514
301199.SZ,20241018,26.54,28.42,26.4,27.75,26.55,1.2,4.5198,32741.12,90007.21
301200.SZ,20241018,33.78,35.39,33.58,34.65,33.58,1.07,3.1864,22169.0,76977.295
301201.SZ,20241018,20.22,21.51,20.21,21.0,20.21,0.79,3.909,23450.15,48806.261
301202.SZ,20241018,33.99,35.12,33.52,34.18,32.41,1.77,5.4613,69560.16,237945.462
301203.SZ,20241018,28.5,29.65,28.2,29.17,28.5,0.67,2.3509,9397.79,27112.482
301205.SZ,20241018,69.75,77.5,69.5,74.39,70.1,4.29,6.1198,70513.4,516510.394
301206.SZ,20241018,26.35,27.65,26.32,27.32,26.64,0.68,2.5526,13349.5,36138.687
301207.SZ,20241018,18.19,19.73,18.15,19.02,18.27,0.75,4.1051,52163.48,98017.749
301208.SZ,20241018,41.32,45.79,40.82,44.93,42.16,2.77,6.5702,127338.37,552284.208
301209.SZ,20241018,24.64,26.2,24.25,25.45,24.28,1.17,4.8188,33750.24,85409.609
301210.SZ,20241018,31.52,33.6,31.44,32.85,31.59,1.26,3.9886,15116.82,49146.793
301211.SZ,20241018,16.07,16.86,16.03,16.63,16.17,0.46,2.8448,47103.3,77773.678
301212.SZ,20241018,20.2,21.19,20.2,20.74,20.24,0.5,2.4704,13104.12,27066.461
301213.SZ,20241018,39.51,42.18,38.5,41.03,41.09,-0.06,-0.146,54954.18,221521.114
301215.SZ,20241018,6.0,6.38,5.98,6.24,6.03,0.21,3.4826,320417.69,197603.843
301216.SZ,20241018,10.65,11.29,10.6,11.09,10.65,0.44,4.1315,58009.52,63661.607
301217.SZ,20241018,10.17,10.93,10.13,10.68,10.17,0.51,5.0147,111520.06,117652.71
301218.SZ,20241018,23.68,25.0,23.45,24.41,23.88,0.53,2.2194,80239.88,194555.731
301219.SZ,20241018,45.88,49.96,45.88,48.63,46.23,2.4,5.1914,100215.75,481073.713
301220.SZ,20241018,25.2,26.18,25.1,26.01,25.17,0.84,3.3373,20721.27,53178.295
301221.SZ,20241018,46.27,51.0,46.0,49.62,47.7,1.92,4.0252,97997.85,476065.435
301222.SZ,20241018,24.11,25.39,24.0,24.89,24.0,0.89,3.7083,14374.06,35514.604
301223.SZ,20241018,17.03,17.47,16.86,17.4,17.01,0.39,2.2928,24074.1,41509.883
301225.SZ,20241018,25.9,27.35,25.9,26.93,26.0,0.93,3.5769,17925.83,47667.17
301226.SZ,20241018,20.9,22.3,20.88,21.88,20.97,0.91,4.3395,54709.8,118255.597
301227.SZ,20241018,17.1,17.8,16.97,17.5,17.21,0.29,1.6851,29712.7,51391.372
301228.SZ,20241018,12.49,12.97,12.25,12.75,12.27,0.48,3.912,45298.65,57103.39
301229.SZ,20241018,20.02,21.1,19.86,20.6,19.99,0.61,3.0515,20113.2,41170.69
301230.SZ,20241018,23.46,25.28,23.46,24.47,23.64,0.83,3.511,69301.68,168472.817
301231.SZ,20241018,18.7,19.3,18.2,19.06,18.47,0.59,3.1944,48357.0,90869.886
301232.SZ,20241018,29.44,30.83,28.8,30.19,29.71,0.48,1.6156,37907.35,112884.918
301233.SZ,20241018,41.04,42.9,40.66,42.58,41.32,1.26,3.0494,25968.17,108365.296
301234.SZ,20241018,24.7,25.8,24.7,25.45,25.05,0.4,1.5968,18090.96,45817.691
301235.SZ,20241018,18.52,19.28,18.33,19.01,18.52,0.49,2.6458,15447.09,29163.328
301236.SZ,20241018,70.54,76.6,66.88,71.59,70.87,0.72,1.0159,1930354.82,13586089.751
301237.SZ,20241018,22.83,24.24,22.81,23.67,22.91,0.76,3.3173,10930.71,25756.565
301238.SZ,20241018,15.86,17.23,15.73,16.69,15.79,0.9,5.6998,146233.33,240150.632
301239.SZ,20241018,38.0,41.26,37.5,39.76,38.05,1.71,4.4941,53486.07,209563.209
301246.SZ,20241018,13.27,13.94,13.21,13.66,13.27,0.39,2.939,67348.62,91221.39
301248.SZ,20241018,15.12,16.01,15.05,15.71,15.24,0.47,3.084,87916.09,137254.231
301251.SZ,20241018,31.4,36.26,31.3,36.26,30.22,6.04,19.9868,259285.01,910531.015
301252.SZ,20241018,26.55,28.26,26.55,27.75,26.6,1.15,4.3233,38079.3,105513.823
301255.SZ,20241018,31.05,32.75,31.05,32.25,31.3,0.95,3.0351,23690.15,75790.95
301256.SZ,20241018,8.16,8.62,8.01,8.41,8.57,-0.16,-1.867,342062.27,283596.464
301257.SZ,20241018,27.99,29.98,27.72,29.22,27.98,1.24,4.4317,42033.6,120615.331
301258.SZ,20241018,24.19,25.63,24.15,24.83,24.09,0.74,3.0718,25844.44,64005.829
301259.SZ,20241018,43.0,44.97,40.8,43.24,41.92,1.32,3.1489,91321.2,388638.426
301260.SZ,20241018,13.9,14.61,13.85,14.38,13.9,0.48,3.4532,45086.2,64277.665
301261.SZ,20241018,37.28,40.0,37.17,39.08,37.31,1.77,4.744,22092.02,85325.802
301262.SZ,20241018,25.45,26.95,25.03,26.09,25.37,0.72,2.838,38159.43,99162.039
301263.SZ,20241018,13.39,13.85,13.28,13.71,13.42,0.29,2.161,80324.72,109074.139
301265.SZ,20241018,8.8,9.98,8.8,9.65,8.83,0.82,9.2865,95167.75,89768.145
301266.SZ,20241018,32.2,34.3,32.2,33.43,32.25,1.18,3.6589,40538.22,134323.675
301267.SZ,20241018,20.27,21.98,20.0,21.26,20.29,0.97,4.7807,123507.11,257709.633
301268.SZ,20241018,16.55,18.24,16.55,17.71,16.73,0.98,5.8577,32127.95,56205.822
301269.SZ,20241018,89.3,100.89,88.16,97.71,89.3,8.41,9.4177,81288.17,780345.877
301270.SZ,20241018,32.5,34.46,32.46,33.83,32.93,0.9,2.7331,48137.0,161299.467
301272.SZ,20241018,33.2,35.15,33.2,34.71,33.43,1.28,3.8289,13016.89,44901.687
301273.SZ,20241018,17.12,17.87,17.12,17.51,17.11,0.4,2.3378,10482.84,18313.094
301276.SZ,20241018,20.65,21.26,20.29,21.05,20.73,0.32,1.5437,24637.47,51408.268
301277.SZ,20241018,14.53,15.29,14.53,14.98,14.59,0.39,2.6731,57383.33,85562.894
301278.SZ,20241018,35.16,37.65,35.0,36.83,35.28,1.55,4.3934,28484.06,103286.024
301279.SZ,20241018,19.39,20.3,19.25,19.96,19.36,0.6,3.0992,23907.48,47337.099
301280.SZ,20241018,39.02,41.2,39.0,40.55,39.25,1.3,3.3121,14039.8,56600.298
301282.SZ,20241018,21.58,23.22,21.49,22.76,21.58,1.18,5.468,73897.48,166405.438
301283.SZ,20241018,25.5,27.62,25.5,27.06,25.6,1.46,5.7031,20606.49,55211.282
301285.SZ,20241018,25.64,28.33,25.64,27.75,26.14,1.61,6.1591,94981.9,260934.507
301286.SZ,20241018,30.5,31.98,30.3,31.92,30.75,1.17,3.8049,15795.99,49745.587
301287.SZ,20241018,27.3,28.45,27.21,28.03,27.3,0.73,2.674,9627.0,26759.471
301288.SZ,20241018,16.45,17.13,15.7,16.69,16.45,0.24,1.459,77339.71,126945.226
301289.SZ,20241018,42.02,43.98,41.45,43.26,42.02,1.24,2.951,20544.56,88277.199
301290.SZ,20241018,22.07,22.97,22.01,22.6,22.06,0.54,2.4479,14906.66,33448.248
301291.SZ,20241018,32.62,35.2,32.36,34.27,32.68,1.59,4.8654,69651.24,236584.025
301292.SZ,20241018,13.33,14.1,13.13,13.81,13.36,0.45,3.3683,32036.19,43700.05
301293.SZ,20241018,39.6,42.93,39.11,41.82,40.45,1.37,3.3869,162068.7,667023.249
301295.SZ,20241018,20.27,21.19,20.22,20.85,20.27,0.58,2.8614,24976.24,51824.342
301296.SZ,20241018,8.14,8.55,8.14,8.4,8.18,0.22,2.6895,44774.92,37393.137
301297.SZ,20241018,29.98,29.98,29.98,29.98,24.98,5.0,20.016,7851.91,23540.026
301298.SZ,20241018,13.32,13.88,13.21,13.7,13.28,0.42,3.1627,30917.0,41900.178
301299.SZ,20241018,53.45,57.98,52.52,56.0,53.25,2.75,5.1643,36930.16,204408.378
301300.SZ,20241018,25.6,26.47,25.25,26.12,25.6,0.52,2.0313,21099.35,54605.261
301301.SZ,20241018,12.17,13.23,12.07,12.83,12.13,0.7,5.7708,551771.1,694192.983
301302.SZ,20241018,17.9,18.88,17.71,18.6,18.02,0.58,3.2186,65702.41,120788.256
301303.SZ,20241018,12.46,12.96,12.3,12.68,12.41,0.27,2.1757,34670.73,43790.177
301305.SZ,20241018,17.83,19.25,17.33,18.9,17.84,1.06,5.9417,112259.67,207060.932
301306.SZ,20241018,37.47,39.95,37.21,39.3,37.84,1.46,3.8584,54813.61,212641.619
301307.SZ,20241018,21.99,24.83,21.88,24.07,21.68,2.39,11.024,147768.56,346567.566
301308.SZ,20241018,84.7,97.37,83.96,92.86,83.89,8.97,10.6926,155229.26,1396786.34
301309.SZ,20241018,24.39,25.36,24.34,25.0,24.39,0.61,2.501,13399.95,33137.772
301310.SZ,20241018,22.7,24.12,22.7,23.75,22.73,1.02,4.4875,21028.71,49273.89
301311.SZ,20241018,20.11,21.09,19.74,20.76,20.15,0.61,3.0273,101614.71,208262.509
301312.SZ,20241018,44.31,47.96,44.08,46.77,44.37,2.4,5.4091,41827.03,193275.479
301313.SZ,20241018,22.36,23.33,21.83,22.97,22.24,0.73,3.2824,56939.0,128833.698
301314.SZ,20241018,35.73,37.36,35.2,36.65,35.2,1.45,4.1193,14307.5,51864.535
301315.SZ,20241018,44.35,50.0,43.7,47.22,44.34,2.88,6.4953,76511.39,355805.392
301316.SZ,20241018,21.05,23.89,20.62,22.53,21.64,0.89,4.1128,582357.67,1289475.478
301317.SZ,20241018,17.72,18.75,17.64,18.33,17.75,0.58,3.2676,8556.31,15595.429
301318.SZ,20241018,29.6,31.49,29.6,30.71,30.06,0.65,2.1623,43429.2,132558.048
301319.SZ,20241018,29.71,31.84,29.7,31.43,29.7,1.73,5.8249,23669.63,73400.343
301320.SZ,20241018,16.4,17.17,16.18,16.9,16.62,0.28,1.6847,88445.05,148123.948
301321.SZ,20241018,16.82,17.7,16.7,17.18,16.66,0.52,3.1212,71929.08,123439.357
301322.SZ,20241018,22.94,24.1,22.6,23.84,23.0,0.84,3.6522,27453.36,64897.787
301323.SZ,20241018,34.49,36.0,34.11,35.39,34.48,0.91,2.6392,17547.19,62013.143
301325.SZ,20241018,36.83,39.76,36.81,38.82,36.63,2.19,5.9787,43868.44,167317.065
301326.SZ,20241018,55.05,64.66,55.05,64.66,53.88,10.78,20.0074,122173.6,747666.392
301327.SZ,20241018,79.17,84.96,78.75,82.4,79.01,3.39,4.2906,14920.26,121616.669
301328.SZ,20241018,37.28,40.34,37.28,39.43,37.28,2.15,5.7672,25841.3,100635.334
301329.SZ,20241018,18.55,19.83,18.5,19.35,18.61,0.74,3.9764,56277.55,108294.974
301330.SZ,20241018,26.0,27.71,25.75,27.29,26.01,1.28,4.9212,52247.44,139645.659
301331.SZ,20241018,25.98,27.78,25.84,27.31,26.1,1.21,4.636,21272.12,57603.112
301332.SZ,20241018,10.05,10.53,10.01,10.39,10.06,0.33,3.2803,71562.22,73663.654
301333.SZ,20241018,47.16,52.09,47.01,49.8,47.62,2.18,4.5779,19647.26,96603.727
301335.SZ,20241018,18.74,19.75,18.61,19.31,18.74,0.57,3.0416,9623.52,18359.308
301336.SZ,20241018,34.1,37.15,33.83,36.25,34.85,1.4,4.0172,19013.93,66958.363
301337.SZ,20241018,35.02,38.0,35.01,37.0,35.68,1.32,3.6996,72256.81,263805.075
301338.SZ,20241018,35.22,37.36,34.31,35.5,35.04,0.46,1.3128,83093.1,295299.35
301339.SZ,20241018,21.4,23.88,21.24,23.11,21.38,1.73,8.0917,195421.03,447219.806
301345.SZ,20241018,55.11,58.5,55.11,56.97,55.35,1.62,2.9268,23901.99,137805.904
301348.SZ,20241018,25.84,29.75,25.8,28.73,25.41,3.32,13.0657,222996.84,622404.246
301349.SZ,20241018,27.02,28.73,27.02,28.22,27.2,1.02,3.75,20087.82,56201.049
301353.SZ,20241018,25.57,26.88,25.5,26.34,25.62,0.72,2.8103,10099.73,26401.249
301355.SZ,20241018,10.68,11.2,10.6,11.06,10.8,0.26,2.4074,61694.76,67438.036
301356.SZ,20241018,15.16,16.05,15.16,15.69,15.31,0.38,2.482,20134.51,31412.285
301357.SZ,20241018,42.0,44.0,39.8,42.58,43.5,-0.92,-2.1149,119906.2,505605.073
301358.SZ,20241018,33.49,39.13,33.45,39.13,32.61,6.52,19.9939,370706.73,1379917.793
301359.SZ,20241018,22.1,23.2,21.72,22.84,21.89,0.95,4.3399,21408.18,48360.394
301360.SZ,20241018,51.0,55.0,51.0,53.64,51.54,2.1,4.0745,26622.37,141700.648
301361.SZ,20241018,26.65,27.99,26.1,27.4,26.66,0.74,2.7757,58302.63,157778.627
301362.SZ,20241018,35.08,37.1,35.08,36.71,35.8,0.91,2.5419,10924.24,39871.607
301363.SZ,20241018,31.8,33.78,31.23,32.83,32.0,0.83,2.5938,30683.14,99436.294
301365.SZ,20241018,12.48,12.92,12.41,12.75,12.53,0.22,1.7558,24132.61,30649.817
301366.SZ,20241018,35.66,43.26,35.66,43.26,36.05,7.21,20.0,89205.17,364344.407
301367.SZ,20241018,69.3,74.39,68.41,72.21,69.36,2.85,4.109,19856.79,141987.894
301368.SZ,20241018,42.44,46.18,42.44,44.81,42.77,2.04,4.7697,106024.35,471238.548
301369.SZ,20241018,59.67,65.92,59.66,63.01,58.0,5.01,8.6379,72997.59,456541.145
301370.SZ,20241018,10.9,11.63,10.78,11.35,11.23,0.12,1.0686,107188.51,119361.432
301371.SZ,20241018,33.7,35.18,33.7,34.62,34.05,0.57,1.674,30704.66,106210.082
301372.SZ,20241018,21.6,22.56,21.51,22.19,21.8,0.39,1.789,20779.6,45881.807
301373.SZ,20241018,24.57,25.78,24.57,25.34,24.56,0.78,3.1759,8648.35,21786.261
301376.SZ,20241018,18.24,19.3,18.06,18.83,18.24,0.59,3.2346,26205.96,48938.912
301377.SZ,20241018,18.23,20.1,18.02,19.65,18.17,1.48,8.1453,82666.1,157696.269
301378.SZ,20241018,31.97,33.76,31.5,32.35,31.65,0.7,2.2117,93055.97,303493.855
301379.SZ,20241018,19.1,20.23,19.06,20.09,19.21,0.88,4.5809,91232.79,181254.052
301380.SZ,20241018,40.3,43.18,40.2,42.24,40.87,1.37,3.3521,33986.51,142176.779
301381.SZ,20241018,26.97,28.66,26.61,27.98,27.89,0.09,0.3227,55280.62,151530.643
301382.SZ,20241018,30.0,31.88,29.05,30.8,30.5,0.3,0.9836,224982.37,681133.632
301383.SZ,20241018,35.97,38.1,35.3,37.02,36.12,0.9,2.4917,116576.96,427026.151
301386.SZ,20241018,20.3,21.26,20.29,20.9,20.38,0.52,2.5515,21837.55,45465.857
301387.SZ,20241018,31.48,33.65,31.01,32.98,31.58,1.4,4.4332,48051.46,157604.77
301388.SZ,20241018,21.01,22.07,20.9,21.66,21.12,0.54,2.5568,41720.25,89636.348
301389.SZ,20241018,14.69,15.62,14.53,15.32,14.62,0.7,4.788,94728.46,143467.399
301390.SZ,20241018,30.44,31.66,29.96,31.08,30.31,0.77,2.5404,17612.04,54161.769
301391.SZ,20241018,37.42,39.69,37.02,38.2,37.41,0.79,2.1117,33310.92,127283.41
301392.SZ,20241018,54.32,57.66,53.16,56.31,54.79,1.52,2.7742,73767.67,408964.526
301393.SZ,20241018,42.0,44.83,42.0,44.0,42.41,1.59,3.7491,29182.69,126639.475
301395.SZ,20241018,11.21,11.57,11.2,11.49,11.21,0.28,2.4978,29389.99,33617.357
301396.SZ,20241018,24.81,26.21,24.67,25.55,24.95,0.6,2.4048,35564.86,90629.616
301397.SZ,20241018,23.77,24.98,23.62,24.49,23.69,0.8,3.377,17667.05,42954.135
301398.SZ,20241018,42.44,44.98,41.5,44.14,42.41,1.73,4.0792,32996.04,143874.767
301399.SZ,20241018,20.42,21.57,20.41,21.26,20.41,0.85,4.1646,29711.92,62530.834
301408.SZ,20241018,11.17,11.68,11.11,11.45,11.15,0.3,2.6906,48165.25,54792.134
301413.SZ,20241018,40.08,44.0,40.0,42.55,40.41,2.14,5.2957,24277.28,102492.08
301418.SZ,20241018,35.2,38.0,35.0,37.2,35.5,1.7,4.7887,25674.83,94782.992
301419.SZ,20241018,27.1,28.97,26.82,28.24,27.11,1.13,4.1682,24392.38,68466.476
301421.SZ,20241018,55.18,65.88,54.3,60.97,56.62,4.35,7.6828,208609.23,1254082.961
301428.SZ,20241018,32.24,34.18,31.83,33.3,32.25,1.05,3.2558,58305.89,192001.301
301429.SZ,20241018,16.64,17.19,16.62,16.96,16.61,0.35,2.1072,20424.0,34708.73
301439.SZ,20241018,12.49,13.13,12.49,12.88,12.53,0.35,2.7933,42093.58,54026.277
301446.SZ,20241018,20.94,21.65,20.67,21.45,20.59,0.86,4.1768,28106.33,59499.554
301448.SZ,20241018,21.26,22.1,21.08,21.66,21.17,0.49,2.3146,38790.48,83487.259
301456.SZ,20241018,23.32,23.99,22.84,23.57,22.91,0.66,2.8808,39909.72,93526.339
301459.SZ,20241018,40.0,40.87,39.0,40.45,38.7,1.75,4.522,21343.87,85299.892
301468.SZ,20241018,22.66,23.59,22.51,23.28,22.73,0.55,2.4197,11989.49,27775.774
301469.SZ,20241018,23.18,24.2,23.11,23.8,23.18,0.62,2.6747,15800.28,37376.911
301486.SZ,20241018,38.89,43.0,38.89,41.69,39.12,2.57,6.5695,67827.86,280100.7
301487.SZ,20241018,23.01,25.48,23.01,24.59,23.39,1.2,5.1304,237108.27,573385.026
301488.SZ,20241018,54.61,58.8,54.1,57.61,54.83,2.78,5.0702,29829.27,169688.933
301489.SZ,20241018,72.38,75.99,71.12,74.78,73.99,0.79,1.0677,41542.34,307158.089
301498.SZ,20241018,57.2,61.42,56.43,59.97,56.76,3.21,5.6554,23908.42,140810.529
301499.SZ,20241018,25.97,28.0,25.71,27.32,25.89,1.43,5.5234,55720.77,150355.872
301500.SZ,20241018,19.03,21.69,18.7,20.81,18.87,1.94,10.2809,83152.27,169560.135
301502.SZ,20241018,41.55,43.88,41.51,43.39,41.91,1.48,3.5314,22749.57,97739.367
301503.SZ,20241018,31.87,33.35,31.72,32.91,31.95,0.96,3.0047,21511.85,70419.966
301505.SZ,20241018,26.63,27.97,25.62,27.19,26.79,0.4,1.4931,70791.28,189718.276
301507.SZ,20241018,12.79,13.42,12.63,13.13,12.66,0.47,3.7125,92114.41,119555.656
301508.SZ,20241018,36.71,39.31,36.61,38.25,36.94,1.31,3.5463,94050.01,356164.633
301509.SZ,20241018,31.01,33.33,30.95,32.55,31.37,1.18,3.7616,52795.97,170666.176
301510.SZ,20241018,25.5,27.78,25.3,26.99,25.4,1.59,6.2598,85479.03,227530.221
301511.SZ,20241018,15.04,15.67,14.9,15.27,15.19,0.08,0.5267,320709.58,490045.437
301512.SZ,20241018,40.64,43.19,40.29,42.12,40.7,1.42,3.4889,16412.0,68708.004
301515.SZ,20241018,18.66,19.5,18.51,19.28,18.88,0.4,2.1186,36769.03,69871.613
301516.SZ,20241018,18.47,19.66,18.21,19.22,18.21,1.01,5.5464,146448.22,277504.275
301517.SZ,20241018,49.54,54.63,49.54,53.79,50.93,2.86,5.6156,102973.63,539406.161
301518.SZ,20241018,15.78,16.65,15.78,16.33,15.89,0.44,2.769,18419.45,29875.154
301519.SZ,20241018,13.33,13.87,13.19,13.68,13.36,0.32,2.3952,32979.03,44695.046
301520.SZ,20241018,40.41,42.77,40.04,41.78,40.5,1.28,3.1605,17627.87,73085.469
301522.SZ,20241018,50.27,65.36,46.64,59.01,55.6,3.41,6.1331,436958.8,2395422.893
301525.SZ,20241018,55.02,59.88,55.02,58.6,55.34,3.26,5.8909,17896.31,103764.983
301526.SZ,20241018,3.9,4.09,3.84,4.0,3.93,0.07,1.7812,578394.81,229054.964
301528.SZ,20241018,42.08,44.33,41.6,43.47,42.35,1.12,2.6446,13134.3,56630.342
301529.SZ,20241018,32.55,34.92,32.55,34.18,33.04,1.14,3.4504,24394.56,82825.747
301533.SZ,20241018,26.69,28.0,26.69,27.72,27.13,0.59,2.1747,23890.9,65557.53
301536.SZ,20241018,40.79,45.38,40.4,43.82,40.98,2.84,6.9302,102576.94,437627.499
301538.SZ,20241018,74.1,79.44,73.64,77.57,74.2,3.37,4.5418,15120.27,115763.463
301539.SZ,20241018,18.9,20.69,18.6,19.95,18.43,1.52,8.2474,83375.5,163870.825
301548.SZ,20241018,50.05,52.92,49.8,51.76,50.72,1.04,2.0505,12227.18,63258.714
301550.SZ,20241018,46.4,51.0,46.4,49.49,46.9,2.59,5.5224,61957.83,303379.614
301551.SZ,20241018,72.93,82.6,71.88,77.55,79.42,-1.87,-2.3546,137910.39,1053710.472
301552.SZ,20241018,50.31,54.71,50.31,53.57,50.85,2.72,5.3491,25023.06,131374.52
301555.SZ,20241018,26.13,27.87,26.13,27.56,26.25,1.31,4.9905,23817.59,64606.644
301556.SZ,20241018,107.89,172.63,90.01,146.03,130.51,15.52,11.8918,149545.58,1832268.42
301558.SZ,20241018,8.26,8.8,8.13,8.6,8.23,0.37,4.4957,200956.22,169646.411
301559.SZ,20241018,15.9,16.84,15.85,16.64,15.88,0.76,4.7859,61127.74,100571.526
301565.SZ,20241018,20.15,21.61,20.0,21.2,20.08,1.12,5.5777,102259.44,212862.008
301566.SZ,20241018,17.52,19.44,17.5,19.08,17.67,1.41,7.9796,111335.37,209376.379
301567.SZ,20241018,47.5,51.28,47.5,50.11,48.05,2.06,4.2872,34419.89,170351.908
301568.SZ,20241018,32.51,35.58,32.46,34.89,32.57,2.32,7.1231,56967.46,193605.608
301571.SZ,20241018,53.06,59.32,52.3,57.39,53.48,3.91,7.3111,115134.05,643919.645
301577.SZ,20241018,57.99,60.77,56.36,59.0,58.24,0.76,1.3049,27862.0,162971.746
301578.SZ,20241018,53.06,58.11,52.54,55.8,53.55,2.25,4.2017,37673.53,208391.407
301580.SZ,20241018,61.71,65.43,60.8,63.61,61.62,1.99,3.2295,18363.05,116040.347
301586.SZ,20241018,51.89,56.27,50.63,54.79,51.94,2.85,5.4871,51608.29,277637.627
301587.SZ,20241018,24.27,25.88,24.19,25.34,24.23,1.11,4.5811,32588.71,81518.373
301588.SZ,20241018,20.5,21.5,20.48,21.06,20.46,0.6,2.9326,25124.65,52459.591
301589.SZ,20241018,195.29,213.68,194.94,206.5,196.2,10.3,5.2497,13303.51,271349.041
301591.SZ,20241018,34.33,36.46,34.32,35.88,34.56,1.32,3.8194,21743.2,77099.726
301596.SZ,20241018,71.86,77.92,71.51,75.13,72.38,2.75,3.7994,27332.5,203509.278
301600.SZ,20241018,69.99,77.62,69.69,74.9,70.62,4.28,6.0606,39588.83,292065.286
301603.SZ,20241018,43.45,46.77,43.32,45.77,43.67,2.1,4.8088,45017.54,202654.166
301606.SZ,20241018,33.15,35.99,33.01,34.91,33.19,1.72,5.1823,66151.35,227735.386
301607.SZ,20241018,42.41,46.0,41.89,44.57,42.41,2.16,5.0931,43613.54,191919.815
301608.SZ,20241018,66.0,77.0,65.73,74.9,66.61,8.29,12.4456,43287.89,308841.555
301611.SZ,20241018,59.38,72.36,58.89,72.36,60.3,12.06,20.0,250629.1,1682953.841
301618.SZ,20241018,123.0,132.66,120.33,128.0,125.35,2.65,2.1141,42510.11,538420.651
302132.SZ,20241018,71.26,77.38,67.13,73.15,71.39,1.76,2.4653,572131.65,4130197.214
