ts_code,trade_date,open,high,low,close,pre_close,change,pct_chg,vol,amount
300001.SZ,20240708,19.9,20.1,19.26,19.44,19.2,0.24,1.25,225954.76,442240.166
300002.SZ,20240708,8.41,8.47,8.16,8.22,8.47,-0.25,-2.9516,292510.57,242841.361
300003.SZ,20240708,13.77,13.81,13.31,13.4,13.77,-0.37,-2.687,110192.0,148551.299
300004.SZ,20240708,4.23,4.24,4.11,4.13,4.24,-0.11,-2.5943,34764.0,14397.816
300005.SZ,20240708,4.88,4.9,4.69,4.72,4.87,-0.15,-3.0801,83259.0,39612.215
300006.SZ,20240708,2.4,2.42,2.3,2.33,2.44,-0.11,-4.5082,140012.0,32737.682
300007.SZ,20240708,13.19,13.25,12.71,12.79,13.3,-0.51,-3.8346,55308.65,71728.909
300008.SZ,20240708,3.73,3.73,3.61,3.62,3.73,-0.11,-2.9491,269181.75,98297.509
300009.SZ,20240708,8.54,8.56,8.28,8.3,8.53,-0.23,-2.6964,103532.84,86685.331
300010.SZ,20240708,2.62,2.64,2.51,2.52,2.65,-0.13,-4.9057,226169.27,57906.955
300011.SZ,20240708,4.85,4.92,4.72,4.75,4.94,-0.19,-3.8462,62598.05,30026.269
300012.SZ,20240708,11.19,11.35,10.9,10.95,11.28,-0.33,-2.9255,312091.51,344315.64
300013.SZ,20240708,1.69,1.69,1.6,1.61,1.7,-0.09,-5.2941,68722.5,11189.889
300014.SZ,20240708,37.2,37.25,36.13,36.24,37.45,-1.21,-3.231,181295.31,662384.518
300015.SZ,20240708,10.2,10.24,9.86,9.88,10.28,-0.4,-3.8911,721322.16,720125.104
300016.SZ,20240708,4.49,4.5,4.31,4.35,4.52,-0.17,-3.7611,64758.0,28318.83
300017.SZ,20240708,7.66,7.67,7.51,7.54,7.66,-0.12,-1.5666,290119.65,220017.536
300018.SZ,20240708,4.47,4.5,4.31,4.32,4.48,-0.16,-3.5714,43254.0,18883.086
300019.SZ,20240708,12.79,13.29,12.76,13.0,12.9,0.1,0.7752,38196.0,49874.59
300020.SZ,20240708,1.78,1.79,1.71,1.72,1.83,-0.11,-6.0109,406089.34,70983.688
300021.SZ,20240708,3.32,3.43,3.26,3.28,3.33,-0.05,-1.5015,133754.5,44569.247
300022.SZ,20240708,3.55,3.77,3.46,3.68,3.6,0.08,2.2222,118781.01,42897.178
300024.SZ,20240708,9.49,9.56,9.17,9.2,9.56,-0.36,-3.7657,155548.66,144895.381
300025.SZ,20240708,9.99,10.17,9.86,9.95,10.09,-0.14,-1.3875,48285.0,48282.975
300026.SZ,20240708,3.11,3.13,3.06,3.07,3.15,-0.08,-2.5397,257762.0,79635.169
300027.SZ,20240708,1.66,1.68,1.61,1.61,1.69,-0.08,-4.7337,375867.96,61378.849
300029.SZ,20240708,3.51,3.53,3.33,3.34,3.54,-0.2,-5.6497,17770.0,6029.142
300030.SZ,20240708,3.66,3.68,3.5,3.56,3.81,-0.25,-6.5617,107527.0,38260.846
300031.SZ,20240708,15.18,15.43,14.43,14.59,14.27,0.32,2.2425,282676.97,415829.265
300032.SZ,20240708,3.1,3.12,2.99,3.0,3.11,-0.11,-3.537,114139.61,34535.658
300033.SZ,20240708,94.8,96.93,94.11,95.31,95.6,-0.29,-0.3033,49638.77,475967.693
300034.SZ,20240708,15.21,15.85,15.17,15.53,15.37,0.16,1.041,156990.18,245236.977
300035.SZ,20240708,8.32,8.34,8.02,8.07,8.32,-0.25,-3.0048,63659.0,51884.427
300036.SZ,20240708,13.12,13.25,12.73,12.76,13.26,-0.5,-3.7707,84497.78,108847.247
300037.SZ,20240708,27.7,27.97,27.38,27.48,27.85,-0.37,-1.3285,46266.88,127717.144
300039.SZ,20240708,5.39,5.41,5.25,5.28,5.42,-0.14,-2.583,86699.21,46076.836
300040.SZ,20240708,5.45,5.47,5.28,5.35,5.49,-0.14,-2.5501,274458.83,146952.687
300041.SZ,20240708,7.5,7.65,7.23,7.25,7.57,-0.32,-4.2272,65706.26,48594.237
300042.SZ,20240708,18.75,18.82,17.95,18.11,18.7,-0.59,-3.1551,46543.37,84762.329
300043.SZ,20240708,2.34,2.34,2.23,2.24,2.36,-0.12,-5.0847,317960.0,72191.466
300044.SZ,20240708,4.16,4.18,3.93,3.94,4.2,-0.26,-6.1905,357213.79,144018.658
300045.SZ,20240708,16.96,17.14,16.68,16.74,16.96,-0.22,-1.2972,124141.0,208814.447
300046.SZ,20240708,14.79,17.0,14.7,15.62,14.34,1.28,8.9261,545239.04,862382.357
300047.SZ,20240708,6.52,6.58,6.3,6.32,6.58,-0.26,-3.9514,117890.71,75242.998
300048.SZ,20240708,4.48,4.53,4.34,4.35,4.49,-0.14,-3.118,51427.6,22653.096
300049.SZ,20240708,51.21,51.8,49.4,49.46,51.98,-2.52,-4.848,41166.99,207488.437
300050.SZ,20240708,2.72,2.74,2.61,2.63,2.74,-0.11,-4.0146,173783.0,46103.798
300051.SZ,20240708,7.32,7.35,7.05,7.08,7.32,-0.24,-3.2787,21630.0,15509.499
300052.SZ,20240708,11.72,11.72,11.2,11.27,11.68,-0.41,-3.5103,36905.0,41934.589
300053.SZ,20240708,8.76,8.86,8.46,8.51,8.79,-0.28,-3.1854,105556.24,91665.163
300054.SZ,20240708,22.18,23.0,22.03,22.14,22.32,-0.18,-0.8065,102664.9,231678.426
300055.SZ,20240708,4.08,4.1,3.94,3.96,4.1,-0.14,-3.4146,55036.95,21956.868
300056.SZ,20240708,8.57,8.81,8.4,8.6,8.52,0.08,0.939,61036.27,52490.497
300057.SZ,20240708,3.98,3.98,3.84,3.86,3.99,-0.13,-3.2581,82181.86,32035.536
300058.SZ,20240708,5.3,5.3,5.11,5.12,5.32,-0.2,-3.7594,319233.71,165146.154
300059.SZ,20240708,10.15,10.19,9.93,9.96,10.21,-0.25,-2.4486,1644104.73,1650284.832
300061.SZ,20240708,4.14,4.17,3.7,3.78,4.23,-0.45,-10.6383,515774.49,201253.217
300062.SZ,20240708,4.72,4.75,4.59,4.62,4.77,-0.15,-3.1447,66226.6,30736.925
300063.SZ,20240708,3.74,3.74,3.6,3.61,3.78,-0.17,-4.4974,168300.25,61586.517
300065.SZ,20240708,6.28,6.28,6.02,6.02,6.29,-0.27,-4.2925,135414.4,82449.764
300066.SZ,20240708,3.23,3.24,3.05,3.08,3.21,-0.13,-4.0498,221172.0,68666.647
300067.SZ,20240708,3.93,3.98,3.81,3.83,4.01,-0.18,-4.4888,377578.22,146002.369
300068.SZ,20240708,8.22,8.22,8.0,8.19,8.26,-0.07,-0.8475,132615.01,107259.704
300069.SZ,20240708,10.18,10.26,9.66,9.8,10.23,-0.43,-4.2033,30390.0,29885.629
300070.SZ,20240708,4.19,4.22,4.15,4.16,4.21,-0.05,-1.1876,172834.8,72034.626
300071.SZ,20240708,2.15,2.28,2.13,2.25,2.31,-0.06,-2.5974,796455.53,173919.019
300072.SZ,20240708,1.88,1.88,1.8,1.8,1.9,-0.1,-5.2632,183914.3,33499.62
300073.SZ,20240708,32.28,32.3,31.25,31.4,32.31,-0.91,-2.8165,83632.81,264613.377
300074.SZ,20240708,3.21,3.22,3.05,3.07,3.23,-0.16,-4.9536,122447.05,38081.725
300075.SZ,20240708,14.8,14.8,14.18,14.2,14.85,-0.65,-4.3771,145655.4,209668.559
300076.SZ,20240708,3.23,3.62,3.17,3.33,3.27,0.06,1.8349,294992.3,99622.209
300077.SZ,20240708,8.29,8.48,8.1,8.15,8.35,-0.2,-2.3952,74669.45,61797.506
300078.SZ,20240708,2.32,2.33,2.25,2.26,2.36,-0.1,-4.2373,103677.0,23651.255
300079.SZ,20240708,4.05,4.06,3.91,3.93,4.05,-0.12,-2.963,160488.0,63536.118
300080.SZ,20240708,2.9,2.92,2.79,2.8,2.91,-0.11,-3.7801,102227.26,28881.516
300081.SZ,20240708,4.41,4.46,4.24,4.26,4.47,-0.21,-4.698,148612.0,64068.644
300082.SZ,20240708,4.24,4.32,4.16,4.18,4.28,-0.1,-2.3364,31895.0,13420.568
300083.SZ,20240708,5.51,5.53,5.27,5.29,5.54,-0.25,-4.5126,429183.04,229088.476
300084.SZ,20240708,5.24,5.3,4.98,4.99,5.26,-0.27,-5.1331,37568.0,19142.178
300085.SZ,20240708,8.73,8.79,8.26,8.39,8.96,-0.57,-6.3616,205889.34,174941.031
300086.SZ,20240708,3.7,3.75,3.59,3.62,3.8,-0.18,-4.7368,125778.28,45856.087
300087.SZ,20240708,6.18,6.2,6.0,6.02,6.23,-0.21,-3.3708,87980.17,53397.25
300088.SZ,20240708,4.44,4.5,4.32,4.35,4.48,-0.13,-2.9018,298216.16,130393.085
300091.SZ,20240708,1.36,1.38,1.29,1.34,1.4,-0.06,-4.2857,537126.68,71392.786
300092.SZ,20240708,10.0,10.01,9.62,9.73,10.08,-0.35,-3.4722,42364.88,41328.406
300093.SZ,20240708,13.4,13.7,13.04,13.18,13.61,-0.43,-3.1594,83680.0,111218.377
300094.SZ,20240708,2.62,2.63,2.51,2.52,2.62,-0.1,-3.8168,258510.24,65616.865
300095.SZ,20240708,5.31,5.31,5.12,5.14,5.31,-0.17,-3.2015,30639.96,15884.643
300096.SZ,20240708,2.23,2.25,2.13,2.17,2.25,-0.08,-3.5556,108486.0,23650.154
300097.SZ,20240708,5.78,6.34,5.72,6.18,6.03,0.15,2.4876,358609.66,217568.576
300098.SZ,20240708,4.22,4.23,3.97,4.0,4.24,-0.24,-5.6604,1713216.6,696835.506
300099.SZ,20240708,4.39,4.39,4.13,4.16,4.35,-0.19,-4.3678,65635.63,27592.216
300100.SZ,20240708,11.6,12.5,11.5,12.2,11.8,0.4,3.3898,360146.61,440571.605
300101.SZ,20240708,14.2,14.23,13.19,13.32,14.2,-0.88,-6.1972,140242.0,189635.292
300102.SZ,20240708,6.0,6.01,5.78,5.8,6.0,-0.2,-3.3333,90160.0,52951.46
300103.SZ,20240708,4.26,4.66,4.18,4.18,4.24,-0.06,-1.4151,149974.0,65149.12
300105.SZ,20240708,6.22,6.26,6.02,6.02,6.24,-0.22,-3.5256,70909.0,43175.543
300106.SZ,20240708,5.96,6.05,5.83,5.86,6.02,-0.16,-2.6578,41460.0,24470.214
300107.SZ,20240708,8.91,8.93,8.43,8.49,8.98,-0.49,-5.4566,314643.58,269586.466
300108.SZ,20240708,1.2,1.47,1.16,1.38,1.26,0.12,9.5238,923068.36,122161.976
300109.SZ,20240708,11.55,11.7,11.22,11.28,11.56,-0.28,-2.4221,44838.5,51209.88
300110.SZ,20240708,3.14,3.15,3.05,3.06,3.17,-0.11,-3.47,112954.55,34870.083
300111.SZ,20240708,2.3,2.7,2.23,2.47,2.26,0.21,9.292,1380899.04,337020.248
300112.SZ,20240708,6.77,6.8,6.45,6.49,6.78,-0.29,-4.2773,45692.0,29914.93
300113.SZ,20240708,10.0,10.06,9.73,9.74,10.03,-0.29,-2.8913,69555.29,68395.746
300115.SZ,20240708,11.43,11.82,11.39,11.44,11.52,-0.08,-0.6944,502758.2,582175.971
300117.SZ,20240708,1.11,1.19,1.09,1.11,1.12,-0.01,-0.8929,516561.71,58979.833
300118.SZ,20240708,11.23,11.28,10.63,10.7,11.39,-0.69,-6.0579,339044.2,367883.5
300119.SZ,20240708,13.35,13.45,13.03,13.1,13.42,-0.32,-2.3845,23559.0,30981.975
300120.SZ,20240708,6.97,7.81,6.9,7.81,6.51,1.3,19.9693,1345875.63,1025713.495
300121.SZ,20240708,7.85,7.87,7.66,7.71,7.88,-0.17,-2.1574,16201.0,12555.928
300122.SZ,20240708,27.12,27.35,25.9,26.06,27.25,-1.19,-4.367,180592.19,475371.955
300123.SZ,20240708,4.38,4.41,4.18,4.21,4.39,-0.18,-4.1002,192193.0,81705.663
300124.SZ,20240708,50.7,50.75,49.22,49.57,50.63,-1.06,-2.0936,132245.84,658390.649
300125.SZ,20240708,1.95,1.95,1.84,1.86,1.98,-0.12,-6.0606,144362.4,27275.14
300126.SZ,20240708,4.45,4.48,4.25,4.28,4.5,-0.22,-4.8889,32781.0,14186.466
300127.SZ,20240708,14.7,14.73,14.36,14.49,14.73,-0.24,-1.6293,35176.0,51036.729
300128.SZ,20240708,3.0,3.05,2.94,2.96,3.03,-0.07,-2.3102,88742.02,26442.204
300129.SZ,20240708,6.57,6.59,6.38,6.42,6.57,-0.15,-2.2831,51755.0,33348.875
300130.SZ,20240708,15.73,15.75,15.17,15.19,15.77,-0.58,-3.6779,102434.0,157232.829
300131.SZ,20240708,4.27,4.27,4.08,4.1,4.3,-0.2,-4.6512,235602.0,98021.924
300132.SZ,20240708,3.55,3.57,3.38,3.39,3.5,-0.11,-3.1429,37566.0,12843.885
300133.SZ,20240708,5.84,5.85,5.58,5.62,5.88,-0.26,-4.4218,634557.89,360667.977
300134.SZ,20240708,6.49,6.54,6.21,6.23,6.49,-0.26,-4.0062,49404.0,31143.899
300135.SZ,20240708,2.54,2.55,2.42,2.43,2.54,-0.11,-4.3307,163716.0,40317.417
300136.SZ,20240708,18.51,18.68,18.15,18.25,18.62,-0.37,-1.9871,213655.82,392763.201
300137.SZ,20240708,4.33,4.33,4.17,4.22,4.31,-0.09,-2.0882,35581.0,15005.192
300138.SZ,20240708,8.41,8.43,8.13,8.18,8.44,-0.26,-3.0806,22712.0,18690.319
300139.SZ,20240708,12.31,12.83,12.24,12.3,12.3,0.0,0.0,545015.0,681846.675
300140.SZ,20240708,5.79,5.88,5.63,5.65,5.88,-0.23,-3.9116,46053.0,26239.478
300141.SZ,20240708,7.97,8.45,7.76,8.2,8.16,0.04,0.4902,160329.06,129246.598
300142.SZ,20240708,11.33,11.37,10.81,10.87,11.33,-0.46,-4.06,157792.24,173439.706
300143.SZ,20240708,7.82,7.87,7.54,7.58,7.87,-0.29,-3.6849,45480.0,34978.406
300144.SZ,20240708,7.91,7.92,7.66,7.68,7.89,-0.21,-2.6616,183329.13,142356.886
300145.SZ,20240708,2.49,2.5,2.4,2.41,2.5,-0.09,-3.6,145488.0,35445.324
300146.SZ,20240708,13.5,13.53,13.1,13.14,13.52,-0.38,-2.8107,79124.57,104944.454
300147.SZ,20240708,3.5,3.72,3.48,3.58,3.68,-0.1,-2.7174,371712.41,132812.73
300148.SZ,20240708,2.39,2.4,2.3,2.31,2.44,-0.13,-5.3279,272761.0,63771.995
300149.SZ,20240708,3.99,4.05,3.84,3.86,4.04,-0.18,-4.4554,62588.0,24507.829
300150.SZ,20240708,2.65,2.66,2.48,2.5,2.65,-0.15,-5.6604,125166.0,31723.752
300151.SZ,20240708,15.19,15.27,14.6,14.67,15.22,-0.55,-3.6137,34637.0,51162.1
300152.SZ,20240708,1.64,1.67,1.56,1.61,1.68,-0.07,-4.1667,332385.0,53107.24
300153.SZ,20240708,5.69,5.73,5.48,5.51,5.65,-0.14,-2.4779,35553.04,19762.532
300154.SZ,20240708,5.19,5.23,5.0,5.04,5.24,-0.2,-3.8168,29465.0,14913.327
300155.SZ,20240708,3.43,3.46,3.27,3.29,3.47,-0.18,-5.1873,126684.0,42073.619
300157.SZ,20240708,1.89,1.92,1.81,1.82,1.94,-0.12,-6.1856,125439.0,23145.001
300158.SZ,20240708,3.98,3.99,3.83,3.85,3.99,-0.14,-3.5088,195557.22,76046.009
300159.SZ,20240708,1.96,1.99,1.9,1.9,2.0,-0.1,-5.0,412961.0,79465.05
300160.SZ,20240708,4.63,4.64,4.47,4.48,4.64,-0.16,-3.4483,50738.82,22985.085
300161.SZ,20240708,20.77,20.98,20.21,20.33,21.06,-0.73,-3.4663,22702.0,46382.603
300162.SZ,20240708,6.14,6.29,5.99,6.04,6.16,-0.12,-1.9481,185627.29,113273.074
300163.SZ,20240708,1.35,1.37,1.28,1.29,1.36,-0.07,-5.1471,139548.0,18429.683
300164.SZ,20240708,3.45,3.53,3.33,3.35,3.49,-0.14,-4.0115,173095.0,58727.671
300165.SZ,20240708,2.36,2.63,2.21,2.57,2.37,0.2,8.4388,785481.17,186615.035
300166.SZ,20240708,6.05,6.06,5.81,5.84,6.1,-0.26,-4.2623,158898.0,93839.891
300167.SZ,20240708,1.43,1.46,1.38,1.39,1.45,-0.06,-4.1379,92717.0,13049.734
300168.SZ,20240708,4.84,4.85,4.63,4.64,4.88,-0.24,-4.918,116632.99,54878.914
300169.SZ,20240708,4.35,4.56,4.35,4.44,4.66,-0.22,-4.721,182527.0,81300.755
300170.SZ,20240708,6.11,6.15,5.83,5.87,6.15,-0.28,-4.5528,265522.59,157481.743
300171.SZ,20240708,11.96,11.97,11.41,11.48,11.92,-0.44,-3.6913,45399.18,52632.002
300172.SZ,20240708,4.43,4.96,4.27,4.62,4.43,0.19,4.2889,266501.4,120176.885
300173.SZ,20240708,3.65,3.65,3.47,3.5,3.65,-0.15,-4.1096,110473.0,38964.262
300174.SZ,20240708,13.14,13.26,12.7,12.77,13.21,-0.44,-3.3308,27525.14,35520.65
300175.SZ,20240708,6.32,6.41,6.16,6.21,6.41,-0.2,-3.1201,214033.0,133324.747
300176.SZ,20240708,5.04,5.8,4.97,5.38,4.86,0.52,10.6996,392181.77,209645.555
300177.SZ,20240708,5.67,5.71,5.41,5.45,5.71,-0.26,-4.5534,352730.35,193217.729
300179.SZ,20240708,7.3,7.5,7.22,7.42,7.4,0.02,0.2703,88632.79,65217.88
300180.SZ,20240708,3.52,3.54,3.39,3.41,3.51,-0.1,-2.849,240479.0,83065.511
300181.SZ,20240708,15.48,15.56,14.75,14.9,15.58,-0.68,-4.3646,156334.7,235307.183
300182.SZ,20240708,3.7,3.71,3.52,3.54,3.72,-0.18,-4.8387,552551.24,197911.469
300183.SZ,20240708,11.0,11.0,10.61,10.66,11.02,-0.36,-3.2668,29124.97,31356.929
300184.SZ,20240708,4.51,4.53,4.37,4.38,4.51,-0.13,-2.8825,220455.03,97818.711
300185.SZ,20240708,1.77,1.78,1.73,1.75,1.81,-0.06,-3.3149,450292.0,78919.22
300187.SZ,20240708,4.25,4.28,4.1,4.12,4.26,-0.14,-3.2864,38567.97,16020.873
300188.SZ,20240708,11.0,11.07,10.76,10.81,11.19,-0.38,-3.3959,87030.0,94761.088
300189.SZ,20240708,1.98,2.0,1.86,1.86,2.01,-0.15,-7.4627,641374.0,122330.202
300190.SZ,20240708,2.9,2.92,2.83,2.85,2.9,-0.05,-1.7241,29150.0,8300.571
300191.SZ,20240708,14.0,14.0,13.15,13.2,13.98,-0.78,-5.5794,19619.0,26361.185
300192.SZ,20240708,9.3,9.33,9.05,9.08,9.3,-0.22,-2.3656,47647.79,43647.425
300193.SZ,20240708,7.11,7.13,6.93,6.95,7.15,-0.2,-2.7972,35543.0,24946.614
300194.SZ,20240708,3.79,3.84,3.71,3.73,3.83,-0.1,-2.611,163402.0,61356.821
300195.SZ,20240708,4.11,4.15,3.97,3.99,4.16,-0.17,-4.0865,61414.0,24730.699
300196.SZ,20240708,9.92,9.93,9.55,9.6,9.89,-0.29,-2.9323,21564.0,20822.992
300197.SZ,20240708,1.4,1.46,1.36,1.37,1.42,-0.05,-3.5211,1058242.12,147243.223
300198.SZ,20240708,1.24,1.26,1.18,1.2,1.26,-0.06,-4.7619,457857.8,55529.638
300199.SZ,20240708,10.4,10.42,9.98,10.03,10.38,-0.35,-3.3719,143683.0,145784.84
300200.SZ,20240708,7.46,7.54,7.26,7.31,7.5,-0.19,-2.5333,51234.0,37824.768
300201.SZ,20240708,3.55,3.56,3.41,3.42,3.54,-0.12,-3.3898,57080.0,19770.013
300203.SZ,20240708,10.23,10.68,10.01,10.4,10.26,0.14,1.3645,106719.42,110074.502
300204.SZ,20240708,5.82,5.84,5.59,5.61,5.81,-0.2,-3.4423,38365.0,21775.011
300205.SZ,20240708,7.4,7.56,7.28,7.44,7.5,-0.06,-0.8,59115.47,43797.85
300206.SZ,20240708,8.3,8.38,7.95,7.98,8.36,-0.38,-4.5455,37711.0,30480.39
300207.SZ,20240708,13.84,13.85,13.57,13.61,13.85,-0.24,-1.7329,139296.16,190816.717
300208.SZ,20240708,1.41,1.44,1.36,1.38,1.45,-0.07,-4.8276,131818.5,18304.898
300209.SZ,20240708,2.26,2.41,2.2,2.31,2.24,0.07,3.125,72735.0,16868.042
300210.SZ,20240708,7.96,7.98,7.61,7.63,7.96,-0.33,-4.1457,99848.0,77247.542
300211.SZ,20240708,5.17,5.2,4.93,4.98,5.2,-0.22,-4.2308,36719.6,18477.675
300212.SZ,20240708,16.65,16.9,16.13,16.14,16.9,-0.76,-4.497,142339.32,232554.438
300213.SZ,20240708,5.6,5.61,5.39,5.4,5.62,-0.22,-3.9146,72353.84,39492.574
300214.SZ,20240708,5.36,5.47,5.28,5.29,5.35,-0.06,-1.1215,42310.95,22691.836
300215.SZ,20240708,5.05,5.08,4.93,5.04,5.04,0.0,0.0,169388.0,84961.347
300217.SZ,20240708,3.68,3.69,3.54,3.58,3.73,-0.15,-4.0214,136973.0,49456.157
300218.SZ,20240708,13.54,13.7,13.28,13.3,13.52,-0.22,-1.6272,26239.0,35333.842
300219.SZ,20240708,5.32,5.32,5.11,5.13,5.33,-0.2,-3.7523,90803.0,47140.682
300220.SZ,20240708,7.24,7.29,7.0,7.02,7.34,-0.32,-4.3597,35980.0,25477.356
300221.SZ,20240708,4.96,4.98,4.7,4.75,4.94,-0.19,-3.8462,85788.0,41228.366
300222.SZ,20240708,5.27,5.28,5.06,5.08,5.25,-0.17,-3.2381,57616.0,29478.547
300223.SZ,20240708,53.87,54.57,52.74,52.89,53.63,-0.74,-1.3798,42712.6,229618.141
300224.SZ,20240708,9.0,9.03,8.76,8.78,9.0,-0.22,-2.4444,40201.05,35519.433
300225.SZ,20240708,4.88,5.09,4.77,4.95,4.89,0.06,1.227,104168.0,51214.221
300226.SZ,20240708,16.85,16.87,16.2,16.3,16.96,-0.66,-3.8915,70253.83,115585.786
300227.SZ,20240708,5.2,5.22,5.03,5.05,5.28,-0.23,-4.3561,101961.14,51908.822
300228.SZ,20240708,5.41,5.41,5.24,5.27,5.43,-0.16,-2.9466,99233.0,52496.521
300229.SZ,20240708,13.14,13.14,12.63,12.7,13.17,-0.47,-3.5687,106180.77,135887.365
300230.SZ,20240708,3.3,3.3,3.19,3.2,3.32,-0.12,-3.6145,74997.0,24208.495
300231.SZ,20240708,7.19,7.19,6.86,6.91,7.24,-0.33,-4.558,72564.8,50773.812
300232.SZ,20240708,5.08,5.1,4.91,4.92,5.1,-0.18,-3.5294,144448.0,71846.493
300233.SZ,20240708,14.99,15.03,14.46,14.5,14.86,-0.36,-2.4226,46842.0,68452.188
300234.SZ,20240708,3.95,3.96,3.81,3.83,3.95,-0.12,-3.038,37561.38,14507.597
300235.SZ,20240708,7.98,8.0,7.6,7.62,7.96,-0.34,-4.2714,31800.5,24530.692
300236.SZ,20240708,30.77,31.28,30.3,30.31,30.77,-0.46,-1.495,26155.5,80549.396
300237.SZ,20240708,1.17,1.2,1.14,1.15,1.21,-0.06,-4.9587,392635.0,45652.113
300238.SZ,20240708,9.11,9.15,8.75,8.82,9.1,-0.28,-3.0769,43458.01,38637.189
300239.SZ,20240708,4.7,4.73,4.63,4.65,4.73,-0.08,-1.6913,29160.0,13593.275
300240.SZ,20240708,5.12,5.16,4.96,5.0,5.17,-0.17,-3.2882,71247.0,35754.483
300241.SZ,20240708,3.82,3.89,3.71,3.73,3.85,-0.12,-3.1169,190083.35,71662.331
300242.SZ,20240708,1.99,2.05,1.89,1.97,2.05,-0.08,-3.9024,873069.0,170007.725
300243.SZ,20240708,8.86,8.89,8.44,8.51,8.8,-0.29,-3.2955,57017.98,48819.14
300244.SZ,20240708,12.1,12.11,11.65,11.7,12.13,-0.43,-3.5449,82322.21,97094.72
300245.SZ,20240708,7.0,7.27,6.83,7.15,7.62,-0.47,-6.168,644483.68,454753.831
300246.SZ,20240708,5.95,5.95,5.64,5.67,5.9,-0.23,-3.8983,39142.5,22473.476
300247.SZ,20240708,2.45,2.46,2.35,2.4,2.47,-0.07,-2.834,160081.0,38315.34
300248.SZ,20240708,6.42,6.44,6.14,6.15,6.47,-0.32,-4.9459,48572.05,30296.457
300249.SZ,20240708,6.48,6.5,6.2,6.21,6.41,-0.2,-3.1201,57138.12,35840.842
300250.SZ,20240708,11.72,12.65,11.6,12.51,11.9,0.61,5.1261,264926.96,321471.759
300251.SZ,20240708,7.85,7.91,7.65,7.69,7.91,-0.22,-2.7813,221784.11,171971.932
300252.SZ,20240708,6.0,6.0,5.78,5.8,6.03,-0.23,-3.8143,92403.0,54118.72
300253.SZ,20240708,5.71,5.71,5.53,5.55,5.72,-0.17,-2.972,172465.15,96426.132
300254.SZ,20240708,7.98,7.99,7.7,7.75,7.97,-0.22,-2.7604,43001.64,33526.867
300255.SZ,20240708,9.67,9.68,9.26,9.34,9.61,-0.27,-2.8096,150949.1,142591.147
300256.SZ,20240708,1.84,1.87,1.78,1.83,1.87,-0.04,-2.139,303888.01,55183.413
300257.SZ,20240708,9.51,9.52,8.98,9.05,9.43,-0.38,-4.0297,61143.0,55953.421
300258.SZ,20240708,7.82,7.88,7.56,7.58,7.88,-0.3,-3.8071,43759.74,33534.935
300259.SZ,20240708,2.51,2.55,2.49,2.5,2.58,-0.08,-3.1008,99606.56,25004.709
300260.SZ,20240708,19.66,20.09,18.99,19.13,19.72,-0.59,-2.9919,66476.0,129162.321
300261.SZ,20240708,5.4,5.4,5.18,5.22,5.38,-0.16,-2.974,71939.0,37760.875
300263.SZ,20240708,5.39,5.41,5.17,5.2,5.4,-0.2,-3.7037,80083.0,42018.726
300264.SZ,20240708,4.16,4.69,4.01,4.19,3.91,0.28,7.1611,521524.01,222355.154
300265.SZ,20240708,6.57,6.96,6.48,6.83,6.68,0.15,2.2455,306697.0,207772.362
300266.SZ,20240708,1.34,1.38,1.3,1.34,1.39,-0.05,-3.5971,340316.92,45305.285
300267.SZ,20240708,2.19,2.19,2.11,2.12,2.23,-0.11,-4.9327,251202.0,53697.891
300268.SZ,20240708,6.64,7.07,6.62,6.93,6.76,0.17,2.5148,12522.0,8571.21
300269.SZ,20240708,2.56,2.59,2.41,2.42,2.54,-0.12,-4.7244,175914.0,43100.605
300270.SZ,20240708,5.94,5.98,5.7,5.75,5.91,-0.16,-2.7073,95837.0,55354.621
300271.SZ,20240708,4.85,4.85,4.62,4.63,4.93,-0.3,-6.0852,201930.88,95081.108
300272.SZ,20240708,4.73,4.75,4.61,4.62,4.75,-0.13,-2.7368,61859.2,28812.759
300274.SZ,20240708,60.4,60.5,57.91,58.15,61.0,-2.85,-4.6721,200684.02,1179845.46
300275.SZ,20240708,9.69,9.79,9.33,9.4,9.79,-0.39,-3.9837,31500.2,29778.171
300276.SZ,20240708,3.35,3.35,3.23,3.25,3.4,-0.15,-4.4118,176702.52,57905.953
300277.SZ,20240708,6.67,6.67,6.3,6.32,6.67,-0.35,-5.2474,34924.1,22446.771
300278.SZ,20240708,2.87,2.88,2.75,2.76,2.89,-0.13,-4.4983,91913.0,25665.895
300279.SZ,20240708,4.08,4.09,3.92,3.95,4.09,-0.14,-3.423,65402.0,26075.2
300280.SZ,20240708,13.75,13.8,12.89,12.93,13.83,-0.9,-6.5076,148356.0,195144.432
300281.SZ,20240708,4.28,4.28,4.09,4.11,4.26,-0.15,-3.5211,85953.0,35529.559
300283.SZ,20240708,4.95,5.02,4.59,4.63,5.08,-0.45,-8.8583,306698.5,145762.925
300284.SZ,20240708,6.99,7.0,6.69,6.77,7.03,-0.26,-3.6984,408881.35,277215.732
300285.SZ,20240708,17.31,17.35,16.47,16.61,17.36,-0.75,-4.3203,95632.0,160899.896
300286.SZ,20240708,20.02,20.07,19.31,19.45,20.05,-0.6,-2.9925,19390.0,37891.214
300287.SZ,20240708,2.0,2.15,1.99,2.05,2.1,-0.05,-2.381,1988204.16,406666.303
300288.SZ,20240708,10.46,10.55,10.01,10.06,10.57,-0.51,-4.825,53958.0,54871.955
300289.SZ,20240708,3.98,3.98,3.77,3.8,3.98,-0.18,-4.5226,32237.0,12360.515
300290.SZ,20240708,9.3,9.31,8.95,9.04,9.36,-0.32,-3.4188,392659.0,358682.965
300291.SZ,20240708,4.18,4.19,4.03,4.04,4.2,-0.16,-3.8095,99176.0,40545.729
300292.SZ,20240708,3.42,3.43,3.28,3.31,3.43,-0.12,-3.4985,301845.0,100835.597
300293.SZ,20240708,13.06,13.48,12.86,12.89,13.0,-0.11,-0.8462,137871.0,181444.387
300294.SZ,20240708,35.07,35.39,34.41,34.67,35.2,-0.53,-1.5057,38392.97,133639.405
300295.SZ,20240708,9.25,9.27,8.73,8.8,9.18,-0.38,-4.1394,103034.0,91376.774
300296.SZ,20240708,4.24,4.24,4.1,4.13,4.24,-0.11,-2.5943,193521.0,80405.129
300298.SZ,20240708,23.22,23.53,22.15,22.41,23.45,-1.04,-4.435,47127.0,105996.901
300299.SZ,20240708,3.55,3.59,3.39,3.4,3.57,-0.17,-4.7619,125656.0,43353.456
300300.SZ,20240708,1.14,1.19,1.11,1.12,1.17,-0.05,-4.2735,299359.66,34198.55
300301.SZ,20240708,1.31,1.31,1.27,1.27,1.32,-0.05,-3.7879,37750.0,4861.103
300302.SZ,20240708,8.96,9.14,8.85,8.88,9.04,-0.16,-1.7699,72666.0,65262.631
300303.SZ,20240708,4.58,4.66,4.5,4.52,4.63,-0.11,-2.3758,145484.36,66378.492
300304.SZ,20240708,6.25,6.25,6.1,6.14,6.25,-0.11,-1.76,106198.0,65372.874
300305.SZ,20240708,5.56,5.67,5.42,5.44,5.67,-0.23,-4.0564,35907.0,19754.665
300306.SZ,20240708,8.94,9.03,8.73,8.78,9.05,-0.27,-2.9834,24536.0,21639.406
300307.SZ,20240708,5.61,5.84,5.54,5.6,5.63,-0.03,-0.5329,167399.95,94821.937
300308.SZ,20240708,146.09,147.0,142.39,144.39,141.5,2.89,2.0424,203807.9,2949013.372
300310.SZ,20240708,3.66,3.71,3.51,3.53,3.73,-0.2,-5.3619,174571.44,62538.797
300311.SZ,20240708,4.39,4.89,4.28,4.44,4.62,-0.18,-3.8961,1059352.43,489176.047
300313.SZ,20240708,5.85,5.94,5.7,5.74,5.87,-0.13,-2.2147,35284.0,20463.736
300314.SZ,20240708,10.51,10.58,10.3,10.34,10.58,-0.24,-2.2684,23934.0,24894.701
300315.SZ,20240708,4.12,4.13,3.95,3.97,4.12,-0.15,-3.6408,458747.54,184480.799
300316.SZ,20240708,29.4,29.57,28.47,28.62,29.63,-1.01,-3.4087,119548.12,346281.902
300317.SZ,20240708,3.75,3.78,3.6,3.61,3.79,-0.18,-4.7493,114187.4,41793.447
300318.SZ,20240708,4.95,4.95,4.77,4.8,4.95,-0.15,-3.0303,37857.0,18327.361
300319.SZ,20240708,9.22,10.13,9.16,9.79,9.21,0.58,6.2975,1071567.11,1035223.049
300320.SZ,20240708,7.38,7.38,7.09,7.16,7.38,-0.22,-2.981,105039.0,75308.557
300321.SZ,20240708,16.08,16.14,14.19,14.23,16.08,-1.85,-11.505,39319.84,57938.848
300322.SZ,20240708,8.42,8.5,7.9,7.95,8.5,-0.55,-6.4706,303815.71,246871.492
300323.SZ,20240708,4.21,4.21,4.03,4.05,4.21,-0.16,-3.8005,129211.8,53011.354
300324.SZ,20240708,2.16,2.27,2.12,2.17,2.25,-0.08,-3.5556,1133089.29,245629.225
300326.SZ,20240708,3.88,3.88,3.74,3.75,3.9,-0.15,-3.8462,52102.0,19694.65
300327.SZ,20240708,18.81,19.12,18.39,18.44,18.75,-0.31,-1.6533,57563.57,107918.747
300328.SZ,20240708,4.25,4.25,4.08,4.1,4.25,-0.15,-3.5294,67232.76,27827.655
300329.SZ,20240708,4.13,4.36,4.06,4.25,4.19,0.06,1.432,167078.2,70786.69
300331.SZ,20240708,14.85,15.2,14.43,14.52,14.95,-0.43,-2.8763,36575.0,53600.196
300332.SZ,20240708,5.32,5.33,5.22,5.23,5.35,-0.12,-2.243,53999.0,28424.389
300333.SZ,20240708,5.4,5.45,4.99,5.02,5.49,-0.47,-8.561,446783.26,229005.403
300334.SZ,20240708,4.62,4.67,4.45,4.47,4.62,-0.15,-3.2468,24452.0,10996.993
300335.SZ,20240708,3.89,3.89,3.76,3.76,3.9,-0.14,-3.5897,52653.4,20002.146
300337.SZ,20240708,7.2,7.69,6.96,7.4,7.26,0.14,1.9284,595419.89,434233.002
300338.SZ,20240708,1.59,1.75,1.54,1.62,1.63,-0.01,-0.6135,217304.0,35846.263
300339.SZ,20240708,20.39,20.39,19.63,19.65,20.4,-0.75,-3.6765,172462.6,344037.69
300340.SZ,20240708,6.82,6.84,6.47,6.51,6.82,-0.31,-4.5455,42825.89,28238.56
300341.SZ,20240708,8.3,8.35,8.03,8.07,8.28,-0.21,-2.5362,31435.0,25631.268
300342.SZ,20240708,13.1,13.16,12.55,12.65,13.26,-0.61,-4.6003,175441.8,224101.985
300343.SZ,20240708,4.76,4.76,4.58,4.6,4.76,-0.16,-3.3613,104101.18,48316.955
300344.SZ,20240708,3.07,3.39,3.05,3.16,3.08,0.08,2.5974,247386.56,79154.1
300345.SZ,20240708,6.13,6.13,5.69,5.7,6.11,-0.41,-6.7103,46211.24,26923.345
300346.SZ,20240708,27.77,29.02,27.77,28.01,27.82,0.19,0.683,243151.13,691137.948
300347.SZ,20240708,50.0,50.97,47.69,49.0,51.1,-2.1,-4.1096,108885.95,534263.031
300348.SZ,20240708,7.35,7.44,7.15,7.21,7.49,-0.28,-3.7383,274134.0,199552.272
300349.SZ,20240708,11.35,11.37,11.04,11.07,11.42,-0.35,-3.0648,37388.64,41664.636
300350.SZ,20240708,4.52,4.54,4.3,4.33,4.54,-0.21,-4.6256,96113.0,42113.44
300351.SZ,20240708,14.3,14.31,13.76,13.85,14.32,-0.47,-3.2821,56358.64,78647.972
300352.SZ,20240708,3.81,3.81,3.67,3.68,3.82,-0.14,-3.6649,152772.0,56731.274
300353.SZ,20240708,6.95,6.95,6.58,6.61,7.0,-0.39,-5.5714,105920.23,71087.507
300354.SZ,20240708,32.2,32.53,30.91,31.06,31.92,-0.86,-2.6942,17201.0,54162.595
300355.SZ,20240708,2.29,2.3,2.21,2.22,2.31,-0.09,-3.8961,161876.0,36185.701
300357.SZ,20240708,19.67,19.71,18.91,19.06,19.72,-0.66,-3.3469,47858.87,91750.07
300358.SZ,20240708,7.23,7.23,7.0,7.01,7.23,-0.22,-3.0429,29712.0,20964.563
300359.SZ,20240708,4.24,4.28,4.01,4.04,4.28,-0.24,-5.6075,135676.0,55715.251
300360.SZ,20240708,15.76,15.96,15.46,15.69,15.76,-0.07,-0.4442,70317.3,110660.562
300363.SZ,20240708,11.77,11.89,11.23,11.29,11.82,-0.53,-4.4839,89617.24,102554.861
300364.SZ,20240708,20.0,20.15,19.2,19.26,20.25,-0.99,-4.8889,492147.06,961544.41
300365.SZ,20240708,4.67,4.7,4.47,4.49,4.72,-0.23,-4.8729,82641.0,37613.256
300366.SZ,20240708,7.16,7.16,6.78,6.81,7.13,-0.32,-4.4881,107308.0,73861.335
300368.SZ,20240708,2.39,2.39,2.25,2.29,2.43,-0.14,-5.7613,175231.0,40521.493
300369.SZ,20240708,5.04,5.06,4.76,4.76,5.06,-0.3,-5.9289,190360.76,92387.195
300370.SZ,20240708,1.71,1.71,1.64,1.65,1.72,-0.07,-4.0698,138057.6,23026.344
300371.SZ,20240708,7.9,7.98,7.69,7.71,7.92,-0.21,-2.6515,8795.0,6823.641
300373.SZ,20240708,36.28,38.26,36.28,37.31,36.22,1.09,3.0094,110661.14,413165.281
300374.SZ,20240708,14.3,15.0,14.02,14.39,14.35,0.04,0.2787,110073.0,158808.369
300375.SZ,20240708,3.81,3.89,3.71,3.72,3.85,-0.13,-3.3766,107364.57,40302.504
300377.SZ,20240708,5.17,5.17,4.9,4.92,5.23,-0.31,-5.9273,153113.87,76432.251
300378.SZ,20240708,15.76,15.78,15.1,15.22,15.82,-0.6,-3.7927,41523.89,63834.437
300379.SZ,20240708,7.86,7.9,7.54,7.57,7.94,-0.37,-4.6599,152554.4,116831.971
300380.SZ,20240708,16.0,16.01,15.1,15.15,16.25,-1.1,-6.7692,63105.0,97398.617
300381.SZ,20240708,6.24,6.25,5.9,5.92,6.2,-0.28,-4.5161,76068.0,45851.042
300382.SZ,20240708,5.59,5.63,5.33,5.36,5.6,-0.24,-4.2857,72959.0,39460.357
300383.SZ,20240708,8.18,8.21,7.92,7.97,8.2,-0.23,-2.8049,141743.37,113830.818
300384.SZ,20240708,12.42,12.47,12.0,12.06,12.4,-0.34,-2.7419,17745.91,21553.534
300385.SZ,20240708,3.44,3.44,3.27,3.3,3.44,-0.14,-4.0698,28198.68,9349.983
300386.SZ,20240708,9.25,9.33,8.62,8.76,9.29,-0.53,-5.7051,355273.91,314531.796
300387.SZ,20240708,6.02,6.02,5.82,5.83,6.0,-0.17,-2.8333,57103.0,33624.861
300388.SZ,20240708,5.57,5.57,5.4,5.42,5.59,-0.17,-3.0411,26195.6,14290.529
300389.SZ,20240708,11.85,11.96,11.42,11.48,11.75,-0.27,-2.2979,32435.91,37745.072
300390.SZ,20240708,16.8,16.8,16.2,16.25,16.83,-0.58,-3.4462,63429.4,104107.107
300391.SZ,20240708,4.59,5.42,4.28,4.91,4.62,0.29,6.2771,859107.19,416980.987
300393.SZ,20240708,5.6,5.62,5.44,5.49,5.64,-0.15,-2.6596,109367.6,60152.513
300394.SZ,20240708,87.25,91.23,86.86,90.08,87.21,2.87,3.2909,211055.04,1890847.105
300395.SZ,20240708,29.61,29.78,28.66,28.76,29.6,-0.84,-2.8378,40486.03,117519.194
300396.SZ,20240708,18.48,18.78,17.84,17.96,18.57,-0.61,-3.2849,47331.59,85847.897
300397.SZ,20240708,8.99,8.99,8.69,8.71,9.0,-0.29,-3.2222,75914.32,66635.813
300398.SZ,20240708,11.82,12.17,11.54,11.61,11.97,-0.36,-3.0075,193732.51,229550.109
300399.SZ,20240708,9.39,9.47,9.0,9.19,9.62,-0.43,-4.4699,85209.58,78172.003
300400.SZ,20240708,10.7,10.72,10.19,10.23,10.6,-0.37,-3.4906,35657.0,36862.444
300401.SZ,20240708,15.1,15.19,14.11,14.5,15.27,-0.77,-5.0426,852621.23,1238254.547
300402.SZ,20240708,12.6,12.6,12.1,12.19,12.68,-0.49,-3.8644,30255.22,37229.181
300403.SZ,20240708,6.42,6.45,6.19,6.21,6.46,-0.25,-3.87,80488.0,50616.777
300404.SZ,20240708,7.86,8.0,7.31,7.39,7.62,-0.23,-3.0184,138058.0,104398.694
300405.SZ,20240708,3.58,3.63,3.46,3.49,3.59,-0.1,-2.7855,56195.6,19750.931
300406.SZ,20240708,15.21,15.32,14.91,14.98,15.3,-0.32,-2.0915,41105.0,61680.477
300407.SZ,20240708,7.69,7.7,7.31,7.35,7.7,-0.35,-4.5455,56201.0,41692.348
300408.SZ,20240708,28.4,28.77,28.03,28.2,28.29,-0.09,-0.3181,92973.6,264254.159
300409.SZ,20240708,8.59,8.6,8.22,8.25,8.59,-0.34,-3.9581,60460.16,50374.878
300410.SZ,20240708,4.94,4.95,4.7,4.71,4.92,-0.21,-4.2683,74998.82,35723.163
300411.SZ,20240708,11.83,11.83,11.18,11.28,12.18,-0.9,-7.3892,298136.09,339047.057
300412.SZ,20240708,2.93,2.97,2.85,2.91,2.98,-0.07,-2.349,156697.9,45379.416
300413.SZ,20240708,19.88,19.99,19.45,19.53,19.94,-0.41,-2.0562,112467.94,220314.535
300414.SZ,20240708,6.25,6.33,5.96,5.98,6.24,-0.26,-4.1667,40242.0,24332.533
300415.SZ,20240708,19.14,19.15,18.55,18.7,19.16,-0.46,-2.4008,47348.39,89294.155
300416.SZ,20240708,11.45,11.49,10.87,10.97,11.51,-0.54,-4.6916,135255.02,150439.119
300417.SZ,20240708,8.97,9.1,8.48,8.78,9.49,-0.71,-7.4816,208393.01,181715.179
300418.SZ,20240708,30.43,30.45,29.55,29.68,30.66,-0.98,-3.1963,283123.27,846933.293
300419.SZ,20240708,4.76,4.81,4.5,4.52,4.84,-0.32,-6.6116,177678.0,81520.488
300420.SZ,20240708,2.25,2.3,2.2,2.21,2.28,-0.07,-3.0702,190750.9,42519.304
300421.SZ,20240708,8.44,8.5,8.2,8.24,8.48,-0.24,-2.8302,68630.83,56854.919
300422.SZ,20240708,4.5,4.68,4.37,4.59,4.54,0.05,1.1013,125786.62,56364.894
300423.SZ,20240708,5.33,5.34,5.09,5.1,5.33,-0.23,-4.3152,100567.7,51982.313
300424.SZ,20240708,11.55,11.57,11.15,11.24,11.53,-0.29,-2.5152,55968.65,63145.945
300425.SZ,20240708,4.16,4.18,4.06,4.08,4.17,-0.09,-2.1583,57921.02,23807.249
300426.SZ,20240708,6.71,6.71,6.35,6.39,6.64,-0.25,-3.7651,38139.0,24654.939
300427.SZ,20240708,4.43,4.45,4.16,4.19,4.43,-0.24,-5.4176,52128.75,22381.079
300428.SZ,20240708,18.37,18.37,17.6,17.73,18.43,-0.7,-3.7982,48305.77,86449.232
300429.SZ,20240708,11.23,11.73,11.19,11.32,11.3,0.02,0.177,230814.32,263945.431
300430.SZ,20240708,14.02,14.07,13.68,13.76,14.09,-0.33,-2.3421,79978.24,110964.343
300432.SZ,20240708,6.33,6.34,6.09,6.14,6.36,-0.22,-3.4591,104895.08,64889.047
300433.SZ,20240708,17.73,18.13,17.7,17.84,17.74,0.1,0.5637,432293.09,774188.695
300434.SZ,20240708,7.69,7.77,7.39,7.45,7.77,-0.32,-4.1184,40726.7,30566.051
300435.SZ,20240708,11.14,11.14,10.89,10.92,11.18,-0.26,-2.3256,15095.0,16584.744
300436.SZ,20240708,16.34,16.46,15.73,15.76,16.35,-0.59,-3.6086,11935.0,19024.989
300437.SZ,20240708,8.83,9.29,8.74,8.86,8.74,0.12,1.373,82930.64,74516.519
300438.SZ,20240708,18.1,18.1,17.27,17.34,18.06,-0.72,-3.9867,91097.01,159846.999
300439.SZ,20240708,9.1,9.16,8.81,8.85,9.18,-0.33,-3.5948,34830.66,30959.581
300440.SZ,20240708,5.14,5.16,4.98,4.99,5.15,-0.16,-3.1068,39296.12,19759.307
300441.SZ,20240708,5.6,5.62,5.39,5.43,5.6,-0.17,-3.0357,65315.6,35751.888
300442.SZ,20240708,22.91,23.05,22.08,22.16,23.06,-0.9,-3.9029,111917.93,250739.993
300443.SZ,20240708,14.32,14.32,13.78,13.86,14.36,-0.5,-3.4819,47459.44,66257.035
300444.SZ,20240708,5.99,5.99,5.78,5.81,5.98,-0.17,-2.8428,153939.38,90270.786
300445.SZ,20240708,15.14,15.14,14.57,14.6,15.14,-0.54,-3.5667,22907.2,33788.733
300446.SZ,20240708,11.38,11.49,10.97,11.07,11.42,-0.35,-3.0648,79905.82,89058.318
300447.SZ,20240708,11.46,11.48,11.09,11.14,11.53,-0.39,-3.3825,28925.7,32438.539
300448.SZ,20240708,4.7,4.75,4.31,4.31,4.91,-0.6,-12.22,749115.92,333625.108
300449.SZ,20240708,4.31,4.65,4.24,4.51,4.38,0.13,2.968,201830.39,90266.344
300450.SZ,20240708,15.7,15.72,15.23,15.32,15.82,-0.5,-3.1606,149335.88,230589.481
300451.SZ,20240708,3.37,3.37,3.18,3.21,3.38,-0.17,-5.0296,400484.0,130328.438
300452.SZ,20240708,11.07,11.11,10.72,10.75,11.11,-0.36,-3.2403,19805.0,21520.178
300453.SZ,20240708,6.54,6.55,6.33,6.35,6.54,-0.19,-2.9052,29626.15,18926.782
300454.SZ,20240708,48.62,48.65,46.93,47.03,48.62,-1.59,-3.2703,26386.44,125556.465
300455.SZ,20240708,11.41,11.55,10.99,11.06,11.5,-0.44,-3.8261,163547.42,183554.541
300456.SZ,20240708,14.68,14.74,14.2,14.28,14.65,-0.37,-2.5256,114849.94,166239.941
300457.SZ,20240708,15.77,15.94,15.49,15.66,15.67,-0.01,-0.0638,141673.5,222569.554
300458.SZ,20240708,23.05,23.92,22.41,22.84,22.79,0.05,0.2194,338832.4,785591.278
300459.SZ,20240708,3.4,3.4,3.26,3.27,3.41,-0.14,-4.1056,616300.14,203775.239
300460.SZ,20240708,7.89,7.97,7.58,7.63,7.88,-0.25,-3.1726,58922.0,45681.045
300461.SZ,20240708,17.1,17.15,16.02,16.26,17.27,-1.01,-5.8483,122934.25,201167.268
300462.SZ,20240708,9.82,9.86,9.25,9.35,9.76,-0.41,-4.2008,234874.65,221839.047
300463.SZ,20240708,11.39,11.43,10.95,10.99,11.4,-0.41,-3.5965,46127.22,51248.562
300464.SZ,20240708,3.57,3.57,3.37,3.4,3.54,-0.14,-3.9548,42812.0,14672.669
300465.SZ,20240708,7.3,7.33,6.81,6.83,7.37,-0.54,-7.327,150612.9,105197.064
300466.SZ,20240708,6.01,6.01,5.72,5.75,6.06,-0.31,-5.1155,120945.0,70629.073
300467.SZ,20240708,13.02,13.02,12.45,12.46,13.01,-0.55,-4.2275,29003.0,36689.739
300468.SZ,20240708,8.59,8.66,8.09,8.13,8.74,-0.61,-6.9794,208578.23,173636.159
300469.SZ,20240708,13.23,13.38,11.56,11.77,13.3,-1.53,-11.5038,601840.46,741298.533
300470.SZ,20240708,32.73,32.92,32.25,32.59,32.79,-0.2,-0.6099,6674.32,21720.265
300471.SZ,20240708,7.89,7.94,7.65,7.69,7.94,-0.25,-3.1486,26471.0,20568.362
300472.SZ,20240708,4.32,4.32,4.15,4.18,4.34,-0.16,-3.6866,57076.0,23912.813
300473.SZ,20240708,13.31,13.39,12.93,12.98,13.39,-0.41,-3.062,20329.0,26605.661
300474.SZ,20240708,59.69,59.96,57.62,57.9,59.91,-2.01,-3.355,51446.32,302494.172
300475.SZ,20240708,28.44,28.7,27.4,27.62,28.48,-0.86,-3.0197,75475.01,210972.494
300476.SZ,20240708,33.8,34.54,33.35,33.88,33.68,0.2,0.5938,237257.64,806941.528
300477.SZ,20240708,2.41,2.42,2.31,2.33,2.44,-0.11,-4.5082,211206.0,49550.02
300478.SZ,20240708,7.49,7.54,7.16,7.19,7.54,-0.35,-4.6419,13626.5,9898.3
300479.SZ,20240708,14.72,14.79,13.8,13.87,14.87,-1.0,-6.7249,62017.39,87387.271
300480.SZ,20240708,14.98,14.98,13.86,13.99,14.94,-0.95,-6.3588,61879.21,88027.076
300481.SZ,20240708,13.45,13.53,12.97,13.06,13.45,-0.39,-2.8996,37913.0,50057.602
300482.SZ,20240708,24.34,25.12,24.05,24.75,23.64,1.11,4.6954,162106.12,399410.964
300483.SZ,20240708,7.23,7.39,7.15,7.18,7.41,-0.23,-3.1039,31714.6,22924.609
300484.SZ,20240708,13.0,13.08,12.5,12.57,13.04,-0.47,-3.6043,60278.0,76571.77
300485.SZ,20240708,6.28,6.3,6.0,6.03,6.27,-0.24,-3.8278,32633.0,19887.731
300486.SZ,20240708,5.54,5.65,5.33,5.37,5.61,-0.24,-4.2781,465765.02,252622.535
300487.SZ,20240708,40.0,40.4,38.36,38.66,40.5,-1.84,-4.5432,32850.4,128366.109
300488.SZ,20240708,19.5,19.55,18.9,18.95,19.5,-0.55,-2.8205,6787.0,12958.874
300489.SZ,20240708,22.03,22.45,21.33,22.4,21.5,0.9,4.186,68096.5,149825.738
300490.SZ,20240708,7.22,7.28,6.93,6.95,7.12,-0.17,-2.3876,57524.0,40742.187
300491.SZ,20240708,13.58,13.68,13.02,13.07,13.6,-0.53,-3.8971,24778.0,32758.122
300492.SZ,20240708,90.52,90.66,85.36,86.32,90.18,-3.86,-4.2803,11817.0,103184.243
300493.SZ,20240708,7.35,7.43,7.22,7.26,7.31,-0.05,-0.684,73625.0,53731.365
300494.SZ,20240708,9.6,9.64,9.2,9.23,9.7,-0.47,-4.8454,121940.8,114085.3
300496.SZ,20240708,44.0,44.1,41.14,41.55,44.16,-2.61,-5.9103,188766.08,798589.809
300497.SZ,20240708,8.82,8.82,8.45,8.5,8.8,-0.3,-3.4091,53235.0,45587.929
300498.SZ,20240708,19.8,20.3,19.67,20.08,19.81,0.27,1.3629,338437.89,677969.374
300499.SZ,20240708,10.29,10.32,10.01,10.05,10.29,-0.24,-2.3324,39569.25,40039.474
300500.SZ,20240708,10.2,10.21,9.68,9.73,10.2,-0.47,-4.6078,56122.1,55189.381
300501.SZ,20240708,10.61,10.7,10.3,10.31,10.61,-0.3,-2.8275,7317.0,7607.319
300502.SZ,20240708,112.01,115.28,111.76,113.45,112.98,0.47,0.416,194244.3,2208355.337
300503.SZ,20240708,11.75,11.86,11.45,11.48,11.92,-0.44,-3.6913,80438.0,93246.149
300504.SZ,20240708,11.29,11.5,11.02,11.06,11.53,-0.47,-4.0763,21194.0,23673.994
300505.SZ,20240708,12.62,12.78,12.0,12.2,12.44,-0.24,-1.9293,91084.46,111994.458
300506.SZ,20240708,1.7,1.77,1.63,1.71,1.8,-0.09,-5.0,206750.74,35204.045
300507.SZ,20240708,5.4,5.49,4.97,4.99,5.46,-0.47,-8.6081,333821.94,172673.103
300508.SZ,20240708,18.68,18.78,17.98,17.99,18.78,-0.79,-4.2066,15425.48,28004.572
300509.SZ,20240708,4.64,4.64,4.4,4.43,4.61,-0.18,-3.9046,35565.0,15828.753
300510.SZ,20240708,3.44,3.44,3.27,3.29,3.44,-0.15,-4.3605,94818.81,31527.135
300511.SZ,20240708,2.7,2.71,2.56,2.6,2.7,-0.1,-3.7037,127158.0,33185.026
300512.SZ,20240708,5.62,5.62,5.41,5.44,5.64,-0.2,-3.5461,14164.0,7740.576
300513.SZ,20240708,7.75,7.79,7.41,7.43,7.8,-0.37,-4.7436,46502.47,35049.418
300514.SZ,20240708,13.5,13.52,13.14,13.18,13.54,-0.36,-2.6588,33755.0,44808.848
300515.SZ,20240708,9.18,9.2,8.9,8.94,9.09,-0.15,-1.6502,31631.0,28450.863
300516.SZ,20240708,27.04,27.42,26.4,26.56,27.16,-0.6,-2.2091,11574.0,31072.757
300517.SZ,20240708,8.45,8.59,8.27,8.36,8.49,-0.13,-1.5312,50375.0,42426.29
300518.SZ,20240708,7.63,7.73,7.28,7.31,7.67,-0.36,-4.6936,34168.58,25352.546
300519.SZ,20240708,11.06,11.06,10.6,10.66,11.18,-0.52,-4.6512,28500.0,30804.981
300520.SZ,20240708,15.54,15.54,15.0,15.1,15.64,-0.54,-3.4527,73120.0,111063.949
300521.SZ,20240708,11.13,11.33,11.0,11.1,11.17,-0.07,-0.6267,19850.0,22162.912
300522.SZ,20240708,10.5,10.64,10.16,10.19,10.55,-0.36,-3.4123,42576.02,43909.894
300523.SZ,20240708,15.8,17.18,15.63,16.81,15.7,1.11,7.0701,76055.3,126253.993
300525.SZ,20240708,12.22,12.32,12.01,12.06,12.32,-0.26,-2.1104,67912.74,82454.89
300527.SZ,20240708,6.28,6.41,6.1,6.14,6.23,-0.09,-1.4446,90686.28,56661.85
300528.SZ,20240708,6.3,6.36,6.11,6.13,6.33,-0.2,-3.1596,33048.0,20463.087
300529.SZ,20240708,27.5,27.5,26.87,26.93,27.73,-0.8,-2.885,48549.93,131766.616
300530.SZ,20240708,16.05,16.07,15.51,15.66,16.27,-0.61,-3.7492,17044.75,26764.106
300531.SZ,20240708,9.95,9.96,9.46,9.51,9.98,-0.47,-4.7094,52962.35,50831.715
300532.SZ,20240708,11.7,11.77,11.35,11.42,11.78,-0.36,-3.056,27873.14,32115.778
300533.SZ,20240708,13.79,13.82,13.27,13.33,13.84,-0.51,-3.685,33892.0,45487.829
300534.SZ,20240708,7.55,7.92,7.48,7.75,7.69,0.06,0.7802,186682.47,144367.697
300535.SZ,20240708,11.48,12.35,11.12,11.2,11.52,-0.32,-2.7778,32715.27,37854.063
300536.SZ,20240708,8.1,8.11,7.66,7.85,8.1,-0.25,-3.0864,48997.0,38684.015
300537.SZ,20240708,14.83,15.5,14.54,14.6,14.83,-0.23,-1.5509,90089.0,134716.651
300538.SZ,20240708,17.13,17.99,17.11,17.12,17.22,-0.1,-0.5807,170127.92,297746.929
300539.SZ,20240708,7.62,7.65,7.3,7.35,7.72,-0.37,-4.7927,41250.07,30664.649
300540.SZ,20240708,20.43,20.43,19.91,19.99,20.4,-0.41,-2.0098,9746.0,19570.219
300541.SZ,20240708,8.51,8.52,8.08,8.11,8.57,-0.46,-5.3676,83330.89,68513.058
300542.SZ,20240708,11.7,11.88,11.43,11.45,11.72,-0.27,-2.3038,58187.2,67310.161
300543.SZ,20240708,7.37,7.48,7.16,7.18,7.41,-0.23,-3.1039,49755.56,36308.238
300545.SZ,20240708,22.92,23.15,22.3,22.35,23.13,-0.78,-3.3722,30644.0,69456.738
300546.SZ,20240708,12.88,13.15,11.89,12.08,13.88,-1.8,-12.9683,351631.92,437289.489
300547.SZ,20240708,15.5,15.56,15.15,15.2,15.59,-0.39,-2.5016,31078.0,47650.556
300548.SZ,20240708,18.2,18.33,17.62,17.71,18.34,-0.63,-3.4351,50048.5,89562.99
300549.SZ,20240708,15.02,16.18,14.9,15.55,16.7,-1.15,-6.8862,177293.61,272296.521
300550.SZ,20240708,9.58,9.58,9.3,9.34,9.58,-0.24,-2.5052,15963.0,15030.861
300551.SZ,20240708,5.61,5.63,5.22,5.29,5.56,-0.27,-4.8561,134160.0,71833.464
300552.SZ,20240708,33.14,33.47,31.74,32.02,33.13,-1.11,-3.3504,148439.4,479806.836
300553.SZ,20240708,22.89,23.18,21.9,22.05,23.06,-1.01,-4.3799,12149.7,27210.178
300554.SZ,20240708,21.23,21.38,20.83,20.94,21.43,-0.49,-2.2865,26095.0,54838.222
300555.SZ,20240708,5.57,5.67,5.41,5.41,5.57,-0.16,-2.8725,3469.0,1930.008
300556.SZ,20240708,16.58,16.59,15.72,15.82,16.57,-0.75,-4.5263,38746.0,62035.547
300557.SZ,20240708,24.32,24.45,23.18,23.23,24.32,-1.09,-4.4819,34845.86,82103.289
300558.SZ,20240708,32.79,32.82,31.28,31.51,32.85,-1.34,-4.0791,49507.13,157980.505
300559.SZ,20240708,9.35,9.39,9.0,9.03,9.36,-0.33,-3.5256,39019.5,35551.444
300560.SZ,20240708,10.5,10.55,10.08,10.12,10.6,-0.48,-4.5283,40141.0,41171.409
300561.SZ,20240708,9.01,9.17,8.46,8.54,9.38,-0.84,-8.9552,294294.47,258207.569
300562.SZ,20240708,8.8,8.95,8.4,8.43,8.72,-0.29,-3.3257,52258.61,44492.085
300563.SZ,20240708,28.02,29.54,27.44,28.47,27.18,1.29,4.7461,356762.3,1021206.949
300564.SZ,20240708,8.27,8.42,8.06,8.09,8.35,-0.26,-3.1138,7886.0,6429.365
300565.SZ,20240708,9.75,9.9,9.46,9.5,9.88,-0.38,-3.8462,20333.0,19505.918
300566.SZ,20240708,12.97,13.06,12.71,12.74,13.08,-0.34,-2.5994,29427.63,37831.725
300567.SZ,20240708,53.78,55.06,52.81,53.21,54.22,-1.01,-1.8628,37549.54,202804.031
300568.SZ,20240708,7.82,7.84,7.57,7.6,7.87,-0.27,-3.4307,194616.78,149151.765
300569.SZ,20240708,4.07,4.07,3.96,3.97,4.08,-0.11,-2.6961,63741.18,25462.563
300570.SZ,20240708,30.8,31.28,30.38,30.56,31.07,-0.51,-1.6415,44240.5,136417.034
300571.SZ,20240708,20.35,20.36,19.23,19.3,20.18,-0.88,-4.3608,14321.0,27990.185
300572.SZ,20240708,11.71,12.32,11.45,12.07,11.9,0.17,1.4286,110241.81,131266.28
300573.SZ,20240708,161.0,161.66,152.2,153.16,162.5,-9.34,-5.7477,40941.24,638033.035
300575.SZ,20240708,6.68,6.75,6.45,6.52,6.56,-0.04,-0.6098,66052.01,43392.675
300576.SZ,20240708,35.8,37.4,35.7,36.0,35.7,0.3,0.8403,138078.25,504600.079
300577.SZ,20240708,20.1,20.17,19.74,19.79,19.97,-0.18,-0.9014,8228.0,16410.967
300578.SZ,20240708,14.5,15.58,14.44,15.38,15.03,0.35,2.3287,206253.29,313206.209
300579.SZ,20240708,23.7,23.8,21.93,22.03,24.4,-2.37,-9.7131,217513.25,491607.252
300580.SZ,20240708,14.35,14.45,13.52,13.64,14.58,-0.94,-6.4472,154590.34,212885.506
300581.SZ,20240708,7.11,7.18,6.87,6.92,7.18,-0.26,-3.6212,61049.39,42508.435
300582.SZ,20240708,8.05,8.07,7.85,7.86,8.08,-0.22,-2.7228,25430.0,20139.093
300583.SZ,20240708,12.17,12.17,11.62,11.69,12.15,-0.46,-3.786,13473.0,15868.4
300584.SZ,20240708,15.64,16.2,15.12,15.32,15.64,-0.32,-2.046,18442.0,28800.988
300585.SZ,20240708,10.49,10.53,10.08,10.1,10.54,-0.44,-4.1746,54124.0,55255.45
300586.SZ,20240708,6.18,6.18,5.95,6.12,6.19,-0.07,-1.1309,52803.0,31867.971
300587.SZ,20240708,3.99,4.02,3.88,3.9,4.02,-0.12,-2.9851,85194.71,33345.683
300588.SZ,20240708,7.79,7.83,7.37,7.43,7.9,-0.47,-5.9494,64654.8,48898.989
300589.SZ,20240708,11.24,11.24,11.0,11.01,11.27,-0.26,-2.307,42542.4,47083.253
300590.SZ,20240708,10.85,11.23,10.82,11.01,10.99,0.02,0.182,127763.1,141591.7
300591.SZ,20240708,3.2,3.2,3.03,3.06,3.16,-0.1,-3.1646,59383.5,18259.328
300592.SZ,20240708,10.48,10.55,10.07,10.16,10.48,-0.32,-3.0534,53349.8,54666.887
300593.SZ,20240708,9.26,9.27,8.87,8.91,9.33,-0.42,-4.5016,84836.3,76251.287
300594.SZ,20240708,12.95,13.15,12.51,12.59,13.14,-0.55,-4.1857,25788.0,32833.825
300595.SZ,20240708,15.37,15.44,15.06,15.1,15.43,-0.33,-2.1387,92210.15,140079.946
300596.SZ,20240708,26.19,26.21,25.15,25.29,25.96,-0.67,-2.5809,19833.0,50752.523
300597.SZ,20240708,6.85,6.85,6.45,6.52,6.86,-0.34,-4.9563,99588.87,65590.388
300598.SZ,20240708,27.46,27.46,26.3,26.44,27.36,-0.92,-3.3626,29642.9,79145.596
300599.SZ,20240708,4.94,5.05,4.79,4.81,4.93,-0.12,-2.4341,24225.0,11851.34
300600.SZ,20240708,5.16,5.18,4.98,4.99,5.18,-0.19,-3.668,34720.08,17512.119
300601.SZ,20240708,15.51,15.55,14.77,14.85,15.62,-0.77,-4.9296,103525.14,155765.721
300602.SZ,20240708,14.12,14.25,13.7,13.72,14.13,-0.41,-2.9016,89799.66,124640.363
300603.SZ,20240708,6.85,6.86,6.59,6.65,6.81,-0.16,-2.3495,47231.01,31555.031
300604.SZ,20240708,28.55,29.15,28.03,28.42,28.3,0.12,0.424,129324.99,370513.956
300605.SZ,20240708,9.49,9.58,9.08,9.14,9.59,-0.45,-4.6924,96044.64,89033.074
300606.SZ,20240708,18.96,20.93,18.95,19.56,19.29,0.27,1.3997,222896.5,443761.482
300607.SZ,20240708,12.5,12.5,11.72,11.77,12.51,-0.74,-5.9153,132164.49,157908.828
300608.SZ,20240708,8.75,8.75,8.4,8.41,8.74,-0.33,-3.7757,47570.88,40389.57
300609.SZ,20240708,19.3,19.52,18.52,18.65,19.61,-0.96,-4.8955,23245.49,44096.726
300610.SZ,20240708,8.67,8.99,8.47,8.64,8.67,-0.03,-0.346,26136.0,22754.965
300611.SZ,20240708,7.33,7.37,7.1,7.16,7.35,-0.19,-2.585,40951.0,29460.64
300612.SZ,20240708,12.92,12.92,12.44,12.49,12.92,-0.43,-3.3282,28071.16,35260.384
300613.SZ,20240708,30.62,34.67,30.53,32.72,30.62,2.1,6.8583,105965.21,347692.454
300614.SZ,20240708,8.74,8.81,8.45,8.47,8.85,-0.38,-4.2938,18059.0,15427.987
300615.SZ,20240708,9.04,9.04,8.7,8.75,9.07,-0.32,-3.5281,16418.7,14468.756
300616.SZ,20240708,10.7,10.72,10.28,10.46,10.67,-0.21,-1.9681,20193.89,21058.94
300617.SZ,20240708,26.8,27.05,26.32,26.67,27.1,-0.43,-1.5867,13770.15,36647.121
300618.SZ,20240708,26.0,26.19,25.13,25.26,26.0,-0.74,-2.8462,30898.01,78975.885
300619.SZ,20240708,19.24,19.4,18.4,18.52,19.2,-0.68,-3.5417,25541.32,47956.049
300620.SZ,20240708,35.1,35.4,34.1,34.3,35.27,-0.97,-2.7502,32487.68,112555.727
300621.SZ,20240708,7.45,7.51,7.16,7.18,7.44,-0.26,-3.4946,24243.0,17790.33
300622.SZ,20240708,11.99,12.1,11.6,11.61,12.05,-0.44,-3.6515,9212.16,10813.281
300623.SZ,20240708,16.51,16.98,16.36,16.41,16.48,-0.07,-0.4248,122564.98,204655.081
300624.SZ,20240708,50.37,50.37,48.45,48.63,50.75,-2.12,-4.1773,62971.84,310060.065
300625.SZ,20240708,10.11,10.22,9.81,9.85,10.16,-0.31,-3.0512,12387.0,12301.014
300626.SZ,20240708,7.25,7.43,7.0,7.06,7.51,-0.45,-5.992,81421.8,58342.729
300627.SZ,20240708,28.5,29.35,28.25,28.7,27.34,1.36,4.9744,116280.69,335723.683
300628.SZ,20240708,35.43,37.1,35.2,36.4,35.28,1.12,3.1746,63692.5,233079.012
300629.SZ,20240708,16.75,16.78,16.38,16.47,16.82,-0.35,-2.0809,23770.07,39374.165
300630.SZ,20240708,9.88,9.88,9.88,9.88,12.35,-2.47,-20.0,52945.0,52309.66
300631.SZ,20240708,19.21,19.21,18.44,18.46,19.06,-0.6,-3.148,9208.43,17158.565
300632.SZ,20240708,9.25,9.36,9.08,9.15,9.27,-0.12,-1.2945,16718.0,15372.265
300633.SZ,20240708,35.38,35.49,33.4,33.56,35.7,-2.14,-5.9944,45208.0,154631.495
300634.SZ,20240708,16.42,16.42,15.91,16.02,16.45,-0.43,-2.614,65246.71,104768.121
300635.SZ,20240708,7.38,7.4,7.06,7.11,7.4,-0.29,-3.9189,25273.0,18175.004
300636.SZ,20240708,9.75,9.75,9.35,9.39,9.78,-0.39,-3.9877,35379.06,33446.164
300637.SZ,20240708,8.67,8.91,8.52,8.61,8.63,-0.02,-0.2317,197096.0,172121.653
300638.SZ,20240708,15.93,15.96,15.39,15.45,16.02,-0.57,-3.5581,183467.8,285785.608
300639.SZ,20240708,4.71,4.73,4.5,4.51,4.71,-0.2,-4.2463,62943.58,28744.506
300640.SZ,20240708,3.89,3.92,3.74,3.77,3.92,-0.15,-3.8265,33918.0,12841.415
300641.SZ,20240708,30.3,33.0,29.63,32.32,30.17,2.15,7.1263,764172.76,2406270.146
300642.SZ,20240708,11.53,11.63,11.13,11.2,11.63,-0.43,-3.6973,7531.0,8493.755
300643.SZ,20240708,12.08,12.25,11.77,11.9,12.21,-0.31,-2.5389,115146.0,137379.261
300644.SZ,20240708,18.49,18.87,17.92,18.02,18.67,-0.65,-3.4815,45535.1,82730.031
300645.SZ,20240708,12.66,12.69,11.84,11.9,12.71,-0.81,-6.3729,66958.3,81123.025
300647.SZ,20240708,4.55,4.72,4.45,4.46,4.55,-0.09,-1.978,245731.0,111963.627
300648.SZ,20240708,16.21,16.35,15.81,15.86,16.33,-0.47,-2.8781,10473.0,16754.644
300649.SZ,20240708,10.04,10.04,9.6,9.65,10.03,-0.38,-3.7886,20776.0,20195.322
300650.SZ,20240708,9.62,9.66,9.27,9.31,9.55,-0.24,-2.5131,71176.0,67038.863
300651.SZ,20240708,12.04,12.95,11.7,12.35,12.1,0.25,2.0661,41082.64,50345.021
300652.SZ,20240708,18.59,18.68,18.23,18.39,18.69,-0.3,-1.6051,9809.02,18045.15
300653.SZ,20240708,20.7,20.95,20.28,20.38,20.81,-0.43,-2.0663,14090.0,28900.12
300654.SZ,20240708,8.24,8.25,7.99,8.02,8.28,-0.26,-3.1401,59318.0,47871.724
300655.SZ,20240708,6.85,7.02,6.7,6.75,6.88,-0.13,-1.8895,144199.47,99199.977
300656.SZ,20240708,17.58,18.14,17.25,17.3,17.8,-0.5,-2.809,26620.16,46992.361
300657.SZ,20240708,14.58,14.7,14.22,14.32,14.75,-0.43,-2.9153,74057.82,106620.344
300658.SZ,20240708,4.25,4.26,4.06,4.08,4.24,-0.16,-3.7736,29505.88,12153.975
300659.SZ,20240708,12.34,12.41,11.92,11.94,12.5,-0.56,-4.48,30460.0,36738.636
300660.SZ,20240708,24.58,24.6,23.78,23.91,24.62,-0.71,-2.8838,32152.91,77484.762
300661.SZ,20240708,74.99,77.49,72.4,75.92,73.31,2.61,3.5602,45111.75,342362.467
300662.SZ,20240708,15.16,15.24,14.49,14.57,15.27,-0.7,-4.5842,36233.0,53369.096
300663.SZ,20240708,10.25,10.27,9.5,9.55,9.83,-0.28,-2.8484,110845.55,108426.804
300664.SZ,20240708,4.41,4.45,4.34,4.35,4.45,-0.1,-2.2472,37619.0,16470.896
300665.SZ,20240708,5.08,5.46,4.97,5.0,5.01,-0.01,-0.1996,111514.63,57774.515
300666.SZ,20240708,46.6,50.39,46.6,47.71,46.8,0.91,1.9444,102231.56,496355.053
300667.SZ,20240708,14.4,14.99,13.6,13.81,14.66,-0.85,-5.7981,153677.7,219824.436
300668.SZ,20240708,15.76,15.76,14.93,15.0,15.53,-0.53,-3.4127,5549.0,8373.477
300669.SZ,20240708,13.13,13.13,12.83,12.92,13.12,-0.2,-1.5244,6096.5,7859.556
300670.SZ,20240708,5.41,5.43,5.16,5.2,5.45,-0.25,-4.5872,75356.2,39599.39
300671.SZ,20240708,23.48,28.14,23.48,28.14,23.45,4.69,20.0,219659.23,603275.562
300672.SZ,20240708,49.7,52.77,49.55,50.55,49.69,0.86,1.7307,107030.48,551480.736
300673.SZ,20240708,12.88,13.15,12.8,12.87,12.97,-0.1,-0.771,22632.0,29298.204
300674.SZ,20240708,10.77,10.79,10.33,10.35,10.74,-0.39,-3.6313,68148.2,71391.327
300675.SZ,20240708,11.44,11.58,10.86,10.86,11.34,-0.48,-4.2328,40889.0,44991.328
300676.SZ,20240708,34.55,34.75,33.58,33.7,34.69,-0.99,-2.8538,13564.0,46098.193
300677.SZ,20240708,27.49,27.88,27.08,27.23,27.59,-0.36,-1.3048,80530.16,220716.768
300678.SZ,20240708,25.11,25.11,23.99,24.16,25.22,-1.06,-4.203,61886.33,151084.018
300679.SZ,20240708,36.3,36.93,35.93,36.1,36.45,-0.35,-0.9602,38204.19,139040.181
300680.SZ,20240708,17.55,17.63,17.08,17.18,17.7,-0.52,-2.9379,61651.98,106745.453
300681.SZ,20240708,12.3,12.3,11.69,11.72,12.37,-0.65,-5.2546,53845.0,63706.933
300682.SZ,20240708,8.48,8.48,8.13,8.16,8.52,-0.36,-4.2254,160103.73,132385.763
300683.SZ,20240708,21.61,21.7,20.85,20.85,21.58,-0.73,-3.3828,7325.0,15458.674
300684.SZ,20240708,16.92,17.22,16.58,16.64,17.07,-0.43,-2.519,94813.96,159084.918
300685.SZ,20240708,17.84,18.11,17.4,17.5,18.09,-0.59,-3.2615,34690.7,61346.977
300686.SZ,20240708,7.3,8.76,7.21,8.42,7.3,1.12,15.3425,515705.9,430487.332
300687.SZ,20240708,13.31,13.37,12.76,12.83,13.44,-0.61,-4.5387,90683.3,117723.811
300688.SZ,20240708,24.46,24.5,23.4,23.65,24.75,-1.1,-4.4444,41910.0,100271.091
300689.SZ,20240708,13.1,13.21,12.43,12.53,13.0,-0.47,-3.6154,33048.0,42046.146
300690.SZ,20240708,17.48,17.49,16.92,17.0,17.49,-0.49,-2.8016,38170.5,65129.055
300691.SZ,20240708,14.06,14.2,13.59,13.66,14.15,-0.49,-3.4629,17112.0,23726.052
300692.SZ,20240708,4.56,4.57,4.4,4.42,4.56,-0.14,-3.0702,20752.0,9229.133
300693.SZ,20240708,18.68,18.78,18.32,18.48,18.76,-0.28,-1.4925,65005.49,120317.244
300694.SZ,20240708,8.3,8.38,8.09,8.14,8.34,-0.2,-2.3981,19438.0,15927.138
300695.SZ,20240708,36.0,36.14,34.48,34.72,36.23,-1.51,-4.1678,3573.0,12532.268
300696.SZ,20240708,15.41,15.41,14.44,14.51,15.47,-0.96,-6.2056,116471.4,171563.475
300697.SZ,20240708,10.55,11.08,10.26,10.77,10.46,0.31,2.9637,112763.4,121239.094
300698.SZ,20240708,35.28,35.9,32.45,33.64,35.5,-1.86,-5.2394,27569.66,93306.117
300699.SZ,20240708,26.35,26.37,25.63,25.71,26.41,-0.7,-2.6505,70271.58,182273.939
300700.SZ,20240708,7.3,7.35,6.92,6.94,7.33,-0.39,-5.3206,65992.62,46363.717
300701.SZ,20240708,8.07,8.12,7.74,7.79,8.05,-0.26,-3.2298,53248.5,41950.669
300702.SZ,20240708,17.09,17.18,16.18,16.28,17.09,-0.81,-4.7396,18798.92,30971.965
300703.SZ,20240708,7.86,7.96,7.74,7.76,7.93,-0.17,-2.1438,18669.0,14554.132
300705.SZ,20240708,26.0,26.2,25.0,25.1,26.15,-1.05,-4.0153,27967.85,71211.599
300706.SZ,20240708,17.94,18.65,17.61,17.68,18.04,-0.36,-1.9956,24602.0,44540.302
300707.SZ,20240708,11.65,11.83,11.4,11.51,11.81,-0.3,-2.5402,52958.44,61193.923
300708.SZ,20240708,8.54,8.65,8.31,8.36,8.52,-0.16,-1.8779,68546.11,58062.133
300709.SZ,20240708,23.69,23.94,23.13,23.25,23.78,-0.53,-2.2288,38545.67,90256.04
300710.SZ,20240708,14.55,14.65,13.93,13.93,14.52,-0.59,-4.0634,14363.95,20412.572
300711.SZ,20240708,15.21,15.29,14.77,14.86,15.21,-0.35,-2.3011,78260.79,117097.763
300712.SZ,20240708,21.1,21.14,20.54,20.64,21.05,-0.41,-1.9477,7532.0,15601.935
300713.SZ,20240708,12.36,12.4,11.02,11.34,12.7,-1.36,-10.7087,97309.08,112560.213
300715.SZ,20240708,7.09,7.11,6.73,6.82,7.1,-0.28,-3.9437,12719.6,8747.797
300716.SZ,20240708,7.68,7.68,7.16,7.27,7.75,-0.48,-6.1935,130865.0,95771.692
300717.SZ,20240708,14.85,15.08,14.53,14.76,14.76,0.0,0.0,20480.0,30255.666
300718.SZ,20240708,13.08,13.08,12.56,12.61,13.13,-0.52,-3.9604,25539.96,32523.4
300719.SZ,20240708,15.9,15.91,15.46,15.53,15.93,-0.4,-2.511,64810.5,100977.035
300720.SZ,20240708,11.95,11.95,11.44,11.55,11.96,-0.41,-3.4281,25559.0,29613.86
300721.SZ,20240708,12.9,13.18,12.75,12.99,13.02,-0.03,-0.2304,36644.91,47497.158
300722.SZ,20240708,18.1,18.25,17.58,17.77,18.34,-0.57,-3.108,49187.12,87772.527
300723.SZ,20240708,19.8,19.91,19.32,19.43,19.91,-0.48,-2.4108,19825.29,38704.422
300724.SZ,20240708,57.1,57.1,54.62,54.92,57.8,-2.88,-4.9827,88385.3,492637.759
300725.SZ,20240708,27.61,28.88,27.0,28.41,27.4,1.01,3.6861,99367.41,280915.466
300726.SZ,20240708,20.88,20.88,20.13,20.22,20.86,-0.64,-3.0681,38487.98,78504.818
300727.SZ,20240708,21.65,23.47,21.25,21.6,21.28,0.32,1.5038,43461.82,95932.938
300729.SZ,20240708,14.7,14.7,14.03,14.13,14.69,-0.56,-3.8121,33082.24,46998.04
300730.SZ,20240708,10.38,11.22,10.04,10.84,10.62,0.22,2.0716,399089.91,425573.669
300731.SZ,20240708,14.26,14.46,13.73,13.85,14.79,-0.94,-6.3556,63095.0,88600.682
300732.SZ,20240708,7.5,7.52,7.12,7.16,7.52,-0.36,-4.7872,111302.8,80504.296
300733.SZ,20240708,9.29,9.29,8.97,9.02,9.29,-0.27,-2.9064,19223.4,17409.451
300735.SZ,20240708,19.66,20.61,19.5,20.06,19.72,0.34,1.7241,346086.1,694225.209
300736.SZ,20240708,10.15,10.21,9.27,9.35,10.36,-1.01,-9.749,149749.4,144680.212
300737.SZ,20240708,4.21,4.21,4.03,4.06,4.22,-0.16,-3.7915,150128.99,61264.255
300738.SZ,20240708,9.88,9.89,9.57,9.63,9.91,-0.28,-2.8254,207445.82,201120.753
300739.SZ,20240708,12.42,12.52,11.85,11.93,12.43,-0.5,-4.0225,91901.63,111122.231
300740.SZ,20240708,13.92,13.92,12.94,13.1,13.94,-0.84,-6.0258,82456.37,109099.669
300741.SZ,20240708,15.05,15.36,14.21,14.27,14.69,-0.42,-2.8591,19866.0,28716.489
300743.SZ,20240708,12.43,12.53,12.13,12.21,12.45,-0.24,-1.9277,28109.86,34701.881
300745.SZ,20240708,14.03,14.03,13.5,13.58,14.08,-0.5,-3.5511,31615.0,43269.597
300746.SZ,20240708,6.07,6.07,5.82,5.83,6.06,-0.23,-3.7954,23781.0,13993.977
300747.SZ,20240708,16.87,16.87,16.23,16.31,16.81,-0.5,-2.9744,52223.52,85794.546
300748.SZ,20240708,12.53,12.62,12.03,12.14,12.58,-0.44,-3.4976,111922.2,137017.953
300749.SZ,20240708,5.27,5.27,5.03,5.05,5.26,-0.21,-3.9924,22449.0,11449.156
300750.SZ,20240708,176.01,178.37,175.01,175.91,177.62,-1.71,-0.9627,108063.97,1907514.42
300751.SZ,20240708,112.2,113.69,107.46,110.2,112.88,-2.68,-2.3742,25956.86,283767.936
300752.SZ,20240708,12.84,13.12,12.56,12.59,12.93,-0.34,-2.6295,37206.07,47426.332
300753.SZ,20240708,10.96,11.09,10.42,10.51,10.93,-0.42,-3.8426,34733.0,36900.499
300755.SZ,20240708,14.07,14.22,13.36,13.44,13.93,-0.49,-3.5176,25467.0,34574.846
300756.SZ,20240708,13.94,14.08,13.15,13.38,13.99,-0.61,-4.3603,36669.37,49478.802
300757.SZ,20240708,80.0,81.89,79.07,79.85,80.26,-0.41,-0.5108,39130.11,313827.988
300758.SZ,20240708,10.46,10.49,10.21,10.26,10.54,-0.28,-2.6565,61752.42,63698.222
300759.SZ,20240708,18.91,18.94,18.43,18.55,18.92,-0.37,-1.9556,86710.0,161340.74
300760.SZ,20240708,285.98,287.44,279.29,280.3,285.93,-5.63,-1.969,24392.51,687669.916
300761.SZ,20240708,22.3,22.87,22.07,22.61,22.12,0.49,2.2152,36466.8,82354.628
300762.SZ,20240708,16.75,16.79,15.69,15.87,16.81,-0.94,-5.5919,340710.86,549095.874
300763.SZ,20240708,45.98,46.51,45.02,46.01,46.6,-0.59,-1.2661,88391.65,403963.384
300765.SZ,20240708,24.51,25.42,23.76,23.93,24.64,-0.71,-2.8815,130809.64,316561.806
300766.SZ,20240708,9.7,9.85,9.39,9.44,9.9,-0.46,-4.6465,101712.0,97057.446
300767.SZ,20240708,8.32,8.34,7.99,8.02,8.32,-0.3,-3.6058,34001.6,27476.015
300768.SZ,20240708,11.0,11.1,10.75,10.8,11.21,-0.41,-3.6574,60222.5,65456.512
300769.SZ,20240708,27.4,27.4,26.4,26.55,27.5,-0.95,-3.4545,56604.12,151606.718
300770.SZ,20240708,33.76,33.76,33.16,33.23,33.82,-0.59,-1.7445,10649.0,35533.271
300771.SZ,20240708,8.66,8.78,8.14,8.17,8.41,-0.24,-2.8537,40798.0,33735.079
300772.SZ,20240708,9.17,9.28,9.03,9.14,9.17,-0.03,-0.3272,54218.01,49669.274
300773.SZ,20240708,12.39,12.41,11.96,12.0,12.45,-0.45,-3.6145,71989.0,87270.438
300774.SZ,20240708,6.4,6.4,6.18,6.22,6.4,-0.18,-2.8125,16355.0,10217.397
300775.SZ,20240708,29.02,29.26,28.0,28.3,29.26,-0.96,-3.2809,99741.42,285571.451
300776.SZ,20240708,45.39,45.6,44.3,44.5,45.75,-1.25,-2.7322,33077.58,148097.867
300777.SZ,20240708,20.93,20.93,19.83,19.97,20.92,-0.95,-4.5411,52838.55,106875.617
300778.SZ,20240708,9.8,9.88,9.41,9.46,9.88,-0.42,-4.251,71428.28,68043.392
300779.SZ,20240708,43.77,43.82,42.12,42.63,43.9,-1.27,-2.8929,29012.8,124116.831
300780.SZ,20240708,12.57,12.61,12.11,12.15,12.68,-0.53,-4.1798,35111.0,42926.614
300781.SZ,20240708,52.0,53.5,50.18,50.8,53.17,-2.37,-4.4574,141136.19,727940.848
300782.SZ,20240708,71.7,73.0,70.95,71.2,71.65,-0.45,-0.6281,68617.68,494264.154
300783.SZ,20240708,20.98,20.98,20.25,20.45,20.99,-0.54,-2.5727,58659.02,120196.625
300784.SZ,20240708,60.0,64.78,59.86,62.05,60.84,1.21,1.9888,29750.64,185134.545
300785.SZ,20240708,16.87,16.87,16.2,16.36,16.93,-0.57,-3.3668,29970.25,49336.348
300786.SZ,20240708,10.55,10.66,10.24,10.32,10.63,-0.31,-2.9163,41064.4,42567.795
300787.SZ,20240708,11.16,11.39,10.99,11.04,11.16,-0.12,-1.0753,43901.4,48883.534
300788.SZ,20240708,24.24,24.24,23.42,23.52,24.41,-0.89,-3.646,16535.0,39173.045
300789.SZ,20240708,12.46,12.46,11.87,11.91,12.38,-0.47,-3.7964,11930.9,14350.875
300790.SZ,20240708,13.4,13.54,13.03,13.06,13.4,-0.34,-2.5373,51986.0,68613.211
300791.SZ,20240708,23.69,23.88,23.0,23.01,23.6,-0.59,-2.5,15382.9,35804.252
300792.SZ,20240708,15.13,15.13,14.57,14.6,15.14,-0.54,-3.5667,17763.7,26145.791
300793.SZ,20240708,12.34,12.44,11.79,11.83,12.35,-0.52,-4.2105,79722.0,95726.936
300795.SZ,20240708,16.3,16.5,15.85,15.97,16.39,-0.42,-2.5625,21345.37,34127.74
300796.SZ,20240708,14.45,14.45,14.14,14.23,14.5,-0.27,-1.8621,18036.0,25665.077
300797.SZ,20240708,8.75,8.88,8.64,8.74,8.83,-0.09,-1.0193,20292.33,17679.067
300798.SZ,20240708,6.05,6.15,5.8,5.82,6.05,-0.23,-3.8017,42068.02,24773.624
300800.SZ,20240708,9.7,9.81,9.56,9.61,9.85,-0.24,-2.4365,12902.0,12415.375
300801.SZ,20240708,14.9,15.1,14.63,14.67,15.12,-0.45,-2.9762,17282.8,25648.101
300802.SZ,20240708,14.56,14.65,14.06,14.11,14.62,-0.51,-3.4884,10595.08,15102.505
300803.SZ,20240708,34.23,34.6,33.34,33.55,34.75,-1.2,-3.4532,55767.11,188838.587
300804.SZ,20240708,21.24,21.41,20.41,20.6,21.29,-0.69,-3.241,5577.0,11571.926
300805.SZ,20240708,6.18,6.23,5.95,5.98,6.19,-0.21,-3.3926,37265.0,22470.982
300806.SZ,20240708,10.31,10.31,9.95,10.0,10.24,-0.24,-2.3438,78499.4,79125.955
300807.SZ,20240708,22.03,22.1,21.0,21.11,22.03,-0.92,-4.1761,23163.0,49537.34
300808.SZ,20240708,16.7,16.87,16.4,16.75,16.81,-0.06,-0.3569,16212.0,26981.085
300809.SZ,20240708,19.1,19.19,18.48,18.52,19.31,-0.79,-4.0911,30005.6,56242.655
300810.SZ,20240708,14.43,14.49,13.83,13.88,14.46,-0.58,-4.0111,12237.0,17178.392
300811.SZ,20240708,41.5,42.3,40.31,40.41,41.98,-1.57,-3.7399,46416.66,189752.393
300812.SZ,20240708,20.0,20.32,19.4,19.6,19.94,-0.34,-1.7051,36085.0,71675.293
300813.SZ,20240708,16.9,16.94,15.96,16.31,16.67,-0.36,-2.1596,13566.8,22043.022
300814.SZ,20240708,26.49,27.09,26.0,26.03,26.68,-0.65,-2.4363,30236.01,80396.351
300815.SZ,20240708,11.3,11.32,10.9,10.95,11.37,-0.42,-3.6939,23648.42,26078.202
300816.SZ,20240708,24.0,24.48,23.5,23.75,24.05,-0.3,-1.2474,5528.62,13179.095
300817.SZ,20240708,9.44,9.5,9.28,9.3,9.49,-0.19,-2.0021,38438.5,36001.016
300818.SZ,20240708,24.39,24.4,23.81,23.85,24.4,-0.55,-2.2541,12371.7,29698.514
300819.SZ,20240708,11.24,11.26,10.84,10.91,11.18,-0.27,-2.415,10404.0,11391.665
300820.SZ,20240708,35.74,35.8,34.56,34.84,35.64,-0.8,-2.2447,17827.04,62718.913
300821.SZ,20240708,6.68,6.96,6.55,6.56,6.7,-0.14,-2.0896,98353.79,66040.654
300822.SZ,20240708,10.72,10.72,10.17,10.25,10.5,-0.25,-2.381,68678.9,71190.331
300823.SZ,20240708,11.28,11.79,11.18,11.36,11.46,-0.1,-0.8726,42089.6,48401.266
300824.SZ,20240708,7.11,7.12,6.92,7.0,7.13,-0.13,-1.8233,18228.55,12742.605
300825.SZ,20240708,9.15,9.15,8.64,8.69,9.12,-0.43,-4.7149,90774.6,80079.748
300826.SZ,20240708,12.01,12.05,11.36,11.45,12.12,-0.67,-5.5281,88251.9,101867.579
300827.SZ,20240708,21.5,21.56,20.61,20.83,21.55,-0.72,-3.3411,50158.51,104934.581
300828.SZ,20240708,10.83,10.93,10.43,10.47,10.86,-0.39,-3.5912,23722.5,25189.825
300829.SZ,20240708,14.36,14.4,13.83,13.89,14.43,-0.54,-3.7422,18948.0,26536.629
300830.SZ,20240708,5.74,5.74,5.47,5.52,5.74,-0.22,-3.8328,76524.0,42435.292
300831.SZ,20240708,10.5,10.88,10.4,10.43,10.66,-0.23,-2.1576,40156.0,42733.394
300832.SZ,20240708,62.79,62.79,60.46,60.94,63.05,-2.11,-3.3466,28254.08,173173.303
300833.SZ,20240708,41.8,42.46,40.01,40.45,41.86,-1.41,-3.3684,8411.47,34204.833
300834.SZ,20240708,18.74,18.87,18.04,18.18,18.74,-0.56,-2.9883,16460.41,30191.95
300835.SZ,20240708,25.23,25.38,24.48,24.5,25.62,-1.12,-4.3716,59048.9,146728.801
300836.SZ,20240708,35.79,36.04,34.66,34.97,35.83,-0.86,-2.4002,10997.3,38658.272
300837.SZ,20240708,20.56,20.74,19.73,19.89,20.58,-0.69,-3.3528,7372.0,14772.639
300838.SZ,20240708,10.03,10.08,9.65,9.71,10.02,-0.31,-3.0938,9361.0,9152.068
300839.SZ,20240708,5.5,5.56,5.35,5.4,5.56,-0.16,-2.8777,37502.14,20332.339
300840.SZ,20240708,8.74,8.76,8.32,8.35,8.74,-0.39,-4.4622,65736.0,55714.447
300841.SZ,20240708,51.7,51.86,49.59,50.3,51.78,-1.48,-2.8582,20456.56,102857.62
300842.SZ,20240708,39.16,39.21,37.5,37.6,39.4,-1.8,-4.5685,28827.07,110169.115
300843.SZ,20240708,25.24,26.41,24.76,25.63,25.42,0.21,0.8261,84392.75,217999.137
300844.SZ,20240708,24.68,24.77,23.6,23.68,24.77,-1.09,-4.4005,15559.82,37116.914
300845.SZ,20240708,10.06,10.15,9.69,9.73,10.17,-0.44,-4.3265,32075.48,31499.884
300846.SZ,20240708,9.33,9.35,9.01,9.04,9.33,-0.29,-3.1083,54063.0,49242.815
300847.SZ,20240708,13.9,13.95,13.47,13.51,13.92,-0.41,-2.9454,25980.0,35430.727
300848.SZ,20240708,16.3,16.41,15.1,15.16,16.41,-1.25,-7.6173,31394.7,48997.297
300849.SZ,20240708,12.66,12.76,12.63,12.68,12.69,-0.01,-0.0788,13506.5,17162.632
300850.SZ,20240708,14.5,14.56,13.95,13.99,14.59,-0.6,-4.1124,54157.2,76581.267
300851.SZ,20240708,21.53,21.67,20.88,21.0,21.57,-0.57,-2.6426,3007.0,6364.306
300852.SZ,20240708,26.61,27.26,25.49,25.68,26.91,-1.23,-4.5708,52619.49,138596.512
300853.SZ,20240708,13.32,13.32,12.66,12.78,13.32,-0.54,-4.0541,16479.0,21139.906
300854.SZ,20240708,10.27,10.27,9.55,9.66,10.08,-0.42,-4.1667,29598.84,28790.032
300855.SZ,20240708,25.2,25.33,24.0,24.15,25.33,-1.18,-4.6585,26978.44,66114.709
300856.SZ,20240708,31.98,31.98,31.02,31.6,32.12,-0.52,-1.6189,30220.0,95173.678
300857.SZ,20240708,64.78,65.4,62.8,63.3,65.08,-1.78,-2.7351,65692.0,420401.671
300858.SZ,20240708,14.61,14.7,14.08,14.11,14.6,-0.49,-3.3562,7723.0,11057.747
300859.SZ,20240708,30.7,31.06,30.2,30.49,30.7,-0.21,-0.684,44123.0,134806.667
300860.SZ,20240708,20.82,21.06,20.24,20.35,21.0,-0.65,-3.0952,13141.0,26939.099
300861.SZ,20240708,18.0,18.04,17.42,17.49,18.05,-0.56,-3.1025,29522.7,52139.832
300862.SZ,20240708,20.54,21.09,20.0,20.3,20.61,-0.31,-1.5041,25045.6,51388.319
300863.SZ,20240708,35.0,35.38,34.43,34.59,35.09,-0.5,-1.4249,9970.77,34748.452
300864.SZ,20240708,19.97,20.45,19.87,20.18,19.94,0.24,1.2036,12695.75,25716.254
300865.SZ,20240708,15.94,15.95,15.35,15.38,15.79,-0.41,-2.5966,5275.0,8163.533
300866.SZ,20240708,65.45,65.86,63.77,64.03,65.46,-1.43,-2.1845,25441.72,164610.543
300867.SZ,20240708,10.66,10.66,10.18,10.2,10.66,-0.46,-4.3152,17522.0,18075.863
300868.SZ,20240708,18.63,18.75,18.13,18.24,18.57,-0.33,-1.7771,53013.0,97493.55
300869.SZ,20240708,13.1,13.18,12.54,12.61,13.09,-0.48,-3.6669,21967.69,28070.769
300870.SZ,20240708,39.0,39.69,38.6,38.75,39.51,-0.76,-1.9236,12127.32,47340.894
300871.SZ,20240708,9.28,9.37,8.98,9.04,9.4,-0.36,-3.8298,21133.5,19247.262
300872.SZ,20240708,12.85,12.89,12.34,12.39,13.02,-0.63,-4.8387,91008.87,113854.895
300873.SZ,20240708,14.08,14.08,13.61,13.66,14.08,-0.42,-2.983,15978.0,21953.225
300875.SZ,20240708,18.04,18.27,17.4,17.77,18.1,-0.33,-1.8232,24227.9,42896.293
300876.SZ,20240708,16.4,16.75,16.01,16.05,16.64,-0.59,-3.5457,4057.15,6577.683
300877.SZ,20240708,10.51,10.64,10.14,10.22,10.63,-0.41,-3.857,7768.63,7989.064
300878.SZ,20240708,16.03,16.25,14.8,15.5,15.2,0.3,1.9737,52889.18,82021.261
300879.SZ,20240708,14.73,14.95,14.26,14.75,14.95,-0.2,-1.3378,40505.63,58758.59
300880.SZ,20240708,17.51,17.96,17.31,17.6,17.45,0.15,0.8596,39690.0,69835.114
300881.SZ,20240708,26.04,27.97,25.26,26.37,24.81,1.56,6.2878,52777.22,138127.988
300882.SZ,20240708,16.28,16.3,15.57,15.58,16.02,-0.44,-2.7466,31574.22,49889.65
300883.SZ,20240708,4.28,4.33,4.07,4.09,4.25,-0.16,-3.7647,48644.0,20192.803
300884.SZ,20240708,8.15,8.16,7.86,7.89,8.14,-0.25,-3.0713,31579.0,25148.308
300885.SZ,20240708,8.22,8.22,7.8,7.85,8.15,-0.3,-3.681,56028.94,44316.559
300886.SZ,20240708,16.15,16.38,15.18,15.18,15.98,-0.8,-5.0063,9766.5,15123.533
300887.SZ,20240708,6.93,8.41,6.7,7.73,7.03,0.7,9.9573,192883.41,141515.805
300888.SZ,20240708,25.12,25.48,24.58,24.63,25.62,-0.99,-3.8642,17274.0,42969.114
300889.SZ,20240708,10.19,10.21,9.72,9.8,10.24,-0.44,-4.2969,33938.0,33479.51
300890.SZ,20240708,23.87,24.12,23.4,23.52,24.02,-0.5,-2.0816,21994.0,51982.05
300891.SZ,20240708,7.67,7.67,7.43,7.47,7.67,-0.2,-2.6076,29908.67,22500.418
300892.SZ,20240708,15.34,16.48,15.03,15.82,16.07,-0.25,-1.5557,62186.13,96871.312
300893.SZ,20240708,30.2,30.43,29.12,29.17,30.28,-1.11,-3.6658,13412.05,39845.856
300894.SZ,20240708,12.44,12.47,11.99,12.08,12.44,-0.36,-2.8939,44423.0,53844.713
300895.SZ,20240708,25.39,25.65,24.38,24.68,25.24,-0.56,-2.2187,30594.14,75973.742
300896.SZ,20240708,159.3,159.9,155.0,155.16,160.62,-5.46,-3.3993,24594.36,385422.724
300897.SZ,20240708,17.55,17.82,16.9,17.05,17.55,-0.5,-2.849,5430.08,9319.24
300898.SZ,20240708,16.59,16.69,16.17,16.25,16.72,-0.47,-2.811,13692.0,22355.99
300899.SZ,20240708,17.88,17.95,17.25,17.46,17.94,-0.48,-2.6756,9893.0,17282.962
300900.SZ,20240708,17.2,17.27,16.44,16.55,17.2,-0.65,-3.7791,62697.03,104499.845
300901.SZ,20240708,9.19,9.3,8.89,9.01,9.18,-0.17,-1.8519,58195.0,52712.526
300902.SZ,20240708,17.21,18.98,17.16,17.88,17.43,0.45,2.5818,23411.05,42201.561
300903.SZ,20240708,7.03,7.13,6.72,6.75,7.02,-0.27,-3.8462,221427.81,152121.106
300904.SZ,20240708,40.07,42.76,39.5,41.13,40.5,0.63,1.5556,18048.3,73513.633
300905.SZ,20240708,26.52,26.86,25.8,25.9,26.72,-0.82,-3.0689,32602.0,85375.747
300906.SZ,20240708,18.82,19.02,18.4,18.5,18.83,-0.33,-1.7525,7923.0,14774.506
300907.SZ,20240708,17.88,17.9,17.3,17.37,17.89,-0.52,-2.9067,9066.0,15848.992
300908.SZ,20240708,26.53,26.7,26.05,26.11,26.74,-0.63,-2.356,7189.68,18890.825
300909.SZ,20240708,20.17,20.29,19.32,19.36,20.17,-0.81,-4.0159,17195.5,33838.685
300910.SZ,20240708,43.89,43.89,41.22,41.53,43.7,-2.17,-4.9657,21938.67,92731.337
300911.SZ,20240708,25.83,25.83,25.13,25.48,25.86,-0.38,-1.4695,10816.4,27492.648
300912.SZ,20240708,9.22,9.25,8.81,8.93,9.28,-0.35,-3.7716,17907.0,16008.009
300913.SZ,20240708,32.01,32.8,31.67,31.74,32.36,-0.62,-1.9159,40595.8,131161.178
300915.SZ,20240708,25.44,25.87,24.65,24.72,25.61,-0.89,-3.4752,6314.0,15753.004
300916.SZ,20240708,24.02,24.36,23.8,23.84,24.15,-0.31,-1.2836,16704.78,40219.497
300917.SZ,20240708,32.5,32.89,31.57,31.82,32.68,-0.86,-2.6316,69654.46,222981.41
300918.SZ,20240708,8.45,8.53,8.23,8.27,8.49,-0.22,-2.5913,48206.21,40164.098
300919.SZ,20240708,29.39,29.39,28.48,28.62,29.43,-0.81,-2.7523,38874.86,112157.538
300920.SZ,20240708,14.35,15.11,13.72,13.84,14.21,-0.37,-2.6038,22263.0,31831.144
300921.SZ,20240708,17.16,17.99,17.01,17.77,17.35,0.42,2.4207,67704.22,119522.202
300922.SZ,20240708,12.26,12.31,11.9,11.95,12.33,-0.38,-3.0819,28900.2,34758.61
300923.SZ,20240708,15.76,16.0,15.2,15.39,16.03,-0.64,-3.9925,6272.0,9781.229
300925.SZ,20240708,9.5,9.54,9.18,9.21,9.65,-0.44,-4.5596,96640.0,90131.032
300926.SZ,20240708,20.28,20.9,20.28,20.75,20.43,0.32,1.5663,69050.13,142701.152
300927.SZ,20240708,13.19,13.22,12.72,12.83,13.21,-0.38,-2.8766,16139.0,20800.722
300928.SZ,20240708,36.45,36.57,35.44,35.88,36.76,-0.88,-2.3939,10313.0,37118.237
300929.SZ,20240708,7.2,7.24,6.85,6.85,7.2,-0.35,-4.8611,16901.4,11697.205
300930.SZ,20240708,23.8,23.91,22.95,23.4,23.92,-0.52,-2.1739,51187.45,119809.704
300931.SZ,20240708,5.43,5.45,5.16,5.17,5.43,-0.26,-4.7882,31919.0,16757.057
300932.SZ,20240708,9.08,9.71,8.86,8.89,9.16,-0.27,-2.9476,91484.96,83464.477
300933.SZ,20240708,5.99,6.01,5.73,5.77,6.02,-0.25,-4.1528,108684.02,63524.642
300935.SZ,20240708,15.26,15.29,14.67,14.73,15.27,-0.54,-3.5363,9304.2,13813.224
300936.SZ,20240708,38.97,40.18,37.6,38.02,39.46,-1.44,-3.6493,52274.9,203712.025
300937.SZ,20240708,20.87,20.99,20.18,20.19,21.1,-0.91,-4.3128,8964.0,18405.46
300938.SZ,20240708,19.22,19.22,18.62,18.68,19.26,-0.58,-3.0114,10201.28,19234.756
300939.SZ,20240708,27.08,27.34,26.56,26.68,27.35,-0.67,-2.4497,16197.87,43536.715
300940.SZ,20240708,12.16,13.5,12.16,12.84,12.19,0.65,5.3322,47857.2,60885.597
300941.SZ,20240708,17.46,17.71,16.31,16.54,17.8,-1.26,-7.0787,81811.59,137463.399
300942.SZ,20240708,6.15,7.2,5.82,6.87,6.05,0.82,13.5537,102023.48,64585.588
300943.SZ,20240708,10.11,10.11,9.67,9.7,10.08,-0.38,-3.7698,23505.0,23020.006
300945.SZ,20240708,9.14,9.21,8.68,8.73,9.02,-0.29,-3.2151,75893.6,67896.33
300946.SZ,20240708,25.45,25.93,25.15,25.86,25.85,0.01,0.0387,23522.41,60094.699
300947.SZ,20240708,16.35,16.93,16.04,16.7,16.35,0.35,2.1407,124181.4,205219.722
300948.SZ,20240708,8.49,8.55,8.23,8.43,8.53,-0.1,-1.1723,29092.03,24377.148
300949.SZ,20240708,28.58,28.84,27.63,27.92,28.79,-0.87,-3.0219,8581.0,24076.466
300950.SZ,20240708,14.47,14.62,14.13,14.17,14.68,-0.51,-3.4741,17200.48,24529.119
300951.SZ,20240708,27.8,28.44,26.99,27.22,28.22,-1.0,-3.5436,28954.66,79582.577
300952.SZ,20240708,16.85,16.85,16.16,16.25,16.75,-0.5,-2.9851,12529.0,20438.441
300953.SZ,20240708,50.79,51.53,48.95,49.39,51.28,-1.89,-3.6856,6827.0,34028.446
300955.SZ,20240708,12.04,12.23,11.42,11.6,11.95,-0.35,-2.9289,10045.43,11703.752
300956.SZ,20240708,18.8,18.98,18.2,18.45,18.67,-0.22,-1.1784,96598.18,178860.195
300957.SZ,20240708,45.04,45.04,43.55,43.77,45.24,-1.47,-3.2493,23102.47,101750.152
300958.SZ,20240708,10.43,10.48,10.03,10.14,10.42,-0.28,-2.6871,19855.53,20191.594
300959.SZ,20240708,24.74,25.2,23.72,23.75,24.82,-1.07,-4.311,18483.04,44708.518
300960.SZ,20240708,14.55,14.63,13.96,13.97,14.52,-0.55,-3.7879,8872.68,12532.333
300961.SZ,20240708,7.44,7.54,7.18,7.25,7.47,-0.22,-2.9451,15823.89,11558.278
300962.SZ,20240708,13.72,14.16,13.57,14.07,13.86,0.21,1.5152,32603.79,45465.618
300963.SZ,20240708,10.33,10.34,9.86,9.93,10.33,-0.4,-3.8722,22928.0,22943.381
300964.SZ,20240708,31.3,31.93,30.3,30.45,31.98,-1.53,-4.7842,26320.0,81465.165
300965.SZ,20240708,25.9,27.32,25.86,26.85,26.09,0.76,2.913,6187.0,16483.811
300966.SZ,20240708,17.11,17.11,15.99,16.09,16.86,-0.77,-4.567,26938.0,43881.918
300967.SZ,20240708,9.13,9.76,8.9,9.7,9.09,0.61,6.7107,90095.42,84974.722
300968.SZ,20240708,8.57,8.78,8.3,8.37,8.62,-0.25,-2.9002,68172.58,57533.163
300969.SZ,20240708,63.8,63.94,61.42,61.7,64.17,-2.47,-3.8492,9758.31,60819.062
300970.SZ,20240708,11.44,11.45,10.97,11.06,11.47,-0.41,-3.5745,15829.0,17583.439
300971.SZ,20240708,17.64,17.77,16.86,16.97,17.78,-0.81,-4.5557,34153.5,58714.495
300972.SZ,20240708,21.12,21.47,20.51,20.63,21.22,-0.59,-2.7804,19736.45,41179.382
300973.SZ,20240708,26.41,26.45,25.08,25.45,26.58,-1.13,-4.2513,33986.6,86783.16
300975.SZ,20240708,8.47,8.48,8.13,8.18,8.47,-0.29,-3.4238,157206.34,129478.266
300976.SZ,20240708,42.72,43.63,41.98,42.1,42.9,-0.8,-1.8648,9527.6,40490.842
300977.SZ,20240708,16.88,17.11,16.46,16.68,17.06,-0.38,-2.2274,82531.07,137828.814
300978.SZ,20240708,8.97,8.97,8.7,8.75,8.94,-0.19,-2.1253,32201.29,28291.321
300979.SZ,20240708,58.56,60.66,58.56,60.28,59.03,1.25,2.1176,27662.66,166277.245
300980.SZ,20240708,14.53,16.31,14.31,14.45,14.55,-0.1,-0.6873,24354.5,36121.588
300981.SZ,20240708,9.52,9.52,8.97,9.05,9.52,-0.47,-4.937,34884.86,31931.77
300982.SZ,20240708,17.3,17.31,16.86,17.0,17.49,-0.49,-2.8016,23988.6,40797.971
300983.SZ,20240708,15.19,15.19,14.67,14.67,15.18,-0.51,-3.3597,3867.05,5743.865
300984.SZ,20240708,20.26,20.26,19.5,19.56,20.19,-0.63,-3.1204,3483.0,6872.978
300985.SZ,20240708,15.19,15.31,14.72,14.74,15.28,-0.54,-3.534,17302.09,25743.918
300986.SZ,20240708,6.89,6.89,6.57,6.62,6.82,-0.2,-2.9326,18512.49,12314.286
300987.SZ,20240708,12.11,12.22,11.67,11.73,12.15,-0.42,-3.4568,13566.7,16140.561
300988.SZ,20240708,19.86,20.78,18.92,19.01,19.85,-0.84,-4.2317,76904.8,150427.257
300989.SZ,20240708,11.26,11.39,10.88,10.92,11.37,-0.45,-3.9578,31496.65,34644.673
300990.SZ,20240708,25.69,25.91,25.02,25.14,25.97,-0.83,-3.196,9259.0,23471.546
300991.SZ,20240708,16.78,18.22,16.68,17.58,17.39,0.19,1.0926,219494.37,388461.809
300992.SZ,20240708,15.43,15.5,14.22,14.35,14.67,-0.32,-2.1813,13802.0,20278.154
300993.SZ,20240708,8.65,8.67,8.38,8.41,8.65,-0.24,-2.7746,43282.4,36707.711
300994.SZ,20240708,10.09,10.11,9.59,9.63,10.12,-0.49,-4.8419,34634.63,33829.232
300995.SZ,20240708,14.96,14.96,14.42,14.47,14.93,-0.46,-3.081,8117.0,11826.207
300996.SZ,20240708,15.35,15.48,14.16,14.23,15.59,-1.36,-8.7235,155053.94,230089.49
300997.SZ,20240708,11.61,11.64,11.25,11.3,11.67,-0.37,-3.1705,11716.0,13339.197
300998.SZ,20240708,17.06,17.35,16.27,16.33,17.13,-0.8,-4.6702,13594.0,22598.81
300999.SZ,20240708,27.55,27.76,27.21,27.3,27.68,-0.38,-1.3728,33702.28,92349.152
301000.SZ,20240708,13.02,13.14,12.55,12.64,13.1,-0.46,-3.5115,39749.73,50633.945
301001.SZ,20240708,17.61,18.33,17.02,17.4,17.35,0.05,0.2882,33989.17,59904.767
301002.SZ,20240708,15.21,15.21,14.08,14.64,15.2,-0.56,-3.6842,19221.06,28441.395
301003.SZ,20240708,21.32,21.32,20.52,20.6,21.22,-0.62,-2.9218,5229.33,10827.267
301004.SZ,20240708,85.78,88.58,85.01,86.29,85.8,0.49,0.5711,7230.0,62711.627
301005.SZ,20240708,27.1,27.66,25.81,26.04,27.1,-1.06,-3.9114,70205.0,186131.237
301006.SZ,20240708,11.3,11.3,10.91,11.01,11.33,-0.32,-2.8244,6056.0,6690.49
301007.SZ,20240708,11.81,11.81,11.24,11.28,11.83,-0.55,-4.6492,74482.21,85133.775
301008.SZ,20240708,17.0,17.1,16.23,16.32,16.71,-0.39,-2.3339,7962.72,13205.603
301009.SZ,20240708,7.48,7.53,7.2,7.22,7.48,-0.26,-3.4759,13379.62,9772.641
301010.SZ,20240708,11.2,11.2,10.67,10.73,11.28,-0.55,-4.8759,15627.0,16956.854
301011.SZ,20240708,15.68,15.78,14.91,15.0,15.67,-0.67,-4.2757,14286.03,21850.079
301012.SZ,20240708,22.67,22.9,22.1,22.23,22.86,-0.63,-2.7559,46029.53,102852.205
301013.SZ,20240708,10.22,10.31,9.96,9.98,10.49,-0.51,-4.8618,75255.0,75963.258
301015.SZ,20240708,23.6,23.61,22.55,22.7,23.54,-0.84,-3.5684,23994.0,54969.524
301016.SZ,20240708,16.38,16.38,15.8,15.86,16.39,-0.53,-3.2337,9056.0,14449.638
301017.SZ,20240708,9.87,9.87,9.43,9.48,9.92,-0.44,-4.4355,22915.0,21897.566
301018.SZ,20240708,17.72,18.16,17.27,17.35,17.72,-0.37,-2.088,27688.0,48821.678
301019.SZ,20240708,18.16,18.36,17.71,17.75,18.26,-0.51,-2.793,4898.0,8802.544
301020.SZ,20240708,18.38,20.83,18.3,19.79,19.17,0.62,3.2342,100448.06,199055.72
301021.SZ,20240708,14.96,14.96,13.75,13.8,14.14,-0.34,-2.4045,28035.03,39531.92
301022.SZ,20240708,19.23,19.39,18.5,18.58,19.24,-0.66,-3.4304,14532.03,27365.366
301023.SZ,20240708,28.36,28.7,27.17,27.23,28.42,-1.19,-4.1872,5728.89,15892.869
301024.SZ,20240708,18.79,19.16,18.33,18.41,19.08,-0.67,-3.5115,6165.0,11443.885
301025.SZ,20240708,9.69,9.8,9.25,9.32,9.75,-0.43,-4.4103,85076.06,80281.46
301026.SZ,20240708,22.27,22.45,21.5,21.64,22.28,-0.64,-2.8725,8627.0,18878.816
301027.SZ,20240708,7.58,7.62,7.21,7.31,7.59,-0.28,-3.6891,73813.72,54234.02
301028.SZ,20240708,8.36,8.36,7.93,7.97,8.29,-0.32,-3.8601,25801.57,20824.919
301029.SZ,20240708,18.47,18.47,17.8,17.9,18.52,-0.62,-3.3477,35930.6,64880.703
301030.SZ,20240708,21.54,21.54,20.7,21.02,21.5,-0.48,-2.2326,46118.2,96813.651
301031.SZ,20240708,73.9,74.46,71.62,71.85,74.76,-2.91,-3.8925,5279.0,38437.745
301032.SZ,20240708,6.45,6.55,6.18,6.19,6.44,-0.25,-3.882,29334.0,18521.173
301033.SZ,20240708,38.23,38.23,36.8,36.83,38.23,-1.4,-3.662,3888.0,14494.537
301035.SZ,20240708,40.42,40.67,39.64,39.85,40.86,-1.01,-2.4719,7526.0,30094.728
301036.SZ,20240708,24.2,24.67,23.7,23.84,24.09,-0.25,-1.0378,78049.0,188943.539
301037.SZ,20240708,8.68,8.78,8.34,8.41,8.72,-0.31,-3.555,14217.65,12033.646
301038.SZ,20240708,14.0,14.7,13.52,13.71,13.84,-0.13,-0.9393,29538.5,41180.597
301039.SZ,20240708,8.21,8.24,7.96,8.0,8.25,-0.25,-3.0303,105673.0,85270.537
301040.SZ,20240708,9.6,9.6,9.06,9.15,9.56,-0.41,-4.2887,19629.0,18050.026
301041.SZ,20240708,25.2,26.1,24.7,24.7,25.41,-0.71,-2.7942,51626.04,131465.604
301042.SZ,20240708,31.21,31.52,30.2,30.27,31.36,-1.09,-3.4758,6624.0,20295.324
301043.SZ,20240708,22.98,23.15,22.55,22.61,23.07,-0.46,-1.9939,3269.21,7425.958
301045.SZ,20240708,17.55,18.0,17.07,17.21,17.52,-0.31,-1.7694,10957.0,19126.095
301046.SZ,20240708,18.94,18.95,18.18,18.22,18.94,-0.72,-3.8015,8322.0,15335.185
301047.SZ,20240708,62.09,62.3,60.02,60.84,62.1,-1.26,-2.029,6251.2,38237.787
301048.SZ,20240708,8.23,8.24,7.9,7.91,8.27,-0.36,-4.3531,27402.33,22090.975
301049.SZ,20240708,17.59,17.6,16.63,16.67,17.3,-0.63,-3.6416,14779.0,24875.813
301050.SZ,20240708,45.81,45.81,44.3,44.59,45.76,-1.17,-2.5568,22710.8,102143.802
301051.SZ,20240708,23.49,24.09,23.09,23.64,23.69,-0.05,-0.2111,14567.9,34238.688
301052.SZ,20240708,20.17,20.45,19.5,19.64,20.18,-0.54,-2.6759,36776.43,73396.482
301053.SZ,20240708,20.86,21.2,20.37,21.15,21.35,-0.2,-0.9368,33731.32,70084.342
301055.SZ,20240708,12.59,13.46,12.35,13.3,12.42,0.88,7.0853,42551.56,55713.769
301056.SZ,20240708,7.44,7.53,7.21,7.24,7.47,-0.23,-3.079,31184.0,22783.28
301057.SZ,20240708,11.13,11.24,10.81,10.92,11.13,-0.21,-1.8868,9735.0,10668.996
301058.SZ,20240708,9.13,9.17,8.96,9.13,9.16,-0.03,-0.3275,36335.0,32943.162
301059.SZ,20240708,9.01,9.07,8.68,8.74,8.98,-0.24,-2.6726,13401.19,11776.919
301060.SZ,20240708,8.13,8.16,7.71,7.76,8.12,-0.36,-4.4335,38465.0,30140.876
301061.SZ,20240708,43.2,43.6,42.17,42.24,43.39,-1.15,-2.6504,6452.2,27595.689
301062.SZ,20240708,10.28,10.38,10.16,10.19,10.28,-0.09,-0.8755,21433.0,21992.868
301063.SZ,20240708,13.98,13.98,13.3,13.35,13.89,-0.54,-3.8877,14098.54,19026.66
301065.SZ,20240708,16.2,16.2,15.5,15.53,16.06,-0.53,-3.3001,6887.5,10866.066
301066.SZ,20240708,8.05,8.14,7.81,7.83,8.07,-0.24,-2.974,20420.0,16165.938
301067.SZ,20240708,23.96,26.69,23.76,24.65,24.6,0.05,0.2033,210117.95,531466.299
301068.SZ,20240708,20.45,20.45,19.42,19.66,20.12,-0.46,-2.2863,1953.4,3843.505
301069.SZ,20240708,12.89,12.95,12.47,12.55,12.97,-0.42,-3.2382,20924.0,26413.454
301070.SZ,20240708,37.99,39.47,37.64,38.5,39.03,-0.53,-1.3579,2833.0,10857.785
301071.SZ,20240708,26.84,26.86,26.03,26.19,26.93,-0.74,-2.7479,19402.98,51184.813
301072.SZ,20240708,20.01,21.12,19.86,20.42,20.27,0.15,0.74,24920.88,50869.95
301073.SZ,20240708,17.5,18.04,16.95,17.1,17.72,-0.62,-3.4989,71596.34,124319.963
301075.SZ,20240708,15.91,16.06,15.15,15.31,16.07,-0.76,-4.7293,10426.0,16132.586
301076.SZ,20240708,18.73,18.88,18.04,18.13,18.93,-0.8,-4.2261,26944.01,49256.329
301077.SZ,20240708,17.28,17.51,16.85,16.88,17.28,-0.4,-2.3148,7042.65,12015.528
301078.SZ,20240708,5.3,5.35,5.03,5.07,5.35,-0.28,-5.2336,234964.6,120762.427
301079.SZ,20240708,12.25,12.5,11.96,12.07,12.25,-0.18,-1.4694,24501.0,29909.47
301080.SZ,20240708,33.44,33.6,32.25,32.46,33.63,-1.17,-3.479,12590.75,41285.177
301081.SZ,20240708,7.91,8.19,7.69,7.71,7.51,0.2,2.6631,99682.16,77889.345
301082.SZ,20240708,9.56,9.58,9.26,9.32,9.57,-0.25,-2.6123,53915.4,50536.428
301083.SZ,20240708,14.25,14.25,13.57,13.62,14.53,-0.91,-6.2629,75830.0,105070.665
301085.SZ,20240708,39.8,40.33,38.71,39.09,40.35,-1.26,-3.1227,12657.49,49588.821
301086.SZ,20240708,35.87,36.5,34.97,35.58,35.89,-0.31,-0.8638,13806.5,49426.535
301087.SZ,20240708,33.76,33.92,32.32,32.58,33.66,-1.08,-3.2086,6225.29,20478.216
301088.SZ,20240708,10.73,10.81,10.35,10.42,10.88,-0.46,-4.2279,7064.0,7397.08
301089.SZ,20240708,29.25,29.59,28.31,28.42,29.4,-0.98,-3.3333,19401.24,55678.368
301090.SZ,20240708,6.64,6.64,6.45,6.47,6.64,-0.17,-2.5602,34214.0,22269.224
301091.SZ,20240708,24.3,24.4,23.1,23.23,24.4,-1.17,-4.7951,104665.93,245539.863
301092.SZ,20240708,22.0,22.0,21.12,21.25,22.0,-0.75,-3.4091,9741.0,20851.742
301093.SZ,20240708,18.6,18.67,18.05,18.1,18.7,-0.6,-3.2086,6910.0,12568.3
301095.SZ,20240708,39.62,40.3,39.2,39.47,39.55,-0.08,-0.2023,23091.09,91660.255
301096.SZ,20240708,52.86,53.05,49.99,50.1,52.91,-2.81,-5.3109,19451.06,98748.797
301097.SZ,20240708,35.68,35.68,33.79,34.2,35.54,-1.34,-3.7704,1674.53,5721.175
301098.SZ,20240708,7.47,7.63,7.23,7.26,7.5,-0.24,-3.2,16762.0,12347.368
301099.SZ,20240708,39.6,40.8,39.03,39.4,39.76,-0.36,-0.9054,21370.89,85489.053
301100.SZ,20240708,12.36,12.55,11.96,12.0,12.42,-0.42,-3.3816,6158.8,7473.861
301101.SZ,20240708,22.6,22.69,21.94,22.17,22.63,-0.46,-2.0327,9775.65,21620.607
301102.SZ,20240708,11.6,11.69,11.11,11.2,11.66,-0.46,-3.9451,19803.25,22457.545
301103.SZ,20240708,20.7,20.7,20.1,20.16,20.72,-0.56,-2.7027,5794.0,11725.875
301105.SZ,20240708,24.24,24.4,23.12,23.21,24.16,-0.95,-3.9321,5259.1,12355.981
301106.SZ,20240708,26.2,26.77,25.78,26.1,26.04,0.06,0.2304,21387.4,56067.117
301107.SZ,20240708,25.13,25.91,24.4,24.71,25.25,-0.54,-2.1386,8018.08,20012.342
301108.SZ,20240708,24.21,24.65,23.93,24.0,24.5,-0.5,-2.0408,1823.0,4404.312
301109.SZ,20240708,14.67,14.92,14.62,14.63,14.88,-0.25,-1.6801,10620.5,15651.419
301110.SZ,20240708,31.12,31.12,29.61,29.84,31.17,-1.33,-4.2669,14694.63,44378.581
301111.SZ,20240708,14.42,14.63,13.98,14.2,14.57,-0.37,-2.5395,34845.22,49716.186
301112.SZ,20240708,20.74,21.13,19.58,19.75,21.33,-1.58,-7.4074,30698.77,62422.11
301113.SZ,20240708,18.68,18.88,18.1,18.19,18.93,-0.74,-3.9091,4758.0,8743.263
301115.SZ,20240708,12.9,12.9,12.4,12.48,12.94,-0.46,-3.5549,10854.22,13608.436
301116.SZ,20240708,8.92,9.9,8.76,9.46,9.01,0.45,4.9945,63238.97,59016.151
301117.SZ,20240708,23.39,23.6,22.5,22.6,23.56,-0.96,-4.0747,12046.0,27544.783
301118.SZ,20240708,18.82,20.09,17.45,20.09,16.74,3.35,20.0119,140417.73,269531.355
301119.SZ,20240708,20.5,21.52,19.71,20.05,20.98,-0.93,-4.4328,60125.55,122355.472
301120.SZ,20240708,9.3,9.44,9.04,9.19,9.44,-0.25,-2.6483,78023.0,71591.616
301121.SZ,20240708,34.24,34.27,33.01,33.29,34.23,-0.94,-2.7461,9460.4,31728.651
301122.SZ,20240708,18.88,18.88,18.08,18.22,18.88,-0.66,-3.4958,12705.21,23271.415
301123.SZ,20240708,16.94,17.26,16.58,16.66,17.05,-0.39,-2.2874,31406.26,52807.999
301125.SZ,20240708,9.23,9.42,8.45,8.52,9.5,-0.98,-10.3158,59027.62,52512.256
301126.SZ,20240708,9.4,9.45,8.93,8.99,9.4,-0.41,-4.3617,41857.0,37983.223
301127.SZ,20240708,8.06,8.16,7.79,7.85,7.99,-0.14,-1.7522,32005.03,25340.385
301128.SZ,20240708,36.2,36.9,35.65,35.99,36.62,-0.63,-1.7204,10030.89,36173.752
301129.SZ,20240708,20.66,20.96,19.54,19.67,20.57,-0.9,-4.3753,58983.04,118442.033
301130.SZ,20240708,23.41,23.8,23.0,23.16,23.53,-0.37,-1.5725,3615.61,8418.252
301131.SZ,20240708,35.66,35.73,33.16,33.34,39.85,-6.51,-16.3363,46331.72,159389.941
301132.SZ,20240708,28.7,29.77,27.81,28.02,28.4,-0.38,-1.338,133101.38,381165.349
301133.SZ,20240708,21.19,21.34,20.36,20.48,21.19,-0.71,-3.3506,28242.26,58569.031
301135.SZ,20240708,19.04,19.5,18.68,18.73,19.43,-0.7,-3.6027,15462.0,29192.107
301136.SZ,20240708,10.95,10.95,10.52,10.57,10.96,-0.39,-3.5584,54048.13,57626.847
301137.SZ,20240708,13.98,14.26,13.43,13.48,13.97,-0.49,-3.5075,14896.0,20238.926
301138.SZ,20240708,23.9,24.98,23.5,23.87,23.99,-0.12,-0.5002,43296.48,104721.977
301139.SZ,20240708,20.81,20.81,19.85,19.93,20.8,-0.87,-4.1827,23141.61,46580.228
301141.SZ,20240708,33.51,33.62,30.38,30.76,32.75,-1.99,-6.0763,67849.32,216462.629
301148.SZ,20240708,16.55,17.32,15.98,16.8,16.55,0.25,1.5106,16965.71,27946.271
301149.SZ,20240708,8.68,8.8,8.35,8.42,8.73,-0.31,-3.551,27146.0,23051.914
301150.SZ,20240708,19.97,23.0,19.51,21.34,20.09,1.25,6.222,101944.5,217950.165
301151.SZ,20240708,13.84,14.05,13.57,13.6,13.82,-0.22,-1.5919,14470.0,19861.311
301152.SZ,20240708,23.7,25.31,23.34,24.86,23.93,0.93,3.8863,44262.0,108908.899
301153.SZ,20240708,25.14,25.14,23.44,23.65,25.5,-1.85,-7.2549,87436.12,212213.774
301155.SZ,20240708,38.38,38.53,36.68,37.0,38.89,-1.89,-4.8599,14938.0,55920.323
301156.SZ,20240708,12.78,13.5,12.25,12.96,12.9,0.06,0.4651,48486.95,62267.255
301157.SZ,20240708,30.15,30.18,29.21,29.38,29.97,-0.59,-1.9686,3831.0,11321.749
301158.SZ,20240708,12.05,12.08,11.58,11.63,12.04,-0.41,-3.4053,10099.67,11831.855
301159.SZ,20240708,28.51,32.16,28.29,32.16,29.14,3.02,10.3638,86713.24,262504.891
301160.SZ,20240708,34.65,34.65,33.82,34.3,34.65,-0.35,-1.0101,9169.0,31467.508
301161.SZ,20240708,14.86,15.09,14.42,14.45,14.92,-0.47,-3.1501,8956.0,13077.802
301162.SZ,20240708,38.63,38.91,37.83,38.4,38.7,-0.3,-0.7752,15220.75,58466.124
301163.SZ,20240708,19.37,19.5,18.65,18.73,19.5,-0.77,-3.9487,13113.0,24728.787
301165.SZ,20240708,28.69,28.97,28.15,28.55,28.69,-0.14,-0.488,18714.91,53334.829
301166.SZ,20240708,27.06,27.06,26.16,26.16,26.97,-0.81,-3.0033,4479.0,11874.119
301167.SZ,20240708,11.2,11.36,10.75,10.81,11.26,-0.45,-3.9964,16104.8,17683.23
301168.SZ,20240708,26.26,26.3,25.52,25.65,26.42,-0.77,-2.9145,12266.63,31700.541
301169.SZ,20240708,31.48,35.88,31.48,34.7,33.2,1.5,4.5181,98605.51,333588.384
301170.SZ,20240708,24.23,24.45,22.9,23.09,24.49,-1.4,-5.7166,22534.32,52968.356
301171.SZ,20240708,14.48,14.52,14.0,14.09,14.66,-0.57,-3.8881,80840.49,115194.564
301172.SZ,20240708,27.69,27.7,26.32,26.56,27.49,-0.93,-3.383,17609.56,46932.29
301175.SZ,20240708,4.41,4.43,4.32,4.33,4.44,-0.11,-2.4775,60855.0,26500.636
301176.SZ,20240708,20.89,21.0,20.25,20.28,20.55,-0.27,-1.3139,51600.0,106094.807
301177.SZ,20240708,18.8,18.8,18.03,18.14,18.81,-0.67,-3.5619,10610.52,19380.449
301178.SZ,20240708,22.7,23.0,20.9,21.05,22.7,-1.65,-7.2687,97551.04,210932.461
301179.SZ,20240708,18.26,18.45,17.93,18.09,18.25,-0.16,-0.8767,28008.29,50958.15
301180.SZ,20240708,13.57,13.59,13.08,13.23,13.59,-0.36,-2.649,47346.0,62857.465
301181.SZ,20240708,22.0,23.07,21.8,22.15,22.04,0.11,0.4991,43727.47,97801.994
301182.SZ,20240708,19.78,20.57,19.32,19.4,20.22,-0.82,-4.0554,71431.61,142471.195
301183.SZ,20240708,39.0,39.92,38.51,38.66,39.25,-0.59,-1.5032,34429.82,135060.758
301185.SZ,20240708,14.05,14.15,13.52,13.55,14.2,-0.65,-4.5775,26429.14,36270.073
301186.SZ,20240708,33.79,35.01,33.58,35.01,34.33,0.68,1.9808,30047.12,104118.215
301187.SZ,20240708,24.98,24.98,24.1,24.31,24.77,-0.46,-1.8571,28798.0,70344.825
301188.SZ,20240708,13.79,13.88,13.31,13.38,13.81,-0.43,-3.1137,15780.0,21262.172
301189.SZ,20240708,20.92,20.95,19.93,19.99,21.0,-1.01,-4.8095,19541.01,39546.679
301190.SZ,20240708,13.47,13.47,12.9,13.01,13.45,-0.44,-3.2714,6419.95,8407.49
301191.SZ,20240708,63.89,64.48,62.35,62.51,64.34,-1.83,-2.8443,8045.4,50872.365
301192.SZ,20240708,16.9,16.9,15.8,16.0,17.0,-1.0,-5.8824,10706.4,17478.807
301193.SZ,20240708,15.47,15.47,14.43,14.65,15.26,-0.61,-3.9974,22956.24,33871.622
301195.SZ,20240708,27.37,27.5,26.66,26.88,27.62,-0.74,-2.6792,8595.5,23147.852
301196.SZ,20240708,28.17,28.17,26.88,27.25,28.26,-1.01,-3.574,14074.83,38505.36
301197.SZ,20240708,12.68,12.8,12.25,12.35,12.76,-0.41,-3.2132,17596.0,21878.049
301198.SZ,20240708,7.85,7.91,7.45,7.5,7.98,-0.48,-6.015,94474.97,71916.744
301199.SZ,20240708,23.15,23.39,22.43,22.45,23.4,-0.95,-4.0598,18971.85,43046.138
301200.SZ,20240708,30.45,30.45,29.62,29.68,30.46,-0.78,-2.5607,5692.81,17029.017
301201.SZ,20240708,18.65,18.69,17.69,17.83,18.46,-0.63,-3.4128,10890.0,19634.528
301202.SZ,20240708,25.6,26.66,25.3,25.41,26.03,-0.62,-2.3819,16202.43,41818.751
301203.SZ,20240708,27.82,28.39,27.39,27.43,28.03,-0.6,-2.1406,2551.7,7084.607
301205.SZ,20240708,57.15,57.77,55.55,55.85,57.48,-1.63,-2.8358,17427.61,98052.72
301206.SZ,20240708,24.36,24.4,23.73,24.0,24.44,-0.44,-1.8003,5969.83,14306.986
301207.SZ,20240708,17.32,17.42,16.63,16.67,17.39,-0.72,-4.1403,19163.0,32416.438
301208.SZ,20240708,25.54,25.67,24.42,24.59,25.66,-1.07,-4.1699,32034.91,79595.212
301209.SZ,20240708,20.36,20.57,19.83,19.9,20.36,-0.46,-2.2593,10787.0,21682.958
301210.SZ,20240708,27.54,27.55,26.2,26.29,27.52,-1.23,-4.4695,5735.0,15302.888
301211.SZ,20240708,14.95,14.95,13.96,14.06,14.83,-0.77,-5.1922,26725.75,38178.972
301212.SZ,20240708,19.7,19.7,18.96,19.02,19.73,-0.71,-3.5986,5522.0,10602.711
301213.SZ,20240708,25.91,26.16,25.0,25.1,26.23,-1.13,-4.308,10502.0,26641.376
301215.SZ,20240708,5.22,5.24,5.08,5.11,5.26,-0.15,-2.8517,188678.0,97028.603
301216.SZ,20240708,11.6,11.6,11.32,11.39,11.63,-0.24,-2.0636,22930.5,26159.069
301217.SZ,20240708,11.54,12.24,11.3,11.75,11.45,0.3,2.6201,474145.63,562074.841
301218.SZ,20240708,22.1,22.9,21.57,22.71,22.1,0.61,2.7602,102292.0,228745.876
301219.SZ,20240708,37.98,38.33,37.38,37.55,38.04,-0.49,-1.2881,21790.94,82302.334
301220.SZ,20240708,24.6,24.88,24.1,24.23,24.62,-0.39,-1.5841,9670.0,23663.785
301221.SZ,20240708,34.39,34.49,32.65,32.82,34.74,-1.92,-5.5268,37835.29,125879.156
301222.SZ,20240708,22.71,22.91,22.43,22.53,22.75,-0.22,-0.967,8174.0,18506.93
301223.SZ,20240708,14.53,14.68,14.23,14.28,14.6,-0.32,-2.1918,2706.01,3892.545
301225.SZ,20240708,27.06,27.69,25.54,25.67,27.14,-1.47,-5.4164,17576.57,46101.08
301226.SZ,20240708,15.94,16.5,15.59,15.59,17.25,-1.66,-9.6232,39388.65,63349.92
301227.SZ,20240708,17.7,17.94,17.41,17.42,17.6,-0.18,-1.0227,8594.0,15163.537
301228.SZ,20240708,9.08,10.91,8.72,10.91,9.09,1.82,20.022,82076.6,80831.041
301229.SZ,20240708,23.93,24.38,22.94,22.95,23.92,-0.97,-4.0552,17510.6,40894.139
301230.SZ,20240708,22.73,23.1,21.7,21.85,22.71,-0.86,-3.7869,38267.8,85848.449
301231.SZ,20240708,17.73,17.9,16.58,16.68,18.05,-1.37,-7.59,75955.57,129708.445
301232.SZ,20240708,23.4,23.4,22.43,22.47,23.46,-0.99,-4.2199,10460.66,23803.966
301233.SZ,20240708,35.97,35.97,34.85,34.89,36.16,-1.27,-3.5122,7360.0,25918.014
301234.SZ,20240708,21.45,21.57,20.71,20.8,21.6,-0.8,-3.7037,6755.0,14184.423
301235.SZ,20240708,17.4,17.4,16.78,16.85,17.32,-0.47,-2.7136,4557.87,7707.499
301236.SZ,20240708,33.64,33.99,32.86,32.95,33.9,-0.95,-2.8024,185245.31,615117.855
301237.SZ,20240708,23.11,23.6,22.35,22.53,23.47,-0.94,-4.0051,9107.0,20821.568
301238.SZ,20240708,14.25,14.47,14.03,14.09,14.38,-0.29,-2.0167,34226.58,48493.429
301239.SZ,20240708,34.89,34.89,33.2,33.45,34.79,-1.34,-3.8517,14902.7,50421.502
301246.SZ,20240708,13.5,13.56,12.8,12.86,13.56,-0.7,-5.1622,39055.0,50917.483
301248.SZ,20240708,15.0,15.2,14.32,14.64,15.22,-0.58,-3.8108,88573.84,130245.003
301251.SZ,20240708,31.31,32.42,31.0,31.11,31.45,-0.34,-1.0811,53174.07,168688.5
301252.SZ,20240708,26.86,27.0,26.1,26.27,27.01,-0.74,-2.7397,15047.66,39773.491
301255.SZ,20240708,29.18,29.4,28.16,28.2,29.28,-1.08,-3.6885,10127.78,28875.11
301256.SZ,20240708,6.07,6.09,5.89,5.91,6.09,-0.18,-2.9557,14471.0,8608.542
301257.SZ,20240708,27.36,27.36,25.94,26.09,27.27,-1.18,-4.3271,10813.0,28618.143
301258.SZ,20240708,24.88,25.27,23.85,24.0,25.01,-1.01,-4.0384,17211.0,41812.289
301259.SZ,20240708,20.11,20.18,19.75,19.98,20.11,-0.13,-0.6464,4801.8,9556.23
301260.SZ,20240708,14.98,15.21,14.5,14.89,15.3,-0.41,-2.6797,134283.95,198830.718
301261.SZ,20240708,38.55,41.22,37.69,40.31,39.7,0.61,1.5365,54393.63,213736.425
301262.SZ,20240708,22.11,22.13,21.11,21.26,22.11,-0.85,-3.8444,17966.45,38652.316
301263.SZ,20240708,12.4,12.52,12.12,12.13,12.47,-0.34,-2.7265,11921.8,14569.364
301265.SZ,20240708,7.72,7.77,7.5,7.52,7.77,-0.25,-3.2175,13183.78,9981.193
301266.SZ,20240708,28.86,28.99,27.8,27.82,29.16,-1.34,-4.5953,21564.0,60753.707
301267.SZ,20240708,20.25,20.3,19.5,19.6,20.35,-0.75,-3.6855,27046.0,53570.625
301268.SZ,20240708,14.58,14.58,13.92,14.0,14.58,-0.58,-3.9781,17954.0,25400.219
301269.SZ,20240708,72.95,73.61,70.01,70.06,72.93,-2.87,-3.9353,22007.96,156907.652
301270.SZ,20240708,22.97,23.27,22.31,22.33,22.97,-0.64,-2.7862,13681.01,30978.207
301272.SZ,20240708,35.42,36.41,34.38,34.44,35.41,-0.97,-2.7393,2401.39,8350.822
301273.SZ,20240708,15.16,15.21,14.4,14.54,15.16,-0.62,-4.0897,7043.77,10357.354
301276.SZ,20240708,20.93,20.99,20.27,20.5,21.05,-0.55,-2.6128,3569.0,7343.262
301277.SZ,20240708,12.84,12.9,12.39,12.45,12.9,-0.45,-3.4884,29006.7,36495.785
301278.SZ,20240708,31.06,31.3,30.2,30.35,31.31,-0.96,-3.0661,6730.3,20663.949
301279.SZ,20240708,18.11,18.28,17.41,17.48,18.57,-1.09,-5.8697,53673.93,95412.337
301280.SZ,20240708,35.85,36.87,35.74,36.35,36.06,0.29,0.8042,10412.16,37759.112
301281.SZ,20240708,22.13,22.15,21.1,21.17,21.97,-0.8,-3.6413,10118.0,21592.058
301282.SZ,20240708,19.89,20.13,18.35,18.39,20.35,-1.96,-9.6314,107780.96,205725.406
301283.SZ,20240708,26.71,26.72,25.86,25.96,26.92,-0.96,-3.5661,5682.01,14854.564
301285.SZ,20240708,23.57,24.34,23.16,23.38,23.85,-0.47,-1.9706,21130.23,50057.804
301286.SZ,20240708,27.25,27.45,26.51,26.66,27.22,-0.56,-2.0573,2726.92,7298.299
301287.SZ,20240708,25.68,25.78,24.85,25.03,25.68,-0.65,-2.5312,5250.0,13233.215
301288.SZ,20240708,10.81,10.9,10.37,10.46,10.91,-0.45,-4.1247,9197.0,9677.852
301289.SZ,20240708,40.0,40.62,38.57,38.69,40.62,-1.93,-4.7514,15635.1,61729.688
301290.SZ,20240708,19.77,19.87,19.26,19.34,19.79,-0.45,-2.2739,5860.6,11406.664
301291.SZ,20240708,32.3,33.53,32.3,32.58,32.79,-0.21,-0.6404,86322.5,283965.063
301292.SZ,20240708,12.06,12.32,11.84,11.88,12.16,-0.28,-2.3026,14730.0,17793.474
301293.SZ,20240708,35.7,35.7,33.87,34.05,35.79,-1.74,-4.8617,33952.3,117188.626
301295.SZ,20240708,18.77,18.78,18.08,18.4,18.81,-0.41,-2.1797,27384.19,50080.42
301296.SZ,20240708,7.17,7.17,6.83,6.85,7.13,-0.28,-3.9271,27249.69,18894.015
301297.SZ,20240708,19.74,20.27,19.41,19.49,19.47,0.02,0.1027,79793.68,159022.612
301298.SZ,20240708,12.29,12.35,11.9,11.9,12.4,-0.5,-4.0323,22646.56,27292.709
301299.SZ,20240708,40.71,40.92,39.65,39.79,41.3,-1.51,-3.6562,12086.0,48510.58
301300.SZ,20240708,21.21,25.7,21.0,25.7,21.42,4.28,19.9813,31054.17,78583.363
301301.SZ,20240708,13.1,13.23,12.35,12.36,12.26,0.1,0.8157,519955.57,656697.69
301302.SZ,20240708,16.09,16.23,15.57,15.63,16.18,-0.55,-3.3993,22527.74,35615.068
301303.SZ,20240708,11.27,11.37,10.92,10.95,11.29,-0.34,-3.0115,9873.4,10946.311
301305.SZ,20240708,15.1,15.13,14.57,14.6,15.02,-0.42,-2.7963,6216.06,9167.003
301306.SZ,20240708,34.21,34.24,32.99,33.3,33.91,-0.61,-1.7989,28892.0,96735.055
301307.SZ,20240708,18.94,19.0,18.08,18.2,18.94,-0.74,-3.9071,22779.33,41796.966
301308.SZ,20240708,94.71,96.98,94.42,95.35,94.41,0.94,0.9957,62547.88,599805.735
301309.SZ,20240708,23.99,24.09,23.4,23.53,24.09,-0.56,-2.3246,3920.0,9251.677
301310.SZ,20240708,21.93,21.94,21.0,21.2,22.04,-0.84,-3.8113,11183.95,23942.292
301311.SZ,20240708,17.33,17.33,16.52,16.63,17.35,-0.72,-4.1499,17835.0,30068.055
301312.SZ,20240708,34.22,34.57,32.6,33.02,34.6,-1.58,-4.5665,16683.8,55558.854
301313.SZ,20240708,19.63,19.63,18.72,18.9,19.61,-0.71,-3.6206,23715.09,45046.866
301314.SZ,20240708,35.12,35.14,33.61,33.89,34.81,-0.92,-2.6429,18695.6,64097.113
301315.SZ,20240708,29.63,29.65,28.57,28.77,29.95,-1.18,-3.9399,21587.77,62538.246
301316.SZ,20240708,14.37,14.41,13.7,13.8,14.37,-0.57,-3.9666,44195.0,61610.892
301317.SZ,20240708,15.26,15.26,14.64,14.69,15.25,-0.56,-3.6721,2861.35,4247.442
301318.SZ,20240708,26.6,26.6,25.35,25.47,26.49,-1.02,-3.8505,20418.9,52541.3
301319.SZ,20240708,26.96,27.4,26.08,26.18,27.26,-1.08,-3.9618,9725.05,25858.439
301320.SZ,20240708,14.07,14.07,13.21,13.37,14.07,-0.7,-4.9751,27702.33,37425.971
301321.SZ,20240708,10.65,10.68,10.18,10.21,10.65,-0.44,-4.1315,25247.68,26033.396
301322.SZ,20240708,18.9,18.9,18.2,18.32,18.9,-0.58,-3.0688,7486.3,13846.33
301323.SZ,20240708,30.98,30.99,29.72,30.05,30.8,-0.75,-2.4351,7650.25,23090.981
301325.SZ,20240708,40.42,40.42,38.55,38.62,40.42,-1.8,-4.4532,12189.34,47738.368
301326.SZ,20240708,28.87,29.99,28.2,29.01,29.18,-0.17,-0.5826,32429.0,94125.654
301327.SZ,20240708,57.1,57.98,56.0,56.04,56.91,-0.87,-1.5287,3940.5,22437.06
301328.SZ,20240708,35.0,35.29,33.8,34.06,35.57,-1.51,-4.2452,9176.58,31512.438
301329.SZ,20240708,18.33,18.71,17.85,17.9,18.72,-0.82,-4.3803,46039.1,83669.178
301330.SZ,20240708,21.8,21.85,20.93,21.02,21.68,-0.66,-3.0443,12341.3,26084.949
301331.SZ,20240708,22.69,22.73,21.82,21.98,22.7,-0.72,-3.1718,5625.4,12550.211
301332.SZ,20240708,8.83,8.83,8.44,8.47,8.84,-0.37,-4.1855,23663.66,20223.61
301333.SZ,20240708,37.92,39.07,36.39,36.65,38.3,-1.65,-4.3081,37034.0,137863.126
301335.SZ,20240708,15.58,16.23,15.4,15.45,16.3,-0.85,-5.2147,13906.0,21813.592
301336.SZ,20240708,28.6,28.74,27.76,27.79,28.81,-1.02,-3.5404,3349.0,9418.283
301337.SZ,20240708,25.6,25.7,24.6,24.77,25.7,-0.93,-3.6187,21676.22,54214.484
301338.SZ,20240708,28.64,29.6,27.9,28.07,28.88,-0.81,-2.8047,18205.6,51782.906
301339.SZ,20240708,18.76,18.84,17.78,17.88,18.78,-0.9,-4.7923,85662.86,155413.987
301345.SZ,20240708,50.18,52.51,49.7,51.68,50.17,1.51,3.0098,18222.05,94244.588
301348.SZ,20240708,29.12,29.94,28.6,28.6,29.26,-0.66,-2.2556,27055.97,79568.359
301349.SZ,20240708,28.05,28.05,26.88,27.28,28.3,-1.02,-3.6042,5971.56,16309.942
301353.SZ,20240708,24.01,24.18,23.56,23.67,24.18,-0.51,-2.1092,7840.0,18661.021
301355.SZ,20240708,9.56,9.64,9.28,9.4,9.57,-0.17,-1.7764,15420.06,14446.419
301356.SZ,20240708,12.2,12.2,11.69,11.76,12.22,-0.46,-3.7643,8926.91,10577.292
301357.SZ,20240708,30.52,30.52,27.28,27.34,30.5,-3.16,-10.3607,70112.9,200585.957
301358.SZ,20240708,29.33,29.6,28.12,28.63,29.58,-0.95,-3.2116,76324.0,217531.038
301359.SZ,20240708,20.73,21.33,20.29,20.61,20.94,-0.33,-1.5759,23836.0,49467.878
301360.SZ,20240708,40.0,40.99,39.28,40.19,40.15,0.04,0.0996,7806.4,31323.814
301361.SZ,20240708,26.5,27.29,25.01,25.1,26.78,-1.68,-6.2733,58519.32,152093.763
301362.SZ,20240708,32.6,32.6,31.82,31.83,32.65,-0.82,-2.5115,3215.0,10326.548
301363.SZ,20240708,27.9,28.6,27.45,27.62,28.31,-0.69,-2.4373,11992.72,33472.924
301365.SZ,20240708,10.1,10.48,9.97,10.04,10.26,-0.22,-2.1442,16402.0,16614.542
301366.SZ,20240708,29.83,30.0,27.8,28.2,29.8,-1.6,-5.3691,35649.6,102570.126
301367.SZ,20240708,62.51,62.81,60.09,60.22,62.5,-2.28,-3.648,5450.07,33360.393
301368.SZ,20240708,43.25,43.95,41.2,41.26,44.24,-2.98,-6.736,58794.46,249730.808
301369.SZ,20240708,39.99,41.6,39.0,39.42,40.06,-0.64,-1.5976,13817.97,55878.292
301370.SZ,20240708,11.15,11.19,10.6,10.72,11.19,-0.47,-4.2002,39365.78,42651.671
301371.SZ,20240708,30.05,30.07,28.51,28.79,29.97,-1.18,-3.9373,8324.11,24148.249
301372.SZ,20240708,24.71,25.68,24.18,24.83,24.51,0.32,1.3056,15546.38,38772.189
301373.SZ,20240708,22.25,22.49,21.54,21.66,22.1,-0.44,-1.991,3606.72,7913.597
301376.SZ,20240708,20.26,20.26,19.39,19.54,20.05,-0.51,-2.5436,10823.42,21253.869
301377.SZ,20240708,15.7,19.0,15.65,17.2,15.84,1.36,8.5859,116654.33,202411.895
301378.SZ,20240708,25.29,25.9,22.12,22.46,23.51,-1.05,-4.4662,77559.6,183243.903
301379.SZ,20240708,17.0,17.23,16.53,16.67,17.18,-0.51,-2.9686,19204.22,32326.899
301380.SZ,20240708,31.83,32.17,30.76,30.88,32.03,-1.15,-3.5904,8874.0,27733.093
301381.SZ,20240708,22.13,22.16,21.37,21.5,22.25,-0.75,-3.3708,9411.0,20376.982
301382.SZ,20240708,17.2,17.34,16.61,16.67,17.3,-0.63,-3.6416,28927.8,48721.074
301383.SZ,20240708,24.49,25.99,24.28,24.68,24.54,0.14,0.5705,45311.01,113526.597
301386.SZ,20240708,19.75,19.92,19.1,19.31,19.85,-0.54,-2.7204,10012.11,19483.3
301387.SZ,20240708,30.3,30.57,29.46,29.75,30.35,-0.6,-1.9769,15161.2,45345.091
301388.SZ,20240708,22.22,22.49,21.25,21.48,22.86,-1.38,-6.0367,85860.03,186422.441
301389.SZ,20240708,14.56,15.75,14.21,15.25,14.56,0.69,4.739,162559.83,244453.016
301390.SZ,20240708,30.8,31.11,29.56,29.65,31.0,-1.35,-4.3548,7395.0,22209.126
301391.SZ,20240708,40.69,40.72,39.17,39.42,40.71,-1.29,-3.1688,12166.22,48254.28
301392.SZ,20240708,51.06,52.19,50.0,50.95,51.65,-0.7,-1.3553,36716.47,187456.198
301393.SZ,20240708,41.89,42.2,39.61,39.84,41.85,-2.01,-4.8029,15271.71,61956.36
301395.SZ,20240708,9.95,9.95,9.48,9.48,9.87,-0.39,-3.9514,16345.26,15708.041
301396.SZ,20240708,20.83,21.75,20.62,21.45,21.88,-0.43,-1.9653,72788.71,154299.093
301397.SZ,20240708,29.28,29.28,27.8,28.0,29.17,-1.17,-4.011,7394.36,20822.3
301398.SZ,20240708,37.96,38.07,36.52,36.64,37.94,-1.3,-3.4265,6836.0,25343.105
301399.SZ,20240708,19.12,19.28,18.32,18.4,19.12,-0.72,-3.7657,8111.4,15146.051
301408.SZ,20240708,10.32,10.36,9.91,9.99,10.16,-0.17,-1.6732,45823.16,45921.216
301413.SZ,20240708,37.11,37.23,35.65,35.88,37.1,-1.22,-3.2884,12760.87,46262.441
301418.SZ,20240708,35.63,36.37,34.75,34.78,35.96,-1.18,-3.2814,7175.54,25451.703
301419.SZ,20240708,23.38,23.8,22.8,22.92,23.78,-0.86,-3.6165,9458.3,21852.436
301421.SZ,20240708,39.51,40.57,38.9,39.0,39.46,-0.46,-1.1657,24320.32,96606.958
301428.SZ,20240708,25.66,25.87,24.33,24.4,25.9,-1.5,-5.7915,27472.23,68038.038
301429.SZ,20240708,14.83,14.95,14.37,14.42,14.97,-0.55,-3.674,8792.16,12755.264
301439.SZ,20240708,12.01,12.08,11.69,11.71,12.05,-0.34,-2.8216,14317.94,16937.207
301446.SZ,20240708,18.28,18.95,17.8,18.07,18.46,-0.39,-2.1127,24294.8,44638.288
301448.SZ,20240708,21.56,21.95,20.06,20.2,20.53,-0.33,-1.6074,28004.6,57973.791
301456.SZ,20240708,24.63,25.69,23.91,24.3,25.0,-0.7,-2.8,37805.06,92601.565
301459.SZ,20240708,36.09,36.42,34.77,34.96,36.08,-1.12,-3.1042,4430.35,15616.569
301468.SZ,20240708,22.24,22.32,21.44,21.44,22.23,-0.79,-3.5538,4444.96,9678.145
301469.SZ,20240708,23.58,23.6,22.44,23.33,23.51,-0.18,-0.7656,9750.75,22392.751
301486.SZ,20240708,39.1,40.77,38.26,38.7,38.2,0.5,1.3089,28419.1,111787.154
301487.SZ,20240708,25.75,25.9,23.92,24.4,26.1,-1.7,-6.5134,38699.36,95722.924
301488.SZ,20240708,46.58,47.49,46.18,46.2,47.23,-1.03,-2.1808,8051.99,37578.021
301489.SZ,20240708,65.5,66.5,64.08,64.51,65.3,-0.79,-1.2098,9903.68,64512.626
301498.SZ,20240708,52.81,52.81,48.51,50.48,52.8,-2.32,-4.3939,23040.23,116147.299
301499.SZ,20240708,21.55,21.55,20.6,20.71,21.5,-0.79,-3.6744,12314.68,25724.249
301500.SZ,20240708,17.45,17.74,17.18,17.24,17.51,-0.27,-1.542,28823.85,50198.181
301502.SZ,20240708,35.7,35.92,34.88,34.98,36.06,-1.08,-2.995,8539.39,30196.553
301503.SZ,20240708,31.3,32.1,28.88,30.78,31.65,-0.87,-2.7488,35188.0,109239.008
301505.SZ,20240708,27.15,27.33,26.31,26.34,27.13,-0.79,-2.9119,14248.94,37914.778
301507.SZ,20240708,13.18,13.45,12.7,12.82,12.94,-0.12,-0.9274,70945.89,92744.02
301508.SZ,20240708,34.5,34.57,32.66,33.05,35.16,-2.11,-6.0011,41237.53,138284.516
301509.SZ,20240708,32.68,33.01,30.81,31.08,33.03,-1.95,-5.9037,25766.72,81543.219
301510.SZ,20240708,26.0,26.14,24.95,25.11,26.14,-1.03,-3.9403,15854.41,40079.533
301511.SZ,20240708,14.41,15.1,14.31,14.7,14.55,0.15,1.0309,72346.09,107009.409
301512.SZ,20240708,41.8,42.3,40.53,40.93,42.31,-1.38,-3.2616,11899.4,49083.235
301515.SZ,20240708,18.99,19.22,18.32,18.45,19.19,-0.74,-3.8562,9964.48,18615.315
301516.SZ,20240708,16.72,16.79,16.2,16.33,16.79,-0.46,-2.7397,42076.04,69088.939
301517.SZ,20240708,47.28,47.95,46.55,46.83,47.28,-0.45,-0.9518,17808.39,83983.303
301518.SZ,20240708,16.6,16.67,16.04,16.04,16.65,-0.61,-3.6637,6134.0,9973.501
301519.SZ,20240708,17.4,17.96,16.05,16.2,17.16,-0.96,-5.5944,76740.17,130320.426
301520.SZ,20240708,39.79,40.07,38.46,38.85,40.07,-1.22,-3.0447,7847.58,30705.604
301525.SZ,20240708,55.8,55.8,53.3,53.34,56.47,-3.13,-5.5428,7565.23,41032.113
301526.SZ,20240708,3.4,3.41,3.25,3.27,3.4,-0.13,-3.8235,193963.72,64472.098
301528.SZ,20240708,40.96,40.96,39.21,39.23,40.68,-1.45,-3.5644,3577.93,14232.664
301529.SZ,20240708,34.0,34.17,32.88,33.1,34.13,-1.03,-3.0179,12586.07,42057.303
301533.SZ,20240708,25.19,25.51,24.31,24.36,25.22,-0.86,-3.41,12437.25,30802.342
301536.SZ,20240708,33.18,33.78,32.29,32.46,32.93,-0.47,-1.4273,29674.83,98187.875
301538.SZ,20240708,90.92,93.36,90.44,91.1,91.7,-0.6,-0.6543,10615.98,97218.874
301539.SZ,20240708,24.1,24.1,21.09,22.03,24.1,-2.07,-8.5892,45837.92,104723.846
301548.SZ,20240708,53.09,53.48,51.12,52.48,52.5,-0.02,-0.0381,12495.73,65266.973
301550.SZ,20240708,43.35,43.66,41.7,42.05,44.03,-1.98,-4.4969,50619.98,214917.114
301555.SZ,20240708,26.9,27.41,25.68,25.82,26.89,-1.07,-3.9792,7695.03,20065.125
301558.SZ,20240708,8.22,8.22,7.86,7.92,8.23,-0.31,-3.7667,37435.25,29929.492
301559.SZ,20240708,14.1,14.11,13.81,13.82,14.1,-0.28,-1.9858,10104.07,14073.172
301565.SZ,20240708,22.26,23.3,22.13,22.51,22.54,-0.03,-0.1331,108806.2,246087.495
301566.SZ,20240708,15.07,15.23,14.39,14.52,15.1,-0.58,-3.8411,37072.62,54606.979
301567.SZ,20240708,41.4,42.53,40.71,41.65,41.95,-0.3,-0.7151,20196.43,84048.909
301568.SZ,20240708,28.5,28.9,27.66,27.68,28.98,-1.3,-4.4859,13440.27,37707.878
301577.SZ,20240708,64.01,66.87,62.37,65.45,64.0,1.45,2.2656,34638.64,225124.801
301578.SZ,20240708,35.01,35.37,33.89,34.22,35.5,-1.28,-3.6056,12720.61,43910.994
301580.SZ,20240708,66.0,66.38,63.55,64.0,66.81,-2.81,-4.206,45045.84,291743.919
301587.SZ,20240708,25.57,25.9,23.88,24.16,25.96,-1.8,-6.9337,42038.68,103612.116
301588.SZ,20240708,21.16,21.2,20.38,20.51,21.22,-0.71,-3.3459,13791.0,28479.537
301589.SZ,20240708,176.08,198.0,174.07,192.3,177.08,15.22,8.595,15019.89,284921.136
301591.SZ,20240708,37.01,37.01,35.4,35.8,37.01,-1.21,-3.2694,17409.65,62388.872
301596.SZ,20240708,74.0,74.0,71.66,71.92,76.29,-4.37,-5.7281,31632.4,229829.876
302132.SZ,20240708,49.5,50.47,47.81,48.19,49.54,-1.35,-2.7251,182671.99,895767.551
