ts_code,trade_date,open,high,low,close,pre_close,change,pct_chg,vol,amount
300001.SZ,20240401,19.36,20.03,19.32,19.82,19.31,0.51,2.6411,110332.75,218321.59
300002.SZ,20240401,9.39,9.77,9.39,9.76,9.37,0.39,4.1622,806584.17,775934.377
300003.SZ,20240401,13.9,14.33,13.88,14.3,13.78,0.52,3.7736,134783.96,191434.875
300004.SZ,20240401,4.88,4.99,4.87,4.98,4.87,0.11,2.2587,58585.5,28944.409
300005.SZ,20240401,5.21,5.38,5.2,5.38,5.2,0.18,3.4615,112572.67,60059.367
300006.SZ,20240401,3.07,3.16,3.07,3.16,3.08,0.08,2.5974,154741.95,48432.924
300007.SZ,20240401,15.84,16.22,15.84,16.08,15.83,0.25,1.5793,98034.77,157329.766
300008.SZ,20240401,3.82,3.89,3.8,3.88,3.81,0.07,1.8373,319958.17,123219.861
300009.SZ,20240401,9.79,10.02,9.75,10.01,9.72,0.29,2.9835,168119.3,167337.49
300010.SZ,20240401,2.79,2.8,2.72,2.79,2.76,0.03,1.087,250683.48,69262.913
300011.SZ,20240401,6.54,6.73,6.54,6.67,6.57,0.1,1.5221,97094.0,64708.756
300012.SZ,20240401,12.78,13.2,12.7,13.17,12.78,0.39,3.0516,229500.77,299561.996
300013.SZ,20240401,2.92,2.99,2.89,2.95,2.89,0.06,2.0761,130026.0,38171.712
300014.SZ,20240401,39.39,40.83,39.39,40.68,39.16,1.52,3.8815,205781.81,832773.561
300015.SZ,20240401,12.82,13.2,12.81,13.13,12.8,0.33,2.5781,685782.23,897032.426
300016.SZ,20240401,5.09,5.31,5.08,5.3,5.07,0.23,4.5365,170657.13,88707.232
300017.SZ,20240401,9.35,9.48,9.27,9.4,9.3,0.1,1.0753,684799.76,640809.878
300018.SZ,20240401,5.29,5.39,5.21,5.39,5.37,0.02,0.3724,211165.59,112195.666
300019.SZ,20240401,14.36,15.87,14.32,15.13,14.02,1.11,7.9173,184866.12,282470.635
300020.SZ,20240401,7.67,7.77,7.59,7.71,7.66,0.05,0.6527,420774.99,322437.259
300021.SZ,20240401,4.11,4.19,4.11,4.19,4.1,0.09,2.1951,87482.5,36404.625
300022.SZ,20240401,4.23,4.33,4.22,4.33,4.24,0.09,2.1226,96517.0,41490.39
300024.SZ,20240401,11.51,11.7,11.51,11.65,11.49,0.16,1.3925,256865.2,298266.022
300025.SZ,20240401,9.62,10.17,9.62,9.96,9.61,0.35,3.642,123577.86,122933.85
300026.SZ,20240401,3.92,3.99,3.92,3.99,3.91,0.08,2.046,329331.02,130339.187
300027.SZ,20240401,2.24,2.29,2.23,2.29,2.24,0.05,2.2321,389662.34,88349.462
300029.SZ,20240401,4.68,4.79,4.66,4.76,4.68,0.08,1.7094,18607.56,8808.113
300030.SZ,20240401,5.56,5.65,5.51,5.65,5.54,0.11,1.9856,69702.0,38894.712
300031.SZ,20240401,14.3,14.95,14.27,14.94,14.28,0.66,4.6218,161700.67,237131.044
300032.SZ,20240401,4.26,4.36,4.23,4.35,4.24,0.11,2.5943,148234.0,63691.963
300033.SZ,20240401,131.9,135.7,131.9,135.7,130.96,4.74,3.6194,62439.87,840037.151
300034.SZ,20240401,15.47,15.75,15.4,15.69,15.3,0.39,2.549,84461.62,131769.239
300035.SZ,20240401,8.99,9.38,8.99,9.33,8.95,0.38,4.2458,88980.23,82310.176
300036.SZ,20240401,19.13,19.5,18.5,18.83,18.6,0.23,1.2366,562838.01,1067398.133
300037.SZ,20240401,34.4,35.17,34.02,34.46,34.4,0.06,0.1744,132287.29,458455.999
300039.SZ,20240401,6.12,6.24,6.12,6.24,6.12,0.12,1.9608,135094.76,83639.185
300040.SZ,20240401,4.56,4.67,4.53,4.67,4.53,0.14,3.0905,94745.78,43704.135
300041.SZ,20240401,9.22,9.48,9.22,9.36,9.21,0.15,1.6287,112250.25,104962.412
300042.SZ,20240401,27.38,28.57,27.0,28.15,27.12,1.03,3.7979,66244.95,184551.304
300043.SZ,20240401,3.02,3.13,3.02,3.13,3.02,0.11,3.6424,298638.4,91976.256
300044.SZ,20240401,6.16,6.31,6.1,6.23,6.15,0.08,1.3008,1029456.44,636910.808
300045.SZ,20240401,24.28,25.0,24.0,24.62,23.94,0.68,2.8404,668025.12,1638879.051
300046.SZ,20240401,12.53,12.93,12.53,12.89,12.51,0.38,3.0376,43670.45,55896.97
300047.SZ,20240401,7.95,8.3,7.87,8.16,7.89,0.27,3.4221,294046.04,236833.309
300048.SZ,20240401,5.09,5.19,5.08,5.19,5.08,0.11,2.1654,62271.8,32153.814
300049.SZ,20240401,49.45,50.78,48.81,49.83,49.12,0.71,1.4454,52013.15,258302.137
300050.SZ,20240401,3.78,3.87,3.75,3.86,3.89,-0.03,-0.7712,417843.34,159050.523
300051.SZ,20240401,9.99,9.99,9.76,9.82,9.7,0.12,1.2371,29567.1,29126.948
300052.SZ,20240401,15.55,15.93,15.55,15.88,15.41,0.47,3.05,68313.52,107841.456
300053.SZ,20240401,12.78,12.88,12.46,12.62,12.64,-0.02,-0.1582,381433.0,481948.034
300054.SZ,20240401,21.52,21.87,21.27,21.83,21.32,0.51,2.3921,51843.21,112379.323
300055.SZ,20240401,5.08,5.16,5.04,5.15,5.03,0.12,2.3857,53156.0,27235.971
300056.SZ,20240401,9.7,10.15,9.68,9.99,9.68,0.31,3.2025,189979.13,189169.519
300057.SZ,20240401,5.05,5.33,5.03,5.26,5.11,0.15,2.9354,270322.08,141227.186
300058.SZ,20240401,7.2,7.48,7.19,7.35,7.14,0.21,2.9412,695193.9,511369.781
300059.SZ,20240401,13.04,13.14,13.03,13.09,12.89,0.2,1.5516,1434979.06,1876723.901
300061.SZ,20240401,4.47,4.56,4.44,4.56,4.44,0.12,2.7027,100527.0,45389.079
300062.SZ,20240401,5.02,5.14,5.01,5.14,5.01,0.13,2.5948,78734.8,40074.598
300063.SZ,20240401,5.34,5.99,5.34,5.78,5.27,0.51,9.6774,1033841.53,591145.125
300065.SZ,20240401,8.07,8.11,7.98,8.08,8.08,0.0,0.0,174336.39,140270.045
300066.SZ,20240401,3.95,4.1,3.95,4.07,3.96,0.11,2.7778,185853.0,75429.84
300067.SZ,20240401,5.2,5.36,5.14,5.35,5.2,0.15,2.8846,1117897.31,589489.489
300068.SZ,20240401,11.4,11.8,11.39,11.79,11.38,0.41,3.6028,140384.0,164397.631
300069.SZ,20240401,11.27,11.61,11.18,11.61,11.16,0.45,4.0323,18192.0,20752.237
300070.SZ,20240401,4.96,5.06,4.96,5.05,4.94,0.11,2.2267,295250.24,148298.272
300071.SZ,20240401,3.12,3.22,3.12,3.17,3.15,0.02,0.6349,262513.0,82912.078
300072.SZ,20240401,2.41,2.58,2.41,2.58,2.41,0.17,7.0539,336203.8,84780.932
300073.SZ,20240401,39.26,41.84,39.26,40.66,39.21,1.45,3.698,377391.68,1531976.022
300074.SZ,20240401,4.28,4.88,4.2,4.69,4.18,0.51,12.201,832872.88,375266.941
300075.SZ,20240401,16.88,17.06,16.65,17.0,16.74,0.26,1.5532,443111.76,748615.588
300076.SZ,20240401,4.41,4.56,4.41,4.54,4.37,0.17,3.8902,212397.04,95406.191
300077.SZ,20240401,10.05,10.3,10.05,10.21,10.04,0.17,1.6932,109075.0,111019.395
300078.SZ,20240401,3.46,3.54,3.46,3.5,3.45,0.05,1.4493,162840.39,56866.181
300079.SZ,20240401,4.93,5.05,4.91,5.01,4.92,0.09,1.8293,197040.52,98548.686
300080.SZ,20240401,4.22,4.38,4.22,4.38,4.21,0.17,4.038,94452.33,40961.997
300081.SZ,20240401,7.42,7.58,7.39,7.58,7.37,0.21,2.8494,211788.65,159211.857
300082.SZ,20240401,5.03,5.29,5.01,5.26,4.99,0.27,5.4108,82833.0,43283.402
300083.SZ,20240401,6.8,6.99,6.62,6.99,6.81,0.18,2.6432,1403243.43,957193.866
300084.SZ,20240401,6.35,6.41,6.24,6.33,6.39,-0.06,-0.939,68512.0,43093.789
300085.SZ,20240401,11.69,12.1,11.68,11.94,12.39,-0.45,-3.632,337408.34,399963.531
300086.SZ,20240401,5.1,5.22,5.1,5.22,5.08,0.14,2.7559,87046.5,44978.523
300087.SZ,20240401,8.01,8.26,7.98,8.24,8.01,0.23,2.8714,137992.51,112503.174
300088.SZ,20240401,5.33,5.53,5.31,5.52,5.32,0.2,3.7594,531532.0,290548.891
300091.SZ,20240401,2.15,2.19,2.14,2.18,2.15,0.03,1.3953,206476.46,44558.465
300092.SZ,20240401,10.86,10.97,10.7,10.94,10.84,0.1,0.9225,84297.0,91481.204
300093.SZ,20240401,18.11,18.87,18.1,18.6,18.12,0.48,2.649,162204.0,300670.269
300094.SZ,20240401,4.15,4.64,4.15,4.49,4.24,0.25,5.8962,1770091.88,778852.811
300095.SZ,20240401,7.19,7.26,7.04,7.16,7.12,0.04,0.5618,69807.0,49750.578
300096.SZ,20240401,4.8,4.88,4.75,4.87,4.87,0.0,0.0,309690.01,149294.203
300097.SZ,20240401,8.98,9.34,8.85,9.23,8.99,0.24,2.6696,295591.88,270362.298
300098.SZ,20240401,3.56,3.65,3.55,3.6,3.56,0.04,1.1236,228647.39,82361.595
300099.SZ,20240401,5.29,5.34,5.25,5.32,5.27,0.05,0.9488,88127.0,46772.324
300100.SZ,20240401,9.46,9.98,9.42,9.64,9.58,0.06,0.6263,268791.84,259393.46
300101.SZ,20240401,17.17,17.2,16.78,17.12,17.26,-0.14,-0.8111,121779.23,207658.486
300102.SZ,20240401,7.17,7.45,7.17,7.32,7.21,0.11,1.5257,202167.43,148012.427
300103.SZ,20240401,4.42,4.55,4.41,4.55,4.4,0.15,3.4091,63553.5,28607.655
300105.SZ,20240401,6.22,6.26,6.12,6.19,6.17,0.02,0.3241,77105.16,47543.378
300106.SZ,20240401,7.33,7.47,7.3,7.43,7.32,0.11,1.5027,83341.6,61542.612
300107.SZ,20240401,7.06,8.47,7.06,8.25,7.07,1.18,16.6902,1111168.61,868857.813
300108.SZ,20240401,2.19,2.26,2.17,2.21,2.21,0.0,0.0,130481.95,28736.009
300109.SZ,20240401,19.18,19.73,19.08,19.61,19.0,0.61,3.2105,90123.65,175467.754
300110.SZ,20240401,3.59,3.66,3.58,3.66,3.58,0.08,2.2346,107765.8,39044.678
300111.SZ,20240401,2.52,2.6,2.51,2.6,2.51,0.09,3.5857,148788.0,38087.974
300112.SZ,20240401,8.66,8.88,8.58,8.81,8.58,0.23,2.6807,71633.64,62664.486
300113.SZ,20240401,11.97,12.53,11.93,12.49,11.92,0.57,4.7819,163914.26,202811.26
300115.SZ,20240401,10.26,10.54,10.25,10.41,10.21,0.2,1.9589,195579.56,203211.732
300117.SZ,20240401,1.67,1.72,1.67,1.72,1.67,0.05,2.994,240717.3,40931.229
300118.SZ,20240401,14.79,15.21,14.74,15.17,14.68,0.49,3.3379,180506.01,271796.802
300119.SZ,20240401,15.18,15.99,15.16,15.99,14.43,1.56,10.8108,151966.71,237296.86
300120.SZ,20240401,5.43,5.55,5.41,5.54,5.4,0.14,2.5926,65119.0,35780.727
300121.SZ,20240401,8.39,8.5,8.38,8.49,8.34,0.15,1.7986,36107.0,30509.381
300122.SZ,20240401,44.98,46.64,44.98,46.64,44.94,1.7,3.7828,210037.6,967166.816
300123.SZ,20240401,6.12,6.17,6.05,6.14,6.16,-0.02,-0.3247,365464.72,223355.741
300124.SZ,20240401,62.4,62.42,61.13,61.47,61.22,0.25,0.4084,125158.83,771890.767
300125.SZ,20240401,7.4,7.73,7.34,7.73,7.32,0.41,5.6011,106215.83,80762.016
300126.SZ,20240401,5.57,5.67,5.56,5.66,5.56,0.1,1.7986,50297.0,28251.699
300127.SZ,20240401,14.88,15.25,14.7,15.05,14.8,0.25,1.6892,40997.88,61655.309
300128.SZ,20240401,3.85,4.01,3.85,4.0,3.85,0.15,3.8961,161222.98,63834.323
300129.SZ,20240401,7.95,8.04,7.94,8.04,7.91,0.13,1.6435,205321.02,163987.115
300130.SZ,20240401,21.19,21.98,21.16,21.97,21.22,0.75,3.5344,138503.65,299552.145
300131.SZ,20240401,5.58,5.64,5.49,5.59,5.58,0.01,0.1792,564464.45,314091.588
300132.SZ,20240401,4.06,4.1,4.02,4.09,4.0,0.09,2.25,80435.27,32782.735
300133.SZ,20240401,9.75,9.83,8.92,9.41,9.68,-0.27,-2.7893,3072461.58,2863901.87
300134.SZ,20240401,9.35,9.45,9.07,9.37,9.22,0.15,1.6269,260526.22,240848.956
300135.SZ,20240401,3.2,3.34,3.12,3.25,3.11,0.14,4.5016,1269326.01,410412.517
300136.SZ,20240401,20.28,20.37,19.86,20.14,20.16,-0.02,-0.0992,324980.73,652929.021
300137.SZ,20240401,5.38,5.66,5.35,5.63,5.4,0.23,4.2593,174702.25,97366.495
300138.SZ,20240401,12.34,12.6,12.21,12.41,12.42,-0.01,-0.0805,108019.51,133891.686
300139.SZ,20240401,9.28,9.59,9.11,9.3,9.11,0.19,2.0856,302531.44,282183.992
300140.SZ,20240401,6.73,6.83,6.69,6.82,6.75,0.07,1.037,52091.0,35243.784
300141.SZ,20240401,8.07,8.22,8.02,8.22,8.02,0.2,2.4938,59515.41,48482.323
300142.SZ,20240401,15.35,16.12,15.33,16.05,15.38,0.67,4.3563,193578.2,305787.701
300143.SZ,20240401,8.49,8.66,8.46,8.63,8.45,0.18,2.1302,46552.7,39960.202
300144.SZ,20240401,10.27,10.93,10.27,10.91,10.26,0.65,6.3353,346620.95,371767.843
300145.SZ,20240401,3.15,3.19,3.12,3.16,3.16,0.0,0.0,358654.57,113305.721
300146.SZ,20240401,16.89,17.17,16.88,17.17,16.81,0.36,2.1416,114825.6,195836.094
300147.SZ,20240401,4.44,4.56,4.3,4.49,4.41,0.08,1.8141,263939.49,116961.951
300148.SZ,20240401,3.21,3.32,3.21,3.31,3.2,0.11,3.4375,285216.0,93113.904
300149.SZ,20240401,5.61,5.9,5.54,5.9,5.52,0.38,6.8841,132378.78,76244.768
300150.SZ,20240401,3.62,3.66,3.57,3.66,3.6,0.06,1.6667,107127.04,38666.211
300151.SZ,20240401,15.09,16.07,15.08,15.92,15.09,0.83,5.5003,54080.5,85340.088
300152.SZ,20240401,2.89,2.99,2.89,2.93,2.92,0.01,0.3425,390461.27,114740.021
300153.SZ,20240401,6.46,6.67,6.46,6.66,6.45,0.21,3.2558,54720.0,36125.765
300154.SZ,20240401,6.1,6.25,6.08,6.22,6.04,0.18,2.9801,45996.2,28443.884
300155.SZ,20240401,4.12,4.29,4.12,4.28,4.12,0.16,3.8835,88398.0,37208.222
300157.SZ,20240401,2.95,3.03,2.89,2.99,2.92,0.07,2.3973,224308.76,66037.103
300158.SZ,20240401,4.83,4.94,4.8,4.94,4.8,0.14,2.9167,167086.06,81617.081
300159.SZ,20240401,2.17,2.23,2.16,2.21,2.18,0.03,1.3761,379862.08,83347.052
300160.SZ,20240401,4.94,5.1,4.93,5.1,4.94,0.16,3.2389,97377.93,49162.039
300161.SZ,20240401,31.0,31.18,30.23,30.6,30.37,0.23,0.7573,62197.52,190599.76
300162.SZ,20240401,5.61,5.8,5.61,5.8,5.58,0.22,3.9427,101813.0,58426.538
300163.SZ,20240401,2.77,2.81,2.75,2.8,2.74,0.06,2.1898,102895.0,28636.838
300164.SZ,20240401,4.22,4.28,4.17,4.28,4.26,0.02,0.4695,384657.88,162613.977
300165.SZ,20240401,4.51,4.69,4.51,4.66,4.54,0.12,2.6432,132945.32,61162.655
300166.SZ,20240401,8.28,8.44,8.27,8.4,8.24,0.16,1.9417,240374.01,201214.852
300167.SZ,20240401,1.99,2.04,1.98,2.03,2.0,0.03,1.5,90803.0,18297.958
300168.SZ,20240401,6.56,6.76,6.54,6.71,6.57,0.14,2.1309,136804.68,91546.876
300169.SZ,20240401,6.33,6.48,6.21,6.29,6.15,0.14,2.2764,147639.0,92983.301
300170.SZ,20240401,6.73,6.94,6.71,6.9,6.7,0.2,2.9851,275305.19,189086.99
300171.SZ,20240401,14.47,14.95,14.47,14.91,14.5,0.41,2.8276,48739.71,71695.308
300172.SZ,20240401,6.58,7.18,6.44,7.02,6.58,0.44,6.6869,1449970.62,993429.471
300173.SZ,20240401,4.27,4.45,4.27,4.44,4.27,0.17,3.9813,180624.0,79307.462
300174.SZ,20240401,15.86,16.25,15.56,16.22,15.9,0.32,2.0126,88993.36,142957.314
300175.SZ,20240401,5.3,5.51,5.29,5.44,5.3,0.14,2.6415,132689.12,71854.779
300176.SZ,20240401,5.44,5.67,5.43,5.54,5.43,0.11,2.0258,69726.0,38713.695
300177.SZ,20240401,5.74,5.82,5.61,5.77,5.79,-0.02,-0.3454,343041.61,195927.148
300179.SZ,20240401,7.9,8.03,7.9,8.0,7.9,0.1,1.2658,46264.0,36941.631
300180.SZ,20240401,3.39,3.53,3.39,3.53,3.4,0.13,3.8235,286201.95,99780.237
300181.SZ,20240401,12.9,13.2,12.78,13.11,12.91,0.2,1.5492,199720.07,259063.059
300182.SZ,20240401,5.69,6.03,5.67,6.01,5.64,0.37,6.5603,2115410.29,1246491.594
300183.SZ,20240401,12.41,12.68,12.36,12.58,12.41,0.17,1.3699,39793.57,50071.417
300184.SZ,20240401,6.07,6.18,5.87,6.01,5.93,0.08,1.3491,1181180.07,708431.922
300185.SZ,20240401,2.3,2.35,2.3,2.35,2.31,0.04,1.7316,294293.0,68725.06
300187.SZ,20240401,5.48,5.62,5.4,5.51,5.52,-0.01,-0.1812,67469.0,37113.647
300188.SZ,20240401,14.1,14.35,13.93,14.25,14.01,0.24,1.7131,144432.24,204668.754
300189.SZ,20240401,2.86,2.91,2.85,2.9,2.86,0.04,1.3986,141888.81,40971.177
300190.SZ,20240401,3.39,3.45,3.36,3.45,3.35,0.1,2.9851,50189.9,17160.789
300191.SZ,20240401,14.18,14.5,14.16,14.45,14.48,-0.03,-0.2072,68919.28,98594.485
300192.SZ,20240401,11.46,11.99,11.34,11.8,11.52,0.28,2.4306,163106.0,189874.607
300193.SZ,20240401,7.81,7.95,7.81,7.92,7.79,0.13,1.6688,66780.81,52742.628
300194.SZ,20240401,3.82,3.88,3.77,3.88,3.82,0.06,1.5707,351701.8,134968.864
300195.SZ,20240401,5.45,5.56,5.45,5.54,5.44,0.1,1.8382,79702.19,43976.678
300196.SZ,20240401,10.29,10.52,10.15,10.42,10.07,0.35,3.4757,71387.63,74056.11
300197.SZ,20240401,1.86,1.91,1.86,1.89,1.87,0.02,1.0695,301626.15,56730.52
300198.SZ,20240401,1.93,1.97,1.92,1.97,1.92,0.05,2.6042,211658.94,41116.62
300199.SZ,20240401,12.18,12.38,12.08,12.34,12.17,0.17,1.3969,263390.39,321871.692
300200.SZ,20240401,6.8,6.95,6.75,6.86,6.97,-0.11,-1.5782,124298.37,85181.414
300201.SZ,20240401,4.8,4.82,4.67,4.77,4.8,-0.03,-0.625,300997.27,142725.909
300203.SZ,20240401,13.39,14.01,13.38,13.92,13.32,0.6,4.5045,109363.45,150533.61
300204.SZ,20240401,6.79,7.05,6.79,7.03,6.76,0.27,3.9941,62775.11,43348.36
300205.SZ,20240401,6.6,7.06,6.52,6.72,6.6,0.12,1.8182,226707.0,153278.743
300206.SZ,20240401,10.9,11.15,10.86,11.1,10.92,0.18,1.6484,140303.0,154419.389
300207.SZ,20240401,13.91,14.42,13.91,14.34,13.86,0.48,3.4632,298717.83,426902.38
300208.SZ,20240401,4.27,4.88,4.22,4.56,4.23,0.33,7.8014,336558.23,154346.625
300209.SZ,20240401,2.74,2.77,2.71,2.76,2.75,0.01,0.3636,83845.97,22992.911
300210.SZ,20240401,11.59,12.19,11.58,11.78,11.37,0.41,3.606,407741.33,482903.072
300211.SZ,20240401,7.39,7.44,7.25,7.36,7.37,-0.01,-0.1357,54679.56,40108.109
300212.SZ,20240401,24.48,25.2,24.36,24.92,24.23,0.69,2.8477,155044.22,384392.596
300213.SZ,20240401,7.1,7.39,7.05,7.2,7.05,0.15,2.1277,379370.55,273282.535
300214.SZ,20240401,5.59,5.78,5.57,5.65,5.56,0.09,1.6187,38421.02,21714.85
300215.SZ,20240401,4.29,4.39,4.27,4.38,4.27,0.11,2.5761,47030.0,20458.114
300217.SZ,20240401,5.18,5.2,5.11,5.17,5.14,0.03,0.5837,328443.12,169691.528
300218.SZ,20240401,13.62,13.78,13.49,13.7,13.36,0.34,2.5449,32683.0,44719.666
300219.SZ,20240401,6.86,7.17,6.84,7.14,6.85,0.29,4.2336,103423.19,73062.439
300220.SZ,20240401,6.84,7.16,6.84,7.0,6.85,0.15,2.1898,10648.4,7506.853
300221.SZ,20240401,5.56,6.5,5.56,6.36,5.5,0.86,15.6364,1095385.54,673934.794
300222.SZ,20240401,6.49,6.71,6.41,6.56,6.48,0.08,1.2346,278890.22,182480.301
300223.SZ,20240401,62.26,63.3,61.7,63.1,61.8,1.3,2.1036,83238.44,520967.166
300224.SZ,20240401,11.22,11.43,11.18,11.25,11.21,0.04,0.3568,105954.29,119608.864
300225.SZ,20240401,6.13,6.29,6.07,6.28,6.09,0.19,3.1199,94923.0,59027.794
300226.SZ,20240401,22.59,23.21,22.52,23.17,22.59,0.58,2.5675,80702.17,185405.665
300227.SZ,20240401,7.06,7.13,6.95,7.1,7.05,0.05,0.7092,232232.7,163718.007
300228.SZ,20240401,8.03,8.23,7.95,8.18,8.03,0.15,1.868,138655.58,112778.053
300229.SZ,20240401,16.08,16.41,16.05,16.29,15.91,0.38,2.3884,245279.26,398551.836
300230.SZ,20240401,3.99,4.05,3.97,4.03,3.97,0.06,1.5113,112794.2,45295.008
300231.SZ,20240401,9.32,9.61,9.32,9.54,9.33,0.21,2.2508,116247.6,110492.534
300232.SZ,20240401,6.64,6.75,6.5,6.64,6.49,0.15,2.3112,597938.89,395668.111
300233.SZ,20240401,15.62,16.7,15.51,16.53,15.39,1.14,7.4074,155096.61,249866.143
300234.SZ,20240401,4.37,4.43,4.31,4.43,4.32,0.11,2.5463,49146.41,21528.153
300235.SZ,20240401,9.82,10.04,9.8,10.0,9.85,0.15,1.5228,68494.5,68119.487
300236.SZ,20240401,32.89,33.65,32.6,33.5,32.37,1.13,3.4909,34504.76,114798.126
300237.SZ,20240401,1.54,1.57,1.53,1.56,1.54,0.02,1.2987,241437.39,37441.16
300238.SZ,20240401,10.74,11.26,10.73,11.09,10.74,0.35,3.2588,87142.0,96171.531
300239.SZ,20240401,5.17,5.26,5.13,5.26,5.14,0.12,2.3346,120112.02,62598.906
300240.SZ,20240401,5.69,5.78,5.66,5.78,5.64,0.14,2.4823,60001.03,34307.764
300241.SZ,20240401,4.05,4.32,4.05,4.32,4.05,0.27,6.6667,269451.8,114526.882
300242.SZ,20240401,3.29,3.44,3.26,3.37,3.33,0.04,1.2012,658288.02,220607.504
300243.SZ,20240401,7.69,8.88,7.69,8.48,7.63,0.85,11.1402,171953.13,142934.03
300244.SZ,20240401,17.48,18.14,17.48,18.14,17.48,0.66,3.7757,113322.8,202706.599
300245.SZ,20240401,6.66,6.73,6.6,6.72,6.59,0.13,1.9727,64796.93,43185.612
300246.SZ,20240401,7.55,7.69,7.52,7.67,7.55,0.12,1.5894,44412.0,33735.28
300247.SZ,20240401,2.89,2.98,2.86,2.98,2.87,0.11,3.8328,119905.0,35225.081
300248.SZ,20240401,8.02,8.52,7.98,8.47,8.01,0.46,5.7428,202081.05,167069.834
300249.SZ,20240401,7.86,8.03,7.81,7.95,7.93,0.02,0.2522,208663.59,165032.463
300250.SZ,20240401,15.25,15.56,15.19,15.46,15.23,0.23,1.5102,61149.0,93842.665
300251.SZ,20240401,10.78,10.89,10.38,10.76,10.68,0.08,0.7491,305156.45,323475.302
300252.SZ,20240401,9.11,9.23,8.96,9.05,9.17,-0.12,-1.3086,447161.43,404911.894
300253.SZ,20240401,7.26,7.37,7.24,7.35,7.19,0.16,2.2253,287345.07,209922.598
300254.SZ,20240401,9.05,10.86,9.05,10.86,9.05,1.81,20.0,431372.13,448781.153
300255.SZ,20240401,11.4,11.75,11.32,11.69,11.44,0.25,2.1853,263363.35,304573.121
300256.SZ,20240401,2.35,2.4,2.33,2.36,2.39,-0.03,-1.2552,389522.59,92065.299
300257.SZ,20240401,13.07,13.62,13.04,13.51,13.0,0.51,3.9231,38484.61,51479.947
300258.SZ,20240401,10.16,10.65,10.13,10.53,10.1,0.43,4.2574,92658.94,96699.684
300259.SZ,20240401,3.33,3.46,3.33,3.42,3.3,0.12,3.6364,206339.5,70374.71
300260.SZ,20240401,27.7,28.15,27.0,27.2,27.66,-0.46,-1.6631,87338.68,239709.026
300261.SZ,20240401,7.31,7.63,7.15,7.47,7.46,0.01,0.134,700634.39,517219.191
300263.SZ,20240401,6.15,6.59,6.15,6.58,6.22,0.36,5.7878,348620.75,224832.517
300264.SZ,20240401,5.71,5.88,5.71,5.88,5.72,0.16,2.7972,169368.99,98541.685
300265.SZ,20240401,7.35,7.42,7.23,7.39,7.26,0.13,1.7906,164801.04,120503.508
300266.SZ,20240401,2.07,2.13,2.05,2.12,2.07,0.05,2.4155,193428.43,40454.679
300267.SZ,20240401,2.69,2.72,2.67,2.72,2.7,0.02,0.7407,465265.0,125415.377
300268.SZ,20240401,8.8,9.09,8.73,9.07,8.79,0.28,3.1854,8939.0,8007.4
300269.SZ,20240401,4.62,4.79,4.6,4.79,4.61,0.18,3.9046,276559.13,130880.03
300270.SZ,20240401,6.69,6.95,6.69,6.84,6.71,0.13,1.9374,120722.22,82400.474
300271.SZ,20240401,6.88,7.12,6.86,7.06,6.91,0.15,2.1708,195085.49,136914.275
300272.SZ,20240401,5.18,5.86,5.15,5.58,5.13,0.45,8.7719,387620.48,211558.28
300274.SZ,20240401,104.0,110.0,103.1,109.04,103.8,5.24,5.0482,242477.35,2617539.791
300275.SZ,20240401,9.66,9.88,9.49,9.78,9.55,0.23,2.4084,54245.0,52436.918
300276.SZ,20240401,4.35,4.38,4.31,4.38,4.34,0.04,0.9217,413347.95,179730.563
300277.SZ,20240401,7.42,7.58,7.35,7.53,7.36,0.17,2.3098,44160.0,33088.332
300278.SZ,20240401,3.38,3.44,3.38,3.44,3.37,0.07,2.0772,122821.77,41929.552
300279.SZ,20240401,5.06,5.18,5.05,5.18,5.05,0.13,2.5743,87616.28,45018.418
300280.SZ,20240401,41.2,43.88,40.54,43.35,41.67,1.68,4.0317,194979.12,819881.582
300281.SZ,20240401,4.96,5.03,4.91,5.02,4.93,0.09,1.8256,119309.0,59194.429
300283.SZ,20240401,5.36,5.5,5.34,5.46,5.36,0.1,1.8657,145242.5,79028.522
300284.SZ,20240401,6.2,6.88,6.2,6.53,6.3,0.23,3.6508,1206766.93,794914.425
300285.SZ,20240401,17.18,17.86,17.18,17.81,17.18,0.63,3.6671,134670.74,237387.594
300286.SZ,20240401,21.75,21.75,20.5,21.63,21.95,-0.32,-1.4579,71332.24,150313.548
300287.SZ,20240401,3.19,3.26,3.18,3.22,3.17,0.05,1.5773,249179.31,80052.255
300288.SZ,20240401,14.78,15.35,14.7,15.28,14.78,0.5,3.3829,149525.23,225556.789
300289.SZ,20240401,4.81,4.95,4.8,4.95,4.81,0.14,2.9106,53841.0,26288.951
300290.SZ,20240401,9.47,9.75,9.11,9.27,9.58,-0.31,-3.2359,809538.91,755099.578
300291.SZ,20240401,5.52,5.7,5.5,5.7,5.52,0.18,3.2609,278848.5,156916.686
300292.SZ,20240401,3.79,3.87,3.74,3.83,3.88,-0.05,-1.2887,1224172.17,466252.769
300293.SZ,20240401,14.98,15.5,14.98,15.24,14.98,0.26,1.7356,143683.28,218909.36
300294.SZ,20240401,28.98,29.14,28.13,28.83,28.72,0.11,0.383,61336.06,175592.502
300295.SZ,20240401,9.69,10.0,9.66,10.0,9.64,0.36,3.7344,66675.0,65913.642
300296.SZ,20240401,5.15,5.31,5.14,5.28,5.12,0.16,3.125,233673.41,122907.704
300298.SZ,20240401,21.11,21.26,20.91,21.21,20.96,0.25,1.1927,23798.18,50297.732
300299.SZ,20240401,4.95,5.12,4.95,5.1,4.92,0.18,3.6585,223459.61,112733.148
300300.SZ,20240401,3.01,3.15,3.0,3.14,3.01,0.13,4.3189,258174.41,80320.937
300301.SZ,20240401,1.42,1.44,1.41,1.43,1.42,0.01,0.7042,47430.0,6766.668
300302.SZ,20240401,12.58,12.96,12.43,12.73,12.65,0.08,0.6324,242814.14,307270.16
300303.SZ,20240401,5.18,5.32,5.17,5.3,5.15,0.15,2.9126,345270.2,181903.232
300304.SZ,20240401,6.1,6.26,6.1,6.23,6.09,0.14,2.2989,138906.2,86133.635
300305.SZ,20240401,7.2,7.49,7.2,7.46,7.15,0.31,4.3357,36661.0,27192.7
300306.SZ,20240401,10.54,10.74,10.52,10.72,10.49,0.23,2.1926,24678.0,26331.779
300307.SZ,20240401,5.63,5.78,5.63,5.77,5.71,0.06,1.0508,115005.0,65787.562
300308.SZ,20240401,157.79,163.88,155.77,163.0,156.56,6.44,4.1134,217931.43,3504589.328
300310.SZ,20240401,4.41,4.47,4.37,4.45,4.43,0.02,0.4515,418555.63,185251.781
300311.SZ,20240401,4.97,5.06,4.95,5.04,4.95,0.09,1.8182,81115.16,40730.803
300313.SZ,20240401,8.23,8.59,8.16,8.21,7.88,0.33,4.1878,114877.07,95611.405
300314.SZ,20240401,11.2,11.71,11.2,11.7,11.18,0.52,4.6512,33997.0,39112.704
300315.SZ,20240401,5.52,5.66,5.51,5.64,5.51,0.13,2.3593,1483255.56,831675.231
300316.SZ,20240401,34.41,35.4,34.33,35.16,34.27,0.89,2.597,112444.02,393201.888
300317.SZ,20240401,4.36,4.52,4.35,4.49,4.37,0.12,2.746,183506.0,81872.494
300318.SZ,20240401,5.29,5.43,5.23,5.34,5.38,-0.04,-0.7435,235303.33,124910.288
300319.SZ,20240401,8.4,8.49,8.23,8.42,8.48,-0.06,-0.7075,380557.69,318108.148
300320.SZ,20240401,6.69,6.86,6.63,6.81,6.62,0.19,2.8701,159680.87,107817.506
300321.SZ,20240401,18.32,19.0,18.13,18.89,18.24,0.65,3.5636,32568.31,61301.364
300322.SZ,20240401,11.98,12.77,11.81,12.5,11.2,1.3,11.6071,1339195.01,1635244.159
300323.SZ,20240401,4.87,5.28,4.86,5.26,4.87,0.39,8.0082,264048.72,136085.838
300324.SZ,20240401,2.99,3.1,2.98,3.06,3.0,0.06,2.0,366219.67,111723.418
300326.SZ,20240401,5.06,5.18,5.03,5.17,5.02,0.15,2.988,78652.65,40244.155
300327.SZ,20240401,17.83,20.38,17.83,19.98,17.65,2.33,13.2011,230195.75,444537.014
300328.SZ,20240401,5.66,5.94,5.64,5.88,5.62,0.26,4.6263,168891.6,98829.14
300329.SZ,20240401,5.23,5.39,5.22,5.39,5.22,0.17,3.2567,39509.0,21020.831
300331.SZ,20240401,18.47,19.44,18.47,19.35,18.47,0.88,4.7645,74081.61,141822.762
300332.SZ,20240401,6.25,6.59,6.2,6.58,6.2,0.38,6.129,134997.14,86871.766
300333.SZ,20240401,5.54,5.65,5.51,5.59,5.5,0.09,1.6364,89012.03,49542.393
300334.SZ,20240401,5.98,6.21,5.98,6.19,5.99,0.2,3.3389,76498.0,46790.638
300335.SZ,20240401,4.63,4.75,4.62,4.74,4.65,0.09,1.9355,151690.0,71220.632
300337.SZ,20240401,7.29,7.56,7.17,7.43,7.17,0.26,3.6262,468915.38,346738.971
300338.SZ,20240401,3.3,3.36,3.3,3.35,3.29,0.06,1.8237,113415.01,37861.271
300339.SZ,20240401,23.12,23.43,22.99,23.19,22.73,0.46,2.0238,299834.42,695040.99
300340.SZ,20240401,8.8,9.18,8.72,8.97,8.73,0.24,2.7491,63224.82,56982.86
300341.SZ,20240401,9.92,10.16,9.92,10.11,9.86,0.25,2.5355,46600.0,46987.636
300342.SZ,20240401,15.45,15.59,14.98,15.12,15.24,-0.12,-0.7874,358472.16,543057.324
300343.SZ,20240401,6.45,6.74,6.44,6.5,6.56,-0.06,-0.9146,686311.44,448729.191
300344.SZ,20240401,4.4,4.46,4.38,4.45,4.37,0.08,1.8307,132284.22,58601.075
300345.SZ,20240401,7.8,8.06,7.79,8.05,7.77,0.28,3.6036,26667.0,21249.591
300346.SZ,20240401,25.67,25.98,25.41,25.87,25.47,0.4,1.5705,110781.1,285322.551
300347.SZ,20240401,53.2,53.64,51.8,53.1,53.15,-0.05,-0.0941,158999.48,839869.862
300348.SZ,20240401,8.03,8.19,8.03,8.19,8.03,0.16,1.9925,111190.14,90440.012
300349.SZ,20240401,13.09,13.37,13.05,13.22,13.0,0.22,1.6923,71040.56,93887.248
300350.SZ,20240401,5.58,5.84,5.56,5.63,5.65,-0.02,-0.354,462657.25,261646.908
300351.SZ,20240401,18.39,18.85,18.26,18.64,18.37,0.27,1.4698,134313.41,249719.984
300352.SZ,20240401,4.7,4.78,4.7,4.72,4.72,0.0,0.0,366694.94,173585.384
300353.SZ,20240401,9.94,10.11,9.94,10.08,10.03,0.05,0.4985,176193.45,176706.076
300354.SZ,20240401,45.7,46.46,44.82,45.27,46.09,-0.82,-1.7791,20239.0,91648.266
300355.SZ,20240401,3.27,3.33,3.26,3.32,3.27,0.05,1.5291,314779.27,103910.895
300357.SZ,20240401,23.01,24.44,23.01,24.4,22.73,1.67,7.3471,57370.28,136690.801
300358.SZ,20240401,9.4,9.58,9.4,9.57,9.4,0.17,1.8085,59019.0,56126.172
300359.SZ,20240401,4.9,5.0,4.9,4.97,4.91,0.06,1.222,89058.0,44091.199
300360.SZ,20240401,16.77,16.84,16.31,16.55,16.62,-0.07,-0.4212,116047.43,191811.721
300363.SZ,20240401,17.99,18.47,17.99,18.47,17.9,0.57,3.1844,85619.85,156685.484
300364.SZ,20240401,27.0,28.09,27.0,27.72,26.98,0.74,2.7428,816305.05,2260628.291
300365.SZ,20240401,5.92,6.1,5.87,6.04,5.93,0.11,1.855,255582.5,152570.377
300366.SZ,20240401,9.96,10.22,9.96,10.15,9.91,0.24,2.4218,188842.37,191613.785
300368.SZ,20240401,5.53,5.65,5.53,5.63,5.53,0.1,1.8083,71967.39,40293.814
300369.SZ,20240401,7.04,7.24,6.96,7.24,6.99,0.25,3.5765,129086.0,92181.92
300370.SZ,20240401,2.2,2.24,2.2,2.23,2.19,0.04,1.8265,119633.39,26575.313
300371.SZ,20240401,10.02,10.25,10.02,10.2,10.04,0.16,1.5936,20679.6,20992.142
300373.SZ,20240401,37.95,38.56,37.79,38.44,37.48,0.96,2.5614,76398.96,291898.237
300374.SZ,20240401,15.03,15.45,15.03,15.28,15.23,0.05,0.3283,167045.2,254983.837
300375.SZ,20240401,5.46,5.75,5.35,5.43,5.52,-0.09,-1.6304,1018433.53,561197.524
300376.SZ,20240401,6.02,6.15,6.0,6.13,6.0,0.13,2.1667,128150.34,78203.115
300377.SZ,20240401,6.48,6.62,6.46,6.6,6.44,0.16,2.4845,132594.5,86894.078
300378.SZ,20240401,18.4,18.95,18.4,18.88,18.35,0.53,2.8883,70333.95,131961.539
300379.SZ,20240401,12.36,12.7,12.36,12.62,12.33,0.29,2.352,168869.49,211955.439
300380.SZ,20240401,18.19,18.39,18.0,18.14,17.75,0.39,2.1972,36058.0,65376.836
300381.SZ,20240401,5.54,5.72,5.54,5.69,5.54,0.15,2.7076,56694.15,31898.531
300382.SZ,20240401,7.56,7.9,7.56,7.88,7.51,0.37,4.9268,61063.36,47542.4
300383.SZ,20240401,9.54,9.64,9.4,9.59,9.49,0.1,1.0537,230594.58,220272.164
300384.SZ,20240401,13.69,14.05,13.69,13.96,13.72,0.24,1.7493,22088.01,30626.859
300385.SZ,20240401,4.77,4.88,4.74,4.88,4.77,0.11,2.3061,46849.4,22598.163
300386.SZ,20240401,7.7,7.94,7.67,7.94,7.64,0.3,3.9267,39698.04,31016.437
300387.SZ,20240401,6.3,6.7,6.27,6.51,6.3,0.21,3.3333,127900.0,83066.47
300388.SZ,20240401,6.19,6.35,6.19,6.29,6.21,0.08,1.2882,52325.12,32776.451
300389.SZ,20240401,16.66,17.92,16.66,17.59,16.6,0.99,5.9639,67054.74,117881.549
300390.SZ,20240401,19.93,20.93,19.93,20.75,19.83,0.92,4.6394,138054.3,285004.396
300391.SZ,20240401,5.1,5.25,5.05,5.25,5.07,0.18,3.5503,130330.75,67046.517
300393.SZ,20240401,8.58,8.85,8.58,8.85,8.55,0.3,3.5088,131866.19,115344.7
300394.SZ,20240401,153.04,163.3,150.25,163.24,151.27,11.97,7.913,167233.66,2628758.965
300395.SZ,20240401,29.98,30.32,29.2,29.86,29.6,0.26,0.8784,69741.77,206934.141
300396.SZ,20240401,22.0,22.71,21.72,22.71,22.02,0.69,3.1335,48310.6,107389.219
300397.SZ,20240401,9.4,9.98,9.31,9.6,9.25,0.35,3.7838,397401.48,384724.45
300398.SZ,20240401,11.91,12.58,11.82,12.32,11.85,0.47,3.9662,177548.21,216389.107
300399.SZ,20240401,10.77,11.05,10.77,11.03,10.74,0.29,2.7002,36122.0,39624.04
300400.SZ,20240401,12.33,12.88,12.29,12.71,12.29,0.42,3.4174,50941.0,64286.301
300401.SZ,20240401,9.75,9.97,9.75,9.96,9.72,0.24,2.4691,80429.61,79440.58
300402.SZ,20240401,16.53,17.15,16.46,16.94,16.56,0.38,2.2947,66033.42,111632.497
300403.SZ,20240401,8.1,8.26,8.08,8.23,8.11,0.12,1.4797,214510.68,175345.379
300404.SZ,20240401,7.59,7.8,7.57,7.78,7.59,0.19,2.5033,99951.03,76649.256
300405.SZ,20240401,5.12,5.34,5.12,5.3,5.13,0.17,3.3138,129312.6,67529.995
300406.SZ,20240401,19.39,19.52,18.53,18.78,19.3,-0.52,-2.6943,109318.13,205412.107
300407.SZ,20240401,7.3,7.54,7.3,7.54,7.29,0.25,3.4294,98145.16,72857.291
300408.SZ,20240401,24.79,26.08,24.77,25.9,24.69,1.21,4.9008,128094.82,329666.139
300409.SZ,20240401,9.76,10.35,9.76,10.17,9.75,0.42,4.3077,110166.73,111783.58
300410.SZ,20240401,6.16,6.39,6.12,6.38,6.11,0.27,4.419,83070.72,52401.649
300411.SZ,20240401,14.7,15.4,14.5,15.31,15.6,-0.29,-1.859,736160.97,1100512.975
300412.SZ,20240401,4.04,4.22,4.04,4.2,4.03,0.17,4.2184,137892.3,57147.184
300413.SZ,20240401,24.44,25.33,24.34,25.28,24.31,0.97,3.9901,181491.44,452394.839
300414.SZ,20240401,8.31,9.07,8.15,8.77,8.31,0.46,5.5355,246001.15,212062.125
300415.SZ,20240401,20.52,20.85,19.8,20.13,19.6,0.53,2.7041,78194.12,157891.589
300416.SZ,20240401,14.62,15.15,14.37,14.93,14.5,0.43,2.9655,278911.98,412565.38
300417.SZ,20240401,8.78,9.02,8.65,8.93,8.66,0.27,3.1178,39449.6,34844.697
300418.SZ,20240401,41.48,45.37,40.58,44.7,39.85,4.85,12.1706,1300705.67,5610329.098
300419.SZ,20240401,7.1,8.15,7.08,7.43,6.95,0.48,6.9065,883896.66,670870.286
300420.SZ,20240401,2.82,2.85,2.8,2.82,2.82,0.0,0.0,289406.5,81592.321
300421.SZ,20240401,9.0,9.3,8.99,9.24,8.94,0.3,3.3557,84383.0,77410.846
300422.SZ,20240401,4.8,4.93,4.71,4.92,4.8,0.12,2.5,97454.72,47346.364
300423.SZ,20240401,6.94,7.03,6.7,6.88,6.89,-0.01,-0.1451,96605.63,65909.458
300424.SZ,20240401,11.83,12.02,11.61,11.93,11.82,0.11,0.9306,112148.8,132601.745
300425.SZ,20240401,4.39,4.48,4.39,4.47,4.41,0.06,1.3605,184818.0,82258.601
300426.SZ,20240401,8.98,9.22,8.97,9.19,8.96,0.23,2.567,85663.0,78165.457
300427.SZ,20240401,3.79,3.95,3.79,3.93,3.85,0.08,2.0779,59044.64,23030.238
300428.SZ,20240401,17.28,18.78,17.28,18.39,17.2,1.19,6.9186,106817.8,195399.717
300429.SZ,20240401,12.3,12.61,12.0,12.26,12.26,0.0,0.0,466853.13,574036.773
300430.SZ,20240401,17.3,17.54,16.75,17.1,17.8,-0.7,-3.9326,120137.8,205351.715
300432.SZ,20240401,7.47,8.08,7.47,7.87,7.47,0.4,5.3548,256615.59,201372.043
300433.SZ,20240401,13.73,14.23,13.66,14.18,13.64,0.54,3.9589,552240.94,773468.519
300434.SZ,20240401,8.87,9.08,8.85,9.08,8.84,0.24,2.7149,39067.79,35087.277
300435.SZ,20240401,13.09,13.23,13.02,13.21,13.02,0.19,1.4593,23290.0,30628.583
300436.SZ,20240401,19.3,19.39,18.97,19.32,18.89,0.43,2.2763,13428.07,25715.346
300437.SZ,20240401,10.85,11.65,10.82,11.28,11.09,0.19,1.7133,124821.38,140605.6
300438.SZ,20240401,27.0,29.18,26.62,28.81,27.03,1.78,6.5853,529829.07,1494345.835
300439.SZ,20240401,9.64,9.87,9.55,9.86,9.62,0.24,2.4948,40410.0,39360.079
300440.SZ,20240401,6.37,6.43,6.31,6.4,6.33,0.07,1.1058,74900.0,47698.355
300441.SZ,20240401,7.45,7.53,7.26,7.32,7.47,-0.15,-2.008,126118.2,92823.356
300442.SZ,20240401,30.54,31.49,30.0,30.87,31.01,-0.14,-0.4515,427779.21,1314556.246
300443.SZ,20240401,21.08,22.28,21.01,22.26,20.86,1.4,6.7114,103165.86,224669.456
300444.SZ,20240401,6.29,6.37,6.25,6.33,6.27,0.06,0.9569,175369.65,110785.948
300445.SZ,20240401,18.52,18.71,18.25,18.5,18.5,0.0,0.0,48526.0,89466.486
300446.SZ,20240401,16.02,17.25,16.01,17.0,16.0,1.0,6.25,258307.82,430953.009
300447.SZ,20240401,12.8,13.08,12.62,12.98,12.74,0.24,1.8838,60815.0,78227.117
300448.SZ,20240401,4.52,4.64,4.5,4.63,4.53,0.1,2.2075,112368.85,51424.429
300449.SZ,20240401,4.82,4.92,4.72,4.9,4.82,0.08,1.6598,93663.75,45294.085
300450.SZ,20240401,24.28,25.04,24.2,24.96,24.17,0.79,3.2685,374389.57,926961.496
300451.SZ,20240401,4.55,4.69,4.55,4.69,4.54,0.15,3.304,258124.89,119953.339
300452.SZ,20240401,12.7,12.86,12.64,12.85,12.68,0.17,1.3407,22782.8,29138.116
300453.SZ,20240401,7.25,7.69,7.25,7.68,7.29,0.39,5.3498,126825.79,95671.571
300454.SZ,20240401,62.29,63.46,62.2,63.23,62.0,1.23,1.9839,70542.76,443598.697
300455.SZ,20240401,10.8,11.07,10.76,11.01,10.79,0.22,2.0389,120876.2,131893.202
300456.SZ,20240401,19.76,21.48,19.76,20.91,19.8,1.11,5.6061,275244.47,568035.991
300457.SZ,20240401,14.76,15.19,14.71,15.1,14.8,0.3,2.027,165640.22,248911.501
300458.SZ,20240401,19.55,19.94,19.26,19.88,19.41,0.47,2.4214,130624.81,256013.093
300459.SZ,20240401,4.54,4.68,4.54,4.64,4.53,0.11,2.4283,978843.71,452995.113
300460.SZ,20240401,9.31,9.45,9.24,9.41,9.29,0.12,1.2917,65298.2,61071.843
300461.SZ,20240401,17.4,17.77,17.3,17.63,17.53,0.1,0.5705,31021.65,54453.277
300462.SZ,20240401,9.91,10.45,9.72,10.1,9.92,0.18,1.8145,189348.0,189481.137
300463.SZ,20240401,12.68,13.13,12.68,13.11,12.66,0.45,3.5545,44601.0,57727.749
300464.SZ,20240401,4.48,4.56,4.4,4.53,4.45,0.08,1.7978,37230.0,16800.593
300465.SZ,20240401,8.37,8.49,8.31,8.48,8.28,0.2,2.4155,74059.69,62271.204
300466.SZ,20240401,8.75,9.18,8.7,9.15,8.76,0.39,4.4521,401241.62,359123.602
300467.SZ,20240401,13.57,14.01,13.57,13.96,13.58,0.38,2.7982,43257.49,59966.257
300468.SZ,20240401,9.2,9.34,9.14,9.26,9.13,0.13,1.4239,95324.62,87892.969
300469.SZ,20240401,14.24,14.85,14.1,14.7,14.07,0.63,4.4776,206162.8,300658.076
300470.SZ,20240401,33.1,33.64,32.9,33.49,32.83,0.66,2.0104,10200.0,34012.914
300471.SZ,20240401,11.06,11.2,11.01,11.11,11.05,0.06,0.543,71536.54,79522.998
300472.SZ,20240401,6.4,6.56,6.4,6.54,6.38,0.16,2.5078,84838.55,55180.96
300473.SZ,20240401,16.3,16.93,16.3,16.82,16.37,0.45,2.7489,63318.25,106139.582
300474.SZ,20240401,74.98,76.5,74.19,75.88,73.9,1.98,2.6793,155998.82,1180034.074
300475.SZ,20240401,42.19,43.16,40.33,42.54,42.59,-0.05,-0.1174,194576.89,818418.198
300476.SZ,20240401,24.22,24.88,23.21,24.47,24.22,0.25,1.0322,383510.97,928592.013
300477.SZ,20240401,2.77,3.3,2.76,3.3,2.75,0.55,20.0,655358.96,209269.11
300478.SZ,20240401,11.1,11.18,10.9,11.05,10.95,0.1,0.9132,36697.0,40398.163
300479.SZ,20240401,18.08,18.73,18.01,18.41,17.95,0.46,2.5627,57999.07,107033.944
300480.SZ,20240401,18.01,18.25,17.88,18.13,18.28,-0.15,-0.8206,53220.34,95968.391
300481.SZ,20240401,12.98,15.62,12.91,14.82,13.02,1.8,13.8249,227313.35,334255.64
300482.SZ,20240401,24.59,25.32,24.59,25.29,24.6,0.69,2.8049,27766.4,69561.981
300483.SZ,20240401,8.97,8.97,8.78,8.92,8.9,0.02,0.2247,48279.0,42793.618
300484.SZ,20240401,14.88,15.32,14.2,14.93,15.1,-0.17,-1.1258,359738.62,529160.878
300485.SZ,20240401,8.4,8.54,8.38,8.54,8.34,0.2,2.3981,32830.0,27758.074
300486.SZ,20240401,5.66,5.74,5.65,5.68,5.61,0.07,1.2478,102629.5,58377.279
300487.SZ,20240401,44.71,46.24,44.6,46.06,44.71,1.35,3.0195,26921.25,123394.41
300488.SZ,20240401,22.6,23.35,22.6,23.35,22.58,0.77,3.4101,15609.0,36205.854
300489.SZ,20240401,18.23,18.99,17.88,18.72,18.3,0.42,2.2951,50616.2,93923.566
300490.SZ,20240401,9.12,9.52,9.11,9.5,9.07,0.43,4.7409,121832.36,114403.925
300491.SZ,20240401,18.7,19.3,18.7,19.12,18.8,0.32,1.7021,52309.9,99999.399
300492.SZ,20240401,95.6,98.0,88.43,90.49,95.6,-5.11,-5.3452,14274.48,130032.914
300493.SZ,20240401,7.33,7.54,7.26,7.48,7.29,0.19,2.6063,120870.21,89437.08
300494.SZ,20240401,15.12,16.0,15.11,15.74,15.13,0.61,4.0317,608174.94,949807.751
300496.SZ,20240401,50.95,53.08,50.95,52.95,51.27,1.68,3.2768,132035.27,692214.747
300497.SZ,20240401,9.4,9.52,9.21,9.34,9.31,0.03,0.3222,43001.4,40345.622
300498.SZ,20240401,18.95,19.45,18.86,19.44,19.0,0.44,2.3158,389053.38,750981.261
300499.SZ,20240401,12.36,12.75,12.36,12.74,12.36,0.38,3.0744,112722.69,141756.778
300500.SZ,20240401,10.03,10.28,10.0,10.16,10.05,0.11,1.0945,35096.0,35697.623
300501.SZ,20240401,13.11,14.26,13.05,13.75,13.2,0.55,4.1667,94410.5,129267.07
300502.SZ,20240401,67.32,71.2,66.5,70.93,67.0,3.93,5.8657,406593.7,2823662.452
300503.SZ,20240401,15.55,15.66,15.35,15.62,15.47,0.15,0.9696,133167.0,206700.66
300504.SZ,20240401,14.98,15.03,14.74,15.0,14.93,0.07,0.4689,37422.78,55732.786
300505.SZ,20240401,12.04,12.82,11.89,12.63,12.0,0.63,5.25,266003.05,330421.86
300506.SZ,20240401,5.11,5.12,4.85,4.88,5.11,-0.23,-4.501,211605.7,104391.484
300507.SZ,20240401,5.59,5.78,5.58,5.74,5.61,0.13,2.3173,206150.86,118036.183
300508.SZ,20240401,22.65,23.0,22.54,22.85,22.57,0.28,1.2406,20082.84,45715.985
300509.SZ,20240401,5.41,5.54,5.35,5.53,5.39,0.14,2.5974,74160.35,40560.784
300510.SZ,20240401,4.88,5.07,4.87,5.06,4.88,0.18,3.6885,133410.16,67033.479
300511.SZ,20240401,4.11,4.22,4.08,4.21,4.11,0.1,2.4331,149095.5,62204.048
300512.SZ,20240401,6.72,6.84,6.66,6.84,6.65,0.19,2.8571,29853.41,20236.02
300513.SZ,20240401,10.03,10.16,10.0,10.16,10.06,0.1,0.994,54375.8,54852.829
300514.SZ,20240401,15.08,15.5,15.08,15.25,15.15,0.1,0.6601,62449.0,95330.485
300515.SZ,20240401,9.88,9.98,9.65,9.82,9.93,-0.11,-1.1078,100378.0,97903.333
300516.SZ,20240401,28.07,28.74,27.68,28.55,27.99,0.56,2.0007,28088.0,79226.584
300517.SZ,20240401,8.47,8.7,8.4,8.69,8.53,0.16,1.8757,54239.42,46606.191
300518.SZ,20240401,12.18,12.72,12.15,12.65,12.07,0.58,4.8053,32311.64,40313.515
300519.SZ,20240401,12.9,13.11,12.81,13.11,12.86,0.25,1.944,31192.0,40404.912
300520.SZ,20240401,18.6,19.88,18.58,18.98,17.97,1.01,5.6205,190943.74,364215.092
300521.SZ,20240401,11.31,11.4,11.03,11.35,11.3,0.05,0.4425,35005.38,39340.706
300522.SZ,20240401,12.11,12.46,12.11,12.45,12.05,0.4,3.3195,36891.22,45590.055
300523.SZ,20240401,20.76,21.38,20.59,21.2,20.64,0.56,2.7132,33181.87,69766.999
300525.SZ,20240401,13.16,13.4,13.16,13.28,13.09,0.19,1.4515,67730.71,89858.207
300527.SZ,20240401,6.65,6.77,6.62,6.76,6.67,0.09,1.3493,81551.28,54637.11
300528.SZ,20240401,8.36,8.7,8.26,8.68,8.31,0.37,4.4525,75645.3,64371.629
300529.SZ,20240401,22.23,23.21,22.23,23.0,22.23,0.77,3.4638,76354.96,172804.47
300530.SZ,20240401,23.5,25.18,23.5,23.69,23.83,-0.14,-0.5875,68972.37,167979.776
300531.SZ,20240401,11.6,11.76,11.6,11.71,11.53,0.18,1.5611,59260.0,69223.754
300532.SZ,20240401,15.16,15.33,15.12,15.29,15.24,0.05,0.3281,120294.6,183312.785
300533.SZ,20240401,26.63,27.69,26.6,27.62,26.5,1.12,4.2264,84797.0,231678.733
300534.SZ,20240401,8.44,8.61,8.42,8.61,8.43,0.18,2.1352,84213.0,71722.375
300535.SZ,20240401,13.28,13.67,13.25,13.66,13.3,0.36,2.7068,25303.05,34135.642
300536.SZ,20240401,16.8,18.7,16.61,18.49,16.77,1.72,10.2564,190817.21,338426.018
300537.SZ,20240401,16.26,16.74,16.23,16.58,16.22,0.36,2.2195,69577.0,115004.197
300538.SZ,20240401,15.63,15.93,15.5,15.79,15.62,0.17,1.0883,66116.79,103761.342
300539.SZ,20240401,9.28,9.55,9.27,9.54,9.28,0.26,2.8017,43988.0,41572.684
300540.SZ,20240401,23.72,24.65,23.69,24.57,23.55,1.02,4.3312,33213.0,80774.716
300541.SZ,20240401,14.17,14.35,14.1,14.34,14.16,0.18,1.2712,129933.61,185044.005
300542.SZ,20240401,12.84,13.06,12.52,12.92,12.74,0.18,1.4129,204753.88,262374.381
300543.SZ,20240401,8.06,8.23,8.06,8.22,8.07,0.15,1.8587,64641.49,52701.144
300545.SZ,20240401,26.89,29.12,26.68,28.52,27.23,1.29,4.7374,65523.9,183738.181
300546.SZ,20240401,11.91,12.26,11.82,12.2,11.81,0.39,3.3023,38174.0,46391.371
300547.SZ,20240401,18.8,18.99,18.51,18.72,18.7,0.02,0.107,49072.29,91934.979
300548.SZ,20240401,26.6,27.5,26.5,27.06,26.57,0.49,1.8442,175278.34,473076.32
300549.SZ,20240401,17.31,17.46,17.11,17.37,17.17,0.2,1.1648,32599.0,56406.608
300550.SZ,20240401,11.94,12.26,11.8,12.23,11.82,0.41,3.4687,24272.74,29303.038
300551.SZ,20240401,13.75,14.35,13.7,14.17,13.58,0.59,4.3446,88368.23,124831.548
300552.SZ,20240401,30.34,33.6,30.18,31.88,30.03,1.85,6.1605,260466.39,822673.28
300553.SZ,20240401,31.78,31.95,30.88,31.44,31.76,-0.32,-1.0076,34607.2,108279.389
300554.SZ,20240401,23.79,24.7,23.79,24.16,23.82,0.34,1.4274,62093.0,151028.929
300555.SZ,20240401,7.72,7.85,7.69,7.71,7.85,-0.14,-1.7834,21862.5,16931.355
300556.SZ,20240401,23.37,24.22,23.37,24.15,23.3,0.85,3.6481,100859.76,241288.528
300557.SZ,20240401,29.05,30.22,29.05,29.88,28.69,1.19,4.1478,17492.68,52009.6
300558.SZ,20240401,41.07,41.95,40.92,41.72,40.92,0.8,1.955,37479.82,155410.253
300559.SZ,20240401,13.0,13.69,13.0,13.48,12.92,0.56,4.3344,112772.73,151785.795
300560.SZ,20240401,15.55,15.7,15.39,15.6,15.45,0.15,0.9709,42993.6,66774.756
300561.SZ,20240401,9.66,9.9,9.66,9.83,9.65,0.18,1.8653,36273.61,35506.596
300562.SZ,20240401,9.6,9.73,9.46,9.7,9.63,0.07,0.7269,114284.87,109747.09
300563.SZ,20240401,15.5,16.0,14.7,16.0,16.4,-0.4,-2.439,271841.05,414984.472
300564.SZ,20240401,11.0,11.6,10.74,11.21,11.09,0.12,1.0821,54563.4,60616.351
300565.SZ,20240401,12.5,12.75,12.39,12.54,12.42,0.12,0.9662,56153.0,70396.019
300566.SZ,20240401,13.82,14.36,13.82,14.28,13.8,0.48,3.4783,48273.49,68110.911
300567.SZ,20240401,72.78,73.88,68.9,69.58,72.95,-3.37,-4.6196,79084.42,555579.359
300568.SZ,20240401,11.12,11.58,11.12,11.55,11.08,0.47,4.2419,300971.25,345354.543
300569.SZ,20240401,5.15,5.21,5.13,5.21,5.11,0.1,1.9569,101898.93,52876.768
300570.SZ,20240401,38.04,39.78,38.04,39.58,38.3,1.28,3.342,128367.25,501546.597
300571.SZ,20240401,27.85,29.48,27.85,28.73,27.88,0.85,3.0488,34865.97,100572.106
300572.SZ,20240401,14.39,14.4,13.97,14.18,14.24,-0.06,-0.4213,54587.43,77143.876
300573.SZ,20240401,214.0,223.66,210.01,220.0,214.0,6.0,2.8037,32734.52,715689.718
300575.SZ,20240401,5.99,6.23,5.97,6.21,6.02,0.19,3.1561,72368.0,44241.49
300576.SZ,20240401,39.24,40.0,39.12,39.9,38.96,0.94,2.4127,78912.24,312282.615
300577.SZ,20240401,18.13,19.08,17.48,19.0,18.13,0.87,4.7987,56720.35,104241.945
300578.SZ,20240401,14.31,14.97,14.31,14.58,13.8,0.78,5.6522,85410.37,124794.761
300579.SZ,20240401,21.85,22.34,21.71,22.15,21.88,0.27,1.234,27572.44,61050.745
300580.SZ,20240401,26.7,27.29,26.69,26.95,26.7,0.25,0.9363,72241.34,194125.238
300581.SZ,20240401,8.51,8.65,8.39,8.63,8.5,0.13,1.5294,96766.98,82561.178
300582.SZ,20240401,8.96,9.12,8.85,9.1,8.75,0.35,4.0,61013.5,55017.857
300583.SZ,20240401,15.64,15.9,15.51,15.77,15.49,0.28,1.8076,18889.09,29685.558
300584.SZ,20240401,17.8,18.18,17.79,18.15,17.8,0.35,1.9663,26580.0,47791.377
300585.SZ,20240401,16.72,18.47,16.5,17.06,17.72,-0.66,-3.7246,322093.64,559275.934
300586.SZ,20240401,6.9,7.07,6.81,7.02,6.91,0.11,1.5919,148865.35,103834.144
300587.SZ,20240401,4.26,4.43,4.26,4.43,4.24,0.19,4.4811,158002.65,68952.372
300588.SZ,20240401,10.3,10.45,10.18,10.37,10.22,0.15,1.4677,61215.0,63212.621
300589.SZ,20240401,11.84,11.97,11.74,11.93,11.89,0.04,0.3364,56086.12,66533.023
300590.SZ,20240401,9.7,9.75,9.52,9.65,9.59,0.06,0.6257,77617.4,74658.66
300591.SZ,20240401,4.48,4.7,4.45,4.68,4.47,0.21,4.698,153009.28,70456.433
300592.SZ,20240401,19.54,20.68,19.5,20.28,19.3,0.98,5.0777,57092.0,115381.954
300593.SZ,20240401,9.93,10.18,9.9,10.13,9.84,0.29,2.9472,96201.31,96623.957
300594.SZ,20240401,16.9,17.18,16.83,16.91,16.9,0.01,0.0592,34736.86,58895.039
300595.SZ,20240401,18.32,18.8,18.29,18.75,18.19,0.56,3.0786,93949.7,175346.059
300596.SZ,20240401,22.97,24.3,22.94,24.3,22.82,1.48,6.4855,27613.54,65862.473
300597.SZ,20240401,7.83,7.91,7.69,7.84,7.88,-0.04,-0.5076,120965.76,94177.644
300598.SZ,20240401,41.23,41.57,40.79,41.24,41.2,0.04,0.0971,44186.39,181734.358
300599.SZ,20240401,6.25,6.48,6.21,6.48,6.21,0.27,4.3478,37105.0,23729.715
300600.SZ,20240401,8.82,8.93,8.67,8.9,8.93,-0.03,-0.3359,84433.56,74404.348
300601.SZ,20240401,21.96,22.63,21.94,22.59,21.89,0.7,3.1978,73312.3,163843.555
300602.SZ,20240401,17.41,17.92,16.99,17.2,17.22,-0.02,-0.1161,283021.32,490123.595
300603.SZ,20240401,9.28,9.44,9.24,9.38,9.25,0.13,1.4054,126604.67,118324.492
300604.SZ,20240401,33.77,33.87,32.7,33.16,33.6,-0.44,-1.3095,164439.97,544226.569
300605.SZ,20240401,11.33,11.45,11.22,11.43,11.27,0.16,1.4197,30448.0,34551.955
300606.SZ,20240401,22.8,22.8,22.2,22.47,22.88,-0.41,-1.792,76634.61,171852.669
300607.SZ,20240401,13.47,13.68,13.46,13.67,13.38,0.29,2.1674,60229.24,81897.623
300608.SZ,20240401,12.73,13.0,12.6,12.82,12.6,0.22,1.746,128628.86,164928.335
300609.SZ,20240401,20.03,20.73,20.03,20.59,20.01,0.58,2.8986,46311.45,94299.92
300610.SZ,20240401,9.06,9.4,9.0,9.32,9.06,0.26,2.8698,44145.0,40769.555
300611.SZ,20240401,9.01,9.29,8.97,9.24,8.99,0.25,2.7809,53989.66,49561.594
300612.SZ,20240401,16.2,16.47,16.02,16.33,16.0,0.33,2.0625,47595.0,77566.575
300613.SZ,20240401,33.32,34.4,33.31,34.09,33.32,0.77,2.3109,24001.08,81593.585
300614.SZ,20240401,13.17,13.43,13.0,13.41,12.93,0.48,3.7123,20732.67,27517.029
300615.SZ,20240401,12.82,12.92,12.57,12.78,12.95,-0.17,-1.3127,68631.46,87368.678
300616.SZ,20240401,14.09,14.77,14.09,14.76,14.1,0.66,4.6809,30390.82,44056.347
300617.SZ,20240401,27.21,27.74,27.19,27.66,27.21,0.45,1.6538,6698.75,18464.394
300618.SZ,20240401,24.26,28.92,24.26,28.92,24.1,4.82,20.0,145099.47,403334.195
300619.SZ,20240401,41.28,43.6,40.14,42.27,40.25,2.02,5.0186,23161.94,98841.347
300620.SZ,20240401,49.99,51.88,49.55,50.74,49.35,1.39,2.8166,135250.94,684776.636
300621.SZ,20240401,8.67,8.95,8.66,8.9,8.66,0.24,2.7714,24499.5,21621.096
300622.SZ,20240401,16.83,17.05,16.51,16.93,16.52,0.41,2.4818,22078.0,37113.21
300623.SZ,20240401,14.9,15.32,14.88,15.27,14.93,0.34,2.2773,64833.24,98476.89
300624.SZ,20240401,94.0,98.6,93.99,97.28,93.64,3.64,3.8872,110477.15,1065388.446
300625.SZ,20240401,13.06,13.71,13.01,13.49,13.12,0.37,2.8201,52825.04,70376.116
300626.SZ,20240401,7.88,7.96,7.83,7.95,7.81,0.14,1.7926,47589.8,37568.334
300627.SZ,20240401,28.2,28.55,26.7,27.81,28.12,-0.31,-1.1024,204651.0,559734.775
300628.SZ,20240401,25.88,27.56,25.86,27.55,25.84,1.71,6.6176,142646.19,385319.33
300629.SZ,20240401,20.86,20.99,19.72,20.28,20.5,-0.22,-1.0732,195286.64,394084.274
300630.SZ,20240401,17.9,18.55,17.9,18.53,17.83,0.7,3.926,117031.21,213356.896
300631.SZ,20240401,23.22,23.75,22.82,23.54,22.75,0.79,3.4725,18524.74,43426.431
300632.SZ,20240401,10.13,10.36,10.13,10.35,10.14,0.21,2.071,40552.0,41592.378
300633.SZ,20240401,37.82,38.29,37.33,37.54,38.0,-0.46,-1.2105,26499.78,99608.831
300634.SZ,20240401,18.83,19.22,18.83,19.17,18.74,0.43,2.2946,167142.45,318774.894
300635.SZ,20240401,9.89,10.1,9.88,9.99,9.9,0.09,0.9091,31288.81,31290.342
300636.SZ,20240401,7.49,7.63,7.49,7.63,7.44,0.19,2.5538,37025.5,28059.708
300637.SZ,20240401,9.12,9.58,9.09,9.33,9.26,0.07,0.7559,293900.0,274796.684
300638.SZ,20240401,17.4,17.91,17.06,17.9,17.31,0.59,3.4084,420759.92,735048.153
300639.SZ,20240401,7.06,7.41,7.06,7.41,7.06,0.35,4.9575,72669.21,52695.737
300640.SZ,20240401,5.1,5.25,5.08,5.17,5.07,0.1,1.9724,51421.0,26406.427
300641.SZ,20240401,4.32,4.51,4.31,4.5,4.31,0.19,4.4084,59675.09,26479.25
300642.SZ,20240401,14.14,14.4,13.91,14.33,14.02,0.31,2.2111,28545.7,40369.306
300643.SZ,20240401,10.9,11.21,10.83,11.14,10.83,0.31,2.8624,30975.0,34427.932
300644.SZ,20240401,16.67,17.84,16.61,17.53,16.76,0.77,4.5943,51073.0,87916.782
300645.SZ,20240401,15.4,15.61,15.24,15.58,15.06,0.52,3.4529,51323.5,79331.069
300647.SZ,20240401,4.72,5.14,4.72,4.94,4.75,0.19,4.0,217826.5,107671.408
300648.SZ,20240401,23.67,25.4,23.45,25.0,24.15,0.85,3.5197,123057.79,302555.898
300649.SZ,20240401,12.48,12.87,12.48,12.79,12.49,0.3,2.4019,26380.0,33554.577
300650.SZ,20240401,10.78,10.98,10.57,10.85,10.68,0.17,1.5918,104266.84,112453.343
300651.SZ,20240401,15.36,15.6,15.36,15.53,15.36,0.17,1.1068,18553.37,28741.302
300652.SZ,20240401,23.71,24.88,23.48,24.57,23.69,0.88,3.7146,24789.8,60164.397
300653.SZ,20240401,24.2,24.5,23.9,24.06,24.14,-0.08,-0.3314,18675.5,44974.249
300654.SZ,20240401,12.58,13.65,12.25,13.26,12.62,0.64,5.0713,491387.87,634234.525
300655.SZ,20240401,8.0,8.28,8.0,8.27,8.0,0.27,3.375,164720.17,134635.16
300656.SZ,20240401,19.98,20.35,19.98,20.29,20.05,0.24,1.197,12403.6,25046.026
300657.SZ,20240401,19.3,19.51,19.0,19.22,19.37,-0.15,-0.7744,176524.83,339176.476
300658.SZ,20240401,5.37,5.48,5.35,5.48,5.33,0.15,2.8143,46809.6,25336.528
300659.SZ,20240401,17.39,18.56,16.96,17.81,16.63,1.18,7.0956,129166.59,227046.854
300660.SZ,20240401,27.55,27.66,27.25,27.57,27.32,0.25,0.9151,50540.91,138700.211
300661.SZ,20240401,65.28,65.79,62.8,65.3,65.02,0.28,0.4306,41419.46,266860.701
300662.SZ,20240401,19.56,21.18,19.5,21.05,19.5,1.55,7.9487,61936.21,127963.549
300663.SZ,20240401,11.38,11.62,11.38,11.5,11.33,0.17,1.5004,123354.33,141906.783
300664.SZ,20240401,4.81,4.86,4.77,4.86,4.79,0.07,1.4614,67314.07,32498.215
300665.SZ,20240401,6.96,7.14,6.93,7.14,6.93,0.21,3.0303,51966.8,36628.582
300666.SZ,20240401,44.88,45.88,44.88,45.52,44.62,0.9,2.017,29358.02,133373.461
300667.SZ,20240401,13.98,14.08,13.82,14.04,13.97,0.07,0.5011,34911.6,48726.313
300668.SZ,20240401,20.8,20.96,20.0,20.3,20.56,-0.26,-1.2646,18288.0,37141.913
300669.SZ,20240401,14.08,14.67,13.96,14.58,13.96,0.62,4.4413,18864.5,27199.411
300670.SZ,20240401,5.5,5.58,5.45,5.55,5.47,0.08,1.4625,65453.0,36200.859
300671.SZ,20240401,24.67,25.8,24.66,25.74,24.45,1.29,5.2761,49508.31,125384.241
300672.SZ,20240401,50.48,51.49,50.47,51.31,50.21,1.1,2.1908,31145.94,159290.659
300673.SZ,20240401,11.44,11.6,11.24,11.48,11.32,0.16,1.4134,27506.99,31491.412
300674.SZ,20240401,13.46,13.91,13.41,13.91,13.29,0.62,4.6652,158429.98,217639.243
300675.SZ,20240401,11.96,12.37,11.96,12.28,11.99,0.29,2.4187,55228.25,67548.145
300676.SZ,20240401,41.48,42.29,41.4,42.21,40.93,1.28,3.1273,28056.17,117461.039
300677.SZ,20240401,22.49,23.22,22.35,23.05,22.55,0.5,2.2173,96109.82,220210.204
300678.SZ,20240401,31.81,32.4,31.68,32.4,31.63,0.77,2.4344,104311.1,335461.32
300679.SZ,20240401,40.5,41.42,39.99,40.91,40.21,0.7,1.7409,44455.4,180175.79
300680.SZ,20240401,16.34,16.78,16.3,16.75,16.11,0.64,3.9727,51365.86,84998.889
300681.SZ,20240401,17.38,17.6,17.11,17.16,17.38,-0.22,-1.2658,69088.84,119584.102
300682.SZ,20240401,11.69,12.23,11.6,12.14,11.64,0.5,4.2955,134618.08,161357.9
300683.SZ,20240401,26.75,26.97,25.75,26.93,25.86,1.07,4.1377,10522.0,27963.942
300684.SZ,20240401,16.2,16.77,16.2,16.62,16.15,0.47,2.9102,90838.88,150113.588
300685.SZ,20240401,22.17,22.89,22.01,22.81,21.87,0.94,4.2981,32335.86,72885.512
300686.SZ,20240401,7.99,8.3,7.92,8.3,8.0,0.3,3.75,110010.0,89815.584
300687.SZ,20240401,18.46,18.99,18.45,18.96,18.4,0.56,3.0435,84713.62,158930.817
300688.SZ,20240401,25.05,25.48,25.05,25.43,25.12,0.31,1.2341,38738.5,98190.502
300689.SZ,20240401,15.39,15.62,15.15,15.42,15.27,0.15,0.9823,19665.01,30252.555
300690.SZ,20240401,22.4,23.19,21.88,23.0,22.7,0.3,1.3216,226618.81,511289.592
300691.SZ,20240401,16.77,17.45,16.7,17.2,16.67,0.53,3.1794,48697.0,83589.45
300692.SZ,20240401,5.37,5.47,5.34,5.47,5.36,0.11,2.0522,49690.2,26930.995
300693.SZ,20240401,29.12,30.8,29.12,30.65,29.05,1.6,5.5077,128724.01,387911.133
300694.SZ,20240401,10.3,10.55,10.28,10.49,10.28,0.21,2.0428,33567.0,35081.092
300695.SZ,20240401,44.12,47.35,43.78,47.34,45.63,1.71,3.7475,17911.8,81242.705
300696.SZ,20240401,14.91,15.1,14.54,14.83,14.87,-0.04,-0.269,94180.65,138470.311
300697.SZ,20240401,11.91,12.95,11.76,12.23,11.86,0.37,3.1197,290121.68,357030.727
300698.SZ,20240401,33.5,33.98,32.96,33.45,33.06,0.39,1.1797,21553.25,71979.862
300699.SZ,20240401,30.79,30.83,29.89,30.27,30.4,-0.13,-0.4276,166036.08,500755.495
300700.SZ,20240401,12.5,12.88,12.5,12.84,12.51,0.33,2.6379,51666.37,66004.527
300701.SZ,20240401,8.49,8.75,8.43,8.7,8.47,0.23,2.7155,46887.03,40500.565
300702.SZ,20240401,15.98,16.44,15.96,16.3,15.91,0.39,2.4513,33339.6,54213.91
300703.SZ,20240401,9.1,9.26,9.06,9.25,9.07,0.18,1.9846,34786.0,31937.139
300705.SZ,20240401,37.4,37.55,35.89,37.55,37.54,0.01,0.0266,33389.76,121816.991
300706.SZ,20240401,19.97,20.67,19.97,20.57,19.91,0.66,3.3149,24293.0,49851.416
300707.SZ,20240401,13.77,14.25,13.77,14.23,13.71,0.52,3.7929,48322.0,67961.306
300708.SZ,20240401,9.04,9.42,9.01,9.32,9.0,0.32,3.5556,199388.92,184181.686
300709.SZ,20240401,33.08,33.48,32.7,33.25,33.37,-0.12,-0.3596,164416.3,543926.598
300710.SZ,20240401,17.05,17.26,16.96,17.21,16.78,0.43,2.5626,14592.0,25027.863
300711.SZ,20240401,13.01,13.28,12.85,13.23,12.95,0.28,2.1622,64768.35,84747.048
300712.SZ,20240401,24.55,25.14,24.45,24.97,24.61,0.36,1.4628,15581.0,38883.4
300713.SZ,20240401,14.35,14.98,14.35,14.89,14.33,0.56,3.9079,85571.73,126639.862
300715.SZ,20240401,9.32,9.57,9.05,9.45,8.97,0.48,5.3512,21391.78,20088.012
300716.SZ,20240401,8.87,9.53,8.87,9.51,8.88,0.63,7.0946,45281.6,42086.707
300717.SZ,20240401,13.45,13.84,13.43,13.84,13.44,0.4,2.9762,16228.6,22246.528
300718.SZ,20240401,16.5,17.14,16.48,17.08,16.49,0.59,3.5779,27027.0,45802.367
300719.SZ,20240401,14.03,14.28,13.72,14.06,14.04,0.02,0.1425,200711.5,280758.323
300720.SZ,20240401,16.16,16.97,15.7,16.9,15.92,0.98,6.1558,56750.0,93793.713
300721.SZ,20240401,10.99,11.42,10.99,11.4,10.99,0.41,3.7307,28886.5,32567.967
300722.SZ,20240401,23.11,23.34,22.81,23.27,23.2,0.07,0.3017,28422.13,65580.467
300723.SZ,20240401,25.37,25.53,25.08,25.47,25.4,0.07,0.2756,29144.12,73952.58
300724.SZ,20240401,59.94,61.82,59.58,61.78,59.51,2.27,3.8145,60308.73,368848.073
300725.SZ,20240401,39.45,40.12,38.12,39.66,39.5,0.16,0.4051,91893.99,360883.408
300726.SZ,20240401,23.79,24.1,23.62,24.02,23.67,0.35,1.4787,29355.89,70188.696
300727.SZ,20240401,26.4,27.17,26.29,27.05,26.28,0.77,2.93,66945.91,179591.541
300729.SZ,20240401,18.35,19.65,18.3,19.42,18.18,1.24,6.8207,153520.41,293181.488
300730.SZ,20240401,10.67,10.83,10.65,10.81,10.64,0.17,1.5977,62152.5,66975.249
300731.SZ,20240401,17.6,17.79,17.28,17.53,17.5,0.03,0.1714,42159.79,73736.527
300732.SZ,20240401,7.62,7.69,7.49,7.59,7.65,-0.06,-0.7843,78008.91,58906.109
300733.SZ,20240401,9.95,10.24,9.95,10.17,9.95,0.22,2.2111,39319.09,39826.424
300735.SZ,20240401,30.6,31.49,29.7,30.82,30.98,-0.16,-0.5165,921327.63,2828401.179
300736.SZ,20240401,16.01,16.99,15.0,16.25,16.22,0.03,0.185,100600.6,161037.958
300737.SZ,20240401,4.55,4.78,4.55,4.74,4.56,0.18,3.9474,151846.7,71447.803
300738.SZ,20240401,13.3,13.53,12.82,13.35,13.26,0.09,0.6787,1284788.0,1692922.443
300739.SZ,20240401,13.22,13.52,13.13,13.41,13.14,0.27,2.0548,53635.29,71746.457
300740.SZ,20240401,19.63,19.98,19.18,19.91,19.75,0.16,0.8101,80950.03,158760.056
300741.SZ,20240401,18.19,18.66,18.19,18.63,18.07,0.56,3.0991,17252.13,31929.533
300743.SZ,20240401,11.32,11.58,11.27,11.58,11.31,0.27,2.3873,23449.66,26896.208
300745.SZ,20240401,18.28,19.43,18.28,19.09,18.43,0.66,3.5811,64321.2,122114.193
300746.SZ,20240401,7.61,7.9,7.58,7.87,7.68,0.19,2.474,38307.86,29915.922
300747.SZ,20240401,19.95,20.58,19.93,20.56,19.86,0.7,3.5247,64742.91,131562.299
300748.SZ,20240401,15.45,15.79,15.44,15.71,15.38,0.33,2.1456,132148.24,207269.097
300749.SZ,20240401,7.12,7.3,7.01,7.28,7.23,0.05,0.6916,171360.62,122251.62
300750.SZ,20240401,194.0,199.83,193.4,197.84,190.16,7.68,4.0387,275131.87,5438688.735
300751.SZ,20240401,106.05,109.63,106.01,109.0,105.8,3.2,3.0246,15497.83,167520.376
300752.SZ,20240401,12.37,12.99,12.37,12.99,12.36,0.63,5.0971,49993.29,63904.24
300753.SZ,20240401,13.2,13.52,13.12,13.48,13.19,0.29,2.1986,41790.0,55517.613
300755.SZ,20240401,16.24,17.08,16.14,17.04,16.09,0.95,5.9043,28526.73,47996.536
300756.SZ,20240401,13.46,13.91,13.46,13.9,13.54,0.36,2.6588,20796.0,28511.93
300757.SZ,20240401,160.93,163.33,142.0,148.56,155.48,-6.92,-4.4507,121615.59,1845709.518
300758.SZ,20240401,8.33,8.82,8.33,8.66,8.3,0.36,4.3373,60168.0,52151.715
300759.SZ,20240401,20.46,21.02,20.42,21.01,20.37,0.64,3.1419,296995.08,615180.147
300760.SZ,20240401,281.46,286.73,281.0,282.75,281.46,1.29,0.4583,25892.49,734872.172
300761.SZ,20240401,21.04,21.9,20.8,21.64,21.04,0.6,2.8517,31167.6,67003.419
300762.SZ,20240401,14.19,14.52,13.85,14.46,13.98,0.48,3.4335,220009.89,313350.742
300763.SZ,20240401,60.15,63.63,59.65,63.59,59.56,4.03,6.7663,118374.11,735795.002
300765.SZ,20240401,37.06,38.43,36.98,38.05,37.0,1.05,2.8378,90558.57,341403.71
300766.SZ,20240401,13.55,13.82,13.36,13.62,13.56,0.06,0.4425,133525.0,181769.94
300767.SZ,20240401,11.7,12.36,11.68,12.35,11.64,0.71,6.0997,61411.86,74385.667
300768.SZ,20240401,12.06,12.97,12.06,12.68,11.92,0.76,6.3758,105359.03,132802.823
300769.SZ,20240401,38.6,40.1,38.6,39.68,38.18,1.5,3.9288,110517.06,437619.021
300770.SZ,20240401,39.75,40.77,39.73,40.74,39.7,1.04,2.6196,32082.16,129245.743
300771.SZ,20240401,10.0,10.07,9.73,10.01,10.04,-0.03,-0.2988,173577.88,171547.475
300772.SZ,20240401,9.0,9.27,8.92,9.25,8.91,0.34,3.8159,70406.43,64586.422
300773.SZ,20240401,13.73,14.12,13.72,14.08,13.65,0.43,3.1502,83289.0,116296.979
300774.SZ,20240401,8.98,9.24,8.88,9.24,8.98,0.26,2.8953,72446.08,65667.97
300775.SZ,20240401,24.0,24.29,23.8,24.27,23.98,0.29,1.2093,99770.68,239760.272
300776.SZ,20240401,44.55,46.39,44.36,46.01,44.28,1.73,3.907,27133.02,124521.004
300777.SZ,20240401,30.77,31.65,30.11,30.48,30.98,-0.5,-1.6139,240481.3,735761.888
300778.SZ,20240401,10.92,13.08,10.92,13.08,10.9,2.18,20.0,115500.64,144096.66
300779.SZ,20240401,41.84,48.48,41.83,47.75,41.9,5.85,13.9618,55503.77,255844.752
300780.SZ,20240401,18.42,18.94,18.41,18.86,18.54,0.32,1.726,65146.0,122163.863
300781.SZ,20240401,67.5,68.09,62.89,66.04,65.59,0.45,0.6861,133436.57,875993.996
300782.SZ,20240401,102.0,103.91,101.3,103.07,101.59,1.48,1.4568,47588.51,487840.966
300783.SZ,20240401,23.75,23.86,22.77,23.1,23.27,-0.17,-0.7306,86906.73,200366.563
300785.SZ,20240401,21.18,22.36,21.18,21.73,21.2,0.53,2.5,75499.56,164733.352
300786.SZ,20240401,13.96,14.9,13.86,14.51,14.09,0.42,2.9808,203869.9,293762.793
300787.SZ,20240401,13.41,13.85,13.32,13.8,13.4,0.4,2.9851,23555.3,32295.16
300788.SZ,20240401,29.37,30.69,29.33,30.65,29.6,1.05,3.5473,74063.13,222164.206
300789.SZ,20240401,18.91,19.4,18.85,19.29,18.78,0.51,2.7157,11044.6,21223.18
300790.SZ,20240401,12.15,12.99,12.15,12.74,12.05,0.69,5.7261,63688.45,80497.135
300791.SZ,20240401,36.2,36.71,35.63,36.59,36.22,0.37,1.0215,9083.69,32892.264
300792.SZ,20240401,18.61,19.26,18.57,19.24,18.54,0.7,3.7756,29922.62,56875.641
300793.SZ,20240401,14.7,15.05,14.6,15.03,14.61,0.42,2.8747,81022.4,120550.55
300795.SZ,20240401,40.08,41.32,39.4,41.21,40.32,0.89,2.2073,20748.85,84039.777
300796.SZ,20240401,15.0,15.55,14.87,15.3,15.04,0.26,1.7287,63858.8,97582.375
300797.SZ,20240401,11.22,11.35,11.18,11.3,11.15,0.15,1.3453,31173.5,35136.287
300798.SZ,20240401,8.08,8.65,8.08,8.57,8.06,0.51,6.3275,134559.0,113880.92
300800.SZ,20240401,10.54,10.87,10.5,10.87,10.5,0.37,3.5238,21795.5,23198.147
300801.SZ,20240401,13.9,14.25,13.9,14.2,13.93,0.27,1.9383,18347.09,25959.652
300802.SZ,20240401,16.79,17.35,16.39,17.1,16.5,0.6,3.6364,29354.87,49628.543
300803.SZ,20240401,44.5,44.85,44.14,44.52,43.73,0.79,1.8065,68311.67,303689.273
300804.SZ,20240401,25.28,25.38,24.61,25.31,25.12,0.19,0.7564,6173.6,15579.235
300805.SZ,20240401,8.12,8.52,8.1,8.5,8.15,0.35,4.2945,126137.0,105303.714
300806.SZ,20240401,9.12,10.88,9.12,10.29,9.09,1.2,13.2013,246517.86,249010.607
300807.SZ,20240401,28.82,30.5,28.82,29.64,29.1,0.54,1.8557,43878.33,129904.966
300808.SZ,20240401,18.68,20.3,18.52,19.95,18.68,1.27,6.7987,134923.87,266755.424
300809.SZ,20240401,24.57,25.2,24.57,24.92,24.56,0.36,1.4658,54295.2,135382.86
300810.SZ,20240401,19.61,19.61,18.82,19.04,19.15,-0.11,-0.5744,29336.0,55846.617
300811.SZ,20240401,57.0,61.49,56.41,60.5,56.38,4.12,7.3076,58950.59,351083.962
300812.SZ,20240401,27.1,28.54,26.9,27.85,26.83,1.02,3.8017,79386.8,220337.604
300813.SZ,20240401,18.91,20.84,18.8,20.29,19.29,1.0,5.184,61692.57,121071.52
300814.SZ,20240401,31.18,31.69,31.05,31.5,31.21,0.29,0.9292,38667.34,121432.537
300815.SZ,20240401,13.12,13.78,13.11,13.63,13.12,0.51,3.8872,54365.44,73736.177
300816.SZ,20240401,20.52,21.1,20.52,20.71,20.45,0.26,1.2714,13964.73,28987.331
300817.SZ,20240401,12.66,13.29,12.66,13.21,12.62,0.59,4.6751,43604.83,56877.863
300818.SZ,20240401,35.0,37.34,34.6,36.76,35.87,0.89,2.4812,59572.95,216130.089
300819.SZ,20240401,12.6,13.07,12.43,12.99,12.6,0.39,3.0952,32702.0,41813.199
300820.SZ,20240401,51.7,52.63,51.12,52.03,51.65,0.38,0.7357,19378.68,100513.032
300821.SZ,20240401,7.31,7.7,7.31,7.65,7.29,0.36,4.9383,87067.11,65990.274
300822.SZ,20240401,11.17,11.35,11.1,11.23,11.11,0.12,1.0801,36087.0,40559.18
300823.SZ,20240401,17.67,18.05,17.55,18.03,17.65,0.38,2.153,21573.0,38465.88
300824.SZ,20240401,7.59,7.76,7.56,7.76,7.56,0.2,2.6455,38406.93,29533.639
300825.SZ,20240401,13.0,13.29,13.0,13.22,12.94,0.28,2.1638,164976.41,217335.104
300826.SZ,20240401,13.79,14.07,13.6,13.76,13.66,0.1,0.7321,67807.63,93591.166
300827.SZ,20240401,25.38,26.82,25.32,26.81,25.41,1.4,5.5096,91145.76,240383.967
300828.SZ,20240401,12.69,12.94,12.6,12.89,12.65,0.24,1.8972,34166.3,43791.647
300829.SZ,20240401,16.4,17.19,16.4,17.11,16.46,0.65,3.949,21717.86,36676.52
300830.SZ,20240401,6.68,6.79,6.62,6.64,6.64,0.0,0.0,71433.0,47699.237
300831.SZ,20240401,10.51,12.01,10.51,11.1,10.01,1.09,10.8891,148625.45,168767.451
300832.SZ,20240401,66.15,69.66,65.76,67.93,66.14,1.79,2.7064,49740.6,338902.085
300833.SZ,20240401,97.7,97.71,94.52,96.02,97.7,-1.68,-1.7195,4638.52,44397.445
300834.SZ,20240401,19.28,19.4,19.2,19.35,19.28,0.07,0.3631,9281.66,17948.687
300835.SZ,20240401,23.69,25.29,23.69,24.43,23.69,0.74,3.1237,29749.6,73102.939
300836.SZ,20240401,24.0,24.47,23.81,24.4,24.15,0.25,1.0352,13046.5,31654.155
300837.SZ,20240401,24.64,25.16,24.51,24.79,24.5,0.29,1.1837,7512.0,18726.679
300838.SZ,20240401,13.14,13.5,13.14,13.5,13.13,0.37,2.818,18589.0,24844.431
300839.SZ,20240401,8.32,9.01,8.09,8.56,9.38,-0.82,-8.742,208630.09,176010.916
300840.SZ,20240401,15.18,15.53,15.01,15.25,15.22,0.03,0.1971,52173.0,79451.627
300841.SZ,20240401,58.42,62.42,58.42,62.38,55.52,6.86,12.3559,42729.05,259256.093
300842.SZ,20240401,70.8,72.76,70.1,72.08,70.6,1.48,2.0963,34896.8,250745.749
300843.SZ,20240401,22.6,22.6,21.51,22.28,22.72,-0.44,-1.9366,124378.79,272906.481
300844.SZ,20240401,26.97,28.2,26.82,27.67,27.06,0.61,2.2542,28513.0,78677.869
300845.SZ,20240401,14.15,14.37,14.13,14.37,14.14,0.23,1.6266,26380.8,37574.894
300846.SZ,20240401,12.49,12.77,12.49,12.65,12.42,0.23,1.8519,141878.0,179287.315
300847.SZ,20240401,15.44,15.69,15.3,15.63,15.49,0.14,0.9038,64610.5,99929.638
300848.SZ,20240401,18.87,21.12,18.56,19.96,18.88,1.08,5.7203,39162.96,77317.824
300849.SZ,20240401,13.27,13.59,13.27,13.59,13.35,0.24,1.7978,25160.5,33756.022
300850.SZ,20240401,23.77,25.81,23.75,25.37,23.67,1.7,7.1821,74018.06,184877.073
300851.SZ,20240401,26.38,26.38,25.68,26.33,25.91,0.42,1.621,9921.33,25885.001
300852.SZ,20240401,31.98,32.53,31.38,32.38,31.91,0.47,1.4729,19717.6,63116.603
300853.SZ,20240401,19.0,19.59,18.81,19.44,18.78,0.66,3.5144,28339.8,54610.818
300854.SZ,20240401,12.99,13.19,12.81,13.18,12.99,0.19,1.4627,31575.49,41232.211
300855.SZ,20240401,24.2,24.26,23.75,23.94,24.2,-0.26,-1.0744,28204.1,67433.747
300856.SZ,20240401,78.4,83.08,78.4,82.77,78.17,4.6,5.8846,18514.35,150167.693
300857.SZ,20240401,61.3,62.3,59.85,61.14,61.3,-0.16,-0.261,77040.0,470611.154
300858.SZ,20240401,17.64,18.42,17.59,18.18,17.7,0.48,2.7119,27630.5,49955.616
300859.SZ,20240401,29.01,29.67,28.8,29.45,28.93,0.52,1.7974,49889.0,145826.484
300860.SZ,20240401,37.0,40.54,36.99,39.75,36.71,3.04,8.2811,46290.37,181047.338
300861.SZ,20240401,26.8,28.33,26.8,27.99,26.8,1.19,4.4403,58621.06,162514.492
300862.SZ,20240401,30.89,32.33,30.89,31.91,30.87,1.04,3.369,23612.85,75036.634
300863.SZ,20240401,41.25,42.85,41.08,42.71,40.73,1.98,4.8613,19186.71,80758.24
300864.SZ,20240401,19.85,19.99,19.43,19.82,19.59,0.23,1.1741,17830.75,35281.25
300865.SZ,20240401,15.46,15.86,15.24,15.8,15.45,0.35,2.2654,14694.5,22966.775
300866.SZ,20240401,78.0,82.01,77.3,81.25,77.28,3.97,5.1372,31437.82,253432.076
300867.SZ,20240401,12.37,12.8,12.26,12.8,12.37,0.43,3.4762,30182.93,37999.265
300868.SZ,20240401,15.4,15.9,15.27,15.88,15.42,0.46,2.9831,21966.7,34601.738
300869.SZ,20240401,16.88,17.2,16.88,17.19,16.87,0.32,1.8969,20354.0,34783.601
300870.SZ,20240401,44.61,46.0,44.59,45.89,44.58,1.31,2.9385,22621.0,102936.797
300871.SZ,20240401,13.48,14.72,13.01,14.28,13.54,0.74,5.4653,72892.09,102347.801
300872.SZ,20240401,11.93,12.19,11.85,12.15,11.89,0.26,2.1867,57242.77,68745.633
300873.SZ,20240401,18.92,19.25,18.63,19.11,18.85,0.26,1.3793,24274.8,45998.982
300875.SZ,20240401,31.95,34.24,31.94,33.82,32.32,1.5,4.6411,118962.03,395679.019
300876.SZ,20240401,18.93,20.11,18.6,19.49,18.93,0.56,2.9583,13082.0,25306.043
300877.SZ,20240401,14.35,14.57,14.26,14.55,14.35,0.2,1.3937,11330.22,16342.408
300878.SZ,20240401,19.3,19.98,19.3,19.98,19.29,0.69,3.577,18570.03,36693.728
300879.SZ,20240401,12.43,12.88,12.16,12.64,12.45,0.19,1.5261,28236.89,35300.117
300880.SZ,20240401,16.48,17.62,16.48,17.11,16.34,0.77,4.7124,56743.89,97473.9
300881.SZ,20240401,26.82,28.7,26.52,27.55,26.82,0.73,2.7218,50230.12,138900.2
300882.SZ,20240401,21.5,23.04,21.44,22.47,21.34,1.13,5.2952,48046.51,107672.891
300883.SZ,20240401,5.31,5.51,5.31,5.5,5.32,0.18,3.3835,73679.0,39988.025
300884.SZ,20240401,10.43,10.53,10.26,10.49,10.23,0.26,2.5415,53246.8,55615.942
300885.SZ,20240401,7.78,8.06,7.71,8.02,7.78,0.24,3.0848,46753.9,37113.407
300886.SZ,20240401,17.56,17.98,17.4,17.97,17.4,0.57,3.2759,7955.2,14140.223
300887.SZ,20240401,12.66,13.97,12.47,13.88,12.55,1.33,10.5976,682046.03,904925.688
300888.SZ,20240401,34.3,35.51,34.3,35.35,34.4,0.95,2.7616,18567.75,65372.493
300889.SZ,20240401,13.9,14.58,13.53,14.2,14.12,0.08,0.5666,214673.37,300382.835
300890.SZ,20240401,33.4,35.76,32.64,35.39,32.64,2.75,8.4252,150878.78,526367.491
300891.SZ,20240401,7.99,8.49,7.99,8.26,8.02,0.24,2.9925,52033.45,43007.067
300892.SZ,20240401,17.12,18.43,17.02,18.09,17.23,0.86,4.9913,55691.43,99113.418
300893.SZ,20240401,29.33,29.98,29.13,29.59,29.49,0.1,0.3391,14381.0,42416.751
300894.SZ,20240401,13.03,13.65,12.95,13.65,12.99,0.66,5.0808,43118.69,57684.518
300895.SZ,20240401,32.21,32.8,31.93,32.6,31.63,0.97,3.0667,71839.33,233065.224
300896.SZ,20240401,347.1,350.99,342.6,349.92,345.43,4.49,1.2998,17873.95,621148.365
300897.SZ,20240401,29.9,31.15,29.78,30.43,29.69,0.74,2.4924,19089.53,58313.699
300898.SZ,20240401,19.6,20.36,19.51,20.3,19.53,0.77,3.9427,46824.13,93760.342
300899.SZ,20240401,26.64,27.33,25.9,26.14,26.66,-0.52,-1.9505,63984.65,169521.265
300900.SZ,20240401,28.3,28.72,27.66,28.16,28.9,-0.74,-2.5606,147083.86,412141.948
300901.SZ,20240401,8.54,8.76,8.47,8.7,8.68,0.02,0.2304,84055.2,72495.041
300902.SZ,20240401,29.75,32.1,29.42,32.09,29.69,2.4,8.0835,40270.88,125485.691
300903.SZ,20240401,7.7,8.0,7.67,7.94,7.66,0.28,3.6554,103806.74,82057.034
300904.SZ,20240401,53.08,54.72,52.66,54.14,53.07,1.07,2.0162,16849.25,90911.286
300905.SZ,20240401,14.42,15.0,14.41,14.95,14.41,0.54,3.7474,46666.0,68713.983
300906.SZ,20240401,20.34,20.67,20.22,20.65,20.34,0.31,1.5241,8875.0,18168.885
300907.SZ,20240401,17.1,17.63,16.9,17.38,17.24,0.14,0.8121,25861.27,44592.007
300908.SZ,20240401,40.7,41.3,40.47,41.06,40.69,0.37,0.9093,10750.99,43929.723
300909.SZ,20240401,24.56,25.16,24.38,25.07,24.76,0.31,1.252,44418.06,110300.454
300910.SZ,20240401,38.38,39.56,38.08,39.39,38.26,1.13,2.9535,28925.19,113143.795
300911.SZ,20240401,28.02,29.2,28.02,29.2,28.1,1.1,3.9146,15919.79,45860.394
300912.SZ,20240401,13.8,14.03,13.65,13.97,13.8,0.17,1.2319,24821.95,34469.71
300913.SZ,20240401,40.0,40.33,38.35,39.16,40.47,-1.31,-3.237,188173.68,736123.521
300915.SZ,20240401,29.4,30.98,29.02,30.35,29.23,1.12,3.8317,20770.69,62393.262
300916.SZ,20240401,19.79,20.59,19.79,20.33,19.78,0.55,2.7806,25930.82,52548.377
300917.SZ,20240401,25.16,25.85,25.16,25.7,25.28,0.42,1.6614,62292.28,158972.588
300918.SZ,20240401,9.5,9.86,9.5,9.79,9.5,0.29,3.0526,40707.0,39609.907
300919.SZ,20240401,53.35,55.88,53.33,55.03,53.35,1.68,3.149,50392.44,277353.888
300920.SZ,20240401,15.41,15.71,15.01,15.58,15.48,0.1,0.646,20621.34,31704.462
300921.SZ,20240401,21.1,21.33,20.85,21.23,20.9,0.33,1.5789,44338.82,93471.157
300922.SZ,20240401,13.0,13.16,12.71,13.15,12.93,0.22,1.7015,50820.43,66102.534
300923.SZ,20240401,18.32,18.78,18.26,18.77,18.32,0.45,2.4563,13683.97,25452.046
300925.SZ,20240401,10.01,10.29,10.01,10.29,10.0,0.29,2.9,81918.26,83462.99
300926.SZ,20240401,27.01,29.91,27.0,29.41,26.29,3.12,11.8676,129889.87,372103.186
300927.SZ,20240401,15.41,15.46,14.72,15.21,15.5,-0.29,-1.871,60322.82,90333.985
300928.SZ,20240401,37.46,38.7,37.02,38.4,37.46,0.94,2.5093,18804.0,71895.152
300929.SZ,20240401,9.53,9.65,9.41,9.56,9.41,0.15,1.594,23356.0,22259.017
300930.SZ,20240401,17.62,18.56,17.6,18.33,17.46,0.87,4.9828,18690.36,34055.676
300931.SZ,20240401,6.33,6.39,6.32,6.38,6.34,0.04,0.6309,49704.86,31612.625
300932.SZ,20240401,11.83,12.22,11.83,12.19,11.88,0.31,2.6094,24415.85,29544.848
300933.SZ,20240401,6.72,6.85,6.68,6.83,6.67,0.16,2.3988,119668.0,81080.064
300935.SZ,20240401,19.4,19.89,19.2,19.84,19.19,0.65,3.3872,12115.4,23792.085
300936.SZ,20240401,37.86,38.18,37.2,37.8,37.58,0.22,0.5854,26807.88,100990.248
300937.SZ,20240401,24.76,25.27,24.76,25.27,24.74,0.53,2.1423,14733.58,36962.564
300938.SZ,20240401,34.58,34.88,33.7,34.85,34.39,0.46,1.3376,21765.55,74510.636
300939.SZ,20240401,30.85,32.1,30.85,31.88,30.89,0.99,3.2049,32366.04,102518.833
300940.SZ,20240401,16.03,17.12,16.03,16.86,16.01,0.85,5.3092,19797.67,32940.305
300941.SZ,20240401,18.66,19.25,18.57,19.24,18.53,0.71,3.8316,44345.55,84025.498
300942.SZ,20240401,8.73,9.07,8.61,9.0,8.77,0.23,2.6226,161963.03,143112.426
300943.SZ,20240401,11.8,12.04,11.74,11.88,11.83,0.05,0.4227,32586.7,38677.582
300945.SZ,20240401,10.07,10.39,10.02,10.2,9.89,0.31,3.1345,147359.52,149335.645
300946.SZ,20240401,25.51,25.98,25.46,25.93,25.45,0.48,1.8861,7553.66,19493.193
300947.SZ,20240401,11.79,12.02,11.75,11.94,11.8,0.14,1.1864,35300.91,41907.374
300948.SZ,20240401,11.1,11.38,11.08,11.36,11.17,0.19,1.701,42801.2,48196.575
300949.SZ,20240401,45.05,45.78,44.38,45.4,44.16,1.24,2.808,19876.58,89636.455
300950.SZ,20240401,13.6,14.05,13.42,13.79,13.59,0.2,1.4717,45108.19,61740.913
300951.SZ,20240401,40.81,42.13,40.7,41.97,40.6,1.37,3.3744,17228.27,71629.252
300952.SZ,20240401,19.23,19.78,19.17,19.7,19.33,0.37,1.9141,26882.18,52194.84
300953.SZ,20240401,54.0,58.48,54.0,57.35,53.98,3.37,6.2431,14753.68,83495.026
300955.SZ,20240401,15.87,16.17,15.63,16.1,15.69,0.41,2.6131,15097.38,24129.556
300956.SZ,20240401,13.86,13.95,13.64,13.9,13.9,0.0,0.0,70706.56,97470.827
300957.SZ,20240401,60.37,62.05,60.0,62.05,59.97,2.08,3.4684,26665.83,163229.442
300958.SZ,20240401,14.45,14.95,14.38,14.85,14.57,0.28,1.9218,124008.51,182120.98
300959.SZ,20240401,28.64,29.18,28.37,29.18,28.31,0.87,3.0731,9906.99,28561.737
300960.SZ,20240401,17.42,17.45,16.93,17.37,17.44,-0.07,-0.4014,30745.34,52856.759
300961.SZ,20240401,9.55,9.59,9.35,9.52,9.51,0.01,0.1052,33883.45,32076.632
300962.SZ,20240401,15.27,16.0,14.92,15.66,15.39,0.27,1.7544,84738.15,131058.62
300963.SZ,20240401,10.3,10.47,10.22,10.42,10.16,0.26,2.5591,37060.58,38411.154
300964.SZ,20240401,35.8,36.55,35.6,35.98,35.93,0.05,0.1392,30500.42,110041.968
300965.SZ,20240401,39.72,41.08,38.83,40.84,42.1,-1.26,-2.9929,44590.25,178104.314
300966.SZ,20240401,16.99,17.45,16.93,17.45,16.87,0.58,3.4381,23833.5,41017.533
300967.SZ,20240401,10.46,10.73,10.34,10.57,10.48,0.09,0.8588,66485.03,70149.398
300968.SZ,20240401,9.89,10.28,9.57,10.21,9.76,0.45,4.6107,188956.55,186943.207
300969.SZ,20240401,80.87,86.2,80.87,83.16,80.29,2.87,3.5745,9952.0,83073.417
300970.SZ,20240401,13.5,13.8,13.47,13.77,13.45,0.32,2.3792,27205.92,37128.239
300971.SZ,20240401,19.76,20.35,19.7,20.35,19.85,0.5,2.5189,22796.22,45625.444
300972.SZ,20240401,29.27,30.67,29.14,30.0,29.03,0.97,3.3414,12900.46,38862.147
300973.SZ,20240401,32.95,35.1,32.95,34.9,32.93,1.97,5.9824,21348.63,73370.734
300975.SZ,20240401,14.11,14.24,13.1,13.43,13.81,-0.38,-2.7516,921008.1,1242909.865
300976.SZ,20240401,40.38,40.48,39.65,40.35,40.36,-0.01,-0.0248,7664.64,30670.879
300977.SZ,20240401,14.97,15.53,14.81,15.48,15.08,0.4,2.6525,36871.51,56389.377
300978.SZ,20240401,11.28,11.69,11.28,11.69,11.29,0.4,3.543,50266.0,58095.062
300979.SZ,20240401,61.0,61.2,58.92,60.19,61.12,-0.93,-1.5216,17259.98,103436.743
300980.SZ,20240401,18.19,19.48,18.11,19.25,18.25,1.0,5.4795,21364.0,40294.247
300981.SZ,20240401,12.3,12.46,12.1,12.46,12.33,0.13,1.0543,60947.02,74785.526
300982.SZ,20240401,19.2,20.08,19.15,19.9,18.96,0.94,4.9578,55092.75,108379.738
300983.SZ,20240401,25.4,25.55,25.17,25.46,25.17,0.29,1.1522,4416.3,11194.841
300984.SZ,20240401,22.02,22.8,21.85,22.76,22.03,0.73,3.3137,8095.4,18300.736
300985.SZ,20240401,30.4,31.03,30.33,30.95,30.44,0.51,1.6754,16538.6,50939.676
300986.SZ,20240401,8.9,9.24,8.9,9.18,8.88,0.3,3.3784,63578.3,57745.462
300987.SZ,20240401,15.9,16.22,15.79,16.22,15.88,0.34,2.1411,63230.93,101406.841
300988.SZ,20240401,28.04,32.1,26.52,28.84,28.26,0.58,2.0524,371047.51,1084216.451
300989.SZ,20240401,20.0,23.38,19.7,22.36,21.47,0.89,4.1453,207614.1,429388.745
300990.SZ,20240401,37.08,38.29,36.82,37.61,37.05,0.56,1.5115,29386.97,110323.055
300991.SZ,20240401,15.2,15.37,14.83,15.03,15.19,-0.16,-1.0533,83325.02,125508.783
300992.SZ,20240401,18.32,18.73,18.14,18.7,18.32,0.38,2.0742,13286.99,24570.852
300993.SZ,20240401,11.18,11.92,11.18,11.81,11.14,0.67,6.0144,82108.77,95824.598
300994.SZ,20240401,10.7,11.09,10.7,11.08,10.54,0.54,5.1233,33168.27,36295.193
300995.SZ,20240401,18.25,22.0,18.02,22.0,18.33,3.67,20.0218,88518.62,178952.65
300996.SZ,20240401,15.26,15.79,15.19,15.74,15.15,0.59,3.8944,35403.84,54984.954
300997.SZ,20240401,15.51,15.84,15.32,15.79,15.5,0.29,1.871,39781.46,61822.948
300998.SZ,20240401,23.25,23.29,22.86,23.03,23.08,-0.05,-0.2166,9064.66,20890.657
300999.SZ,20240401,30.26,31.3,30.25,31.13,30.17,0.96,3.182,63932.23,198010.327
301000.SZ,20240401,16.94,16.94,16.47,16.75,16.41,0.34,2.0719,19190.84,32023.899
301001.SZ,20240401,20.55,20.73,20.15,20.68,20.15,0.53,2.6303,12796.0,26139.544
301002.SZ,20240401,16.54,17.18,16.43,16.63,16.31,0.32,1.962,73857.77,123813.478
301003.SZ,20240401,21.52,23.53,21.52,22.83,21.49,1.34,6.2355,23517.7,53655.565
301004.SZ,20240401,67.81,70.3,66.66,69.56,70.1,-0.54,-0.7703,15736.26,107763.245
301005.SZ,20240401,34.14,35.16,33.8,35.03,34.14,0.89,2.6069,20123.84,69698.506
301006.SZ,20240401,13.98,14.25,13.89,14.25,13.85,0.4,2.8881,11967.52,16883.083
301007.SZ,20240401,14.87,15.27,14.87,14.99,14.85,0.14,0.9428,176794.87,265931.867
301008.SZ,20240401,23.99,24.22,23.41,24.1,23.51,0.59,2.5096,9694.5,23201.546
301009.SZ,20240401,8.89,9.12,8.89,9.12,8.86,0.26,2.9345,19434.0,17576.619
301010.SZ,20240401,13.8,14.11,13.75,14.08,13.78,0.3,2.1771,18974.24,26596.496
301011.SZ,20240401,16.44,17.26,16.44,17.25,16.4,0.85,5.1829,27269.7,46169.416
301012.SZ,20240401,17.23,17.34,16.98,17.3,17.15,0.15,0.8746,23382.0,40176.24
301013.SZ,20240401,14.6,14.94,14.3,14.75,14.28,0.47,3.2913,239116.56,350557.147
301015.SZ,20240401,33.52,34.17,33.24,34.1,33.23,0.87,2.6181,24074.0,81485.266
301016.SZ,20240401,16.88,17.99,16.76,17.77,16.83,0.94,5.5853,37708.3,65736.48
301017.SZ,20240401,13.22,13.69,13.22,13.69,13.29,0.4,3.0098,27697.91,37458.307
301018.SZ,20240401,26.03,26.38,25.83,26.03,25.74,0.29,1.1267,35099.46,91544.857
301019.SZ,20240401,19.15,19.94,19.13,19.92,19.23,0.69,3.5881,11972.0,23597.497
301020.SZ,20240401,19.24,19.75,19.24,19.62,19.55,0.07,0.3581,29747.24,58136.461
301021.SZ,20240401,18.6,19.39,18.49,19.15,18.36,0.79,4.3028,35074.63,66898.373
301022.SZ,20240401,31.02,34.48,30.03,34.48,28.73,5.75,20.0139,154148.12,510096.771
301023.SZ,20240401,33.3,33.52,32.57,33.52,33.26,0.26,0.7817,14295.0,47308.594
301024.SZ,20240401,22.75,23.3,22.72,23.23,22.87,0.36,1.5741,15553.5,35926.918
301025.SZ,20240401,12.92,15.38,12.62,14.59,13.09,1.5,11.4591,458906.67,637729.025
301026.SZ,20240401,27.07,28.55,27.07,28.13,27.57,0.56,2.0312,38763.06,108214.746
301027.SZ,20240401,9.26,10.17,9.22,9.74,9.26,0.48,5.1836,84065.58,82067.623
301028.SZ,20240401,8.83,9.22,8.83,9.2,8.86,0.34,3.8375,46998.66,42482.69
301029.SZ,20240401,25.7,26.96,25.7,26.35,25.69,0.66,2.5691,88650.71,234359.901
301030.SZ,20240401,55.0,57.68,54.75,56.74,55.82,0.92,1.6482,41011.34,231549.1
301031.SZ,20240401,90.54,94.88,89.9,93.79,90.6,3.19,3.521,9776.5,89484.657
301032.SZ,20240401,7.7,8.13,7.67,8.11,7.7,0.41,5.3247,49365.27,39211.84
301033.SZ,20240401,33.84,33.98,32.22,33.05,33.8,-0.75,-2.2189,14381.57,47026.781
301035.SZ,20240401,66.71,67.76,65.88,67.58,66.6,0.98,1.4715,6934.55,46574.666
301036.SZ,20240401,17.69,18.47,17.65,18.46,17.69,0.77,4.3527,26183.36,47631.325
301037.SZ,20240401,14.7,14.95,14.46,14.85,14.65,0.2,1.3652,14343.62,21075.829
301038.SZ,20240401,15.37,15.94,15.34,15.84,15.44,0.4,2.5907,45985.78,72043.452
301039.SZ,20240401,9.49,9.96,9.49,9.93,9.47,0.46,4.8574,248810.79,244613.084
301040.SZ,20240401,13.94,14.94,13.42,14.65,13.93,0.72,5.1687,69524.4,97837.003
301041.SZ,20240401,24.35,24.96,24.31,24.7,24.83,-0.13,-0.5236,57276.16,140941.026
301042.SZ,20240401,32.8,33.39,32.5,33.13,32.63,0.5,1.5323,14108.53,46551.419
301043.SZ,20240401,26.51,26.9,26.38,26.87,26.35,0.52,1.9734,10272.01,27444.409
301045.SZ,20240401,19.1,23.0,19.1,23.0,19.17,3.83,19.9791,46457.88,100821.879
301046.SZ,20240401,20.64,21.76,20.64,21.7,20.57,1.13,5.4934,22202.07,47355.093
301047.SZ,20240401,70.96,73.0,70.96,72.93,70.8,2.13,3.0085,4287.81,30988.816
301048.SZ,20240401,8.88,9.27,8.88,9.21,8.92,0.29,3.2511,62095.0,56572.787
301049.SZ,20240401,25.55,28.66,24.66,26.55,26.74,-0.19,-0.7105,112194.09,299472.919
301050.SZ,20240401,49.45,49.47,48.55,49.32,49.34,-0.02,-0.0405,25462.99,125143.769
301051.SZ,20240401,43.56,44.5,43.48,43.95,43.28,0.67,1.5481,12826.27,56435.842
301052.SZ,20240401,31.99,33.49,31.8,33.16,31.78,1.38,4.3424,77509.69,253677.884
301053.SZ,20240401,20.54,21.11,20.44,21.11,20.43,0.68,3.3284,7197.44,14980.302
301055.SZ,20240401,13.11,13.8,12.5,12.84,13.11,-0.27,-2.0595,35490.52,45788.359
301056.SZ,20240401,8.34,8.65,8.34,8.65,8.42,0.23,2.7316,30282.0,25934.889
301057.SZ,20240401,12.77,13.16,12.65,13.16,12.77,0.39,3.054,16031.43,20836.082
301058.SZ,20240401,9.38,9.45,9.29,9.44,9.36,0.08,0.8547,66346.87,62279.493
301059.SZ,20240401,9.28,9.48,9.17,9.47,9.14,0.33,3.6105,15985.0,15037.329
301060.SZ,20240401,11.95,12.4,11.64,12.1,11.95,0.15,1.2552,119890.32,143102.138
301061.SZ,20240401,59.24,66.79,58.97,65.59,59.24,6.35,10.7191,15611.33,99774.565
301062.SZ,20240401,9.9,9.9,9.74,9.89,9.77,0.12,1.2282,21638.0,21265.457
301063.SZ,20240401,16.47,16.92,16.23,16.71,16.37,0.34,2.077,36196.59,59733.113
301065.SZ,20240401,17.9,18.66,17.85,18.66,17.9,0.76,4.2458,12230.97,22408.521
301066.SZ,20240401,10.57,11.1,10.56,10.91,10.59,0.32,3.0217,36299.0,39220.323
301067.SZ,20240401,25.94,26.14,25.27,25.72,26.01,-0.29,-1.115,34005.6,87089.762
301068.SZ,20240401,29.77,30.08,28.88,30.0,29.87,0.13,0.4352,9195.83,27181.627
301069.SZ,20240401,16.4,17.19,16.18,16.49,15.69,0.8,5.0988,110857.22,183476.799
301070.SZ,20240401,35.1,35.79,34.65,35.61,35.13,0.48,1.3664,7289.57,25814.905
301071.SZ,20240401,33.9,35.18,33.89,34.92,34.04,0.88,2.5852,46009.53,159809.342
301072.SZ,20240401,27.61,31.2,27.58,30.3,26.84,3.46,12.8912,139722.68,411100.485
301073.SZ,20240401,22.51,23.88,22.43,23.39,22.4,0.99,4.4196,57120.13,132782.32
301075.SZ,20240401,21.01,21.54,20.99,21.53,20.87,0.66,3.1624,13059.74,27753.81
301076.SZ,20240401,24.71,25.45,24.58,25.24,24.66,0.58,2.352,50563.52,126390.15
301077.SZ,20240401,16.02,16.45,15.95,16.44,16.03,0.41,2.5577,9206.0,14985.306
301078.SZ,20240401,6.48,6.72,6.47,6.71,6.47,0.24,3.7094,186295.45,123965.713
301079.SZ,20240401,12.71,13.13,12.58,13.1,12.61,0.49,3.8858,27174.37,35202.88
301080.SZ,20240401,40.93,41.89,40.93,41.82,40.81,1.01,2.4749,19302.65,80172.784
301081.SZ,20240401,8.47,8.62,8.41,8.62,8.38,0.24,2.864,24910.22,21270.543
301082.SZ,20240401,13.03,13.39,13.01,13.39,12.98,0.41,3.1587,20038.2,26551.896
301083.SZ,20240401,14.43,14.8,14.34,14.75,14.39,0.36,2.5017,35026.53,51233.984
301085.SZ,20240401,55.35,56.5,54.63,56.22,55.35,0.87,1.5718,39259.35,219605.708
301086.SZ,20240401,35.92,37.68,35.92,37.45,35.96,1.49,4.1435,9603.0,35690.843
301087.SZ,20240401,33.23,35.55,33.23,35.01,33.23,1.78,5.3566,18118.35,62680.572
301088.SZ,20240401,12.07,12.56,12.06,12.55,12.05,0.5,4.1494,13565.0,16765.172
301089.SZ,20240401,40.54,43.0,40.54,42.98,40.55,2.43,5.9926,40402.9,169807.908
301090.SZ,20240401,9.58,9.65,9.52,9.59,9.56,0.03,0.3138,24382.5,23351.714
301091.SZ,20240401,42.0,47.27,40.99,44.14,42.0,2.14,5.0952,490579.46,2138662.927
301092.SZ,20240401,24.92,26.3,24.52,26.3,24.9,1.4,5.6225,45413.99,116382.035
301093.SZ,20240401,25.7,25.99,25.54,25.95,25.6,0.35,1.3672,13201.32,34065.734
301095.SZ,20240401,55.03,56.21,54.1,56.05,54.89,1.16,2.1133,26452.0,146113.409
301096.SZ,20240401,74.7,75.6,73.39,75.49,74.5,0.99,1.3289,12249.28,91419.841
301097.SZ,20240401,41.45,42.06,40.82,41.95,41.06,0.89,2.1676,1534.0,6395.827
301098.SZ,20240401,8.83,9.06,8.83,9.04,8.76,0.28,3.1963,21536.0,19268.75
301099.SZ,20240401,42.99,43.13,41.86,42.22,42.89,-0.67,-1.5621,33155.54,140315.033
301100.SZ,20240401,15.68,15.88,15.63,15.85,15.59,0.26,1.6677,9436.62,14922.908
301101.SZ,20240401,28.22,28.92,28.03,28.47,28.07,0.4,1.425,14588.2,41595.622
301102.SZ,20240401,14.57,15.23,14.51,15.23,14.46,0.77,5.325,52384.56,78387.842
301103.SZ,20240401,27.72,28.13,27.1,27.96,27.73,0.23,0.8294,33135.82,91415.124
301105.SZ,20240401,27.72,28.47,27.72,28.47,27.72,0.75,2.7056,4190.99,11801.918
301106.SZ,20240401,36.19,38.28,36.0,37.22,36.15,1.07,2.9599,8757.0,32637.161
301107.SZ,20240401,25.67,26.19,25.44,26.01,25.67,0.34,1.3245,14372.18,37213.237
301108.SZ,20240401,28.4,28.97,28.33,28.9,28.18,0.72,2.555,3391.26,9740.018
301109.SZ,20240401,15.32,15.83,15.32,15.83,15.32,0.51,3.329,24394.25,38299.945
301110.SZ,20240401,35.95,36.31,35.65,36.14,35.73,0.41,1.1475,7356.31,26459.651
301111.SZ,20240401,18.07,18.49,17.91,18.45,18.07,0.38,2.1029,40685.22,74326.09
301112.SZ,20240401,24.62,25.07,24.42,25.03,24.61,0.42,1.7066,10503.0,26044.411
301113.SZ,20240401,24.19,24.68,24.15,24.68,24.19,0.49,2.0256,6513.0,15983.988
301115.SZ,20240401,16.1,16.44,16.07,16.43,16.1,0.33,2.0497,7974.74,13003.067
301116.SZ,20240401,10.16,10.71,10.1,10.46,10.16,0.3,2.9528,39257.95,40891.223
301117.SZ,20240401,32.87,33.91,32.85,33.9,32.85,1.05,3.1963,23068.5,77263.725
301118.SZ,20240401,16.97,17.65,16.86,17.6,16.98,0.62,3.6514,23733.77,41040.244
301119.SZ,20240401,20.97,21.97,20.97,21.86,20.97,0.89,4.2442,24319.85,52709.568
301120.SZ,20240401,10.05,10.19,9.93,10.04,10.07,-0.03,-0.2979,62501.21,62866.522
301121.SZ,20240401,33.84,36.95,33.84,35.0,33.93,1.07,3.1536,24086.63,85031.364
301122.SZ,20240401,26.3,26.77,26.13,26.7,26.22,0.48,1.8307,9923.22,26339.491
301123.SZ,20240401,18.68,18.75,18.4,18.65,18.6,0.05,0.2688,46845.79,86909.619
301125.SZ,20240401,14.81,15.07,14.68,15.06,14.8,0.26,1.7568,32160.35,47892.12
301126.SZ,20240401,9.55,9.77,9.45,9.76,9.55,0.21,2.199,37901.0,36640.046
301127.SZ,20240401,9.35,9.48,9.23,9.47,9.3,0.17,1.828,41313.51,38682.165
301128.SZ,20240401,43.63,45.38,43.63,44.92,44.19,0.73,1.652,23641.3,105558.266
301129.SZ,20240401,19.09,19.38,18.93,19.32,18.91,0.41,2.1682,17198.57,33047.987
301130.SZ,20240401,24.41,24.5,24.08,24.5,24.01,0.49,2.0408,8407.0,20452.257
301131.SZ,20240401,39.5,40.88,39.0,40.13,39.5,0.63,1.5949,24609.35,98228.55
301132.SZ,20240401,22.96,23.97,22.96,23.85,22.91,0.94,4.103,30108.17,71047.771
301133.SZ,20240401,23.0,24.13,23.0,23.96,23.08,0.88,3.8128,20274.54,48231.267
301135.SZ,20240401,22.12,22.38,21.75,22.27,21.87,0.4,1.829,25340.81,55929.444
301136.SZ,20240401,9.78,9.92,9.74,9.91,9.72,0.19,1.9547,40060.0,39400.197
301137.SZ,20240401,15.1,15.32,14.98,15.32,14.93,0.39,2.6122,18003.62,27294.043
301138.SZ,20240401,27.47,27.99,27.2,27.71,27.95,-0.24,-0.8587,29352.19,81074.63
301139.SZ,20240401,29.7,30.17,29.02,29.4,29.8,-0.4,-1.3423,59456.46,175703.152
301141.SZ,20240401,48.71,50.99,48.3,49.42,48.65,0.77,1.5827,32560.32,162271.471
301148.SZ,20240401,20.82,22.48,19.98,22.47,20.32,2.15,10.5807,94424.59,200256.828
301149.SZ,20240401,11.47,11.75,11.22,11.58,11.55,0.03,0.2597,131978.5,151029.026
301150.SZ,20240401,28.23,30.3,28.2,30.2,27.99,2.21,7.8957,26862.12,79573.492
301151.SZ,20240401,15.96,16.4,15.94,16.4,15.96,0.44,2.7569,18795.13,30484.421
301152.SZ,20240401,26.74,28.05,26.74,27.84,26.74,1.1,4.1137,41887.22,116317.973
301153.SZ,20240401,64.5,65.2,62.68,63.09,65.75,-2.66,-4.0456,36096.35,229152.7
301155.SZ,20240401,48.48,49.93,48.0,49.67,48.48,1.19,2.4546,16671.0,82111.906
301156.SZ,20240401,15.34,15.6,15.27,15.58,15.35,0.23,1.4984,18004.68,27918.484
301157.SZ,20240401,35.77,37.86,35.57,37.12,35.76,1.36,3.8031,12419.47,46180.465
301158.SZ,20240401,14.01,14.05,13.75,14.05,14.13,-0.08,-0.5662,43452.05,60321.546
301159.SZ,20240401,37.03,37.4,36.3,37.32,37.31,0.01,0.0268,19516.86,72044.33
301160.SZ,20240401,37.79,38.3,37.6,38.17,37.8,0.37,0.9788,11361.96,43189.306
301161.SZ,20240401,17.61,17.89,17.13,17.76,17.5,0.26,1.4857,24191.76,42778.58
301162.SZ,20240401,49.3,50.28,48.55,49.39,49.45,-0.06,-0.1213,26401.93,129998.482
301163.SZ,20240401,21.05,21.53,20.97,21.52,21.05,0.47,2.2328,19035.96,40383.718
301165.SZ,20240401,39.19,40.53,38.79,39.97,38.48,1.49,3.8721,61535.21,244959.906
301166.SZ,20240401,30.38,31.2,30.2,31.18,30.14,1.04,3.4506,6943.99,21376.944
301167.SZ,20240401,13.16,13.37,13.02,13.35,13.11,0.24,1.8307,34330.93,45390.847
301168.SZ,20240401,39.95,40.77,39.8,40.58,39.88,0.7,1.7553,25353.57,102061.259
301169.SZ,20240401,41.31,42.98,41.0,42.94,41.72,1.22,2.9243,33035.83,139118.125
301170.SZ,20240401,25.2,28.25,24.9,26.73,25.0,1.73,6.92,37921.72,100785.68
301171.SZ,20240401,17.63,18.1,17.6,17.84,17.5,0.34,1.9429,232831.45,415100.488
301172.SZ,20240401,31.98,32.85,31.98,32.76,32.1,0.66,2.0561,14880.92,48534.217
301175.SZ,20240401,4.8,4.92,4.8,4.92,4.83,0.09,1.8634,131366.99,64134.496
301176.SZ,20240401,12.23,12.75,12.21,12.74,12.23,0.51,4.1701,12087.65,15184.076
301177.SZ,20240401,24.53,26.48,24.52,25.76,24.53,1.23,5.0143,21463.7,54893.212
301178.SZ,20240401,23.2,23.68,23.0,23.67,23.32,0.35,1.5009,17696.46,41391.674
301179.SZ,20240401,22.2,22.47,21.92,22.4,21.99,0.41,1.8645,15128.78,33704.272
301180.SZ,20240401,13.9,14.4,13.9,14.4,13.88,0.52,3.7464,21272.0,30327.664
301181.SZ,20240401,23.64,23.79,23.24,23.51,23.37,0.14,0.5991,17647.5,41446.497
301182.SZ,20240401,17.06,17.79,17.03,17.56,17.06,0.5,2.9308,12589.0,21956.059
301183.SZ,20240401,52.62,53.33,51.67,52.87,53.59,-0.72,-1.3435,88744.08,466577.931
301185.SZ,20240401,20.08,20.55,19.85,20.47,20.17,0.3,1.4874,71580.6,144585.87
301186.SZ,20240401,38.09,41.6,37.58,40.29,38.56,1.73,4.4865,60512.68,240828.613
301187.SZ,20240401,18.68,19.22,18.54,19.21,18.53,0.68,3.6697,36306.35,68724.341
301188.SZ,20240401,16.9,17.73,16.7,17.6,16.88,0.72,4.2654,25282.38,43904.94
301189.SZ,20240401,23.1,23.5,23.06,23.46,23.02,0.44,1.9114,9367.27,21807.542
301190.SZ,20240401,16.11,17.17,16.1,16.88,16.14,0.74,4.5849,21270.66,35609.003
301191.SZ,20240401,86.35,94.42,86.0,90.63,86.93,3.7,4.2563,25193.87,229319.528
301192.SZ,20240401,16.42,17.15,16.16,16.86,16.47,0.39,2.3679,25580.12,42622.247
301193.SZ,20240401,17.66,18.12,17.52,18.1,17.45,0.65,3.7249,5259.09,9415.491
301195.SZ,20240401,40.73,42.0,40.56,41.0,40.55,0.45,1.1097,8743.0,35984.074
301196.SZ,20240401,29.72,30.14,29.6,30.1,29.72,0.38,1.2786,7538.07,22599.111
301197.SZ,20240401,13.78,14.25,13.67,14.22,13.7,0.52,3.7956,18685.35,26269.566
301198.SZ,20240401,9.45,9.68,9.38,9.67,9.27,0.4,4.315,49410.2,47074.0
301199.SZ,20240401,22.78,23.45,22.78,23.45,22.78,0.67,2.9412,20051.14,46592.685
301200.SZ,20240401,32.82,34.88,32.82,34.68,32.97,1.71,5.1865,12403.85,42664.611
301201.SZ,20240401,20.97,21.03,20.43,21.03,20.33,0.7,3.4432,18087.73,37503.674
301202.SZ,20240401,34.98,35.2,34.14,34.44,34.5,-0.06,-0.1739,61794.98,213558.731
301203.SZ,20240401,32.25,33.3,31.8,33.18,32.18,1.0,3.1075,12266.98,40287.157
301205.SZ,20240401,93.97,97.68,93.76,96.3,94.2,2.1,2.2293,43831.88,420862.176
301206.SZ,20240401,24.32,24.89,24.32,24.85,24.37,0.48,1.9696,8627.32,21325.255
301207.SZ,20240401,24.0,24.35,23.25,24.33,23.88,0.45,1.8844,40250.08,96575.542
301208.SZ,20240401,33.72,34.69,33.72,34.64,33.65,0.99,2.9421,16114.57,55178.824
301209.SZ,20240401,19.05,20.28,18.99,20.19,18.99,1.2,6.3191,14834.0,29379.929
301210.SZ,20240401,38.03,39.31,37.18,38.28,38.19,0.09,0.2357,23995.68,91717.755
301211.SZ,20240401,17.86,18.3,17.82,18.3,17.8,0.5,2.809,29374.48,53114.253
301212.SZ,20240401,20.46,21.25,20.45,21.18,20.36,0.82,4.0275,11061.76,23185.102
301213.SZ,20240401,33.5,34.83,32.92,34.19,33.4,0.79,2.3653,17976.42,60593.408
301215.SZ,20240401,5.55,5.63,5.5,5.6,5.53,0.07,1.2658,109056.68,60892.996
301216.SZ,20240401,12.17,12.64,12.17,12.64,12.23,0.41,3.3524,44206.82,55155.209
301217.SZ,20240401,10.97,11.49,10.93,11.32,10.81,0.51,4.7179,97517.91,110330.574
301218.SZ,20240401,25.28,26.29,25.02,26.15,24.99,1.16,4.6419,41216.06,106231.246
301219.SZ,20240401,36.8,43.0,36.71,42.35,36.52,5.83,15.9639,105749.24,437328.74
301220.SZ,20240401,27.95,28.45,27.95,28.41,27.95,0.46,1.6458,5846.54,16500.073
301221.SZ,20240401,47.8,48.64,46.97,47.08,47.2,-0.12,-0.2542,55914.2,267666.198
301222.SZ,20240401,22.8,23.38,22.8,23.37,22.74,0.63,2.7704,9555.0,22165.79
301223.SZ,20240401,15.8,16.09,15.8,16.08,15.74,0.34,2.1601,7885.22,12621.804
301225.SZ,20240401,28.61,29.28,28.5,29.03,28.38,0.65,2.2903,10943.81,31663.926
301226.SZ,20240401,17.73,18.17,17.61,18.11,17.73,0.38,2.1433,19974.07,35766.614
301227.SZ,20240401,26.48,27.1,26.48,26.91,26.39,0.52,1.9704,5086.4,13647.076
301228.SZ,20240401,15.2,15.82,14.65,15.65,15.09,0.56,3.7111,159760.75,244113.949
301229.SZ,20240401,33.5,35.3,32.73,34.39,33.28,1.11,3.3353,43155.32,147223.965
301230.SZ,20240401,41.0,43.1,40.62,42.49,41.1,1.39,3.382,67886.63,284043.153
301231.SZ,20240401,21.36,22.58,21.28,22.33,21.26,1.07,5.0329,58429.57,128656.055
301232.SZ,20240401,50.4,50.48,46.8,47.95,49.86,-1.91,-3.8307,49524.06,236871.948
301233.SZ,20240401,41.62,43.48,41.0,42.2,42.2,0.0,0.0,41045.69,173302.455
301234.SZ,20240401,26.39,27.16,26.38,27.16,26.4,0.76,2.8788,13536.0,36332.247
301235.SZ,20240401,22.15,22.42,21.92,22.31,22.2,0.11,0.4955,38633.37,85572.756
301236.SZ,20240401,47.01,47.88,46.59,47.55,46.48,1.07,2.3021,436059.79,2064835.481
301237.SZ,20240401,24.08,24.75,23.6,24.46,23.7,0.76,3.2068,16961.93,41120.218
301238.SZ,20240401,17.5,18.5,17.4,18.29,17.25,1.04,6.029,194685.76,354441.45
301239.SZ,20240401,55.25,58.49,55.2,57.94,55.21,2.73,4.9448,30986.89,176102.287
301246.SZ,20240401,17.25,18.07,17.21,18.04,17.2,0.84,4.8837,88964.9,157574.816
301248.SZ,20240401,15.65,16.1,15.54,15.88,16.1,-0.22,-1.3665,116147.1,183673.006
301251.SZ,20240401,30.78,31.65,30.77,31.36,30.77,0.59,1.9175,20870.26,65261.369
301252.SZ,20240401,37.12,38.17,37.12,37.92,37.1,0.82,2.2102,12552.01,47455.67
301255.SZ,20240401,35.35,36.17,35.35,36.05,35.58,0.47,1.321,12967.2,46535.698
301256.SZ,20240401,7.25,7.33,7.18,7.33,7.19,0.14,1.9471,44777.94,32530.994
301257.SZ,20240401,49.54,51.79,49.33,51.78,49.35,2.43,4.924,9679.29,48962.162
301258.SZ,20240401,25.56,26.22,25.56,26.22,25.48,0.74,2.9042,9415.61,24437.63
301259.SZ,20240401,23.35,23.5,23.05,23.28,23.35,-0.07,-0.2998,14049.46,32677.411
301260.SZ,20240401,12.53,13.3,12.44,13.15,12.4,0.75,6.0484,54435.34,70508.491
301261.SZ,20240401,46.66,47.93,46.66,47.45,46.9,0.55,1.1727,9560.94,45261.302
301262.SZ,20240401,29.23,30.4,29.11,30.38,29.18,1.2,4.1124,52443.23,156766.664
301263.SZ,20240401,13.55,13.73,13.51,13.71,13.56,0.15,1.1062,28021.6,38183.331
301265.SZ,20240401,10.62,10.92,10.45,10.74,10.72,0.02,0.1866,81858.38,87487.16
301266.SZ,20240401,45.39,46.9,45.02,46.31,45.37,0.94,2.0719,30246.82,139169.864
301267.SZ,20240401,26.0,27.36,25.9,27.3,25.86,1.44,5.5684,57063.88,152702.223
301268.SZ,20240401,24.99,25.79,24.71,25.23,24.45,0.78,3.1902,63819.92,161055.92
301269.SZ,20240401,85.37,85.37,82.1,82.96,83.7,-0.74,-0.8841,22570.67,187081.003
301270.SZ,20240401,30.43,31.19,30.43,31.09,30.43,0.66,2.1689,22718.15,70049.28
301272.SZ,20240401,41.0,42.4,41.0,42.29,41.08,1.21,2.9455,4445.63,18602.904
301273.SZ,20240401,19.55,20.0,19.14,19.93,19.55,0.38,1.9437,12265.09,24011.027
301276.SZ,20240401,20.03,20.42,19.96,20.4,19.95,0.45,2.2556,6753.96,13675.486
301277.SZ,20240401,18.67,19.29,18.38,19.18,18.78,0.4,2.1299,62566.06,117695.768
301278.SZ,20240401,40.26,42.19,40.13,41.98,40.04,1.94,4.8452,14387.58,59413.144
301279.SZ,20240401,18.45,18.85,18.2,18.82,18.19,0.63,3.4634,11137.03,20656.558
301280.SZ,20240401,39.01,41.25,39.01,41.09,39.24,1.85,4.7146,31052.07,125243.765
301281.SZ,20240401,28.72,29.97,28.72,29.72,28.97,0.75,2.5889,20673.4,60737.077
301282.SZ,20240401,18.67,19.38,18.66,19.33,18.67,0.66,3.5351,24820.0,47313.035
301283.SZ,20240401,29.9,30.45,29.65,30.45,29.94,0.51,1.7034,8867.26,26730.829
301285.SZ,20240401,23.4,24.51,23.4,24.21,23.3,0.91,3.9056,59957.8,144638.877
301286.SZ,20240401,30.45,30.45,29.61,30.31,30.0,0.31,1.0333,6706.55,20238.542
301287.SZ,20240401,28.82,29.66,28.82,29.66,28.85,0.81,2.8076,6856.0,20145.938
301288.SZ,20240401,16.28,16.58,15.9,16.45,16.39,0.06,0.3661,58982.13,95887.523
301289.SZ,20240401,46.26,46.95,45.78,46.16,46.22,-0.06,-0.1298,20362.31,94067.388
301290.SZ,20240401,22.26,22.88,22.13,22.87,22.1,0.77,3.4842,9835.25,22202.598
301291.SZ,20240401,33.97,34.44,33.6,33.85,33.97,-0.12,-0.3533,24764.16,83823.181
301292.SZ,20240401,16.15,17.11,16.15,17.09,16.14,0.95,5.886,59068.77,99081.538
301293.SZ,20240401,63.79,64.8,63.4,64.6,63.8,0.8,1.2539,18554.36,119296.445
301295.SZ,20240401,25.76,26.41,25.76,26.38,25.8,0.58,2.2481,8129.11,21299.698
301296.SZ,20240401,8.63,8.9,8.6,8.9,8.65,0.25,2.8902,35629.57,31376.186
301297.SZ,20240401,23.18,23.83,23.05,23.4,23.23,0.17,0.7318,93077.89,217804.153
301298.SZ,20240401,14.85,15.27,14.85,15.01,14.84,0.17,1.1456,36778.12,55411.966
301299.SZ,20240401,46.9,48.99,46.15,48.35,46.46,1.89,4.068,26629.4,126171.571
301300.SZ,20240401,24.51,24.75,24.12,24.54,24.08,0.46,1.9103,8056.15,19624.332
301301.SZ,20240401,9.21,9.54,9.15,9.54,9.2,0.34,3.6957,116538.29,109023.785
301302.SZ,20240401,21.17,21.96,20.9,21.68,21.05,0.63,2.9929,71449.18,152843.176
301303.SZ,20240401,17.03,17.4,17.0,17.39,16.89,0.5,2.9603,15821.05,27254.08
301305.SZ,20240401,16.24,16.48,16.19,16.46,16.26,0.2,1.23,10971.52,17965.432
301306.SZ,20240401,34.6,35.24,33.65,34.73,34.43,0.3,0.8713,44061.41,151446.863
301307.SZ,20240401,28.67,29.71,28.35,29.47,29.21,0.26,0.8901,56158.42,164006.935
301308.SZ,20240401,93.0,96.8,92.57,95.67,93.35,2.32,2.4853,55854.06,530458.027
301309.SZ,20240401,23.78,24.16,23.69,24.11,23.73,0.38,1.6013,5491.63,13141.856
301310.SZ,20240401,38.07,39.39,38.07,39.19,38.06,1.13,2.969,10244.71,39885.934
301311.SZ,20240401,20.36,20.6,20.12,20.49,20.38,0.11,0.5397,47804.85,97362.221
301312.SZ,20240401,61.52,62.87,61.52,62.59,61.27,1.32,2.1544,7991.66,49788.399
301313.SZ,20240401,27.23,28.0,27.05,27.8,27.8,0.0,0.0,64449.42,177538.028
301314.SZ,20240401,34.52,35.18,34.05,35.04,34.55,0.49,1.4182,7007.08,24396.389
301315.SZ,20240401,56.08,56.98,55.62,56.62,56.11,0.51,0.9089,16083.25,90584.579
301316.SZ,20240401,20.41,20.51,19.7,19.94,20.09,-0.15,-0.7466,114181.16,228430.674
301317.SZ,20240401,18.5,18.93,18.27,18.91,18.26,0.65,3.5597,7645.0,14339.754
301318.SZ,20240401,48.0,48.68,47.58,48.62,48.4,0.22,0.4545,34983.02,168489.453
301319.SZ,20240401,48.47,50.3,48.3,49.33,48.2,1.13,2.3444,6777.29,33310.683
301320.SZ,20240401,15.92,16.69,15.92,16.63,15.92,0.71,4.4598,31179.53,51130.329
301321.SZ,20240401,14.7,15.5,14.7,15.37,14.63,0.74,5.0581,59366.99,90008.395
301322.SZ,20240401,32.47,33.29,32.47,33.29,32.36,0.93,2.8739,6342.06,20939.303
301323.SZ,20240401,33.42,34.95,33.26,34.77,33.72,1.05,3.1139,24237.83,83039.337
301325.SZ,20240401,69.31,70.88,69.1,69.73,69.2,0.53,0.7659,12992.03,90665.076
301326.SZ,20240401,26.29,27.78,26.29,27.78,26.29,1.49,5.6676,12641.9,34487.56
301327.SZ,20240401,61.21,62.5,61.0,61.54,61.08,0.46,0.7531,7382.33,45542.625
301328.SZ,20240401,43.43,44.4,42.51,43.74,42.98,0.76,1.7683,22261.77,96698.721
301329.SZ,20240401,19.6,20.15,19.39,20.0,19.87,0.13,0.6543,87545.09,172666.161
301330.SZ,20240401,27.15,27.83,27.11,27.81,27.01,0.8,2.9619,20814.42,57389.163
301331.SZ,20240401,35.53,36.29,35.37,36.29,35.53,0.76,2.139,5436.0,19521.35
301332.SZ,20240401,10.48,10.7,10.48,10.7,10.47,0.23,2.1968,33019.01,35072.375
301333.SZ,20240401,50.41,54.31,50.41,53.2,50.36,2.84,5.6394,20436.81,108809.177
301335.SZ,20240401,18.23,18.55,18.2,18.4,18.23,0.17,0.9325,10749.53,19746.323
301336.SZ,20240401,33.7,36.46,33.7,36.3,33.7,2.6,7.7151,8368.36,29607.875
301337.SZ,20240401,35.8,36.69,35.8,36.6,35.4,1.2,3.3898,26385.69,95719.283
301338.SZ,20240401,31.0,31.99,30.85,31.63,30.51,1.12,3.6709,45886.1,144631.707
301339.SZ,20240401,18.12,19.55,17.62,19.45,18.11,1.34,7.3992,187750.49,354087.03
301345.SZ,20240401,61.98,65.88,60.41,64.5,61.32,3.18,5.1859,13835.48,87545.042
301348.SZ,20240401,33.37,34.5,33.37,34.47,33.41,1.06,3.1727,32874.86,112038.161
301349.SZ,20240401,35.78,37.5,35.54,36.85,36.14,0.71,1.9646,33604.07,123568.777
301353.SZ,20240401,25.46,26.77,25.45,26.7,25.44,1.26,4.9528,13019.15,34370.285
301355.SZ,20240401,13.0,13.17,13.0,13.15,13.05,0.1,0.7663,21437.5,28054.008
301356.SZ,20240401,18.3,18.49,18.06,18.15,18.26,-0.11,-0.6024,15727.62,28633.089
301357.SZ,20240401,37.81,38.38,37.5,38.3,37.81,0.49,1.296,13896.7,52757.385
301358.SZ,20240401,32.2,33.09,32.17,32.84,32.1,0.74,2.3053,89821.86,294530.094
301359.SZ,20240401,19.18,20.49,19.11,20.4,19.09,1.31,6.8622,25066.68,49713.727
301360.SZ,20240401,51.87,53.18,51.56,52.89,51.25,1.64,3.2,8317.19,43641.998
301361.SZ,20240401,19.13,19.58,19.02,19.57,19.13,0.44,2.3001,14315.0,27708.181
301362.SZ,20240401,34.4,35.95,34.31,35.91,34.35,1.56,4.5415,8826.23,31295.126
301363.SZ,20240401,25.07,26.3,25.0,25.95,24.88,1.07,4.3006,16924.08,43464.747
301365.SZ,20240401,12.05,12.25,12.01,12.16,12.05,0.11,0.9129,16804.93,20397.833
301366.SZ,20240401,28.59,29.03,28.32,28.75,28.64,0.11,0.3841,22232.99,63883.63
301367.SZ,20240401,86.9,88.52,86.9,88.48,86.85,1.63,1.8768,6931.2,60949.96
301368.SZ,20240401,49.87,50.2,48.55,50.11,49.49,0.62,1.2528,79537.51,392948.295
301369.SZ,20240401,50.88,51.99,50.88,51.46,50.79,0.67,1.3192,20215.51,103695.663
301370.SZ,20240401,14.15,14.24,14.0,14.15,14.19,-0.04,-0.2819,42223.9,59506.088
301371.SZ,20240401,31.3,34.42,31.3,33.75,31.01,2.74,8.8359,44671.7,148981.741
301372.SZ,20240401,35.5,36.48,34.82,36.35,35.49,0.86,2.4232,20499.05,73337.382
301373.SZ,20240401,25.53,26.23,25.51,26.23,25.6,0.63,2.4609,7824.13,20362.434
301376.SZ,20240401,24.91,26.42,24.86,26.13,24.84,1.29,5.1932,27287.19,70165.755
301377.SZ,20240401,19.29,20.01,19.2,19.92,19.23,0.69,3.5881,29005.67,57194.149
301378.SZ,20240401,36.27,37.09,36.0,36.93,35.87,1.06,2.9551,11860.0,43574.504
301379.SZ,20240401,23.27,26.47,23.26,25.38,23.26,2.12,9.1144,69256.3,174786.361
301380.SZ,20240401,39.02,39.58,38.31,39.23,38.68,0.55,1.4219,12371.35,48184.839
301381.SZ,20240401,25.26,26.26,25.26,26.2,25.3,0.9,3.5573,18184.76,47011.926
301382.SZ,20240401,30.11,30.78,30.07,30.71,30.11,0.6,1.9927,15007.99,45858.614
301383.SZ,20240401,37.35,38.74,37.35,38.65,37.24,1.41,3.7863,16281.36,62260.568
301386.SZ,20240401,20.92,21.38,20.92,21.36,20.9,0.46,2.201,11216.22,23797.283
301387.SZ,20240401,49.8,51.68,49.23,51.12,49.42,1.7,3.4399,10890.58,55329.571
301388.SZ,20240401,18.74,19.34,18.67,19.34,18.67,0.67,3.5886,15453.65,29461.514
301389.SZ,20240401,14.34,14.71,14.21,14.71,14.29,0.42,2.9391,46096.45,66769.491
301390.SZ,20240401,37.4,37.73,36.4,36.8,37.18,-0.38,-1.0221,13937.77,51456.17
301391.SZ,20240401,120.0,121.21,115.4,119.44,120.36,-0.92,-0.7644,12141.0,143318.446
301393.SZ,20240401,44.46,45.9,44.46,45.89,44.46,1.43,3.2164,14730.14,66759.454
301395.SZ,20240401,15.29,15.56,15.28,15.55,15.31,0.24,1.5676,10047.9,15547.085
301396.SZ,20240401,24.37,25.79,24.32,25.61,24.48,1.13,4.616,50260.6,125440.431
301397.SZ,20240401,38.07,38.8,37.76,38.55,38.07,0.48,1.2608,24777.57,94787.843
301398.SZ,20240401,56.57,56.8,54.36,56.59,55.81,0.78,1.3976,36121.9,201399.231
301399.SZ,20240401,34.48,35.41,34.48,35.06,34.21,0.85,2.4847,10115.22,35436.894
301408.SZ,20240401,12.02,12.3,12.02,12.28,11.97,0.31,2.5898,21660.59,26393.293
301413.SZ,20240401,57.8,58.83,56.39,57.24,57.98,-0.74,-1.2763,10669.79,61119.935
301418.SZ,20240401,40.59,41.62,40.59,41.5,40.51,0.99,2.4438,6956.15,28688.987
301419.SZ,20240401,33.4,33.4,32.1,32.93,33.03,-0.1,-0.3028,35489.21,115729.925
301421.SZ,20240401,45.75,47.07,45.0,46.6,45.57,1.03,2.2603,26213.88,121671.963
301428.SZ,20240401,29.99,30.2,29.61,30.2,29.8,0.4,1.3423,19209.2,57602.856
301429.SZ,20240401,14.91,15.33,14.84,15.3,14.92,0.38,2.5469,11238.46,17031.777
301439.SZ,20240401,13.91,14.21,13.86,13.91,13.91,0.0,0.0,39853.61,55543.37
301446.SZ,20240401,24.57,25.09,24.56,25.05,24.55,0.5,2.0367,8535.0,21245.887
301448.SZ,20240401,27.35,28.47,27.22,27.88,27.08,0.8,2.9542,26785.0,74755.245
301456.SZ,20240401,25.39,26.25,25.39,26.25,25.5,0.75,2.9412,13948.2,36240.077
301459.SZ,20240401,44.0,44.35,43.35,44.22,43.75,0.47,1.0743,6547.4,28764.841
301468.SZ,20240401,24.0,24.83,23.91,24.65,23.88,0.77,3.2245,7503.32,18378.892
301469.SZ,20240401,27.3,28.48,27.3,28.37,27.3,1.07,3.9194,24477.23,68585.494
301486.SZ,20240401,57.75,60.3,54.7,57.5,56.18,1.32,2.3496,94742.81,543019.19
301487.SZ,20240401,31.81,32.75,31.81,32.4,31.61,0.79,2.4992,39149.66,126809.121
301488.SZ,20240401,54.4,56.1,54.4,56.01,54.38,1.63,2.9974,25196.53,139927.47
301489.SZ,20240401,85.13,92.19,84.4,88.55,87.0,1.55,1.7816,53043.42,466046.43
301498.SZ,20240401,42.13,44.45,42.12,44.1,41.87,2.23,5.326,17604.36,76940.642
301499.SZ,20240401,27.0,28.88,27.0,28.81,27.37,1.44,5.2612,81768.52,228397.93
301500.SZ,20240401,20.06,23.63,20.0,22.77,19.69,3.08,15.6425,211236.69,475485.034
301502.SZ,20240401,41.53,42.26,41.24,41.85,41.53,0.32,0.7705,15855.16,66133.866
301503.SZ,20240401,29.52,30.27,29.52,30.04,29.59,0.45,1.5208,18550.21,55452.47
301505.SZ,20240401,27.92,30.33,27.74,29.97,28.32,1.65,5.8263,63759.42,186957.29
301507.SZ,20240401,12.5,12.93,12.5,12.91,12.41,0.5,4.029,35710.8,45567.019
301508.SZ,20240401,42.99,47.63,42.4,43.62,41.45,2.17,5.2352,254833.58,1120488.895
301509.SZ,20240401,59.2,60.34,59.18,60.17,59.17,1.0,1.69,12645.73,75597.616
301510.SZ,20240401,38.12,38.8,37.51,38.03,37.85,0.18,0.4756,42760.13,162673.665
301511.SZ,20240401,23.0,24.1,22.74,23.85,22.96,0.89,3.8763,115666.4,273643.286
301512.SZ,20240401,54.0,54.75,53.31,54.19,54.1,0.09,0.1664,9163.37,49398.825
301515.SZ,20240401,21.88,22.52,21.8,22.48,21.79,0.69,3.1666,17850.74,39735.401
301516.SZ,20240401,21.31,22.26,21.3,21.69,21.64,0.05,0.2311,104533.46,226872.441
301517.SZ,20240401,54.11,56.0,54.11,55.29,54.78,0.51,0.931,31145.44,170793.459
301518.SZ,20240401,18.61,19.9,18.45,19.52,18.63,0.89,4.7772,57020.92,108969.108
301519.SZ,20240401,16.43,16.84,16.16,16.83,16.48,0.35,2.1238,32071.05,53281.994
301520.SZ,20240401,50.15,50.67,49.83,50.5,49.99,0.51,1.0202,8909.15,44799.36
301525.SZ,20240401,63.21,64.39,63.21,64.3,63.15,1.15,1.8211,7286.22,46613.637
301526.SZ,20240401,4.45,4.58,4.44,4.56,4.41,0.15,3.4014,350845.44,158728.892
301528.SZ,20240401,56.2,56.97,55.44,56.7,55.33,1.37,2.4761,10855.31,61085.039
301529.SZ,20240401,32.41,33.87,32.17,33.55,32.44,1.11,3.4217,13828.11,46179.356
301533.SZ,20240401,31.0,31.5,30.85,31.25,31.45,-0.2,-0.6359,33538.44,104459.174
301536.SZ,20240401,43.02,46.87,42.54,43.6,41.72,1.88,4.5062,201605.59,893403.263
301538.SZ,20240401,82.45,85.48,82.08,84.3,81.85,2.45,2.9933,22093.71,185730.712
301548.SZ,20240401,48.87,50.08,48.87,49.88,48.82,1.06,2.1712,7462.93,36983.187
301550.SZ,20240401,32.0,33.33,31.98,33.2,32.19,1.01,3.1376,16576.99,54595.312
301555.SZ,20240401,33.18,34.2,32.5,34.08,32.62,1.46,4.4758,32533.05,108892.319
301558.SZ,20240401,10.7,10.95,10.67,10.95,10.66,0.29,2.7205,70992.29,77133.957
301559.SZ,20240401,16.38,16.85,16.35,16.82,16.29,0.53,3.2535,23038.09,38296.323
301566.SZ,20240401,17.87,18.17,17.79,18.13,17.8,0.33,1.8539,40268.16,72384.963
301567.SZ,20240401,51.19,51.55,49.68,51.03,51.96,-0.93,-1.7898,46900.73,236747.604
301568.SZ,20240401,39.66,40.97,38.91,40.44,38.88,1.56,4.0123,39854.06,159921.379
301577.SZ,20240401,56.13,57.58,55.5,56.72,56.15,0.57,1.0151,16840.28,95309.81
301578.SZ,20240401,52.74,53.4,52.49,53.22,52.85,0.37,0.7001,12488.26,66222.735
301588.SZ,20240401,27.74,28.3,27.72,28.19,27.69,0.5,1.8057,41451.86,116166.024
301589.SZ,20240401,449.33,464.2,443.58,462.0,451.56,10.44,2.312,4587.17,209305.312
301591.SZ,20240401,46.03,46.46,45.46,46.4,45.45,0.95,2.0902,22688.68,104596.857
302132.SZ,20240401,41.9,42.2,41.77,42.12,42.15,-0.03,-0.0712,50591.85,212346.02
