ts_code,trade_date,open,high,low,close,pre_close,change,pct_chg,vol,amount
300001.SZ,20241128,22.36,22.41,21.95,22.04,22.42,-0.38,-1.6949,147563.41,326625.175
300002.SZ,20241128,12.29,12.53,12.0,12.01,12.29,-0.28,-2.2783,741299.77,904327.569
300003.SZ,20241128,12.0,12.02,11.85,11.87,12.04,-0.17,-1.412,186949.41,223221.51
300004.SZ,20241128,6.69,6.95,6.64,6.76,6.69,0.07,1.0463,131642.62,88908.205
300005.SZ,20241128,7.88,8.04,7.78,7.79,7.85,-0.06,-0.7643,172200.0,136227.291
300006.SZ,20241128,5.9,6.24,5.41,5.44,5.82,-0.38,-6.5292,1277236.05,742646.671
300007.SZ,20241128,17.32,17.55,16.99,17.1,17.33,-0.23,-1.3272,105365.0,182169.037
300008.SZ,20241128,5.16,5.24,5.12,5.15,5.16,-0.01,-0.1938,596209.68,308944.778
300009.SZ,20241128,8.94,8.99,8.86,8.88,8.98,-0.1,-1.1136,121673.46,108599.281
300010.SZ,20241128,9.52,10.21,9.43,9.66,9.6,0.06,0.625,2243038.91,2187993.61
300011.SZ,20241128,8.42,8.57,8.28,8.31,8.41,-0.1,-1.1891,251874.44,212061.347
300012.SZ,20241128,13.43,13.52,13.28,13.3,13.35,-0.05,-0.3745,205314.82,274898.191
300013.SZ,20241128,3.96,4.04,3.84,3.88,3.97,-0.09,-2.267,171102.5,67096.302
300014.SZ,20241128,48.79,49.0,47.8,47.98,48.95,-0.97,-1.9816,191101.42,923037.729
300015.SZ,20241128,14.45,14.52,14.26,14.3,14.44,-0.14,-0.9695,617643.11,887635.88
300016.SZ,20241128,6.83,6.91,6.82,6.85,6.84,0.01,0.1462,82083.5,56394.034
300017.SZ,20241128,9.52,9.78,9.35,9.4,9.5,-0.1,-1.0526,1142804.87,1092891.753
300018.SZ,20241128,6.96,7.15,6.92,7.15,6.97,0.18,2.5825,265643.7,186975.37
300019.SZ,20241128,16.94,17.08,16.43,16.46,16.99,-0.53,-3.1195,212430.46,355666.13
300020.SZ,20241128,2.85,3.06,2.76,2.9,2.83,0.07,2.4735,1033910.93,303719.221
300021.SZ,20241128,4.22,4.38,4.22,4.34,4.24,0.1,2.3585,217375.22,93867.642
300022.SZ,20241128,4.74,4.95,4.74,4.88,4.76,0.12,2.521,184830.11,90106.1
300024.SZ,20241128,18.45,18.5,17.9,17.97,18.3,-0.33,-1.8033,713132.88,1293658.121
300025.SZ,20241128,13.78,14.38,12.36,12.4,13.12,-0.72,-5.4878,954734.18,1278663.519
300026.SZ,20241128,4.02,4.07,4.0,4.04,4.04,0.0,0.0,475363.0,192286.617
300027.SZ,20241128,3.28,3.78,3.28,3.37,3.22,0.15,4.6584,3995260.53,1389263.548
300029.SZ,20241128,6.08,6.26,6.03,6.15,6.07,0.08,1.318,50230.0,30957.757
300030.SZ,20241128,6.86,7.1,6.8,7.0,6.86,0.14,2.0408,181564.0,126442.789
300031.SZ,20241128,22.29,22.93,21.44,21.6,22.12,-0.52,-2.3508,555991.82,1224554.817
300032.SZ,20241128,5.14,5.42,5.14,5.31,5.16,0.15,2.907,425684.5,225546.052
300033.SZ,20241128,317.0,319.98,304.66,306.01,316.98,-10.97,-3.4608,237300.45,7407158.34
300034.SZ,20241128,16.5,16.68,16.29,16.32,16.51,-0.19,-1.1508,82526.59,135874.133
300035.SZ,20241128,15.77,16.29,15.65,15.95,15.75,0.2,1.2698,246060.48,392997.638
300036.SZ,20241128,18.26,18.52,17.93,17.96,18.28,-0.32,-1.7505,127256.75,231543.711
300037.SZ,20241128,41.88,42.83,41.03,41.25,42.06,-0.81,-1.9258,100540.3,421367.335
300039.SZ,20241128,6.59,6.72,6.58,6.62,6.63,-0.01,-0.1508,180444.2,120079.624
300040.SZ,20241128,6.91,7.17,6.85,6.93,6.98,-0.05,-0.7163,374765.18,261609.948
300041.SZ,20241128,8.73,8.84,8.7,8.72,8.76,-0.04,-0.4566,90809.49,79747.664
300042.SZ,20241128,21.9,22.47,21.67,21.79,22.03,-0.24,-1.0894,81387.41,178986.746
300043.SZ,20241128,4.86,5.11,4.68,4.68,5.16,-0.48,-9.3023,3118192.95,1510318.769
300044.SZ,20241128,7.01,7.19,6.97,6.98,6.96,0.02,0.2874,629234.2,446127.304
300045.SZ,20241128,24.6,24.95,24.08,24.1,24.62,-0.52,-2.1121,253589.7,621512.805
300046.SZ,20241128,39.55,41.0,39.1,39.51,39.73,-0.22,-0.5537,244925.71,982075.635
300047.SZ,20241128,13.55,13.97,13.38,13.38,13.44,-0.06,-0.4464,457709.67,623940.456
300048.SZ,20241128,5.17,5.21,5.1,5.12,5.18,-0.06,-1.1583,106441.6,54997.419
300049.SZ,20241128,38.3,38.32,37.31,37.41,38.12,-0.71,-1.8625,53149.0,200082.439
300050.SZ,20241128,6.88,6.92,6.66,6.69,6.89,-0.2,-2.9028,377464.6,255901.116
300051.SZ,20241128,8.72,9.03,8.59,8.64,8.73,-0.09,-1.0309,60939.0,53686.356
300052.SZ,20241128,20.2,20.98,19.93,20.02,20.14,-0.12,-0.5958,242813.71,495206.707
300053.SZ,20241128,14.98,15.53,14.9,15.03,14.94,0.09,0.6024,388665.76,592041.682
300054.SZ,20241128,27.2,27.34,26.73,26.82,27.31,-0.49,-1.7942,108330.49,293030.598
300055.SZ,20241128,5.57,5.82,5.55,5.71,5.58,0.13,2.3297,190091.12,108865.661
300056.SZ,20241128,13.2,15.16,13.2,14.5,13.19,1.31,9.9318,460608.31,661365.04
300057.SZ,20241128,5.53,5.62,5.48,5.48,5.57,-0.09,-1.6158,206816.4,114713.931
300058.SZ,20241128,10.5,11.19,10.1,10.4,10.72,-0.32,-2.9851,4518876.95,4765341.916
300059.SZ,20241128,26.41,26.54,25.74,25.78,26.41,-0.63,-2.3855,6177662.14,16111721.447
300061.SZ,20241128,13.94,16.43,13.9,15.99,13.69,2.3,16.8006,1139016.2,1795770.011
300062.SZ,20241128,5.84,5.92,5.79,5.81,5.84,-0.03,-0.5137,145870.0,85385.876
300063.SZ,20241128,9.98,10.8,9.98,10.46,10.06,0.4,3.9761,1313164.77,1366509.754
300065.SZ,20241128,9.11,9.25,9.07,9.08,9.11,-0.03,-0.3293,148775.36,136184.93
300066.SZ,20241128,4.43,4.51,4.39,4.43,4.41,0.02,0.4535,217169.98,96794.066
300067.SZ,20241128,5.55,6.04,5.54,5.75,5.6,0.15,2.6786,1095456.08,640496.732
300068.SZ,20241128,19.35,19.77,18.8,18.88,19.57,-0.69,-3.5258,709081.54,1358093.765
300069.SZ,20241128,15.31,15.8,15.15,15.42,15.23,0.19,1.2475,30856.0,47695.233
300070.SZ,20241128,5.67,5.84,5.66,5.8,5.7,0.1,1.7544,628667.88,363288.681
300071.SZ,20241128,4.68,4.94,4.61,4.62,4.57,0.05,1.0941,897209.0,426989.634
300072.SZ,20241128,4.23,5.08,4.23,4.8,4.23,0.57,13.4752,2713454.43,1303933.583
300073.SZ,20241128,45.55,45.96,44.77,44.8,45.66,-0.86,-1.8835,152609.17,692821.705
300074.SZ,20241128,4.94,5.05,4.86,4.87,4.93,-0.06,-1.217,317354.97,156583.437
300075.SZ,20241128,17.89,18.52,17.7,17.76,17.66,0.1,0.5663,267175.47,483902.123
300076.SZ,20241128,7.25,7.38,7.0,7.03,7.21,-0.18,-2.4965,334647.36,238441.85
300077.SZ,20241128,28.74,30.12,28.3,28.92,28.54,0.38,1.3315,945443.8,2777287.826
300078.SZ,20241128,3.82,3.88,3.72,3.74,3.88,-0.14,-3.6082,726513.41,275673.819
300079.SZ,20241128,6.18,6.48,6.11,6.16,6.18,-0.02,-0.3236,840693.84,527077.925
300080.SZ,20241128,4.82,4.97,4.79,4.87,4.81,0.06,1.2474,249881.91,122640.283
300081.SZ,20241128,11.02,11.33,10.2,10.38,9.44,0.94,9.9576,2922804.55,3220727.628
300082.SZ,20241128,7.65,8.28,7.43,7.48,7.74,-0.26,-3.3592,434855.0,334250.348
300083.SZ,20241128,7.2,7.27,7.1,7.12,7.21,-0.09,-1.2483,291817.0,209512.084
300084.SZ,20241128,6.22,6.35,6.2,6.23,6.25,-0.02,-0.32,94958.2,59583.408
300085.SZ,20241128,48.6,52.5,48.01,49.2,48.3,0.9,1.8634,1034624.09,5233016.917
300086.SZ,20241128,5.19,5.76,5.19,5.42,5.21,0.21,4.0307,466037.15,254124.358
300087.SZ,20241128,10.77,11.44,10.7,11.35,10.79,0.56,5.19,705824.29,791789.319
300088.SZ,20241128,6.83,6.89,6.74,6.77,6.82,-0.05,-0.7331,608459.3,414203.885
300091.SZ,20241128,2.84,2.99,2.83,2.88,2.84,0.04,1.4085,624683.87,181660.902
300092.SZ,20241128,11.96,12.03,11.78,11.8,11.97,-0.17,-1.4202,55608.91,66171.626
300093.SZ,20241128,18.71,19.57,18.67,18.74,18.97,-0.23,-1.2124,152077.0,291252.73
300094.SZ,20241128,4.49,4.75,4.46,4.68,4.53,0.15,3.3113,1510322.42,698815.273
300095.SZ,20241128,7.07,7.28,7.0,7.14,7.05,0.09,1.2766,62030.0,44547.596
300096.SZ,20241128,3.51,3.65,3.51,3.57,3.53,0.04,1.1331,136633.0,48999.383
300097.SZ,20241128,8.11,8.11,7.81,7.85,8.11,-0.26,-3.2059,219318.31,174121.205
300098.SZ,20241128,5.99,6.04,5.84,5.86,5.97,-0.11,-1.8425,758895.26,452145.769
300099.SZ,20241128,6.51,6.84,6.46,6.71,6.54,0.17,2.5994,346585.28,231986.625
300100.SZ,20241128,19.65,19.94,19.37,19.38,19.64,-0.26,-1.3238,91302.0,178973.205
300101.SZ,20241128,23.66,24.24,23.05,23.13,23.87,-0.74,-3.1001,212921.88,504087.645
300102.SZ,20241128,11.1,11.45,10.99,11.08,11.13,-0.05,-0.4492,394208.0,441653.703
300103.SZ,20241128,7.17,7.44,7.12,7.23,7.17,0.06,0.8368,82072.0,59413.265
300105.SZ,20241128,7.08,7.23,7.08,7.12,7.09,0.03,0.4231,87790.8,62763.284
300106.SZ,20241128,9.89,10.36,9.85,10.14,9.99,0.15,1.5015,187745.0,190519.516
300107.SZ,20241128,10.82,11.33,10.75,10.99,10.82,0.17,1.5712,262278.0,291613.979
300108.SZ,20241128,2.4,2.59,2.38,2.39,2.62,-0.23,-8.7786,536853.24,131374.61
300109.SZ,20241128,14.63,15.3,14.6,15.01,14.64,0.37,2.5273,194863.71,290591.278
300110.SZ,20241128,3.81,3.93,3.8,3.88,3.82,0.06,1.5707,288752.85,112083.785
300111.SZ,20241128,3.32,3.66,3.3,3.49,3.32,0.17,5.1205,1118994.09,394823.24
300112.SZ,20241128,9.33,9.48,9.26,9.3,9.25,0.05,0.5405,128193.98,120021.252
300113.SZ,20241128,15.9,16.5,15.2,15.24,15.93,-0.69,-4.3315,567159.12,898099.381
300115.SZ,20241128,16.55,16.57,16.0,16.05,16.48,-0.43,-2.6092,406252.04,661355.757
300117.SZ,20241128,1.41,1.51,1.36,1.38,1.47,-0.09,-6.1224,1014475.03,143696.427
300118.SZ,20241128,14.33,15.3,14.09,14.48,14.3,0.18,1.2587,964356.31,1429682.23
300119.SZ,20241128,19.88,20.57,19.76,19.9,19.97,-0.07,-0.3505,98872.54,198898.651
300120.SZ,20241128,10.91,11.46,10.86,11.1,10.88,0.22,2.0221,480822.18,538188.568
300121.SZ,20241128,13.81,14.05,13.47,13.62,13.8,-0.18,-1.3043,188925.86,259437.513
300122.SZ,20241128,29.47,29.55,28.98,29.0,29.45,-0.45,-1.528,187645.84,548955.609
300123.SZ,20241128,6.84,7.05,6.8,6.85,6.84,0.01,0.1462,303041.84,208851.308
300124.SZ,20241128,59.02,59.27,57.79,58.3,59.02,-0.72,-1.2199,136982.92,800637.588
300125.SZ,20241128,6.33,6.61,6.25,6.48,6.56,-0.08,-1.2195,193949.32,124388.944
300126.SZ,20241128,5.9,6.03,5.85,5.95,5.85,0.1,1.7094,73407.0,43844.407
300127.SZ,20241128,31.8,32.78,30.72,30.95,32.47,-1.52,-4.6812,278967.5,886245.493
300128.SZ,20241128,5.61,6.23,5.52,5.98,5.32,0.66,12.406,1555249.56,922981.881
300129.SZ,20241128,7.93,8.19,7.81,7.85,7.97,-0.12,-1.5056,185430.0,148356.568
300130.SZ,20241128,25.23,25.97,24.42,24.51,24.24,0.27,1.1139,352278.05,887239.065
300132.SZ,20241128,5.0,5.12,4.97,5.07,5.0,0.07,1.4,103442.0,52549.65
300133.SZ,20241128,8.19,8.49,7.83,7.88,8.26,-0.38,-4.6005,1843800.64,1498669.695
300134.SZ,20241128,13.62,13.74,13.27,13.33,13.57,-0.24,-1.7686,131790.0,178032.795
300135.SZ,20241128,4.71,5.24,4.67,4.9,4.76,0.14,2.9412,923766.0,460530.112
300136.SZ,20241128,25.66,25.74,24.98,25.11,25.8,-0.69,-2.6744,309015.27,780954.152
300137.SZ,20241128,5.66,5.83,5.66,5.72,5.68,0.04,0.7042,77167.87,44434.379
300138.SZ,20241128,8.74,9.11,8.66,8.92,8.75,0.17,1.9429,107427.0,95991.873
300139.SZ,20241128,16.62,16.84,16.35,16.46,16.85,-0.39,-2.3145,197823.66,328860.97
300140.SZ,20241128,6.35,6.57,6.33,6.44,6.38,0.06,0.9404,155704.47,100576.173
300141.SZ,20241128,9.47,9.54,9.23,9.26,9.47,-0.21,-2.2175,57599.05,53916.871
300142.SZ,20241128,14.78,14.87,14.67,14.73,14.8,-0.07,-0.473,164520.66,243124.069
300143.SZ,20241128,9.88,10.07,9.81,9.86,9.88,-0.02,-0.2024,47200.0,46852.964
300144.SZ,20241128,9.38,9.65,9.35,9.35,9.38,-0.03,-0.3198,361771.16,343256.135
300145.SZ,20241128,3.3,3.41,3.28,3.34,3.3,0.04,1.2121,459384.48,154484.185
300146.SZ,20241128,12.5,12.58,12.32,12.38,12.5,-0.12,-0.96,144841.0,180285.382
300147.SZ,20241128,12.45,12.9,12.4,12.43,12.59,-0.16,-1.2708,377149.99,475924.643
300148.SZ,20241128,4.82,5.03,4.67,4.7,4.86,-0.16,-3.2922,1225789.11,588483.842
300149.SZ,20241128,6.62,6.81,6.62,6.75,6.66,0.09,1.3514,80523.0,54271.682
300150.SZ,20241128,4.72,4.84,4.72,4.78,4.67,0.11,2.3555,198417.02,95263.881
300151.SZ,20241128,20.64,20.79,19.83,19.91,20.65,-0.74,-3.5835,82096.99,165624.666
300152.SZ,20241128,6.23,6.9,6.21,6.51,6.21,0.3,4.8309,1087352.89,714461.905
300153.SZ,20241128,8.05,8.23,8.02,8.12,8.04,0.08,0.995,78813.36,64090.526
300154.SZ,20241128,6.97,7.08,6.91,7.04,6.98,0.06,0.8596,54681.74,38414.161
300155.SZ,20241128,5.3,5.62,5.25,5.44,5.28,0.16,3.0303,314209.47,171173.656
300157.SZ,20241128,3.22,3.4,3.2,3.35,3.25,0.1,3.0769,335073.71,112155.211
300158.SZ,20241128,4.92,5.05,4.92,5.01,4.94,0.07,1.417,265208.0,132653.343
300159.SZ,20241128,3.68,3.78,3.62,3.66,3.66,0.0,0.0,854284.83,316059.702
300160.SZ,20241128,5.88,5.96,5.86,5.88,5.87,0.01,0.1704,119257.0,70607.064
300161.SZ,20241128,27.74,28.38,27.5,27.58,27.66,-0.08,-0.2892,54642.71,153058.678
300162.SZ,20241128,7.81,9.42,7.81,8.78,7.85,0.93,11.8471,1063544.44,941321.144
300163.SZ,20241128,2.33,2.44,2.31,2.38,2.34,0.04,1.7094,198987.0,47418.789
300164.SZ,20241128,4.59,4.66,4.55,4.59,4.59,0.0,0.0,285534.24,131814.607
300165.SZ,20241128,3.84,3.99,3.84,3.94,3.85,0.09,2.3377,198204.76,78050.844
300166.SZ,20241128,11.02,11.83,10.7,10.74,11.02,-0.28,-2.5408,2013512.21,2264503.579
300167.SZ,20241128,2.15,2.43,2.15,2.32,2.15,0.17,7.907,348852.0,79037.116
300168.SZ,20241128,9.07,9.23,8.82,8.87,9.12,-0.25,-2.7412,608203.18,548935.481
300169.SZ,20241128,8.91,9.05,8.84,8.86,8.97,-0.11,-1.2263,205006.42,183020.284
300170.SZ,20241128,9.5,9.69,9.37,9.4,9.49,-0.09,-0.9484,399492.34,378983.144
300171.SZ,20241128,12.83,15.0,12.74,13.89,12.84,1.05,8.1776,377032.54,528998.601
300172.SZ,20241128,5.45,5.67,5.44,5.57,5.46,0.11,2.0147,355037.05,198239.12
300173.SZ,20241128,8.0,9.11,8.0,8.88,7.59,1.29,16.996,2919560.08,2579828.047
300174.SZ,20241128,17.78,18.38,17.65,17.72,17.65,0.07,0.3966,94348.0,170180.86
300175.SZ,20241128,6.78,7.12,6.75,6.91,6.79,0.12,1.7673,278292.45,192894.902
300176.SZ,20241128,7.8,8.08,7.74,7.92,7.82,0.1,1.2788,231630.4,184005.781
300177.SZ,20241128,12.34,12.76,12.22,12.24,12.4,-0.16,-1.2903,541982.9,673234.561
300179.SZ,20241128,8.8,8.85,8.47,8.52,8.73,-0.21,-2.4055,186920.09,161300.614
300180.SZ,20241128,7.5,7.72,7.35,7.36,7.41,-0.05,-0.6748,756610.41,570249.398
300181.SZ,20241128,16.9,17.07,16.65,16.7,16.86,-0.16,-0.949,103960.0,175098.13
300182.SZ,20241128,6.5,6.62,6.24,6.25,6.51,-0.26,-3.9939,2795070.07,1788001.346
300183.SZ,20241128,16.68,16.75,16.31,16.38,16.67,-0.29,-1.7397,64606.0,106819.277
300184.SZ,20241128,10.55,10.65,10.34,10.36,10.53,-0.17,-1.6144,628238.67,658716.875
300185.SZ,20241128,2.77,2.84,2.75,2.81,2.77,0.04,1.444,867907.5,244093.594
300187.SZ,20241128,5.45,5.7,5.43,5.63,5.44,0.19,3.4926,157038.44,87887.639
300188.SZ,20241128,15.12,15.36,14.74,14.82,15.13,-0.31,-2.0489,181724.68,273491.22
300189.SZ,20241128,3.7,4.07,3.69,3.99,3.74,0.25,6.6845,1834229.52,722592.531
300190.SZ,20241128,3.84,4.18,3.82,4.05,3.84,0.21,5.4688,308325.64,124559.233
300191.SZ,20241128,13.91,14.18,13.81,13.94,13.91,0.03,0.2157,41731.2,58545.603
300192.SZ,20241128,14.43,14.67,14.02,14.09,14.56,-0.47,-3.228,175453.43,250761.529
300193.SZ,20241128,9.16,9.42,9.13,9.27,9.17,0.1,1.0905,119573.13,111238.56
300194.SZ,20241128,4.98,5.04,4.95,4.98,4.97,0.01,0.2012,311438.25,155618.676
300195.SZ,20241128,6.11,6.35,6.09,6.21,6.16,0.05,0.8117,278953.01,173900.171
300196.SZ,20241128,11.7,12.37,11.48,11.58,11.45,0.13,1.1354,100564.98,118629.679
300197.SZ,20241128,2.43,2.54,2.4,2.48,2.41,0.07,2.9046,1282801.42,318966.566
300198.SZ,20241128,2.38,2.52,2.38,2.48,2.37,0.11,4.6414,665136.8,164384.394
300199.SZ,20241128,11.73,12.09,11.6,11.95,11.88,0.07,0.5892,362733.91,429669.108
300200.SZ,20241128,9.07,9.27,9.05,9.1,9.06,0.04,0.4415,86379.6,79135.115
300201.SZ,20241128,5.47,5.74,5.47,5.57,5.47,0.1,1.8282,591226.87,332544.241
300203.SZ,20241128,16.93,17.34,16.59,16.91,16.91,0.0,0.0,64601.0,109610.627
300204.SZ,20241128,8.44,9.0,8.38,8.72,8.51,0.21,2.4677,287965.43,249582.306
300205.SZ,20241128,5.52,5.71,5.52,5.59,5.53,0.06,1.085,93902.34,52842.404
300206.SZ,20241128,12.9,13.24,12.18,12.23,13.35,-1.12,-8.3895,499805.84,629754.265
300207.SZ,20241128,23.16,23.32,22.72,22.8,23.18,-0.38,-1.6393,264974.44,610864.403
300208.SZ,20241128,2.82,2.97,2.79,2.82,2.83,-0.01,-0.3534,168052.48,48202.872
300209.SZ,20241128,5.55,5.8,5.55,5.63,5.54,0.09,1.6245,96169.0,54611.434
300210.SZ,20241128,12.12,12.58,12.06,12.2,12.13,0.07,0.5771,187208.0,229868.168
300211.SZ,20241128,7.44,8.77,7.26,8.77,7.31,1.46,19.9726,224479.51,187403.298
300212.SZ,20241128,26.95,27.36,26.18,26.23,26.63,-0.4,-1.5021,190645.9,508786.3
300213.SZ,20241128,8.63,8.66,8.4,8.46,8.63,-0.17,-1.9699,291134.81,248003.326
300214.SZ,20241128,5.91,6.03,5.89,5.91,5.91,0.0,0.0,100134.0,59692.604
300215.SZ,20241128,6.31,6.47,6.29,6.38,6.32,0.06,0.9494,162044.78,103318.94
300217.SZ,20241128,6.16,6.36,5.97,5.98,6.3,-0.32,-5.0794,1830210.87,1129577.6
300218.SZ,20241128,15.77,15.87,15.57,15.61,15.73,-0.12,-0.7629,26095.88,40946.161
300219.SZ,20241128,7.78,8.06,7.69,7.97,7.78,0.19,2.4422,406646.53,321746.88
300220.SZ,20241128,20.33,23.93,19.03,21.88,20.03,1.85,9.2361,507302.74,1077787.879
300221.SZ,20241128,6.44,6.69,6.41,6.55,6.45,0.1,1.5504,448603.44,295994.13
300222.SZ,20241128,11.2,11.66,10.99,10.99,11.39,-0.4,-3.5119,906716.0,1024121.899
300223.SZ,20241128,68.01,69.26,67.42,67.54,68.66,-1.12,-1.6312,91182.8,623190.058
300224.SZ,20241128,12.75,12.86,12.51,12.54,12.85,-0.31,-2.4125,251140.41,318425.003
300225.SZ,20241128,7.04,7.17,7.03,7.09,7.07,0.02,0.2829,58130.0,41374.36
300226.SZ,20241128,24.65,25.14,24.03,24.08,24.45,-0.37,-1.5133,131690.08,322587.049
300227.SZ,20241128,9.26,9.7,9.14,9.46,9.19,0.27,2.938,305334.56,289653.058
300228.SZ,20241128,7.44,7.58,7.41,7.49,7.47,0.02,0.2677,298887.2,224849.216
300229.SZ,20241128,20.0,20.7,19.16,19.22,20.34,-1.12,-5.5064,921008.83,1826277.336
300230.SZ,20241128,4.76,4.87,4.75,4.77,4.78,-0.01,-0.2092,189560.97,91017.586
300231.SZ,20241128,12.83,13.5,12.63,12.68,12.76,-0.08,-0.627,526721.01,686943.561
300232.SZ,20241128,6.77,6.91,6.75,6.78,6.79,-0.01,-0.1473,195250.0,133208.402
300233.SZ,20241128,13.25,13.33,13.19,13.2,13.27,-0.07,-0.5275,57687.52,76470.998
300234.SZ,20241128,5.2,5.33,5.2,5.27,5.21,0.06,1.1516,105071.82,55514.103
300235.SZ,20241128,13.94,14.2,12.54,12.7,13.08,-0.38,-2.9052,677022.9,909415.112
300236.SZ,20241128,39.47,39.47,38.43,38.6,39.39,-0.79,-2.0056,45330.98,176686.191
300237.SZ,20241128,2.42,2.53,2.4,2.5,2.42,0.08,3.3058,765388.53,190848.731
300238.SZ,20241128,13.5,13.61,13.28,13.32,13.37,-0.05,-0.374,55127.0,74156.048
300239.SZ,20241128,5.56,5.74,5.54,5.69,5.55,0.14,2.5225,184069.02,104173.354
300240.SZ,20241128,8.2,8.79,7.88,7.92,8.11,-0.19,-2.3428,810459.51,668989.279
300241.SZ,20241128,5.6,5.89,5.57,5.69,5.6,0.09,1.6071,418356.85,240010.531
300242.SZ,20241128,4.87,5.75,4.84,5.05,4.84,0.21,4.3388,1154210.0,600863.335
300243.SZ,20241128,11.19,11.27,10.95,10.99,11.27,-0.28,-2.4845,125260.8,138547.324
300244.SZ,20241128,12.71,12.81,12.56,12.7,12.72,-0.02,-0.1572,125888.0,159854.207
300245.SZ,20241128,11.96,12.55,11.91,11.99,11.95,0.04,0.3347,367495.55,449592.913
300246.SZ,20241128,7.51,7.75,7.51,7.71,7.52,0.19,2.5266,125976.0,96640.002
300247.SZ,20241128,4.0,4.25,4.0,4.06,3.96,0.1,2.5253,337107.0,138529.681
300248.SZ,20241128,11.09,12.11,11.0,11.12,11.09,0.03,0.2705,315146.91,363110.317
300249.SZ,20241128,10.22,11.0,10.01,10.4,10.29,0.11,1.069,686743.48,721977.172
300250.SZ,20241128,15.71,16.24,15.6,15.65,15.79,-0.14,-0.8866,95702.98,152182.031
300251.SZ,20241128,8.74,9.13,8.65,8.67,8.76,-0.09,-1.0274,562133.94,497227.117
300252.SZ,20241128,9.2,9.3,9.03,9.08,9.2,-0.12,-1.3043,193689.6,177549.247
300253.SZ,20241128,7.83,8.03,7.74,7.75,7.87,-0.12,-1.5248,376634.96,296677.52
300254.SZ,20241128,9.3,9.51,9.28,9.37,9.33,0.04,0.4287,80598.79,75894.611
300255.SZ,20241128,19.2,19.72,18.9,19.08,19.22,-0.14,-0.7284,223631.4,428860.124
300256.SZ,20241128,4.52,4.65,4.49,4.5,4.55,-0.05,-1.0989,841189.5,384386.154
300257.SZ,20241128,9.37,9.44,9.33,9.33,9.37,-0.04,-0.4269,52234.02,49017.289
300258.SZ,20241128,9.08,9.49,9.02,9.21,9.07,0.14,1.5436,132533.46,122202.649
300259.SZ,20241128,3.7,3.78,3.68,3.75,3.7,0.05,1.3514,145547.12,54488.81
300260.SZ,20241128,27.78,28.13,27.4,27.41,27.85,-0.44,-1.5799,122403.8,340306.781
300261.SZ,20241128,7.87,8.17,7.86,7.98,7.89,0.09,1.1407,304462.27,244140.274
300263.SZ,20241128,7.31,7.41,7.27,7.3,7.35,-0.05,-0.6803,153276.0,112743.478
300264.SZ,20241128,7.03,7.4,6.67,6.78,7.13,-0.35,-4.9088,703848.72,489845.285
300265.SZ,20241128,8.49,8.66,8.45,8.53,8.49,0.04,0.4711,144732.0,123854.631
300266.SZ,20241128,3.09,3.29,3.07,3.24,3.08,0.16,5.1948,808491.58,258149.609
300267.SZ,20241128,3.08,3.25,3.06,3.2,3.09,0.11,3.5599,714904.42,227109.953
300268.SZ,20241128,7.88,8.34,7.85,8.15,7.94,0.21,2.6448,16381.03,13395.028
300269.SZ,20241128,4.64,5.0,4.62,4.8,4.67,0.13,2.7837,441926.89,213314.836
300270.SZ,20241128,7.62,7.95,7.61,7.74,7.63,0.11,1.4417,157462.0,122822.675
300271.SZ,20241128,7.85,8.04,7.8,7.84,7.8,0.04,0.5128,195446.22,154148.983
300272.SZ,20241128,6.43,6.88,6.42,6.67,6.43,0.24,3.7325,227783.9,151134.919
300274.SZ,20241128,81.19,81.97,80.31,80.32,81.7,-1.38,-1.6891,190838.36,1546792.514
300275.SZ,20241128,15.97,16.01,15.13,15.34,16.02,-0.68,-4.2447,174551.4,269556.85
300276.SZ,20241128,5.84,6.09,5.77,5.78,5.85,-0.07,-1.1966,1012461.0,596514.643
300277.SZ,20241128,13.14,13.38,12.73,12.78,13.14,-0.36,-2.7397,249942.76,326242.615
300278.SZ,20241128,6.33,6.48,6.06,6.11,6.16,-0.05,-0.8117,723968.31,456296.116
300279.SZ,20241128,7.1,7.25,6.93,7.07,7.15,-0.08,-1.1189,373420.6,263554.205
300280.SZ,20241128,17.6,18.49,17.58,18.11,17.52,0.59,3.3676,251244.0,454096.616
300281.SZ,20241128,6.52,6.77,6.5,6.66,6.56,0.1,1.5244,248118.86,165429.674
300283.SZ,20241128,6.5,6.62,6.43,6.55,6.46,0.09,1.3932,165334.15,108203.61
300284.SZ,20241128,11.52,11.93,11.36,11.5,11.43,0.07,0.6124,719057.25,840716.7
300285.SZ,20241128,18.68,18.72,18.11,18.17,18.56,-0.39,-2.1013,93545.17,171929.076
300286.SZ,20241128,19.51,19.51,19.02,19.06,19.4,-0.34,-1.7526,23168.0,44598.987
300287.SZ,20241128,4.82,4.92,4.79,4.8,4.78,0.02,0.4184,835332.0,405121.281
300288.SZ,20241128,15.86,16.18,15.45,15.59,15.8,-0.21,-1.3291,156534.62,246987.51
300289.SZ,20241128,5.43,5.62,5.4,5.55,5.45,0.1,1.8349,140031.85,77449.31
300290.SZ,20241128,23.69,25.21,23.69,24.4,23.58,0.82,3.4775,588360.93,1448266.954
300291.SZ,20241128,6.55,6.89,6.45,6.53,6.85,-0.32,-4.6715,1329286.02,883490.392
300292.SZ,20241128,5.3,5.38,5.18,5.22,5.29,-0.07,-1.3233,532735.0,281414.225
300293.SZ,20241128,26.91,27.58,26.5,26.53,26.98,-0.45,-1.6679,178841.51,483454.025
300294.SZ,20241128,31.34,31.44,30.72,30.8,31.38,-0.58,-1.8483,40874.5,126863.392
300295.SZ,20241128,19.22,20.38,19.22,19.79,19.53,0.26,1.3313,193720.51,387156.42
300296.SZ,20241128,5.3,5.52,5.26,5.35,5.32,0.03,0.5639,698298.18,376642.876
300298.SZ,20241128,24.34,24.6,23.93,24.35,24.33,0.02,0.0822,48024.52,116788.217
300299.SZ,20241128,6.6,6.85,6.33,6.46,6.88,-0.42,-6.1047,1234145.69,808769.835
300300.SZ,20241128,2.95,3.05,2.91,2.97,2.89,0.08,2.7682,271350.82,80757.787
300301.SZ,20241128,1.85,1.91,1.76,1.79,1.79,0.0,0.0,303009.33,55877.139
300302.SZ,20241128,15.91,16.39,15.91,16.03,15.96,0.07,0.4386,169020.0,272583.229
300303.SZ,20241128,6.71,6.8,6.63,6.67,6.71,-0.04,-0.5961,465752.89,312967.613
300304.SZ,20241128,8.7,8.98,8.45,8.49,8.61,-0.12,-1.3937,512219.75,445962.59
300305.SZ,20241128,6.26,6.57,6.26,6.36,6.26,0.1,1.5974,106556.1,68034.993
300306.SZ,20241128,11.99,12.23,11.99,12.08,12.02,0.06,0.4992,40128.0,48670.469
300307.SZ,20241128,7.68,7.78,7.57,7.59,7.7,-0.11,-1.4286,165282.0,127034.022
300308.SZ,20241128,127.42,127.89,124.3,124.79,128.69,-3.9,-3.0305,252411.52,3163033.242
300310.SZ,20241128,9.19,9.39,8.98,9.01,9.36,-0.35,-3.7393,932446.36,851702.04
300311.SZ,20241128,6.99,7.28,6.99,7.07,6.95,0.12,1.7266,333574.62,238226.92
300313.SZ,20241128,6.49,6.85,6.48,6.69,6.54,0.15,2.2936,69289.02,46317.38
300314.SZ,20241128,12.26,12.66,12.23,12.34,12.23,0.11,0.8994,56895.9,70692.229
300315.SZ,20241128,6.57,7.27,6.46,6.62,6.62,0.0,0.0,6303055.79,4292814.456
300316.SZ,20241128,34.79,35.05,34.04,34.08,34.8,-0.72,-2.069,114305.68,394892.674
300317.SZ,20241128,4.42,4.53,4.4,4.46,4.38,0.08,1.8265,336851.32,150491.713
300318.SZ,20241128,6.25,6.42,6.18,6.32,6.26,0.06,0.9585,133424.0,84164.224
300319.SZ,20241128,12.41,12.56,12.17,12.21,12.25,-0.04,-0.3265,247218.57,305721.222
300320.SZ,20241128,10.39,10.66,10.37,10.44,10.4,0.04,0.3846,139960.0,147342.345
300321.SZ,20241128,19.13,19.71,18.92,19.33,19.12,0.21,1.0983,21802.0,42238.011
300322.SZ,20241128,15.1,15.29,14.66,14.69,15.19,-0.5,-3.2916,280708.0,419990.652
300323.SZ,20241128,6.02,6.19,5.98,6.08,6.03,0.05,0.8292,245560.5,149234.834
300324.SZ,20241128,3.8,3.95,3.79,3.82,3.8,0.02,0.5263,874052.13,339048.585
300326.SZ,20241128,6.33,6.46,6.32,6.34,6.35,-0.01,-0.1575,152744.15,97309.866
300327.SZ,20241128,25.25,25.45,24.82,24.87,25.34,-0.47,-1.8548,90805.07,228318.149
300328.SZ,20241128,7.87,7.96,7.77,7.78,7.87,-0.09,-1.1436,192032.7,151288.706
300329.SZ,20241128,6.49,6.77,6.36,6.45,6.49,-0.04,-0.6163,198024.6,129077.397
300331.SZ,20241128,24.12,24.97,23.83,23.94,23.56,0.38,1.6129,174121.32,425931.018
300332.SZ,20241128,6.32,6.59,6.28,6.37,6.34,0.03,0.4732,212707.69,137530.251
300333.SZ,20241128,11.29,12.19,11.2,11.7,11.14,0.56,5.0269,492138.73,578868.351
300334.SZ,20241128,7.13,7.5,7.05,7.06,7.23,-0.17,-2.3513,180142.67,129518.157
300335.SZ,20241128,5.28,5.6,5.27,5.49,5.28,0.21,3.9773,319623.47,174791.932
300337.SZ,20241128,13.04,13.14,12.62,12.67,13.03,-0.36,-2.7629,480041.01,615220.821
300338.SZ,20241128,4.71,4.8,4.58,4.6,4.79,-0.19,-3.9666,207855.09,97167.217
300339.SZ,20241128,61.08,61.9,59.66,60.04,60.78,-0.74,-1.2175,715539.58,4339838.725
300340.SZ,20241128,12.1,12.37,11.86,11.9,12.35,-0.45,-3.6437,168273.61,203799.478
300341.SZ,20241128,20.84,22.86,20.73,21.33,20.36,0.97,4.7642,311855.04,678882.772
300342.SZ,20241128,19.1,19.48,18.73,18.8,19.1,-0.3,-1.5707,288059.0,549701.923
300343.SZ,20241128,6.78,7.05,6.65,6.66,6.75,-0.09,-1.3333,663680.26,450991.269
300344.SZ,20241128,6.04,6.66,5.67,5.89,6.11,-0.22,-3.6007,1086125.18,666848.305
300345.SZ,20241128,6.34,6.41,6.23,6.24,6.29,-0.05,-0.7949,91315.0,57785.538
300346.SZ,20241128,39.2,39.55,38.5,38.6,39.19,-0.59,-1.5055,187857.21,732056.575
300347.SZ,20241128,63.25,64.86,62.06,62.2,63.2,-1.0,-1.5823,65163.8,412075.167
300348.SZ,20241128,15.64,16.95,15.55,15.87,15.24,0.63,4.1339,830737.51,1354741.298
300349.SZ,20241128,13.17,13.33,13.11,13.12,13.23,-0.11,-0.8314,93711.6,123699.324
300350.SZ,20241128,6.95,6.95,6.45,6.46,6.47,-0.01,-0.1546,893866.79,598098.621
300351.SZ,20241128,18.53,18.62,18.03,18.12,18.63,-0.51,-2.7375,153041.43,280701.734
300352.SZ,20241128,6.0,6.15,5.86,5.89,5.96,-0.07,-1.1745,460861.5,276865.51
300353.SZ,20241128,13.39,14.43,13.29,13.85,13.39,0.46,3.4354,502844.3,701870.147
300354.SZ,20241128,34.28,34.29,33.48,33.65,34.38,-0.73,-2.1233,23148.0,78397.051
300355.SZ,20241128,6.04,6.3,5.93,6.1,6.07,0.03,0.4942,1616608.4,984388.645
300357.SZ,20241128,22.61,22.67,22.26,22.3,22.62,-0.32,-1.4147,39756.06,89236.255
300358.SZ,20241128,7.8,8.17,7.78,7.95,7.82,0.13,1.6624,193493.26,153919.868
300359.SZ,20241128,6.44,6.6,6.38,6.41,6.49,-0.08,-1.2327,284932.53,184795.385
300360.SZ,20241128,16.85,16.92,16.46,16.52,16.77,-0.25,-1.4908,87760.6,146727.972
300363.SZ,20241128,17.29,17.48,17.11,17.19,17.33,-0.14,-0.8078,66509.0,114852.584
300364.SZ,20241128,30.75,32.0,29.88,29.92,30.79,-0.87,-2.8256,1246858.48,3832601.535
300365.SZ,20241128,6.83,6.99,6.76,6.84,6.79,0.05,0.7364,384418.83,264848.279
300366.SZ,20241128,10.92,11.22,10.79,10.81,10.98,-0.17,-1.5483,259539.0,285312.775
300368.SZ,20241128,4.34,4.57,4.34,4.42,4.35,0.07,1.6092,174591.15,77869.357
300369.SZ,20241128,8.42,8.7,8.33,8.37,8.39,-0.02,-0.2384,231368.01,196801.233
300370.SZ,20241128,2.97,3.1,2.96,3.04,3.01,0.03,0.9967,735000.11,224007.026
300371.SZ,20241128,10.47,10.8,10.41,10.66,10.47,0.19,1.8147,52567.2,56094.941
300373.SZ,20241128,45.38,45.83,44.69,44.83,45.38,-0.55,-1.212,83626.12,378605.862
300374.SZ,20241128,19.75,20.25,19.61,19.7,19.92,-0.22,-1.1044,159104.88,317545.368
300375.SZ,20241128,5.0,5.2,4.96,5.1,4.95,0.15,3.0303,491306.9,251687.466
300376.SZ,20241128,3.6,3.76,3.59,3.68,3.61,0.07,1.9391,250448.5,92296.469
300377.SZ,20241128,32.08,33.33,30.65,31.2,32.3,-1.1,-3.4056,1792381.44,5731844.65
300378.SZ,20241128,27.85,28.6,26.0,26.29,28.03,-1.74,-6.2076,339626.48,923813.515
300379.SZ,20241128,18.9,19.49,18.32,18.39,18.93,-0.54,-2.8526,606398.66,1143466.413
300380.SZ,20241128,55.53,58.2,54.0,56.9,54.44,2.46,4.5187,206642.38,1168672.47
300381.SZ,20241128,7.6,7.75,7.58,7.64,7.62,0.02,0.2625,83566.0,64063.838
300382.SZ,20241128,10.52,11.2,10.51,10.61,10.74,-0.13,-1.2104,428390.35,465393.729
300383.SZ,20241128,11.18,11.55,11.14,11.18,11.13,0.05,0.4492,478533.01,544733.8
300384.SZ,20241128,16.4,17.96,16.4,16.93,16.51,0.42,2.5439,194707.6,335903.859
300385.SZ,20241128,5.23,5.51,5.23,5.47,5.24,0.23,4.3893,160247.38,86647.591
300386.SZ,20241128,15.76,16.64,15.5,15.55,15.38,0.17,1.1053,323972.56,519552.627
300387.SZ,20241128,8.28,9.9,8.27,9.34,8.25,1.09,13.2121,640286.18,600943.14
300388.SZ,20241128,8.11,9.33,8.06,8.85,7.84,1.01,12.8827,670746.99,583252.214
300389.SZ,20241128,11.92,12.3,11.73,12.04,11.85,0.19,1.6034,99346.88,119781.367
300390.SZ,20241128,27.0,27.16,26.5,26.59,27.15,-0.56,-2.0626,169940.32,455859.465
300391.SZ,20241128,6.78,7.03,6.78,6.82,6.91,-0.09,-1.3025,220762.05,151828.318
300393.SZ,20241128,7.28,7.54,7.28,7.38,7.34,0.04,0.545,208376.06,154692.009
300394.SZ,20241128,104.01,104.57,99.79,101.27,104.47,-3.2,-3.0631,183494.11,1861209.296
300395.SZ,20241128,41.16,43.55,41.16,42.1,40.42,1.68,4.1564,168182.68,713163.04
300396.SZ,20241128,16.13,16.77,16.1,16.5,16.21,0.29,1.789,77177.69,126866.86
300397.SZ,20241128,12.69,13.1,12.56,12.71,12.69,0.02,0.1576,155027.4,199188.652
300398.SZ,20241128,18.63,19.08,18.19,18.31,18.8,-0.49,-2.6064,398702.3,739266.254
300399.SZ,20241128,20.41,21.05,20.15,20.2,20.41,-0.21,-1.0289,114453.36,235537.395
300400.SZ,20241128,17.28,17.41,16.91,16.97,17.26,-0.29,-1.6802,59369.0,102025.482
300401.SZ,20241128,14.56,14.65,14.38,14.42,14.58,-0.16,-1.0974,111964.16,162634.225
300402.SZ,20241128,16.0,16.17,15.82,15.9,16.0,-0.1,-0.625,44324.0,71021.552
300403.SZ,20241128,9.22,9.27,8.98,9.04,9.22,-0.18,-1.9523,216709.6,197708.971
300404.SZ,20241128,8.99,9.11,8.93,8.94,9.0,-0.06,-0.6667,72634.27,65457.857
300405.SZ,20241128,5.26,5.43,5.23,5.31,5.3,0.01,0.1887,214400.29,114181.415
300406.SZ,20241128,14.33,14.39,14.15,14.23,14.38,-0.15,-1.0431,48730.22,69445.486
300407.SZ,20241128,11.37,11.43,11.07,11.13,11.37,-0.24,-2.1108,78325.0,87858.603
300408.SZ,20241128,36.23,36.78,35.95,36.34,36.28,0.06,0.1654,100485.53,365689.077
300409.SZ,20241128,17.33,17.83,16.51,16.53,17.2,-0.67,-3.8953,884366.63,1514455.643
300410.SZ,20241128,6.49,6.98,6.46,6.68,6.49,0.19,2.9276,175097.44,117334.598
300411.SZ,20241128,14.67,15.4,14.65,14.96,14.75,0.21,1.4237,258771.6,391578.717
300412.SZ,20241128,4.46,4.63,4.46,4.59,4.47,0.12,2.6846,225540.4,103080.395
300413.SZ,20241128,29.56,30.07,28.53,28.64,29.22,-0.58,-1.9849,214954.78,627338.813
300414.SZ,20241128,8.65,8.75,8.58,8.63,8.64,-0.01,-0.1157,56185.0,48717.448
300415.SZ,20241128,20.4,20.59,20.08,20.2,20.45,-0.25,-1.2225,64921.0,131395.627
300416.SZ,20241128,13.0,13.11,12.83,12.84,13.09,-0.25,-1.9099,113995.52,148116.2
300417.SZ,20241128,12.05,12.44,12.05,12.3,12.09,0.21,1.737,44485.0,54591.861
300418.SZ,20241128,44.45,46.45,43.33,44.05,44.89,-0.84,-1.8712,806510.23,3608386.402
300419.SZ,20241128,5.48,5.78,5.42,5.6,5.42,0.18,3.321,255648.0,143256.332
300420.SZ,20241128,3.18,3.26,3.16,3.21,3.18,0.03,0.9434,331580.76,106883.128
300421.SZ,20241128,11.88,12.13,11.74,11.78,12.02,-0.24,-1.9967,208927.09,248990.371
300422.SZ,20241128,5.05,5.31,5.02,5.27,5.07,0.2,3.9448,185397.22,97010.762
300423.SZ,20241128,8.04,8.65,8.03,8.34,8.07,0.27,3.3457,236682.03,200299.191
300424.SZ,20241128,18.05,18.44,17.88,17.9,17.99,-0.09,-0.5003,121514.73,220264.36
300425.SZ,20241128,5.51,5.73,5.5,5.64,5.52,0.12,2.1739,205538.91,116046.388
300426.SZ,20241128,10.76,11.25,10.41,10.54,10.8,-0.26,-2.4074,222701.51,240364.216
300427.SZ,20241128,6.89,7.05,6.82,6.84,6.94,-0.1,-1.4409,211459.75,145731.283
300428.SZ,20241128,17.76,17.98,17.63,17.64,17.87,-0.23,-1.2871,43759.01,78029.414
300429.SZ,20241128,14.42,14.84,14.35,14.39,14.55,-0.16,-1.0997,257340.95,375001.114
300430.SZ,20241128,15.25,15.48,14.96,15.02,15.34,-0.32,-2.086,120942.48,184458.977
300432.SZ,20241128,15.8,16.0,15.45,15.71,15.77,-0.06,-0.3805,369496.77,583364.163
300433.SZ,20241128,21.08,21.15,20.6,20.69,21.07,-0.38,-1.8035,269735.02,562527.284
300434.SZ,20241128,8.94,9.17,8.92,9.06,9.0,0.06,0.6667,64062.99,58174.398
300435.SZ,20241128,12.84,13.21,12.84,12.87,13.07,-0.2,-1.5302,84164.0,109338.671
300436.SZ,20241128,27.36,27.77,27.23,27.43,27.43,0.0,0.0,25751.15,70832.053
300437.SZ,20241128,11.19,11.51,11.18,11.2,11.36,-0.16,-1.4085,139662.31,158246.861
300438.SZ,20241128,32.95,33.27,32.16,32.24,33.18,-0.94,-2.833,150500.26,491315.476
300439.SZ,20241128,11.44,11.62,11.35,11.5,11.43,0.07,0.6124,79781.01,91680.083
300440.SZ,20241128,7.68,8.06,7.59,7.86,7.71,0.15,1.9455,396670.4,309513.315
300441.SZ,20241128,8.44,8.47,8.34,8.35,8.44,-0.09,-1.0664,95413.6,80113.576
300442.SZ,20241128,32.05,32.35,31.46,31.6,32.05,-0.45,-1.4041,114282.13,364047.53
300443.SZ,20241128,24.1,25.45,24.01,24.12,23.9,0.22,0.9205,89273.35,220974.451
300444.SZ,20241128,7.37,7.65,7.24,7.45,7.38,0.07,0.9485,459454.33,340977.416
300445.SZ,20241128,16.46,16.54,16.18,16.23,16.41,-0.18,-1.0969,28153.2,46143.183
300446.SZ,20241128,17.0,17.15,16.7,16.71,17.07,-0.36,-2.109,131463.5,222523.448
300447.SZ,20241128,14.2,14.35,14.02,14.07,14.21,-0.14,-0.9852,33769.05,47951.413
300448.SZ,20241128,7.37,7.9,7.35,7.45,7.37,0.08,1.0855,1016977.65,770248.503
300449.SZ,20241128,7.81,8.12,7.76,7.79,7.81,-0.02,-0.2561,158127.36,125898.583
300450.SZ,20241128,23.53,24.5,23.28,23.36,23.59,-0.23,-0.975,670130.09,1604348.923
300451.SZ,20241128,5.28,5.45,5.2,5.22,5.28,-0.06,-1.1364,727942.15,387867.388
300452.SZ,20241128,12.6,12.77,12.51,12.67,12.57,0.1,0.7955,35371.94,44787.6
300453.SZ,20241128,8.17,8.23,8.13,8.16,8.17,-0.01,-0.1224,38854.91,31798.707
300454.SZ,20241128,64.68,65.36,63.71,63.81,64.36,-0.55,-0.8546,32062.66,206851.438
300455.SZ,20241128,14.34,14.64,14.05,14.12,14.34,-0.22,-1.5342,157885.86,226121.996
300456.SZ,20241128,20.01,20.45,19.8,19.89,20.17,-0.28,-1.3882,296647.07,597419.332
300457.SZ,20241128,21.88,22.23,21.43,21.47,21.87,-0.4,-1.829,116864.58,254526.979
300458.SZ,20241128,34.85,35.72,34.51,34.85,34.9,-0.05,-0.1433,241095.5,849039.166
300459.SZ,20241128,7.87,8.11,7.08,7.13,7.68,-0.55,-7.1615,11864094.03,9051793.122
300460.SZ,20241128,13.93,14.21,13.81,13.81,14.01,-0.2,-1.4276,98042.0,137339.51
300461.SZ,20241128,21.67,22.11,21.08,21.15,21.67,-0.52,-2.3996,44332.4,95532.324
300462.SZ,20241128,10.95,11.44,10.95,11.26,10.95,0.31,2.8311,142144.0,159828.857
300463.SZ,20241128,14.15,14.21,13.99,14.03,14.17,-0.14,-0.988,43943.0,61961.782
300464.SZ,20241128,5.49,5.92,5.47,5.49,5.43,0.06,1.105,287937.87,161581.814
300465.SZ,20241128,14.5,15.34,14.32,14.89,14.23,0.66,4.6381,491546.18,737146.179
300466.SZ,20241128,8.51,8.86,8.41,8.58,8.5,0.08,0.9412,191101.94,164119.807
300467.SZ,20241128,18.3,18.98,17.8,18.1,18.27,-0.17,-0.9305,188177.2,347976.971
300468.SZ,20241128,19.5,20.28,18.95,19.01,18.96,0.05,0.2637,471133.1,923711.351
300469.SZ,20241128,31.47,31.66,29.5,30.46,30.37,0.09,0.2963,346006.45,1059323.706
300470.SZ,20241128,35.63,35.67,34.85,34.95,35.63,-0.68,-1.9085,22450.83,79028.647
300471.SZ,20241128,10.49,10.69,10.47,10.48,10.49,-0.01,-0.0953,64231.0,68039.949
300472.SZ,20241128,7.69,7.84,7.6,7.62,7.69,-0.07,-0.9103,81713.31,63134.412
300473.SZ,20241128,24.22,27.78,23.68,26.14,24.41,1.73,7.0873,238379.82,601585.342
300474.SZ,20241128,83.78,86.66,83.17,83.87,84.35,-0.48,-0.5691,125065.42,1062385.832
300475.SZ,20241128,28.91,29.31,28.48,28.52,29.0,-0.48,-1.6552,106102.41,306872.233
300476.SZ,20241128,38.2,38.2,36.64,36.8,38.26,-1.46,-3.816,298024.04,1107958.325
300477.SZ,20241128,3.43,3.56,3.39,3.49,3.45,0.04,1.1594,390258.16,136716.043
300478.SZ,20241128,10.53,10.86,10.53,10.6,10.65,-0.05,-0.4695,27708.0,29754.475
300479.SZ,20241128,19.43,20.33,19.3,19.57,19.3,0.27,1.399,111352.8,220426.105
300480.SZ,20241128,14.59,15.25,14.57,14.84,14.65,0.19,1.2969,71194.91,105850.878
300481.SZ,20241128,16.16,16.74,16.07,16.14,16.16,-0.02,-0.1238,75537.5,123927.273
300482.SZ,20241128,24.63,24.68,24.1,24.22,24.74,-0.52,-2.1019,70329.45,170838.076
300483.SZ,20241128,10.78,11.38,10.55,10.65,11.06,-0.41,-3.7071,192528.73,208532.156
300484.SZ,20241128,24.04,24.6,23.15,23.23,24.03,-0.8,-3.3292,223908.0,532989.114
300485.SZ,20241128,7.95,8.14,7.93,8.12,7.97,0.15,1.8821,61151.0,49522.858
300486.SZ,20241128,8.7,9.58,8.39,9.12,8.84,0.28,3.1674,767367.7,690568.469
300487.SZ,20241128,53.0,53.77,52.55,53.19,53.0,0.19,0.3585,45195.01,240381.137
300488.SZ,20241128,23.67,23.87,23.42,23.54,23.61,-0.07,-0.2965,10978.33,25961.768
300489.SZ,20241128,67.62,71.04,66.2,66.33,66.9,-0.57,-0.852,99304.0,681583.162
300490.SZ,20241128,9.24,9.37,9.1,9.11,9.25,-0.14,-1.5135,136415.1,125880.451
300491.SZ,20241128,16.31,16.57,16.11,16.21,16.38,-0.17,-1.0379,55119.0,90373.106
300492.SZ,20241128,70.85,71.33,67.0,68.5,71.0,-2.5,-3.5211,5924.0,41194.589
300493.SZ,20241128,14.1,14.38,14.0,14.03,14.18,-0.15,-1.0578,271663.25,385231.34
300494.SZ,20241128,14.6,15.15,13.83,13.85,14.45,-0.6,-4.1522,833803.25,1200162.916
300496.SZ,20241128,54.38,54.82,53.38,53.48,54.41,-0.93,-1.7092,91374.8,494301.064
300497.SZ,20241128,11.81,11.98,11.58,11.8,11.65,0.15,1.2876,82720.0,97509.651
300498.SZ,20241128,17.33,17.36,17.11,17.19,17.33,-0.14,-0.8078,298211.61,513804.907
300499.SZ,20241128,17.08,17.35,16.57,16.64,17.3,-0.66,-3.815,226235.77,383161.772
300500.SZ,20241128,12.14,12.6,12.12,12.36,12.14,0.22,1.8122,38870.1,48263.184
300501.SZ,20241128,14.63,14.84,14.54,14.68,14.63,0.05,0.3418,28002.0,41171.63
300502.SZ,20241128,115.99,115.99,111.48,111.88,116.26,-4.38,-3.7674,284965.66,3208440.16
300503.SZ,20241128,17.25,17.37,16.83,16.86,17.29,-0.43,-2.487,120271.0,204957.619
300504.SZ,20241128,16.73,17.5,16.6,17.08,16.84,0.24,1.4252,91746.0,156005.79
300505.SZ,20241128,16.3,17.32,16.13,16.8,16.46,0.34,2.0656,337989.63,565810.96
300506.SZ,20241128,3.81,3.95,3.76,3.9,3.81,0.09,2.3622,88561.38,34274.603
300507.SZ,20241128,6.75,6.91,6.72,6.83,6.8,0.03,0.4412,197639.72,135353.009
300508.SZ,20241128,28.67,28.95,28.0,28.17,28.39,-0.22,-0.7749,15016.69,42649.841
300509.SZ,20241128,7.08,7.82,7.0,7.59,7.09,0.5,7.0522,295567.03,220113.867
300510.SZ,20241128,4.84,4.96,4.84,4.89,4.85,0.04,0.8247,258809.01,126885.929
300511.SZ,20241128,3.96,4.07,3.95,4.04,3.96,0.08,2.0202,178712.25,72229.248
300512.SZ,20241128,7.38,7.7,7.24,7.56,7.4,0.16,2.1622,65685.25,49618.674
300513.SZ,20241128,10.11,10.39,9.99,10.3,10.02,0.28,2.7944,167636.87,170835.023
300514.SZ,20241128,14.71,14.88,14.59,14.64,14.67,-0.03,-0.2045,52699.0,77696.615
300515.SZ,20241128,12.05,12.29,12.01,12.05,12.09,-0.04,-0.3309,24682.0,29978.482
300516.SZ,20241128,36.22,36.8,35.94,36.18,36.13,0.05,0.1384,17616.0,63960.807
300517.SZ,20241128,9.35,9.51,9.3,9.43,9.35,0.08,0.8556,29896.2,28191.352
300518.SZ,20241128,13.2,13.88,13.13,13.31,13.07,0.24,1.8363,82573.99,111510.994
300519.SZ,20241128,14.41,14.89,14.41,14.73,14.49,0.24,1.6563,39829.69,58607.855
300520.SZ,20241128,25.0,25.95,24.78,25.05,24.75,0.3,1.2121,377539.0,956575.366
300521.SZ,20241128,17.08,17.24,16.5,16.9,17.24,-0.34,-1.9722,36341.71,61480.782
300522.SZ,20241128,12.61,12.86,12.36,12.41,12.63,-0.22,-1.7419,93080.38,117227.622
300523.SZ,20241128,23.93,24.42,23.65,23.71,23.92,-0.21,-0.8779,23605.7,56490.445
300525.SZ,20241128,18.27,18.66,17.79,17.84,18.25,-0.41,-2.2466,136235.15,248122.853
300527.SZ,20241128,8.7,8.84,8.62,8.65,8.75,-0.1,-1.1429,156041.84,136016.341
300528.SZ,20241128,10.15,10.37,9.78,9.88,10.29,-0.41,-3.9845,186244.2,186505.312
300529.SZ,20241128,30.64,30.68,30.0,30.07,30.64,-0.57,-1.8603,36785.93,111193.401
300530.SZ,20241128,24.0,24.43,22.43,22.64,23.82,-1.18,-4.9538,82368.1,191341.787
300531.SZ,20241128,15.75,15.95,15.18,15.34,15.59,-0.25,-1.6036,125593.5,195798.924
300532.SZ,20241128,12.71,13.47,12.39,12.42,12.49,-0.07,-0.5604,449022.41,577950.691
300533.SZ,20241128,24.44,26.88,24.0,24.02,24.91,-0.89,-3.5729,224353.57,573718.756
300534.SZ,20241128,9.41,9.65,9.37,9.52,9.41,0.11,1.169,120900.5,115516.295
300535.SZ,20241128,15.08,15.3,15.01,15.13,15.06,0.07,0.4648,23377.0,35455.459
300536.SZ,20241128,7.18,7.28,7.03,7.1,7.25,-0.15,-2.069,60135.99,43206.679
300537.SZ,20241128,20.15,20.24,19.56,19.58,20.37,-0.79,-3.8783,167854.0,333805.027
300538.SZ,20241128,16.72,16.93,16.57,16.57,16.72,-0.15,-0.8971,35454.82,59394.296
300539.SZ,20241128,11.73,11.79,11.46,11.53,11.71,-0.18,-1.5371,47123.6,54776.346
300540.SZ,20241128,25.76,26.5,25.56,26.05,25.81,0.24,0.9299,47241.73,123911.002
300541.SZ,20241128,12.55,12.95,12.33,12.34,12.4,-0.06,-0.4839,235992.48,298382.62
300542.SZ,20241128,24.08,25.1,24.08,24.19,24.08,0.11,0.4568,136021.84,334286.976
300543.SZ,20241128,10.84,11.32,10.6,11.08,10.78,0.3,2.7829,331065.85,364004.842
300545.SZ,20241128,35.7,35.7,33.6,33.66,35.58,-1.92,-5.3963,82610.04,284540.861
300546.SZ,20241128,19.0,19.5,18.31,18.36,18.68,-0.32,-1.7131,160154.36,304395.873
300547.SZ,20241128,19.0,19.0,18.44,18.54,18.92,-0.38,-2.0085,67788.4,126595.497
300548.SZ,20241128,22.66,22.87,22.23,22.31,22.77,-0.46,-2.0202,66943.5,151308.645
300549.SZ,20241128,17.45,17.78,17.35,17.38,17.58,-0.2,-1.1377,22748.0,39990.899
300550.SZ,20241128,14.3,14.64,14.1,14.17,14.42,-0.25,-1.7337,20004.13,28708.024
300551.SZ,20241128,13.56,13.97,13.35,13.84,13.36,0.48,3.5928,321240.0,441210.126
300552.SZ,20241128,34.5,35.72,34.06,34.35,34.81,-0.46,-1.3215,97897.38,339736.505
300553.SZ,20241128,27.9,28.47,27.6,27.88,27.76,0.12,0.4323,12224.0,34286.904
300554.SZ,20241128,24.51,25.88,24.3,24.87,24.44,0.43,1.7594,85693.36,215116.877
300555.SZ,20241128,7.78,8.8,7.71,8.6,7.8,0.8,10.2564,124662.52,104470.693
300556.SZ,20241128,21.55,22.25,20.94,21.05,21.34,-0.29,-1.359,162637.53,351402.611
300557.SZ,20241128,29.15,29.57,29.11,29.19,29.23,-0.04,-0.1368,15193.9,44539.624
300558.SZ,20241128,53.67,55.86,52.39,52.69,53.8,-1.11,-2.0632,104772.33,565465.763
300559.SZ,20241128,12.84,13.13,12.5,12.68,13.0,-0.32,-2.4615,176021.49,225424.032
300560.SZ,20241128,15.14,15.98,15.09,15.35,15.11,0.24,1.5884,106798.2,165656.214
300561.SZ,20241128,39.33,42.83,37.32,40.11,36.23,3.88,10.7094,902991.57,3596043.152
300562.SZ,20241128,14.81,15.15,14.66,14.74,14.92,-0.18,-1.2064,187780.85,278987.113
300563.SZ,20241128,48.66,50.17,47.75,48.77,48.23,0.54,1.1196,134368.8,658195.638
300564.SZ,20241128,16.29,16.47,15.77,15.99,15.89,0.1,0.6293,40578.8,65285.793
300565.SZ,20241128,13.7,13.94,13.5,13.6,13.62,-0.02,-0.1468,99815.0,136779.101
300566.SZ,20241128,17.45,17.56,17.16,17.22,17.55,-0.33,-1.8803,59963.85,104222.552
300567.SZ,20241128,69.23,72.16,67.85,69.45,69.3,0.15,0.2165,79673.43,557341.972
300568.SZ,20241128,11.95,12.09,11.71,11.73,11.95,-0.22,-1.841,436900.81,518502.519
300569.SZ,20241128,5.27,5.42,5.23,5.31,5.28,0.03,0.5682,172831.1,92296.278
300570.SZ,20241128,69.48,69.9,65.0,66.65,69.48,-2.83,-4.0731,127747.87,855271.564
300571.SZ,20241128,27.92,28.68,27.27,27.28,27.91,-0.63,-2.2573,59168.52,164509.761
300572.SZ,20241128,19.98,21.29,19.98,20.53,20.53,0.0,0.0,125405.31,257565.629
300573.SZ,20241128,82.2,82.87,80.67,80.78,82.21,-1.43,-1.7394,36692.84,298806.215
300575.SZ,20241128,6.57,6.78,6.56,6.65,6.62,0.03,0.4532,131565.37,87903.062
300576.SZ,20241128,50.68,51.29,49.65,49.71,50.63,-0.92,-1.8171,114204.69,575465.77
300577.SZ,20241128,23.5,26.45,22.81,26.45,22.04,4.41,20.0091,93522.28,242780.995
300578.SZ,20241128,21.33,21.86,21.09,21.12,21.38,-0.26,-1.2161,70735.81,151530.024
300579.SZ,20241128,28.61,30.47,28.3,28.62,27.83,0.79,2.8387,113058.03,331932.004
300580.SZ,20241128,19.09,19.26,18.53,18.69,19.28,-0.59,-3.0602,160714.15,303499.98
300581.SZ,20241128,12.08,12.42,11.91,11.92,12.2,-0.28,-2.2951,176910.46,214319.022
300582.SZ,20241128,14.03,15.5,13.97,14.15,14.39,-0.24,-1.6678,339663.98,498367.338
300583.SZ,20241128,24.38,25.2,24.2,24.66,24.38,0.28,1.1485,46055.8,113784.55
300584.SZ,20241128,22.1,22.34,21.83,22.06,22.23,-0.17,-0.7647,30287.43,66771.75
300585.SZ,20241128,15.07,15.23,14.93,14.97,15.13,-0.16,-1.0575,46316.0,69745.956
300586.SZ,20241128,8.09,8.51,8.03,8.37,8.11,0.26,3.2059,212950.63,176132.094
300587.SZ,20241128,4.57,4.68,4.57,4.62,4.59,0.03,0.6536,189326.07,87385.637
300588.SZ,20241128,14.9,15.51,14.72,14.77,14.94,-0.17,-1.1379,80526.4,121367.947
300589.SZ,20241128,12.88,13.19,12.81,12.9,12.91,-0.01,-0.0775,51656.39,67068.525
300590.SZ,20241128,14.5,14.66,14.24,14.28,14.57,-0.29,-1.9904,121761.1,175944.164
300591.SZ,20241128,5.15,5.29,5.08,5.12,5.16,-0.04,-0.7752,151620.6,78378.358
300592.SZ,20241128,15.39,16.73,15.06,15.91,15.33,0.58,3.7834,402962.8,646351.561
300593.SZ,20241128,12.88,13.84,12.72,12.92,12.46,0.46,3.6918,251998.69,334287.565
300594.SZ,20241128,19.15,19.67,19.0,19.17,19.25,-0.08,-0.4156,52677.42,102226.441
300595.SZ,20241128,18.83,18.89,18.44,18.5,18.82,-0.32,-1.7003,65449.54,122185.054
300596.SZ,20241128,27.78,27.8,27.31,27.35,27.78,-0.43,-1.5479,24095.0,66245.087
300597.SZ,20241128,9.54,9.75,9.44,9.53,9.54,-0.01,-0.1048,166126.0,159283.434
300598.SZ,20241128,55.95,56.1,54.28,54.51,54.61,-0.1,-0.1831,94922.52,522500.258
300599.SZ,20241128,7.85,7.95,7.67,7.75,7.83,-0.08,-1.0217,59200.4,45913.452
300600.SZ,20241128,7.12,7.27,7.1,7.13,7.13,0.0,0.0,25383.97,18210.978
300601.SZ,20241128,18.51,18.62,18.29,18.29,18.5,-0.21,-1.1351,76448.84,140822.263
300602.SZ,20241128,19.15,19.28,18.54,18.64,19.16,-0.52,-2.714,145154.0,274709.175
300603.SZ,20241128,10.33,10.79,10.24,10.47,10.33,0.14,1.3553,321591.26,337075.479
300604.SZ,20241128,45.4,46.58,44.69,45.19,45.43,-0.24,-0.5283,211498.18,963386.605
300605.SZ,20241128,13.11,13.42,13.06,13.12,13.1,0.02,0.1527,41514.5,54994.722
300606.SZ,20241128,21.61,21.75,21.28,21.29,21.54,-0.25,-1.1606,39398.0,84582.488
300607.SZ,20241128,25.64,26.78,24.52,24.58,25.95,-1.37,-5.2794,832310.36,2129431.106
300608.SZ,20241128,12.58,12.89,12.39,12.42,12.58,-0.16,-1.2719,138785.16,175176.175
300609.SZ,20241128,26.75,27.36,26.66,26.7,26.69,0.01,0.0375,41603.0,112287.902
300610.SZ,20241128,10.33,10.52,10.33,10.41,10.34,0.07,0.677,47924.0,49982.51
300611.SZ,20241128,10.7,10.81,10.66,10.73,10.72,0.01,0.0933,39413.37,42365.265
300612.SZ,20241128,18.6,19.2,17.86,17.99,18.73,-0.74,-3.9509,277258.78,509682.365
300613.SZ,20241128,46.7,46.99,45.59,45.77,46.7,-0.93,-1.9914,43177.66,200102.398
300614.SZ,20241128,11.2,11.66,11.15,11.35,11.16,0.19,1.7025,59386.0,67503.92
300615.SZ,20241128,12.69,13.04,12.5,12.82,12.66,0.16,1.2638,106831.3,136699.785
300616.SZ,20241128,14.55,14.85,14.44,14.63,14.41,0.22,1.5267,139726.0,204807.171
300617.SZ,20241128,26.79,26.79,26.03,26.25,26.65,-0.4,-1.5009,14822.0,38962.172
300618.SZ,20241128,38.0,38.14,37.37,37.42,38.04,-0.62,-1.6299,66024.0,249457.416
300619.SZ,20241128,27.62,28.4,27.32,27.94,27.6,0.34,1.2319,27992.4,78048.703
300620.SZ,20241128,49.81,51.56,49.0,49.08,50.55,-1.47,-2.908,136367.5,683626.919
300621.SZ,20241128,11.78,11.8,11.27,11.43,11.78,-0.35,-2.9711,107523.48,123764.916
300622.SZ,20241128,46.08,51.78,46.0,47.97,47.84,0.13,0.2717,267165.7,1301944.602
300623.SZ,20241128,35.5,36.6,34.91,35.48,35.55,-0.07,-0.1969,405833.09,1458909.995
300624.SZ,20241128,63.43,63.83,60.28,60.4,63.43,-3.03,-4.7769,159159.01,983649.978
300625.SZ,20241128,12.19,13.29,12.1,12.73,12.2,0.53,4.3443,95771.71,121629.724
300626.SZ,20241128,9.9,10.07,9.87,9.94,9.9,0.04,0.404,41148.66,41037.944
300627.SZ,20241128,37.42,38.18,37.01,37.05,36.98,0.07,0.1893,86429.72,324820.856
300628.SZ,20241128,37.9,38.02,37.21,37.32,37.76,-0.44,-1.1653,46501.29,174386.951
300629.SZ,20241128,23.0,23.98,22.93,23.49,23.4,0.09,0.3846,165423.41,390214.534
300630.SZ,20241128,10.35,10.9,10.28,10.88,10.4,0.48,4.6154,287483.77,305837.3
300631.SZ,20241128,23.33,23.58,23.07,23.15,23.36,-0.21,-0.899,15431.0,36080.562
300632.SZ,20241128,12.07,12.52,12.0,12.43,12.11,0.32,2.6424,70609.27,86757.146
300633.SZ,20241128,35.15,35.23,33.68,34.01,35.12,-1.11,-3.1606,41394.99,141666.341
300634.SZ,20241128,23.9,25.4,23.11,23.2,23.7,-0.5,-2.1097,420553.67,1015490.287
300635.SZ,20241128,11.33,11.65,11.21,11.44,11.28,0.16,1.4184,68324.31,78282.105
300636.SZ,20241128,8.49,8.66,8.47,8.56,8.47,0.09,1.0626,78021.76,67059.788
300637.SZ,20241128,11.05,11.21,10.86,11.0,11.02,-0.02,-0.1815,101728.3,112692.481
300638.SZ,20241128,16.96,17.03,16.55,16.6,16.92,-0.32,-1.8913,199326.62,334253.621
300639.SZ,20241128,6.6,6.77,6.57,6.73,6.58,0.15,2.2796,185801.35,124484.634
300640.SZ,20241128,7.56,7.97,7.0,7.15,7.92,-0.77,-9.7222,770813.05,573612.718
300641.SZ,20241128,22.7,22.78,22.18,22.19,22.8,-0.61,-2.6754,127609.53,287188.445
300642.SZ,20241128,15.87,16.26,15.85,15.98,15.91,0.07,0.44,51942.5,83200.927
300643.SZ,20241128,13.04,13.21,12.92,13.0,13.03,-0.03,-0.2302,33883.0,44326.746
300644.SZ,20241128,22.95,23.94,22.5,23.29,23.1,0.19,0.8225,105739.97,246688.827
300645.SZ,20241128,16.42,16.93,16.28,16.39,16.42,-0.03,-0.1827,80715.0,133979.36
300647.SZ,20241128,7.26,7.42,7.2,7.23,7.23,0.0,0.0,260871.6,190606.617
300648.SZ,20241128,25.98,26.35,25.41,25.52,25.95,-0.43,-1.657,24244.65,63014.556
300649.SZ,20241128,13.63,13.78,13.1,13.16,13.9,-0.74,-5.3237,129929.27,173587.781
300650.SZ,20241128,13.06,13.35,12.75,12.84,13.14,-0.3,-2.2831,196271.39,256950.934
300651.SZ,20241128,14.78,15.29,14.62,14.72,14.75,-0.03,-0.2034,62871.7,93440.766
300652.SZ,20241128,24.92,25.21,24.43,24.54,25.16,-0.62,-2.4642,48970.46,121526.603
300653.SZ,20241128,21.93,22.18,21.85,22.03,21.93,0.1,0.456,18228.0,40169.67
300654.SZ,20241128,12.04,12.53,11.66,11.7,12.27,-0.57,-4.6455,357686.1,428708.428
300655.SZ,20241128,11.09,11.16,10.7,10.73,11.15,-0.42,-3.7668,438631.97,479140.542
300656.SZ,20241128,28.68,30.2,28.51,28.56,27.75,0.81,2.9189,77821.38,227942.648
300657.SZ,20241128,20.58,20.78,19.98,19.99,20.72,-0.73,-3.5232,242263.43,492382.425
300658.SZ,20241128,5.73,5.95,5.73,5.9,5.73,0.17,2.9668,109774.66,64202.558
300659.SZ,20241128,20.38,20.68,19.78,19.83,20.3,-0.47,-2.3153,77611.6,156619.415
300660.SZ,20241128,29.95,30.28,29.12,29.75,30.04,-0.29,-0.9654,86302.81,256367.474
300661.SZ,20241128,87.45,87.96,86.06,86.64,87.32,-0.68,-0.7787,30575.86,265773.046
300662.SZ,20241128,20.76,21.15,20.55,20.6,20.83,-0.23,-1.1042,26234.0,54637.108
300663.SZ,20241128,20.38,21.25,20.2,20.33,20.08,0.25,1.245,337529.07,698250.837
300664.SZ,20241128,5.77,6.74,5.77,6.74,5.62,1.12,19.9288,1502313.63,960514.575
300665.SZ,20241128,6.98,7.15,6.89,7.04,6.93,0.11,1.5873,65552.04,46025.597
300666.SZ,20241128,72.87,73.84,71.5,71.95,73.0,-1.05,-1.4384,63313.89,459720.846
300667.SZ,20241128,18.79,19.13,18.61,18.63,18.78,-0.15,-0.7987,48383.0,91288.474
300668.SZ,20241128,22.3,22.99,21.9,21.98,22.1,-0.12,-0.543,32255.0,72503.994
300669.SZ,20241128,21.0,21.18,20.58,20.86,21.0,-0.14,-0.6667,10358.5,21579.947
300670.SZ,20241128,6.63,6.94,6.63,6.82,6.65,0.17,2.5564,109642.0,74572.393
300671.SZ,20241128,38.28,38.87,37.78,37.87,38.28,-0.41,-1.0711,57117.0,218608.261
300672.SZ,20241128,66.54,67.85,65.86,66.15,66.69,-0.54,-0.8097,53028.54,355215.828
300673.SZ,20241128,15.1,15.29,15.0,15.09,15.11,-0.02,-0.1324,25797.0,39065.469
300674.SZ,20241128,21.2,21.88,20.88,20.92,20.94,-0.02,-0.0955,327750.5,700969.363
300675.SZ,20241128,15.17,17.83,15.1,17.83,14.86,2.97,19.9865,284138.32,489487.114
300676.SZ,20241128,45.34,45.59,45.03,45.17,45.22,-0.05,-0.1106,24049.39,108955.418
300677.SZ,20241128,26.22,26.34,25.91,26.0,26.34,-0.34,-1.2908,83910.45,219065.384
300678.SZ,20241128,38.03,39.87,38.0,38.2,38.39,-0.19,-0.4949,174451.7,675919.117
300679.SZ,20241128,52.99,53.42,51.77,52.8,52.91,-0.11,-0.2079,63581.41,334865.842
300680.SZ,20241128,25.53,25.79,24.71,25.01,24.96,0.05,0.2003,86758.32,218613.194
300681.SZ,20241128,22.89,24.3,22.5,23.42,23.01,0.41,1.7818,164133.15,385501.966
300682.SZ,20241128,13.45,13.59,13.08,13.14,13.43,-0.29,-2.1593,112927.28,150451.706
300683.SZ,20241128,28.6,28.8,27.9,27.98,28.53,-0.55,-1.9278,15273.0,43310.008
300684.SZ,20241128,21.41,21.56,20.73,20.78,21.47,-0.69,-3.2138,125421.21,264563.935
300685.SZ,20241128,25.25,25.27,24.58,24.75,25.27,-0.52,-2.0578,37228.38,92531.43
300686.SZ,20241128,9.49,9.54,9.32,9.34,9.39,-0.05,-0.5325,65865.0,62065.335
300687.SZ,20241128,18.5,18.9,18.0,18.03,18.55,-0.52,-2.8032,101951.0,187666.066
300688.SZ,20241128,31.59,31.94,30.82,30.96,31.75,-0.79,-2.4882,98233.7,307097.196
300689.SZ,20241128,27.73,28.13,27.25,27.49,27.7,-0.21,-0.7581,9589.2,26595.295
300690.SZ,20241128,23.85,24.8,23.81,23.93,24.1,-0.17,-0.7054,84335.08,205131.817
300691.SZ,20241128,19.85,20.18,19.36,19.38,19.95,-0.57,-2.8571,66615.94,131709.012
300692.SZ,20241128,6.3,6.95,6.23,6.65,6.35,0.3,4.7244,244263.35,162766.282
300693.SZ,20241128,24.11,24.15,23.66,23.7,24.13,-0.43,-1.782,54265.15,129738.001
300694.SZ,20241128,17.95,18.38,16.32,16.38,17.55,-1.17,-6.6667,416790.69,724622.361
300695.SZ,20241128,41.45,41.98,41.34,41.5,41.65,-0.15,-0.3601,3453.14,14388.994
300696.SZ,20241128,16.86,17.06,16.5,16.53,16.7,-0.17,-1.018,50436.58,84716.281
300697.SZ,20241128,11.8,12.02,11.73,11.8,11.85,-0.05,-0.4219,35393.64,41980.845
300698.SZ,20241128,37.74,37.96,36.93,37.14,37.65,-0.51,-1.3546,22196.0,82882.97
300699.SZ,20241128,34.23,35.0,33.81,33.92,34.36,-0.44,-1.2806,93378.78,321046.212
300700.SZ,20241128,8.19,8.46,8.17,8.27,8.09,0.18,2.225,100364.5,83389.037
300701.SZ,20241128,9.88,10.11,9.88,9.97,9.91,0.06,0.6054,49666.75,49684.929
300702.SZ,20241128,16.68,17.04,16.59,16.82,16.68,0.14,0.8393,29612.8,49885.575
300703.SZ,20241128,14.0,15.66,13.67,13.85,14.53,-0.68,-4.68,550115.85,801470.151
300705.SZ,20241128,24.67,24.98,24.18,24.71,24.75,-0.04,-0.1616,68825.36,169728.319
300706.SZ,20241128,24.4,25.24,24.19,24.84,24.4,0.44,1.8033,56860.0,140749.715
300707.SZ,20241128,15.34,15.67,15.15,15.3,15.28,0.02,0.1309,89174.75,137356.769
300708.SZ,20241128,11.33,11.44,11.24,11.28,11.34,-0.06,-0.5291,130219.0,147867.257
300709.SZ,20241128,38.75,38.96,37.68,37.69,38.81,-1.12,-2.8859,64424.84,246542.712
300710.SZ,20241128,20.33,20.63,20.17,20.29,20.37,-0.08,-0.3927,32828.0,66978.406
300711.SZ,20241128,24.28,28.98,24.28,27.21,24.15,3.06,12.6708,502229.77,1342246.343
300712.SZ,20241128,26.05,26.45,25.73,25.79,25.99,-0.2,-0.7695,29061.37,75829.35
300713.SZ,20241128,17.96,18.04,17.19,17.3,17.96,-0.66,-3.6748,87078.82,153211.75
300715.SZ,20241128,7.37,7.55,7.33,7.46,7.37,0.09,1.2212,22448.0,16787.336
300716.SZ,20241128,14.8,17.56,14.7,16.83,14.65,2.18,14.8805,229308.11,379921.152
300717.SZ,20241128,15.65,16.02,15.65,15.86,15.64,0.22,1.4066,18864.0,29941.874
300718.SZ,20241128,17.6,17.73,17.2,17.28,17.66,-0.38,-2.1518,50099.82,87370.107
300719.SZ,20241128,19.36,19.82,19.23,19.43,19.39,0.04,0.2063,96550.0,189043.206
300720.SZ,20241128,17.82,19.3,17.68,19.29,17.81,1.48,8.3099,111175.87,208770.749
300721.SZ,20241128,14.26,14.49,14.05,14.11,14.23,-0.12,-0.8433,36466.2,52072.274
300722.SZ,20241128,28.73,29.53,28.73,28.78,28.94,-0.16,-0.5529,50617.16,147094.501
300723.SZ,20241128,19.16,19.46,18.61,18.76,19.6,-0.84,-4.2857,207815.49,395577.541
300724.SZ,20241128,70.36,70.69,69.09,69.15,70.38,-1.23,-1.7477,82666.03,577473.754
300725.SZ,20241128,35.2,35.36,34.54,34.63,35.24,-0.61,-1.731,34998.46,122135.693
300726.SZ,20241128,33.88,34.5,32.2,32.31,32.45,-0.14,-0.4314,100486.0,333121.546
300727.SZ,20241128,26.5,26.76,26.01,26.25,26.5,-0.25,-0.9434,11626.0,30785.504
300729.SZ,20241128,17.99,18.09,17.29,17.29,17.87,-0.58,-3.2457,137018.04,241582.091
300730.SZ,20241128,13.71,14.16,13.43,13.48,13.7,-0.22,-1.6058,130302.75,179502.576
300731.SZ,20241128,20.66,21.28,20.3,20.53,20.37,0.16,0.7855,63484.41,131815.085
300732.SZ,20241128,7.48,7.86,7.46,7.76,7.5,0.26,3.4667,125934.04,97271.88
300733.SZ,20241128,11.5,11.59,11.35,11.4,11.44,-0.04,-0.3497,40588.8,46592.277
300735.SZ,20241128,33.0,33.17,31.37,31.38,33.17,-1.79,-5.3964,478986.42,1531703.03
300736.SZ,20241128,11.85,12.92,11.65,12.36,11.79,0.57,4.8346,310567.79,376598.256
300737.SZ,20241128,5.36,5.44,5.32,5.37,5.36,0.01,0.1866,144166.7,77584.115
300738.SZ,20241128,12.76,13.15,12.62,12.66,12.7,-0.04,-0.315,532734.09,685436.853
300739.SZ,20241128,14.26,14.45,14.14,14.2,14.25,-0.05,-0.3509,51521.18,73709.157
300740.SZ,20241128,12.57,13.01,12.45,12.74,12.57,0.17,1.3524,69679.0,89593.33
300741.SZ,20241128,17.77,17.88,17.59,17.64,17.72,-0.08,-0.4515,13156.0,23348.526
300743.SZ,20241128,16.02,16.18,15.92,15.94,16.02,-0.08,-0.4994,26615.67,42746.175
300745.SZ,20241128,17.58,17.72,17.37,17.41,17.63,-0.22,-1.2479,26243.0,46063.131
300746.SZ,20241128,13.99,14.38,13.97,14.16,13.96,0.2,1.4327,74965.94,106292.317
300747.SZ,20241128,20.7,21.01,20.46,20.52,20.59,-0.07,-0.34,106024.74,219930.443
300748.SZ,20241128,19.66,20.15,19.36,19.44,19.9,-0.46,-2.3116,327692.33,646854.032
300749.SZ,20241128,6.92,7.19,6.86,6.99,6.9,0.09,1.3043,68935.71,48227.282
300750.SZ,20241128,259.2,259.53,253.5,254.7,259.9,-5.2,-2.0008,223555.98,5728197.56
300751.SZ,20241128,124.09,125.98,122.06,122.98,124.09,-1.11,-0.8945,23309.84,289297.404
300752.SZ,20241128,19.32,19.83,18.91,19.05,19.17,-0.12,-0.626,100575.4,193727.818
300753.SZ,20241128,14.36,14.7,14.28,14.46,14.44,0.02,0.1385,33322.96,48345.653
300755.SZ,20241128,18.57,18.8,17.9,18.01,18.57,-0.56,-3.0156,92103.25,169206.876
300756.SZ,20241128,16.48,16.86,16.28,16.35,16.54,-0.19,-1.1487,36490.16,60265.486
300757.SZ,20241128,187.97,195.53,182.88,188.15,188.43,-0.28,-0.1486,64645.83,1222119.339
300758.SZ,20241128,12.88,12.98,12.72,12.75,12.87,-0.12,-0.9324,76459.18,98355.014
300759.SZ,20241128,27.5,27.65,26.96,26.99,27.52,-0.53,-1.9259,200966.0,547102.756
300760.SZ,20241128,267.1,268.12,258.3,260.01,269.06,-9.05,-3.3636,80356.17,2101162.248
300761.SZ,20241128,20.41,20.5,20.19,20.32,20.41,-0.09,-0.441,37535.8,76422.018
300762.SZ,20241128,23.8,23.92,23.15,23.17,24.3,-1.13,-4.6502,647057.01,1519557.104
300763.SZ,20241128,67.61,69.1,67.09,67.14,67.87,-0.73,-1.0756,61438.72,417969.404
300765.SZ,20241128,29.17,29.71,28.51,28.78,29.3,-0.52,-1.7747,96723.3,282237.825
300766.SZ,20241128,15.32,15.85,15.0,15.06,15.4,-0.34,-2.2078,234665.0,361635.4
300767.SZ,20241128,10.72,11.09,10.68,10.8,10.77,0.03,0.2786,62614.82,68073.515
300768.SZ,20241128,19.05,19.56,18.76,18.8,19.05,-0.25,-1.3123,77042.5,147426.666
300769.SZ,20241128,49.6,50.99,47.82,47.85,48.21,-0.36,-0.7467,347956.64,1707676.783
300770.SZ,20241128,42.0,42.57,41.0,41.12,41.92,-0.8,-1.9084,32296.08,134231.614
300771.SZ,20241128,12.0,12.44,11.7,11.76,11.38,0.38,3.3392,226128.7,270342.454
300772.SZ,20241128,14.8,15.35,14.61,14.88,14.95,-0.07,-0.4682,268906.55,402899.884
300773.SZ,20241128,20.01,20.57,19.58,19.65,19.77,-0.12,-0.607,281552.81,566358.106
300774.SZ,20241128,9.04,9.29,9.04,9.15,9.07,0.08,0.882,31731.52,29090.926
300775.SZ,20241128,24.7,25.07,24.48,24.49,24.78,-0.29,-1.1703,100732.46,248744.166
300776.SZ,20241128,73.5,75.64,72.91,73.52,74.0,-0.48,-0.6486,33738.43,250830.264
300777.SZ,20241128,27.24,27.47,26.65,26.72,27.35,-0.63,-2.3035,69482.0,188045.489
300778.SZ,20241128,11.98,12.68,11.98,12.35,12.0,0.35,2.9167,97109.5,120754.282
300779.SZ,20241128,86.5,87.58,84.62,85.01,86.5,-1.49,-1.7225,22026.8,188784.68
300780.SZ,20241128,18.39,18.68,18.0,18.02,18.73,-0.71,-3.7907,111479.47,202944.405
300781.SZ,20241128,67.7,71.68,66.0,66.19,67.5,-1.31,-1.9407,118876.4,816936.464
300782.SZ,20241128,93.14,93.68,91.2,91.36,93.0,-1.64,-1.7634,71076.64,657378.892
300783.SZ,20241128,30.0,30.49,29.26,29.45,29.99,-0.54,-1.8006,76889.36,228925.751
300784.SZ,20241128,71.98,73.29,68.64,69.9,71.15,-1.25,-1.7569,41705.65,293982.799
300785.SZ,20241128,30.7,31.67,29.5,29.64,30.7,-1.06,-3.4528,171981.89,524130.303
300786.SZ,20241128,15.04,15.76,14.93,15.05,15.04,0.01,0.0665,76684.88,116765.544
300787.SZ,20241128,13.66,13.79,13.43,13.48,13.7,-0.22,-1.6058,61873.6,84244.081
300788.SZ,20241128,35.7,36.99,34.32,34.76,36.6,-1.84,-5.0273,183552.0,647688.512
300789.SZ,20241128,15.96,16.7,15.87,16.24,15.82,0.42,2.6549,43750.33,71309.88
300790.SZ,20241128,16.38,16.55,16.1,16.13,16.52,-0.39,-2.3608,92641.69,151218.647
300791.SZ,20241128,26.3,27.47,26.16,26.94,26.32,0.62,2.3556,32401.12,87486.046
300792.SZ,20241128,23.05,24.47,22.35,22.41,23.07,-0.66,-2.8609,154029.0,356185.167
300793.SZ,20241128,17.54,17.96,17.07,17.56,17.5,0.06,0.3429,327761.24,576206.399
300795.SZ,20241128,17.6,18.36,17.53,17.63,17.73,-0.1,-0.564,34077.75,61129.936
300796.SZ,20241128,10.39,10.75,10.35,10.47,10.39,0.08,0.77,69176.96,72985.366
300797.SZ,20241128,12.58,12.86,12.52,12.65,12.6,0.05,0.3968,42731.5,54363.103
300798.SZ,20241128,6.73,6.76,6.55,6.6,6.73,-0.13,-1.9316,127845.44,85017.512
300800.SZ,20241128,11.05,11.55,11.05,11.31,11.05,0.26,2.3529,39122.0,44215.446
300801.SZ,20241128,17.99,18.34,17.62,17.72,17.93,-0.21,-1.1712,58961.0,105790.566
300802.SZ,20241128,18.16,18.23,17.72,17.8,18.16,-0.36,-1.9824,39815.2,71615.349
300803.SZ,20241128,94.75,95.91,92.5,92.61,94.79,-2.18,-2.2998,195485.76,1838372.472
300804.SZ,20241128,24.94,25.49,24.75,25.16,24.86,0.3,1.2068,9497.0,23891.95
300805.SZ,20241128,10.2,10.68,9.84,9.88,10.04,-0.16,-1.5936,344951.45,350614.977
300806.SZ,20241128,13.65,14.1,13.41,13.82,13.65,0.17,1.2454,127400.7,176008.179
300807.SZ,20241128,34.5,34.8,33.67,33.76,34.6,-0.84,-2.4277,23695.06,81206.683
300808.SZ,20241128,25.01,25.68,24.83,25.4,24.96,0.44,1.7628,25151.0,63663.56
300809.SZ,20241128,25.99,27.08,25.61,26.0,26.2,-0.2,-0.7634,152824.11,402390.605
300810.SZ,20241128,21.15,21.49,20.98,21.13,21.06,0.07,0.3324,19207.0,40838.623
300811.SZ,20241128,47.77,49.6,47.32,48.88,47.28,1.6,3.3841,80634.06,392587.305
300812.SZ,20241128,25.67,26.45,25.13,25.52,25.31,0.21,0.8297,62607.0,161170.081
300813.SZ,20241128,20.47,20.47,19.95,20.3,20.29,0.01,0.0493,26287.35,53198.08
300814.SZ,20241128,30.45,30.65,29.9,29.98,30.49,-0.51,-1.6727,22709.0,68828.253
300815.SZ,20241128,15.42,15.86,15.41,15.54,15.48,0.06,0.3876,52431.62,81745.583
300816.SZ,20241128,23.8,24.09,23.47,23.8,23.71,0.09,0.3796,11167.7,26651.054
300817.SZ,20241128,14.24,14.72,14.21,14.32,14.4,-0.08,-0.5556,83987.74,121403.098
300818.SZ,20241128,28.71,28.96,28.35,28.4,28.76,-0.36,-1.2517,12398.4,35450.121
300819.SZ,20241128,13.63,14.9,13.63,14.35,13.75,0.6,4.3636,68375.34,98095.049
300820.SZ,20241128,57.53,58.98,56.21,57.81,57.56,0.25,0.4343,42723.97,246182.961
300821.SZ,20241128,8.38,8.48,8.31,8.31,8.4,-0.09,-1.0714,74140.9,62111.492
300822.SZ,20241128,32.34,34.82,30.85,31.04,29.02,2.02,6.9607,542651.31,1793188.742
300823.SZ,20241128,14.18,14.22,13.83,13.9,14.0,-0.1,-0.7143,51516.4,72328.668
300824.SZ,20241128,9.29,9.37,9.07,9.12,9.28,-0.16,-1.7241,68767.0,63425.964
300825.SZ,20241128,11.9,12.2,11.67,11.68,11.98,-0.3,-2.5042,185038.5,220557.526
300826.SZ,20241128,17.35,18.5,17.12,18.06,17.18,0.88,5.1222,125561.74,226468.942
300827.SZ,20241128,45.71,46.42,45.01,46.0,45.86,0.14,0.3053,59270.32,271661.665
300828.SZ,20241128,14.18,14.39,14.05,14.2,14.18,0.02,0.141,41061.0,58308.56
300829.SZ,20241128,16.57,17.13,16.47,16.91,16.53,0.38,2.2989,27994.68,47212.598
300830.SZ,20241128,8.28,8.8,8.18,8.58,8.28,0.3,3.6232,272548.0,230848.031
300831.SZ,20241128,15.42,15.81,15.37,15.37,15.52,-0.15,-0.9665,92558.97,144109.782
300832.SZ,20241128,64.76,64.99,62.71,63.56,64.86,-1.3,-2.0043,34961.61,222214.275
300833.SZ,20241128,45.17,49.86,44.71,47.36,45.86,1.5,3.2708,54529.49,259233.92
300834.SZ,20241128,20.83,21.0,20.55,20.86,20.7,0.16,0.7729,12093.4,25268.432
300835.SZ,20241128,32.94,34.7,32.89,33.03,33.24,-0.21,-0.6318,76744.7,259006.807
300836.SZ,20241128,49.8,50.88,49.33,49.81,49.8,0.01,0.0201,8274.8,41430.498
300837.SZ,20241128,21.8,22.2,21.77,21.96,21.8,0.16,0.7339,8423.0,18524.803
300838.SZ,20241128,13.01,13.17,12.93,13.02,13.02,0.0,0.0,19893.0,25967.7
300839.SZ,20241128,7.58,7.62,7.38,7.46,7.58,-0.12,-1.5831,49626.77,37355.622
300840.SZ,20241128,18.8,19.98,18.28,19.08,18.4,0.68,3.6957,537637.18,1029188.549
300841.SZ,20241128,56.96,57.27,56.45,56.65,56.96,-0.31,-0.5442,19697.48,111990.204
300842.SZ,20241128,47.3,49.37,47.02,48.28,47.6,0.68,1.4286,60491.15,293627.097
300843.SZ,20241128,29.04,29.26,28.48,28.57,29.3,-0.73,-2.4915,44438.28,128435.158
300844.SZ,20241128,36.2,37.88,35.94,36.17,36.72,-0.55,-1.4978,40433.02,148626.934
300845.SZ,20241128,14.41,14.66,14.33,14.4,14.39,0.01,0.0695,55513.49,80482.618
300846.SZ,20241128,13.56,13.83,13.33,13.41,13.56,-0.15,-1.1062,236240.36,320149.557
300847.SZ,20241128,17.83,17.98,17.67,17.72,17.87,-0.15,-0.8394,47107.23,84008.73
300848.SZ,20241128,18.68,18.86,18.4,18.56,18.66,-0.1,-0.5359,22428.35,41709.654
300849.SZ,20241128,12.96,13.16,12.96,13.04,12.99,0.05,0.3849,36112.05,47202.202
300850.SZ,20241128,24.77,25.79,24.53,24.7,24.72,-0.02,-0.0809,86036.63,216988.113
300851.SZ,20241128,29.17,29.3,28.29,28.59,28.63,-0.04,-0.1397,11779.0,33674.852
300852.SZ,20241128,26.31,26.33,25.87,25.98,26.2,-0.22,-0.8397,14580.72,38086.23
300853.SZ,20241128,17.52,17.62,17.15,17.19,17.49,-0.3,-1.7153,39828.6,69070.787
300854.SZ,20241128,13.44,13.94,13.33,13.66,13.31,0.35,2.6296,34809.03,47716.504
300855.SZ,20241128,23.69,23.74,23.2,23.28,23.68,-0.4,-1.6892,26095.5,61329.996
300856.SZ,20241128,25.95,26.16,25.7,25.72,25.98,-0.26,-1.0008,35992.4,93247.399
300857.SZ,20241128,82.02,89.66,80.01,88.14,82.0,6.14,7.4878,147990.66,1277283.547
300858.SZ,20241128,16.16,16.58,16.11,16.22,16.21,0.01,0.0617,46750.9,76329.747
300859.SZ,20241128,39.13,40.97,39.13,39.55,39.41,0.14,0.3552,47484.66,190866.06
300860.SZ,20241128,26.77,27.27,25.95,26.02,26.79,-0.77,-2.8742,60310.38,160471.29
300861.SZ,20241128,24.22,25.79,24.2,25.0,24.37,0.63,2.5851,74880.77,188157.057
300862.SZ,20241128,30.3,30.89,30.02,30.15,30.5,-0.35,-1.1475,42593.0,129413.088
300863.SZ,20241128,42.56,42.7,41.5,41.6,42.55,-0.95,-2.2327,23117.82,97172.929
300864.SZ,20241128,22.23,22.88,22.18,22.5,22.26,0.24,1.0782,15332.86,34644.705
300865.SZ,20241128,28.77,29.0,28.11,28.18,28.46,-0.28,-0.9838,16880.8,48200.849
300866.SZ,20241128,82.24,83.98,80.89,81.13,81.87,-0.74,-0.9039,36517.4,301298.95
300867.SZ,20241128,13.75,14.46,13.67,14.29,13.76,0.53,3.8517,80083.0,113517.765
300868.SZ,20241128,29.89,30.38,28.9,28.9,30.08,-1.18,-3.9229,31158.31,92400.139
300869.SZ,20241128,15.48,15.57,15.37,15.39,15.48,-0.09,-0.5814,34833.37,53881.487
300870.SZ,20241128,82.95,92.0,81.24,86.63,84.0,2.63,3.131,77185.51,664685.451
300871.SZ,20241128,11.86,12.27,11.67,12.12,11.83,0.29,2.4514,31834.5,38289.827
300872.SZ,20241128,15.68,16.0,15.5,15.53,15.43,0.1,0.6481,158721.54,249916.553
300873.SZ,20241128,18.11,18.29,17.72,17.78,17.7,0.08,0.452,59823.8,107542.214
300875.SZ,20241128,33.21,33.49,32.38,32.44,33.21,-0.77,-2.3186,50680.63,166447.684
300876.SZ,20241128,25.0,25.49,24.6,25.07,25.31,-0.24,-0.9482,10207.92,25583.185
300877.SZ,20241128,16.07,16.55,15.96,16.2,16.06,0.14,0.8717,26093.19,42436.855
300878.SZ,20241128,18.44,19.04,18.44,18.93,18.61,0.32,1.7195,31422.64,59121.99
300879.SZ,20241128,14.71,14.94,14.56,14.6,14.71,-0.11,-0.7478,51493.37,75894.735
300880.SZ,20241128,24.48,24.6,24.04,24.14,24.73,-0.59,-2.3858,100428.92,243788.919
300881.SZ,20241128,32.25,32.62,31.91,32.07,32.25,-0.18,-0.5581,13820.49,44666.764
300882.SZ,20241128,16.6,17.41,16.33,16.96,16.57,0.39,2.3537,164629.93,278614.49
300883.SZ,20241128,5.62,6.73,5.59,6.73,5.61,1.12,19.9643,642295.95,421440.85
300884.SZ,20241128,11.55,11.67,11.3,11.35,11.55,-0.2,-1.7316,101195.57,116038.149
300885.SZ,20241128,11.4,11.63,11.2,11.41,11.44,-0.03,-0.2622,43309.25,49705.055
300886.SZ,20241128,20.58,21.28,20.3,20.94,20.56,0.38,1.8482,13518.6,28372.842
300887.SZ,20241128,9.52,9.59,9.18,9.19,9.38,-0.19,-2.0256,253508.23,237168.303
300888.SZ,20241128,35.1,35.77,34.71,35.2,35.1,0.1,0.2849,45321.79,160190.043
300889.SZ,20241128,14.96,15.6,14.96,15.02,14.97,0.05,0.334,60250.95,91493.284
300890.SZ,20241128,33.47,33.8,32.58,32.64,33.57,-0.93,-2.7703,70461.95,233422.763
300891.SZ,20241128,8.95,9.11,8.95,9.02,8.97,0.05,0.5574,47492.0,42946.062
300892.SZ,20241128,40.3,44.36,40.3,43.19,41.42,1.77,4.2733,110785.01,470466.736
300893.SZ,20241128,30.0,30.0,28.64,29.29,29.81,-0.52,-1.7444,18778.13,54831.595
300894.SZ,20241128,14.61,15.24,14.51,14.66,14.76,-0.1,-0.6775,167882.33,249391.06
300895.SZ,20241128,34.77,35.88,34.39,34.51,34.38,0.13,0.3781,50684.5,177832.734
300896.SZ,20241128,207.61,208.34,205.02,205.67,208.45,-2.78,-1.3337,17527.07,362280.09
300897.SZ,20241128,23.31,24.99,23.25,24.27,23.91,0.36,1.5056,43609.98,104765.76
300898.SZ,20241128,22.3,22.98,22.09,22.76,22.36,0.4,1.7889,47213.1,107094.25
300899.SZ,20241128,23.99,24.7,23.8,24.19,23.71,0.48,2.0245,30189.0,73243.339
300900.SZ,20241128,23.04,23.48,22.71,22.9,23.04,-0.14,-0.6076,96915.4,223416.967
300901.SZ,20241128,13.42,13.96,13.18,13.21,13.41,-0.2,-1.4914,42879.67,57915.154
300902.SZ,20241128,18.72,18.72,18.31,18.35,18.54,-0.19,-1.0248,22336.6,41363.035
300903.SZ,20241128,8.88,9.18,8.83,8.9,8.88,0.02,0.2252,156022.2,139920.83
300904.SZ,20241128,63.05,69.95,63.05,67.51,63.81,3.7,5.7985,48547.08,328455.627
300905.SZ,20241128,31.49,32.78,30.88,31.2,31.72,-0.52,-1.6393,119364.78,380251.996
300906.SZ,20241128,24.86,26.6,24.51,25.98,24.86,1.12,4.5052,62960.57,161111.215
300907.SZ,20241128,22.93,24.48,22.93,24.06,23.48,0.58,2.4702,44786.42,105737.526
300908.SZ,20241128,31.84,32.49,31.42,32.19,31.79,0.4,1.2583,20253.29,65107.227
300909.SZ,20241128,28.0,28.66,27.2,27.57,27.81,-0.24,-0.863,87520.0,244425.055
300910.SZ,20241128,43.37,43.37,42.6,42.74,43.38,-0.64,-1.4753,21765.1,93443.606
300911.SZ,20241128,29.83,30.49,29.04,29.73,30.12,-0.39,-1.2948,55213.72,164801.878
300912.SZ,20241128,12.94,13.29,12.87,13.02,12.96,0.06,0.463,42192.73,55175.472
300913.SZ,20241128,32.44,32.44,31.53,31.62,32.44,-0.82,-2.5277,28467.41,91028.653
300915.SZ,20241128,33.02,33.53,32.81,32.93,32.91,0.02,0.0608,10683.56,35410.858
300916.SZ,20241128,29.68,34.07,29.29,31.02,28.39,2.63,9.2638,138179.68,445128.203
300917.SZ,20241128,58.0,59.6,57.3,57.73,56.88,0.85,1.4944,118325.35,692359.625
300918.SZ,20241128,11.32,11.91,11.32,11.67,11.33,0.34,3.0009,55883.16,65464.64
300919.SZ,20241128,40.16,40.32,39.45,39.58,40.15,-0.57,-1.4197,59268.37,236185.452
300920.SZ,20241128,19.42,19.67,19.12,19.47,19.32,0.15,0.7764,13036.0,25320.602
300921.SZ,20241128,24.07,24.48,23.7,23.93,24.15,-0.22,-0.911,63487.65,152360.197
300922.SZ,20241128,15.58,15.82,15.47,15.5,15.58,-0.08,-0.5135,52550.04,82252.136
300923.SZ,20241128,21.73,22.17,21.7,21.9,21.71,0.19,0.8752,14528.0,31916.683
300925.SZ,20241128,23.79,24.24,23.64,23.7,23.8,-0.1,-0.4202,223320.58,534265.68
300926.SZ,20241128,21.35,21.45,20.93,20.97,21.34,-0.37,-1.7338,39728.27,83951.805
300927.SZ,20241128,18.58,19.25,18.39,18.99,18.63,0.36,1.9324,23878.58,45196.731
300928.SZ,20241128,35.1,35.29,34.5,34.55,35.25,-0.7,-1.9858,14085.0,49184.781
300929.SZ,20241128,9.52,9.89,9.52,9.7,9.56,0.14,1.4644,26633.97,25899.99
300930.SZ,20241128,27.0,27.78,26.8,27.14,26.84,0.3,1.1177,37604.4,102323.915
300931.SZ,20241128,7.03,7.15,6.98,7.09,7.02,0.07,0.9972,46564.06,32992.648
300932.SZ,20241128,14.79,15.4,14.69,15.12,14.85,0.27,1.8182,79064.14,120237.316
300933.SZ,20241128,6.96,7.18,6.96,7.07,6.95,0.12,1.7266,153883.0,109014.099
300935.SZ,20241128,22.26,22.48,22.0,22.2,22.15,0.05,0.2257,21518.38,47899.25
300936.SZ,20241128,44.12,45.68,43.6,44.21,44.08,0.13,0.2949,18332.65,81764.63
300937.SZ,20241128,29.1,33.87,28.79,31.5,28.73,2.77,9.6415,114874.71,354072.943
300938.SZ,20241128,22.21,22.75,21.95,22.13,22.05,0.08,0.3628,31291.25,70056.529
300939.SZ,20241128,35.72,35.9,34.12,34.22,35.7,-1.48,-4.1457,74869.0,260132.216
300940.SZ,20241128,14.7,14.95,14.56,14.71,14.69,0.02,0.1361,48921.17,72169.402
300941.SZ,20241128,21.2,21.93,21.1,21.17,20.95,0.22,1.0501,73193.02,157303.692
300942.SZ,20241128,10.3,11.09,10.12,10.62,11.23,-0.61,-5.4319,359955.41,379813.017
300943.SZ,20241128,13.39,13.64,13.31,13.37,13.4,-0.03,-0.2239,33613.4,45225.755
300945.SZ,20241128,10.98,11.4,10.86,10.88,10.85,0.03,0.2765,295748.28,329099.841
300946.SZ,20241128,27.54,27.86,27.28,27.31,27.4,-0.09,-0.3285,7940.2,21909.946
300947.SZ,20241128,17.45,17.99,17.3,17.58,17.45,0.13,0.745,51729.97,91501.74
300948.SZ,20241128,11.69,11.93,11.5,11.78,11.78,0.0,0.0,76443.24,89487.051
300949.SZ,20241128,42.0,43.99,37.26,38.3,39.6,-1.3,-3.2828,93302.27,381234.785
300950.SZ,20241128,16.8,17.12,16.71,16.85,16.84,0.01,0.0594,23138.45,39082.463
300951.SZ,20241128,30.75,30.85,30.0,30.11,30.68,-0.57,-1.8579,19354.95,58966.833
300952.SZ,20241128,21.07,21.3,20.81,20.94,21.07,-0.13,-0.617,15512.0,32656.148
300953.SZ,20241128,67.55,67.89,66.38,66.42,67.53,-1.11,-1.6437,9223.75,61768.635
300955.SZ,20241128,15.95,16.32,15.72,15.95,15.87,0.08,0.5041,12813.0,20512.06
300956.SZ,20241128,18.89,19.04,18.41,18.45,18.9,-0.45,-2.381,69663.61,130508.252
300957.SZ,20241128,48.61,49.08,48.3,48.39,48.62,-0.23,-0.4731,27842.0,135589.663
300958.SZ,20241128,12.6,13.06,12.6,12.95,12.61,0.34,2.6963,48827.27,63090.608
300959.SZ,20241128,36.92,37.29,36.07,36.23,37.07,-0.84,-2.266,38798.85,141893.086
300960.SZ,20241128,22.66,22.87,22.51,22.64,22.68,-0.04,-0.1764,15317.0,34736.523
300961.SZ,20241128,10.6,10.98,10.54,10.79,10.61,0.18,1.6965,84918.08,91273.047
300962.SZ,20241128,16.4,16.45,16.15,16.2,16.31,-0.11,-0.6744,25483.0,41616.982
300963.SZ,20241128,9.26,9.55,9.26,9.32,9.31,0.01,0.1074,53958.97,50617.549
300964.SZ,20241128,39.67,39.8,38.51,38.55,39.55,-1.0,-2.5284,17261.0,67633.578
300965.SZ,20241128,32.0,33.11,32.0,32.59,32.15,0.44,1.3686,3479.64,11375.663
300966.SZ,20241128,18.33,19.2,18.26,18.6,18.31,0.29,1.5838,30196.0,56325.902
300967.SZ,20241128,12.5,13.05,12.5,12.93,12.62,0.31,2.4564,59984.54,77354.211
300968.SZ,20241128,18.2,18.4,17.88,17.91,18.2,-0.29,-1.5934,157996.72,286675.204
300969.SZ,20241128,80.5,82.3,79.6,81.18,80.93,0.25,0.3089,11404.0,92303.569
300970.SZ,20241128,13.32,13.73,13.32,13.61,13.37,0.24,1.7951,32105.0,43561.732
300971.SZ,20241128,21.92,22.3,21.74,22.01,21.84,0.17,0.7784,33060.0,72837.377
300972.SZ,20241128,67.58,68.78,66.21,66.91,67.58,-0.67,-0.9914,16660.0,112496.166
300973.SZ,20241128,36.1,36.59,35.7,35.86,36.03,-0.17,-0.4718,12012.0,43354.599
300975.SZ,20241128,12.25,12.64,12.1,12.37,12.3,0.07,0.5691,355239.5,443190.913
300976.SZ,20241128,59.5,59.82,58.68,58.7,59.5,-0.8,-1.3445,9464.0,55956.057
300977.SZ,20241128,19.65,19.98,19.11,19.45,19.52,-0.07,-0.3586,56310.21,110563.155
300978.SZ,20241128,11.7,11.76,11.56,11.57,11.71,-0.14,-1.1956,41306.59,48250.377
300979.SZ,20241128,75.41,75.95,73.39,73.81,75.53,-1.72,-2.2772,32591.25,241935.831
300980.SZ,20241128,22.88,24.98,22.3,24.11,22.8,1.31,5.7456,94980.53,227255.98
300981.SZ,20241128,14.21,14.52,14.05,14.26,14.27,-0.01,-0.0701,80395.3,115169.937
300982.SZ,20241128,18.38,18.49,18.24,18.25,18.37,-0.12,-0.6532,25149.0,46177.04
300983.SZ,20241128,18.56,19.07,18.55,18.91,18.56,0.35,1.8858,10899.62,20641.308
300984.SZ,20241128,25.66,26.1,25.38,25.69,25.51,0.18,0.7056,6611.6,17044.303
300985.SZ,20241128,19.64,19.9,19.31,19.34,19.67,-0.33,-1.6777,26791.6,52553.572
300986.SZ,20241128,12.45,12.72,12.3,12.37,12.45,-0.08,-0.6426,25808.6,32344.953
300987.SZ,20241128,16.65,17.03,16.43,16.5,16.64,-0.14,-0.8413,67393.06,112469.133
300988.SZ,20241128,18.7,19.04,18.6,18.74,18.74,0.0,0.0,29130.0,54782.83
300989.SZ,20241128,14.08,14.78,13.96,14.34,14.06,0.28,1.9915,98630.58,142732.027
300990.SZ,20241128,37.4,38.97,36.95,37.22,38.1,-0.88,-2.3097,56955.0,215639.247
300991.SZ,20241128,19.42,20.35,19.2,19.81,19.05,0.76,3.9895,102965.99,203975.799
300992.SZ,20241128,21.73,21.88,21.02,21.02,21.5,-0.48,-2.2326,12715.0,27280.515
300993.SZ,20241128,9.9,10.11,9.9,9.98,9.9,0.08,0.8081,41259.22,41255.521
300994.SZ,20241128,11.64,11.82,11.64,11.67,11.64,0.03,0.2577,29241.06,34241.366
300995.SZ,20241128,17.65,17.94,17.45,17.65,17.54,0.11,0.6271,18732.57,33128.144
300996.SZ,20241128,19.24,19.59,18.98,18.98,19.25,-0.27,-1.4026,50595.91,97389.102
300997.SZ,20241128,13.9,16.42,13.71,15.34,14.13,1.21,8.5633,185885.69,274304.863
300998.SZ,20241128,15.86,16.4,15.67,16.12,15.9,0.22,1.3836,54972.29,88011.284
300999.SZ,20241128,33.56,33.93,33.43,33.54,33.72,-0.18,-0.5338,52535.53,176731.512
301000.SZ,20241128,17.64,17.97,17.5,17.6,17.8,-0.2,-1.1236,41406.38,73294.591
301001.SZ,20241128,27.85,28.56,27.0,27.0,28.28,-1.28,-4.5262,80431.19,221340.428
301002.SZ,20241128,17.91,18.33,17.91,18.12,18.0,0.12,0.6667,15318.25,27805.354
301003.SZ,20241128,22.9,23.23,22.66,23.05,22.76,0.29,1.2742,10526.4,24208.091
301004.SZ,20241128,97.54,101.5,95.21,99.6,97.69,1.91,1.9552,9349.95,92648.401
301005.SZ,20241128,28.64,28.69,27.8,27.88,28.64,-0.76,-2.6536,33990.06,95874.181
301006.SZ,20241128,14.79,15.29,14.66,14.95,14.74,0.21,1.4247,21305.0,31929.777
301007.SZ,20241128,15.5,15.73,15.3,15.3,15.56,-0.26,-1.671,62338.0,96293.13
301008.SZ,20241128,20.09,20.56,20.03,20.18,20.23,-0.05,-0.2472,12505.6,25350.592
301009.SZ,20241128,9.37,9.73,9.37,9.55,9.37,0.18,1.921,56651.91,54090.428
301010.SZ,20241128,14.44,14.6,14.27,14.35,14.35,0.0,0.0,17550.94,25313.445
301011.SZ,20241128,37.0,44.0,36.82,39.89,36.82,3.07,8.3379,363363.32,1478058.871
301012.SZ,20241128,22.44,22.7,22.32,22.38,22.65,-0.27,-1.1921,29920.0,67354.774
301013.SZ,20241128,13.18,13.29,13.02,13.1,13.15,-0.05,-0.3802,69181.88,90961.829
301015.SZ,20241128,27.94,28.12,27.5,27.74,27.97,-0.23,-0.8223,19769.0,54943.889
301016.SZ,20241128,22.81,23.39,22.54,22.6,23.02,-0.42,-1.8245,29954.39,68540.287
301017.SZ,20241128,13.6,15.04,13.51,14.4,13.6,0.8,5.8824,166003.0,235814.451
301018.SZ,20241128,26.1,27.22,25.6,26.34,25.9,0.44,1.6988,151965.62,404572.678
301019.SZ,20241128,15.18,15.44,15.11,15.24,15.15,0.09,0.5941,8764.42,13407.879
301020.SZ,20241128,19.6,19.79,19.41,19.46,19.63,-0.17,-0.866,10788.0,21151.153
301021.SZ,20241128,31.25,31.45,30.0,30.03,31.25,-1.22,-3.904,91181.74,279057.674
301022.SZ,20241128,22.86,23.1,22.56,22.81,22.68,0.13,0.5732,15392.37,35219.375
301023.SZ,20241128,47.84,48.25,46.35,46.87,47.6,-0.73,-1.5336,9739.0,45888.788
301024.SZ,20241128,26.5,27.36,26.31,26.83,26.22,0.61,2.3265,12817.0,34406.674
301025.SZ,20241128,11.35,11.77,11.1,11.28,11.37,-0.09,-0.7916,131542.3,150660.441
301026.SZ,20241128,28.57,28.98,28.4,28.51,28.55,-0.04,-0.1401,10665.0,30593.519
301027.SZ,20241128,13.32,14.75,13.32,14.15,13.24,0.91,6.8731,129806.5,184602.192
301028.SZ,20241128,10.83,10.94,10.76,10.82,10.77,0.05,0.4643,26625.69,28903.929
301029.SZ,20241128,24.17,24.3,23.75,23.86,24.3,-0.44,-1.8107,28165.28,67638.786
301030.SZ,20241128,29.4,30.84,29.18,30.06,29.41,0.65,2.2101,93279.9,282867.675
301031.SZ,20241128,110.0,110.3,106.1,106.56,109.38,-2.82,-2.5782,4543.84,48992.99
301032.SZ,20241128,10.45,10.68,10.45,10.55,10.54,0.01,0.0949,42091.0,44398.886
301033.SZ,20241128,47.41,47.8,46.45,46.51,47.36,-0.85,-1.7948,4077.68,19216.465
301035.SZ,20241128,50.9,51.59,50.67,51.15,51.29,-0.14,-0.273,6123.72,31363.031
301036.SZ,20241128,45.14,45.58,44.04,44.11,44.92,-0.81,-1.8032,38540.0,173052.766
301037.SZ,20241128,11.27,11.55,11.17,11.3,11.22,0.08,0.713,24757.72,28055.314
301038.SZ,20241128,20.06,23.33,20.06,21.46,19.76,1.7,8.6032,118826.28,255759.597
301039.SZ,20241128,9.85,9.93,9.76,9.8,9.85,-0.05,-0.5076,112527.01,110593.036
301040.SZ,20241128,15.25,15.77,15.25,15.46,15.23,0.23,1.5102,32675.0,50620.417
301041.SZ,20241128,26.4,26.65,25.85,25.9,26.28,-0.38,-1.446,34451.79,90596.152
301042.SZ,20241128,37.01,37.18,36.11,36.12,37.0,-0.88,-2.3784,14100.2,51772.698
301043.SZ,20241128,29.25,30.3,29.0,29.59,29.25,0.34,1.1624,10637.02,31482.735
301045.SZ,20241128,21.5,21.67,21.16,21.36,21.5,-0.14,-0.6512,13830.0,29605.101
301046.SZ,20241128,21.68,21.99,21.6,21.79,21.68,0.11,0.5074,13365.0,29174.436
301047.SZ,20241128,66.16,66.4,65.41,65.55,66.17,-0.62,-0.937,10767.42,70915.092
301048.SZ,20241128,9.78,9.93,9.71,9.84,9.78,0.06,0.6135,65094.0,63918.749
301049.SZ,20241128,26.85,27.55,26.61,26.9,26.85,0.05,0.1862,17039.84,46315.774
301050.SZ,20241128,53.6,54.19,52.58,52.73,53.85,-1.12,-2.0799,72290.9,385646.331
301051.SZ,20241128,31.0,32.0,30.63,30.72,31.11,-0.39,-1.2536,25699.93,80487.29
301052.SZ,20241128,30.73,33.5,29.99,30.22,31.35,-1.13,-3.6045,214878.69,673683.913
301053.SZ,20241128,22.04,22.46,21.96,22.1,22.33,-0.23,-1.03,20473.67,45350.27
301055.SZ,20241128,14.32,15.4,14.27,14.75,14.3,0.45,3.1469,47354.0,71076.546
301056.SZ,20241128,9.4,9.66,9.34,9.37,9.4,-0.03,-0.3191,62801.0,59705.007
301057.SZ,20241128,14.46,14.57,14.23,14.52,14.29,0.23,1.6095,39357.62,56789.267
301058.SZ,20241128,11.31,11.69,11.31,11.41,11.39,0.02,0.1756,105449.0,121451.77
301059.SZ,20241128,11.07,11.36,11.05,11.15,11.11,0.04,0.36,29374.37,33004.948
301060.SZ,20241128,10.64,10.85,10.51,10.75,10.63,0.12,1.1289,148583.0,158838.826
301061.SZ,20241128,54.34,54.5,53.04,53.37,54.2,-0.83,-1.5314,5681.33,30528.768
301062.SZ,20241128,12.49,12.65,12.3,12.4,12.46,-0.06,-0.4815,74617.22,93247.315
301063.SZ,20241128,18.12,18.3,17.72,17.79,17.81,-0.02,-0.1123,48211.82,86826.623
301065.SZ,20241128,21.64,22.25,21.64,22.19,22.42,-0.23,-1.0259,62215.56,136101.198
301066.SZ,20241128,15.5,16.58,15.2,16.58,13.82,2.76,19.9711,258578.12,422671.851
301067.SZ,20241128,25.53,25.98,25.45,25.55,25.53,0.02,0.0783,15857.6,40772.998
301068.SZ,20241128,30.92,31.53,30.77,30.91,30.76,0.15,0.4876,6328.28,19707.897
301069.SZ,20241128,14.81,14.9,14.51,14.53,14.8,-0.27,-1.8243,43544.75,63911.275
301070.SZ,20241128,50.76,51.2,48.85,49.1,50.75,-1.65,-3.2512,12477.5,62101.557
301071.SZ,20241128,27.07,27.28,26.88,26.88,27.08,-0.2,-0.7386,21210.6,57436.231
301072.SZ,20241128,22.14,22.39,21.75,21.82,22.04,-0.22,-0.9982,12192.0,26828.567
301073.SZ,20241128,22.37,23.18,22.37,22.62,22.6,0.02,0.0885,52354.03,119405.371
301075.SZ,20241128,20.87,21.21,20.75,21.02,20.95,0.07,0.3341,13119.0,27569.05
301076.SZ,20241128,19.6,19.72,19.32,19.35,19.5,-0.15,-0.7692,17536.11,34232.868
301077.SZ,20241128,25.0,25.3,24.55,24.6,25.11,-0.51,-2.0311,24600.87,61393.513
301078.SZ,20241128,13.39,14.56,12.9,13.12,13.5,-0.38,-2.8148,873128.67,1205764.404
301079.SZ,20241128,17.46,18.13,17.38,17.65,17.47,0.18,1.0303,74655.22,132588.234
301080.SZ,20241128,43.96,44.25,43.13,43.3,44.1,-0.8,-1.8141,11473.0,49952.073
301081.SZ,20241128,8.98,9.5,8.94,9.36,8.98,0.38,4.2316,87079.59,81009.506
301082.SZ,20241128,15.48,15.64,14.77,14.85,15.8,-0.95,-6.0127,275613.6,416893.283
301083.SZ,20241128,15.81,16.1,15.47,15.5,15.85,-0.35,-2.2082,72860.16,114954.651
301085.SZ,20241128,59.06,59.75,57.63,57.77,59.01,-1.24,-2.1013,24031.11,140617.394
301086.SZ,20241128,49.82,50.44,49.32,49.61,49.65,-0.04,-0.0806,9809.29,48882.783
301087.SZ,20241128,37.98,38.08,37.26,37.34,37.93,-0.59,-1.5555,8744.0,32937.42
301088.SZ,20241128,13.88,14.43,13.82,14.31,13.89,0.42,3.0238,56543.73,80491.328
301089.SZ,20241128,32.28,32.52,32.09,32.22,32.43,-0.21,-0.6475,17611.65,56906.511
301090.SZ,20241128,7.59,7.64,7.49,7.52,7.6,-0.08,-1.0526,59984.88,45434.301
301091.SZ,20241128,52.01,55.59,51.8,53.45,51.27,2.18,4.252,247976.36,1330179.159
301092.SZ,20241128,24.7,24.89,24.39,24.5,24.73,-0.23,-0.93,11350.52,28008.719
301093.SZ,20241128,23.58,23.95,23.37,23.44,23.5,-0.06,-0.2553,10627.34,25101.346
301095.SZ,20241128,61.77,62.88,60.56,60.6,62.37,-1.77,-2.8379,46124.11,284085.957
301096.SZ,20241128,40.36,40.54,39.85,39.96,40.38,-0.42,-1.0401,22606.0,90657.722
301097.SZ,20241128,46.13,48.48,45.7,47.5,46.5,1.0,2.1505,10100.55,47900.599
301098.SZ,20241128,9.0,9.16,8.93,9.06,8.99,0.07,0.7786,62290.95,56503.733
301099.SZ,20241128,41.5,42.09,41.04,41.51,42.11,-0.6,-1.4248,30295.09,125819.026
301100.SZ,20241128,17.59,18.31,17.43,17.85,17.49,0.36,2.0583,32434.89,58441.11
301101.SZ,20241128,37.29,44.0,36.8,40.0,37.52,2.48,6.6098,223519.82,899105.19
301102.SZ,20241128,11.5,11.75,11.25,11.29,11.54,-0.25,-2.1664,58739.56,67203.19
301103.SZ,20241128,23.1,23.49,22.9,23.23,23.11,0.12,0.5193,15341.01,35679.029
301105.SZ,20241128,30.4,31.15,30.35,30.67,30.4,0.27,0.8882,5665.79,17440.721
301106.SZ,20241128,31.19,31.43,30.83,30.9,31.01,-0.11,-0.3547,12167.6,37900.788
301107.SZ,20241128,27.7,28.34,27.51,27.94,27.7,0.24,0.8664,11459.0,32062.372
301108.SZ,20241128,26.96,28.15,26.96,27.53,26.9,0.63,2.342,10704.6,29727.493
301109.SZ,20241128,16.32,17.31,16.2,17.16,16.36,0.8,4.89,69161.29,117422.362
301110.SZ,20241128,48.5,50.77,47.39,48.53,47.2,1.33,2.8178,74051.22,363562.068
301111.SZ,20241128,19.2,19.97,18.89,18.91,19.56,-0.65,-3.3231,97410.18,189350.51
301112.SZ,20241128,26.0,26.06,25.46,25.51,25.96,-0.45,-1.7334,11327.0,29194.276
301113.SZ,20241128,26.17,26.99,25.83,26.61,26.05,0.56,2.1497,8487.08,22549.061
301115.SZ,20241128,14.7,14.99,14.69,14.94,14.72,0.22,1.4946,22581.81,33636.177
301116.SZ,20241128,12.74,13.8,12.74,13.39,12.98,0.41,3.1587,213424.6,284509.556
301117.SZ,20241128,35.11,35.62,33.92,33.96,34.93,-0.97,-2.777,52431.95,181991.083
301118.SZ,20241128,21.23,21.6,20.79,20.91,21.43,-0.52,-2.4265,57113.96,120999.811
301119.SZ,20241128,25.6,27.8,25.2,27.33,25.95,1.38,5.3179,63602.15,169442.358
301120.SZ,20241128,10.05,10.14,9.95,9.99,10.07,-0.08,-0.7944,61446.37,61825.149
301121.SZ,20241128,48.7,49.69,48.38,48.45,48.78,-0.33,-0.6765,23304.0,114416.114
301122.SZ,20241128,22.11,22.94,21.78,21.78,22.1,-0.32,-1.448,37317.35,83154.369
301123.SZ,20241128,20.41,20.57,20.08,20.12,20.46,-0.34,-1.6618,60641.69,123088.207
301125.SZ,20241128,11.43,11.58,11.25,11.46,11.32,0.14,1.2367,38435.48,44029.5
301126.SZ,20241128,11.56,12.4,11.52,11.94,11.62,0.32,2.7539,129817.58,155410.858
301127.SZ,20241128,14.25,14.84,14.1,14.74,14.36,0.38,2.6462,157724.45,229874.563
301128.SZ,20241128,54.5,54.8,53.24,53.58,54.45,-0.87,-1.5978,13090.0,70547.648
301129.SZ,20241128,26.54,26.98,25.38,25.51,26.8,-1.29,-4.8134,80145.01,209579.036
301130.SZ,20241128,27.11,27.44,26.94,27.03,27.07,-0.04,-0.1478,10232.78,27779.04
301131.SZ,20241128,38.01,39.55,37.1,37.29,36.45,0.84,2.3045,38791.0,148596.665
301132.SZ,20241128,28.6,28.89,28.27,28.4,28.44,-0.04,-0.1406,26437.0,75541.927
301133.SZ,20241128,23.0,23.51,22.89,23.25,23.04,0.21,0.9115,17836.61,41456.627
301135.SZ,20241128,25.85,26.66,25.54,25.79,25.54,0.25,0.9789,41379.0,108001.922
301136.SZ,20241128,13.32,13.76,13.3,13.54,13.33,0.21,1.5754,63199.0,85730.697
301137.SZ,20241128,17.98,18.21,17.82,17.87,17.98,-0.11,-0.6118,21763.16,39197.073
301138.SZ,20241128,29.09,29.76,28.85,29.07,29.16,-0.09,-0.3086,19802.0,57935.431
301139.SZ,20241128,24.52,24.67,23.84,23.96,24.5,-0.54,-2.2041,44079.44,106785.624
301141.SZ,20241128,40.93,41.59,40.35,40.51,41.32,-0.81,-1.9603,32434.82,133084.308
301148.SZ,20241128,19.48,19.98,19.43,19.85,19.49,0.36,1.8471,12850.0,25424.949
301149.SZ,20241128,10.06,10.32,10.04,10.16,10.07,0.09,0.8937,35658.48,36379.358
301150.SZ,20241128,23.69,24.66,23.68,23.8,23.91,-0.11,-0.4601,50478.27,121685.226
301151.SZ,20241128,17.18,17.75,16.98,17.24,17.13,0.11,0.6421,77828.72,134997.923
301152.SZ,20241128,37.05,38.22,35.8,37.3,37.05,0.25,0.6748,60561.0,225905.72
301153.SZ,20241128,30.91,32.5,30.7,31.05,30.46,0.59,1.937,107631.2,339951.405
301155.SZ,20241128,65.75,68.0,63.83,64.35,65.96,-1.61,-2.4409,32646.53,215371.622
301156.SZ,20241128,13.65,13.97,13.55,13.81,13.6,0.21,1.5441,17195.22,23686.468
301157.SZ,20241128,38.0,38.26,37.32,37.55,38.14,-0.59,-1.5469,9783.96,36910.818
301158.SZ,20241128,14.9,15.52,14.8,15.13,14.78,0.35,2.3681,49072.0,74238.449
301159.SZ,20241128,35.35,36.5,34.91,34.96,35.49,-0.53,-1.4934,23771.0,84662.028
301160.SZ,20241128,52.22,54.8,51.72,53.96,52.52,1.44,2.7418,23828.94,127899.132
301161.SZ,20241128,19.25,19.64,19.18,19.29,19.26,0.03,0.1558,19675.93,38225.835
301162.SZ,20241128,42.58,42.66,41.06,41.16,42.66,-1.5,-3.5162,48816.49,203584.548
301163.SZ,20241128,23.35,23.72,23.02,23.1,23.12,-0.02,-0.0865,16969.0,39596.203
301165.SZ,20241128,50.16,50.35,48.81,49.08,50.08,-1.0,-1.9968,18495.25,91555.123
301166.SZ,20241128,30.44,30.79,30.3,30.35,30.44,-0.09,-0.2957,11378.59,34719.027
301167.SZ,20241128,14.26,14.58,14.09,14.35,14.04,0.31,2.208,53158.6,76490.913
301168.SZ,20241128,29.77,31.3,29.7,30.53,29.79,0.74,2.4841,28472.0,86929.99
301169.SZ,20241128,43.6,45.0,42.66,42.81,43.68,-0.87,-1.9918,26870.7,117075.045
301170.SZ,20241128,23.99,24.71,23.98,24.34,24.13,0.21,0.8703,11176.0,27208.641
301171.SZ,20241128,32.12,33.2,30.1,30.31,33.13,-2.82,-8.5119,786065.02,2457005.528
301172.SZ,20241128,30.39,31.0,30.15,30.25,30.49,-0.24,-0.7871,18839.0,57601.224
301175.SZ,20241128,5.49,5.61,5.48,5.55,5.5,0.05,0.9091,226873.99,126171.99
301176.SZ,20241128,19.59,19.99,19.26,19.47,19.58,-0.11,-0.5618,41748.58,82035.706
301177.SZ,20241128,24.3,25.27,23.96,24.1,24.25,-0.15,-0.6186,38027.45,93563.042
301178.SZ,20241128,32.22,32.66,30.78,31.4,32.41,-1.01,-3.1163,59867.22,188924.837
301179.SZ,20241128,18.12,18.3,17.84,17.87,18.18,-0.31,-1.7052,26346.75,47574.694
301180.SZ,20241128,15.13,15.19,14.92,14.95,15.1,-0.15,-0.9934,29510.9,44422.658
301181.SZ,20241128,22.77,23.34,22.51,22.94,22.6,0.34,1.5044,17578.25,40389.577
301182.SZ,20241128,34.89,37.03,34.89,36.01,34.89,1.12,3.2101,49015.15,177716.207
301183.SZ,20241128,51.0,51.0,49.3,49.49,50.9,-1.41,-2.7701,41151.71,206560.414
301185.SZ,20241128,18.79,19.14,18.45,18.5,18.79,-0.29,-1.5434,54684.89,102723.266
301186.SZ,20241128,40.5,42.32,40.12,41.52,40.72,0.8,1.9646,27980.93,116517.641
301187.SZ,20241128,27.19,27.38,26.07,26.37,27.18,-0.81,-2.9801,17436.0,46379.442
301188.SZ,20241128,17.4,17.4,17.03,17.06,17.47,-0.41,-2.3469,52637.05,90372.961
301189.SZ,20241128,27.0,28.3,26.5,26.69,27.44,-0.75,-2.7332,68984.53,187375.527
301190.SZ,20241128,16.03,16.35,15.9,16.1,16.03,0.07,0.4367,16572.92,26812.227
301191.SZ,20241128,79.7,81.85,78.67,79.5,79.43,0.07,0.0881,13080.5,105155.673
301192.SZ,20241128,18.83,19.18,18.56,18.88,18.83,0.05,0.2655,13058.0,24671.116
301193.SZ,20241128,16.91,17.2,16.76,16.9,16.99,-0.09,-0.5297,14567.2,24747.941
301195.SZ,20241128,35.96,38.08,35.2,37.37,36.15,1.22,3.3748,74841.9,274151.186
301196.SZ,20241128,34.87,35.28,34.78,34.96,35.03,-0.07,-0.1998,7312.0,25675.82
301197.SZ,20241128,15.99,16.2,15.7,15.91,15.83,0.08,0.5054,24769.56,39603.555
301198.SZ,20241128,10.5,10.8,10.5,10.58,10.52,0.06,0.5703,26483.79,28188.058
301199.SZ,20241128,28.49,28.65,27.67,27.74,28.57,-0.83,-2.9051,18904.53,53063.894
301200.SZ,20241128,35.75,35.83,34.96,35.06,35.8,-0.74,-2.067,16597.61,58671.959
301201.SZ,20241128,21.78,22.08,21.67,21.74,21.7,0.04,0.1843,12678.91,27723.687
301202.SZ,20241128,33.86,34.55,33.39,33.55,34.3,-0.75,-2.1866,41958.65,142549.417
301203.SZ,20241128,29.22,29.98,29.1,29.65,29.23,0.42,1.4369,6342.0,18811.682
301205.SZ,20241128,70.31,70.58,68.36,68.5,70.3,-1.8,-2.5605,21851.6,151750.796
301206.SZ,20241128,27.25,27.7,27.08,27.63,27.23,0.4,1.469,9107.5,25003.148
301207.SZ,20241128,19.3,19.46,19.15,19.28,19.3,-0.02,-0.1036,22355.5,43121.954
301208.SZ,20241128,35.79,36.35,35.14,35.14,35.41,-0.27,-0.7625,25389.8,90727.526
301209.SZ,20241128,29.18,29.48,28.26,28.48,28.88,-0.4,-1.385,18856.0,54122.523
301210.SZ,20241128,35.84,35.9,34.69,34.84,35.63,-0.79,-2.2172,11598.44,40820.676
301211.SZ,20241128,19.68,20.0,19.3,19.73,19.52,0.21,1.0758,36106.0,71501.125
301212.SZ,20241128,23.53,23.74,23.09,23.19,23.52,-0.33,-1.4031,17980.79,42144.88
301213.SZ,20241128,40.8,41.5,39.8,39.87,40.9,-1.03,-2.5183,21951.83,89003.676
301215.SZ,20241128,6.49,6.74,6.46,6.47,6.53,-0.06,-0.9188,259949.69,171061.364
301216.SZ,20241128,10.95,11.04,10.9,10.98,10.95,0.03,0.274,32223.54,35412.642
301217.SZ,20241128,11.09,11.25,10.95,10.99,11.1,-0.11,-0.991,49906.47,55347.882
301218.SZ,20241128,25.84,26.39,25.01,25.24,25.67,-0.43,-1.6751,79765.5,204467.336
301219.SZ,20241128,49.38,49.59,48.4,48.58,49.45,-0.87,-1.7594,30409.08,148854.947
301220.SZ,20241128,36.03,36.12,34.32,34.54,35.09,-0.55,-1.5674,24092.0,84354.181
301221.SZ,20241128,49.87,50.5,47.9,48.1,49.87,-1.77,-3.5492,33046.89,162229.578
301222.SZ,20241128,27.85,27.95,27.35,27.58,27.56,0.02,0.0726,11058.15,30577.159
301223.SZ,20241128,16.98,17.42,16.98,17.32,17.06,0.26,1.524,12758.69,22040.507
301225.SZ,20241128,27.83,27.97,27.5,27.66,27.87,-0.21,-0.7535,6952.33,19277.731
301226.SZ,20241128,23.88,24.2,23.65,23.7,23.88,-0.18,-0.7538,23294.83,55771.737
301227.SZ,20241128,18.74,19.56,18.72,19.24,18.72,0.52,2.7778,33473.37,64332.839
301228.SZ,20241128,14.25,14.25,13.82,13.89,14.19,-0.3,-2.1142,41701.66,58418.384
301229.SZ,20241128,21.76,21.99,21.69,21.73,21.77,-0.04,-0.1837,16730.2,36542.332
301230.SZ,20241128,25.8,26.12,25.21,25.3,25.98,-0.68,-2.6174,44410.19,113715.104
301231.SZ,20241128,20.58,21.2,20.38,20.47,20.85,-0.38,-1.8225,78448.71,162809.969
301232.SZ,20241128,28.6,28.98,28.4,28.5,28.55,-0.05,-0.1751,11675.46,33533.672
301233.SZ,20241128,44.37,44.88,43.64,43.99,44.58,-0.59,-1.3235,13438.0,59497.909
301234.SZ,20241128,27.81,28.01,27.15,27.37,27.72,-0.35,-1.2626,15674.61,43307.263
301235.SZ,20241128,20.99,21.3,20.9,21.12,21.06,0.06,0.2849,12534.0,26469.519
301236.SZ,20241128,62.78,67.36,60.8,63.99,62.79,1.2,1.9111,798834.47,5077446.901
301237.SZ,20241128,24.25,24.99,23.94,24.55,24.24,0.31,1.2789,6935.0,17077.05
301238.SZ,20241128,18.02,18.44,17.5,17.54,18.12,-0.58,-3.2009,103966.0,185977.694
301239.SZ,20241128,54.85,55.88,53.8,54.86,55.57,-0.71,-1.2777,21305.66,117009.059
301246.SZ,20241128,15.22,15.35,14.84,14.87,15.3,-0.43,-2.8105,81229.31,122530.366
301248.SZ,20241128,16.88,17.46,16.67,16.79,16.85,-0.06,-0.3561,54807.0,93274.603
301251.SZ,20241128,34.0,36.8,33.6,35.42,33.81,1.61,4.7619,93395.83,333545.102
301252.SZ,20241128,29.29,29.88,28.68,28.95,29.28,-0.33,-1.127,26023.42,75905.785
301255.SZ,20241128,34.38,34.51,33.55,33.6,34.0,-0.4,-1.1765,21535.3,72979.465
301256.SZ,20241128,7.9,8.3,7.87,8.02,7.89,0.13,1.6477,70381.93,56933.486
301257.SZ,20241128,30.99,31.58,30.61,30.66,30.92,-0.26,-0.8409,18050.86,56030.332
301258.SZ,20241128,27.18,27.68,27.01,27.23,27.19,0.04,0.1471,11977.0,32773.84
301259.SZ,20241128,51.2,51.96,50.7,51.24,51.2,0.04,0.0781,20585.5,105472.764
301260.SZ,20241128,14.09,14.39,14.04,14.13,14.05,0.08,0.5694,25607.02,36453.171
301261.SZ,20241128,40.01,40.34,39.21,39.31,40.41,-1.1,-2.7221,19941.92,79287.565
301262.SZ,20241128,28.88,29.05,27.92,27.98,28.79,-0.81,-2.8135,62341.14,177196.603
301263.SZ,20241128,14.33,14.66,14.16,14.38,14.33,0.05,0.3489,62676.12,90386.13
301265.SZ,20241128,9.49,9.79,9.49,9.65,9.48,0.17,1.7932,28781.42,27768.599
301266.SZ,20241128,42.61,43.79,42.0,42.84,42.7,0.14,0.3279,33539.43,144640.501
301267.SZ,20241128,21.33,21.42,20.91,20.98,21.33,-0.35,-1.6409,36428.17,76998.045
301268.SZ,20241128,22.16,23.07,21.3,21.32,22.5,-1.18,-5.2444,73436.48,161326.651
301269.SZ,20241128,126.14,130.71,123.5,124.01,128.17,-4.16,-3.2457,107171.26,1356753.283
301270.SZ,20241128,46.59,47.28,43.69,44.82,44.46,0.36,0.8097,95603.5,432501.821
301272.SZ,20241128,36.4,37.1,36.12,36.5,36.41,0.09,0.2472,6239.0,22856.883
301273.SZ,20241128,19.37,20.25,19.06,19.53,19.39,0.14,0.722,11949.58,23300.78
301276.SZ,20241128,21.3,22.08,21.21,21.4,21.3,0.1,0.4695,40216.64,87090.498
301277.SZ,20241128,14.69,14.9,14.69,14.8,14.74,0.06,0.4071,32162.7,47638.143
301278.SZ,20241128,37.8,38.79,37.58,38.09,37.92,0.17,0.4483,12472.4,47813.979
301279.SZ,20241128,22.19,22.6,22.0,22.16,22.26,-0.1,-0.4492,18566.0,41359.583
301280.SZ,20241128,41.2,41.5,40.37,40.5,41.26,-0.76,-1.842,7591.09,31018.896
301281.SZ,20241128,36.3,36.7,35.39,35.6,35.71,-0.11,-0.308,25998.58,93544.429
301282.SZ,20241128,22.4,22.61,22.21,22.24,22.4,-0.16,-0.7143,20991.0,47004.79
301283.SZ,20241128,27.39,27.91,27.21,27.55,27.39,0.16,0.5842,14388.49,39736.794
301285.SZ,20241128,29.6,30.12,28.82,29.02,29.74,-0.72,-2.421,62775.02,184181.064
301286.SZ,20241128,34.89,35.22,34.26,34.99,34.88,0.11,0.3154,7938.61,27627.003
301287.SZ,20241128,31.36,31.64,30.31,30.46,31.69,-1.23,-3.8814,23270.0,71961.069
301288.SZ,20241128,16.73,17.5,16.6,17.12,16.73,0.39,2.3311,33212.0,56710.065
301289.SZ,20241128,48.73,50.55,47.86,49.21,49.1,0.11,0.224,43103.4,211479.544
301290.SZ,20241128,26.71,27.44,26.49,26.6,26.71,-0.11,-0.4118,17058.02,45862.366
301291.SZ,20241128,39.4,40.16,37.9,38.04,39.6,-1.56,-3.9394,30203.72,116484.411
301292.SZ,20241128,15.33,15.66,15.15,15.22,15.34,-0.12,-0.7823,27792.0,42722.524
301293.SZ,20241128,46.6,47.8,46.38,46.4,46.66,-0.26,-0.5572,90654.8,426944.698
301295.SZ,20241128,22.74,22.98,22.54,22.67,22.69,-0.02,-0.0881,11510.4,26189.753
301296.SZ,20241128,9.9,10.02,9.67,9.76,9.92,-0.16,-1.6129,80991.72,79575.816
301297.SZ,20241128,48.2,48.85,47.13,47.21,48.34,-1.13,-2.3376,113160.49,542893.238
301298.SZ,20241128,14.4,14.63,14.38,14.52,14.39,0.13,0.9034,19540.65,28358.614
301299.SZ,20241128,55.1,56.56,54.65,54.93,55.06,-0.13,-0.2361,14090.0,78278.253
301300.SZ,20241128,26.84,29.31,26.51,28.79,26.69,2.1,7.8681,37334.84,104627.529
301301.SZ,20241128,13.14,13.15,12.94,12.98,13.15,-0.17,-1.2928,198926.17,259345.928
301302.SZ,20241128,24.11,24.95,22.25,22.68,23.84,-1.16,-4.8658,252245.3,591632.412
301303.SZ,20241128,15.06,15.1,14.71,14.76,15.0,-0.24,-1.6,26923.83,40117.816
301305.SZ,20241128,18.42,20.36,18.39,20.05,18.53,1.52,8.2029,117550.97,232541.774
301306.SZ,20241128,45.1,47.4,44.5,45.72,44.66,1.06,2.3735,65314.19,301116.175
301307.SZ,20241128,23.82,24.03,23.4,23.46,23.94,-0.48,-2.005,37656.96,89287.464
301308.SZ,20241128,86.1,90.6,85.67,88.87,86.26,2.61,3.0257,84398.08,744710.662
301309.SZ,20241128,27.0,27.32,26.61,26.7,27.0,-0.3,-1.1111,10239.37,27611.84
301310.SZ,20241128,24.94,25.05,24.59,24.59,24.95,-0.36,-1.4429,13122.43,32590.092
301311.SZ,20241128,20.22,20.34,19.67,19.7,19.85,-0.15,-0.7557,45211.93,90476.144
301312.SZ,20241128,47.4,47.7,46.51,46.58,47.77,-1.19,-2.4911,19637.5,92556.319
301313.SZ,20241128,26.88,27.5,24.41,24.56,25.68,-1.12,-4.3614,187436.05,486545.21
301314.SZ,20241128,40.02,41.43,39.88,40.02,41.8,-1.78,-4.2584,27234.33,110524.8
301315.SZ,20241128,44.01,45.75,43.8,44.0,44.23,-0.23,-0.52,29601.22,132551.439
301316.SZ,20241128,19.83,20.3,19.4,19.45,19.81,-0.36,-1.8173,91911.94,182174.637
301317.SZ,20241128,20.32,22.27,20.17,21.2,20.32,0.88,4.3307,23446.0,49934.493
301318.SZ,20241128,34.0,34.44,32.86,33.05,34.14,-1.09,-3.1927,58689.68,196576.663
301319.SZ,20241128,31.46,32.28,31.0,31.13,31.47,-0.34,-1.0804,19092.1,60367.101
301320.SZ,20241128,15.77,15.98,15.71,15.77,15.83,-0.06,-0.379,25081.5,39781.433
301321.SZ,20241128,16.31,16.58,16.09,16.14,16.26,-0.12,-0.738,31608.7,51637.417
301322.SZ,20241128,25.01,26.16,25.01,25.67,25.2,0.47,1.8651,15765.4,40651.112
301323.SZ,20241128,35.6,35.6,34.81,34.98,35.51,-0.53,-1.4925,10185.0,35941.677
301325.SZ,20241128,48.39,50.1,47.81,48.3,48.28,0.02,0.0414,56591.61,278399.878
301326.SZ,20241128,88.07,91.09,86.01,87.82,88.49,-0.67,-0.7571,36491.8,323172.125
301327.SZ,20241128,78.82,79.29,76.97,77.29,78.8,-1.51,-1.9162,5208.28,40655.412
301328.SZ,20241128,38.5,38.9,37.7,37.95,38.7,-0.75,-1.938,11068.98,42450.213
301329.SZ,20241128,19.58,19.77,19.3,19.37,19.57,-0.2,-1.022,22797.25,44588.981
301330.SZ,20241128,30.02,30.3,28.96,29.09,30.3,-1.21,-3.9934,92515.97,272843.766
301331.SZ,20241128,24.9,25.25,24.85,24.88,25.02,-0.14,-0.5596,7518.03,18856.523
301332.SZ,20241128,10.81,10.99,10.7,10.78,10.67,0.11,1.0309,61200.35,66516.408
301333.SZ,20241128,60.23,60.4,58.48,59.0,60.15,-1.15,-1.9119,6167.84,36476.214
301335.SZ,20241128,20.99,21.58,20.95,21.27,20.94,0.33,1.5759,19107.39,40659.369
301336.SZ,20241128,35.17,35.7,35.02,35.24,35.18,0.06,0.1706,6970.0,24666.651
301337.SZ,20241128,32.89,33.37,32.3,32.47,32.88,-0.41,-1.247,27300.78,89373.205
301338.SZ,20241128,33.77,34.86,33.5,33.9,33.87,0.03,0.0886,22094.62,75363.198
301339.SZ,20241128,20.2,20.4,19.76,19.88,20.2,-0.32,-1.5842,54552.0,109321.287
301345.SZ,20241128,59.82,60.41,58.59,58.77,59.92,-1.15,-1.9192,6634.01,39408.409
301348.SZ,20241128,27.67,28.45,27.57,27.82,28.0,-0.18,-0.6429,58148.72,162918.88
301349.SZ,20241128,31.21,31.43,30.12,30.68,31.14,-0.46,-1.4772,38992.0,119439.114
301353.SZ,20241128,28.6,28.8,28.31,28.53,28.49,0.04,0.1404,7845.38,22410.109
301355.SZ,20241128,12.4,12.71,12.19,12.35,12.38,-0.03,-0.2423,115240.47,143984.138
301356.SZ,20241128,17.87,18.53,17.86,18.07,17.84,0.23,1.2892,13316.9,24119.609
301357.SZ,20241128,36.79,38.3,36.23,36.95,36.88,0.07,0.1898,31340.53,116472.112
301358.SZ,20241128,53.28,54.7,51.8,52.1,53.29,-1.19,-2.2331,73796.3,391340.881
301359.SZ,20241128,24.4,24.98,24.29,24.39,24.24,0.15,0.6188,18451.0,45432.419
301360.SZ,20241128,55.55,56.67,54.17,54.42,55.85,-1.43,-2.5604,13056.34,72497.26
301361.SZ,20241128,27.88,27.88,27.0,27.23,27.94,-0.71,-2.5412,28064.77,77141.765
301362.SZ,20241128,45.09,45.45,44.0,44.28,45.4,-1.12,-2.467,8128.0,36428.374
301363.SZ,20241128,30.69,30.95,30.31,30.38,30.69,-0.31,-1.0101,11516.0,35254.916
301365.SZ,20241128,15.37,15.78,15.27,15.5,15.21,0.29,1.9066,46704.0,72757.874
301366.SZ,20241128,43.79,44.08,42.75,42.82,43.79,-0.97,-2.2151,23729.39,103180.077
301367.SZ,20241128,67.73,68.09,66.01,66.11,67.98,-1.87,-2.7508,8776.26,58504.941
301368.SZ,20241128,46.33,46.95,45.62,45.9,46.47,-0.57,-1.2266,42855.0,198245.622
301369.SZ,20241128,60.0,61.0,59.11,59.2,61.0,-1.8,-2.9508,19686.19,117952.427
301370.SZ,20241128,11.66,12.12,11.63,11.88,11.66,0.22,1.8868,88783.0,105165.919
301371.SZ,20241128,36.64,37.11,36.02,36.12,36.87,-0.75,-2.0342,30613.83,111392.446
301372.SZ,20241128,22.66,25.4,22.66,24.24,22.66,1.58,6.9726,55717.36,135495.822
301373.SZ,20241128,27.24,28.88,27.15,27.98,27.25,0.73,2.6789,22533.93,63494.019
301376.SZ,20241128,20.64,21.12,20.25,20.26,20.64,-0.38,-1.8411,40608.19,83778.241
301377.SZ,20241128,19.76,19.84,19.32,19.37,19.75,-0.38,-1.9241,16413.7,32168.482
301378.SZ,20241128,31.68,32.96,31.35,31.62,31.5,0.12,0.381,31473.16,100288.06
301379.SZ,20241128,20.0,20.21,19.81,19.9,20.01,-0.11,-0.5497,20944.67,41959.14
301380.SZ,20241128,42.34,44.59,41.88,44.25,42.05,2.2,5.2319,43655.0,187619.139
301381.SZ,20241128,26.78,27.43,25.93,25.95,26.69,-0.74,-2.7726,48688.24,129739.59
301382.SZ,20241128,29.43,31.0,28.83,30.15,29.97,0.18,0.6006,178227.79,530247.647
301383.SZ,20241128,37.93,39.15,37.43,37.65,38.28,-0.63,-1.6458,71767.34,273469.248
301386.SZ,20241128,21.26,21.47,21.19,21.21,21.32,-0.11,-0.5159,10852.96,23170.69
301387.SZ,20241128,33.2,33.7,32.46,32.58,32.96,-0.38,-1.1529,18301.8,60443.455
301388.SZ,20241128,23.27,23.38,23.01,23.1,23.2,-0.1,-0.431,11806.0,27399.452
301389.SZ,20241128,15.95,16.38,15.84,15.95,15.99,-0.04,-0.2502,36559.41,58709.561
301390.SZ,20241128,31.61,32.14,31.41,31.73,31.6,0.13,0.4114,9648.0,30728.422
301391.SZ,20241128,39.53,40.88,39.53,40.02,39.49,0.53,1.3421,14234.94,57295.696
301392.SZ,20241128,68.96,71.65,67.21,68.25,68.47,-0.22,-0.3213,27910.78,192862.906
301393.SZ,20241128,47.45,48.17,46.19,46.36,47.5,-1.14,-2.4,33173.0,156526.051
301395.SZ,20241128,11.81,12.02,11.81,11.89,11.84,0.05,0.4223,13282.0,15836.151
301396.SZ,20241128,28.2,29.06,27.65,28.17,28.24,-0.07,-0.2479,67641.8,191146.811
301397.SZ,20241128,26.67,27.5,26.51,26.96,26.71,0.25,0.936,20115.0,54412.082
301398.SZ,20241128,49.4,49.4,47.79,47.9,49.29,-1.39,-2.82,21662.0,104696.415
301399.SZ,20241128,23.34,23.99,23.01,23.47,23.34,0.13,0.557,58445.39,137879.07
301408.SZ,20241128,11.97,12.42,11.92,12.15,12.02,0.13,1.0815,67544.2,82430.018
301413.SZ,20241128,49.0,50.3,47.58,49.9,49.3,0.6,1.217,32815.72,161061.156
301418.SZ,20241128,36.55,36.7,36.18,36.2,36.52,-0.32,-0.8762,11205.09,40850.723
301419.SZ,20241128,32.66,33.4,31.91,32.12,33.8,-1.68,-4.9704,70620.88,229641.119
301421.SZ,20241128,54.13,56.23,53.8,53.87,54.66,-0.79,-1.4453,51311.32,280923.232
301428.SZ,20241128,32.54,33.49,32.01,32.16,32.56,-0.4,-1.2285,29109.75,95316.001
301429.SZ,20241128,17.38,17.5,17.28,17.38,17.38,0.0,0.0,8409.06,14630.903
301439.SZ,20241128,13.65,13.74,13.54,13.57,13.58,-0.01,-0.0736,20710.0,28215.453
301446.SZ,20241128,23.01,23.17,22.38,22.5,23.06,-0.56,-2.4284,31268.3,71129.726
301448.SZ,20241128,23.12,23.13,22.45,22.46,23.12,-0.66,-2.8547,30656.75,69768.565
301456.SZ,20241128,25.77,27.49,25.7,26.55,25.78,0.77,2.9868,69109.43,183351.298
301459.SZ,20241128,39.24,39.69,39.04,39.2,39.24,-0.04,-0.1019,10926.23,42964.167
301468.SZ,20241128,23.19,23.26,23.03,23.08,23.08,0.0,0.0,7443.66,17230.24
301469.SZ,20241128,24.99,25.77,24.88,25.38,25.1,0.28,1.1155,17869.79,45405.183
301486.SZ,20241128,44.4,44.96,43.75,43.84,44.26,-0.42,-0.9489,24735.0,109524.21
301487.SZ,20241128,28.36,30.4,27.95,28.0,28.43,-0.43,-1.5125,465697.51,1350052.987
301488.SZ,20241128,60.0,60.25,58.41,58.66,60.16,-1.5,-2.4934,12868.0,76322.676
301489.SZ,20241128,65.49,65.69,63.25,63.3,65.51,-2.21,-3.3735,19534.82,125236.969
301498.SZ,20241128,63.59,63.69,62.56,62.81,63.61,-0.8,-1.2577,10994.6,69208.122
301499.SZ,20241128,25.75,26.23,25.65,25.7,25.91,-0.21,-0.8105,16757.0,43498.615
301500.SZ,20241128,19.47,19.65,19.31,19.35,19.48,-0.13,-0.6674,13982.66,27282.507
301502.SZ,20241128,41.07,41.38,40.62,40.68,41.24,-0.56,-1.3579,7277.87,29852.535
301503.SZ,20241128,34.91,35.75,34.53,34.78,34.89,-0.11,-0.3153,20141.0,70785.207
301505.SZ,20241128,29.33,29.96,28.43,28.55,28.99,-0.44,-1.5178,94429.4,275765.36
301507.SZ,20241128,13.3,13.64,13.26,13.45,13.35,0.1,0.7491,47956.68,64760.186
301508.SZ,20241128,37.19,39.18,37.12,37.28,37.89,-0.61,-1.6099,43526.88,164723.39
301509.SZ,20241128,28.58,28.85,28.36,28.55,28.88,-0.33,-1.1427,22509.07,64358.229
301510.SZ,20241128,26.3,26.39,25.51,25.66,26.27,-0.61,-2.322,38363.91,99613.092
301511.SZ,20241128,14.96,15.19,14.76,14.77,14.98,-0.21,-1.4019,96149.91,144139.207
301512.SZ,20241128,42.8,43.7,42.48,42.9,42.8,0.1,0.2336,9629.0,41510.393
301515.SZ,20241128,20.8,21.2,20.6,20.79,20.83,-0.04,-0.192,31344.47,65316.358
301516.SZ,20241128,18.93,21.85,18.93,20.1,19.04,1.06,5.5672,188277.85,387563.137
301517.SZ,20241128,56.45,58.15,56.31,56.6,56.98,-0.38,-0.6669,32382.1,185369.377
301518.SZ,20241128,17.49,18.87,17.49,18.42,17.49,0.93,5.3173,49713.45,91435.539
301519.SZ,20241128,13.58,13.93,13.51,13.82,13.59,0.23,1.6924,43261.99,59819.765
301520.SZ,20241128,41.48,42.27,41.48,41.65,41.78,-0.13,-0.3112,6935.0,29049.388
301522.SZ,20241128,42.16,43.38,42.06,42.44,42.35,0.09,0.2125,60052.75,256259.35
301525.SZ,20241128,61.0,61.32,59.8,60.34,61.89,-1.55,-2.5044,32409.33,195217.108
301526.SZ,20241128,4.0,4.14,3.99,4.09,4.0,0.09,2.25,401974.05,165113.837
301528.SZ,20241128,44.45,45.28,44.0,44.24,44.0,0.24,0.5455,9002.02,40265.557
301529.SZ,20241128,33.0,33.72,32.91,33.23,33.15,0.08,0.2413,8009.68,26681.278
301533.SZ,20241128,30.9,31.89,30.64,30.93,30.4,0.53,1.7434,50160.77,156533.014
301536.SZ,20241128,43.99,44.33,42.81,43.07,43.78,-0.71,-1.6217,29729.53,129364.553
301538.SZ,20241128,79.41,80.65,76.88,78.15,80.11,-1.96,-2.4466,8385.0,66150.985
301539.SZ,20241128,20.01,20.17,19.82,19.83,20.03,-0.2,-0.9985,16119.66,32198.212
301548.SZ,20241128,44.89,45.47,44.51,44.9,44.82,0.08,0.1785,6308.0,28414.637
301550.SZ,20241128,58.6,60.24,57.17,57.47,59.12,-1.65,-2.7909,36680.33,215560.418
301551.SZ,20241128,59.81,60.98,58.23,58.33,60.36,-2.03,-3.3632,33436.55,198001.547
301552.SZ,20241128,52.48,52.48,51.0,51.3,52.48,-1.18,-2.2485,7862.52,40655.708
301555.SZ,20241128,26.22,26.8,26.1,26.15,26.26,-0.11,-0.4189,12501.0,33127.988
301556.SZ,20241128,79.71,85.0,78.42,82.25,80.5,1.75,2.1739,28299.81,231644.671
301558.SZ,20241128,10.68,11.17,10.07,10.18,10.5,-0.32,-3.0476,705124.7,739929.328
301559.SZ,20241128,16.12,16.29,16.07,16.08,16.11,-0.03,-0.1862,21922.0,35475.846
301565.SZ,20241128,25.92,28.22,25.25,26.28,24.36,1.92,7.8818,347324.02,922828.618
301566.SZ,20241128,20.06,20.34,19.85,19.95,20.26,-0.31,-1.5301,47290.44,95120.09
301567.SZ,20241128,50.4,52.1,49.5,49.7,50.8,-1.1,-2.1654,24343.86,122714.18
301568.SZ,20241128,33.6,33.73,32.5,32.99,33.71,-0.72,-2.1359,42611.01,140055.137
301571.SZ,20241128,47.01,48.58,46.41,46.68,47.24,-0.56,-1.1854,25677.45,121343.397
301577.SZ,20241128,60.86,61.43,60.2,60.27,60.75,-0.48,-0.7901,11215.6,68170.567
301578.SZ,20241128,60.0,60.12,57.56,57.99,60.94,-2.95,-4.8408,26503.19,155748.081
301580.SZ,20241128,56.65,56.96,55.79,55.82,56.65,-0.83,-1.4651,7648.16,43139.839
301586.SZ,20241128,57.22,57.5,55.98,56.18,56.99,-0.81,-1.4213,15673.62,88786.385
301587.SZ,20241128,26.51,26.85,26.05,26.08,26.62,-0.54,-2.0285,15310.36,40349.318
301588.SZ,20241128,21.77,22.46,21.77,22.19,21.9,0.29,1.3242,18059.39,40188.685
301589.SZ,20241128,173.78,175.46,172.31,173.01,174.68,-1.67,-0.956,5233.7,90966.499
301591.SZ,20241128,35.8,36.36,35.4,35.46,36.05,-0.59,-1.6366,9428.87,33761.569
301592.SZ,20241128,180.01,183.99,171.5,172.52,182.09,-9.57,-5.2556,37586.81,664695.809
301596.SZ,20241128,99.9,99.9,96.88,97.3,100.2,-2.9,-2.8942,12161.0,119334.575
301600.SZ,20241128,72.87,73.03,70.9,71.11,73.5,-2.39,-3.2517,17763.0,127648.655
301603.SZ,20241128,42.05,42.54,41.43,41.58,42.4,-0.82,-1.934,13972.99,58747.254
301606.SZ,20241128,34.77,35.85,34.33,34.95,34.8,0.15,0.431,30067.0,105299.331
301607.SZ,20241128,39.0,39.12,37.96,38.01,39.18,-1.17,-2.9862,14438.1,55494.004
301608.SZ,20241128,59.78,60.17,58.69,58.73,59.98,-1.25,-2.084,9345.11,55479.321
301611.SZ,20241128,60.73,61.71,59.6,59.68,60.95,-1.27,-2.0837,50992.7,308410.996
301613.SZ,20241128,65.18,65.65,64.49,64.49,65.78,-1.29,-1.9611,15264.71,99295.509
301618.SZ,20241128,107.64,108.94,106.0,106.01,108.71,-2.7,-2.4837,10199.75,109359.108
301626.SZ,20241128,112.59,120.18,111.1,114.41,111.0,3.41,3.0721,38677.47,447970.765
301628.SZ,20241128,84.12,85.45,83.11,83.3,83.96,-0.66,-0.7861,18283.51,153652.934
301631.SZ,20241128,148.48,151.75,139.79,140.04,150.0,-9.96,-6.64,50179.59,727220.795
301633.SZ,20241128,96.0,96.27,91.85,92.02,95.02,-3.0,-3.1572,16257.68,153197.852
302132.SZ,20241128,68.0,68.99,66.9,67.2,68.54,-1.34,-1.9551,142980.9,971342.394
