ts_code,trade_date,open,high,low,close,pre_close,change,pct_chg,vol,amount
300001.SZ,20241202,22.52,22.89,22.35,22.68,22.55,0.13,0.5765,145797.37,330749.351
300002.SZ,20241202,12.16,12.58,12.06,12.38,12.09,0.29,2.3987,938770.26,1161162.187
300003.SZ,20241202,11.98,12.23,11.91,12.15,12.03,0.12,0.9975,228473.02,277124.947
300004.SZ,20241202,6.82,7.04,6.79,7.04,6.81,0.23,3.3774,149963.0,104462.948
300005.SZ,20241202,7.87,8.33,7.87,8.28,7.89,0.39,4.943,308157.01,251453.095
300006.SZ,20241202,5.19,5.63,5.1,5.55,5.11,0.44,8.6106,714086.0,387087.721
300007.SZ,20241202,19.0,20.2,18.51,19.72,19.05,0.67,3.5171,516338.18,1011222.869
300008.SZ,20241202,5.23,5.44,5.19,5.44,5.22,0.22,4.2146,990179.03,532355.443
300009.SZ,20241202,8.92,9.09,8.9,9.06,8.95,0.11,1.2291,175934.96,158963.453
300010.SZ,20241202,9.64,10.65,9.64,10.21,9.83,0.38,3.8657,2894551.36,2912626.29
300011.SZ,20241202,8.32,8.84,8.32,8.72,8.31,0.41,4.9338,300289.24,258393.522
300012.SZ,20241202,13.59,13.69,13.33,13.5,13.51,-0.01,-0.074,358989.0,484859.284
300013.SZ,20241202,3.9,3.91,3.8,3.87,3.9,-0.03,-0.7692,141607.0,54545.708
300014.SZ,20241202,48.22,49.77,47.87,49.26,48.68,0.58,1.1915,261439.61,1275924.672
300015.SZ,20241202,14.66,14.95,14.6,14.82,14.68,0.14,0.9537,874730.56,1296001.56
300016.SZ,20241202,6.99,7.12,6.95,7.11,6.9,0.21,3.0435,121312.0,85617.541
300017.SZ,20241202,9.59,9.99,9.51,9.74,9.55,0.19,1.9895,1399808.35,1361769.703
300018.SZ,20241202,7.15,7.39,7.13,7.33,7.14,0.19,2.6611,273121.96,198428.941
300019.SZ,20241202,16.8,17.16,16.55,17.06,16.82,0.24,1.4269,213902.36,361863.167
300020.SZ,20241202,3.03,3.13,2.99,3.05,2.92,0.13,4.4521,644837.45,196862.837
300021.SZ,20241202,4.34,4.52,4.34,4.49,4.33,0.16,3.6952,291993.79,130058.924
300022.SZ,20241202,4.94,5.05,4.94,5.01,4.94,0.07,1.417,200910.2,100518.769
300024.SZ,20241202,20.0,21.51,19.6,20.48,19.96,0.52,2.6052,2448507.41,5016156.113
300025.SZ,20241202,12.9,13.63,12.51,12.66,12.92,-0.26,-2.0124,584492.0,761193.022
300026.SZ,20241202,4.07,4.2,4.06,4.19,4.06,0.13,3.202,877553.31,364318.368
300027.SZ,20241202,3.28,3.54,3.28,3.41,3.32,0.09,2.7108,2702256.14,922139.787
300029.SZ,20241202,5.54,5.71,5.51,5.7,5.66,0.04,0.7067,58019.03,32502.55
300030.SZ,20241202,7.07,7.3,7.06,7.13,6.93,0.2,2.886,236447.82,169828.339
300031.SZ,20241202,21.28,22.46,21.26,21.86,21.37,0.49,2.2929,429711.98,940767.805
300032.SZ,20241202,5.46,5.66,5.42,5.6,5.5,0.1,1.8182,543777.85,302842.415
300033.SZ,20241202,319.93,329.6,313.4,326.94,335.67,-8.73,-2.6008,338955.29,10920226.822
300034.SZ,20241202,16.5,16.82,16.45,16.8,16.5,0.3,1.8182,125060.91,208459.222
300035.SZ,20241202,15.98,16.14,15.69,16.07,15.98,0.09,0.5632,241825.34,386568.372
300036.SZ,20241202,18.25,18.63,18.17,18.5,18.31,0.19,1.0377,121293.53,224203.521
300037.SZ,20241202,40.98,41.5,40.5,40.8,40.99,-0.19,-0.4635,119243.23,487753.776
300039.SZ,20241202,6.67,6.89,6.66,6.87,6.66,0.21,3.1532,310331.2,211018.648
300040.SZ,20241202,7.0,7.14,6.98,7.08,7.06,0.02,0.2833,343643.1,242942.175
300041.SZ,20241202,8.88,9.09,8.85,9.06,8.88,0.18,2.027,116247.58,104610.28
300042.SZ,20241202,20.94,21.7,20.94,21.5,21.9,-0.4,-1.8265,107681.24,229332.143
300043.SZ,20241202,4.4,4.6,4.32,4.45,4.39,0.06,1.3667,2120894.86,950904.389
300044.SZ,20241202,7.5,8.19,7.48,7.87,7.4,0.47,6.3514,1381561.03,1078844.323
300045.SZ,20241202,24.61,24.93,24.42,24.7,24.49,0.21,0.8575,236119.84,582337.128
300046.SZ,20241202,40.66,42.0,40.37,41.63,41.38,0.25,0.6042,281324.13,1159233.774
300047.SZ,20241202,13.87,14.34,13.76,14.18,13.92,0.26,1.8678,509293.08,715794.615
300048.SZ,20241202,5.19,5.34,5.19,5.33,5.19,0.14,2.6975,152947.36,81021.663
300049.SZ,20241202,38.2,39.47,37.7,38.88,37.82,1.06,2.8027,87360.0,338431.694
300050.SZ,20241202,6.82,7.68,6.72,7.2,6.74,0.46,6.8249,831508.5,593366.501
300051.SZ,20241202,8.66,9.03,8.47,8.84,8.62,0.22,2.5522,99794.53,87448.88
300052.SZ,20241202,19.9,20.46,19.8,20.14,20.0,0.14,0.7,170032.99,342960.216
300053.SZ,20241202,15.7,15.74,15.4,15.7,15.71,-0.01,-0.0637,388840.41,606573.811
300054.SZ,20241202,27.93,28.49,27.36,27.55,27.9,-0.35,-1.2545,205674.3,573432.938
300055.SZ,20241202,5.74,5.85,5.68,5.82,5.68,0.14,2.4648,144388.54,83578.24
300056.SZ,20241202,15.0,15.5,14.8,15.1,14.69,0.41,2.791,275618.44,419080.183
300057.SZ,20241202,5.58,5.75,5.56,5.74,5.59,0.15,2.6834,223917.71,127437.985
300058.SZ,20241202,10.91,11.8,10.81,11.11,10.96,0.15,1.3686,5417229.99,6100681.58
300059.SZ,20241202,26.8,27.79,26.7,27.46,27.26,0.2,0.7337,8277176.29,22643098.826
300061.SZ,20241202,16.06,16.72,15.87,16.32,16.64,-0.32,-1.9231,728341.43,1178387.088
300062.SZ,20241202,5.83,6.01,5.82,6.01,5.84,0.17,2.911,172617.8,102783.652
300063.SZ,20241202,10.58,11.27,10.58,10.96,10.86,0.1,0.9208,1350849.07,1472830.622
300065.SZ,20241202,9.15,10.16,9.14,10.13,9.17,0.96,10.4689,514023.76,503928.94
300066.SZ,20241202,4.53,4.73,4.5,4.71,4.52,0.19,4.2035,414780.55,193099.542
300067.SZ,20241202,5.88,6.04,5.82,5.98,5.78,0.2,3.4602,684309.49,407524.273
300068.SZ,20241202,18.99,19.4,18.66,19.26,19.05,0.21,1.1024,665098.0,1268973.893
300069.SZ,20241202,15.78,16.0,15.7,15.83,15.7,0.13,0.828,27232.0,43210.601
300070.SZ,20241202,5.89,5.94,5.81,5.89,5.86,0.03,0.5119,626555.89,367850.23
300071.SZ,20241202,4.73,5.0,4.65,4.94,4.73,0.21,4.4397,944205.5,458459.508
300072.SZ,20241202,4.49,4.58,4.45,4.5,4.55,-0.05,-1.0989,1121136.12,503889.025
300073.SZ,20241202,45.51,46.6,45.01,46.46,45.87,0.59,1.2862,169911.03,783818.125
300074.SZ,20241202,4.8,5.02,4.79,4.97,4.83,0.14,2.8986,296896.0,146323.728
300075.SZ,20241202,18.7,19.14,18.4,19.0,18.98,0.02,0.1054,371094.12,699542.092
300076.SZ,20241202,6.87,7.18,6.87,6.95,6.91,0.04,0.5789,246475.68,172551.134
300077.SZ,20241202,29.8,30.42,29.7,30.17,30.29,-0.12,-0.3962,778599.79,2339902.612
300078.SZ,20241202,3.76,3.9,3.74,3.87,3.75,0.12,3.2,720240.9,277038.841
300079.SZ,20241202,6.3,6.53,6.27,6.42,6.33,0.09,1.4218,951335.38,612133.532
300080.SZ,20241202,4.92,5.2,4.87,5.19,4.94,0.25,5.0607,424194.01,216423.173
300081.SZ,20241202,9.28,10.42,9.15,9.76,9.96,-0.2,-2.008,1722352.36,1682272.171
300082.SZ,20241202,7.68,7.7,7.5,7.61,7.6,0.01,0.1316,326576.0,247432.094
300083.SZ,20241202,7.25,7.58,7.24,7.46,7.31,0.15,2.052,474488.57,354161.286
300084.SZ,20241202,6.2,6.45,6.18,6.43,6.17,0.26,4.2139,136429.85,86662.379
300085.SZ,20241202,50.22,51.94,50.22,51.18,52.71,-1.53,-2.9027,963295.01,4901591.654
300086.SZ,20241202,5.86,6.46,5.8,6.46,5.38,1.08,20.0743,535592.81,339104.182
300087.SZ,20241202,11.7,12.59,11.63,12.07,11.7,0.37,3.1624,869924.33,1052766.754
300088.SZ,20241202,6.82,7.05,6.82,6.98,6.85,0.13,1.8978,786407.24,548075.939
300091.SZ,20241202,2.9,3.09,2.88,3.08,2.88,0.2,6.9444,1059015.25,321415.473
300092.SZ,20241202,12.07,12.36,12.03,12.35,12.06,0.29,2.4046,65446.0,80132.49
300093.SZ,20241202,18.69,19.29,18.05,19.28,19.23,0.05,0.26,220197.4,413548.479
300094.SZ,20241202,4.7,5.08,4.65,4.9,4.67,0.23,4.9251,1693472.88,823862.447
300095.SZ,20241202,7.24,7.49,7.24,7.41,7.25,0.16,2.2069,71175.0,52431.078
300096.SZ,20241202,3.61,3.69,3.57,3.68,3.61,0.07,1.9391,117656.82,42978.205
300097.SZ,20241202,8.14,8.55,8.13,8.29,8.16,0.13,1.5931,330348.18,274907.007
300098.SZ,20241202,6.21,7.34,6.16,7.34,6.12,1.22,19.9346,3950919.96,2792168.937
300099.SZ,20241202,7.16,7.2,6.92,7.11,6.96,0.15,2.1552,465968.19,327251.481
300100.SZ,20241202,21.91,23.6,21.9,23.45,21.66,1.79,8.2641,388775.46,895214.985
300101.SZ,20241202,23.46,24.63,23.25,24.38,23.58,0.8,3.3927,267436.24,641930.434
300102.SZ,20241202,11.38,11.66,11.33,11.57,11.39,0.18,1.5803,350135.1,402351.54
300103.SZ,20241202,7.27,7.49,7.22,7.46,7.27,0.19,2.6135,79555.5,58633.322
300105.SZ,20241202,7.29,7.41,7.23,7.41,7.26,0.15,2.0661,87494.0,64266.564
300106.SZ,20241202,10.39,10.85,10.38,10.65,10.41,0.24,2.3055,272505.52,289159.954
300107.SZ,20241202,11.01,11.3,10.96,11.23,11.01,0.22,1.9982,187090.0,209529.181
300108.SZ,20241202,2.01,2.25,2.01,2.18,2.28,-0.1,-4.386,593654.03,127005.775
300109.SZ,20241202,14.95,15.25,14.84,14.98,14.96,0.02,0.1337,170996.0,257046.874
300110.SZ,20241202,3.88,4.0,3.88,3.99,3.87,0.12,3.1008,316151.4,125354.094
300111.SZ,20241202,3.49,3.65,3.48,3.61,3.5,0.11,3.1429,530970.11,189936.784
300112.SZ,20241202,9.57,9.78,9.5,9.66,9.55,0.11,1.1518,161463.0,156168.334
300113.SZ,20241202,15.22,15.56,15.2,15.39,15.31,0.08,0.5225,310630.5,477240.876
300115.SZ,20241202,16.62,17.19,16.61,16.92,16.6,0.32,1.9277,509263.66,863108.761
300117.SZ,20241202,1.26,1.54,1.26,1.54,1.28,0.26,20.3125,1090333.55,151535.309
300118.SZ,20241202,14.26,14.98,13.91,14.96,14.57,0.39,2.6767,777224.72,1122288.467
300119.SZ,20241202,20.48,20.96,20.2,20.46,20.39,0.07,0.3433,108049.0,223167.724
300120.SZ,20241202,10.99,12.16,10.95,11.67,11.09,0.58,5.2299,631974.83,732756.933
300121.SZ,20241202,13.66,14.33,13.6,14.23,13.74,0.49,3.5662,226551.8,319491.256
300122.SZ,20241202,29.28,29.84,29.12,29.74,29.39,0.35,1.1909,248481.84,735207.943
300123.SZ,20241202,6.92,7.08,6.87,7.08,6.91,0.17,2.4602,345509.38,242777.316
300124.SZ,20241202,61.5,63.5,61.33,62.98,60.3,2.68,4.4444,483479.44,3032832.326
300125.SZ,20241202,7.67,7.67,7.04,7.67,6.39,1.28,20.0313,326923.63,242656.683
300126.SZ,20241202,6.04,6.3,6.04,6.27,6.03,0.24,3.9801,93220.27,57928.285
300127.SZ,20241202,30.95,33.9,30.95,33.33,31.41,1.92,6.1127,344949.0,1111848.613
300128.SZ,20241202,6.0,6.37,6.0,6.2,5.84,0.36,6.1644,1192208.52,743172.055
300129.SZ,20241202,7.84,8.17,7.78,8.13,7.87,0.26,3.3037,283768.0,228811.84
300130.SZ,20241202,25.6,25.84,25.11,25.62,25.67,-0.05,-0.1948,269031.34,686728.482
300131.SZ,20241202,7.73,8.17,7.61,7.98,7.91,0.07,0.885,1015677.04,801971.108
300132.SZ,20241202,5.19,5.59,5.16,5.43,5.17,0.26,5.029,243139.0,131390.824
300133.SZ,20241202,8.14,8.47,8.13,8.22,8.24,-0.02,-0.2427,1644599.68,1362333.083
300134.SZ,20241202,13.48,13.79,13.43,13.69,13.45,0.24,1.7844,165199.67,225489.785
300135.SZ,20241202,4.9,5.1,4.87,5.03,4.9,0.13,2.6531,761084.69,381809.762
300136.SZ,20241202,25.36,26.14,25.35,26.1,25.32,0.78,3.0806,358840.17,925845.026
300137.SZ,20241202,5.68,5.85,5.62,5.79,5.62,0.17,3.0249,83049.49,48018.283
300138.SZ,20241202,9.05,9.19,9.02,9.16,9.05,0.11,1.2155,98959.12,90315.11
300139.SZ,20241202,16.43,16.95,16.43,16.9,16.77,0.13,0.7752,195095.46,327264.328
300140.SZ,20241202,6.55,6.79,6.49,6.72,6.49,0.23,3.5439,234665.47,157172.889
300141.SZ,20241202,9.35,9.7,9.29,9.7,9.37,0.33,3.5219,64787.5,61958.229
300142.SZ,20241202,14.7,14.97,14.49,14.87,14.8,0.07,0.473,241617.75,357808.796
300143.SZ,20241202,10.3,10.5,10.15,10.2,10.03,0.17,1.6949,78757.0,80886.16
300144.SZ,20241202,9.35,9.69,9.32,9.66,9.44,0.22,2.3305,476457.63,456246.963
300145.SZ,20241202,3.37,3.55,3.37,3.53,3.37,0.16,4.7478,672071.72,234033.52
300146.SZ,20241202,12.5,12.82,12.5,12.81,12.52,0.29,2.3163,220649.37,279711.064
300147.SZ,20241202,12.37,13.0,12.28,12.9,12.37,0.53,4.2846,521912.56,668654.345
300148.SZ,20241202,4.68,4.8,4.61,4.7,4.6,0.1,2.1739,896887.46,422971.827
300149.SZ,20241202,6.79,7.07,6.77,7.06,6.77,0.29,4.2836,140829.0,98413.714
300150.SZ,20241202,4.8,5.24,4.78,5.15,4.8,0.35,7.2917,341591.22,171695.969
300151.SZ,20241202,20.2,20.7,19.95,20.44,20.15,0.29,1.4392,104790.0,213321.567
300152.SZ,20241202,6.48,6.84,6.39,6.65,6.51,0.14,2.1505,787316.52,525329.836
300153.SZ,20241202,8.25,8.46,8.25,8.43,8.28,0.15,1.8116,99942.37,83844.047
300154.SZ,20241202,7.19,8.63,7.19,8.63,7.19,1.44,20.0278,323678.13,265390.392
300155.SZ,20241202,5.58,6.4,5.58,6.02,5.76,0.26,4.5139,607061.38,359168.984
300157.SZ,20241202,3.32,3.45,3.32,3.43,3.32,0.11,3.3133,309204.31,105529.749
300158.SZ,20241202,5.04,5.2,5.01,5.17,5.01,0.16,3.1936,335693.42,172793.627
300159.SZ,20241202,3.64,3.8,3.64,3.78,3.63,0.15,4.1322,1038401.0,389134.888
300160.SZ,20241202,5.92,6.08,5.9,6.08,5.93,0.15,2.5295,160067.0,96577.737
300161.SZ,20241202,28.78,30.1,28.78,29.55,28.82,0.73,2.533,87843.18,260105.263
300162.SZ,20241202,8.53,8.85,8.45,8.64,8.52,0.12,1.4085,492727.2,425380.491
300163.SZ,20241202,2.38,2.51,2.38,2.47,2.38,0.09,3.7815,220447.0,53947.879
300164.SZ,20241202,4.6,4.73,4.6,4.73,4.62,0.11,2.381,296299.0,139007.67
300165.SZ,20241202,3.95,4.16,3.92,4.13,3.94,0.19,4.8223,251734.99,102805.366
300166.SZ,20241202,10.75,11.5,10.54,11.24,10.7,0.54,5.0467,1434191.06,1596035.469
300167.SZ,20241202,2.27,2.4,2.26,2.33,2.29,0.04,1.7467,216246.0,50457.183
300168.SZ,20241202,9.52,9.84,9.35,9.43,9.58,-0.15,-1.5658,942081.15,898150.201
300169.SZ,20241202,9.11,9.45,9.11,9.36,9.38,-0.02,-0.2132,326942.62,304938.202
300170.SZ,20241202,9.67,10.03,9.6,9.88,9.69,0.19,1.9608,570477.52,562329.399
300171.SZ,20241202,14.65,16.15,14.25,15.47,14.65,0.82,5.5973,476542.91,726866.798
300172.SZ,20241202,5.58,5.72,5.58,5.69,5.6,0.09,1.6071,265693.8,150855.363
300173.SZ,20241202,8.1,8.64,8.02,8.18,8.44,-0.26,-3.0806,1779405.16,1459131.52
300174.SZ,20241202,17.88,18.33,17.78,18.11,17.96,0.15,0.8352,79434.57,143126.863
300175.SZ,20241202,7.25,7.42,7.1,7.29,7.05,0.24,3.4043,296250.74,214915.182
300176.SZ,20241202,7.89,8.12,7.88,8.11,7.9,0.21,2.6582,218529.22,175966.097
300177.SZ,20241202,12.3,13.33,12.24,13.19,12.29,0.9,7.323,953001.5,1231570.727
300179.SZ,20241202,8.6,8.99,8.55,8.99,8.59,0.4,4.6566,251459.21,222024.039
300180.SZ,20241202,7.55,7.93,7.44,7.82,7.61,0.21,2.7595,940557.65,729830.327
300181.SZ,20241202,17.23,17.38,16.96,17.18,17.17,0.01,0.0582,132225.26,226854.052
300182.SZ,20241202,6.3,6.65,6.27,6.43,6.34,0.09,1.4196,2794279.35,1812615.339
300183.SZ,20241202,16.68,17.09,16.64,16.98,16.65,0.33,1.982,84862.25,143662.306
300184.SZ,20241202,10.5,11.2,10.48,11.14,10.52,0.62,5.8935,1092790.77,1189318.596
300185.SZ,20241202,2.83,2.95,2.82,2.95,2.82,0.13,4.6099,1270952.13,368546.851
300187.SZ,20241202,5.6,5.68,5.6,5.64,5.59,0.05,0.8945,93531.55,52828.448
300188.SZ,20241202,15.41,15.95,15.26,15.76,15.47,0.29,1.8746,198913.48,311775.773
300189.SZ,20241202,4.25,4.96,4.14,4.96,4.13,0.83,20.0969,3291783.48,1540898.077
300190.SZ,20241202,4.06,4.13,4.01,4.11,4.02,0.09,2.2388,189617.2,77309.532
300191.SZ,20241202,14.35,14.45,14.27,14.41,14.35,0.06,0.4181,43004.87,61766.543
300192.SZ,20241202,14.2,14.6,14.04,14.42,14.19,0.23,1.6209,197308.01,282854.14
300193.SZ,20241202,9.57,9.99,9.52,9.95,9.51,0.44,4.6267,252295.39,248122.753
300194.SZ,20241202,5.1,5.18,5.07,5.18,5.08,0.1,1.9685,501931.06,258044.142
300195.SZ,20241202,6.3,6.52,6.3,6.49,6.28,0.21,3.3439,349011.52,224450.198
300196.SZ,20241202,11.51,11.74,11.41,11.7,11.55,0.15,1.2987,46016.3,53505.72
300197.SZ,20241202,2.48,2.63,2.47,2.62,2.47,0.15,6.0729,1464751.43,378681.083
300198.SZ,20241202,2.47,2.69,2.45,2.66,2.47,0.19,7.6923,862611.52,224809.242
300199.SZ,20241202,12.1,12.68,12.1,12.63,11.95,0.68,5.6904,545513.4,681758.333
300200.SZ,20241202,9.13,9.37,9.12,9.35,9.19,0.16,1.741,93145.84,86435.673
300201.SZ,20241202,5.69,6.43,5.69,6.12,5.66,0.46,8.1272,969452.35,588471.394
300203.SZ,20241202,17.66,17.66,16.8,17.0,17.49,-0.49,-2.8016,180230.01,309352.576
300204.SZ,20241202,8.46,8.77,8.43,8.76,8.4,0.36,4.2857,209131.55,180607.739
300205.SZ,20241202,5.62,5.74,5.62,5.73,5.69,0.04,0.703,80714.0,45874.566
300206.SZ,20241202,12.15,12.75,12.08,12.4,12.14,0.26,2.1417,309681.6,384263.759
300207.SZ,20241202,22.81,24.0,22.51,23.89,22.86,1.03,4.5057,600749.95,1417781.717
300208.SZ,20241202,2.98,3.01,2.91,2.98,3.0,-0.02,-0.6667,192360.01,56893.982
300209.SZ,20241202,5.87,5.99,5.77,5.88,5.85,0.03,0.5128,114363.0,67027.219
300210.SZ,20241202,12.26,12.4,12.16,12.29,12.28,0.01,0.0814,160386.01,196791.424
300211.SZ,20241202,10.83,11.57,9.81,10.08,10.52,-0.44,-4.1825,683792.88,724566.104
300212.SZ,20241202,26.94,27.24,26.83,27.04,26.96,0.08,0.2967,220099.62,594775.308
300213.SZ,20241202,8.52,8.77,8.52,8.7,8.47,0.23,2.7155,347095.04,300388.758
300214.SZ,20241202,5.96,6.12,5.94,6.09,5.94,0.15,2.5253,101455.0,61315.735
300215.SZ,20241202,6.81,6.99,6.74,6.88,6.83,0.05,0.7321,439394.13,300894.607
300217.SZ,20241202,5.88,6.35,5.81,5.99,5.83,0.16,2.7444,1330864.97,805237.16
300218.SZ,20241202,15.8,16.12,15.79,16.01,15.81,0.2,1.265,36251.0,57828.906
300219.SZ,20241202,8.11,8.29,8.07,8.17,8.25,-0.08,-0.9697,423729.34,345587.004
300220.SZ,20241202,19.8,20.46,19.01,19.6,20.76,-1.16,-5.5877,357277.96,701265.538
300221.SZ,20241202,6.65,6.83,6.65,6.75,6.57,0.18,2.7397,489348.04,330919.304
300222.SZ,20241202,12.2,12.71,11.88,12.09,12.01,0.08,0.6661,1419368.29,1738692.683
300223.SZ,20241202,68.5,69.95,68.23,69.31,68.98,0.33,0.4784,90405.86,626022.036
300224.SZ,20241202,12.71,13.24,12.65,13.21,12.8,0.41,3.2031,341316.8,445497.998
300225.SZ,20241202,7.18,7.37,7.17,7.35,7.17,0.18,2.5105,84795.96,61866.245
300226.SZ,20241202,24.93,26.01,24.73,25.8,25.25,0.55,2.1782,189803.8,484448.748
300227.SZ,20241202,10.03,10.24,9.83,10.09,10.03,0.06,0.5982,402293.3,403288.284
300228.SZ,20241202,7.7,7.76,7.63,7.73,7.65,0.08,1.0458,319734.2,246581.921
300229.SZ,20241202,22.88,25.0,22.56,23.01,23.06,-0.05,-0.2168,2275356.53,5352940.141
300230.SZ,20241202,4.84,5.02,4.83,4.98,4.84,0.14,2.8926,252531.8,125000.69
300231.SZ,20241202,13.78,16.44,13.55,15.28,13.7,1.58,11.5328,1437499.04,2187949.448
300232.SZ,20241202,6.83,7.08,6.82,7.05,6.83,0.22,3.2211,256604.74,179999.214
300233.SZ,20241202,13.29,13.63,13.25,13.5,13.27,0.23,1.7332,74403.75,100137.753
300234.SZ,20241202,5.27,5.34,5.25,5.33,5.26,0.07,1.3308,93118.38,49481.747
300235.SZ,20241202,12.44,13.28,12.19,12.97,12.68,0.29,2.2871,375657.91,474746.717
300236.SZ,20241202,39.31,39.76,38.83,39.7,39.25,0.45,1.1465,47097.0,185739.735
300237.SZ,20241202,2.49,2.62,2.48,2.61,2.49,0.12,4.8193,1090524.73,280945.956
300238.SZ,20241202,13.49,13.74,13.4,13.68,13.42,0.26,1.9374,76601.1,104331.471
300239.SZ,20241202,5.78,5.93,5.78,5.87,5.81,0.06,1.0327,182143.0,107000.358
300240.SZ,20241202,7.93,8.24,7.8,8.16,8.06,0.1,1.2407,546545.0,437031.054
300241.SZ,20241202,5.71,5.95,5.71,5.89,5.73,0.16,2.7923,332765.86,194634.347
300242.SZ,20241202,4.97,5.47,4.97,5.34,5.1,0.24,4.7059,1026406.62,542772.198
300243.SZ,20241202,10.89,11.16,10.8,11.08,11.0,0.08,0.7273,117522.1,129481.106
300244.SZ,20241202,12.78,13.08,12.71,12.98,12.79,0.19,1.4855,131812.07,170530.71
300245.SZ,20241202,12.52,14.05,12.46,13.45,12.8,0.65,5.0781,579140.97,765111.223
300246.SZ,20241202,7.69,7.86,7.69,7.8,7.69,0.11,1.4304,125833.37,97801.278
300247.SZ,20241202,4.21,4.39,4.2,4.33,4.23,0.1,2.3641,293424.26,126700.965
300248.SZ,20241202,11.71,12.27,11.52,12.0,11.93,0.07,0.5868,464697.94,553495.32
300249.SZ,20241202,10.9,11.46,10.78,11.24,10.84,0.4,3.69,716119.71,790400.704
300250.SZ,20241202,16.0,16.34,15.8,16.25,15.92,0.33,2.0729,113028.0,182179.977
300251.SZ,20241202,8.78,9.4,8.77,9.23,8.83,0.4,4.53,741254.38,681311.714
300252.SZ,20241202,9.12,9.44,9.1,9.39,9.14,0.25,2.7352,238137.8,221544.266
300253.SZ,20241202,8.05,8.2,8.01,8.06,7.96,0.1,1.2563,466736.72,377991.643
300254.SZ,20241202,9.45,9.73,9.44,9.73,9.43,0.3,3.1813,117114.0,112937.599
300255.SZ,20241202,19.11,20.08,19.09,19.9,19.23,0.67,3.4841,249329.0,489884.509
300256.SZ,20241202,4.5,4.7,4.5,4.69,4.53,0.16,3.532,983013.0,457845.629
300257.SZ,20241202,9.54,9.76,9.52,9.74,9.52,0.22,2.3109,82010.0,79327.807
300258.SZ,20241202,9.8,10.1,9.72,10.04,9.57,0.47,4.9112,320278.82,319159.673
300259.SZ,20241202,3.8,3.95,3.8,3.94,3.8,0.14,3.6842,232744.69,90784.209
300260.SZ,20241202,27.72,28.4,27.66,28.29,27.9,0.39,1.3978,123233.8,346187.453
300261.SZ,20241202,8.01,8.21,7.99,8.17,8.0,0.17,2.125,249858.0,203263.266
300263.SZ,20241202,7.37,7.52,7.35,7.5,7.37,0.13,1.7639,219994.84,164115.526
300264.SZ,20241202,6.71,6.89,6.67,6.82,6.72,0.1,1.4881,459649.0,311295.798
300265.SZ,20241202,8.7,9.05,8.67,8.87,8.67,0.2,2.3068,240922.0,213113.815
300266.SZ,20241202,3.18,3.36,3.18,3.35,3.17,0.18,5.6782,791159.8,261707.364
300267.SZ,20241202,3.21,3.38,3.2,3.35,3.19,0.16,5.0157,654863.68,217535.44
300268.SZ,20241202,8.26,8.36,8.2,8.21,8.29,-0.08,-0.965,12835.0,10583.878
300269.SZ,20241202,4.95,5.1,4.95,5.0,4.99,0.01,0.2004,515052.36,258755.942
300270.SZ,20241202,7.98,9.21,7.98,8.68,7.94,0.74,9.3199,505508.66,430823.725
300271.SZ,20241202,8.06,8.37,8.02,8.2,8.07,0.13,1.6109,304066.93,248992.357
300272.SZ,20241202,6.84,7.08,6.83,6.97,6.83,0.14,2.0498,164922.07,115124.71
300274.SZ,20241202,79.84,82.08,79.0,81.83,81.28,0.55,0.6767,306758.71,2490958.481
300275.SZ,20241202,15.43,16.1,15.31,15.42,15.51,-0.09,-0.5803,160241.1,251555.448
300276.SZ,20241202,7.87,8.33,7.7,8.33,6.94,1.39,20.0288,2790253.29,2280927.451
300277.SZ,20241202,12.81,13.22,12.66,13.08,12.81,0.27,2.1077,239303.8,310020.569
300278.SZ,20241202,6.67,7.2,6.59,6.98,6.68,0.3,4.491,1781550.79,1236088.538
300279.SZ,20241202,7.01,7.12,7.01,7.07,7.03,0.04,0.569,281826.0,199246.091
300280.SZ,20241202,17.99,18.09,17.52,17.66,17.91,-0.25,-1.3959,213086.58,376709.979
300281.SZ,20241202,6.75,7.04,6.7,6.95,6.72,0.23,3.4226,258896.5,178737.654
300283.SZ,20241202,6.5,6.74,6.48,6.65,6.52,0.13,1.9939,143972.0,95384.723
300284.SZ,20241202,11.45,11.88,11.4,11.69,11.49,0.2,1.7406,438316.96,512606.257
300285.SZ,20241202,18.63,18.73,18.33,18.6,18.5,0.1,0.5405,151964.0,282150.429
300286.SZ,20241202,19.39,19.49,19.22,19.46,19.38,0.08,0.4128,39059.5,75735.884
300287.SZ,20241202,4.89,5.2,4.86,5.19,4.93,0.26,5.2738,1352745.49,688503.938
300288.SZ,20241202,15.99,16.13,15.81,15.98,15.81,0.17,1.0753,141142.0,225193.431
300289.SZ,20241202,5.53,5.69,5.49,5.67,5.52,0.15,2.7174,132781.19,74825.718
300290.SZ,20241202,24.7,24.7,23.66,24.07,24.81,-0.74,-2.9827,479191.29,1150761.983
300291.SZ,20241202,6.19,6.55,6.19,6.36,6.22,0.14,2.2508,808414.98,514244.944
300292.SZ,20241202,5.34,5.54,5.31,5.5,5.32,0.18,3.3835,738163.04,402835.228
300293.SZ,20241202,27.2,28.63,27.1,28.45,27.25,1.2,4.4037,222606.92,617896.315
300294.SZ,20241202,31.22,31.47,30.98,31.32,31.22,0.1,0.3203,51424.47,160650.612
300295.SZ,20241202,20.03,21.74,20.03,21.25,20.8,0.45,2.1635,275617.15,577111.446
300296.SZ,20241202,5.4,5.59,5.4,5.55,5.39,0.16,2.9685,809830.11,447082.767
300298.SZ,20241202,26.21,27.38,25.3,26.54,26.07,0.47,1.8028,109885.03,291657.314
300299.SZ,20241202,6.47,6.73,6.45,6.6,6.43,0.17,2.6439,994547.59,658687.772
300300.SZ,20241202,3.15,3.29,3.1,3.26,3.15,0.11,3.4921,309787.55,98780.397
300301.SZ,20241202,1.79,1.84,1.76,1.83,1.81,0.02,1.105,192011.83,34725.605
300302.SZ,20241202,16.3,16.5,16.22,16.39,16.27,0.12,0.7376,161131.87,263488.289
300303.SZ,20241202,6.7,6.89,6.68,6.88,6.72,0.16,2.381,502023.25,343042.504
300304.SZ,20241202,9.5,9.98,9.38,9.6,9.17,0.43,4.6892,1055518.46,1019614.295
300305.SZ,20241202,6.4,6.55,6.37,6.55,6.39,0.16,2.5039,112133.1,72777.132
300306.SZ,20241202,12.45,12.7,12.4,12.65,12.41,0.24,1.9339,58806.0,74022.032
300307.SZ,20241202,7.68,8.03,7.66,7.92,7.66,0.26,3.3943,339967.61,268881.336
300308.SZ,20241202,127.99,134.16,127.45,132.03,126.73,5.3,4.1821,347663.23,4579339.76
300310.SZ,20241202,9.66,10.31,9.48,10.06,9.38,0.68,7.2495,1420755.25,1405136.466
300311.SZ,20241202,7.35,7.94,7.2,7.57,7.42,0.15,2.0216,614063.0,465287.847
300313.SZ,20241202,6.67,6.8,6.63,6.77,6.66,0.11,1.6517,48129.98,32415.395
300314.SZ,20241202,12.63,12.75,12.57,12.71,12.62,0.09,0.7132,65179.01,82632.441
300315.SZ,20241202,6.47,6.78,6.45,6.66,6.46,0.2,3.096,3652250.01,2421734.873
300316.SZ,20241202,34.5,35.33,33.62,35.04,34.83,0.21,0.6029,172978.59,599612.671
300317.SZ,20241202,4.41,4.57,4.35,4.57,4.46,0.11,2.4664,356241.0,160750.229
300318.SZ,20241202,6.3,6.62,6.25,6.58,6.3,0.28,4.4444,196184.0,127812.243
300319.SZ,20241202,12.35,12.65,12.26,12.6,12.32,0.28,2.2727,260901.09,325954.027
300320.SZ,20241202,10.74,11.47,10.66,11.41,10.74,0.67,6.2384,258011.04,288286.072
300321.SZ,20241202,19.59,20.2,19.43,20.16,19.57,0.59,3.0148,24083.0,47812.995
300322.SZ,20241202,14.98,15.56,14.91,15.42,14.89,0.53,3.5594,311296.57,478215.534
300323.SZ,20241202,6.09,6.3,6.04,6.26,6.1,0.16,2.623,214648.22,133680.482
300324.SZ,20241202,3.93,4.15,3.92,4.1,3.92,0.18,4.5918,1136501.51,460549.924
300326.SZ,20241202,6.49,7.02,6.41,6.91,6.47,0.44,6.8006,399497.1,272287.671
300327.SZ,20241202,25.37,25.86,25.3,25.73,25.37,0.36,1.419,102533.65,263300.215
300328.SZ,20241202,7.88,8.32,7.86,8.31,7.89,0.42,5.3232,294830.39,240729.542
300329.SZ,20241202,6.43,6.65,6.43,6.49,6.39,0.1,1.5649,130244.22,84772.887
300331.SZ,20241202,24.67,25.5,24.2,24.68,24.07,0.61,2.5343,124909.0,307966.457
300332.SZ,20241202,6.28,6.36,6.23,6.36,6.28,0.08,1.2739,182628.19,115385.696
300333.SZ,20241202,14.4,16.2,13.9,15.09,14.04,1.05,7.4786,1436201.01,2176151.036
300334.SZ,20241202,7.07,7.3,7.0,7.06,7.08,-0.02,-0.2825,134502.0,95424.025
300335.SZ,20241202,5.48,5.65,5.47,5.6,5.48,0.12,2.1898,219686.73,122237.44
300337.SZ,20241202,12.77,13.41,12.72,13.3,12.8,0.5,3.9063,651705.2,860040.703
300338.SZ,20241202,4.41,4.85,4.35,4.85,4.52,0.33,7.3009,273424.0,127306.078
300339.SZ,20241202,60.03,61.98,59.91,61.18,60.61,0.57,0.9404,602728.95,3682320.351
300340.SZ,20241202,11.84,12.39,11.61,12.38,11.83,0.55,4.6492,202076.3,244682.633
300341.SZ,20241202,21.0,21.81,20.89,21.68,21.27,0.41,1.9276,181180.25,388499.832
300342.SZ,20241202,19.3,19.5,19.09,19.41,19.23,0.18,0.936,301608.0,581482.266
300343.SZ,20241202,6.69,7.25,6.67,7.16,6.72,0.44,6.5476,1019540.81,717554.005
300344.SZ,20241202,5.85,6.64,5.85,6.29,5.88,0.41,6.9728,987658.24,614303.941
300345.SZ,20241202,6.26,6.49,6.23,6.48,6.27,0.21,3.3493,83451.0,53184.704
300346.SZ,20241202,39.13,40.6,38.91,40.56,39.23,1.33,3.3903,287474.28,1150324.632
300347.SZ,20241202,64.35,66.65,64.0,66.1,64.66,1.44,2.227,102670.31,675731.13
300348.SZ,20241202,16.76,17.05,16.51,16.8,16.92,-0.12,-0.7092,592454.02,993362.589
300349.SZ,20241202,13.32,13.58,13.27,13.54,13.3,0.24,1.8045,105771.64,142590.596
300350.SZ,20241202,6.55,6.84,6.55,6.71,6.64,0.07,1.0542,640053.1,428712.937
300351.SZ,20241202,18.22,18.94,18.22,18.73,18.32,0.41,2.238,200655.76,375365.123
300352.SZ,20241202,6.05,6.38,6.01,6.31,6.06,0.25,4.1254,720951.25,450386.636
300353.SZ,20241202,14.19,14.38,14.02,14.21,14.2,0.01,0.0704,332030.57,470837.152
300354.SZ,20241202,35.46,36.48,34.98,35.54,34.98,0.56,1.6009,57616.0,206135.945
300355.SZ,20241202,6.08,6.38,6.06,6.26,6.09,0.17,2.7915,1510434.41,945500.691
300357.SZ,20241202,22.89,23.3,22.71,23.1,22.82,0.28,1.227,56270.24,129878.859
300358.SZ,20241202,8.07,8.27,8.04,8.24,8.07,0.17,2.1066,180223.27,147862.361
300359.SZ,20241202,6.52,6.76,6.48,6.64,6.54,0.1,1.5291,352767.02,233552.094
300360.SZ,20241202,16.8,17.08,16.72,17.01,16.8,0.21,1.25,107872.21,182892.985
300363.SZ,20241202,17.5,18.26,17.35,18.01,17.46,0.55,3.1501,126279.0,225834.417
300364.SZ,20241202,30.02,31.48,29.88,30.73,30.38,0.35,1.1521,840568.96,2576327.919
300365.SZ,20241202,6.96,7.09,6.88,7.01,6.95,0.06,0.8633,393382.16,274627.188
300366.SZ,20241202,11.1,11.45,11.0,11.3,11.06,0.24,2.17,279405.95,314403.619
300368.SZ,20241202,4.55,4.64,4.53,4.64,4.58,0.06,1.31,189054.32,86857.884
300369.SZ,20241202,8.55,8.75,8.48,8.68,8.6,0.08,0.9302,293286.16,253805.075
300370.SZ,20241202,3.17,3.43,3.16,3.34,3.15,0.19,6.0317,1021836.03,338318.464
300371.SZ,20241202,10.87,11.13,10.87,11.1,10.8,0.3,2.7778,54809.76,60348.3
300373.SZ,20241202,45.07,45.82,44.85,45.44,45.28,0.16,0.3534,90056.04,409015.589
300374.SZ,20241202,19.95,20.75,19.95,20.45,20.28,0.17,0.8383,181154.15,368776.608
300375.SZ,20241202,5.11,5.25,5.11,5.25,5.11,0.14,2.7397,357840.6,186197.491
300376.SZ,20241202,3.71,3.8,3.68,3.78,3.72,0.06,1.6129,222287.44,83513.762
300377.SZ,20241202,34.84,37.8,34.33,35.97,37.44,-1.47,-3.9263,2239043.26,8122044.328
300378.SZ,20241202,27.17,30.98,27.0,29.32,27.17,2.15,7.9131,412011.25,1195348.869
300379.SZ,20241202,18.57,19.33,18.4,19.2,18.67,0.53,2.8388,567122.87,1068881.504
300380.SZ,20241202,59.01,71.86,58.35,66.85,61.98,4.87,7.8574,305503.27,1907722.513
300381.SZ,20241202,7.77,8.1,7.72,8.1,7.69,0.41,5.3316,168166.75,134412.796
300382.SZ,20241202,11.1,13.19,11.02,13.19,10.99,2.2,20.0182,972940.07,1200446.355
300383.SZ,20241202,11.45,11.65,11.37,11.58,11.42,0.16,1.4011,446059.55,515358.89
300384.SZ,20241202,17.05,17.4,16.77,17.23,17.07,0.16,0.9373,102137.9,175546.132
300385.SZ,20241202,5.41,5.6,5.39,5.59,5.44,0.15,2.7574,124417.0,68822.556
300386.SZ,20241202,16.4,17.14,16.36,17.01,16.99,0.02,0.1177,390199.79,654032.873
300387.SZ,20241202,9.01,9.39,8.92,9.27,9.03,0.24,2.6578,396423.34,362269.204
300388.SZ,20241202,8.5,8.59,8.2,8.46,9.05,-0.59,-6.5193,584239.65,489736.312
300389.SZ,20241202,12.29,12.36,12.16,12.29,12.31,-0.02,-0.1625,81687.8,100317.332
300390.SZ,20241202,27.8,28.64,27.32,28.35,28.05,0.3,1.0695,280855.17,788572.039
300391.SZ,20241202,6.78,7.2,6.75,7.16,6.81,0.35,5.1395,363960.0,257507.155
300393.SZ,20241202,7.43,7.53,7.31,7.52,7.5,0.02,0.2667,198668.66,147953.342
300394.SZ,20241202,104.82,112.68,104.82,110.9,103.28,7.62,7.378,296005.97,3242048.004
300395.SZ,20241202,42.01,42.76,41.4,41.55,42.08,-0.53,-1.2595,86877.0,365009.599
300396.SZ,20241202,16.56,16.91,16.56,16.84,16.56,0.28,1.6908,65775.85,110317.285
300397.SZ,20241202,12.85,13.14,12.81,13.13,12.83,0.3,2.3383,189096.95,246110.885
300398.SZ,20241202,18.6,19.25,18.31,19.24,18.6,0.64,3.4409,462104.15,867081.179
300399.SZ,20241202,21.31,22.65,20.75,22.37,21.46,0.91,4.2404,204961.5,447462.779
300400.SZ,20241202,17.61,17.81,17.49,17.76,17.5,0.26,1.4857,68205.8,120650.013
300401.SZ,20241202,15.28,15.64,15.08,15.21,14.91,0.3,2.0121,258910.44,397461.345
300402.SZ,20241202,16.41,16.57,16.26,16.47,16.31,0.16,0.981,49238.0,81048.472
300403.SZ,20241202,10.01,10.77,9.87,10.3,9.86,0.44,4.4625,859879.78,887969.186
300404.SZ,20241202,9.03,9.3,8.99,9.26,9.01,0.25,2.7747,92257.96,84935.413
300405.SZ,20241202,5.36,5.61,5.35,5.6,5.34,0.26,4.8689,210978.74,115926.541
300406.SZ,20241202,14.33,14.88,14.25,14.85,14.32,0.53,3.7011,78229.71,115017.792
300407.SZ,20241202,11.42,11.55,11.23,11.52,11.25,0.27,2.4,79774.07,91303.273
300408.SZ,20241202,36.63,37.1,36.5,36.82,36.55,0.27,0.7387,133854.35,492979.448
300409.SZ,20241202,17.0,17.25,16.56,16.95,17.13,-0.18,-1.0508,809363.64,1365934.286
300410.SZ,20241202,6.69,7.07,6.66,6.96,6.71,0.25,3.7258,189210.69,130835.484
300411.SZ,20241202,14.91,15.49,14.9,15.31,15.05,0.26,1.7276,180209.0,275301.519
300412.SZ,20241202,4.66,5.57,4.66,5.57,4.64,0.93,20.0431,693439.2,373013.559
300413.SZ,20241202,28.6,29.25,28.53,29.03,28.82,0.21,0.7287,176343.7,510274.686
300414.SZ,20241202,8.75,8.93,8.72,8.92,8.71,0.21,2.411,84842.93,75237.531
300415.SZ,20241202,20.92,21.88,20.82,21.67,20.86,0.81,3.883,98307.09,211471.949
300416.SZ,20241202,13.04,13.23,12.97,13.21,13.04,0.17,1.3037,145444.14,190520.207
300417.SZ,20241202,12.39,12.79,12.35,12.78,12.39,0.39,3.1477,51408.7,64502.78
300418.SZ,20241202,45.63,48.65,45.6,47.29,46.11,1.18,2.5591,970215.8,4577052.64
300419.SZ,20241202,5.6,5.68,5.59,5.67,5.63,0.04,0.7105,185360.61,104610.457
300420.SZ,20241202,3.28,3.53,3.25,3.46,3.23,0.23,7.1207,872412.88,297829.653
300421.SZ,20241202,12.55,13.6,12.45,12.97,12.53,0.44,3.5116,468511.46,605203.104
300422.SZ,20241202,5.25,5.33,5.22,5.28,5.22,0.06,1.1494,97327.98,51275.781
300423.SZ,20241202,8.38,8.42,8.12,8.22,8.38,-0.16,-1.9093,174294.74,143501.468
300424.SZ,20241202,18.2,18.55,18.12,18.37,18.12,0.25,1.3797,112569.35,206502.293
300425.SZ,20241202,5.7,5.72,5.64,5.7,5.64,0.06,1.0638,149130.33,84777.021
300426.SZ,20241202,10.42,11.2,10.42,11.16,10.52,0.64,6.0837,296022.01,322311.119
300427.SZ,20241202,6.9,7.32,6.85,7.21,6.85,0.36,5.2555,317957.38,225884.455
300428.SZ,20241202,18.11,18.43,18.03,18.27,18.11,0.16,0.8835,57996.44,105997.348
300429.SZ,20241202,14.52,14.98,14.48,14.98,14.6,0.38,2.6027,301444.1,444697.211
300430.SZ,20241202,15.34,16.02,15.32,15.85,15.28,0.57,3.7304,149853.04,235177.809
300432.SZ,20241202,15.93,16.39,15.68,15.82,15.71,0.11,0.7002,514948.24,824152.922
300433.SZ,20241202,20.63,22.0,20.63,21.71,20.65,1.06,5.1332,598274.68,1295277.737
300434.SZ,20241202,9.25,9.44,9.22,9.4,9.22,0.18,1.9523,75331.0,70617.306
300435.SZ,20241202,13.0,13.27,12.92,13.2,13.05,0.15,1.1494,67938.0,89307.149
300436.SZ,20241202,27.27,27.93,27.27,27.85,27.67,0.18,0.6505,26238.0,72680.272
300437.SZ,20241202,11.24,11.8,11.09,11.63,11.07,0.56,5.0587,177537.67,203662.879
300438.SZ,20241202,32.45,33.1,32.09,32.9,32.68,0.22,0.6732,154643.17,506857.908
300439.SZ,20241202,11.6,11.8,11.59,11.77,11.61,0.16,1.3781,94946.72,111312.235
300440.SZ,20241202,8.4,9.1,8.3,8.45,8.41,0.04,0.4756,612486.01,530190.473
300441.SZ,20241202,8.52,8.75,8.52,8.74,8.56,0.18,2.1028,119539.8,103810.291
300442.SZ,20241202,33.45,35.68,33.26,34.6,33.18,1.42,4.2797,309466.4,1073538.826
300443.SZ,20241202,24.31,25.7,24.28,25.3,24.4,0.9,3.6885,100252.9,252130.078
300444.SZ,20241202,7.56,7.75,7.56,7.73,7.58,0.15,1.9789,433007.53,332059.337
300445.SZ,20241202,16.98,17.37,16.89,17.25,16.97,0.28,1.65,46222.8,79451.881
300446.SZ,20241202,17.36,17.85,17.27,17.64,17.33,0.31,1.7888,154945.05,272793.697
300447.SZ,20241202,14.34,14.57,14.34,14.55,14.25,0.3,2.1053,43516.8,62995.757
300448.SZ,20241202,7.59,7.95,7.44,7.8,7.62,0.18,2.3622,920146.97,707669.455
300449.SZ,20241202,7.77,8.2,7.76,8.2,7.8,0.4,5.1282,219478.52,177340.89
300450.SZ,20241202,23.39,24.49,22.9,24.34,23.62,0.72,3.0483,707505.95,1683874.474
300451.SZ,20241202,5.6,5.8,5.5,5.65,5.35,0.3,5.6075,1343186.97,763019.256
300452.SZ,20241202,12.82,13.04,12.82,13.0,12.82,0.18,1.4041,37519.98,48628.449
300453.SZ,20241202,8.33,8.47,8.28,8.46,8.32,0.14,1.6827,56171.93,47152.234
300454.SZ,20241202,64.85,65.61,63.9,64.8,65.2,-0.4,-0.6135,52557.8,341159.54
300455.SZ,20241202,14.59,14.73,14.41,14.56,14.45,0.11,0.7612,142516.98,207620.153
300456.SZ,20241202,19.89,20.59,19.89,20.3,20.05,0.25,1.2469,271366.15,548670.644
300457.SZ,20241202,22.18,22.68,21.83,22.51,22.2,0.31,1.3964,142587.8,319106.115
300458.SZ,20241202,35.73,36.49,35.48,35.96,35.47,0.49,1.3814,228100.13,821138.073
300459.SZ,20241202,6.99,7.86,6.91,7.56,7.13,0.43,6.0309,8118628.12,6071843.817
300460.SZ,20241202,14.64,14.81,14.4,14.65,14.52,0.13,0.8953,127523.6,185926.803
300461.SZ,20241202,21.24,22.46,21.2,22.2,21.3,0.9,4.2254,45147.24,99129.616
300462.SZ,20241202,11.51,11.68,11.33,11.66,11.46,0.2,1.7452,146659.0,169080.725
300463.SZ,20241202,14.17,14.37,14.16,14.29,14.2,0.09,0.6338,70929.88,101359.038
300464.SZ,20241202,7.2,7.91,6.98,7.52,6.59,0.93,14.1123,1377870.74,1023827.719
300465.SZ,20241202,15.81,16.98,15.52,16.8,16.52,0.28,1.6949,676471.45,1100391.282
300466.SZ,20241202,9.08,9.45,9.03,9.18,9.08,0.1,1.1013,359266.08,332593.597
300467.SZ,20241202,18.23,18.8,18.04,18.44,18.21,0.23,1.263,128661.0,237713.271
300468.SZ,20241202,19.55,19.96,19.37,19.8,20.0,-0.2,-1.0,484166.82,953061.154
300469.SZ,20241202,30.75,32.13,30.28,31.2,30.94,0.26,0.8403,306876.89,961058.875
300470.SZ,20241202,35.86,36.19,35.42,36.02,35.7,0.32,0.8964,25324.25,90799.179
300471.SZ,20241202,10.65,10.82,10.62,10.77,10.66,0.11,1.0319,66738.45,71559.325
300472.SZ,20241202,7.33,7.59,7.33,7.59,7.34,0.25,3.406,138758.61,104055.646
300473.SZ,20241202,25.88,26.27,25.7,25.99,26.39,-0.4,-1.5157,152836.21,396795.379
300474.SZ,20241202,86.3,87.1,85.86,86.43,86.39,0.04,0.0463,106803.84,922565.433
300475.SZ,20241202,29.25,30.23,29.25,30.0,29.02,0.98,3.377,161625.01,483550.547
300476.SZ,20241202,40.99,43.0,40.9,42.58,40.56,2.02,4.9803,483102.58,2040240.566
300477.SZ,20241202,3.5,3.66,3.48,3.65,3.5,0.15,4.2857,628869.12,227310.57
300478.SZ,20241202,11.0,11.09,10.84,11.04,10.82,0.22,2.0333,20954.3,22991.23
300479.SZ,20241202,20.0,20.49,19.88,20.2,20.08,0.12,0.5976,96862.92,195484.297
300480.SZ,20241202,15.1,15.51,15.04,15.46,15.07,0.39,2.5879,80921.2,123603.366
300481.SZ,20241202,16.67,17.0,16.49,16.8,16.5,0.3,1.8182,89338.0,149606.587
300482.SZ,20241202,24.45,25.07,24.25,24.75,24.42,0.33,1.3514,71713.54,177243.611
300483.SZ,20241202,10.14,10.35,10.01,10.29,10.18,0.11,1.0806,117747.15,119967.751
300484.SZ,20241202,23.89,24.37,23.5,24.23,23.95,0.28,1.1691,212206.49,510897.876
300485.SZ,20241202,8.12,8.28,8.12,8.25,8.1,0.15,1.8519,56889.0,46754.477
300486.SZ,20241202,9.61,10.11,9.4,9.41,9.64,-0.23,-2.3859,752925.37,729923.069
300487.SZ,20241202,55.05,55.75,54.34,55.59,55.27,0.32,0.579,58764.25,323284.279
300488.SZ,20241202,24.82,25.25,24.45,25.11,24.51,0.6,2.448,36270.75,90115.627
300489.SZ,20241202,67.2,71.8,66.77,69.55,67.4,2.15,3.1899,96452.35,669959.812
300490.SZ,20241202,9.16,9.31,9.06,9.27,9.16,0.11,1.2009,136434.2,125848.047
300491.SZ,20241202,16.5,16.77,16.33,16.7,16.38,0.32,1.9536,55978.51,93035.17
300492.SZ,20241202,70.67,75.0,70.37,74.59,69.85,4.74,6.786,11875.0,87380.715
300493.SZ,20241202,14.41,15.27,14.33,15.0,14.34,0.66,4.6025,472931.98,698632.884
300494.SZ,20241202,13.5,13.88,13.42,13.61,13.6,0.01,0.0735,504487.72,688412.077
300496.SZ,20241202,55.06,56.48,54.58,55.81,55.05,0.76,1.3806,128571.3,717375.632
300497.SZ,20241202,12.0,12.3,11.96,12.14,12.04,0.1,0.8306,118572.15,143561.757
300498.SZ,20241202,17.26,17.53,17.21,17.42,17.34,0.08,0.4614,439508.45,764979.777
300499.SZ,20241202,16.75,16.87,16.41,16.5,16.74,-0.24,-1.4337,208146.0,345399.52
300500.SZ,20241202,12.37,12.68,12.32,12.66,12.4,0.26,2.0968,38824.2,48634.243
300501.SZ,20241202,14.9,15.11,14.87,15.03,14.9,0.13,0.8725,33185.95,49726.762
300502.SZ,20241202,116.72,121.96,115.04,120.71,114.95,5.76,5.0109,350239.11,4179682.911
300503.SZ,20241202,19.13,19.86,18.93,19.21,18.44,0.77,4.1757,449526.29,869818.878
300504.SZ,20241202,18.01,18.18,17.52,18.05,18.36,-0.31,-1.6885,160151.04,286099.075
300505.SZ,20241202,16.71,17.95,16.64,17.32,16.8,0.52,3.0952,357579.75,615706.006
300506.SZ,20241202,3.8,3.89,3.52,3.67,3.81,-0.14,-3.6745,288821.52,105924.783
300507.SZ,20241202,7.1,7.49,7.05,7.4,7.08,0.32,4.5198,521068.91,381114.198
300508.SZ,20241202,28.65,29.37,28.65,29.37,28.68,0.69,2.4059,24004.0,69903.029
300509.SZ,20241202,7.67,8.24,7.55,7.92,7.68,0.24,3.125,308078.27,242577.36
300510.SZ,20241202,4.89,5.03,4.84,5.01,4.88,0.13,2.6639,326361.37,161897.261
300511.SZ,20241202,4.18,4.35,4.14,4.35,4.16,0.19,4.5673,286905.0,123225.078
300512.SZ,20241202,7.95,8.08,7.81,8.02,7.99,0.03,0.3755,167288.17,132904.855
300513.SZ,20241202,10.26,10.3,10.08,10.23,10.38,-0.15,-1.4451,152564.37,155580.327
300514.SZ,20241202,14.92,15.23,14.88,15.14,14.92,0.22,1.4745,55353.0,83367.91
300515.SZ,20241202,12.4,12.57,12.26,12.54,12.3,0.24,1.9512,37825.0,47241.657
300516.SZ,20241202,36.79,37.45,36.78,37.01,36.72,0.29,0.7898,16662.5,61657.985
300517.SZ,20241202,9.57,9.85,9.57,9.85,9.54,0.31,3.2495,37688.6,36687.894
300518.SZ,20241202,14.16,14.23,13.52,13.72,14.12,-0.4,-2.8329,136949.63,188096.925
300519.SZ,20241202,14.37,15.0,14.3,15.0,14.7,0.3,2.0408,53452.94,78665.442
300520.SZ,20241202,25.4,28.0,24.92,26.74,25.71,1.03,4.0062,505335.34,1329712.909
300521.SZ,20241202,17.27,17.43,16.92,17.17,17.27,-0.1,-0.579,32030.79,54773.382
300522.SZ,20241202,12.2,12.97,12.01,12.75,12.2,0.55,4.5082,123903.22,153723.148
300523.SZ,20241202,23.76,23.98,23.52,23.98,23.75,0.23,0.9684,33914.5,80620.665
300525.SZ,20241202,18.12,18.3,17.91,18.06,18.22,-0.16,-0.8782,120514.49,217973.722
300527.SZ,20241202,8.88,9.09,8.81,9.04,8.76,0.28,3.1963,233045.04,208730.604
300528.SZ,20241202,9.77,11.8,9.71,10.84,9.83,1.01,10.2747,412568.31,456583.725
300529.SZ,20241202,30.49,30.99,30.15,30.67,30.48,0.19,0.6234,62693.87,191809.825
300530.SZ,20241202,22.98,23.28,22.4,23.14,23.13,0.01,0.0432,63205.09,144921.642
300531.SZ,20241202,15.6,16.16,15.4,16.1,15.75,0.35,2.2222,144511.0,230051.04
300532.SZ,20241202,12.56,12.82,12.35,12.66,12.63,0.03,0.2375,259533.46,327374.662
300533.SZ,20241202,23.21,25.28,22.87,24.45,23.33,1.12,4.8007,171390.75,413111.422
300534.SZ,20241202,9.61,10.25,9.55,10.11,9.61,0.5,5.2029,235075.0,232707.557
300535.SZ,20241202,15.5,15.65,15.32,15.43,15.49,-0.06,-0.3873,41527.28,64310.409
300536.SZ,20241202,7.14,7.29,7.05,7.1,7.17,-0.07,-0.9763,99087.29,70877.65
300537.SZ,20241202,19.89,20.5,19.78,20.49,20.07,0.42,2.0927,173385.4,350079.345
300538.SZ,20241202,17.01,17.77,16.8,17.67,16.94,0.73,4.3093,74426.0,130055.916
300539.SZ,20241202,12.01,12.26,11.95,12.12,11.95,0.17,1.4226,74577.37,90472.006
300540.SZ,20241202,26.76,27.06,26.3,26.6,26.64,-0.04,-0.1502,46067.0,122975.513
300541.SZ,20241202,13.13,13.55,12.9,13.34,13.25,0.09,0.6792,351890.77,465428.32
300542.SZ,20241202,24.98,25.49,24.5,25.3,25.13,0.17,0.6765,142223.86,357706.509
300543.SZ,20241202,10.92,11.21,10.8,10.97,10.93,0.04,0.366,189682.24,207292.637
300545.SZ,20241202,34.06,35.09,33.88,34.84,34.08,0.76,2.23,54358.26,187662.474
300546.SZ,20241202,19.47,19.72,19.01,19.58,19.29,0.29,1.5034,204289.54,395850.619
300547.SZ,20241202,19.83,19.93,19.52,19.89,19.54,0.35,1.7912,86370.49,170467.608
300548.SZ,20241202,22.62,23.37,22.58,23.3,22.61,0.69,3.0517,86780.7,200017.914
300549.SZ,20241202,18.11,18.34,18.08,18.18,17.95,0.23,1.2813,34758.0,63267.928
300550.SZ,20241202,14.67,14.8,14.26,14.34,14.58,-0.24,-1.6461,46150.93,66742.12
300551.SZ,20241202,14.09,14.47,14.07,14.38,14.63,-0.25,-1.7088,337822.55,482464.965
300552.SZ,20241202,35.46,37.8,35.18,36.68,35.13,1.55,4.4122,140323.25,515007.897
300553.SZ,20241202,28.59,29.35,28.52,28.89,28.59,0.3,1.0493,15440.91,44603.753
300554.SZ,20241202,25.57,25.79,25.05,25.65,25.81,-0.16,-0.6199,84932.16,215679.823
300555.SZ,20241202,8.6,8.6,8.16,8.42,8.61,-0.19,-2.2067,70091.5,58629.307
300556.SZ,20241202,21.18,21.49,21.04,21.23,21.22,0.01,0.0471,101808.84,216108.673
300557.SZ,20241202,29.78,30.38,29.64,30.29,29.78,0.51,1.7126,19493.45,58747.689
300558.SZ,20241202,56.32,59.0,56.2,56.95,55.35,1.6,2.8907,156944.61,902538.017
300559.SZ,20241202,12.41,12.8,12.26,12.67,12.45,0.22,1.7671,139577.41,174729.634
300560.SZ,20241202,15.26,15.92,15.21,15.77,15.38,0.39,2.5358,87201.27,136131.667
300561.SZ,20241202,44.02,52.88,42.1,46.69,48.13,-1.44,-2.9919,894572.06,4239748.784
300562.SZ,20241202,14.91,15.66,14.91,15.4,14.69,0.71,4.8332,246631.35,378479.39
300563.SZ,20241202,53.0,61.5,52.2,57.95,51.55,6.4,12.4151,313865.77,1766413.605
300564.SZ,20241202,16.82,16.88,16.1,16.47,16.76,-0.29,-1.7303,56934.0,93854.975
300565.SZ,20241202,13.72,13.84,13.55,13.79,13.61,0.18,1.3226,111329.0,152885.413
300566.SZ,20241202,17.52,17.77,17.45,17.7,17.53,0.17,0.9698,77842.5,137182.285
300567.SZ,20241202,70.29,72.8,70.29,71.78,70.97,0.81,1.1413,68137.49,487276.912
300568.SZ,20241202,11.5,11.63,11.4,11.6,11.63,-0.03,-0.258,513586.55,591304.87
300569.SZ,20241202,5.4,5.57,5.35,5.56,5.42,0.14,2.583,224919.48,123456.297
300570.SZ,20241202,69.89,72.85,69.19,71.01,69.65,1.36,1.9526,148238.86,1055012.478
300571.SZ,20241202,28.45,30.5,28.28,29.37,28.31,1.06,3.7443,147113.0,434587.557
300572.SZ,20241202,20.62,20.87,20.23,20.67,20.65,0.02,0.0969,105465.0,216891.956
300573.SZ,20241202,83.8,86.38,83.2,85.86,82.94,2.92,3.5206,66116.19,564810.945
300575.SZ,20241202,6.75,6.82,6.69,6.81,6.71,0.1,1.4903,142437.15,96344.371
300576.SZ,20241202,50.77,52.15,50.5,52.15,50.96,1.19,2.3352,129651.12,666352.801
300577.SZ,20241202,24.92,27.99,24.24,26.2,25.29,0.91,3.5983,103014.15,264040.019
300578.SZ,20241202,21.4,21.96,21.35,21.84,21.44,0.4,1.8657,90514.15,196193.556
300579.SZ,20241202,34.35,36.91,33.51,34.66,34.34,0.32,0.9319,385145.94,1355451.823
300580.SZ,20241202,21.06,23.1,20.59,22.46,20.58,1.88,9.1351,613135.93,1343296.267
300581.SZ,20241202,12.0,12.24,12.0,12.23,12.03,0.2,1.6625,165119.44,200844.28
300582.SZ,20241202,14.06,14.19,13.76,13.98,14.18,-0.2,-1.4104,208979.72,290435.079
300583.SZ,20241202,25.01,25.1,23.6,24.33,25.0,-0.67,-2.68,64555.0,155819.265
300584.SZ,20241202,22.08,22.5,22.08,22.44,22.08,0.36,1.6304,35544.0,79441.18
300585.SZ,20241202,15.39,15.87,15.39,15.83,15.38,0.45,2.9259,80568.0,126263.341
300586.SZ,20241202,9.32,9.98,9.31,9.78,10.04,-0.26,-2.5896,987267.16,949437.279
300587.SZ,20241202,4.68,4.86,4.66,4.83,4.65,0.18,3.871,250214.61,119734.416
300588.SZ,20241202,14.91,15.18,14.72,14.91,14.88,0.03,0.2016,65958.4,98227.321
300589.SZ,20241202,13.08,13.58,13.05,13.49,13.01,0.48,3.6895,95094.9,127233.374
300590.SZ,20241202,14.72,14.94,14.52,14.85,14.58,0.27,1.8519,181959.42,267683.554
300591.SZ,20241202,5.42,5.8,5.3,5.7,5.42,0.28,5.1661,525950.9,294991.847
300592.SZ,20241202,16.64,16.98,15.9,16.4,16.59,-0.19,-1.1453,421270.97,684086.321
300593.SZ,20241202,12.95,12.95,12.36,12.59,12.79,-0.2,-1.5637,181523.01,227540.197
300594.SZ,20241202,19.98,20.75,19.87,20.01,19.86,0.15,0.7553,80407.92,161874.55
300595.SZ,20241202,18.92,20.31,18.83,20.01,18.87,1.14,6.0413,183600.9,361923.896
300596.SZ,20241202,27.97,28.7,27.82,28.49,27.95,0.54,1.932,37259.64,105560.019
300597.SZ,20241202,9.6,9.72,9.5,9.61,9.58,0.03,0.3132,156473.08,150434.035
300598.SZ,20241202,55.0,55.9,54.0,55.49,55.06,0.43,0.781,76337.73,422599.194
300599.SZ,20241202,7.75,7.93,7.67,7.8,7.74,0.06,0.7752,51721.0,40140.752
300600.SZ,20241202,7.25,7.39,7.22,7.37,7.24,0.13,1.7956,31380.84,23004.575
300601.SZ,20241202,18.54,19.08,18.4,18.9,18.54,0.36,1.9417,104512.66,196939.842
300602.SZ,20241202,19.99,22.88,19.95,21.69,19.39,2.3,11.8618,538930.13,1169387.143
300603.SZ,20241202,10.56,10.62,10.37,10.58,10.56,0.02,0.1894,253566.52,266995.048
300604.SZ,20241202,45.7,46.8,45.31,46.2,45.7,0.5,1.0941,231943.73,1068697.825
300605.SZ,20241202,13.34,13.62,13.22,13.57,13.37,0.2,1.4959,38733.0,52072.866
300606.SZ,20241202,22.0,23.08,21.78,22.74,22.07,0.67,3.0358,93702.5,210874.983
300607.SZ,20241202,30.0,35.0,29.57,33.26,29.5,3.76,12.7458,1396080.41,4547661.043
300608.SZ,20241202,12.93,13.2,12.78,13.08,12.93,0.15,1.1601,177028.69,230436.737
300609.SZ,20241202,27.48,27.75,27.2,27.66,27.48,0.18,0.655,40128.83,110646.898
300610.SZ,20241202,10.51,10.71,10.51,10.69,10.54,0.15,1.4231,48792.5,51979.075
300611.SZ,20241202,10.98,11.34,10.96,11.24,10.94,0.3,2.7422,69130.57,77378.064
300612.SZ,20241202,18.0,18.38,17.8,18.16,17.88,0.28,1.566,180067.47,325732.008
300613.SZ,20241202,46.88,47.65,46.68,47.45,47.06,0.39,0.8287,41376.3,195840.982
300614.SZ,20241202,11.3,11.49,11.22,11.49,11.2,0.29,2.5893,45628.0,52093.378
300615.SZ,20241202,13.01,13.24,12.76,13.02,12.9,0.12,0.9302,85787.0,111654.179
300616.SZ,20241202,14.77,15.55,14.59,15.35,14.83,0.52,3.5064,137573.83,207314.035
300617.SZ,20241202,26.48,26.86,26.08,26.67,26.48,0.19,0.7175,16905.0,45066.573
300618.SZ,20241202,37.7,39.19,37.6,38.82,37.9,0.92,2.4274,101891.93,392018.56
300619.SZ,20241202,28.12,28.38,27.83,28.32,28.12,0.2,0.7112,28444.6,80037.324
300620.SZ,20241202,49.8,50.18,49.3,49.82,49.75,0.07,0.1407,90562.66,450934.465
300621.SZ,20241202,11.19,11.32,11.06,11.3,11.19,0.11,0.983,88754.49,99436.109
300622.SZ,20241202,47.83,52.42,47.83,52.0,47.75,4.25,8.9005,230524.8,1149954.414
300623.SZ,20241202,35.62,36.2,35.58,36.03,35.91,0.12,0.3342,310146.78,1113611.649
300624.SZ,20241202,63.0,65.25,62.81,64.23,63.42,0.81,1.2772,161546.3,1035436.395
300625.SZ,20241202,12.77,12.92,12.73,12.79,12.83,-0.04,-0.3118,63010.55,80654.919
300626.SZ,20241202,10.29,10.55,10.22,10.55,10.22,0.33,3.229,82820.0,86332.718
300627.SZ,20241202,38.75,39.3,38.06,39.16,38.55,0.61,1.5824,121351.76,470531.705
300628.SZ,20241202,38.05,38.9,37.81,38.43,37.91,0.52,1.3717,72643.0,278896.755
300629.SZ,20241202,23.78,24.04,23.5,24.02,23.8,0.22,0.9244,115855.35,276677.184
300630.SZ,20241202,10.74,11.98,10.74,11.69,10.74,0.95,8.8454,590528.62,683622.054
300631.SZ,20241202,23.27,23.67,23.23,23.49,23.27,0.22,0.9454,21540.8,50594.059
300632.SZ,20241202,12.27,12.52,12.23,12.48,12.29,0.19,1.546,66732.78,82653.173
300633.SZ,20241202,34.22,36.24,33.47,34.72,34.3,0.42,1.2245,66741.42,235648.221
300634.SZ,20241202,24.16,25.99,24.16,24.97,24.21,0.76,3.1392,474662.93,1187841.805
300635.SZ,20241202,11.41,11.65,11.34,11.6,11.38,0.22,1.9332,78613.0,90683.583
300636.SZ,20241202,8.78,8.94,8.75,8.88,8.75,0.13,1.4857,87499.89,77661.552
300637.SZ,20241202,11.09,11.39,11.04,11.37,11.09,0.28,2.5248,107182.0,120145.885
300638.SZ,20241202,17.05,17.24,16.81,17.1,16.92,0.18,1.0638,222930.26,380383.23
300639.SZ,20241202,6.71,7.08,6.68,6.94,6.71,0.23,3.4277,236870.71,163149.186
300640.SZ,20241202,6.9,7.96,6.76,7.96,6.63,1.33,20.0603,493094.05,376987.148
300641.SZ,20241202,22.41,23.09,22.35,22.82,22.44,0.38,1.6934,137748.94,314170.579
300642.SZ,20241202,16.02,16.5,16.02,16.4,16.01,0.39,2.436,53333.1,86960.336
300643.SZ,20241202,13.36,13.71,13.31,13.7,13.35,0.35,2.6217,52007.0,70555.838
300644.SZ,20241202,24.72,25.88,24.59,25.03,24.57,0.46,1.8722,156305.06,393590.448
300645.SZ,20241202,17.1,17.18,16.83,17.03,17.0,0.03,0.1765,88893.7,150922.04
300647.SZ,20241202,7.28,7.52,7.28,7.5,7.3,0.2,2.7397,258691.0,192220.775
300648.SZ,20241202,26.46,26.46,25.6,26.22,26.05,0.17,0.6526,25732.89,67122.966
300649.SZ,20241202,12.99,13.22,12.8,13.15,13.02,0.13,0.9985,65392.27,85462.562
300650.SZ,20241202,13.21,13.42,13.01,13.1,13.24,-0.14,-1.0574,180559.4,237260.656
300651.SZ,20241202,14.96,15.71,14.96,15.51,15.09,0.42,2.7833,63252.4,97336.741
300652.SZ,20241202,25.38,28.28,25.36,27.61,25.36,2.25,8.8722,103119.8,279701.049
300653.SZ,20241202,22.24,22.78,22.13,22.66,22.26,0.4,1.7969,24150.0,54288.849
300654.SZ,20241202,12.08,12.38,12.02,12.2,12.01,0.19,1.582,324225.76,395854.766
300655.SZ,20241202,10.55,10.79,10.42,10.72,10.6,0.12,1.1321,406118.24,431820.811
300656.SZ,20241202,29.09,29.18,28.6,29.12,28.94,0.18,0.622,42889.87,124103.05
300657.SZ,20241202,20.0,20.6,20.0,20.48,20.08,0.4,1.992,213401.69,435967.797
300658.SZ,20241202,5.92,6.06,5.89,6.04,5.9,0.14,2.3729,115112.6,69236.372
300659.SZ,20241202,19.87,20.19,19.66,20.06,19.85,0.21,1.0579,75650.7,151233.851
300660.SZ,20241202,37.32,41.98,36.91,40.13,35.7,4.43,12.409,518334.73,2038207.764
300661.SZ,20241202,86.99,91.28,86.56,89.16,87.75,1.41,1.6068,54796.31,489601.309
300662.SZ,20241202,21.26,21.97,21.02,21.65,21.27,0.38,1.7866,40288.21,86934.985
300663.SZ,20241202,21.01,21.5,20.75,21.17,21.03,0.14,0.6657,288880.94,610049.605
300664.SZ,20241202,6.15,6.32,6.1,6.31,6.35,-0.04,-0.6299,765180.02,476380.18
300665.SZ,20241202,7.17,7.37,7.14,7.34,7.12,0.22,3.0899,63363.7,46063.281
300666.SZ,20241202,75.0,77.16,74.18,76.76,75.46,1.3,1.7228,111379.21,839106.704
300667.SZ,20241202,19.2,19.44,19.0,19.26,19.16,0.1,0.5219,42507.25,81899.46
300668.SZ,20241202,21.72,22.49,21.3,22.49,21.68,0.81,3.7362,31749.06,70188.791
300669.SZ,20241202,20.8,21.13,20.63,21.05,20.88,0.17,0.8142,16159.7,33773.659
300670.SZ,20241202,6.91,7.12,6.91,7.05,6.93,0.12,1.7316,103031.5,72282.027
300671.SZ,20241202,38.1,38.61,37.9,38.47,38.35,0.12,0.3129,57794.07,221588.865
300672.SZ,20241202,67.01,67.55,66.53,67.19,66.99,0.2,0.2986,51006.04,342091.833
300673.SZ,20241202,15.89,16.93,15.57,16.7,15.74,0.96,6.0991,119413.72,197012.517
300674.SZ,20241202,21.48,21.86,21.21,21.68,21.61,0.07,0.3239,301701.36,652749.539
300675.SZ,20241202,17.74,21.8,16.9,19.42,18.18,1.24,6.8207,322593.76,588716.857
300676.SZ,20241202,45.5,46.65,45.09,46.1,45.62,0.48,1.0522,35869.4,165570.83
300677.SZ,20241202,26.19,26.6,26.1,26.52,26.28,0.24,0.9132,111643.9,295089.631
300678.SZ,20241202,39.18,39.87,38.88,39.44,39.07,0.37,0.947,149526.3,590073.561
300679.SZ,20241202,57.0,59.35,55.2,55.44,55.69,-0.25,-0.4489,145449.99,819632.268
300680.SZ,20241202,26.31,26.78,25.28,25.85,26.43,-0.58,-2.1945,148418.15,381953.881
300681.SZ,20241202,23.68,24.45,23.51,24.09,23.78,0.31,1.3036,106604.55,256550.11
300682.SZ,20241202,13.35,13.57,13.25,13.48,13.31,0.17,1.2772,167914.81,225936.237
300683.SZ,20241202,29.61,30.37,29.08,29.67,29.68,-0.01,-0.0337,26472.06,78811.041
300684.SZ,20241202,21.1,22.12,21.02,21.84,20.92,0.92,4.3977,188977.08,411124.84
300685.SZ,20241202,25.26,25.94,24.81,25.27,25.16,0.11,0.4372,40125.2,101967.246
300686.SZ,20241202,9.6,10.2,9.52,10.09,9.48,0.61,6.4346,217697.66,217018.805
300687.SZ,20241202,18.85,19.48,18.62,19.25,18.75,0.5,2.6667,123097.6,235705.403
300689.SZ,20241202,27.81,28.58,27.34,28.58,27.78,0.8,2.8798,12853.6,36011.422
300690.SZ,20241202,24.29,25.41,24.29,25.4,24.35,1.05,4.3121,109356.28,274281.996
300691.SZ,20241202,19.55,20.18,19.55,20.08,19.63,0.45,2.2924,80651.1,160969.677
300692.SZ,20241202,6.46,6.49,6.35,6.47,6.44,0.03,0.4658,110396.25,71033.593
300693.SZ,20241202,24.0,24.3,23.8,24.3,24.06,0.24,0.9975,69808.79,168756.182
300694.SZ,20241202,16.55,17.26,16.45,16.91,16.89,0.02,0.1184,348296.73,584085.002
300695.SZ,20241202,42.71,43.68,42.6,43.38,42.71,0.67,1.5687,5933.0,25723.915
300696.SZ,20241202,16.76,16.95,16.6,16.92,16.66,0.26,1.5606,52771.2,88608.735
300697.SZ,20241202,12.03,12.38,11.97,12.23,12.02,0.21,1.7471,48183.64,58652.427
300698.SZ,20241202,39.66,40.35,38.75,39.62,38.89,0.73,1.8771,31134.0,123378.918
300699.SZ,20241202,34.56,35.25,34.5,34.83,34.62,0.21,0.6066,92812.5,323119.945
300700.SZ,20241202,8.34,8.61,8.34,8.6,8.37,0.23,2.7479,106448.31,90521.496
300701.SZ,20241202,10.21,10.47,10.19,10.36,10.13,0.23,2.2705,55123.75,56952.81
300702.SZ,20241202,17.58,18.11,17.45,17.87,17.34,0.53,3.0565,49359.72,87716.375
300703.SZ,20241202,13.08,14.88,12.8,13.8,12.61,1.19,9.437,415240.12,570636.098
300705.SZ,20241202,25.43,26.57,25.31,26.39,25.42,0.97,3.8159,107159.16,279518.481
300706.SZ,20241202,24.99,25.18,24.76,25.1,25.02,0.08,0.3197,53337.0,133205.781
300707.SZ,20241202,15.65,16.08,15.64,15.95,15.64,0.31,1.9821,89203.07,141372.015
300708.SZ,20241202,11.42,11.66,11.4,11.64,11.48,0.16,1.3937,144280.0,167225.249
300709.SZ,20241202,38.62,40.2,38.6,39.83,38.37,1.46,3.8051,95258.99,377674.131
300710.SZ,20241202,21.07,21.2,20.52,20.64,20.62,0.02,0.097,39365.1,81477.454
300711.SZ,20241202,24.61,25.3,24.32,24.64,25.7,-1.06,-4.1245,280765.83,693432.474
300712.SZ,20241202,26.49,26.63,26.19,26.6,26.35,0.25,0.9488,34228.3,90600.199
300713.SZ,20241202,17.25,17.55,17.16,17.49,17.25,0.24,1.3913,60513.6,105186.542
300715.SZ,20241202,7.52,7.69,7.52,7.64,7.49,0.15,2.0027,32676.06,24809.652
300716.SZ,20241202,15.62,16.74,15.62,16.43,15.95,0.48,3.0094,143391.66,234168.001
300717.SZ,20241202,16.2,16.47,16.07,16.41,16.04,0.37,2.3067,22613.0,36881.815
300718.SZ,20241202,18.3,19.22,18.22,19.0,18.27,0.73,3.9956,129745.35,244820.893
300719.SZ,20241202,19.6,20.18,19.6,20.07,19.58,0.49,2.5026,100767.45,201323.754
300720.SZ,20241202,18.85,19.46,18.73,19.32,19.0,0.32,1.6842,81235.45,155036.971
300721.SZ,20241202,14.27,14.44,14.16,14.43,14.3,0.13,0.9091,45070.5,64602.597
300722.SZ,20241202,29.18,29.96,29.1,29.83,28.88,0.95,3.2895,70050.24,207263.623
300723.SZ,20241202,18.8,20.0,18.5,19.82,18.74,1.08,5.7631,229624.22,440897.861
300724.SZ,20241202,68.95,70.57,67.6,70.23,70.67,-0.44,-0.6226,122270.89,848237.361
300725.SZ,20241202,35.55,36.88,35.4,36.79,35.55,1.24,3.488,61090.4,222058.224
300726.SZ,20241202,32.7,32.86,32.38,32.69,32.6,0.09,0.2761,52891.0,172505.74
300727.SZ,20241202,26.66,27.1,26.49,26.78,26.64,0.14,0.5255,17611.0,47119.046
300729.SZ,20241202,17.32,18.14,17.21,17.93,17.33,0.6,3.4622,158921.24,281521.04
300730.SZ,20241202,13.98,14.17,13.8,14.06,13.9,0.16,1.1511,95668.75,133776.036
300731.SZ,20241202,20.36,20.97,20.28,20.8,20.55,0.25,1.2165,44340.09,91996.13
300732.SZ,20241202,7.85,7.98,7.79,7.95,7.82,0.13,1.6624,101951.75,80326.824
300733.SZ,20241202,11.61,12.53,11.6,12.25,11.54,0.71,6.1525,112298.4,136007.291
300735.SZ,20241202,31.49,32.61,31.35,32.32,31.69,0.63,1.988,364693.1,1174998.858
300736.SZ,20241202,12.03,12.78,11.92,12.12,11.72,0.4,3.413,218580.18,266866.149
300737.SZ,20241202,5.46,5.65,5.43,5.6,5.47,0.13,2.3766,204307.08,113610.697
300738.SZ,20241202,13.07,13.33,12.93,13.17,12.98,0.19,1.4638,542394.81,714187.378
300739.SZ,20241202,14.36,14.49,14.26,14.45,14.34,0.11,0.7671,72856.83,104833.236
300740.SZ,20241202,13.62,13.72,13.3,13.5,13.36,0.14,1.0479,121417.1,163288.576
300741.SZ,20241202,18.19,18.71,18.15,18.58,18.19,0.39,2.144,30194.0,55718.6
300743.SZ,20241202,16.36,16.84,16.32,16.69,16.42,0.27,1.6443,48218.43,80108.873
300745.SZ,20241202,17.7,17.99,17.65,17.96,17.7,0.26,1.4689,30400.1,54420.93
300746.SZ,20241202,14.4,14.48,14.0,14.39,14.36,0.03,0.2089,84403.0,120404.14
300747.SZ,20241202,20.71,21.21,20.7,20.99,20.79,0.2,0.962,113072.1,237479.646
300748.SZ,20241202,19.77,20.82,19.68,20.65,19.86,0.79,3.9778,499455.67,1014228.54
300749.SZ,20241202,7.12,7.19,7.04,7.16,7.08,0.08,1.1299,63721.0,45422.886
300750.SZ,20241202,258.64,263.55,257.21,262.19,261.24,0.95,0.3637,206475.47,5387882.834
300751.SZ,20241202,120.91,123.89,119.0,122.2,123.4,-1.2,-0.9724,28604.21,348243.413
300752.SZ,20241202,19.9,20.26,19.6,20.13,20.02,0.11,0.5495,98443.18,196986.796
300753.SZ,20241202,14.79,15.19,14.79,15.16,14.66,0.5,3.4106,44659.09,67039.049
300755.SZ,20241202,18.58,19.11,18.5,18.94,18.7,0.24,1.2834,102566.62,193867.185
300756.SZ,20241202,16.55,17.28,16.53,16.93,16.61,0.32,1.9266,71698.45,122096.374
300757.SZ,20241202,184.93,191.9,181.12,188.01,187.63,0.38,0.2025,66924.21,1246749.438
300758.SZ,20241202,13.25,13.44,13.06,13.4,13.38,0.02,0.1495,133815.86,177791.901
300759.SZ,20241202,27.58,28.16,27.31,28.02,27.51,0.51,1.8539,269878.41,753913.642
300760.SZ,20241202,262.27,267.4,261.0,263.21,260.49,2.72,1.0442,61491.44,1624711.931
300761.SZ,20241202,20.59,21.1,20.43,20.9,20.71,0.19,0.9174,89223.25,185291.502
300762.SZ,20241202,24.07,24.61,23.2,24.13,23.67,0.46,1.9434,737468.47,1759368.157
300763.SZ,20241202,65.9,67.4,64.83,67.37,67.86,-0.49,-0.7221,93885.49,625216.19
300765.SZ,20241202,28.08,28.88,28.05,28.61,28.51,0.1,0.3508,83771.01,238945.37
300766.SZ,20241202,15.54,16.15,15.38,15.86,15.49,0.37,2.3886,294603.0,463707.648
300767.SZ,20241202,11.05,11.45,10.99,11.37,11.09,0.28,2.5248,67667.64,76310.295
300768.SZ,20241202,18.97,19.36,18.73,19.26,18.88,0.38,2.0127,98467.5,188655.643
300769.SZ,20241202,48.2,49.76,47.15,49.0,48.57,0.43,0.8853,234290.2,1140487.033
300770.SZ,20241202,41.65,42.75,41.58,42.0,41.85,0.15,0.3584,36335.0,153422.13
300771.SZ,20241202,11.83,12.09,11.83,11.95,11.72,0.23,1.9625,134192.52,160436.203
300772.SZ,20241202,15.1,16.29,15.1,15.65,15.21,0.44,2.8928,369655.98,575503.471
300773.SZ,20241202,20.58,21.18,20.3,20.91,20.84,0.07,0.3359,350929.99,729348.232
300774.SZ,20241202,9.27,9.46,9.24,9.45,9.25,0.2,2.1622,41071.85,38560.466
300775.SZ,20241202,24.81,25.25,24.64,25.2,24.83,0.37,1.4901,105682.0,264859.871
300776.SZ,20241202,74.4,75.0,71.41,74.06,75.83,-1.77,-2.3342,57238.4,419363.019
300777.SZ,20241202,27.09,27.68,26.88,27.36,27.13,0.23,0.8478,86660.37,236650.955
300778.SZ,20241202,12.61,13.08,12.48,12.86,12.66,0.2,1.5798,81132.16,103478.166
300779.SZ,20241202,91.62,92.4,87.59,88.15,90.99,-2.84,-3.1212,40090.2,359062.456
300780.SZ,20241202,18.5,19.05,18.22,18.59,18.57,0.02,0.1077,122132.0,226343.428
300781.SZ,20241202,66.3,68.37,65.91,67.6,67.22,0.38,0.5653,86750.6,583833.395
300782.SZ,20241202,92.22,97.33,92.05,95.68,92.78,2.9,3.1257,123304.49,1177817.828
300783.SZ,20241202,32.15,34.96,32.0,33.86,31.93,1.93,6.0445,189401.93,636126.776
300784.SZ,20241202,67.8,69.59,67.3,69.32,67.68,1.64,2.4232,19722.14,135133.175
300785.SZ,20241202,31.44,32.48,31.02,32.08,30.98,1.1,3.5507,243230.4,773367.688
300786.SZ,20241202,15.12,15.72,15.02,15.7,15.15,0.55,3.6304,106719.2,163407.512
300787.SZ,20241202,13.59,13.98,13.59,13.79,13.6,0.19,1.3971,66889.55,92488.346
300788.SZ,20241202,34.29,34.91,33.85,34.56,34.35,0.21,0.6114,105255.0,362367.726
300789.SZ,20241202,16.51,16.66,16.39,16.59,16.4,0.19,1.1585,32190.43,53247.057
300790.SZ,20241202,16.7,17.89,16.61,17.45,16.57,0.88,5.3108,250677.15,436478.529
300791.SZ,20241202,27.88,28.27,27.63,28.02,27.75,0.27,0.973,31855.14,89058.588
300792.SZ,20241202,23.31,24.66,23.12,23.85,23.55,0.3,1.2739,207606.51,498692.084
300793.SZ,20241202,17.75,18.12,17.58,17.83,17.68,0.15,0.8484,281094.33,501538.453
300795.SZ,20241202,17.77,18.45,17.75,18.21,17.73,0.48,2.7073,34819.71,62872.732
300796.SZ,20241202,10.57,10.76,10.48,10.73,10.55,0.18,1.7062,71440.72,76035.429
300797.SZ,20241202,12.95,13.1,12.88,13.07,12.88,0.19,1.4752,46342.5,60252.205
300798.SZ,20241202,6.55,6.84,6.55,6.79,6.55,0.24,3.6641,115269.0,77484.751
300800.SZ,20241202,11.39,11.58,11.34,11.51,11.4,0.11,0.9649,34666.61,39725.923
300801.SZ,20241202,18.05,18.05,17.72,17.93,18.05,-0.12,-0.6648,61634.0,110305.612
300802.SZ,20241202,18.55,19.06,18.5,18.74,18.55,0.19,1.0243,86360.25,162101.884
300803.SZ,20241202,98.68,104.29,97.89,102.99,99.7,3.29,3.2999,308563.26,3154388.059
300804.SZ,20241202,25.48,25.78,25.43,25.71,25.45,0.26,1.0216,11121.72,28513.885
300805.SZ,20241202,10.16,10.2,9.8,9.93,9.79,0.14,1.43,170450.0,169537.528
300806.SZ,20241202,14.2,14.7,14.15,14.55,14.27,0.28,1.9622,125691.68,181210.241
300807.SZ,20241202,34.31,35.76,34.02,35.54,34.31,1.23,3.585,32080.86,112813.0
300808.SZ,20241202,26.8,28.08,26.04,27.7,27.0,0.7,2.5926,56768.6,154079.788
300809.SZ,20241202,27.35,30.28,27.32,28.66,26.78,1.88,7.0202,172976.4,494814.186
300810.SZ,20241202,21.38,21.83,21.33,21.75,21.41,0.34,1.588,23797.5,51423.038
300811.SZ,20241202,49.98,51.0,49.12,49.58,49.13,0.45,0.9159,69160.64,345717.974
300812.SZ,20241202,25.37,25.65,25.15,25.38,25.38,0.0,0.0,47523.95,120670.624
300813.SZ,20241202,20.49,21.0,20.49,20.92,20.48,0.44,2.1484,20347.67,42383.199
300814.SZ,20241202,30.36,31.05,30.3,30.82,30.35,0.47,1.5486,27674.0,85019.555
300815.SZ,20241202,15.57,15.91,15.57,15.89,15.56,0.33,2.1208,54562.3,86089.668
300816.SZ,20241202,24.16,24.97,24.16,24.96,24.0,0.96,4.0,23587.39,58195.11
300817.SZ,20241202,15.24,16.1,14.99,15.7,15.4,0.3,1.9481,175140.44,270344.579
300818.SZ,20241202,29.77,30.0,29.19,29.9,28.72,1.18,4.1086,30194.03,89492.992
300819.SZ,20241202,14.48,14.96,14.34,14.46,14.39,0.07,0.4864,54047.07,78737.346
300820.SZ,20241202,59.51,63.37,58.9,63.0,60.1,2.9,4.8253,50998.3,311257.388
300821.SZ,20241202,8.43,8.65,8.38,8.6,8.41,0.19,2.2592,92787.75,79425.234
300822.SZ,20241202,30.61,33.2,29.7,30.0,34.2,-4.2,-12.2807,478943.66,1499075.988
300823.SZ,20241202,14.2,14.74,14.15,14.52,14.18,0.34,2.3977,64598.0,92987.118
300824.SZ,20241202,9.48,9.67,9.42,9.54,9.44,0.1,1.0593,87537.9,83346.277
300825.SZ,20241202,12.49,12.94,12.31,12.71,12.3,0.41,3.3333,305222.0,387510.018
300826.SZ,20241202,18.3,18.5,17.98,18.15,18.36,-0.21,-1.1438,81354.07,147792.771
300827.SZ,20241202,48.9,49.77,47.81,49.4,49.17,0.23,0.4678,83884.59,411842.134
300828.SZ,20241202,14.32,14.55,14.28,14.44,14.35,0.09,0.6272,43985.5,63548.791
300829.SZ,20241202,17.14,17.36,16.89,17.25,17.23,0.02,0.1161,40504.71,69246.005
300830.SZ,20241202,8.51,8.79,8.47,8.7,8.79,-0.09,-1.0239,308102.23,265866.496
300831.SZ,20241202,15.38,15.75,15.28,15.74,15.47,0.27,1.7453,104480.0,162745.799
300832.SZ,20241202,66.67,69.87,66.02,68.95,65.37,3.58,5.4765,81023.36,557132.447
300833.SZ,20241202,47.16,48.3,45.69,46.92,47.48,-0.56,-1.1794,37308.73,174506.702
300834.SZ,20241202,21.24,21.97,21.05,21.9,21.1,0.8,3.7915,29471.38,63695.387
300835.SZ,20241202,33.34,34.32,33.25,34.0,33.43,0.57,1.7051,61516.2,207245.349
300836.SZ,20241202,50.86,51.0,48.66,49.0,50.86,-1.86,-3.6571,19250.9,95538.166
300837.SZ,20241202,22.5,23.2,22.26,22.93,22.19,0.74,3.3348,17934.0,40928.501
300838.SZ,20241202,13.26,13.41,13.2,13.38,13.15,0.23,1.749,27365.0,36513.366
300839.SZ,20241202,7.59,8.04,7.5,7.95,7.47,0.48,6.4257,87713.91,68889.79
300840.SZ,20241202,19.0,20.25,18.78,19.49,19.31,0.18,0.9322,451166.64,885363.081
300841.SZ,20241202,57.6,58.28,57.12,57.69,57.63,0.06,0.1041,24957.25,144315.493
300842.SZ,20241202,48.97,49.77,47.62,49.21,49.91,-0.7,-1.4025,70181.93,341369.808
300843.SZ,20241202,28.5,31.18,28.49,30.37,28.6,1.77,6.1888,97579.67,292910.358
300844.SZ,20241202,39.79,39.89,38.1,39.05,39.88,-0.83,-2.0812,40049.16,154703.18
300845.SZ,20241202,14.7,14.93,14.6,14.87,14.64,0.23,1.571,55560.46,81924.296
300846.SZ,20241202,13.53,13.78,13.52,13.78,13.59,0.19,1.3981,252581.0,345254.321
300847.SZ,20241202,17.97,18.35,17.92,18.27,17.92,0.35,1.9531,61841.58,112259.189
300848.SZ,20241202,18.5,18.85,18.38,18.63,18.63,0.0,0.0,33888.05,63083.047
300849.SZ,20241202,13.08,13.35,13.05,13.3,13.08,0.22,1.682,41669.0,54921.664
300850.SZ,20241202,25.17,25.55,24.84,25.22,25.21,0.01,0.0397,83639.78,210274.479
300851.SZ,20241202,29.09,33.74,29.09,30.85,28.99,1.86,6.416,38664.39,120623.615
300852.SZ,20241202,26.4,26.97,26.32,26.86,26.34,0.52,1.9742,19093.0,51106.622
300853.SZ,20241202,18.45,19.07,18.1,18.81,18.19,0.62,3.4085,84097.2,156983.303
300854.SZ,20241202,13.96,14.08,13.87,14.01,13.74,0.27,1.9651,21451.33,29981.257
300855.SZ,20241202,23.87,24.59,23.58,24.37,23.91,0.46,1.9239,55376.25,134503.556
300856.SZ,20241202,26.27,27.23,26.14,27.09,26.26,0.83,3.1607,62858.07,168567.189
300857.SZ,20241202,90.99,92.58,88.88,89.46,91.13,-1.67,-1.8325,121506.23,1101841.6
300858.SZ,20241202,16.49,16.62,16.2,16.46,16.47,-0.01,-0.0607,49235.98,80823.087
300859.SZ,20241202,40.59,43.05,40.56,42.5,41.0,1.5,3.6585,60108.0,253223.713
300860.SZ,20241202,26.4,27.18,26.33,27.17,26.33,0.84,3.1903,69465.65,186676.057
300861.SZ,20241202,25.57,26.87,24.85,26.55,25.68,0.87,3.3879,87377.87,229231.246
300862.SZ,20241202,29.93,30.9,29.63,30.1,29.93,0.17,0.568,80419.6,241622.211
300863.SZ,20241202,42.27,43.98,41.99,43.81,41.92,1.89,4.5086,41896.2,180724.566
300864.SZ,20241202,22.74,23.04,22.7,22.98,22.75,0.23,1.011,12598.59,28888.159
300865.SZ,20241202,28.88,30.06,28.69,29.53,28.7,0.83,2.892,35021.26,102582.997
300866.SZ,20241202,83.41,87.88,83.3,85.0,82.01,2.99,3.6459,76148.69,655047.595
300867.SZ,20241202,14.28,14.36,14.2,14.34,14.28,0.06,0.4202,43616.0,62390.083
300868.SZ,20241202,29.2,29.94,28.79,29.1,29.23,-0.13,-0.4447,26441.0,77391.426
300869.SZ,20241202,15.59,16.15,15.57,16.12,15.57,0.55,3.5324,56631.01,90116.786
300870.SZ,20241202,83.0,89.8,82.9,89.3,84.82,4.48,5.2818,55599.84,483971.944
300871.SZ,20241202,12.49,12.78,12.29,12.71,12.49,0.22,1.7614,33422.8,42153.669
300872.SZ,20241202,16.06,16.43,15.88,16.28,16.24,0.04,0.2463,184949.93,299319.766
300873.SZ,20241202,18.55,18.58,18.18,18.31,18.53,-0.22,-1.1873,60858.0,111358.759
300875.SZ,20241202,33.64,34.4,33.51,33.76,33.64,0.12,0.3567,56269.79,190366.945
300876.SZ,20241202,25.43,25.93,24.6,25.1,25.3,-0.2,-0.7905,17751.0,44322.893
300877.SZ,20241202,16.2,16.38,15.94,15.99,16.03,-0.04,-0.2495,20616.79,33093.159
300878.SZ,20241202,19.03,19.84,19.03,19.67,19.03,0.64,3.3631,47820.8,93076.415
300879.SZ,20241202,15.21,15.92,15.13,15.9,14.93,0.97,6.497,125031.56,195651.285
300880.SZ,20241202,24.01,24.5,23.78,24.15,23.86,0.29,1.2154,75130.44,180446.321
300881.SZ,20241202,33.03,33.75,32.81,33.35,32.7,0.65,1.9878,20279.4,67551.812
300882.SZ,20241202,17.0,17.09,16.65,16.73,16.85,-0.12,-0.7122,82787.21,139118.421
300883.SZ,20241202,6.83,7.5,6.41,7.16,7.01,0.15,2.1398,793406.84,547889.596
300884.SZ,20241202,11.46,11.75,11.45,11.74,11.5,0.24,2.087,147703.9,171216.014
300885.SZ,20241202,11.77,12.27,11.6,12.13,11.51,0.62,5.3866,106290.63,127654.156
300886.SZ,20241202,21.37,21.85,21.28,21.84,21.26,0.58,2.7281,12588.0,27270.524
300887.SZ,20241202,9.35,9.7,9.19,9.54,9.24,0.3,3.2468,269933.82,255504.998
300888.SZ,20241202,35.92,38.6,35.69,37.5,34.97,2.53,7.2348,122600.81,460003.444
300889.SZ,20241202,15.36,15.38,14.81,15.04,15.49,-0.45,-2.9051,75943.16,114063.289
300890.SZ,20241202,33.03,34.5,32.53,34.19,33.22,0.97,2.9199,80842.87,272090.691
300891.SZ,20241202,9.14,9.34,9.1,9.31,9.14,0.17,1.86,43834.0,40529.903
300892.SZ,20241202,43.01,47.5,43.01,44.8,44.78,0.02,0.0447,121292.85,546900.997
300893.SZ,20241202,29.79,30.6,29.72,30.22,29.71,0.51,1.7166,17320.0,52247.057
300894.SZ,20241202,15.41,15.67,15.18,15.5,15.43,0.07,0.4537,221200.84,341007.323
300895.SZ,20241202,34.98,35.36,34.8,35.17,35.18,-0.01,-0.0284,48592.79,170439.799
300896.SZ,20241202,211.5,219.0,210.0,216.99,211.9,5.09,2.4021,37089.77,800825.374
300897.SZ,20241202,23.93,24.99,23.71,24.81,23.93,0.88,3.6774,33762.77,82927.837
300898.SZ,20241202,23.4,24.48,23.4,24.03,23.54,0.49,2.0816,90312.52,216390.334
300899.SZ,20241202,24.47,25.13,24.47,24.9,24.39,0.51,2.091,25070.12,62325.633
300900.SZ,20241202,22.95,23.22,22.84,23.14,22.94,0.2,0.8718,84629.6,195045.098
300901.SZ,20241202,13.49,14.12,13.38,13.48,13.57,-0.09,-0.6632,66772.0,91173.745
300902.SZ,20241202,18.66,19.19,18.54,19.16,18.54,0.62,3.3441,30973.6,58608.361
300903.SZ,20241202,9.26,9.34,9.12,9.19,9.26,-0.07,-0.7559,197113.05,181245.311
300904.SZ,20241202,68.08,69.5,64.34,65.82,67.07,-1.25,-1.8637,33310.16,221078.112
300905.SZ,20241202,31.22,31.73,30.65,31.6,31.52,0.08,0.2538,88232.0,276186.788
300906.SZ,20241202,26.0,27.88,25.5,26.32,26.0,0.32,1.2308,51979.71,138069.094
300907.SZ,20241202,24.02,25.38,24.02,24.19,23.8,0.39,1.6387,40826.67,100338.906
300908.SZ,20241202,33.42,34.99,33.42,34.26,33.7,0.56,1.6617,37878.81,130351.795
300909.SZ,20241202,29.18,30.81,28.7,28.95,29.12,-0.17,-0.5838,98090.92,289956.599
300910.SZ,20241202,44.15,44.16,43.24,43.83,43.95,-0.12,-0.273,21347.0,93393.818
300911.SZ,20241202,32.39,33.1,31.0,31.23,31.66,-0.43,-1.3582,75889.43,242191.075
300912.SZ,20241202,13.23,13.84,13.23,13.83,13.2,0.63,4.7727,61214.96,83235.268
300913.SZ,20241202,32.5,34.43,32.17,33.99,32.25,1.74,5.3953,75463.52,253712.54
300915.SZ,20241202,35.01,36.2,34.61,35.5,35.0,0.5,1.4286,29810.57,106070.406
300916.SZ,20241202,31.01,31.67,30.86,31.45,31.83,-0.38,-1.1938,68662.17,215040.673
300917.SZ,20241202,58.7,62.0,58.38,61.04,59.43,1.61,2.7091,111226.44,675147.585
300918.SZ,20241202,11.82,12.58,11.73,12.0,11.83,0.17,1.437,85865.8,103669.375
300919.SZ,20241202,39.44,40.24,38.75,39.97,39.98,-0.01,-0.025,88942.97,353992.362
300920.SZ,20241202,19.38,19.4,18.8,19.0,19.26,-0.26,-1.3499,17006.72,32337.58
300921.SZ,20241202,24.04,24.43,23.8,24.37,24.2,0.17,0.7025,63123.08,152784.032
300922.SZ,20241202,15.61,16.11,15.6,16.09,15.61,0.48,3.075,59362.6,94383.95
300923.SZ,20241202,22.5,22.88,22.5,22.64,22.36,0.28,1.2522,21163.0,47914.213
300925.SZ,20241202,24.14,24.67,23.88,24.57,24.38,0.19,0.7793,246731.04,601859.819
300926.SZ,20241202,21.54,22.16,21.54,21.97,21.46,0.51,2.3765,62051.12,136025.056
300927.SZ,20241202,19.23,19.78,19.15,19.67,19.26,0.41,2.1288,28501.72,55633.975
300928.SZ,20241202,35.72,36.88,35.48,36.4,35.43,0.97,2.7378,20927.0,75990.103
300929.SZ,20241202,9.9,10.22,9.88,10.12,9.85,0.27,2.7411,31256.4,31536.027
300930.SZ,20241202,27.4,28.0,27.3,27.59,27.35,0.24,0.8775,34922.94,96300.2
300931.SZ,20241202,7.37,7.45,7.29,7.43,7.24,0.19,2.6243,70690.18,52203.192
300932.SZ,20241202,14.8,14.97,14.52,14.7,14.76,-0.06,-0.4065,69876.12,102551.57
300933.SZ,20241202,7.16,7.33,7.12,7.28,7.16,0.12,1.676,139665.87,101352.236
300935.SZ,20241202,22.88,23.16,22.54,23.15,22.77,0.38,1.6689,20395.8,46761.425
300936.SZ,20241202,44.55,45.27,44.44,45.15,44.82,0.33,0.7363,14716.21,66217.929
300937.SZ,20241202,31.6,32.11,30.7,31.05,31.25,-0.2,-0.64,68209.0,212772.293
300938.SZ,20241202,22.42,22.67,22.32,22.6,22.45,0.15,0.6682,27971.23,62988.89
300939.SZ,20241202,34.0,35.27,33.8,35.15,34.27,0.88,2.5678,63329.74,218542.266
300940.SZ,20241202,14.98,15.36,14.93,15.26,14.91,0.35,2.3474,56833.25,86461.018
300941.SZ,20241202,22.21,22.7,21.8,22.66,22.31,0.35,1.5688,93702.19,209171.274
300942.SZ,20241202,9.98,10.23,9.91,10.07,9.88,0.19,1.9231,201284.74,201730.964
300943.SZ,20241202,13.54,14.14,13.53,13.88,13.57,0.31,2.2845,61906.0,85716.088
300945.SZ,20241202,11.3,13.32,11.19,13.32,11.1,2.22,20.0,327613.62,419605.858
300946.SZ,20241202,28.31,29.43,28.13,29.38,28.29,1.09,3.853,17224.2,50099.37
300947.SZ,20241202,18.08,18.65,18.08,18.4,18.38,0.02,0.1088,73810.35,135517.217
300948.SZ,20241202,11.64,11.72,11.41,11.53,11.59,-0.06,-0.5177,58373.53,67486.74
300949.SZ,20241202,36.5,37.85,36.2,36.85,37.0,-0.15,-0.4054,40906.34,151277.066
300950.SZ,20241202,17.08,17.61,17.05,17.6,17.01,0.59,3.4685,34134.3,59281.012
300951.SZ,20241202,30.58,31.2,30.34,31.19,30.45,0.74,2.4302,26755.5,82784.684
300952.SZ,20241202,21.42,25.52,21.22,23.1,21.32,1.78,8.349,91857.32,214851.466
300953.SZ,20241202,71.15,73.71,69.51,72.1,69.59,2.51,3.6068,41943.45,301995.258
300955.SZ,20241202,16.08,16.45,16.06,16.34,16.01,0.33,2.0612,10835.75,17631.092
300956.SZ,20241202,18.4,18.88,18.34,18.85,18.48,0.37,2.0022,68658.72,128465.459
300957.SZ,20241202,49.1,50.28,48.88,50.19,49.25,0.94,1.9086,44313.0,220994.62
300958.SZ,20241202,13.1,13.23,13.06,13.18,13.06,0.12,0.9188,42877.3,56418.43
300959.SZ,20241202,37.7,38.38,37.09,37.54,37.34,0.2,0.5356,39934.26,150046.267
300960.SZ,20241202,23.2,23.73,23.12,23.38,22.96,0.42,1.8293,20875.0,48979.36
300961.SZ,20241202,10.86,10.88,10.67,10.72,10.78,-0.06,-0.5566,95606.15,102850.529
300962.SZ,20241202,16.34,16.72,16.34,16.69,16.43,0.26,1.5825,25663.0,42632.865
300963.SZ,20241202,9.48,9.65,9.41,9.6,9.48,0.12,1.2658,62433.71,59547.186
300964.SZ,20241202,39.16,40.01,39.16,39.83,39.16,0.67,1.7109,17467.82,69287.229
300965.SZ,20241202,32.83,33.42,32.5,33.31,32.8,0.51,1.5549,2544.0,8446.704
300966.SZ,20241202,18.65,19.0,18.63,18.9,18.65,0.25,1.3405,26231.0,49519.748
300967.SZ,20241202,13.04,13.68,12.97,13.49,12.97,0.52,4.0093,78688.29,104830.228
300968.SZ,20241202,18.04,18.54,17.98,18.45,18.04,0.41,2.2727,154765.67,283899.253
300969.SZ,20241202,85.18,89.8,84.0,88.79,84.7,4.09,4.8288,34086.0,297039.606
300970.SZ,20241202,13.97,14.15,13.88,14.02,13.8,0.22,1.5942,37283.0,52380.613
300971.SZ,20241202,22.63,22.63,22.3,22.48,22.45,0.03,0.1336,42647.0,95660.603
300972.SZ,20241202,74.65,77.07,73.1,75.1,74.65,0.45,0.6028,33461.43,252185.83
300973.SZ,20241202,39.28,40.74,39.0,39.72,39.24,0.48,1.2232,60705.2,241896.347
300975.SZ,20241202,12.74,13.21,12.73,13.11,12.62,0.49,3.8827,411582.94,536784.122
300976.SZ,20241202,59.55,61.6,59.53,61.49,59.55,1.94,3.2578,16147.8,98623.59
300977.SZ,20241202,19.86,20.26,19.61,19.98,19.86,0.12,0.6042,57324.0,113953.167
300978.SZ,20241202,11.83,11.98,11.78,11.97,11.76,0.21,1.7857,55006.34,65490.204
300979.SZ,20241202,75.06,76.3,74.12,75.22,75.48,-0.26,-0.3445,25340.81,190223.339
300980.SZ,20241202,25.18,25.68,24.38,24.77,25.38,-0.61,-2.4035,82177.42,205679.298
300981.SZ,20241202,14.36,14.75,14.31,14.58,14.36,0.22,1.532,91286.55,132921.721
300982.SZ,20241202,18.69,19.22,18.56,19.15,18.64,0.51,2.7361,43491.91,82055.499
300983.SZ,20241202,18.95,19.38,18.95,19.21,18.92,0.29,1.5328,13385.75,25692.677
300984.SZ,20241202,26.62,27.1,26.2,26.46,26.68,-0.22,-0.8246,10913.07,28932.472
300985.SZ,20241202,19.6,20.28,19.51,20.13,19.53,0.6,3.0722,33076.59,65845.796
300986.SZ,20241202,12.55,13.13,12.54,12.98,12.56,0.42,3.3439,38584.33,49821.498
300987.SZ,20241202,16.78,17.09,16.6,16.9,16.73,0.17,1.0161,60848.5,102572.272
300988.SZ,20241202,19.33,19.7,19.26,19.6,19.23,0.37,1.9241,33349.0,65224.1
300989.SZ,20241202,14.32,14.67,14.29,14.66,14.38,0.28,1.9471,77143.46,112018.977
300990.SZ,20241202,37.32,39.21,37.05,39.2,37.32,1.88,5.0375,61084.96,234905.886
300991.SZ,20241202,20.21,21.66,19.88,20.92,20.19,0.73,3.6157,133217.38,275180.792
300992.SZ,20241202,21.26,21.36,20.6,20.85,21.15,-0.3,-1.4184,14671.0,30741.238
300993.SZ,20241202,10.11,10.45,10.1,10.34,10.1,0.24,2.3762,56200.98,57955.776
300994.SZ,20241202,12.08,12.29,11.95,12.22,11.97,0.25,2.0886,53335.6,64928.348
300995.SZ,20241202,18.04,18.3,17.83,18.1,17.82,0.28,1.5713,16378.0,29533.069
300996.SZ,20241202,20.36,20.6,19.91,20.5,20.36,0.14,0.6876,76490.79,155718.15
300997.SZ,20241202,19.69,22.09,19.1,22.09,18.41,3.68,19.9891,420410.47,861518.633
300998.SZ,20241202,16.28,16.55,16.15,16.44,16.23,0.21,1.2939,41378.85,67652.846
300999.SZ,20241202,34.1,35.3,33.99,35.0,34.2,0.8,2.3392,113283.52,393635.123
301000.SZ,20241202,25.02,25.34,23.33,25.34,21.12,4.22,19.9811,166618.07,414862.643
301001.SZ,20241202,28.78,29.8,28.01,29.38,29.08,0.3,1.0316,95628.49,277420.657
301002.SZ,20241202,18.24,19.06,18.11,18.89,18.24,0.65,3.5636,32539.2,60783.933
301003.SZ,20241202,23.19,23.97,23.19,23.8,23.2,0.6,2.5862,14445.8,34227.465
301004.SZ,20241202,101.99,102.99,99.48,100.4,101.99,-1.59,-1.559,9203.15,92835.077
301005.SZ,20241202,29.3,30.5,29.3,30.33,29.17,1.16,3.9767,59960.06,180558.734
301006.SZ,20241202,15.33,15.39,15.18,15.34,15.23,0.11,0.7223,19035.0,29084.147
301007.SZ,20241202,15.98,16.5,15.87,16.45,15.88,0.57,3.5894,105173.04,171263.562
301008.SZ,20241202,20.55,20.98,20.39,20.8,20.44,0.36,1.7613,13691.97,28344.667
301009.SZ,20241202,9.59,9.99,9.58,9.94,9.59,0.35,3.6496,64069.91,63192.247
301010.SZ,20241202,14.69,14.94,14.51,14.85,14.51,0.34,2.3432,23611.0,34885.727
301011.SZ,20241202,36.3,38.88,35.09,38.27,38.2,0.07,0.1832,300029.92,1102043.057
301012.SZ,20241202,22.68,23.55,22.51,23.38,22.57,0.81,3.5888,47004.58,108207.263
301013.SZ,20241202,13.39,13.9,13.33,13.74,13.31,0.43,3.2307,102632.82,140024.176
301015.SZ,20241202,27.88,28.49,27.6,27.95,27.88,0.07,0.2511,26835.51,75226.229
301016.SZ,20241202,23.11,24.08,23.11,23.96,23.04,0.92,3.9931,45816.7,108718.147
301017.SZ,20241202,14.52,14.79,14.3,14.56,14.34,0.22,1.5342,107350.0,156332.299
301018.SZ,20241202,25.76,27.87,25.4,26.89,25.76,1.13,4.3866,140862.25,380272.117
301019.SZ,20241202,15.5,15.87,15.5,15.7,15.44,0.26,1.6839,13664.29,21432.532
301020.SZ,20241202,19.91,20.42,19.88,20.4,19.84,0.56,2.8226,19480.0,39276.141
301021.SZ,20241202,30.6,31.08,29.97,31.04,30.41,0.63,2.0717,99633.79,303666.041
301022.SZ,20241202,23.73,23.99,23.44,23.92,23.44,0.48,2.0478,19105.17,45442.318
301023.SZ,20241202,51.5,55.3,50.02,52.38,50.91,1.47,2.8874,29710.5,155971.171
301024.SZ,20241202,26.78,27.15,26.62,27.09,26.62,0.47,1.7656,10994.22,29564.047
301025.SZ,20241202,11.67,11.88,11.5,11.64,11.74,-0.1,-0.8518,187643.3,219258.315
301026.SZ,20241202,28.96,29.38,28.81,29.21,28.9,0.31,1.0727,18363.0,53450.166
301027.SZ,20241202,14.89,15.1,14.42,14.81,14.89,-0.08,-0.5373,80111.0,118586.918
301028.SZ,20241202,11.06,11.36,11.0,11.35,11.0,0.35,3.1818,34566.6,38834.997
301029.SZ,20241202,25.39,26.37,24.98,26.23,24.9,1.33,5.3414,89050.78,230076.125
301030.SZ,20241202,30.66,31.5,29.85,30.96,30.92,0.04,0.1294,86462.2,265343.725
301031.SZ,20241202,108.93,110.04,105.81,108.64,108.2,0.44,0.4067,9335.8,100701.129
301032.SZ,20241202,10.62,10.85,10.62,10.71,10.62,0.09,0.8475,50952.41,54622.274
301033.SZ,20241202,47.31,48.28,47.11,47.52,47.25,0.27,0.5714,5721.48,27317.035
301035.SZ,20241202,51.55,51.75,50.02,50.9,51.44,-0.54,-1.0498,13402.25,68435.058
301036.SZ,20241202,45.01,46.69,44.63,46.69,45.04,1.65,3.6634,49795.0,227616.414
301037.SZ,20241202,11.59,12.27,11.49,11.86,11.47,0.39,3.4002,37794.14,44667.607
301038.SZ,20241202,20.7,23.0,20.58,21.95,20.91,1.04,4.9737,93052.18,199531.036
301039.SZ,20241202,9.98,10.14,9.92,10.11,9.86,0.25,2.5355,156431.76,157381.331
301040.SZ,20241202,16.02,16.11,15.62,16.02,15.85,0.17,1.0726,26286.0,41724.815
301041.SZ,20241202,26.37,28.5,26.37,27.5,26.41,1.09,4.1272,83856.98,229556.449
301042.SZ,20241202,36.59,38.85,36.59,38.03,36.73,1.3,3.5393,27932.57,106032.073
301043.SZ,20241202,29.82,30.29,29.82,30.27,29.8,0.47,1.5772,8208.49,24648.807
301045.SZ,20241202,22.16,22.75,22.01,22.49,22.42,0.07,0.3122,22938.6,51536.329
301046.SZ,20241202,23.1,23.28,22.35,22.7,22.42,0.28,1.2489,38567.01,87411.588
301047.SZ,20241202,66.23,67.39,66.07,67.0,66.27,0.73,1.1016,10478.91,70019.187
301048.SZ,20241202,10.2,10.77,10.15,10.37,10.13,0.24,2.3692,127199.76,133256.135
301049.SZ,20241202,27.39,28.7,27.33,28.03,27.39,0.64,2.3366,27709.03,77520.077
301050.SZ,20241202,53.49,55.18,53.39,54.63,53.49,1.14,2.1312,81357.99,442643.96
301051.SZ,20241202,31.05,32.45,31.02,31.61,31.0,0.61,1.9677,37318.33,118576.968
301052.SZ,20241202,29.58,30.44,29.57,29.91,29.74,0.17,0.5716,104390.03,313155.463
301053.SZ,20241202,22.53,23.04,22.46,22.85,22.53,0.32,1.4203,16261.0,36947.86
301055.SZ,20241202,15.11,16.2,14.93,15.94,15.1,0.84,5.5629,59280.0,93202.146
301056.SZ,20241202,9.4,9.85,9.25,9.68,9.4,0.28,2.9787,55530.21,53391.484
301057.SZ,20241202,14.49,14.58,14.37,14.52,14.4,0.12,0.8333,30097.21,43573.557
301058.SZ,20241202,11.52,11.72,11.42,11.72,11.45,0.27,2.3581,111294.0,129302.739
301059.SZ,20241202,11.49,12.0,11.3,11.83,11.51,0.32,2.7802,54912.47,64182.152
301060.SZ,20241202,10.66,11.15,10.63,11.09,10.67,0.42,3.9363,169477.66,186686.762
301061.SZ,20241202,56.08,57.97,55.12,57.24,55.8,1.44,2.5806,13584.3,77323.962
301062.SZ,20241202,12.75,13.67,12.75,13.57,12.69,0.88,6.9346,170307.09,227821.858
301063.SZ,20241202,17.98,18.24,17.84,18.08,17.97,0.11,0.6121,31657.0,56934.138
301065.SZ,20241202,21.69,21.84,21.49,21.74,21.69,0.05,0.2305,30169.63,65407.939
301066.SZ,20241202,20.9,23.88,19.06,23.88,19.9,3.98,20.0,378399.7,843066.318
301067.SZ,20241202,25.95,26.72,25.94,26.3,25.77,0.53,2.0567,26156.6,68857.686
301068.SZ,20241202,31.51,32.23,31.18,31.36,31.51,-0.15,-0.476,7332.8,23180.521
301069.SZ,20241202,14.84,16.35,14.77,16.05,14.79,1.26,8.5193,168856.0,267520.743
301070.SZ,20241202,50.05,51.0,49.5,50.01,50.05,-0.04,-0.0799,13991.0,70136.396
301071.SZ,20241202,27.68,30.5,27.4,30.23,27.35,2.88,10.5302,123712.19,363485.652
301072.SZ,20241202,22.33,22.64,22.22,22.53,22.22,0.31,1.3951,13042.84,29305.415
301073.SZ,20241202,23.0,24.29,22.93,24.01,23.1,0.91,3.9394,94022.5,223594.094
301075.SZ,20241202,21.58,21.88,21.34,21.5,21.25,0.25,1.1765,12007.1,25789.608
301076.SZ,20241202,20.86,24.06,20.86,24.06,20.05,4.01,20.0,93530.7,219048.733
301077.SZ,20241202,25.05,25.56,25.02,25.18,25.02,0.16,0.6395,23382.71,59003.366
301078.SZ,20241202,13.59,14.33,13.3,14.18,13.53,0.65,4.8041,709546.79,988358.539
301079.SZ,20241202,18.05,18.17,17.79,18.04,17.97,0.07,0.3895,67997.62,122262.932
301080.SZ,20241202,44.26,47.2,44.26,46.77,43.75,3.02,6.9029,36563.27,169322.251
301081.SZ,20241202,9.3,9.65,9.3,9.45,9.34,0.11,1.1777,68959.37,65028.632
301082.SZ,20241202,15.07,15.4,15.0,15.38,15.06,0.32,2.1248,199601.55,304040.88
301083.SZ,20241202,16.5,16.78,16.25,16.56,16.33,0.23,1.4085,112924.26,186432.394
301085.SZ,20241202,59.73,61.37,59.35,60.66,60.2,0.46,0.7641,31577.31,189923.347
301086.SZ,20241202,50.1,51.36,50.01,51.16,50.1,1.06,2.1158,11621.49,59135.511
301087.SZ,20241202,37.86,38.6,37.7,38.11,37.78,0.33,0.8735,13704.6,52296.058
301088.SZ,20241202,15.3,16.12,15.3,15.7,16.52,-0.82,-4.9637,145107.41,227394.699
301089.SZ,20241202,32.56,33.23,32.45,33.15,32.56,0.59,1.812,23034.31,75929.636
301090.SZ,20241202,7.52,7.84,7.52,7.82,7.49,0.33,4.4059,95978.0,74177.885
301091.SZ,20241202,51.54,53.52,51.52,52.79,52.06,0.73,1.4022,153601.53,811779.128
301092.SZ,20241202,24.98,25.67,24.9,25.66,24.96,0.7,2.8045,20759.64,52590.556
301093.SZ,20241202,23.8,24.21,23.76,24.1,23.77,0.33,1.3883,13959.0,33628.642
301095.SZ,20241202,61.11,63.7,60.48,63.6,61.1,2.5,4.0917,63988.76,398047.727
301096.SZ,20241202,40.52,41.45,40.2,41.27,40.53,0.74,1.8258,28408.0,116558.544
301097.SZ,20241202,47.99,48.49,46.46,47.0,48.01,-1.01,-2.1037,6435.5,30431.078
301098.SZ,20241202,9.16,9.28,9.15,9.22,9.17,0.05,0.5453,64982.7,59946.488
301099.SZ,20241202,42.9,43.35,42.51,43.08,42.8,0.28,0.6542,26358.09,113085.2
301100.SZ,20241202,17.99,18.35,17.93,18.3,17.99,0.31,1.7232,20037.54,36562.88
301101.SZ,20241202,38.16,40.06,37.8,39.61,38.8,0.81,2.0876,177884.28,695644.148
301102.SZ,20241202,11.74,13.97,11.59,12.6,11.64,0.96,8.2474,279843.67,355967.155
301103.SZ,20241202,23.7,24.57,23.55,24.06,23.47,0.59,2.5138,20702.26,49742.39
301105.SZ,20241202,31.48,32.09,31.36,31.97,31.34,0.63,2.0102,3790.0,12054.025
301106.SZ,20241202,31.69,32.27,31.45,32.06,31.42,0.64,2.0369,14438.8,46168.168
301107.SZ,20241202,28.44,28.9,28.44,28.87,28.44,0.43,1.512,9880.0,28408.721
301108.SZ,20241202,27.8,28.59,27.72,28.28,27.72,0.56,2.0202,8282.71,23408.749
301109.SZ,20241202,18.01,18.21,17.59,17.84,18.0,-0.16,-0.8889,93954.71,167098.438
301110.SZ,20241202,49.93,53.63,49.29,50.77,51.25,-0.48,-0.9366,66022.4,338912.196
301111.SZ,20241202,18.6,20.87,18.51,20.09,18.47,1.62,8.771,139358.23,272756.058
301112.SZ,20241202,27.04,27.61,26.6,27.18,26.83,0.35,1.3045,27342.0,74423.228
301113.SZ,20241202,26.83,27.63,26.83,27.45,26.73,0.72,2.6936,8236.05,22435.671
301115.SZ,20241202,15.06,15.2,14.99,15.13,15.02,0.11,0.7324,25936.13,39119.619
301116.SZ,20241202,13.36,14.34,13.32,14.03,13.69,0.34,2.4836,251358.29,347832.538
301117.SZ,20241202,34.4,34.82,33.71,34.79,34.25,0.54,1.5766,43656.0,150366.825
301118.SZ,20241202,21.2,21.2,20.7,21.05,21.05,0.0,0.0,39794.33,83330.609
301119.SZ,20241202,29.81,29.99,27.91,29.26,29.57,-0.31,-1.0484,60896.23,175447.49
301120.SZ,20241202,10.11,10.3,10.11,10.25,10.14,0.11,1.0848,56132.0,57416.164
301121.SZ,20241202,49.38,49.78,48.84,49.56,49.37,0.19,0.3848,26579.92,131414.656
301122.SZ,20241202,21.97,22.47,21.97,22.23,22.01,0.22,0.9995,37850.75,84089.718
301123.SZ,20241202,20.85,20.91,20.53,20.67,20.75,-0.08,-0.3855,66151.4,136623.706
301125.SZ,20241202,11.7,11.78,11.6,11.73,11.61,0.12,1.0336,42746.13,50043.111
301126.SZ,20241202,11.83,12.08,11.82,12.0,11.84,0.16,1.3514,60323.55,72216.072
301127.SZ,20241202,14.72,15.72,14.32,15.57,14.67,0.9,6.135,237369.98,360634.794
301128.SZ,20241202,54.01,56.18,54.01,55.72,54.05,1.67,3.0897,18247.88,101200.072
301129.SZ,20241202,26.19,27.25,25.73,26.99,26.24,0.75,2.8582,70667.16,188444.686
301130.SZ,20241202,27.58,27.98,27.58,27.77,27.58,0.19,0.6889,13710.55,38051.492
301131.SZ,20241202,38.9,40.88,38.9,39.97,38.95,1.02,2.6187,47920.77,191576.845
301132.SZ,20241202,28.85,29.26,28.73,28.99,28.75,0.24,0.8348,26628.28,77105.892
301133.SZ,20241202,23.87,24.27,23.81,24.16,23.86,0.3,1.2573,18741.0,45187.939
301135.SZ,20241202,25.72,26.08,25.58,25.94,25.7,0.24,0.9339,20236.74,52427.422
301136.SZ,20241202,13.7,14.05,13.63,13.89,13.67,0.22,1.6094,63548.0,88026.628
301137.SZ,20241202,18.46,18.76,18.31,18.6,18.3,0.3,1.6393,23775.6,44278.254
301138.SZ,20241202,30.48,31.1,30.18,30.65,30.3,0.35,1.1551,45667.0,139949.757
301139.SZ,20241202,24.57,24.88,24.2,24.87,24.38,0.49,2.0098,56108.33,138264.875
301141.SZ,20241202,41.06,43.04,40.93,42.67,41.28,1.39,3.3672,44462.4,187037.776
301148.SZ,20241202,20.17,20.4,20.05,20.3,20.1,0.2,0.995,16425.96,33317.921
301149.SZ,20241202,10.36,10.56,10.31,10.49,10.35,0.14,1.3527,44902.12,46945.603
301150.SZ,20241202,24.55,25.15,24.08,24.98,24.54,0.44,1.793,51937.01,127881.824
301151.SZ,20241202,17.34,17.72,17.23,17.7,17.38,0.32,1.8412,72361.99,126859.614
301152.SZ,20241202,37.0,37.6,36.37,37.15,37.42,-0.27,-0.7215,44694.97,164988.305
301153.SZ,20241202,32.19,32.85,31.73,32.69,32.56,0.13,0.3993,94372.04,305964.468
301155.SZ,20241202,65.84,69.28,64.43,67.7,66.57,1.13,1.6975,46493.0,309928.494
301156.SZ,20241202,14.0,15.33,14.0,14.67,14.05,0.62,4.4128,49714.42,72882.537
301157.SZ,20241202,37.6,38.68,37.48,38.33,37.54,0.79,2.1044,11691.19,44364.598
301158.SZ,20241202,15.08,15.28,15.04,15.25,15.07,0.18,1.1944,32071.57,48682.22
301159.SZ,20241202,35.71,36.1,35.0,36.0,35.82,0.18,0.5025,27574.0,98378.859
301160.SZ,20241202,55.5,57.79,54.85,55.45,55.84,-0.39,-0.6984,36804.0,207596.443
301161.SZ,20241202,19.37,19.72,19.2,19.7,19.36,0.34,1.7562,25319.06,49576.225
301162.SZ,20241202,42.03,43.12,41.56,43.12,42.11,1.01,2.3985,41434.71,176484.294
301163.SZ,20241202,23.56,24.08,23.49,24.0,23.56,0.44,1.8676,19456.0,46448.517
301165.SZ,20241202,48.81,50.35,48.68,49.7,49.03,0.67,1.3665,28460.36,141074.197
301166.SZ,20241202,30.61,31.3,30.61,31.07,30.64,0.43,1.4034,10014.13,31049.268
301167.SZ,20241202,14.57,15.03,14.45,14.91,14.57,0.34,2.3336,66120.18,97198.023
301168.SZ,20241202,30.49,31.18,30.02,31.16,30.83,0.33,1.0704,22756.0,69849.947
301169.SZ,20241202,45.17,46.42,44.6,46.1,46.15,-0.05,-0.1083,50121.07,228264.456
301170.SZ,20241202,24.74,25.16,24.74,25.16,24.72,0.44,1.7799,13830.56,34587.338
301171.SZ,20241202,32.04,37.95,31.44,36.03,31.99,4.04,12.6289,1052642.71,3565909.638
301172.SZ,20241202,31.0,31.32,30.8,31.29,30.9,0.39,1.2621,23538.0,73360.393
301175.SZ,20241202,5.56,5.64,5.56,5.6,5.57,0.03,0.5386,246849.5,138280.69
301176.SZ,20241202,19.4,19.95,19.22,19.76,19.46,0.3,1.5416,44889.31,87732.466
301177.SZ,20241202,25.41,25.66,25.04,25.25,25.3,-0.05,-0.1976,35717.21,90419.59
301178.SZ,20241202,32.2,33.48,31.5,32.93,32.3,0.63,1.9505,69118.0,224192.367
301179.SZ,20241202,18.19,18.53,18.06,18.51,18.18,0.33,1.8152,40266.8,73939.717
301180.SZ,20241202,15.28,15.68,15.2,15.59,15.28,0.31,2.0288,32199.17,49844.657
301181.SZ,20241202,23.31,23.48,23.1,23.28,23.2,0.08,0.3448,16850.2,39163.658
301182.SZ,20241202,35.82,39.45,35.52,37.03,35.82,1.21,3.378,55538.3,207058.554
301183.SZ,20241202,50.02,51.62,49.87,51.49,50.22,1.27,2.5289,46116.0,235044.574
301185.SZ,20241202,18.87,19.14,18.65,19.12,18.85,0.27,1.4324,51165.08,97292.477
301186.SZ,20241202,41.12,46.29,40.72,43.76,41.17,2.59,6.291,44473.03,193719.547
301187.SZ,20241202,28.05,29.21,27.79,28.73,27.8,0.93,3.3453,26644.83,76273.041
301188.SZ,20241202,16.66,17.03,16.38,16.55,16.71,-0.16,-0.9575,60290.66,100286.64
301189.SZ,20241202,26.49,26.51,25.96,26.35,26.07,0.28,1.074,29211.0,76715.897
301190.SZ,20241202,16.3,16.8,16.25,16.63,16.3,0.33,2.0245,21905.54,36319.309
301191.SZ,20241202,81.03,84.2,80.07,84.15,80.75,3.4,4.2105,17979.5,147435.961
301192.SZ,20241202,19.6,19.64,19.39,19.6,19.35,0.25,1.292,15345.5,29944.845
301193.SZ,20241202,17.71,17.76,17.19,17.45,17.7,-0.25,-1.4124,28095.0,48754.058
301195.SZ,20241202,37.87,37.97,36.34,36.4,37.8,-1.4,-3.7037,67072.51,248305.247
301196.SZ,20241202,35.67,36.06,35.5,35.97,35.62,0.35,0.9826,11963.1,42844.293
301197.SZ,20241202,16.19,16.43,16.12,16.43,16.19,0.24,1.4824,27477.02,44791.878
301198.SZ,20241202,10.75,10.95,10.65,10.92,10.69,0.23,2.1515,43614.46,47279.861
301199.SZ,20241202,29.63,30.49,29.33,30.02,29.38,0.64,2.1784,39882.0,119928.123
301200.SZ,20241202,36.1,36.63,35.89,36.3,36.02,0.28,0.7773,18357.42,66642.357
301201.SZ,20241202,22.2,22.63,22.09,22.47,22.08,0.39,1.7663,14146.4,31660.779
301202.SZ,20241202,33.35,34.3,33.33,34.16,33.62,0.54,1.6062,28094.73,95573.392
301203.SZ,20241202,30.02,30.3,29.91,30.04,30.02,0.02,0.0666,7624.0,22923.628
301205.SZ,20241202,69.3,75.88,68.95,75.2,69.35,5.85,8.4355,62201.75,452818.023
301206.SZ,20241202,27.94,28.29,27.8,28.21,28.0,0.21,0.75,15892.91,44625.985
301207.SZ,20241202,19.48,19.97,19.41,19.8,19.49,0.31,1.5906,24571.12,48570.215
301208.SZ,20241202,37.08,37.7,36.0,37.57,37.25,0.32,0.8591,39933.4,148200.263
301209.SZ,20241202,29.0,29.2,28.01,29.05,28.61,0.44,1.5379,24572.79,70543.74
301210.SZ,20241202,35.11,35.51,34.52,35.51,35.08,0.43,1.2258,12095.89,42740.857
301211.SZ,20241202,19.88,20.15,19.58,20.0,20.13,-0.13,-0.6458,70538.08,140254.879
301212.SZ,20241202,23.52,24.13,23.14,23.86,23.39,0.47,2.0094,24092.79,57194.433
301213.SZ,20241202,40.28,41.0,39.8,40.9,40.28,0.62,1.5392,20468.0,82832.983
301215.SZ,20241202,6.57,6.73,6.56,6.72,6.53,0.19,2.9096,237632.0,158356.538
301216.SZ,20241202,11.09,11.32,11.03,11.27,11.08,0.19,1.7148,39965.8,44834.198
301217.SZ,20241202,11.08,11.39,11.04,11.34,11.08,0.26,2.3466,52769.0,59407.499
301218.SZ,20241202,25.22,25.64,25.05,25.45,25.42,0.03,0.118,52099.0,132315.779
301219.SZ,20241202,49.1,50.45,48.82,50.18,49.4,0.78,1.5789,39476.4,196745.619
301220.SZ,20241202,35.78,36.82,34.15,36.11,35.73,0.38,1.0635,28033.93,99452.46
301221.SZ,20241202,49.3,57.12,49.02,54.8,49.1,5.7,11.609,106138.86,577663.58
301222.SZ,20241202,27.78,28.29,27.61,28.2,27.69,0.51,1.8418,13094.0,36685.936
301223.SZ,20241202,17.63,17.69,17.57,17.61,17.58,0.03,0.1706,13511.0,23794.341
301225.SZ,20241202,28.2,28.69,28.2,28.56,28.24,0.32,1.1331,11651.76,33128.3
301226.SZ,20241202,25.8,26.27,25.5,25.96,24.93,1.03,4.1316,71163.29,183743.997
301227.SZ,20241202,19.41,19.55,19.16,19.36,19.41,-0.05,-0.2576,17673.86,34182.442
301228.SZ,20241202,13.97,14.1,13.83,14.06,13.95,0.11,0.7885,33079.93,46226.914
301229.SZ,20241202,22.1,22.6,22.1,22.42,22.1,0.32,1.448,22908.48,51352.009
301230.SZ,20241202,25.69,26.42,25.35,26.4,25.58,0.82,3.2056,49697.27,129265.35
301231.SZ,20241202,20.82,21.93,20.68,21.16,21.12,0.04,0.1894,91504.08,195131.635
301232.SZ,20241202,28.88,31.6,28.88,30.06,28.86,1.2,4.158,35035.44,106078.692
301233.SZ,20241202,47.0,49.17,46.68,47.27,45.99,1.28,2.7832,27554.87,130647.385
301234.SZ,20241202,27.36,28.03,27.35,28.0,27.35,0.65,2.3766,13047.0,36237.119
301235.SZ,20241202,21.55,22.45,21.47,22.31,21.47,0.84,3.9124,22950.5,50673.566
301236.SZ,20241202,62.95,64.26,62.25,63.04,63.9,-0.86,-1.3459,447482.62,2823723.321
301237.SZ,20241202,24.72,25.25,24.72,25.17,24.72,0.45,1.8204,8114.0,20323.521
301238.SZ,20241202,17.6,17.85,17.2,17.67,17.57,0.1,0.5692,96710.5,170533.617
301239.SZ,20241202,57.5,61.49,56.83,58.93,57.12,1.81,3.1688,35896.46,213571.584
301246.SZ,20241202,15.03,15.58,14.98,15.39,15.03,0.36,2.3952,68155.65,104510.76
301248.SZ,20241202,17.33,17.77,17.1,17.54,17.2,0.34,1.9767,64728.51,112987.465
301251.SZ,20241202,37.32,39.9,37.0,38.68,36.29,2.39,6.5858,172892.02,659723.84
301252.SZ,20241202,29.08,29.49,29.0,29.32,29.11,0.21,0.7214,24395.5,71354.293
301255.SZ,20241202,35.96,38.1,35.57,36.87,35.55,1.32,3.7131,54687.1,201675.595
301256.SZ,20241202,8.06,8.24,8.02,8.23,8.06,0.17,2.1092,56809.0,46400.081
301257.SZ,20241202,31.25,31.59,31.1,31.59,31.31,0.28,0.8943,22789.5,71623.914
301258.SZ,20241202,27.7,29.08,27.61,28.38,27.72,0.66,2.381,21299.0,60324.294
301259.SZ,20241202,53.01,53.22,48.73,49.7,53.28,-3.58,-6.7192,59130.5,297544.42
301260.SZ,20241202,14.49,14.97,14.32,14.85,14.28,0.57,3.9916,59754.71,88043.488
301261.SZ,20241202,42.13,43.23,41.58,42.47,41.99,0.48,1.1431,37148.98,158253.591
301262.SZ,20241202,27.94,28.48,27.8,28.2,27.91,0.29,1.0391,43399.58,122087.959
301263.SZ,20241202,14.49,14.54,14.38,14.47,14.47,0.0,0.0,50249.77,72717.929
301265.SZ,20241202,9.71,10.76,9.7,10.19,9.71,0.48,4.9434,102155.12,104513.589
301266.SZ,20241202,43.53,45.22,42.67,45.1,44.56,0.54,1.2118,47848.75,211465.545
301267.SZ,20241202,21.56,22.99,21.32,22.57,21.45,1.12,5.2214,98802.52,221093.084
301268.SZ,20241202,21.5,21.9,21.25,21.7,21.5,0.2,0.9302,41202.98,88970.87
301269.SZ,20241202,123.43,134.6,122.37,134.35,125.94,8.41,6.6778,146576.45,1880487.999
301270.SZ,20241202,39.6,40.02,37.9,39.8,40.0,-0.2,-0.5,77876.14,302418.931
301272.SZ,20241202,37.44,37.89,37.15,37.5,37.07,0.43,1.16,7819.0,29383.29
301273.SZ,20241202,20.07,20.19,19.79,20.13,19.89,0.24,1.2066,9819.0,19629.692
301276.SZ,20241202,21.87,22.87,21.72,22.26,21.78,0.48,2.2039,50940.32,112949.436
301277.SZ,20241202,15.15,15.66,15.1,15.64,15.11,0.53,3.5076,57990.28,89776.96
301278.SZ,20241202,38.3,38.86,37.55,38.86,38.48,0.38,0.9875,16433.2,63020.488
301279.SZ,20241202,22.65,23.71,22.63,22.93,22.57,0.36,1.595,40935.18,94327.696
301280.SZ,20241202,41.79,45.9,41.56,44.06,41.79,2.27,5.4319,21747.14,94598.002
301281.SZ,20241202,36.1,36.37,35.7,36.3,35.7,0.6,1.6807,22947.98,82854.674
301282.SZ,20241202,22.63,23.08,22.46,23.0,22.46,0.54,2.4043,23099.0,52817.712
301283.SZ,20241202,28.19,28.49,27.95,28.37,28.08,0.29,1.0328,17455.12,49415.636
301285.SZ,20241202,30.05,30.4,29.64,30.03,30.22,-0.19,-0.6287,52024.16,155841.537
301286.SZ,20241202,37.58,38.79,36.77,38.21,37.0,1.21,3.2703,21257.78,80999.751
301287.SZ,20241202,32.05,32.77,31.09,32.3,32.43,-0.13,-0.4009,30157.85,96268.822
301288.SZ,20241202,17.46,18.37,17.3,18.09,17.47,0.62,3.5489,49652.94,88294.693
301289.SZ,20241202,48.5,49.48,48.2,49.31,48.58,0.73,1.5027,30567.72,149334.6
301290.SZ,20241202,26.89,26.94,26.19,26.34,26.92,-0.58,-2.1545,27987.98,74031.06
301291.SZ,20241202,37.79,42.72,37.56,42.46,37.37,5.09,13.6206,108538.51,443213.305
301292.SZ,20241202,15.37,15.55,15.2,15.5,15.32,0.18,1.1749,31202.71,48050.032
301293.SZ,20241202,47.92,49.8,47.7,49.36,47.2,2.16,4.5763,125319.98,610802.904
301295.SZ,20241202,23.02,23.34,22.92,23.27,22.91,0.36,1.5714,12983.01,30068.421
301296.SZ,20241202,9.94,10.07,9.89,10.06,9.88,0.18,1.8219,91711.35,91754.558
301297.SZ,20241202,47.48,49.99,47.21,49.93,47.46,2.47,5.2044,168553.95,824634.627
301298.SZ,20241202,14.75,15.1,14.59,15.0,14.73,0.27,1.833,40239.0,60091.303
301299.SZ,20241202,57.23,61.76,56.81,61.76,58.65,3.11,5.3026,59352.04,353798.906
301300.SZ,20241202,28.66,34.38,28.2,34.38,28.65,5.73,20.0,57350.12,188872.542
301301.SZ,20241202,13.31,13.61,13.24,13.46,13.21,0.25,1.8925,290544.82,390756.247
301302.SZ,20241202,21.8,22.82,21.63,22.65,21.95,0.7,3.1891,143593.28,320671.994
301303.SZ,20241202,14.85,15.02,14.85,14.96,14.83,0.13,0.8766,27202.34,40694.549
301305.SZ,20241202,19.43,19.62,19.3,19.46,19.52,-0.06,-0.3074,42626.53,82827.279
301306.SZ,20241202,46.19,46.56,44.75,45.56,45.77,-0.21,-0.4588,40240.0,182587.23
301307.SZ,20241202,24.07,24.79,23.81,24.44,23.91,0.53,2.2166,49971.0,121755.291
301308.SZ,20241202,88.19,89.58,87.37,89.04,88.26,0.78,0.8838,59980.56,532692.197
301309.SZ,20241202,27.5,28.9,27.11,28.09,27.37,0.72,2.6306,22564.39,63017.947
301310.SZ,20241202,25.14,26.88,25.04,26.62,25.04,1.58,6.3099,37498.54,98637.184
301311.SZ,20241202,20.15,20.71,20.1,20.52,20.02,0.5,2.4975,49684.57,101390.012
301312.SZ,20241202,47.2,48.58,47.0,48.04,47.23,0.81,1.715,18414.3,88153.361
301313.SZ,20241202,25.13,25.85,24.72,25.32,25.43,-0.11,-0.4326,119995.92,301947.778
301314.SZ,20241202,41.87,43.78,41.12,42.58,41.75,0.83,1.988,31052.2,131451.125
301315.SZ,20241202,52.68,63.36,51.3,58.4,52.8,5.6,10.6061,216290.22,1260102.845
301316.SZ,20241202,19.85,20.17,19.65,20.0,19.9,0.1,0.5025,103111.0,205918.113
301317.SZ,20241202,21.62,23.9,21.5,23.57,21.62,1.95,9.0194,55137.68,127943.114
301318.SZ,20241202,32.56,33.19,31.97,32.95,32.67,0.28,0.8571,60193.57,196860.565
301319.SZ,20241202,32.19,33.8,31.81,33.33,32.45,0.88,2.7119,32332.56,106424.762
301320.SZ,20241202,16.21,16.74,16.15,16.65,16.19,0.46,2.8413,37871.46,62493.571
301321.SZ,20241202,16.35,16.92,16.27,16.87,16.35,0.52,3.1804,36378.28,60804.914
301322.SZ,20241202,25.78,27.24,25.34,27.24,25.77,1.47,5.7043,31873.91,84001.121
301323.SZ,20241202,35.28,37.22,34.72,36.45,35.28,1.17,3.3163,21526.43,77268.565
301325.SZ,20241202,49.06,51.59,48.02,51.05,49.16,1.89,3.8446,58150.71,291645.47
301326.SZ,20241202,82.75,86.09,81.3,83.62,83.55,0.07,0.0838,27301.83,229196.132
301327.SZ,20241202,78.43,80.68,77.9,80.31,78.44,1.87,2.384,8592.44,68642.208
301328.SZ,20241202,40.0,41.82,39.69,41.28,39.6,1.68,4.2424,30053.17,122796.152
301329.SZ,20241202,19.67,19.97,19.56,19.97,19.66,0.31,1.5768,24286.0,48223.422
301330.SZ,20241202,28.9,29.3,28.58,29.23,29.1,0.13,0.4467,61259.86,177560.419
301331.SZ,20241202,25.1,25.58,25.03,25.42,25.0,0.42,1.68,11739.84,29715.802
301332.SZ,20241202,11.17,11.25,10.98,11.18,11.09,0.09,0.8115,96670.59,107606.62
301333.SZ,20241202,60.53,62.64,60.01,60.8,60.81,-0.01,-0.0164,9160.6,56187.639
301335.SZ,20241202,21.7,25.8,21.58,25.8,21.5,4.3,20.0,89038.69,220757.33
301336.SZ,20241202,36.0,36.7,35.7,36.25,35.92,0.33,0.9187,8623.0,31232.006
301337.SZ,20241202,32.83,33.46,32.62,33.45,32.82,0.63,1.9196,21200.0,70306.707
301338.SZ,20241202,34.22,35.5,34.22,35.47,34.49,0.98,2.8414,25907.0,91315.274
301339.SZ,20241202,20.56,21.24,20.43,21.05,20.69,0.36,1.74,107949.38,225674.329
301345.SZ,20241202,59.98,60.85,59.55,60.05,59.7,0.35,0.5863,6764.01,40746.288
301348.SZ,20241202,28.16,28.52,28.0,28.38,28.09,0.29,1.0324,48036.02,135910.414
301349.SZ,20241202,31.3,32.22,31.04,32.21,31.44,0.77,2.4491,20380.53,64743.733
301353.SZ,20241202,28.73,29.18,28.63,29.14,28.81,0.33,1.1454,9605.0,27794.766
301355.SZ,20241202,12.46,12.5,12.33,12.38,12.42,-0.04,-0.3221,55042.69,68175.136
301356.SZ,20241202,18.64,18.87,18.45,18.57,18.63,-0.06,-0.3221,8512.57,15810.123
301357.SZ,20241202,37.86,38.56,37.56,38.56,37.85,0.71,1.8758,33638.21,128487.797
301358.SZ,20241202,51.21,52.7,50.5,52.07,52.06,0.01,0.0192,67593.9,350688.881
301359.SZ,20241202,25.06,25.16,24.85,25.06,24.7,0.36,1.4575,18233.28,45636.232
301360.SZ,20241202,54.36,55.35,54.27,55.03,54.36,0.67,1.2325,12901.0,70723.613
301361.SZ,20241202,29.26,29.5,28.68,28.94,29.19,-0.25,-0.8565,37713.0,109365.299
301362.SZ,20241202,44.9,46.38,44.71,46.19,44.78,1.41,3.1487,13377.98,60934.384
301363.SZ,20241202,30.35,31.16,29.87,31.05,30.65,0.4,1.3051,26860.73,82119.592
301365.SZ,20241202,15.77,15.8,15.44,15.6,15.68,-0.08,-0.5102,44597.1,69468.39
301366.SZ,20241202,44.78,46.39,44.66,45.33,44.09,1.24,2.8124,43409.03,197703.485
301367.SZ,20241202,66.39,67.12,65.57,67.12,66.3,0.82,1.2368,8951.4,59600.368
301368.SZ,20241202,51.08,54.8,51.08,52.74,51.07,1.67,3.27,168114.24,896904.379
301369.SZ,20241202,59.8,60.57,59.65,60.32,60.24,0.08,0.1328,16666.69,100377.451
301370.SZ,20241202,11.97,12.16,11.9,12.13,11.93,0.2,1.6764,72600.11,87549.654
301371.SZ,20241202,37.22,37.71,37.06,37.47,37.15,0.32,0.8614,33492.83,125463.191
301372.SZ,20241202,24.98,25.19,24.72,24.94,25.15,-0.21,-0.835,43505.84,108403.545
301373.SZ,20241202,28.04,28.34,27.89,28.12,27.93,0.19,0.6803,10848.22,30467.96
301376.SZ,20241202,21.95,22.16,21.45,21.63,21.85,-0.22,-1.0069,81190.39,177065.069
301377.SZ,20241202,20.02,20.39,19.91,20.28,19.92,0.36,1.8072,30220.82,61189.467
301378.SZ,20241202,32.48,33.15,32.0,32.91,32.69,0.22,0.673,34608.48,113225.47
301379.SZ,20241202,20.35,20.69,20.24,20.69,20.26,0.43,2.1224,26089.0,53554.923
301380.SZ,20241202,45.41,46.97,44.0,46.4,46.35,0.05,0.1079,73985.86,336027.826
301381.SZ,20241202,28.0,29.14,27.78,28.28,29.01,-0.73,-2.5164,113233.15,322022.449
301382.SZ,20241202,29.21,30.97,28.6,30.58,29.71,0.87,2.9283,183826.46,552471.703
301383.SZ,20241202,37.11,37.76,36.6,37.22,37.0,0.22,0.5946,57836.43,214345.078
301386.SZ,20241202,21.5,21.84,21.3,21.81,21.5,0.31,1.4419,17821.29,38715.255
301387.SZ,20241202,32.91,33.92,32.77,33.89,32.93,0.96,2.9153,24413.69,81902.989
301388.SZ,20241202,23.61,24.97,23.4,24.72,23.59,1.13,4.7902,50043.92,121851.536
301389.SZ,20241202,16.42,17.18,16.4,17.05,16.43,0.62,3.7736,61539.78,103957.689
301390.SZ,20241202,32.3,32.59,32.21,32.53,32.34,0.19,0.5875,9857.0,31938.887
301391.SZ,20241202,41.03,41.21,40.46,41.11,40.77,0.34,0.8339,11664.81,47688.792
301392.SZ,20241202,68.91,82.69,67.71,82.69,68.91,13.78,19.9971,79390.63,619816.195
301393.SZ,20241202,46.68,47.55,46.37,47.45,46.47,0.98,2.1089,21245.93,99993.886
301395.SZ,20241202,12.35,12.43,12.15,12.39,12.27,0.12,0.978,35022.53,43005.902
301396.SZ,20241202,28.06,28.38,27.79,28.33,27.91,0.42,1.5048,46145.81,129745.24
301397.SZ,20241202,27.43,28.48,27.41,28.19,27.48,0.71,2.5837,20610.79,57623.618
301398.SZ,20241202,51.5,52.0,50.25,51.18,50.03,1.15,2.2986,39141.86,199875.84
301399.SZ,20241202,23.9,24.27,23.68,24.18,23.92,0.26,1.087,46806.06,112283.894
301408.SZ,20241202,12.18,12.42,12.14,12.39,12.16,0.23,1.8914,57560.0,70863.171
301413.SZ,20241202,53.66,59.88,52.0,56.31,54.0,2.31,4.2778,67559.38,375821.128
301418.SZ,20241202,36.7,37.49,36.45,37.37,36.72,0.65,1.7702,12358.59,45874.763
301419.SZ,20241202,32.5,33.88,32.2,33.24,32.63,0.61,1.8694,64890.65,214649.655
301421.SZ,20241202,55.34,57.58,54.85,57.23,55.34,1.89,3.4153,55308.0,310163.558
301428.SZ,20241202,33.36,39.92,33.3,39.92,33.27,6.65,19.988,190315.5,700933.903
301429.SZ,20241202,17.67,17.88,17.58,17.88,17.64,0.24,1.3605,12288.6,21812.354
301439.SZ,20241202,13.7,13.88,13.69,13.87,13.69,0.18,1.3148,29653.44,40962.258
301446.SZ,20241202,22.64,23.09,22.61,23.06,22.63,0.43,1.9001,26364.12,60436.094
301448.SZ,20241202,23.32,25.7,23.24,24.88,23.48,1.4,5.9625,74494.49,181861.152
301456.SZ,20241202,27.8,28.63,27.16,28.49,28.29,0.2,0.707,77655.01,215237.587
301459.SZ,20241202,39.97,40.39,39.77,40.15,39.97,0.18,0.4503,13028.36,52248.453
301468.SZ,20241202,23.36,23.78,23.34,23.73,23.36,0.37,1.5839,8445.8,19931.48
301469.SZ,20241202,25.91,26.44,25.91,26.13,26.25,-0.12,-0.4571,21603.0,56412.455
301486.SZ,20241202,43.96,45.55,43.67,45.4,43.96,1.44,3.2757,35354.92,159011.952
301487.SZ,20241202,29.0,31.55,28.65,30.37,28.98,1.39,4.7964,497700.46,1482542.901
301488.SZ,20241202,60.51,62.2,60.15,61.66,60.1,1.56,2.5957,18172.96,111708.76
301489.SZ,20241202,64.33,65.28,63.9,64.85,63.99,0.86,1.344,15810.46,102420.603
301498.SZ,20241202,65.98,69.35,64.6,67.62,66.01,1.61,2.439,39250.33,264422.011
301499.SZ,20241202,26.8,27.94,26.76,27.86,26.66,1.2,4.5011,40713.95,112444.612
301500.SZ,20241202,19.62,20.08,19.45,19.9,19.62,0.28,1.4271,19356.29,38470.631
301502.SZ,20241202,41.8,43.28,41.8,43.11,41.86,1.25,2.9861,14524.66,62165.171
301503.SZ,20241202,35.33,35.58,35.0,35.3,35.28,0.02,0.0567,19615.0,69175.616
301505.SZ,20241202,28.5,29.73,28.2,29.14,28.5,0.64,2.2456,69843.89,200691.336
301507.SZ,20241202,13.58,14.0,13.56,13.95,13.56,0.39,2.8761,62679.69,86628.905
301508.SZ,20241202,38.31,38.49,37.42,37.68,37.35,0.33,0.8835,51683.49,195416.213
301509.SZ,20241202,28.93,29.09,28.66,28.91,28.79,0.12,0.4168,18356.76,53035.27
301510.SZ,20241202,26.49,29.1,26.49,28.51,26.49,2.02,7.6255,137034.28,385419.231
301511.SZ,20241202,15.12,15.3,14.98,15.27,14.98,0.29,1.9359,102346.8,155352.977
301512.SZ,20241202,44.0,44.7,43.53,43.98,43.59,0.39,0.8947,10004.21,44121.222
301515.SZ,20241202,21.66,21.78,21.26,21.59,21.59,0.0,0.0,60854.07,130916.398
301516.SZ,20241202,19.55,19.75,19.5,19.64,19.73,-0.09,-0.4562,83559.12,163924.501
301517.SZ,20241202,56.7,57.8,56.48,57.6,56.71,0.89,1.5694,26373.66,150611.175
301518.SZ,20241202,19.0,19.25,18.7,18.87,18.93,-0.06,-0.317,35394.46,66847.266
301519.SZ,20241202,13.91,14.2,13.88,14.17,13.93,0.24,1.7229,41228.67,58059.223
301520.SZ,20241202,42.24,42.78,42.2,42.74,42.24,0.5,1.1837,10471.2,44538.804
301522.SZ,20241202,42.93,43.31,42.57,43.23,42.68,0.55,1.2887,62998.92,271027.494
301525.SZ,20241202,62.6,65.8,62.18,62.6,62.62,-0.02,-0.0319,35644.34,227227.587
301526.SZ,20241202,4.08,4.24,4.06,4.2,4.09,0.11,2.6895,476810.69,199495.154
301528.SZ,20241202,44.99,45.97,44.99,45.97,44.96,1.01,2.2464,11970.43,54413.961
301529.SZ,20241202,33.96,34.55,33.91,34.45,34.04,0.41,1.2045,8690.37,29848.683
301533.SZ,20241202,31.23,32.8,30.72,32.68,31.4,1.28,4.0764,48200.06,152803.501
301536.SZ,20241202,43.87,45.0,43.52,44.57,43.59,0.98,2.2482,35286.94,157329.44
301538.SZ,20241202,78.87,80.0,78.4,79.68,78.81,0.87,1.1039,6676.98,52969.212
301539.SZ,20241202,20.28,20.57,20.17,20.5,20.24,0.26,1.2846,21744.1,44422.678
301548.SZ,20241202,45.84,47.5,45.12,47.22,45.31,1.91,4.2154,12723.32,59637.941
301550.SZ,20241202,62.62,66.64,61.35,61.52,62.69,-1.17,-1.8663,105492.26,669235.668
301551.SZ,20241202,58.65,59.39,58.07,59.26,58.38,0.88,1.5074,29532.15,173977.191
301552.SZ,20241202,53.38,53.77,53.04,53.72,53.22,0.5,0.9395,10649.1,56897.428
301555.SZ,20241202,26.61,27.0,26.41,26.96,26.41,0.55,2.0825,13368.58,35839.185
301556.SZ,20241202,84.88,91.76,84.88,88.12,81.26,6.86,8.442,47477.7,416963.066
301558.SZ,20241202,11.34,11.85,11.09,11.25,11.23,0.02,0.1781,948499.49,1088535.625
301559.SZ,20241202,16.32,16.71,16.26,16.7,16.31,0.39,2.3912,29840.42,49423.01
301565.SZ,20241202,25.03,27.8,24.81,27.8,25.03,2.77,11.0667,238817.99,633617.329
301566.SZ,20241202,20.18,20.38,20.0,20.31,20.21,0.1,0.4948,63913.19,129210.501
301567.SZ,20241202,49.5,50.0,49.2,49.67,49.32,0.35,0.7097,14054.22,69697.692
301568.SZ,20241202,33.88,35.58,33.51,34.77,33.71,1.06,3.1445,42327.36,145846.049
301571.SZ,20241202,47.52,48.28,47.1,48.28,47.69,0.59,1.2372,28746.02,137747.036
301577.SZ,20241202,61.0,64.39,60.78,63.75,60.78,2.97,4.8865,17452.4,110151.543
301578.SZ,20241202,58.48,59.47,57.51,59.47,58.48,0.99,1.6929,24454.38,143522.63
301580.SZ,20241202,57.46,59.4,57.33,59.0,57.52,1.48,2.573,7796.17,45585.937
301586.SZ,20241202,56.78,58.6,56.7,58.31,56.92,1.39,2.442,18697.39,107884.786
301587.SZ,20241202,26.34,26.75,26.3,26.68,26.35,0.33,1.2524,17085.53,45444.184
301588.SZ,20241202,22.38,23.87,22.28,23.2,22.38,0.82,3.664,36955.88,85364.608
301589.SZ,20241202,173.98,180.39,173.59,178.67,176.01,2.66,1.5113,9424.52,168070.448
301591.SZ,20241202,36.23,41.41,36.2,39.56,36.22,3.34,9.2214,55883.92,220458.326
301592.SZ,20241202,164.63,169.58,161.55,166.67,165.92,0.75,0.452,29063.02,483882.105
301596.SZ,20241202,104.97,115.77,103.59,110.4,106.01,4.39,4.1411,38798.0,429530.833
301600.SZ,20241202,76.39,86.66,76.37,85.33,73.85,11.48,15.545,43842.9,359314.047
301603.SZ,20241202,43.01,44.66,42.98,44.03,42.8,1.23,2.8738,24471.61,107457.376
301606.SZ,20241202,35.4,36.28,35.21,35.98,35.34,0.64,1.811,32084.26,115350.571
301607.SZ,20241202,39.0,40.34,38.58,40.1,38.75,1.35,3.4839,20780.4,82523.929
301608.SZ,20241202,60.67,63.5,60.67,62.71,60.66,2.05,3.3795,15298.64,95271.301
301611.SZ,20241202,66.05,69.98,65.6,69.46,67.82,1.64,2.4182,128033.0,868066.346
301613.SZ,20241202,64.97,65.68,64.68,65.52,64.91,0.61,0.9398,16025.79,104743.979
301618.SZ,20241202,106.71,108.0,106.32,107.37,106.7,0.67,0.6279,9130.0,97801.094
301626.SZ,20241202,110.52,113.06,110.52,111.36,111.98,-0.62,-0.5537,17488.81,194864.097
301628.SZ,20241202,82.96,84.62,82.88,84.26,82.95,1.31,1.5793,16857.11,141422.265
301631.SZ,20241202,134.0,136.57,133.3,134.83,134.43,0.4,0.2976,29631.09,399307.307
301633.SZ,20241202,92.03,93.4,91.6,92.89,92.39,0.5,0.5412,14646.63,135662.366
302132.SZ,20241202,68.14,69.0,67.61,68.8,68.8,0.0,0.0,152684.85,1045076.791
