ts_code,trade_date,open,high,low,close,pre_close,change,pct_chg,vol,amount
300001.SZ,20240606,21.92,22.29,21.74,21.88,21.98,-0.1,-0.455,184871.89,407141.028
300002.SZ,20240606,8.85,8.92,8.69,8.75,8.8,-0.05,-0.5682,465332.97,409028.023
300003.SZ,20240606,16.4,16.63,16.06,16.15,16.35,-0.2,-1.2232,161117.47,263153.136
300004.SZ,20240606,4.44,4.45,4.1,4.2,4.4,-0.2,-4.5455,132294.02,55968.719
300005.SZ,20240606,5.54,5.6,5.14,5.19,5.53,-0.34,-6.1483,182275.85,96370.643
300006.SZ,20240606,2.47,2.5,2.3,2.32,2.47,-0.15,-6.0729,180195.17,42613.186
300007.SZ,20240606,14.18,14.35,13.4,13.5,14.35,-0.85,-5.9233,162851.82,224554.347
300008.SZ,20240606,3.97,3.99,3.77,3.81,4.0,-0.19,-4.75,918860.04,356084.905
300009.SZ,20240606,9.28,9.31,9.11,9.14,9.23,-0.09,-0.9751,140223.41,128925.092
300010.SZ,20240606,3.0,3.05,2.9,2.92,2.96,-0.04,-1.3514,216388.47,64169.913
300011.SZ,20240606,5.15,5.16,4.75,4.81,5.1,-0.29,-5.6863,121185.92,59308.436
300012.SZ,20240606,11.33,11.39,11.06,11.09,11.34,-0.25,-2.2046,148798.7,166851.558
300013.SZ,20240606,1.61,1.63,1.42,1.46,1.51,-0.05,-3.3113,191466.28,29232.043
300014.SZ,20240606,43.06,43.48,42.04,42.54,42.6,-0.06,-0.1408,338826.95,1448741.129
300015.SZ,20240606,12.06,12.12,11.62,11.69,11.99,-0.3,-2.5021,887855.99,1047260.335
300016.SZ,20240606,4.8,4.81,4.4,4.49,4.8,-0.31,-6.4583,127223.15,58020.788
300017.SZ,20240606,8.5,8.6,8.39,8.4,8.47,-0.07,-0.8264,533539.45,452757.09
300018.SZ,20240606,4.69,4.72,4.47,4.49,4.71,-0.22,-4.6709,124039.47,56600.364
300019.SZ,20240606,12.93,13.22,12.83,13.06,13.0,0.06,0.4615,67478.99,87927.051
300020.SZ,20240606,1.89,1.91,1.73,1.73,1.93,-0.2,-10.3627,789669.22,142029.542
300021.SZ,20240606,3.34,3.36,3.15,3.19,3.33,-0.14,-4.2042,131127.52,42288.737
300022.SZ,20240606,3.64,3.68,3.42,3.46,3.64,-0.18,-4.9451,76050.0,26652.468
300024.SZ,20240606,10.13,10.2,9.78,9.81,10.13,-0.32,-3.1589,235370.81,233104.733
300025.SZ,20240606,9.2,9.36,8.77,8.82,9.19,-0.37,-4.0261,80202.19,71980.701
300026.SZ,20240606,3.5,3.52,3.33,3.37,3.51,-0.14,-3.9886,356219.1,121302.371
300027.SZ,20240606,1.73,1.76,1.67,1.68,1.74,-0.06,-3.4483,455046.1,76903.764
300029.SZ,20240606,4.02,4.05,3.69,3.69,4.08,-0.39,-9.5588,35192.01,13536.662
300030.SZ,20240606,3.93,3.98,3.55,3.64,3.96,-0.32,-8.0808,126797.0,46816.38
300031.SZ,20240606,14.05,14.23,13.21,13.38,13.96,-0.58,-4.1547,180984.98,245996.971
300032.SZ,20240606,3.27,3.3,2.97,3.04,3.22,-0.18,-5.5901,261021.0,80437.018
300033.SZ,20240606,113.63,113.65,111.53,111.95,112.92,-0.97,-0.859,42343.44,475735.802
300034.SZ,20240606,16.86,16.95,16.13,16.22,16.86,-0.64,-3.796,171960.94,283657.597
300035.SZ,20240606,9.77,9.89,9.22,9.25,9.75,-0.5,-5.1282,246542.88,232451.155
300036.SZ,20240606,14.28,14.48,13.6,13.68,13.9,-0.22,-1.5827,124283.0,172962.003
300037.SZ,20240606,31.8,32.27,31.06,31.17,31.96,-0.79,-2.4718,67072.77,211041.706
300039.SZ,20240606,5.7,5.75,5.53,5.56,5.7,-0.14,-2.4561,144465.73,80892.06
300040.SZ,20240606,6.8,7.5,6.7,7.06,6.96,0.1,1.4368,1099130.99,786822.862
300041.SZ,20240606,8.48,8.88,8.37,8.59,8.47,0.12,1.4168,277317.03,239335.768
300042.SZ,20240606,22.67,23.22,21.27,21.47,22.51,-1.04,-4.6202,66837.6,147665.068
300043.SZ,20240606,2.29,2.32,2.16,2.18,2.28,-0.1,-4.386,391786.0,86669.568
300044.SZ,20240606,3.9,3.97,3.61,3.66,3.96,-0.3,-7.5758,532461.89,198547.472
300045.SZ,20240606,18.22,18.42,17.4,17.44,18.22,-0.78,-4.281,271413.67,480812.31
300046.SZ,20240606,16.79,18.3,15.66,16.0,15.55,0.45,2.8939,642685.19,1084850.362
300047.SZ,20240606,6.74,6.8,6.2,6.27,6.6,-0.33,-5.0,242150.03,154306.215
300048.SZ,20240606,5.02,5.05,4.84,4.85,5.02,-0.17,-3.3865,115557.16,56672.473
300049.SZ,20240606,54.59,55.0,53.48,53.86,54.0,-0.14,-0.2593,35996.35,194684.555
300050.SZ,20240606,2.71,2.76,2.42,2.48,2.69,-0.21,-7.8067,318983.0,80831.906
300051.SZ,20240606,8.43,8.74,8.1,8.15,8.45,-0.3,-3.5503,80613.0,67212.59
300052.SZ,20240606,13.17,13.49,13.03,13.08,13.0,0.08,0.6154,80014.99,105944.902
300053.SZ,20240606,9.78,10.0,9.2,9.28,9.78,-0.5,-5.1125,346511.23,330331.526
300054.SZ,20240606,23.5,23.89,23.21,23.41,23.05,0.36,1.5618,115634.6,271675.662
300055.SZ,20240606,4.33,4.44,4.1,4.13,4.38,-0.25,-5.7078,90453.0,38042.077
300056.SZ,20240606,8.52,8.65,7.7,7.82,8.6,-0.78,-9.0698,215267.27,172149.607
300057.SZ,20240606,4.44,4.53,4.19,4.26,4.41,-0.15,-3.4014,190463.76,82338.043
300058.SZ,20240606,5.8,5.84,5.54,5.6,5.76,-0.16,-2.7778,540733.19,305027.535
300059.SZ,20240606,12.37,12.43,12.24,12.26,12.36,-0.1,-0.8091,1225252.69,1508476.339
300061.SZ,20240606,3.6,3.64,3.29,3.33,3.6,-0.27,-7.5,142322.0,48302.036
300062.SZ,20240606,4.75,4.81,4.48,4.52,4.78,-0.26,-5.4393,133806.8,61673.301
300063.SZ,20240606,3.97,4.04,3.71,3.75,3.96,-0.21,-5.303,350925.45,134289.195
300065.SZ,20240606,6.41,6.45,5.96,6.01,6.41,-0.4,-6.2402,204354.74,125336.406
300066.SZ,20240606,3.02,3.07,2.83,2.89,3.04,-0.15,-4.9342,207981.44,60621.301
300067.SZ,20240606,4.12,4.35,4.0,4.05,3.91,0.14,3.5806,951181.11,396540.008
300068.SZ,20240606,9.6,9.72,9.25,9.27,9.64,-0.37,-3.8382,184458.47,173296.565
300069.SZ,20240606,11.63,12.0,10.98,11.0,11.64,-0.64,-5.4983,87615.02,100528.854
300070.SZ,20240606,4.61,4.63,4.48,4.5,4.6,-0.1,-2.1739,238535.6,108043.485
300071.SZ,20240606,2.13,2.19,1.94,1.99,2.15,-0.16,-7.4419,302308.04,60932.211
300072.SZ,20240606,2.17,2.21,2.04,2.06,2.16,-0.1,-4.6296,264424.06,55149.07
300073.SZ,20240606,39.95,40.14,38.29,38.44,40.08,-1.64,-4.0918,167604.02,653669.412
300074.SZ,20240606,3.31,3.4,3.03,3.11,3.28,-0.17,-5.1829,208472.98,66254.18
300075.SZ,20240606,15.0,15.05,14.22,14.28,15.05,-0.77,-5.1163,217487.0,316113.316
300076.SZ,20240606,3.3,3.34,3.04,3.1,3.28,-0.18,-5.4878,166382.0,52289.326
300077.SZ,20240606,9.11,9.5,8.67,8.72,9.03,-0.31,-3.433,173735.0,156894.006
300078.SZ,20240606,2.69,2.8,2.42,2.45,2.35,0.1,4.2553,391530.22,99524.503
300079.SZ,20240606,4.14,4.19,3.89,3.94,4.12,-0.18,-4.3689,295636.27,117984.535
300080.SZ,20240606,3.4,3.44,3.2,3.23,3.4,-0.17,-5.0,160473.62,52712.445
300081.SZ,20240606,4.01,4.28,3.7,3.76,4.15,-0.39,-9.3976,705556.21,276389.432
300082.SZ,20240606,4.9,4.96,4.48,4.56,4.88,-0.32,-6.5574,81636.99,37783.223
300083.SZ,20240606,6.69,6.93,6.55,6.78,6.74,0.04,0.5935,1078295.53,726808.384
300084.SZ,20240606,5.52,5.64,5.24,5.29,5.55,-0.26,-4.6847,48079.12,25874.483
300085.SZ,20240606,8.55,8.64,8.01,8.08,8.54,-0.46,-5.3864,161919.39,132434.495
300086.SZ,20240606,3.8,3.82,3.51,3.55,3.78,-0.23,-6.0847,138731.0,50014.288
300087.SZ,20240606,6.93,6.96,6.57,6.6,6.89,-0.29,-4.209,122570.4,82003.223
300088.SZ,20240606,4.73,4.79,4.57,4.6,4.7,-0.1,-2.1277,332360.26,154532.872
300091.SZ,20240606,1.38,1.51,1.31,1.34,1.39,-0.05,-3.5971,440828.2,60899.652
300092.SZ,20240606,11.19,11.22,10.51,10.59,11.06,-0.47,-4.2495,143312.0,153586.984
300093.SZ,20240606,15.37,15.68,13.73,13.9,15.22,-1.32,-8.6728,277925.7,404145.508
300094.SZ,20240606,2.85,2.87,2.59,2.63,2.83,-0.2,-7.0671,730415.45,196299.152
300095.SZ,20240606,5.25,5.35,5.08,5.23,5.29,-0.06,-1.1342,80515.51,41804.219
300096.SZ,20240606,2.24,2.27,1.92,1.97,2.27,-0.3,-13.2159,309295.67,63333.596
300097.SZ,20240606,5.84,5.87,5.31,5.41,5.81,-0.4,-6.8847,141304.4,77528.343
300098.SZ,20240606,3.66,3.69,3.42,3.49,3.75,-0.26,-6.9333,1508586.01,535646.315
300099.SZ,20240606,4.66,4.73,4.34,4.4,4.71,-0.31,-6.5817,176761.25,79112.866
300100.SZ,20240606,10.29,10.41,9.72,9.81,10.36,-0.55,-5.3089,185430.0,185146.572
300101.SZ,20240606,15.45,15.79,14.83,14.84,15.66,-0.82,-5.2363,149217.37,226595.706
300102.SZ,20240606,6.42,6.6,5.97,6.06,6.39,-0.33,-5.1643,319820.36,197534.714
300103.SZ,20240606,3.65,3.71,3.33,3.41,3.71,-0.3,-8.0863,76231.5,26364.787
300105.SZ,20240606,6.83,6.88,6.59,6.65,6.82,-0.17,-2.4927,170613.12,114230.973
300106.SZ,20240606,6.15,6.4,5.85,5.98,6.21,-0.23,-3.7037,114201.5,69725.696
300107.SZ,20240606,9.23,9.37,8.61,8.79,9.28,-0.49,-5.2802,525788.65,465668.096
300108.SZ,20240606,1.66,1.68,1.51,1.51,1.68,-0.17,-10.119,123040.53,19690.368
300109.SZ,20240606,20.75,20.98,20.02,20.6,20.84,-0.24,-1.1516,73344.03,150501.394
300110.SZ,20240606,3.25,3.27,3.08,3.11,3.23,-0.12,-3.7152,189355.0,59407.825
300111.SZ,20240606,2.1,2.12,1.95,1.98,2.11,-0.13,-6.1611,210160.9,42201.359
300112.SZ,20240606,7.09,7.15,6.53,6.57,7.11,-0.54,-7.5949,97892.62,66059.645
300113.SZ,20240606,10.55,10.68,10.0,10.15,10.54,-0.39,-3.7002,131599.01,134669.534
300115.SZ,20240606,11.18,11.24,10.76,10.86,11.07,-0.21,-1.897,477811.49,524989.84
300117.SZ,20240606,1.09,1.16,1.03,1.1,1.03,0.07,6.7961,746631.16,81856.829
300118.SZ,20240606,14.14,14.26,12.89,13.12,13.93,-0.81,-5.8148,674742.82,911255.997
300119.SZ,20240606,14.75,14.88,14.35,14.45,14.77,-0.32,-2.1666,43754.53,63618.011
300120.SZ,20240606,4.9,5.09,4.6,4.66,4.88,-0.22,-4.5082,134106.0,64160.245
300121.SZ,20240606,8.08,8.12,7.77,7.87,8.08,-0.21,-2.599,49039.42,38743.234
300122.SZ,20240606,31.97,32.1,30.83,31.05,31.91,-0.86,-2.6951,196131.17,614138.228
300123.SZ,20240606,4.62,4.69,4.34,4.39,4.67,-0.28,-5.9957,314625.08,140307.387
300124.SZ,20240606,55.19,55.74,54.71,55.53,55.43,0.1,0.1804,127443.47,703959.551
300125.SZ,20240606,1.8,1.81,1.5,1.57,1.83,-0.26,-14.2077,262889.23,43622.075
300126.SZ,20240606,4.47,4.53,4.05,4.19,4.5,-0.31,-6.8889,69404.1,29506.999
300127.SZ,20240606,15.08,15.28,14.4,14.49,14.94,-0.45,-3.012,45122.41,66440.282
300128.SZ,20240606,3.25,3.37,3.0,3.34,3.27,0.07,2.1407,459429.76,144439.97
300129.SZ,20240606,7.64,7.66,7.26,7.32,7.62,-0.3,-3.937,181434.79,134096.683
300130.SZ,20240606,19.26,19.33,18.58,18.58,19.2,-0.62,-3.2292,99140.8,186598.958
300131.SZ,20240606,4.4,4.55,4.2,4.24,4.41,-0.17,-3.8549,386129.84,167751.085
300132.SZ,20240606,3.79,3.84,3.5,3.59,3.79,-0.2,-5.277,109010.0,39448.767
300133.SZ,20240606,6.6,6.7,6.28,6.33,6.62,-0.29,-4.3807,1041392.2,667803.327
300134.SZ,20240606,6.95,6.98,6.38,6.47,6.86,-0.39,-5.6851,87059.6,57538.459
300135.SZ,20240606,2.99,3.05,2.68,2.69,3.0,-0.31,-10.3333,626841.86,175358.817
300136.SZ,20240606,18.3,18.56,17.79,17.84,18.24,-0.4,-2.193,184592.89,334397.919
300137.SZ,20240606,3.68,3.68,3.68,3.68,4.6,-0.92,-20.0,70611.0,25984.848
300138.SZ,20240606,8.6,8.65,8.32,8.37,8.65,-0.28,-3.237,111214.45,94002.071
300139.SZ,20240606,11.95,13.1,11.94,12.39,11.47,0.92,8.0209,715674.94,891606.45
300140.SZ,20240606,6.26,6.31,6.01,6.08,6.25,-0.17,-2.72,68910.0,42141.877
300141.SZ,20240606,7.21,7.26,6.72,6.88,7.21,-0.33,-4.577,79601.56,55351.976
300142.SZ,20240606,12.93,12.95,12.3,12.33,12.9,-0.57,-4.4186,200293.05,250850.787
300143.SZ,20240606,7.54,7.6,7.12,7.18,7.55,-0.37,-4.9007,49510.9,36211.321
300144.SZ,20240606,10.01,10.15,9.8,9.84,10.01,-0.17,-1.6983,189100.45,187475.214
300145.SZ,20240606,2.75,2.77,2.62,2.66,2.75,-0.09,-3.2727,335253.85,89757.378
300146.SZ,20240606,14.96,15.04,14.81,14.86,14.96,-0.1,-0.6684,75714.0,112674.033
300147.SZ,20240606,3.37,3.39,3.16,3.2,3.37,-0.17,-5.0445,198005.04,63828.947
300148.SZ,20240606,2.48,2.5,2.23,2.28,2.47,-0.19,-7.6923,352377.5,81524.729
300149.SZ,20240606,4.44,4.44,4.03,4.13,4.4,-0.27,-6.1364,86159.31,36042.679
300150.SZ,20240606,2.7,2.72,2.38,2.45,2.68,-0.23,-8.5821,153869.0,38476.433
300151.SZ,20240606,17.4,17.49,16.33,16.49,17.27,-0.78,-4.5165,103505.92,172575.319
300152.SZ,20240606,1.58,1.6,1.41,1.44,1.6,-0.16,-10.0,535746.23,79171.298
300153.SZ,20240606,5.91,5.99,5.48,5.57,5.88,-0.31,-5.2721,83220.0,46959.518
300154.SZ,20240606,5.47,5.55,5.14,5.21,5.49,-0.28,-5.1002,68700.0,36195.588
300155.SZ,20240606,4.0,4.01,3.66,3.74,4.0,-0.26,-6.5,279360.55,105812.34
300157.SZ,20240606,1.94,1.97,1.78,1.81,1.94,-0.13,-6.701,207052.14,37911.247
300158.SZ,20240606,4.24,4.27,4.03,4.07,4.24,-0.17,-4.0094,196566.0,80870.411
300159.SZ,20240606,2.22,2.25,2.04,2.05,2.27,-0.22,-9.6916,1266650.0,267448.413
300160.SZ,20240606,4.99,5.05,4.73,4.76,4.99,-0.23,-4.6092,136261.0,65827.758
300161.SZ,20240606,24.23,24.48,23.18,23.38,24.24,-0.86,-3.5479,35702.86,84351.634
300162.SZ,20240606,7.93,8.25,7.21,7.23,7.6,-0.37,-4.8684,508946.02,399589.95
300163.SZ,20240606,1.21,1.24,1.13,1.16,1.26,-0.1,-7.9365,314501.0,36995.13
300164.SZ,20240606,3.75,3.79,3.48,3.55,3.7,-0.15,-4.0541,463493.0,168494.59
300165.SZ,20240606,2.43,2.43,1.99,2.08,2.44,-0.36,-14.7541,567439.0,121014.876
300166.SZ,20240606,6.34,6.4,5.96,6.02,6.36,-0.34,-5.3459,256484.0,156454.68
300167.SZ,20240606,1.3,1.39,1.2,1.22,1.33,-0.11,-8.2707,242474.75,31212.378
300168.SZ,20240606,5.18,5.21,4.82,4.82,5.16,-0.34,-6.5891,213578.49,105192.07
300169.SZ,20240606,4.46,4.54,4.2,4.28,4.56,-0.28,-6.1404,236402.66,102058.459
300170.SZ,20240606,6.22,6.31,5.82,5.88,6.27,-0.39,-6.2201,255760.87,153329.896
300171.SZ,20240606,13.89,13.99,13.46,13.49,13.84,-0.35,-2.5289,52325.2,71305.767
300172.SZ,20240606,4.7,4.76,4.43,4.49,4.69,-0.2,-4.2644,268911.54,122309.669
300173.SZ,20240606,3.73,3.75,3.45,3.53,3.73,-0.2,-5.3619,236364.7,84051.17
300174.SZ,20240606,14.94,15.04,14.53,14.66,14.98,-0.32,-2.1362,42113.08,61866.773
300175.SZ,20240606,6.97,7.16,6.26,6.47,7.09,-0.62,-8.7447,792186.42,528171.938
300176.SZ,20240606,4.45,4.48,3.95,4.07,4.4,-0.33,-7.5,108428.0,44550.079
300177.SZ,20240606,6.7,6.9,5.95,5.96,7.15,-1.19,-16.6434,1262770.21,802270.864
300179.SZ,20240606,7.26,7.32,6.93,6.98,7.25,-0.27,-3.7241,48058.03,33815.734
300180.SZ,20240606,3.75,3.81,3.42,3.43,3.78,-0.35,-9.2593,806136.99,285477.568
300181.SZ,20240606,15.88,16.16,15.72,15.82,15.9,-0.08,-0.5031,157235.5,250011.149
300182.SZ,20240606,3.83,3.86,3.56,3.62,3.78,-0.16,-4.2328,1276465.46,465876.885
300183.SZ,20240606,11.86,12.09,11.11,11.14,11.64,-0.5,-4.2955,72141.13,82700.198
300184.SZ,20240606,4.59,4.76,4.39,4.41,4.59,-0.18,-3.9216,483700.64,219848.108
300185.SZ,20240606,1.99,2.0,1.89,1.9,1.99,-0.09,-4.5226,535511.0,103539.242
300187.SZ,20240606,5.66,5.67,5.4,5.42,5.67,-0.25,-4.4092,33673.0,18550.781
300188.SZ,20240606,12.29,12.36,11.45,11.51,12.18,-0.67,-5.5008,176895.11,208512.309
300189.SZ,20240606,1.95,2.01,1.78,1.8,1.97,-0.17,-8.6294,481476.93,89058.187
300190.SZ,20240606,2.95,2.95,2.78,2.8,2.95,-0.15,-5.0847,84229.8,23975.74
300191.SZ,20240606,13.56,14.12,13.42,13.5,13.49,0.01,0.0741,34453.37,47426.12
300192.SZ,20240606,10.19,10.32,9.82,9.95,10.07,-0.12,-1.1917,85271.89,85660.646
300193.SZ,20240606,7.89,7.96,7.59,7.66,7.88,-0.22,-2.7919,98577.55,76049.666
300194.SZ,20240606,3.85,3.87,3.66,3.71,3.84,-0.13,-3.3854,291538.12,108794.509
300195.SZ,20240606,4.22,4.25,3.85,3.9,4.2,-0.3,-7.1429,123954.0,49368.413
300196.SZ,20240606,11.86,11.97,11.06,11.22,11.86,-0.64,-5.3963,35147.0,39910.268
300197.SZ,20240606,1.49,1.51,1.44,1.48,1.5,-0.02,-1.3333,452150.6,66511.119
300198.SZ,20240606,1.13,1.17,1.04,1.04,1.16,-0.12,-10.3448,562605.0,60944.758
300199.SZ,20240606,10.14,10.33,9.67,9.81,10.22,-0.41,-4.0117,360024.58,355386.539
300200.SZ,20240606,7.49,7.94,7.21,7.32,7.6,-0.28,-3.6842,170441.0,127950.198
300201.SZ,20240606,3.65,3.66,3.41,3.44,3.64,-0.2,-5.4945,166784.64,58351.804
300203.SZ,20240606,10.76,10.85,10.39,10.61,10.78,-0.17,-1.577,95032.0,100337.949
300204.SZ,20240606,6.01,6.03,5.54,5.66,6.0,-0.34,-5.6667,78380.13,44708.562
300205.SZ,20240606,6.64,6.84,6.4,6.42,6.77,-0.35,-5.1699,54280.0,35534.464
300206.SZ,20240606,9.44,9.58,9.06,9.12,9.46,-0.34,-3.5941,66533.02,61486.187
300207.SZ,20240606,15.4,15.45,14.94,15.05,15.32,-0.27,-1.7624,378103.36,572364.678
300208.SZ,20240606,1.54,1.57,1.36,1.37,1.59,-0.22,-13.8365,211044.68,30689.992
300209.SZ,20240606,2.28,2.31,2.06,2.1,2.32,-0.22,-9.4828,113706.48,24454.189
300210.SZ,20240606,9.35,9.46,8.7,8.73,9.21,-0.48,-5.2117,204249.94,183113.527
300211.SZ,20240606,5.46,5.57,4.99,5.06,5.49,-0.43,-7.8324,57627.39,29720.651
300212.SZ,20240606,18.0,18.12,16.95,16.99,18.08,-1.09,-6.0288,212260.37,366832.565
300213.SZ,20240606,5.78,5.82,5.49,5.57,5.77,-0.2,-3.4662,152587.13,85492.456
300214.SZ,20240606,5.08,5.19,4.91,4.91,5.14,-0.23,-4.4747,67772.61,34036.524
300215.SZ,20240606,6.37,6.8,6.12,6.43,6.37,0.06,0.9419,799004.1,518015.63
300217.SZ,20240606,3.97,4.01,3.79,3.83,3.99,-0.16,-4.01,217660.2,84155.823
300218.SZ,20240606,16.14,16.24,15.73,15.87,16.33,-0.46,-2.8169,37987.89,60707.515
300219.SZ,20240606,6.03,6.16,5.69,5.74,5.99,-0.25,-4.1736,153667.45,90191.936
300220.SZ,20240606,8.08,8.26,7.51,7.64,8.2,-0.56,-6.8293,34468.0,26843.68
300221.SZ,20240606,5.26,5.28,4.95,5.05,5.25,-0.2,-3.8095,172158.0,86918.521
300222.SZ,20240606,5.46,5.5,5.1,5.13,5.45,-0.32,-5.8716,132117.82,69253.234
300223.SZ,20240606,60.0,60.64,58.31,58.45,59.33,-0.88,-1.4832,72483.13,431221.839
300224.SZ,20240606,9.9,10.01,9.56,9.61,9.87,-0.26,-2.6342,72170.0,70186.029
300225.SZ,20240606,5.07,5.12,4.81,4.91,5.06,-0.15,-2.9644,128500.0,63223.145
300226.SZ,20240606,18.56,18.6,17.64,17.71,18.4,-0.69,-3.75,73727.88,132062.839
300227.SZ,20240606,5.22,5.36,4.85,4.93,5.2,-0.27,-5.1923,228779.74,114684.985
300228.SZ,20240606,5.71,5.79,5.46,5.52,5.7,-0.18,-3.1579,241938.56,134663.306
300229.SZ,20240606,13.94,14.07,13.18,13.25,13.88,-0.63,-4.5389,216308.13,290558.745
300230.SZ,20240606,3.45,3.47,3.26,3.29,3.44,-0.15,-4.3605,160282.36,53309.932
300231.SZ,20240606,7.44,7.53,6.95,7.03,7.45,-0.42,-5.6376,127908.73,91390.668
300232.SZ,20240606,5.33,5.45,5.07,5.09,5.37,-0.28,-5.2142,308262.65,160591.439
300233.SZ,20240606,16.09,16.14,15.3,15.43,16.0,-0.57,-3.5625,83640.0,130361.017
300234.SZ,20240606,4.02,4.03,3.73,3.79,4.0,-0.21,-5.25,104476.99,40308.108
300235.SZ,20240606,7.94,8.06,7.45,7.54,7.89,-0.35,-4.436,77392.5,59185.271
300236.SZ,20240606,32.68,33.15,31.66,31.89,32.25,-0.36,-1.1163,52695.96,170913.13
300237.SZ,20240606,1.12,1.16,1.08,1.09,1.18,-0.09,-7.6271,337941.14,37479.877
300238.SZ,20240606,9.48,9.58,8.96,9.05,9.49,-0.44,-4.6365,82247.64,75165.524
300239.SZ,20240606,4.82,4.88,4.63,4.67,4.84,-0.17,-3.5124,77078.27,36342.146
300240.SZ,20240606,4.93,4.98,4.7,4.75,4.9,-0.15,-3.0612,51414.03,24691.562
300241.SZ,20240606,3.9,4.01,3.55,3.61,3.87,-0.26,-6.7183,276480.0,103217.947
300242.SZ,20240606,1.8,1.8,1.61,1.64,1.8,-0.16,-8.8889,375540.0,63256.086
300243.SZ,20240606,10.08,10.15,9.5,9.7,10.0,-0.3,-3.0,131142.3,127806.233
300244.SZ,20240606,13.22,13.25,12.82,12.9,13.15,-0.25,-1.9011,113715.59,147658.14
300245.SZ,20240606,5.06,5.11,4.6,4.7,5.07,-0.37,-7.2978,141494.32,67761.767
300246.SZ,20240606,6.28,6.32,5.9,5.99,6.28,-0.29,-4.6178,53377.52,32258.929
300247.SZ,20240606,2.63,2.64,2.4,2.45,2.62,-0.17,-6.4885,165353.0,41212.297
300248.SZ,20240606,6.46,6.53,6.0,6.07,6.48,-0.41,-6.3272,75786.64,46899.055
300249.SZ,20240606,6.47,6.56,6.06,6.08,6.44,-0.36,-5.5901,120188.0,74555.533
300250.SZ,20240606,10.6,10.84,9.79,9.93,10.69,-0.76,-7.1094,96971.96,98092.999
300251.SZ,20240606,9.11,9.18,8.84,8.87,9.07,-0.2,-2.2051,268380.28,240217.553
300252.SZ,20240606,6.7,6.83,6.3,6.31,6.62,-0.31,-4.6828,208646.9,136001.961
300253.SZ,20240606,6.2,6.22,5.93,5.96,6.15,-0.19,-3.0894,260366.8,157308.23
300254.SZ,20240606,8.46,8.54,7.99,8.03,8.46,-0.43,-5.0827,151380.72,123331.856
300255.SZ,20240606,9.89,10.01,9.39,9.48,9.96,-0.48,-4.8193,213416.39,205085.413
300256.SZ,20240606,1.85,1.89,1.76,1.78,1.86,-0.08,-4.3011,303229.5,54871.185
300257.SZ,20240606,11.19,11.26,10.89,11.0,11.17,-0.17,-1.5219,50148.39,55272.96
300258.SZ,20240606,8.91,9.0,8.61,8.66,8.95,-0.29,-3.2402,83065.5,72580.867
300259.SZ,20240606,2.7,2.72,2.5,2.54,2.69,-0.15,-5.5762,149770.38,38676.257
300260.SZ,20240606,21.75,22.38,21.1,21.2,21.51,-0.31,-1.4412,124980.56,270249.233
300261.SZ,20240606,5.82,5.91,5.52,5.58,5.85,-0.27,-4.6154,169400.76,96389.083
300263.SZ,20240606,5.88,5.95,5.6,5.62,5.91,-0.29,-4.9069,160898.41,91900.394
300264.SZ,20240606,3.87,3.93,3.49,3.54,3.86,-0.32,-8.2902,253805.2,91521.077
300265.SZ,20240606,7.76,7.84,7.02,7.24,7.8,-0.56,-7.1795,581829.42,427730.128
300266.SZ,20240606,1.26,1.32,1.12,1.16,1.28,-0.12,-9.375,580325.25,69052.974
300267.SZ,20240606,2.28,2.3,2.16,2.2,2.28,-0.08,-3.5088,269944.17,59899.295
300268.SZ,20240606,6.9,6.97,6.25,6.48,6.97,-0.49,-7.0301,26100.0,16993.007
300269.SZ,20240606,2.51,2.69,2.25,2.34,2.58,-0.24,-9.3023,739645.29,180015.282
300270.SZ,20240606,6.57,6.89,5.96,5.96,7.3,-1.34,-18.3562,613503.1,387528.955
300271.SZ,20240606,5.17,5.24,4.82,4.88,5.2,-0.32,-6.1538,218543.81,108273.92
300272.SZ,20240606,5.18,5.25,4.88,4.95,5.23,-0.28,-5.3537,227536.28,114369.626
300274.SZ,20240606,103.22,103.47,99.0,99.9,102.6,-2.7,-2.6316,133761.95,1344825.807
300275.SZ,20240606,10.25,10.45,9.68,9.75,10.29,-0.54,-5.2478,69635.2,68881.955
300276.SZ,20240606,3.45,3.47,3.17,3.21,3.44,-0.23,-6.686,454127.63,148004.033
300277.SZ,20240606,6.56,6.62,6.18,6.18,6.56,-0.38,-5.7927,52432.3,33055.701
300278.SZ,20240606,3.06,3.09,2.91,2.93,3.06,-0.13,-4.2484,202703.77,60218.25
300279.SZ,20240606,4.16,4.22,3.76,3.84,4.17,-0.33,-7.9137,174309.0,68489.514
300280.SZ,20240606,13.95,14.23,12.98,13.21,14.07,-0.86,-6.1123,173283.78,232446.65
300281.SZ,20240606,5.08,5.15,4.34,4.66,5.27,-0.61,-11.575,447438.34,215468.787
300283.SZ,20240606,4.43,4.65,4.25,4.29,4.38,-0.09,-2.0548,148038.06,65485.524
300284.SZ,20240606,7.3,7.38,6.85,6.91,7.35,-0.44,-5.9864,757047.71,530770.729
300285.SZ,20240606,19.11,19.25,18.48,18.56,19.0,-0.44,-2.3158,87721.22,164785.948
300286.SZ,20240606,24.11,25.04,23.55,23.73,24.49,-0.76,-3.1033,48606.0,117204.379
300287.SZ,20240606,1.76,1.78,1.5,1.55,1.77,-0.22,-12.4294,1269368.64,202580.947
300288.SZ,20240606,11.0,11.2,10.24,10.36,11.09,-0.73,-6.5825,96999.88,102311.351
300289.SZ,20240606,4.17,4.28,3.89,3.92,4.16,-0.24,-5.7692,65214.0,26066.522
300290.SZ,20240606,11.07,11.28,10.39,10.55,10.86,-0.31,-2.8545,767831.39,822489.403
300291.SZ,20240606,4.38,4.43,4.04,4.11,4.34,-0.23,-5.2995,239668.0,99846.717
300292.SZ,20240606,3.88,3.92,3.14,3.39,3.93,-0.54,-13.7405,1437673.0,515052.01
300293.SZ,20240606,14.56,17.71,14.55,16.79,14.76,2.03,13.7534,726412.45,1190214.749
300294.SZ,20240606,33.75,34.2,33.0,33.03,33.86,-0.83,-2.4513,36600.0,122371.554
300295.SZ,20240606,9.48,9.54,8.6,8.86,9.48,-0.62,-6.5401,193726.29,174283.01
300296.SZ,20240606,4.74,4.81,4.51,4.53,4.64,-0.11,-2.3707,326521.13,151612.965
300298.SZ,20240606,27.72,27.95,26.72,26.85,27.76,-0.91,-3.2781,56488.04,153421.91
300299.SZ,20240606,3.69,3.74,3.37,3.43,3.7,-0.27,-7.2973,262967.28,91738.18
300300.SZ,20240606,1.27,1.3,1.17,1.18,1.33,-0.15,-11.2782,330322.88,40647.214
300301.SZ,20240606,1.3,1.3,1.24,1.26,1.3,-0.04,-3.0769,76235.58,9611.758
300302.SZ,20240606,9.9,10.27,9.38,9.44,9.83,-0.39,-3.9674,188955.19,184678.944
300303.SZ,20240606,4.8,4.92,4.62,4.65,4.78,-0.13,-2.7197,294652.42,139610.636
300304.SZ,20240606,6.52,6.63,6.26,6.33,6.57,-0.24,-3.653,196326.5,125138.305
300305.SZ,20240606,6.66,6.79,6.05,6.1,6.9,-0.8,-11.5942,198342.97,126328.401
300306.SZ,20240606,8.57,8.7,8.11,8.19,8.6,-0.41,-4.7674,46150.0,38190.807
300307.SZ,20240606,5.98,6.03,5.59,5.67,5.97,-0.3,-5.0251,216449.0,124007.311
300308.SZ,20240606,123.3,129.92,123.3,125.42,119.64,5.78,4.8312,405410.05,5135755.31
300310.SZ,20240606,3.99,4.02,3.6,3.64,4.05,-0.41,-10.1235,589662.21,221688.07
300311.SZ,20240606,3.46,3.52,3.02,3.08,3.51,-0.43,-12.2507,358037.07,113970.833
300313.SZ,20240606,6.5,6.66,6.19,6.31,6.65,-0.34,-5.1128,90019.0,57264.469
300314.SZ,20240606,11.0,11.13,10.65,10.73,11.01,-0.28,-2.5431,45336.0,48940.862
300315.SZ,20240606,4.76,4.8,4.51,4.54,4.73,-0.19,-4.0169,916039.87,423460.519
300316.SZ,20240606,31.65,32.13,30.97,31.15,31.58,-0.43,-1.3616,167863.71,529217.646
300317.SZ,20240606,3.84,3.91,3.67,3.68,3.86,-0.18,-4.6632,267175.85,100297.133
300318.SZ,20240606,5.15,5.18,4.86,4.93,5.14,-0.21,-4.0856,88250.7,43888.716
300319.SZ,20240606,7.75,8.04,7.65,7.69,7.76,-0.07,-0.9021,230215.1,179612.895
300320.SZ,20240606,8.69,8.75,8.15,8.26,8.6,-0.34,-3.9535,132730.72,110554.364
300321.SZ,20240606,19.2,19.41,18.01,18.5,19.2,-0.7,-3.6458,16745.0,30969.437
300322.SZ,20240606,8.39,8.4,7.8,7.86,8.27,-0.41,-4.9577,248745.0,198854.795
300323.SZ,20240606,4.55,4.7,4.33,4.37,4.48,-0.11,-2.4554,230786.0,102539.065
300324.SZ,20240606,2.08,2.1,1.88,1.92,2.07,-0.15,-7.2464,883776.21,171460.271
300326.SZ,20240606,4.28,4.32,4.03,4.06,4.27,-0.21,-4.918,158469.0,65159.772
300327.SZ,20240606,21.33,21.96,20.76,20.8,21.12,-0.32,-1.5152,139463.48,298499.455
300328.SZ,20240606,4.43,4.51,4.1,4.16,4.4,-0.24,-5.4545,181156.7,76722.55
300329.SZ,20240606,3.77,3.81,3.42,3.48,3.77,-0.29,-7.6923,80660.0,28599.005
300331.SZ,20240606,15.83,16.35,15.05,15.17,15.98,-0.81,-5.0688,64051.0,99347.562
300332.SZ,20240606,5.54,5.64,5.43,5.52,5.58,-0.06,-1.0753,64462.67,35447.91
300333.SZ,20240606,3.88,3.92,3.52,3.55,3.9,-0.35,-8.9744,167909.86,61247.043
300334.SZ,20240606,4.66,4.75,4.23,4.35,4.71,-0.36,-7.6433,77027.89,33938.738
300335.SZ,20240606,4.02,4.06,3.8,3.83,4.0,-0.17,-4.25,137611.59,53763.824
300337.SZ,20240606,6.65,6.76,6.3,6.34,6.64,-0.3,-4.5181,190394.0,123031.162
300338.SZ,20240606,1.22,1.23,1.02,1.06,1.25,-0.19,-15.2,239826.0,27036.86
300339.SZ,20240606,21.61,21.69,20.61,20.67,21.54,-0.87,-4.039,299471.53,628673.076
300340.SZ,20240606,7.03,7.15,6.41,6.63,7.09,-0.46,-6.488,65159.5,43379.652
300341.SZ,20240606,8.9,9.09,8.43,8.52,8.9,-0.38,-4.2697,94414.89,81892.427
300342.SZ,20240606,15.74,15.89,14.77,15.04,15.92,-0.88,-5.5276,677741.49,1036002.4
300343.SZ,20240606,5.19,5.27,4.9,4.93,5.19,-0.26,-5.0096,254746.39,127555.116
300344.SZ,20240606,3.17,3.24,2.95,2.98,3.18,-0.2,-6.2893,259668.03,79715.836
300345.SZ,20240606,6.33,6.55,6.1,6.17,6.25,-0.08,-1.28,42631.0,27009.963
300346.SZ,20240606,26.77,27.97,26.76,27.14,26.72,0.42,1.5719,373492.57,1020560.259
300347.SZ,20240606,55.06,57.2,55.06,56.91,55.32,1.59,2.8742,93683.82,529486.943
300348.SZ,20240606,6.83,6.9,6.46,6.53,6.79,-0.26,-3.8292,158140.55,104183.704
300349.SZ,20240606,12.72,12.79,12.11,12.23,12.62,-0.39,-3.0903,67954.69,84034.854
300350.SZ,20240606,4.6,4.66,4.33,4.44,4.6,-0.16,-3.4783,207317.43,92294.704
300351.SZ,20240606,15.95,16.09,15.16,15.35,15.99,-0.64,-4.0025,128301.0,198231.24
300352.SZ,20240606,3.94,4.0,3.67,3.74,3.96,-0.22,-5.5556,334104.48,126113.191
300353.SZ,20240606,8.22,8.29,7.27,7.44,8.36,-0.92,-11.0048,303442.04,232567.431
300354.SZ,20240606,37.2,37.21,35.0,35.15,36.9,-1.75,-4.7425,25077.96,89590.251
300355.SZ,20240606,2.4,2.43,2.21,2.24,2.38,-0.14,-5.8824,465315.9,106120.933
300357.SZ,20240606,23.5,23.74,22.65,22.7,23.54,-0.84,-3.5684,67349.25,155026.637
300358.SZ,20240606,8.08,8.12,7.65,7.71,8.08,-0.37,-4.5792,72989.06,57173.214
300359.SZ,20240606,4.03,4.08,3.83,3.84,4.03,-0.19,-4.7146,143826.0,55965.687
300360.SZ,20240606,14.41,14.58,14.01,14.04,14.45,-0.41,-2.8374,68448.17,97572.92
300363.SZ,20240606,14.26,14.31,13.43,13.49,14.18,-0.69,-4.866,93815.71,128607.374
300364.SZ,20240606,20.85,21.11,19.8,19.96,20.7,-0.74,-3.5749,466820.93,942980.04
300365.SZ,20240606,5.04,5.09,4.65,4.72,5.02,-0.3,-5.9761,225402.73,108082.185
300366.SZ,20240606,7.59,7.66,7.06,7.06,7.59,-0.53,-6.9829,262826.34,189174.397
300368.SZ,20240606,2.2,2.24,2.07,2.12,2.35,-0.23,-9.7872,527381.52,114377.172
300369.SZ,20240606,5.64,5.68,4.67,4.91,5.71,-0.8,-14.0105,588510.67,290477.839
300370.SZ,20240606,1.62,1.67,1.52,1.55,1.64,-0.09,-5.4878,254855.81,40107.323
300371.SZ,20240606,8.66,8.79,8.08,8.12,8.6,-0.48,-5.5814,27053.2,22533.506
300373.SZ,20240606,39.89,40.78,38.01,38.1,38.09,0.01,0.0263,151557.33,591349.292
300374.SZ,20240606,14.93,15.0,13.78,14.02,15.02,-1.0,-6.6578,205147.27,291926.088
300375.SZ,20240606,3.95,3.98,3.69,3.72,3.96,-0.24,-6.0606,246601.46,93121.609
300376.SZ,20240606,4.35,4.4,4.16,4.19,4.35,-0.16,-3.6782,251382.2,106629.028
300377.SZ,20240606,5.31,5.37,5.09,5.17,5.33,-0.16,-3.0019,150585.64,77814.951
300378.SZ,20240606,16.6,16.82,15.68,15.78,16.52,-0.74,-4.4794,76580.24,122725.796
300379.SZ,20240606,9.26,9.33,8.4,8.51,9.26,-0.75,-8.0994,303646.68,263292.124
300380.SZ,20240606,14.85,14.85,13.54,13.78,14.68,-0.9,-6.1308,42497.25,59514.122
300381.SZ,20240606,6.53,6.65,6.11,6.28,6.6,-0.32,-4.8485,174855.06,110501.111
300382.SZ,20240606,6.62,6.71,6.22,6.29,6.62,-0.33,-4.9849,77716.0,49693.48
300383.SZ,20240606,8.49,8.53,8.23,8.25,8.44,-0.19,-2.2512,177078.97,147725.875
300384.SZ,20240606,14.36,14.46,13.75,13.99,14.35,-0.36,-2.5087,49949.57,70186.658
300385.SZ,20240606,3.58,3.65,3.27,3.32,3.62,-0.3,-8.2873,63054.0,21433.379
300386.SZ,20240606,6.46,6.53,5.9,5.99,6.43,-0.44,-6.8429,66698.37,40683.812
300387.SZ,20240606,6.12,6.2,5.7,5.81,6.12,-0.31,-5.0654,121584.36,71510.424
300388.SZ,20240606,5.79,5.81,5.53,5.57,5.8,-0.23,-3.9655,57342.44,32237.702
300389.SZ,20240606,12.8,13.15,12.32,12.36,12.8,-0.44,-3.4375,51560.06,64974.467
300390.SZ,20240606,19.85,20.3,19.18,19.29,19.83,-0.54,-2.7231,115882.73,227896.376
300391.SZ,20240606,2.76,2.77,2.36,2.46,2.76,-0.3,-10.8696,197458.76,49648.689
300393.SZ,20240606,7.1,7.22,6.66,6.72,7.07,-0.35,-4.9505,294394.96,202803.296
300394.SZ,20240606,91.5,96.48,90.88,91.25,89.81,1.44,1.6034,313479.33,2920334.512
300395.SZ,20240606,33.86,34.95,32.85,33.13,34.1,-0.97,-2.8446,115378.28,389918.377
300396.SZ,20240606,23.38,23.58,22.47,22.6,23.25,-0.65,-2.7957,25945.0,59142.584
300397.SZ,20240606,10.0,10.07,9.3,9.33,10.07,-0.74,-7.3486,328517.86,313048.906
300398.SZ,20240606,11.08,11.58,10.76,10.81,10.99,-0.18,-1.6379,225413.42,250373.924
300399.SZ,20240606,8.45,8.45,7.62,7.78,8.3,-0.52,-6.2651,45437.6,35808.226
300400.SZ,20240606,10.65,10.99,10.09,10.21,10.69,-0.48,-4.4902,81979.5,85329.889
300401.SZ,20240606,11.54,11.85,10.96,11.08,11.51,-0.43,-3.7359,261048.1,297560.478
300402.SZ,20240606,14.76,14.89,14.05,14.17,14.78,-0.61,-4.1272,52772.99,76077.475
300403.SZ,20240606,7.37,7.41,6.97,7.06,7.4,-0.34,-4.5946,212615.33,151836.004
300404.SZ,20240606,7.25,7.33,6.84,6.91,7.25,-0.34,-4.6897,74597.1,52154.173
300405.SZ,20240606,3.84,3.89,3.49,3.6,3.88,-0.28,-7.2165,230499.87,83856.546
300406.SZ,20240606,17.35,17.63,17.16,17.21,17.34,-0.13,-0.7497,44261.03,76779.86
300407.SZ,20240606,7.3,7.35,6.91,6.97,7.27,-0.3,-4.1265,68054.77,48005.894
300408.SZ,20240606,29.78,30.36,29.78,29.98,29.98,0.0,0.0,81734.51,245864.779
300409.SZ,20240606,9.48,9.59,8.95,9.05,9.48,-0.43,-4.5359,117795.0,107913.648
300410.SZ,20240606,4.78,5.03,4.6,4.63,5.52,-0.89,-16.1232,431415.57,206252.93
300411.SZ,20240606,13.2,13.49,12.02,12.28,13.33,-1.05,-7.877,341992.2,425599.199
300412.SZ,20240606,3.04,3.05,2.74,2.8,3.02,-0.22,-7.2848,228673.91,65115.051
300413.SZ,20240606,22.8,23.05,22.08,22.26,22.86,-0.6,-2.6247,221079.22,493944.432
300414.SZ,20240606,6.6,6.61,5.95,6.06,6.56,-0.5,-7.622,85131.5,52600.767
300415.SZ,20240606,22.3,22.45,21.75,21.95,22.34,-0.39,-1.7457,60312.15,132668.906
300416.SZ,20240606,13.75,14.02,13.41,13.8,13.84,-0.04,-0.289,190872.66,262623.656
300417.SZ,20240606,8.0,8.67,7.22,7.23,8.05,-0.82,-10.1863,220737.26,174502.722
300418.SZ,20240606,35.11,35.44,34.0,34.24,34.87,-0.63,-1.8067,334557.35,1161393.646
300419.SZ,20240606,4.98,5.06,4.56,4.61,5.01,-0.4,-7.984,311392.12,146776.054
300420.SZ,20240606,2.18,2.2,2.04,2.06,2.19,-0.13,-5.9361,251213.64,52648.198
300421.SZ,20240606,10.09,10.19,9.4,9.83,10.26,-0.43,-4.191,314480.6,305582.699
300422.SZ,20240606,4.46,4.5,4.02,4.14,4.46,-0.32,-7.1749,106024.06,44634.296
300423.SZ,20240606,6.69,6.78,6.09,6.17,6.71,-0.54,-8.0477,535679.45,338199.191
300424.SZ,20240606,13.33,13.34,12.5,12.65,13.22,-0.57,-4.3116,172999.23,220501.975
300425.SZ,20240606,4.28,4.3,4.1,4.13,4.28,-0.15,-3.5047,118285.02,49375.43
300426.SZ,20240606,7.05,7.21,6.63,6.69,7.18,-0.49,-6.8245,84546.0,57470.126
300427.SZ,20240606,4.83,4.89,4.71,4.74,4.87,-0.13,-2.6694,59831.19,28547.748
300428.SZ,20240606,19.42,19.58,18.99,19.13,19.43,-0.3,-1.544,53269.22,102221.831
300429.SZ,20240606,10.96,11.44,10.49,11.02,10.91,0.11,1.0082,459503.21,507866.708
300430.SZ,20240606,15.1,15.14,14.2,14.4,15.02,-0.62,-4.1278,86886.9,125909.288
300432.SZ,20240606,7.2,7.24,6.8,6.9,7.2,-0.3,-4.1667,146024.0,101680.946
300433.SZ,20240606,15.85,16.14,15.76,15.86,15.84,0.02,0.1263,513013.54,819136.74
300434.SZ,20240606,7.99,8.03,7.37,7.49,7.91,-0.42,-5.3097,71935.0,54467.348
300435.SZ,20240606,12.61,12.7,11.91,12.01,12.62,-0.61,-4.8336,48766.0,59200.137
300436.SZ,20240606,16.21,16.56,15.1,15.21,16.09,-0.88,-5.4692,21799.0,34283.732
300437.SZ,20240606,8.65,8.65,8.0,8.12,8.5,-0.38,-4.4706,48785.6,39999.718
300438.SZ,20240606,22.31,22.49,21.16,21.17,22.27,-1.1,-4.9394,144050.39,310977.313
300439.SZ,20240606,9.48,9.51,8.92,8.97,9.44,-0.47,-4.9788,54256.8,49545.235
300440.SZ,20240606,5.48,5.74,4.96,5.06,5.47,-0.41,-7.4954,175695.0,93037.532
300441.SZ,20240606,6.04,6.15,5.72,5.78,6.05,-0.27,-4.4628,101004.4,59114.944
300442.SZ,20240606,27.3,27.55,26.5,26.74,27.21,-0.47,-1.7273,176712.26,474965.3
300443.SZ,20240606,17.67,17.82,16.95,17.05,17.63,-0.58,-3.2898,51972.69,89634.274
300444.SZ,20240606,6.76,7.01,6.65,6.66,6.79,-0.13,-1.9146,387404.53,264963.639
300445.SZ,20240606,17.16,17.27,16.58,16.63,17.17,-0.54,-3.145,40091.35,67434.786
300446.SZ,20240606,14.23,14.37,13.58,13.71,14.28,-0.57,-3.9916,78692.05,108789.726
300447.SZ,20240606,14.21,14.31,13.16,13.34,14.36,-1.02,-7.1031,176689.0,239652.535
300448.SZ,20240606,3.83,3.89,3.48,3.52,3.83,-0.31,-8.094,129456.93,46741.565
300449.SZ,20240606,3.93,4.01,3.61,3.67,3.92,-0.25,-6.3776,73009.4,27362.56
300450.SZ,20240606,20.19,20.27,19.5,19.53,20.19,-0.66,-3.2689,219866.38,434674.937
300451.SZ,20240606,3.85,3.89,3.65,3.69,3.84,-0.15,-3.9063,411036.1,152954.961
300452.SZ,20240606,12.38,12.45,12.02,12.07,12.33,-0.26,-2.1087,30220.7,36707.113
300453.SZ,20240606,7.0,7.0,6.53,6.6,6.99,-0.39,-5.5794,85311.25,57488.658
300454.SZ,20240606,53.56,55.01,52.62,52.88,54.82,-1.94,-3.5389,47434.68,252774.125
300455.SZ,20240606,11.77,12.08,11.29,11.41,12.06,-0.65,-5.3897,451926.2,523185.869
300456.SZ,20240606,16.75,17.11,16.1,16.13,16.59,-0.46,-2.7728,188883.05,310881.998
300457.SZ,20240606,16.9,17.5,16.7,17.05,17.0,0.05,0.2941,203054.21,346720.684
300458.SZ,20240606,21.05,21.56,20.48,21.0,20.82,0.18,0.8646,334412.83,702843.561
300459.SZ,20240606,3.61,3.67,3.36,3.39,3.63,-0.24,-6.6116,1806931.11,623616.246
300460.SZ,20240606,7.94,8.34,7.28,7.39,7.86,-0.47,-5.9796,180342.8,138844.023
300461.SZ,20240606,12.71,12.88,11.79,11.97,12.78,-0.81,-6.338,25406.0,30919.828
300462.SZ,20240606,8.5,8.7,7.1,7.19,8.7,-1.51,-17.3563,279223.78,215002.673
300463.SZ,20240606,12.52,12.62,12.14,12.25,12.55,-0.3,-2.3904,49353.0,60641.977
300464.SZ,20240606,3.42,3.54,3.3,3.39,3.45,-0.06,-1.7391,162385.0,55144.223
300465.SZ,20240606,6.6,6.65,6.08,6.14,6.61,-0.47,-7.1104,114073.0,71386.843
300466.SZ,20240606,6.1,6.17,5.67,5.76,6.09,-0.33,-5.4187,181478.61,105839.741
300467.SZ,20240606,14.17,14.39,13.28,13.32,14.09,-0.77,-5.4649,58019.57,79776.911
300468.SZ,20240606,7.92,7.99,7.48,7.55,7.91,-0.36,-4.5512,123306.37,94382.527
300469.SZ,20240606,8.85,8.91,8.13,8.26,8.85,-0.59,-6.6667,153584.32,128613.115
300470.SZ,20240606,36.43,36.81,35.76,35.98,36.43,-0.45,-1.2352,9596.4,34639.562
300471.SZ,20240606,8.78,8.81,8.12,8.19,8.72,-0.53,-6.078,76646.89,63876.343
300472.SZ,20240606,4.73,4.75,4.01,4.19,4.62,-0.43,-9.3074,122133.63,52083.934
300473.SZ,20240606,13.91,14.36,12.93,13.18,13.56,-0.38,-2.8024,61637.0,82913.221
300474.SZ,20240606,68.25,69.03,66.56,67.51,67.57,-0.06,-0.0888,100269.42,681256.672
300475.SZ,20240606,34.79,35.37,33.95,34.3,34.16,0.14,0.4098,137386.78,475940.312
300476.SZ,20240606,31.8,33.33,31.38,31.63,31.0,0.63,2.0323,517692.69,1669662.254
300477.SZ,20240606,2.54,2.61,2.31,2.36,2.53,-0.17,-6.7194,462594.69,112107.819
300478.SZ,20240606,7.86,7.87,7.1,7.22,7.87,-0.65,-8.2592,34887.88,25591.886
300479.SZ,20240606,13.61,13.92,13.14,13.15,13.88,-0.73,-5.2594,45756.06,61505.498
300480.SZ,20240606,16.4,17.21,16.17,16.28,16.32,-0.04,-0.2451,54680.0,90497.563
300481.SZ,20240606,15.43,15.7,15.0,15.25,15.41,-0.16,-1.0383,123648.28,189410.921
300482.SZ,20240606,28.15,28.63,27.75,27.8,28.15,-0.35,-1.2433,44421.01,124810.805
300483.SZ,20240606,8.09,8.19,7.7,7.78,8.05,-0.27,-3.354,36987.0,29195.596
300484.SZ,20240606,15.02,15.17,13.9,14.1,15.17,-1.07,-7.0534,206553.2,294781.322
300485.SZ,20240606,6.66,6.73,6.06,6.2,6.71,-0.51,-7.6006,77382.92,48771.62
300486.SZ,20240606,5.21,5.25,4.46,4.55,5.27,-0.72,-13.6622,378550.34,179755.642
300487.SZ,20240606,50.0,50.56,48.63,49.03,50.0,-0.97,-1.94,23674.86,117100.683
300488.SZ,20240606,20.6,20.9,19.91,20.26,20.7,-0.44,-2.1256,16647.0,33701.199
300489.SZ,20240606,18.95,19.1,18.0,18.28,19.04,-0.76,-3.9916,21031.86,38713.379
300490.SZ,20240606,7.64,7.78,7.09,7.18,7.7,-0.52,-6.7532,151718.08,110983.71
300491.SZ,20240606,15.42,15.58,14.49,14.56,15.4,-0.84,-5.4545,44516.8,66074.845
300492.SZ,20240606,110.0,110.0,102.62,103.0,108.77,-5.77,-5.3048,11999.31,125294.23
300493.SZ,20240606,7.71,7.95,7.27,7.36,7.71,-0.35,-4.5396,164707.76,123878.846
300494.SZ,20240606,10.8,10.92,10.18,10.27,10.72,-0.45,-4.1978,201862.42,211174.767
300496.SZ,20240606,55.8,58.49,54.49,56.5,56.21,0.29,0.5159,343454.82,1931248.462
300497.SZ,20240606,9.56,9.63,9.1,9.36,9.45,-0.09,-0.9524,119084.32,110831.423
300498.SZ,20240606,21.69,21.79,21.41,21.63,21.7,-0.07,-0.3226,311536.22,673029.652
300499.SZ,20240606,11.01,11.23,10.25,10.44,11.01,-0.57,-5.1771,134711.48,143012.647
300500.SZ,20240606,9.86,10.05,8.99,9.09,9.75,-0.66,-6.7692,94232.5,88152.834
300501.SZ,20240606,11.2,11.24,10.51,10.54,11.1,-0.56,-5.045,25502.0,27536.669
300502.SZ,20240606,96.5,97.92,93.5,93.78,93.32,0.46,0.4929,307033.7,2940701.131
300503.SZ,20240606,13.1,13.15,12.23,12.4,12.96,-0.56,-4.321,130489.0,163249.148
300504.SZ,20240606,11.95,12.23,11.21,11.33,11.97,-0.64,-5.3467,39188.12,45222.051
300505.SZ,20240606,13.22,13.53,12.57,12.76,13.27,-0.51,-3.8433,157354.11,203811.367
300506.SZ,20240606,1.82,1.89,1.69,1.69,1.88,-0.19,-10.1064,218731.6,38750.62
300507.SZ,20240606,5.23,5.3,4.91,4.92,5.33,-0.41,-7.6923,357027.75,181970.472
300508.SZ,20240606,18.51,18.64,16.8,17.13,18.44,-1.31,-7.1041,29264.68,50847.047
300509.SZ,20240606,4.65,4.71,4.15,4.26,4.65,-0.39,-8.3871,97430.31,42189.399
300510.SZ,20240606,3.7,3.76,3.51,3.52,3.71,-0.19,-5.1213,202878.87,72928.133
300511.SZ,20240606,3.28,3.3,3.05,3.09,3.27,-0.18,-5.5046,141326.51,44109.686
300512.SZ,20240606,5.83,5.97,5.37,5.47,5.84,-0.37,-6.3356,46081.5,25495.012
300513.SZ,20240606,8.39,8.44,7.88,7.93,8.4,-0.47,-5.5952,130082.0,105260.195
300514.SZ,20240606,15.3,15.8,13.95,14.1,15.46,-1.36,-8.7969,188593.5,279345.994
300515.SZ,20240606,10.05,10.14,9.19,9.39,10.05,-0.66,-6.5672,64780.6,61914.302
300516.SZ,20240606,28.18,28.44,26.95,27.04,28.3,-1.26,-4.4523,27244.58,75097.218
300517.SZ,20240606,8.7,8.85,8.0,8.19,8.79,-0.6,-6.8259,53341.4,44554.343
300518.SZ,20240606,8.3,8.38,7.53,7.58,8.26,-0.68,-8.2324,73944.5,57576.788
300519.SZ,20240606,11.39,11.4,10.56,10.72,11.25,-0.53,-4.7111,25626.0,27728.185
300520.SZ,20240606,17.22,17.4,16.05,16.26,17.31,-1.05,-6.0659,110078.83,181848.031
300521.SZ,20240606,9.51,9.65,9.22,9.28,9.6,-0.32,-3.3333,30205.86,28292.465
300522.SZ,20240606,11.16,11.4,10.47,10.52,11.18,-0.66,-5.9034,64382.0,69202.768
300523.SZ,20240606,16.88,16.96,15.8,15.94,16.79,-0.85,-5.0625,27328.0,44208.499
300525.SZ,20240606,12.59,12.7,12.22,12.29,12.63,-0.34,-2.692,56104.2,69467.44
300527.SZ,20240606,6.62,6.68,6.26,6.3,6.67,-0.37,-5.5472,187905.55,120502.619
300528.SZ,20240606,6.48,6.58,6.03,6.12,6.51,-0.39,-5.9908,87832.8,54388.421
300529.SZ,20240606,27.76,28.16,27.5,27.57,27.75,-0.18,-0.6486,48593.92,135276.652
300530.SZ,20240606,16.96,17.9,15.76,15.84,16.78,-0.94,-5.6019,40285.75,66740.329
300531.SZ,20240606,9.32,9.45,8.72,8.82,9.32,-0.5,-5.3648,65568.0,58659.41
300532.SZ,20240606,12.83,12.92,12.28,12.35,12.79,-0.44,-3.4402,60464.4,75544.318
300533.SZ,20240606,15.56,15.71,14.43,14.62,15.35,-0.73,-4.7557,75444.22,112288.974
300534.SZ,20240606,7.32,7.41,6.95,7.03,7.29,-0.26,-3.5665,58522.71,41690.035
300535.SZ,20240606,11.76,11.95,10.77,10.98,11.78,-0.8,-6.7912,32296.01,36023.254
300536.SZ,20240606,8.71,8.82,7.73,8.12,8.83,-0.71,-8.0408,97567.75,80310.912
300537.SZ,20240606,15.95,16.97,15.83,16.42,16.02,0.4,2.4969,254557.27,417817.101
300538.SZ,20240606,13.37,13.94,12.75,13.17,13.41,-0.24,-1.7897,115265.0,154410.86
300539.SZ,20240606,8.28,8.28,7.55,7.74,8.52,-0.78,-9.1549,128175.89,100611.774
300540.SZ,20240606,22.3,22.7,21.11,21.29,22.46,-1.17,-5.2093,38324.19,83171.579
300541.SZ,20240606,8.6,8.66,8.09,8.1,8.6,-0.5,-5.814,108629.26,89704.53
300542.SZ,20240606,13.12,13.3,12.28,12.54,13.19,-0.65,-4.928,221208.01,278903.879
300543.SZ,20240606,7.4,7.9,6.82,6.95,7.37,-0.42,-5.6988,153393.1,111719.276
300545.SZ,20240606,23.8,24.42,22.88,22.99,23.48,-0.49,-2.0869,54837.27,129093.894
300546.SZ,20240606,9.52,9.59,8.57,8.74,9.42,-0.68,-7.2187,58465.9,52064.243
300547.SZ,20240606,17.61,17.61,16.21,16.68,18.13,-1.45,-7.9978,194673.52,329135.591
300548.SZ,20240606,20.8,21.11,19.73,19.77,20.54,-0.77,-3.7488,151250.3,308809.681
300549.SZ,20240606,13.96,14.02,12.65,12.9,13.82,-0.92,-6.657,33079.47,43302.077
300550.SZ,20240606,10.13,10.13,9.09,9.09,9.95,-0.86,-8.6432,29916.44,28113.9
300551.SZ,20240606,6.23,6.26,5.6,5.72,6.24,-0.52,-8.3333,302412.72,176419.397
300552.SZ,20240606,41.38,43.75,40.05,40.78,41.51,-0.73,-1.7586,432270.49,1805628.727
300553.SZ,20240606,25.0,25.0,22.49,22.71,23.84,-1.13,-4.7399,19654.8,45769.169
300554.SZ,20240606,24.99,25.58,23.39,23.69,24.77,-1.08,-4.3601,116812.91,285980.558
300555.SZ,20240606,5.93,6.0,5.7,5.74,5.92,-0.18,-3.0405,9663.0,5649.302
300556.SZ,20240606,16.75,16.97,15.52,15.75,16.7,-0.95,-5.6886,68979.0,110108.633
300557.SZ,20240606,21.2,21.2,19.25,20.85,20.86,-0.01,-0.0479,16148.14,32271.874
300558.SZ,20240606,38.04,38.27,37.16,37.18,37.91,-0.73,-1.9256,44968.06,169389.14
300559.SZ,20240606,10.11,10.24,9.48,9.54,10.09,-0.55,-5.4509,91506.68,89096.507
300560.SZ,20240606,10.9,11.19,9.98,10.18,10.9,-0.72,-6.6055,100692.5,104677.416
300561.SZ,20240606,7.52,7.59,6.97,7.03,7.55,-0.52,-6.8874,64925.0,46465.337
300562.SZ,20240606,8.67,8.74,7.83,8.01,8.61,-0.6,-6.9686,76035.99,61910.886
300563.SZ,20240606,28.5,29.91,27.4,27.56,27.69,-0.13,-0.4695,368491.45,1054450.362
300564.SZ,20240606,8.93,8.96,8.0,8.08,8.79,-0.71,-8.0774,29148.54,24136.984
300565.SZ,20240606,10.3,10.32,9.41,9.53,10.24,-0.71,-6.9336,63522.0,61705.296
300566.SZ,20240606,14.04,14.42,13.25,13.4,14.02,-0.62,-4.4223,72655.47,99464.121
300567.SZ,20240606,59.3,61.65,57.8,58.4,58.88,-0.48,-0.8152,62221.38,371045.0
300568.SZ,20240606,9.53,9.6,9.15,9.17,9.53,-0.36,-3.7775,298814.5,277724.576
300569.SZ,20240606,4.77,4.83,4.41,4.48,4.78,-0.3,-6.2762,207271.35,94291.377
300570.SZ,20240606,33.75,34.44,33.0,33.01,33.3,-0.29,-0.8709,105044.26,354966.114
300571.SZ,20240606,22.09,22.13,20.33,20.49,21.8,-1.31,-6.0092,23367.0,48743.38
300572.SZ,20240606,14.0,14.14,11.75,11.83,14.4,-2.57,-17.8472,311317.48,394964.575
300573.SZ,20240606,189.5,193.0,186.33,191.28,189.05,2.23,1.1796,30969.13,589010.073
300575.SZ,20240606,5.72,5.78,5.49,5.65,5.73,-0.08,-1.3962,64849.67,36412.949
300576.SZ,20240606,37.59,41.5,37.42,39.09,37.24,1.85,4.9678,496493.63,1944007.95
300577.SZ,20240606,21.01,21.28,20.65,21.0,21.0,0.0,0.0,18465.0,38733.695
300578.SZ,20240606,12.38,12.59,11.4,11.62,12.31,-0.69,-5.6052,59032.0,69582.996
300579.SZ,20240606,18.33,18.51,17.3,17.45,18.36,-0.91,-4.9564,33139.0,58763.701
300580.SZ,20240606,26.72,27.0,26.01,26.13,26.8,-0.67,-2.5,79367.0,210347.901
300581.SZ,20240606,8.58,8.64,8.0,8.0,8.58,-0.58,-6.7599,246282.38,201543.934
300582.SZ,20240606,8.6,8.87,8.06,8.18,8.65,-0.47,-5.4335,92073.5,77046.863
300583.SZ,20240606,12.43,12.65,11.86,12.04,12.46,-0.42,-3.3708,32848.2,40005.252
300584.SZ,20240606,15.82,15.93,14.8,15.04,15.81,-0.77,-4.8703,19030.0,28938.582
300585.SZ,20240606,10.38,10.52,9.51,9.65,10.37,-0.72,-6.9431,84787.0,83404.589
300586.SZ,20240606,6.75,6.84,6.42,6.51,6.76,-0.25,-3.6982,118499.4,77845.487
300587.SZ,20240606,4.36,4.4,4.05,4.12,4.36,-0.24,-5.5046,225619.89,93627.36
300588.SZ,20240606,7.23,7.37,6.46,6.62,7.24,-0.62,-8.5635,97110.8,65420.797
300589.SZ,20240606,11.86,11.99,11.35,11.44,11.9,-0.46,-3.8655,89331.15,103222.223
300590.SZ,20240606,10.67,10.86,10.15,10.19,10.78,-0.59,-5.4731,141824.66,147855.683
300591.SZ,20240606,3.29,3.4,3.01,3.05,3.29,-0.24,-7.2948,155256.5,48388.886
300592.SZ,20240606,12.65,12.87,12.18,12.38,12.56,-0.18,-1.4331,53436.8,66445.579
300593.SZ,20240606,11.33,11.62,10.76,10.79,11.47,-0.68,-5.9285,350270.55,390152.213
300594.SZ,20240606,15.01,15.32,14.33,14.4,15.0,-0.6,-4.0,23020.49,33814.787
300595.SZ,20240606,18.17,18.34,17.48,17.61,18.16,-0.55,-3.0286,98799.5,175682.981
300596.SZ,20240606,30.4,30.7,29.2,29.54,30.4,-0.86,-2.8289,34120.04,100913.036
300597.SZ,20240606,6.56,6.64,6.13,6.26,6.57,-0.31,-4.7184,57016.78,36067.01
300598.SZ,20240606,29.38,29.71,27.8,27.88,29.23,-1.35,-4.6185,65946.32,188192.221
300599.SZ,20240606,5.3,5.37,4.88,4.9,5.34,-0.44,-8.2397,60161.51,30277.526
300600.SZ,20240606,5.9,6.0,5.58,5.68,5.99,-0.31,-5.1753,92592.72,53200.592
300601.SZ,20240606,18.02,18.1,17.38,17.45,18.0,-0.55,-3.0556,91498.2,161309.538
300602.SZ,20240606,15.85,15.97,14.05,14.45,15.81,-1.36,-8.6022,368063.51,545289.164
300603.SZ,20240606,7.18,7.25,6.62,6.67,7.15,-0.48,-6.7133,120872.15,82606.315
300604.SZ,20240606,30.66,31.09,29.64,29.8,30.1,-0.3,-0.9967,252305.68,766119.375
300605.SZ,20240606,8.94,8.98,8.1,8.23,8.87,-0.64,-7.2153,49885.16,41459.592
300606.SZ,20240606,15.58,15.75,14.32,14.52,15.49,-0.97,-6.2621,56872.0,84370.985
300607.SZ,20240606,11.99,12.08,11.47,11.57,11.99,-0.42,-3.5029,79042.32,92292.259
300608.SZ,20240606,9.7,9.72,8.91,8.98,9.63,-0.65,-6.7497,115626.99,105753.903
300609.SZ,20240606,16.48,16.85,14.98,15.4,16.38,-0.98,-5.9829,34038.0,53440.618
300610.SZ,20240606,8.99,9.08,8.41,8.52,8.93,-0.41,-4.5913,49474.5,42736.68
300611.SZ,20240606,7.88,7.95,7.23,7.31,7.87,-0.56,-7.1156,83265.18,62227.511
300612.SZ,20240606,13.03,13.31,12.2,12.25,12.92,-0.67,-5.1858,38575.23,48444.766
300613.SZ,20240606,34.1,34.58,32.53,32.7,33.7,-1.0,-2.9674,72813.55,244005.145
300614.SZ,20240606,9.94,10.01,9.17,9.29,9.91,-0.62,-6.2563,33830.04,32021.464
300615.SZ,20240606,9.39,9.53,8.62,8.76,9.36,-0.6,-6.4103,34582.0,30918.732
300616.SZ,20240606,11.83,11.89,11.11,11.65,11.83,-0.18,-1.5216,55122.0,63213.551
300617.SZ,20240606,26.33,26.53,25.55,25.71,26.17,-0.46,-1.7577,23020.0,59858.088
300618.SZ,20240606,27.98,28.34,27.11,27.33,27.66,-0.33,-1.1931,56993.09,157162.46
300619.SZ,20240606,36.83,36.93,35.05,35.38,35.8,-0.42,-1.1732,5024.0,17949.215
300620.SZ,20240606,38.92,39.35,37.45,37.53,38.61,-1.08,-2.7972,63557.52,244164.848
300621.SZ,20240606,7.73,7.73,7.26,7.28,7.62,-0.34,-4.4619,44844.5,33160.49
300622.SZ,20240606,14.1,14.16,13.3,13.38,14.04,-0.66,-4.7009,22342.92,30491.179
300623.SZ,20240606,18.08,18.5,17.5,17.62,17.56,0.06,0.3417,232433.55,416750.092
300624.SZ,20240606,54.58,55.03,52.88,53.01,54.57,-1.56,-2.8587,83705.43,449750.428
300625.SZ,20240606,10.74,10.9,10.12,10.25,10.76,-0.51,-4.7398,33954.64,35178.578
300626.SZ,20240606,7.07,7.14,6.4,6.52,7.07,-0.55,-7.7793,68730.0,46143.8
300627.SZ,20240606,29.36,29.6,28.43,28.57,29.42,-0.85,-2.8892,56588.05,163405.123
300628.SZ,20240606,36.74,37.15,36.0,36.45,36.58,-0.13,-0.3554,52297.01,190789.12
300629.SZ,20240606,19.42,19.61,18.41,18.42,19.76,-1.34,-6.7814,140769.46,265816.908
300631.SZ,20240606,20.28,20.75,19.51,19.74,19.96,-0.22,-1.1022,20547.7,41325.76
300632.SZ,20240606,9.34,10.22,9.34,9.6,9.37,0.23,2.4546,70762.76,69189.013
300633.SZ,20240606,40.08,40.55,39.33,39.47,40.22,-0.75,-1.8647,22174.03,88300.791
300634.SZ,20240606,17.57,17.65,16.7,16.78,17.48,-0.7,-4.0046,121427.74,207122.17
300635.SZ,20240606,7.56,7.59,6.98,7.07,7.58,-0.51,-6.7282,40454.0,29027.832
300636.SZ,20240606,10.0,10.07,9.7,9.99,10.09,-0.1,-0.9911,51787.19,51301.078
300637.SZ,20240606,10.61,11.0,9.72,9.78,10.93,-1.15,-10.5215,662010.06,686449.737
300638.SZ,20240606,16.84,16.97,16.3,16.41,16.73,-0.32,-1.9127,249494.29,414606.78
300639.SZ,20240606,5.32,5.37,4.98,5.05,5.32,-0.27,-5.0752,110005.34,56170.994
300640.SZ,20240606,4.08,4.09,3.66,3.75,4.02,-0.27,-6.7164,76824.9,29222.666
300641.SZ,20240606,26.03,27.72,25.48,26.65,26.07,0.58,2.2248,780385.78,2079649.149
300642.SZ,20240606,12.24,12.31,11.38,11.58,12.25,-0.67,-5.4694,27563.2,32248.198
300643.SZ,20240606,13.55,13.55,12.48,13.35,12.64,0.71,5.6171,448542.0,588855.89
300644.SZ,20240606,21.51,21.8,20.28,20.74,21.51,-0.77,-3.5797,97861.13,204660.782
300645.SZ,20240606,11.08,11.17,10.16,10.36,11.06,-0.7,-6.3291,52577.5,55110.205
300647.SZ,20240606,5.88,5.95,5.33,5.43,6.0,-0.57,-9.5,946085.54,527998.337
300648.SZ,20240606,18.34,18.42,17.2,17.3,18.78,-1.48,-7.8807,47936.79,85129.949
300649.SZ,20240606,10.61,10.68,9.71,9.98,10.61,-0.63,-5.9378,50021.0,50257.005
300650.SZ,20240606,11.6,12.17,10.54,10.78,11.42,-0.64,-5.6042,386238.77,436545.42
300651.SZ,20240606,12.88,13.01,12.0,12.2,12.9,-0.7,-5.4264,28523.0,35317.046
300652.SZ,20240606,20.82,20.82,19.33,19.71,20.58,-0.87,-4.2274,23330.0,46170.474
300653.SZ,20240606,23.1,23.37,22.5,22.53,23.01,-0.48,-2.086,19094.0,43532.65
300654.SZ,20240606,8.66,8.78,8.07,8.18,8.66,-0.48,-5.5427,147446.07,122458.115
300655.SZ,20240606,7.54,7.8,7.36,7.47,7.44,0.03,0.4032,372999.78,282645.533
300656.SZ,20240606,22.99,25.68,22.44,25.68,21.4,4.28,20.0,214927.25,538523.017
300657.SZ,20240606,15.18,15.5,14.71,14.74,15.1,-0.36,-2.3841,115618.72,174118.432
300658.SZ,20240606,4.42,4.46,4.03,4.13,4.41,-0.28,-6.3492,71485.0,29965.419
300659.SZ,20240606,13.13,13.29,12.05,12.13,13.09,-0.96,-7.3338,66799.85,82759.448
300660.SZ,20240606,26.85,27.12,25.86,25.98,26.85,-0.87,-3.2402,51093.95,134317.275
300661.SZ,20240606,83.17,83.17,78.52,79.46,82.16,-2.7,-3.2863,50172.94,402340.646
300662.SZ,20240606,21.21,21.32,19.89,20.1,21.1,-1.0,-4.7393,30573.84,62007.039
300663.SZ,20240606,9.81,10.01,9.18,9.27,9.88,-0.61,-6.1741,142470.41,134560.235
300664.SZ,20240606,4.62,4.65,4.34,4.39,4.61,-0.22,-4.7722,127190.5,56411.145
300665.SZ,20240606,5.2,5.24,4.69,4.75,5.2,-0.45,-8.6538,106021.2,51797.719
300666.SZ,20240606,47.82,50.2,47.74,49.86,47.35,2.51,5.301,169197.84,827648.777
300667.SZ,20240606,11.69,11.83,10.75,10.86,11.69,-0.83,-7.1001,45489.59,50369.631
300668.SZ,20240606,15.55,15.97,14.3,14.38,15.8,-1.42,-8.9873,14492.05,21600.398
300669.SZ,20240606,13.8,13.87,13.31,13.34,13.73,-0.39,-2.8405,13369.5,18065.696
300670.SZ,20240606,6.0,6.36,5.76,5.77,6.08,-0.31,-5.0987,219250.6,133924.689
300671.SZ,20240606,26.33,27.68,25.26,25.45,25.7,-0.25,-0.9728,145992.83,387231.568
300672.SZ,20240606,62.36,64.6,59.5,59.53,61.44,-1.91,-3.1087,213640.32,1329539.208
300673.SZ,20240606,13.96,14.0,13.57,13.64,13.96,-0.32,-2.2923,36323.7,49988.973
300674.SZ,20240606,11.3,11.38,10.8,10.85,11.26,-0.41,-3.6412,120700.2,132308.143
300675.SZ,20240606,11.86,12.36,11.55,11.58,11.97,-0.39,-3.2581,49356.0,58717.052
300676.SZ,20240606,38.83,38.83,37.77,37.89,38.63,-0.74,-1.9156,25179.48,95876.54
300677.SZ,20240606,25.55,25.85,24.94,25.03,25.53,-0.5,-1.9585,113482.68,286426.688
300678.SZ,20240606,25.78,25.9,24.46,24.53,25.63,-1.1,-4.2918,85601.0,213502.199
300679.SZ,20240606,40.83,41.55,39.8,40.01,40.99,-0.98,-2.3908,47237.04,191285.449
300680.SZ,20240606,19.51,19.71,18.22,18.53,19.75,-1.22,-6.1772,238296.58,447819.004
300681.SZ,20240606,13.32,13.72,12.64,12.74,13.57,-0.83,-6.1164,46114.74,59999.699
300682.SZ,20240606,9.96,10.03,9.41,9.49,9.94,-0.45,-4.5272,344378.43,330567.758
300683.SZ,20240606,22.43,22.57,21.02,21.31,22.39,-1.08,-4.8236,16861.0,36412.215
300684.SZ,20240606,17.53,18.03,16.27,16.44,17.34,-0.9,-5.1903,290660.74,495393.509
300685.SZ,20240606,18.56,18.79,18.11,18.21,18.47,-0.26,-1.4077,46976.38,86560.754
300686.SZ,20240606,6.78,6.93,6.07,6.16,6.67,-0.51,-7.6462,68184.0,43290.436
300687.SZ,20240606,15.19,15.26,14.23,14.42,15.1,-0.68,-4.5033,82886.52,121218.53
300688.SZ,20240606,24.1,24.58,22.34,22.51,24.14,-1.63,-6.7523,53287.0,122639.541
300689.SZ,20240606,12.92,13.31,11.8,11.9,12.91,-1.01,-7.8234,21432.56,26447.464
300690.SZ,20240606,20.13,20.3,18.72,18.89,20.03,-1.14,-5.6915,110769.7,212320.369
300691.SZ,20240606,14.95,15.19,14.14,14.22,14.88,-0.66,-4.4355,49862.5,72301.363
300692.SZ,20240606,4.71,4.78,4.4,4.47,4.73,-0.26,-5.4968,75850.75,34585.905
300693.SZ,20240606,25.25,25.38,24.2,24.23,25.24,-1.01,-4.0016,84730.66,208459.679
300694.SZ,20240606,8.8,8.93,8.44,8.56,8.79,-0.23,-2.6166,65277.5,56328.429
300695.SZ,20240606,38.18,38.3,36.63,36.83,37.85,-1.02,-2.6948,3514.0,13045.328
300696.SZ,20240606,15.08,15.21,14.23,14.3,15.44,-1.14,-7.3834,144337.16,210617.639
300697.SZ,20240606,11.35,11.72,11.34,11.48,11.28,0.2,1.773,133278.56,153277.587
300698.SZ,20240606,35.17,35.17,32.88,32.95,35.39,-2.44,-6.8946,30574.0,103572.569
300699.SZ,20240606,26.25,26.3,25.47,25.51,26.21,-0.7,-2.6707,97660.29,251685.515
300700.SZ,20240606,8.89,9.43,8.53,8.54,8.93,-0.39,-4.3673,261664.99,236511.138
300701.SZ,20240606,7.81,7.96,7.2,7.35,7.88,-0.53,-6.7259,65598.0,49479.273
300702.SZ,20240606,18.85,19.22,18.46,18.62,19.05,-0.43,-2.2572,15546.4,29150.688
300703.SZ,20240606,8.22,8.23,7.55,7.65,8.11,-0.46,-5.672,44532.61,34691.756
300705.SZ,20240606,26.5,26.53,25.51,25.8,26.4,-0.6,-2.2727,45535.95,117690.596
300706.SZ,20240606,19.33,20.59,19.04,19.52,19.03,0.49,2.5749,62828.4,123750.915
300707.SZ,20240606,13.28,13.47,12.25,12.44,13.23,-0.79,-5.9713,49189.57,62019.206
300708.SZ,20240606,9.13,9.44,8.88,8.92,9.1,-0.18,-1.978,162099.2,147439.698
300709.SZ,20240606,25.81,26.35,24.59,24.96,25.74,-0.78,-3.0303,105125.36,265704.804
300710.SZ,20240606,15.7,16.2,13.99,14.29,15.43,-1.14,-7.3882,51803.34,77302.748
300711.SZ,20240606,16.4,16.59,15.45,15.64,16.53,-0.89,-5.3842,147958.04,233806.669
300712.SZ,20240606,24.45,24.69,23.51,23.73,24.41,-0.68,-2.7857,16620.78,39684.215
300713.SZ,20240606,11.04,11.05,9.78,9.95,10.74,-0.79,-7.3557,58314.25,58960.672
300715.SZ,20240606,8.17,8.27,7.56,8.0,8.12,-0.12,-1.4778,24685.2,19188.419
300716.SZ,20240606,5.94,6.05,5.28,5.39,5.91,-0.52,-8.7986,64726.5,35878.831
300717.SZ,20240606,14.44,15.15,13.75,15.1,14.44,0.66,4.5706,29259.77,41685.106
300718.SZ,20240606,14.18,14.31,13.24,13.34,14.17,-0.83,-5.8574,83717.41,113619.355
300719.SZ,20240606,19.36,19.47,17.9,18.1,19.0,-0.9,-4.7368,236751.0,433674.584
300720.SZ,20240606,15.83,16.1,14.17,14.3,15.82,-1.52,-9.6081,76019.89,111680.048
300721.SZ,20240606,12.16,14.63,12.16,13.39,12.19,1.2,9.8441,170112.92,228498.226
300722.SZ,20240606,25.5,28.57,24.85,27.48,26.34,1.14,4.328,222666.31,590276.424
300723.SZ,20240606,22.01,22.65,22.01,22.26,21.9,0.36,1.6438,44249.84,98931.449
300724.SZ,20240606,65.19,66.05,63.84,64.15,65.19,-1.04,-1.5953,57953.37,375825.812
300725.SZ,20240606,30.8,30.81,29.43,29.5,30.53,-1.03,-3.3737,40724.26,121675.79
300726.SZ,20240606,24.95,25.71,24.06,24.26,25.25,-0.99,-3.9208,124303.32,308331.165
300727.SZ,20240606,22.86,23.36,21.64,22.05,22.7,-0.65,-2.8634,45436.66,101467.753
300729.SZ,20240606,15.6,15.72,14.99,15.2,15.62,-0.42,-2.6889,69501.44,105798.313
300730.SZ,20240606,8.21,8.3,7.54,7.64,8.23,-0.59,-7.1689,87684.52,68352.739
300731.SZ,20240606,14.5,15.16,13.81,13.92,14.29,-0.37,-2.5892,61928.6,89169.022
300732.SZ,20240606,7.72,7.8,7.21,7.35,7.9,-0.55,-6.962,204202.05,152925.123
300733.SZ,20240606,11.53,11.68,10.53,10.72,11.79,-1.07,-9.0755,129363.56,141877.246
300735.SZ,20240606,20.4,20.72,19.8,19.88,20.4,-0.52,-2.549,261256.65,525833.698
300736.SZ,20240606,17.08,17.96,16.55,17.29,17.22,0.07,0.4065,218692.38,380103.881
300737.SZ,20240606,5.2,5.2,4.8,4.93,5.15,-0.22,-4.2718,265523.8,131956.355
300738.SZ,20240606,10.57,10.75,10.22,10.26,10.52,-0.26,-2.4715,417317.81,435069.995
300739.SZ,20240606,11.17,13.31,11.17,13.31,11.09,2.22,20.018,158110.49,202441.953
300740.SZ,20240606,17.06,17.21,16.48,16.65,17.07,-0.42,-2.4605,33237.32,55720.039
300741.SZ,20240606,17.45,17.53,16.68,16.8,17.37,-0.57,-3.2815,22236.0,37707.447
300743.SZ,20240606,12.63,12.64,11.65,11.81,12.49,-0.68,-5.4444,66630.83,80079.623
300745.SZ,20240606,16.0,16.43,14.52,14.7,16.15,-1.45,-8.9783,158893.42,240552.427
300746.SZ,20240606,6.18,6.35,5.67,5.82,6.21,-0.39,-6.2802,49267.0,29105.097
300747.SZ,20240606,19.06,19.18,18.34,18.41,18.95,-0.54,-2.8496,67148.39,125233.933
300748.SZ,20240606,14.2,14.28,13.68,13.74,14.06,-0.32,-2.276,124298.44,172497.065
300749.SZ,20240606,5.5,5.62,5.12,5.17,5.48,-0.31,-5.6569,59553.8,31551.281
300750.SZ,20240606,203.98,206.88,202.2,204.79,204.12,0.67,0.3282,124125.7,2544442.658
300751.SZ,20240606,135.71,141.19,135.71,137.22,135.7,1.52,1.1201,31012.02,428189.971
300752.SZ,20240606,13.26,13.61,12.37,12.57,13.23,-0.66,-4.9887,78428.62,100539.968
300753.SZ,20240606,10.9,11.0,10.06,10.17,10.94,-0.77,-7.0384,43196.54,44697.098
300755.SZ,20240606,16.48,16.52,15.65,15.71,16.38,-0.67,-4.0904,28371.0,45191.474
300756.SZ,20240606,14.33,14.55,13.6,13.88,14.47,-0.59,-4.0774,49698.82,69329.456
300757.SZ,20240606,113.88,116.21,108.88,109.52,112.06,-2.54,-2.2666,44506.34,502935.036
300758.SZ,20240606,11.52,11.72,10.96,11.12,11.5,-0.38,-3.3043,173950.12,194779.605
300759.SZ,20240606,19.91,20.0,19.63,19.7,19.79,-0.09,-0.4548,157668.58,312152.641
300760.SZ,20240606,306.6,306.6,299.1,304.68,304.27,0.41,0.1347,33820.02,1028381.412
300761.SZ,20240606,24.6,24.93,24.1,24.83,24.75,0.08,0.3232,56223.3,137983.822
300762.SZ,20240606,16.85,17.14,16.03,16.28,16.94,-0.66,-3.8961,433872.15,711013.283
300763.SZ,20240606,56.2,56.44,53.2,53.24,56.01,-2.77,-4.9455,61749.25,335389.273
300765.SZ,20240606,31.9,31.9,30.92,31.3,31.58,-0.28,-0.8866,63760.33,199711.016
300766.SZ,20240606,10.38,10.49,9.46,9.55,10.31,-0.76,-7.3715,203141.5,198714.636
300767.SZ,20240606,9.76,9.93,8.97,9.01,9.76,-0.75,-7.6844,97811.0,90314.995
300768.SZ,20240606,12.47,12.56,11.7,11.77,12.48,-0.71,-5.6891,72644.52,86756.511
300769.SZ,20240606,34.03,34.2,32.38,32.48,33.88,-1.4,-4.1322,82314.82,272258.963
300770.SZ,20240606,36.99,37.3,35.88,35.88,37.0,-1.12,-3.027,31555.0,114804.955
300771.SZ,20240606,8.51,8.61,7.85,8.02,8.51,-0.49,-5.7579,67529.0,55048.986
300772.SZ,20240606,10.65,10.73,10.17,10.27,10.7,-0.43,-4.0187,149232.17,154587.724
300773.SZ,20240606,13.59,13.76,13.24,13.31,13.68,-0.37,-2.7047,107858.27,144794.75
300774.SZ,20240606,7.26,7.26,6.74,6.86,7.14,-0.28,-3.9216,28962.0,19999.046
300775.SZ,20240606,31.52,31.55,30.26,30.46,31.58,-1.12,-3.5465,233279.91,715865.134
300776.SZ,20240606,51.93,53.35,51.5,52.26,52.28,-0.02,-0.0383,74019.23,388177.378
300777.SZ,20240606,26.51,26.68,25.0,25.12,26.5,-1.38,-5.2075,103401.0,263771.812
300778.SZ,20240606,9.54,9.61,8.88,9.05,9.65,-0.6,-6.2176,83202.78,76277.104
300779.SZ,20240606,48.01,49.21,46.5,47.2,48.53,-1.33,-2.7406,42239.27,201169.373
300780.SZ,20240606,13.02,13.26,12.08,12.28,13.35,-1.07,-8.015,78281.0,98188.082
300781.SZ,20240606,43.1,43.36,40.28,40.71,42.68,-1.97,-4.6157,69711.01,287302.435
300782.SZ,20240606,89.9,90.6,86.93,87.15,89.4,-2.25,-2.5168,90537.77,803818.055
300783.SZ,20240606,24.18,24.39,23.5,23.73,24.16,-0.43,-1.7798,61564.29,146535.869
300785.SZ,20240606,17.82,17.97,16.71,17.05,17.61,-0.56,-3.18,62513.0,107262.638
300786.SZ,20240606,12.13,12.65,11.2,11.37,12.31,-0.94,-7.6361,134978.64,158341.668
300787.SZ,20240606,9.81,12.04,9.81,12.04,10.03,2.01,20.0399,99037.61,116565.935
300788.SZ,20240606,25.46,25.49,24.04,24.46,25.3,-0.84,-3.3202,41606.0,102326.603
300789.SZ,20240606,12.8,13.08,12.29,12.52,12.93,-0.41,-3.1709,23074.23,29228.192
300790.SZ,20240606,13.76,13.88,13.03,13.3,13.74,-0.44,-3.2023,109098.4,145675.704
300791.SZ,20240606,39.21,39.37,38.11,38.45,39.21,-0.76,-1.9383,6379.5,24605.937
300792.SZ,20240606,16.24,16.53,15.64,15.78,16.3,-0.52,-3.1902,41705.44,66478.559
300793.SZ,20240606,13.38,13.5,12.48,12.65,13.5,-0.85,-6.2963,180760.81,234175.703
300795.SZ,20240606,21.51,21.68,20.4,20.63,21.71,-1.08,-4.9747,30868.5,64828.365
300796.SZ,20240606,14.8,14.85,14.45,14.65,14.76,-0.11,-0.7453,39149.16,57232.854
300797.SZ,20240606,9.91,9.97,9.27,9.37,9.85,-0.48,-4.8731,38598.0,36876.585
300798.SZ,20240606,6.66,6.71,6.19,6.28,6.67,-0.39,-5.8471,88781.0,56573.947
300800.SZ,20240606,9.71,9.8,9.13,9.3,9.7,-0.4,-4.1237,31026.4,28912.575
300801.SZ,20240606,14.9,15.18,14.3,14.46,14.9,-0.44,-2.953,33277.0,48809.071
300802.SZ,20240606,15.36,15.63,14.53,14.72,15.41,-0.69,-4.4776,22435.36,33372.527
300803.SZ,20240606,43.1,43.28,41.87,41.97,42.92,-0.95,-2.2134,58197.0,247099.668
300804.SZ,20240606,21.45,21.64,20.01,20.24,21.42,-1.18,-5.5089,9235.82,18943.314
300805.SZ,20240606,6.43,6.49,5.9,6.0,6.41,-0.41,-6.3963,85561.0,52086.095
300806.SZ,20240606,9.48,9.84,9.02,9.13,9.56,-0.43,-4.4979,172263.08,161989.695
300807.SZ,20240606,23.02,23.69,20.35,21.32,24.66,-3.34,-13.5442,56518.11,122303.58
300808.SZ,20240606,15.76,16.0,14.6,15.02,15.82,-0.8,-5.0569,30384.6,46007.594
300809.SZ,20240606,20.46,20.6,19.56,19.82,20.39,-0.57,-2.7955,35961.6,71639.718
300810.SZ,20240606,15.95,16.16,14.31,14.56,15.96,-1.4,-8.7719,36846.5,54967.203
300811.SZ,20240606,58.03,59.5,56.87,57.26,57.8,-0.54,-0.9343,35470.89,206781.794
300812.SZ,20240606,22.25,24.7,22.24,22.57,21.59,0.98,4.5391,110999.8,257547.835
300813.SZ,20240606,17.99,18.07,16.66,16.88,17.98,-1.1,-6.1179,29437.92,50609.866
300814.SZ,20240606,31.8,33.66,31.79,32.48,31.43,1.05,3.3408,146431.72,478170.435
300815.SZ,20240606,12.93,12.97,12.25,12.41,12.83,-0.42,-3.2736,41514.33,51867.291
300816.SZ,20240606,24.49,24.51,22.81,22.9,24.37,-1.47,-6.032,13289.92,31295.306
300817.SZ,20240606,10.85,10.85,9.5,9.54,11.03,-1.49,-13.5086,138139.75,138839.9
300818.SZ,20240606,26.03,27.05,25.25,26.6,26.41,0.19,0.7194,35364.6,92638.898
300819.SZ,20240606,13.17,13.29,12.24,12.31,13.04,-0.73,-5.5982,37760.0,47621.801
300820.SZ,20240606,43.68,44.37,42.3,43.1,43.81,-0.71,-1.6206,32468.76,139297.97
300821.SZ,20240606,7.55,7.65,7.18,7.23,7.54,-0.31,-4.1114,92191.0,67683.721
300822.SZ,20240606,15.61,16.67,14.81,15.92,16.71,-0.79,-4.7277,262331.71,413370.876
300823.SZ,20240606,11.75,12.0,10.95,11.1,12.43,-1.33,-10.6999,87601.05,99787.87
300824.SZ,20240606,7.75,7.8,7.25,7.5,7.75,-0.25,-3.2258,81610.46,61124.602
300825.SZ,20240606,10.8,10.98,10.12,10.22,11.08,-0.86,-7.7617,215596.0,224945.752
300826.SZ,20240606,11.3,11.32,10.43,10.54,11.23,-0.69,-6.1443,45797.9,48982.108
300827.SZ,20240606,27.3,27.48,26.06,26.18,27.43,-1.25,-4.5571,70972.36,189461.793
300828.SZ,20240606,11.05,11.08,10.28,10.47,10.97,-0.5,-4.5579,30585.5,32443.634
300829.SZ,20240606,15.36,15.52,14.45,14.58,15.3,-0.72,-4.7059,40261.58,59596.742
300830.SZ,20240606,5.48,5.57,5.1,5.17,5.51,-0.34,-6.1706,111324.01,58458.042
300831.SZ,20240606,12.2,12.97,11.78,12.93,12.2,0.73,5.9836,269162.66,334958.067
300832.SZ,20240606,75.02,75.61,73.3,74.2,75.27,-1.07,-1.4215,32144.22,238662.439
300833.SZ,20240606,81.0,81.68,79.0,79.67,81.0,-1.33,-1.642,5980.0,47955.837
300834.SZ,20240606,17.6,17.78,17.12,17.16,17.6,-0.44,-2.5,6647.0,11533.685
300835.SZ,20240606,23.98,23.99,22.35,22.51,23.45,-0.94,-4.0085,23608.2,53827.911
300836.SZ,20240606,34.46,35.3,32.61,33.05,34.8,-1.75,-5.0287,20928.2,70402.215
300837.SZ,20240606,22.15,22.25,20.23,20.46,22.02,-1.56,-7.0845,21511.62,45018.68
300838.SZ,20240606,10.31,10.47,9.7,9.88,10.4,-0.52,-5.0,23246.18,23227.294
300839.SZ,20240606,6.91,6.97,6.58,6.64,6.92,-0.28,-4.0462,32536.01,21804.596
300840.SZ,20240606,10.9,10.99,9.8,9.88,10.91,-1.03,-9.4409,133139.0,135532.602
300841.SZ,20240606,56.81,56.97,54.88,55.38,56.78,-1.4,-2.4657,17026.04,94880.675
300842.SZ,20240606,47.05,47.64,45.7,45.87,46.89,-1.02,-2.1753,37086.98,172092.256
300843.SZ,20240606,30.59,30.98,28.0,28.42,30.34,-1.92,-6.3283,160123.71,470428.312
300844.SZ,20240606,23.87,23.95,21.7,22.19,23.7,-1.51,-6.3713,22128.8,49719.742
300845.SZ,20240606,10.11,10.21,9.3,9.46,10.08,-0.62,-6.1508,60297.14,58292.514
300846.SZ,20240606,9.77,9.95,9.04,9.1,9.8,-0.7,-7.1429,152035.0,141658.866
300847.SZ,20240606,15.52,15.56,14.56,14.6,15.54,-0.94,-6.0489,92247.92,137198.902
300848.SZ,20240606,15.97,15.97,15.26,15.4,15.79,-0.39,-2.4699,24826.28,38571.216
300849.SZ,20240606,12.8,12.8,12.51,12.59,12.74,-0.15,-1.1774,16378.57,20693.932
300850.SZ,20240606,17.75,17.88,16.79,16.88,17.74,-0.86,-4.8478,74899.57,128725.264
300851.SZ,20240606,22.5,22.77,21.79,22.4,22.78,-0.38,-1.6681,9283.62,20524.37
300852.SZ,20240606,24.2,27.89,24.2,25.72,24.19,1.53,6.3249,105023.06,274081.289
300853.SZ,20240606,14.78,15.28,14.04,14.07,14.96,-0.89,-5.9492,40729.8,58693.792
300854.SZ,20240606,10.21,10.3,9.32,9.45,10.23,-0.78,-7.6246,33748.55,32702.703
300855.SZ,20240606,26.97,27.28,26.52,26.89,27.09,-0.2,-0.7383,42544.64,114323.97
300856.SZ,20240606,37.26,40.28,37.26,38.68,36.71,1.97,5.3664,101771.09,396685.762
300857.SZ,20240606,57.18,59.06,55.82,56.29,56.71,-0.42,-0.7406,71329.34,409966.589
300858.SZ,20240606,15.15,15.37,14.4,15.0,15.23,-0.23,-1.5102,35171.12,52280.853
300859.SZ,20240606,31.31,31.87,30.55,31.38,31.88,-0.5,-1.5684,79254.01,247101.764
300860.SZ,20240606,22.5,22.63,21.16,21.3,22.41,-1.11,-4.9531,29944.8,64780.222
300861.SZ,20240606,22.15,22.36,21.25,21.42,22.2,-0.78,-3.5135,38044.25,82356.858
300862.SZ,20240606,32.52,33.19,31.2,31.56,32.52,-0.96,-2.952,24813.0,79849.685
300863.SZ,20240606,33.9,35.0,32.26,32.5,34.87,-2.37,-6.7967,21862.33,73800.066
300864.SZ,20240606,19.8,20.01,18.61,20.01,19.75,0.26,1.3165,20209.62,38785.241
300865.SZ,20240606,16.01,16.22,14.54,14.75,16.13,-1.38,-8.5555,16099.0,24331.511
300866.SZ,20240606,69.99,73.31,69.68,72.11,69.35,2.76,3.9798,41694.23,299492.958
300867.SZ,20240606,11.42,11.54,10.74,10.77,11.41,-0.64,-5.6091,38870.0,42739.518
300868.SZ,20240606,14.0,14.59,12.95,13.11,14.07,-0.96,-6.823,29924.13,40593.696
300869.SZ,20240606,14.6,14.69,13.77,13.83,14.6,-0.77,-5.274,35628.45,50202.815
300870.SZ,20240606,44.58,45.21,42.78,42.96,43.98,-1.02,-2.3192,28596.95,125565.656
300871.SZ,20240606,10.84,10.97,10.05,10.21,10.86,-0.65,-5.9853,39418.73,40764.394
300872.SZ,20240606,12.5,12.67,11.85,12.0,12.5,-0.5,-4.0,73462.27,89061.369
300873.SZ,20240606,15.4,15.57,14.78,15.05,15.4,-0.35,-2.2727,43616.52,65539.081
300875.SZ,20240606,22.99,23.43,21.5,21.63,22.75,-1.12,-4.9231,30230.73,67126.635
300876.SZ,20240606,17.5,18.82,16.86,17.09,17.5,-0.41,-2.3429,20562.0,36249.615
300877.SZ,20240606,11.05,11.13,10.19,10.33,11.07,-0.74,-6.6847,24479.71,25646.1
300878.SZ,20240606,15.43,15.59,14.57,14.65,15.51,-0.86,-5.5448,18341.76,27267.374
300879.SZ,20240606,12.46,12.57,11.5,11.81,12.46,-0.65,-5.2167,40145.61,47812.263
300880.SZ,20240606,19.73,20.28,18.95,19.1,19.8,-0.7,-3.5354,87786.33,173465.92
300881.SZ,20240606,25.2,25.59,23.98,24.2,25.36,-1.16,-4.5741,23539.22,57914.87
300882.SZ,20240606,17.7,18.28,17.41,17.71,17.66,0.05,0.2831,137846.19,247069.125
300883.SZ,20240606,4.39,4.43,4.02,4.11,4.37,-0.26,-5.9497,73191.0,30510.83
300884.SZ,20240606,8.3,8.53,7.69,7.79,8.28,-0.49,-5.9179,78964.18,63079.927
300885.SZ,20240606,7.48,7.52,6.8,6.95,7.46,-0.51,-6.8365,63772.1,45070.29
300886.SZ,20240606,16.1,16.12,14.85,15.02,16.1,-1.08,-6.7081,13641.9,20882.569
300887.SZ,20240606,8.25,8.32,7.68,7.8,8.25,-0.45,-5.4545,182514.32,144019.637
300888.SZ,20240606,29.26,29.5,28.5,28.61,29.19,-0.58,-1.987,23498.24,67889.502
300889.SZ,20240606,9.87,10.04,8.96,9.08,9.82,-0.74,-7.5356,43932.0,40863.982
300890.SZ,20240606,29.64,29.88,27.4,27.53,29.64,-2.11,-7.1188,76130.0,216078.299
300891.SZ,20240606,8.43,8.58,7.93,8.07,8.43,-0.36,-4.2705,70079.5,57157.679
300892.SZ,20240606,14.87,14.87,13.3,13.56,14.66,-1.1,-7.5034,19301.0,26563.924
300893.SZ,20240606,29.9,29.9,28.43,28.7,29.47,-0.77,-2.6128,17808.25,51353.388
300894.SZ,20240606,15.33,15.51,14.35,14.47,15.51,-1.04,-6.7054,140599.83,207542.11
300895.SZ,20240606,24.39,24.75,22.73,22.94,24.39,-1.45,-5.9451,36896.41,86322.972
300896.SZ,20240606,205.36,205.88,200.0,200.55,205.39,-4.84,-2.3565,21576.95,436420.836
300897.SZ,20240606,17.7,18.16,16.77,16.91,17.94,-1.03,-5.7414,12105.32,20887.232
300898.SZ,20240606,17.95,17.99,17.0,17.11,17.89,-0.78,-4.36,25281.17,43804.229
300899.SZ,20240606,17.97,18.15,16.86,16.99,18.06,-1.07,-5.9247,23735.6,40910.09
300900.SZ,20240606,27.74,27.88,26.0,26.13,27.88,-1.75,-6.2769,129802.93,344236.411
300901.SZ,20240606,8.4,8.5,7.4,7.62,8.44,-0.82,-9.7156,96532.0,75261.706
300902.SZ,20240606,20.26,20.52,18.83,19.38,20.33,-0.95,-4.6729,45197.41,87842.866
300903.SZ,20240606,6.26,7.46,6.23,7.07,6.22,0.85,13.6656,589925.43,422216.61
300904.SZ,20240606,42.71,43.2,39.0,39.47,42.71,-3.24,-7.586,14858.93,60133.152
300905.SZ,20240606,34.17,34.68,31.88,32.01,34.3,-2.29,-6.6764,130219.16,427424.016
300906.SZ,20240606,22.35,23.46,21.51,22.87,22.25,0.62,2.7865,42952.55,97480.016
300907.SZ,20240606,18.09,18.24,16.63,17.12,18.02,-0.9,-4.9945,24800.0,42826.567
300908.SZ,20240606,29.96,30.28,29.13,29.5,29.98,-0.48,-1.6011,10952.73,32409.011
300909.SZ,20240606,22.24,22.75,21.16,21.3,22.13,-0.83,-3.7506,36382.85,79137.21
300910.SZ,20240606,47.39,48.33,47.0,47.32,47.58,-0.26,-0.5464,11876.9,56622.186
300911.SZ,20240606,25.6,26.03,24.98,25.04,25.57,-0.53,-2.0727,19817.2,50342.474
300912.SZ,20240606,9.72,9.76,8.75,8.79,9.69,-0.9,-9.2879,42378.5,38454.208
300913.SZ,20240606,35.5,36.49,35.2,35.28,35.2,0.08,0.2273,92638.74,331766.834
300915.SZ,20240606,28.64,28.93,27.1,27.27,28.64,-1.37,-4.7835,6799.5,18861.207
300916.SZ,20240606,25.28,25.69,23.91,23.91,25.32,-1.41,-5.5687,39323.5,96120.423
300917.SZ,20240606,37.72,38.81,36.79,37.74,38.17,-0.43,-1.1265,132487.3,499971.544
300918.SZ,20240606,12.2,12.68,11.5,12.0,12.44,-0.44,-3.537,288579.51,345379.466
300919.SZ,20240606,35.29,35.7,34.46,34.63,35.35,-0.72,-2.0368,43341.03,151568.25
300920.SZ,20240606,14.18,14.28,12.82,13.18,14.18,-1.0,-7.0522,28311.0,37906.252
300921.SZ,20240606,16.0,16.38,15.14,15.37,16.13,-0.76,-4.7117,24725.4,38689.626
300922.SZ,20240606,13.92,13.98,12.75,12.76,14.01,-1.25,-8.9222,128358.91,168845.44
300923.SZ,20240606,16.2,16.28,15.12,15.16,16.21,-1.05,-6.4775,11561.69,17998.765
300925.SZ,20240606,10.75,10.81,9.66,9.7,11.03,-1.33,-12.058,376154.36,382666.369
300926.SZ,20240606,19.42,19.55,18.7,18.81,19.35,-0.54,-2.7907,60126.24,114120.395
300927.SZ,20240606,15.88,16.56,14.56,14.66,16.2,-1.54,-9.5062,89964.22,139981.911
300928.SZ,20240606,39.14,40.0,35.89,36.03,39.85,-3.82,-9.5859,45769.05,172465.802
300929.SZ,20240606,7.63,7.69,7.05,7.1,7.63,-0.53,-6.9463,21075.2,15343.556
300930.SZ,20240606,16.68,17.24,15.59,15.85,16.63,-0.78,-4.6903,17618.05,28452.58
300931.SZ,20240606,5.5,5.55,5.0,5.15,5.49,-0.34,-6.1931,62161.0,32454.19
300932.SZ,20240606,9.43,9.65,8.5,8.58,9.55,-0.97,-10.1571,114684.49,103576.095
300933.SZ,20240606,5.67,5.74,5.31,5.35,5.67,-0.32,-5.6437,136359.12,74312.363
300935.SZ,20240606,15.2,15.36,13.96,14.19,15.22,-1.03,-6.7674,18442.8,26571.283
300936.SZ,20240606,34.65,36.76,34.4,35.0,33.98,1.02,3.0018,70246.86,250654.161
300937.SZ,20240606,22.59,22.77,21.19,21.2,22.58,-1.38,-6.1116,17834.0,38731.354
300938.SZ,20240606,22.43,22.66,21.42,22.26,22.72,-0.46,-2.0246,35108.15,76948.362
300939.SZ,20240606,26.86,27.68,25.29,25.65,26.69,-1.04,-3.8966,24808.81,65231.939
300940.SZ,20240606,12.99,13.33,11.4,11.69,13.06,-1.37,-10.49,66414.89,79519.334
300941.SZ,20240606,16.81,16.95,15.55,15.78,16.84,-1.06,-6.2945,57496.86,92248.301
300942.SZ,20240606,6.69,6.82,5.93,6.03,6.64,-0.61,-9.1867,64892.48,39942.224
300943.SZ,20240606,11.31,11.47,10.15,10.28,11.62,-1.34,-11.5318,118608.09,126438.2
300945.SZ,20240606,9.68,9.82,9.2,9.2,9.39,-0.19,-2.0234,134564.25,128629.214
300946.SZ,20240606,22.88,23.09,21.44,21.81,22.87,-1.06,-4.6349,14153.6,31332.065
300947.SZ,20240606,15.18,15.27,14.09,14.4,15.1,-0.7,-4.6358,114566.27,166664.218
300948.SZ,20240606,8.86,8.9,8.05,8.11,8.86,-0.75,-8.465,39729.71,33287.242
300949.SZ,20240606,31.01,31.25,27.82,28.19,31.01,-2.82,-9.0938,14652.0,42242.012
300950.SZ,20240606,15.6,15.74,14.61,14.89,15.6,-0.71,-4.5513,44831.5,67286.405
300951.SZ,20240606,27.85,29.3,27.06,27.09,27.79,-0.7,-2.5189,33176.02,92739.121
300952.SZ,20240606,20.41,20.61,18.48,18.79,20.71,-1.92,-9.2709,62482.03,120491.365
300953.SZ,20240606,60.07,60.67,57.35,57.66,60.1,-2.44,-4.0599,10745.34,63111.974
300955.SZ,20240606,13.3,13.46,12.61,12.7,13.3,-0.6,-4.5113,13634.26,17513.077
300956.SZ,20240606,22.38,23.96,20.84,21.6,23.05,-1.45,-6.2907,308248.84,694621.374
300957.SZ,20240606,53.92,54.37,52.5,52.91,53.71,-0.8,-1.4895,23426.97,124302.76
300958.SZ,20240606,11.15,11.15,10.44,10.55,11.05,-0.5,-4.5249,35615.67,38157.809
300959.SZ,20240606,23.67,24.35,21.88,21.92,23.66,-1.74,-7.3542,8985.9,20211.578
300960.SZ,20240606,15.84,16.3,15.11,15.16,16.06,-0.9,-5.604,22329.29,34517.57
300961.SZ,20240606,7.76,7.85,7.15,7.25,7.78,-0.53,-6.8123,36926.95,27235.134
300962.SZ,20240606,13.12,13.28,12.71,12.81,13.15,-0.34,-2.5856,24354.52,31478.42
300963.SZ,20240606,10.34,10.54,9.45,9.58,10.34,-0.76,-7.3501,66430.83,65452.322
300964.SZ,20240606,29.9,33.5,29.9,31.97,30.2,1.77,5.8609,53304.7,171278.401
300965.SZ,20240606,27.99,28.45,26.9,26.93,27.26,-0.33,-1.2106,10749.0,29761.359
300966.SZ,20240606,17.54,17.76,16.19,16.47,17.54,-1.07,-6.1003,45330.0,76098.466
300967.SZ,20240606,10.13,10.18,9.52,9.62,10.13,-0.51,-5.0346,77405.13,75546.063
300968.SZ,20240606,8.76,9.1,8.2,8.32,8.8,-0.48,-5.4545,136897.0,116891.269
300969.SZ,20240606,81.5,81.5,78.04,78.4,81.5,-3.1,-3.8037,9415.0,74597.198
300970.SZ,20240606,12.54,12.64,11.38,11.6,12.59,-0.99,-7.8634,48718.0,57642.284
300971.SZ,20240606,17.26,17.48,16.0,16.21,17.36,-1.15,-6.6244,41052.32,68193.02
300972.SZ,20240606,23.6,23.92,22.2,22.28,23.7,-1.42,-5.9916,22999.42,52079.921
300973.SZ,20240606,33.52,33.89,31.8,32.22,33.5,-1.28,-3.8209,21863.0,71228.975
300975.SZ,20240606,9.44,9.6,8.96,9.0,9.48,-0.48,-5.0633,369827.24,337903.078
300976.SZ,20240606,40.76,42.25,39.01,39.41,40.97,-1.56,-3.8077,12766.6,51492.597
300977.SZ,20240606,14.33,14.58,13.0,13.02,14.39,-1.37,-9.5205,40911.81,55375.052
300978.SZ,20240606,9.9,9.95,9.19,9.28,9.95,-0.67,-6.7337,53829.0,50753.286
300979.SZ,20240606,67.8,68.35,67.01,67.7,67.9,-0.2,-0.2946,13396.0,90540.435
300980.SZ,20240606,16.6,16.6,15.02,15.15,16.4,-1.25,-7.622,16647.5,25985.644
300981.SZ,20240606,10.8,10.85,10.1,10.23,10.8,-0.57,-5.2778,41142.04,42617.715
300982.SZ,20240606,21.02,21.24,19.23,19.4,21.0,-1.6,-7.619,93570.62,186953.892
300983.SZ,20240606,15.89,15.97,14.8,14.91,15.93,-1.02,-6.403,11247.72,17055.954
300984.SZ,20240606,20.68,20.88,19.29,19.31,20.89,-1.58,-7.5634,7646.0,15158.803
300985.SZ,20240606,23.29,23.58,22.18,22.31,23.29,-0.98,-4.2078,17443.84,39588.403
300986.SZ,20240606,7.22,7.31,6.73,6.87,7.22,-0.35,-4.8476,41854.86,28988.945
300987.SZ,20240606,12.22,12.4,11.46,11.58,12.29,-0.71,-5.7771,39523.46,46502.716
300988.SZ,20240606,16.45,16.47,15.23,15.43,16.3,-0.87,-5.3374,50149.24,78644.218
300989.SZ,20240606,12.27,12.5,11.6,11.64,12.65,-1.01,-7.9842,64793.8,77476.12
300990.SZ,20240606,30.0,31.09,29.14,29.41,30.54,-1.13,-3.7001,24914.84,74583.431
300991.SZ,20240606,16.86,17.09,15.5,15.83,16.52,-0.69,-4.1768,168343.83,275837.552
300992.SZ,20240606,15.21,15.27,14.23,14.28,15.2,-0.92,-6.0526,19082.92,27671.209
300993.SZ,20240606,10.6,11.64,10.56,11.37,10.52,0.85,8.0798,123009.42,137035.869
300994.SZ,20240606,10.6,10.85,9.93,10.07,10.66,-0.59,-5.5347,45608.7,46806.165
300995.SZ,20240606,15.51,15.76,14.3,14.59,15.52,-0.93,-5.9923,20046.18,29731.55
300996.SZ,20240606,14.09,14.18,13.12,13.45,14.01,-0.56,-3.9971,42251.48,56866.551
300997.SZ,20240606,13.51,13.64,12.96,13.13,13.6,-0.47,-3.4559,36683.28,48433.465
300998.SZ,20240606,24.18,24.48,23.3,23.73,23.7,0.03,0.1266,19397.0,46233.618
300999.SZ,20240606,29.81,29.93,29.38,29.5,29.79,-0.29,-0.9735,60129.04,177755.148
301000.SZ,20240606,19.25,19.48,18.48,18.59,19.3,-0.71,-3.6788,44130.64,83078.583
301001.SZ,20240606,16.89,17.12,15.6,15.89,16.9,-1.01,-5.9763,32097.22,51970.02
301002.SZ,20240606,13.88,14.15,12.7,12.85,13.88,-1.03,-7.4207,19733.6,26136.552
301003.SZ,20240606,22.4,22.58,20.6,20.96,22.4,-1.44,-6.4286,13867.3,29515.448
301004.SZ,20240606,78.8,81.2,77.95,79.44,78.64,0.8,1.0173,8767.0,70182.26
301005.SZ,20240606,33.0,33.98,30.42,30.79,33.25,-2.46,-7.3985,70121.49,222140.22
301006.SZ,20240606,12.06,12.18,11.41,11.53,12.06,-0.53,-4.3947,11413.0,13349.176
301007.SZ,20240606,11.91,11.98,10.99,11.14,11.9,-0.76,-6.3866,73128.01,82789.489
301008.SZ,20240606,25.52,25.78,23.08,23.38,25.49,-2.11,-8.2778,20115.0,48491.802
301009.SZ,20240606,7.89,8.05,7.24,7.36,7.9,-0.54,-6.8354,33533.61,25108.535
301010.SZ,20240606,11.76,11.85,10.66,10.88,11.67,-0.79,-6.7695,26358.0,29245.176
301011.SZ,20240606,15.65,15.86,14.72,14.82,15.77,-0.95,-6.0241,21489.23,32362.86
301012.SZ,20240606,26.14,26.7,24.99,25.22,26.47,-1.25,-4.7223,140721.15,359816.943
301013.SZ,20240606,10.23,10.57,9.75,9.85,10.25,-0.4,-3.9024,80899.5,81719.914
301015.SZ,20240606,30.83,31.29,30.38,30.61,30.8,-0.19,-0.6169,14312.05,44026.282
301016.SZ,20240606,17.5,17.57,16.02,16.26,17.4,-1.14,-6.5517,37488.0,62228.467
301017.SZ,20240606,11.73,11.95,11.11,11.2,11.83,-0.63,-5.3254,50534.78,57744.173
301018.SZ,20240606,20.41,20.54,19.1,19.32,20.24,-0.92,-4.5455,43169.73,84511.693
301019.SZ,20240606,20.1,20.31,18.63,18.84,20.04,-1.2,-5.988,17580.5,33862.239
301020.SZ,20240606,16.19,16.35,15.0,15.26,16.2,-0.94,-5.8025,16253.94,25089.833
301021.SZ,20240606,16.01,16.45,14.7,14.97,15.98,-1.01,-6.3204,37038.02,57052.171
301022.SZ,20240606,19.75,20.19,18.57,18.89,19.98,-1.09,-5.4555,31057.19,59539.223
301023.SZ,20240606,28.82,29.18,27.3,27.6,28.9,-1.3,-4.4983,9780.19,27322.84
301024.SZ,20240606,18.57,18.77,17.23,17.51,18.67,-1.16,-6.2132,12855.0,22948.79
301025.SZ,20240606,9.35,9.39,8.62,8.71,9.24,-0.53,-5.7359,98818.68,87436.551
301026.SZ,20240606,24.7,26.29,24.61,25.5,24.53,0.97,3.9543,24401.0,62145.21
301027.SZ,20240606,7.21,7.23,6.53,6.62,7.15,-0.53,-7.4126,51917.0,35179.683
301028.SZ,20240606,8.78,8.87,8.22,8.29,8.77,-0.48,-5.4732,52744.0,44510.652
301029.SZ,20240606,22.13,22.34,21.18,21.28,22.09,-0.81,-3.6668,48457.3,104463.855
301030.SZ,20240606,33.15,33.53,30.9,30.99,33.1,-2.11,-6.3746,67777.92,215107.889
301031.SZ,20240606,87.65,91.95,86.15,88.56,87.69,0.87,0.9921,16394.61,145742.075
301032.SZ,20240606,6.8,6.85,6.15,6.28,6.8,-0.52,-7.6471,59803.47,38100.011
301033.SZ,20240606,40.63,40.9,38.88,39.39,40.63,-1.24,-3.0519,8337.38,33007.457
301035.SZ,20240606,51.0,51.17,49.96,50.01,50.51,-0.5,-0.9899,8207.0,41222.496
301036.SZ,20240606,18.54,19.27,18.1,18.26,18.45,-0.19,-1.0298,50736.55,94836.933
301037.SZ,20240606,12.5,12.76,11.34,11.48,12.28,-0.8,-6.5147,23559.8,28180.113
301038.SZ,20240606,13.98,14.08,12.94,13.01,13.82,-0.81,-5.8611,32438.67,43156.32
301039.SZ,20240606,9.23,9.33,9.08,9.16,9.23,-0.07,-0.7584,163243.49,150003.432
301040.SZ,20240606,10.57,10.61,9.43,9.64,10.44,-0.8,-7.6628,34988.0,34405.086
301041.SZ,20240606,26.0,28.96,26.0,28.96,24.13,4.83,20.0166,85943.38,247339.842
301042.SZ,20240606,35.34,37.87,34.6,36.24,35.63,0.61,1.712,41704.79,150769.631
301043.SZ,20240606,23.99,24.06,22.27,22.63,24.0,-1.37,-5.7083,10165.0,23410.707
301045.SZ,20240606,18.6,19.28,17.35,17.57,18.61,-1.04,-5.5884,30138.0,54798.705
301046.SZ,20240606,20.33,20.85,19.57,19.6,20.64,-1.04,-5.0388,28108.95,56299.199
301047.SZ,20240606,67.74,68.18,63.82,64.2,67.73,-3.53,-5.2119,11873.24,77371.606
301048.SZ,20240606,9.05,9.28,8.98,9.17,9.01,0.16,1.7758,64604.0,58994.077
301049.SZ,20240606,19.26,19.85,17.73,17.95,18.93,-0.98,-5.177,48958.9,90095.062
301050.SZ,20240606,50.29,50.88,47.86,48.02,50.5,-2.48,-4.9109,58229.11,284955.632
301051.SZ,20240606,26.2,26.65,24.92,25.1,26.2,-1.1,-4.1985,15249.7,38800.382
301052.SZ,20240606,21.38,21.45,19.4,19.7,21.13,-1.43,-6.7676,67084.37,134481.698
301053.SZ,20240606,19.12,19.12,17.6,17.83,18.93,-1.1,-5.8109,15180.95,27530.256
301055.SZ,20240606,10.92,11.03,10.09,10.27,10.92,-0.65,-5.9524,20439.54,21335.738
301056.SZ,20240606,8.0,8.08,7.25,7.39,7.95,-0.56,-7.044,49417.75,37113.905
301057.SZ,20240606,11.61,11.69,10.67,10.9,11.61,-0.71,-6.1154,27578.18,30471.403
301058.SZ,20240606,10.15,10.2,9.48,9.52,10.2,-0.68,-6.6667,164896.36,160456.264
301059.SZ,20240606,8.82,9.15,8.55,8.98,8.82,0.16,1.8141,32344.2,28556.298
301060.SZ,20240606,9.46,9.5,8.7,8.77,9.32,-0.55,-5.9013,55419.48,49525.269
301061.SZ,20240606,44.83,45.77,43.77,45.46,45.07,0.39,0.8653,20355.66,91463.878
301062.SZ,20240606,10.49,10.52,9.68,9.77,10.5,-0.73,-6.9524,60972.92,60514.638
301063.SZ,20240606,14.5,14.65,13.55,13.75,14.5,-0.75,-5.1724,22952.0,32025.26
301065.SZ,20240606,16.61,16.83,15.43,15.83,16.61,-0.78,-4.696,12461.0,19813.759
301066.SZ,20240606,8.89,8.99,8.07,8.24,8.89,-0.65,-7.3116,41544.27,34835.461
301067.SZ,20240606,18.3,18.67,16.91,17.19,18.31,-1.12,-6.1169,26197.8,45747.214
301068.SZ,20240606,22.18,22.38,21.26,21.72,22.12,-0.4,-1.8083,3430.05,7442.104
301069.SZ,20240606,14.9,15.26,13.9,14.08,14.96,-0.88,-5.8824,49902.38,71542.986
301070.SZ,20240606,44.24,44.89,40.8,40.93,44.2,-3.27,-7.3982,12611.0,53271.016
301071.SZ,20240606,29.8,30.07,28.52,28.71,29.68,-0.97,-3.2682,40545.19,117932.814
301072.SZ,20240606,19.04,19.29,17.83,18.05,19.18,-1.13,-5.8916,19692.07,36064.079
301073.SZ,20240606,19.81,20.15,19.05,19.31,19.95,-0.64,-3.208,60750.91,117762.256
301075.SZ,20240606,16.5,16.8,15.02,15.35,16.46,-1.11,-6.7436,15315.0,23844.177
301076.SZ,20240606,19.99,20.0,18.51,18.72,19.83,-1.11,-5.5976,46688.86,88929.887
301077.SZ,20240606,18.68,18.95,17.01,17.27,18.64,-1.37,-7.3498,35227.77,62283.743
301078.SZ,20240606,5.85,5.88,5.53,5.58,5.77,-0.19,-3.2929,98425.68,55608.835
301079.SZ,20240606,12.5,12.65,10.75,11.13,12.64,-1.51,-11.9462,101378.95,116485.782
301080.SZ,20240606,38.68,39.0,36.52,36.77,38.7,-1.93,-4.9871,28433.67,106234.887
301081.SZ,20240606,8.06,8.37,7.09,7.17,7.69,-0.52,-6.762,53191.2,40058.088
301082.SZ,20240606,10.54,10.7,9.37,9.53,10.76,-1.23,-11.4312,113068.33,113790.913
301083.SZ,20240606,14.78,14.8,12.44,12.58,15.37,-2.79,-18.1522,158437.14,213511.766
301085.SZ,20240606,42.84,43.0,40.46,40.69,42.51,-1.82,-4.2813,21698.29,89794.302
301086.SZ,20240606,35.61,36.99,32.41,32.65,35.95,-3.3,-9.1794,34102.48,116923.089
301087.SZ,20240606,36.85,36.85,35.35,35.41,36.35,-0.94,-2.586,7102.3,25486.676
301088.SZ,20240606,11.5,11.6,10.91,10.98,11.48,-0.5,-4.3554,11206.0,12474.304
301089.SZ,20240606,33.2,33.45,31.31,31.47,33.15,-1.68,-5.0679,35718.09,114563.13
301090.SZ,20240606,7.93,8.04,7.61,7.69,7.97,-0.28,-3.5132,45154.31,34970.634
301091.SZ,20240606,27.13,27.56,25.6,25.77,27.62,-1.85,-6.698,167833.23,440005.439
301092.SZ,20240606,24.1,24.7,22.5,22.8,24.04,-1.24,-5.1581,22798.94,52727.401
301093.SZ,20240606,21.69,21.72,20.8,20.88,21.56,-0.68,-3.154,12497.55,26361.889
301095.SZ,20240606,49.49,50.43,45.78,45.96,49.35,-3.39,-6.8693,64824.4,306673.245
301096.SZ,20240606,62.43,62.43,60.0,60.13,62.1,-1.97,-3.1723,10206.28,62087.66
301097.SZ,20240606,39.9,40.26,38.0,38.2,39.83,-1.63,-4.0924,3865.0,14968.744
301098.SZ,20240606,7.65,7.72,7.03,7.14,7.68,-0.54,-7.0313,32100.5,23368.848
301099.SZ,20240606,41.0,42.58,40.0,40.46,40.41,0.05,0.1237,48933.17,202318.942
301100.SZ,20240606,13.62,14.02,12.73,12.91,13.72,-0.81,-5.9038,20452.94,26962.53
301101.SZ,20240606,24.25,24.38,23.33,23.5,24.19,-0.69,-2.8524,13933.5,33003.402
301102.SZ,20240606,12.46,12.65,11.6,11.67,12.46,-0.79,-6.3403,35093.37,41762.095
301103.SZ,20240606,23.13,23.26,21.92,22.06,23.12,-1.06,-4.5848,14653.73,32747.145
301105.SZ,20240606,24.95,25.38,23.11,23.28,24.95,-1.67,-6.6934,6795.46,16248.735
301106.SZ,20240606,32.19,33.48,30.9,31.42,32.42,-1.0,-3.0845,59474.88,190307.251
301107.SZ,20240606,23.23,23.4,21.65,22.2,23.22,-1.02,-4.3928,10347.0,23133.082
301108.SZ,20240606,26.54,26.73,25.7,25.85,26.72,-0.87,-3.256,5702.04,14903.97
301109.SZ,20240606,16.13,16.21,15.43,15.52,16.08,-0.56,-3.4826,26913.02,42357.465
301110.SZ,20240606,27.98,28.3,26.5,27.13,28.25,-1.12,-3.9646,14809.15,40354.286
301111.SZ,20240606,14.68,14.75,13.5,13.69,14.51,-0.82,-5.6513,33628.0,46939.478
301112.SZ,20240606,19.68,19.85,17.6,17.98,19.46,-1.48,-7.6053,22152.8,40446.601
301113.SZ,20240606,19.35,19.58,17.7,17.9,19.34,-1.44,-7.4457,10497.0,19301.923
301115.SZ,20240606,15.3,15.43,14.73,14.73,15.3,-0.57,-3.7255,13588.25,20302.609
301116.SZ,20240606,9.51,9.58,8.88,8.94,9.51,-0.57,-5.9937,45903.0,41951.913
301117.SZ,20240606,28.38,28.66,25.67,25.94,28.24,-2.3,-8.1445,35685.0,95052.326
301118.SZ,20240606,15.57,15.96,14.36,14.6,15.57,-0.97,-6.2299,34903.43,51978.058
301119.SZ,20240606,18.28,18.54,16.87,17.07,18.34,-1.27,-6.9248,21101.78,36708.786
301120.SZ,20240606,9.21,9.35,8.74,8.74,9.3,-0.56,-6.0215,72185.5,64820.756
301121.SZ,20240606,40.79,41.29,38.5,39.09,40.27,-1.18,-2.9302,37346.12,149055.495
301122.SZ,20240606,20.69,20.73,19.08,19.31,20.48,-1.17,-5.7129,18031.7,35535.848
301123.SZ,20240606,17.86,18.35,16.6,16.77,17.64,-0.87,-4.932,101451.83,176403.944
301125.SZ,20240606,11.86,12.1,10.8,11.04,11.95,-0.91,-7.6151,29744.64,33525.54
301126.SZ,20240606,9.6,9.66,8.61,8.74,9.61,-0.87,-9.0531,100154.58,90504.695
301127.SZ,20240606,11.76,11.81,11.05,11.19,11.78,-0.59,-5.0085,115651.73,131372.222
301128.SZ,20240606,37.45,38.37,35.1,35.35,37.33,-1.98,-5.304,30855.07,111889.596
301129.SZ,20240606,20.0,20.82,18.1,18.3,20.02,-1.72,-8.5914,116500.36,223299.516
301130.SZ,20240606,24.65,24.65,23.0,23.5,24.43,-0.93,-3.8068,7370.5,17461.954
301131.SZ,20240606,38.0,38.03,34.44,34.78,37.52,-2.74,-7.3028,22682.94,81021.219
301132.SZ,20240606,22.66,26.5,22.51,23.4,23.07,0.33,1.4304,174150.82,418760.897
301133.SZ,20240606,21.57,21.8,19.69,19.91,21.32,-1.41,-6.6135,20204.97,41102.066
301135.SZ,20240606,19.0,19.6,17.4,17.63,18.75,-1.12,-5.9733,29661.91,54217.628
301136.SZ,20240606,12.14,12.26,10.5,10.56,12.38,-1.82,-14.7011,255032.01,285804.101
301137.SZ,20240606,14.45,15.09,13.45,13.69,14.38,-0.69,-4.7983,46261.84,65874.751
301138.SZ,20240606,22.55,22.67,21.0,21.32,22.55,-1.23,-5.4545,15440.11,33328.407
301139.SZ,20240606,21.05,21.33,19.56,19.72,20.92,-1.2,-5.7361,40752.34,82111.835
301141.SZ,20240606,30.6,30.77,28.9,28.9,29.6,-0.7,-2.3649,31779.88,94298.898
301148.SZ,20240606,16.71,16.83,15.48,15.64,16.61,-0.97,-5.8399,16412.0,26167.248
301149.SZ,20240606,9.74,9.97,9.2,9.33,9.73,-0.4,-4.111,41980.13,39704.838
301150.SZ,20240606,18.0,18.23,17.17,17.18,18.05,-0.87,-4.8199,21408.94,37634.402
301151.SZ,20240606,14.41,14.64,13.81,13.85,14.38,-0.53,-3.6857,26262.0,36889.93
301152.SZ,20240606,23.0,23.2,20.7,20.9,22.74,-1.84,-8.0915,35791.68,76957.845
301153.SZ,20240606,27.59,27.88,26.5,26.55,27.6,-1.05,-3.8043,36669.02,98464.749
301155.SZ,20240606,47.43,48.16,45.64,45.92,47.9,-1.98,-4.1336,17907.83,83134.329
301156.SZ,20240606,12.89,12.99,12.17,12.31,12.86,-0.55,-4.2768,30688.58,38243.311
301157.SZ,20240606,32.52,32.52,29.87,30.34,32.17,-1.83,-5.6885,9009.98,27903.989
301158.SZ,20240606,12.98,13.05,12.19,12.2,12.9,-0.7,-5.4264,23738.42,29569.229
301159.SZ,20240606,26.49,26.68,23.89,24.02,26.35,-2.33,-8.8425,32443.03,80430.857
301160.SZ,20240606,38.0,38.95,37.28,37.6,38.27,-0.67,-1.7507,11022.0,41949.337
301161.SZ,20240606,15.22,15.45,14.08,14.87,15.22,-0.35,-2.2996,21784.28,31839.751
301162.SZ,20240606,47.5,48.29,45.6,46.5,47.6,-1.1,-2.3109,36710.48,172634.03
301163.SZ,20240606,20.25,20.42,18.68,18.94,20.18,-1.24,-6.1447,29535.77,57298.128
301165.SZ,20240606,32.02,32.48,30.51,30.61,31.88,-1.27,-3.9837,34450.11,107844.574
301166.SZ,20240606,27.98,28.22,26.7,26.9,27.98,-1.08,-3.8599,7239.0,19688.188
301167.SZ,20240606,11.99,12.29,11.13,11.23,12.09,-0.86,-7.1133,34377.0,39671.411
301168.SZ,20240606,31.3,32.1,29.33,29.45,31.5,-2.05,-6.5079,33415.61,101303.166
301169.SZ,20240606,27.92,28.45,25.7,25.89,27.92,-2.03,-7.2708,23721.63,62723.694
301170.SZ,20240606,23.48,23.53,21.85,22.0,23.22,-1.22,-5.2541,13915.71,31391.403
301171.SZ,20240606,15.06,15.29,14.38,14.5,15.08,-0.58,-3.8462,96392.0,141398.516
301172.SZ,20240606,29.78,29.99,27.52,27.86,29.48,-1.62,-5.4953,28010.4,79489.411
301175.SZ,20240606,4.67,4.72,4.5,4.52,4.7,-0.18,-3.8298,157275.0,72184.609
301176.SZ,20240606,19.62,22.56,19.45,22.56,18.8,3.76,20.0,248852.33,528001.988
301177.SZ,20240606,21.78,21.94,20.23,20.3,21.69,-1.39,-6.4085,18283.0,38000.804
301178.SZ,20240606,18.03,18.39,16.68,16.98,18.18,-1.2,-6.6007,24584.46,42428.867
301179.SZ,20240606,19.5,19.83,18.0,18.32,19.56,-1.24,-6.3395,113284.84,214088.365
301180.SZ,20240606,14.48,14.83,12.78,12.89,14.85,-1.96,-13.1987,121182.69,167339.748
301181.SZ,20240606,19.42,19.49,18.49,18.61,19.49,-0.88,-4.5151,16417.24,30980.218
301182.SZ,20240606,15.1,16.06,14.13,14.44,15.19,-0.75,-4.9375,42534.0,62876.926
301183.SZ,20240606,38.0,38.8,35.89,35.97,37.5,-1.53,-4.08,39398.85,146203.319
301185.SZ,20240606,14.68,14.84,13.56,13.73,14.64,-0.91,-6.2158,48968.51,68380.335
301186.SZ,20240606,32.01,32.34,29.8,29.85,32.0,-2.15,-6.7188,11322.0,34721.025
301187.SZ,20240606,20.42,20.83,19.1,19.22,20.7,-1.48,-7.1498,43227.97,85365.661
301188.SZ,20240606,16.61,16.75,15.93,16.04,16.67,-0.63,-3.7792,25133.0,40698.735
301189.SZ,20240606,19.83,20.93,18.88,19.11,19.83,-0.72,-3.6309,14596.97,28897.87
301190.SZ,20240606,15.27,15.61,15.0,15.3,15.27,0.03,0.1965,8131.1,12359.72
301191.SZ,20240606,72.2,72.28,68.74,68.95,70.8,-1.85,-2.613,21198.0,149821.476
301192.SZ,20240606,17.6,17.65,15.71,15.95,17.4,-1.45,-8.3333,31918.98,53144.834
301193.SZ,20240606,17.59,17.77,17.05,17.21,17.71,-0.5,-2.8233,14941.4,25883.634
301195.SZ,20240606,32.3,32.5,30.45,30.65,33.24,-2.59,-7.7918,22933.49,72001.272
301196.SZ,20240606,28.33,28.61,27.18,27.28,28.47,-1.19,-4.1798,7500.16,20741.246
301197.SZ,20240606,11.92,12.17,11.08,11.2,11.98,-0.78,-6.5109,27423.93,31210.951
301198.SZ,20240606,7.86,7.95,7.13,7.27,7.82,-0.55,-7.0332,45055.55,33409.193
301199.SZ,20240606,23.4,23.61,21.99,22.21,23.44,-1.23,-5.2474,32291.0,73068.474
301200.SZ,20240606,32.84,33.32,31.73,31.78,32.89,-1.11,-3.3749,9630.69,31052.517
301201.SZ,20240606,18.88,19.0,17.75,17.82,18.88,-1.06,-5.6144,23612.68,43018.971
301202.SZ,20240606,29.58,29.7,27.9,28.3,29.0,-0.7,-2.4138,29709.0,85050.582
301203.SZ,20240606,29.0,29.49,27.89,27.89,29.08,-1.19,-4.0922,6458.35,18306.454
301205.SZ,20240606,68.21,69.3,64.7,64.7,67.57,-2.87,-4.2474,31297.51,208404.145
301206.SZ,20240606,26.9,27.11,24.96,25.21,26.65,-1.44,-5.4034,15981.0,41110.049
301207.SZ,20240606,18.5,18.68,17.8,17.95,18.47,-0.52,-2.8154,30305.81,54871.812
301208.SZ,20240606,22.96,23.33,21.54,21.73,22.96,-1.23,-5.3571,18256.6,40560.504
301209.SZ,20240606,22.66,23.09,20.88,21.47,22.61,-1.14,-5.042,34784.99,75483.51
301210.SZ,20240606,31.68,31.85,29.96,30.0,31.67,-1.67,-5.2731,8070.0,24692.472
301211.SZ,20240606,15.68,15.8,14.88,14.95,15.67,-0.72,-4.5948,29715.43,45131.012
301212.SZ,20240606,21.5,21.65,19.66,19.96,21.25,-1.29,-6.0706,19164.74,39176.568
301213.SZ,20240606,26.03,26.4,24.24,24.7,26.28,-1.58,-6.0122,28684.57,71767.877
301215.SZ,20240606,5.93,6.11,5.4,5.41,5.93,-0.52,-8.769,684898.34,388403.776
301216.SZ,20240606,11.57,11.68,11.16,11.23,11.55,-0.32,-2.7706,33196.53,37733.504
301217.SZ,20240606,10.19,10.62,9.72,9.76,10.27,-0.51,-4.9659,87774.71,88602.033
301218.SZ,20240606,19.95,19.95,18.33,18.55,19.66,-1.11,-5.646,30456.4,57258.727
301219.SZ,20240606,41.55,42.06,40.09,40.29,41.22,-0.93,-2.2562,35905.04,146744.062
301220.SZ,20240606,26.01,26.23,25.04,25.23,26.0,-0.77,-2.9615,8884.54,22733.024
301221.SZ,20240606,36.27,36.95,32.3,32.43,37.92,-5.49,-14.4778,68138.19,233421.166
301222.SZ,20240606,22.93,23.19,21.39,21.54,23.09,-1.55,-6.7129,15227.47,33534.287
301223.SZ,20240606,14.39,14.39,13.69,13.77,14.23,-0.46,-3.2326,9650.21,13465.327
301225.SZ,20240606,25.52,25.71,24.16,24.2,25.55,-1.35,-5.2838,15208.42,37446.551
301226.SZ,20240606,15.24,15.49,13.96,14.09,15.13,-1.04,-6.8738,21189.22,30537.474
301227.SZ,20240606,21.3,21.3,20.01,20.02,21.01,-0.99,-4.712,14230.76,28882.166
301228.SZ,20240606,9.61,9.83,8.73,8.88,9.61,-0.73,-7.5963,42957.22,38851.267
301229.SZ,20240606,23.38,23.98,22.48,22.67,23.6,-0.93,-3.9407,20317.2,46651.461
301230.SZ,20240606,31.84,32.24,29.51,29.57,31.83,-2.26,-7.1002,50188.33,152521.853
301231.SZ,20240606,15.21,15.33,13.8,14.11,15.21,-1.1,-7.2321,33657.18,48183.763
301232.SZ,20240606,29.47,29.61,26.1,28.2,30.71,-2.51,-8.1732,41749.42,116778.638
301233.SZ,20240606,37.53,37.99,35.71,36.01,37.52,-1.51,-4.0245,21566.0,78535.495
301234.SZ,20240606,21.56,21.85,19.91,20.18,21.65,-1.47,-6.7898,16213.0,33398.795
301235.SZ,20240606,18.55,18.55,17.51,17.6,18.13,-0.53,-2.9233,11157.91,19893.924
301236.SZ,20240606,39.09,40.1,38.46,38.67,38.97,-0.3,-0.7698,348860.97,1365093.155
301237.SZ,20240606,20.3,20.68,19.18,19.4,20.3,-0.9,-4.4335,7790.62,15305.101
301238.SZ,20240606,16.87,16.99,16.0,16.08,16.88,-0.8,-4.7393,112720.8,183795.842
301239.SZ,20240606,42.6,42.9,40.12,40.54,42.63,-2.09,-4.9027,29625.0,121617.421
301246.SZ,20240606,14.46,14.63,13.82,13.86,14.46,-0.6,-4.1494,43403.86,61003.147
301248.SZ,20240606,13.28,13.37,12.16,12.48,13.17,-0.69,-5.2392,63598.5,80262.241
301251.SZ,20240606,29.5,33.82,29.5,33.82,28.18,5.64,20.0142,186684.37,622240.681
301252.SZ,20240606,31.41,31.8,29.43,29.48,31.88,-2.4,-7.5282,56290.42,171385.349
301255.SZ,20240606,33.94,34.6,32.56,33.79,34.99,-1.2,-3.4296,57483.75,191964.189
301256.SZ,20240606,6.43,6.49,6.04,6.12,6.41,-0.29,-4.5242,31570.0,19557.207
301257.SZ,20240606,30.98,30.99,29.2,29.32,30.68,-1.36,-4.4329,11336.0,33664.165
301258.SZ,20240606,27.75,28.15,25.76,26.16,27.75,-1.59,-5.7297,41924.86,111723.35
301259.SZ,20240606,21.4,21.51,20.33,21.0,21.3,-0.3,-1.4085,19651.88,41005.638
301260.SZ,20240606,14.52,14.74,13.62,13.81,14.61,-0.8,-5.4757,71841.0,99943.963
301261.SZ,20240606,37.01,37.45,35.2,35.7,36.92,-1.22,-3.3044,11267.37,40636.021
301262.SZ,20240606,24.06,24.29,22.49,22.72,23.86,-1.14,-4.7779,31782.04,73358.306
301263.SZ,20240606,13.35,13.35,12.55,12.62,13.27,-0.65,-4.8983,59597.8,76425.102
301265.SZ,20240606,8.57,8.58,8.01,8.04,8.46,-0.42,-4.9645,30711.24,25118.265
301266.SZ,20240606,36.3,36.63,33.3,33.8,36.02,-2.22,-6.1632,44245.0,153647.723
301267.SZ,20240606,24.78,25.13,23.73,23.83,24.97,-1.14,-4.5655,55735.26,134355.515
301268.SZ,20240606,17.07,17.33,16.08,16.23,17.11,-0.88,-5.1432,20476.66,33786.56
301269.SZ,20240606,81.51,82.18,79.53,80.0,81.4,-1.4,-1.7199,24534.58,197824.196
301270.SZ,20240606,23.75,23.88,21.95,22.3,23.67,-1.37,-5.7879,25255.0,56968.454
301272.SZ,20240606,37.69,38.16,35.96,36.04,38.0,-1.96,-5.1579,9050.71,33207.33
301273.SZ,20240606,15.77,16.18,14.33,14.58,15.88,-1.3,-8.1864,11942.82,17873.065
301276.SZ,20240606,22.74,22.74,21.04,21.19,22.71,-1.52,-6.6931,9902.65,21379.61
301277.SZ,20240606,13.85,14.0,13.2,13.34,13.89,-0.55,-3.9597,67374.1,90652.795
301278.SZ,20240606,37.09,37.44,34.5,34.88,36.84,-1.96,-5.3203,18372.94,65681.431
301279.SZ,20240606,16.29,16.48,15.63,15.9,16.4,-0.5,-3.0488,13919.75,22178.203
301280.SZ,20240606,39.32,39.97,37.56,37.68,39.02,-1.34,-3.4341,16754.08,64219.712
301281.SZ,20240606,23.45,23.72,22.0,22.22,23.45,-1.23,-5.2452,17870.77,40466.486
301282.SZ,20240606,18.8,19.98,18.56,19.17,18.33,0.84,4.5827,145119.09,280150.109
301283.SZ,20240606,31.0,31.25,29.11,29.44,30.91,-1.47,-4.7557,14119.24,42239.101
301285.SZ,20240606,22.53,23.1,21.91,22.4,22.52,-0.12,-0.5329,35189.0,79312.635
301286.SZ,20240606,29.5,30.29,29.0,29.51,30.1,-0.59,-1.9601,5959.0,17605.037
301287.SZ,20240606,25.1,25.3,23.73,24.08,25.06,-0.98,-3.9106,6900.0,16819.603
301288.SZ,20240606,11.17,11.22,10.33,10.45,11.21,-0.76,-6.7797,20488.8,21712.21
301289.SZ,20240606,43.77,43.87,41.1,41.4,43.71,-2.31,-5.2848,29435.18,124396.62
301290.SZ,20240606,20.9,21.19,19.58,19.76,20.99,-1.23,-5.8599,13954.5,27952.397
301291.SZ,20240606,34.78,35.35,33.66,33.85,35.11,-1.26,-3.5887,77475.7,266717.761
301292.SZ,20240606,13.21,13.32,12.3,12.48,13.2,-0.72,-5.4545,22018.0,28024.173
301293.SZ,20240606,53.46,54.08,51.33,51.62,53.6,-1.98,-3.694,32560.78,170676.407
301295.SZ,20240606,17.9,18.06,16.58,16.9,17.85,-0.95,-5.3221,27314.01,46878.348
301296.SZ,20240606,8.04,8.15,7.55,7.65,8.06,-0.41,-5.0868,33612.84,26131.655
301297.SZ,20240606,21.65,22.5,21.12,22.24,21.52,0.72,3.3457,226336.01,498466.189
301298.SZ,20240606,12.8,12.87,11.81,11.96,12.79,-0.83,-6.4894,23045.74,28191.06
301299.SZ,20240606,44.3,45.08,42.75,42.9,44.21,-1.31,-2.9631,13075.0,56984.698
301300.SZ,20240606,21.59,21.74,19.72,20.02,21.53,-1.51,-7.0135,9787.98,20036.527
301301.SZ,20240606,13.6,13.8,13.19,13.26,13.61,-0.35,-2.5716,541365.14,727941.737
301302.SZ,20240606,18.0,18.3,16.76,16.91,18.06,-1.15,-6.3677,42660.49,73777.81
301303.SZ,20240606,17.51,17.74,16.8,16.94,17.66,-0.72,-4.077,22933.88,39274.802
301305.SZ,20240606,16.66,16.75,15.73,15.93,16.8,-0.87,-5.1786,37085.49,60369.318
301306.SZ,20240606,49.5,53.6,46.29,51.49,50.53,0.96,1.8999,170664.21,847634.574
301307.SZ,20240606,20.5,22.46,20.49,21.97,20.28,1.69,8.3333,104340.5,225489.41
301308.SZ,20240606,92.18,93.19,90.52,90.99,91.24,-0.25,-0.274,63747.77,585447.384
301309.SZ,20240606,26.65,26.89,24.16,24.56,26.6,-2.04,-7.6692,10562.71,26558.61
301310.SZ,20240606,36.06,36.53,34.0,34.03,35.6,-1.57,-4.4101,15558.81,55307.342
301311.SZ,20240606,18.33,18.38,17.38,17.47,18.37,-0.9,-4.8993,37904.47,67203.46
301312.SZ,20240606,35.1,38.0,34.51,35.7,35.04,0.66,1.8836,28844.3,103156.725
301313.SZ,20240606,20.64,21.02,18.84,19.3,20.62,-1.32,-6.4016,45886.0,89936.001
301314.SZ,20240606,28.45,29.28,26.62,26.99,28.33,-1.34,-4.73,8205.32,22714.299
301315.SZ,20240606,47.59,48.5,45.3,45.9,48.1,-2.2,-4.5738,21898.65,102326.977
301316.SZ,20240606,15.5,15.61,14.63,14.74,15.41,-0.67,-4.3478,47725.31,71338.498
301317.SZ,20240606,16.41,16.41,15.3,15.61,16.28,-0.67,-4.1155,5021.0,7925.082
301318.SZ,20240606,28.01,28.4,26.51,26.72,28.01,-1.29,-4.6055,34114.35,92494.264
301319.SZ,20240606,29.99,31.07,28.38,28.65,29.72,-1.07,-3.6003,17270.4,50899.001
301320.SZ,20240606,13.39,13.64,12.7,12.73,13.49,-0.76,-5.6338,21589.87,28014.374
301321.SZ,20240606,12.03,12.35,10.9,11.0,12.0,-1.0,-8.3333,60824.62,69003.864
301322.SZ,20240606,20.78,20.99,19.86,20.0,20.8,-0.8,-3.8462,15402.0,31098.402
301323.SZ,20240606,32.1,32.69,30.02,30.25,32.14,-1.89,-5.8805,14864.07,46067.919
301325.SZ,20240606,49.38,49.6,46.18,46.26,49.11,-2.85,-5.8033,24555.7,116405.201
301326.SZ,20240606,25.83,26.37,24.05,24.46,25.65,-1.19,-4.6394,18872.0,47083.687
301327.SZ,20240606,64.04,64.98,60.85,60.97,64.37,-3.4,-5.282,10190.5,63138.711
301328.SZ,20240606,39.86,41.7,39.86,41.59,39.63,1.96,4.9457,43601.95,178204.474
301329.SZ,20240606,20.28,20.95,19.75,19.88,19.79,0.09,0.4548,144858.3,294416.936
301330.SZ,20240606,22.51,22.56,21.19,21.43,22.4,-0.97,-4.3304,17577.59,38103.299
301331.SZ,20240606,26.03,27.89,26.03,26.79,25.67,1.12,4.3631,23129.64,62438.302
301332.SZ,20240606,9.79,9.99,9.36,9.47,9.81,-0.34,-3.4659,36960.49,35362.091
301333.SZ,20240606,41.68,41.87,39.32,39.81,41.39,-1.58,-3.8173,13184.0,52949.881
301335.SZ,20240606,17.13,17.3,16.03,16.29,17.13,-0.84,-4.9037,8854.88,14608.788
301336.SZ,20240606,30.08,30.34,28.11,28.41,30.09,-1.68,-5.5833,6808.0,19602.269
301337.SZ,20240606,26.5,26.98,24.2,24.46,26.5,-2.04,-7.6981,31487.37,79054.484
301338.SZ,20240606,28.27,29.3,26.46,26.81,28.33,-1.52,-5.3653,29039.83,79304.522
301339.SZ,20240606,21.05,21.14,18.8,18.82,21.14,-2.32,-10.9745,199650.31,393832.876
301345.SZ,20240606,64.46,65.06,62.27,62.73,64.68,-1.95,-3.0148,8581.21,54573.266
301348.SZ,20240606,31.8,33.38,31.8,32.38,31.61,0.77,2.4359,65004.88,212115.959
301349.SZ,20240606,32.88,34.02,30.5,30.5,34.06,-3.56,-10.4521,22142.6,71010.258
301353.SZ,20240606,23.76,23.89,23.08,23.1,23.63,-0.53,-2.2429,5870.27,13782.665
301355.SZ,20240606,10.49,10.67,9.84,9.93,10.49,-0.56,-5.3384,19364.0,19576.395
301356.SZ,20240606,13.79,13.96,12.91,13.07,13.65,-0.58,-4.2491,13001.92,17214.778
301357.SZ,20240606,27.4,28.4,25.55,25.6,28.16,-2.56,-9.0909,56562.95,150581.968
301358.SZ,20240606,39.48,40.28,39.25,39.6,39.88,-0.28,-0.7021,59646.65,237616.977
301359.SZ,20240606,18.62,21.0,18.62,18.97,18.51,0.46,2.4851,51573.57,100548.528
301360.SZ,20240606,39.6,40.9,37.45,37.86,39.78,-1.92,-4.8265,13566.8,52418.65
301361.SZ,20240606,29.9,31.26,26.78,26.9,31.6,-4.7,-14.8734,167537.21,486016.801
301362.SZ,20240606,33.91,34.43,32.58,33.42,34.0,-0.58,-1.7059,12240.75,40733.007
301363.SZ,20240606,26.41,27.45,25.85,26.0,26.64,-0.64,-2.4024,33901.9,89942.958
301365.SZ,20240606,10.1,10.21,9.4,9.5,10.08,-0.58,-5.754,18486.72,17836.469
301366.SZ,20240606,34.67,36.02,33.75,33.81,33.93,-0.12,-0.3537,94306.02,328665.388
301367.SZ,20240606,63.3,64.43,61.0,61.29,63.08,-1.79,-2.8377,16813.99,104785.766
301368.SZ,20240606,48.9,51.1,47.34,50.18,49.05,1.13,2.3038,146949.79,731005.694
301369.SZ,20240606,47.0,49.55,45.79,49.08,45.91,3.17,6.9048,52855.25,251724.039
301370.SZ,20240606,12.13,12.22,11.34,11.51,12.12,-0.61,-5.033,28560.53,33206.452
301371.SZ,20240606,32.0,32.16,30.9,31.09,31.83,-0.74,-2.3249,12869.26,40431.306
301372.SZ,20240606,25.01,25.4,23.2,23.43,25.12,-1.69,-6.7277,13364.65,32038.321
301373.SZ,20240606,23.4,23.68,22.16,22.52,23.33,-0.81,-3.4719,8304.05,18895.261
301376.SZ,20240606,23.96,24.1,22.89,22.97,23.96,-0.99,-4.1319,29787.0,69181.414
301377.SZ,20240606,15.6,16.14,15.08,15.15,15.51,-0.36,-2.3211,28263.7,43624.252
301378.SZ,20240606,29.2,29.85,26.99,27.1,29.46,-2.36,-8.0109,12027.5,33697.411
301379.SZ,20240606,24.38,25.96,24.36,24.7,24.37,0.33,1.3541,40139.27,100864.395
301380.SZ,20240606,30.78,31.19,29.0,29.12,30.85,-1.73,-5.6078,10238.24,30390.267
301381.SZ,20240606,25.65,25.9,24.6,24.62,25.65,-1.03,-4.0156,27548.0,68889.731
301382.SZ,20240606,18.55,18.76,17.3,17.5,18.38,-0.88,-4.7878,47944.09,85403.984
301383.SZ,20240606,35.8,36.6,34.45,34.46,35.85,-1.39,-3.8773,26668.54,94450.55
301386.SZ,20240606,20.59,20.69,19.68,19.68,20.37,-0.69,-3.3873,15962.76,32165.658
301387.SZ,20240606,37.96,39.48,37.07,37.46,38.3,-0.84,-2.1932,104236.77,398127.148
301388.SZ,20240606,18.99,19.49,18.71,18.78,19.0,-0.22,-1.1579,9888.0,18876.245
301389.SZ,20240606,15.95,16.26,14.99,15.13,15.95,-0.82,-5.1411,187242.55,291009.77
301390.SZ,20240606,29.8,30.73,28.77,28.77,29.85,-1.08,-3.6181,7882.16,23309.235
301391.SZ,20240606,50.83,51.8,47.55,48.21,50.45,-2.24,-4.44,25021.18,123070.759
301392.SZ,20240606,87.29,111.44,85.0,92.0,104.06,-12.06,-11.5895,170796.28,1613025.194
301393.SZ,20240606,41.79,42.3,39.51,39.97,41.75,-1.78,-4.2635,14866.03,60059.894
301395.SZ,20240606,17.18,17.36,16.31,16.37,17.28,-0.91,-5.2662,18197.02,30392.63
301396.SZ,20240606,18.04,18.28,16.68,16.79,18.03,-1.24,-6.8774,17570.8,30292.396
301397.SZ,20240606,32.0,32.22,30.4,30.88,32.05,-1.17,-3.6505,8593.13,26697.356
301398.SZ,20240606,43.45,43.9,40.98,41.45,43.5,-2.05,-4.7126,16119.89,67682.918
301399.SZ,20240606,19.99,20.61,18.77,18.97,19.95,-0.98,-4.9123,22880.11,44356.895
301408.SZ,20240606,11.56,11.6,10.77,10.87,11.52,-0.65,-5.6424,28137.0,31016.077
301413.SZ,20240606,47.1,47.47,43.51,43.99,48.75,-4.76,-9.7641,28806.77,130159.005
301418.SZ,20240606,39.3,44.79,39.18,42.65,39.55,3.1,7.8382,53902.66,225899.689
301419.SZ,20240606,24.16,24.55,22.8,22.98,23.99,-1.01,-4.2101,17321.12,40696.46
301421.SZ,20240606,50.0,52.5,48.42,50.0,48.38,1.62,3.3485,83073.25,418232.604
301428.SZ,20240606,27.89,28.46,26.0,26.23,28.6,-2.37,-8.2867,53793.77,146237.283
301429.SZ,20240606,15.96,16.16,14.45,14.72,15.96,-1.24,-7.7694,36848.43,55589.567
301439.SZ,20240606,12.67,12.8,12.2,12.22,12.67,-0.45,-3.5517,33217.8,41367.508
301446.SZ,20240606,17.52,17.74,16.31,16.58,17.52,-0.94,-5.3653,14518.9,24496.868
301448.SZ,20240606,18.98,19.25,17.95,18.01,18.98,-0.97,-5.1106,16639.38,30464.93
301456.SZ,20240606,22.05,22.15,20.63,20.92,21.92,-1.0,-4.562,13012.12,27740.101
301459.SZ,20240606,42.19,42.48,38.5,39.12,42.01,-2.89,-6.8793,12151.51,48682.422
301468.SZ,20240606,24.9,25.18,23.68,23.7,25.11,-1.41,-5.6153,12137.38,29589.172
301469.SZ,20240606,24.48,24.76,22.8,23.27,24.44,-1.17,-4.7872,14213.59,33722.663
301486.SZ,20240606,47.35,48.4,44.81,45.06,46.68,-1.62,-3.4704,46187.41,218227.218
301487.SZ,20240606,29.0,29.35,27.58,27.7,29.15,-1.45,-4.9743,34314.44,97325.995
301488.SZ,20240606,56.8,57.77,52.89,52.89,58.35,-5.46,-9.3573,37091.33,204035.729
301489.SZ,20240606,70.83,72.56,70.0,71.32,69.83,1.49,2.1338,32976.85,234440.064
301498.SZ,20240606,53.0,53.17,51.1,51.6,52.84,-1.24,-2.3467,16381.6,85009.881
301499.SZ,20240606,23.0,23.49,21.6,21.8,22.94,-1.14,-4.9695,27084.69,60498.617
301500.SZ,20240606,18.74,19.1,17.91,18.04,18.41,-0.37,-2.0098,49890.69,92277.953
301502.SZ,20240606,37.0,39.01,37.0,37.8,37.58,0.22,0.5854,38233.87,146057.951
301503.SZ,20240606,28.54,28.93,26.98,27.0,28.42,-1.42,-4.9965,24548.5,67829.201
301505.SZ,20240606,30.8,30.8,27.39,27.6,30.81,-3.21,-10.4187,31850.48,91853.551
301507.SZ,20240606,12.15,12.25,11.52,11.61,12.06,-0.45,-3.7313,32545.51,38326.388
301508.SZ,20240606,40.0,40.0,36.89,37.35,42.19,-4.84,-11.4719,116927.29,442274.807
301509.SZ,20240606,34.69,34.98,31.66,32.06,34.69,-2.63,-7.5814,25738.31,84774.664
301510.SZ,20240606,29.85,30.19,28.5,28.76,29.73,-0.97,-3.2627,24209.61,70399.961
301511.SZ,20240606,15.56,15.95,15.3,15.58,15.5,0.08,0.5161,107136.43,167059.963
301512.SZ,20240606,42.45,44.44,42.45,43.0,42.29,0.71,1.6789,16169.0,70223.103
301515.SZ,20240606,19.46,19.49,17.93,18.17,19.27,-1.1,-5.7084,16729.74,30977.276
301516.SZ,20240606,20.0,20.35,18.27,18.45,20.38,-1.93,-9.4701,110811.29,212076.525
301517.SZ,20240606,60.5,61.66,57.31,59.88,61.6,-1.72,-2.7922,84242.44,499492.958
301518.SZ,20240606,18.42,18.65,17.73,17.89,18.28,-0.39,-2.1335,19089.12,34473.171
301519.SZ,20240606,13.9,14.04,13.24,13.3,13.87,-0.57,-4.1096,20057.09,26918.405
301520.SZ,20240606,43.16,43.48,40.99,41.38,43.15,-1.77,-4.102,6955.73,29211.225
301525.SZ,20240606,60.7,66.14,60.66,64.16,61.48,2.68,4.3591,33343.93,213255.784
301526.SZ,20240606,4.02,4.04,3.8,3.8,4.01,-0.21,-5.2369,320868.75,124542.516
301528.SZ,20240606,43.14,44.16,41.51,41.75,43.32,-1.57,-3.6242,7830.24,33304.032
301529.SZ,20240606,29.91,30.91,28.28,28.59,29.9,-1.31,-4.3813,20398.01,60183.834
301533.SZ,20240606,26.5,26.83,25.25,25.34,26.7,-1.36,-5.0936,17576.51,45304.829
301536.SZ,20240606,40.32,43.0,39.31,39.31,41.97,-2.66,-6.3379,138414.53,567385.172
301538.SZ,20240606,103.0,105.98,99.33,101.9,103.0,-1.1,-1.068,31349.99,319923.897
301539.SZ,20240606,27.5,27.99,25.91,26.78,27.98,-1.2,-4.2888,114419.23,307952.379
301548.SZ,20240606,57.33,57.88,53.3,53.95,56.64,-2.69,-4.7493,16994.96,93950.03
301550.SZ,20240606,54.95,54.96,46.72,47.06,56.2,-9.14,-16.2633,161936.8,819763.405
301555.SZ,20240606,29.46,29.81,27.6,28.0,29.37,-1.37,-4.6646,22507.25,63715.745
301558.SZ,20240606,9.02,9.12,8.56,8.62,8.96,-0.34,-3.7946,69684.34,61055.669
301559.SZ,20240606,15.28,15.43,14.75,14.9,15.41,-0.51,-3.3095,32961.16,49681.468
301566.SZ,20240606,18.66,20.33,18.19,20.08,18.7,1.38,7.3797,186563.96,362433.972
301567.SZ,20240606,41.67,42.68,39.28,39.3,41.68,-2.38,-5.7102,27010.91,110844.091
301568.SZ,20240606,29.26,30.97,28.71,28.92,29.52,-0.6,-2.0325,30410.54,90713.52
301577.SZ,20240606,47.9,49.5,45.7,45.88,47.8,-1.92,-4.0167,16524.6,78181.72
301578.SZ,20240606,35.49,35.5,32.45,32.79,36.21,-3.42,-9.4449,32034.44,108099.124
301587.SZ,20240606,32.0,34.29,31.66,32.37,32.03,0.34,1.0615,146755.74,481093.744
301588.SZ,20240606,26.26,26.3,24.12,24.15,26.2,-2.05,-7.8244,46449.24,115377.777
301589.SZ,20240606,219.78,226.58,215.0,216.5,219.68,-3.18,-1.4476,7366.43,161874.998
301591.SZ,20240606,43.7,44.93,40.83,41.12,44.27,-3.15,-7.1154,45371.33,191919.479
301596.SZ,20240606,102.58,102.89,95.32,95.4,102.1,-6.7,-6.5622,51260.44,503192.322
302132.SZ,20240606,40.1,40.25,39.22,39.34,40.19,-0.85,-2.115,37594.0,149248.427
