ts_code,trade_date,open,high,low,close,pre_close,change,pct_chg,vol,amount
300001.SZ,20240617,21.7,22.26,21.55,21.91,21.75,0.16,0.7356,177987.28,391734.569
300002.SZ,20240617,9.03,9.04,8.65,8.77,9.2,-0.43,-4.6739,929408.75,815481.795
300003.SZ,20240617,16.12,16.28,15.98,16.1,16.1,0.0,0.0,109265.16,175932.856
300004.SZ,20240617,4.5,4.5,4.33,4.37,4.48,-0.11,-2.4554,56979.46,25062.25
300005.SZ,20240617,5.39,5.46,5.33,5.39,5.41,-0.02,-0.3697,65712.81,35572.863
300006.SZ,20240617,2.45,2.46,2.4,2.4,2.46,-0.06,-2.439,68959.87,16674.94
300007.SZ,20240617,13.89,14.05,13.77,13.97,13.94,0.03,0.2152,66021.0,91946.94
300008.SZ,20240617,4.1,4.15,4.04,4.08,4.13,-0.05,-1.2107,678258.0,276860.997
300009.SZ,20240617,9.0,9.05,8.96,9.0,9.06,-0.06,-0.6623,123539.02,111178.613
300010.SZ,20240617,2.87,2.88,2.8,2.82,2.94,-0.12,-4.0816,322857.67,91192.733
300011.SZ,20240617,5.12,5.17,5.05,5.07,5.11,-0.04,-0.7828,45426.0,23234.843
300012.SZ,20240617,11.15,11.26,11.06,11.21,11.19,0.02,0.1787,146158.0,163418.667
300013.SZ,20240617,1.79,1.87,1.79,1.84,1.84,0.0,0.0,117955.0,21471.593
300014.SZ,20240617,40.11,43.03,40.01,42.98,40.5,2.48,6.1235,413288.09,1737825.013
300015.SZ,20240617,11.58,11.62,11.47,11.5,11.65,-0.15,-1.2876,450754.36,518930.217
300016.SZ,20240617,4.52,4.57,4.43,4.45,4.55,-0.1,-2.1978,45250.18,20316.518
300017.SZ,20240617,8.99,9.08,8.71,8.73,8.97,-0.24,-2.6756,1019798.99,901324.05
300018.SZ,20240617,4.69,4.87,4.67,4.76,4.75,0.01,0.2105,86268.85,41290.597
300019.SZ,20240617,13.48,13.69,13.4,13.65,13.67,-0.02,-0.1463,52066.53,70680.042
300020.SZ,20240617,1.9,1.99,1.9,1.95,1.88,0.07,3.7234,448545.2,87320.832
300021.SZ,20240617,3.42,3.42,3.33,3.34,3.45,-0.11,-3.1884,149255.0,50223.395
300022.SZ,20240617,3.6,3.62,3.55,3.57,3.62,-0.05,-1.3812,35795.0,12834.511
300024.SZ,20240617,10.19,10.44,10.17,10.28,10.31,-0.03,-0.291,197036.69,203176.379
300025.SZ,20240617,9.91,11.08,9.91,10.85,9.85,1.0,10.1523,287965.21,306118.214
300026.SZ,20240617,3.25,3.29,3.22,3.23,3.27,-0.04,-1.2232,305762.07,99109.346
300027.SZ,20240617,1.79,1.81,1.75,1.76,1.81,-0.05,-2.7624,252457.97,44805.607
300029.SZ,20240617,3.84,3.89,3.79,3.84,3.86,-0.02,-0.5181,9374.01,3593.291
300030.SZ,20240617,3.87,3.87,3.76,3.79,3.89,-0.1,-2.5707,59617.0,22618.908
300031.SZ,20240617,14.7,15.02,14.54,14.66,14.64,0.02,0.1366,190428.18,281142.367
300032.SZ,20240617,3.25,3.27,3.19,3.23,3.25,-0.02,-0.6154,83680.0,27056.081
300033.SZ,20240617,114.07,115.31,113.15,114.64,115.8,-1.16,-1.0017,44975.38,514532.521
300034.SZ,20240617,16.11,16.89,16.01,16.64,16.07,0.57,3.547,223326.86,371049.756
300035.SZ,20240617,9.1,9.42,9.05,9.3,9.22,0.08,0.8677,95043.0,88077.494
300036.SZ,20240617,14.05,14.31,14.05,14.27,14.12,0.15,1.0623,79311.0,112917.502
300037.SZ,20240617,30.62,32.8,30.59,31.94,30.83,1.11,3.6004,129592.69,416094.899
300039.SZ,20240617,5.67,5.73,5.62,5.69,5.67,0.02,0.3527,71218.6,40530.426
300040.SZ,20240617,6.68,7.17,6.38,6.8,7.0,-0.2,-2.8571,814153.67,552249.167
300041.SZ,20240617,8.83,8.87,8.72,8.79,8.86,-0.07,-0.7901,102421.6,90025.846
300042.SZ,20240617,23.9,24.31,23.21,24.03,24.07,-0.04,-0.1662,65433.27,155772.418
300043.SZ,20240617,2.29,2.3,2.25,2.28,2.31,-0.03,-1.2987,163460.0,37127.646
300044.SZ,20240617,3.87,3.92,3.83,3.84,3.92,-0.08,-2.0408,206888.2,79740.949
300045.SZ,20240617,18.03,18.78,18.0,18.53,18.11,0.42,2.3192,286464.98,529710.222
300046.SZ,20240617,19.1,20.45,19.0,20.25,19.55,0.7,3.5806,584635.27,1161662.047
300047.SZ,20240617,6.7,6.78,6.63,6.67,6.73,-0.06,-0.8915,103995.0,69587.774
300048.SZ,20240617,4.9,4.99,4.86,4.92,4.9,0.02,0.4082,62329.62,30753.648
300049.SZ,20240617,54.06,56.24,54.02,55.71,54.6,1.11,2.033,57588.84,321124.887
300050.SZ,20240617,2.68,2.71,2.62,2.64,2.71,-0.07,-2.583,105786.06,28083.367
300051.SZ,20240617,8.0,8.15,7.95,8.0,8.13,-0.13,-1.599,36396.0,29207.346
300052.SZ,20240617,12.85,13.24,12.58,13.23,12.87,0.36,2.7972,70345.94,90532.972
300053.SZ,20240617,9.58,9.75,9.52,9.64,9.6,0.04,0.4167,141419.0,136471.925
300054.SZ,20240617,22.68,23.3,22.35,23.11,23.08,0.03,0.13,141160.17,323925.679
300055.SZ,20240617,4.31,4.36,4.22,4.24,4.34,-0.1,-2.3041,47183.97,20147.842
300056.SZ,20240617,8.72,8.86,8.6,8.67,8.72,-0.05,-0.5734,61768.27,53862.607
300057.SZ,20240617,4.35,4.45,4.35,4.35,4.38,-0.03,-0.6849,84812.0,37315.521
300058.SZ,20240617,5.86,5.9,5.81,5.84,5.87,-0.03,-0.5111,269748.49,157737.826
300059.SZ,20240617,12.22,12.37,12.19,12.34,12.34,0.0,0.0,1265781.43,1557867.341
300061.SZ,20240617,3.6,3.64,3.52,3.57,3.66,-0.09,-2.459,84073.5,30076.063
300062.SZ,20240617,5.01,5.23,4.93,5.16,5.11,0.05,0.9785,280883.92,143238.836
300063.SZ,20240617,4.04,4.04,3.95,3.98,4.05,-0.07,-1.7284,174553.0,69501.094
300065.SZ,20240617,6.65,7.07,6.65,7.0,6.61,0.39,5.9002,360925.24,248712.265
300066.SZ,20240617,3.02,3.03,2.96,2.98,3.03,-0.05,-1.6502,67662.0,20223.892
300067.SZ,20240617,4.14,4.19,4.08,4.1,4.18,-0.08,-1.9139,379743.52,156270.85
300068.SZ,20240617,9.33,9.49,9.23,9.39,9.36,0.03,0.3205,156194.19,146455.766
300069.SZ,20240617,10.92,11.35,10.5,10.95,11.18,-0.23,-2.0572,68806.0,74477.628
300070.SZ,20240617,4.46,4.51,4.43,4.45,4.47,-0.02,-0.4474,133045.34,59342.773
300071.SZ,20240617,2.12,2.17,2.08,2.09,2.15,-0.06,-2.7907,105819.6,22240.428
300072.SZ,20240617,2.06,2.06,2.01,2.01,2.06,-0.05,-2.4272,132091.9,26777.878
300073.SZ,20240617,36.54,38.7,36.54,38.08,36.89,1.19,3.2258,197766.91,749111.115
300074.SZ,20240617,3.41,3.47,3.41,3.44,3.44,0.0,0.0,76901.4,26449.286
300075.SZ,20240617,14.62,14.81,14.61,14.68,14.73,-0.05,-0.3394,85478.2,125870.265
300076.SZ,20240617,3.29,3.32,3.23,3.26,3.3,-0.04,-1.2121,93657.0,30612.216
300077.SZ,20240617,9.18,9.39,9.09,9.33,9.24,0.09,0.974,88346.49,82057.973
300078.SZ,20240617,2.31,2.33,2.27,2.29,2.31,-0.02,-0.8658,77973.66,17898.063
300079.SZ,20240617,4.18,4.18,4.08,4.15,4.18,-0.03,-0.7177,145618.0,60300.565
300080.SZ,20240617,3.26,3.3,3.23,3.27,3.31,-0.04,-1.2085,88387.76,28894.275
300081.SZ,20240617,4.44,4.52,4.4,4.45,4.44,0.01,0.2252,173291.49,77191.421
300082.SZ,20240617,4.61,4.62,4.5,4.52,4.63,-0.11,-2.3758,52017.02,23630.882
300083.SZ,20240617,6.55,7.09,6.51,6.86,6.56,0.3,4.5732,1055785.27,722893.66
300084.SZ,20240617,5.37,5.42,5.33,5.35,5.38,-0.03,-0.5576,17254.2,9250.501
300085.SZ,20240617,8.68,8.76,8.58,8.61,8.77,-0.16,-1.8244,59889.99,51829.406
300086.SZ,20240617,3.68,3.68,3.61,3.62,3.69,-0.07,-1.897,36521.5,13271.986
300087.SZ,20240617,6.65,6.74,6.62,6.66,6.74,-0.08,-1.1869,62971.85,42029.27
300088.SZ,20240617,4.71,4.87,4.7,4.83,4.73,0.1,2.1142,373538.21,179613.053
300091.SZ,20240617,1.33,1.37,1.32,1.33,1.37,-0.04,-2.9197,176432.0,23639.539
300092.SZ,20240617,11.14,11.25,10.95,11.03,11.26,-0.23,-2.0426,83372.0,92257.568
300093.SZ,20240617,14.55,15.18,14.3,14.87,14.95,-0.08,-0.5351,145528.0,214501.046
300094.SZ,20240617,2.73,2.75,2.69,2.71,2.75,-0.04,-1.4545,200852.52,54449.08
300095.SZ,20240617,5.54,5.64,5.51,5.59,5.57,0.02,0.3591,33008.0,18397.695
300096.SZ,20240617,2.21,2.27,2.18,2.23,2.23,0.0,0.0,113907.0,25277.249
300097.SZ,20240617,5.63,5.67,5.54,5.58,5.65,-0.07,-1.2389,50759.75,28403.462
300098.SZ,20240617,4.3,4.66,4.15,4.23,3.95,0.28,7.0886,2697450.67,1167671.711
300099.SZ,20240617,4.66,4.72,4.58,4.61,4.71,-0.1,-2.1231,64187.04,29745.598
300100.SZ,20240617,10.82,10.96,10.53,10.63,10.44,0.19,1.8199,124810.0,133404.321
300101.SZ,20240617,15.77,16.14,15.77,15.86,15.82,0.04,0.2528,89215.0,142246.268
300102.SZ,20240617,6.32,6.49,6.29,6.38,6.32,0.06,0.9494,109167.3,69850.223
300103.SZ,20240617,4.12,4.23,4.0,4.04,4.16,-0.12,-2.8846,101960.84,41534.636
300105.SZ,20240617,6.84,6.98,6.76,6.76,6.93,-0.17,-2.4531,128872.0,88321.278
300106.SZ,20240617,6.23,6.24,6.1,6.15,6.32,-0.17,-2.6899,62656.0,38555.595
300107.SZ,20240617,8.82,9.15,8.79,8.9,8.82,0.08,0.907,335528.99,299584.767
300108.SZ,20240617,1.55,1.57,1.51,1.53,1.55,-0.02,-1.2903,53595.0,8198.632
300109.SZ,20240617,12.49,12.55,12.39,12.42,12.55,-0.13,-1.0359,35075.39,43682.83
300110.SZ,20240617,3.15,3.17,3.12,3.13,3.17,-0.04,-1.2618,81410.0,25547.073
300111.SZ,20240617,2.03,2.04,1.99,2.0,2.03,-0.03,-1.4778,76670.19,15404.395
300112.SZ,20240617,7.0,7.13,6.98,7.02,7.03,-0.01,-0.1422,32825.0,23119.365
300113.SZ,20240617,10.91,10.97,10.7,10.76,10.75,0.01,0.093,118181.0,127926.183
300115.SZ,20240617,11.15,12.17,11.12,11.95,11.26,0.69,6.1279,1017390.54,1196523.121
300117.SZ,20240617,1.15,1.24,1.14,1.23,1.17,0.06,5.1282,262341.5,31411.235
300118.SZ,20240617,12.71,13.06,12.46,12.85,13.12,-0.27,-2.0579,379297.8,484088.586
300119.SZ,20240617,14.52,14.65,14.33,14.52,14.37,0.15,1.0438,27660.0,40111.864
300120.SZ,20240617,5.11,5.18,5.06,5.09,5.13,-0.04,-0.7797,59973.0,30725.335
300121.SZ,20240617,8.1,8.1,7.9,7.93,8.12,-0.19,-2.3399,33929.0,27109.244
300122.SZ,20240617,30.2,30.45,29.82,30.28,30.44,-0.16,-0.5256,140700.92,424190.968
300123.SZ,20240617,4.57,4.67,4.56,4.6,4.58,0.02,0.4367,157837.14,72795.68
300124.SZ,20240617,55.01,56.28,54.82,55.77,55.26,0.51,0.9229,160148.39,891713.635
300125.SZ,20240617,2.14,2.48,2.1,2.48,2.07,0.41,19.8068,477335.58,108681.649
300126.SZ,20240617,4.49,4.52,4.34,4.38,4.49,-0.11,-2.4499,34145.0,15098.509
300127.SZ,20240617,15.05,15.36,15.02,15.12,15.19,-0.07,-0.4608,20456.0,31077.489
300128.SZ,20240617,3.23,3.23,3.13,3.21,3.23,-0.02,-0.6192,136925.07,43499.395
300129.SZ,20240617,7.4,7.58,7.3,7.44,7.42,0.02,0.2695,84378.27,63010.937
300130.SZ,20240617,19.21,19.24,18.73,18.81,19.24,-0.43,-2.2349,102194.96,193453.983
300131.SZ,20240617,4.53,4.63,4.53,4.58,4.56,0.02,0.4386,208103.0,95500.673
300132.SZ,20240617,3.6,3.61,3.51,3.52,3.6,-0.08,-2.2222,55322.3,19567.759
300133.SZ,20240617,6.54,6.58,6.42,6.47,6.62,-0.15,-2.2659,544689.64,353269.265
300134.SZ,20240617,6.99,7.13,6.95,7.05,7.0,0.05,0.7143,44697.0,31542.439
300135.SZ,20240617,2.78,2.8,2.69,2.71,2.8,-0.09,-3.2143,229001.8,62522.408
300136.SZ,20240617,18.13,19.29,18.07,19.03,18.22,0.81,4.4457,404725.47,762051.124
300137.SZ,20240617,4.38,4.58,4.34,4.44,4.44,0.0,0.0,124604.7,55424.591
300138.SZ,20240617,8.98,8.98,8.57,8.63,9.0,-0.37,-4.1111,73577.32,64223.819
300139.SZ,20240617,12.08,12.3,11.84,11.92,12.08,-0.16,-1.3245,276236.0,332288.417
300140.SZ,20240617,6.49,6.55,6.19,6.22,6.35,-0.13,-2.0472,96308.0,60800.654
300141.SZ,20240617,7.41,8.21,7.22,8.05,7.8,0.25,3.2051,187855.27,145382.229
300142.SZ,20240617,12.33,12.36,12.11,12.24,12.47,-0.23,-1.8444,160439.33,196239.047
300143.SZ,20240617,7.32,7.42,7.29,7.38,7.38,0.0,0.0,24945.0,18357.764
300144.SZ,20240617,9.0,9.12,8.8,9.04,9.1,-0.06,-0.6593,251421.88,226748.239
300145.SZ,20240617,2.73,2.76,2.72,2.72,2.74,-0.02,-0.7299,125247.08,34215.432
300146.SZ,20240617,14.45,14.52,14.41,14.46,14.58,-0.12,-0.823,44491.89,64375.236
300147.SZ,20240617,3.34,3.38,3.31,3.32,3.35,-0.03,-0.8955,52849.98,17648.353
300148.SZ,20240617,2.41,2.41,2.35,2.36,2.42,-0.06,-2.4793,119836.01,28545.686
300149.SZ,20240617,4.35,4.38,4.3,4.35,4.36,-0.01,-0.2294,37874.12,16430.549
300150.SZ,20240617,2.67,2.69,2.61,2.61,2.67,-0.06,-2.2472,67750.5,17985.74
300151.SZ,20240617,16.34,16.63,16.15,16.48,16.34,0.14,0.8568,35194.16,57967.793
300152.SZ,20240617,1.58,1.6,1.54,1.55,1.58,-0.03,-1.8987,153059.0,23893.157
300153.SZ,20240617,6.17,6.17,6.03,6.07,6.11,-0.04,-0.6547,56439.0,34438.367
300154.SZ,20240617,5.48,5.51,5.38,5.44,5.51,-0.07,-1.2704,32150.5,17530.3
300155.SZ,20240617,3.84,3.91,3.76,3.78,3.93,-0.15,-3.8168,201613.0,76835.132
300157.SZ,20240617,1.85,1.96,1.85,1.91,1.97,-0.06,-3.0457,80089.79,15306.798
300158.SZ,20240617,4.04,4.05,3.9,3.95,4.04,-0.09,-2.2277,215707.58,85290.151
300159.SZ,20240617,2.19,2.33,2.19,2.21,2.19,0.02,0.9132,779752.0,175774.342
300160.SZ,20240617,4.9,4.92,4.82,4.85,4.9,-0.05,-1.0204,41724.0,20256.195
300161.SZ,20240617,24.4,24.8,24.12,24.27,24.56,-0.29,-1.1808,21995.0,53621.971
300162.SZ,20240617,8.17,8.24,7.86,7.92,8.39,-0.47,-5.6019,412655.0,330541.253
300163.SZ,20240617,1.38,1.43,1.36,1.4,1.37,0.03,2.1898,214313.12,29863.408
300164.SZ,20240617,3.66,3.67,3.59,3.62,3.71,-0.09,-2.4259,183012.2,66279.196
300165.SZ,20240617,2.33,2.37,2.27,2.3,2.36,-0.06,-2.5424,186061.0,43181.46
300166.SZ,20240617,6.39,6.46,6.33,6.4,6.4,0.0,0.0,102029.37,65334.805
300167.SZ,20240617,1.46,1.56,1.45,1.55,1.48,0.07,4.7297,142612.0,21547.826
300168.SZ,20240617,5.04,5.07,4.99,5.0,5.04,-0.04,-0.7937,63585.9,31917.734
300169.SZ,20240617,4.86,5.02,4.82,4.9,5.04,-0.14,-2.7778,263573.0,129018.223
300170.SZ,20240617,6.27,6.34,6.23,6.26,6.28,-0.02,-0.3185,104283.0,65509.836
300171.SZ,20240617,12.75,13.2,12.63,12.94,12.92,0.02,0.1548,65591.46,84808.11
300172.SZ,20240617,4.69,4.72,4.62,4.65,4.71,-0.06,-1.2739,105244.65,49158.901
300173.SZ,20240617,3.62,3.65,3.55,3.62,3.65,-0.03,-0.8219,75133.0,27202.807
300174.SZ,20240617,14.48,14.8,14.38,14.75,14.47,0.28,1.935,22419.42,32875.537
300175.SZ,20240617,8.96,9.15,7.75,7.81,8.1,-0.29,-3.5802,971967.56,804854.846
300176.SZ,20240617,4.45,4.45,4.36,4.39,4.42,-0.03,-0.6787,57715.0,25383.293
300177.SZ,20240617,5.75,5.93,5.71,5.74,5.59,0.15,2.6834,519482.07,301852.578
300179.SZ,20240617,7.2,7.28,7.15,7.19,7.27,-0.08,-1.1004,15681.0,11324.922
300180.SZ,20240617,3.72,3.8,3.68,3.71,3.83,-0.12,-3.1332,562302.22,210201.578
300181.SZ,20240617,15.25,15.94,15.25,15.9,15.42,0.48,3.1128,151397.91,238034.915
300182.SZ,20240617,3.99,4.02,3.86,3.86,3.89,-0.03,-0.7712,622173.8,242460.546
300183.SZ,20240617,12.01,12.28,11.91,12.14,12.07,0.07,0.58,50698.98,61663.544
300184.SZ,20240617,4.79,4.88,4.76,4.85,4.8,0.05,1.0417,344602.75,167068.102
300185.SZ,20240617,1.91,1.96,1.9,1.92,1.92,0.0,0.0,262650.9,50732.148
300187.SZ,20240617,4.67,4.7,4.55,4.58,4.66,-0.08,-1.7167,51836.0,23863.996
300188.SZ,20240617,11.88,11.89,11.73,11.82,11.85,-0.03,-0.2532,73817.8,87136.688
300189.SZ,20240617,1.87,1.87,1.81,1.81,1.86,-0.05,-2.6882,103429.0,18869.111
300190.SZ,20240617,2.85,2.88,2.82,2.82,2.86,-0.04,-1.3986,45899.2,13034.902
300191.SZ,20240617,14.13,14.2,13.98,14.03,14.3,-0.27,-1.8881,19506.0,27420.532
300192.SZ,20240617,10.51,10.59,10.27,10.31,10.47,-0.16,-1.5282,62575.0,64984.035
300193.SZ,20240617,7.41,7.53,7.38,7.43,7.45,-0.02,-0.2685,42590.0,31746.768
300194.SZ,20240617,3.89,3.91,3.82,3.82,3.9,-0.08,-2.0513,146177.0,56289.262
300195.SZ,20240617,4.14,4.2,4.08,4.09,4.19,-0.1,-2.3866,60195.0,24865.28
300196.SZ,20240617,10.88,10.94,10.56,10.7,10.95,-0.25,-2.2831,28065.1,29999.069
300197.SZ,20240617,1.5,1.5,1.47,1.48,1.49,-0.01,-0.6711,169483.5,25128.02
300198.SZ,20240617,1.17,1.2,1.15,1.16,1.19,-0.03,-2.521,301782.01,35245.654
300199.SZ,20240617,10.89,10.89,10.67,10.85,10.81,0.04,0.37,113109.8,121817.077
300200.SZ,20240617,8.06,8.11,7.92,8.03,8.09,-0.06,-0.7417,114722.14,91986.172
300201.SZ,20240617,3.65,3.69,3.63,3.66,3.65,0.01,0.274,63688.0,23294.657
300203.SZ,20240617,11.3,11.59,11.17,11.44,11.35,0.09,0.793,52714.0,60241.141
300204.SZ,20240617,5.94,5.96,5.83,5.86,5.96,-0.1,-1.6779,23881.0,14054.721
300205.SZ,20240617,6.79,6.93,6.69,6.85,6.94,-0.09,-1.2968,34837.0,23800.36
300206.SZ,20240617,9.16,9.18,9.07,9.09,9.18,-0.09,-0.9804,19984.03,18223.37
300207.SZ,20240617,15.19,16.09,15.13,15.88,15.28,0.6,3.9267,543764.96,853107.468
300208.SZ,20240617,1.54,1.58,1.51,1.57,1.56,0.01,0.641,133291.0,20623.171
300209.SZ,20240617,2.14,2.19,2.1,2.15,2.13,0.02,0.939,31063.4,6657.179
300210.SZ,20240617,9.15,9.19,8.88,8.92,9.21,-0.29,-3.1488,110686.0,99420.704
300211.SZ,20240617,5.43,5.48,5.32,5.38,5.43,-0.05,-0.9208,24211.0,13056.915
300212.SZ,20240617,17.95,18.27,17.67,18.1,17.92,0.18,1.0045,119413.23,215199.21
300213.SZ,20240617,5.71,5.89,5.7,5.81,5.76,0.05,0.8681,82273.25,47797.609
300214.SZ,20240617,5.08,5.18,5.07,5.09,5.13,-0.04,-0.7797,21613.0,11063.247
300215.SZ,20240617,6.4,6.72,6.18,6.39,6.74,-0.35,-5.1929,580517.8,373885.917
300217.SZ,20240617,3.99,4.08,3.98,4.08,4.03,0.05,1.2407,213863.88,85961.231
300218.SZ,20240617,15.8,16.15,15.64,15.99,15.85,0.14,0.8833,26333.0,42017.97
300219.SZ,20240617,5.88,6.0,5.85,5.92,5.9,0.02,0.339,81549.22,48383.476
300220.SZ,20240617,8.13,8.14,7.78,7.87,8.25,-0.38,-4.6061,68989.62,54549.512
300221.SZ,20240617,5.0,5.48,5.0,5.29,5.01,0.28,5.5888,277613.0,147012.796
300222.SZ,20240617,5.5,5.59,5.44,5.49,5.52,-0.03,-0.5435,53244.0,29323.136
300223.SZ,20240617,60.4,61.6,60.3,60.93,60.77,0.16,0.2633,98433.63,601062.253
300224.SZ,20240617,9.75,9.92,9.73,9.83,9.81,0.02,0.2039,34778.0,34274.3
300225.SZ,20240617,5.01,5.01,4.87,4.88,4.97,-0.09,-1.8109,59779.0,29378.617
300226.SZ,20240617,18.03,18.09,17.82,17.92,18.08,-0.16,-0.885,45138.2,80998.129
300227.SZ,20240617,5.29,5.53,5.25,5.43,5.32,0.11,2.0677,118133.0,63892.377
300228.SZ,20240617,5.56,5.6,5.46,5.49,5.61,-0.12,-2.139,139928.0,77260.023
300229.SZ,20240617,13.93,14.16,13.87,14.02,14.03,-0.01,-0.0713,103980.49,146076.076
300230.SZ,20240617,3.42,3.42,3.36,3.37,3.42,-0.05,-1.462,85932.4,29109.131
300231.SZ,20240617,7.64,7.69,7.56,7.6,7.65,-0.05,-0.6536,45448.5,34661.261
300232.SZ,20240617,5.32,5.44,5.3,5.39,5.34,0.05,0.9363,147881.63,79656.208
300233.SZ,20240617,15.48,15.72,15.47,15.65,15.66,-0.01,-0.0639,26324.0,41169.494
300234.SZ,20240617,4.0,4.01,3.93,3.94,4.01,-0.07,-1.7456,41685.0,16495.963
300235.SZ,20240617,7.99,8.07,7.92,7.99,8.02,-0.03,-0.3741,24717.5,19776.297
300236.SZ,20240617,34.11,34.6,33.8,34.58,34.13,0.45,1.3185,63069.02,216695.914
300237.SZ,20240617,1.15,1.15,1.1,1.11,1.16,-0.05,-4.3103,307285.09,34386.814
300238.SZ,20240617,9.41,9.5,9.33,9.36,9.48,-0.12,-1.2658,26285.0,24691.34
300239.SZ,20240617,4.84,4.93,4.76,4.93,4.88,0.05,1.0246,36785.0,17894.887
300240.SZ,20240617,4.83,4.89,4.75,4.77,4.89,-0.12,-2.454,31234.0,14986.186
300241.SZ,20240617,4.02,4.16,3.98,4.13,4.03,0.1,2.4814,164788.2,67616.11
300242.SZ,20240617,1.81,1.83,1.77,1.79,1.83,-0.04,-2.1858,145536.0,26125.443
300243.SZ,20240617,9.57,9.7,9.45,9.51,9.64,-0.13,-1.3485,72645.06,69336.057
300244.SZ,20240617,13.0,13.18,12.81,13.14,13.13,0.01,0.0762,150596.1,196516.642
300245.SZ,20240617,5.17,5.26,5.08,5.12,5.2,-0.08,-1.5385,57980.5,29939.18
300246.SZ,20240617,6.23,6.25,6.14,6.16,6.27,-0.11,-1.7544,22623.0,13990.774
300247.SZ,20240617,2.54,2.56,2.49,2.52,2.55,-0.03,-1.1765,89288.23,22538.64
300248.SZ,20240617,6.56,6.62,6.5,6.55,6.56,-0.01,-0.1524,32471.24,21293.383
300249.SZ,20240617,6.66,6.7,6.58,6.6,6.67,-0.07,-1.0495,72254.0,47943.981
300250.SZ,20240617,10.95,10.96,10.72,10.73,10.89,-0.16,-1.4692,32859.05,35512.452
300251.SZ,20240617,9.4,9.44,9.1,9.3,9.34,-0.04,-0.4283,320396.95,297636.891
300252.SZ,20240617,6.58,6.66,6.53,6.58,6.59,-0.01,-0.1517,91051.4,60042.967
300253.SZ,20240617,6.17,6.27,6.16,6.19,6.22,-0.03,-0.4823,129015.9,80036.755
300254.SZ,20240617,8.36,8.46,8.19,8.25,8.43,-0.18,-2.1352,68049.68,56572.217
300255.SZ,20240617,9.9,10.03,9.74,9.78,9.91,-0.13,-1.3118,107781.0,105774.446
300256.SZ,20240617,1.88,1.89,1.85,1.86,1.89,-0.03,-1.5873,99756.0,18633.913
300257.SZ,20240617,11.35,11.44,11.17,11.21,11.41,-0.2,-1.7528,62933.7,70943.38
300258.SZ,20240617,8.7,8.86,8.66,8.75,8.78,-0.03,-0.3417,37657.15,33059.484
300259.SZ,20240617,2.66,2.68,2.62,2.63,2.65,-0.02,-0.7547,61292.2,16199.147
300260.SZ,20240617,23.7,24.37,23.5,24.06,23.71,0.35,1.4762,120515.24,289828.612
300261.SZ,20240617,5.61,5.7,5.6,5.62,5.67,-0.05,-0.8818,63591.0,35867.763
300263.SZ,20240617,5.92,6.01,5.9,5.97,5.96,0.01,0.1678,65163.0,38949.944
300264.SZ,20240617,3.87,3.9,3.81,3.84,3.89,-0.05,-1.2853,100500.0,38779.894
300265.SZ,20240617,7.21,7.45,7.05,7.41,7.34,0.07,0.9537,296102.57,216657.596
300266.SZ,20240617,1.21,1.25,1.19,1.2,1.22,-0.02,-1.6393,194695.0,23565.67
300267.SZ,20240617,2.24,2.26,2.23,2.25,2.25,0.0,0.0,74910.0,16832.379
300268.SZ,20240617,6.37,6.5,6.31,6.45,6.37,0.08,1.2559,5748.87,3691.162
300269.SZ,20240617,2.77,2.83,2.66,2.71,2.67,0.04,1.4981,271479.0,74410.448
300270.SZ,20240617,6.1,6.63,6.1,6.22,5.96,0.26,4.3624,380638.4,238717.75
300271.SZ,20240617,5.05,5.06,4.9,4.94,5.04,-0.1,-1.9841,116431.0,57718.499
300272.SZ,20240617,5.19,5.22,5.12,5.12,5.2,-0.08,-1.5385,79656.0,41107.157
300274.SZ,20240617,66.39,68.08,65.11,67.94,66.59,1.35,2.0273,215229.61,1442075.112
300275.SZ,20240617,10.19,10.19,9.92,9.97,10.16,-0.19,-1.8701,25222.64,25260.719
300276.SZ,20240617,3.4,3.49,3.38,3.41,3.41,0.0,0.0,161091.75,55499.206
300277.SZ,20240617,6.59,6.61,6.48,6.48,6.56,-0.08,-1.2195,23299.0,15199.898
300278.SZ,20240617,3.11,3.14,3.06,3.08,3.08,0.0,0.0,95507.35,29590.754
300279.SZ,20240617,4.17,4.22,4.15,4.17,4.19,-0.02,-0.4773,59199.2,24754.272
300280.SZ,20240617,14.5,14.56,14.21,14.35,14.56,-0.21,-1.4423,77363.0,111066.598
300281.SZ,20240617,4.16,4.25,4.14,4.17,4.18,-0.01,-0.2392,103805.0,43594.081
300283.SZ,20240617,4.62,4.91,4.56,4.77,4.69,0.08,1.7058,130801.5,61939.898
300284.SZ,20240617,6.95,7.27,6.91,7.07,6.97,0.1,1.4347,598363.0,424836.901
300285.SZ,20240617,18.37,18.78,18.33,18.58,18.38,0.2,1.0881,61912.43,114982.662
300286.SZ,20240617,23.15,23.93,22.82,23.18,23.53,-0.35,-1.4875,34464.5,80549.479
300287.SZ,20240617,1.79,1.82,1.75,1.78,1.8,-0.02,-1.1111,337249.16,60108.194
300288.SZ,20240617,11.26,11.26,11.08,11.11,11.22,-0.11,-0.9804,33712.0,37547.848
300289.SZ,20240617,4.02,4.07,3.97,3.97,4.05,-0.08,-1.9753,34029.0,13624.417
300290.SZ,20240617,11.18,11.26,10.78,11.1,11.46,-0.36,-3.1414,545632.5,603092.146
300291.SZ,20240617,4.51,4.51,4.37,4.39,4.51,-0.12,-2.6608,133443.0,58893.513
300292.SZ,20240617,3.63,3.64,3.57,3.58,3.62,-0.04,-1.105,355119.0,127840.181
300293.SZ,20240617,15.6,16.97,15.55,16.5,15.6,0.9,5.7692,422397.1,689365.829
300294.SZ,20240617,31.92,32.85,31.82,32.46,31.99,0.47,1.4692,29558.8,95791.041
300295.SZ,20240617,9.31,9.38,9.08,9.15,9.56,-0.41,-4.2887,145160.2,133412.022
300296.SZ,20240617,4.72,4.8,4.69,4.77,4.72,0.05,1.0593,187849.0,89406.73
300298.SZ,20240617,26.5,26.95,26.18,26.75,26.45,0.3,1.1342,31035.52,82720.114
300299.SZ,20240617,3.66,3.68,3.59,3.61,3.66,-0.05,-1.3661,76464.75,27712.188
300300.SZ,20240617,1.34,1.38,1.33,1.37,1.36,0.01,0.7353,188379.82,25536.451
300301.SZ,20240617,1.28,1.29,1.24,1.24,1.27,-0.03,-2.3622,62195.0,7792.394
300302.SZ,20240617,10.15,10.31,10.05,10.25,10.21,0.04,0.3918,113901.15,116313.198
300303.SZ,20240617,4.96,5.1,4.96,5.05,4.99,0.06,1.2024,286967.58,144870.431
300304.SZ,20240617,6.55,6.84,6.52,6.73,6.58,0.15,2.2796,162140.19,108874.304
300305.SZ,20240617,6.17,6.27,6.05,6.24,6.2,0.04,0.6452,72073.0,44456.239
300306.SZ,20240617,9.9,10.1,9.66,9.99,9.98,0.01,0.1002,111219.03,109640.533
300307.SZ,20240617,6.02,6.08,5.93,6.01,6.02,-0.01,-0.1661,104993.95,63235.949
300308.SZ,20240617,141.0,144.94,140.5,142.51,138.3,4.21,3.0441,378266.41,5391099.007
300310.SZ,20240617,3.89,3.96,3.82,3.84,3.88,-0.04,-1.0309,201953.37,78395.086
300311.SZ,20240617,3.41,3.42,3.34,3.35,3.41,-0.06,-1.7595,64195.16,21656.441
300313.SZ,20240617,6.28,6.37,6.25,6.26,6.37,-0.11,-1.7268,31025.0,19544.77
300314.SZ,20240617,10.85,10.97,10.73,10.85,10.97,-0.12,-1.0939,22200.46,24077.242
300315.SZ,20240617,4.55,4.58,4.48,4.51,4.57,-0.06,-1.3129,360141.16,163056.359
300316.SZ,20240617,33.36,34.11,33.15,33.67,33.63,0.04,0.1189,169795.76,572637.792
300317.SZ,20240617,3.93,3.98,3.86,3.89,3.99,-0.1,-2.5063,138426.9,54237.973
300318.SZ,20240617,5.07,5.08,4.98,5.01,5.08,-0.07,-1.378,32615.56,16357.188
300319.SZ,20240617,8.08,8.43,8.08,8.34,8.14,0.2,2.457,340331.06,282227.872
300320.SZ,20240617,9.18,9.25,8.83,8.88,9.19,-0.31,-3.3732,116238.47,104585.659
300321.SZ,20240617,18.84,19.08,17.92,18.85,18.86,-0.01,-0.053,13826.02,25547.471
300322.SZ,20240617,8.26,8.56,8.22,8.4,8.31,0.09,1.083,152889.05,128842.056
300323.SZ,20240617,4.57,4.76,4.54,4.69,4.57,0.12,2.6258,168961.2,78802.39
300324.SZ,20240617,2.04,2.05,1.99,2.0,2.05,-0.05,-2.439,247309.78,49856.494
300326.SZ,20240617,4.12,4.13,4.04,4.05,4.13,-0.08,-1.937,60421.09,24583.16
300327.SZ,20240617,21.19,21.88,21.09,21.74,21.16,0.58,2.741,107962.83,233358.174
300328.SZ,20240617,4.28,4.35,4.26,4.3,4.31,-0.01,-0.232,60810.36,26206.215
300329.SZ,20240617,3.7,3.74,3.58,3.61,3.73,-0.12,-3.2172,43365.52,15793.092
300331.SZ,20240617,16.83,17.35,16.71,17.16,16.98,0.18,1.0601,49247.0,84164.193
300332.SZ,20240617,5.48,5.52,5.35,5.38,5.46,-0.08,-1.4652,96264.58,52087.51
300333.SZ,20240617,3.97,3.99,3.86,3.89,3.97,-0.08,-2.0151,67164.22,26241.988
300334.SZ,20240617,4.65,4.74,4.54,4.57,4.68,-0.11,-2.3504,23498.0,10795.582
300335.SZ,20240617,3.98,4.04,3.92,3.94,4.03,-0.09,-2.2333,75095.0,29807.869
300337.SZ,20240617,7.48,7.7,7.34,7.5,7.36,0.14,1.9022,523719.0,393400.007
300338.SZ,20240617,1.27,1.38,1.26,1.35,1.31,0.04,3.0534,191662.42,25309.338
300339.SZ,20240617,21.7,22.28,21.58,22.01,21.68,0.33,1.5221,319230.9,701102.763
300340.SZ,20240617,7.06,7.13,6.92,6.97,7.03,-0.06,-0.8535,29653.6,20801.34
300341.SZ,20240617,9.21,9.44,9.18,9.29,9.31,-0.02,-0.2148,49166.0,45805.497
300342.SZ,20240617,15.3,16.1,15.2,15.34,15.45,-0.11,-0.712,471125.81,736243.542
300343.SZ,20240617,4.96,5.1,4.91,5.0,4.99,0.01,0.2004,117064.01,58629.89
300344.SZ,20240617,3.15,3.44,3.15,3.22,3.19,0.03,0.9404,192628.75,62945.385
300345.SZ,20240617,6.1,6.16,6.04,6.08,6.15,-0.07,-1.1382,21310.0,12992.07
300346.SZ,20240617,30.36,31.09,30.21,31.06,30.57,0.49,1.6029,400249.06,1228409.516
300347.SZ,20240617,52.14,53.88,51.51,53.5,53.8,-0.3,-0.5576,136038.91,716078.519
300348.SZ,20240617,7.05,7.15,7.01,7.08,7.09,-0.01,-0.141,76596.3,54367.051
300349.SZ,20240617,12.49,12.51,12.27,12.31,12.51,-0.2,-1.5987,46442.8,57385.497
300350.SZ,20240617,4.65,4.65,4.54,4.55,4.63,-0.08,-1.7279,92983.0,42496.117
300351.SZ,20240617,16.1,16.32,16.02,16.07,16.26,-0.19,-1.1685,68033.61,109902.395
300352.SZ,20240617,3.93,3.97,3.9,3.93,3.93,0.0,0.0,87337.0,34399.832
300353.SZ,20240617,7.24,7.95,7.19,7.59,7.24,0.35,4.8343,191650.42,144755.862
300354.SZ,20240617,33.99,34.48,33.62,34.09,34.11,-0.02,-0.0586,13921.93,47531.234
300355.SZ,20240617,2.33,2.35,2.3,2.31,2.33,-0.02,-0.8584,122401.03,28386.016
300357.SZ,20240617,21.64,21.94,21.6,21.73,21.95,-0.22,-1.0023,59954.26,130513.609
300358.SZ,20240617,7.58,8.53,7.49,8.03,7.58,0.45,5.9367,128348.91,102986.426
300359.SZ,20240617,4.08,4.1,4.0,4.0,4.1,-0.1,-2.439,53639.0,21638.566
300360.SZ,20240617,14.24,14.81,14.18,14.71,14.37,0.34,2.366,88987.0,130036.209
300363.SZ,20240617,13.09,13.37,12.9,13.22,13.17,0.05,0.3797,95653.57,125507.708
300364.SZ,20240617,20.5,20.53,20.21,20.26,20.68,-0.42,-2.0309,259466.71,527146.13
300365.SZ,20240617,4.91,5.05,4.86,4.93,5.0,-0.07,-1.4,100224.38,49791.891
300366.SZ,20240617,7.47,7.58,7.43,7.5,7.54,-0.04,-0.5305,89820.38,67600.801
300368.SZ,20240617,2.42,2.56,2.42,2.49,2.46,0.03,1.2195,247700.0,61567.374
300369.SZ,20240617,5.36,5.48,5.32,5.39,5.39,0.0,0.0,136541.5,73773.75
300370.SZ,20240617,1.57,1.6,1.57,1.59,1.59,0.0,0.0,79652.0,12589.733
300371.SZ,20240617,8.46,8.6,8.36,8.44,8.49,-0.05,-0.5889,9101.2,7724.106
300373.SZ,20240617,39.5,42.34,39.22,41.2,39.22,1.98,5.0484,299731.14,1237266.707
300374.SZ,20240617,14.51,14.65,14.05,14.15,14.55,-0.4,-2.7491,95383.0,136499.044
300375.SZ,20240617,3.92,3.99,3.9,3.91,3.94,-0.03,-0.7614,83957.0,33065.336
300376.SZ,20240617,4.31,4.4,4.27,4.33,4.35,-0.02,-0.4598,125148.0,54377.623
300377.SZ,20240617,5.36,5.36,5.21,5.22,5.36,-0.14,-2.6119,110025.33,57913.114
300378.SZ,20240617,17.0,17.3,16.95,17.11,17.08,0.03,0.1756,42277.0,72445.155
300379.SZ,20240617,9.02,9.15,8.94,9.05,9.02,0.03,0.3326,93490.0,84668.579
300380.SZ,20240617,15.19,15.58,15.11,15.42,15.53,-0.11,-0.7083,33175.0,50883.456
300381.SZ,20240617,6.42,6.47,6.29,6.33,6.46,-0.13,-2.0124,83084.0,52698.761
300382.SZ,20240617,6.6,6.71,6.54,6.64,6.61,0.03,0.4539,39592.27,26285.499
300383.SZ,20240617,8.68,8.79,8.62,8.73,8.69,0.04,0.4603,128464.72,112095.059
300384.SZ,20240617,13.79,13.87,13.6,13.69,13.85,-0.16,-1.1552,16887.9,23152.311
300385.SZ,20240617,3.57,3.57,3.44,3.47,3.54,-0.07,-1.9774,23304.82,8106.361
300386.SZ,20240617,6.55,6.56,6.4,6.42,6.54,-0.12,-1.8349,22345.0,14441.802
300387.SZ,20240617,6.11,6.13,5.98,6.01,6.11,-0.1,-1.6367,60597.0,36689.42
300388.SZ,20240617,5.75,5.88,5.7,5.75,5.76,-0.01,-0.1736,34090.0,19762.776
300389.SZ,20240617,12.92,13.14,12.9,13.02,13.0,0.02,0.1538,40329.15,52594.79
300390.SZ,20240617,18.96,19.32,18.8,19.09,19.08,0.01,0.0524,88430.91,169073.839
300391.SZ,20240617,2.69,2.7,2.59,2.63,2.69,-0.06,-2.2305,86845.23,22849.05
300393.SZ,20240617,6.5,6.53,6.34,6.4,6.54,-0.14,-2.1407,138369.65,88797.487
300394.SZ,20240617,98.37,99.87,95.78,96.88,98.0,-1.12,-1.1429,268779.32,2627271.523
300395.SZ,20240617,32.78,33.99,32.65,33.86,33.25,0.61,1.8346,49743.2,167198.205
300396.SZ,20240617,22.76,23.42,22.76,23.2,23.01,0.19,0.8257,13478.0,31274.197
300397.SZ,20240617,9.52,9.75,9.45,9.5,9.61,-0.11,-1.1446,114197.0,109194.871
300398.SZ,20240617,13.75,14.01,13.4,13.97,13.76,0.21,1.5262,475958.77,655726.578
300399.SZ,20240617,8.47,8.51,8.31,8.34,8.53,-0.19,-2.2274,24544.7,20593.771
300400.SZ,20240617,11.35,11.52,11.19,11.38,11.34,0.04,0.3527,45284.0,51514.241
300401.SZ,20240617,11.65,11.7,11.32,11.57,11.74,-0.17,-1.448,224822.68,258140.259
300402.SZ,20240617,14.64,14.86,14.6,14.7,14.72,-0.02,-0.1359,20189.0,29738.837
300403.SZ,20240617,7.3,7.4,7.27,7.31,7.38,-0.07,-0.9485,73599.5,54011.408
300404.SZ,20240617,7.0,7.1,6.97,7.03,7.08,-0.05,-0.7062,59887.52,42108.194
300405.SZ,20240617,3.77,3.8,3.66,3.7,3.79,-0.09,-2.3747,85192.18,31670.827
300406.SZ,20240617,16.51,17.02,16.42,16.86,16.45,0.41,2.4924,77005.12,128500.697
300407.SZ,20240617,7.82,7.82,7.48,7.56,7.66,-0.1,-1.3055,77471.58,59208.865
300408.SZ,20240617,30.4,31.38,30.37,30.71,30.46,0.25,0.8207,143193.34,442754.285
300409.SZ,20240617,9.04,9.22,8.96,9.12,9.09,0.03,0.33,88221.7,80311.282
300410.SZ,20240617,5.11,5.21,5.0,5.1,5.15,-0.05,-0.9709,113895.91,58037.977
300411.SZ,20240617,12.43,12.95,12.43,12.48,12.45,0.03,0.241,209462.22,265430.511
300412.SZ,20240617,2.94,2.94,2.83,2.84,2.91,-0.07,-2.4055,71721.9,20466.788
300413.SZ,20240617,22.33,22.33,21.98,22.02,22.51,-0.49,-2.1768,146030.7,322619.568
300414.SZ,20240617,6.53,6.63,6.5,6.55,6.57,-0.02,-0.3044,28673.0,18874.203
300415.SZ,20240617,21.1,21.61,20.99,21.44,21.15,0.29,1.3712,44744.99,95758.492
300416.SZ,20240617,14.2,14.49,14.16,14.29,14.26,0.03,0.2104,78383.75,112508.64
300417.SZ,20240617,7.53,7.65,7.31,7.51,7.69,-0.18,-2.3407,68141.0,50541.85
300418.SZ,20240617,34.22,34.3,33.15,33.66,34.1,-0.44,-1.2903,311355.52,1049391.192
300419.SZ,20240617,5.03,5.14,4.94,5.1,5.05,0.05,0.9901,182417.6,92293.607
300420.SZ,20240617,2.17,2.22,2.15,2.17,2.18,-0.01,-0.4587,93170.0,20292.885
300421.SZ,20240617,10.12,10.42,9.83,10.41,10.33,0.08,0.7744,291723.36,294929.352
300422.SZ,20240617,4.52,4.82,4.49,4.65,4.53,0.12,2.649,109685.28,51100.506
300423.SZ,20240617,6.58,6.98,6.46,6.73,6.85,-0.12,-1.7518,374090.19,249636.77
300424.SZ,20240617,12.8,13.1,12.76,12.77,12.78,-0.01,-0.0782,100496.99,129759.018
300425.SZ,20240617,4.15,4.16,4.1,4.13,4.15,-0.02,-0.4819,35070.0,14473.279
300426.SZ,20240617,7.36,7.36,7.18,7.3,7.35,-0.05,-0.6803,30870.0,22494.253
300427.SZ,20240617,4.69,4.74,4.65,4.7,4.78,-0.08,-1.6736,46153.41,21673.644
300428.SZ,20240617,19.22,19.56,19.18,19.32,19.4,-0.08,-0.4124,38783.93,75261.029
300429.SZ,20240617,12.58,12.98,12.4,12.87,12.87,0.0,0.0,544144.76,691813.625
300430.SZ,20240617,13.95,14.08,13.7,13.9,13.98,-0.08,-0.5722,75698.52,105280.286
300432.SZ,20240617,6.97,7.12,6.91,7.05,6.99,0.06,0.8584,95122.61,67035.301
300433.SZ,20240617,16.11,17.29,16.07,17.0,16.15,0.85,5.2632,936162.55,1570559.81
300434.SZ,20240617,7.83,7.91,7.75,7.88,7.86,0.02,0.2545,28624.66,22481.966
300435.SZ,20240617,12.37,12.39,12.12,12.16,12.37,-0.21,-1.6977,18141.0,22202.23
300436.SZ,20240617,16.1,16.2,15.96,16.04,16.11,-0.07,-0.4345,7184.0,11539.85
300437.SZ,20240617,8.4,8.44,8.28,8.35,8.4,-0.05,-0.5952,19830.36,16577.298
300438.SZ,20240617,20.21,21.45,20.12,21.05,20.35,0.7,3.4398,157178.89,327838.205
300439.SZ,20240617,9.29,9.36,9.21,9.29,9.3,-0.01,-0.1075,20687.0,19217.507
300440.SZ,20240617,5.29,5.53,5.25,5.45,5.34,0.11,2.0599,83087.3,44972.937
300441.SZ,20240617,5.95,6.0,5.91,5.93,6.01,-0.08,-1.3311,56857.4,33786.582
300442.SZ,20240617,28.1,28.11,27.07,27.27,28.36,-1.09,-3.8434,219701.2,603263.375
300443.SZ,20240617,17.0,17.18,16.82,16.83,17.06,-0.23,-1.3482,35953.0,61091.203
300444.SZ,20240617,7.18,7.4,7.07,7.25,7.16,0.09,1.257,480135.08,349222.312
300445.SZ,20240617,16.84,17.3,16.75,17.13,16.88,0.25,1.481,20627.0,35261.47
300446.SZ,20240617,14.63,14.79,14.02,14.11,14.85,-0.74,-4.9832,185923.86,267044.561
300447.SZ,20240617,13.25,13.6,13.21,13.21,13.36,-0.15,-1.1228,52955.7,70768.988
300448.SZ,20240617,3.87,3.92,3.79,3.81,3.87,-0.06,-1.5504,60208.0,23122.869
300449.SZ,20240617,3.98,4.02,3.9,3.93,3.98,-0.05,-1.2563,28211.0,11148.944
300450.SZ,20240617,19.2,19.88,19.19,19.68,19.38,0.3,1.548,198164.02,389681.064
300451.SZ,20240617,3.79,3.88,3.7,3.8,3.8,0.0,0.0,520099.77,197509.745
300452.SZ,20240617,12.11,12.2,12.06,12.14,12.18,-0.04,-0.3284,14465.0,17560.839
300453.SZ,20240617,6.84,6.88,6.72,6.8,6.9,-0.1,-1.4493,32489.95,22047.784
300454.SZ,20240617,52.0,52.0,51.02,51.52,52.28,-0.76,-1.4537,32403.96,166786.065
300455.SZ,20240617,12.38,12.66,12.29,12.34,12.5,-0.16,-1.28,277691.49,345499.878
300456.SZ,20240617,16.92,17.43,16.85,17.27,16.96,0.31,1.8278,154577.97,266001.293
300457.SZ,20240617,18.11,20.79,18.0,19.95,18.02,1.93,10.7103,753989.46,1487177.839
300458.SZ,20240617,20.61,21.41,20.52,21.4,20.73,0.67,3.232,317748.0,672456.699
300459.SZ,20240617,3.52,3.56,3.48,3.51,3.54,-0.03,-0.8475,541754.0,190226.723
300460.SZ,20240617,8.69,8.94,8.51,8.84,8.82,0.02,0.2268,187113.67,163802.185
300461.SZ,20240617,12.99,13.08,12.65,12.89,12.83,0.06,0.4677,12010.0,15473.242
300462.SZ,20240617,8.29,9.13,8.25,9.13,7.61,1.52,19.9737,366033.48,330738.271
300463.SZ,20240617,12.17,12.31,11.96,12.0,12.17,-0.17,-1.3969,37023.0,44486.344
300464.SZ,20240617,3.56,3.58,3.49,3.51,3.59,-0.08,-2.2284,74958.83,26390.717
300465.SZ,20240617,6.57,6.63,6.51,6.56,6.67,-0.11,-1.6492,71815.0,47162.645
300466.SZ,20240617,5.98,6.03,5.92,5.95,6.01,-0.06,-0.9983,56776.4,33882.7
300467.SZ,20240617,13.98,14.33,13.85,14.09,14.13,-0.04,-0.2831,29971.0,42160.971
300468.SZ,20240617,8.75,9.08,8.7,8.84,8.89,-0.05,-0.5624,269966.22,239598.886
300469.SZ,20240617,9.84,10.03,9.6,9.88,9.58,0.3,3.1315,140545.86,138050.011
300470.SZ,20240617,35.6,36.09,35.55,35.9,35.99,-0.09,-0.2501,6339.48,22735.444
300471.SZ,20240617,8.32,8.48,8.32,8.34,8.43,-0.09,-1.0676,23247.0,19511.172
300472.SZ,20240617,4.55,4.58,4.42,4.47,4.55,-0.08,-1.7582,56034.0,25024.412
300473.SZ,20240617,13.57,13.76,13.44,13.49,13.62,-0.13,-0.9545,25648.0,34910.415
300474.SZ,20240617,69.03,71.28,68.88,70.33,69.5,0.83,1.1942,118530.37,832815.036
300475.SZ,20240617,33.95,35.68,33.86,35.5,34.44,1.06,3.0778,190960.25,667213.408
300476.SZ,20240617,33.5,34.17,32.56,33.62,33.02,0.6,1.8171,360729.67,1207763.274
300477.SZ,20240617,2.42,2.43,2.36,2.37,2.41,-0.04,-1.6598,187006.8,44637.027
300478.SZ,20240617,7.84,7.89,7.62,7.67,7.86,-0.19,-2.4173,14144.0,10949.04
300479.SZ,20240617,14.16,14.25,13.8,14.06,14.39,-0.33,-2.2933,32092.51,45091.168
300480.SZ,20240617,17.51,17.78,17.31,17.73,17.62,0.11,0.6243,52019.32,91624.56
300481.SZ,20240617,15.91,16.29,15.83,16.1,16.18,-0.08,-0.4944,79540.8,127908.786
300482.SZ,20240617,27.0,27.38,26.84,27.27,27.34,-0.07,-0.256,29395.04,79844.207
300483.SZ,20240617,7.94,7.94,7.71,7.75,7.98,-0.23,-2.8822,30533.0,23801.656
300484.SZ,20240617,14.32,14.56,14.2,14.42,14.24,0.18,1.264,119553.0,172464.88
300485.SZ,20240617,6.48,6.48,6.35,6.37,6.44,-0.07,-1.087,17699.0,11331.208
300486.SZ,20240617,4.73,4.82,4.71,4.77,4.75,0.02,0.4211,112400.5,53472.221
300487.SZ,20240617,45.5,46.2,45.09,45.62,45.7,-0.08,-0.1751,18746.25,85507.854
300488.SZ,20240617,21.25,21.25,21.0,21.05,21.16,-0.11,-0.5198,3989.0,8423.024
300489.SZ,20240617,18.81,19.25,18.48,19.22,18.92,0.3,1.5856,12659.0,23873.036
300490.SZ,20240617,7.49,7.65,7.33,7.63,7.53,0.1,1.328,82673.83,62466.103
300491.SZ,20240617,15.03,15.5,14.84,15.34,15.26,0.08,0.5242,51444.5,78694.309
300492.SZ,20240617,104.36,105.48,102.97,104.4,103.52,0.88,0.8501,4052.34,42259.03
300493.SZ,20240617,8.02,8.3,7.99,8.22,8.07,0.15,1.8587,105042.3,86031.157
300494.SZ,20240617,11.0,11.05,10.77,10.83,10.98,-0.15,-1.3661,140659.7,152645.208
300496.SZ,20240617,54.15,56.36,54.15,56.0,53.61,2.39,4.4581,275092.48,1526333.844
300497.SZ,20240617,10.04,10.04,9.51,9.65,10.04,-0.39,-3.8845,118622.08,114804.728
300498.SZ,20240617,20.59,20.59,20.23,20.46,20.84,-0.38,-1.8234,409440.13,833630.62
300499.SZ,20240617,11.76,11.98,11.67,11.7,11.85,-0.15,-1.2658,83249.0,98285.602
300500.SZ,20240617,10.04,10.2,9.92,10.0,10.28,-0.28,-2.7237,75790.68,75868.042
300501.SZ,20240617,10.95,11.06,10.85,10.94,11.06,-0.12,-1.085,8334.5,9129.126
300502.SZ,20240617,111.64,113.22,109.35,110.49,108.5,1.99,1.8341,373378.38,4149166.467
300503.SZ,20240617,12.87,13.07,12.78,12.97,13.01,-0.04,-0.3075,59737.0,77238.896
300504.SZ,20240617,12.34,12.53,12.28,12.41,12.4,0.01,0.0806,19597.0,24388.538
300505.SZ,20240617,12.96,13.11,12.81,12.83,12.97,-0.14,-1.0794,69987.3,90400.307
300506.SZ,20240617,1.77,1.82,1.75,1.79,1.81,-0.02,-1.105,96867.96,17212.759
300507.SZ,20240617,4.98,5.3,4.95,5.08,4.97,0.11,2.2133,244299.56,125421.314
300508.SZ,20240617,18.51,18.79,18.41,18.63,18.68,-0.05,-0.2677,11484.08,21404.598
300509.SZ,20240617,4.64,4.66,4.53,4.55,4.62,-0.07,-1.5152,47057.7,21538.078
300510.SZ,20240617,3.76,3.85,3.63,3.71,3.83,-0.12,-3.1332,210814.37,78810.637
300511.SZ,20240617,2.62,2.7,2.58,2.68,2.65,0.03,1.1321,247539.19,65968.877
300512.SZ,20240617,5.85,5.87,5.76,5.78,5.87,-0.09,-1.5332,13188.5,7653.156
300513.SZ,20240617,8.4,8.7,8.27,8.53,8.53,0.0,0.0,85304.61,72542.167
300514.SZ,20240617,14.9,15.59,14.9,15.18,15.16,0.02,0.1319,88594.0,135366.687
300515.SZ,20240617,10.38,10.52,10.3,10.36,10.39,-0.03,-0.2887,22925.0,23859.298
300516.SZ,20240617,28.93,29.45,28.69,28.73,28.93,-0.2,-0.6913,19104.01,55333.841
300517.SZ,20240617,9.15,9.41,8.7,9.13,9.21,-0.08,-0.8686,92678.2,84522.398
300518.SZ,20240617,7.9,7.9,7.71,7.75,7.91,-0.16,-2.0228,19133.27,14872.813
300519.SZ,20240617,11.25,11.25,10.94,11.02,11.25,-0.23,-2.0444,16568.0,18288.044
300520.SZ,20240617,16.82,16.93,16.09,16.53,17.15,-0.62,-3.6152,199046.35,328688.615
300521.SZ,20240617,9.85,10.36,9.6,10.2,9.86,0.34,3.4483,30170.6,30491.253
300522.SZ,20240617,11.14,11.33,11.08,11.21,11.14,0.07,0.6284,28029.0,31450.139
300523.SZ,20240617,16.07,16.12,15.5,15.69,16.13,-0.44,-2.7278,20866.0,33021.105
300525.SZ,20240617,12.37,12.58,12.31,12.55,12.36,0.19,1.5372,39902.3,49802.487
300527.SZ,20240617,6.63,6.67,6.51,6.6,6.65,-0.05,-0.7519,91815.38,60490.542
300528.SZ,20240617,6.66,6.67,6.54,6.6,6.66,-0.06,-0.9009,33231.0,21921.49
300529.SZ,20240617,27.13,28.13,27.08,27.95,27.11,0.84,3.0985,83895.77,232931.095
300530.SZ,20240617,16.84,17.32,16.51,17.01,16.97,0.04,0.2357,18801.5,31978.749
300531.SZ,20240617,9.86,10.02,9.84,9.94,9.96,-0.02,-0.2008,67626.0,67219.096
300532.SZ,20240617,12.91,12.95,12.8,12.81,12.97,-0.16,-1.2336,36739.0,47262.443
300533.SZ,20240617,15.41,15.5,15.21,15.27,15.51,-0.24,-1.5474,32301.0,49500.509
300534.SZ,20240617,7.2,7.35,7.2,7.29,7.25,0.04,0.5517,27210.67,19806.629
300535.SZ,20240617,11.99,12.03,11.65,11.73,12.01,-0.28,-2.3314,14458.71,17068.118
300536.SZ,20240617,8.47,8.71,8.38,8.47,8.54,-0.07,-0.8197,31931.0,27136.893
300537.SZ,20240617,18.06,18.9,17.61,18.88,18.23,0.65,3.5656,288038.67,534262.768
300538.SZ,20240617,15.7,15.89,15.4,15.74,15.84,-0.1,-0.6313,158912.0,249144.965
300539.SZ,20240617,8.12,8.2,8.0,8.04,8.17,-0.13,-1.5912,34351.35,27665.226
300540.SZ,20240617,21.95,22.05,21.57,21.79,22.2,-0.41,-1.8468,14601.46,31847.662
300541.SZ,20240617,8.58,8.61,8.47,8.51,8.61,-0.1,-1.1614,53165.38,45338.327
300542.SZ,20240617,13.48,13.76,13.27,13.36,13.37,-0.01,-0.0748,198366.36,267725.211
300543.SZ,20240617,7.93,8.03,7.76,7.94,7.94,0.0,0.0,90583.99,71612.071
300545.SZ,20240617,24.55,25.3,24.5,25.19,24.79,0.4,1.6136,48267.72,120648.312
300546.SZ,20240617,9.53,9.58,9.3,9.36,9.53,-0.17,-1.7838,30744.3,28989.471
300547.SZ,20240617,16.97,17.49,16.86,17.2,16.9,0.3,1.7751,58834.0,101429.134
300548.SZ,20240617,20.77,21.12,20.72,20.79,21.02,-0.23,-1.0942,95318.09,198840.176
300549.SZ,20240617,13.75,13.88,13.63,13.71,13.82,-0.11,-0.7959,10155.0,13975.542
300550.SZ,20240617,10.25,10.28,9.81,9.85,10.05,-0.2,-1.99,15793.31,15664.167
300551.SZ,20240617,6.4,6.41,6.22,6.32,6.4,-0.08,-1.25,119385.52,75461.762
300552.SZ,20240617,40.2,42.08,39.21,39.45,38.82,0.63,1.6229,383238.16,1557150.887
300553.SZ,20240617,23.74,24.03,23.36,23.53,23.79,-0.26,-1.0929,9399.0,22264.135
300554.SZ,20240617,25.45,25.7,25.1,25.3,25.55,-0.25,-0.9785,53641.0,136066.589
300555.SZ,20240617,6.02,6.04,5.83,5.84,5.99,-0.15,-2.5042,7001.0,4154.795
300556.SZ,20240617,17.15,17.15,16.8,16.91,17.17,-0.26,-1.5143,29226.0,49520.824
300557.SZ,20240617,24.66,26.59,23.8,24.15,23.0,1.15,5.0,61591.6,153351.764
300558.SZ,20240617,37.48,37.75,37.2,37.55,37.83,-0.28,-0.7402,27425.98,102829.983
300559.SZ,20240617,9.99,10.05,9.84,9.9,9.97,-0.07,-0.7021,52662.7,52335.694
300560.SZ,20240617,11.29,11.63,10.69,11.1,10.9,0.2,1.8349,127855.4,140984.815
300561.SZ,20240617,7.62,7.67,7.52,7.55,7.66,-0.11,-1.436,28982.6,21991.279
300562.SZ,20240617,8.38,8.41,8.16,8.19,8.35,-0.16,-1.9162,41103.0,33911.628
300563.SZ,20240617,27.42,27.9,26.4,26.76,27.06,-0.3,-1.1086,249322.9,673589.244
300564.SZ,20240617,8.82,8.86,8.62,8.69,8.79,-0.1,-1.1377,10735.0,9341.233
300565.SZ,20240617,10.19,10.29,10.03,10.08,10.22,-0.14,-1.3699,29424.53,29748.623
300566.SZ,20240617,14.49,14.84,14.41,14.65,14.5,0.15,1.0345,39304.7,57532.769
300567.SZ,20240617,58.13,64.08,57.85,63.05,59.31,3.74,6.3059,135265.62,835236.142
300568.SZ,20240617,9.09,9.35,9.06,9.19,9.14,0.05,0.547,236592.77,218641.36
300569.SZ,20240617,4.5,4.57,4.46,4.51,4.52,-0.01,-0.2212,69471.82,31415.951
300570.SZ,20240617,34.86,35.55,34.76,34.9,35.39,-0.49,-1.3846,108462.0,379565.394
300571.SZ,20240617,21.83,21.96,21.62,21.7,21.87,-0.17,-0.7773,10813.0,23585.865
300572.SZ,20240617,11.8,12.1,11.61,11.66,11.92,-0.26,-2.1812,49317.02,58265.26
300573.SZ,20240617,185.0,189.27,183.56,185.6,185.0,0.6,0.3243,37486.6,697597.117
300575.SZ,20240617,5.98,6.02,5.88,5.99,6.0,-0.01,-0.1667,30780.1,18348.276
300576.SZ,20240617,38.94,40.68,38.5,40.65,39.22,1.43,3.6461,324702.29,1290109.015
300577.SZ,20240617,21.2,21.48,20.87,20.98,21.24,-0.26,-1.2241,8182.1,17262.664
300578.SZ,20240617,12.75,12.77,12.45,12.6,12.65,-0.05,-0.3953,24786.0,31260.699
300579.SZ,20240617,18.66,18.7,18.3,18.4,18.36,0.04,0.2179,20437.0,37760.05
300580.SZ,20240617,17.24,17.4,16.57,16.64,17.4,-0.76,-4.3678,149985.0,252174.521
300581.SZ,20240617,8.33,8.75,8.3,8.54,8.45,0.09,1.0651,154108.94,131977.001
300582.SZ,20240617,9.01,9.11,8.74,8.86,8.98,-0.12,-1.3363,51752.0,45784.649
300583.SZ,20240617,12.31,12.43,12.24,12.42,12.35,0.07,0.5668,12435.6,15347.682
300584.SZ,20240617,15.94,16.0,15.56,15.59,15.85,-0.26,-1.6404,9873.0,15492.144
300585.SZ,20240617,10.29,12.3,10.21,12.04,10.25,1.79,17.4634,234198.06,277223.412
300586.SZ,20240617,6.67,6.8,6.63,6.7,6.72,-0.02,-0.2976,46355.0,31098.232
300587.SZ,20240617,4.19,4.21,4.13,4.18,4.21,-0.03,-0.7126,97506.31,40738.263
300588.SZ,20240617,7.35,7.62,7.19,7.21,7.35,-0.14,-1.9048,40630.0,29819.801
300589.SZ,20240617,11.9,12.44,11.82,12.1,12.13,-0.03,-0.2473,98934.83,120312.277
300590.SZ,20240617,10.8,11.55,10.78,11.3,10.8,0.5,4.6296,219287.42,247279.355
300591.SZ,20240617,3.3,3.37,3.22,3.24,3.31,-0.07,-2.1148,45163.0,14736.996
300592.SZ,20240617,13.0,13.0,12.7,12.76,13.06,-0.3,-2.2971,33825.8,43378.504
300593.SZ,20240617,11.8,11.87,11.5,11.64,11.95,-0.31,-2.5941,165816.96,193446.768
300594.SZ,20240617,14.43,14.73,13.18,13.6,14.79,-1.19,-8.046,74277.2,102200.935
300595.SZ,20240617,17.29,17.54,17.23,17.35,17.48,-0.13,-0.7437,59134.68,102879.228
300596.SZ,20240617,28.45,28.82,28.32,28.63,28.6,0.03,0.1049,20090.0,57473.895
300597.SZ,20240617,6.75,6.85,6.65,6.69,6.75,-0.06,-0.8889,27195.0,18315.39
300598.SZ,20240617,30.45,30.8,29.74,30.4,30.1,0.3,0.9967,83786.22,254461.556
300599.SZ,20240617,5.06,5.21,5.0,5.11,5.11,0.0,0.0,18778.0,9620.461
300600.SZ,20240617,5.75,5.8,5.57,5.59,5.78,-0.19,-3.2872,65825.28,37143.778
300601.SZ,20240617,16.61,16.9,16.42,16.83,16.73,0.1,0.5977,86747.11,145089.345
300602.SZ,20240617,15.08,15.74,15.03,15.58,15.21,0.37,2.4326,190797.25,295579.027
300603.SZ,20240617,7.09,7.18,7.03,7.06,7.1,-0.04,-0.5634,40157.5,28564.577
300604.SZ,20240617,30.79,32.35,30.75,32.02,31.22,0.8,2.5625,204295.96,648872.537
300605.SZ,20240617,8.92,9.07,8.82,8.85,8.96,-0.11,-1.2277,20162.39,17949.542
300606.SZ,20240617,16.65,18.55,16.4,17.47,16.71,0.76,4.5482,78332.0,136286.017
300607.SZ,20240617,12.0,12.24,11.96,12.07,12.12,-0.05,-0.4125,37628.26,45603.286
300608.SZ,20240617,9.59,9.65,9.44,9.56,9.62,-0.06,-0.6237,45940.53,43914.152
300609.SZ,20240617,17.98,18.85,17.98,18.54,18.22,0.32,1.7563,54060.0,99706.325
300610.SZ,20240617,9.06,9.07,8.96,9.02,9.07,-0.05,-0.5513,16494.0,14862.919
300611.SZ,20240617,7.65,7.83,7.63,7.66,7.76,-0.1,-1.2887,37105.0,28666.803
300612.SZ,20240617,13.46,13.48,13.2,13.35,13.58,-0.23,-1.6937,29944.0,39857.194
300613.SZ,20240617,36.28,37.36,35.68,35.99,36.78,-0.79,-2.1479,105831.43,386361.343
300614.SZ,20240617,9.65,9.65,9.22,9.3,9.55,-0.25,-2.6178,21160.45,19801.251
300615.SZ,20240617,9.57,9.68,9.36,9.5,9.53,-0.03,-0.3148,16380.0,15626.054
300616.SZ,20240617,11.5,11.5,11.29,11.32,11.59,-0.27,-2.3296,16432.0,18665.641
300617.SZ,20240617,26.99,31.8,26.76,29.25,27.44,1.81,6.5962,84358.27,249668.239
300618.SZ,20240617,27.1,27.45,26.87,27.19,27.14,0.05,0.1842,42467.95,115612.999
300619.SZ,20240617,27.88,28.68,27.39,28.02,27.6,0.42,1.5217,8152.49,22980.63
300620.SZ,20240617,39.9,40.8,39.78,40.33,40.38,-0.05,-0.1238,79186.78,319499.301
300621.SZ,20240617,7.53,7.61,7.41,7.42,7.55,-0.13,-1.7219,19144.0,14304.57
300622.SZ,20240617,13.41,13.53,13.16,13.18,13.46,-0.28,-2.0802,11090.28,14765.491
300623.SZ,20240617,17.7,18.73,17.63,18.59,17.9,0.69,3.8547,253352.2,465856.323
300624.SZ,20240617,55.18,56.45,55.07,55.96,56.37,-0.41,-0.7273,55846.58,312223.87
300625.SZ,20240617,10.7,10.76,10.55,10.57,10.72,-0.15,-1.3993,12259.0,13038.33
300626.SZ,20240617,7.26,7.28,7.1,7.15,7.27,-0.12,-1.6506,26702.0,19168.736
300627.SZ,20240617,29.28,29.63,29.07,29.27,29.35,-0.08,-0.2726,66990.96,196374.478
300628.SZ,20240617,38.67,39.15,38.19,38.4,38.67,-0.27,-0.6982,60128.61,232435.39
300629.SZ,20240617,19.06,19.49,18.98,19.29,19.16,0.13,0.6785,60139.25,115783.105
300631.SZ,20240617,19.42,19.75,19.38,19.58,19.62,-0.04,-0.2039,10120.0,19826.304
300632.SZ,20240617,10.07,10.26,9.85,10.23,10.08,0.15,1.4881,44737.53,45177.002
300633.SZ,20240617,42.45,43.35,42.32,43.02,42.81,0.21,0.4905,12766.92,54938.866
300634.SZ,20240617,17.6,17.76,17.48,17.58,17.66,-0.08,-0.453,69476.39,122428.347
300635.SZ,20240617,7.55,7.6,7.39,7.51,7.55,-0.04,-0.5298,28063.0,21033.303
300636.SZ,20240617,10.59,10.64,10.45,10.5,10.6,-0.1,-0.9434,27024.5,28451.981
300637.SZ,20240617,10.95,11.79,10.93,11.26,11.18,0.08,0.7156,413851.62,468709.538
300638.SZ,20240617,17.02,17.5,16.96,17.28,17.02,0.26,1.5276,215831.85,372949.622
300639.SZ,20240617,5.05,5.06,4.88,4.91,5.03,-0.12,-2.3857,85523.09,42068.646
300640.SZ,20240617,4.07,4.1,3.95,3.98,4.1,-0.12,-2.9268,33237.0,13292.454
300641.SZ,20240617,27.68,32.01,27.4,32.01,28.21,3.8,13.4704,872819.82,2636830.338
300642.SZ,20240617,12.0,12.08,11.83,11.88,12.18,-0.3,-2.4631,10724.6,12790.783
300643.SZ,20240617,13.27,13.88,12.75,12.95,12.79,0.16,1.251,362890.64,481905.116
300644.SZ,20240617,21.33,21.74,20.76,20.77,21.11,-0.34,-1.6106,84152.8,178451.383
300645.SZ,20240617,11.15,11.18,10.94,11.0,11.1,-0.1,-0.9009,19073.0,21081.512
300647.SZ,20240617,5.4,5.77,5.32,5.55,5.46,0.09,1.6484,565533.21,313657.935
300648.SZ,20240617,18.05,18.56,17.93,18.35,18.33,0.02,0.1091,21767.28,39831.678
300649.SZ,20240617,10.45,10.58,10.28,10.35,10.5,-0.15,-1.4286,15454.46,16071.974
300650.SZ,20240617,10.86,11.81,10.74,11.75,11.0,0.75,6.8182,296971.17,337388.581
300651.SZ,20240617,12.9,13.02,12.63,12.66,13.08,-0.42,-3.211,20166.0,25763.756
300652.SZ,20240617,20.59,21.06,20.31,20.38,20.69,-0.31,-1.4983,16261.0,33587.285
300653.SZ,20240617,22.06,22.24,21.9,21.93,22.18,-0.25,-1.1271,15171.47,33387.112
300654.SZ,20240617,8.76,8.85,8.62,8.7,8.88,-0.18,-2.027,81605.0,71049.622
300655.SZ,20240617,8.09,8.48,7.98,8.42,8.08,0.34,4.2079,530726.23,438765.447
300656.SZ,20240617,21.15,22.33,21.05,22.18,21.61,0.57,2.6377,111638.43,244498.014
300657.SZ,20240617,15.5,16.07,15.43,15.95,15.75,0.2,1.2698,121151.0,191962.764
300658.SZ,20240617,4.31,4.33,4.22,4.25,4.33,-0.08,-1.8476,36107.72,15403.7
300659.SZ,20240617,13.27,13.27,12.98,13.08,13.27,-0.19,-1.4318,22281.0,29168.387
300660.SZ,20240617,27.11,27.8,27.11,27.56,27.23,0.33,1.2119,44299.61,122272.837
300661.SZ,20240617,79.58,85.0,78.73,82.84,80.0,2.84,3.55,65554.55,542439.109
300662.SZ,20240617,19.37,19.37,18.59,18.71,19.36,-0.65,-3.3574,51625.0,97393.054
300663.SZ,20240617,9.94,10.19,9.93,10.06,10.07,-0.01,-0.0993,84747.0,85426.158
300664.SZ,20240617,4.63,4.87,4.57,4.7,4.62,0.08,1.7316,100733.0,47611.679
300665.SZ,20240617,5.09,5.09,4.95,4.97,5.09,-0.12,-2.3576,37798.76,18939.824
300666.SZ,20240617,49.68,51.5,49.66,51.42,49.95,1.47,2.9429,107602.08,547682.669
300667.SZ,20240617,11.8,12.08,11.73,11.95,11.92,0.03,0.2517,19865.0,23766.196
300668.SZ,20240617,15.03,15.2,14.87,14.98,15.0,-0.02,-0.1333,2590.0,3885.0
300669.SZ,20240617,13.92,14.18,13.5,13.56,13.97,-0.41,-2.9349,26129.5,35971.97
300670.SZ,20240617,6.03,6.21,5.96,6.11,6.26,-0.15,-2.3962,162088.02,98749.107
300671.SZ,20240617,26.0,26.85,25.68,26.23,26.27,-0.04,-0.1523,75829.9,199350.966
300672.SZ,20240617,58.24,59.38,58.24,58.69,58.63,0.06,0.1023,99956.24,587954.585
300673.SZ,20240617,13.41,13.57,13.33,13.45,13.75,-0.3,-2.1818,34233.0,45991.495
300674.SZ,20240617,11.59,11.74,11.48,11.59,11.59,0.0,0.0,69118.48,80346.569
300675.SZ,20240617,11.88,12.05,11.81,11.94,12.11,-0.17,-1.4038,34349.0,40970.884
300676.SZ,20240617,37.6,37.95,37.46,37.65,37.82,-0.17,-0.4495,12926.52,48704.393
300677.SZ,20240617,25.05,25.45,24.93,25.28,25.03,0.25,0.9988,66523.54,168109.962
300678.SZ,20240617,25.87,26.18,25.65,25.98,25.88,0.1,0.3864,51689.0,134374.3
300679.SZ,20240617,40.2,41.5,40.12,41.2,40.49,0.71,1.7535,57897.5,237208.991
300680.SZ,20240617,19.7,19.98,19.24,19.36,19.78,-0.42,-2.1234,144733.38,283084.802
300681.SZ,20240617,14.27,14.4,14.12,14.3,14.46,-0.16,-1.1065,34577.2,49367.493
300682.SZ,20240617,9.72,9.93,9.67,9.68,9.85,-0.17,-1.7259,191786.44,187414.268
300683.SZ,20240617,22.3,22.55,22.16,22.32,22.42,-0.1,-0.446,6881.0,15380.237
300684.SZ,20240617,17.18,18.65,17.1,18.0,17.35,0.65,3.7464,324245.98,579470.185
300685.SZ,20240617,18.38,18.76,18.21,18.67,18.44,0.23,1.2473,37617.5,69999.616
300686.SZ,20240617,6.86,7.1,6.81,7.02,6.93,0.09,1.2987,58896.6,40985.528
300687.SZ,20240617,15.06,15.24,15.02,15.08,15.19,-0.11,-0.7242,42268.61,63990.206
300688.SZ,20240617,24.75,25.95,24.22,25.47,24.45,1.02,4.1718,66688.24,169013.653
300689.SZ,20240617,13.54,13.76,13.28,13.51,13.42,0.09,0.6706,17779.17,24037.429
300690.SZ,20240617,19.64,20.08,19.46,19.57,19.64,-0.07,-0.3564,56404.5,111203.472
300691.SZ,20240617,15.11,15.57,15.04,15.4,15.2,0.2,1.3158,27356.56,42116.762
300692.SZ,20240617,4.62,4.66,4.57,4.59,4.66,-0.07,-1.5021,18536.9,8546.533
300693.SZ,20240617,24.59,24.96,24.34,24.55,24.56,-0.01,-0.0407,53717.51,132538.27
300694.SZ,20240617,8.88,8.92,8.69,8.71,8.87,-0.16,-1.8038,33717.0,29638.396
300695.SZ,20240617,37.5,38.39,37.31,37.79,37.67,0.12,0.3186,3055.0,11604.968
300696.SZ,20240617,14.37,17.45,14.37,16.35,14.54,1.81,12.4484,403012.89,678379.49
300697.SZ,20240617,11.45,11.57,11.23,11.29,11.51,-0.22,-1.9114,64913.33,74007.073
300698.SZ,20240617,36.0,36.58,35.75,36.24,36.18,0.06,0.1658,17121.85,62029.755
300699.SZ,20240617,25.78,26.73,25.71,26.37,25.69,0.68,2.6469,126545.08,334496.887
300700.SZ,20240617,8.66,8.87,8.46,8.87,8.65,0.22,2.5434,171356.49,149441.921
300701.SZ,20240617,7.98,8.19,7.87,8.06,7.97,0.09,1.1292,34500.5,27839.174
300702.SZ,20240617,18.9,18.99,18.43,18.83,19.0,-0.17,-0.8947,25658.8,47979.986
300703.SZ,20240617,8.2,8.29,8.01,8.07,8.21,-0.14,-1.7052,33045.0,26879.885
300705.SZ,20240617,26.05,27.18,25.75,26.58,26.05,0.53,2.0345,63654.36,170073.712
300706.SZ,20240617,19.99,21.14,19.9,20.83,20.35,0.48,2.3587,72369.85,149158.89
300707.SZ,20240617,13.26,13.6,13.21,13.28,13.41,-0.13,-0.9694,37544.0,50214.028
300708.SZ,20240617,9.39,9.64,9.31,9.56,9.43,0.13,1.3786,191573.8,182338.49
300709.SZ,20240617,26.12,27.3,25.85,26.75,26.26,0.49,1.866,79584.36,212293.883
300710.SZ,20240617,15.51,16.12,15.33,15.7,15.55,0.15,0.9646,33004.25,51762.98
300711.SZ,20240617,16.15,16.4,16.02,16.15,16.24,-0.09,-0.5542,56910.5,92205.192
300712.SZ,20240617,23.73,24.29,23.63,23.72,24.11,-0.39,-1.6176,10448.26,24917.649
300713.SZ,20240617,12.67,14.4,12.06,13.93,12.92,1.01,7.8173,211885.62,281288.12
300715.SZ,20240617,7.96,7.96,7.74,7.76,8.0,-0.24,-3.0,9824.4,7682.424
300716.SZ,20240617,6.3,6.35,5.94,5.98,6.19,-0.21,-3.3926,67014.87,40560.465
300717.SZ,20240617,15.78,16.2,15.69,15.95,15.95,0.0,0.0,36229.7,57783.618
300718.SZ,20240617,14.48,14.99,14.48,14.84,14.63,0.21,1.4354,55602.85,82066.493
300719.SZ,20240617,17.72,18.53,17.66,18.05,17.71,0.34,1.9198,210228.5,382681.372
300720.SZ,20240617,14.23,14.32,13.86,13.93,14.43,-0.5,-3.465,30413.0,42740.384
300721.SZ,20240617,13.42,13.95,13.23,13.91,13.64,0.27,1.9795,131980.57,180632.705
300722.SZ,20240617,28.3,29.48,27.61,28.06,28.65,-0.59,-2.0593,160415.97,456528.377
300723.SZ,20240617,22.15,22.53,22.0,22.11,22.26,-0.15,-0.6739,14111.77,31351.171
300724.SZ,20240617,61.66,63.49,61.0,62.77,62.02,0.75,1.2093,59483.83,370993.275
300725.SZ,20240617,29.07,29.91,28.68,29.53,29.63,-0.1,-0.3375,53074.06,155490.432
300726.SZ,20240617,25.27,25.75,25.18,25.74,25.55,0.19,0.7436,93911.39,239547.803
300727.SZ,20240617,23.21,23.44,22.97,23.06,23.45,-0.39,-1.6631,22096.0,51107.039
300729.SZ,20240617,15.63,16.02,15.56,15.8,15.7,0.1,0.6369,36654.28,58134.453
300730.SZ,20240617,8.38,8.56,8.38,8.44,8.52,-0.08,-0.939,31460.62,26634.383
300731.SZ,20240617,14.72,15.05,14.63,14.85,14.92,-0.07,-0.4692,25119.58,37340.752
300732.SZ,20240617,7.32,7.36,7.13,7.16,7.14,0.02,0.2801,110888.4,80446.989
300733.SZ,20240617,11.21,11.67,11.14,11.28,11.35,-0.07,-0.6167,57518.34,65366.6
300735.SZ,20240617,21.35,22.19,21.18,21.74,21.45,0.29,1.352,395902.52,859747.446
300736.SZ,20240617,17.18,17.66,17.06,17.33,17.3,0.03,0.1734,42212.38,73140.522
300737.SZ,20240617,4.76,4.79,4.53,4.66,4.83,-0.17,-3.5197,206284.8,95596.816
300738.SZ,20240617,10.75,10.91,10.7,10.81,10.83,-0.02,-0.1847,270792.96,292399.054
300739.SZ,20240617,14.46,17.0,14.22,16.58,14.63,1.95,13.3288,396835.46,610171.434
300740.SZ,20240617,15.91,16.17,15.75,15.83,16.06,-0.23,-1.4321,29462.29,46842.682
300741.SZ,20240617,16.38,16.7,16.02,16.52,16.43,0.09,0.5478,16939.0,27975.569
300743.SZ,20240617,12.48,12.5,12.22,12.28,12.34,-0.06,-0.4862,23194.32,28573.93
300745.SZ,20240617,15.6,16.15,15.41,15.62,15.6,0.02,0.1282,98802.13,155921.384
300746.SZ,20240617,6.31,6.33,6.14,6.16,6.36,-0.2,-3.1447,26029.0,16141.191
300747.SZ,20240617,18.94,19.29,18.83,19.14,18.94,0.2,1.056,62727.5,119883.204
300748.SZ,20240617,13.93,14.13,13.8,13.98,14.01,-0.03,-0.2141,66490.18,93043.207
300749.SZ,20240617,5.37,5.39,5.24,5.27,5.38,-0.11,-2.0446,34594.0,18278.981
300750.SZ,20240617,182.55,190.5,182.31,188.2,184.89,3.31,1.7903,269293.18,5044213.365
300751.SZ,20240617,135.01,138.88,134.44,135.89,136.55,-0.66,-0.4833,20589.12,280999.555
300752.SZ,20240617,13.87,14.17,13.62,13.92,13.78,0.14,1.016,57634.0,80355.222
300753.SZ,20240617,10.85,11.09,10.65,10.7,10.85,-0.15,-1.3825,23822.69,25786.301
300755.SZ,20240617,15.19,15.36,15.04,15.22,15.27,-0.05,-0.3274,18230.38,27723.215
300756.SZ,20240617,14.18,14.44,14.18,14.31,14.41,-0.1,-0.694,21109.0,30164.64
300757.SZ,20240617,90.53,92.8,89.17,89.85,90.63,-0.78,-0.8606,68863.35,621987.383
300758.SZ,20240617,11.39,11.53,11.21,11.28,11.51,-0.23,-1.9983,126854.9,143448.011
300759.SZ,20240617,19.89,20.52,19.78,20.49,20.13,0.36,1.7884,140739.63,284030.458
300760.SZ,20240617,295.2,297.97,293.78,295.98,299.1,-3.12,-1.0431,28822.19,851973.202
300761.SZ,20240617,23.61,24.38,23.5,24.03,23.84,0.19,0.797,30861.85,74391.997
300762.SZ,20240617,16.49,16.74,16.3,16.39,16.49,-0.1,-0.6064,172645.88,285560.433
300763.SZ,20240617,50.87,52.49,50.3,51.02,50.87,0.15,0.2949,83166.94,426735.06
300765.SZ,20240617,29.75,29.97,28.76,29.29,29.7,-0.41,-1.3805,177296.81,516126.468
300766.SZ,20240617,10.25,10.39,10.22,10.28,10.39,-0.11,-1.0587,51667.94,53195.366
300767.SZ,20240617,9.45,9.45,9.2,9.26,9.49,-0.23,-2.4236,46165.51,42838.465
300768.SZ,20240617,12.2,12.39,12.17,12.22,12.24,-0.02,-0.1634,34745.0,42624.201
300769.SZ,20240617,31.85,33.38,31.61,32.59,32.1,0.49,1.5265,76901.53,250525.878
300770.SZ,20240617,36.0,36.34,35.78,36.1,36.24,-0.14,-0.3863,12300.31,44381.331
300771.SZ,20240617,8.6,8.72,8.53,8.57,8.65,-0.08,-0.9249,37020.9,31934.638
300772.SZ,20240617,10.02,10.39,9.99,10.26,10.09,0.17,1.6848,77294.45,79264.289
300773.SZ,20240617,13.23,13.55,13.18,13.38,13.3,0.08,0.6015,94657.4,126964.18
300774.SZ,20240617,7.01,7.01,6.85,6.85,7.01,-0.16,-2.2825,19817.44,13704.007
300775.SZ,20240617,30.3,31.63,30.0,30.34,29.78,0.56,1.8805,244715.04,753200.576
300776.SZ,20240617,50.71,52.68,50.6,51.92,51.26,0.66,1.2876,55493.78,288264.931
300777.SZ,20240617,23.5,24.12,23.24,23.8,23.63,0.17,0.7194,65258.77,155702.492
300778.SZ,20240617,9.5,9.67,9.31,9.35,9.56,-0.21,-2.1967,33988.46,32024.891
300779.SZ,20240617,46.5,52.42,46.5,50.6,46.5,4.1,8.8172,99548.87,499092.786
300780.SZ,20240617,13.03,13.16,12.97,13.02,13.16,-0.14,-1.0638,24289.0,31652.148
300781.SZ,20240617,44.12,44.45,43.5,43.62,44.87,-1.25,-2.7858,49457.48,216834.659
300782.SZ,20240617,89.92,93.6,89.53,93.08,90.39,2.69,2.976,96019.55,882212.215
300783.SZ,20240617,23.8,23.89,23.39,23.45,23.92,-0.47,-1.9649,49709.36,117193.349
300784.SZ,20240617,82.5,83.98,78.88,83.97,86.71,-2.74,-3.16,58998.79,478099.47
300785.SZ,20240617,18.06,18.09,17.6,17.72,18.06,-0.34,-1.8826,32159.76,57138.258
300786.SZ,20240617,12.83,12.9,12.32,12.67,12.75,-0.08,-0.6275,79141.13,99860.21
300787.SZ,20240617,14.16,15.08,13.7,14.77,14.6,0.17,1.1644,243636.05,349972.773
300788.SZ,20240617,25.39,25.63,25.0,25.25,25.75,-0.5,-1.9417,18684.0,47284.945
300789.SZ,20240617,13.15,13.18,13.0,13.02,13.15,-0.13,-0.9886,10645.26,13916.884
300790.SZ,20240617,14.29,14.6,13.79,13.85,13.48,0.37,2.7448,167981.4,235536.004
300791.SZ,20240617,36.49,37.29,36.02,36.98,36.42,0.56,1.5376,7585.0,27971.09
300792.SZ,20240617,16.26,16.26,15.89,15.93,16.33,-0.4,-2.4495,31296.73,50001.035
300793.SZ,20240617,13.0,13.28,12.92,13.12,13.06,0.06,0.4594,85922.17,112907.007
300795.SZ,20240617,20.1,20.11,19.16,19.27,20.18,-0.91,-4.5094,25319.25,49660.703
300796.SZ,20240617,14.8,15.04,14.7,14.83,14.98,-0.15,-1.0013,31661.2,47138.016
300797.SZ,20240617,10.0,10.06,9.88,9.95,10.0,-0.05,-0.5,18273.37,18246.401
300798.SZ,20240617,6.63,6.65,6.46,6.5,6.63,-0.13,-1.9608,42623.0,27789.342
300800.SZ,20240617,10.15,10.15,9.92,10.0,10.02,-0.02,-0.1996,8681.0,8700.868
300801.SZ,20240617,15.81,15.81,15.51,15.55,15.84,-0.29,-1.8308,21697.0,33839.689
300802.SZ,20240617,16.0,16.12,15.84,16.03,16.01,0.02,0.1249,12749.8,20376.476
300803.SZ,20240617,42.3,42.67,41.51,42.42,43.43,-1.01,-2.3256,88774.48,374151.26
300804.SZ,20240617,21.7,21.89,21.51,21.66,21.85,-0.19,-0.8696,4177.58,9042.627
300805.SZ,20240617,6.57,6.59,6.4,6.43,6.6,-0.17,-2.5758,42830.0,27743.029
300806.SZ,20240617,10.96,13.14,10.96,13.14,10.95,2.19,20.0,712278.66,883391.635
300807.SZ,20240617,23.0,23.78,22.34,22.45,22.24,0.21,0.9442,28526.0,65440.008
300808.SZ,20240617,15.76,16.08,15.63,16.0,15.81,0.19,1.2018,12520.0,19967.216
300809.SZ,20240617,20.17,20.5,20.13,20.32,20.27,0.05,0.2467,16235.4,33033.147
300810.SZ,20240617,15.76,16.0,15.56,15.73,15.9,-0.17,-1.0692,19832.0,31211.196
300811.SZ,20240617,41.35,43.29,40.94,42.69,41.33,1.36,3.2906,58906.36,249397.611
300812.SZ,20240617,23.18,23.85,23.02,23.64,23.36,0.28,1.1986,70094.0,164911.245
300813.SZ,20240617,18.01,18.01,17.47,17.59,17.92,-0.33,-1.8415,15065.8,26509.6
300814.SZ,20240617,30.82,33.5,30.64,32.63,31.03,1.6,5.1563,112457.55,360949.518
300815.SZ,20240617,12.33,12.38,12.22,12.3,12.38,-0.08,-0.6462,14239.68,17535.487
300816.SZ,20240617,23.92,24.36,23.58,23.94,23.91,0.03,0.1255,4851.0,11615.397
300817.SZ,20240617,12.1,12.95,12.1,12.82,12.45,0.37,2.9719,229520.0,290161.263
300818.SZ,20240617,26.68,27.59,26.38,26.42,26.69,-0.27,-1.0116,16285.3,43895.433
300819.SZ,20240617,12.74,12.74,12.27,12.32,12.6,-0.28,-2.2222,21483.0,26570.574
300820.SZ,20240617,43.81,44.9,43.13,44.3,44.75,-0.45,-1.0056,25020.92,110775.656
300821.SZ,20240617,7.5,7.57,7.43,7.46,7.52,-0.06,-0.7979,31049.48,23269.1
300822.SZ,20240617,14.06,15.75,14.05,15.39,14.56,0.83,5.7005,354169.85,534235.58
300823.SZ,20240617,11.46,11.66,11.3,11.4,11.57,-0.17,-1.4693,28971.11,33194.263
300824.SZ,20240617,7.73,7.85,7.62,7.62,7.83,-0.21,-2.682,29456.0,22689.622
300825.SZ,20240617,10.1,10.36,10.05,10.18,10.17,0.01,0.0983,68436.0,69750.555
300826.SZ,20240617,11.1,11.17,10.9,10.98,11.11,-0.13,-1.1701,19329.0,21289.277
300827.SZ,20240617,23.8,24.6,23.61,24.12,24.29,-0.17,-0.6999,65810.71,159030.67
300828.SZ,20240617,11.25,11.38,11.02,11.15,11.23,-0.08,-0.7124,16088.5,18049.872
300829.SZ,20240617,15.35,15.56,15.17,15.31,15.44,-0.13,-0.842,17844.5,27379.973
300830.SZ,20240617,5.53,5.7,5.51,5.6,5.58,0.02,0.3584,60103.0,33852.058
300831.SZ,20240617,12.18,12.75,12.01,12.7,12.25,0.45,3.6735,115894.15,144889.699
300832.SZ,20240617,70.99,75.5,70.61,72.02,70.54,1.48,2.0981,84829.07,615605.636
300833.SZ,20240617,52.28,53.45,51.82,53.3,52.27,1.03,1.9705,3940.82,20836.3
300834.SZ,20240617,17.44,17.6,17.22,17.48,17.44,0.04,0.2294,2164.0,3778.441
300835.SZ,20240617,23.45,24.49,23.21,23.73,23.56,0.17,0.7216,22348.1,53304.319
300836.SZ,20240617,35.17,35.5,34.0,34.3,34.66,-0.36,-1.0387,11906.8,41073.734
300837.SZ,20240617,21.41,21.53,20.62,20.75,21.41,-0.66,-3.0827,12450.0,26037.024
300838.SZ,20240617,10.21,10.29,10.09,10.15,10.3,-0.15,-1.4563,8787.0,8955.693
300839.SZ,20240617,5.34,5.81,5.33,5.6,5.43,0.17,3.1308,147148.3,82302.968
300840.SZ,20240617,10.5,10.6,10.32,10.44,10.64,-0.2,-1.8797,63730.0,66544.174
300841.SZ,20240617,55.35,55.5,54.63,54.69,55.92,-1.23,-2.1996,14152.81,77726.397
300842.SZ,20240617,46.0,47.22,45.57,47.08,46.65,0.43,0.9218,26768.31,124557.525
300843.SZ,20240617,29.3,30.5,28.9,29.12,29.12,0.0,0.0,125161.13,368831.929
300844.SZ,20240617,24.52,24.94,24.1,24.32,24.83,-0.51,-2.054,14325.6,34950.008
300845.SZ,20240617,10.42,10.86,10.27,10.52,10.4,0.12,1.1538,79410.58,83863.159
300846.SZ,20240617,9.58,9.59,9.44,9.51,9.58,-0.07,-0.7307,48527.0,46217.606
300847.SZ,20240617,14.91,15.03,14.81,14.88,15.04,-0.16,-1.0638,29949.0,44733.727
300848.SZ,20240617,16.68,17.08,16.5,17.07,16.69,0.38,2.2768,20564.78,34626.659
300849.SZ,20240617,12.58,12.66,12.39,12.57,12.69,-0.12,-0.9456,8891.0,11174.283
300850.SZ,20240617,17.1,17.3,16.93,17.01,17.18,-0.17,-0.9895,50304.95,85865.245
300851.SZ,20240617,23.4,23.65,23.05,23.49,23.25,0.24,1.0323,3830.39,8970.776
300852.SZ,20240617,25.08,27.41,25.03,27.41,25.37,2.04,8.041,97298.15,259062.38
300853.SZ,20240617,14.67,14.99,14.61,14.77,14.84,-0.07,-0.4717,15711.15,23230.984
300854.SZ,20240617,10.55,10.65,9.97,10.11,10.43,-0.32,-3.0681,24455.89,24969.462
300855.SZ,20240617,27.1,27.62,27.08,27.11,27.44,-0.33,-1.2026,18935.25,51758.73
300856.SZ,20240617,34.99,36.86,34.92,36.41,35.31,1.1,3.1153,46499.58,167855.8
300857.SZ,20240617,59.14,60.31,59.1,59.75,59.65,0.1,0.1676,63325.0,378754.053
300858.SZ,20240617,15.11,15.85,14.87,15.69,15.11,0.58,3.8385,25819.39,39833.822
300859.SZ,20240617,29.1,29.53,28.79,29.09,29.3,-0.21,-0.7167,35389.0,103024.024
300860.SZ,20240617,22.27,22.43,21.94,22.25,22.29,-0.04,-0.1795,8860.62,19736.472
300861.SZ,20240617,21.41,21.74,21.23,21.34,21.57,-0.23,-1.0663,31097.63,66643.274
300862.SZ,20240617,24.94,25.72,24.21,24.4,25.0,-0.6,-2.4,57734.28,143974.812
300863.SZ,20240617,33.02,33.88,32.65,33.04,33.67,-0.63,-1.8711,15100.93,50174.382
300864.SZ,20240617,22.01,22.15,21.57,21.67,21.98,-0.31,-1.4104,10477.46,22829.678
300865.SZ,20240617,15.73,15.96,15.55,15.78,15.73,0.05,0.3179,5173.0,8153.39
300866.SZ,20240617,72.8,74.96,72.78,74.21,72.78,1.43,1.9648,33009.96,244889.625
300867.SZ,20240617,11.39,11.39,11.18,11.22,11.42,-0.2,-1.7513,22384.04,25210.501
300868.SZ,20240617,18.71,22.82,18.08,22.82,19.02,3.8,19.979,251796.68,512733.143
300869.SZ,20240617,13.93,14.03,13.82,13.95,14.0,-0.05,-0.3571,16061.26,22396.109
300870.SZ,20240617,46.31,47.75,46.3,47.05,46.55,0.5,1.0741,21120.0,99503.496
300871.SZ,20240617,10.19,10.24,9.8,9.86,10.18,-0.32,-3.1434,35237.21,34923.253
300872.SZ,20240617,12.92,13.21,12.88,13.13,13.09,0.04,0.3056,70385.2,92052.991
300873.SZ,20240617,15.5,15.51,15.26,15.33,15.55,-0.22,-1.4148,14386.6,22106.761
300875.SZ,20240617,23.05,23.6,22.97,23.12,23.0,0.12,0.5217,19550.19,45365.976
300876.SZ,20240617,17.92,18.17,17.72,17.85,17.92,-0.07,-0.3906,6772.0,12098.651
300877.SZ,20240617,10.91,11.05,10.76,10.82,11.01,-0.19,-1.7257,10652.0,11552.269
300878.SZ,20240617,14.92,15.03,14.72,14.82,15.04,-0.22,-1.4628,7466.0,11107.939
300879.SZ,20240617,12.92,13.1,12.84,12.9,13.12,-0.22,-1.6768,21138.14,27369.497
300880.SZ,20240617,19.98,20.92,19.8,20.64,20.44,0.2,0.9785,122453.99,251389.147
300881.SZ,20240617,25.49,25.84,25.12,25.3,25.92,-0.62,-2.392,13791.5,34987.775
300882.SZ,20240617,17.1,18.28,16.86,18.1,17.67,0.43,2.4335,140646.46,248952.206
300883.SZ,20240617,4.33,4.38,4.24,4.26,4.35,-0.09,-2.069,43621.0,18677.663
300884.SZ,20240617,8.38,8.79,8.35,8.57,8.54,0.03,0.3513,64442.86,55098.756
300885.SZ,20240617,7.58,7.63,7.38,7.41,7.63,-0.22,-2.8834,39862.12,29901.932
300886.SZ,20240617,16.47,16.63,16.11,16.23,16.53,-0.3,-1.8149,7674.51,12479.945
300887.SZ,20240617,8.0,8.05,7.89,7.91,8.04,-0.13,-1.6169,75156.8,59738.338
300888.SZ,20240617,27.3,27.47,27.04,27.4,27.42,-0.02,-0.0729,17969.39,49058.036
300889.SZ,20240617,10.1,10.5,9.93,10.4,10.07,0.33,3.2771,35667.3,36751.743
300890.SZ,20240617,27.19,28.49,27.0,27.94,27.48,0.46,1.6739,57615.9,161168.338
300891.SZ,20240617,8.29,8.4,8.08,8.11,8.28,-0.17,-2.0531,34688.0,28299.45
300892.SZ,20240617,14.44,14.52,14.01,14.14,14.66,-0.52,-3.5471,16859.68,23982.137
300893.SZ,20240617,29.7,29.7,28.9,29.43,29.7,-0.27,-0.9091,13328.0,38977.368
300894.SZ,20240617,14.46,14.65,14.22,14.22,14.6,-0.38,-2.6027,65683.2,94449.725
300895.SZ,20240617,25.03,25.71,24.9,25.39,25.17,0.22,0.8741,25803.17,65326.439
300896.SZ,20240617,183.19,187.47,183.02,186.14,185.89,0.25,0.1345,19813.2,368541.348
300897.SZ,20240617,18.25,18.45,18.16,18.28,18.38,-0.1,-0.5441,5518.56,10103.277
300898.SZ,20240617,17.87,18.0,17.55,17.56,18.09,-0.53,-2.9298,24741.0,43767.57
300899.SZ,20240617,18.7,18.82,18.42,18.53,18.76,-0.23,-1.226,10335.13,19201.634
300900.SZ,20240617,26.33,26.87,26.23,26.43,26.38,0.05,0.1895,68497.96,181389.885
300901.SZ,20240617,7.58,8.47,7.5,8.33,7.67,0.66,8.605,92264.0,74047.013
300902.SZ,20240617,18.78,18.84,18.3,18.67,18.81,-0.14,-0.7443,18214.76,33776.562
300903.SZ,20240617,7.17,7.5,7.09,7.38,7.25,0.13,1.7931,328507.82,240554.18
300904.SZ,20240617,41.19,41.94,40.66,41.63,41.2,0.43,1.0437,7057.28,29268.097
300905.SZ,20240617,31.25,31.79,30.95,31.22,31.48,-0.26,-0.8259,49403.04,154238.252
300906.SZ,20240617,23.96,24.38,23.35,24.07,24.29,-0.22,-0.9057,33612.45,80287.424
300907.SZ,20240617,18.94,19.06,18.56,18.63,19.13,-0.5,-2.6137,16466.36,30853.503
300908.SZ,20240617,30.23,30.4,29.4,29.48,30.41,-0.93,-3.0582,7990.47,23786.274
300909.SZ,20240617,22.86,23.77,22.72,23.36,23.35,0.01,0.0428,35318.5,82662.986
300910.SZ,20240617,46.02,46.61,45.76,45.85,46.44,-0.59,-1.2705,10761.5,49713.289
300911.SZ,20240617,25.66,25.81,25.3,25.55,25.57,-0.02,-0.0782,9629.82,24529.324
300912.SZ,20240617,9.35,9.43,9.2,9.25,9.35,-0.1,-1.0695,21903.12,20426.89
300913.SZ,20240617,36.51,37.82,35.82,35.9,36.29,-0.39,-1.0747,111609.68,409923.954
300915.SZ,20240617,27.99,28.01,27.33,27.41,28.2,-0.79,-2.8014,6184.0,17043.875
300916.SZ,20240617,25.21,26.07,25.2,25.84,25.66,0.18,0.7015,32029.75,82666.225
300917.SZ,20240617,38.15,38.5,37.12,37.4,39.5,-2.1,-5.3165,168271.44,634331.74
300918.SZ,20240617,10.3,10.95,10.26,10.76,10.85,-0.09,-0.8295,126083.55,133824.362
300919.SZ,20240617,34.94,36.58,34.82,35.95,35.23,0.72,2.0437,67996.62,244206.049
300920.SZ,20240617,14.92,15.09,14.39,14.46,14.91,-0.45,-3.0181,15359.03,22319.13
300921.SZ,20240617,17.07,17.47,16.96,17.13,17.22,-0.09,-0.5226,20561.73,35274.165
300922.SZ,20240617,13.28,13.63,13.15,13.24,13.45,-0.21,-1.5613,47626.2,63652.286
300923.SZ,20240617,16.35,16.52,16.06,16.26,16.37,-0.11,-0.672,4745.83,7740.81
300925.SZ,20240617,10.54,10.87,10.51,10.65,10.57,0.08,0.7569,241433.4,258128.301
300926.SZ,20240617,18.93,19.08,18.77,18.83,18.96,-0.13,-0.6857,26714.7,50541.08
300927.SZ,20240617,15.58,15.58,15.23,15.27,15.64,-0.37,-2.3657,34684.24,53233.225
300928.SZ,20240617,37.15,37.94,36.67,37.21,36.5,0.71,1.9452,21787.0,81421.899
300929.SZ,20240617,7.61,7.66,7.3,7.35,7.63,-0.28,-3.6697,15766.2,11682.339
300930.SZ,20240617,16.6,17.64,16.3,17.5,16.77,0.73,4.353,16009.0,27545.984
300931.SZ,20240617,5.5,5.53,5.39,5.41,5.5,-0.09,-1.6364,27294.5,14867.901
300932.SZ,20240617,9.46,9.86,9.34,9.65,9.66,-0.01,-0.1035,67294.92,64795.118
300933.SZ,20240617,7.14,7.14,6.7,6.77,7.14,-0.37,-5.1821,690300.13,473539.95
300935.SZ,20240617,15.43,15.7,15.29,15.38,15.57,-0.19,-1.2203,7932.7,12281.369
300936.SZ,20240617,36.6,39.49,36.6,38.69,37.37,1.32,3.5322,70999.71,272248.019
300937.SZ,20240617,21.58,21.87,21.36,21.41,21.66,-0.25,-1.1542,6756.0,14547.4
300938.SZ,20240617,22.12,22.2,21.7,21.8,22.12,-0.32,-1.4467,11761.77,25799.426
300939.SZ,20240617,29.0,29.65,28.44,29.4,29.19,0.21,0.7194,52276.63,151612.819
300940.SZ,20240617,12.9,13.15,12.69,12.87,12.85,0.02,0.1556,21177.2,27297.679
300941.SZ,20240617,16.86,17.19,16.78,17.14,17.21,-0.07,-0.4067,35400.5,60325.973
300942.SZ,20240617,6.38,6.45,6.27,6.32,6.39,-0.07,-1.0955,26721.0,16890.023
300943.SZ,20240617,10.68,10.97,10.68,10.73,10.87,-0.14,-1.2879,33865.11,36638.696
300945.SZ,20240617,9.2,9.25,8.99,9.0,9.21,-0.21,-2.2801,66640.31,60581.839
300946.SZ,20240617,22.5,23.12,22.44,22.91,22.97,-0.06,-0.2612,4356.4,9972.454
300947.SZ,20240617,15.26,15.62,15.08,15.26,16.06,-0.8,-4.9813,132884.38,204198.929
300948.SZ,20240617,8.79,8.88,8.68,8.77,8.83,-0.06,-0.6795,13418.5,11758.207
300949.SZ,20240617,31.0,31.0,30.28,30.45,31.03,-0.58,-1.8692,6597.1,20187.174
300950.SZ,20240617,15.57,15.69,15.31,15.4,15.67,-0.27,-1.723,21964.5,33960.184
300951.SZ,20240617,29.94,31.58,29.6,31.33,29.94,1.39,4.6426,68314.76,211394.825
300952.SZ,20240617,17.98,18.79,17.76,18.4,17.83,0.57,3.1969,20298.0,37548.08
300953.SZ,20240617,56.89,57.97,56.25,56.98,56.89,0.09,0.1582,8631.0,49367.378
300955.SZ,20240617,13.37,13.37,12.81,12.95,13.35,-0.4,-2.9963,10551.0,13713.213
300956.SZ,20240617,25.73,28.82,25.1,28.03,26.2,1.83,6.9847,325314.22,895783.456
300957.SZ,20240617,51.0,51.18,50.57,50.65,51.4,-0.75,-1.4591,20481.83,103991.787
300958.SZ,20240617,10.94,11.04,10.73,10.85,10.96,-0.11,-1.0036,11793.0,12835.633
300959.SZ,20240617,24.11,24.21,23.66,23.83,24.13,-0.3,-1.2433,4045.0,9671.21
300960.SZ,20240617,15.25,15.42,15.03,15.1,15.34,-0.24,-1.5645,8065.0,12251.406
300961.SZ,20240617,7.81,7.88,7.66,7.7,7.9,-0.2,-2.5316,17693.16,13689.861
300962.SZ,20240617,13.38,13.5,13.24,13.4,13.39,0.01,0.0747,7198.02,9649.113
300963.SZ,20240617,10.23,10.39,10.07,10.13,10.34,-0.21,-2.0309,18797.43,19121.296
300964.SZ,20240617,32.16,34.5,32.01,34.48,32.73,1.75,5.3468,54602.92,184653.071
300965.SZ,20240617,28.69,28.69,27.68,27.76,28.69,-0.93,-3.2415,4703.0,13195.296
300966.SZ,20240617,17.48,17.5,17.01,17.2,17.48,-0.28,-1.6018,20089.0,34472.718
300967.SZ,20240617,9.76,9.84,9.55,9.63,9.86,-0.23,-2.3327,37431.1,36156.853
300968.SZ,20240617,8.95,9.36,8.87,9.25,9.03,0.22,2.4363,113634.13,104496.344
300969.SZ,20240617,80.02,82.97,79.19,81.99,80.35,1.64,2.0411,7241.8,58890.437
300970.SZ,20240617,12.08,12.1,11.82,11.89,12.09,-0.2,-1.6543,16956.96,20249.928
300971.SZ,20240617,17.26,17.36,17.03,17.11,17.27,-0.16,-0.9265,17857.49,30651.579
300972.SZ,20240617,22.25,22.43,21.95,21.97,22.2,-0.23,-1.036,11497.18,25399.915
300973.SZ,20240617,31.9,32.43,31.8,31.96,32.29,-0.33,-1.022,17948.0,57730.696
300975.SZ,20240617,9.5,9.7,9.46,9.54,9.55,-0.01,-0.1047,220423.71,211186.171
300976.SZ,20240617,44.31,45.47,43.18,45.26,44.05,1.21,2.7469,24815.0,110804.549
300977.SZ,20240617,14.13,14.2,13.78,13.85,14.12,-0.27,-1.9122,16988.76,23625.619
300978.SZ,20240617,9.77,9.91,9.71,9.74,9.77,-0.03,-0.3071,21437.97,21029.687
300979.SZ,20240617,67.6,68.94,67.0,68.38,67.63,0.75,1.109,19358.97,131710.284
300980.SZ,20240617,16.25,16.6,16.0,16.21,16.29,-0.08,-0.4911,7424.06,12111.643
300981.SZ,20240617,10.62,10.67,10.41,10.53,10.62,-0.09,-0.8475,14392.08,15169.027
300982.SZ,20240617,20.35,21.11,20.32,20.48,20.85,-0.37,-1.7746,42577.0,88120.687
300983.SZ,20240617,15.39,15.48,15.22,15.23,15.39,-0.16,-1.0396,5305.46,8127.22
300984.SZ,20240617,22.82,22.89,21.89,22.5,23.15,-0.65,-2.8078,10828.02,24242.276
300985.SZ,20240617,16.96,17.1,16.75,16.81,17.08,-0.27,-1.5808,16225.71,27439.235
300986.SZ,20240617,6.93,6.95,6.79,6.85,6.99,-0.14,-2.0029,32132.66,22060.562
300987.SZ,20240617,12.78,12.78,12.5,12.53,12.8,-0.27,-2.1094,17977.18,22633.551
300988.SZ,20240617,19.7,21.58,19.49,21.06,19.85,1.21,6.0957,189172.51,393636.695
300989.SZ,20240617,12.58,12.77,12.23,12.28,12.51,-0.23,-1.8385,50864.3,63565.335
300990.SZ,20240617,32.24,32.55,31.89,31.98,32.3,-0.32,-0.9907,13428.2,43214.355
300991.SZ,20240617,16.57,16.82,16.29,16.55,16.75,-0.2,-1.194,107470.26,178202.825
300992.SZ,20240617,15.2,15.48,14.96,15.07,15.83,-0.76,-4.801,22296.0,33843.145
300993.SZ,20240617,9.42,9.87,9.35,9.6,9.5,0.1,1.0526,141413.97,136428.891
300994.SZ,20240617,10.7,10.93,10.6,10.64,10.69,-0.05,-0.4677,24731.6,26546.415
300995.SZ,20240617,15.54,15.87,15.38,15.47,15.55,-0.08,-0.5145,11497.36,17940.137
300996.SZ,20240617,14.18,14.18,13.93,14.0,14.2,-0.2,-1.4085,23432.71,32921.443
300997.SZ,20240617,12.79,12.95,12.57,12.62,12.87,-0.25,-1.9425,14170.91,17927.941
300998.SZ,20240617,23.88,24.19,23.25,23.6,23.67,-0.07,-0.2957,10558.0,24887.825
300999.SZ,20240617,28.9,28.9,28.58,28.71,28.99,-0.28,-0.9659,45422.44,130315.249
301000.SZ,20240617,19.79,19.84,19.3,19.36,19.87,-0.51,-2.5667,31477.87,61351.942
301001.SZ,20240617,17.26,17.51,17.03,17.32,17.31,0.01,0.0578,18377.17,31763.007
301002.SZ,20240617,14.33,14.44,14.12,14.27,14.46,-0.19,-1.314,11889.61,16959.951
301003.SZ,20240617,22.33,22.49,21.91,22.11,22.33,-0.22,-0.9852,10167.2,22562.077
301004.SZ,20240617,85.86,89.0,83.33,88.69,86.08,2.61,3.0321,11016.29,96300.556
301005.SZ,20240617,24.99,25.36,24.49,24.7,25.0,-0.3,-1.2,39942.72,99505.171
301006.SZ,20240617,11.96,12.12,11.73,11.86,12.07,-0.21,-1.7399,4531.0,5412.208
301007.SZ,20240617,11.72,11.89,11.65,11.73,11.77,-0.04,-0.3398,33285.0,39186.001
301008.SZ,20240617,26.88,26.98,26.52,26.71,26.82,-0.11,-0.4101,10297.02,27534.805
301009.SZ,20240617,7.66,7.77,7.49,7.55,7.81,-0.26,-3.3291,25461.0,19307.654
301010.SZ,20240617,11.89,11.92,11.46,11.53,11.89,-0.36,-3.0278,12897.0,15014.387
301011.SZ,20240617,15.92,15.92,15.33,15.36,15.54,-0.18,-1.1583,15665.26,24204.663
301012.SZ,20240617,25.01,26.09,24.88,25.19,25.38,-0.19,-0.7486,104443.38,264838.81
301013.SZ,20240617,10.54,10.9,10.31,10.67,10.54,0.13,1.2334,81169.5,86877.273
301015.SZ,20240617,28.75,28.97,28.06,28.4,28.77,-0.37,-1.2861,25621.63,72948.459
301016.SZ,20240617,16.91,17.35,16.91,17.11,17.16,-0.05,-0.2914,17258.0,29634.184
301017.SZ,20240617,11.06,11.06,10.65,10.72,11.08,-0.36,-3.2491,36814.0,39646.611
301018.SZ,20240617,20.49,20.75,20.29,20.5,20.64,-0.14,-0.6783,19951.0,40932.964
301019.SZ,20240617,19.82,20.04,19.67,19.81,19.87,-0.06,-0.302,4937.0,9767.891
301020.SZ,20240617,16.33,16.67,16.23,16.31,16.33,-0.02,-0.1225,10606.0,17432.942
301021.SZ,20240617,16.29,16.6,16.12,16.43,16.29,0.14,0.8594,16067.98,26339.837
301022.SZ,20240617,20.47,21.5,20.41,20.68,20.48,0.2,0.9766,27217.8,56778.777
301023.SZ,20240617,29.7,30.6,29.7,29.98,30.09,-0.11,-0.3656,4770.0,14365.423
301024.SZ,20240617,19.58,19.58,19.0,19.15,19.5,-0.35,-1.7949,6275.5,12082.873
301025.SZ,20240617,9.77,9.88,9.62,9.73,9.86,-0.13,-1.3185,60012.03,58375.801
301026.SZ,20240617,23.7,23.99,23.23,23.74,23.71,0.03,0.1265,5103.23,12096.031
301027.SZ,20240617,7.0,7.0,6.8,6.82,6.98,-0.16,-2.2923,23112.86,15873.308
301028.SZ,20240617,8.97,9.09,8.89,8.97,9.02,-0.05,-0.5543,25794.33,23160.093
301029.SZ,20240617,21.15,21.38,20.96,21.18,21.23,-0.05,-0.2355,32244.12,68331.553
301030.SZ,20240617,29.8,30.16,29.15,29.69,29.8,-0.11,-0.3691,53210.36,157142.078
301031.SZ,20240617,85.51,88.8,85.5,86.08,86.17,-0.09,-0.1044,7462.34,65017.471
301032.SZ,20240617,6.65,6.79,6.58,6.7,6.74,-0.04,-0.5935,32095.0,21400.275
301033.SZ,20240617,39.39,39.72,38.92,39.04,39.39,-0.35,-0.8886,4809.08,18853.882
301035.SZ,20240617,47.88,48.64,47.88,48.17,48.41,-0.24,-0.4958,5645.06,27204.532
301036.SZ,20240617,33.28,33.95,31.69,33.1,32.63,0.47,1.4404,217848.06,713927.883
301037.SZ,20240617,8.86,8.91,8.57,8.63,8.95,-0.32,-3.5754,22971.92,20031.934
301038.SZ,20240617,13.92,14.96,13.79,14.43,14.05,0.38,2.7046,41255.67,59533.693
301039.SZ,20240617,9.21,9.68,9.2,9.38,9.29,0.09,0.9688,149459.0,141774.766
301040.SZ,20240617,10.27,10.41,9.95,10.03,10.38,-0.35,-3.3719,19017.41,19316.471
301041.SZ,20240617,26.75,29.0,26.4,28.58,26.95,1.63,6.0482,183678.58,510197.022
301042.SZ,20240617,35.11,36.1,34.95,35.71,35.65,0.06,0.1683,15354.82,54615.552
301043.SZ,20240617,24.13,24.27,23.79,23.85,24.14,-0.29,-1.2013,5335.0,12786.258
301045.SZ,20240617,19.34,19.58,19.05,19.46,19.34,0.12,0.6205,12746.0,24681.189
301046.SZ,20240617,20.31,20.65,20.11,20.46,20.72,-0.26,-1.2548,13891.9,28370.153
301047.SZ,20240617,60.43,60.78,60.01,60.4,61.08,-0.68,-1.1133,8069.08,48754.361
301048.SZ,20240617,8.68,8.75,8.59,8.66,8.74,-0.08,-0.9153,23772.77,20616.746
301049.SZ,20240617,19.41,19.63,19.08,19.42,19.35,0.07,0.3618,18967.55,36735.492
301050.SZ,20240617,49.3,50.13,49.02,49.62,49.52,0.1,0.2019,32373.71,161107.277
301051.SZ,20240617,25.41,26.43,25.41,26.23,25.77,0.46,1.785,14186.67,36941.567
301052.SZ,20240617,21.5,21.7,21.19,21.31,21.8,-0.49,-2.2477,30847.74,65973.313
301053.SZ,20240617,19.4,19.58,19.01,19.18,19.51,-0.33,-1.6914,6403.55,12315.966
301055.SZ,20240617,11.18,11.24,10.9,11.11,11.18,-0.07,-0.6261,8882.96,9873.761
301056.SZ,20240617,7.92,8.01,7.84,7.87,8.01,-0.14,-1.7478,22228.72,17569.156
301057.SZ,20240617,11.59,11.62,11.11,11.21,11.59,-0.38,-3.2787,17190.0,19409.075
301058.SZ,20240617,9.56,9.65,9.44,9.51,9.59,-0.08,-0.8342,49344.48,47124.959
301059.SZ,20240617,9.16,9.16,8.81,8.88,9.14,-0.26,-2.8446,14340.52,12741.814
301060.SZ,20240617,8.88,8.89,8.54,8.65,8.98,-0.33,-3.6748,55223.9,47955.891
301061.SZ,20240617,49.25,49.43,47.6,48.28,49.08,-0.8,-1.63,11891.83,57689.169
301062.SZ,20240617,10.59,10.84,10.5,10.77,10.59,0.18,1.6997,31226.0,33485.528
301063.SZ,20240617,14.61,14.82,14.43,14.55,14.73,-0.18,-1.222,11589.7,16948.406
301065.SZ,20240617,16.6,16.63,16.08,16.1,16.6,-0.5,-3.012,9312.5,15170.469
301066.SZ,20240617,8.67,8.74,8.29,8.32,8.66,-0.34,-3.9261,35333.82,29756.697
301067.SZ,20240617,18.52,19.04,18.52,18.8,18.67,0.13,0.6963,18511.39,34788.049
301068.SZ,20240617,22.62,22.62,21.53,21.92,22.49,-0.57,-2.5345,5675.6,12448.509
301069.SZ,20240617,14.0,14.18,13.69,14.05,14.09,-0.04,-0.2839,34852.15,48676.196
301070.SZ,20240617,41.99,44.88,40.44,41.39,41.13,0.26,0.6321,12227.0,51618.03
301071.SZ,20240617,29.3,29.95,29.3,29.77,29.75,0.02,0.0672,18115.65,53820.601
301072.SZ,20240617,19.21,19.36,19.01,19.19,19.22,-0.03,-0.1561,8267.81,15886.714
301073.SZ,20240617,19.21,19.94,19.13,19.75,19.47,0.28,1.4381,60470.13,118178.099
301075.SZ,20240617,16.22,16.39,16.01,16.1,16.33,-0.23,-1.4085,9120.0,14722.849
301076.SZ,20240617,19.8,20.0,19.51,19.63,19.86,-0.23,-1.1581,21651.0,42628.016
301077.SZ,20240617,18.3,18.49,18.06,18.14,18.43,-0.29,-1.5735,11385.0,20797.855
301078.SZ,20240617,5.5,5.61,5.46,5.54,5.56,-0.02,-0.3597,55817.0,30907.931
301079.SZ,20240617,11.49,12.16,11.42,11.69,11.59,0.1,0.8628,37794.1,44376.124
301080.SZ,20240617,37.6,38.14,37.32,37.79,37.54,0.25,0.666,9913.5,37473.514
301081.SZ,20240617,7.63,7.72,7.53,7.57,7.68,-0.11,-1.4323,19345.6,14719.053
301082.SZ,20240617,12.89,13.96,12.28,13.67,13.45,0.22,1.6357,448391.89,587301.514
301083.SZ,20240617,13.8,14.18,13.68,13.95,13.5,0.45,3.3333,78256.36,108822.541
301085.SZ,20240617,44.7,44.98,43.77,44.58,45.09,-0.51,-1.1311,19693.26,87500.925
301086.SZ,20240617,37.67,41.82,37.01,40.55,38.4,2.15,5.599,54018.65,213626.922
301087.SZ,20240617,34.87,36.14,34.74,36.0,34.9,1.1,3.1519,11726.76,41904.573
301088.SZ,20240617,11.9,11.9,11.17,11.25,11.61,-0.36,-3.1008,10089.6,11410.995
301089.SZ,20240617,33.0,33.07,32.7,32.87,33.06,-0.19,-0.5747,14496.15,47625.48
301090.SZ,20240617,7.32,7.32,7.14,7.16,7.28,-0.12,-1.6484,38547.0,27758.31
301091.SZ,20240617,25.85,27.19,25.8,26.2,25.53,0.67,2.6244,188632.17,498967.106
301092.SZ,20240617,24.08,24.23,23.85,23.91,24.11,-0.2,-0.8295,5686.0,13641.35
301093.SZ,20240617,20.89,21.09,20.71,21.01,20.94,0.07,0.3343,4634.0,9711.274
301095.SZ,20240617,46.79,47.75,46.48,47.0,46.97,0.03,0.0639,35354.45,166596.185
301096.SZ,20240617,60.4,62.11,60.11,61.12,60.46,0.66,1.0916,6534.99,40018.302
301097.SZ,20240617,39.75,40.15,38.19,39.67,39.76,-0.09,-0.2264,1190.15,4715.953
301098.SZ,20240617,7.65,7.71,7.41,7.48,7.72,-0.24,-3.1088,18252.1,13724.158
301099.SZ,20240617,46.1,49.1,45.85,48.34,46.69,1.65,3.5339,84671.65,400971.471
301100.SZ,20240617,13.65,13.65,13.33,13.38,13.63,-0.25,-1.8342,9582.24,12905.031
301101.SZ,20240617,23.17,23.3,22.68,22.85,23.38,-0.53,-2.2669,17627.99,40318.336
301102.SZ,20240617,12.67,12.7,12.49,12.56,12.7,-0.14,-1.1024,16411.74,20655.385
301103.SZ,20240617,22.75,22.9,22.5,22.65,22.9,-0.25,-1.0917,5630.0,12755.907
301105.SZ,20240617,25.16,25.16,24.31,24.46,25.2,-0.74,-2.9365,4646.17,11455.431
301106.SZ,20240617,30.88,33.0,30.8,32.42,31.76,0.66,2.0781,54048.79,175077.525
301107.SZ,20240617,26.64,26.7,25.3,25.6,26.13,-0.53,-2.0283,18459.0,47485.005
301108.SZ,20240617,26.0,26.15,25.69,25.72,26.03,-0.31,-1.1909,1483.0,3835.253
301109.SZ,20240617,16.18,16.23,16.02,16.06,16.24,-0.18,-1.1084,11271.0,18164.877
301110.SZ,20240617,28.07,28.23,27.53,27.66,28.34,-0.68,-2.3994,7400.4,20587.502
301111.SZ,20240617,14.37,14.79,14.3,14.56,14.56,0.0,0.0,15224.92,22229.013
301112.SZ,20240617,18.97,19.24,18.81,19.01,19.16,-0.15,-0.7829,6081.33,11553.304
301113.SZ,20240617,19.7,19.85,19.16,19.4,19.71,-0.31,-1.5728,5650.0,11042.138
301115.SZ,20240617,14.92,14.92,14.72,14.77,14.89,-0.12,-0.8059,4317.66,6386.784
301116.SZ,20240617,9.45,9.54,9.3,9.33,9.59,-0.26,-2.7112,18589.58,17423.241
301117.SZ,20240617,26.9,27.14,26.21,26.8,26.96,-0.16,-0.5935,12570.24,33796.095
301118.SZ,20240617,15.08,15.1,14.74,14.86,15.09,-0.23,-1.5242,12124.0,18065.227
301119.SZ,20240617,18.61,19.26,18.45,19.14,18.67,0.47,2.5174,16818.52,31914.94
301120.SZ,20240617,9.44,10.29,9.4,9.92,9.68,0.24,2.4793,101517.0,100503.593
301121.SZ,20240617,38.0,40.24,37.75,39.89,38.55,1.34,3.476,34294.59,135238.726
301122.SZ,20240617,20.06,20.18,19.47,19.79,20.09,-0.3,-1.4933,10502.2,20909.56
301123.SZ,20240617,18.77,19.5,18.54,19.35,18.86,0.49,2.5981,112051.37,215075.671
301125.SZ,20240617,12.43,12.68,12.3,12.43,12.43,0.0,0.0,16160.09,20215.552
301126.SZ,20240617,8.98,9.06,8.9,8.96,9.04,-0.08,-0.885,25714.99,23040.991
301127.SZ,20240617,11.86,11.98,11.77,11.8,11.91,-0.11,-0.9236,33737.5,39980.192
301128.SZ,20240617,39.31,40.28,39.0,39.9,39.13,0.77,1.9678,20030.0,79548.303
301129.SZ,20240617,19.36,20.2,19.08,19.8,19.35,0.45,2.3256,79493.94,156207.516
301130.SZ,20240617,23.76,23.97,23.4,23.61,23.92,-0.31,-1.296,2236.0,5289.879
301131.SZ,20240617,36.3,37.41,36.3,36.79,36.79,0.0,0.0,9782.0,36162.255
301132.SZ,20240617,24.61,26.37,23.88,25.28,24.41,0.87,3.5641,168268.29,423659.231
301133.SZ,20240617,21.11,21.33,20.77,20.82,21.12,-0.3,-1.4205,9192.48,19299.403
301135.SZ,20240617,19.21,19.39,18.87,19.3,19.13,0.17,0.8887,13624.56,26154.675
301136.SZ,20240617,10.27,11.63,10.19,10.94,10.09,0.85,8.4242,217490.08,236897.074
301137.SZ,20240617,14.33,14.48,14.19,14.25,14.42,-0.17,-1.1789,15700.0,22498.386
301138.SZ,20240617,22.02,22.35,21.87,22.02,22.19,-0.17,-0.7661,9017.92,19935.498
301139.SZ,20240617,21.61,22.83,21.61,22.12,21.64,0.48,2.2181,50572.15,112147.494
301141.SZ,20240617,30.5,30.83,30.11,30.54,30.56,-0.02,-0.0654,21674.71,65908.177
301148.SZ,20240617,16.68,16.76,16.3,16.36,16.72,-0.36,-2.1531,6933.24,11426.262
301149.SZ,20240617,9.5,9.73,9.5,9.53,9.7,-0.17,-1.7526,33266.0,31825.439
301150.SZ,20240617,17.65,19.88,17.65,19.04,17.84,1.2,6.7265,41410.27,78305.494
301151.SZ,20240617,14.58,15.4,14.39,15.03,14.59,0.44,3.0158,38139.22,56821.371
301152.SZ,20240617,21.93,24.15,21.6,23.48,22.01,1.47,6.6788,41248.91,95420.206
301153.SZ,20240617,27.46,27.6,26.9,27.32,27.31,0.01,0.0366,21035.59,57422.225
301155.SZ,20240617,45.99,47.0,45.57,46.11,45.99,0.12,0.2609,11855.65,54980.879
301156.SZ,20240617,15.0,15.95,14.6,15.51,15.43,0.08,0.5185,82519.92,126906.954
301157.SZ,20240617,33.26,33.85,33.01,33.36,33.63,-0.27,-0.8029,6373.0,21280.799
301158.SZ,20240617,12.95,12.95,12.68,12.72,12.98,-0.26,-2.0031,10430.64,13356.093
301159.SZ,20240617,26.23,26.59,26.0,26.05,26.77,-0.72,-2.6896,14319.31,37604.055
301160.SZ,20240617,40.39,40.8,39.92,40.35,40.9,-0.55,-1.3447,10906.0,43986.126
301161.SZ,20240617,15.4,15.4,15.15,15.17,15.3,-0.13,-0.8497,10105.6,15399.092
301162.SZ,20240617,48.0,49.85,47.5,48.55,49.71,-1.16,-2.3335,26019.27,126515.286
301163.SZ,20240617,20.1,20.6,20.0,20.09,20.36,-0.27,-1.3261,13122.86,26516.026
301165.SZ,20240617,32.5,33.08,31.98,32.68,32.7,-0.02,-0.0612,38873.93,126540.461
301166.SZ,20240617,27.25,27.56,27.25,27.28,27.5,-0.22,-0.8,3389.28,9279.307
301167.SZ,20240617,11.73,11.88,11.5,11.54,11.73,-0.19,-1.6198,15401.8,17998.174
301168.SZ,20240617,30.14,30.98,30.02,30.63,30.5,0.13,0.4262,16130.0,49334.36
301169.SZ,20240617,27.73,27.98,27.4,27.56,27.89,-0.33,-1.1832,11114.87,30753.027
301170.SZ,20240617,22.98,23.18,22.75,22.8,22.98,-0.18,-0.7833,7660.15,17586.063
301171.SZ,20240617,15.2,15.24,14.97,15.08,15.26,-0.18,-1.1796,58267.67,88003.197
301172.SZ,20240617,30.17,30.7,30.16,30.42,30.51,-0.09,-0.295,19193.35,58484.499
301175.SZ,20240617,4.56,4.64,4.54,4.56,4.58,-0.02,-0.4367,56724.0,26015.861
301176.SZ,20240617,27.59,31.69,26.98,31.32,26.41,4.91,18.5914,262670.83,766893.134
301177.SZ,20240617,20.99,21.01,20.62,20.69,21.02,-0.33,-1.5699,7541.39,15646.602
301178.SZ,20240617,18.8,19.12,18.65,18.76,19.06,-0.3,-1.574,11692.0,22027.998
301179.SZ,20240617,19.34,20.43,18.55,20.31,19.42,0.89,4.5829,121829.26,237701.859
301180.SZ,20240617,13.82,16.66,13.7,16.66,13.88,2.78,20.0288,155086.54,241635.626
301181.SZ,20240617,19.03,19.6,18.91,19.28,19.2,0.08,0.4167,7794.06,15063.866
301182.SZ,20240617,15.76,16.38,15.76,16.18,15.98,0.2,1.2516,22568.2,36311.318
301183.SZ,20240617,45.0,48.76,43.65,47.34,45.74,1.6,3.498,182087.05,833976.224
301185.SZ,20240617,14.8,14.93,14.66,14.75,14.89,-0.14,-0.9402,20814.0,30749.741
301186.SZ,20240617,31.96,32.4,30.8,32.07,32.03,0.04,0.1249,5621.88,18014.075
301187.SZ,20240617,21.12,21.62,20.84,20.95,21.29,-0.34,-1.597,22013.9,46638.259
301188.SZ,20240617,15.78,15.96,15.35,15.44,15.96,-0.52,-3.2581,31665.45,49197.264
301189.SZ,20240617,20.88,21.44,20.62,21.29,20.89,0.4,1.9148,9966.28,21099.698
301190.SZ,20240617,15.52,15.61,15.35,15.48,15.53,-0.05,-0.322,2378.33,3686.373
301191.SZ,20240617,74.4,77.39,74.14,76.43,73.78,2.65,3.5918,34549.98,262243.955
301192.SZ,20240617,17.51,17.54,16.98,17.03,17.55,-0.52,-2.963,17206.72,29604.234
301193.SZ,20240617,17.54,17.54,17.04,17.3,17.54,-0.24,-1.3683,9829.6,17032.954
301195.SZ,20240617,31.99,32.23,31.62,31.69,32.28,-0.59,-1.8278,8491.87,27102.286
301196.SZ,20240617,28.37,28.86,28.23,28.35,28.56,-0.21,-0.7353,3549.47,10108.253
301197.SZ,20240617,12.36,12.39,12.05,12.11,12.37,-0.26,-2.1019,13038.23,15892.739
301198.SZ,20240617,7.87,7.9,7.63,7.7,7.91,-0.21,-2.6549,23729.24,18381.314
301199.SZ,20240617,23.7,24.38,23.5,24.12,23.89,0.23,0.9627,20775.49,49820.046
301200.SZ,20240617,33.15,33.82,32.73,33.62,33.48,0.14,0.4182,9501.2,31701.773
301201.SZ,20240617,18.97,18.98,18.58,18.85,19.0,-0.15,-0.7895,7966.4,14985.149
301202.SZ,20240617,29.57,30.1,29.38,29.5,29.8,-0.3,-1.0067,23018.06,68265.366
301203.SZ,20240617,29.18,29.37,28.75,28.77,29.19,-0.42,-1.4388,2853.1,8256.169
301205.SZ,20240617,71.0,72.51,70.07,71.81,72.56,-0.75,-1.0336,46113.04,330132.895
301206.SZ,20240617,25.63,26.0,25.31,25.71,25.82,-0.11,-0.426,7482.46,19234.774
301207.SZ,20240617,18.36,18.5,18.18,18.29,18.44,-0.15,-0.8134,17283.78,31666.909
301208.SZ,20240617,29.33,31.2,28.53,31.2,30.94,0.26,0.8403,162035.93,479110.702
301209.SZ,20240617,23.2,23.2,22.6,22.78,23.11,-0.33,-1.428,16877.0,38526.724
301210.SZ,20240617,32.07,32.78,31.6,32.38,31.91,0.47,1.4729,6294.74,20307.013
301211.SZ,20240617,15.41,15.6,15.41,15.44,15.55,-0.11,-0.7074,10020.4,15520.323
301212.SZ,20240617,21.85,22.06,21.42,21.64,22.03,-0.39,-1.7703,10795.71,23367.601
301213.SZ,20240617,27.2,27.95,27.02,27.19,27.44,-0.25,-0.9111,17668.0,48423.323
301215.SZ,20240617,5.17,5.33,5.14,5.19,5.09,0.1,1.9646,258207.28,134662.55
301216.SZ,20240617,11.44,11.61,11.43,11.58,11.55,0.03,0.2597,11977.13,13839.085
301217.SZ,20240617,10.38,10.8,10.35,10.71,10.48,0.23,2.1947,74483.98,79311.725
301218.SZ,20240617,20.11,20.9,20.09,20.29,20.28,0.01,0.0493,20710.0,42281.697
301219.SZ,20240617,40.28,41.44,40.28,41.16,40.77,0.39,0.9566,19243.3,78978.816
301220.SZ,20240617,25.64,25.86,25.31,25.34,25.82,-0.48,-1.859,6660.0,16957.588
301221.SZ,20240617,44.0,46.88,39.85,40.28,39.49,0.79,2.0005,142211.66,610215.966
301222.SZ,20240617,23.71,24.3,23.34,24.12,23.71,0.41,1.7292,11014.06,26504.565
301223.SZ,20240617,14.83,14.83,14.56,14.78,14.68,0.1,0.6812,12211.44,17970.904
301225.SZ,20240617,26.1,26.28,25.81,25.98,26.1,-0.12,-0.4598,5225.9,13573.763
301226.SZ,20240617,15.79,15.93,15.44,15.67,15.73,-0.06,-0.3814,10666.8,16808.744
301227.SZ,20240617,20.45,20.55,20.11,20.2,20.6,-0.4,-1.9417,6374.24,12891.626
301228.SZ,20240617,9.85,9.85,9.53,9.57,9.85,-0.28,-2.8426,20608.0,19843.448
301229.SZ,20240617,24.5,25.33,24.2,25.18,24.89,0.29,1.1651,62059.63,154990.87
301230.SZ,20240617,30.81,30.97,30.34,30.66,31.0,-0.34,-1.0968,14369.11,43979.916
301231.SZ,20240617,17.1,18.2,16.79,17.86,17.51,0.35,1.9989,86761.48,153432.71
301232.SZ,20240617,27.08,30.78,27.06,28.1,26.73,1.37,5.1253,39118.48,111454.195
301233.SZ,20240617,37.46,39.35,37.37,38.03,37.37,0.66,1.7661,16529.58,63282.545
301234.SZ,20240617,21.81,22.03,21.4,21.52,21.91,-0.39,-1.78,7544.0,16313.832
301235.SZ,20240617,18.19,18.27,18.0,18.05,18.19,-0.14,-0.7697,3812.72,6907.496
301236.SZ,20240617,41.46,41.72,40.5,40.91,41.46,-0.55,-1.3266,407070.6,1671031.357
301237.SZ,20240617,21.0,24.8,21.0,22.39,20.67,1.72,8.3212,20386.32,46842.248
301238.SZ,20240617,16.2,16.87,16.11,16.65,16.3,0.35,2.1472,80692.86,133850.731
301239.SZ,20240617,40.39,40.39,39.65,39.66,40.49,-0.83,-2.0499,12005.41,47892.154
301246.SZ,20240617,14.28,14.39,14.23,14.32,14.32,0.0,0.0,15306.43,21908.646
301248.SZ,20240617,13.3,13.6,13.26,13.35,13.37,-0.02,-0.1496,33281.15,44679.195
301251.SZ,20240617,39.7,44.9,39.13,42.79,38.81,3.98,10.2551,228459.93,951916.111
301252.SZ,20240617,31.99,33.37,31.7,33.21,32.66,0.55,1.684,64288.44,210877.169
301255.SZ,20240617,34.67,35.55,34.31,34.82,35.18,-0.36,-1.0233,29813.34,104017.431
301256.SZ,20240617,6.31,6.39,6.21,6.23,6.35,-0.12,-1.8898,15062.65,9424.589
301257.SZ,20240617,30.5,30.52,30.0,30.33,30.48,-0.15,-0.4921,7218.45,21828.818
301258.SZ,20240617,26.39,26.74,26.1,26.26,26.78,-0.52,-1.9417,21020.89,55262.072
301259.SZ,20240617,21.85,21.85,20.88,21.0,21.69,-0.69,-3.1812,8895.6,18937.633
301260.SZ,20240617,14.39,14.42,14.18,14.33,14.25,0.08,0.5614,18962.93,27128.112
301261.SZ,20240617,36.9,37.31,36.58,37.07,37.18,-0.11,-0.2959,8604.23,31822.866
301262.SZ,20240617,24.03,24.5,24.03,24.1,24.58,-0.48,-1.9528,14451.54,34981.419
301263.SZ,20240617,12.91,12.99,12.7,12.86,12.91,-0.05,-0.3873,10935.4,14047.112
301265.SZ,20240617,8.08,8.15,8.0,8.01,8.08,-0.07,-0.8663,9004.48,7244.142
301266.SZ,20240617,34.4,35.1,34.05,34.7,35.21,-0.51,-1.4485,22642.0,78456.453
301267.SZ,20240617,24.25,24.25,23.17,23.58,24.48,-0.9,-3.6765,97204.81,229194.041
301268.SZ,20240617,16.88,17.15,16.72,16.93,16.96,-0.03,-0.1769,9573.21,16247.582
301269.SZ,20240617,84.56,85.7,84.06,84.69,84.55,0.14,0.1656,25012.36,212576.841
301270.SZ,20240617,24.81,27.98,24.35,26.64,24.84,1.8,7.2464,73481.68,193374.822
301272.SZ,20240617,39.69,39.69,38.56,38.57,39.55,-0.98,-2.4779,6790.04,26507.843
301273.SZ,20240617,15.62,15.77,15.14,15.3,15.77,-0.47,-2.9803,8595.04,13231.521
301276.SZ,20240617,21.9,21.9,21.45,21.45,21.9,-0.45,-2.0548,2408.35,5213.289
301277.SZ,20240617,13.88,14.05,13.71,13.75,13.94,-0.19,-1.363,31180.8,43107.67
301278.SZ,20240617,36.04,36.99,35.82,36.76,36.47,0.29,0.7952,8777.8,32056.827
301279.SZ,20240617,16.73,16.96,16.51,16.65,16.84,-0.19,-1.1283,8462.0,14186.111
301280.SZ,20240617,40.37,40.71,39.8,40.22,40.37,-0.15,-0.3716,10574.5,42556.38
301281.SZ,20240617,23.67,23.88,23.19,23.49,23.68,-0.19,-0.8024,6294.0,14828.359
301282.SZ,20240617,19.5,23.63,19.2,22.77,19.69,3.08,15.6425,279623.44,629704.198
301283.SZ,20240617,30.35,30.68,29.73,29.92,30.65,-0.73,-2.3817,6802.35,20532.321
301285.SZ,20240617,25.65,25.65,24.9,25.02,25.4,-0.38,-1.4961,31524.0,79115.42
301286.SZ,20240617,29.88,30.17,29.45,29.78,30.21,-0.43,-1.4234,4024.0,12007.211
301287.SZ,20240617,25.57,25.59,25.3,25.36,25.59,-0.23,-0.8988,3717.0,9441.001
301288.SZ,20240617,11.29,11.39,11.01,11.08,11.35,-0.27,-2.3789,11249.35,12534.659
301289.SZ,20240617,40.67,41.1,40.2,40.86,40.8,0.06,0.1471,10202.4,41485.24
301290.SZ,20240617,20.1,20.26,20.01,20.02,20.26,-0.24,-1.1846,5519.29,11100.273
301291.SZ,20240617,33.71,34.82,33.09,33.43,33.97,-0.54,-1.5896,42689.62,143979.765
301292.SZ,20240617,13.29,13.49,13.05,13.27,13.19,0.08,0.6065,11674.45,15474.574
301293.SZ,20240617,52.27,53.3,52.05,52.9,52.35,0.55,1.0506,19262.0,101882.663
301295.SZ,20240617,19.08,19.98,18.8,19.65,19.31,0.34,1.7607,34904.38,68264.297
301296.SZ,20240617,8.0,8.04,7.82,7.86,8.0,-0.14,-1.75,17297.56,13614.702
301297.SZ,20240617,23.19,24.43,22.86,24.3,23.33,0.97,4.1577,221009.35,525237.242
301298.SZ,20240617,12.7,12.88,12.59,12.84,12.71,0.13,1.0228,11809.8,15091.837
301299.SZ,20240617,45.08,45.72,44.61,45.43,45.79,-0.36,-0.7862,16236.82,73425.977
301300.SZ,20240617,21.91,21.91,21.21,21.4,21.72,-0.32,-1.4733,3688.5,7939.712
301301.SZ,20240617,13.79,13.85,13.12,13.32,13.84,-0.52,-3.7572,587792.61,784755.901
301302.SZ,20240617,17.71,18.2,17.55,17.78,17.91,-0.13,-0.7259,21520.7,38619.233
301303.SZ,20240617,12.24,12.46,12.24,12.28,12.35,-0.07,-0.5668,10038.21,12401.268
301305.SZ,20240617,15.75,15.97,15.66,15.73,15.69,0.04,0.2549,11350.51,17969.488
301306.SZ,20240617,42.95,43.74,41.8,42.28,43.0,-0.72,-1.6744,84313.35,358070.18
301307.SZ,20240617,21.85,22.5,21.8,22.5,21.93,0.57,2.5992,47023.29,104683.76
301308.SZ,20240617,93.79,95.71,93.45,95.03,94.31,0.72,0.7634,61609.02,583710.42
301309.SZ,20240617,26.27,26.49,25.98,26.1,26.52,-0.42,-1.5837,3877.1,10176.018
301310.SZ,20240617,25.56,26.86,25.51,26.16,25.86,0.3,1.1601,29300.77,77137.142
301311.SZ,20240617,18.6,18.84,18.42,18.45,19.09,-0.64,-3.3525,32238.0,59979.273
301312.SZ,20240617,36.27,38.59,36.27,38.0,37.0,1.0,2.7027,21476.02,80915.079
301313.SZ,20240617,20.3,20.85,19.98,20.55,21.65,-1.1,-5.0808,63967.88,130888.152
301314.SZ,20240617,29.89,36.09,29.67,32.3,30.08,2.22,7.3803,34353.43,112564.753
301315.SZ,20240617,49.3,50.86,49.03,50.18,50.8,-0.62,-1.2205,33102.06,165014.498
301316.SZ,20240617,15.68,15.89,15.6,15.73,15.8,-0.07,-0.443,44693.41,70446.476
301317.SZ,20240617,16.43,16.47,15.6,15.74,16.43,-0.69,-4.1996,6363.0,10133.055
301318.SZ,20240617,28.17,28.99,27.86,28.68,27.86,0.82,2.9433,50146.19,142649.061
301319.SZ,20240617,31.47,32.28,31.21,31.98,31.63,0.35,1.1065,13118.74,41793.167
301320.SZ,20240617,13.8,14.06,13.79,13.94,13.95,-0.01,-0.0717,12176.34,16933.488
301321.SZ,20240617,12.0,12.23,11.87,12.07,12.02,0.05,0.416,25029.0,30143.483
301322.SZ,20240617,20.37,20.37,20.05,20.14,20.42,-0.28,-1.3712,8785.69,17724.877
301323.SZ,20240617,33.0,33.7,32.98,33.02,33.31,-0.29,-0.8706,7191.93,23932.243
301325.SZ,20240617,46.71,48.14,46.51,47.75,47.34,0.41,0.8661,13453.28,63924.376
301326.SZ,20240617,26.11,27.92,25.69,27.31,26.11,1.2,4.5959,23382.02,63087.518
301327.SZ,20240617,60.91,61.83,60.29,60.49,60.96,-0.47,-0.771,4796.23,29249.361
301328.SZ,20240617,40.86,41.96,40.6,41.88,41.23,0.65,1.5765,18946.67,78726.93
301329.SZ,20240617,19.16,20.27,19.11,19.98,19.41,0.57,2.9366,88058.07,174594.022
301330.SZ,20240617,22.89,23.26,22.76,23.04,22.99,0.05,0.2175,11436.64,26335.245
301331.SZ,20240617,25.0,25.11,24.6,24.95,24.94,0.01,0.0401,4773.48,11845.109
301332.SZ,20240617,9.66,9.76,9.58,9.62,9.75,-0.13,-1.3333,25045.32,24176.582
301333.SZ,20240617,39.7,39.8,39.03,39.09,39.73,-0.64,-1.6109,5921.0,23303.472
301335.SZ,20240617,16.39,16.69,16.23,16.48,16.58,-0.1,-0.6031,4184.94,6911.765
301336.SZ,20240617,29.6,29.92,29.0,29.1,29.9,-0.8,-2.6756,3811.0,11165.667
301337.SZ,20240617,30.9,34.49,30.3,33.02,31.27,1.75,5.5964,127610.0,409681.584
301338.SZ,20240617,29.58,31.0,29.5,30.45,29.86,0.59,1.9759,21629.0,65658.945
301339.SZ,20240617,20.67,20.98,19.93,20.06,19.8,0.26,1.3131,170707.83,348763.556
301345.SZ,20240617,62.78,66.3,62.6,65.3,62.78,2.52,4.014,14662.41,95562.159
301348.SZ,20240617,33.9,36.98,33.79,36.19,34.08,2.11,6.1913,98673.47,352235.413
301349.SZ,20240617,29.48,30.37,29.32,30.24,29.66,0.58,1.9555,6293.58,18879.212
301353.SZ,20240617,25.02,25.08,24.41,24.41,24.85,-0.44,-1.7706,4435.75,10925.139
301355.SZ,20240617,9.98,10.01,9.87,9.92,10.04,-0.12,-1.1952,19491.81,19387.079
301356.SZ,20240617,14.04,14.08,13.79,13.84,14.07,-0.23,-1.6347,3879.85,5393.855
301357.SZ,20240617,29.1,29.88,28.55,28.75,29.4,-0.65,-2.2109,40828.8,118003.497
301358.SZ,20240617,39.01,41.28,38.42,39.62,40.33,-0.71,-1.7605,125431.52,503561.378
301359.SZ,20240617,21.16,23.17,20.9,22.67,21.65,1.02,4.7113,74061.86,163239.839
301360.SZ,20240617,41.3,42.56,40.6,41.87,41.36,0.51,1.2331,13072.01,54567.106
301361.SZ,20240617,29.5,32.35,27.97,31.54,30.21,1.33,4.4025,145613.12,443907.71
301362.SZ,20240617,34.98,35.22,34.35,34.6,34.98,-0.38,-1.0863,9412.33,32728.731
301363.SZ,20240617,26.84,27.95,26.78,27.67,26.9,0.77,2.8625,25302.0,69763.36
301365.SZ,20240617,10.14,10.31,10.02,10.05,10.24,-0.19,-1.8555,7157.13,7249.316
301366.SZ,20240617,32.5,34.0,32.45,33.75,32.92,0.83,2.5213,76090.39,254200.032
301367.SZ,20240617,66.0,67.75,65.34,67.5,66.0,1.5,2.2727,9415.89,63160.608
301368.SZ,20240617,47.3,48.4,47.3,47.9,47.9,0.0,0.0,74370.77,356269.312
301369.SZ,20240617,46.3,47.51,45.48,47.37,46.38,0.99,2.1345,28011.27,131214.867
301370.SZ,20240617,11.86,11.97,11.73,11.74,11.89,-0.15,-1.2616,12172.0,14363.065
301371.SZ,20240617,34.8,35.85,34.66,34.79,34.63,0.16,0.462,23040.89,80748.33
301372.SZ,20240617,24.6,25.04,24.4,24.5,24.71,-0.21,-0.8499,7390.13,18281.822
301373.SZ,20240617,23.95,24.07,23.83,23.88,24.2,-0.32,-1.3223,3526.3,8440.724
301376.SZ,20240617,22.88,23.15,22.79,22.8,23.04,-0.24,-1.0417,10943.47,25083.417
301377.SZ,20240617,16.43,17.7,16.29,17.36,16.49,0.87,5.2759,71323.59,122055.096
301378.SZ,20240617,29.85,30.11,29.62,29.86,30.02,-0.16,-0.533,6214.21,18557.565
301379.SZ,20240617,26.03,26.73,25.45,26.51,26.2,0.31,1.1832,48719.41,128263.929
301380.SZ,20240617,32.2,32.28,31.8,31.97,32.2,-0.23,-0.7143,4815.87,15419.35
301381.SZ,20240617,25.21,25.54,24.94,25.35,25.45,-0.1,-0.3929,22369.52,56335.875
301382.SZ,20240617,18.81,19.65,18.81,19.3,19.07,0.23,1.2061,39525.8,76243.061
301383.SZ,20240617,38.02,38.85,37.8,38.41,37.98,0.43,1.1322,24251.0,93165.61
301386.SZ,20240617,20.69,21.36,20.53,20.93,20.93,0.0,0.0,12242.2,25759.745
301387.SZ,20240617,34.8,37.73,34.47,37.0,35.34,1.66,4.6972,94991.21,345243.632
301388.SZ,20240617,20.3,21.36,20.3,20.82,20.74,0.08,0.3857,13651.73,28520.067
301389.SZ,20240617,15.9,16.87,15.81,16.7,16.12,0.58,3.598,191194.52,315645.648
301390.SZ,20240617,31.68,32.38,30.53,31.73,32.67,-0.94,-2.8773,15399.0,48531.593
301391.SZ,20240617,49.0,49.58,48.6,49.17,49.05,0.12,0.2446,7441.36,36629.739
301392.SZ,20240617,77.99,79.89,73.0,79.63,82.08,-2.45,-2.9849,126477.51,963403.7
301393.SZ,20240617,41.65,41.98,40.9,41.7,41.71,-0.01,-0.024,7330.45,30365.179
301395.SZ,20240617,19.2,19.89,18.9,19.89,19.37,0.52,2.6846,63465.55,123600.348
301396.SZ,20240617,19.06,19.23,18.75,18.8,19.05,-0.25,-1.3123,11389.0,21572.264
301397.SZ,20240617,31.94,32.29,31.65,31.96,31.95,0.01,0.0313,3204.0,10251.885
301398.SZ,20240617,42.5,43.39,42.43,42.95,42.46,0.49,1.154,8363.0,35881.041
301399.SZ,20240617,21.55,21.58,21.0,21.25,21.56,-0.31,-1.4378,16871.35,35749.985
301408.SZ,20240617,11.01,11.1,10.84,10.87,11.02,-0.15,-1.3612,15077.36,16484.397
301413.SZ,20240617,44.28,44.57,43.71,43.78,44.7,-0.92,-2.0582,16770.68,73870.223
301418.SZ,20240617,42.88,43.85,41.52,41.93,43.37,-1.44,-3.3203,26943.79,115572.3
301419.SZ,20240617,24.93,25.76,24.93,25.51,25.24,0.27,1.0697,12348.44,31398.776
301421.SZ,20240617,49.9,51.96,49.3,51.58,49.87,1.71,3.4289,48315.46,247168.767
301428.SZ,20240617,27.31,27.7,26.93,27.39,27.43,-0.04,-0.1458,27378.57,74967.005
301429.SZ,20240617,15.75,15.75,15.32,15.38,15.75,-0.37,-2.3492,12517.99,19361.642
301439.SZ,20240617,12.98,13.37,12.91,13.14,13.17,-0.03,-0.2278,34669.89,45643.002
301446.SZ,20240617,17.74,17.76,17.4,17.46,17.7,-0.24,-1.3559,6069.6,10655.57
301448.SZ,20240617,20.11,20.45,19.68,20.0,20.3,-0.3,-1.4778,20299.39,40300.916
301456.SZ,20240617,22.22,22.38,22.03,22.08,22.27,-0.19,-0.8532,5150.1,11445.389
301459.SZ,20240617,40.69,41.99,40.39,41.13,41.06,0.07,0.1705,7480.03,30894.845
301468.SZ,20240617,24.73,24.88,24.27,24.39,24.88,-0.49,-1.9695,5881.96,14428.147
301469.SZ,20240617,24.56,24.56,24.07,24.07,24.68,-0.61,-2.4716,8075.46,19611.396
301486.SZ,20240617,43.54,45.3,43.54,44.72,44.84,-0.12,-0.2676,35986.18,160094.482
301487.SZ,20240617,28.83,30.26,28.78,29.82,29.29,0.53,1.8095,47596.54,141857.484
301488.SZ,20240617,53.18,54.9,53.0,53.35,53.18,0.17,0.3197,18189.72,98242.301
301489.SZ,20240617,72.98,78.88,72.8,77.6,73.79,3.81,5.1633,45229.8,344892.08
301498.SZ,20240617,54.0,54.58,52.0,52.73,54.09,-1.36,-2.5143,19250.77,101868.011
301499.SZ,20240617,23.19,23.47,23.01,23.22,23.19,0.03,0.1294,11535.91,26803.731
301500.SZ,20240617,18.24,18.51,18.11,18.21,18.44,-0.23,-1.2473,20852.61,38070.03
301502.SZ,20240617,37.0,38.2,36.8,38.0,37.39,0.61,1.6315,19322.17,72944.453
301503.SZ,20240617,30.0,30.6,29.6,30.47,30.15,0.32,1.0614,23996.0,72451.155
301505.SZ,20240617,28.36,28.49,27.72,27.88,28.33,-0.45,-1.5884,14209.76,39760.031
301507.SZ,20240617,11.86,11.95,11.81,11.83,11.93,-0.1,-0.8382,14585.18,17321.739
301508.SZ,20240617,36.71,37.5,36.39,36.48,36.7,-0.22,-0.5995,38618.67,142341.145
301509.SZ,20240617,32.51,33.08,32.4,32.64,32.77,-0.13,-0.3967,7661.21,25061.039
301510.SZ,20240617,29.3,30.76,29.3,30.49,30.43,0.06,0.1972,30429.79,91824.336
301511.SZ,20240617,16.32,16.57,15.85,16.35,15.99,0.36,2.2514,147466.23,240152.642
301512.SZ,20240617,45.66,48.39,45.25,48.07,46.81,1.26,2.6917,38421.52,181090.359
301515.SZ,20240617,19.53,19.63,19.22,19.39,19.58,-0.19,-0.9704,6871.06,13333.249
301516.SZ,20240617,19.71,19.72,18.99,19.08,19.24,-0.16,-0.8316,61240.81,118010.883
301517.SZ,20240617,61.51,62.79,59.03,59.34,62.13,-2.79,-4.4906,53068.23,321926.653
301518.SZ,20240617,18.2,18.29,17.91,18.16,18.2,-0.04,-0.2198,8155.07,14799.123
301519.SZ,20240617,14.2,14.46,14.06,14.23,14.22,0.01,0.0703,8547.1,12155.637
301520.SZ,20240617,45.06,45.14,44.4,45.0,45.23,-0.23,-0.5085,16379.39,73356.281
301525.SZ,20240617,64.8,64.8,63.72,64.01,65.2,-1.19,-1.8252,8151.95,52206.054
301526.SZ,20240617,3.97,3.99,3.94,3.95,4.04,-0.09,-2.2277,210841.75,83535.205
301528.SZ,20240617,43.6,44.4,43.42,43.95,44.08,-0.13,-0.2949,3342.13,14679.703
301529.SZ,20240617,31.64,32.55,31.64,32.53,32.01,0.52,1.6245,14155.99,45522.841
301533.SZ,20240617,26.25,26.49,26.01,26.06,26.25,-0.19,-0.7238,6844.24,17966.073
301536.SZ,20240617,38.99,40.17,38.59,39.58,38.49,1.09,2.8319,69447.34,273853.675
301538.SZ,20240617,108.05,109.33,102.5,104.6,109.93,-5.33,-4.8485,21243.49,223816.784
301539.SZ,20240617,25.81,26.24,25.72,26.18,26.3,-0.12,-0.4563,42418.92,110254.995
301548.SZ,20240617,71.93,84.69,71.88,83.57,72.66,10.91,15.0151,53381.85,427329.323
301550.SZ,20240617,52.81,54.5,52.47,53.56,53.53,0.03,0.056,104651.65,559336.744
301555.SZ,20240617,29.25,30.1,29.02,29.53,29.25,0.28,0.9573,12897.5,38128.653
301558.SZ,20240617,9.14,9.2,9.08,9.1,9.17,-0.07,-0.7634,33327.55,30391.118
301559.SZ,20240617,15.35,15.55,15.23,15.36,15.27,0.09,0.5894,15994.33,24671.246
301566.SZ,20240617,19.3,19.8,18.66,19.4,19.16,0.24,1.2526,81489.72,157153.683
301567.SZ,20240617,42.4,44.11,41.89,43.4,42.4,1.0,2.3585,26294.0,113718.697
301568.SZ,20240617,32.08,32.87,31.41,32.58,31.68,0.9,2.8409,35263.69,114235.082
301577.SZ,20240617,51.59,57.8,51.0,54.92,52.2,2.72,5.2107,36514.0,198915.198
301578.SZ,20240617,41.88,43.49,41.28,42.65,42.94,-0.29,-0.6754,48675.66,205738.327
301587.SZ,20240617,31.16,31.85,30.01,31.71,31.01,0.7,2.2573,60753.16,189052.933
301588.SZ,20240617,24.85,25.29,24.65,24.83,25.38,-0.55,-2.1671,24784.68,61801.135
301589.SZ,20240617,217.0,219.45,214.6,215.91,218.28,-2.37,-1.0858,4758.8,102940.913
301591.SZ,20240617,42.86,43.5,41.94,43.08,43.01,0.07,0.1628,28565.88,121954.432
301596.SZ,20240617,94.0,94.68,90.8,93.59,94.68,-1.09,-1.1512,29220.55,271308.907
302132.SZ,20240617,39.53,40.03,39.5,39.8,39.72,0.08,0.2014,30471.0,121347.676
