ts_code,trade_date,open,high,low,close,pre_close,change,pct_chg,vol,amount
300001.SZ,20240409,19.3,19.48,19.06,19.38,19.11,0.27,1.4129,79244.0,153071.917
300002.SZ,20240409,9.1,9.21,8.97,9.18,9.03,0.15,1.6611,514009.58,467364.957
300003.SZ,20240409,13.74,13.95,13.69,13.95,13.74,0.21,1.5284,87224.06,120782.153
300004.SZ,20240409,4.84,4.92,4.8,4.87,4.84,0.03,0.6198,46966.0,22799.725
300005.SZ,20240409,5.36,5.48,5.25,5.48,5.45,0.03,0.5505,206163.5,111002.984
300006.SZ,20240409,3.02,3.08,2.98,3.07,3.02,0.05,1.6556,131476.31,39811.564
300007.SZ,20240409,14.88,15.3,14.88,15.13,14.87,0.26,1.7485,59499.33,89836.734
300008.SZ,20240409,3.76,3.81,3.75,3.78,3.77,0.01,0.2653,141979.2,53610.507
300009.SZ,20240409,9.77,9.86,9.7,9.85,9.74,0.11,1.1294,91836.52,89799.338
300010.SZ,20240409,2.59,2.62,2.48,2.51,2.57,-0.06,-2.3346,154605.46,38841.553
300011.SZ,20240409,5.99,6.13,5.96,6.06,6.02,0.04,0.6645,84133.09,50837.746
300012.SZ,20240409,12.5,12.72,12.43,12.55,12.58,-0.03,-0.2385,191786.83,241474.784
300013.SZ,20240409,2.72,2.77,2.7,2.71,2.69,0.02,0.7435,100631.0,27456.856
300014.SZ,20240409,38.5,40.29,38.4,40.14,38.61,1.53,3.9627,280224.6,1113579.549
300015.SZ,20240409,12.7,13.03,12.67,13.01,12.69,0.32,2.5217,639108.59,824488.821
300016.SZ,20240409,4.92,5.13,4.88,5.13,4.93,0.2,4.0568,114956.0,57897.517
300017.SZ,20240409,9.15,9.19,8.95,9.11,9.16,-0.05,-0.5459,506444.52,458814.683
300018.SZ,20240409,5.16,5.27,5.15,5.25,5.16,0.09,1.7442,69863.34,36445.186
300019.SZ,20240409,14.93,17.35,14.9,17.26,14.74,2.52,17.0963,359147.17,596209.188
300020.SZ,20240409,6.85,6.9,6.77,6.85,6.82,0.03,0.4399,194859.98,133388.99
300021.SZ,20240409,4.15,4.18,4.1,4.16,4.13,0.03,0.7264,57064.0,23610.523
300022.SZ,20240409,4.27,4.38,4.2,4.36,4.26,0.1,2.3474,82293.61,35279.386
300024.SZ,20240409,10.88,11.05,10.8,10.93,10.85,0.08,0.7373,187296.16,204712.904
300025.SZ,20240409,9.6,9.82,9.4,9.64,9.66,-0.02,-0.207,69637.0,66615.953
300026.SZ,20240409,3.84,3.89,3.8,3.88,3.84,0.04,1.0417,237186.87,91233.708
300027.SZ,20240409,2.14,2.19,2.13,2.17,2.14,0.03,1.4019,267804.0,57783.046
300029.SZ,20240409,4.49,4.63,4.49,4.59,4.5,0.09,2.0,10390.0,4756.842
300030.SZ,20240409,4.76,5.06,4.75,5.04,4.78,0.26,5.4393,161375.43,78962.541
300031.SZ,20240409,13.4,13.78,13.38,13.7,13.37,0.33,2.4682,110352.59,149911.08
300032.SZ,20240409,4.08,4.15,4.04,4.12,4.06,0.06,1.4778,103200.0,42248.049
300033.SZ,20240409,126.8,127.97,126.0,127.13,126.6,0.53,0.4186,35021.43,443773.803
300034.SZ,20240409,14.82,15.34,14.82,15.21,14.83,0.38,2.5624,75820.33,114849.497
300035.SZ,20240409,9.83,10.43,9.83,10.28,9.92,0.36,3.629,173892.09,177984.839
300036.SZ,20240409,17.21,17.45,16.87,17.09,17.2,-0.11,-0.6395,161915.26,276593.799
300037.SZ,20240409,34.6,37.49,34.51,37.22,34.97,2.25,6.4341,220066.63,802290.18
300039.SZ,20240409,5.96,6.1,5.94,6.1,5.96,0.14,2.349,129019.0,77778.903
300040.SZ,20240409,4.56,4.64,4.55,4.62,4.58,0.04,0.8734,65164.08,30044.578
300041.SZ,20240409,9.12,9.47,9.1,9.47,9.12,0.35,3.8377,115957.74,108499.552
300042.SZ,20240409,27.32,27.4,26.53,26.95,26.8,0.15,0.5597,33374.5,89777.028
300043.SZ,20240409,2.88,2.97,2.88,2.94,2.88,0.06,2.0833,233429.9,68229.14
300044.SZ,20240409,5.56,5.72,5.53,5.59,5.53,0.06,1.085,392889.04,220364.593
300045.SZ,20240409,23.06,23.37,21.95,23.1,23.41,-0.31,-1.3242,443265.75,1005740.228
300046.SZ,20240409,12.06,12.38,12.02,12.33,12.07,0.26,2.1541,24069.0,29450.948
300047.SZ,20240409,7.6,7.68,7.49,7.65,7.57,0.08,1.0568,147432.0,111830.632
300048.SZ,20240409,5.11,5.16,5.11,5.12,5.13,-0.01,-0.1949,36367.0,18636.444
300049.SZ,20240409,47.0,47.98,46.0,47.74,47.1,0.64,1.3588,45772.99,214842.2
300050.SZ,20240409,3.53,3.58,3.43,3.49,3.53,-0.04,-1.1331,171098.89,59537.024
300051.SZ,20240409,9.46,9.66,9.46,9.64,9.45,0.19,2.0106,14315.01,13720.268
300052.SZ,20240409,14.8,15.2,14.8,15.05,14.78,0.27,1.8268,44329.43,66622.61
300053.SZ,20240409,10.92,11.14,10.7,10.99,10.92,0.07,0.641,204369.89,223876.974
300054.SZ,20240409,20.81,21.57,20.81,21.57,20.99,0.58,2.7632,54253.2,115471.674
300055.SZ,20240409,5.04,5.18,5.03,5.15,5.06,0.09,1.7787,38729.0,19825.252
300056.SZ,20240409,10.83,11.25,10.72,11.13,10.94,0.19,1.7367,282586.91,311734.34
300057.SZ,20240409,5.3,5.66,5.29,5.66,5.38,0.28,5.2045,358905.91,199504.055
300058.SZ,20240409,6.75,6.8,6.68,6.76,6.68,0.08,1.1976,439829.03,296282.591
300059.SZ,20240409,12.54,12.65,12.51,12.61,12.53,0.08,0.6385,897313.77,1129772.982
300061.SZ,20240409,4.17,4.24,4.12,4.16,4.14,0.02,0.4831,91057.0,37948.285
300062.SZ,20240409,4.92,5.1,4.91,5.1,4.94,0.16,3.2389,69455.6,34904.673
300063.SZ,20240409,5.05,5.15,5.03,5.07,5.01,0.06,1.1976,276113.0,140147.177
300065.SZ,20240409,7.43,7.58,7.42,7.5,7.43,0.07,0.9421,135256.41,101299.991
300066.SZ,20240409,3.92,4.18,3.86,4.11,3.96,0.15,3.7879,334210.84,135096.135
300067.SZ,20240409,4.28,4.4,4.19,4.23,4.37,-0.14,-3.2037,687137.92,292560.595
300068.SZ,20240409,11.99,12.96,11.88,12.82,12.16,0.66,5.4276,842480.36,1065847.072
300069.SZ,20240409,11.19,11.34,11.02,11.3,11.07,0.23,2.0777,13661.01,15249.799
300070.SZ,20240409,4.99,5.01,4.92,4.94,4.98,-0.04,-0.8032,271534.91,134412.01
300071.SZ,20240409,2.86,2.96,2.86,2.91,2.88,0.03,1.0417,83458.69,24292.613
300072.SZ,20240409,2.63,2.67,2.59,2.65,2.64,0.01,0.3788,365558.6,95911.225
300073.SZ,20240409,45.0,53.0,44.31,52.37,44.3,8.07,18.2167,862756.46,4214271.648
300074.SZ,20240409,4.39,4.5,4.31,4.37,4.45,-0.08,-1.7978,283420.2,124349.204
300075.SZ,20240409,16.08,16.76,16.08,16.23,16.21,0.02,0.1234,226941.5,371475.166
300076.SZ,20240409,4.15,4.25,4.11,4.17,4.17,0.0,0.0,174750.0,72857.328
300077.SZ,20240409,9.52,9.75,9.5,9.71,9.53,0.18,1.8888,63461.12,61247.886
300078.SZ,20240409,3.2,3.26,3.16,3.19,3.18,0.01,0.3145,100951.37,32301.154
300079.SZ,20240409,4.71,4.77,4.69,4.76,4.69,0.07,1.4925,145569.76,68957.524
300080.SZ,20240409,4.33,4.49,4.28,4.47,4.33,0.14,3.2333,121021.91,53757.714
300081.SZ,20240409,7.0,7.08,6.94,7.06,6.92,0.14,2.0231,122020.59,85792.036
300082.SZ,20240409,5.92,6.48,5.89,6.19,6.01,0.18,2.995,337366.79,207854.557
300083.SZ,20240409,5.97,6.2,5.93,6.07,5.97,0.1,1.675,670112.97,407672.905
300084.SZ,20240409,6.13,6.33,6.11,6.32,6.3,0.02,0.3175,73062.62,45699.649
300085.SZ,20240409,10.82,10.98,10.76,10.94,10.82,0.12,1.1091,81924.23,89246.324
300086.SZ,20240409,5.0,5.1,4.94,5.09,4.98,0.11,2.2088,72376.44,36411.532
300087.SZ,20240409,8.19,8.27,7.98,8.26,8.15,0.11,1.3497,140515.73,114099.889
300088.SZ,20240409,5.16,5.27,5.15,5.25,5.16,0.09,1.7442,266699.16,139078.467
300091.SZ,20240409,2.04,2.1,2.03,2.1,2.05,0.05,2.439,164281.0,33998.218
300092.SZ,20240409,9.99,10.1,9.7,10.04,9.95,0.09,0.9045,101670.63,100860.925
300093.SZ,20240409,16.69,17.35,16.69,17.21,16.7,0.51,3.0539,122352.0,210022.28
300094.SZ,20240409,4.18,4.28,3.98,4.1,4.27,-0.17,-3.9813,1088171.79,444642.495
300095.SZ,20240409,6.73,7.04,6.73,7.02,6.76,0.26,3.8462,52949.46,36707.844
300096.SZ,20240409,4.24,4.33,4.1,4.21,4.28,-0.07,-1.6355,188130.13,79138.022
300097.SZ,20240409,7.67,7.86,7.65,7.78,7.66,0.12,1.5666,102896.8,79793.489
300098.SZ,20240409,3.49,3.53,3.38,3.42,3.55,-0.13,-3.662,608685.39,208621.678
300099.SZ,20240409,5.06,5.18,5.05,5.11,5.08,0.03,0.5906,58772.0,30067.159
300100.SZ,20240409,8.88,9.53,8.83,9.35,8.86,0.49,5.5305,123064.26,112684.366
300101.SZ,20240409,16.8,17.04,16.2,17.0,16.6,0.4,2.4096,105973.5,176121.769
300102.SZ,20240409,7.04,7.14,7.02,7.11,7.02,0.09,1.2821,87935.0,62267.121
300103.SZ,20240409,4.8,5.15,4.53,4.84,4.99,-0.15,-3.006,305449.74,145267.133
300105.SZ,20240409,6.09,6.21,6.09,6.19,6.1,0.09,1.4754,58995.02,36304.289
300106.SZ,20240409,7.77,7.82,7.57,7.74,7.95,-0.21,-2.6415,122717.45,94322.277
300107.SZ,20240409,9.13,10.88,9.12,9.51,9.63,-0.12,-1.2461,1257347.53,1247100.329
300108.SZ,20240409,2.04,2.13,2.04,2.1,2.04,0.06,2.9412,73621.0,15419.122
300109.SZ,20240409,20.2,21.9,20.2,21.85,20.33,1.52,7.4766,185210.51,390835.174
300110.SZ,20240409,3.61,3.68,3.59,3.67,3.61,0.06,1.662,98805.93,35851.635
300111.SZ,20240409,2.47,2.54,2.46,2.54,2.46,0.08,3.252,101305.0,25319.049
300112.SZ,20240409,8.13,8.3,8.13,8.26,8.08,0.18,2.2277,42784.0,35204.59
300113.SZ,20240409,11.44,11.77,11.25,11.58,11.25,0.33,2.9333,136522.42,156926.223
300115.SZ,20240409,10.88,11.07,10.23,10.58,9.68,0.9,9.2975,894162.67,944779.486
300117.SZ,20240409,1.5,1.54,1.48,1.5,1.5,0.0,0.0,228182.3,34379.667
300118.SZ,20240409,14.66,15.11,14.66,15.02,14.62,0.4,2.736,166147.61,248693.023
300119.SZ,20240409,16.1,16.43,16.03,16.35,16.33,0.02,0.1225,56903.02,92515.013
300120.SZ,20240409,5.21,5.32,5.21,5.25,5.21,0.04,0.7678,52532.0,27657.607
300121.SZ,20240409,8.4,8.65,8.39,8.64,8.4,0.24,2.8571,52159.2,44433.561
300122.SZ,20240409,44.28,45.38,43.98,45.1,44.07,1.03,2.3372,145491.0,649196.264
300123.SZ,20240409,5.52,5.63,5.49,5.58,5.52,0.06,1.087,165294.61,91947.086
300124.SZ,20240409,59.56,60.0,58.08,58.28,59.55,-1.27,-2.1327,166835.46,977226.76
300125.SZ,20240409,6.86,7.09,6.83,7.04,6.87,0.17,2.4745,77545.03,54296.565
300126.SZ,20240409,5.35,5.46,5.3,5.46,5.33,0.13,2.439,40136.0,21672.544
300127.SZ,20240409,15.6,18.92,15.52,18.92,15.77,3.15,19.9746,367018.44,659472.233
300128.SZ,20240409,3.8,3.88,3.76,3.88,3.8,0.08,2.1053,94342.3,36057.809
300129.SZ,20240409,8.04,8.16,8.01,8.12,8.01,0.11,1.3733,136809.8,110971.122
300130.SZ,20240409,20.56,20.87,20.4,20.65,20.59,0.06,0.2914,58586.0,120673.112
300131.SZ,20240409,5.66,5.72,5.55,5.66,5.77,-0.11,-1.9064,572308.04,322177.604
300132.SZ,20240409,3.96,4.1,3.96,4.1,3.97,0.13,3.2746,79351.52,32163.194
300133.SZ,20240409,7.8,7.91,7.5,7.69,7.89,-0.2,-2.5349,1589216.03,1217065.49
300134.SZ,20240409,8.69,8.9,8.54,8.77,8.62,0.15,1.7401,105478.07,91895.638
300135.SZ,20240409,3.09,3.26,3.09,3.12,3.06,0.06,1.9608,648180.77,204282.649
300136.SZ,20240409,18.47,18.69,18.31,18.61,18.44,0.17,0.9219,164656.63,304877.561
300137.SZ,20240409,5.83,6.15,5.81,6.14,5.89,0.25,4.2445,227307.6,137394.603
300138.SZ,20240409,11.52,11.67,11.01,11.57,11.59,-0.02,-0.1726,119896.6,135739.3
300139.SZ,20240409,12.24,13.0,11.9,12.88,13.16,-0.28,-2.1277,863378.82,1081118.562
300140.SZ,20240409,6.56,6.75,6.56,6.73,6.6,0.13,1.9697,32476.0,21695.706
300141.SZ,20240409,7.67,7.95,7.65,7.92,7.67,0.25,3.2595,40298.75,31560.963
300142.SZ,20240409,15.01,15.42,14.86,15.37,15.01,0.36,2.3984,164143.21,249026.355
300143.SZ,20240409,8.3,8.46,8.18,8.45,8.22,0.23,2.7981,41620.17,34692.014
300144.SZ,20240409,10.25,10.75,10.23,10.61,10.33,0.28,2.7106,303597.32,320053.298
300145.SZ,20240409,3.06,3.09,3.03,3.06,3.07,-0.01,-0.3257,185363.0,56637.109
300146.SZ,20240409,15.96,16.26,15.9,16.26,15.93,0.33,2.0716,79932.82,128859.197
300147.SZ,20240409,4.03,4.14,3.99,4.12,4.03,0.09,2.2333,116343.03,47310.816
300148.SZ,20240409,3.0,3.07,2.97,3.05,2.99,0.06,2.0067,210404.36,63559.094
300149.SZ,20240409,5.44,5.66,5.36,5.66,5.38,0.28,5.2045,81085.98,44889.798
300150.SZ,20240409,3.4,3.46,3.38,3.42,3.39,0.03,0.885,70167.55,23960.41
300151.SZ,20240409,14.99,15.64,14.83,15.62,14.85,0.77,5.1852,38223.12,58554.244
300152.SZ,20240409,2.69,2.76,2.69,2.73,2.71,0.02,0.738,185986.31,50654.895
300153.SZ,20240409,6.42,6.59,6.39,6.57,6.36,0.21,3.3019,51935.0,33928.143
300154.SZ,20240409,6.12,6.15,5.84,5.92,6.13,-0.21,-3.4258,111258.05,65847.912
300155.SZ,20240409,4.05,4.1,4.0,4.07,4.0,0.07,1.75,54154.0,21922.12
300157.SZ,20240409,2.88,2.92,2.82,2.85,2.87,-0.02,-0.6969,124302.2,35490.246
300158.SZ,20240409,4.67,4.76,4.6,4.76,4.66,0.1,2.1459,182670.0,85679.039
300159.SZ,20240409,2.07,2.12,2.07,2.08,2.08,0.0,0.0,197817.5,41284.541
300160.SZ,20240409,5.02,5.09,4.96,5.09,5.01,0.08,1.5968,68693.0,34632.783
300161.SZ,20240409,27.99,28.57,27.5,28.51,27.86,0.65,2.3331,48317.78,136131.91
300162.SZ,20240409,5.32,5.46,5.32,5.38,5.32,0.06,1.1278,44565.0,23998.39
300163.SZ,20240409,2.64,2.7,2.62,2.68,2.65,0.03,1.1321,67239.0,17958.724
300164.SZ,20240409,4.65,4.73,4.5,4.55,4.86,-0.31,-6.3786,744149.2,342467.536
300165.SZ,20240409,4.35,4.49,4.33,4.44,4.37,0.07,1.6018,91840.0,40415.193
300166.SZ,20240409,7.76,7.83,7.66,7.8,7.72,0.08,1.0363,152462.5,118231.02
300167.SZ,20240409,1.91,1.93,1.88,1.92,1.9,0.02,1.0526,68808.0,13110.553
300168.SZ,20240409,6.03,6.16,6.03,6.15,6.02,0.13,2.1595,85312.03,52004.328
300169.SZ,20240409,5.88,6.06,5.81,5.88,5.89,-0.01,-0.1698,114545.0,67948.14
300170.SZ,20240409,6.32,6.4,6.24,6.37,6.31,0.06,0.9509,219005.12,138443.712
300171.SZ,20240409,14.06,14.45,14.06,14.44,14.05,0.39,2.7758,49296.49,70418.508
300172.SZ,20240409,6.3,6.5,5.91,6.08,6.33,-0.25,-3.9494,886727.16,542503.75
300173.SZ,20240409,4.16,4.52,4.16,4.42,4.18,0.24,5.7416,347064.01,153453.505
300174.SZ,20240409,16.35,18.05,16.35,17.92,16.7,1.22,7.3054,213407.18,376312.616
300175.SZ,20240409,5.1,5.17,5.03,5.14,5.1,0.04,0.7843,99609.0,50909.878
300176.SZ,20240409,5.27,5.42,5.23,5.31,5.27,0.04,0.759,40437.0,21418.501
300177.SZ,20240409,5.22,5.38,5.17,5.22,5.17,0.05,0.9671,134776.43,70473.451
300179.SZ,20240409,7.68,7.98,7.68,7.96,7.72,0.24,3.1088,45247.2,35792.162
300180.SZ,20240409,3.38,3.46,3.38,3.46,3.38,0.08,2.3669,192117.0,65961.963
300181.SZ,20240409,12.88,13.4,12.82,13.39,12.91,0.48,3.718,195234.02,256787.998
300182.SZ,20240409,5.29,5.39,5.26,5.31,5.26,0.05,0.9506,736918.56,391654.223
300183.SZ,20240409,11.7,11.93,11.64,11.88,11.7,0.18,1.5385,32021.4,37754.01
300184.SZ,20240409,5.42,5.47,5.29,5.35,5.43,-0.08,-1.4733,571041.6,305897.529
300185.SZ,20240409,2.35,2.39,2.35,2.37,2.35,0.02,0.8511,270467.24,64080.077
300187.SZ,20240409,6.0,6.02,5.82,5.96,5.96,0.0,0.0,98002.79,58179.803
300188.SZ,20240409,13.15,13.26,13.03,13.2,13.15,0.05,0.3802,91188.12,119756.431
300189.SZ,20240409,2.84,3.0,2.8,2.94,2.83,0.11,3.8869,316440.07,92085.666
300190.SZ,20240409,3.48,3.65,3.47,3.56,3.53,0.03,0.8499,126491.0,45141.428
300191.SZ,20240409,15.42,15.49,14.72,15.17,15.88,-0.71,-4.471,79119.89,119744.973
300192.SZ,20240409,10.7,10.87,10.52,10.63,10.66,-0.03,-0.2814,60565.0,64672.506
300193.SZ,20240409,7.72,7.85,7.68,7.79,7.75,0.04,0.5161,41216.98,31992.593
300194.SZ,20240409,3.92,3.96,3.84,3.95,3.93,0.02,0.5089,297193.44,115809.604
300195.SZ,20240409,5.21,5.34,5.2,5.32,5.19,0.13,2.5048,66420.0,35096.296
300196.SZ,20240409,10.1,10.52,10.1,10.49,10.12,0.37,3.6561,40960.0,42522.444
300197.SZ,20240409,1.83,1.85,1.83,1.85,1.83,0.02,1.0929,98545.8,18148.273
300198.SZ,20240409,1.89,1.92,1.83,1.86,1.89,-0.03,-1.5873,285068.57,53178.43
300199.SZ,20240409,11.18,11.54,11.17,11.54,11.15,0.39,3.4978,189712.34,216264.876
300200.SZ,20240409,6.37,6.57,6.33,6.54,6.42,0.12,1.8692,59386.0,38549.853
300201.SZ,20240409,4.67,4.73,4.61,4.65,4.69,-0.04,-0.8529,156440.0,72934.505
300203.SZ,20240409,13.21,13.41,12.87,13.19,13.24,-0.05,-0.3776,59054.57,77337.783
300204.SZ,20240409,6.52,6.8,6.46,6.77,6.45,0.32,4.9612,63026.0,41928.535
300205.SZ,20240409,7.48,7.5,7.06,7.26,7.5,-0.24,-3.2,117871.32,84865.508
300206.SZ,20240409,10.2,10.39,10.17,10.37,10.18,0.19,1.8664,80611.83,82836.54
300207.SZ,20240409,14.03,14.76,14.03,14.69,14.09,0.6,4.2583,500480.7,728080.055
300208.SZ,20240409,4.43,4.72,4.29,4.48,4.57,-0.09,-1.9694,302670.04,135653.36
300209.SZ,20240409,2.45,2.51,2.42,2.48,2.44,0.04,1.6393,80943.97,19955.25
300210.SZ,20240409,10.8,10.8,10.31,10.51,10.84,-0.33,-3.0443,221327.13,231941.516
300211.SZ,20240409,6.7,6.84,6.6,6.76,6.67,0.09,1.3493,32333.0,21709.947
300212.SZ,20240409,23.0,23.17,22.43,22.68,22.59,0.09,0.3984,114233.78,259067.588
300213.SZ,20240409,6.53,6.59,6.46,6.57,6.5,0.07,1.0769,106388.4,69516.767
300214.SZ,20240409,5.59,5.72,5.55,5.71,5.56,0.15,2.6978,25303.86,14346.031
300215.SZ,20240409,4.17,4.26,4.16,4.23,4.19,0.04,0.9547,39077.0,16460.469
300217.SZ,20240409,4.99,5.05,4.98,5.03,4.99,0.04,0.8016,132798.6,66666.529
300218.SZ,20240409,14.16,14.35,14.01,14.32,14.15,0.17,1.2014,20690.88,29445.601
300219.SZ,20240409,6.68,6.79,6.56,6.75,6.62,0.13,1.9637,71062.0,47529.837
300220.SZ,20240409,6.67,6.8,6.64,6.76,6.72,0.04,0.5952,3526.4,2370.428
300221.SZ,20240409,6.03,6.3,5.92,6.22,6.1,0.12,1.9672,371948.78,226317.879
300222.SZ,20240409,5.97,6.09,5.96,6.0,5.97,0.03,0.5025,81218.29,48806.352
300223.SZ,20240409,61.0,62.0,59.51,61.99,60.82,1.17,1.9237,62802.37,381585.267
300224.SZ,20240409,11.25,12.5,11.19,12.19,11.4,0.79,6.9298,355580.03,424634.124
300225.SZ,20240409,5.98,6.14,5.95,6.14,5.99,0.15,2.5042,72122.26,43877.682
300226.SZ,20240409,21.57,21.79,21.36,21.6,21.46,0.14,0.6524,47916.66,103426.394
300227.SZ,20240409,6.47,6.7,6.47,6.7,6.47,0.23,3.5549,113104.5,74675.161
300228.SZ,20240409,8.02,8.06,7.85,7.95,8.01,-0.06,-0.7491,124350.84,98822.673
300229.SZ,20240409,14.4,14.6,14.21,14.48,14.32,0.16,1.1173,171753.26,247555.995
300230.SZ,20240409,3.9,3.95,3.89,3.94,3.91,0.03,0.7673,80208.0,31456.575
300231.SZ,20240409,8.78,8.94,8.73,8.94,8.77,0.17,1.9384,74314.5,65775.798
300232.SZ,20240409,6.01,6.17,5.95,6.07,6.05,0.02,0.3306,244709.13,147545.267
300233.SZ,20240409,15.8,16.6,15.8,16.51,15.92,0.59,3.706,46643.0,75851.529
300234.SZ,20240409,4.63,4.71,4.48,4.55,4.73,-0.18,-3.8055,171248.04,77981.879
300235.SZ,20240409,9.1,9.25,9.06,9.18,9.11,0.07,0.7684,39012.5,35692.929
300236.SZ,20240409,32.12,33.18,32.02,33.17,32.28,0.89,2.7571,24410.94,80000.21
300237.SZ,20240409,1.46,1.49,1.44,1.47,1.46,0.01,0.6849,171536.0,25127.277
300238.SZ,20240409,9.99,10.47,9.96,10.47,9.98,0.49,4.9098,77971.71,79958.692
300239.SZ,20240409,5.06,5.25,5.06,5.23,5.07,0.16,3.1558,79000.44,40825.269
300240.SZ,20240409,5.58,5.71,5.58,5.67,5.63,0.04,0.7105,49601.0,27988.773
300241.SZ,20240409,3.91,3.99,3.91,3.97,3.92,0.05,1.2755,96646.0,38177.186
300242.SZ,20240409,2.81,2.89,2.78,2.84,2.82,0.02,0.7092,292997.0,82871.3
300243.SZ,20240409,8.24,8.52,8.13,8.52,8.26,0.26,3.1477,116018.49,96986.044
300244.SZ,20240409,16.0,16.41,15.8,16.4,15.97,0.43,2.6925,135781.47,218953.648
300245.SZ,20240409,6.18,6.24,6.07,6.2,6.17,0.03,0.4862,55734.0,34356.085
300246.SZ,20240409,7.21,7.5,7.19,7.48,7.19,0.29,4.0334,43898.3,32310.827
300247.SZ,20240409,2.9,2.95,2.88,2.92,2.91,0.01,0.3436,86497.0,25199.414
300248.SZ,20240409,7.71,7.82,7.64,7.73,7.66,0.07,0.9138,51032.17,39334.643
300249.SZ,20240409,7.01,7.18,7.01,7.13,7.06,0.07,0.9915,87947.97,62424.74
300250.SZ,20240409,13.94,14.28,13.87,14.13,13.93,0.2,1.4358,34664.94,48790.499
300251.SZ,20240409,10.12,10.24,9.95,10.12,10.1,0.02,0.198,165962.01,167478.626
300252.SZ,20240409,7.8,7.99,7.77,7.86,7.86,0.0,0.0,205697.0,161303.311
300253.SZ,20240409,6.84,6.93,6.77,6.91,6.81,0.1,1.4684,197924.17,135582.252
300254.SZ,20240409,9.95,10.36,9.86,10.31,9.95,0.36,3.6181,169613.36,171283.416
300255.SZ,20240409,10.81,10.99,10.69,10.96,10.78,0.18,1.6698,195417.91,212228.331
300256.SZ,20240409,2.27,2.31,2.24,2.27,2.29,-0.02,-0.8734,274535.61,62368.174
300257.SZ,20240409,12.88,12.89,12.67,12.88,12.83,0.05,0.3897,37355.0,47805.983
300258.SZ,20240409,9.93,10.07,9.9,10.05,9.94,0.11,1.1066,43695.52,43685.029
300259.SZ,20240409,3.33,3.37,3.31,3.36,3.34,0.02,0.5988,64344.2,21519.238
300260.SZ,20240409,25.07,25.78,24.58,25.73,24.95,0.78,3.1263,53563.99,135391.953
300261.SZ,20240409,6.89,7.43,6.82,7.31,6.98,0.33,4.7278,495764.34,354667.841
300263.SZ,20240409,6.19,6.36,6.19,6.27,6.22,0.05,0.8039,120221.55,75406.807
300264.SZ,20240409,5.34,5.47,5.33,5.44,5.29,0.15,2.8355,110051.93,59404.986
300265.SZ,20240409,6.93,7.09,6.93,7.08,6.93,0.15,2.1645,64889.0,45570.327
300266.SZ,20240409,2.01,2.03,1.98,2.02,1.98,0.04,2.0202,91616.44,18376.178
300267.SZ,20240409,2.55,2.62,2.54,2.62,2.55,0.07,2.7451,230800.93,59694.373
300268.SZ,20240409,9.0,9.05,8.89,8.97,9.11,-0.14,-1.5368,8292.6,7432.04
300269.SZ,20240409,4.32,4.4,4.29,4.38,4.33,0.05,1.1547,157618.0,68638.292
300270.SZ,20240409,6.3,6.72,6.3,6.45,6.15,0.3,4.878,157842.99,102341.926
300271.SZ,20240409,6.24,6.38,6.22,6.35,6.24,0.11,1.7628,125403.49,79169.152
300272.SZ,20240409,5.19,5.29,5.17,5.28,5.19,0.09,1.7341,112065.19,58683.788
300274.SZ,20240409,104.5,105.48,101.48,102.18,103.43,-1.25,-1.2085,137474.37,1413068.514
300275.SZ,20240409,9.17,9.34,9.13,9.27,9.2,0.07,0.7609,21626.4,20017.189
300276.SZ,20240409,4.3,4.34,4.24,4.28,4.24,0.04,0.9434,247480.52,105923.556
300277.SZ,20240409,7.03,7.19,7.02,7.18,7.02,0.16,2.2792,30306.0,21575.369
300278.SZ,20240409,3.33,3.42,3.32,3.4,3.35,0.05,1.4925,134021.74,45308.903
300279.SZ,20240409,4.97,5.08,4.94,5.08,4.95,0.13,2.6263,74257.8,37369.159
300280.SZ,20240409,37.11,37.59,36.51,37.07,36.68,0.39,1.0632,72158.98,268152.92
300281.SZ,20240409,4.7,4.82,4.65,4.71,4.74,-0.03,-0.6329,88123.0,41571.143
300283.SZ,20240409,5.34,5.76,5.34,5.75,5.38,0.37,6.8773,233328.02,131707.286
300284.SZ,20240409,6.05,6.3,6.04,6.08,6.06,0.02,0.33,528472.5,325991.394
300285.SZ,20240409,17.44,18.77,17.4,18.47,17.52,0.95,5.4224,173840.28,316704.163
300286.SZ,20240409,20.11,20.38,19.74,20.05,20.1,-0.05,-0.2488,30197.0,60421.364
300287.SZ,20240409,3.01,3.04,2.97,3.01,2.99,0.02,0.6689,140044.68,42038.901
300288.SZ,20240409,13.37,13.65,13.23,13.59,13.38,0.21,1.5695,72467.0,97636.921
300289.SZ,20240409,4.69,4.87,4.66,4.86,4.66,0.2,4.2918,56518.0,26934.14
300290.SZ,20240409,9.2,9.65,8.8,9.13,10.47,-1.34,-12.7985,1230101.01,1131046.254
300291.SZ,20240409,5.18,5.24,5.12,5.23,5.11,0.12,2.3483,154582.0,80186.63
300292.SZ,20240409,3.58,3.61,3.48,3.53,3.55,-0.02,-0.5634,414685.13,146256.251
300293.SZ,20240409,14.38,14.58,14.08,14.2,14.5,-0.3,-2.069,113744.39,162174.842
300294.SZ,20240409,29.86,30.2,29.51,30.03,30.05,-0.02,-0.0666,41243.14,123122.881
300295.SZ,20240409,9.01,9.18,8.93,9.14,8.96,0.18,2.0089,43892.0,39870.563
300296.SZ,20240409,5.05,5.09,5.02,5.08,5.03,0.05,0.994,129722.5,65631.858
300298.SZ,20240409,20.0,20.41,19.79,20.4,19.87,0.53,2.6673,29762.41,60044.743
300299.SZ,20240409,4.72,4.81,4.68,4.79,4.68,0.11,2.3504,123495.16,58657.387
300300.SZ,20240409,2.79,2.92,2.79,2.9,2.78,0.12,4.3165,169132.13,48340.093
300301.SZ,20240409,1.38,1.41,1.38,1.39,1.38,0.01,0.7246,30960.5,4313.247
300302.SZ,20240409,12.06,12.1,11.42,11.85,11.86,-0.01,-0.0843,166917.82,196598.979
300303.SZ,20240409,4.99,5.03,4.93,5.0,4.98,0.02,0.4016,199302.98,99231.554
300304.SZ,20240409,6.13,6.2,6.07,6.16,6.15,0.01,0.1626,111693.76,68416.205
300305.SZ,20240409,7.09,7.39,7.01,7.37,7.0,0.37,5.2857,39174.02,28408.689
300306.SZ,20240409,10.13,10.44,10.06,10.39,10.14,0.25,2.4655,19091.63,19630.862
300307.SZ,20240409,5.4,5.5,5.38,5.46,5.42,0.04,0.738,58739.0,31956.321
300308.SZ,20240409,164.0,165.98,160.23,164.9,164.56,0.34,0.2066,170383.29,2785007.976
300310.SZ,20240409,4.8,4.93,4.62,4.64,5.02,-0.38,-7.5697,1575717.35,749828.11
300311.SZ,20240409,4.7,4.78,4.69,4.75,4.68,0.07,1.4957,56353.53,26739.275
300313.SZ,20240409,8.0,8.38,7.97,8.25,7.81,0.44,5.6338,96339.0,79009.706
300314.SZ,20240409,11.23,11.51,11.12,11.48,11.2,0.28,2.5,31564.0,35803.234
300315.SZ,20240409,5.33,5.48,5.25,5.44,5.31,0.13,2.4482,1171156.34,630315.801
300316.SZ,20240409,32.82,33.73,32.71,33.52,32.83,0.69,2.1017,77052.63,256272.376
300317.SZ,20240409,4.43,4.74,4.4,4.6,4.38,0.22,5.0228,352282.77,162558.569
300318.SZ,20240409,4.93,5.13,4.9,5.12,4.91,0.21,4.277,127178.0,64295.263
300319.SZ,20240409,7.92,8.07,7.89,8.03,7.95,0.08,1.0063,122070.92,97623.937
300320.SZ,20240409,6.53,6.89,6.52,6.85,6.49,0.36,5.547,139669.88,94863.479
300321.SZ,20240409,21.06,22.68,20.85,22.47,20.99,1.48,7.051,33541.52,73006.248
300322.SZ,20240409,10.77,11.08,10.3,10.64,10.76,-0.12,-1.1152,557227.6,586698.57
300323.SZ,20240409,4.8,4.89,4.76,4.87,4.82,0.05,1.0373,131142.0,63385.57
300324.SZ,20240409,2.87,2.9,2.85,2.89,2.86,0.03,1.049,179035.58,51458.916
300326.SZ,20240409,4.97,5.09,4.94,5.09,4.97,0.12,2.4145,57471.59,28857.245
300327.SZ,20240409,19.7,19.86,19.23,19.75,19.87,-0.12,-0.6039,168554.96,330007.967
300328.SZ,20240409,5.66,5.92,5.66,5.89,5.72,0.17,2.972,153554.29,89424.892
300329.SZ,20240409,5.13,5.26,5.08,5.26,5.13,0.13,2.5341,36207.61,18808.378
300331.SZ,20240409,17.62,18.25,17.55,18.2,17.65,0.55,3.1161,44404.0,79653.833
300332.SZ,20240409,6.58,6.63,6.53,6.55,6.56,-0.01,-0.1524,67231.87,44185.026
300333.SZ,20240409,5.1,5.18,5.03,5.13,5.04,0.09,1.7857,70206.4,35897.905
300334.SZ,20240409,6.05,6.19,5.96,6.11,6.12,-0.01,-0.1634,80856.63,48940.322
300335.SZ,20240409,4.67,4.73,4.64,4.71,4.68,0.03,0.641,112226.0,52636.534
300337.SZ,20240409,7.45,7.93,7.3,7.83,7.47,0.36,4.8193,612982.59,464998.068
300338.SZ,20240409,3.11,3.11,3.02,3.08,3.04,0.04,1.3158,97023.0,29776.672
300339.SZ,20240409,24.29,24.84,23.72,24.84,24.52,0.32,1.3051,756052.83,1834198.704
300340.SZ,20240409,9.0,10.26,8.93,9.84,8.92,0.92,10.3139,215114.07,208656.322
300341.SZ,20240409,9.34,9.59,9.26,9.52,9.33,0.19,2.0364,40457.0,38238.189
300342.SZ,20240409,13.49,13.62,13.15,13.38,13.32,0.06,0.4505,186734.96,249341.39
300343.SZ,20240409,6.88,7.54,6.78,7.45,6.97,0.48,6.8867,1045808.9,762945.751
300344.SZ,20240409,4.06,4.14,4.06,4.11,4.06,0.05,1.2315,80537.0,33078.482
300345.SZ,20240409,7.48,7.64,7.42,7.46,7.47,-0.01,-0.1339,25149.0,18834.204
300346.SZ,20240409,25.25,25.65,24.81,25.44,25.15,0.29,1.1531,73222.79,185120.647
300347.SZ,20240409,52.54,57.25,51.84,56.92,52.59,4.33,8.2335,263806.21,1446763.147
300348.SZ,20240409,7.58,7.68,7.51,7.67,7.51,0.16,2.1305,82553.75,62778.603
300349.SZ,20240409,12.85,12.86,12.61,12.7,12.71,-0.01,-0.0787,40586.13,51604.77
300350.SZ,20240409,5.56,5.65,5.48,5.56,5.65,-0.09,-1.5929,282377.96,156614.113
300351.SZ,20240409,16.7,17.56,16.57,17.35,16.89,0.46,2.7235,107628.59,185314.934
300352.SZ,20240409,4.51,4.55,4.4,4.46,4.53,-0.07,-1.5453,205441.51,91693.844
300353.SZ,20240409,9.56,9.7,9.51,9.7,9.57,0.13,1.3584,83092.16,79888.171
300354.SZ,20240409,41.0,41.85,40.42,41.22,41.09,0.13,0.3164,11418.4,47030.46
300355.SZ,20240409,3.25,3.31,3.25,3.28,3.27,0.01,0.3058,192047.6,62975.395
300357.SZ,20240409,22.72,23.34,22.58,23.1,22.65,0.45,1.9868,31310.66,72001.492
300358.SZ,20240409,8.91,9.25,8.91,9.24,8.92,0.32,3.5874,60715.62,55346.84
300359.SZ,20240409,4.6,4.68,4.58,4.65,4.59,0.06,1.3072,68928.08,31931.745
300360.SZ,20240409,14.42,14.55,14.15,14.32,14.46,-0.14,-0.9682,109810.21,157039.847
300363.SZ,20240409,17.1,18.12,17.02,18.05,17.46,0.59,3.3792,102673.0,181181.57
300364.SZ,20240409,27.25,27.38,25.8,26.44,27.15,-0.71,-2.6151,581447.49,1538196.316
300365.SZ,20240409,5.56,5.66,5.52,5.58,5.56,0.02,0.3597,124905.0,69684.765
300366.SZ,20240409,9.25,9.44,9.12,9.33,9.22,0.11,1.1931,124882.35,115874.65
300368.SZ,20240409,5.23,5.3,5.2,5.25,5.2,0.05,0.9615,59443.2,31156.176
300369.SZ,20240409,6.63,6.74,6.53,6.73,6.56,0.17,2.5915,94304.59,62752.382
300370.SZ,20240409,2.12,2.13,2.06,2.09,2.1,-0.01,-0.4762,102153.09,21299.39
300371.SZ,20240409,9.81,9.94,9.65,9.82,9.82,0.0,0.0,20499.4,19974.763
300373.SZ,20240409,36.72,37.24,36.52,37.24,36.69,0.55,1.499,35969.3,132946.142
300374.SZ,20240409,14.15,14.45,14.04,14.15,14.15,0.0,0.0,66689.1,94710.388
300375.SZ,20240409,4.57,4.65,4.48,4.65,4.56,0.09,1.9737,310694.38,141829.081
300376.SZ,20240409,5.94,6.05,5.93,6.04,5.92,0.12,2.027,94872.0,56984.348
300377.SZ,20240409,6.15,6.2,6.07,6.14,6.08,0.06,0.9868,90893.93,55737.979
300378.SZ,20240409,17.1,17.31,16.94,17.17,16.96,0.21,1.2382,49909.0,85542.291
300379.SZ,20240409,11.27,11.46,11.22,11.44,11.26,0.18,1.5986,117250.55,133052.888
300380.SZ,20240409,16.17,16.41,15.9,16.23,16.09,0.14,0.8701,25442.0,41141.635
300381.SZ,20240409,5.43,5.7,5.4,5.65,5.43,0.22,4.0516,46388.7,25641.523
300382.SZ,20240409,7.46,7.75,7.41,7.74,7.41,0.33,4.4534,57140.0,43574.589
300383.SZ,20240409,9.01,9.18,8.96,9.11,9.03,0.08,0.8859,155526.34,141146.357
300384.SZ,20240409,13.53,13.66,13.38,13.62,13.46,0.16,1.1887,19432.96,26246.544
300385.SZ,20240409,4.75,4.86,4.74,4.83,4.73,0.1,2.1142,31041.8,14905.245
300386.SZ,20240409,7.26,7.3,6.98,7.17,7.09,0.08,1.1283,42084.04,30034.44
300387.SZ,20240409,6.49,6.6,6.42,6.52,6.49,0.03,0.4622,71816.0,46775.811
300388.SZ,20240409,6.22,6.35,6.22,6.34,6.22,0.12,1.9293,43657.8,27506.016
300389.SZ,20240409,15.81,16.0,14.31,15.18,16.75,-1.57,-9.3731,186044.1,275637.371
300390.SZ,20240409,20.33,21.37,20.26,21.36,20.35,1.01,4.9631,164997.44,347491.64
300391.SZ,20240409,4.71,4.93,4.65,4.92,4.7,0.22,4.6809,86661.25,41639.742
300393.SZ,20240409,8.46,8.67,8.39,8.65,8.39,0.26,3.0989,112871.87,96754.403
300394.SZ,20240409,158.68,160.05,152.77,156.1,159.86,-3.76,-2.3521,105271.57,1637128.379
300395.SZ,20240409,27.97,28.28,27.73,28.07,27.73,0.34,1.2261,34862.78,97663.025
300396.SZ,20240409,23.3,24.15,22.81,24.11,23.3,0.81,3.4764,62101.47,146144.886
300397.SZ,20240409,8.55,8.71,8.38,8.56,8.47,0.09,1.0626,103121.04,87840.795
300398.SZ,20240409,11.37,11.8,11.37,11.79,11.41,0.38,3.3304,92743.41,107993.539
300399.SZ,20240409,10.27,10.4,10.12,10.29,10.22,0.07,0.6849,28056.0,28861.239
300400.SZ,20240409,11.48,11.76,11.42,11.58,11.49,0.09,0.7833,31653.0,36599.5
300401.SZ,20240409,10.02,10.21,9.98,10.19,10.07,0.12,1.1917,47560.5,48046.042
300402.SZ,20240409,16.61,17.95,16.4,17.46,16.91,0.55,3.2525,115036.29,197545.708
300403.SZ,20240409,7.6,7.69,7.56,7.62,7.56,0.06,0.7937,97692.38,74425.754
300404.SZ,20240409,7.45,7.72,7.24,7.67,7.53,0.14,1.8592,118173.43,88581.438
300405.SZ,20240409,4.91,5.01,4.89,5.0,4.91,0.09,1.833,70903.8,35215.571
300406.SZ,20240409,17.54,18.07,17.42,17.98,17.57,0.41,2.3335,49262.43,87359.985
300407.SZ,20240409,7.04,7.2,7.04,7.17,7.05,0.12,1.7021,41522.0,29635.507
300408.SZ,20240409,24.7,25.5,24.7,25.3,24.77,0.53,2.1397,116112.88,293366.824
300409.SZ,20240409,10.31,11.15,10.31,10.98,10.44,0.54,5.1724,291311.32,317170.998
300410.SZ,20240409,6.4,6.65,6.24,6.59,6.4,0.19,2.9688,167524.31,109325.368
300411.SZ,20240409,12.7,13.75,12.57,13.37,12.75,0.62,4.8627,627693.61,828842.641
300412.SZ,20240409,4.01,4.12,3.98,4.12,3.98,0.14,3.5176,72324.42,29314.437
300413.SZ,20240409,23.7,24.15,23.48,24.04,23.55,0.49,2.0807,96458.14,229945.95
300414.SZ,20240409,7.78,8.09,7.78,7.87,7.71,0.16,2.0752,85368.74,67538.86
300415.SZ,20240409,19.39,19.63,19.1,19.34,19.43,-0.09,-0.4632,32325.26,62384.452
300416.SZ,20240409,13.76,14.08,13.56,13.83,13.76,0.07,0.5087,117398.67,161845.888
300417.SZ,20240409,8.32,8.59,8.28,8.5,8.37,0.13,1.5532,25745.0,21734.737
300418.SZ,20240409,41.61,41.85,39.57,40.55,41.7,-1.15,-2.7578,572290.68,2312063.004
300419.SZ,20240409,6.16,6.25,5.91,5.98,6.15,-0.17,-2.7642,298503.32,179841.643
300420.SZ,20240409,2.72,2.77,2.72,2.74,2.74,0.0,0.0,122435.82,33520.628
300421.SZ,20240409,8.66,8.96,8.65,8.84,8.66,0.18,2.0785,54894.5,48314.168
300422.SZ,20240409,4.72,4.83,4.67,4.82,4.72,0.1,2.1186,46685.2,22335.211
300423.SZ,20240409,6.08,6.27,6.08,6.17,6.1,0.07,1.1475,121585.92,75091.825
300424.SZ,20240409,11.41,11.88,11.22,11.33,11.37,-0.04,-0.3518,81263.33,93202.455
300425.SZ,20240409,4.36,4.41,4.33,4.4,4.34,0.06,1.3825,111547.76,48741.688
300426.SZ,20240409,8.4,8.58,8.37,8.55,8.41,0.14,1.6647,54316.0,46139.386
300427.SZ,20240409,4.19,4.4,4.15,4.29,4.25,0.04,0.9412,89652.96,38466.854
300428.SZ,20240409,17.88,19.15,17.85,18.98,18.04,0.94,5.2106,132710.28,247341.427
300429.SZ,20240409,11.85,12.28,11.7,11.8,11.97,-0.17,-1.4202,285483.09,342646.82
300430.SZ,20240409,17.18,17.65,16.33,16.99,16.8,0.19,1.131,132416.54,224145.677
300432.SZ,20240409,7.5,7.84,7.46,7.77,7.47,0.3,4.0161,175271.78,134939.857
300433.SZ,20240409,13.62,13.81,13.52,13.72,13.77,-0.05,-0.3631,258748.99,352763.033
300434.SZ,20240409,8.73,9.08,8.73,9.08,8.8,0.28,3.1818,45798.17,41062.959
300435.SZ,20240409,13.16,13.4,13.1,13.36,13.18,0.18,1.3657,19125.0,25310.78
300436.SZ,20240409,18.11,18.72,17.88,18.71,18.0,0.71,3.9444,17030.0,31188.652
300437.SZ,20240409,10.75,11.22,10.75,11.02,10.77,0.25,2.3213,78094.36,85741.153
300438.SZ,20240409,27.18,30.44,27.13,30.07,27.08,2.99,11.0414,581257.03,1704660.332
300439.SZ,20240409,9.35,9.71,9.35,9.69,9.33,0.36,3.8585,43837.0,41839.917
300440.SZ,20240409,6.0,6.14,5.99,6.12,5.98,0.14,2.3411,64139.34,39010.69
300441.SZ,20240409,7.12,7.24,7.08,7.14,7.06,0.08,1.1331,61946.31,44247.134
300442.SZ,20240409,26.5,26.76,25.8,26.56,26.52,0.04,0.1508,214089.08,563737.999
300443.SZ,20240409,20.9,22.55,20.9,21.72,20.89,0.83,3.9732,138734.88,303167.695
300444.SZ,20240409,6.02,6.15,6.0,6.11,6.02,0.09,1.495,95609.31,58149.638
300445.SZ,20240409,17.48,17.79,17.37,17.78,17.5,0.28,1.6,27534.3,48536.266
300446.SZ,20240409,14.25,15.0,14.25,14.77,14.29,0.48,3.359,102662.5,150811.043
300447.SZ,20240409,12.06,12.26,12.0,12.06,12.07,-0.01,-0.0829,30632.65,37091.956
300448.SZ,20240409,4.69,4.7,4.46,4.52,4.77,-0.25,-5.2411,229650.9,104657.023
300449.SZ,20240409,4.41,4.53,4.35,4.52,4.41,0.11,2.4943,67672.2,30124.259
300450.SZ,20240409,24.01,25.11,23.95,25.09,24.12,0.97,4.0216,387853.14,957226.631
300451.SZ,20240409,4.17,4.3,4.17,4.3,4.17,0.13,3.1175,323846.9,137152.084
300452.SZ,20240409,12.9,12.99,12.68,12.95,12.8,0.15,1.1719,25586.03,32861.52
300453.SZ,20240409,7.7,7.79,7.66,7.77,7.77,0.0,0.0,50884.08,39307.706
300454.SZ,20240409,58.0,59.7,57.36,59.2,57.26,1.94,3.3881,67245.06,394189.084
300455.SZ,20240409,10.2,10.31,10.07,10.25,10.18,0.07,0.6876,73033.62,74417.145
300456.SZ,20240409,19.2,19.45,18.81,19.29,19.28,0.01,0.0519,136167.5,260280.536
300457.SZ,20240409,15.75,17.0,15.75,17.0,15.94,1.06,6.6499,401768.91,668375.379
300458.SZ,20240409,18.62,19.1,18.44,18.96,18.7,0.26,1.3904,86881.53,163284.526
300459.SZ,20240409,4.28,4.33,4.24,4.31,4.23,0.08,1.8913,612447.73,262732.185
300460.SZ,20240409,8.77,9.07,8.72,9.05,8.79,0.26,2.9579,56890.0,50805.969
300461.SZ,20240409,17.55,19.66,17.49,19.26,18.09,1.17,6.4677,100449.75,189786.236
300462.SZ,20240409,9.33,9.68,9.3,9.49,9.38,0.11,1.1727,111885.34,106262.221
300463.SZ,20240409,12.45,12.9,12.45,12.88,12.53,0.35,2.7933,35413.62,45127.351
300464.SZ,20240409,4.23,4.34,4.2,4.33,4.24,0.09,2.1226,29952.62,12870.185
300465.SZ,20240409,7.78,7.94,7.75,7.85,7.78,0.07,0.8997,51640.5,40492.127
300466.SZ,20240409,7.96,8.13,7.96,8.08,7.98,0.1,1.2531,158889.6,127595.75
300467.SZ,20240409,12.99,14.98,12.88,14.22,12.84,1.38,10.7477,139914.44,193800.837
300468.SZ,20240409,8.66,8.7,8.55,8.66,8.56,0.1,1.1682,71645.59,61842.535
300469.SZ,20240409,13.64,14.69,13.6,14.42,13.63,0.79,5.796,143621.27,204994.144
300470.SZ,20240409,31.33,31.7,31.11,31.7,31.32,0.38,1.2133,11087.58,34840.341
300471.SZ,20240409,10.58,10.74,10.48,10.64,10.58,0.06,0.5671,51041.69,54132.695
300472.SZ,20240409,6.09,6.24,6.05,6.18,6.09,0.09,1.4778,48284.64,29671.066
300473.SZ,20240409,17.8,19.68,17.66,19.46,18.33,1.13,6.1648,203117.04,385697.061
300474.SZ,20240409,69.0,69.46,67.43,68.26,69.08,-0.82,-1.187,79633.16,543364.179
300475.SZ,20240409,40.98,41.8,38.84,39.5,41.0,-1.5,-3.6585,179927.17,711123.062
300476.SZ,20240409,24.0,24.33,23.57,24.19,24.19,0.0,0.0,224114.85,535268.209
300477.SZ,20240409,3.54,4.05,3.48,3.78,3.55,0.23,6.4789,1505389.51,572483.675
300478.SZ,20240409,10.5,10.7,10.38,10.59,10.38,0.21,2.0231,22782.9,24027.363
300479.SZ,20240409,17.4,18.11,17.4,17.88,17.53,0.35,1.9966,40308.87,71273.038
300480.SZ,20240409,16.36,16.8,16.36,16.67,16.37,0.3,1.8326,29435.04,48902.288
300481.SZ,20240409,14.08,14.35,13.98,14.19,14.08,0.11,0.7813,63051.06,89254.603
300482.SZ,20240409,24.42,24.85,24.06,24.74,24.42,0.32,1.3104,28746.0,70753.533
300483.SZ,20240409,10.2,10.39,9.83,9.97,10.48,-0.51,-4.8664,109073.92,109109.842
300484.SZ,20240409,13.9,14.79,13.82,14.27,13.91,0.36,2.5881,301751.31,433570.794
300485.SZ,20240409,8.12,8.46,8.1,8.46,8.16,0.3,3.6765,34303.96,28520.391
300486.SZ,20240409,5.14,5.28,5.13,5.21,5.16,0.05,0.969,81899.5,42471.604
300487.SZ,20240409,45.5,47.99,45.18,47.61,45.21,2.4,5.3086,43264.45,202342.015
300488.SZ,20240409,22.5,22.69,22.07,22.63,22.2,0.43,1.9369,7542.0,16929.925
300489.SZ,20240409,20.48,23.27,20.46,20.97,19.39,1.58,8.1485,102390.77,221609.33
300490.SZ,20240409,9.09,10.52,9.09,10.26,9.13,1.13,12.3768,474742.88,473286.722
300491.SZ,20240409,17.6,18.16,17.57,17.99,17.44,0.55,3.1537,38923.0,69806.926
300492.SZ,20240409,90.9,91.76,89.79,91.14,90.9,0.24,0.264,8298.26,75347.992
300493.SZ,20240409,6.91,7.1,6.91,7.06,6.9,0.16,2.3188,71180.14,50011.416
300494.SZ,20240409,13.97,14.6,13.86,14.43,13.96,0.47,3.3668,374684.4,535317.325
300496.SZ,20240409,51.38,52.14,50.97,51.45,51.23,0.22,0.4294,90460.4,465191.792
300497.SZ,20240409,8.81,9.14,8.8,9.14,8.82,0.32,3.6281,39797.28,35873.777
300498.SZ,20240409,19.53,19.7,18.89,19.23,19.6,-0.37,-1.8878,344986.72,660818.25
300499.SZ,20240409,11.67,11.88,11.47,11.83,11.67,0.16,1.371,71514.0,83777.454
300500.SZ,20240409,9.41,9.69,9.41,9.66,9.39,0.27,2.8754,24630.37,23560.645
300501.SZ,20240409,12.77,13.81,12.77,13.76,12.85,0.91,7.0817,114644.18,155059.72
300502.SZ,20240409,69.0,69.98,66.69,67.51,69.09,-1.58,-2.2869,239764.47,1621621.725
300503.SZ,20240409,13.86,14.24,13.86,14.13,13.9,0.23,1.6547,75500.25,106462.725
300504.SZ,20240409,13.88,14.16,13.8,14.14,13.87,0.27,1.9466,23236.0,32548.603
300505.SZ,20240409,12.86,13.33,12.51,13.05,12.87,0.18,1.3986,236198.59,305890.823
300506.SZ,20240409,4.0,4.23,4.0,4.21,4.04,0.17,4.2079,137365.73,57122.394
300507.SZ,20240409,5.34,5.9,5.33,5.72,5.36,0.36,6.7164,376639.22,212677.876
300508.SZ,20240409,20.86,21.38,20.64,21.32,20.86,0.46,2.2052,12164.7,25640.803
300509.SZ,20240409,5.22,5.38,5.22,5.36,5.24,0.12,2.2901,30864.0,16374.811
300510.SZ,20240409,4.89,5.04,4.89,5.01,4.91,0.1,2.0367,87755.63,43717.575
300511.SZ,20240409,4.01,4.14,3.99,4.14,4.03,0.11,2.7295,108544.44,44230.744
300512.SZ,20240409,6.35,6.49,6.32,6.45,6.36,0.09,1.4151,25062.33,16063.66
300513.SZ,20240409,9.49,9.63,9.37,9.54,9.46,0.08,0.8457,34951.88,33196.791
300514.SZ,20240409,14.4,14.78,14.32,14.57,14.42,0.15,1.0402,40918.84,59308.821
300515.SZ,20240409,9.3,9.53,9.29,9.49,9.3,0.19,2.043,20988.0,19775.161
300516.SZ,20240409,26.62,27.15,26.48,27.0,26.73,0.27,1.0101,12423.0,33423.671
300517.SZ,20240409,8.02,8.22,8.01,8.16,8.02,0.14,1.7456,30444.25,24760.126
300518.SZ,20240409,11.64,12.15,11.61,12.08,11.53,0.55,4.7702,29703.12,35433.327
300519.SZ,20240409,12.35,13.3,12.3,13.04,12.35,0.69,5.587,35808.0,45943.075
300520.SZ,20240409,16.3,17.26,16.3,16.83,16.32,0.51,3.125,67599.23,113416.639
300521.SZ,20240409,11.33,11.41,11.05,11.2,11.33,-0.13,-1.1474,27341.0,30650.13
300522.SZ,20240409,12.04,12.9,12.0,12.8,12.01,0.79,6.5779,100973.68,126694.296
300523.SZ,20240409,20.3,20.57,20.08,20.25,20.25,0.0,0.0,17847.6,36277.748
300525.SZ,20240409,12.73,12.8,12.6,12.78,12.66,0.12,0.9479,36603.4,46479.265
300527.SZ,20240409,6.54,6.64,6.46,6.52,6.57,-0.05,-0.761,61533.39,40131.443
300528.SZ,20240409,7.77,7.85,7.67,7.84,7.7,0.14,1.8182,48810.4,37948.32
300529.SZ,20240409,22.1,22.68,22.0,22.35,22.1,0.25,1.1312,61645.9,137980.756
300530.SZ,20240409,21.5,23.23,21.17,22.36,21.15,1.21,5.721,52683.29,118156.003
300531.SZ,20240409,10.81,10.95,10.69,10.91,10.8,0.11,1.0185,40900.0,44259.211
300532.SZ,20240409,14.4,14.74,14.4,14.68,14.36,0.32,2.2284,44871.55,65414.906
300533.SZ,20240409,24.88,26.08,24.55,25.74,24.58,1.16,4.7193,88322.76,224060.683
300534.SZ,20240409,8.1,8.4,8.1,8.35,8.12,0.23,2.8325,56119.1,46396.6
300535.SZ,20240409,13.24,13.56,13.1,13.53,13.25,0.28,2.1132,20535.41,27424.001
300536.SZ,20240409,16.93,17.25,16.47,16.8,16.99,-0.19,-1.1183,59880.5,100110.609
300537.SZ,20240409,15.5,16.2,15.5,15.92,15.71,0.21,1.3367,52154.14,83103.221
300538.SZ,20240409,14.85,15.39,14.81,15.25,14.85,0.4,2.6936,41137.0,62515.934
300539.SZ,20240409,8.77,9.02,8.73,8.96,8.7,0.26,2.9885,40690.0,36172.209
300540.SZ,20240409,23.58,23.64,22.99,23.32,23.41,-0.09,-0.3845,18470.44,42875.052
300541.SZ,20240409,13.28,13.43,13.18,13.42,13.14,0.28,2.1309,65132.0,86862.077
300542.SZ,20240409,12.32,12.9,11.75,12.1,12.3,-0.2,-1.626,146424.0,179822.008
300543.SZ,20240409,7.77,7.92,7.73,7.92,7.73,0.19,2.458,35376.3,27736.728
300545.SZ,20240409,25.73,26.34,25.55,26.06,25.51,0.55,2.156,34908.0,90762.304
300546.SZ,20240409,11.05,11.23,10.88,11.09,11.02,0.07,0.6352,25445.0,28096.382
300547.SZ,20240409,17.99,18.38,17.9,18.23,18.13,0.1,0.5516,41987.05,75932.204
300548.SZ,20240409,24.71,24.75,23.69,24.05,24.39,-0.34,-1.394,127955.41,306898.919
300549.SZ,20240409,15.72,16.1,15.51,15.85,15.72,0.13,0.827,20497.0,32379.853
300550.SZ,20240409,11.6,11.6,11.06,11.26,11.42,-0.16,-1.4011,18200.39,20521.542
300551.SZ,20240409,13.15,13.37,12.85,12.98,13.1,-0.12,-0.916,58757.0,76422.957
300552.SZ,20240409,29.0,29.8,26.26,26.71,29.0,-2.29,-7.8966,196806.8,537759.568
300553.SZ,20240409,28.55,29.15,28.4,28.95,28.69,0.26,0.9062,14003.2,40263.699
300554.SZ,20240409,22.5,23.29,22.27,22.99,22.3,0.69,3.0942,45975.0,104645.926
300555.SZ,20240409,6.76,6.91,6.58,6.77,6.76,0.01,0.1479,19338.5,13102.693
300556.SZ,20240409,21.1,21.77,21.1,21.69,21.21,0.48,2.2631,64565.0,139047.603
300557.SZ,20240409,28.17,28.65,28.01,28.44,28.12,0.32,1.138,6288.14,17842.308
300558.SZ,20240409,39.11,40.03,38.45,39.99,39.0,0.99,2.5385,37068.19,145863.854
300559.SZ,20240409,12.21,12.29,11.9,12.15,12.09,0.06,0.4963,79263.1,95715.004
300560.SZ,20240409,14.35,14.6,14.24,14.35,14.25,0.1,0.7018,28780.0,41404.707
300561.SZ,20240409,9.15,9.2,8.97,9.12,9.08,0.04,0.4405,34042.2,30851.442
300562.SZ,20240409,9.11,9.49,9.05,9.45,9.11,0.34,3.7322,68524.0,63651.055
300563.SZ,20240409,12.92,12.99,12.5,12.92,12.79,0.13,1.0164,117375.7,149099.176
300564.SZ,20240409,10.64,10.86,10.56,10.77,10.61,0.16,1.508,13138.0,14075.203
300565.SZ,20240409,11.38,11.7,11.35,11.58,11.38,0.2,1.7575,36011.0,41642.893
300566.SZ,20240409,13.45,13.76,13.43,13.72,13.42,0.3,2.2355,27320.3,37225.806
300567.SZ,20240409,64.0,64.8,62.0,63.04,63.94,-0.9,-1.4076,46852.15,293895.673
300568.SZ,20240409,11.18,12.07,11.18,11.92,11.3,0.62,5.4867,462124.45,545903.656
300569.SZ,20240409,5.08,5.22,5.08,5.21,5.08,0.13,2.5591,129274.86,67028.034
300570.SZ,20240409,37.06,37.45,35.28,35.96,36.89,-0.93,-2.521,110033.98,394396.905
300571.SZ,20240409,25.99,26.57,25.59,26.26,25.98,0.28,1.0778,16245.34,42333.544
300572.SZ,20240409,13.55,13.8,13.55,13.75,13.69,0.06,0.4383,23283.16,31895.828
300573.SZ,20240409,218.99,222.39,214.0,221.8,219.22,2.58,1.1769,21568.4,470513.712
300575.SZ,20240409,6.11,6.4,6.1,6.38,6.12,0.26,4.2484,84652.0,53178.377
300576.SZ,20240409,37.1,37.35,36.53,37.18,36.73,0.45,1.2252,49948.97,184988.255
300577.SZ,20240409,18.08,18.68,17.78,18.45,18.12,0.33,1.8212,18021.61,32827.404
300578.SZ,20240409,13.13,13.37,12.92,12.95,13.13,-0.18,-1.3709,41765.0,54711.97
300579.SZ,20240409,20.69,20.9,20.53,20.78,20.55,0.23,1.1192,15708.1,32559.653
300580.SZ,20240409,24.56,26.12,24.32,26.01,24.56,1.45,5.9039,90738.5,231616.481
300581.SZ,20240409,8.0,8.35,8.0,8.15,8.07,0.08,0.9913,51938.46,42439.831
300582.SZ,20240409,8.25,8.73,8.21,8.71,8.33,0.38,4.5618,54654.39,46607.144
300583.SZ,20240409,14.75,15.11,14.41,15.09,14.6,0.49,3.3562,21991.96,32510.779
300584.SZ,20240409,16.91,17.66,16.75,17.6,16.85,0.75,4.451,22021.0,38087.791
300585.SZ,20240409,13.65,13.83,13.41,13.55,13.62,-0.07,-0.514,116664.95,158306.425
300586.SZ,20240409,7.18,8.0,7.11,8.0,7.22,0.78,10.8033,389192.6,298891.515
300587.SZ,20240409,4.32,4.48,4.29,4.48,4.29,0.19,4.4289,141482.44,62538.209
300588.SZ,20240409,9.02,9.28,8.98,9.2,9.05,0.15,1.6575,44293.0,40403.308
300589.SZ,20240409,11.47,11.58,11.31,11.43,11.5,-0.07,-0.6087,37123.99,42314.646
300590.SZ,20240409,10.0,10.78,10.0,10.78,8.98,1.8,20.0445,204598.03,214608.455
300591.SZ,20240409,4.37,4.49,4.35,4.49,4.35,0.14,3.2184,66640.33,29532.681
300592.SZ,20240409,18.64,19.0,18.49,18.7,18.5,0.2,1.0811,33238.0,62151.842
300593.SZ,20240409,9.42,9.58,9.32,9.55,9.24,0.31,3.355,90461.91,85786.891
300594.SZ,20240409,16.24,16.52,16.02,16.51,16.24,0.27,1.6626,15639.86,25530.118
300595.SZ,20240409,17.99,18.34,17.86,18.26,17.87,0.39,2.1824,61468.41,111294.961
300596.SZ,20240409,23.97,24.99,23.97,24.99,24.04,0.95,3.9517,23412.11,57939.984
300597.SZ,20240409,7.34,7.48,7.34,7.46,7.34,0.12,1.6349,36986.78,27444.057
300598.SZ,20240409,40.6,41.21,39.76,40.99,41.17,-0.18,-0.4372,56417.46,228382.927
300599.SZ,20240409,6.31,6.46,6.29,6.44,6.26,0.18,2.8754,27796.0,17763.993
300600.SZ,20240409,8.25,8.37,8.12,8.29,8.26,0.03,0.3632,38238.4,31539.451
300601.SZ,20240409,21.35,22.04,21.28,21.97,21.45,0.52,2.4242,71444.36,154907.148
300602.SZ,20240409,15.51,15.73,15.13,15.4,15.48,-0.08,-0.5168,96200.01,147968.559
300603.SZ,20240409,8.85,8.92,8.72,8.82,8.77,0.05,0.5701,69702.6,61417.076
300604.SZ,20240409,31.05,32.8,31.05,32.35,30.9,1.45,4.6926,156053.16,500416.397
300605.SZ,20240409,10.48,10.63,10.35,10.56,10.4,0.16,1.5385,26197.48,27511.214
300606.SZ,20240409,20.7,21.88,20.7,21.84,20.61,1.23,5.968,56211.5,120085.567
300607.SZ,20240409,12.7,13.0,12.7,12.94,12.68,0.26,2.0505,40384.01,52079.508
300608.SZ,20240409,12.08,12.75,12.02,12.44,11.84,0.6,5.0676,210028.98,262027.877
300609.SZ,20240409,18.53,18.79,18.25,18.55,18.35,0.2,1.0899,23980.14,44256.58
300610.SZ,20240409,9.0,9.57,9.0,9.56,9.03,0.53,5.8693,67168.45,63137.41
300611.SZ,20240409,8.8,9.15,8.76,9.12,8.8,0.32,3.6364,53315.0,48073.746
300612.SZ,20240409,15.08,15.3,14.95,15.18,14.93,0.25,1.6745,32473.88,49164.981
300613.SZ,20240409,31.97,32.67,31.72,32.62,31.81,0.81,2.5464,18849.62,60819.561
300614.SZ,20240409,12.66,13.02,12.58,12.98,12.61,0.37,2.9342,21629.0,27829.486
300615.SZ,20240409,11.75,11.84,11.53,11.73,11.57,0.16,1.3829,24574.5,28675.054
300616.SZ,20240409,13.94,14.22,13.9,14.2,13.95,0.25,1.7921,16956.68,23858.561
300617.SZ,20240409,27.95,28.26,27.38,27.56,28.24,-0.68,-2.4079,18651.0,51606.095
300618.SZ,20240409,31.57,33.98,31.46,32.77,31.71,1.06,3.3428,298238.95,983108.901
300619.SZ,20240409,43.37,47.28,43.13,46.9,43.87,3.03,6.9068,34094.79,156499.262
300620.SZ,20240409,46.15,46.97,44.6,45.22,46.45,-1.23,-2.648,97634.34,441935.955
300621.SZ,20240409,8.29,8.33,8.12,8.32,8.29,0.03,0.3619,32223.0,26529.707
300622.SZ,20240409,15.76,16.32,15.65,16.22,15.7,0.52,3.3121,18033.13,28783.66
300623.SZ,20240409,14.6,14.94,14.55,14.94,14.54,0.4,2.751,46753.72,69214.832
300624.SZ,20240409,88.5,88.5,85.73,87.21,88.53,-1.32,-1.491,69625.92,604608.207
300625.SZ,20240409,12.87,13.07,12.85,13.01,12.93,0.08,0.6187,14413.0,18683.739
300626.SZ,20240409,7.52,7.77,7.52,7.72,7.53,0.19,2.5232,33260.0,25516.104
300627.SZ,20240409,27.1,27.85,27.07,27.43,26.68,0.75,2.8111,186965.23,512506.116
300628.SZ,20240409,29.42,29.47,27.86,28.88,28.83,0.05,0.1734,92637.55,263944.325
300629.SZ,20240409,18.79,19.06,18.43,18.81,18.65,0.16,0.8579,62778.65,117777.33
300630.SZ,20240409,17.39,18.01,17.39,17.98,17.45,0.53,3.0372,73802.66,131006.398
300631.SZ,20240409,22.4,23.71,22.34,23.5,22.56,0.94,4.1667,21818.0,50738.094
300632.SZ,20240409,9.9,10.17,9.9,10.16,9.9,0.26,2.6263,19139.92,19274.613
300633.SZ,20240409,35.42,36.26,34.88,35.8,35.38,0.42,1.1871,26592.63,94938.419
300634.SZ,20240409,19.08,19.38,18.68,18.92,19.26,-0.34,-1.7653,172694.18,327279.811
300635.SZ,20240409,9.39,9.53,9.28,9.43,9.36,0.07,0.7479,24903.0,23434.541
300636.SZ,20240409,7.31,7.8,7.28,7.79,7.28,0.51,7.0055,62165.86,46908.964
300637.SZ,20240409,8.51,8.87,8.32,8.48,8.55,-0.07,-0.8187,204258.84,174946.003
300638.SZ,20240409,15.66,16.08,15.63,15.99,15.55,0.44,2.8296,177591.03,281695.703
300639.SZ,20240409,6.95,7.18,6.9,7.17,6.93,0.24,3.4632,53115.22,37609.078
300640.SZ,20240409,4.92,5.03,4.91,5.02,4.92,0.1,2.0325,38613.88,19230.608
300641.SZ,20240409,4.45,5.05,4.44,4.98,4.43,0.55,12.4153,161431.73,77375.877
300642.SZ,20240409,13.5,14.5,13.48,14.34,13.54,0.8,5.9084,33144.7,46959.375
300643.SZ,20240409,10.7,10.84,10.66,10.81,10.69,0.12,1.1225,13948.0,14991.405
300644.SZ,20240409,16.62,17.22,16.62,17.1,16.63,0.47,2.8262,18694.0,31756.184
300645.SZ,20240409,15.21,15.36,14.66,14.86,15.45,-0.59,-3.8188,90377.27,134597.925
300647.SZ,20240409,4.6,4.74,4.6,4.73,4.61,0.12,2.603,79286.83,37065.378
300648.SZ,20240409,21.81,23.63,21.75,23.55,21.65,1.9,8.776,92800.8,212484.206
300649.SZ,20240409,11.86,12.0,11.71,12.0,11.68,0.32,2.7397,19595.0,23317.602
300650.SZ,20240409,9.84,10.04,9.74,9.93,9.84,0.09,0.9146,40209.0,39837.953
300651.SZ,20240409,14.76,15.5,14.74,15.42,14.77,0.65,4.4008,24942.7,37986.485
300652.SZ,20240409,22.46,23.3,22.42,23.13,22.46,0.67,2.9831,19771.57,45267.894
300653.SZ,20240409,23.25,24.07,23.2,24.07,23.27,0.8,3.4379,24065.14,56991.216
300654.SZ,20240409,11.39,11.65,11.1,11.44,11.48,-0.04,-0.3484,155189.96,176465.38
300655.SZ,20240409,7.71,8.0,7.71,7.95,7.86,0.09,1.145,145277.57,114757.857
300656.SZ,20240409,19.06,19.82,18.91,19.73,19.0,0.73,3.8421,13007.69,25309.827
300657.SZ,20240409,18.12,18.29,17.76,18.16,18.34,-0.18,-0.9815,105395.54,190087.525
300658.SZ,20240409,5.23,5.43,5.22,5.42,5.22,0.2,3.8314,46490.5,24834.538
300659.SZ,20240409,15.75,16.36,15.75,16.16,15.74,0.42,2.6684,40660.92,65455.637
300660.SZ,20240409,25.56,26.41,25.56,26.12,25.74,0.38,1.4763,32019.36,83485.705
300661.SZ,20240409,60.47,61.97,60.13,61.85,60.75,1.1,1.8107,19711.34,120456.08
300662.SZ,20240409,19.53,21.0,19.28,20.5,19.35,1.15,5.9432,43438.52,87891.612
300663.SZ,20240409,11.08,11.27,10.95,11.17,11.3,-0.13,-1.1504,135631.2,150544.195
300664.SZ,20240409,4.97,5.02,4.93,4.95,4.95,0.0,0.0,92412.5,45816.584
300665.SZ,20240409,7.01,7.16,6.95,7.14,6.97,0.17,2.439,72667.94,51445.288
300666.SZ,20240409,42.53,43.76,42.53,43.7,42.49,1.21,2.8477,24711.05,106838.255
300667.SZ,20240409,13.1,13.34,13.0,13.26,13.1,0.16,1.2214,21601.0,28434.44
300668.SZ,20240409,19.52,19.71,19.18,19.51,19.51,0.0,0.0,10028.0,19477.355
300669.SZ,20240409,14.49,14.49,14.06,14.29,14.15,0.14,0.9894,10693.0,15234.251
300670.SZ,20240409,5.39,5.58,5.39,5.47,5.42,0.05,0.9225,67834.7,37062.034
300671.SZ,20240409,23.55,24.21,23.45,24.15,23.51,0.64,2.7222,23470.43,56079.63
300672.SZ,20240409,48.55,49.73,48.13,49.71,48.4,1.31,2.7066,26599.56,130452.834
300673.SZ,20240409,11.57,12.19,11.54,12.17,11.67,0.5,4.2845,28214.0,33613.239
300674.SZ,20240409,13.1,13.24,12.98,13.17,13.12,0.05,0.3811,80407.71,105211.541
300675.SZ,20240409,11.75,11.94,11.67,11.73,11.76,-0.03,-0.2551,27171.0,31942.927
300676.SZ,20240409,39.18,40.44,39.18,40.42,39.2,1.22,3.1122,25278.82,100941.66
300677.SZ,20240409,22.91,23.08,22.63,22.77,22.73,0.04,0.176,51399.44,117388.981
300678.SZ,20240409,29.11,29.36,28.48,29.27,28.87,0.4,1.3855,70232.66,203231.471
300679.SZ,20240409,39.33,40.85,39.33,40.75,39.7,1.05,2.6448,37772.25,152551.954
300680.SZ,20240409,15.72,16.13,15.67,16.12,15.73,0.39,2.4793,23690.32,37685.877
300681.SZ,20240409,16.65,16.94,16.35,16.47,16.83,-0.36,-2.139,55646.35,92005.029
300682.SZ,20240409,11.38,11.7,11.3,11.51,11.36,0.15,1.3204,190999.96,219292.993
300683.SZ,20240409,25.6,26.78,25.13,26.7,25.63,1.07,4.1748,13310.06,34824.289
300684.SZ,20240409,15.19,15.51,15.02,15.41,15.21,0.2,1.3149,54645.86,83509.215
300685.SZ,20240409,20.93,21.44,20.52,21.38,20.8,0.58,2.7885,29602.52,62286.65
300686.SZ,20240409,7.5,7.65,7.38,7.57,7.5,0.07,0.9333,59904.58,45034.26
300687.SZ,20240409,17.01,17.25,16.79,17.23,16.96,0.27,1.592,52344.0,89295.779
300688.SZ,20240409,23.6,23.88,23.21,23.67,23.65,0.02,0.0846,33133.4,78022.924
300689.SZ,20240409,14.36,14.73,14.25,14.47,14.36,0.11,0.766,13482.1,19473.344
300690.SZ,20240409,21.22,24.51,21.22,23.72,20.71,3.01,14.534,318714.16,743373.551
300691.SZ,20240409,15.83,16.15,15.71,16.1,15.87,0.23,1.4493,32832.84,52326.975
300692.SZ,20240409,5.35,5.46,5.34,5.45,5.34,0.11,2.0599,31045.7,16818.157
300693.SZ,20240409,28.76,29.16,28.18,29.16,28.52,0.64,2.244,69581.02,200265.019
300694.SZ,20240409,10.2,10.36,10.1,10.22,10.15,0.07,0.6897,19856.0,20296.84
300695.SZ,20240409,44.62,45.5,44.37,45.15,44.6,0.55,1.2332,3383.5,15234.002
300696.SZ,20240409,13.45,13.94,13.45,13.7,13.45,0.25,1.8587,40553.19,55680.554
300697.SZ,20240409,11.4,11.79,11.18,11.45,11.4,0.05,0.4386,134398.59,153357.534
300698.SZ,20240409,32.42,32.42,30.95,31.48,32.7,-1.22,-3.7309,27580.0,86561.71
300699.SZ,20240409,28.55,29.23,28.25,28.83,28.03,0.8,2.8541,161163.31,463836.639
300700.SZ,20240409,11.83,12.18,11.83,12.11,11.89,0.22,1.8503,38813.18,46840.236
300701.SZ,20240409,8.2,8.93,8.2,8.59,8.28,0.31,3.744,91088.0,78192.692
300702.SZ,20240409,15.7,16.55,15.48,16.48,15.58,0.9,5.7766,31521.47,50760.246
300703.SZ,20240409,9.1,9.23,9.0,9.21,9.01,0.2,2.2198,25271.25,23113.21
300705.SZ,20240409,35.12,35.95,34.68,35.68,35.32,0.36,1.0193,33498.4,117766.587
300706.SZ,20240409,19.29,20.2,19.18,19.96,19.29,0.67,3.4733,43520.4,85763.566
300707.SZ,20240409,12.85,13.36,12.85,13.07,12.84,0.23,1.7913,34244.0,44569.938
300708.SZ,20240409,9.14,9.32,9.1,9.15,9.27,-0.12,-1.2945,114812.8,105329.518
300709.SZ,20240409,30.9,31.69,30.41,31.51,30.9,0.61,1.9741,107323.67,334577.99
300710.SZ,20240409,16.83,17.83,16.1,17.83,17.0,0.83,4.8824,47786.9,81567.427
300711.SZ,20240409,13.66,14.2,13.18,13.81,13.51,0.3,2.2206,149643.79,204651.405
300712.SZ,20240409,24.95,26.2,23.89,25.88,24.16,1.72,7.1192,46981.47,119944.323
300713.SZ,20240409,13.31,14.04,13.04,14.04,13.43,0.61,4.5421,41836.7,57875.053
300715.SZ,20240409,9.13,9.44,9.13,9.41,9.14,0.27,2.954,9969.4,9308.855
300716.SZ,20240409,8.92,9.31,8.92,9.21,8.98,0.23,2.5612,50626.16,46480.061
300717.SZ,20240409,13.39,13.67,13.37,13.58,13.49,0.09,0.6672,10697.2,14477.487
300718.SZ,20240409,16.44,16.73,16.29,16.53,16.34,0.19,1.1628,13525.0,22330.596
300719.SZ,20240409,13.05,14.25,13.01,13.43,13.02,0.41,3.149,184527.05,250960.907
300720.SZ,20240409,16.31,16.52,15.95,16.17,16.4,-0.23,-1.4024,21597.49,35014.988
300721.SZ,20240409,10.99,11.4,10.91,11.38,10.99,0.39,3.5487,37720.5,42337.529
300722.SZ,20240409,22.09,22.64,22.07,22.3,22.13,0.17,0.7682,16947.3,37828.293
300723.SZ,20240409,23.19,23.85,22.8,23.85,23.1,0.75,3.2468,30874.43,72308.966
300724.SZ,20240409,58.35,59.1,57.8,58.68,58.03,0.65,1.1201,50775.8,296165.883
300725.SZ,20240409,33.9,36.19,33.46,36.08,33.8,2.28,6.7456,88387.7,309603.5
300726.SZ,20240409,22.25,22.88,22.18,22.86,22.22,0.64,2.8803,23696.15,53657.459
300727.SZ,20240409,24.31,25.78,24.3,25.2,24.32,0.88,3.6184,56541.8,142117.114
300729.SZ,20240409,20.0,20.08,19.48,19.79,20.13,-0.34,-1.689,81830.16,161718.881
300730.SZ,20240409,9.86,10.03,9.77,9.92,9.86,0.06,0.6085,37797.35,37372.975
300731.SZ,20240409,16.0,16.28,15.7,16.23,16.0,0.23,1.4375,31200.6,50439.684
300732.SZ,20240409,7.5,7.85,7.5,7.62,7.59,0.03,0.3953,88932.48,68136.107
300733.SZ,20240409,9.57,10.45,9.57,10.29,9.58,0.71,7.4113,54230.8,54663.486
300735.SZ,20240409,26.81,28.88,25.12,28.52,27.04,1.48,5.4734,799976.38,2159492.489
300736.SZ,20240409,15.66,15.66,15.17,15.54,15.53,0.01,0.0644,21942.89,33717.256
300737.SZ,20240409,4.42,4.58,4.4,4.58,4.39,0.19,4.328,134368.98,60630.104
300738.SZ,20240409,11.49,11.49,10.94,11.22,11.43,-0.21,-1.8373,680315.11,759418.512
300739.SZ,20240409,12.45,12.65,12.37,12.57,12.44,0.13,1.045,18880.02,23647.267
300740.SZ,20240409,19.42,19.51,18.52,18.76,19.33,-0.57,-2.9488,88490.24,166711.756
300741.SZ,20240409,18.18,18.43,18.05,18.41,18.14,0.27,1.4884,12581.0,22967.348
300743.SZ,20240409,11.1,11.33,11.01,11.31,11.06,0.25,2.2604,23440.87,26246.946
300745.SZ,20240409,16.73,17.68,16.62,17.62,16.62,1.0,6.0168,61708.46,106180.954
300746.SZ,20240409,7.41,7.66,7.41,7.64,7.44,0.2,2.6882,24914.0,18827.94
300747.SZ,20240409,19.7,19.94,19.57,19.86,19.61,0.25,1.2749,34355.78,67996.188
300748.SZ,20240409,16.0,17.58,15.81,17.01,16.24,0.77,4.7414,600332.82,1004272.734
300749.SZ,20240409,6.62,6.82,6.62,6.8,6.62,0.18,2.719,61600.0,41542.407
300750.SZ,20240409,194.0,196.5,193.71,196.0,194.6,1.4,0.7194,145700.01,2845224.467
300751.SZ,20240409,103.0,104.98,103.0,104.59,103.0,1.59,1.5437,13580.32,141528.572
300752.SZ,20240409,11.76,11.97,11.5,11.93,11.71,0.22,1.8787,30997.54,36469.584
300753.SZ,20240409,12.64,13.08,12.52,13.01,12.54,0.47,3.748,28791.0,36879.399
300755.SZ,20240409,16.7,17.21,16.62,17.13,16.78,0.35,2.0858,20743.0,35225.762
300756.SZ,20240409,12.23,13.04,12.23,12.99,12.36,0.63,5.0971,50173.36,64002.228
300757.SZ,20240409,110.35,114.11,107.39,112.2,112.48,-0.28,-0.2489,86801.52,960218.336
300758.SZ,20240409,9.39,10.06,9.39,9.73,9.53,0.2,2.0986,296489.22,290700.818
300759.SZ,20240409,19.62,20.39,19.41,20.37,19.66,0.71,3.6114,257492.39,514360.496
300760.SZ,20240409,277.85,279.5,275.66,279.3,276.25,3.05,1.1041,26880.06,747478.782
300761.SZ,20240409,21.75,21.8,21.06,21.64,21.75,-0.11,-0.5057,23587.69,50544.251
300762.SZ,20240409,12.9,13.13,12.7,12.93,12.81,0.12,0.9368,100618.3,129670.961
300763.SZ,20240409,59.75,61.2,59.67,60.12,59.4,0.72,1.2121,44600.0,268750.968
300765.SZ,20240409,36.52,37.21,35.8,37.1,36.58,0.52,1.4215,97504.25,354679.639
300766.SZ,20240409,12.16,12.29,11.85,12.09,12.07,0.02,0.1657,93023.0,111990.876
300767.SZ,20240409,11.56,12.2,11.56,12.13,11.5,0.63,5.4783,103536.05,123989.064
300768.SZ,20240409,11.27,11.63,11.19,11.6,11.26,0.34,3.0195,39958.13,45670.172
300769.SZ,20240409,38.35,42.0,38.35,41.26,38.48,2.78,7.2245,209298.84,861345.158
300770.SZ,20240409,38.3,38.6,38.1,38.49,38.31,0.18,0.4699,21351.13,81821.767
300771.SZ,20240409,9.02,9.62,8.96,9.47,8.8,0.67,7.6136,168845.28,158972.279
300772.SZ,20240409,9.1,9.6,9.1,9.55,9.09,0.46,5.0605,131159.09,124096.443
300773.SZ,20240409,13.41,13.58,13.31,13.53,13.44,0.09,0.6696,50609.51,68158.329
300774.SZ,20240409,8.67,8.84,8.67,8.81,8.75,0.06,0.6857,28300.0,24845.412
300775.SZ,20240409,22.7,23.06,22.39,23.05,22.56,0.49,2.172,93026.71,211868.359
300776.SZ,20240409,42.88,43.9,42.77,43.7,42.71,0.99,2.318,16146.45,70194.238
300777.SZ,20240409,26.91,28.1,26.91,27.29,27.01,0.28,1.0367,114150.52,312593.984
300778.SZ,20240409,11.81,12.2,11.52,11.85,11.86,-0.01,-0.0843,121715.56,143704.198
300779.SZ,20240409,46.01,46.75,45.8,46.2,46.2,0.0,0.0,10693.92,49438.857
300780.SZ,20240409,16.62,16.88,16.34,16.79,16.64,0.15,0.9014,50423.0,83949.572
300781.SZ,20240409,55.04,55.78,51.76,52.46,54.97,-2.51,-4.5661,99457.61,525249.925
300782.SZ,20240409,96.2,96.88,94.4,96.02,95.76,0.26,0.2715,42868.6,408869.204
300783.SZ,20240409,22.65,23.06,22.48,22.74,22.72,0.02,0.088,45617.19,103760.437
300785.SZ,20240409,19.25,19.56,19.0,19.43,19.22,0.21,1.0926,32500.45,62844.333
300786.SZ,20240409,12.79,13.01,12.54,12.86,12.73,0.13,1.0212,43839.48,56022.221
300787.SZ,20240409,12.82,13.2,12.78,13.14,12.75,0.39,3.0588,20392.5,26511.475
300788.SZ,20240409,26.66,27.32,26.53,27.27,26.87,0.4,1.4886,33124.93,89488.294
300789.SZ,20240409,18.02,18.31,17.71,18.11,18.02,0.09,0.4994,11950.0,21504.0
300790.SZ,20240409,13.33,13.56,12.5,12.98,13.07,-0.09,-0.6886,132259.06,171110.638
300791.SZ,20240409,36.05,36.37,35.53,35.94,36.05,-0.11,-0.3051,4315.28,15554.502
300792.SZ,20240409,18.0,18.48,17.73,18.25,17.71,0.54,3.0491,30761.07,55644.561
300793.SZ,20240409,13.59,13.84,13.55,13.82,13.58,0.24,1.7673,66938.22,91809.121
300795.SZ,20240409,41.51,41.94,38.44,38.76,41.76,-3.0,-7.1839,28916.95,114831.353
300796.SZ,20240409,14.53,14.78,14.36,14.7,14.57,0.13,0.8922,34136.92,49742.675
300797.SZ,20240409,10.97,11.23,10.89,11.05,10.99,0.06,0.546,28638.0,31670.298
300798.SZ,20240409,7.61,7.96,7.53,7.84,7.78,0.06,0.7712,105260.0,81885.87
300800.SZ,20240409,11.18,11.38,10.7,11.13,11.92,-0.79,-6.6275,108450.52,119058.752
300801.SZ,20240409,14.33,15.75,14.33,15.39,14.56,0.83,5.7005,63884.08,97785.854
300802.SZ,20240409,15.76,15.99,15.73,15.94,15.84,0.1,0.6313,11382.0,18059.644
300803.SZ,20240409,43.3,43.5,42.75,43.04,43.0,0.04,0.093,46580.54,200192.757
300804.SZ,20240409,23.65,24.45,23.6,24.4,23.65,0.75,3.1712,6406.07,15502.841
300805.SZ,20240409,7.48,7.78,7.46,7.75,7.44,0.31,4.1667,78517.0,59860.511
300806.SZ,20240409,9.25,9.54,9.18,9.54,9.2,0.34,3.6957,120584.06,113630.069
300807.SZ,20240409,27.3,27.3,25.96,26.42,27.44,-1.02,-3.7172,32526.0,85739.197
300808.SZ,20240409,17.77,17.96,16.27,17.0,16.58,0.42,2.5332,80900.58,137784.753
300809.SZ,20240409,23.56,23.98,23.3,23.87,23.57,0.3,1.2728,28393.91,67268.923
300810.SZ,20240409,17.53,18.0,17.5,17.84,17.59,0.25,1.4213,15521.0,27506.727
300811.SZ,20240409,56.7,57.87,55.33,57.08,56.51,0.57,1.0087,29559.23,167126.83
300812.SZ,20240409,25.4,25.73,25.22,25.55,25.4,0.15,0.5906,33242.21,84688.676
300813.SZ,20240409,17.96,19.07,17.92,18.94,17.96,0.98,5.4566,23965.03,44884.532
300814.SZ,20240409,29.21,29.28,27.86,28.45,29.04,-0.59,-2.0317,36188.12,102673.676
300815.SZ,20240409,13.26,13.46,13.21,13.41,13.24,0.17,1.284,23639.49,31566.329
300816.SZ,20240409,19.93,20.45,19.93,20.37,20.08,0.29,1.4442,8607.0,17400.408
300817.SZ,20240409,12.29,12.65,12.28,12.61,12.29,0.32,2.6037,18929.3,23642.802
300818.SZ,20240409,37.8,38.88,37.54,38.37,38.88,-0.51,-1.3117,39869.75,152014.633
300819.SZ,20240409,12.37,12.81,12.34,12.78,12.37,0.41,3.3145,15470.5,19467.007
300820.SZ,20240409,47.51,48.41,47.4,47.65,47.45,0.2,0.4215,15290.1,72987.696
300821.SZ,20240409,7.53,7.96,7.5,7.93,7.52,0.41,5.4521,145474.15,114322.998
300822.SZ,20240409,10.3,10.68,10.17,10.66,10.26,0.4,3.8986,30773.6,32047.989
300823.SZ,20240409,16.99,17.75,16.69,17.61,16.86,0.75,4.4484,19041.0,32931.549
300824.SZ,20240409,7.5,7.75,7.35,7.69,7.5,0.19,2.5333,23567.5,17961.095
300825.SZ,20240409,12.99,13.03,12.62,12.67,12.94,-0.27,-2.0866,89684.65,114372.722
300826.SZ,20240409,12.66,13.81,12.66,13.37,12.66,0.71,5.6082,68619.24,91176.834
300827.SZ,20240409,24.98,25.88,24.91,25.84,24.71,1.13,4.573,64694.83,165899.632
300828.SZ,20240409,12.3,12.4,11.97,12.35,12.06,0.29,2.4046,23868.5,29156.088
300829.SZ,20240409,16.54,17.16,16.54,17.05,16.7,0.35,2.0958,13802.0,23360.34
300830.SZ,20240409,6.1,6.2,6.02,6.13,6.06,0.07,1.1551,51306.0,31329.92
300831.SZ,20240409,10.01,10.79,9.95,10.41,10.03,0.38,3.7886,66274.8,68566.724
300832.SZ,20240409,67.55,69.3,66.8,69.15,67.59,1.56,2.308,39962.61,273190.07
300833.SZ,20240409,96.29,98.4,94.06,97.27,96.28,0.99,1.0283,3227.9,30970.849
300834.SZ,20240409,18.89,19.2,18.82,19.19,18.89,0.3,1.5881,4955.82,9447.267
300835.SZ,20240409,24.82,27.68,24.82,26.97,25.17,1.8,7.1514,94601.9,248736.156
300836.SZ,20240409,22.08,22.93,22.08,22.62,22.07,0.55,2.4921,9183.4,20654.65
300837.SZ,20240409,23.99,24.79,23.99,24.64,24.19,0.45,1.8603,5066.0,12434.108
300838.SZ,20240409,13.0,13.23,12.99,13.18,12.99,0.19,1.4627,13916.0,18238.392
300839.SZ,20240409,7.71,7.93,7.71,7.92,7.75,0.17,2.1935,51807.88,40621.354
300840.SZ,20240409,15.06,15.34,15.02,15.25,15.22,0.03,0.1971,19332.0,29373.925
300841.SZ,20240409,57.65,59.8,57.03,59.3,57.58,1.72,2.9871,18797.17,110056.267
300842.SZ,20240409,70.15,71.12,69.19,70.9,69.6,1.3,1.8678,27115.18,190836.636
300843.SZ,20240409,19.63,20.3,19.48,19.96,19.48,0.48,2.4641,67461.6,134012.45
300844.SZ,20240409,24.74,25.61,24.5,24.81,24.38,0.43,1.7637,12493.8,31034.364
300845.SZ,20240409,13.2,13.52,13.2,13.45,13.2,0.25,1.8939,19173.6,25648.904
300846.SZ,20240409,11.52,11.74,11.36,11.6,11.55,0.05,0.4329,88219.37,101855.031
300847.SZ,20240409,15.05,15.46,14.73,15.45,15.07,0.38,2.5216,54689.0,82422.297
300848.SZ,20240409,19.5,19.51,18.82,19.3,19.13,0.17,0.8887,12528.5,24043.09
300849.SZ,20240409,13.0,13.18,12.93,13.14,13.05,0.09,0.6897,15503.0,20323.014
300850.SZ,20240409,23.79,25.1,23.74,24.73,23.79,0.94,3.9512,56518.14,139437.036
300851.SZ,20240409,25.29,25.47,24.78,25.34,25.29,0.05,0.1977,10848.0,27343.282
300852.SZ,20240409,30.17,30.65,30.15,30.45,30.3,0.15,0.495,7969.9,24171.591
300853.SZ,20240409,17.91,18.3,17.82,18.18,17.92,0.26,1.4509,13080.0,23677.627
300854.SZ,20240409,12.65,12.97,12.52,12.69,12.66,0.03,0.237,22471.14,28524.594
300855.SZ,20240409,22.8,23.78,22.74,23.74,22.85,0.89,3.895,26455.79,61983.941
300856.SZ,20240409,80.15,82.0,79.02,81.23,80.2,1.03,1.2843,9374.61,75741.878
300857.SZ,20240409,57.73,58.91,55.51,56.65,57.51,-0.86,-1.4954,69091.31,390543.949
300858.SZ,20240409,17.86,18.09,17.61,18.06,17.87,0.19,1.0632,15652.3,28043.114
300859.SZ,20240409,30.6,32.3,30.0,31.56,31.0,0.56,1.8065,64034.52,199913.134
300860.SZ,20240409,36.5,37.5,36.33,37.29,36.52,0.77,2.1084,17095.34,63171.317
300861.SZ,20240409,27.21,28.08,27.1,27.95,27.06,0.89,3.289,42636.4,118347.432
300862.SZ,20240409,31.67,31.9,30.39,30.8,31.67,-0.87,-2.7471,18577.36,57232.58
300863.SZ,20240409,40.19,40.8,40.11,40.76,40.0,0.76,1.9,6835.25,27711.854
300864.SZ,20240409,19.75,20.19,19.75,20.06,19.81,0.25,1.262,10468.52,20995.754
300865.SZ,20240409,14.5,14.92,14.49,14.86,14.49,0.37,2.5535,14130.0,20832.868
300866.SZ,20240409,78.13,79.63,77.5,78.98,78.16,0.82,1.0491,13871.81,109258.208
300867.SZ,20240409,12.36,12.61,12.33,12.56,12.38,0.18,1.454,24970.77,31211.457
300868.SZ,20240409,15.0,15.33,14.64,15.12,15.05,0.07,0.4651,17148.0,25657.272
300869.SZ,20240409,16.44,17.09,16.44,17.04,16.43,0.61,3.7127,29606.0,49862.092
300870.SZ,20240409,42.69,43.1,41.89,42.65,42.67,-0.02,-0.0469,14974.01,63568.844
300871.SZ,20240409,15.45,16.4,15.1,16.3,15.43,0.87,5.6384,52330.76,83226.782
300872.SZ,20240409,11.46,11.64,11.36,11.48,11.42,0.06,0.5254,31134.71,35726.456
300873.SZ,20240409,18.07,18.48,17.64,18.46,18.08,0.38,2.1018,23834.0,43147.031
300875.SZ,20240409,29.25,30.44,28.15,28.42,29.77,-1.35,-4.5348,68415.56,198396.958
300876.SZ,20240409,17.95,18.98,17.89,18.95,17.98,0.97,5.3949,12299.07,22843.819
300877.SZ,20240409,13.94,14.36,13.94,14.35,13.94,0.41,2.9412,9282.97,13147.671
300878.SZ,20240409,18.82,19.49,18.43,19.44,18.5,0.94,5.0811,18205.14,34625.241
300879.SZ,20240409,13.55,14.29,12.86,14.05,13.63,0.42,3.0814,71835.74,96332.226
300880.SZ,20240409,15.99,16.31,15.82,16.06,15.85,0.21,1.3249,27792.55,44550.219
300881.SZ,20240409,26.04,26.6,25.2,25.79,26.65,-0.86,-3.227,31409.71,80862.797
300882.SZ,20240409,22.57,23.35,21.75,22.22,22.39,-0.17,-0.7593,55824.9,124788.458
300883.SZ,20240409,5.3,5.48,5.26,5.46,5.26,0.2,3.8023,70768.58,38193.778
300884.SZ,20240409,9.7,9.92,9.61,9.92,9.71,0.21,2.1627,43867.6,42948.069
300885.SZ,20240409,7.49,7.76,7.49,7.74,7.44,0.3,4.0323,34253.0,26213.536
300886.SZ,20240409,16.73,17.28,16.55,17.23,16.75,0.48,2.8657,10345.2,17513.195
300887.SZ,20240409,12.88,13.47,12.04,12.2,13.1,-0.9,-6.8702,482780.09,614867.728
300888.SZ,20240409,33.97,34.51,33.78,34.48,33.83,0.65,1.9214,13746.18,47032.88
300889.SZ,20240409,11.88,12.53,11.82,12.12,11.8,0.32,2.7119,71258.6,86530.777
300890.SZ,20240409,36.57,42.0,36.57,42.0,35.0,7.0,20.0,251329.84,1000983.074
300891.SZ,20240409,8.35,8.9,8.35,8.74,8.45,0.29,3.432,86472.59,74824.077
300892.SZ,20240409,19.45,21.29,19.42,20.0,20.4,-0.4,-1.9608,80014.74,160963.63
300893.SZ,20240409,29.0,29.92,28.63,29.85,29.0,0.85,2.931,15596.08,45750.32
300894.SZ,20240409,12.73,13.15,12.68,13.06,12.69,0.37,2.9157,35139.27,45571.81
300895.SZ,20240409,28.9,29.33,28.33,28.99,28.89,0.1,0.3461,32439.74,93385.072
300896.SZ,20240409,298.95,304.83,294.4,297.8,290.47,7.33,2.5235,33076.22,988422.585
300897.SZ,20240409,29.68,30.3,29.61,30.11,29.77,0.34,1.1421,5836.34,17508.407
300898.SZ,20240409,21.45,21.88,21.08,21.36,22.0,-0.64,-2.9091,77412.57,165690.983
300899.SZ,20240409,22.58,23.27,22.58,23.23,22.85,0.38,1.663,27562.67,63446.361
300900.SZ,20240409,26.26,27.09,25.8,26.13,26.29,-0.16,-0.6086,88300.91,232916.228
300901.SZ,20240409,7.73,7.9,7.7,7.87,7.76,0.11,1.4175,25139.0,19708.895
300902.SZ,20240409,31.47,32.7,30.9,32.16,31.46,0.7,2.225,28683.09,91951.558
300903.SZ,20240409,7.16,7.3,7.15,7.3,7.16,0.14,1.9553,60523.37,43776.213
300904.SZ,20240409,49.5,56.6,49.47,53.8,48.52,5.28,10.8821,40083.58,213506.93
300905.SZ,20240409,14.59,15.44,14.51,15.44,14.51,0.93,6.4094,48891.49,73369.715
300906.SZ,20240409,19.75,20.09,19.66,19.96,19.75,0.21,1.0633,6247.56,12430.883
300907.SZ,20240409,16.48,17.08,16.35,17.0,16.49,0.51,3.0928,13432.7,22557.928
300908.SZ,20240409,41.68,42.08,40.81,41.6,42.97,-1.37,-3.1883,20932.82,86636.781
300909.SZ,20240409,23.06,23.57,23.0,23.39,23.19,0.2,0.8624,17288.0,40296.658
300910.SZ,20240409,39.02,39.97,38.88,39.88,39.35,0.53,1.3469,17140.43,67651.532
300911.SZ,20240409,27.71,29.2,27.63,28.56,27.72,0.84,3.0303,12395.67,35213.865
300912.SZ,20240409,13.22,13.53,13.17,13.39,13.11,0.28,2.1358,19331.0,25723.593
300913.SZ,20240409,35.39,35.8,33.88,34.47,35.4,-0.93,-2.6271,107021.93,368966.1
300915.SZ,20240409,31.19,31.2,29.89,30.73,31.5,-0.77,-2.4444,15220.83,46532.196
300916.SZ,20240409,19.13,19.71,18.96,19.71,18.95,0.76,4.0106,13941.5,27087.313
300917.SZ,20240409,23.88,24.64,23.7,24.55,23.84,0.71,2.9782,44301.27,107526.771
300918.SZ,20240409,9.56,9.7,9.45,9.67,9.53,0.14,1.469,18533.92,17769.337
300919.SZ,20240409,53.84,59.75,53.7,58.45,53.79,4.66,8.6633,96562.23,551167.737
300920.SZ,20240409,15.16,15.62,15.03,15.56,15.16,0.4,2.6385,11746.5,18062.368
300921.SZ,20240409,19.28,19.65,19.1,19.37,19.21,0.16,0.8329,30613.36,59452.707
300922.SZ,20240409,12.39,12.66,12.26,12.43,12.5,-0.07,-0.56,31990.7,39663.241
300923.SZ,20240409,18.05,18.59,17.95,18.12,17.68,0.44,2.4887,10404.98,18885.198
300925.SZ,20240409,9.37,9.56,9.36,9.54,9.41,0.13,1.3815,58722.67,55632.003
300926.SZ,20240409,27.4,27.68,26.95,27.6,27.45,0.15,0.5464,43078.26,118072.233
300927.SZ,20240409,14.25,14.75,14.19,14.45,14.33,0.12,0.8374,29809.29,43058.052
300928.SZ,20240409,39.77,40.04,37.3,38.38,40.17,-1.79,-4.4561,32320.14,123556.386
300929.SZ,20240409,9.3,9.35,9.11,9.31,9.22,0.09,0.9761,18969.6,17551.051
300930.SZ,20240409,19.26,19.85,19.26,19.5,19.5,0.0,0.0,17649.0,34453.549
300931.SZ,20240409,6.12,6.23,6.01,6.08,6.11,-0.03,-0.491,40883.54,24961.599
300932.SZ,20240409,11.88,11.93,11.59,11.9,11.6,0.3,2.5862,12927.1,15291.778
300933.SZ,20240409,6.44,6.6,6.35,6.59,6.45,0.14,2.1705,77035.12,50083.275
300935.SZ,20240409,18.76,19.27,18.2,18.34,18.88,-0.54,-2.8602,32778.11,60548.254
300936.SZ,20240409,34.89,35.55,34.8,35.32,34.88,0.44,1.2615,11168.78,39212.878
300937.SZ,20240409,23.7,24.06,23.12,24.01,23.7,0.31,1.308,14423.01,34133.24
300938.SZ,20240409,33.97,34.0,33.03,33.58,33.91,-0.33,-0.9732,8422.21,28109.961
300939.SZ,20240409,28.79,29.32,28.32,29.17,28.92,0.25,0.8645,17117.67,49493.743
300940.SZ,20240409,16.6,16.6,15.93,16.32,16.4,-0.08,-0.4878,14748.45,23849.391
300941.SZ,20240409,17.78,18.27,17.78,18.12,17.93,0.19,1.0597,25702.97,46309.276
300942.SZ,20240409,7.7,8.18,7.65,8.17,7.62,0.55,7.2178,107339.24,85616.832
300943.SZ,20240409,11.0,11.21,10.91,11.18,10.9,0.28,2.5688,17037.11,18873.052
300945.SZ,20240409,11.18,12.04,11.0,11.82,11.82,0.0,0.0,351582.5,405075.649
300946.SZ,20240409,24.54,24.95,24.31,24.92,24.5,0.42,1.7143,6287.01,15558.169
300947.SZ,20240409,11.21,11.5,11.03,11.47,11.12,0.35,3.1475,18860.25,21279.042
300948.SZ,20240409,10.81,11.13,10.67,10.96,10.65,0.31,2.9108,38589.98,42020.072
300949.SZ,20240409,37.38,38.4,37.38,38.02,37.57,0.45,1.1978,12832.69,48560.635
300950.SZ,20240409,12.78,13.05,12.77,13.0,12.78,0.22,1.7214,15939.5,20578.227
300951.SZ,20240409,38.85,39.39,38.29,39.27,38.63,0.64,1.6567,12815.63,49892.621
300952.SZ,20240409,21.0,21.5,20.65,21.5,21.11,0.39,1.8475,21198.98,44728.064
300953.SZ,20240409,57.01,59.75,57.01,58.97,57.2,1.77,3.0944,12479.0,73457.546
300955.SZ,20240409,15.56,15.8,15.4,15.8,15.38,0.42,2.7308,10648.0,16650.439
300956.SZ,20240409,12.33,12.71,12.17,12.5,12.38,0.12,0.9693,35072.75,43609.47
300957.SZ,20240409,56.77,58.49,56.17,58.44,56.35,2.09,3.709,20889.02,120169.713
300958.SZ,20240409,14.55,14.83,14.47,14.68,14.51,0.17,1.1716,56325.67,82621.237
300959.SZ,20240409,27.15,27.68,27.01,27.55,27.29,0.26,0.9527,5822.0,15928.364
300960.SZ,20240409,16.48,16.77,16.36,16.59,16.47,0.12,0.7286,12811.0,21205.768
300961.SZ,20240409,9.47,9.56,9.26,9.56,9.42,0.14,1.4862,29267.94,27590.311
300962.SZ,20240409,14.49,14.59,14.21,14.52,14.33,0.19,1.3259,20442.2,29460.868
300963.SZ,20240409,10.66,10.93,10.46,10.75,10.85,-0.1,-0.9217,73780.49,78630.483
300964.SZ,20240409,32.41,33.45,32.28,32.76,32.49,0.27,0.831,15740.31,51729.504
300965.SZ,20240409,31.99,33.78,31.91,33.18,32.28,0.9,2.7881,19997.0,65980.596
300966.SZ,20240409,16.0,17.1,15.96,17.04,15.95,1.09,6.8339,31726.58,52711.675
300967.SZ,20240409,10.42,10.79,10.08,10.65,10.38,0.27,2.6012,62604.95,65573.954
300968.SZ,20240409,8.96,9.17,8.91,9.14,8.91,0.23,2.5814,67737.97,61447.161
300969.SZ,20240409,78.5,79.16,76.5,77.46,78.49,-1.03,-1.3123,5005.43,38742.512
300970.SZ,20240409,13.23,13.52,13.01,13.45,13.18,0.27,2.0486,18798.92,24938.318
300971.SZ,20240409,18.9,19.38,18.88,19.23,18.91,0.32,1.6922,13513.87,25917.324
300972.SZ,20240409,28.01,29.08,27.29,28.01,28.12,-0.11,-0.3912,14297.31,39678.223
300973.SZ,20240409,32.5,33.72,32.25,33.58,32.4,1.18,3.642,18492.79,61196.411
300975.SZ,20240409,11.32,11.79,10.9,11.33,11.2,0.13,1.1607,610816.7,695981.101
300976.SZ,20240409,37.99,38.46,37.42,38.39,37.38,1.01,2.702,4162.79,15827.999
300977.SZ,20240409,14.52,14.73,14.38,14.54,14.47,0.07,0.4838,12105.28,17588.063
300978.SZ,20240409,10.97,11.23,10.92,11.2,10.95,0.25,2.2831,38151.0,42277.57
300979.SZ,20240409,62.4,64.0,62.0,63.34,62.86,0.48,0.7636,14001.34,88355.803
300980.SZ,20240409,18.28,19.9,18.28,19.39,18.27,1.12,6.1303,18820.73,36058.734
300981.SZ,20240409,11.72,12.13,11.69,12.13,11.7,0.43,3.6752,24279.18,29010.443
300982.SZ,20240409,18.5,19.88,18.43,19.59,18.46,1.13,6.1213,56318.85,108594.988
300983.SZ,20240409,24.35,24.69,24.02,24.59,24.3,0.29,1.1934,3847.0,9424.08
300984.SZ,20240409,21.61,22.05,21.42,21.89,21.81,0.08,0.3668,7768.0,16857.129
300985.SZ,20240409,29.79,30.09,29.16,29.7,29.34,0.36,1.227,11026.0,32759.105
300986.SZ,20240409,8.67,8.95,8.63,8.95,8.67,0.28,3.2295,40517.84,35771.544
300987.SZ,20240409,14.25,14.62,14.1,14.56,14.17,0.39,2.7523,33017.02,47477.298
300988.SZ,20240409,21.21,21.55,20.82,20.9,21.23,-0.33,-1.5544,121977.84,257744.044
300989.SZ,20240409,17.98,18.45,17.57,17.91,18.11,-0.2,-1.1044,67762.76,121741.018
300990.SZ,20240409,34.53,34.92,34.03,34.2,34.23,-0.03,-0.0876,17851.6,61395.346
300991.SZ,20240409,15.17,16.14,15.1,15.54,14.43,1.11,7.6923,121791.79,189434.885
300992.SZ,20240409,18.2,18.67,17.72,17.93,18.22,-0.29,-1.5917,11486.0,20673.832
300993.SZ,20240409,12.32,13.13,12.32,12.9,12.31,0.59,4.7929,107007.0,136711.062
300994.SZ,20240409,10.66,11.02,10.37,10.99,10.77,0.22,2.0427,36771.69,39824.12
300995.SZ,20240409,19.02,19.98,18.76,19.03,19.65,-0.62,-3.1552,54582.27,104913.036
300996.SZ,20240409,14.48,14.8,14.46,14.72,14.44,0.28,1.9391,23251.96,34107.897
300997.SZ,20240409,15.5,15.63,15.14,15.5,15.49,0.01,0.0646,29926.62,45979.681
300998.SZ,20240409,22.35,22.47,21.96,22.39,22.27,0.12,0.5388,6616.01,14744.569
300999.SZ,20240409,30.92,31.13,30.62,30.96,31.01,-0.05,-0.1612,50059.64,154450.358
301000.SZ,20240409,15.44,16.37,15.34,16.11,15.39,0.72,4.6784,29417.44,46637.109
301001.SZ,20240409,18.9,19.29,18.7,19.21,18.84,0.37,1.9639,10693.8,20378.112
301002.SZ,20240409,14.97,15.84,14.9,15.31,14.94,0.37,2.4766,23967.29,36814.973
301003.SZ,20240409,23.66,23.66,22.3,22.86,23.34,-0.48,-2.0566,21517.94,48980.848
301004.SZ,20240409,73.18,77.94,73.18,76.69,73.58,3.11,4.2267,18404.8,138644.997
301005.SZ,20240409,34.0,34.5,33.5,33.76,34.07,-0.31,-0.9099,6439.85,21736.975
301006.SZ,20240409,14.05,14.07,13.5,13.81,14.05,-0.24,-1.7082,34442.94,47447.531
301007.SZ,20240409,14.1,14.25,13.59,13.77,14.38,-0.61,-4.242,124906.84,172473.343
301008.SZ,20240409,22.78,23.22,22.64,23.12,22.61,0.51,2.2556,6333.94,14536.802
301009.SZ,20240409,8.89,9.11,8.87,9.1,8.89,0.21,2.3622,12970.68,11700.888
301010.SZ,20240409,13.57,13.76,13.4,13.67,13.57,0.1,0.7369,12076.0,16441.414
301011.SZ,20240409,15.89,16.3,15.77,16.26,15.89,0.37,2.3285,12600.38,20234.139
301012.SZ,20240409,16.91,17.76,16.91,17.5,17.13,0.37,2.16,32915.61,57201.418
301013.SZ,20240409,12.72,12.88,12.11,12.71,12.71,0.0,0.0,186815.53,232145.454
301015.SZ,20240409,33.05,33.2,31.58,32.72,33.02,-0.3,-0.9085,39963.99,129329.935
301016.SZ,20240409,17.85,18.72,17.51,18.13,18.21,-0.08,-0.4393,45490.0,81826.411
301017.SZ,20240409,13.08,13.42,13.08,13.36,13.07,0.29,2.2188,35817.79,47589.874
301018.SZ,20240409,24.19,24.4,23.71,24.11,24.08,0.03,0.1246,31300.97,75082.342
301019.SZ,20240409,19.25,19.76,19.22,19.71,19.16,0.55,2.8706,8130.5,15914.113
301020.SZ,20240409,18.73,19.0,18.45,18.8,18.61,0.19,1.021,18276.31,34203.206
301021.SZ,20240409,17.62,18.08,17.46,18.07,17.39,0.68,3.9103,21034.91,37643.903
301022.SZ,20240409,30.0,30.99,29.2,29.69,30.29,-0.6,-1.9809,97215.37,292733.889
301023.SZ,20240409,30.5,33.2,30.47,32.89,30.61,2.28,7.4485,13584.44,44028.479
301024.SZ,20240409,22.1,23.38,21.81,23.1,22.07,1.03,4.667,18036.49,40874.129
301025.SZ,20240409,12.07,12.78,11.94,12.48,12.4,0.08,0.6452,237038.98,293713.368
301026.SZ,20240409,29.58,31.4,29.58,29.98,29.69,0.29,0.9768,61584.63,186964.036
301027.SZ,20240409,9.44,9.67,9.22,9.48,9.43,0.05,0.5302,92451.51,86856.053
301028.SZ,20240409,8.95,9.11,8.91,9.05,8.98,0.07,0.7795,24132.16,21714.402
301029.SZ,20240409,23.93,24.56,23.86,24.4,23.78,0.62,2.6072,54540.78,132379.71
301030.SZ,20240409,53.4,54.39,50.87,52.78,53.4,-0.62,-1.161,60823.27,319170.847
301031.SZ,20240409,86.31,92.1,86.1,92.09,86.67,5.42,6.2536,10773.37,96675.843
301032.SZ,20240409,7.56,7.78,7.56,7.74,7.63,0.11,1.4417,52013.75,40035.909
301033.SZ,20240409,30.92,31.7,30.3,31.52,30.88,0.64,2.0725,6931.0,21599.839
301035.SZ,20240409,56.95,57.8,55.8,57.53,57.06,0.47,0.8237,14155.0,80470.71
301036.SZ,20240409,17.6,17.99,17.45,17.9,17.44,0.46,2.6376,20941.0,37178.31
301037.SZ,20240409,14.49,14.61,14.2,14.37,14.48,-0.11,-0.7597,23286.61,33521.038
301038.SZ,20240409,14.94,15.19,14.82,15.08,14.95,0.13,0.8696,14782.4,22195.718
301039.SZ,20240409,9.57,9.64,9.52,9.59,9.58,0.01,0.1044,78572.48,75248.945
301040.SZ,20240409,13.55,14.43,13.35,13.8,13.42,0.38,2.8316,39558.21,55006.638
301041.SZ,20240409,22.67,23.08,22.2,22.78,22.68,0.1,0.4409,21891.06,49503.098
301042.SZ,20240409,31.7,32.17,31.51,31.85,31.88,-0.03,-0.0941,8235.0,26233.712
301043.SZ,20240409,25.7,26.66,25.61,26.56,25.55,1.01,3.953,8036.0,21002.458
301045.SZ,20240409,20.56,20.7,19.72,20.39,20.68,-0.29,-1.4023,39094.65,78634.78
301046.SZ,20240409,22.3,22.65,22.13,22.61,22.87,-0.26,-1.1369,40094.17,89783.639
301047.SZ,20240409,69.9,72.13,69.8,71.62,70.0,1.62,2.3143,3664.6,26039.185
301048.SZ,20240409,8.78,8.9,8.74,8.87,8.78,0.09,1.0251,24631.0,21736.889
301049.SZ,20240409,29.15,29.99,26.88,27.22,30.48,-3.26,-10.6955,93248.0,264291.613
301050.SZ,20240409,46.2,47.3,46.2,46.98,46.28,0.7,1.5125,16520.0,77472.202
301051.SZ,20240409,41.23,42.45,40.37,42.4,41.03,1.37,3.339,9489.72,39340.632
301052.SZ,20240409,28.28,29.13,28.15,28.8,27.86,0.94,3.374,63763.94,182498.198
301053.SZ,20240409,19.88,20.3,19.82,20.17,19.88,0.29,1.4588,5520.13,11075.65
301055.SZ,20240409,12.47,12.69,12.4,12.6,12.41,0.19,1.531,10353.0,13002.026
301056.SZ,20240409,8.42,8.47,8.21,8.38,8.26,0.12,1.4528,22914.0,19060.193
301057.SZ,20240409,12.47,12.91,12.42,12.86,12.42,0.44,3.5427,16205.0,20587.81
301058.SZ,20240409,9.0,9.15,8.97,9.14,9.01,0.13,1.4428,35272.31,32007.566
301059.SZ,20240409,8.98,9.35,8.98,9.29,9.06,0.23,2.5386,16237.2,14978.013
301060.SZ,20240409,10.69,11.26,10.69,11.26,10.68,0.58,5.4307,77660.46,85425.822
301061.SZ,20240409,64.69,65.43,63.4,65.43,64.77,0.66,1.019,5185.4,33453.565
301062.SZ,20240409,10.05,10.06,9.76,9.93,10.05,-0.12,-1.194,31202.98,30929.193
301063.SZ,20240409,16.19,17.67,15.9,17.16,16.12,1.04,6.4516,57666.05,98154.014
301065.SZ,20240409,18.0,18.7,18.0,18.65,18.46,0.19,1.0293,16807.46,30865.584
301066.SZ,20240409,10.21,10.51,10.21,10.44,10.14,0.3,2.9586,21137.6,21952.815
301067.SZ,20240409,23.11,23.57,23.0,23.19,23.11,0.08,0.3462,11578.48,26947.239
301068.SZ,20240409,32.18,32.18,29.9,30.55,32.18,-1.63,-5.0653,12120.44,37179.176
301069.SZ,20240409,15.82,17.16,15.82,17.06,15.97,1.09,6.8253,101176.24,170502.369
301070.SZ,20240409,33.52,34.95,33.52,34.29,34.0,0.29,0.8529,3936.0,13444.098
301071.SZ,20240409,31.5,32.7,31.36,32.66,31.62,1.04,3.2891,40254.15,130427.831
301072.SZ,20240409,23.5,24.14,22.71,22.92,23.79,-0.87,-3.657,52045.61,120474.723
301073.SZ,20240409,23.61,25.84,23.45,25.31,24.35,0.96,3.9425,68713.1,169814.414
301075.SZ,20240409,19.89,20.54,19.71,20.49,19.89,0.6,3.0166,11042.78,22256.661
301076.SZ,20240409,23.28,24.02,23.1,23.95,23.08,0.87,3.7695,40747.9,96651.743
301077.SZ,20240409,16.05,16.37,15.99,16.34,15.98,0.36,2.2528,9287.0,15051.147
301078.SZ,20240409,6.38,6.63,6.37,6.63,6.42,0.21,3.271,128787.64,84180.426
301079.SZ,20240409,12.29,12.54,12.22,12.4,12.29,0.11,0.895,21786.58,26946.695
301080.SZ,20240409,39.02,40.97,38.76,40.93,38.9,2.03,5.2185,18492.5,74164.932
301081.SZ,20240409,8.38,8.46,8.29,8.41,8.3,0.11,1.3253,18242.11,15270.832
301082.SZ,20240409,12.59,13.04,12.52,12.89,12.49,0.4,3.2026,25414.9,32538.813
301083.SZ,20240409,13.5,13.78,13.48,13.69,13.48,0.21,1.5579,20216.0,27574.437
301085.SZ,20240409,50.05,50.52,48.28,49.4,50.02,-0.62,-1.2395,27599.34,135457.683
301086.SZ,20240409,34.32,34.88,33.83,34.65,34.32,0.33,0.9615,4899.82,16833.237
301087.SZ,20240409,35.81,37.06,35.74,36.76,35.97,0.79,2.1963,13387.04,48845.456
301088.SZ,20240409,12.36,12.46,12.2,12.46,12.21,0.25,2.0475,6043.0,7470.166
301089.SZ,20240409,40.05,41.4,39.6,41.29,39.75,1.54,3.8742,26771.72,108794.724
301090.SZ,20240409,9.38,9.57,9.38,9.52,9.41,0.11,1.169,20420.0,19391.11
301091.SZ,20240409,43.86,45.0,40.11,40.9,44.7,-3.8,-8.5011,368088.36,1568762.15
301092.SZ,20240409,24.62,25.34,23.92,24.25,24.89,-0.64,-2.5713,25547.44,62385.3
301093.SZ,20240409,24.15,25.11,23.96,25.09,24.27,0.82,3.3787,12944.03,31761.064
301095.SZ,20240409,53.29,54.55,52.4,53.08,53.5,-0.42,-0.785,22778.69,121153.772
301096.SZ,20240409,75.11,75.63,73.38,74.21,75.5,-1.29,-1.7086,12970.93,96163.465
301097.SZ,20240409,40.45,41.55,40.19,41.45,40.44,1.01,2.4975,1800.0,7404.273
301098.SZ,20240409,8.61,8.68,8.49,8.61,8.55,0.06,0.7018,26919.79,23096.315
301099.SZ,20240409,38.0,38.4,37.1,38.32,38.1,0.22,0.5774,16779.53,63645.612
301100.SZ,20240409,15.5,15.94,15.31,15.89,15.5,0.39,2.5161,8618.92,13604.424
301101.SZ,20240409,26.91,27.66,26.69,27.56,26.92,0.64,2.3774,8300.0,22624.6
301102.SZ,20240409,13.67,14.41,13.63,14.38,13.63,0.75,5.5026,36644.61,51844.004
301103.SZ,20240409,25.77,26.39,25.51,26.37,25.88,0.49,1.8934,16586.88,43171.637
301105.SZ,20240409,26.82,27.65,26.6,27.47,26.82,0.65,2.4236,5375.0,14599.241
301106.SZ,20240409,36.4,37.29,36.4,37.18,36.66,0.52,1.4184,5143.0,18946.877
301107.SZ,20240409,24.33,24.87,24.3,24.79,24.3,0.49,2.0165,5916.03,14575.126
301108.SZ,20240409,28.73,28.73,27.52,28.53,28.09,0.44,1.5664,3770.78,10708.667
301109.SZ,20240409,15.83,16.05,15.83,15.93,15.82,0.11,0.6953,10797.42,17205.356
301110.SZ,20240409,36.03,37.56,35.17,37.1,35.37,1.73,4.8912,7706.05,28244.009
301111.SZ,20240409,16.89,17.44,16.7,17.31,16.81,0.5,2.9744,29836.13,51173.785
301112.SZ,20240409,23.42,24.1,23.25,23.85,23.43,0.42,1.7926,8109.56,19235.222
301113.SZ,20240409,23.98,24.09,23.18,24.0,23.51,0.49,2.0842,5300.67,12557.895
301115.SZ,20240409,16.05,16.3,16.01,16.27,16.07,0.2,1.2446,5169.7,8363.674
301116.SZ,20240409,10.7,10.96,10.42,10.86,11.01,-0.15,-1.3624,99259.23,105970.416
301117.SZ,20240409,30.28,30.83,29.99,30.74,30.27,0.47,1.5527,19029.0,58036.93
301118.SZ,20240409,19.31,20.97,19.31,19.78,20.33,-0.55,-2.7054,80741.03,161800.887
301119.SZ,20240409,20.11,20.65,20.08,20.63,20.1,0.53,2.6368,12084.9,24661.675
301120.SZ,20240409,9.58,9.91,9.58,9.87,9.66,0.21,2.1739,24961.68,24492.998
301121.SZ,20240409,40.87,45.5,39.59,45.37,42.55,2.82,6.6275,111875.63,485675.724
301122.SZ,20240409,20.87,21.99,20.2,21.49,22.48,-0.99,-4.4039,100625.71,210696.905
301123.SZ,20240409,16.7,17.24,16.7,17.24,16.72,0.52,3.11,23985.56,40914.749
301125.SZ,20240409,14.2,14.38,13.95,14.1,13.94,0.16,1.1478,16356.22,23142.333
301126.SZ,20240409,9.28,9.55,9.21,9.53,9.35,0.18,1.9251,28765.86,27096.409
301127.SZ,20240409,9.45,9.52,9.31,9.5,9.33,0.17,1.8221,29561.14,27869.522
301128.SZ,20240409,41.46,41.85,40.2,40.94,41.22,-0.28,-0.6793,14013.11,57239.152
301129.SZ,20240409,17.58,18.04,17.43,18.0,17.35,0.65,3.7464,13280.6,23615.066
301130.SZ,20240409,23.82,24.07,23.6,24.04,23.82,0.22,0.9236,5851.4,13966.449
301131.SZ,20240409,37.26,38.53,37.05,38.03,36.79,1.24,3.3705,13307.14,50474.785
301132.SZ,20240409,22.79,23.03,22.29,22.64,23.17,-0.53,-2.2874,40503.21,91557.34
301133.SZ,20240409,22.38,23.07,22.38,22.71,22.52,0.19,0.8437,19145.0,43516.145
301135.SZ,20240409,19.97,20.6,19.97,20.54,19.97,0.57,2.8543,13453.11,27313.097
301136.SZ,20240409,9.4,9.58,9.36,9.5,9.39,0.11,1.1715,23303.0,22085.353
301137.SZ,20240409,14.48,14.56,14.2,14.56,14.33,0.23,1.605,14765.7,21266.372
301138.SZ,20240409,26.0,26.73,26.0,26.64,26.04,0.6,2.3041,13634.95,36037.372
301139.SZ,20240409,25.34,25.89,25.25,25.76,25.31,0.45,1.778,30570.92,78295.563
301141.SZ,20240409,51.19,58.98,50.05,55.98,52.1,3.88,7.4472,89274.09,485628.803
301148.SZ,20240409,21.21,22.5,20.35,21.58,21.19,0.39,1.8405,59963.69,128535.693
301149.SZ,20240409,11.0,11.45,11.0,11.45,11.1,0.35,3.1532,52879.82,60064.721
301150.SZ,20240409,28.85,33.4,28.85,33.4,27.83,5.57,20.0144,76264.6,249494.311
301151.SZ,20240409,15.43,16.13,15.36,16.1,15.44,0.66,4.2746,26057.33,41388.173
301152.SZ,20240409,27.7,30.57,27.7,29.67,27.7,1.97,7.1119,71692.4,212055.366
301153.SZ,20240409,57.64,58.42,56.6,57.79,57.92,-0.13,-0.2244,21048.26,120419.658
301155.SZ,20240409,46.0,47.54,46.0,47.18,46.0,1.18,2.5652,15990.41,75288.064
301156.SZ,20240409,15.73,16.93,14.91,16.43,15.72,0.71,4.5165,49239.65,77932.071
301157.SZ,20240409,33.87,34.78,33.87,34.52,33.87,0.65,1.9191,4210.87,14445.524
301158.SZ,20240409,13.83,14.23,13.56,13.93,13.95,-0.02,-0.1434,41673.76,57449.122
301159.SZ,20240409,33.1,33.58,32.4,33.41,33.09,0.32,0.9671,9684.0,31982.312
301160.SZ,20240409,39.01,39.33,38.3,39.16,39.05,0.11,0.2817,12612.18,48965.157
301161.SZ,20240409,16.0,16.57,15.88,16.51,15.83,0.68,4.2956,13014.38,21275.582
301162.SZ,20240409,44.29,46.18,43.86,46.16,44.29,1.87,4.2222,18236.3,82180.758
301163.SZ,20240409,21.0,22.34,20.98,21.41,21.03,0.38,1.8069,56023.45,121097.607
301165.SZ,20240409,38.07,38.36,36.73,37.4,38.08,-0.68,-1.7857,39036.79,145624.623
301166.SZ,20240409,29.87,30.79,29.5,30.72,29.48,1.24,4.2062,7287.0,22117.17
301167.SZ,20240409,12.53,12.76,12.47,12.72,12.51,0.21,1.6787,18028.2,22783.163
301168.SZ,20240409,38.0,38.67,37.81,38.29,37.58,0.71,1.8893,14305.28,54734.767
301169.SZ,20240409,38.61,39.2,38.2,38.88,38.64,0.24,0.6211,12478.0,48327.724
301170.SZ,20240409,24.64,25.4,24.64,25.25,24.61,0.64,2.6006,14215.92,35551.183
301171.SZ,20240409,16.4,16.7,16.2,16.68,16.25,0.43,2.6462,140793.97,231392.451
301172.SZ,20240409,31.4,31.66,30.72,30.9,31.3,-0.4,-1.278,24378.43,75834.239
301175.SZ,20240409,4.87,4.93,4.86,4.9,4.86,0.04,0.823,74891.0,36631.928
301176.SZ,20240409,11.94,12.18,11.92,11.99,11.99,0.0,0.0,15390.18,18509.208
301177.SZ,20240409,26.56,29.27,25.58,29.26,27.4,1.86,6.7883,66229.3,185400.36
301178.SZ,20240409,21.3,21.74,21.02,21.56,21.41,0.15,0.7006,15963.34,34078.952
301179.SZ,20240409,21.07,21.61,21.01,21.23,21.23,0.0,0.0,18503.81,39258.376
301180.SZ,20240409,13.19,13.87,13.18,13.81,13.18,0.63,4.78,21041.0,28421.843
301181.SZ,20240409,23.28,23.9,22.88,23.9,23.28,0.62,2.6632,17381.18,40665.541
301182.SZ,20240409,16.31,16.84,16.16,16.5,16.37,0.13,0.7941,13004.0,21395.395
301183.SZ,20240409,48.28,49.77,45.05,49.35,48.0,1.35,2.8125,70674.82,336694.102
301185.SZ,20240409,18.79,19.2,18.72,19.18,18.7,0.48,2.5668,33115.92,62994.074
301186.SZ,20240409,33.8,34.81,33.51,34.8,33.85,0.95,2.8065,13703.17,46902.238
301187.SZ,20240409,20.8,21.27,20.34,20.77,21.0,-0.23,-1.0952,58417.63,121231.105
301188.SZ,20240409,16.7,17.55,16.54,17.28,16.79,0.49,2.9184,15930.0,27263.55
301189.SZ,20240409,21.63,23.29,21.63,22.36,21.6,0.76,3.5185,8048.0,18060.817
301190.SZ,20240409,16.55,16.9,16.47,16.86,16.46,0.4,2.4301,8962.0,15017.677
301191.SZ,20240409,81.96,83.22,79.01,79.8,81.87,-2.07,-2.5284,18333.52,146717.922
301192.SZ,20240409,15.64,15.89,15.41,15.86,15.41,0.45,2.9202,19722.5,30900.058
301193.SZ,20240409,17.94,18.8,17.9,18.8,18.05,0.75,4.1551,8323.18,15338.587
301195.SZ,20240409,39.1,40.25,38.4,39.59,39.36,0.23,0.5843,8135.0,31999.939
301196.SZ,20240409,29.35,30.09,29.32,30.04,29.35,0.69,2.3509,4084.0,12196.469
301197.SZ,20240409,13.33,13.7,13.28,13.57,13.3,0.27,2.0301,12077.28,16242.464
301198.SZ,20240409,8.9,9.3,8.88,9.29,8.87,0.42,4.7351,37342.24,34232.802
301199.SZ,20240409,22.11,22.36,21.66,22.01,21.88,0.13,0.5941,8618.0,18886.466
301200.SZ,20240409,33.58,34.08,33.56,33.93,33.6,0.33,0.9821,4031.3,13631.124
301201.SZ,20240409,20.2,21.08,19.91,21.03,20.22,0.81,4.0059,18909.13,39070.884
301202.SZ,20240409,31.25,31.85,30.72,31.69,31.3,0.39,1.246,34933.94,109332.683
301203.SZ,20240409,34.3,34.65,33.5,33.83,34.85,-1.02,-2.9268,17800.22,60398.169
301205.SZ,20240409,87.99,88.86,84.1,85.1,87.6,-2.5,-2.8539,35446.26,303017.561
301206.SZ,20240409,25.52,26.15,25.41,26.03,25.73,0.3,1.166,10170.08,26306.234
301207.SZ,20240409,22.63,23.9,22.61,23.87,22.73,1.14,5.0154,36487.76,85147.77
301208.SZ,20240409,31.2,31.84,31.01,31.75,31.22,0.53,1.6976,8287.92,26130.238
301209.SZ,20240409,19.01,20.97,19.01,19.58,18.8,0.78,4.1489,24151.0,47354.063
301210.SZ,20240409,37.24,38.78,37.2,38.16,37.53,0.63,1.6787,13177.25,50321.039
301211.SZ,20240409,17.23,17.93,17.2,17.92,17.27,0.65,3.7638,27354.69,48382.499
301212.SZ,20240409,20.15,21.28,20.1,21.22,20.23,0.99,4.8937,11889.98,24868.391
301213.SZ,20240409,31.17,32.06,31.17,31.71,31.33,0.38,1.2129,6213.51,19646.35
301215.SZ,20240409,5.38,5.48,5.33,5.4,5.4,0.0,0.0,80207.02,43242.904
301216.SZ,20240409,12.33,12.74,12.33,12.73,12.34,0.39,3.1605,34336.47,43335.22
301217.SZ,20240409,10.83,11.46,10.83,11.45,10.93,0.52,4.7575,93546.85,106004.671
301218.SZ,20240409,23.2,23.52,22.89,23.38,22.93,0.45,1.9625,26152.37,60717.581
301219.SZ,20240409,41.72,43.27,41.72,42.76,41.93,0.83,1.9795,87605.16,373994.414
301220.SZ,20240409,26.8,27.87,26.8,27.86,26.96,0.9,3.3383,3609.49,9893.84
301221.SZ,20240409,43.1,43.31,41.19,41.93,43.65,-1.72,-3.9404,44801.88,187446.111
301222.SZ,20240409,22.57,23.31,22.57,23.25,22.55,0.7,3.1042,9590.28,22137.566
301223.SZ,20240409,15.86,16.09,15.86,16.07,15.94,0.13,0.8156,6302.15,10075.884
301225.SZ,20240409,26.83,27.66,26.83,27.63,26.86,0.77,2.8667,8893.07,24307.721
301226.SZ,20240409,16.4,17.04,16.4,17.01,16.4,0.61,3.7195,16448.8,27664.329
301227.SZ,20240409,26.75,27.59,26.22,27.2,26.84,0.36,1.3413,9066.3,24480.742
301228.SZ,20240409,13.76,14.29,13.13,13.5,13.8,-0.3,-2.1739,76787.5,104351.627
301229.SZ,20240409,30.83,31.72,30.71,31.65,30.77,0.88,2.8599,12160.28,37914.815
301230.SZ,20240409,36.4,37.4,35.55,37.24,36.12,1.12,3.1008,45115.4,165649.362
301231.SZ,20240409,19.74,20.16,19.6,20.0,19.68,0.32,1.626,24300.0,48325.382
301232.SZ,20240409,45.17,47.28,44.67,47.21,45.65,1.56,3.4173,22045.25,102587.336
301233.SZ,20240409,39.91,41.88,39.55,40.74,39.57,1.17,2.9568,23521.07,95910.89
301234.SZ,20240409,25.21,26.04,25.19,26.02,25.21,0.81,3.213,8330.97,21397.547
301235.SZ,20240409,21.35,21.98,21.13,21.97,21.38,0.59,2.7596,18840.1,40832.818
301236.SZ,20240409,45.6,46.19,43.5,45.02,46.16,-1.14,-2.4697,517360.33,2307487.756
301237.SZ,20240409,24.44,25.2,24.23,25.14,24.93,0.21,0.8424,10064.25,24939.203
301238.SZ,20240409,22.0,26.28,22.0,26.28,21.9,4.38,20.0,773341.56,1857863.859
301239.SZ,20240409,54.22,56.08,53.51,56.06,54.39,1.67,3.0704,24720.25,135756.029
301246.SZ,20240409,17.35,17.77,17.33,17.77,17.33,0.44,2.5389,45766.88,80459.364
301248.SZ,20240409,14.75,15.39,14.64,14.98,14.62,0.36,2.4624,56269.24,84511.058
301251.SZ,20240409,28.3,28.77,28.29,28.64,28.31,0.33,1.1657,14500.58,41351.893
301252.SZ,20240409,35.11,36.2,35.11,35.73,35.36,0.37,1.0464,5384.75,19189.943
301255.SZ,20240409,32.82,33.5,32.65,33.06,32.72,0.34,1.0391,10023.27,33229.439
301256.SZ,20240409,7.2,7.45,7.2,7.43,7.2,0.23,3.1944,39637.0,29024.674
301257.SZ,20240409,48.26,52.41,46.43,51.96,47.92,4.04,8.4307,19286.79,95927.18
301258.SZ,20240409,26.44,27.47,26.37,27.39,26.86,0.53,1.9732,16520.73,44291.128
301259.SZ,20240409,22.51,23.3,22.46,23.01,22.6,0.41,1.8142,16245.21,37074.142
301260.SZ,20240409,12.39,12.72,12.38,12.58,12.39,0.19,1.5335,26416.2,33095.151
301261.SZ,20240409,44.6,45.44,44.2,45.15,43.98,1.17,2.6603,6850.39,30775.905
301262.SZ,20240409,26.58,26.94,26.36,26.91,26.56,0.35,1.3178,22700.53,60559.193
301263.SZ,20240409,13.42,13.85,13.29,13.8,13.37,0.43,3.2162,36448.83,49574.72
301265.SZ,20240409,10.63,10.88,10.27,10.4,10.53,-0.13,-1.2346,68878.15,72130.268
301266.SZ,20240409,40.55,42.38,40.55,41.94,40.5,1.44,3.5556,21188.13,88574.857
301267.SZ,20240409,26.33,26.95,26.28,26.77,26.33,0.44,1.6711,39407.32,105066.683
301268.SZ,20240409,21.54,22.58,21.5,22.57,21.62,0.95,4.3941,21101.0,46901.975
301269.SZ,20240409,80.22,81.38,79.52,80.43,80.21,0.22,0.2743,10282.48,82585.221
301270.SZ,20240409,28.66,29.32,28.01,28.67,28.99,-0.32,-1.1038,28497.42,81190.487
301272.SZ,20240409,39.22,40.2,39.22,40.03,39.22,0.81,2.0653,4038.38,16087.627
301273.SZ,20240409,18.4,18.74,18.23,18.48,18.34,0.14,0.7634,9155.8,16891.084
301276.SZ,20240409,20.08,20.44,20.08,20.4,20.27,0.13,0.6413,6572.55,13358.133
301277.SZ,20240409,18.14,18.48,17.93,18.42,18.2,0.22,1.2088,27549.3,50223.332
301278.SZ,20240409,39.34,40.5,39.34,40.3,39.35,0.95,2.4142,7896.91,31654.835
301279.SZ,20240409,17.74,18.15,17.62,18.04,17.72,0.32,1.8059,6998.0,12530.363
301280.SZ,20240409,38.67,38.98,37.83,38.16,38.39,-0.23,-0.5991,11295.5,43210.977
301281.SZ,20240409,26.55,27.1,26.27,26.76,26.55,0.21,0.791,18285.0,48850.779
301282.SZ,20240409,17.61,17.98,17.42,17.96,17.54,0.42,2.3945,16602.0,29463.399
301283.SZ,20240409,30.27,31.08,30.13,30.62,30.42,0.2,0.6575,7343.94,22390.925
301285.SZ,20240409,23.6,23.85,23.2,23.39,23.66,-0.27,-1.1412,20570.09,48210.21
301286.SZ,20240409,29.92,30.88,29.92,30.72,30.01,0.71,2.3659,9261.5,28221.252
301287.SZ,20240409,28.18,28.97,28.18,28.94,28.18,0.76,2.6969,4382.0,12535.386
301288.SZ,20240409,15.47,15.89,15.2,15.43,15.17,0.26,1.7139,20484.0,31633.392
301289.SZ,20240409,40.64,41.3,40.4,41.2,40.62,0.58,1.4279,7575.94,31096.6
301290.SZ,20240409,21.71,22.48,21.67,22.45,21.72,0.73,3.361,8807.77,19499.49
301291.SZ,20240409,33.01,34.13,32.95,33.95,33.2,0.75,2.259,20409.02,68717.798
301292.SZ,20240409,16.42,17.56,16.31,17.5,16.29,1.21,7.4279,74022.35,127753.693
301293.SZ,20240409,59.8,60.99,59.27,60.54,58.8,1.74,2.9592,16295.68,97936.759
301295.SZ,20240409,24.68,25.47,24.68,25.43,24.68,0.75,3.0389,5536.11,13954.217
301296.SZ,20240409,8.49,9.17,8.49,9.12,8.46,0.66,7.8014,54819.58,48663.235
301297.SZ,20240409,21.5,21.65,20.71,20.87,21.52,-0.65,-3.0204,77333.26,162604.019
301298.SZ,20240409,15.32,15.5,14.41,14.84,15.17,-0.33,-2.1753,50849.68,74809.013
301299.SZ,20240409,42.72,43.5,42.1,43.18,42.23,0.95,2.2496,8298.0,35548.937
301300.SZ,20240409,23.5,24.79,23.5,24.67,23.53,1.14,4.8449,7780.79,18963.327
301301.SZ,20240409,9.28,9.38,9.1,9.38,9.24,0.14,1.5152,94940.0,87961.455
301302.SZ,20240409,19.17,19.33,18.91,19.11,18.9,0.21,1.1111,32906.31,62823.708
301303.SZ,20240409,16.97,17.16,16.88,17.12,16.86,0.26,1.5421,6879.06,11721.622
301305.SZ,20240409,17.5,17.86,17.2,17.26,17.78,-0.52,-2.9246,33435.65,58330.567
301306.SZ,20240409,32.83,33.8,31.51,31.99,33.0,-1.01,-3.0606,33245.31,107126.413
301307.SZ,20240409,29.59,30.25,28.5,29.08,30.96,-1.88,-6.0724,83324.5,243833.823
301308.SZ,20240409,94.07,95.19,89.5,92.0,94.01,-2.01,-2.1381,82079.79,749817.448
301309.SZ,20240409,24.31,24.44,22.6,23.39,25.07,-1.68,-6.7012,14509.68,33971.912
301310.SZ,20240409,36.63,37.38,36.31,37.23,36.63,0.6,1.638,6194.64,22967.353
301311.SZ,20240409,19.47,19.83,19.47,19.66,19.62,0.04,0.2039,22706.59,44540.04
301312.SZ,20240409,56.71,58.29,56.67,58.17,56.51,1.66,2.9375,8080.55,46501.573
301313.SZ,20240409,24.93,25.59,24.8,25.1,24.7,0.4,1.6194,30882.94,77807.043
301314.SZ,20240409,32.66,33.27,32.53,33.03,32.67,0.36,1.1019,3830.82,12594.331
301315.SZ,20240409,52.82,53.95,52.8,53.2,53.0,0.2,0.3774,13809.68,73498.935
301316.SZ,20240409,17.9,18.22,17.75,18.05,17.77,0.28,1.5757,39493.42,70778.173
301317.SZ,20240409,18.5,18.66,17.69,18.04,17.82,0.22,1.2346,4397.43,7892.839
301318.SZ,20240409,45.77,46.1,44.8,45.91,45.5,0.41,0.9011,27891.9,126650.277
301319.SZ,20240409,47.08,50.28,46.81,49.6,47.08,2.52,5.3526,8835.13,43004.624
301320.SZ,20240409,15.33,15.67,15.33,15.66,15.37,0.29,1.8868,13484.0,20942.41
301321.SZ,20240409,14.5,14.74,14.2,14.69,14.51,0.18,1.2405,32115.34,46468.332
301322.SZ,20240409,32.09,33.57,31.81,33.44,31.93,1.51,4.7291,9346.39,30854.458
301323.SZ,20240409,33.62,35.25,32.7,34.94,33.62,1.32,3.9262,25970.42,88876.721
301325.SZ,20240409,72.51,77.66,72.44,77.0,73.77,3.23,4.3785,32265.38,244883.745
301326.SZ,20240409,26.0,29.77,25.99,29.05,26.0,3.05,11.7308,34858.75,100094.086
301327.SZ,20240409,56.62,59.59,56.62,59.45,56.62,2.83,4.9982,8297.8,48582.559
301328.SZ,20240409,37.03,38.2,37.03,37.87,37.07,0.8,2.1581,10783.71,40622.373
301329.SZ,20240409,19.13,19.7,18.82,19.2,18.75,0.45,2.4,41273.84,78842.651
301330.SZ,20240409,25.47,25.95,25.12,25.85,25.25,0.6,2.3762,17068.8,43630.929
301331.SZ,20240409,36.0,37.43,35.83,37.38,35.99,1.39,3.8622,12915.85,47438.814
301332.SZ,20240409,10.05,10.34,10.05,10.28,10.05,0.23,2.2886,18072.96,18458.767
301333.SZ,20240409,55.31,59.06,53.0,57.89,55.2,2.69,4.8732,30576.95,171473.452
301335.SZ,20240409,17.85,18.5,17.84,18.37,17.85,0.52,2.9132,5161.29,9409.44
301336.SZ,20240409,32.15,33.53,32.13,33.24,32.43,0.81,2.4977,4587.94,15095.981
301337.SZ,20240409,37.06,38.96,36.69,37.86,37.85,0.01,0.0264,53738.15,203602.945
301338.SZ,20240409,28.13,28.88,28.07,28.44,28.14,0.3,1.0661,11788.24,33439.008
301339.SZ,20240409,18.82,19.18,18.48,18.89,19.24,-0.35,-1.8191,77164.0,144635.486
301345.SZ,20240409,62.6,65.58,62.01,64.65,61.99,2.66,4.291,12322.48,78680.523
301348.SZ,20240409,32.83,33.47,32.39,33.1,32.55,0.55,1.6897,19803.33,65208.152
301349.SZ,20240409,36.18,39.68,35.86,39.2,36.6,2.6,7.1038,45884.45,178228.952
301353.SZ,20240409,25.24,25.87,25.08,25.76,25.07,0.69,2.7523,4900.78,12529.863
301355.SZ,20240409,12.42,12.99,12.42,12.94,12.55,0.39,3.1076,15016.09,19303.209
301356.SZ,20240409,17.27,17.6,17.0,17.42,17.45,-0.03,-0.1719,15313.0,26485.451
301357.SZ,20240409,34.72,35.46,34.49,35.27,34.71,0.56,1.6134,9672.0,33868.452
301358.SZ,20240409,34.54,37.56,34.54,37.55,34.72,2.83,8.1509,165155.57,601439.032
301359.SZ,20240409,18.52,19.18,18.52,19.0,18.41,0.59,3.2048,17406.81,32950.989
301360.SZ,20240409,46.7,47.62,46.44,46.81,46.7,0.11,0.2355,5955.0,27946.684
301361.SZ,20240409,18.84,19.4,18.82,19.35,18.81,0.54,2.8708,9211.05,17693.197
301362.SZ,20240409,34.41,34.99,34.11,34.81,34.32,0.49,1.4277,4968.1,17207.769
301363.SZ,20240409,24.24,25.46,24.24,25.46,24.25,1.21,4.9897,18519.0,46085.96
301365.SZ,20240409,11.85,12.12,11.85,12.03,11.95,0.08,0.6695,10259.3,12291.13
301366.SZ,20240409,30.05,32.23,29.15,31.23,30.05,1.18,3.9268,57432.19,178286.429
301367.SZ,20240409,84.6,86.89,84.56,86.86,84.58,2.28,2.6957,5269.0,45346.058
301368.SZ,20240409,44.5,45.88,43.0,44.98,44.29,0.69,1.5579,51330.26,228890.174
301369.SZ,20240409,50.03,50.88,45.08,47.29,50.03,-2.74,-5.4767,24269.28,114899.32
301370.SZ,20240409,13.73,14.28,13.73,14.23,13.82,0.41,2.9667,32167.8,45377.215
301371.SZ,20240409,32.39,33.68,31.72,33.16,31.82,1.34,4.2112,21610.84,71074.163
301372.SZ,20240409,36.25,36.97,35.65,36.08,36.25,-0.17,-0.469,19418.7,70382.433
301373.SZ,20240409,25.35,26.18,25.35,26.1,25.6,0.5,1.9531,4554.0,11782.319
301376.SZ,20240409,24.52,25.36,24.31,25.03,24.77,0.26,1.0497,18586.3,46416.629
301377.SZ,20240409,19.66,19.86,19.49,19.72,19.66,0.06,0.3052,9160.17,17968.6
301378.SZ,20240409,33.39,34.17,33.39,34.0,33.38,0.62,1.8574,6324.5,21376.901
301379.SZ,20240409,22.76,23.48,22.58,23.44,22.94,0.5,2.1796,18464.98,42727.069
301380.SZ,20240409,35.43,36.2,35.43,36.0,35.32,0.68,1.9253,4941.99,17743.544
301381.SZ,20240409,25.24,25.8,25.0,25.75,25.25,0.5,1.9802,13310.51,33930.083
301382.SZ,20240409,28.2,28.69,28.0,28.43,27.93,0.5,1.7902,12581.92,35688.141
301383.SZ,20240409,38.9,38.96,36.66,37.35,39.31,-1.96,-4.986,41178.06,154227.627
301386.SZ,20240409,21.51,22.59,21.5,22.58,21.73,0.85,3.9116,33444.1,74208.725
301387.SZ,20240409,46.25,47.5,45.61,47.29,46.11,1.18,2.5591,8354.48,38937.022
301388.SZ,20240409,18.5,19.92,18.5,19.9,18.51,1.39,7.5095,30697.66,59775.635
301389.SZ,20240409,13.61,14.36,13.61,14.32,13.65,0.67,4.9084,31362.83,44290.543
301390.SZ,20240409,33.05,33.44,32.85,33.35,33.05,0.3,0.9077,3972.0,13180.933
301391.SZ,20240409,115.99,116.0,108.82,111.9,116.5,-4.6,-3.9485,14713.69,163132.137
301393.SZ,20240409,42.5,44.88,42.5,44.53,42.9,1.63,3.7995,14879.46,65132.728
301395.SZ,20240409,14.94,15.44,14.94,15.42,15.08,0.34,2.2546,12732.07,19442.957
301396.SZ,20240409,22.4,22.89,22.15,22.69,22.71,-0.02,-0.0881,17314.31,39013.192
301397.SZ,20240409,37.3,39.55,37.12,39.55,37.7,1.85,4.9072,25823.87,99804.191
301398.SZ,20240409,54.98,56.16,52.27,52.88,55.56,-2.68,-4.8236,33839.05,180739.423
301399.SZ,20240409,32.24,32.87,31.99,32.47,32.24,0.23,0.7134,7741.0,25055.419
301408.SZ,20240409,11.73,12.09,11.63,12.09,11.7,0.39,3.3333,16504.92,19675.054
301413.SZ,20240409,55.8,55.8,53.82,54.63,55.2,-0.57,-1.0326,6966.28,38000.224
301418.SZ,20240409,38.2,39.0,38.14,38.84,38.02,0.82,2.1568,4840.11,18712.108
301419.SZ,20240409,30.1,30.4,29.63,30.29,29.9,0.39,1.3043,10254.0,30879.858
301421.SZ,20240409,42.79,43.34,42.2,43.31,42.44,0.87,2.05,16845.43,72193.612
301428.SZ,20240409,27.01,27.52,26.91,27.47,26.91,0.56,2.081,12853.48,35077.136
301429.SZ,20240409,14.43,14.96,14.43,14.93,14.43,0.5,3.465,12979.97,19156.204
301439.SZ,20240409,13.4,13.55,13.34,13.43,13.34,0.09,0.6747,19462.02,26156.73
301446.SZ,20240409,24.0,24.78,24.0,24.68,24.12,0.56,2.3217,4533.0,11098.333
301448.SZ,20240409,25.97,26.35,25.55,26.02,25.57,0.45,1.7599,11359.0,29526.754
301456.SZ,20240409,24.77,25.65,24.77,25.55,24.77,0.78,3.149,9725.16,24681.787
301459.SZ,20240409,42.07,42.55,41.64,42.5,41.97,0.53,1.2628,4899.69,20683.805
301468.SZ,20240409,23.77,24.33,23.77,24.31,23.78,0.53,2.2288,3711.96,8964.365
301469.SZ,20240409,26.39,29.22,26.39,28.44,26.29,2.15,8.178,41252.45,116206.09
301486.SZ,20240409,48.81,49.03,46.0,47.5,48.1,-0.6,-1.2474,48368.35,228919.565
301487.SZ,20240409,32.49,35.27,32.38,35.08,32.48,2.6,8.0049,135831.0,468620.464
301488.SZ,20240409,66.0,68.58,62.47,63.78,62.46,1.32,2.1134,106121.93,702312.325
301489.SZ,20240409,77.01,80.88,76.5,79.33,76.31,3.02,3.9575,30742.63,240646.911
301498.SZ,20240409,47.81,49.65,47.29,48.71,48.6,0.11,0.2263,25630.52,123884.796
301499.SZ,20240409,26.39,27.14,26.16,26.86,26.35,0.51,1.9355,29976.11,79571.069
301500.SZ,20240409,27.65,29.8,27.11,27.93,29.1,-1.17,-4.0206,184653.17,520369.067
301502.SZ,20240409,39.5,41.18,39.49,41.01,39.7,1.31,3.2997,12639.0,51215.472
301503.SZ,20240409,27.39,28.0,27.35,27.83,27.46,0.37,1.3474,8082.0,22360.427
301505.SZ,20240409,25.73,27.22,25.73,26.28,25.73,0.55,2.1376,19348.02,51237.815
301507.SZ,20240409,12.26,12.77,12.22,12.71,12.25,0.46,3.7551,31719.47,39718.734
301508.SZ,20240409,39.7,40.29,38.88,39.15,39.61,-0.46,-1.1613,71307.55,281367.62
301509.SZ,20240409,58.88,59.99,58.22,59.84,58.6,1.24,2.116,12453.58,73770.25
301510.SZ,20240409,34.99,35.48,34.14,35.26,34.15,1.11,3.2504,39131.68,136567.3
301511.SZ,20240409,22.51,27.17,22.5,27.17,22.64,4.53,20.0088,190010.58,503406.918
301512.SZ,20240409,49.73,51.03,49.66,50.25,49.66,0.59,1.1881,6183.0,31046.767
301515.SZ,20240409,20.74,21.58,20.74,21.52,20.8,0.72,3.4615,12607.84,26788.85
301516.SZ,20240409,20.6,20.99,20.15,20.68,20.76,-0.08,-0.3854,64395.41,132196.303
301517.SZ,20240409,48.28,49.16,48.0,48.93,48.52,0.41,0.845,14838.24,72227.576
301518.SZ,20240409,18.32,18.97,18.25,18.74,18.21,0.53,2.9105,24528.65,45821.266
301519.SZ,20240409,16.36,16.74,16.33,16.7,16.55,0.15,0.9063,24838.22,41127.523
301520.SZ,20240409,47.94,48.98,47.61,48.76,47.8,0.96,2.0084,5905.35,28444.279
301525.SZ,20240409,59.72,62.21,59.72,62.17,59.72,2.45,4.1025,7784.44,47657.239
301526.SZ,20240409,4.35,4.41,4.32,4.41,4.4,0.01,0.2273,263158.66,114892.364
301528.SZ,20240409,50.2,52.45,50.09,52.12,50.08,2.04,4.0735,8403.77,43278.194
301529.SZ,20240409,31.6,33.06,31.13,32.89,31.8,1.09,3.4277,11610.99,37322.765
301533.SZ,20240409,27.94,28.78,27.94,28.55,27.8,0.75,2.6978,15377.0,43662.005
301536.SZ,20240409,38.75,39.88,38.46,38.88,39.56,-0.68,-1.7189,89247.21,348281.252
301538.SZ,20240409,77.2,79.6,77.03,79.21,77.71,1.5,1.9303,11122.84,87475.242
301548.SZ,20240409,46.48,47.46,46.3,47.36,46.41,0.95,2.047,4858.91,22804.935
301550.SZ,20240409,29.82,30.55,29.7,30.29,29.82,0.47,1.5761,12620.82,38192.727
301555.SZ,20240409,33.59,34.75,33.44,33.85,34.34,-0.49,-1.4269,28142.57,96057.687
301558.SZ,20240409,10.41,10.56,10.27,10.54,10.34,0.2,1.9342,46551.29,48638.54
301559.SZ,20240409,16.58,16.78,16.54,16.73,16.67,0.06,0.3599,9598.63,16017.158
301566.SZ,20240409,17.51,17.89,17.2,17.58,17.65,-0.07,-0.3966,43208.66,75555.232
301567.SZ,20240409,46.02,47.7,46.0,47.56,46.02,1.54,3.3464,25637.11,120781.592
301568.SZ,20240409,36.36,37.28,36.36,37.06,36.66,0.4,1.0911,14675.61,54129.269
301577.SZ,20240409,50.7,51.9,50.7,51.59,50.81,0.78,1.5351,8689.65,44712.321
301578.SZ,20240409,48.96,50.33,48.33,50.12,48.82,1.3,2.6628,8511.02,42226.824
301587.SZ,20240409,35.11,39.98,34.4,36.83,37.75,-0.92,-2.4371,156819.76,594107.421
301588.SZ,20240409,26.01,26.68,25.86,26.63,26.05,0.58,2.2265,28299.92,74659.411
301589.SZ,20240409,472.28,473.0,455.8,466.8,472.28,-5.48,-1.1603,4136.37,191445.299
301591.SZ,20240409,42.1,43.18,42.0,43.18,41.81,1.37,3.2767,16693.6,71069.749
302132.SZ,20240409,40.88,41.57,40.62,41.39,40.77,0.62,1.5207,37167.39,152723.709
