ts_code,trade_date,open,high,low,close,pre_close,change,pct_chg,vol,amount
300001.SZ,20250210,23.95,24.32,23.74,23.98,23.94,0.04,0.1671,204241.91,490869.966
300002.SZ,20250210,14.1,14.62,13.8,14.29,13.9,0.39,2.8058,1923771.87,2744850.853
300003.SZ,20250210,11.0,11.88,10.95,11.84,10.93,0.91,8.3257,680350.31,782913.157
300004.SZ,20250210,6.53,6.65,6.49,6.65,6.52,0.13,1.9939,95864.5,63044.632
300005.SZ,20250210,7.09,7.09,6.94,7.03,7.06,-0.03,-0.4249,147554.5,103261.112
300006.SZ,20250210,3.76,3.94,3.74,3.93,3.74,0.19,5.0802,362097.4,139559.125
300007.SZ,20250210,28.96,29.17,28.2,28.83,29.18,-0.35,-1.1995,391545.0,1122598.696
300008.SZ,20250210,4.72,4.79,4.72,4.78,4.72,0.06,1.2712,503664.67,239184.969
300009.SZ,20250210,8.67,8.75,8.57,8.69,8.58,0.11,1.2821,235978.95,204423.233
300010.SZ,20250210,8.4,8.6,8.02,8.44,8.35,0.09,1.0778,2683150.85,2231223.658
300011.SZ,20250210,7.49,7.68,7.45,7.67,7.49,0.18,2.4032,144493.0,109389.352
300012.SZ,20250210,12.88,13.06,12.82,12.99,12.88,0.11,0.854,304842.5,394536.967
300013.SZ,20250210,3.39,3.4,3.35,3.36,3.39,-0.03,-0.885,66141.56,22260.753
300014.SZ,20250210,45.45,45.45,43.11,43.96,45.55,-1.59,-3.4907,424713.28,1857277.418
300015.SZ,20250210,13.12,13.36,13.02,13.34,13.11,0.23,1.7544,943710.74,1245266.365
300016.SZ,20250210,6.46,6.88,6.46,6.77,6.44,0.33,5.1242,197767.02,132467.741
300017.SZ,20250210,13.8,14.06,13.2,13.48,13.34,0.14,1.0495,4286249.83,5813467.376
300018.SZ,20250210,7.11,7.15,7.05,7.13,7.1,0.03,0.4225,117176.22,83221.896
300019.SZ,20250210,15.15,15.22,14.87,15.04,15.09,-0.05,-0.3313,71432.0,107040.925
300020.SZ,20250210,3.11,3.25,3.11,3.25,3.17,0.08,2.5237,394277.54,124917.83
300021.SZ,20250210,4.3,4.38,4.3,4.37,4.3,0.07,1.6279,221768.0,96568.449
300022.SZ,20250210,5.34,6.0,5.3,5.84,5.31,0.53,9.9812,453925.11,258280.386
300024.SZ,20250210,20.05,20.35,19.89,20.24,20.19,0.05,0.2476,851127.89,1715864.775
300025.SZ,20250210,9.01,9.28,8.98,9.27,8.89,0.38,4.2745,274082.94,250768.795
300026.SZ,20250210,3.69,3.77,3.68,3.75,3.69,0.06,1.626,518159.84,193494.495
300027.SZ,20250210,2.6,2.72,2.59,2.71,2.6,0.11,4.2308,1314374.9,350558.881
300029.SZ,20250210,4.75,4.78,4.64,4.67,4.72,-0.05,-1.0593,33809.0,15857.43
300030.SZ,20250210,6.0,6.17,5.88,6.16,5.85,0.31,5.2991,122935.0,74338.082
300031.SZ,20250210,19.91,20.73,19.82,20.49,19.91,0.58,2.9131,250784.0,511574.542
300032.SZ,20250210,4.73,4.81,4.7,4.8,4.71,0.09,1.9108,194887.14,92773.507
300033.SZ,20250210,321.0,325.8,314.0,321.19,316.68,4.51,1.4242,191644.04,6135561.347
300034.SZ,20250210,15.48,15.55,15.36,15.51,15.43,0.08,0.5185,106595.74,165132.101
300035.SZ,20250210,15.45,15.45,14.72,15.03,15.41,-0.38,-2.4659,370115.0,553869.715
300036.SZ,20250210,17.92,18.38,17.78,18.36,18.0,0.36,2.0,275228.35,499817.697
300037.SZ,20250210,34.1,34.71,33.33,34.56,34.08,0.48,1.4085,142929.06,486202.905
300039.SZ,20250210,6.35,6.49,6.35,6.44,6.33,0.11,1.7378,325526.0,209133.822
300040.SZ,20250210,6.0,6.06,5.95,6.04,5.95,0.09,1.5126,275567.77,164988.488
300041.SZ,20250210,8.41,8.46,8.37,8.43,8.41,0.02,0.2378,107172.3,90164.84
300042.SZ,20250210,20.3,23.19,20.21,22.2,19.7,2.5,12.6904,260717.42,567811.363
300043.SZ,20250210,4.02,4.25,3.97,4.23,4.04,0.19,4.703,1341133.01,554124.19
300044.SZ,20250210,6.7,6.9,6.7,6.85,6.7,0.15,2.2388,720852.05,491223.717
300045.SZ,20250210,21.0,21.59,20.86,21.55,20.76,0.79,3.8054,299087.2,637965.013
300046.SZ,20250210,34.38,35.16,34.25,35.09,34.46,0.63,1.8282,189503.09,658412.096
300047.SZ,20250210,14.49,14.68,14.03,14.65,13.71,0.94,6.8563,1148703.86,1648330.338
300048.SZ,20250210,5.11,5.12,5.06,5.1,5.08,0.02,0.3937,96475.4,49035.861
300049.SZ,20250210,33.29,36.0,33.29,35.95,33.27,2.68,8.0553,158587.78,552881.6
300050.SZ,20250210,5.77,6.19,5.77,6.1,5.77,0.33,5.7192,520904.25,312143.795
300051.SZ,20250210,6.81,7.02,6.81,7.02,6.77,0.25,3.6928,70769.0,49184.898
300052.SZ,20250210,19.1,19.3,18.42,18.97,18.16,0.81,4.4604,324788.11,611258.277
300053.SZ,20250210,13.5,14.02,13.5,14.02,13.46,0.56,4.1605,353332.05,487715.446
300054.SZ,20250210,27.07,27.32,26.7,26.88,26.98,-0.1,-0.3706,104086.0,279730.316
300055.SZ,20250210,5.05,5.23,5.0,5.23,5.03,0.2,3.9761,155976.85,80182.557
300056.SZ,20250210,14.2,14.63,14.2,14.41,14.26,0.15,1.0519,146991.66,212214.042
300057.SZ,20250210,6.15,6.54,5.86,6.3,5.59,0.71,12.7013,2033225.92,1236325.792
300058.SZ,20250210,10.1,10.47,9.98,10.2,10.04,0.16,1.5936,2885527.66,2942309.261
300059.SZ,20250210,24.28,24.51,24.03,24.34,24.28,0.06,0.2471,4937142.53,11988437.534
300061.SZ,20250210,12.97,14.98,12.9,14.25,12.74,1.51,11.8524,846920.97,1197638.976
300062.SZ,20250210,5.25,5.3,5.18,5.3,5.21,0.09,1.7274,94696.8,49719.206
300063.SZ,20250210,10.13,10.5,10.08,10.37,10.2,0.17,1.6667,939944.09,965371.648
300066.SZ,20250210,4.06,4.12,4.03,4.12,4.06,0.06,1.4778,195193.18,79559.322
300067.SZ,20250210,5.58,6.1,5.51,5.92,5.29,0.63,11.9093,1858820.17,1066167.908
300068.SZ,20250210,15.39,15.57,15.2,15.53,15.39,0.14,0.9097,390713.23,602218.049
300070.SZ,20250210,4.9,4.94,4.88,4.92,4.89,0.03,0.6135,280434.53,137645.956
300071.SZ,20250210,5.98,6.48,5.85,6.41,6.05,0.36,5.9504,1831063.5,1141363.728
300072.SZ,20250210,3.31,3.68,3.3,3.49,3.28,0.21,6.4024,688431.9,240938.874
300073.SZ,20250210,40.11,40.49,39.72,40.4,40.37,0.03,0.0743,135222.73,542406.11
300074.SZ,20250210,4.18,4.57,4.16,4.54,4.16,0.38,9.1346,470678.26,207607.8
300075.SZ,20250210,17.09,17.42,16.77,17.36,16.61,0.75,4.5154,342564.76,589795.81
300076.SZ,20250210,7.14,7.3,7.08,7.3,7.14,0.16,2.2409,173331.0,124809.103
300077.SZ,20250210,24.47,25.41,24.47,25.04,24.4,0.64,2.623,574165.86,1432788.551
300078.SZ,20250210,3.36,3.94,3.3,3.94,3.28,0.66,20.122,1752913.15,661217.251
300079.SZ,20250210,5.91,6.66,5.88,6.64,5.82,0.82,14.0893,1628073.97,1029560.121
300080.SZ,20250210,4.13,4.19,4.09,4.19,4.12,0.07,1.699,189888.0,78733.819
300081.SZ,20250210,7.89,8.26,7.81,8.22,7.72,0.5,6.4767,744975.83,605090.424
300082.SZ,20250210,6.26,6.36,6.26,6.36,6.28,0.08,1.2739,68482.2,43213.989
300083.SZ,20250210,6.79,6.82,6.71,6.81,6.77,0.04,0.5908,383603.17,259884.426
300084.SZ,20250210,5.7,5.8,5.69,5.8,5.69,0.11,1.9332,65885.2,37833.849
300085.SZ,20250210,42.87,43.71,42.41,42.99,43.3,-0.31,-0.7159,648036.51,2780446.518
300086.SZ,20250210,4.88,5.01,4.85,5.0,4.83,0.17,3.5197,172986.5,85352.662
300087.SZ,20250210,10.68,10.82,10.64,10.79,10.74,0.05,0.4655,239565.41,257195.579
300088.SZ,20250210,6.65,6.69,6.6,6.67,6.66,0.01,0.1502,673977.68,448156.774
300091.SZ,20250210,2.22,2.29,2.2,2.28,2.21,0.07,3.1674,523558.53,117870.248
300092.SZ,20250210,11.89,12.18,11.78,12.06,11.89,0.17,1.4298,78699.0,94446.247
300093.SZ,20250210,12.9,13.77,12.6,13.74,12.9,0.84,6.5116,238311.12,316336.927
300094.SZ,20250210,3.62,3.73,3.61,3.73,3.62,0.11,3.0387,458517.44,168341.653
300095.SZ,20250210,6.62,6.72,6.56,6.7,6.62,0.08,1.2085,78096.15,51935.406
300096.SZ,20250210,3.35,3.62,3.35,3.6,3.35,0.25,7.4627,192255.05,67760.001
300097.SZ,20250210,5.21,5.27,5.2,5.25,5.23,0.02,0.3824,113347.6,59317.289
300098.SZ,20250210,5.73,5.92,5.71,5.91,5.71,0.2,3.5026,1147683.64,670385.692
300099.SZ,20250210,6.28,6.38,6.27,6.38,6.29,0.09,1.4308,130790.0,82963.106
300100.SZ,20250210,38.31,38.85,36.84,38.17,38.75,-0.58,-1.4968,312283.02,1176509.393
300101.SZ,20250210,18.5,19.11,18.4,19.03,18.48,0.55,2.9762,241551.1,454292.967
300102.SZ,20250210,11.64,11.66,11.41,11.59,11.66,-0.07,-0.6003,346558.85,400034.806
300103.SZ,20250210,6.27,6.66,6.2,6.61,6.24,0.37,5.9295,83253.36,54434.984
300105.SZ,20250210,6.88,7.01,6.87,7.0,6.88,0.12,1.7442,116106.02,80744.364
300106.SZ,20250210,8.64,8.9,8.56,8.9,8.58,0.32,3.7296,101459.01,88982.749
300107.SZ,20250210,9.29,9.39,9.27,9.35,9.28,0.07,0.7543,125740.02,117196.078
300108.SZ,20250210,1.11,1.18,1.11,1.15,1.13,0.02,1.7699,716523.02,81421.931
300109.SZ,20250210,14.86,14.93,14.5,14.77,14.79,-0.02,-0.1352,118659.4,174600.632
300110.SZ,20250210,3.24,3.34,3.24,3.34,3.25,0.09,2.7692,238974.1,78860.696
300111.SZ,20250210,3.47,3.51,3.43,3.48,3.47,0.01,0.2882,229558.21,79454.095
300112.SZ,20250210,9.2,9.27,9.11,9.26,9.19,0.07,0.7617,65834.0,60576.812
300113.SZ,20250210,20.38,22.2,20.01,20.66,19.88,0.78,3.9235,1264772.76,2622068.21
300115.SZ,20250210,22.4,22.59,21.66,22.22,22.29,-0.07,-0.314,1671273.81,3691031.42
300117.SZ,20250210,1.0,1.03,0.99,1.01,1.01,0.0,0.0,452611.2,45464.995
300118.SZ,20250210,11.67,11.8,11.54,11.77,11.75,0.02,0.1702,248525.48,290461.113
300119.SZ,20250210,16.5,16.6,16.29,16.43,16.49,-0.06,-0.3639,94445.98,155158.231
300120.SZ,20250210,9.51,9.68,9.45,9.66,9.51,0.15,1.5773,257015.86,245769.086
300121.SZ,20250210,12.07,12.23,11.98,12.23,12.09,0.14,1.158,139746.5,169019.364
300122.SZ,20250210,25.26,25.83,25.18,25.81,25.4,0.41,1.6142,243520.67,622108.108
300123.SZ,20250210,5.85,6.08,5.83,6.06,5.82,0.24,4.1237,372494.3,222979.609
300124.SZ,20250210,68.45,68.72,66.8,68.28,69.0,-0.72,-1.0435,379818.63,2576682.452
300125.SZ,20250210,6.01,6.07,5.85,5.9,5.95,-0.05,-0.8403,149821.26,88960.807
300126.SZ,20250210,5.71,5.82,5.69,5.79,5.7,0.09,1.5789,53280.57,30698.043
300127.SZ,20250210,27.0,27.25,26.76,27.25,27.14,0.11,0.4053,100505.0,271464.135
300128.SZ,20250210,5.19,5.29,5.08,5.25,5.17,0.08,1.5474,489110.47,253811.094
300129.SZ,20250210,7.13,7.13,7.04,7.07,7.11,-0.04,-0.5626,138947.9,98255.972
300130.SZ,20250210,22.89,23.66,22.78,23.5,22.89,0.61,2.6649,235828.6,549834.467
300131.SZ,20250210,8.43,8.54,8.34,8.52,8.46,0.06,0.7092,678052.73,572987.852
300132.SZ,20250210,5.11,5.43,5.06,5.38,5.1,0.28,5.4902,220378.0,116010.282
300133.SZ,20250210,7.6,8.05,7.57,8.04,7.6,0.44,5.7895,1656808.89,1301888.624
300134.SZ,20250210,12.98,13.19,12.61,12.71,12.2,0.51,4.1803,401896.04,514602.115
300135.SZ,20250210,4.2,4.27,4.18,4.27,4.2,0.07,1.6667,287356.98,121658.936
300136.SZ,20250210,25.23,25.37,25.02,25.12,25.09,0.03,0.1196,209050.64,526372.563
300137.SZ,20250210,5.9,5.91,5.84,5.89,5.91,-0.02,-0.3384,47384.49,27856.842
300138.SZ,20250210,8.4,8.63,8.39,8.63,8.38,0.25,2.9833,57643.0,49108.382
300139.SZ,20250210,17.47,17.79,17.16,17.78,17.26,0.52,3.0127,356086.16,622613.554
300140.SZ,20250210,5.93,6.05,5.9,6.01,5.92,0.09,1.5203,111643.74,66822.572
300141.SZ,20250210,9.12,9.28,9.04,9.26,9.12,0.14,1.5351,87793.7,80494.875
300142.SZ,20250210,12.03,12.29,11.91,12.25,12.01,0.24,1.9983,337958.76,409286.241
300143.SZ,20250210,9.05,9.65,9.05,9.62,8.94,0.68,7.6063,158858.29,149357.902
300144.SZ,20250210,8.94,9.23,8.92,9.18,8.93,0.25,2.7996,513078.28,466814.64
300145.SZ,20250210,3.68,3.74,3.66,3.71,3.68,0.03,0.8152,630130.37,232647.303
300146.SZ,20250210,11.69,11.8,11.63,11.75,11.69,0.06,0.5133,143258.0,167901.906
300147.SZ,20250210,10.4,10.64,10.34,10.55,10.47,0.08,0.7641,419862.56,440573.74
300148.SZ,20250210,4.08,4.26,4.07,4.25,4.11,0.14,3.4063,593828.42,247903.485
300149.SZ,20250210,6.53,6.85,6.5,6.85,6.5,0.35,5.3846,214516.5,144132.583
300150.SZ,20250210,5.16,5.37,5.1,5.35,5.15,0.2,3.8835,371966.6,195400.827
300151.SZ,20250210,16.77,16.91,16.55,16.86,16.77,0.09,0.5367,82925.29,138912.66
300152.SZ,20250210,5.01,5.19,5.0,5.16,5.05,0.11,2.1782,579637.6,295979.958
300153.SZ,20250210,16.18,16.57,15.8,16.49,16.34,0.15,0.918,327587.0,531303.391
300154.SZ,20250210,10.21,10.23,9.94,10.13,10.21,-0.08,-0.7835,137801.08,138896.517
300155.SZ,20250210,4.91,5.05,4.89,5.04,4.88,0.16,3.2787,122126.03,60901.731
300157.SZ,20250210,3.09,3.13,3.03,3.12,3.04,0.08,2.6316,271803.0,84105.933
300158.SZ,20250210,4.06,4.18,4.06,4.17,4.06,0.11,2.7094,324769.0,134108.294
300159.SZ,20250210,2.37,2.45,2.33,2.44,2.44,0.0,0.0,1870425.0,447578.197
300160.SZ,20250210,5.49,5.53,5.45,5.52,5.49,0.03,0.5464,77285.0,42458.42
300161.SZ,20250210,29.28,29.46,28.53,28.88,29.36,-0.48,-1.6349,93241.63,269481.695
300162.SZ,20250210,7.4,7.6,7.4,7.6,7.41,0.19,2.5641,140627.0,105589.415
300163.SZ,20250210,2.55,2.6,2.54,2.58,2.54,0.04,1.5748,120635.0,30926.152
300164.SZ,20250210,4.34,4.38,4.33,4.37,4.36,0.01,0.2294,252671.58,110017.479
300165.SZ,20250210,3.04,3.1,3.02,3.1,3.04,0.06,1.9737,97850.6,29991.489
300166.SZ,20250210,12.46,12.87,12.06,12.39,12.16,0.23,1.8914,2120011.93,2634340.293
300167.SZ,20250210,2.5,2.58,2.47,2.51,2.5,0.01,0.4,212355.75,53298.776
300168.SZ,20250210,8.49,9.6,8.39,9.44,8.17,1.27,15.5447,1395088.01,1261926.93
300169.SZ,20250210,7.51,7.65,7.5,7.65,7.65,0.0,0.0,188385.22,142912.258
300170.SZ,20250210,20.99,21.99,20.5,21.6,20.27,1.33,6.5614,2734918.83,5792695.521
300171.SZ,20250210,13.24,13.56,13.12,13.48,13.22,0.26,1.9667,94362.0,126301.142
300172.SZ,20250210,5.12,5.16,5.11,5.15,5.14,0.01,0.1946,195309.65,100325.475
300173.SZ,20250210,6.17,6.33,6.08,6.29,6.19,0.1,1.6155,667518.89,414055.985
300174.SZ,20250210,15.98,15.98,15.5,15.62,15.8,-0.18,-1.1392,85861.0,134121.174
300175.SZ,20250210,5.45,5.7,5.45,5.69,5.49,0.2,3.643,165327.93,92667.666
300176.SZ,20250210,7.14,7.25,7.08,7.25,7.14,0.11,1.5406,126194.38,90640.487
300177.SZ,20250210,11.68,11.88,11.42,11.82,11.54,0.28,2.4263,727727.54,849568.15
300179.SZ,20250210,9.87,10.12,9.69,10.08,9.85,0.23,2.335,221873.0,220316.8
300180.SZ,20250210,6.6,6.74,6.55,6.73,6.59,0.14,2.1244,672963.73,449061.817
300181.SZ,20250210,14.84,14.95,14.56,14.62,14.84,-0.22,-1.4825,172929.12,253695.264
300182.SZ,20250210,6.84,7.05,6.81,6.95,6.79,0.16,2.3564,3074775.27,2133734.809
300183.SZ,20250210,17.42,17.72,17.21,17.65,17.27,0.38,2.2003,126099.2,220652.157
300184.SZ,20250210,10.18,11.19,10.1,11.14,10.18,0.96,9.4303,1615564.79,1723871.688
300185.SZ,20250210,2.54,2.57,2.53,2.55,2.54,0.01,0.3937,599128.0,152592.794
300187.SZ,20250210,5.06,5.1,5.0,5.1,5.03,0.07,1.3917,54488.0,27610.61
300188.SZ,20250210,15.08,15.68,15.0,15.67,14.93,0.74,4.9565,477519.79,737044.004
300189.SZ,20250210,3.85,3.93,3.84,3.93,3.88,0.05,1.2887,845921.0,329274.538
300190.SZ,20250210,3.22,3.27,3.17,3.25,3.17,0.08,2.5237,91919.23,29684.807
300191.SZ,20250210,13.49,13.76,13.4,13.76,13.5,0.26,1.9259,38112.06,51862.35
300192.SZ,20250210,18.14,18.94,17.99,18.69,17.68,1.01,5.7127,537392.03,991199.303
300193.SZ,20250210,9.59,9.65,9.47,9.65,9.54,0.11,1.153,121350.66,115963.965
300194.SZ,20250210,4.47,4.54,4.47,4.54,4.48,0.06,1.3393,247511.0,111617.88
300195.SZ,20250210,5.97,6.17,5.89,6.14,5.92,0.22,3.7162,178840.0,108036.541
300196.SZ,20250210,10.59,10.65,10.53,10.63,10.59,0.04,0.3777,33428.0,35368.263
300197.SZ,20250210,2.21,2.31,2.2,2.31,2.22,0.09,4.0541,777961.93,176747.702
300198.SZ,20250210,2.07,2.15,2.07,2.14,2.06,0.08,3.8835,411409.12,86792.153
300199.SZ,20250210,12.25,12.78,12.1,12.67,12.21,0.46,3.7674,426560.0,530719.504
300200.SZ,20250210,8.83,9.0,8.83,9.0,8.86,0.14,1.5801,80092.4,71311.346
300201.SZ,20250210,5.42,5.44,5.34,5.4,5.41,-0.01,-0.1848,298573.76,160731.37
300203.SZ,20250210,17.19,17.69,17.12,17.65,17.19,0.46,2.676,133898.0,233512.11
300204.SZ,20250210,7.22,7.4,7.11,7.38,7.21,0.17,2.3578,67675.0,49493.264
300205.SZ,20250210,4.92,5.0,4.87,4.96,4.96,0.0,0.0,57561.0,28473.867
300206.SZ,20250210,12.63,13.06,12.5,12.89,12.47,0.42,3.3681,322283.32,413621.128
300207.SZ,20250210,23.68,23.68,22.9,23.31,23.5,-0.19,-0.8085,420798.07,975165.66
300208.SZ,20250210,1.98,2.13,1.98,2.11,1.98,0.13,6.5657,172748.6,35948.52
300209.SZ,20250210,4.7,4.85,4.68,4.83,4.68,0.15,3.2051,113733.0,54450.703
300210.SZ,20250210,10.5,10.99,10.49,10.95,10.48,0.47,4.4847,198840.8,214263.002
300211.SZ,20250210,9.57,9.94,9.3,9.79,9.58,0.21,2.1921,433609.06,419117.223
300212.SZ,20250210,25.01,25.61,24.7,25.3,24.28,1.02,4.201,380684.12,960904.856
300213.SZ,20250210,8.19,8.49,8.17,8.46,8.19,0.27,3.2967,302775.15,252947.936
300214.SZ,20250210,6.02,7.03,6.02,6.79,5.96,0.83,13.9262,482787.71,315763.359
300215.SZ,20250210,5.98,6.05,5.95,6.04,5.94,0.1,1.6835,84150.03,50554.61
300217.SZ,20250210,4.68,4.79,4.67,4.78,4.7,0.08,1.7021,296768.2,140810.672
300218.SZ,20250210,16.18,16.19,15.98,16.16,16.14,0.02,0.1239,39519.5,63540.57
300219.SZ,20250210,7.24,7.39,7.22,7.39,7.25,0.14,1.931,125873.0,92192.88
300220.SZ,20250210,14.45,14.6,14.18,14.58,14.38,0.2,1.3908,83176.73,119465.881
300221.SZ,20250210,6.63,6.72,6.56,6.72,6.6,0.12,1.8182,295788.54,196741.122
300222.SZ,20250210,11.9,11.97,11.64,11.87,12.04,-0.17,-1.412,654008.02,771630.169
300223.SZ,20250210,77.23,80.39,76.63,78.39,77.08,1.31,1.6995,342215.82,2699477.026
300224.SZ,20250210,13.77,13.8,13.5,13.73,13.7,0.03,0.219,340315.06,464050.692
300225.SZ,20250210,7.28,7.31,7.16,7.24,7.21,0.03,0.4161,58520.0,42333.463
300226.SZ,20250210,25.61,27.49,25.45,26.87,25.28,1.59,6.2896,350567.17,931046.452
300227.SZ,20250210,8.61,8.75,8.57,8.72,8.64,0.08,0.9259,188012.54,162704.65
300228.SZ,20250210,7.28,7.36,7.28,7.34,7.32,0.02,0.2732,138715.7,101484.584
300229.SZ,20250210,27.3,29.29,27.01,29.15,27.41,1.74,6.348,1919190.99,5468121.517
300230.SZ,20250210,4.51,4.55,4.49,4.55,4.52,0.03,0.6637,107669.64,48621.883
300231.SZ,20250210,12.29,12.84,12.21,12.79,12.28,0.51,4.1531,443795.54,558558.557
300232.SZ,20250210,8.06,8.08,7.77,7.91,8.06,-0.15,-1.861,991712.25,780994.358
300233.SZ,20250210,13.28,13.33,13.13,13.29,13.28,0.01,0.0753,111254.0,147336.578
300234.SZ,20250210,4.69,4.8,4.69,4.8,4.68,0.12,2.5641,59126.22,28087.316
300235.SZ,20250210,11.76,14.2,11.75,13.34,11.83,1.51,12.7642,544446.5,710712.872
300236.SZ,20250210,38.0,38.24,37.72,37.96,37.98,-0.02,-0.0527,40732.5,154659.043
300237.SZ,20250210,2.11,2.18,2.11,2.18,2.12,0.06,2.8302,516609.0,111299.768
300238.SZ,20250210,12.56,12.94,12.51,12.89,12.56,0.33,2.6274,80659.02,103181.632
300239.SZ,20250210,5.48,5.7,5.46,5.68,5.48,0.2,3.6496,144600.91,80918.572
300240.SZ,20250210,6.54,6.65,6.54,6.64,6.54,0.1,1.5291,92218.01,60856.927
300241.SZ,20250210,5.58,5.75,5.56,5.71,5.6,0.11,1.9643,229303.52,129756.022
300242.SZ,20250210,4.89,5.11,4.89,5.1,4.93,0.17,3.4483,755852.0,377745.228
300243.SZ,20250210,9.94,9.99,9.74,9.87,9.71,0.16,1.6478,75210.23,74110.017
300244.SZ,20250210,12.58,14.88,12.44,14.88,12.4,2.48,20.0,1064660.77,1450111.759
300245.SZ,20250210,14.7,14.97,14.48,14.91,14.62,0.29,1.9836,468187.01,693549.525
300246.SZ,20250210,6.7,6.93,6.7,6.9,6.69,0.21,3.139,62473.0,42774.824
300247.SZ,20250210,3.77,3.9,3.75,3.86,3.78,0.08,2.1164,227826.08,87165.218
300248.SZ,20250210,11.84,12.36,11.59,12.09,11.77,0.32,2.7188,356408.6,428412.664
300249.SZ,20250210,12.44,13.55,12.44,13.55,12.46,1.09,8.748,809622.85,1070371.256
300250.SZ,20250210,16.78,17.55,16.75,17.16,16.7,0.46,2.7545,277087.71,475511.995
300251.SZ,20250210,14.25,16.75,14.21,16.75,13.96,2.79,19.9857,3637832.73,5553004.445
300252.SZ,20250210,10.16,10.57,10.12,10.55,10.11,0.44,4.3521,740617.95,770318.088
300253.SZ,20250210,9.35,10.5,9.11,10.01,9.26,0.75,8.0994,3040803.02,2974368.975
300254.SZ,20250210,9.19,9.42,9.05,9.31,9.14,0.17,1.86,152001.0,140352.34
300255.SZ,20250210,18.58,19.41,18.52,19.4,18.79,0.61,3.2464,234486.78,446585.607
300256.SZ,20250210,4.28,4.4,4.21,4.4,4.29,0.11,2.5641,981818.0,426165.921
300257.SZ,20250210,9.96,10.0,9.77,9.89,9.94,-0.05,-0.503,91433.38,90098.72
300258.SZ,20250210,9.68,9.78,9.53,9.69,9.71,-0.02,-0.206,149489.5,143830.279
300259.SZ,20250210,3.53,3.59,3.53,3.58,3.53,0.05,1.4164,115448.81,41041.945
300260.SZ,20250210,25.13,25.35,24.8,25.24,25.09,0.15,0.5978,96433.0,241640.156
300261.SZ,20250210,7.22,7.3,6.85,6.99,6.76,0.23,3.4024,448367.84,313436.589
300263.SZ,20250210,7.21,7.28,7.13,7.28,7.24,0.04,0.5525,175597.29,126824.971
300264.SZ,20250210,5.86,6.13,5.8,6.13,5.78,0.35,6.0554,331271.94,198199.99
300265.SZ,20250210,8.13,8.26,8.09,8.25,8.15,0.1,1.227,109170.0,89282.074
300266.SZ,20250210,2.73,2.82,2.73,2.82,2.71,0.11,4.059,429865.0,119672.11
300267.SZ,20250210,2.72,2.86,2.71,2.85,2.72,0.13,4.7794,547435.12,154134.695
300268.SZ,20250210,7.0,7.14,6.98,7.07,7.0,0.07,1.0,10954.0,7743.42
300269.SZ,20250210,4.24,4.35,4.24,4.35,4.24,0.11,2.5943,210845.98,90741.338
300270.SZ,20250210,7.65,8.47,7.64,8.33,7.73,0.6,7.762,342817.02,275502.643
300271.SZ,20250210,7.7,8.98,7.66,8.98,7.48,1.5,20.0535,643167.85,543526.014
300272.SZ,20250210,6.08,6.18,6.0,6.18,6.06,0.12,1.9802,77332.76,47244.03
300274.SZ,20250210,74.18,74.18,70.6,72.13,74.4,-2.27,-3.0511,715249.72,5120867.722
300275.SZ,20250210,14.03,14.16,13.92,14.0,13.99,0.01,0.0715,78718.77,110307.029
300276.SZ,20250210,11.09,11.8,10.93,11.55,11.2,0.35,3.125,2240966.8,2559211.23
300277.SZ,20250210,12.59,13.87,12.45,13.6,12.38,1.22,9.8546,392102.04,515923.406
300278.SZ,20250210,6.21,6.29,6.17,6.28,6.24,0.04,0.641,696491.93,435217.428
300279.SZ,20250210,6.59,6.68,6.53,6.68,6.53,0.15,2.2971,100083.86,66261.858
300280.SZ,20250210,18.59,19.76,18.56,19.65,18.58,1.07,5.7589,227669.0,435913.849
300281.SZ,20250210,5.81,5.94,5.77,5.94,5.83,0.11,1.8868,115106.0,67509.688
300283.SZ,20250210,5.68,5.77,5.63,5.77,5.65,0.12,2.1239,60144.5,34346.713
300284.SZ,20250210,10.66,11.1,10.66,10.98,10.74,0.24,2.2346,524224.75,573114.844
300285.SZ,20250210,17.54,17.74,17.32,17.53,17.58,-0.05,-0.2844,136136.0,237840.151
300286.SZ,20250210,20.38,20.38,19.87,20.26,20.17,0.09,0.4462,42589.0,85633.173
300287.SZ,20250210,5.81,6.12,5.67,5.98,5.86,0.12,2.0478,2838908.84,1684613.735
300288.SZ,20250210,16.5,17.58,16.3,17.12,15.98,1.14,7.1339,423009.6,718572.806
300289.SZ,20250210,4.95,5.09,4.95,5.09,4.93,0.16,3.2454,70868.83,35621.449
300290.SZ,20250210,21.2,22.15,20.77,22.0,20.72,1.28,6.1776,723703.23,1556545.528
300291.SZ,20250210,5.23,5.41,5.21,5.4,5.19,0.21,4.0462,418883.1,222914.733
300292.SZ,20250210,5.44,5.62,5.44,5.56,5.47,0.09,1.6453,778673.04,432646.194
300293.SZ,20250210,23.28,23.84,23.16,23.67,23.27,0.4,1.719,127684.0,299620.797
300294.SZ,20250210,29.17,29.35,29.08,29.32,29.15,0.17,0.5832,60536.52,176819.152
300295.SZ,20250210,16.92,17.12,16.88,17.09,16.99,0.1,0.5886,90147.0,153293.527
300296.SZ,20250210,6.71,6.9,6.66,6.78,6.67,0.11,1.6492,2191515.97,1484141.042
300298.SZ,20250210,23.39,23.93,23.08,23.68,23.35,0.33,1.4133,84641.43,199918.376
300299.SZ,20250210,6.38,6.68,6.35,6.68,6.41,0.27,4.2122,785923.55,514447.105
300300.SZ,20250210,2.89,2.97,2.89,2.97,2.89,0.08,2.7682,152008.55,44741.587
300301.SZ,20250210,1.87,1.88,1.84,1.86,1.86,0.0,0.0,79665.0,14844.998
300302.SZ,20250210,15.9,16.55,15.76,16.46,15.59,0.87,5.5805,380302.53,618145.171
300303.SZ,20250210,7.15,7.19,7.07,7.12,7.16,-0.04,-0.5587,535816.18,381292.153
300304.SZ,20250210,8.67,8.7,8.51,8.66,8.7,-0.04,-0.4598,246196.45,211491.426
300305.SZ,20250210,5.65,5.7,5.56,5.7,5.6,0.1,1.7857,44899.0,25271.335
300306.SZ,20250210,12.06,12.37,11.97,12.37,12.06,0.31,2.5705,48252.31,59028.916
300307.SZ,20250210,9.04,9.12,8.73,8.83,9.27,-0.44,-4.7465,1336304.88,1179491.223
300308.SZ,20250210,110.66,111.47,107.81,110.62,107.78,2.84,2.635,505151.82,5543789.606
300310.SZ,20250210,7.81,8.01,7.78,8.01,7.81,0.2,2.5608,695071.02,552599.354
300311.SZ,20250210,6.33,6.61,6.33,6.6,6.31,0.29,4.5959,396543.18,256758.802
300313.SZ,20250210,5.41,5.48,5.41,5.46,5.42,0.04,0.738,33969.0,18473.928
300314.SZ,20250210,11.15,11.58,11.11,11.53,11.11,0.42,3.7804,42911.0,48900.546
300315.SZ,20250210,5.89,6.14,5.89,6.1,5.9,0.2,3.3898,1914577.9,1154086.123
300316.SZ,20250210,32.42,32.45,31.59,32.08,32.26,-0.18,-0.558,121486.79,387849.584
300317.SZ,20250210,3.71,3.74,3.67,3.73,3.67,0.06,1.6349,162949.25,60375.672
300318.SZ,20250210,5.79,5.94,5.79,5.94,5.8,0.14,2.4138,88793.57,52231.046
300319.SZ,20250210,12.8,12.85,12.57,12.68,12.8,-0.12,-0.9375,333456.56,423011.81
300320.SZ,20250210,9.6,9.72,9.48,9.71,9.59,0.12,1.2513,96721.0,92850.284
300321.SZ,20250210,22.48,23.67,22.4,23.54,22.31,1.23,5.5132,32844.02,76311.195
300322.SZ,20250210,14.0,14.93,13.91,14.66,13.98,0.68,4.8641,411512.64,587753.903
300323.SZ,20250210,8.21,8.41,8.02,8.33,8.34,-0.01,-0.1199,937675.49,774797.966
300324.SZ,20250210,3.61,3.8,3.6,3.8,3.55,0.25,7.0423,1523679.21,566672.841
300326.SZ,20250210,7.25,7.86,7.18,7.84,7.18,0.66,9.1922,420356.08,320407.154
300327.SZ,20250210,24.75,24.98,24.53,24.86,24.74,0.12,0.485,81695.8,202581.081
300328.SZ,20250210,8.36,8.4,8.2,8.24,8.36,-0.12,-1.4354,292770.72,242515.771
300329.SZ,20250210,5.8,6.14,5.8,6.09,5.78,0.31,5.3633,93135.95,55606.78
300331.SZ,20250210,20.81,21.27,20.62,21.27,20.76,0.51,2.4566,81441.0,171134.077
300332.SZ,20250210,5.02,5.07,5.01,5.07,5.0,0.07,1.4,104986.8,52864.039
300333.SZ,20250210,15.54,15.7,15.26,15.7,15.43,0.27,1.7498,504111.01,780446.443
300334.SZ,20250210,5.88,6.0,5.86,6.0,5.85,0.15,2.5641,42486.5,25252.165
300335.SZ,20250210,4.98,5.02,4.95,5.01,4.97,0.04,0.8048,97884.5,48760.07
300337.SZ,20250210,11.99,12.2,11.91,12.16,11.98,0.18,1.5025,336148.86,405884.524
300338.SZ,20250210,3.82,4.06,3.82,3.98,3.89,0.09,2.3136,146855.0,58302.933
300339.SZ,20250210,61.54,63.4,59.61,60.94,59.72,1.22,2.0429,1336737.44,8235892.121
300340.SZ,20250210,9.99,10.19,9.88,10.15,9.95,0.2,2.0101,58891.8,59158.363
300341.SZ,20250210,18.28,19.36,18.1,19.0,17.94,1.06,5.9086,244429.64,457855.662
300342.SZ,20250210,17.61,17.82,17.45,17.73,17.57,0.16,0.9106,146092.35,258350.857
300343.SZ,20250210,5.9,5.98,5.86,5.96,5.93,0.03,0.5059,251831.08,149352.633
300344.SZ,20250210,6.5,6.85,6.46,6.61,6.45,0.16,2.4806,1010992.07,669171.411
300345.SZ,20250210,5.56,5.7,5.56,5.66,5.58,0.08,1.4337,62680.49,35303.458
300346.SZ,20250210,38.81,38.95,38.31,38.76,38.81,-0.05,-0.1288,180473.51,698109.473
300347.SZ,20250210,52.0,54.8,51.55,54.68,51.73,2.95,5.7027,214623.52,1136202.265
300348.SZ,20250210,14.3,14.79,13.84,14.72,13.72,1.0,7.2886,904841.17,1306790.111
300349.SZ,20250210,13.42,13.73,13.39,13.63,13.4,0.23,1.7164,112511.48,152904.728
300350.SZ,20250210,5.4,5.54,5.4,5.54,5.41,0.13,2.403,149649.0,82231.255
300351.SZ,20250210,17.68,17.78,17.51,17.75,17.68,0.07,0.3959,106793.99,188451.899
300352.SZ,20250210,6.45,6.95,6.39,6.78,6.37,0.41,6.4364,1883263.54,1261002.33
300353.SZ,20250210,12.8,12.95,12.64,12.91,12.86,0.05,0.3888,230114.95,294617.553
300354.SZ,20250210,41.02,41.02,39.51,40.51,41.17,-0.66,-1.6031,62098.76,249457.295
300355.SZ,20250210,5.03,5.14,5.01,5.12,5.05,0.07,1.3861,899995.26,458111.81
300357.SZ,20250210,20.3,20.69,20.23,20.63,20.25,0.38,1.8765,68402.67,140276.861
300358.SZ,20250210,6.97,7.11,6.9,7.11,6.94,0.17,2.4496,99710.4,70146.258
300359.SZ,20250210,5.34,5.83,5.34,5.8,5.35,0.45,8.4112,422247.7,238417.558
300360.SZ,20250210,17.22,17.32,16.98,17.17,17.22,-0.05,-0.2904,148240.17,253548.603
300363.SZ,20250210,17.25,17.56,17.17,17.48,17.25,0.23,1.3333,110816.9,192423.36
300364.SZ,20250210,27.29,28.09,26.93,28.07,27.19,0.88,3.2365,759128.24,2097057.68
300365.SZ,20250210,6.17,6.42,6.15,6.42,6.15,0.27,4.3902,247066.5,156258.621
300366.SZ,20250210,10.06,10.5,10.03,10.49,10.02,0.47,4.6906,368480.8,379837.277
300368.SZ,20250210,4.38,4.54,4.38,4.54,4.37,0.17,3.8902,122149.0,54916.886
300369.SZ,20250210,7.9,8.41,7.9,8.35,7.81,0.54,6.9142,420052.85,344239.157
300370.SZ,20250210,3.16,3.31,3.16,3.3,3.15,0.15,4.7619,657798.26,213254.662
300371.SZ,20250210,9.96,10.12,9.9,10.11,9.95,0.16,1.608,24128.42,24231.113
300373.SZ,20250210,44.5,44.97,44.34,44.5,44.64,-0.14,-0.3136,87426.0,390058.824
300374.SZ,20250210,17.55,17.75,17.5,17.69,17.42,0.27,1.5499,90376.4,159383.959
300375.SZ,20250210,4.97,5.01,4.92,4.98,4.99,-0.01,-0.2004,196820.79,97420.778
300376.SZ,20250210,3.66,3.68,3.63,3.66,3.65,0.01,0.274,148920.0,54407.338
300377.SZ,20250210,30.3,31.83,29.95,31.28,30.29,0.99,3.2684,1754052.52,5411189.001
300378.SZ,20250210,36.6,37.23,35.59,36.78,36.08,0.7,1.9401,348082.01,1268380.621
300379.SZ,20250210,16.13,17.21,15.88,17.15,15.65,1.5,9.5847,684095.99,1137440.457
300380.SZ,20250210,55.8,56.8,55.26,56.22,56.66,-0.44,-0.7766,139932.42,784097.86
300381.SZ,20250210,7.34,7.42,7.28,7.42,7.32,0.1,1.3661,53363.27,39349.765
300382.SZ,20250210,12.84,13.58,12.45,13.32,12.9,0.42,3.2558,579497.17,753796.335
300383.SZ,20250210,17.3,17.31,16.77,16.85,16.69,0.16,0.9587,1768588.82,3011034.688
300384.SZ,20250210,18.96,19.08,18.55,18.82,18.96,-0.14,-0.7384,123905.04,231757.866
300385.SZ,20250210,4.86,4.94,4.86,4.94,4.86,0.08,1.6461,45356.24,22217.012
300386.SZ,20250210,16.03,16.48,15.98,16.48,16.05,0.43,2.6791,249381.51,406724.982
300387.SZ,20250210,8.85,8.96,8.72,8.89,8.97,-0.08,-0.8919,168467.46,148507.593
300388.SZ,20250210,7.34,7.44,7.34,7.43,7.33,0.1,1.3643,70489.8,52064.326
300389.SZ,20250210,11.58,12.0,11.36,11.93,11.49,0.44,3.8294,79622.24,93613.829
300390.SZ,20250210,22.88,23.08,22.43,23.01,22.85,0.16,0.7002,159200.2,362335.767
300391.SZ,20250210,4.47,4.87,4.4,4.83,4.43,0.4,9.0293,324490.0,150975.407
300393.SZ,20250210,6.08,6.13,5.99,6.13,6.08,0.05,0.8224,190841.8,115841.355
300394.SZ,20250210,90.85,93.2,90.3,91.73,90.29,1.44,1.5949,277227.88,2538748.327
300395.SZ,20250210,37.2,38.47,36.63,38.28,37.13,1.15,3.0972,118705.29,447614.67
300396.SZ,20250210,15.23,15.81,15.23,15.76,15.24,0.52,3.4121,71658.12,111454.984
300397.SZ,20250210,11.8,12.12,11.71,12.04,11.8,0.24,2.0339,170988.78,204388.563
300398.SZ,20250210,16.68,16.8,16.54,16.67,16.73,-0.06,-0.3586,151815.79,252816.294
300399.SZ,20250210,24.28,24.85,24.03,24.78,24.4,0.38,1.5574,171225.59,420714.509
300400.SZ,20250210,17.39,17.69,17.26,17.46,17.45,0.01,0.0573,63185.0,110071.559
300401.SZ,20250210,14.2,14.45,14.16,14.39,14.23,0.16,1.1244,107267.16,153873.257
300402.SZ,20250210,14.66,14.84,14.59,14.79,14.65,0.14,0.9556,27245.0,40059.78
300403.SZ,20250210,13.5,13.97,13.33,13.75,13.72,0.03,0.2187,663076.27,906882.709
300404.SZ,20250210,9.25,9.35,9.05,9.32,9.17,0.15,1.6358,192909.26,177876.895
300405.SZ,20250210,4.89,4.97,4.86,4.95,4.83,0.12,2.4845,76688.1,37700.452
300406.SZ,20250210,13.64,14.58,13.59,14.49,13.61,0.88,6.4658,135449.02,191724.377
300407.SZ,20250210,10.7,10.82,10.65,10.82,10.74,0.08,0.7449,50649.65,54444.648
300408.SZ,20250210,37.81,38.48,37.44,38.34,37.85,0.49,1.2946,130373.77,496490.532
300409.SZ,20250210,14.38,14.43,14.12,14.34,14.33,0.01,0.0698,249488.08,355583.097
300410.SZ,20250210,5.35,5.49,5.3,5.49,5.34,0.15,2.809,103260.63,55902.994
300411.SZ,20250210,13.32,13.46,13.25,13.45,13.35,0.1,0.7491,132683.6,177431.659
300412.SZ,20250210,5.29,5.37,5.23,5.37,5.25,0.12,2.2857,318408.9,168877.049
300413.SZ,20250210,28.48,28.59,28.08,28.49,28.46,0.03,0.1054,110441.57,313508.618
300414.SZ,20250210,8.13,8.35,8.1,8.35,8.08,0.27,3.3416,50079.5,41313.849
300415.SZ,20250210,21.92,22.04,21.33,21.76,21.87,-0.11,-0.503,164635.5,355655.989
300416.SZ,20250210,11.88,11.99,11.74,11.82,11.79,0.03,0.2545,108143.45,127837.173
300417.SZ,20250210,12.35,12.85,12.25,12.7,12.35,0.35,2.834,58155.68,72984.938
300418.SZ,20250210,43.65,43.98,42.6,43.28,42.93,0.35,0.8153,883768.63,3827828.283
300419.SZ,20250210,4.88,5.11,4.88,5.09,4.88,0.21,4.3033,234411.8,117054.541
300420.SZ,20250210,3.01,3.06,2.99,3.06,3.0,0.06,2.0,347069.0,105174.075
300421.SZ,20250210,13.06,13.2,12.69,13.0,13.15,-0.15,-1.1407,191176.52,247374.928
300422.SZ,20250210,4.31,4.35,4.28,4.35,4.31,0.04,0.9281,168421.7,72842.983
300423.SZ,20250210,7.28,7.59,7.23,7.54,7.23,0.31,4.2877,133792.77,99890.856
300424.SZ,20250210,15.95,16.26,15.95,16.26,15.93,0.33,2.0716,90987.11,146804.495
300425.SZ,20250210,5.17,5.32,5.17,5.3,5.15,0.15,2.9126,205882.28,108127.645
300426.SZ,20250210,10.1,10.65,10.06,10.56,10.07,0.49,4.8659,127993.24,132951.623
300427.SZ,20250210,6.18,6.22,6.11,6.2,6.16,0.04,0.6494,149406.0,92159.902
300428.SZ,20250210,17.21,17.25,16.9,16.93,17.2,-0.27,-1.5698,71413.4,121164.278
300429.SZ,20250210,11.99,12.32,11.9,12.31,11.97,0.34,2.8404,244666.41,297611.886
300430.SZ,20250210,16.91,17.92,16.84,17.78,16.91,0.87,5.1449,265819.8,464942.816
300432.SZ,20250210,18.35,18.36,17.61,18.15,17.99,0.16,0.8894,529776.64,952875.333
300433.SZ,20250210,27.3,28.61,27.11,27.66,27.48,0.18,0.655,792648.22,2204086.335
300434.SZ,20250210,8.82,9.52,8.82,9.51,8.78,0.73,8.3144,299711.41,277413.853
300435.SZ,20250210,11.95,12.23,11.9,12.22,11.9,0.32,2.6891,67531.03,81891.814
300436.SZ,20250210,33.91,33.97,33.0,33.32,33.87,-0.55,-1.6239,43507.99,144981.728
300437.SZ,20250210,8.26,8.35,8.16,8.29,8.15,0.14,1.7178,55827.0,45944.286
300438.SZ,20250210,27.43,27.75,27.15,27.58,27.44,0.14,0.5102,123858.1,340702.714
300439.SZ,20250210,10.59,10.79,10.55,10.78,10.54,0.24,2.277,46836.59,50067.129
300440.SZ,20250210,8.0,8.29,7.96,8.29,8.0,0.29,3.625,177667.0,144256.767
300441.SZ,20250210,8.98,9.0,8.88,8.99,9.01,-0.02,-0.222,139379.6,124624.339
300442.SZ,20250210,61.99,62.97,59.62,61.29,62.01,-0.72,-1.1611,595606.81,3626803.599
300443.SZ,20250210,21.16,21.23,20.22,20.6,21.05,-0.45,-2.1378,121392.03,248866.884
300444.SZ,20250210,6.92,7.0,6.85,6.99,6.9,0.09,1.3043,163292.6,113061.966
300445.SZ,20250210,17.88,17.95,17.55,17.7,17.79,-0.09,-0.5059,30063.4,53126.669
300446.SZ,20250210,17.93,17.94,17.6,17.85,17.94,-0.09,-0.5017,165149.87,293250.948
300447.SZ,20250210,13.1,13.24,12.98,13.23,13.03,0.2,1.5349,40347.0,52927.726
300448.SZ,20250210,7.59,7.99,7.48,7.99,7.66,0.33,4.3081,701100.1,547085.596
300449.SZ,20250210,8.74,8.88,8.6,8.84,8.75,0.09,1.0286,84083.4,73682.769
300450.SZ,20250210,20.44,20.59,20.0,20.53,20.44,0.09,0.4403,294419.84,597724.736
300451.SZ,20250210,5.22,5.94,5.15,5.94,4.95,0.99,20.0,2544206.55,1418969.813
300452.SZ,20250210,12.18,12.27,12.12,12.23,11.99,0.24,2.0017,30649.37,37450.308
300453.SZ,20250210,7.73,7.85,7.69,7.84,7.68,0.16,2.0833,61382.2,47843.572
300454.SZ,20250210,73.31,80.7,73.29,78.18,72.64,5.54,7.6267,199918.7,1549555.393
300455.SZ,20250210,13.6,13.79,13.56,13.68,13.6,0.08,0.5882,100504.4,137490.878
300456.SZ,20250210,17.64,18.15,17.6,18.11,17.64,0.47,2.6644,199958.38,359425.628
300457.SZ,20250210,19.43,19.5,19.06,19.34,19.36,-0.02,-0.1033,154831.03,298250.333
300458.SZ,20250210,51.0,54.88,50.48,53.37,51.01,2.36,4.6265,908307.03,4746600.907
300459.SZ,20250210,6.35,6.63,6.25,6.6,6.29,0.31,4.9285,5179421.92,3352790.684
300460.SZ,20250210,12.19,12.62,12.16,12.6,12.16,0.44,3.6184,115928.0,143658.762
300461.SZ,20250210,19.45,19.74,19.1,19.55,19.31,0.24,1.2429,36666.0,70999.458
300462.SZ,20250210,10.04,10.22,9.97,10.18,9.96,0.22,2.2088,55303.0,56084.59
300463.SZ,20250210,12.83,13.04,12.74,12.93,12.77,0.16,1.2529,69309.2,89473.533
300464.SZ,20250210,5.18,5.32,5.18,5.31,5.17,0.14,2.7079,157142.0,82495.82
300465.SZ,20250210,19.1,19.4,18.8,19.24,19.18,0.06,0.3128,555606.0,1061003.017
300466.SZ,20250210,7.85,7.99,7.8,7.99,7.85,0.14,1.7834,119968.8,94672.123
300467.SZ,20250210,18.48,19.98,18.37,19.64,18.85,0.79,4.191,293667.38,567292.502
300468.SZ,20250210,16.62,17.3,16.53,17.27,16.59,0.68,4.0989,404206.91,687879.162
300469.SZ,20250210,28.23,28.23,27.25,27.99,28.23,-0.24,-0.8502,129529.56,361029.152
300470.SZ,20250210,36.36,36.51,35.55,35.83,36.37,-0.54,-1.4847,42454.19,152043.877
300471.SZ,20250210,9.03,9.13,9.03,9.12,9.06,0.06,0.6623,53229.0,48380.733
300472.SZ,20250210,7.89,8.07,7.81,8.06,8.11,-0.05,-0.6165,269358.91,215066.797
300473.SZ,20250210,23.62,23.63,22.96,23.42,23.72,-0.3,-1.2648,67425.21,156532.482
300474.SZ,20250210,93.0,94.94,91.43,93.64,91.43,2.21,2.4171,209469.82,1958860.561
300475.SZ,20250210,30.62,32.18,30.51,31.69,31.03,0.66,2.127,355196.62,1118092.102
300476.SZ,20250210,50.0,51.51,48.8,51.26,49.5,1.76,3.5556,427119.79,2132135.287
300477.SZ,20250210,2.83,2.91,2.82,2.9,2.84,0.06,2.1127,286393.2,82269.761
300478.SZ,20250210,9.66,10.26,9.44,10.13,9.58,0.55,5.7411,78595.29,78053.403
300479.SZ,20250210,21.1,22.34,20.95,21.83,21.29,0.54,2.5364,260480.23,566032.815
300480.SZ,20250210,14.86,15.72,14.76,15.37,14.57,0.8,5.4907,205432.05,315345.455
300481.SZ,20250210,15.01,15.12,14.95,15.1,15.0,0.1,0.6667,38085.0,57289.145
300482.SZ,20250210,22.92,23.05,22.64,23.0,22.78,0.22,0.9658,76589.88,175293.594
300483.SZ,20250210,8.5,8.74,8.5,8.74,8.49,0.25,2.9446,51448.46,44398.743
300484.SZ,20250210,22.05,22.28,21.63,22.25,22.02,0.23,1.0445,145193.56,318115.291
300485.SZ,20250210,7.12,7.26,7.09,7.23,7.11,0.12,1.6878,51397.0,36929.499
300486.SZ,20250210,7.02,7.22,6.99,7.19,7.02,0.17,2.4217,154343.43,109681.789
300487.SZ,20250210,49.03,49.05,47.97,48.47,49.09,-0.62,-1.263,42969.91,207462.814
300488.SZ,20250210,30.62,32.58,29.86,32.34,30.57,1.77,5.79,72306.52,224564.198
300489.SZ,20250210,54.22,55.82,53.8,55.36,54.12,1.24,2.2912,55267.0,302679.211
300490.SZ,20250210,7.8,7.98,7.8,7.96,7.76,0.2,2.5773,82766.0,65208.08
300491.SZ,20250210,16.68,16.78,16.32,16.75,16.58,0.17,1.0253,76145.0,126137.231
300492.SZ,20250210,68.45,71.89,68.26,70.9,69.25,1.65,2.3827,10345.0,72957.625
300493.SZ,20250210,27.52,29.0,27.25,28.65,28.07,0.58,2.0663,985997.9,2767817.642
300494.SZ,20250210,13.47,14.4,13.4,14.34,13.49,0.85,6.301,858867.0,1195283.382
300496.SZ,20250210,69.33,71.94,68.07,71.1,68.99,2.11,3.0584,423841.96,2986645.591
300497.SZ,20250210,8.75,9.0,8.7,8.9,8.75,0.15,1.7143,118397.8,105164.492
300498.SZ,20250210,16.21,16.23,16.07,16.15,16.2,-0.05,-0.3086,326858.17,527139.666
300499.SZ,20250210,17.62,18.12,17.62,17.95,17.6,0.35,1.9886,291570.07,521063.439
300500.SZ,20250210,10.43,10.69,10.43,10.64,10.42,0.22,2.1113,27629.0,29211.865
300501.SZ,20250210,13.71,13.8,13.58,13.73,13.72,0.01,0.0729,15804.0,21605.506
300502.SZ,20250210,115.12,116.04,111.8,114.56,113.39,1.17,1.0318,246888.46,2819064.193
300503.SZ,20250210,22.8,23.0,22.32,22.94,23.38,-0.44,-1.882,321164.44,727574.184
300504.SZ,20250210,16.11,16.49,16.11,16.46,16.08,0.38,2.3632,70188.17,114749.833
300505.SZ,20250210,15.49,15.5,15.27,15.4,15.48,-0.08,-0.5168,96191.25,147743.548
300506.SZ,20250210,3.0,3.01,2.93,2.96,2.98,-0.02,-0.6711,68530.2,20278.095
300507.SZ,20250210,7.39,7.41,7.22,7.38,7.4,-0.02,-0.2703,445818.62,326161.039
300508.SZ,20250210,29.2,29.49,28.65,29.48,28.93,0.55,1.9011,26820.0,78363.986
300509.SZ,20250210,8.35,8.38,8.1,8.36,8.31,0.05,0.6017,81810.03,67454.737
300510.SZ,20250210,4.17,4.21,4.12,4.21,4.11,0.1,2.4331,146029.71,60846.117
300511.SZ,20250210,3.54,3.66,3.5,3.65,3.5,0.15,4.2857,183535.15,65873.828
300512.SZ,20250210,7.33,7.35,7.21,7.34,7.29,0.05,0.6859,28962.5,21091.258
300513.SZ,20250210,9.09,9.25,9.01,9.25,9.01,0.24,2.6637,89544.76,82093.947
300514.SZ,20250210,15.32,15.38,15.19,15.33,15.31,0.02,0.1306,51257.0,78258.486
300515.SZ,20250210,15.21,15.39,15.1,15.39,15.36,0.03,0.1953,125386.29,191534.71
300516.SZ,20250210,33.22,33.67,33.1,33.56,33.1,0.46,1.3897,11207.0,37517.555
300517.SZ,20250210,8.9,9.11,8.86,9.11,8.9,0.21,2.3596,29034.4,26086.495
300518.SZ,20250210,12.18,12.48,12.09,12.38,12.16,0.22,1.8092,59610.28,73181.815
300519.SZ,20250210,13.41,13.82,13.4,13.8,13.39,0.41,3.062,22906.0,31286.99
300520.SZ,20250210,25.11,26.19,25.11,26.19,25.26,0.93,3.6817,291509.92,753443.266
300521.SZ,20250210,21.2,21.83,20.77,21.8,21.01,0.79,3.7601,42698.0,91334.484
300522.SZ,20250210,13.4,13.58,13.26,13.57,13.47,0.1,0.7424,88686.79,118981.81
300523.SZ,20250210,20.08,21.1,19.8,21.1,19.73,1.37,6.9437,73562.5,152126.41
300525.SZ,20250210,15.59,16.05,15.4,15.84,15.5,0.34,2.1935,278828.47,439914.581
300527.SZ,20250210,7.98,8.12,7.98,8.11,7.97,0.14,1.7566,157552.99,127195.103
300528.SZ,20250210,8.8,9.24,8.72,9.15,8.72,0.43,4.9312,248179.26,224611.151
300529.SZ,20250210,27.1,27.46,26.72,27.12,27.1,0.02,0.0738,79421.2,215047.235
300530.SZ,20250210,16.6,17.11,16.45,17.1,16.56,0.54,3.2609,28143.49,47253.214
300531.SZ,20250210,14.68,14.93,14.5,14.91,14.55,0.36,2.4742,96925.0,142957.3
300532.SZ,20250210,12.1,12.77,12.03,12.62,12.05,0.57,4.7303,276954.79,344382.702
300533.SZ,20250210,23.14,24.0,23.0,23.89,23.0,0.89,3.8696,69298.25,163391.27
300534.SZ,20250210,8.57,8.69,8.51,8.67,8.53,0.14,1.6413,68607.75,59236.848
300535.SZ,20250210,13.85,14.1,13.8,14.08,13.86,0.22,1.5873,14850.0,20757.181
300536.SZ,20250210,6.18,6.31,6.13,6.24,6.11,0.13,2.1277,53489.2,33233.118
300537.SZ,20250210,17.38,17.72,17.38,17.7,17.47,0.23,1.3165,58228.0,102399.163
300538.SZ,20250210,15.0,15.29,14.96,15.29,15.01,0.28,1.8654,38142.0,57838.499
300539.SZ,20250210,12.43,12.61,12.17,12.58,12.3,0.28,2.2764,103124.0,128037.748
300540.SZ,20250210,25.87,26.1,25.72,25.95,25.87,0.08,0.3092,26443.0,68553.595
300541.SZ,20250210,12.7,13.19,12.63,13.15,12.62,0.53,4.1997,425807.81,551719.833
300542.SZ,20250210,21.9,21.9,21.2,21.85,21.19,0.66,3.1147,122107.0,264375.665
300543.SZ,20250210,11.21,11.33,11.03,11.21,11.15,0.06,0.5381,144332.58,160869.878
300545.SZ,20250210,32.78,32.88,32.14,32.58,32.79,-0.21,-0.6404,45162.0,146593.258
300546.SZ,20250210,18.83,19.15,18.66,19.13,18.83,0.3,1.5932,99348.4,188531.951
300547.SZ,20250210,28.5,29.35,27.48,27.8,28.92,-1.12,-3.8728,231295.8,649571.173
300548.SZ,20250210,54.99,58.44,54.99,56.75,53.65,3.1,5.7782,291877.56,1657638.726
300549.SZ,20250210,17.8,18.02,17.49,17.82,17.83,-0.01,-0.0561,34669.0,61375.542
300550.SZ,20250210,14.37,14.9,14.2,14.82,14.35,0.47,3.2753,96145.45,140241.968
300551.SZ,20250210,10.0,10.38,10.0,10.37,9.97,0.4,4.012,179635.0,183630.212
300552.SZ,20250210,34.81,36.48,34.15,36.23,34.56,1.67,4.8322,153618.4,545997.274
300553.SZ,20250210,33.5,35.07,32.7,33.79,33.02,0.77,2.3319,64959.0,221026.825
300554.SZ,20250210,21.56,21.71,21.2,21.71,21.45,0.26,1.2121,24481.0,52641.452
300555.SZ,20250210,8.32,8.52,8.25,8.5,8.5,0.0,0.0,42385.0,35665.4
300556.SZ,20250210,21.83,23.19,21.4,22.36,22.25,0.11,0.4944,280770.27,620417.847
300557.SZ,20250210,31.8,31.93,31.27,31.54,31.42,0.12,0.3819,27454.4,86455.075
300558.SZ,20250210,58.08,59.2,57.53,59.0,57.75,1.25,2.1645,46308.04,271735.583
300559.SZ,20250210,12.8,13.53,12.67,13.25,12.88,0.37,2.8727,162397.1,213247.371
300560.SZ,20250210,14.2,14.56,14.1,14.53,14.01,0.52,3.7116,92533.46,133380.592
300561.SZ,20250210,53.5,53.77,52.33,53.4,53.87,-0.47,-0.8725,323553.57,1716598.152
300562.SZ,20250210,14.31,15.25,14.31,14.93,14.14,0.79,5.587,277272.69,410454.342
300563.SZ,20250210,48.0,48.63,47.48,48.49,48.04,0.45,0.9367,149078.31,715672.338
300564.SZ,20250210,12.69,12.92,12.69,12.89,12.64,0.25,1.9778,25929.52,33280.985
300565.SZ,20250210,12.72,12.87,12.68,12.87,12.69,0.18,1.4184,73670.0,94066.109
300566.SZ,20250210,20.84,21.48,20.73,21.18,20.74,0.44,2.1215,261517.31,550455.917
300567.SZ,20250210,64.2,66.5,62.83,65.87,63.58,2.29,3.6018,79087.87,512531.196
300568.SZ,20250210,10.11,10.15,10.0,10.13,10.04,0.09,0.8964,351415.77,354507.228
300569.SZ,20250210,4.58,4.64,4.55,4.62,4.57,0.05,1.0941,82330.5,37798.644
300570.SZ,20250210,102.0,103.58,98.06,100.55,103.8,-3.25,-3.131,218960.71,2198822.262
300571.SZ,20250210,30.42,34.16,30.42,32.41,30.6,1.81,5.915,266137.29,867317.647
300572.SZ,20250210,16.94,18.2,16.91,18.2,16.98,1.22,7.1849,98595.0,173550.204
300573.SZ,20250210,72.42,73.27,71.7,73.15,72.66,0.49,0.6744,51479.86,373472.976
300575.SZ,20250210,5.93,6.15,5.91,6.13,5.94,0.19,3.1987,126418.57,76215.219
300576.SZ,20250210,46.82,47.53,46.56,47.48,47.0,0.48,1.0213,102509.64,482773.045
300577.SZ,20250210,24.18,24.35,23.86,24.33,24.1,0.23,0.9544,23507.48,56834.911
300578.SZ,20250210,21.89,23.06,21.13,22.86,20.83,2.03,9.7456,254075.69,557333.53
300579.SZ,20250210,29.68,30.88,29.38,30.87,29.48,1.39,4.7151,107426.0,325889.373
300580.SZ,20250210,29.03,29.23,28.11,28.56,29.23,-0.67,-2.2922,261907.04,747838.179
300581.SZ,20250210,10.41,10.75,10.4,10.73,10.4,0.33,3.1731,126086.58,133592.457
300582.SZ,20250210,14.0,14.56,13.97,14.31,14.06,0.25,1.7781,92727.25,132055.277
300583.SZ,20250210,20.5,20.76,20.05,20.76,20.11,0.65,3.2322,36027.07,73733.8
300584.SZ,20250210,20.36,20.68,20.2,20.68,20.16,0.52,2.5794,24578.97,50408.133
300585.SZ,20250210,15.65,16.36,15.4,16.18,15.64,0.54,3.4527,98559.0,157210.549
300586.SZ,20250210,8.39,8.76,8.3,8.64,8.35,0.29,3.4731,287040.41,246457.623
300587.SZ,20250210,4.32,4.39,4.27,4.37,4.32,0.05,1.1574,171963.73,74368.3
300588.SZ,20250210,15.25,16.61,15.18,16.19,15.62,0.57,3.6492,323238.42,513152.347
300589.SZ,20250210,12.08,12.24,12.07,12.21,12.09,0.12,0.9926,35757.1,43528.25
300590.SZ,20250210,17.11,17.28,16.66,17.05,16.47,0.58,3.5216,428293.46,726147.74
300591.SZ,20250210,4.22,4.31,4.18,4.3,4.16,0.14,3.3654,121764.3,51703.847
300592.SZ,20250210,14.12,14.26,13.98,14.21,14.08,0.13,0.9233,128097.1,180936.454
300593.SZ,20250210,10.72,11.07,10.54,10.89,10.68,0.21,1.9663,154061.92,167065.788
300594.SZ,20250210,17.73,17.93,17.64,17.9,17.73,0.17,0.9588,22133.0,39519.74
300595.SZ,20250210,17.5,17.62,17.34,17.6,17.52,0.08,0.4566,94405.12,165420.882
300596.SZ,20250210,30.5,30.7,30.04,30.49,30.78,-0.29,-0.9422,76616.29,232641.541
300597.SZ,20250210,9.15,9.5,9.13,9.49,9.07,0.42,4.6307,103876.0,96935.196
300598.SZ,20250210,53.9,54.85,52.61,54.18,53.35,0.83,1.5558,201695.59,1083523.678
300599.SZ,20250210,6.86,7.14,6.73,7.11,6.79,0.32,4.7128,56547.0,39578.13
300600.SZ,20250210,7.13,7.16,7.1,7.14,7.13,0.01,0.1403,13993.4,9974.645
300601.SZ,20250210,15.4,15.93,15.35,15.91,15.39,0.52,3.3788,174361.7,273440.512
300602.SZ,20250210,20.6,21.16,20.37,20.83,20.7,0.13,0.628,322535.0,668917.986
300603.SZ,20250210,11.42,13.34,11.2,13.34,11.12,2.22,19.964,1142618.06,1452272.322
300604.SZ,20250210,47.0,47.1,45.93,46.24,46.82,-0.58,-1.2388,263900.47,1221569.826
300605.SZ,20250210,13.06,13.56,13.06,13.54,13.04,0.5,3.8344,66402.47,88542.884
300606.SZ,20250210,18.96,19.1,18.72,18.91,18.89,0.02,0.1059,33659.0,63612.628
300607.SZ,20250210,32.5,33.25,31.59,32.84,32.62,0.22,0.6744,518610.53,1685545.614
300608.SZ,20250210,13.8,14.58,13.7,14.28,13.5,0.78,5.7778,488517.26,692036.146
300609.SZ,20250210,27.0,28.39,26.76,28.39,27.0,1.39,5.1481,75116.0,206894.446
300610.SZ,20250210,10.01,10.24,9.98,10.17,10.01,0.16,1.5984,34775.59,35084.839
300611.SZ,20250210,12.47,12.48,12.06,12.29,12.5,-0.21,-1.68,81643.0,99724.758
300612.SZ,20250210,16.95,18.5,16.92,17.75,16.94,0.81,4.7816,218101.48,381760.273
300613.SZ,20250210,67.0,75.5,65.75,72.93,68.19,4.74,6.9512,291820.03,2039386.46
300614.SZ,20250210,9.53,9.71,9.5,9.69,9.49,0.2,2.1075,20785.0,19993.253
300615.SZ,20250210,12.7,13.13,12.65,13.13,12.68,0.45,3.5489,144748.0,187167.633
300616.SZ,20250210,12.26,13.18,12.24,13.1,12.27,0.83,6.7645,94879.0,120914.741
300617.SZ,20250210,30.6,30.8,30.03,30.66,30.48,0.18,0.5906,51052.95,155262.319
300618.SZ,20250210,34.35,34.53,33.73,34.25,34.35,-0.1,-0.2911,64600.08,220231.484
300619.SZ,20250210,23.3,23.66,23.08,23.65,23.29,0.36,1.5457,13486.0,31578.59
300620.SZ,20250210,49.16,50.08,48.72,49.72,48.62,1.1,2.2624,118149.17,585919.304
300621.SZ,20250210,9.25,9.4,9.22,9.37,9.2,0.17,1.8478,36129.0,33710.069
300622.SZ,20250210,51.0,52.18,50.81,51.98,52.26,-0.28,-0.5358,194226.86,1002352.582
300623.SZ,20250210,34.56,34.92,34.25,34.85,34.7,0.15,0.4323,237650.58,823446.695
300624.SZ,20250210,80.24,83.3,79.1,81.15,80.32,0.83,1.0334,321962.75,2616366.906
300625.SZ,20250210,11.55,11.78,11.55,11.76,11.6,0.16,1.3793,15202.0,17774.114
300626.SZ,20250210,9.57,9.72,9.48,9.7,9.5,0.2,2.1053,37162.15,35706.484
300627.SZ,20250210,45.44,45.95,43.84,44.58,45.16,-0.58,-1.2843,157971.04,703587.463
300628.SZ,20250210,42.96,42.99,42.0,42.25,43.1,-0.85,-1.9722,108115.6,456955.182
300629.SZ,20250210,21.03,21.16,20.8,21.12,20.99,0.13,0.6193,55062.37,115702.057
300630.SZ,20250210,2.93,3.05,2.74,2.78,2.84,-0.06,-2.1127,815971.34,235955.752
300631.SZ,20250210,21.57,21.85,21.55,21.84,21.63,0.21,0.9709,16061.69,34943.294
300632.SZ,20250210,12.15,13.51,12.1,13.44,12.09,1.35,11.1663,273246.13,344240.332
300633.SZ,20250210,29.0,31.5,28.8,31.33,28.97,2.36,8.1464,114848.12,350398.977
300634.SZ,20250210,29.6,30.19,28.95,29.88,29.2,0.68,2.3288,725891.79,2145688.28
300635.SZ,20250210,10.0,10.38,9.91,10.34,10.02,0.32,3.1936,42736.0,43486.554
300636.SZ,20250210,8.05,8.11,8.02,8.1,8.03,0.07,0.8717,55972.07,45171.034
300637.SZ,20250210,9.45,9.65,9.44,9.64,9.44,0.2,2.1186,60527.0,57717.982
300638.SZ,20250210,36.97,37.31,34.9,36.01,36.3,-0.29,-0.7989,1122187.48,4009903.052
300639.SZ,20250210,5.9,6.1,5.89,6.09,5.87,0.22,3.7479,130066.14,78315.709
300640.SZ,20250210,6.07,6.15,6.03,6.14,6.04,0.1,1.6556,169875.0,103458.092
300641.SZ,20250210,26.41,26.65,26.14,26.63,26.51,0.12,0.4527,289893.45,765222.731
300642.SZ,20250210,14.38,14.95,14.38,14.89,14.38,0.51,3.5466,61157.74,90141.073
300643.SZ,20250210,12.65,12.75,12.44,12.73,12.61,0.12,0.9516,35058.0,44110.836
300644.SZ,20250210,22.87,23.07,22.72,22.98,22.92,0.06,0.2618,31057.74,71107.064
300645.SZ,20250210,15.65,16.37,15.64,16.32,15.57,0.75,4.817,76708.0,123141.1
300647.SZ,20250210,6.4,6.55,6.38,6.55,6.4,0.15,2.3438,181970.76,117760.232
300648.SZ,20250210,23.6,23.62,22.81,23.14,23.43,-0.29,-1.2377,31987.98,73752.211
300649.SZ,20250210,11.1,11.51,11.0,11.43,11.04,0.39,3.5326,33089.0,37361.742
300650.SZ,20250210,12.17,12.32,12.13,12.31,12.17,0.14,1.1504,57555.24,70320.412
300651.SZ,20250210,13.99,14.0,13.37,13.79,14.12,-0.33,-2.3371,84186.1,114854.933
300652.SZ,20250210,33.95,35.7,33.5,35.37,34.04,1.33,3.9072,60668.23,209001.295
300653.SZ,20250210,20.79,21.12,20.46,21.12,20.6,0.52,2.5243,27426.48,57295.714
300654.SZ,20250210,12.93,13.3,12.62,13.09,13.29,-0.2,-1.5049,532209.43,688498.489
300655.SZ,20250210,9.03,9.16,8.97,9.14,9.03,0.11,1.2182,216960.27,196967.991
300656.SZ,20250210,24.21,24.87,24.08,24.6,24.04,0.56,2.3295,23762.14,57941.706
300657.SZ,20250210,27.46,27.88,25.8,26.32,26.8,-0.48,-1.791,965867.21,2592871.946
300658.SZ,20250210,5.6,5.69,5.57,5.68,5.57,0.11,1.9749,37584.4,21209.727
300659.SZ,20250210,17.91,18.66,17.81,18.52,17.95,0.57,3.1755,94359.55,172109.4
300660.SZ,20250210,48.8,49.05,47.72,48.8,49.68,-0.88,-1.7713,190096.89,919634.907
300661.SZ,20250210,92.65,92.65,90.0,91.1,92.81,-1.71,-1.8425,83671.79,762469.399
300662.SZ,20250210,22.1,23.94,21.8,23.7,21.99,1.71,7.7763,79347.42,182816.368
300663.SZ,20250210,18.77,19.08,18.48,19.05,18.5,0.55,2.973,474165.79,894779.816
300664.SZ,20250210,5.2,5.24,5.16,5.22,5.2,0.02,0.3846,122425.0,63585.671
300665.SZ,20250210,6.87,7.08,6.86,7.02,6.86,0.16,2.3324,40922.99,28730.222
300666.SZ,20250210,72.12,72.29,70.3,71.26,72.12,-0.86,-1.1925,71126.73,505871.607
300667.SZ,20250210,17.84,18.48,17.6,18.28,17.73,0.55,3.1021,74490.25,134635.892
300668.SZ,20250210,19.45,20.0,19.13,19.33,19.43,-0.1,-0.5147,24175.0,47003.601
300669.SZ,20250210,21.48,21.75,21.2,21.36,21.46,-0.1,-0.466,13977.75,29938.854
300670.SZ,20250210,6.05,6.16,6.02,6.14,6.06,0.08,1.3201,59187.5,36017.593
300671.SZ,20250210,34.72,35.92,34.58,35.78,34.71,1.07,3.0827,86214.87,305470.56
300672.SZ,20250210,71.6,75.97,71.49,74.3,71.03,3.27,4.6037,180538.7,1329326.097
300673.SZ,20250210,18.06,18.2,17.8,18.09,18.12,-0.03,-0.1656,106534.4,191512.38
300674.SZ,20250210,22.06,24.83,21.63,24.37,21.7,2.67,12.3041,898346.02,2057859.066
300675.SZ,20250210,14.95,15.15,14.9,15.13,14.89,0.24,1.6118,40764.0,61320.193
300676.SZ,20250210,50.98,54.23,49.99,54.18,49.98,4.2,8.4034,260303.74,1366741.952
300677.SZ,20250210,27.07,27.37,26.91,27.18,27.01,0.17,0.6294,116124.44,315593.761
300678.SZ,20250210,36.9,38.29,36.66,38.11,37.0,1.11,3.0,213018.81,802545.405
300679.SZ,20250210,66.33,68.0,64.4,67.0,66.15,0.85,1.285,90348.42,600705.502
300680.SZ,20250210,30.42,30.93,29.71,30.55,30.95,-0.4,-1.2924,218544.12,662171.999
300681.SZ,20250210,33.15,33.93,31.99,32.76,32.52,0.24,0.738,230171.2,757102.438
300682.SZ,20250210,11.89,12.31,11.77,12.24,11.66,0.58,4.9743,355964.19,429737.88
300683.SZ,20250210,23.6,24.16,23.39,24.01,23.55,0.46,1.9533,23978.0,57269.726
300684.SZ,20250210,26.3,26.68,25.85,26.19,26.2,-0.01,-0.0382,166555.3,436402.501
300685.SZ,20250210,22.41,22.58,21.97,22.42,22.26,0.16,0.7188,86441.55,192980.105
300686.SZ,20250210,9.2,9.36,9.14,9.34,9.19,0.15,1.6322,51075.6,47315.27
300687.SZ,20250210,21.85,22.17,21.49,21.89,21.36,0.53,2.4813,285139.68,621675.135
300688.SZ,20250210,33.61,35.98,33.5,35.43,34.2,1.23,3.5965,274814.23,961666.051
300689.SZ,20250210,28.95,28.95,27.66,28.47,28.67,-0.2,-0.6976,15853.91,44498.375
300690.SZ,20250210,22.82,23.1,22.68,22.86,22.82,0.04,0.1753,45656.3,104241.71
300691.SZ,20250210,21.53,22.13,21.36,22.09,21.49,0.6,2.792,158447.4,345451.146
300692.SZ,20250210,5.76,5.87,5.71,5.87,5.71,0.16,2.8021,76994.35,44660.36
300693.SZ,20250210,28.69,29.09,27.71,28.56,28.32,0.24,0.8475,183973.92,523670.793
300694.SZ,20250210,15.38,15.54,15.08,15.45,15.47,-0.02,-0.1293,110602.0,168959.405
300695.SZ,20250210,48.31,48.57,47.27,47.58,48.3,-0.72,-1.4907,9195.0,43912.053
300696.SZ,20250210,15.16,15.3,15.05,15.25,15.15,0.1,0.6601,34329.83,52158.388
300697.SZ,20250210,14.01,14.17,13.76,14.16,14.09,0.07,0.4968,177919.3,248354.167
300698.SZ,20250210,39.42,43.4,39.42,42.23,39.47,2.76,6.9927,83608.4,346461.597
300699.SZ,20250210,32.5,32.65,31.99,32.3,32.34,-0.04,-0.1237,102575.04,331016.531
300700.SZ,20250210,8.63,8.95,8.45,8.77,8.54,0.23,2.6932,132516.36,115824.968
300701.SZ,20250210,10.0,10.1,9.9,10.08,10.0,0.08,0.8,81437.25,81600.216
300702.SZ,20250210,17.51,17.88,17.43,17.68,17.48,0.2,1.1442,30624.37,54162.621
300703.SZ,20250210,15.45,16.05,15.4,16.02,15.45,0.57,3.6893,228643.45,361851.495
300705.SZ,20250210,16.1,16.32,15.75,16.29,16.09,0.2,1.243,313491.04,504153.035
300706.SZ,20250210,23.0,23.97,22.82,23.7,22.98,0.72,3.1332,52783.0,123357.061
300707.SZ,20250210,15.18,15.32,15.0,15.23,15.26,-0.03,-0.1966,71014.1,107610.882
300708.SZ,20250210,13.86,14.14,13.76,13.97,13.86,0.11,0.7937,401101.54,558809.017
300709.SZ,20250210,42.87,42.98,42.12,42.75,42.51,0.24,0.5646,96187.34,408365.197
300710.SZ,20250210,17.64,18.28,17.58,18.2,17.63,0.57,3.2331,32450.55,58064.245
300711.SZ,20250210,24.93,25.3,24.8,25.21,24.93,0.28,1.1231,115011.8,288274.455
300712.SZ,20250210,25.08,25.12,24.65,25.05,24.8,0.25,1.0081,23161.97,57598.248
300713.SZ,20250210,15.67,15.97,15.41,15.95,15.51,0.44,2.8369,32608.77,51265.501
300715.SZ,20250210,8.27,8.44,8.16,8.42,8.22,0.2,2.4331,71116.86,58872.783
300716.SZ,20250210,12.24,12.37,11.95,12.13,12.23,-0.1,-0.8177,48764.5,58918.018
300717.SZ,20250210,14.97,14.97,14.8,14.94,14.89,0.05,0.3358,11314.0,16850.409
300718.SZ,20250210,68.5,70.45,66.66,68.0,69.85,-1.85,-2.6485,403974.6,2743922.992
300719.SZ,20250210,17.45,17.7,17.41,17.6,17.44,0.16,0.9174,58387.0,102347.895
300720.SZ,20250210,19.2,19.25,18.8,19.12,19.09,0.03,0.1572,23392.0,44451.465
300721.SZ,20250210,12.98,12.99,12.81,12.97,12.9,0.07,0.5426,25388.7,32775.902
300722.SZ,20250210,27.32,27.7,27.0,27.61,26.97,0.64,2.373,60876.5,167291.398
300723.SZ,20250210,17.1,17.65,16.74,17.3,16.88,0.42,2.4882,86396.0,149287.901
300724.SZ,20250210,66.39,66.81,65.07,65.98,66.34,-0.36,-0.5427,117560.85,771229.69
300725.SZ,20250210,37.49,39.1,36.99,38.62,37.49,1.13,3.0141,215399.05,820917.351
300726.SZ,20250210,30.38,30.61,29.96,30.41,30.31,0.1,0.3299,35258.0,107125.296
300727.SZ,20250210,30.46,31.15,30.26,31.01,30.45,0.56,1.8391,37027.0,113707.46
300729.SZ,20250210,16.59,17.01,16.4,16.7,16.56,0.14,0.8454,95802.64,159400.019
300730.SZ,20250210,12.69,13.82,12.63,13.6,12.62,0.98,7.7655,221352.75,295479.53
300731.SZ,20250210,24.71,25.9,24.5,25.11,24.56,0.55,2.2394,146166.78,369033.499
300732.SZ,20250210,6.7,6.79,6.64,6.79,6.65,0.14,2.1053,52522.87,35275.109
300733.SZ,20250210,15.25,15.48,14.79,15.18,15.37,-0.19,-1.2362,178609.03,268697.667
300735.SZ,20250210,35.39,35.8,33.66,34.38,33.67,0.71,2.1087,659925.8,2280125.473
300736.SZ,20250210,9.99,10.34,9.99,10.32,9.98,0.34,3.4068,60005.87,61097.396
300737.SZ,20250210,4.86,4.93,4.84,4.93,4.84,0.09,1.8595,161545.3,79005.534
300738.SZ,20250210,15.17,15.99,15.0,15.63,14.81,0.82,5.5368,1630629.47,2535959.408
300739.SZ,20250210,14.36,14.46,14.17,14.46,14.31,0.15,1.0482,136339.71,195329.67
300740.SZ,20250210,11.94,12.14,11.87,12.14,11.91,0.23,1.9312,76280.27,91677.731
300741.SZ,20250210,15.5,15.67,15.4,15.66,15.42,0.24,1.5564,17440.37,27146.863
300743.SZ,20250210,16.45,16.88,16.35,16.79,16.36,0.43,2.6284,58077.0,97104.87
300745.SZ,20250210,17.7,18.14,17.4,17.9,17.67,0.23,1.3016,58704.0,104186.311
300746.SZ,20250210,11.1,11.47,11.05,11.47,11.04,0.43,3.8949,54859.0,62017.064
300747.SZ,20250210,19.35,19.56,19.17,19.52,19.33,0.19,0.9829,80538.14,156227.34
300748.SZ,20250210,21.3,21.37,20.77,21.16,21.23,-0.07,-0.3297,349376.3,733355.583
300749.SZ,20250210,6.64,6.86,6.64,6.84,6.67,0.17,2.5487,46283.0,31278.479
300750.SZ,20250210,261.28,261.47,255.18,258.45,261.28,-2.83,-1.0831,229267.1,5928297.101
300751.SZ,20250210,97.2,97.8,94.14,96.14,97.05,-0.91,-0.9377,32053.79,305496.178
300752.SZ,20250210,18.78,19.18,18.61,19.18,18.71,0.47,2.512,56868.86,107514.927
300753.SZ,20250210,19.9,22.87,19.7,22.4,19.81,2.59,13.0742,223469.51,479743.811
300755.SZ,20250210,17.53,18.9,17.53,18.69,17.53,1.16,6.6172,89833.9,163780.199
300756.SZ,20250210,16.5,16.83,16.5,16.79,16.58,0.21,1.2666,25712.16,43037.1
300757.SZ,20250210,178.17,181.35,176.85,179.77,179.0,0.77,0.4302,44378.39,793947.671
300758.SZ,20250210,13.7,13.82,13.44,13.73,13.74,-0.01,-0.0728,193078.22,262392.643
300759.SZ,20250210,26.26,26.89,26.08,26.77,26.26,0.51,1.9421,231938.03,614474.159
300760.SZ,20250210,251.31,256.75,249.03,254.05,251.19,2.86,1.1386,73445.87,1863146.766
300761.SZ,20250210,18.74,18.85,18.54,18.72,18.77,-0.05,-0.2664,68523.2,128016.431
300762.SZ,20250210,23.25,23.95,23.09,23.82,23.2,0.62,2.6724,354666.2,838640.047
300763.SZ,20250210,55.23,55.27,53.35,54.04,55.07,-1.03,-1.8703,131196.65,706328.501
300765.SZ,20250210,28.06,30.18,27.54,29.14,28.0,1.14,4.0714,92182.61,266915.884
300766.SZ,20250210,41.01,47.93,41.0,47.93,39.94,7.99,20.005,1251341.0,5503022.307
300767.SZ,20250210,9.66,10.34,9.55,10.3,9.6,0.7,7.2917,120717.01,120760.193
300768.SZ,20250210,20.33,21.45,20.05,21.4,19.9,1.5,7.5377,257428.76,539478.023
300769.SZ,20250210,34.47,35.1,33.87,35.1,34.49,0.61,1.7686,105667.82,364823.445
300770.SZ,20250210,40.91,41.51,40.66,41.39,40.87,0.52,1.2723,28406.51,117028.58
300771.SZ,20250210,11.13,11.27,10.95,11.26,10.97,0.29,2.6436,59470.8,66368.557
300772.SZ,20250210,12.95,12.95,12.62,12.75,12.77,-0.02,-0.1566,122131.62,155524.54
300773.SZ,20250210,18.44,18.71,18.31,18.7,18.44,0.26,1.41,216810.26,401660.181
300774.SZ,20250210,8.93,8.97,8.88,8.96,8.91,0.05,0.5612,25130.0,22451.087
300775.SZ,20250210,23.15,23.28,22.88,23.19,23.11,0.08,0.3462,81460.55,188263.019
300776.SZ,20250210,65.98,66.65,63.61,64.6,66.22,-1.62,-2.4464,53642.36,344838.692
300777.SZ,20250210,29.17,29.26,28.7,28.78,29.19,-0.41,-1.4046,87611.0,253018.117
300778.SZ,20250210,10.59,10.82,10.58,10.82,10.52,0.3,2.8517,46572.17,49829.451
300779.SZ,20250210,93.99,94.5,92.68,93.06,93.67,-0.61,-0.6512,19113.8,178698.8
300780.SZ,20250210,15.08,15.54,15.01,15.49,15.09,0.4,2.6508,45748.0,70007.25
300781.SZ,20250210,66.05,68.5,65.6,67.93,66.05,1.88,2.8463,101440.88,680296.243
300782.SZ,20250210,84.38,84.98,83.18,84.9,84.36,0.54,0.6401,89996.26,757827.952
300783.SZ,20250210,29.61,30.94,29.33,30.8,29.6,1.2,4.0541,141078.99,425799.036
300784.SZ,20250210,57.2,57.9,56.61,57.9,57.26,0.64,1.1177,9026.0,51756.453
300785.SZ,20250210,37.6,40.38,37.6,40.38,37.48,2.9,7.7375,272489.67,1063158.724
300786.SZ,20250210,14.18,14.19,13.9,14.12,14.01,0.11,0.7852,78434.0,110217.335
300787.SZ,20250210,13.44,13.44,13.11,13.37,13.13,0.24,1.8279,38819.59,51473.469
300788.SZ,20250210,36.38,36.81,35.23,36.2,36.22,-0.02,-0.0552,142140.99,511756.523
300789.SZ,20250210,16.3,18.04,16.11,17.26,16.17,1.09,6.7409,70881.11,120007.746
300790.SZ,20250210,28.29,31.31,27.3,31.09,28.91,2.18,7.5406,1200725.56,3517510.837
300791.SZ,20250210,24.99,25.46,24.85,25.37,24.99,0.38,1.5206,22599.75,56910.846
300792.SZ,20250210,28.11,28.8,28.08,28.77,28.34,0.43,1.5173,216754.49,618987.754
300793.SZ,20250210,19.14,19.73,19.09,19.64,19.16,0.48,2.5052,366578.25,712439.674
300795.SZ,20250210,20.17,21.11,19.91,21.1,20.13,0.97,4.8187,136517.15,280217.783
300796.SZ,20250210,10.28,10.58,10.26,10.53,10.27,0.26,2.5316,66975.16,69559.43
300797.SZ,20250210,12.13,12.23,12.08,12.23,12.08,0.15,1.2417,29724.5,36138.316
300798.SZ,20250210,7.39,7.66,7.18,7.31,6.98,0.33,4.7278,298321.95,218976.307
300800.SZ,20250210,10.6,10.8,10.55,10.79,10.59,0.2,1.8886,17102.0,18280.093
300801.SZ,20250210,15.96,16.24,15.92,16.2,15.98,0.22,1.3767,23141.0,37250.525
300802.SZ,20250210,18.39,18.97,18.24,18.69,18.43,0.26,1.4107,59492.12,110505.175
300803.SZ,20250210,97.74,100.5,97.25,99.03,97.74,1.29,1.3198,208912.06,2070121.004
300804.SZ,20250210,23.81,24.26,23.81,24.26,23.8,0.46,1.9328,6830.0,16448.337
300805.SZ,20250210,11.46,12.3,11.35,12.14,11.27,0.87,7.7196,312140.65,367222.839
300806.SZ,20250210,16.97,18.28,16.97,18.17,16.97,1.2,7.0713,240939.0,430418.155
300807.SZ,20250210,36.44,37.58,35.6,37.35,36.02,1.33,3.6924,63248.0,231489.895
300808.SZ,20250210,26.68,27.08,26.05,26.96,26.89,0.07,0.2603,21811.0,57839.672
300809.SZ,20250210,34.51,34.54,33.49,34.01,34.26,-0.25,-0.7297,61580.26,208528.05
300810.SZ,20250210,19.69,20.52,19.69,20.36,19.7,0.66,3.3503,22854.9,45906.891
300811.SZ,20250210,52.42,52.87,50.77,52.35,52.15,0.2,0.3835,75982.95,393008.82
300812.SZ,20250210,21.0,21.61,20.72,21.44,20.78,0.66,3.1761,52039.2,110224.277
300813.SZ,20250210,18.73,19.26,18.58,19.26,18.7,0.56,2.9947,19993.78,37818.804
300814.SZ,20250210,35.5,36.29,35.41,36.03,35.58,0.45,1.2648,86311.15,309214.321
300815.SZ,20250210,15.46,15.61,15.41,15.54,15.46,0.08,0.5175,34048.38,52841.915
300816.SZ,20250210,25.0,25.29,24.66,25.29,24.68,0.61,2.4716,20819.0,52017.919
300817.SZ,20250210,16.61,16.84,16.1,16.48,16.61,-0.13,-0.7827,126729.1,206950.822
300818.SZ,20250210,27.05,27.05,26.38,26.74,26.95,-0.21,-0.7792,9635.42,25617.928
300819.SZ,20250210,13.23,13.27,13.0,13.25,13.11,0.14,1.0679,13422.0,17645.34
300820.SZ,20250210,54.98,55.16,53.67,54.56,54.98,-0.42,-0.7639,22967.31,124992.389
300821.SZ,20250210,7.79,7.9,7.73,7.82,7.79,0.03,0.3851,83834.06,65571.318
300822.SZ,20250210,26.46,26.89,25.7,26.59,26.69,-0.1,-0.3747,180923.78,477064.116
300823.SZ,20250210,13.9,14.0,13.71,13.98,13.9,0.08,0.5755,24643.8,34121.643
300824.SZ,20250210,9.23,9.47,9.11,9.36,9.21,0.15,1.6287,69979.5,65142.633
300825.SZ,20250210,12.65,12.68,12.35,12.49,12.6,-0.11,-0.873,238431.0,296955.407
300826.SZ,20250210,17.22,17.63,17.03,17.57,17.09,0.48,2.8087,53831.97,93257.243
300827.SZ,20250210,38.71,38.71,35.75,36.43,39.0,-2.57,-6.5897,295118.61,1067966.446
300828.SZ,20250210,15.19,15.34,15.08,15.34,15.17,0.17,1.1206,39008.5,59234.248
300829.SZ,20250210,16.24,16.24,15.91,16.17,16.05,0.12,0.7477,29376.31,47219.186
300830.SZ,20250210,9.75,9.93,9.61,9.93,9.71,0.22,2.2657,347224.0,337988.626
300831.SZ,20250210,15.77,15.86,15.55,15.85,15.81,0.04,0.253,130538.77,205067.359
300832.SZ,20250210,62.52,62.94,61.35,62.45,62.69,-0.24,-0.3828,32357.33,201379.734
300833.SZ,20250210,42.6,42.72,41.85,42.3,42.8,-0.5,-1.1682,14533.5,61258.053
300834.SZ,20250210,19.74,19.83,19.6,19.83,19.67,0.16,0.8134,5006.77,9877.055
300835.SZ,20250210,39.7,40.62,39.2,40.61,39.91,0.7,1.7539,48964.3,195514.792
300836.SZ,20250210,47.8,47.8,46.77,47.51,48.0,-0.49,-1.0208,7603.1,35889.521
300837.SZ,20250210,20.39,20.55,20.17,20.51,20.38,0.13,0.6379,9972.0,20353.501
300838.SZ,20250210,14.35,14.96,14.26,14.95,14.43,0.52,3.6036,51744.01,75688.396
300840.SZ,20250210,27.0,27.0,26.0,26.29,27.94,-1.65,-5.9055,452599.01,1199360.435
300841.SZ,20250210,52.88,53.47,52.6,53.2,52.77,0.43,0.8149,22025.6,116946.036
300842.SZ,20250210,44.5,45.02,43.34,45.01,44.63,0.38,0.8514,55381.86,243440.463
300843.SZ,20250210,33.88,34.5,33.6,34.18,34.24,-0.06,-0.1752,140351.2,477381.27
300844.SZ,20250210,32.31,33.07,32.15,33.07,32.47,0.6,1.8479,9767.2,31909.658
300845.SZ,20250210,13.22,13.7,13.22,13.68,13.2,0.48,3.6364,57584.43,77502.313
300846.SZ,20250210,20.11,22.22,19.4,22.22,18.52,3.7,19.9784,1888093.96,3914243.667
300847.SZ,20250210,17.2,17.44,17.17,17.4,17.13,0.27,1.5762,49103.0,85112.615
300848.SZ,20250210,16.7,17.06,16.52,17.01,16.75,0.26,1.5522,28140.8,47218.621
300849.SZ,20250210,13.99,14.09,13.91,13.98,13.92,0.06,0.431,34623.0,48445.175
300850.SZ,20250210,20.56,20.6,20.17,20.54,20.47,0.07,0.342,55848.93,113660.492
300851.SZ,20250210,27.4,27.55,27.25,27.5,27.35,0.15,0.5484,6984.0,19159.024
300852.SZ,20250210,34.7,36.0,34.36,35.51,35.76,-0.25,-0.6991,95519.1,336080.077
300853.SZ,20250210,21.06,22.1,20.55,22.07,20.97,1.1,5.2456,149856.96,319953.883
300854.SZ,20250210,13.31,13.45,13.16,13.4,13.3,0.1,0.7519,15529.0,20702.878
300855.SZ,20250210,22.16,22.45,21.98,22.35,22.16,0.19,0.8574,60739.73,135055.7
300856.SZ,20250210,25.7,25.84,25.45,25.68,25.69,-0.01,-0.0389,32040.47,82224.068
300857.SZ,20250210,94.5,96.3,92.99,94.58,93.94,0.64,0.6813,135663.03,1281681.311
300858.SZ,20250210,13.6,13.95,13.55,13.95,13.75,0.2,1.4545,38856.96,53498.382
300859.SZ,20250210,33.65,35.63,33.63,35.42,33.81,1.61,4.7619,78509.92,275036.304
300860.SZ,20250210,28.53,29.48,28.33,29.25,28.82,0.43,1.492,77533.12,223548.854
300861.SZ,20250210,19.57,19.64,19.25,19.56,19.51,0.05,0.2563,40863.56,79542.692
300862.SZ,20250210,25.26,25.93,25.16,25.9,25.24,0.66,2.6149,43484.8,111395.778
300863.SZ,20250210,45.5,46.38,45.12,46.02,45.5,0.52,1.1429,51613.52,236018.055
300864.SZ,20250210,20.62,20.84,20.59,20.75,20.67,0.08,0.387,10502.15,21733.058
300865.SZ,20250210,23.86,24.58,23.63,24.43,23.88,0.55,2.3032,27105.0,65585.382
300866.SZ,20250210,110.01,110.01,105.88,107.36,110.07,-2.71,-2.4621,52239.3,559562.857
300867.SZ,20250210,12.96,13.14,12.96,13.11,12.96,0.15,1.1574,17279.0,22540.953
300868.SZ,20250210,28.33,28.65,28.01,28.22,28.39,-0.17,-0.5988,19298.88,54456.419
300869.SZ,20250210,13.8,14.36,13.79,14.15,13.77,0.38,2.7596,52874.0,74299.34
300870.SZ,20250210,124.2,126.3,118.62,126.2,120.55,5.65,4.6869,48481.54,594641.676
300871.SZ,20250210,11.16,12.8,11.16,11.74,11.04,0.7,6.3406,69071.5,81404.006
300872.SZ,20250210,16.3,16.64,16.18,16.57,16.15,0.42,2.6006,186208.17,306083.385
300873.SZ,20250210,17.51,17.72,17.3,17.67,17.49,0.18,1.0292,33717.6,58945.193
300875.SZ,20250210,26.87,28.1,26.87,28.07,26.81,1.26,4.6997,39373.4,108532.576
300876.SZ,20250210,27.26,28.04,27.26,27.96,27.24,0.72,2.6432,13043.0,36390.586
300877.SZ,20250210,14.14,14.44,14.1,14.44,14.22,0.22,1.5471,10055.25,14370.664
300878.SZ,20250210,14.8,15.14,14.7,15.14,14.78,0.36,2.4357,18407.31,27602.089
300879.SZ,20250210,16.63,16.76,16.36,16.71,16.69,0.02,0.1198,82358.08,136547.747
300880.SZ,20250210,22.49,22.6,22.2,22.52,22.37,0.15,0.6705,45813.92,102588.359
300881.SZ,20250210,31.05,31.38,30.7,31.14,31.15,-0.01,-0.0321,19803.0,61338.851
300882.SZ,20250210,15.62,15.7,15.42,15.7,15.52,0.18,1.1598,30956.12,48207.803
300883.SZ,20250210,5.49,5.6,5.47,5.59,5.49,0.1,1.8215,68424.0,37924.215
300884.SZ,20250210,11.81,12.08,11.7,12.01,11.74,0.27,2.2998,130765.7,156003.77
300885.SZ,20250210,12.16,12.16,11.8,12.11,12.07,0.04,0.3314,61935.62,74466.102
300886.SZ,20250210,20.06,21.4,19.82,20.75,19.99,0.76,3.8019,18534.34,38117.119
300887.SZ,20250210,7.91,8.06,7.91,8.06,7.93,0.13,1.6393,112658.17,90198.048
300888.SZ,20250210,38.15,38.37,36.68,36.9,38.0,-1.1,-2.8947,82133.11,306589.322
300889.SZ,20250210,14.67,14.67,14.36,14.53,14.55,-0.02,-0.1375,31302.96,45293.429
300890.SZ,20250210,29.11,29.39,28.81,29.37,29.05,0.32,1.1015,36428.12,106157.97
300891.SZ,20250210,8.45,8.5,8.36,8.48,8.4,0.08,0.9524,34162.32,28776.55
300892.SZ,20250210,30.34,32.47,30.25,32.47,30.34,2.13,7.0204,51235.02,161438.547
300893.SZ,20250210,31.02,31.3,30.67,31.13,30.93,0.2,0.6466,11932.66,36920.746
300894.SZ,20250210,14.21,14.24,14.01,14.2,14.1,0.1,0.7092,108366.0,153183.215
300895.SZ,20250210,35.5,38.79,34.84,37.69,34.62,3.07,8.8677,164544.77,603783.246
300896.SZ,20250210,176.0,178.3,174.11,177.94,176.26,1.68,0.9531,29152.82,514358.707
300897.SZ,20250210,23.58,24.15,23.33,24.11,23.58,0.53,2.2477,12028.47,28534.54
300898.SZ,20250210,23.91,24.9,23.76,24.88,23.76,1.12,4.7138,75922.16,184930.506
300899.SZ,20250210,21.98,22.32,21.83,22.32,21.98,0.34,1.5469,11000.0,24332.372
300900.SZ,20250210,20.2,20.6,20.09,20.6,20.2,0.4,1.9802,60612.2,123680.902
300901.SZ,20250210,10.64,10.86,10.6,10.84,10.64,0.2,1.8797,36975.46,39687.472
300902.SZ,20250210,18.08,18.3,17.78,18.3,18.04,0.26,1.4412,59289.0,107100.841
300903.SZ,20250210,8.24,8.37,8.2,8.37,8.21,0.16,1.9488,124209.35,102942.568
300904.SZ,20250210,51.45,51.99,50.49,51.99,51.46,0.53,1.0299,10890.0,55929.043
300905.SZ,20250210,26.49,26.8,26.1,26.8,26.3,0.5,1.9011,40361.0,106749.761
300906.SZ,20250210,25.84,26.01,25.68,25.89,25.84,0.05,0.1935,11451.0,29592.453
300907.SZ,20250210,22.31,22.52,22.05,22.52,22.3,0.22,0.9865,13728.52,30623.806
300908.SZ,20250210,30.75,30.95,30.32,30.94,30.76,0.18,0.5852,16276.07,49817.61
300909.SZ,20250210,24.56,24.84,24.52,24.73,24.58,0.15,0.6103,25112.21,61912.301
300910.SZ,20250210,48.1,49.11,46.92,48.29,47.85,0.44,0.9195,21078.78,101264.395
300911.SZ,20250210,33.24,33.98,32.0,33.38,32.1,1.28,3.9875,74414.09,245205.878
300912.SZ,20250210,12.67,13.19,12.58,12.99,12.59,0.4,3.1771,30469.12,39475.023
300913.SZ,20250210,56.22,57.51,55.63,56.92,56.33,0.59,1.0474,112347.74,637112.387
300915.SZ,20250210,31.19,31.49,30.8,31.49,31.03,0.46,1.4824,8392.0,26150.362
300916.SZ,20250210,31.58,32.5,30.92,32.47,31.72,0.75,2.3644,74211.63,236391.427
300917.SZ,20250210,47.53,49.25,47.37,48.96,47.89,1.07,2.2343,70580.0,342770.806
300918.SZ,20250210,11.87,12.0,11.19,11.44,12.11,-0.67,-5.5326,214753.84,245186.889
300919.SZ,20250210,35.43,35.59,35.01,35.47,35.6,-0.13,-0.3652,67887.4,239521.3
300920.SZ,20250210,19.19,19.95,18.91,19.7,18.96,0.74,3.903,22390.0,43582.755
300921.SZ,20250210,30.68,31.63,30.13,31.12,29.72,1.4,4.7106,191129.9,592664.505
300922.SZ,20250210,14.46,14.74,14.39,14.74,14.4,0.34,2.3611,33771.3,49315.414
300923.SZ,20250210,20.58,20.84,20.31,20.82,20.48,0.34,1.6602,9536.0,19632.45
300925.SZ,20250210,27.7,31.99,27.17,31.29,26.72,4.57,17.1033,908628.39,2639028.527
300926.SZ,20250210,25.71,25.71,24.9,25.17,25.67,-0.5,-1.9478,76891.85,193154.481
300927.SZ,20250210,18.25,18.36,17.96,18.19,18.37,-0.18,-0.9799,36085.17,65389.372
300928.SZ,20250210,33.81,35.45,33.61,34.95,33.67,1.28,3.8016,25208.0,87075.17
300929.SZ,20250210,9.01,9.2,8.92,9.18,8.94,0.24,2.6846,20568.6,18718.617
300930.SZ,20250210,26.92,27.19,26.48,26.82,26.94,-0.12,-0.4454,18011.22,48004.549
300931.SZ,20250210,6.93,6.96,6.86,6.95,6.89,0.06,0.8708,31669.35,21877.383
300932.SZ,20250210,13.57,13.92,13.45,13.85,13.6,0.25,1.8382,27137.08,37348.78
300933.SZ,20250210,7.54,7.67,7.46,7.63,7.39,0.24,3.2476,430877.9,326727.138
300935.SZ,20250210,24.11,25.16,24.0,25.1,23.98,1.12,4.6706,29814.4,73591.889
300936.SZ,20250210,39.49,39.84,39.18,39.81,39.6,0.21,0.5303,19133.46,75659.756
300937.SZ,20250210,26.84,32.22,26.17,32.22,26.85,5.37,20.0,167311.42,503065.757
300938.SZ,20250210,32.0,34.19,31.16,32.74,32.02,0.72,2.2486,88573.37,290264.151
300939.SZ,20250210,32.5,32.93,32.27,32.93,32.61,0.32,0.9813,27047.67,88219.699
300940.SZ,20250210,14.98,15.37,14.9,15.3,14.89,0.41,2.7535,51955.91,78596.454
300941.SZ,20250210,25.7,26.06,25.4,26.06,25.48,0.58,2.2763,172134.39,443265.55
300942.SZ,20250210,8.68,8.84,8.6,8.83,8.62,0.21,2.4362,54688.0,47919.688
300943.SZ,20250210,13.52,13.85,13.47,13.71,13.48,0.23,1.7062,74021.5,100859.62
300945.SZ,20250210,11.16,11.46,11.15,11.45,11.21,0.24,2.1409,116776.31,131840.701
300946.SZ,20250210,27.52,27.93,27.27,27.66,27.8,-0.14,-0.5036,10890.2,30037.38
300947.SZ,20250210,18.51,18.86,18.43,18.75,18.44,0.31,1.6811,74934.11,139949.186
300948.SZ,20250210,9.71,9.95,9.7,9.91,9.71,0.2,2.0597,17314.5,17052.857
300949.SZ,20250210,39.7,40.96,39.7,40.8,39.59,1.21,3.0563,39194.09,158592.872
300950.SZ,20250210,17.2,17.33,16.94,17.12,17.21,-0.09,-0.523,24170.5,41318.903
300951.SZ,20250210,30.25,30.56,29.78,30.54,30.1,0.44,1.4618,22809.5,68979.301
300952.SZ,20250210,24.7,24.99,24.23,24.71,24.94,-0.23,-0.9222,63922.14,156750.437
300953.SZ,20250210,133.0,134.56,126.0,134.15,137.62,-3.47,-2.5214,102269.23,1330184.914
300955.SZ,20250210,15.6,16.28,15.6,16.28,15.6,0.68,4.359,25758.0,41419.24
300956.SZ,20250210,23.17,24.13,23.0,23.57,23.22,0.35,1.5073,200031.71,473685.064
300957.SZ,20250210,41.28,41.59,41.03,41.58,41.21,0.37,0.8978,46798.0,193715.424
300958.SZ,20250210,11.66,11.78,11.62,11.76,11.61,0.15,1.292,22336.0,26149.821
300959.SZ,20250210,43.49,46.83,43.08,46.08,43.05,3.03,7.0383,106847.03,485489.504
300960.SZ,20250210,23.15,23.44,22.8,23.43,23.17,0.26,1.1221,18117.34,42013.65
300961.SZ,20250210,9.92,10.28,9.87,10.26,9.8,0.46,4.6939,82924.0,83827.27
300962.SZ,20250210,15.52,15.52,15.33,15.49,15.38,0.11,0.7152,18585.0,28663.472
300963.SZ,20250210,9.18,9.26,9.12,9.23,9.2,0.03,0.3261,38592.19,35439.598
300964.SZ,20250210,37.89,38.55,37.59,38.53,37.89,0.64,1.6891,18016.15,68726.737
300965.SZ,20250210,34.35,35.23,34.26,35.23,34.32,0.91,2.6515,2811.0,9784.684
300966.SZ,20250210,16.56,16.96,16.39,16.95,16.35,0.6,3.6697,23386.0,39238.724
300967.SZ,20250210,12.16,12.29,12.0,12.19,12.17,0.02,0.1643,48941.96,59295.486
300968.SZ,20250210,18.95,19.87,18.71,19.79,18.85,0.94,4.9867,293343.16,568882.135
300969.SZ,20250210,103.8,104.91,100.9,103.49,103.38,0.11,0.1064,13927.94,143229.349
300970.SZ,20250210,12.2,12.38,12.16,12.38,12.22,0.16,1.3093,23963.0,29405.208
300971.SZ,20250210,21.2,21.25,20.94,21.23,21.09,0.14,0.6638,22096.45,46613.292
300972.SZ,20250210,98.86,100.43,96.21,99.13,98.5,0.63,0.6396,13656.1,134454.84
300973.SZ,20250210,38.58,39.43,37.88,39.12,38.6,0.52,1.3472,30176.79,116540.071
300975.SZ,20250210,11.86,11.99,11.83,11.99,11.9,0.09,0.7563,221776.15,264481.741
300976.SZ,20250210,72.4,74.8,70.88,74.72,72.52,2.2,3.0336,36007.07,261394.139
300977.SZ,20250210,17.58,18.44,17.58,18.35,17.59,0.76,4.3206,29068.35,52438.016
300978.SZ,20250210,11.19,11.44,11.1,11.44,11.24,0.2,1.7794,62133.89,69887.869
300979.SZ,20250210,69.99,69.99,68.0,68.84,69.99,-1.15,-1.6431,48972.35,337378.89
300980.SZ,20250210,24.9,25.81,24.5,25.35,25.62,-0.27,-1.0539,110491.61,277354.509
300981.SZ,20250210,12.44,12.99,12.43,12.97,12.46,0.51,4.0931,56310.82,71893.194
300982.SZ,20250210,17.26,17.62,17.24,17.58,17.21,0.37,2.1499,32288.4,56356.186
300983.SZ,20250210,16.79,16.97,16.73,16.95,16.73,0.22,1.315,4787.63,8081.27
300984.SZ,20250210,62.98,71.41,61.6,70.35,62.32,8.03,12.8851,46628.09,307963.523
300985.SZ,20250210,16.91,17.09,16.8,17.08,16.89,0.19,1.1249,21197.2,35911.839
300986.SZ,20250210,13.62,14.87,13.6,14.6,13.61,0.99,7.2741,140889.76,203907.439
300987.SZ,20250210,15.53,16.21,15.44,16.18,15.44,0.74,4.7927,123007.0,195256.113
300988.SZ,20250210,19.43,19.58,19.11,19.5,19.84,-0.34,-1.7137,79041.8,152709.231
300989.SZ,20250210,14.38,14.85,14.2,14.7,14.38,0.32,2.2253,33169.13,48290.277
300990.SZ,20250210,42.01,42.38,40.98,42.0,41.95,0.05,0.1192,35764.05,149993.657
300991.SZ,20250210,21.78,22.05,21.16,21.71,21.47,0.24,1.1178,97268.4,210235.238
300992.SZ,20250210,23.99,23.99,22.54,23.21,23.66,-0.45,-1.9019,32861.01,75658.662
300993.SZ,20250210,10.88,11.0,10.8,10.86,10.78,0.08,0.7421,54845.0,59796.247
300994.SZ,20250210,11.62,11.74,11.52,11.74,11.59,0.15,1.2942,24074.0,27992.76
300995.SZ,20250210,17.26,17.44,17.0,17.37,17.14,0.23,1.3419,10275.0,17731.236
300996.SZ,20250210,26.01,26.45,25.44,26.25,26.4,-0.15,-0.5682,278865.82,724649.723
300997.SZ,20250210,14.65,14.94,14.32,14.93,14.4,0.53,3.6806,56419.73,82779.418
300998.SZ,20250210,15.15,15.44,14.97,15.44,15.16,0.28,1.847,19320.0,29399.001
300999.SZ,20250210,31.4,31.44,31.01,31.38,31.31,0.07,0.2236,56633.29,176973.118
301000.SZ,20250210,38.6,39.36,37.6,39.01,40.04,-1.03,-2.5724,207349.23,799433.745
301001.SZ,20250210,37.0,37.64,36.16,36.95,37.17,-0.22,-0.5919,66296.0,244302.268
301002.SZ,20250210,17.05,17.43,16.97,17.34,17.0,0.34,2.0,12319.86,21162.736
301003.SZ,20250210,22.89,22.89,22.6,22.82,22.82,0.0,0.0,8495.7,19314.14
301004.SZ,20250210,114.39,115.55,110.99,113.12,114.28,-1.16,-1.0151,7651.12,86118.746
301005.SZ,20250210,29.52,29.6,28.95,29.6,29.62,-0.02,-0.0675,33664.45,98542.794
301006.SZ,20250210,14.15,14.32,14.08,14.32,14.16,0.16,1.1299,10044.0,14267.799
301007.SZ,20250210,19.94,20.9,19.63,20.74,20.05,0.69,3.4414,197583.29,400302.149
301008.SZ,20250210,20.34,20.34,19.86,20.22,20.03,0.19,0.9486,11110.39,22323.681
301009.SZ,20250210,11.01,11.22,10.9,11.21,10.99,0.22,2.0018,81892.0,90677.531
301010.SZ,20250210,19.2,19.38,18.95,19.15,19.27,-0.12,-0.6227,47917.0,91535.628
301011.SZ,20250210,30.45,31.79,30.0,31.48,31.08,0.4,1.287,128934.43,398797.341
301012.SZ,20250210,24.96,25.5,24.64,25.48,24.98,0.5,2.0016,64064.58,160974.652
301013.SZ,20250210,12.29,12.66,12.25,12.53,12.32,0.21,1.7045,95853.0,119311.16
301015.SZ,20250210,23.96,24.18,23.31,23.91,23.83,0.08,0.3357,41804.0,99419.887
301016.SZ,20250210,21.97,22.47,21.9,22.33,22.01,0.32,1.4539,28732.48,63663.327
301017.SZ,20250210,11.89,12.73,11.77,12.58,11.81,0.77,6.5199,115188.1,141902.519
301018.SZ,20250210,38.8,40.39,38.01,40.05,38.08,1.97,5.1733,135853.75,532607.673
301019.SZ,20250210,17.35,17.35,17.09,17.26,17.36,-0.1,-0.576,19805.9,34058.423
301020.SZ,20250210,19.39,19.4,19.12,19.4,19.3,0.1,0.5181,12321.26,23740.774
301021.SZ,20250210,28.35,29.25,28.0,28.8,28.51,0.29,1.0172,65004.39,186318.097
301022.SZ,20250210,21.95,22.65,21.8,22.26,22.15,0.11,0.4966,19185.53,42370.181
301023.SZ,20250210,54.3,54.3,52.32,53.41,54.3,-0.89,-1.639,16345.0,86501.439
301024.SZ,20250210,23.0,23.8,22.57,23.72,22.72,1.0,4.4014,11746.0,27300.004
301025.SZ,20250210,10.15,10.45,10.1,10.43,10.12,0.31,3.0632,68861.0,70745.758
301026.SZ,20250210,27.95,28.08,27.75,28.02,27.93,0.09,0.3222,9382.03,26219.762
301027.SZ,20250210,15.7,16.21,15.37,16.03,15.81,0.22,1.3915,44489.0,70450.773
301028.SZ,20250210,11.32,11.33,10.99,11.15,11.22,-0.07,-0.6239,51024.53,56650.668
301029.SZ,20250210,27.13,27.21,26.4,27.06,27.23,-0.17,-0.6243,73983.84,198663.523
301030.SZ,20250210,23.05,23.05,21.85,22.8,22.5,0.3,1.3333,275342.93,616017.824
301031.SZ,20250210,122.5,122.67,115.53,118.41,122.95,-4.54,-3.6926,9670.0,113749.255
301032.SZ,20250210,9.67,9.95,9.66,9.9,9.69,0.21,2.1672,39784.24,39128.43
301033.SZ,20250210,46.79,47.63,46.51,47.24,46.77,0.47,1.0049,6530.8,30837.702
301035.SZ,20250210,48.88,48.88,47.35,47.58,48.64,-1.06,-2.1793,9393.2,44955.236
301036.SZ,20250210,41.2,41.67,41.07,41.49,41.3,0.19,0.46,31992.0,132301.914
301037.SZ,20250210,11.1,11.28,10.87,11.28,11.04,0.24,2.1739,33756.8,37462.577
301038.SZ,20250210,18.61,18.98,18.6,18.89,18.55,0.34,1.8329,20785.5,39132.459
301039.SZ,20250210,9.22,9.3,9.1,9.15,9.21,-0.06,-0.6515,162269.0,148594.132
301040.SZ,20250210,13.01,13.31,12.99,13.3,13.0,0.3,2.3077,17918.0,23596.462
301041.SZ,20250210,25.23,25.74,24.89,25.72,25.24,0.48,1.9017,33417.43,84718.592
301042.SZ,20250210,37.77,39.39,37.37,39.0,37.42,1.58,4.2223,25818.0,98961.899
301043.SZ,20250210,28.3,28.42,27.63,28.4,28.34,0.06,0.2117,8527.5,23943.407
301045.SZ,20250210,23.58,23.78,23.36,23.68,23.58,0.1,0.4241,22516.0,53109.51
301046.SZ,20250210,20.49,20.68,20.34,20.66,20.44,0.22,1.0763,10964.0,22481.38
301047.SZ,20250210,62.44,64.1,62.4,63.47,62.43,1.04,1.6659,11884.7,75243.887
301048.SZ,20250210,8.88,8.97,8.88,8.97,8.9,0.07,0.7865,36778.56,32858.112
301049.SZ,20250210,22.57,22.9,22.19,22.9,22.34,0.56,2.5067,21997.0,49551.504
301050.SZ,20250210,52.57,52.87,51.9,52.38,52.5,-0.12,-0.2286,66428.56,347704.828
301051.SZ,20250210,28.15,28.25,27.74,28.1,28.06,0.04,0.1426,9245.49,25890.927
301052.SZ,20250210,28.82,31.88,28.55,30.81,28.48,2.33,8.1812,167294.45,506209.606
301053.SZ,20250210,21.95,22.26,21.59,22.18,21.83,0.35,1.6033,7807.0,17133.145
301055.SZ,20250210,14.73,15.46,14.6,15.16,14.76,0.4,2.71,21595.0,32297.671
301056.SZ,20250210,8.6,8.69,8.51,8.68,8.58,0.1,1.1655,18879.0,16256.393
301057.SZ,20250210,13.18,13.35,13.01,13.33,13.14,0.19,1.446,18122.54,23945.581
301058.SZ,20250210,10.27,10.45,10.22,10.45,10.25,0.2,1.9512,77117.0,79784.123
301059.SZ,20250210,11.2,11.23,11.08,11.12,11.18,-0.06,-0.5367,29651.72,32981.649
301060.SZ,20250210,9.87,10.68,9.87,10.66,9.75,0.91,9.3333,255389.45,265324.921
301061.SZ,20250210,79.0,81.5,77.18,81.29,79.11,2.18,2.7557,9823.24,78828.639
301062.SZ,20250210,11.12,11.24,10.86,11.03,11.05,-0.02,-0.181,140276.78,154210.248
301063.SZ,20250210,16.93,17.01,16.75,17.0,16.83,0.17,1.0101,9677.0,16339.352
301065.SZ,20250210,19.2,19.44,19.13,19.41,19.19,0.22,1.1464,11705.5,22617.778
301066.SZ,20250210,14.66,15.28,14.62,15.01,14.66,0.35,2.3874,144685.0,216193.102
301067.SZ,20250210,31.95,32.03,31.05,31.4,31.29,0.11,0.3516,57959.1,181935.992
301068.SZ,20250210,29.91,30.36,29.47,29.92,29.68,0.24,0.8086,8177.5,24459.29
301069.SZ,20250210,15.02,15.11,14.62,14.95,15.03,-0.08,-0.5323,60687.39,89966.837
301070.SZ,20250210,57.21,60.66,56.83,60.34,57.77,2.57,4.4487,40463.0,240589.769
301071.SZ,20250210,32.9,34.79,32.33,34.78,33.07,1.71,5.1708,182002.04,612782.569
301072.SZ,20250210,20.16,20.39,19.89,20.39,20.23,0.16,0.7909,12790.01,25788.859
301073.SZ,20250210,20.47,21.14,20.45,21.13,20.34,0.79,3.884,65658.0,136597.137
301075.SZ,20250210,19.28,19.58,19.15,19.51,19.15,0.36,1.8799,8933.83,17360.361
301076.SZ,20250210,34.37,34.97,33.88,34.73,35.25,-0.52,-1.4752,104003.14,357618.507
301077.SZ,20250210,28.5,28.93,27.89,28.09,28.43,-0.34,-1.1959,25248.86,70934.924
301078.SZ,20250210,12.67,13.26,12.56,13.2,12.69,0.51,4.0189,521704.96,675795.637
301079.SZ,20250210,16.03,16.13,15.91,16.12,15.99,0.13,0.813,24509.54,39324.515
301080.SZ,20250210,55.0,55.5,53.56,55.22,55.18,0.04,0.0725,21002.2,115027.931
301081.SZ,20250210,9.46,9.6,9.43,9.56,9.46,0.1,1.0571,23377.61,22254.936
301082.SZ,20250210,14.27,14.78,14.14,14.77,14.21,0.56,3.9409,144836.4,210958.266
301083.SZ,20250210,14.73,14.89,14.56,14.88,14.72,0.16,1.087,31662.12,46688.16
301085.SZ,20250210,75.66,77.0,73.28,74.65,73.0,1.65,2.2603,86275.31,645948.52
301086.SZ,20250210,51.19,51.29,50.38,51.06,50.86,0.2,0.3932,10519.5,53496.482
301087.SZ,20250210,34.45,35.01,34.14,34.66,34.32,0.34,0.9907,15179.2,52638.659
301088.SZ,20250210,13.23,13.32,12.92,13.2,12.92,0.28,2.1672,27434.42,35944.519
301089.SZ,20250210,28.2,28.61,28.0,28.6,27.99,0.61,2.1793,29756.34,84612.874
301090.SZ,20250210,6.86,6.91,6.8,6.89,6.82,0.07,1.0264,47389.0,32540.759
301091.SZ,20250210,47.45,48.45,47.08,47.78,47.47,0.31,0.653,94230.2,450505.86
301092.SZ,20250210,23.94,24.02,23.59,24.02,23.75,0.27,1.1368,6799.0,16205.081
301093.SZ,20250210,24.24,25.24,24.01,25.24,24.12,1.12,4.6434,32176.26,79789.32
301095.SZ,20250210,53.19,55.3,52.71,55.09,53.19,1.9,3.5721,63044.15,341067.105
301096.SZ,20250210,35.54,37.21,35.48,37.17,35.47,1.7,4.7928,40149.58,147003.141
301097.SZ,20250210,38.72,39.64,38.4,39.58,38.48,1.1,2.8586,4710.49,18459.092
301098.SZ,20250210,8.09,8.25,8.08,8.2,8.07,0.13,1.6109,32575.41,26562.563
301099.SZ,20250210,44.94,45.28,44.03,44.95,45.12,-0.17,-0.3768,46475.67,207944.266
301100.SZ,20250210,16.41,16.81,16.41,16.81,16.43,0.38,2.3128,15113.13,25151.35
301101.SZ,20250210,47.22,48.85,46.58,48.25,47.66,0.59,1.2379,137528.99,661313.554
301102.SZ,20250210,11.7,12.09,11.62,12.09,11.7,0.39,3.3333,97414.75,116097.198
301103.SZ,20250210,19.63,20.38,19.56,20.33,19.62,0.71,3.6188,16010.3,32099.149
301105.SZ,20250210,29.1,30.0,28.89,29.78,29.03,0.75,2.5835,5372.0,15840.756
301106.SZ,20250210,29.95,30.26,29.7,30.01,29.93,0.08,0.2673,8930.0,26672.224
301107.SZ,20250210,27.91,28.08,27.56,27.93,27.91,0.02,0.0717,10487.61,29162.6
301108.SZ,20250210,25.86,26.48,25.77,26.47,25.9,0.57,2.2008,7090.0,18547.72
301109.SZ,20250210,17.11,17.16,16.94,17.01,17.13,-0.12,-0.7005,19785.5,33665.586
301110.SZ,20250210,60.75,60.98,59.3,60.76,60.19,0.57,0.947,54799.0,330556.317
301111.SZ,20250210,16.13,16.4,16.03,16.33,16.1,0.23,1.4286,27308.79,44401.042
301112.SZ,20250210,25.0,25.15,24.64,25.13,25.05,0.08,0.3194,18963.0,47238.98
301113.SZ,20250210,24.68,25.22,24.47,25.03,24.65,0.38,1.5416,5704.18,14194.896
301115.SZ,20250210,14.02,14.14,13.98,14.12,14.0,0.12,0.8571,11638.0,16383.403
301116.SZ,20250210,11.68,12.03,11.6,12.02,11.63,0.39,3.3534,60838.48,72060.815
301117.SZ,20250210,35.51,36.89,34.9,36.67,35.42,1.25,3.5291,47730.0,172697.378
301118.SZ,20250210,17.86,18.17,17.74,18.15,17.86,0.29,1.6237,14908.0,26840.04
301119.SZ,20250210,30.5,31.31,29.68,31.3,30.73,0.57,1.8549,18321.83,55601.551
301120.SZ,20250210,8.79,8.91,8.74,8.91,8.78,0.13,1.4806,41568.0,36679.632
301121.SZ,20250210,52.53,52.99,51.71,52.99,52.64,0.35,0.6649,27037.01,141251.307
301122.SZ,20250210,20.03,20.33,19.9,20.29,19.99,0.3,1.5008,17058.18,34386.965
301123.SZ,20250210,22.8,22.95,22.47,22.95,22.73,0.22,0.9679,83914.71,190764.645
301125.SZ,20250210,11.99,12.18,11.91,12.09,12.03,0.06,0.4988,33001.08,39679.656
301126.SZ,20250210,10.83,11.16,10.83,11.15,10.85,0.3,2.765,35482.62,39136.217
301127.SZ,20250210,15.2,16.2,15.17,16.13,15.03,1.1,7.3187,200112.37,316401.846
301128.SZ,20250210,63.0,64.37,60.8,61.84,61.8,0.04,0.0647,63823.63,400165.608
301129.SZ,20250210,24.25,25.13,23.82,25.13,23.9,1.23,5.1464,32745.6,80279.91
301130.SZ,20250210,28.31,28.4,27.4,27.75,27.4,0.35,1.2774,14085.0,38996.036
301131.SZ,20250210,35.9,36.18,35.55,36.13,35.9,0.23,0.6407,7560.99,27131.375
301132.SZ,20250210,28.49,28.73,28.15,28.73,28.47,0.26,0.9132,31100.59,88469.594
301133.SZ,20250210,22.79,22.95,22.47,22.85,22.79,0.06,0.2633,11161.86,25310.684
301135.SZ,20250210,24.77,25.12,24.62,24.96,24.68,0.28,1.1345,12342.0,30667.392
301136.SZ,20250210,11.67,11.88,11.58,11.88,11.63,0.25,2.1496,41515.41,48842.988
301137.SZ,20250210,17.24,17.7,17.13,17.64,17.23,0.41,2.3796,24416.0,42586.061
301138.SZ,20250210,27.61,28.04,27.41,27.9,27.8,0.1,0.3597,12284.85,33971.397
301139.SZ,20250210,23.96,25.04,23.77,24.8,23.67,1.13,4.774,79835.11,196440.287
301141.SZ,20250210,39.31,39.98,39.12,39.87,39.39,0.48,1.2186,32170.6,127501.301
301148.SZ,20250210,18.68,18.81,18.5,18.79,18.62,0.17,0.913,8670.0,16195.952
301149.SZ,20250210,10.43,10.43,10.26,10.36,10.33,0.03,0.2904,28706.73,29622.445
301150.SZ,20250210,21.18,21.22,20.72,21.11,21.1,0.01,0.0474,30707.31,64155.421
301151.SZ,20250210,15.51,15.56,15.34,15.56,15.49,0.07,0.4519,20974.0,32405.169
301152.SZ,20250210,29.09,29.34,28.59,29.34,29.08,0.26,0.8941,26752.0,77418.419
301153.SZ,20250210,26.69,28.29,26.39,27.99,26.31,1.68,6.3854,107580.27,296156.469
301155.SZ,20250210,58.42,58.75,55.78,56.28,58.2,-1.92,-3.299,44225.17,249981.858
301156.SZ,20250210,13.17,13.41,13.12,13.4,13.25,0.15,1.1321,12184.01,16171.139
301157.SZ,20250210,51.87,56.41,51.01,55.8,51.49,4.31,8.3706,66113.06,357862.501
301158.SZ,20250210,14.53,14.7,14.53,14.68,14.6,0.08,0.5479,23422.0,34217.145
301159.SZ,20250210,36.79,37.89,35.5,37.7,35.32,2.38,6.7384,85464.43,315494.6
301160.SZ,20250210,67.65,72.64,64.51,72.44,67.71,4.73,6.9857,73341.96,510211.232
301161.SZ,20250210,20.87,21.06,20.54,21.06,20.73,0.33,1.5919,57783.0,120193.378
301162.SZ,20250210,47.88,52.55,47.66,48.7,43.81,4.89,11.1618,71553.3,353434.868
301163.SZ,20250210,21.84,22.16,21.59,22.03,21.81,0.22,1.0087,12626.0,27599.013
301165.SZ,20250210,69.0,69.0,65.58,67.99,68.42,-0.43,-0.6285,84441.06,571351.969
301166.SZ,20250210,28.74,29.16,28.66,29.1,28.71,0.39,1.3584,8922.2,25841.638
301167.SZ,20250210,13.36,13.5,13.3,13.49,13.36,0.13,0.9731,13671.0,18365.947
301168.SZ,20250210,29.5,29.6,28.82,29.58,29.46,0.12,0.4073,19902.87,58123.089
301169.SZ,20250210,41.81,43.73,41.35,43.66,41.92,1.74,4.1508,42248.87,181378.841
301170.SZ,20250210,23.79,24.08,23.4,24.06,23.84,0.22,0.9228,9246.0,21999.264
301171.SZ,20250210,35.44,36.54,34.73,36.07,35.44,0.63,1.7777,502551.06,1801544.418
301172.SZ,20250210,28.39,29.15,28.01,29.12,28.1,1.02,3.6299,33115.32,95068.589
301175.SZ,20250210,5.24,5.28,5.22,5.25,5.23,0.02,0.3824,156402.2,82015.576
301176.SZ,20250210,17.93,18.24,17.77,18.24,17.92,0.32,1.7857,32162.0,57997.746
301177.SZ,20250210,24.12,24.68,23.93,24.63,24.04,0.59,2.4542,15260.0,37123.391
301178.SZ,20250210,30.44,31.0,29.81,30.92,30.01,0.91,3.0323,48356.6,148484.574
301179.SZ,20250210,18.51,18.85,18.44,18.77,18.42,0.35,1.9001,57005.2,106452.949
301180.SZ,20250210,14.7,14.83,14.51,14.81,14.68,0.13,0.8856,36379.5,53457.424
301181.SZ,20250210,21.84,22.0,21.52,21.96,21.82,0.14,0.6416,9151.3,19943.925
301182.SZ,20250210,35.85,36.88,35.72,36.79,35.64,1.15,3.2267,62556.0,227623.686
301183.SZ,20250210,56.3,57.41,55.88,57.0,56.33,0.67,1.1894,50245.75,285421.117
301185.SZ,20250210,18.94,19.58,18.89,19.52,18.83,0.69,3.6644,71994.0,139114.545
301186.SZ,20250210,48.0,48.0,45.12,46.79,48.04,-1.25,-2.602,40139.56,185619.417
301187.SZ,20250210,37.51,39.43,37.1,39.42,37.51,1.91,5.092,52172.0,201483.152
301188.SZ,20250210,16.19,16.57,16.17,16.3,16.17,0.13,0.804,36691.08,59903.317
301189.SZ,20250210,24.39,26.01,24.39,25.38,24.5,0.88,3.5918,26675.16,67395.584
301190.SZ,20250210,15.6,15.66,15.54,15.62,15.57,0.05,0.3211,7255.94,11312.71
301191.SZ,20250210,92.99,101.78,92.05,98.4,93.12,5.28,5.6701,39391.99,382517.995
301192.SZ,20250210,22.45,22.58,21.73,22.32,22.4,-0.08,-0.3571,26326.8,58061.029
301193.SZ,20250210,16.6,16.78,16.32,16.45,16.26,0.19,1.1685,10500.6,17327.033
301195.SZ,20250210,33.49,34.89,33.38,34.8,33.17,1.63,4.9141,35077.93,120524.799
301196.SZ,20250210,35.51,35.7,35.06,35.58,35.63,-0.05,-0.1403,10026.33,35471.008
301197.SZ,20250210,15.66,16.09,15.5,16.06,15.56,0.5,3.2134,28241.75,44678.592
301198.SZ,20250210,11.81,11.89,11.54,11.89,12.04,-0.15,-1.2458,102622.2,120221.58
301199.SZ,20250210,34.36,35.2,33.81,35.2,34.44,0.76,2.2067,57717.14,199286.935
301200.SZ,20250210,39.3,39.34,38.72,39.12,39.34,-0.22,-0.5592,15290.38,59645.704
301201.SZ,20250210,19.36,19.94,19.3,19.94,19.3,0.64,3.3161,17305.8,33967.969
301202.SZ,20250210,39.13,40.3,38.77,39.61,39.77,-0.16,-0.4023,91401.07,360981.627
301203.SZ,20250210,31.34,31.78,31.23,31.57,31.37,0.2,0.6376,7299.35,23012.292
301205.SZ,20250210,78.0,80.33,77.38,79.22,76.4,2.82,3.6911,54439.06,429612.754
301206.SZ,20250210,25.76,25.89,25.63,25.84,25.76,0.08,0.3106,12131.0,31266.133
301207.SZ,20250210,18.19,19.08,18.19,19.01,18.19,0.82,4.508,83805.86,156904.508
301208.SZ,20250210,44.83,45.3,41.2,42.3,43.19,-0.89,-2.0607,218562.87,928146.001
301209.SZ,20250210,31.37,32.3,31.26,31.84,31.43,0.41,1.3045,18991.0,60447.695
301210.SZ,20250210,41.75,42.5,40.6,42.3,41.71,0.59,1.4145,16607.94,69170.599
301211.SZ,20250210,18.85,19.66,18.7,19.41,18.84,0.57,3.0255,100045.6,193257.382
301212.SZ,20250210,21.65,22.04,21.53,21.91,21.62,0.29,1.3414,12295.0,26844.421
301213.SZ,20250210,47.19,49.86,46.51,48.86,46.99,1.87,3.9796,36109.95,173290.836
301215.SZ,20250210,6.13,6.58,6.09,6.55,6.11,0.44,7.2013,504511.92,322098.052
301216.SZ,20250210,10.19,10.22,10.13,10.18,10.15,0.03,0.2956,25709.36,26171.968
301217.SZ,20250210,11.05,11.11,10.88,11.09,11.03,0.06,0.544,75911.1,83585.096
301218.SZ,20250210,22.78,23.94,22.77,23.86,22.78,1.08,4.741,58437.0,137758.034
301219.SZ,20250210,46.98,47.03,46.32,46.78,46.97,-0.19,-0.4045,30520.89,142334.019
301220.SZ,20250210,50.76,58.36,48.4,58.36,48.63,9.73,20.0082,91402.11,469076.654
301221.SZ,20250210,52.0,53.31,51.52,53.31,51.73,1.58,3.0543,56199.27,295347.099
301222.SZ,20250210,26.26,26.87,26.0,26.57,26.15,0.42,1.6061,8762.0,23135.973
301223.SZ,20250210,16.56,16.56,16.3,16.39,16.39,0.0,0.0,8094.0,13253.113
301225.SZ,20250210,27.83,27.92,27.28,27.92,27.79,0.13,0.4678,8125.84,22444.075
301226.SZ,20250210,25.3,25.5,24.7,25.48,25.3,0.18,0.7115,36793.7,92419.275
301227.SZ,20250210,17.18,17.38,16.99,17.35,17.12,0.23,1.3435,8817.09,15140.693
301228.SZ,20250210,14.81,15.24,14.68,15.13,14.82,0.31,2.0918,35221.3,52761.828
301229.SZ,20250210,21.61,21.84,21.35,21.8,21.61,0.19,0.8792,13073.6,28203.111
301230.SZ,20250210,30.52,33.54,30.04,32.74,30.03,2.71,9.0243,156068.68,501264.187
301231.SZ,20250210,18.7,19.33,18.52,19.31,18.52,0.79,4.2657,31995.97,60576.571
301232.SZ,20250210,26.23,26.4,25.81,26.13,26.36,-0.23,-0.8725,14018.2,36459.312
301233.SZ,20250210,47.84,47.96,47.37,47.8,47.72,0.08,0.1676,8652.0,41229.656
301234.SZ,20250210,26.77,27.11,26.6,26.9,26.72,0.18,0.6737,7189.0,19330.17
301235.SZ,20250210,19.98,20.6,19.91,20.39,19.87,0.52,2.617,18678.08,37876.943
301236.SZ,20250210,78.8,80.5,73.9,75.99,71.64,4.35,6.072,1375511.3,10514981.523
301237.SZ,20250210,23.31,23.74,23.11,23.69,23.31,0.38,1.6302,5514.0,12904.632
301238.SZ,20250210,15.59,15.79,15.31,15.64,15.62,0.02,0.128,63319.11,98366.495
301239.SZ,20250210,43.35,45.52,43.0,45.18,43.32,1.86,4.2936,22536.0,100361.126
301246.SZ,20250210,13.63,13.87,13.57,13.87,13.62,0.25,1.8355,36448.15,50152.89
301248.SZ,20250210,18.97,19.86,18.42,19.35,18.57,0.78,4.2003,231235.94,443209.218
301251.SZ,20250210,34.43,34.77,34.01,34.74,34.43,0.31,0.9004,46190.21,158909.598
301252.SZ,20250210,36.8,37.38,36.42,36.85,36.94,-0.09,-0.2436,59056.26,217385.353
301255.SZ,20250210,34.7,34.99,34.26,34.69,34.71,-0.02,-0.0576,16658.05,57407.302
301256.SZ,20250210,7.7,7.85,7.66,7.85,7.68,0.17,2.2135,30942.5,23983.511
301257.SZ,20250210,27.78,28.32,27.7,28.29,27.82,0.47,1.6894,17902.96,50360.963
301258.SZ,20250210,24.18,24.7,24.12,24.6,24.14,0.46,1.9056,10973.0,26875.158
301259.SZ,20250210,47.85,50.01,47.3,49.6,47.58,2.02,4.2455,45654.5,224024.097
301260.SZ,20250210,14.34,14.46,14.25,14.31,14.31,0.0,0.0,25245.0,36147.608
301261.SZ,20250210,59.94,59.94,58.3,59.15,61.9,-2.75,-4.4426,71900.71,424661.489
301262.SZ,20250210,26.28,27.42,26.24,27.31,26.09,1.22,4.6761,63138.79,170609.769
301263.SZ,20250210,16.64,16.8,16.13,16.51,16.49,0.02,0.1213,49934.77,82130.393
301265.SZ,20250210,8.98,9.13,8.97,9.12,9.0,0.12,1.3333,15058.0,13636.577
301266.SZ,20250210,35.57,35.87,35.0,35.85,35.88,-0.03,-0.0836,49407.27,174796.457
301267.SZ,20250210,18.39,18.68,18.25,18.61,18.32,0.29,1.583,78019.87,144529.413
301268.SZ,20250210,15.71,15.82,15.46,15.8,15.71,0.09,0.5729,25984.0,40733.588
301269.SZ,20250210,115.58,120.2,114.36,119.54,115.56,3.98,3.4441,77206.94,906409.104
301270.SZ,20250210,36.0,36.95,35.46,36.74,35.23,1.51,4.2861,31994.0,116481.909
301272.SZ,20250210,34.58,35.02,34.26,34.99,34.59,0.4,1.1564,5633.0,19522.487
301273.SZ,20250210,20.18,20.73,19.91,20.62,20.18,0.44,2.1804,8346.26,17003.971
301276.SZ,20250210,20.15,20.15,19.96,20.11,20.09,0.02,0.0996,11816.01,23694.891
301277.SZ,20250210,14.44,14.62,14.4,14.6,14.45,0.15,1.0381,38240.15,55615.578
301278.SZ,20250210,34.55,34.82,34.12,34.8,34.55,0.25,0.7236,11879.8,40928.452
301279.SZ,20250210,22.03,22.24,21.74,22.16,22.05,0.11,0.4989,19169.0,42243.63
301280.SZ,20250210,46.56,48.84,46.13,47.2,46.6,0.6,1.2876,26742.29,126284.723
301281.SZ,20250210,29.48,30.1,29.33,30.1,29.45,0.65,2.2071,22485.0,67096.424
301282.SZ,20250210,22.7,23.0,22.56,22.98,22.78,0.2,0.878,34701.0,79114.205
301283.SZ,20250210,25.99,26.1,25.85,26.08,25.98,0.1,0.3849,5798.64,15064.523
301285.SZ,20250210,30.43,30.66,29.69,30.01,30.43,-0.42,-1.3802,37271.79,111689.315
301286.SZ,20250210,33.0,33.36,32.06,32.85,32.34,0.51,1.577,6347.84,20730.264
301287.SZ,20250210,30.1,31.0,29.7,30.81,30.02,0.79,2.6316,10489.0,31822.639
301288.SZ,20250210,12.84,13.47,12.6,13.31,12.45,0.86,6.9076,44663.0,57957.094
301289.SZ,20250210,47.28,47.7,47.07,47.67,47.35,0.32,0.6758,13119.5,62282.907
301290.SZ,20250210,23.38,23.73,23.38,23.73,23.34,0.39,1.671,10047.06,23695.966
301291.SZ,20250210,47.76,47.76,44.88,45.75,47.72,-1.97,-4.1282,54155.03,247382.516
301292.SZ,20250210,13.22,13.44,13.16,13.42,13.3,0.12,0.9023,16106.0,21448.701
301293.SZ,20250210,48.0,52.28,47.66,50.42,47.94,2.48,5.1731,203737.73,1022387.44
301295.SZ,20250210,21.52,21.77,21.2,21.66,21.5,0.16,0.7442,10483.4,22528.084
301296.SZ,20250210,9.89,9.94,9.76,9.9,9.82,0.08,0.8147,46093.0,45446.662
301297.SZ,20250210,42.96,44.28,42.66,44.1,43.0,1.1,2.5581,94960.99,412939.001
301298.SZ,20250210,14.37,14.41,14.13,14.4,14.31,0.09,0.6289,21142.0,30149.989
301299.SZ,20250210,83.29,90.99,80.78,89.78,84.39,5.39,6.387,120047.5,1026232.476
301300.SZ,20250210,27.48,27.75,27.33,27.75,27.51,0.24,0.8724,8167.0,22509.98
301301.SZ,20250210,12.62,12.94,12.46,12.94,12.55,0.39,3.1076,403446.15,515465.153
301302.SZ,20250210,23.23,24.35,23.23,24.29,23.2,1.09,4.6983,93908.5,224600.088
301303.SZ,20250210,14.43,15.4,14.35,15.28,14.48,0.8,5.5249,57750.73,86483.878
301305.SZ,20250210,17.5,17.82,17.42,17.8,17.49,0.31,1.7724,17903.5,31673.342
301306.SZ,20250210,43.15,46.39,42.5,45.98,43.37,2.61,6.018,86972.69,393869.709
301307.SZ,20250210,21.27,21.5,21.01,21.47,21.22,0.25,1.1781,50252.0,106789.745
301308.SZ,20250210,87.66,88.96,87.01,88.39,87.36,1.03,1.179,60048.51,529702.176
301309.SZ,20250210,25.05,25.18,24.85,25.11,25.04,0.07,0.2796,8604.54,21547.943
301310.SZ,20250210,31.79,31.99,31.0,31.36,32.09,-0.73,-2.2749,56569.3,176958.154
301311.SZ,20250210,18.32,18.5,18.25,18.46,18.29,0.17,0.9295,28479.0,52417.094
301312.SZ,20250210,46.78,48.56,46.41,47.98,46.66,1.32,2.829,30983.21,147949.018
301313.SZ,20250210,26.2,26.76,25.87,26.49,26.16,0.33,1.2615,132358.6,348852.11
301314.SZ,20250210,37.02,37.66,36.8,37.64,36.92,0.72,1.9502,7336.0,27360.553
301315.SZ,20250210,61.54,63.58,61.0,63.12,61.49,1.63,2.6508,88368.62,554498.566
301316.SZ,20250210,25.33,29.13,25.0,27.24,24.86,2.38,9.5736,560221.67,1507514.555
301317.SZ,20250210,21.06,21.06,20.07,20.28,20.73,-0.45,-2.1708,21433.3,43463.434
301318.SZ,20250210,34.68,37.06,34.0,36.94,35.07,1.87,5.3322,130908.41,465935.64
301319.SZ,20250210,31.6,31.88,31.3,31.84,31.72,0.12,0.3783,11809.55,37324.87
301320.SZ,20250210,15.86,16.14,15.79,16.14,15.89,0.25,1.5733,34562.91,55358.549
301321.SZ,20250210,15.16,15.28,14.87,15.18,15.12,0.06,0.3968,24066.3,36327.912
301322.SZ,20250210,22.39,22.59,22.21,22.57,22.38,0.19,0.849,10848.99,24343.502
301323.SZ,20250210,40.83,41.01,39.82,40.34,40.62,-0.28,-0.6893,22235.74,89221.752
301325.SZ,20250210,57.8,58.29,56.17,57.88,58.3,-0.42,-0.7204,63097.8,361856.45
301326.SZ,20250210,80.82,82.99,78.62,80.49,78.85,1.64,2.0799,12586.0,101119.073
301327.SZ,20250210,73.89,73.89,72.63,72.96,73.45,-0.49,-0.6671,9578.1,70022.898
301328.SZ,20250210,45.2,45.39,44.31,45.19,45.42,-0.23,-0.5064,39693.65,178110.936
301329.SZ,20250210,22.9,24.29,22.87,24.11,23.0,1.11,4.8261,141535.43,334640.601
301330.SZ,20250210,28.9,29.57,28.64,29.55,28.68,0.87,3.0335,46417.7,135634.467
301331.SZ,20250210,23.65,24.2,23.65,24.0,23.8,0.2,0.8403,10984.31,26238.417
301332.SZ,20250210,10.09,10.17,9.98,10.15,10.06,0.09,0.8946,46102.19,46452.318
301333.SZ,20250210,49.87,51.71,49.58,51.6,49.88,1.72,3.4483,8258.98,42081.641
301335.SZ,20250210,22.99,23.52,22.81,23.5,23.14,0.36,1.5557,37555.0,87284.411
301336.SZ,20250210,56.86,64.5,56.69,60.61,53.78,6.83,12.6999,41650.51,250664.884
301337.SZ,20250210,30.26,31.33,30.11,31.33,30.02,1.31,4.3638,40553.87,125329.568
301338.SZ,20250210,33.08,33.33,32.92,33.29,33.1,0.19,0.574,12022.0,39860.952
301339.SZ,20250210,21.13,21.78,20.94,21.45,20.93,0.52,2.4845,88413.0,189160.057
301345.SZ,20250210,67.13,69.11,66.3,68.35,67.15,1.2,1.787,15288.96,103702.106
301348.SZ,20250210,25.3,25.84,25.15,25.79,25.29,0.5,1.9771,52167.18,133494.032
301349.SZ,20250210,34.67,36.76,34.67,36.03,34.67,1.36,3.9227,22036.91,79109.283
301353.SZ,20250210,28.21,28.21,27.84,28.18,28.14,0.04,0.1421,7928.34,22204.535
301355.SZ,20250210,11.67,11.77,11.6,11.77,11.66,0.11,0.9434,41912.59,49009.926
301356.SZ,20250210,18.02,18.13,17.67,17.79,18.02,-0.23,-1.2764,11873.2,21151.525
301357.SZ,20250210,30.5,31.02,30.18,31.01,30.18,0.83,2.7502,17456.6,53547.29
301358.SZ,20250210,43.68,43.79,39.44,41.0,44.01,-3.01,-6.8394,209870.44,850488.136
301359.SZ,20250210,24.13,24.21,23.72,24.06,24.14,-0.08,-0.3314,11842.0,28363.627
301360.SZ,20250210,51.95,53.85,51.2,53.77,51.57,2.2,4.266,23999.0,126632.014
301361.SZ,20250210,30.13,30.4,29.4,30.07,29.78,0.29,0.9738,41552.06,124187.928
301362.SZ,20250210,39.29,39.45,38.8,39.24,39.2,0.04,0.102,3473.75,13580.006
301363.SZ,20250210,32.3,32.82,31.82,32.01,32.3,-0.29,-0.8978,26067.0,84239.535
301365.SZ,20250210,14.88,15.17,14.75,15.17,14.84,0.33,2.2237,21809.99,32664.0
301366.SZ,20250210,47.65,48.83,47.45,48.8,47.91,0.89,1.8576,61220.2,295152.459
301367.SZ,20250210,63.95,64.76,63.5,64.22,63.81,0.41,0.6425,7490.38,48056.925
301368.SZ,20250210,63.88,64.83,62.58,64.58,66.16,-1.58,-2.3881,105740.79,673744.204
301369.SZ,20250210,54.85,59.5,54.33,58.17,54.48,3.69,6.7731,28306.98,160623.314
301370.SZ,20250210,10.93,11.77,10.79,11.73,10.95,0.78,7.1233,193530.62,219320.785
301371.SZ,20250210,35.23,35.47,34.71,35.09,35.18,-0.09,-0.2558,14583.0,51035.601
301372.SZ,20250210,20.31,20.71,20.18,20.62,20.3,0.32,1.5764,9569.04,19611.294
301373.SZ,20250210,26.21,26.59,26.09,26.56,26.21,0.35,1.3354,6216.97,16374.531
301376.SZ,20250210,19.73,19.84,19.31,19.61,19.7,-0.09,-0.4569,24033.0,46914.538
301377.SZ,20250210,22.74,22.88,22.42,22.88,22.82,0.06,0.2629,55115.11,124828.567
301378.SZ,20250210,30.2,34.8,30.2,33.33,30.0,3.33,11.1,96417.0,317955.817
301379.SZ,20250210,22.07,24.13,21.76,23.3,22.14,1.16,5.2394,139773.4,319567.82
301380.SZ,20250210,51.8,54.97,51.41,54.36,52.18,2.18,4.1778,89310.36,474732.188
301381.SZ,20250210,22.8,23.14,22.69,23.1,22.81,0.29,1.2714,49109.71,112790.358
301382.SZ,20250210,36.98,37.48,35.02,36.0,34.4,1.6,4.6512,218970.09,788487.61
301383.SZ,20250210,61.0,61.11,58.79,60.08,60.95,-0.87,-1.4274,95566.06,571678.392
301386.SZ,20250210,20.68,20.87,20.41,20.86,20.6,0.26,1.2621,17358.2,35872.207
301387.SZ,20250210,37.44,38.55,37.0,37.62,37.08,0.54,1.4563,74112.96,279768.715
301388.SZ,20250210,24.06,24.39,23.69,24.29,24.05,0.24,0.9979,21523.0,51755.859
301389.SZ,20250210,18.41,18.57,18.02,18.19,18.39,-0.2,-1.0875,99409.01,181078.123
301390.SZ,20250210,33.1,33.74,32.9,33.7,32.89,0.81,2.4628,13470.0,45006.961
301391.SZ,20250210,40.14,40.9,39.87,40.69,40.17,0.52,1.2945,13958.4,56581.036
301392.SZ,20250210,71.72,74.7,70.1,74.64,71.72,2.92,4.0714,32409.17,234921.579
301393.SZ,20250210,41.51,42.49,41.5,42.49,41.62,0.87,2.0903,10428.56,44041.31
301395.SZ,20250210,11.65,11.71,11.6,11.7,11.65,0.05,0.4292,10007.58,11669.755
301396.SZ,20250210,32.16,33.27,32.04,32.8,32.43,0.37,1.1409,57341.54,187660.313
301397.SZ,20250210,29.98,29.99,29.14,29.6,29.72,-0.12,-0.4038,29083.27,85541.119
301398.SZ,20250210,51.15,51.64,50.51,51.49,51.64,-0.15,-0.2905,15395.0,78753.263
301399.SZ,20250210,27.56,27.74,27.19,27.68,27.55,0.13,0.4719,51869.75,142711.151
301408.SZ,20250210,11.29,11.61,11.23,11.55,11.28,0.27,2.3936,54485.03,62488.564
301413.SZ,20250210,85.0,89.07,82.9,88.24,87.1,1.14,1.3088,63200.07,545788.355
301418.SZ,20250210,33.85,34.66,33.51,34.46,33.9,0.56,1.6519,12192.4,41595.799
301419.SZ,20250210,32.7,33.2,32.29,33.2,32.7,0.5,1.5291,34711.0,113649.904
301421.SZ,20250210,48.73,50.2,48.09,50.19,48.87,1.32,2.701,46955.67,231652.905
301428.SZ,20250210,40.0,40.84,39.23,40.47,39.65,0.82,2.0681,118616.0,477918.949
301429.SZ,20250210,16.7,16.99,16.66,16.99,16.82,0.17,1.0107,22659.95,38143.855
301439.SZ,20250210,19.29,19.37,18.4,18.6,19.2,-0.6,-3.125,276432.29,516966.024
301446.SZ,20250210,20.77,20.89,20.5,20.89,20.71,0.18,0.8691,10690.26,22140.775
301448.SZ,20250210,21.55,21.55,21.1,21.4,21.35,0.05,0.2342,12847.7,27341.039
301456.SZ,20250210,24.92,25.78,24.4,25.16,24.73,0.43,1.7388,28697.62,72038.861
301458.SZ,20250210,35.65,36.19,35.21,36.0,36.09,-0.09,-0.2494,127589.49,455280.794
301459.SZ,20250210,44.38,44.66,43.7,44.04,43.98,0.06,0.1364,11747.0,51749.525
301468.SZ,20250210,21.27,21.42,21.21,21.42,21.27,0.15,0.7052,6148.34,13112.465
301469.SZ,20250210,24.26,24.45,24.12,24.4,24.3,0.1,0.4115,8002.0,19421.969
301486.SZ,20250210,49.69,50.64,48.56,49.94,48.97,0.97,1.9808,81011.0,401346.839
301487.SZ,20250210,20.09,20.45,19.75,20.44,20.08,0.36,1.7928,126861.0,255674.886
301488.SZ,20250210,66.0,68.65,64.64,67.51,67.08,0.43,0.641,67290.34,449011.956
301489.SZ,20250210,64.5,64.98,63.55,64.27,66.69,-2.42,-3.6287,39747.04,254790.831
301498.SZ,20250210,91.01,93.52,89.21,90.98,90.99,-0.01,-0.011,23711.2,217434.031
301499.SZ,20250210,26.73,27.21,26.65,27.04,26.86,0.18,0.6701,24840.01,66855.254
301500.SZ,20250210,18.25,18.35,18.03,18.22,18.24,-0.02,-0.1096,30646.32,55592.408
301502.SZ,20250210,39.3,39.52,38.7,39.47,39.28,0.19,0.4837,10479.09,40966.895
301503.SZ,20250210,39.68,41.66,39.46,41.58,39.46,2.12,5.3725,43162.86,174890.483
301505.SZ,20250210,23.91,24.3,23.77,24.29,23.9,0.39,1.6318,17423.0,41918.199
301507.SZ,20250210,12.7,12.74,12.58,12.74,12.61,0.13,1.0309,30612.48,38841.812
301508.SZ,20250210,33.71,34.09,33.54,34.04,33.65,0.39,1.159,27830.47,94187.616
301509.SZ,20250210,25.8,26.39,25.59,26.39,25.71,0.68,2.6449,21986.4,57308.153
301510.SZ,20250210,29.19,29.35,28.49,29.25,29.18,0.07,0.2399,99461.55,287197.019
301511.SZ,20250210,13.56,14.29,13.45,14.23,13.57,0.66,4.8637,253380.0,352722.042
301512.SZ,20250210,48.81,49.0,47.33,48.74,49.3,-0.56,-1.1359,46826.0,225423.49
301515.SZ,20250210,18.66,19.03,18.61,18.95,18.54,0.41,2.2114,14232.74,26780.533
301516.SZ,20250210,17.06,17.06,16.71,16.96,16.7,0.26,1.5569,44360.03,74848.233
301517.SZ,20250210,51.23,51.49,50.65,51.44,50.76,0.68,1.3396,20584.62,105202.356
301518.SZ,20250210,16.69,16.97,16.66,16.89,16.69,0.2,1.1983,10716.11,18034.727
301519.SZ,20250210,13.29,13.39,13.19,13.39,13.25,0.14,1.0566,17627.18,23449.007
301520.SZ,20250210,39.7,40.17,39.4,40.12,39.66,0.46,1.1599,7569.34,30228.513
301522.SZ,20250210,35.84,35.98,35.6,35.93,35.78,0.15,0.4192,30219.77,108225.624
301525.SZ,20250210,65.38,65.38,63.12,64.36,65.5,-1.14,-1.7405,17086.95,109266.065
301526.SZ,20250210,3.47,3.5,3.43,3.49,3.46,0.03,0.8671,263632.0,91403.219
301528.SZ,20250210,40.35,40.82,40.02,40.78,40.34,0.44,1.0907,5495.48,22220.401
301529.SZ,20250210,30.3,30.6,30.19,30.54,30.3,0.24,0.7921,6988.0,21236.947
301533.SZ,20250210,30.96,31.48,30.5,31.42,31.15,0.27,0.8668,23643.15,73296.038
301536.SZ,20250210,74.22,89.04,72.01,89.04,74.2,14.84,20.0,107314.74,864074.982
301538.SZ,20250210,73.0,75.31,72.7,74.49,73.43,1.06,1.4436,8166.7,60377.041
301539.SZ,20250210,18.71,18.9,18.6,18.86,18.78,0.08,0.426,14747.17,27646.226
301548.SZ,20250210,45.0,45.0,43.01,43.66,44.0,-0.34,-0.7727,14852.4,64452.138
301550.SZ,20250210,95.88,112.99,94.0,112.4,97.25,15.15,15.5784,82444.99,858804.251
301551.SZ,20250210,59.91,62.16,58.1,61.92,61.99,-0.07,-0.1129,108221.59,650458.663
301552.SZ,20250210,55.3,55.54,54.31,55.53,55.3,0.23,0.4159,10975.9,60229.38
301555.SZ,20250210,24.09,24.39,23.88,24.38,24.1,0.28,1.1618,12779.68,30851.6
301556.SZ,20250210,99.91,105.0,99.0,102.55,101.3,1.25,1.234,29417.84,300114.047
301558.SZ,20250210,9.1,9.25,9.06,9.24,9.06,0.18,1.9868,205676.18,188466.553
301559.SZ,20250210,15.25,15.34,15.19,15.24,15.24,0.0,0.0,15121.0,23057.957
301565.SZ,20250210,21.17,21.46,20.98,21.43,21.11,0.32,1.5159,36974.31,78553.531
301566.SZ,20250210,15.65,16.0,15.56,16.0,15.65,0.35,2.2364,106050.58,167762.834
301567.SZ,20250210,43.16,43.56,42.65,43.09,43.16,-0.07,-0.1622,12700.0,54512.758
301568.SZ,20250210,42.68,42.92,41.85,42.3,42.5,-0.2,-0.4706,74271.28,314434.306
301571.SZ,20250210,42.54,43.39,42.29,43.38,42.6,0.78,1.831,23334.52,100135.622
301577.SZ,20250210,59.17,59.81,58.69,59.81,59.05,0.76,1.287,11339.2,67228.244
301578.SZ,20250210,51.82,51.95,50.88,51.72,51.34,0.38,0.7402,16005.27,82236.317
301580.SZ,20250210,56.2,56.66,55.72,56.66,56.16,0.5,0.8903,5424.35,30527.755
301581.SZ,20250210,54.5,54.53,53.6,54.07,54.5,-0.43,-0.789,22107.15,119284.454
301585.SZ,20250210,42.28,42.67,42.07,42.67,42.2,0.47,1.1137,17539.18,74406.196
301586.SZ,20250210,52.99,56.56,52.79,54.84,52.46,2.38,4.5368,25968.0,142821.678
301587.SZ,20250210,23.7,23.8,23.28,23.8,23.49,0.31,1.3197,14772.71,34772.944
301588.SZ,20250210,21.0,21.0,20.74,20.93,20.99,-0.06,-0.2859,13166.48,27494.671
301589.SZ,20250210,171.06,181.38,169.48,178.69,170.63,8.06,4.7237,19192.9,337896.283
301591.SZ,20250210,39.36,39.68,38.61,39.68,39.68,0.0,0.0,23115.23,90537.776
301592.SZ,20250210,142.0,143.66,141.01,142.83,141.18,1.65,1.1687,15513.5,220839.514
301596.SZ,20250210,135.0,166.0,132.99,159.01,139.08,19.93,14.3299,76524.24,1144641.209
301598.SZ,20250210,76.5,76.8,74.0,75.26,76.02,-0.76,-0.9997,27622.99,206825.224
301600.SZ,20250210,186.0,189.66,180.93,187.76,187.2,0.56,0.2991,28056.49,519295.173
301601.SZ,20250210,31.85,32.14,31.73,32.09,31.85,0.24,0.7535,42234.48,134925.338
301602.SZ,20250210,22.8,24.09,22.71,23.8,23.03,0.77,3.3435,182579.82,427625.629
301603.SZ,20250210,43.71,43.95,43.27,43.95,43.94,0.01,0.0228,19751.4,86227.748
301606.SZ,20250210,43.27,43.71,42.63,42.92,43.29,-0.37,-0.8547,43634.96,187668.9
301607.SZ,20250210,37.51,38.18,37.26,38.14,37.75,0.39,1.0331,14740.28,55749.447
301608.SZ,20250210,75.99,76.5,74.35,76.4,75.37,1.03,1.3666,27394.74,206557.333
301611.SZ,20250210,60.71,61.27,59.8,60.87,60.86,0.01,0.0164,44272.0,267942.025
301613.SZ,20250210,60.0,60.47,59.6,60.3,60.19,0.11,0.1828,15639.49,93874.167
301617.SZ,20250210,47.74,48.66,47.74,48.59,47.6,0.99,2.0798,25627.27,123919.538
301618.SZ,20250210,87.28,87.33,85.21,86.56,87.26,-0.7,-0.8022,14028.53,120542.0
301622.SZ,20250210,68.73,69.37,67.96,69.35,68.97,0.38,0.551,35093.27,240933.499
301626.SZ,20250210,101.17,105.0,100.16,105.0,102.56,2.44,2.3791,22319.63,229918.324
301628.SZ,20250210,97.56,99.3,96.65,98.97,98.31,0.66,0.6713,32009.57,314578.185
301631.SZ,20250210,125.97,126.62,124.89,125.9,125.87,0.03,0.0238,11391.25,143105.376
301633.SZ,20250210,87.09,88.23,86.17,87.65,87.38,0.27,0.309,9017.74,78452.909
302132.SZ,20250210,70.12,71.95,69.93,70.9,70.11,0.79,1.1268,132033.0,937435.444
