ts_code,trade_date,open,high,low,close,pre_close,change,pct_chg,vol,amount
300001.SZ,20250115,22.65,23.32,22.31,22.35,21.66,0.69,3.1856,321825.26,730328.315
300002.SZ,20250115,11.64,11.73,11.49,11.56,11.63,-0.07,-0.6019,433340.98,503489.79
300003.SZ,20250115,10.86,10.87,10.72,10.76,10.9,-0.14,-1.2844,109872.3,118448.327
300004.SZ,20250115,6.28,6.33,6.16,6.19,6.28,-0.09,-1.4331,92663.0,57597.994
300005.SZ,20250115,6.61,6.7,6.56,6.62,6.61,0.01,0.1513,120787.5,80041.875
300006.SZ,20250115,3.59,3.59,3.49,3.53,3.57,-0.04,-1.1204,255742.0,90469.992
300007.SZ,20250115,28.0,29.29,26.72,28.4,26.62,1.78,6.6867,1111620.33,3116759.517
300008.SZ,20250115,4.5,4.55,4.47,4.49,4.54,-0.05,-1.1013,275170.26,123759.493
300009.SZ,20250115,8.38,8.39,8.22,8.26,8.35,-0.09,-1.0778,98908.36,81786.824
300010.SZ,20250115,6.49,6.9,6.49,6.55,6.46,0.09,1.3932,2482908.3,1654736.633
300011.SZ,20250115,7.03,7.09,6.94,6.96,7.07,-0.11,-1.5559,71582.92,50046.892
300012.SZ,20250115,11.92,12.02,11.74,11.77,11.95,-0.18,-1.5063,167885.6,198620.121
300013.SZ,20250115,3.14,3.19,3.11,3.16,3.14,0.02,0.6369,59921.5,18924.672
300014.SZ,20250115,44.0,44.18,42.95,43.05,44.33,-1.28,-2.8874,187390.56,813302.659
300015.SZ,20250115,12.65,12.66,12.45,12.5,12.67,-0.17,-1.3418,490507.85,614378.948
300016.SZ,20250115,6.08,6.12,6.0,6.04,6.08,-0.04,-0.6579,55421.5,33581.405
300017.SZ,20250115,9.48,9.66,9.39,9.43,9.49,-0.06,-0.6322,917052.95,870270.773
300018.SZ,20250115,6.7,6.75,6.61,6.63,6.73,-0.1,-1.4859,73648.0,49026.592
300019.SZ,20250115,14.22,14.7,14.11,14.43,14.25,0.18,1.2632,101754.08,147377.659
300020.SZ,20250115,3.19,3.19,3.08,3.1,3.2,-0.1,-3.125,304512.99,94904.06
300021.SZ,20250115,4.05,4.1,3.96,4.04,4.06,-0.02,-0.4926,122935.0,49482.389
300022.SZ,20250115,4.96,5.23,4.96,5.16,4.98,0.18,3.6145,230228.02,117657.769
300024.SZ,20250115,20.22,20.23,19.51,19.6,20.2,-0.6,-2.9703,1131347.01,2229212.408
300025.SZ,20250115,8.98,9.19,8.73,8.78,8.94,-0.16,-1.7897,318693.83,285268.248
300026.SZ,20250115,3.71,3.73,3.66,3.68,3.73,-0.05,-1.3405,331099.05,122054.538
300027.SZ,20250115,2.54,2.57,2.48,2.54,2.52,0.02,0.7937,1088749.0,276580.262
300029.SZ,20250115,4.55,4.59,4.44,4.51,4.55,-0.04,-0.8791,17017.1,7659.076
300030.SZ,20250115,5.58,5.63,5.47,5.58,5.58,0.0,0.0,48358.0,26845.675
300031.SZ,20250115,17.77,17.99,17.62,17.73,17.75,-0.02,-0.1127,130311.0,231893.876
300032.SZ,20250115,4.48,4.52,4.4,4.45,4.48,-0.03,-0.6696,153446.93,68349.134
300033.SZ,20250115,283.61,283.99,275.99,278.08,290.0,-11.92,-4.1103,175887.09,4904238.925
300034.SZ,20250115,15.0,15.11,14.82,14.88,15.07,-0.19,-1.2608,61116.49,91210.498
300035.SZ,20250115,14.29,14.29,13.82,13.9,14.29,-0.39,-2.7292,148888.59,207759.25
300036.SZ,20250115,16.04,16.09,15.77,15.8,16.03,-0.23,-1.4348,74950.54,118902.314
300037.SZ,20250115,35.91,36.15,34.64,34.76,36.25,-1.49,-4.1103,110026.9,387722.942
300039.SZ,20250115,6.23,6.23,6.04,6.13,6.23,-0.1,-1.6051,313340.6,191235.825
300040.SZ,20250115,6.2,6.41,6.14,6.2,6.18,0.02,0.3236,438778.42,275350.311
300041.SZ,20250115,8.88,9.01,8.8,8.85,8.91,-0.06,-0.6734,140359.7,124832.107
300042.SZ,20250115,18.99,19.13,18.55,18.68,19.05,-0.37,-1.9423,63508.23,119261.332
300043.SZ,20250115,3.94,4.25,3.91,4.11,3.88,0.23,5.9278,1633266.14,666373.942
300044.SZ,20250115,7.24,7.31,6.91,6.95,7.24,-0.29,-4.0055,1014950.4,714606.718
300045.SZ,20250115,20.0,20.21,19.67,19.76,19.98,-0.22,-1.1011,160406.0,319970.567
300046.SZ,20250115,33.31,34.33,33.17,33.52,33.66,-0.14,-0.4159,217588.27,733416.789
300047.SZ,20250115,11.5,11.67,11.38,11.42,11.45,-0.03,-0.262,295041.23,340269.154
300048.SZ,20250115,5.0,5.02,4.88,4.9,4.98,-0.08,-1.6064,81357.8,40086.862
300049.SZ,20250115,32.16,33.1,32.08,32.44,32.32,0.12,0.3713,67593.95,220697.316
300050.SZ,20250115,5.43,5.49,5.33,5.4,5.41,-0.01,-0.1848,267512.0,144638.098
300051.SZ,20250115,6.67,6.89,6.49,6.64,6.64,0.0,0.0,77034.0,51378.234
300052.SZ,20250115,16.5,17.0,16.49,16.69,16.49,0.2,1.2129,169807.0,285137.316
300053.SZ,20250115,12.79,12.92,12.58,12.64,12.84,-0.2,-1.5576,181625.06,231088.23
300054.SZ,20250115,25.72,26.16,25.45,25.8,25.86,-0.06,-0.232,109851.0,283458.208
300055.SZ,20250115,4.63,4.67,4.57,4.64,4.63,0.01,0.216,55190.33,25468.348
300056.SZ,20250115,12.6,12.74,12.33,12.51,12.68,-0.17,-1.3407,80013.97,100020.056
300057.SZ,20250115,4.71,4.74,4.62,4.64,4.7,-0.06,-1.2766,66051.0,30730.451
300058.SZ,20250115,10.0,10.48,9.85,10.14,9.71,0.43,4.4284,6045046.74,6120720.41
300059.SZ,20250115,23.55,23.66,23.23,23.32,23.86,-0.54,-2.2632,4489053.85,10509548.066
300061.SZ,20250115,12.43,12.83,12.31,12.49,12.42,0.07,0.5636,468888.3,588978.262
300062.SZ,20250115,5.21,5.24,5.1,5.15,5.22,-0.07,-1.341,100510.8,51793.2
300063.SZ,20250115,9.39,10.08,9.36,9.78,9.25,0.53,5.7297,1557092.3,1519818.276
300065.SZ,20250115,8.61,8.75,8.54,8.58,8.65,-0.07,-0.8092,217737.74,188073.354
300066.SZ,20250115,4.02,4.05,3.93,3.97,4.04,-0.07,-1.7327,147940.0,58851.798
300067.SZ,20250115,5.08,5.32,5.04,5.11,5.1,0.01,0.1961,1063257.09,548546.763
300068.SZ,20250115,16.5,16.64,16.16,16.21,16.6,-0.39,-2.3494,340716.28,557245.702
300069.SZ,20250115,13.22,13.34,12.94,13.09,13.22,-0.13,-0.9834,19468.0,25576.003
300070.SZ,20250115,4.79,4.81,4.7,4.73,4.79,-0.06,-1.2526,235105.98,111328.21
300071.SZ,20250115,6.1,6.19,5.71,6.19,5.16,1.03,19.9612,2115030.79,1260814.916
300072.SZ,20250115,3.31,3.36,3.26,3.3,3.32,-0.02,-0.6024,214308.31,70789.208
300073.SZ,20250115,38.98,39.07,38.4,38.63,38.84,-0.21,-0.5407,83134.98,321881.448
300074.SZ,20250115,3.92,3.98,3.83,3.86,3.93,-0.07,-1.7812,153491.6,59540.795
300075.SZ,20250115,15.7,15.84,15.56,15.59,15.75,-0.16,-1.0159,108946.64,170908.457
300076.SZ,20250115,7.17,7.28,7.03,7.21,7.12,0.09,1.264,219035.0,157019.925
300077.SZ,20250115,23.75,23.91,23.21,23.4,23.73,-0.33,-1.3906,506363.3,1188536.378
300078.SZ,20250115,2.87,2.91,2.79,2.82,2.86,-0.04,-1.3986,277419.34,78483.159
300079.SZ,20250115,5.27,5.34,5.18,5.26,5.28,-0.02,-0.3788,332884.55,175097.052
300080.SZ,20250115,4.28,4.28,4.14,4.18,4.25,-0.07,-1.6471,154963.0,65115.883
300081.SZ,20250115,7.04,7.44,7.01,7.15,7.05,0.1,1.4184,446591.04,322156.676
300082.SZ,20250115,6.15,6.16,6.03,6.06,6.12,-0.06,-0.9804,50098.0,30440.075
300083.SZ,20250115,6.38,6.38,6.21,6.25,6.37,-0.12,-1.8838,280103.0,175585.228
300084.SZ,20250115,5.82,5.85,5.72,5.83,5.82,0.01,0.1718,62045.2,35903.974
300085.SZ,20250115,41.49,45.73,40.53,43.33,41.71,1.62,3.884,1327380.83,5678085.563
300086.SZ,20250115,4.8,4.82,4.7,4.74,4.78,-0.04,-0.8368,105969.0,50378.556
300087.SZ,20250115,10.38,10.55,10.17,10.32,10.38,-0.06,-0.578,213440.5,220796.924
300088.SZ,20250115,6.15,6.19,6.04,6.09,6.18,-0.09,-1.4563,402406.0,245187.069
300091.SZ,20250115,2.16,2.17,2.08,2.12,2.14,-0.02,-0.9346,392572.0,82813.967
300092.SZ,20250115,11.59,11.61,11.35,11.39,11.55,-0.16,-1.3853,40959.0,46978.793
300093.SZ,20250115,13.72,15.79,13.42,14.44,13.69,0.75,5.4785,288205.0,415892.792
300094.SZ,20250115,3.85,3.92,3.8,3.84,3.86,-0.02,-0.5181,551747.49,213087.801
300095.SZ,20250115,6.38,6.39,6.27,6.29,6.36,-0.07,-1.1006,39075.05,24667.985
300096.SZ,20250115,3.11,3.14,3.07,3.11,3.12,-0.01,-0.3205,56471.0,17548.169
300097.SZ,20250115,5.2,5.25,5.13,5.2,5.25,-0.05,-0.9524,95102.0,49261.854
300098.SZ,20250115,5.47,5.57,5.41,5.45,5.54,-0.09,-1.6245,814930.48,445827.759
300099.SZ,20250115,5.98,6.02,5.88,5.92,5.99,-0.07,-1.1686,100340.0,59638.691
300100.SZ,20250115,37.13,39.3,35.78,37.5,35.71,1.79,5.0126,647609.79,2444010.755
300101.SZ,20250115,17.74,17.94,17.35,17.39,17.67,-0.28,-1.5846,172332.0,302162.365
300102.SZ,20250115,10.52,10.78,10.39,10.54,10.68,-0.14,-1.3109,294539.05,310643.562
300103.SZ,20250115,6.18,6.24,6.0,6.01,6.08,-0.07,-1.1513,37405.0,22647.71
300105.SZ,20250115,6.56,6.59,6.44,6.45,6.57,-0.12,-1.8265,111992.42,72708.182
300106.SZ,20250115,8.56,8.74,8.5,8.61,8.6,0.01,0.1163,99620.0,85917.546
300107.SZ,20250115,8.93,9.06,8.85,8.87,8.96,-0.09,-1.0045,100701.0,89794.372
300108.SZ,20250115,1.26,1.38,1.15,1.37,1.29,0.08,6.2016,1604809.15,199823.106
300109.SZ,20250115,14.16,14.29,14.01,14.12,14.3,-0.18,-1.2587,75284.42,106259.851
300110.SZ,20250115,3.42,3.43,3.37,3.38,3.43,-0.05,-1.4577,149816.0,50785.812
300111.SZ,20250115,3.18,3.24,3.11,3.16,3.18,-0.02,-0.6289,166506.0,52725.367
300112.SZ,20250115,9.3,9.35,9.19,9.23,9.29,-0.06,-0.6459,62913.0,58266.338
300113.SZ,20250115,14.65,14.83,14.47,14.57,14.65,-0.08,-0.5461,194983.0,285491.856
300115.SZ,20250115,18.36,18.53,18.01,18.12,18.65,-0.53,-2.8418,924398.47,1682047.959
300117.SZ,20250115,1.01,1.05,0.99,1.03,1.04,-0.01,-0.9615,499829.3,50763.859
300118.SZ,20250115,11.46,12.15,11.26,11.75,11.46,0.29,2.5305,379056.15,444394.232
300119.SZ,20250115,17.6,18.3,17.37,17.89,17.67,0.22,1.245,45581.41,81304.135
300120.SZ,20250115,9.04,9.58,8.83,8.9,8.88,0.02,0.2252,480176.29,439666.251
300121.SZ,20250115,11.64,11.67,11.37,11.41,11.65,-0.24,-2.0601,86495.0,99168.307
300122.SZ,20250115,25.2,25.24,24.89,24.99,25.31,-0.32,-1.2643,107264.46,268460.832
300123.SZ,20250115,6.0,6.08,5.9,5.93,6.03,-0.1,-1.6584,245328.45,146096.776
300124.SZ,20250115,61.28,61.93,60.45,60.71,61.8,-1.09,-1.7638,273660.12,1670018.94
300125.SZ,20250115,4.57,4.65,4.43,4.47,4.6,-0.13,-2.8261,103335.0,46540.272
300126.SZ,20250115,5.27,5.31,5.18,5.23,5.25,-0.02,-0.381,52976.36,27762.657
300127.SZ,20250115,28.65,30.54,27.9,29.82,28.99,0.83,2.8631,327843.0,958695.472
300128.SZ,20250115,5.52,5.66,5.38,5.45,5.57,-0.12,-2.1544,501209.23,274386.301
300129.SZ,20250115,6.84,6.86,6.73,6.76,6.86,-0.1,-1.4577,113201.0,76610.811
300130.SZ,20250115,21.0,21.12,20.83,20.84,21.04,-0.2,-0.9506,93017.05,194754.666
300131.SZ,20250115,8.0,8.01,7.74,7.78,7.95,-0.17,-2.1384,685244.35,536813.063
300132.SZ,20250115,4.84,4.97,4.83,4.9,4.89,0.01,0.2045,86758.0,42489.819
300133.SZ,20250115,6.93,7.17,6.91,6.95,6.94,0.01,0.1441,1043832.26,733981.262
300134.SZ,20250115,11.45,11.54,11.27,11.32,11.46,-0.14,-1.2216,89222.0,101498.216
300135.SZ,20250115,4.11,4.15,4.05,4.06,4.15,-0.09,-2.1687,264372.0,108047.756
300136.SZ,20250115,23.7,23.95,23.51,23.66,23.91,-0.25,-1.0456,124873.6,295481.611
300137.SZ,20250115,5.85,5.95,5.7,5.86,5.93,-0.07,-1.1804,51736.89,30130.815
300138.SZ,20250115,8.4,8.4,8.28,8.33,8.37,-0.04,-0.4779,19236.0,16024.421
300139.SZ,20250115,15.99,16.16,15.58,15.94,16.1,-0.16,-0.9938,222124.92,351696.073
300140.SZ,20250115,5.8,5.8,5.65,5.7,5.78,-0.08,-1.3841,84329.81,48074.553
300141.SZ,20250115,9.88,9.89,9.26,9.28,9.88,-0.6,-6.0729,156867.0,148290.979
300142.SZ,20250115,11.61,11.65,11.42,11.53,11.63,-0.1,-0.8598,181923.82,209349.256
300143.SZ,20250115,8.71,8.71,8.49,8.54,8.7,-0.16,-1.8391,38510.93,32991.255
300144.SZ,20250115,8.52,8.66,8.47,8.56,8.54,0.02,0.2342,336517.36,288653.96
300145.SZ,20250115,3.65,3.69,3.56,3.58,3.67,-0.09,-2.4523,664649.64,239632.177
300146.SZ,20250115,11.66,11.68,11.55,11.58,11.67,-0.09,-0.7712,71286.89,82664.78
300147.SZ,20250115,10.35,10.63,10.07,10.28,10.28,0.0,0.0,330824.0,341379.408
300148.SZ,20250115,3.69,3.82,3.67,3.73,3.65,0.08,2.1918,607855.09,227558.992
300149.SZ,20250115,6.2,6.2,6.04,6.14,6.17,-0.03,-0.4862,70578.0,43119.889
300150.SZ,20250115,4.36,4.75,4.26,4.45,4.35,0.1,2.2989,337669.04,151472.173
300151.SZ,20250115,16.09,16.16,15.69,15.81,16.01,-0.2,-1.2492,56972.0,90322.663
300152.SZ,20250115,4.97,5.02,4.74,4.81,4.92,-0.11,-2.2358,514536.0,249300.616
300153.SZ,20250115,13.35,13.65,12.58,12.7,13.43,-0.73,-5.4356,283528.46,372543.391
300154.SZ,20250115,11.48,11.66,11.24,11.29,11.69,-0.4,-3.4217,246397.0,280815.708
300155.SZ,20250115,4.69,4.78,4.63,4.69,4.69,0.0,0.0,121112.0,56929.809
300157.SZ,20250115,2.98,2.99,2.87,2.9,2.96,-0.06,-2.027,185130.0,53939.581
300158.SZ,20250115,4.45,4.48,4.34,4.4,4.49,-0.09,-2.0045,351846.16,154573.525
300159.SZ,20250115,2.62,2.66,2.56,2.61,2.62,-0.01,-0.3817,560187.0,146169.284
300160.SZ,20250115,5.24,5.3,5.19,5.27,5.23,0.04,0.7648,87793.0,46113.093
300161.SZ,20250115,26.36,26.36,25.76,25.78,26.17,-0.39,-1.4903,22103.0,57435.433
300162.SZ,20250115,7.17,7.25,7.05,7.11,7.14,-0.03,-0.4202,117988.0,84199.01
300163.SZ,20250115,2.32,2.34,2.27,2.28,2.33,-0.05,-2.1459,80881.0,18576.336
300164.SZ,20250115,4.3,4.32,4.22,4.25,4.34,-0.09,-2.0737,328345.0,139903.058
300165.SZ,20250115,2.94,2.98,2.9,2.93,2.94,-0.01,-0.3401,71246.0,20877.131
300166.SZ,20250115,8.9,10.5,8.8,9.93,8.9,1.03,11.573,1026828.01,991140.649
300167.SZ,20250115,2.77,2.85,2.64,2.69,2.8,-0.11,-3.9286,364127.0,98891.611
300168.SZ,20250115,7.35,7.37,7.21,7.29,7.36,-0.07,-0.9511,173932.0,126614.066
300169.SZ,20250115,7.5,7.54,7.35,7.39,7.5,-0.11,-1.4667,127730.0,94797.412
300170.SZ,20250115,12.45,12.76,12.08,12.5,12.46,0.04,0.321,1051005.75,1307979.953
300171.SZ,20250115,12.73,12.73,12.45,12.57,12.66,-0.09,-0.7109,47914.03,60077.067
300172.SZ,20250115,4.99,5.0,4.91,4.92,5.04,-0.12,-2.381,206846.34,102204.267
300173.SZ,20250115,5.82,5.89,5.69,5.78,5.85,-0.07,-1.1966,506094.0,292156.892
300174.SZ,20250115,15.37,15.49,15.05,15.08,15.49,-0.41,-2.6469,124896.57,190015.416
300175.SZ,20250115,5.48,5.57,5.39,5.48,5.47,0.01,0.1828,106429.0,58343.266
300176.SZ,20250115,6.81,6.82,6.63,6.66,6.76,-0.1,-1.4793,74218.0,49617.703
300177.SZ,20250115,10.73,10.83,10.5,10.55,10.77,-0.22,-2.0427,383477.5,407174.609
300179.SZ,20250115,10.27,10.48,10.08,10.14,10.27,-0.13,-1.2658,257030.72,262593.465
300180.SZ,20250115,6.3,6.33,6.17,6.22,6.29,-0.07,-1.1129,405627.23,252638.997
300181.SZ,20250115,15.0,15.11,14.88,14.94,15.03,-0.09,-0.5988,79710.56,119314.034
300182.SZ,20250115,5.9,6.04,5.81,5.91,5.93,-0.02,-0.3373,1566714.49,922010.965
300183.SZ,20250115,15.73,16.15,15.63,15.76,15.71,0.05,0.3183,120875.0,191726.518
300184.SZ,20250115,9.08,9.15,8.97,9.0,9.07,-0.07,-0.7718,496806.98,449499.32
300185.SZ,20250115,2.5,2.51,2.43,2.46,2.5,-0.04,-1.6,569436.76,139957.06
300187.SZ,20250115,4.93,4.95,4.85,4.89,4.91,-0.02,-0.4073,43216.0,21162.695
300188.SZ,20250115,13.16,13.28,12.98,13.09,13.18,-0.09,-0.6829,118044.3,154909.197
300189.SZ,20250115,3.78,3.94,3.77,3.88,3.82,0.06,1.5707,962994.32,371475.319
300190.SZ,20250115,3.39,3.41,3.33,3.38,3.39,-0.01,-0.295,37755.98,12729.166
300191.SZ,20250115,13.8,13.82,13.07,13.14,13.8,-0.66,-4.7826,71982.0,95818.435
300192.SZ,20250115,15.91,16.55,15.84,16.14,16.08,0.06,0.3731,285716.59,462590.084
300193.SZ,20250115,9.2,9.22,9.09,9.13,9.2,-0.07,-0.7609,74483.0,68167.928
300194.SZ,20250115,4.33,4.35,4.27,4.3,4.34,-0.04,-0.9217,180844.25,77839.721
300195.SZ,20250115,5.69,5.73,5.56,5.65,5.69,-0.04,-0.703,83617.0,47244.973
300196.SZ,20250115,10.43,10.48,10.32,10.41,10.43,-0.02,-0.1918,16676.0,17352.161
300197.SZ,20250115,2.23,2.23,2.16,2.19,2.22,-0.03,-1.3514,560020.39,122761.844
300198.SZ,20250115,2.08,2.1,2.0,2.04,2.07,-0.03,-1.4493,377299.2,77124.315
300199.SZ,20250115,11.85,11.85,11.51,11.53,11.82,-0.29,-2.4535,196819.2,228937.136
300200.SZ,20250115,8.56,8.71,8.47,8.48,8.64,-0.16,-1.8519,81682.0,70010.895
300201.SZ,20250115,5.26,5.28,5.13,5.15,5.27,-0.12,-2.277,241939.33,125692.234
300203.SZ,20250115,15.4,15.94,15.11,15.37,15.4,-0.03,-0.1948,107439.0,166527.754
300204.SZ,20250115,6.98,6.98,6.79,6.82,6.95,-0.13,-1.8705,39366.51,26969.981
300205.SZ,20250115,4.17,4.17,4.09,4.12,4.18,-0.06,-1.4354,56986.0,23495.59
300206.SZ,20250115,10.82,10.85,10.65,10.75,10.82,-0.07,-0.647,54613.0,58680.775
300207.SZ,20250115,21.2,21.24,20.91,21.02,21.32,-0.3,-1.4071,183604.0,386076.682
300208.SZ,20250115,2.72,2.73,2.66,2.69,2.74,-0.05,-1.8248,108298.0,29072.299
300209.SZ,20250115,5.06,5.07,4.93,4.96,5.06,-0.1,-1.9763,57798.0,28758.585
300210.SZ,20250115,9.83,9.94,9.65,9.7,9.84,-0.14,-1.4228,81468.0,79622.565
300211.SZ,20250115,7.77,7.92,7.55,7.68,7.71,-0.03,-0.3891,130428.92,100520.998
300212.SZ,20250115,21.71,21.97,21.26,21.47,21.64,-0.17,-0.7856,111718.4,240686.882
300213.SZ,20250115,7.57,7.6,7.48,7.51,7.6,-0.09,-1.1842,126676.0,95521.111
300214.SZ,20250115,5.9,5.9,5.64,5.65,5.9,-0.25,-4.2373,71890.0,41222.165
300215.SZ,20250115,5.79,5.85,5.74,5.77,5.79,-0.02,-0.3454,58385.0,33800.158
300217.SZ,20250115,4.56,4.62,4.48,4.53,4.54,-0.01,-0.2203,285398.0,129686.214
300218.SZ,20250115,16.22,16.48,16.04,16.42,16.16,0.26,1.6089,71999.0,117556.627
300219.SZ,20250115,7.01,7.11,6.92,7.04,7.01,0.03,0.428,144407.59,101400.355
300220.SZ,20250115,13.7,14.6,13.35,14.34,13.58,0.76,5.5965,208936.21,292904.16
300221.SZ,20250115,5.63,5.67,5.55,5.58,5.64,-0.06,-1.0638,115933.0,64855.819
300222.SZ,20250115,10.21,10.31,10.0,10.1,10.17,-0.07,-0.6883,320345.8,324500.204
300223.SZ,20250115,64.75,65.2,63.94,64.17,64.75,-0.58,-0.8958,80810.67,521028.788
300224.SZ,20250115,13.35,13.63,13.05,13.31,13.44,-0.13,-0.9673,484192.97,644858.095
300225.SZ,20250115,6.78,7.26,6.72,7.1,6.8,0.3,4.4118,197060.4,138736.795
300226.SZ,20250115,21.05,21.37,20.92,21.09,21.18,-0.09,-0.4249,71860.6,151845.604
300227.SZ,20250115,8.08,8.1,7.94,7.96,8.08,-0.12,-1.4851,120979.0,96977.833
300228.SZ,20250115,7.0,7.01,6.89,6.91,7.0,-0.09,-1.2857,115491.6,80226.674
300229.SZ,20250115,18.88,19.75,18.87,19.14,18.88,0.26,1.3771,620787.88,1195886.677
300230.SZ,20250115,4.3,4.34,4.26,4.29,4.31,-0.02,-0.464,90003.6,38720.536
300231.SZ,20250115,11.87,12.12,11.77,11.83,11.98,-0.15,-1.2521,314680.67,374782.156
300232.SZ,20250115,6.47,6.49,6.35,6.43,6.48,-0.05,-0.7716,194732.0,125030.706
300233.SZ,20250115,11.65,11.7,11.47,11.55,11.72,-0.17,-1.4505,42700.0,49380.808
300234.SZ,20250115,4.68,4.79,4.61,4.67,4.69,-0.02,-0.4264,53720.0,25061.221
300235.SZ,20250115,10.5,10.62,10.36,10.41,10.5,-0.09,-0.8571,73851.0,77288.269
300236.SZ,20250115,36.37,36.57,35.97,36.19,36.53,-0.34,-0.9307,24672.0,89181.914
300237.SZ,20250115,2.08,2.11,2.03,2.08,2.08,0.0,0.0,451313.55,93399.388
300238.SZ,20250115,11.95,12.05,11.75,11.8,11.95,-0.15,-1.2552,40034.42,47669.358
300239.SZ,20250115,5.18,5.18,5.07,5.09,5.2,-0.11,-2.1154,98617.0,50431.924
300240.SZ,20250115,6.5,6.53,6.35,6.37,6.45,-0.08,-1.2403,58417.75,37505.938
300241.SZ,20250115,5.28,5.28,5.18,5.21,5.25,-0.04,-0.7619,162210.0,84737.928
300242.SZ,20250115,4.89,5.5,4.89,5.5,4.58,0.92,20.0873,1810783.86,947596.045
300243.SZ,20250115,9.36,9.38,9.18,9.2,9.32,-0.12,-1.2876,34441.05,31854.857
300244.SZ,20250115,10.7,10.76,10.54,10.63,10.74,-0.11,-1.0242,79694.23,84662.35
300245.SZ,20250115,13.7,13.95,13.26,13.35,13.85,-0.5,-3.6101,373805.02,508088.402
300246.SZ,20250115,6.46,6.48,6.32,6.37,6.45,-0.08,-1.2403,40986.17,26196.376
300247.SZ,20250115,3.57,3.6,3.51,3.55,3.57,-0.02,-0.5602,117207.0,41637.365
300248.SZ,20250115,9.47,9.57,9.36,9.39,9.49,-0.1,-1.0537,89747.81,84739.484
300249.SZ,20250115,13.66,13.86,13.13,13.25,13.79,-0.54,-3.9159,665340.43,890543.435
300250.SZ,20250115,13.76,14.18,13.58,13.79,13.74,0.05,0.3639,72532.0,100748.425
300251.SZ,20250115,9.0,9.02,8.88,8.9,8.99,-0.09,-1.0011,329409.85,294413.892
300252.SZ,20250115,9.08,9.17,8.85,8.88,9.09,-0.21,-2.3102,379344.4,340144.141
300253.SZ,20250115,6.52,6.55,6.37,6.44,6.52,-0.08,-1.227,252129.51,162405.726
300254.SZ,20250115,8.33,8.36,8.23,8.26,8.34,-0.08,-0.9592,38715.0,32025.537
300255.SZ,20250115,18.83,19.42,18.83,18.91,18.87,0.04,0.212,201788.37,384609.355
300256.SZ,20250115,4.39,4.48,4.25,4.34,4.36,-0.02,-0.4587,988725.5,429959.794
300257.SZ,20250115,9.66,9.85,9.6,9.69,9.7,-0.01,-0.1031,140969.0,137002.006
300258.SZ,20250115,9.28,9.35,9.2,9.29,9.28,0.01,0.1078,81017.29,75163.248
300259.SZ,20250115,3.42,3.43,3.34,3.37,3.42,-0.05,-1.462,106592.8,35972.977
300260.SZ,20250115,25.53,25.72,24.87,25.13,25.61,-0.48,-1.8743,102217.71,257352.375
300261.SZ,20250115,6.71,6.74,6.51,6.58,6.69,-0.11,-1.6442,144005.0,94735.731
300263.SZ,20250115,7.0,7.08,6.9,6.93,7.03,-0.1,-1.4225,125692.0,87507.947
300264.SZ,20250115,5.54,5.64,5.48,5.52,5.54,-0.02,-0.361,213574.0,118614.996
300265.SZ,20250115,7.72,7.81,7.63,7.68,7.74,-0.06,-0.7752,59554.0,45848.388
300266.SZ,20250115,2.62,2.65,2.54,2.61,2.62,-0.01,-0.3817,284359.0,73809.931
300267.SZ,20250115,2.65,2.67,2.6,2.64,2.66,-0.02,-0.7519,226906.22,59740.308
300268.SZ,20250115,6.42,7.7,6.39,7.7,6.42,1.28,19.9377,50452.65,36467.662
300269.SZ,20250115,4.16,4.19,4.02,4.12,4.07,0.05,1.2285,268725.03,110392.366
300270.SZ,20250115,7.2,7.29,7.07,7.15,7.2,-0.05,-0.6944,120725.0,86486.059
300271.SZ,20250115,6.76,6.83,6.63,6.74,6.75,-0.01,-0.1481,127944.11,85967.828
300272.SZ,20250115,5.83,5.83,5.72,5.74,5.82,-0.08,-1.3746,65582.34,37782.566
300274.SZ,20250115,73.11,74.17,72.01,73.25,73.88,-0.63,-0.8527,304085.6,2218361.122
300275.SZ,20250115,13.18,13.3,12.93,13.22,13.18,0.04,0.3035,84497.4,111217.949
300276.SZ,20250115,11.17,11.33,10.82,11.08,11.52,-0.44,-3.8194,2274486.2,2522307.369
300277.SZ,20250115,10.97,11.08,10.8,10.89,10.95,-0.06,-0.5479,82516.0,90101.612
300278.SZ,20250115,6.2,6.26,6.1,6.12,6.27,-0.15,-2.3923,652159.61,401312.895
300279.SZ,20250115,6.14,6.17,6.03,6.07,6.14,-0.07,-1.1401,102159.0,62274.965
300280.SZ,20250115,18.38,18.84,17.69,17.74,17.73,0.01,0.0564,269000.09,491063.004
300281.SZ,20250115,5.6,5.6,5.45,5.49,5.54,-0.05,-0.9025,71493.0,39302.515
300283.SZ,20250115,5.54,5.59,5.45,5.48,5.55,-0.07,-1.2613,66902.0,36822.614
300284.SZ,20250115,9.9,10.07,9.75,9.79,9.9,-0.11,-1.1111,253419.0,250307.326
300285.SZ,20250115,16.84,16.89,16.46,16.52,16.82,-0.3,-1.7836,75001.57,124675.233
300286.SZ,20250115,20.01,20.15,19.36,19.5,20.09,-0.59,-2.9368,56437.0,110880.78
300287.SZ,20250115,4.25,4.32,4.19,4.25,4.23,0.02,0.4728,718541.94,305307.221
300288.SZ,20250115,14.42,14.55,14.28,14.43,14.4,0.03,0.2083,84371.37,121607.309
300289.SZ,20250115,4.81,4.86,4.73,4.78,4.81,-0.03,-0.6237,42816.0,20500.982
300290.SZ,20250115,19.3,19.45,18.59,18.8,19.39,-0.59,-3.0428,376780.54,713528.902
300291.SZ,20250115,4.98,5.07,4.9,5.0,4.92,0.08,1.626,334809.25,167010.428
300292.SZ,20250115,5.07,5.21,5.01,5.08,5.1,-0.02,-0.3922,1007612.0,515553.665
300293.SZ,20250115,22.88,23.0,22.44,22.54,22.95,-0.41,-1.7865,113896.0,258251.329
300294.SZ,20250115,29.11,29.22,28.9,29.06,29.24,-0.18,-0.6156,23721.99,68830.09
300295.SZ,20250115,15.74,15.93,15.56,15.64,15.72,-0.08,-0.5089,63179.8,99351.237
300296.SZ,20250115,6.37,6.38,6.18,6.26,6.38,-0.12,-1.8809,1701316.22,1065128.061
300298.SZ,20250115,23.31,23.35,22.6,22.74,23.34,-0.6,-2.5707,47411.23,108176.307
300299.SZ,20250115,5.7,6.71,5.66,6.71,5.59,1.12,20.0358,2006622.22,1296799.916
300300.SZ,20250115,2.67,2.71,2.63,2.65,2.67,-0.02,-0.7491,126349.0,33681.062
300301.SZ,20250115,1.88,2.02,1.88,1.95,1.9,0.05,2.6316,182113.0,35668.975
300302.SZ,20250115,14.58,14.67,14.33,14.39,14.6,-0.21,-1.4384,120319.0,174348.28
300303.SZ,20250115,6.4,6.47,6.32,6.35,6.43,-0.08,-1.2442,308289.52,196286.041
300304.SZ,20250115,8.12,8.24,8.07,8.1,8.17,-0.07,-0.8568,129068.0,105081.215
300305.SZ,20250115,5.36,5.4,5.25,5.32,5.35,-0.03,-0.5607,44474.0,23642.366
300306.SZ,20250115,11.13,11.14,10.92,10.98,11.1,-0.12,-1.0811,31409.0,34613.664
300308.SZ,20250115,113.21,113.38,110.23,110.54,114.35,-3.81,-3.3319,293297.35,3263095.817
300310.SZ,20250115,7.54,7.73,7.4,7.44,7.67,-0.23,-2.9987,647753.06,487622.469
300311.SZ,20250115,5.95,6.35,5.75,6.02,5.83,0.19,3.259,471660.45,283905.466
300313.SZ,20250115,6.0,6.03,5.83,5.92,6.06,-0.14,-2.3102,46853.77,27717.017
300314.SZ,20250115,10.83,10.83,10.6,10.68,10.78,-0.1,-0.9276,19874.0,21229.113
300315.SZ,20250115,5.46,5.55,5.42,5.45,5.46,-0.01,-0.1832,1036503.02,568450.248
300316.SZ,20250115,29.51,30.1,29.16,29.65,29.55,0.1,0.3384,124128.31,367873.951
300317.SZ,20250115,3.63,3.65,3.54,3.58,3.62,-0.04,-1.105,141519.0,50815.856
300318.SZ,20250115,5.49,5.49,5.37,5.38,5.46,-0.08,-1.4652,36968.0,19965.869
300319.SZ,20250115,12.1,12.19,11.96,12.01,12.1,-0.09,-0.7438,207747.88,250156.175
300320.SZ,20250115,9.27,9.33,9.14,9.17,9.27,-0.1,-1.0787,74576.0,68626.758
300321.SZ,20250115,21.97,22.34,21.57,21.72,21.9,-0.18,-0.8219,16967.0,37113.737
300322.SZ,20250115,12.95,13.15,12.74,12.8,13.01,-0.21,-1.6141,142606.0,183801.235
300323.SZ,20250115,8.19,8.43,7.8,7.96,8.2,-0.24,-2.9268,1300523.95,1052119.692
300324.SZ,20250115,3.29,3.32,3.22,3.26,3.29,-0.03,-0.9119,536643.0,175223.753
300326.SZ,20250115,7.45,7.79,7.36,7.71,7.48,0.23,3.0749,244820.81,187637.654
300327.SZ,20250115,23.29,23.56,23.13,23.26,23.39,-0.13,-0.5558,66392.69,154872.615
300328.SZ,20250115,8.41,8.57,8.1,8.25,8.43,-0.18,-2.1352,423054.41,350717.518
300329.SZ,20250115,5.3,5.48,5.23,5.35,5.29,0.06,1.1342,76273.0,40804.595
300331.SZ,20250115,20.85,20.86,20.44,20.48,20.82,-0.34,-1.633,46020.0,94895.203
300332.SZ,20250115,4.94,4.96,4.86,4.88,4.93,-0.05,-1.0142,86034.7,42193.613
300333.SZ,20250115,16.31,16.46,15.71,15.84,16.48,-0.64,-3.8835,565134.93,907227.003
300334.SZ,20250115,5.62,5.71,5.52,5.55,5.63,-0.08,-1.421,49207.0,27521.763
300335.SZ,20250115,4.75,4.8,4.7,4.77,4.76,0.01,0.2101,99837.0,47456.555
300337.SZ,20250115,11.28,11.6,11.24,11.28,11.24,0.04,0.3559,482679.6,549990.604
300338.SZ,20250115,4.17,4.49,4.12,4.3,4.17,0.13,3.1175,146485.0,63309.858
300339.SZ,20250115,50.88,51.16,49.1,49.32,51.65,-2.33,-4.5111,812532.1,4051106.269
300340.SZ,20250115,9.77,9.88,9.56,9.7,9.71,-0.01,-0.103,49935.02,48314.522
300341.SZ,20250115,17.55,18.78,17.42,17.49,17.53,-0.04,-0.2282,238631.92,429341.489
300342.SZ,20250115,16.5,16.8,16.16,16.21,16.13,0.08,0.496,272036.46,449016.459
300343.SZ,20250115,5.45,5.49,5.35,5.39,5.45,-0.06,-1.1009,153689.4,83164.488
300344.SZ,20250115,7.8,8.45,7.29,7.63,7.22,0.41,5.6787,2304406.17,1816592.195
300345.SZ,20250115,5.36,5.51,5.27,5.35,5.36,-0.01,-0.1866,57684.0,30973.058
300346.SZ,20250115,37.82,38.04,37.41,37.53,38.03,-0.5,-1.3148,123731.67,465842.059
300347.SZ,20250115,50.34,50.57,49.42,50.21,50.6,-0.39,-0.7708,106253.33,530514.806
300348.SZ,20250115,13.12,13.33,12.82,12.95,13.15,-0.2,-1.5209,326990.21,424385.217
300349.SZ,20250115,12.72,12.77,12.54,12.65,12.72,-0.07,-0.5503,58679.16,74303.789
300350.SZ,20250115,5.31,5.36,5.24,5.27,5.31,-0.04,-0.7533,108396.0,57416.634
300351.SZ,20250115,17.24,17.35,16.87,16.95,17.25,-0.3,-1.7391,92886.12,158624.809
300352.SZ,20250115,5.12,5.18,5.05,5.1,5.13,-0.03,-0.5848,348038.11,177855.774
300353.SZ,20250115,11.25,11.29,10.98,11.06,11.26,-0.2,-1.7762,102436.58,114035.42
300354.SZ,20250115,38.07,38.48,37.62,38.02,38.3,-0.28,-0.7311,44828.0,170409.323
300355.SZ,20250115,4.8,4.83,4.7,4.72,4.81,-0.09,-1.8711,482281.0,228920.125
300357.SZ,20250115,19.27,19.36,19.04,19.08,19.35,-0.27,-1.3953,34881.0,66670.218
300358.SZ,20250115,6.63,6.67,6.56,6.61,6.65,-0.04,-0.6015,63157.05,41745.457
300359.SZ,20250115,5.22,5.28,5.14,5.18,5.22,-0.04,-0.7663,126508.0,65938.437
300360.SZ,20250115,16.8,16.88,16.61,16.66,16.82,-0.16,-0.9512,71932.54,120430.834
300363.SZ,20250115,15.33,15.36,15.06,15.2,15.38,-0.18,-1.1704,58777.0,89147.916
300364.SZ,20250115,24.22,26.51,24.12,24.98,23.88,1.1,4.6064,864938.87,2181516.128
300365.SZ,20250115,6.53,6.56,6.2,6.29,6.63,-0.34,-5.1282,552627.91,347957.706
300366.SZ,20250115,8.83,8.89,8.67,8.73,8.83,-0.1,-1.1325,140040.94,122624.227
300368.SZ,20250115,4.44,4.54,4.39,4.5,4.45,0.05,1.1236,128246.04,57311.053
300369.SZ,20250115,6.84,6.95,6.7,6.81,6.77,0.04,0.5908,207101.0,141060.244
300370.SZ,20250115,3.13,3.13,3.03,3.08,3.11,-0.03,-0.9646,486396.59,149674.805
300371.SZ,20250115,9.41,9.42,9.21,9.26,9.36,-0.1,-1.0684,26155.2,24337.73
300373.SZ,20250115,42.5,43.08,42.31,42.59,42.8,-0.21,-0.4907,73149.54,312005.849
300374.SZ,20250115,17.06,17.58,16.93,17.18,17.2,-0.02,-0.1163,105154.0,180983.663
300375.SZ,20250115,4.5,4.58,4.47,4.51,4.52,-0.01,-0.2212,126121.82,56960.015
300376.SZ,20250115,3.5,3.52,3.43,3.45,3.51,-0.06,-1.7094,112767.9,39060.978
300377.SZ,20250115,28.57,29.15,28.2,28.51,29.56,-1.05,-3.5521,1233457.75,3523134.345
300378.SZ,20250115,25.06,25.24,24.66,24.71,25.04,-0.33,-1.3179,98628.0,245668.225
300379.SZ,20250115,14.61,14.75,14.4,14.46,14.57,-0.11,-0.755,185973.8,270840.073
300380.SZ,20250115,53.0,55.5,52.12,52.42,51.67,0.75,1.4515,292067.83,1569757.153
300381.SZ,20250115,6.91,6.95,6.8,6.84,6.91,-0.07,-1.013,32973.39,22570.064
300382.SZ,20250115,10.69,10.92,10.52,10.76,10.75,0.01,0.093,234840.04,252272.951
300383.SZ,20250115,14.14,14.37,13.86,13.98,14.14,-0.16,-1.1315,931127.37,1307628.273
300384.SZ,20250115,16.4,16.4,15.94,16.02,16.42,-0.4,-2.4361,68444.0,110488.591
300385.SZ,20250115,4.83,4.9,4.74,4.8,4.83,-0.03,-0.6211,43247.56,20721.37
300386.SZ,20250115,15.55,15.67,15.25,15.35,15.55,-0.2,-1.2862,192431.0,297448.805
300387.SZ,20250115,8.19,8.19,8.06,8.11,8.19,-0.08,-0.9768,61996.0,50311.894
300388.SZ,20250115,7.2,7.24,7.1,7.12,7.19,-0.07,-0.9736,37982.0,27158.496
300389.SZ,20250115,10.82,10.82,10.53,10.56,10.82,-0.26,-2.403,43595.66,46345.343
300390.SZ,20250115,22.66,22.89,22.27,22.55,22.66,-0.11,-0.4854,118115.5,266947.356
300391.SZ,20250115,4.95,4.98,4.73,4.81,4.86,-0.05,-1.0288,118745.5,57135.116
300393.SZ,20250115,5.85,6.06,5.73,5.93,5.84,0.09,1.5411,290158.6,171370.87
300394.SZ,20250115,89.01,89.59,86.01,86.02,89.98,-3.96,-4.401,172281.29,1499996.269
300395.SZ,20250115,40.0,40.11,38.84,39.02,39.96,-0.94,-2.3524,52552.72,206728.851
300396.SZ,20250115,14.97,14.97,14.66,14.71,14.87,-0.16,-1.076,31373.0,46235.946
300397.SZ,20250115,10.68,10.72,10.5,10.55,10.69,-0.14,-1.3096,78456.72,83140.578
300398.SZ,20250115,15.39,15.5,15.27,15.33,15.45,-0.12,-0.7767,85674.0,131672.336
300399.SZ,20250115,23.66,24.88,23.47,24.13,23.89,0.24,1.0046,258928.99,625178.039
300400.SZ,20250115,16.14,16.15,15.77,15.86,16.05,-0.19,-1.1838,41711.0,66283.965
300401.SZ,20250115,14.37,14.49,14.08,14.09,14.62,-0.53,-3.6252,164534.78,234057.853
300402.SZ,20250115,14.23,14.3,14.12,14.16,14.26,-0.1,-0.7013,24382.0,34639.282
300403.SZ,20250115,12.52,12.52,11.88,12.04,12.52,-0.48,-3.8339,841153.5,1018213.705
300404.SZ,20250115,8.28,8.34,8.22,8.25,8.34,-0.09,-1.0791,54662.86,45182.543
300405.SZ,20250115,4.65,4.7,4.56,4.64,4.67,-0.03,-0.6424,112719.81,52249.146
300406.SZ,20250115,12.95,12.95,12.69,12.77,12.95,-0.18,-1.39,39968.07,51005.658
300407.SZ,20250115,10.4,10.52,10.17,10.44,10.29,0.15,1.4577,70703.77,73275.659
300408.SZ,20250115,37.0,37.66,36.55,36.87,37.0,-0.13,-0.3514,118653.79,440885.459
300409.SZ,20250115,13.01,13.34,13.01,13.15,13.1,0.05,0.3817,219285.41,288403.013
300410.SZ,20250115,5.25,5.28,5.12,5.16,5.23,-0.07,-1.3384,86332.45,44705.174
300411.SZ,20250115,12.89,13.07,12.7,12.79,12.9,-0.11,-0.8527,109020.0,140387.478
300412.SZ,20250115,5.13,5.16,4.89,4.98,5.23,-0.25,-4.7801,405380.96,202533.997
300413.SZ,20250115,26.39,26.76,26.2,26.48,26.39,0.09,0.341,91976.6,243470.469
300414.SZ,20250115,7.62,7.68,7.52,7.58,7.59,-0.01,-0.1318,37887.0,28758.841
300415.SZ,20250115,20.79,20.84,20.3,20.33,20.85,-0.52,-2.494,79435.0,162980.706
300416.SZ,20250115,11.33,11.4,11.18,11.2,11.35,-0.15,-1.3216,72682.04,81837.433
300417.SZ,20250115,11.39,11.39,11.01,11.07,11.23,-0.16,-1.4248,24626.0,27402.631
300418.SZ,20250115,37.1,37.59,36.62,36.75,37.1,-0.35,-0.9434,394683.1,1465333.296
300419.SZ,20250115,4.25,4.27,4.18,4.23,4.25,-0.02,-0.4706,125263.6,52952.843
300420.SZ,20250115,3.12,3.14,3.01,3.06,3.1,-0.04,-1.2903,418060.22,127714.884
300421.SZ,20250115,12.33,12.49,12.18,12.24,12.4,-0.16,-1.2903,204227.84,251328.665
300423.SZ,20250115,6.72,6.76,6.51,6.6,6.72,-0.12,-1.7857,89323.3,59214.088
300424.SZ,20250115,15.63,15.72,15.37,15.39,15.62,-0.23,-1.4725,83625.03,129808.74
300425.SZ,20250115,5.14,5.19,5.05,5.14,5.11,0.03,0.5871,227465.06,116236.523
300426.SZ,20250115,10.7,10.8,10.28,10.38,10.76,-0.38,-3.5316,112910.0,118228.657
300427.SZ,20250115,5.7,5.75,5.61,5.67,5.7,-0.03,-0.5263,118412.0,67290.15
300428.SZ,20250115,15.96,15.98,15.68,15.84,15.96,-0.12,-0.7519,36928.2,58346.404
300429.SZ,20250115,11.69,11.7,11.41,11.46,11.69,-0.23,-1.9675,123382.95,142469.292
300430.SZ,20250115,16.14,16.48,15.92,16.07,16.23,-0.16,-0.9858,169260.05,273472.487
300432.SZ,20250115,16.78,16.93,16.36,16.43,16.77,-0.34,-2.0274,418052.57,692516.322
300433.SZ,20250115,25.8,25.8,23.39,23.79,26.6,-2.81,-10.5639,2445023.12,5900538.182
300434.SZ,20250115,8.86,8.92,8.56,8.7,8.95,-0.25,-2.7933,217428.68,188932.679
300435.SZ,20250115,11.72,11.8,11.61,11.66,11.72,-0.06,-0.5119,35410.0,41430.425
300436.SZ,20250115,33.1,33.25,32.02,32.38,33.35,-0.97,-2.9085,31303.0,102004.121
300437.SZ,20250115,8.91,9.37,8.75,9.12,8.91,0.21,2.3569,95985.0,87540.107
300438.SZ,20250115,27.41,27.74,27.02,27.16,27.55,-0.39,-1.4156,80066.0,218203.293
300439.SZ,20250115,10.11,10.13,10.0,10.11,10.12,-0.01,-0.0988,26725.67,26926.311
300440.SZ,20250115,7.3,7.35,7.18,7.22,7.29,-0.07,-0.9602,93010.45,67532.65
300441.SZ,20250115,8.55,8.7,8.51,8.56,8.65,-0.09,-1.0405,108141.0,92837.511
300442.SZ,20250115,53.2,54.19,51.74,52.37,54.6,-2.23,-4.0842,461219.71,2441947.184
300443.SZ,20250115,20.49,20.52,19.95,20.05,20.49,-0.44,-2.1474,52346.62,105153.325
300444.SZ,20250115,6.57,6.63,6.46,6.53,6.59,-0.06,-0.9105,133159.78,86805.048
300445.SZ,20250115,16.7,16.9,16.5,16.68,16.54,0.14,0.8464,31371.2,52420.324
300446.SZ,20250115,16.36,16.48,16.19,16.35,16.42,-0.07,-0.4263,100948.95,164804.866
300447.SZ,20250115,13.05,13.05,12.69,12.76,12.97,-0.21,-1.6191,46879.0,60014.294
300448.SZ,20250115,6.92,6.98,6.68,6.82,6.8,0.02,0.2941,346740.29,235525.522
300449.SZ,20250115,8.0,8.42,7.91,8.29,7.96,0.33,4.1457,121145.2,99735.195
300450.SZ,20250115,19.49,19.65,19.22,19.3,19.57,-0.27,-1.3797,183424.9,355767.027
300451.SZ,20250115,4.36,4.37,4.25,4.3,4.33,-0.03,-0.6928,361954.88,155586.474
300452.SZ,20250115,11.65,11.75,11.52,11.57,11.67,-0.1,-0.8569,15539.5,18027.224
300453.SZ,20250115,7.43,7.43,7.25,7.28,7.43,-0.15,-2.0188,36977.6,27108.655
300454.SZ,20250115,54.49,54.6,53.61,54.28,54.59,-0.31,-0.5679,34668.82,187781.451
300455.SZ,20250115,12.75,12.79,12.49,12.54,12.76,-0.22,-1.7241,73488.0,92902.805
300456.SZ,20250115,16.79,17.4,16.68,16.76,16.71,0.05,0.2992,194899.79,332121.121
300457.SZ,20250115,18.32,18.45,18.07,18.2,18.41,-0.21,-1.1407,86744.0,157790.998
300458.SZ,20250115,38.99,41.0,38.78,39.94,39.11,0.83,2.1222,527660.22,2115582.463
300459.SZ,20250115,5.93,6.28,5.86,6.04,5.92,0.12,2.027,4433226.76,2687452.302
300460.SZ,20250115,12.01,12.07,11.76,11.81,11.99,-0.18,-1.5013,69607.0,82726.127
300461.SZ,20250115,18.71,18.71,18.25,18.33,18.63,-0.3,-1.6103,17519.3,32257.522
300462.SZ,20250115,9.15,9.27,9.0,9.06,9.15,-0.09,-0.9836,42571.0,38675.88
300463.SZ,20250115,12.62,12.64,12.45,12.54,12.65,-0.11,-0.8696,37838.38,47308.951
300464.SZ,20250115,5.18,5.41,5.15,5.24,5.2,0.04,0.7692,232857.0,122646.747
300465.SZ,20250115,16.33,16.63,16.03,16.12,16.49,-0.37,-2.2438,435241.6,709977.84
300466.SZ,20250115,7.75,7.78,7.57,7.61,7.75,-0.14,-1.8065,92389.34,70699.663
300467.SZ,20250115,15.81,16.0,15.67,15.78,15.82,-0.04,-0.2528,41035.0,64971.38
300468.SZ,20250115,15.61,15.84,15.46,15.55,15.62,-0.07,-0.4481,225697.49,352646.683
300469.SZ,20250115,21.95,21.98,20.86,20.92,21.65,-0.73,-3.3718,107292.2,226965.604
300470.SZ,20250115,35.78,35.95,35.29,35.46,35.86,-0.4,-1.1154,27145.0,96554.767
300471.SZ,20250115,9.21,9.27,9.03,9.05,9.21,-0.16,-1.7372,37375.02,34042.193
300472.SZ,20250115,7.63,8.9,7.63,8.9,7.42,1.48,19.9461,385955.02,326167.698
300473.SZ,20250115,26.0,26.23,24.87,24.99,26.15,-1.16,-4.4359,99077.54,252147.068
300474.SZ,20250115,92.0,94.58,91.2,92.43,92.81,-0.38,-0.4094,173329.69,1609504.403
300475.SZ,20250115,28.06,28.27,27.76,27.82,28.08,-0.26,-0.9259,83197.94,232541.735
300476.SZ,20250115,48.56,48.97,47.54,48.28,48.61,-0.33,-0.6789,282714.86,1366039.251
300477.SZ,20250115,2.83,3.09,2.79,3.05,2.85,0.2,7.0175,706559.76,209121.694
300478.SZ,20250115,9.28,9.28,8.9,8.94,9.11,-0.17,-1.8661,22348.0,20194.128
300479.SZ,20250115,17.93,18.1,17.71,17.8,17.96,-0.16,-0.8909,61918.0,110714.963
300480.SZ,20250115,12.63,12.73,12.41,12.56,12.6,-0.04,-0.3175,23990.69,30181.704
300481.SZ,20250115,14.64,14.64,14.41,14.46,14.64,-0.18,-1.2295,34834.0,50592.892
300482.SZ,20250115,22.03,22.14,21.8,21.96,22.14,-0.18,-0.813,36433.5,79964.347
300483.SZ,20250115,8.5,8.54,8.33,8.35,8.53,-0.18,-2.1102,48231.0,40575.069
300484.SZ,20250115,20.36,20.46,19.85,19.92,20.08,-0.16,-0.7968,83630.0,167871.568
300485.SZ,20250115,6.8,6.8,6.69,6.71,6.8,-0.09,-1.3235,31164.0,20975.321
300486.SZ,20250115,6.96,7.03,6.87,6.92,6.98,-0.06,-0.8596,113009.5,78391.303
300487.SZ,20250115,48.86,48.86,46.58,46.6,48.85,-2.25,-4.6059,53076.56,251163.552
300488.SZ,20250115,26.85,26.99,26.4,26.72,26.92,-0.2,-0.7429,20241.0,53970.924
300489.SZ,20250115,52.76,53.38,51.96,53.08,53.0,0.08,0.1509,49413.5,259752.449
300490.SZ,20250115,7.6,7.66,7.47,7.53,7.6,-0.07,-0.9211,54794.0,41363.283
300491.SZ,20250115,15.83,16.3,15.68,15.89,15.75,0.14,0.8889,85056.0,135822.304
300492.SZ,20250115,66.48,66.48,65.23,65.45,66.08,-0.63,-0.9534,3188.0,20943.676
300493.SZ,20250115,31.1,35.3,30.8,33.4,31.7,1.7,5.3628,1372748.19,4520080.445
300494.SZ,20250115,11.76,12.22,11.64,11.86,11.65,0.21,1.8026,396297.22,473828.696
300496.SZ,20250115,53.0,54.3,52.31,52.86,53.23,-0.37,-0.6951,210838.7,1120115.51
300497.SZ,20250115,7.91,8.03,7.85,7.94,7.97,-0.03,-0.3764,64360.66,50951.454
300498.SZ,20250115,16.1,16.14,15.91,15.95,16.17,-0.22,-1.3605,309037.12,494429.472
300499.SZ,20250115,20.38,20.68,19.78,19.84,20.38,-0.54,-2.6497,301373.32,606635.039
300500.SZ,20250115,10.17,10.24,9.98,10.02,10.16,-0.14,-1.378,23138.2,23283.74
300501.SZ,20250115,12.99,13.11,12.85,13.04,12.92,0.12,0.9288,20023.0,26046.23
300502.SZ,20250115,112.54,113.53,109.76,111.7,113.69,-1.99,-1.7504,200873.19,2235527.905
300503.SZ,20250115,21.14,21.54,20.89,21.24,21.14,0.1,0.473,293288.5,622896.8
300504.SZ,20250115,15.51,15.54,15.11,15.17,15.45,-0.28,-1.8123,44094.0,67413.724
300505.SZ,20250115,14.6,15.53,14.51,14.8,14.28,0.52,3.6415,196123.73,293519.868
300506.SZ,20250115,3.28,3.28,3.2,3.24,3.25,-0.01,-0.3077,45481.4,14701.027
300507.SZ,20250115,6.54,6.63,6.46,6.53,6.55,-0.02,-0.3053,174307.05,114099.629
300508.SZ,20250115,27.21,27.39,26.85,26.94,27.19,-0.25,-0.9195,12059.2,32587.438
300509.SZ,20250115,8.1,8.26,7.95,7.97,8.16,-0.19,-2.3284,168312.2,136573.873
300510.SZ,20250115,4.13,4.23,4.05,4.11,4.12,-0.01,-0.2427,148575.0,61275.071
300511.SZ,20250115,3.43,3.45,3.35,3.39,3.44,-0.05,-1.4535,98161.0,33332.712
300512.SZ,20250115,6.88,6.89,6.73,6.8,6.85,-0.05,-0.7299,25196.0,17125.942
300513.SZ,20250115,8.66,8.72,8.46,8.49,8.69,-0.2,-2.3015,70095.63,59855.833
300514.SZ,20250115,13.98,14.09,13.83,13.97,13.98,-0.01,-0.0715,33550.0,46949.441
300515.SZ,20250115,12.28,12.67,12.11,12.44,12.31,0.13,1.0561,74776.87,92433.27
300516.SZ,20250115,32.94,33.1,32.41,32.49,32.96,-0.47,-1.426,10702.0,34953.027
300517.SZ,20250115,8.38,8.42,8.23,8.3,8.35,-0.05,-0.5988,21224.0,17617.343
300518.SZ,20250115,12.13,12.46,11.71,11.73,12.15,-0.42,-3.4568,60100.03,72366.52
300519.SZ,20250115,12.9,12.93,12.72,12.78,12.9,-0.12,-0.9302,12906.0,16536.754
300520.SZ,20250115,21.8,22.12,21.54,21.74,21.75,-0.01,-0.046,148872.0,324784.606
300521.SZ,20250115,20.29,20.9,19.41,19.57,20.04,-0.47,-2.3453,140995.53,283624.423
300522.SZ,20250115,13.67,13.78,13.37,13.47,13.8,-0.33,-2.3913,114481.22,154766.495
300523.SZ,20250115,18.3,18.4,18.01,18.12,18.23,-0.11,-0.6034,27905.0,50812.237
300525.SZ,20250115,14.02,14.05,13.73,13.86,14.04,-0.18,-1.2821,109530.11,151966.472
300527.SZ,20250115,7.77,7.81,7.62,7.66,7.75,-0.09,-1.1613,92723.48,71210.317
300528.SZ,20250115,8.35,8.5,8.27,8.4,8.29,0.11,1.3269,125860.7,105580.897
300529.SZ,20250115,29.23,29.3,28.93,29.1,29.32,-0.22,-0.7503,33489.0,97310.577
300530.SZ,20250115,17.22,17.28,16.8,16.91,17.28,-0.37,-2.1412,32540.0,55245.328
300531.SZ,20250115,13.71,13.88,13.59,13.62,13.75,-0.13,-0.9455,55933.5,76588.877
300532.SZ,20250115,11.11,11.21,11.0,11.09,11.09,0.0,0.0,70497.8,78349.747
300533.SZ,20250115,19.32,19.48,18.89,19.06,19.01,0.05,0.263,61494.0,118136.559
300534.SZ,20250115,8.3,8.33,8.14,8.15,8.3,-0.15,-1.8072,53335.0,43752.846
300535.SZ,20250115,13.48,13.56,13.26,13.33,13.49,-0.16,-1.1861,13958.0,18665.249
300536.SZ,20250115,5.79,6.18,5.79,5.88,5.79,0.09,1.5544,90258.75,54154.118
300537.SZ,20250115,18.61,18.8,18.4,18.45,18.73,-0.28,-1.4949,52713.0,97984.46
300538.SZ,20250115,14.69,14.77,14.35,14.4,14.67,-0.27,-1.8405,36348.0,52685.742
300539.SZ,20250115,13.16,13.51,12.29,12.32,12.26,0.06,0.4894,312322.7,398438.457
300540.SZ,20250115,25.44,25.44,24.78,24.86,25.49,-0.63,-2.4716,28642.0,71778.378
300541.SZ,20250115,11.3,11.58,11.16,11.3,11.29,0.01,0.0886,301611.7,342276.319
300542.SZ,20250115,20.8,20.89,19.96,20.06,20.43,-0.37,-1.8111,95127.8,192720.12
300543.SZ,20250115,10.06,10.14,9.8,9.85,10.01,-0.16,-1.5984,82467.2,81738.508
300545.SZ,20250115,30.99,33.6,30.96,31.56,30.82,0.74,2.401,72009.77,232465.056
300546.SZ,20250115,16.73,16.97,16.41,16.8,16.63,0.17,1.0222,89623.9,149919.967
300547.SZ,20250115,23.5,23.5,22.09,22.2,23.55,-1.35,-5.7325,249816.4,565473.353
300548.SZ,20250115,46.14,47.99,44.0,44.75,46.57,-1.82,-3.9081,328416.1,1495389.484
300549.SZ,20250115,17.12,17.22,16.81,16.93,17.13,-0.2,-1.1675,25339.0,43053.04
300550.SZ,20250115,13.09,13.13,12.75,12.75,13.02,-0.27,-2.0737,20455.0,26265.107
300551.SZ,20250115,9.69,9.79,9.51,9.58,9.68,-0.1,-1.0331,130394.05,125708.485
300552.SZ,20250115,32.0,32.31,31.72,31.77,31.99,-0.22,-0.6877,49859.4,159249.696
300553.SZ,20250115,30.01,30.95,29.0,29.42,29.95,-0.53,-1.7696,50208.8,149606.047
300554.SZ,20250115,21.0,21.06,20.65,20.72,21.0,-0.28,-1.3333,21200.0,44156.629
300555.SZ,20250115,8.38,8.45,8.31,8.4,8.4,0.0,0.0,22625.5,18981.781
300556.SZ,20250115,18.35,18.65,18.18,18.26,18.35,-0.09,-0.4905,69855.0,128432.244
300557.SZ,20250115,29.4,29.4,28.65,28.83,29.48,-0.65,-2.2049,23839.5,69022.992
300558.SZ,20250115,53.02,53.67,52.01,53.61,53.56,0.05,0.0934,46834.55,248120.094
300559.SZ,20250115,10.93,11.04,10.65,10.71,10.95,-0.24,-2.1918,30329.71,32804.442
300560.SZ,20250115,13.08,13.17,12.74,12.78,13.05,-0.27,-2.069,52830.0,68219.637
300561.SZ,20250115,61.5,61.95,58.99,59.42,63.6,-4.18,-6.5723,461419.65,2782703.356
300562.SZ,20250115,12.61,12.75,12.47,12.5,12.63,-0.13,-1.0293,100958.6,127130.036
300563.SZ,20250115,52.08,53.14,50.98,51.78,52.2,-0.42,-0.8046,140766.0,730680.246
300564.SZ,20250115,12.29,12.38,11.96,12.0,12.26,-0.26,-2.1207,25702.0,31151.032
300565.SZ,20250115,12.35,12.43,12.12,12.24,12.35,-0.11,-0.8907,47044.3,57482.263
300566.SZ,20250115,17.79,17.91,17.26,17.3,17.75,-0.45,-2.5352,118577.45,207292.46
300567.SZ,20250115,60.02,60.4,59.21,59.58,60.39,-0.81,-1.3413,64797.31,387046.784
300568.SZ,20250115,9.73,9.75,9.5,9.52,9.71,-0.19,-1.9567,259631.82,248671.389
300569.SZ,20250115,4.64,4.69,4.57,4.61,4.64,-0.03,-0.6466,87110.33,40213.769
300570.SZ,20250115,94.69,103.28,91.02,99.21,94.77,4.44,4.685,282528.73,2732663.634
300571.SZ,20250115,24.02,24.84,24.02,24.38,24.13,0.25,1.0361,46484.51,113496.854
300572.SZ,20250115,16.31,16.38,15.76,15.8,16.31,-0.51,-3.1269,33522.52,53577.736
300573.SZ,20250115,72.26,72.26,70.66,70.8,72.74,-1.94,-2.667,61721.18,438916.038
300575.SZ,20250115,5.99,5.99,5.84,5.86,5.98,-0.12,-2.0067,70082.66,41275.338
300576.SZ,20250115,45.1,45.38,44.29,44.53,45.36,-0.83,-1.8298,74343.01,332661.384
300577.SZ,20250115,23.77,25.24,23.72,24.58,23.79,0.79,3.3207,48907.0,119625.511
300578.SZ,20250115,18.41,18.72,18.23,18.34,18.44,-0.1,-0.5423,52243.0,96201.529
300579.SZ,20250115,27.0,27.88,26.6,26.69,26.99,-0.3,-1.1115,59850.0,161137.62
300580.SZ,20250115,26.5,27.1,25.95,26.87,26.59,0.28,1.053,392693.68,1041074.498
300581.SZ,20250115,10.66,10.75,10.48,10.53,10.66,-0.13,-1.2195,92274.1,97875.155
300582.SZ,20250115,13.6,14.49,13.43,14.23,13.55,0.68,5.0185,148551.24,208447.023
300583.SZ,20250115,21.98,21.98,21.17,21.57,22.0,-0.43,-1.9545,26426.0,57019.314
300584.SZ,20250115,19.96,19.97,19.48,19.56,19.93,-0.37,-1.8565,18128.0,35639.779
300585.SZ,20250115,14.96,15.25,14.9,15.18,15.01,0.17,1.1326,57780.0,86984.809
300586.SZ,20250115,7.92,8.02,7.85,7.91,7.92,-0.01,-0.1263,64175.22,50922.305
300587.SZ,20250115,4.15,4.2,4.08,4.12,4.15,-0.03,-0.7229,100356.36,41346.426
300588.SZ,20250115,13.56,13.63,13.07,13.14,13.51,-0.37,-2.7387,60243.9,80079.633
300589.SZ,20250115,11.96,12.06,11.71,11.84,12.02,-0.18,-1.4975,35616.66,42311.677
300590.SZ,20250115,14.0,14.27,13.97,14.01,14.09,-0.08,-0.5678,117254.5,165372.715
300591.SZ,20250115,4.03,4.06,3.93,4.01,4.01,0.0,0.0,103006.4,41150.075
300592.SZ,20250115,13.5,13.98,13.31,13.48,13.44,0.04,0.2976,156849.99,213124.007
300593.SZ,20250115,10.7,10.9,10.53,10.56,10.82,-0.26,-2.403,82819.34,88025.426
300594.SZ,20250115,17.32,17.55,17.03,17.13,17.25,-0.12,-0.6957,17269.0,29664.496
300595.SZ,20250115,16.93,16.97,16.62,16.7,16.99,-0.29,-1.7069,81018.78,135518.952
300596.SZ,20250115,29.87,30.09,28.84,29.0,29.6,-0.6,-2.027,64375.4,188490.837
300597.SZ,20250115,8.35,8.37,8.23,8.27,8.32,-0.05,-0.601,48254.0,40028.734
300598.SZ,20250115,47.0,47.38,45.85,46.02,47.19,-1.17,-2.4793,58712.49,272938.278
300599.SZ,20250115,6.71,6.75,6.56,6.56,6.7,-0.14,-2.0896,34156.0,22640.01
300600.SZ,20250115,6.81,6.87,6.71,6.77,6.82,-0.05,-0.7331,19260.8,13051.293
300601.SZ,20250115,15.33,15.36,15.02,15.15,15.36,-0.21,-1.3672,84144.77,127350.639
300602.SZ,20250115,18.9,18.95,18.32,18.36,18.96,-0.6,-3.1646,177188.0,328664.901
300603.SZ,20250115,9.22,9.36,9.1,9.18,9.26,-0.08,-0.8639,134644.29,123991.024
300604.SZ,20250115,42.8,43.56,42.43,43.4,43.1,0.3,0.6961,219428.6,943285.355
300605.SZ,20250115,11.45,11.53,11.24,11.27,11.45,-0.18,-1.5721,24297.95,27531.638
300606.SZ,20250115,18.56,18.67,18.23,18.33,18.4,-0.07,-0.3804,20649.0,38013.317
300607.SZ,20250115,33.58,33.79,32.66,33.03,34.17,-1.14,-3.3363,730306.6,2420708.445
300608.SZ,20250115,10.21,10.43,10.02,10.09,10.19,-0.1,-0.9814,88508.8,89797.553
300609.SZ,20250115,23.53,24.07,23.28,23.4,23.49,-0.09,-0.3831,50010.77,118309.958
300610.SZ,20250115,9.65,9.75,9.57,9.66,9.63,0.03,0.3115,25664.6,24775.354
300611.SZ,20250115,10.99,11.4,10.94,11.16,10.89,0.27,2.4793,71935.0,79997.726
300612.SZ,20250115,16.6,17.36,16.3,16.7,15.84,0.86,5.4293,355497.27,597414.073
300613.SZ,20250115,56.37,59.08,56.01,57.03,56.88,0.15,0.2637,174066.76,1006042.662
300614.SZ,20250115,9.31,9.52,9.1,9.14,9.31,-0.17,-1.826,29814.0,27434.941
300615.SZ,20250115,13.06,13.21,12.68,12.82,13.33,-0.51,-3.826,213074.22,274403.588
300616.SZ,20250115,12.09,12.09,11.61,11.77,11.7,0.07,0.5983,49899.0,58662.643
300617.SZ,20250115,29.22,29.34,28.53,28.75,29.22,-0.47,-1.6085,24085.9,69530.7
300618.SZ,20250115,33.7,34.0,33.11,33.42,33.7,-0.28,-0.8309,55646.0,186243.432
300619.SZ,20250115,22.75,22.88,22.33,22.59,22.71,-0.12,-0.5284,12510.7,28238.027
300620.SZ,20250115,47.12,47.44,46.13,46.32,47.19,-0.87,-1.8436,71813.49,334412.28
300621.SZ,20250115,9.06,9.07,8.83,8.87,8.95,-0.08,-0.8939,34192.16,30460.504
300622.SZ,20250115,48.21,49.86,47.2,47.7,48.5,-0.8,-1.6495,189785.21,918483.622
300623.SZ,20250115,32.73,33.25,32.5,32.68,32.94,-0.26,-0.7893,179946.02,590950.631
300624.SZ,20250115,61.0,62.98,60.85,61.48,61.5,-0.02,-0.0325,119381.53,739339.575
300625.SZ,20250115,11.22,11.23,11.05,11.13,11.17,-0.04,-0.3581,9572.0,10661.564
300626.SZ,20250115,9.26,9.26,9.07,9.09,9.21,-0.12,-1.3029,33144.0,30271.018
300627.SZ,20250115,38.53,38.64,37.65,37.92,38.6,-0.68,-1.7617,45663.84,174013.015
300628.SZ,20250115,38.2,38.37,37.31,37.37,38.29,-0.92,-2.4027,53395.58,201522.892
300629.SZ,20250115,20.11,20.39,19.91,20.0,20.16,-0.16,-0.7937,50004.3,100707.089
300630.SZ,20250115,3.63,3.69,3.35,3.43,3.63,-0.2,-5.5096,647439.06,228166.853
300631.SZ,20250115,21.16,21.47,20.9,21.04,21.16,-0.12,-0.5671,17639.23,37284.61
300632.SZ,20250115,10.96,11.43,10.9,11.16,10.93,0.23,2.1043,137346.03,154218.112
300633.SZ,20250115,28.0,28.0,27.38,27.49,28.16,-0.67,-2.3793,35682.0,98281.395
300634.SZ,20250115,20.7,20.81,20.45,20.53,20.65,-0.12,-0.5811,130023.48,267889.97
300635.SZ,20250115,9.69,9.79,9.42,9.47,9.6,-0.13,-1.3542,35498.0,34013.073
300636.SZ,20250115,7.77,7.77,7.64,7.66,7.77,-0.11,-1.4157,29564.32,22692.91
300637.SZ,20250115,9.1,9.17,8.92,8.97,9.1,-0.13,-1.4286,55586.0,50075.98
300638.SZ,20250115,19.63,21.18,19.51,20.21,19.63,0.58,2.9547,596900.16,1215864.584
300639.SZ,20250115,6.02,6.03,5.92,5.96,6.06,-0.1,-1.6502,78285.21,46766.73
300640.SZ,20250115,6.21,6.58,6.07,6.3,6.23,0.07,1.1236,480013.16,301558.361
300641.SZ,20250115,26.08,31.15,26.08,28.97,26.65,2.32,8.7054,822427.19,2365212.185
300642.SZ,20250115,14.0,14.08,13.8,13.87,14.03,-0.16,-1.1404,19314.17,26832.008
300643.SZ,20250115,11.99,12.01,11.65,11.75,11.88,-0.13,-1.0943,25512.0,30132.09
300644.SZ,20250115,22.23,22.45,21.81,21.87,22.23,-0.36,-1.6194,32472.0,71853.72
300645.SZ,20250115,14.16,14.32,13.98,14.01,14.15,-0.14,-0.9894,34768.0,49166.674
300647.SZ,20250115,6.56,6.9,6.44,6.54,6.58,-0.04,-0.6079,275734.5,183242.866
300648.SZ,20250115,22.46,22.78,22.1,22.17,22.47,-0.3,-1.3351,26621.0,59475.798
300649.SZ,20250115,10.59,10.63,10.37,10.48,10.51,-0.03,-0.2854,18541.0,19453.95
300650.SZ,20250115,11.56,11.76,11.4,11.7,11.58,0.12,1.0363,57509.9,66674.524
300651.SZ,20250115,12.32,12.53,12.24,12.37,12.32,0.05,0.4058,26600.0,32984.793
300652.SZ,20250115,29.2,29.5,28.57,29.0,29.04,-0.04,-0.1377,19457.0,56666.422
300653.SZ,20250115,20.68,20.68,20.42,20.49,20.71,-0.22,-1.0623,8337.29,17098.839
300654.SZ,20250115,9.85,10.15,9.81,9.91,9.77,0.14,1.433,212492.7,211441.679
300655.SZ,20250115,9.01,9.02,8.86,8.89,9.01,-0.12,-1.3319,161995.22,144593.151
300656.SZ,20250115,23.8,23.8,23.25,23.29,23.59,-0.3,-1.2717,17170.34,40224.879
300657.SZ,20250115,21.48,21.6,20.58,20.75,21.17,-0.42,-1.9839,217619.01,456092.584
300658.SZ,20250115,5.14,5.22,5.08,5.15,5.13,0.02,0.3899,44505.8,22919.74
300659.SZ,20250115,16.87,16.87,16.28,16.32,16.84,-0.52,-3.0879,53093.0,87761.33
300660.SZ,20250115,42.72,44.87,42.55,43.65,43.54,0.11,0.2526,230826.86,1013895.889
300661.SZ,20250115,76.0,77.82,75.16,75.88,76.2,-0.32,-0.4199,65221.36,498164.872
300662.SZ,20250115,21.27,22.24,21.1,21.59,21.24,0.35,1.6478,63337.76,137958.376
300663.SZ,20250115,16.8,16.87,16.41,16.46,16.73,-0.27,-1.6139,178585.21,296837.803
300664.SZ,20250115,5.25,5.25,5.13,5.14,5.22,-0.08,-1.5326,84389.5,43630.494
300665.SZ,20250115,6.4,6.51,6.31,6.34,6.4,-0.06,-0.9375,47402.0,30317.355
300666.SZ,20250115,68.99,69.43,68.24,69.13,69.45,-0.32,-0.4608,35767.0,246294.651
300667.SZ,20250115,19.39,19.43,18.29,18.72,19.42,-0.7,-3.6045,144143.5,269508.839
300668.SZ,20250115,20.3,20.48,19.77,19.77,20.3,-0.53,-2.6108,14864.5,29898.058
300669.SZ,20250115,21.98,21.98,20.78,21.1,22.0,-0.9,-4.0909,30655.35,65090.187
300670.SZ,20250115,5.74,5.75,5.59,5.63,5.71,-0.08,-1.4011,44427.0,25111.472
300671.SZ,20250115,33.59,34.3,33.3,33.52,33.75,-0.23,-0.6815,62204.52,209767.037
300672.SZ,20250115,61.15,62.74,60.9,61.68,61.56,0.12,0.1949,50932.2,314469.977
300673.SZ,20250115,17.75,19.36,17.75,18.33,17.55,0.78,4.4444,228222.59,424101.383
300674.SZ,20250115,18.97,19.18,18.79,18.92,18.99,-0.07,-0.3686,144560.0,273889.045
300675.SZ,20250115,14.23,14.35,14.05,14.12,14.27,-0.15,-1.0512,27503.0,39000.409
300676.SZ,20250115,40.15,40.28,39.6,39.83,40.19,-0.36,-0.8957,18497.5,73584.176
300677.SZ,20250115,24.62,24.78,24.42,24.53,24.71,-0.18,-0.7285,55620.4,136395.609
300678.SZ,20250115,34.7,35.0,34.26,34.37,34.8,-0.43,-1.2356,88665.03,306646.51
300679.SZ,20250115,58.55,59.32,57.62,58.4,58.75,-0.35,-0.5957,34620.07,202637.756
300680.SZ,20250115,23.81,24.1,23.5,23.68,23.82,-0.14,-0.5877,88314.88,210066.072
300681.SZ,20250115,26.85,26.99,26.1,26.36,27.02,-0.66,-2.4426,128405.14,339825.817
300682.SZ,20250115,10.82,10.85,10.44,10.51,10.84,-0.33,-3.0443,171842.5,181157.223
300683.SZ,20250115,22.45,22.49,22.1,22.4,22.35,0.05,0.2237,9359.0,20897.54
300684.SZ,20250115,26.28,26.7,25.44,25.53,26.7,-1.17,-4.382,319771.58,825596.961
300685.SZ,20250115,21.74,21.83,21.31,21.41,21.73,-0.32,-1.4726,36088.4,77521.814
300686.SZ,20250115,8.63,8.71,8.46,8.5,8.6,-0.1,-1.1628,53179.0,45526.652
300687.SZ,20250115,17.61,17.73,17.36,17.43,17.67,-0.24,-1.3582,47573.6,83285.57
300688.SZ,20250115,28.18,28.82,28.04,28.27,28.17,0.1,0.355,103261.8,293196.952
300689.SZ,20250115,25.76,26.29,25.26,25.61,25.93,-0.32,-1.2341,9701.5,24990.556
300690.SZ,20250115,22.46,22.46,22.0,22.07,22.3,-0.23,-1.0314,30885.07,68493.224
300691.SZ,20250115,18.85,18.85,18.34,18.42,18.81,-0.39,-2.0734,74342.0,137766.767
300692.SZ,20250115,5.63,5.69,5.55,5.6,5.6,0.0,0.0,67480.83,37869.552
300693.SZ,20250115,28.51,28.59,27.3,27.36,28.68,-1.32,-4.6025,234889.75,652130.793
300694.SZ,20250115,15.1,15.47,14.95,15.02,15.1,-0.08,-0.5298,104052.0,157817.14
300695.SZ,20250115,45.8,46.1,45.38,45.82,45.8,0.02,0.0437,3103.0,14194.235
300696.SZ,20250115,14.66,15.12,14.55,14.65,14.64,0.01,0.0683,47593.0,70392.741
300697.SZ,20250115,13.36,13.53,12.8,12.9,13.49,-0.59,-4.3736,142092.0,185532.977
300698.SZ,20250115,35.29,35.48,34.58,34.68,35.49,-0.81,-2.2823,13010.14,45388.096
300699.SZ,20250115,32.95,33.0,32.19,32.23,32.95,-0.72,-2.1851,124027.62,402517.575
300700.SZ,20250115,8.16,8.27,7.93,7.96,8.16,-0.2,-2.451,50323.44,40338.56
300701.SZ,20250115,9.69,9.69,9.42,9.48,9.56,-0.08,-0.8368,57699.94,54828.814
300702.SZ,20250115,16.29,16.29,15.93,15.94,16.3,-0.36,-2.2086,15388.43,24687.484
300703.SZ,20250115,14.38,14.98,14.15,14.71,14.08,0.63,4.4744,223385.0,325348.646
300705.SZ,20250115,17.28,17.36,15.6,15.73,17.45,-1.72,-9.8567,599646.17,978465.246
300706.SZ,20250115,22.2,22.58,22.0,22.14,22.14,0.0,0.0,45838.56,101955.702
300707.SZ,20250115,14.73,14.84,14.45,14.5,14.77,-0.27,-1.828,51912.37,75735.796
300708.SZ,20250115,13.57,13.72,13.07,13.15,13.69,-0.54,-3.9445,519539.05,691651.18
300709.SZ,20250115,40.6,40.71,38.89,39.03,40.55,-1.52,-3.7485,98122.04,386880.908
300710.SZ,20250115,17.25,17.44,16.96,17.07,17.25,-0.18,-1.0435,19583.66,33487.106
300711.SZ,20250115,23.65,25.6,23.64,24.21,24.06,0.15,0.6234,157853.92,388289.589
300712.SZ,20250115,24.2,24.2,23.44,23.51,23.6,-0.09,-0.3814,22531.5,53827.386
300713.SZ,20250115,15.4,15.4,15.0,15.01,15.28,-0.27,-1.767,25012.0,37839.189
300715.SZ,20250115,8.7,9.08,8.3,8.48,8.95,-0.47,-5.2514,189114.8,163866.741
300716.SZ,20250115,11.71,11.98,11.48,11.64,11.66,-0.02,-0.1715,44477.0,52206.023
300717.SZ,20250115,14.12,14.19,13.92,14.0,14.1,-0.1,-0.7092,14915.0,20918.598
300718.SZ,20250115,37.0,40.8,36.16,39.0,37.4,1.6,4.2781,526645.99,2036097.474
300719.SZ,20250115,16.81,17.04,16.65,16.69,16.94,-0.25,-1.4758,52111.0,87722.506
300720.SZ,20250115,18.3,18.99,17.96,18.33,18.2,0.13,0.7143,51178.0,94742.58
300721.SZ,20250115,12.1,12.1,11.8,11.86,12.07,-0.21,-1.7399,21472.2,25582.876
300722.SZ,20250115,26.16,26.2,25.56,25.59,26.07,-0.48,-1.8412,33824.47,87217.322
300723.SZ,20250115,16.96,16.96,16.55,16.75,17.08,-0.33,-1.9321,45184.81,75540.173
300724.SZ,20250115,60.95,62.68,60.38,61.26,61.12,0.14,0.2291,93721.0,575771.444
300725.SZ,20250115,30.7,30.8,30.3,30.5,30.74,-0.24,-0.7807,24721.1,75293.456
300726.SZ,20250115,29.17,29.45,28.77,28.94,29.28,-0.34,-1.1612,32981.76,95623.032
300727.SZ,20250115,30.6,32.33,30.53,30.76,30.9,-0.14,-0.4531,55478.09,173539.588
300729.SZ,20250115,15.11,15.49,15.05,15.11,15.29,-0.18,-1.1772,64406.6,98153.69
300730.SZ,20250115,11.6,11.66,11.35,11.39,11.57,-0.18,-1.5557,50822.5,58410.017
300731.SZ,20250115,22.14,22.68,20.58,20.88,22.2,-1.32,-5.9459,117429.0,250862.009
300732.SZ,20250115,6.45,6.48,6.35,6.36,6.44,-0.08,-1.2422,40199.4,25693.067
300733.SZ,20250115,13.28,13.4,12.96,13.05,13.29,-0.24,-1.8059,123655.2,162332.903
300735.SZ,20250115,27.74,28.0,27.2,27.33,27.91,-0.58,-2.0781,163101.95,449367.672
300736.SZ,20250115,9.48,9.67,9.27,9.32,9.48,-0.16,-1.6878,81680.28,77236.796
300737.SZ,20250115,4.74,4.76,4.65,4.72,4.74,-0.02,-0.4219,113977.2,53555.413
300738.SZ,20250115,12.52,12.68,12.36,12.45,12.59,-0.14,-1.112,427740.93,535805.83
300739.SZ,20250115,13.6,13.8,13.31,13.44,13.54,-0.1,-0.7386,163937.6,221605.759
300740.SZ,20250115,12.17,12.25,11.82,11.85,12.17,-0.32,-2.6294,71692.8,85825.621
300741.SZ,20250115,16.04,16.08,15.82,15.96,16.1,-0.14,-0.8696,13555.0,21597.357
300743.SZ,20250115,14.98,15.06,14.8,14.84,14.95,-0.11,-0.7358,21358.45,31878.908
300745.SZ,20250115,15.6,15.65,15.39,15.51,15.56,-0.05,-0.3213,22660.0,35132.779
300746.SZ,20250115,11.0,11.11,10.81,10.84,10.98,-0.14,-1.275,42818.0,46808.282
300747.SZ,20250115,18.51,18.58,18.22,18.3,18.53,-0.23,-1.2412,54291.56,99603.906
300748.SZ,20250115,20.4,21.28,19.85,20.6,20.58,0.02,0.0972,657083.31,1346241.838
300749.SZ,20250115,6.18,6.48,6.14,6.28,6.12,0.16,2.6144,74017.13,46362.378
300750.SZ,20250115,256.2,256.4,249.67,250.87,256.2,-5.33,-2.0804,150626.65,3798504.6
300751.SZ,20250115,99.76,102.22,97.2,100.99,99.91,1.08,1.081,30352.2,304538.999
300752.SZ,20250115,17.2,17.29,16.91,17.24,17.18,0.06,0.3492,45213.56,77334.794
300753.SZ,20250115,20.4,21.68,20.24,20.56,20.98,-0.42,-2.0019,187023.59,391154.991
300755.SZ,20250115,17.21,17.68,17.21,17.39,17.34,0.05,0.2884,41556.0,72530.623
300756.SZ,20250115,15.26,15.47,15.08,15.23,15.23,0.0,0.0,27999.86,42848.458
300757.SZ,20250115,166.0,169.99,162.55,167.5,164.29,3.21,1.9539,70214.15,1173061.924
300758.SZ,20250115,13.8,13.92,13.32,13.4,14.11,-0.71,-5.0319,324874.43,441082.602
300759.SZ,20250115,25.18,25.3,24.7,25.0,25.35,-0.35,-1.3807,137624.34,343354.346
300760.SZ,20250115,235.0,236.06,232.66,235.0,236.0,-1.0,-0.4237,38477.21,901960.204
300761.SZ,20250115,18.5,18.81,18.43,18.62,18.5,0.12,0.6486,54616.2,101746.779
300762.SZ,20250115,21.72,21.86,21.15,21.29,21.93,-0.64,-2.9184,226300.6,485687.166
300763.SZ,20250115,55.2,57.17,54.68,55.56,55.67,-0.11,-0.1976,95893.64,534506.598
300765.SZ,20250115,26.64,27.43,26.11,26.3,26.87,-0.57,-2.1213,64689.64,171991.82
300766.SZ,20250115,17.5,18.2,17.2,17.37,17.21,0.16,0.9297,763048.74,1347399.544
300767.SZ,20250115,9.1,9.11,8.84,8.85,9.06,-0.21,-2.3179,51407.35,45875.882
300768.SZ,20250115,17.22,17.24,16.87,17.02,17.15,-0.13,-0.758,43781.0,74506.51
300769.SZ,20250115,33.91,34.28,33.3,33.76,33.99,-0.23,-0.6767,82855.92,280277.364
300770.SZ,20250115,38.99,39.65,38.87,39.12,39.05,0.07,0.1793,27146.99,106551.99
300771.SZ,20250115,10.16,10.22,10.0,10.07,10.09,-0.02,-0.1982,42036.0,42439.064
300772.SZ,20250115,13.0,13.04,12.68,12.91,13.0,-0.09,-0.6923,83089.15,106774.45
300773.SZ,20250115,17.0,17.21,16.88,17.1,17.07,0.03,0.1757,156064.37,266059.138
300774.SZ,20250115,8.6,8.76,8.6,8.63,8.65,-0.02,-0.2312,21892.6,18978.063
300775.SZ,20250115,22.76,22.86,22.29,22.37,22.76,-0.39,-1.7135,63481.84,142659.481
300776.SZ,20250115,61.61,65.25,60.56,62.63,61.62,1.01,1.6391,56697.6,355652.298
300777.SZ,20250115,27.3,27.46,26.83,26.94,27.33,-0.39,-1.427,57206.95,154530.583
300778.SZ,20250115,10.17,10.26,9.96,9.99,10.16,-0.17,-1.6732,32383.28,32568.179
300779.SZ,20250115,85.0,86.6,83.81,85.6,84.44,1.16,1.3738,21561.55,183811.911
300780.SZ,20250115,14.76,14.86,14.57,14.66,14.75,-0.09,-0.6102,37033.0,54440.641
300781.SZ,20250115,61.4,65.7,61.0,62.66,60.68,1.98,3.263,133138.69,845646.123
300782.SZ,20250115,80.03,80.66,79.4,79.74,80.58,-0.84,-1.0424,57396.16,459287.805
300783.SZ,20250115,34.96,35.6,33.96,34.17,34.82,-0.65,-1.8667,131806.0,456394.673
300784.SZ,20250115,54.19,62.8,53.29,57.88,54.33,3.55,6.5341,31835.91,184428.348
300785.SZ,20250115,34.46,35.66,33.63,34.61,33.98,0.63,1.854,211953.08,733824.25
300786.SZ,20250115,13.89,14.04,13.67,13.76,14.04,-0.28,-1.9943,90270.0,124994.601
300787.SZ,20250115,12.87,12.89,12.6,12.69,12.84,-0.15,-1.1682,29916.6,38056.226
300788.SZ,20250115,33.07,33.64,32.72,32.85,32.99,-0.14,-0.4244,51150.0,169748.706
300789.SZ,20250115,15.85,15.95,15.26,15.38,15.85,-0.47,-2.9653,40501.93,62985.964
300790.SZ,20250115,20.62,20.98,20.18,20.59,20.88,-0.29,-1.3889,160412.95,328711.786
300791.SZ,20250115,25.14,25.49,24.87,25.32,25.15,0.17,0.6759,12816.72,32396.412
300792.SZ,20250115,31.33,31.33,31.33,31.33,26.11,5.22,19.9923,53431.03,167399.417
300793.SZ,20250115,17.46,17.64,17.26,17.4,17.43,-0.03,-0.1721,228177.06,397632.493
300795.SZ,20250115,19.13,19.5,18.83,18.9,19.25,-0.35,-1.8182,61730.5,117908.845
300796.SZ,20250115,10.16,10.2,10.02,10.03,10.23,-0.2,-1.955,38353.04,38697.285
300797.SZ,20250115,11.57,11.62,11.42,11.48,11.57,-0.09,-0.7779,20283.0,23389.583
300798.SZ,20250115,5.99,6.05,5.87,5.89,5.98,-0.09,-1.505,95209.0,56399.847
300800.SZ,20250115,10.04,10.14,9.9,9.94,10.03,-0.09,-0.8973,13977.0,13996.851
300801.SZ,20250115,15.47,15.5,15.23,15.3,15.43,-0.13,-0.8425,14983.13,23010.873
300802.SZ,20250115,17.11,17.19,16.73,16.82,17.06,-0.24,-1.4068,29395.6,49637.337
300803.SZ,20250115,92.6,93.0,90.64,90.7,94.7,-4.0,-4.2239,179087.77,1637904.426
300804.SZ,20250115,24.0,24.09,23.3,23.45,24.34,-0.89,-3.6565,15270.34,36118.1
300805.SZ,20250115,11.88,12.27,11.57,11.66,11.59,0.07,0.604,451702.42,537068.615
300806.SZ,20250115,13.4,13.4,12.8,12.86,13.4,-0.54,-4.0299,63244.42,82543.079
300807.SZ,20250115,34.92,35.05,33.17,33.52,35.09,-1.57,-4.4742,78588.0,266930.671
300808.SZ,20250115,25.44,25.86,24.46,24.73,25.33,-0.6,-2.3687,22623.2,56864.698
300809.SZ,20250115,32.57,32.81,31.86,32.46,32.64,-0.18,-0.5515,61727.56,199236.39
300810.SZ,20250115,18.46,18.6,18.0,18.12,18.52,-0.4,-2.1598,13564.0,24794.267
300811.SZ,20250115,53.34,54.54,53.04,53.3,53.75,-0.45,-0.8372,48610.44,260602.111
300812.SZ,20250115,21.39,21.49,20.8,20.97,21.27,-0.3,-1.4104,31347.76,65980.064
300813.SZ,20250115,17.44,17.45,17.12,17.39,17.35,0.04,0.2305,13582.26,23519.279
300814.SZ,20250115,31.69,36.63,31.5,34.64,31.39,3.25,10.3536,181264.63,634291.127
300815.SZ,20250115,14.9,15.06,14.84,14.88,14.89,-0.01,-0.0672,34005.6,50796.148
300816.SZ,20250115,22.88,22.91,22.3,22.43,22.55,-0.12,-0.5322,11188.0,25271.965
300817.SZ,20250115,13.75,13.81,13.51,13.62,13.71,-0.09,-0.6565,43116.07,58832.384
300818.SZ,20250115,27.39,27.88,26.92,27.05,27.39,-0.34,-1.2413,11652.4,31889.78
300819.SZ,20250115,12.52,12.6,12.34,12.49,12.43,0.06,0.4827,15054.5,18796.061
300820.SZ,20250115,53.2,53.35,51.66,51.9,53.25,-1.35,-2.5352,22398.62,117166.668
300821.SZ,20250115,7.6,7.6,7.45,7.49,7.56,-0.07,-0.9259,47346.54,35456.97
300822.SZ,20250115,24.75,27.88,23.38,25.97,24.78,1.19,4.8023,412842.73,1042329.417
300823.SZ,20250115,12.64,13.0,12.56,12.77,12.68,0.09,0.7098,26447.0,33833.826
300824.SZ,20250115,9.0,9.12,8.76,8.84,8.98,-0.14,-1.559,67668.5,60201.997
300825.SZ,20250115,11.74,11.83,11.53,11.57,11.75,-0.18,-1.5319,118524.06,138069.517
300826.SZ,20250115,17.65,17.65,16.87,16.93,17.89,-0.96,-5.3661,55787.82,95934.304
300827.SZ,20250115,43.4,45.42,41.91,43.63,43.6,0.03,0.0688,82729.01,362025.312
300828.SZ,20250115,15.0,15.22,14.86,14.91,14.99,-0.08,-0.5337,40963.5,61588.815
300829.SZ,20250115,17.79,18.51,17.52,18.01,17.84,0.17,0.9529,51974.15,93530.41
300830.SZ,20250115,8.3,8.35,8.07,8.11,8.3,-0.19,-2.2892,162897.0,133195.093
300831.SZ,20250115,14.88,15.02,14.66,14.78,14.92,-0.14,-0.9383,100426.55,148972.01
300832.SZ,20250115,62.0,62.0,59.85,60.56,62.4,-1.84,-2.9487,48866.69,296484.619
300833.SZ,20250115,40.2,42.69,40.2,41.19,39.8,1.39,3.4925,27944.24,116319.913
300834.SZ,20250115,19.02,19.2,18.82,19.07,18.99,0.08,0.4213,4848.0,9227.444
300835.SZ,20250115,33.35,36.93,33.02,35.2,33.19,2.01,6.056,137706.18,480351.409
300836.SZ,20250115,44.68,44.68,43.41,44.11,43.41,0.7,1.6125,8687.0,38286.627
300837.SZ,20250115,19.29,19.85,19.07,19.55,19.29,0.26,1.3478,14884.0,28921.542
300838.SZ,20250115,13.53,13.67,13.34,13.53,13.54,-0.01,-0.0739,24082.0,32570.371
300839.SZ,20250115,7.03,7.1,6.89,6.98,6.96,0.02,0.2874,21472.32,15018.601
300840.SZ,20250115,21.2,22.21,20.7,21.22,20.98,0.24,1.1439,379790.0,815881.258
300841.SZ,20250115,52.29,52.3,51.58,51.88,52.3,-0.42,-0.8031,9700.0,50275.345
300842.SZ,20250115,40.4,43.2,40.11,42.01,40.68,1.33,3.2694,55689.2,232493.323
300843.SZ,20250115,29.5,29.72,28.6,28.79,29.5,-0.71,-2.4068,87678.77,255077.357
300844.SZ,20250115,30.9,31.3,30.56,30.75,30.86,-0.11,-0.3564,7816.0,24159.475
300845.SZ,20250115,12.3,12.38,12.08,12.12,12.26,-0.14,-1.1419,30927.04,37695.883
300846.SZ,20250115,13.85,14.49,13.23,13.42,13.18,0.24,1.8209,863047.35,1187413.307
300847.SZ,20250115,16.5,16.69,16.39,16.46,16.55,-0.09,-0.5438,36216.0,59922.958
300848.SZ,20250115,16.06,16.07,15.72,15.78,15.92,-0.14,-0.8794,20467.12,32391.259
300849.SZ,20250115,13.86,14.04,13.78,13.86,13.88,-0.02,-0.1441,29288.71,40787.611
300850.SZ,20250115,18.5,18.78,18.14,18.5,18.5,0.0,0.0,54286.79,100196.735
300851.SZ,20250115,25.81,25.86,25.47,25.85,25.68,0.17,0.662,6441.4,16511.326
300852.SZ,20250115,28.23,28.69,27.77,27.93,28.42,-0.49,-1.7241,29122.6,81929.085
300853.SZ,20250115,22.34,22.44,21.51,21.67,22.15,-0.48,-2.167,97064.6,211835.335
300854.SZ,20250115,12.4,12.65,12.14,12.42,12.27,0.15,1.2225,24208.0,29909.997
300855.SZ,20250115,21.44,21.56,21.13,21.23,21.59,-0.36,-1.6674,49503.32,105214.929
300856.SZ,20250115,24.88,25.05,24.63,24.71,25.0,-0.29,-1.16,25681.0,63727.019
300857.SZ,20250115,102.58,105.6,98.8,102.99,102.71,0.28,0.2726,98244.06,1001672.489
300858.SZ,20250115,13.5,13.5,13.15,13.26,13.46,-0.2,-1.4859,31068.67,41282.125
300859.SZ,20250115,34.87,36.66,34.87,35.59,35.45,0.14,0.3949,52830.0,189938.961
300860.SZ,20250115,26.8,27.4,26.52,26.91,26.6,0.31,1.1654,68805.94,186015.498
300861.SZ,20250115,18.74,19.07,18.48,18.91,18.79,0.12,0.6386,54045.34,101633.524
300862.SZ,20250115,25.29,25.29,24.32,24.45,24.98,-0.53,-2.1217,27363.8,67046.119
300863.SZ,20250115,42.8,43.77,42.6,42.91,43.04,-0.13,-0.302,41867.54,180978.841
300864.SZ,20250115,19.97,20.28,19.91,20.06,19.97,0.09,0.4507,8159.94,16410.631
300865.SZ,20250115,23.43,23.79,23.01,23.11,23.39,-0.28,-1.1971,12982.0,30288.999
300866.SZ,20250115,104.33,106.0,103.51,104.79,104.33,0.46,0.4409,40027.33,420068.316
300867.SZ,20250115,12.66,12.74,12.54,12.57,12.67,-0.1,-0.7893,12147.0,15339.602
300868.SZ,20250115,27.72,28.09,26.78,26.84,27.72,-0.88,-3.1746,15825.0,43255.871
300869.SZ,20250115,13.52,13.52,13.32,13.4,13.53,-0.13,-0.9608,31248.23,41846.341
300870.SZ,20250115,109.03,111.0,105.02,107.1,110.93,-3.83,-3.4526,38300.78,409737.224
300871.SZ,20250115,10.17,10.23,9.89,9.97,10.04,-0.07,-0.6972,31622.0,31679.749
300872.SZ,20250115,14.64,14.7,14.38,14.42,14.61,-0.19,-1.3005,98600.68,143200.834
300873.SZ,20250115,16.36,16.84,16.36,16.48,16.52,-0.04,-0.2421,28429.22,47137.895
300875.SZ,20250115,27.88,27.88,26.8,26.85,27.66,-0.81,-2.9284,36080.3,98098.688
300876.SZ,20250115,27.71,28.18,27.57,27.61,27.79,-0.18,-0.6477,16469.0,45824.171
300877.SZ,20250115,13.47,13.67,13.34,13.54,13.52,0.02,0.1479,12018.0,16211.751
300878.SZ,20250115,14.89,14.89,14.45,14.55,14.73,-0.18,-1.222,11521.0,16793.902
300879.SZ,20250115,15.97,16.63,15.85,16.02,16.13,-0.11,-0.682,119542.27,194775.172
300880.SZ,20250115,20.98,21.21,20.78,21.05,20.94,0.11,0.5253,32621.0,68589.924
300881.SZ,20250115,31.84,32.4,31.82,32.33,32.07,0.26,0.8107,17792.5,57266.233
300882.SZ,20250115,15.01,15.13,14.76,14.79,15.07,-0.28,-1.858,23991.33,35686.146
300883.SZ,20250115,5.36,5.4,5.28,5.31,5.36,-0.05,-0.9328,74437.92,39761.374
300884.SZ,20250115,10.91,10.95,10.6,10.65,10.87,-0.22,-2.0239,56687.4,60853.172
300885.SZ,20250115,11.2,11.21,11.0,11.14,11.11,0.03,0.27,30018.17,33392.799
300886.SZ,20250115,18.75,18.81,18.35,18.49,18.76,-0.27,-1.4392,7746.8,14355.845
300887.SZ,20250115,7.45,7.67,7.35,7.38,7.42,-0.04,-0.5391,130050.33,96963.84
300888.SZ,20250115,39.46,40.15,39.28,39.45,39.55,-0.1,-0.2528,19064.86,75423.03
300889.SZ,20250115,13.29,13.3,12.88,12.94,13.16,-0.22,-1.6717,20570.08,26849.735
300890.SZ,20250115,27.74,28.15,27.4,27.75,27.84,-0.09,-0.3233,30932.46,86055.349
300891.SZ,20250115,8.18,8.49,8.05,8.22,8.17,0.05,0.612,38080.93,31493.002
300892.SZ,20250115,30.8,31.45,30.54,30.72,30.6,0.12,0.3922,34976.0,108181.85
300893.SZ,20250115,31.0,31.9,30.93,31.1,30.82,0.28,0.9085,16103.5,50474.433
300894.SZ,20250115,12.85,12.94,12.65,12.69,12.87,-0.18,-1.3986,51431.0,65688.431
300895.SZ,20250115,30.06,30.66,29.84,29.99,30.08,-0.09,-0.2992,30220.61,91061.686
300896.SZ,20250115,175.01,175.5,173.34,173.73,175.95,-2.22,-1.2617,17037.08,296551.542
300897.SZ,20250115,22.48,22.61,22.21,22.33,22.5,-0.17,-0.7556,7501.4,16801.368
300898.SZ,20250115,24.7,25.31,24.6,24.86,24.7,0.16,0.6478,71237.0,177907.788
300899.SZ,20250115,20.6,20.6,20.18,20.3,20.38,-0.08,-0.3925,12262.0,24962.429
300900.SZ,20250115,20.49,20.66,20.19,20.21,20.54,-0.33,-1.6066,38636.4,78907.806
300901.SZ,20250115,10.79,10.9,10.5,10.51,10.71,-0.2,-1.8674,44068.0,47125.845
300902.SZ,20250115,22.75,23.36,22.61,23.05,22.88,0.17,0.743,40974.0,94324.387
300903.SZ,20250115,8.04,8.1,7.8,7.84,7.98,-0.14,-1.7544,93149.8,73659.212
300904.SZ,20250115,54.65,55.01,52.96,53.49,54.99,-1.5,-2.7278,13803.6,74493.364
300905.SZ,20250115,25.55,25.99,25.17,25.31,25.55,-0.24,-0.9393,45635.0,116801.427
300906.SZ,20250115,24.65,24.78,24.06,24.21,24.58,-0.37,-1.5053,10142.0,24670.635
300907.SZ,20250115,21.04,21.45,20.81,21.29,21.1,0.19,0.9005,12526.0,26594.517
300908.SZ,20250115,31.29,31.48,30.8,30.86,31.16,-0.3,-0.9628,11825.46,36772.253
300909.SZ,20250115,23.22,23.75,23.01,23.34,23.21,0.13,0.5601,26461.5,61919.634
300910.SZ,20250115,45.3,46.34,44.58,45.61,45.3,0.31,0.6843,29284.91,133624.11
300911.SZ,20250115,28.09,28.99,27.58,27.9,28.43,-0.53,-1.8642,29441.1,83535.793
300912.SZ,20250115,11.97,11.97,11.43,11.68,11.64,0.04,0.3436,26724.0,30972.786
300913.SZ,20250115,58.5,58.88,54.85,55.17,58.66,-3.49,-5.9495,180943.41,1015643.701
300915.SZ,20250115,30.28,30.77,29.9,30.05,30.1,-0.05,-0.1661,6930.5,20982.786
300916.SZ,20250115,28.84,28.84,28.2,28.37,28.7,-0.33,-1.1498,15012.0,42800.215
300917.SZ,20250115,46.97,47.47,45.98,46.77,46.85,-0.08,-0.1708,47939.0,223851.567
300918.SZ,20250115,10.43,12.53,10.37,11.05,10.44,0.61,5.8429,163736.17,185040.944
300919.SZ,20250115,35.19,35.3,34.43,34.64,35.19,-0.55,-1.5629,64633.62,224660.892
300920.SZ,20250115,17.78,17.78,17.31,17.42,17.37,0.05,0.2879,7661.0,13378.609
300921.SZ,20250115,25.75,26.35,25.48,25.99,25.37,0.62,2.4438,121268.6,314529.175
300922.SZ,20250115,13.79,13.95,13.55,13.61,13.78,-0.17,-1.2337,27262.0,37350.405
300923.SZ,20250115,19.43,19.48,19.06,19.06,19.25,-0.19,-0.987,11038.94,21189.708
300925.SZ,20250115,21.28,21.83,20.81,21.22,21.98,-0.76,-3.4577,301173.53,637224.61
300926.SZ,20250115,22.75,22.93,22.45,22.64,22.59,0.05,0.2213,78952.2,179061.337
300927.SZ,20250115,16.1,16.4,15.81,15.85,16.1,-0.25,-1.5528,11841.0,18922.013
300928.SZ,20250115,31.43,31.6,30.46,30.58,31.43,-0.85,-2.7044,13190.0,40872.463
300929.SZ,20250115,8.45,8.5,8.25,8.32,8.35,-0.03,-0.3593,22149.2,18472.237
300930.SZ,20250115,26.59,26.59,25.81,25.9,26.29,-0.39,-1.4835,10791.48,28071.139
300931.SZ,20250115,6.68,6.75,6.54,6.61,6.62,-0.01,-0.1511,43730.0,28907.736
300932.SZ,20250115,14.49,14.7,14.2,14.49,14.36,0.13,0.9053,27680.54,40051.609
300933.SZ,20250115,6.65,6.67,6.4,6.44,6.65,-0.21,-3.1579,278073.69,180243.575
300935.SZ,20250115,23.91,24.06,23.12,23.25,23.91,-0.66,-2.7604,15403.0,36249.306
300936.SZ,20250115,38.0,38.18,36.86,37.03,37.93,-0.9,-2.3728,15453.0,57680.845
300937.SZ,20250115,24.6,25.19,24.38,24.47,24.58,-0.11,-0.4475,20550.0,50691.675
300938.SZ,20250115,29.3,30.5,28.82,30.15,29.6,0.55,1.8581,57204.24,169154.215
300939.SZ,20250115,30.98,30.99,30.23,30.3,30.79,-0.49,-1.5914,18231.5,55523.576
300940.SZ,20250115,13.85,13.88,13.54,13.6,13.79,-0.19,-1.3778,35185.89,48041.065
300941.SZ,20250115,24.3,24.64,23.48,23.66,24.54,-0.88,-3.586,148803.73,356377.461
300942.SZ,20250115,8.3,8.44,8.14,8.26,8.3,-0.04,-0.4819,44948.09,37245.262
300943.SZ,20250115,13.32,13.41,12.91,13.05,13.27,-0.22,-1.6579,94254.0,123319.501
300945.SZ,20250115,12.15,12.73,12.1,12.43,12.06,0.37,3.068,243169.0,302369.602
300946.SZ,20250115,27.34,27.35,26.52,26.61,27.16,-0.55,-2.025,8733.0,23456.456
300947.SZ,20250115,17.63,17.85,17.0,17.21,17.8,-0.59,-3.3146,62835.0,109284.777
300948.SZ,20250115,9.24,9.3,9.09,9.16,9.2,-0.04,-0.4348,15158.0,13930.444
300949.SZ,20250115,37.9,42.0,37.67,40.18,37.67,2.51,6.6631,52185.16,207023.514
300950.SZ,20250115,16.21,16.63,16.01,16.14,16.2,-0.06,-0.3704,50592.0,82255.785
300951.SZ,20250115,28.05,28.22,27.69,27.8,28.05,-0.25,-0.8913,14814.53,41359.261
300952.SZ,20250115,24.96,26.58,23.3,23.68,24.49,-0.81,-3.3075,158554.0,397748.53
300953.SZ,20250115,104.0,106.58,100.11,103.31,104.22,-0.91,-0.8732,108614.56,1122834.577
300955.SZ,20250115,14.9,15.09,14.57,14.68,14.68,0.0,0.0,14753.0,21820.334
300956.SZ,20250115,20.91,22.08,20.91,21.76,21.03,0.73,3.4712,133778.69,288076.929
300957.SZ,20250115,41.26,41.3,40.81,40.94,41.42,-0.48,-1.1589,39353.86,161179.725
300958.SZ,20250115,11.34,11.43,11.2,11.23,11.31,-0.08,-0.7073,17352.0,19586.393
300959.SZ,20250115,52.9,53.5,50.3,50.64,53.6,-2.96,-5.5224,105775.69,547107.059
300960.SZ,20250115,22.39,22.5,21.62,21.71,22.16,-0.45,-2.0307,18479.0,40342.097
300961.SZ,20250115,9.89,9.89,9.62,9.66,9.83,-0.17,-1.7294,44654.0,43461.718
300962.SZ,20250115,14.8,14.88,14.61,14.68,14.9,-0.22,-1.4765,20955.0,30892.867
300963.SZ,20250115,8.79,9.18,8.75,8.9,8.84,0.06,0.6787,56096.67,50280.558
300964.SZ,20250115,35.48,35.57,34.5,34.71,35.43,-0.72,-2.0322,12831.4,44821.569
300965.SZ,20250115,33.35,34.87,33.05,33.83,33.39,0.44,1.3178,2849.0,9654.479
300966.SZ,20250115,15.66,15.66,15.29,15.41,15.5,-0.09,-0.5806,9715.0,14959.932
300967.SZ,20250115,11.48,11.58,11.29,11.34,11.44,-0.1,-0.8741,26238.0,29921.292
300968.SZ,20250115,16.74,16.79,16.46,16.52,16.66,-0.14,-0.8403,97092.0,161425.688
300969.SZ,20250115,91.02,92.92,89.33,89.77,91.24,-1.47,-1.6111,11633.34,105169.99
300970.SZ,20250115,11.67,11.72,11.46,11.58,11.57,0.01,0.0864,24083.1,27899.931
300971.SZ,20250115,21.28,21.33,20.72,20.93,21.04,-0.11,-0.5228,19399.58,40646.529
300972.SZ,20250115,83.14,87.66,81.03,87.2,82.89,4.31,5.1997,26878.22,231176.632
300973.SZ,20250115,37.11,37.92,36.86,37.33,37.2,0.13,0.3495,21278.91,79659.242
300975.SZ,20250115,10.89,10.98,10.72,10.78,10.89,-0.11,-1.0101,142756.0,154708.068
300976.SZ,20250115,66.76,67.55,66.06,66.67,66.76,-0.09,-0.1348,14371.8,96066.526
300977.SZ,20250115,17.48,17.66,17.18,17.23,17.48,-0.25,-1.4302,11653.87,20238.153
300978.SZ,20250115,10.57,10.7,10.41,10.45,10.56,-0.11,-1.0417,35813.0,37621.72
300979.SZ,20250115,73.73,74.87,73.06,74.06,73.95,0.11,0.1487,19247.94,142841.768
300980.SZ,20250115,23.04,23.45,22.51,22.89,23.3,-0.41,-1.7597,33012.62,75791.95
300981.SZ,20250115,12.56,12.64,12.38,12.51,12.56,-0.05,-0.3981,20390.66,25500.16
300982.SZ,20250115,16.33,16.77,16.22,16.4,16.35,0.05,0.3058,19902.45,32716.469
300983.SZ,20250115,16.53,16.63,16.19,16.41,16.36,0.05,0.3056,3600.71,5916.594
300984.SZ,20250115,50.65,51.42,48.78,49.7,49.38,0.32,0.648,53447.03,267162.008
300985.SZ,20250115,17.9,18.23,17.52,17.68,17.99,-0.31,-1.7232,24472.0,43416.579
300986.SZ,20250115,11.54,12.44,11.54,12.0,11.58,0.42,3.6269,59572.59,71588.719
300987.SZ,20250115,13.72,14.13,13.72,13.84,13.67,0.17,1.2436,50210.1,69874.73
300988.SZ,20250115,17.7,17.93,17.46,17.51,17.74,-0.23,-1.2965,18464.8,32466.584
300989.SZ,20250115,16.06,16.22,15.22,15.44,16.11,-0.67,-4.1589,59292.2,92846.116
300990.SZ,20250115,40.77,41.1,38.58,38.86,41.18,-2.32,-5.6338,42999.73,169216.796
300991.SZ,20250115,19.08,19.27,18.52,18.61,19.0,-0.39,-2.0526,63206.0,118592.79
300992.SZ,20250115,23.26,23.46,22.61,22.69,23.37,-0.68,-2.9097,14050.13,32294.174
300993.SZ,20250115,11.08,11.24,11.01,11.12,11.14,-0.02,-0.1795,63997.84,71215.178
300994.SZ,20250115,11.17,12.05,11.13,11.47,11.17,0.3,2.6858,59114.74,68475.456
300995.SZ,20250115,15.94,15.99,15.42,15.56,15.81,-0.25,-1.5813,12696.0,19927.782
300996.SZ,20250115,17.34,17.42,17.1,17.15,17.37,-0.22,-1.2666,34012.8,58521.336
300997.SZ,20250115,14.82,15.25,14.78,14.79,14.95,-0.16,-1.0702,49406.7,73949.004
300998.SZ,20250115,15.2,15.22,14.6,14.67,15.18,-0.51,-3.3597,21588.01,32070.542
300999.SZ,20250115,31.09,31.32,30.91,31.02,31.1,-0.08,-0.2572,52223.97,162367.85
301000.SZ,20250115,30.57,32.27,30.01,30.22,31.2,-0.98,-3.141,274018.71,846039.714
301001.SZ,20250115,43.4,44.57,38.13,40.1,40.2,-0.1,-0.2488,177004.0,737248.554
301002.SZ,20250115,15.8,16.04,15.52,15.61,15.73,-0.12,-0.7629,12255.5,19224.605
301003.SZ,20250115,21.4,21.72,21.35,21.5,21.43,0.07,0.3266,9999.05,21574.156
301004.SZ,20250115,121.0,122.95,117.0,118.24,121.33,-3.09,-2.5468,5889.0,70465.259
301005.SZ,20250115,29.35,30.48,29.29,29.36,29.29,0.07,0.239,46008.7,137155.946
301006.SZ,20250115,13.19,13.34,12.98,13.04,13.15,-0.11,-0.8365,11948.0,15636.501
301007.SZ,20250115,19.37,19.37,18.68,18.79,19.06,-0.27,-1.4166,86903.0,164370.885
301008.SZ,20250115,19.28,19.28,18.73,18.88,19.04,-0.16,-0.8403,7122.76,13470.251
301009.SZ,20250115,10.62,10.79,10.52,10.74,10.62,0.12,1.1299,82703.92,88289.198
301010.SZ,20250115,20.2,20.74,19.83,20.33,20.35,-0.02,-0.0983,76521.58,155333.491
301011.SZ,20250115,25.75,27.43,25.6,27.43,25.78,1.65,6.4003,140210.49,374022.226
301012.SZ,20250115,24.27,24.48,23.8,24.35,24.37,-0.02,-0.0821,41153.2,99302.998
301013.SZ,20250115,11.37,11.41,11.07,11.12,11.35,-0.23,-2.0264,51914.5,58094.464
301015.SZ,20250115,23.7,23.72,23.1,23.2,23.75,-0.55,-2.3158,22888.0,53392.865
301016.SZ,20250115,20.97,21.02,20.34,20.42,20.99,-0.57,-2.7156,30288.7,62424.854
301017.SZ,20250115,11.7,11.86,11.57,11.65,11.72,-0.07,-0.5973,27141.0,31713.548
301018.SZ,20250115,43.0,43.0,40.36,41.59,42.06,-0.47,-1.1175,116196.0,483830.549
301019.SZ,20250115,16.66,16.73,16.08,16.28,16.66,-0.38,-2.2809,23909.17,39041.277
301020.SZ,20250115,18.28,18.41,18.08,18.18,18.31,-0.13,-0.71,11032.0,20073.098
301021.SZ,20250115,26.51,26.51,25.7,25.88,26.64,-0.76,-2.8529,45118.16,117453.086
301022.SZ,20250115,20.29,20.48,20.05,20.2,20.32,-0.12,-0.5906,13326.0,26966.216
301023.SZ,20250115,50.5,52.15,50.41,50.81,50.78,0.03,0.0591,15162.0,77449.744
301024.SZ,20250115,22.74,23.07,22.5,22.57,22.74,-0.17,-0.7476,8943.0,20364.163
301025.SZ,20250115,9.16,9.4,9.12,9.19,9.12,0.07,0.7675,65007.0,60008.009
301026.SZ,20250115,26.99,27.23,26.72,26.89,27.05,-0.16,-0.5915,6121.0,16465.333
301027.SZ,20250115,16.36,16.42,16.09,16.33,16.36,-0.03,-0.1834,34687.0,56470.434
301028.SZ,20250115,10.53,10.68,10.38,10.44,10.52,-0.08,-0.7605,30288.0,31742.765
301029.SZ,20250115,25.7,26.5,25.31,26.29,25.67,0.62,2.4153,104812.44,272774.632
301030.SZ,20250115,22.89,23.55,22.61,23.08,22.9,0.18,0.786,53533.46,123639.277
301031.SZ,20250115,107.0,110.2,106.6,107.83,107.5,0.33,0.307,6571.62,71240.263
301032.SZ,20250115,9.3,9.35,9.16,9.2,9.3,-0.1,-1.0753,22397.0,20688.941
301033.SZ,20250115,44.55,44.76,44.05,44.19,44.47,-0.28,-0.6296,4935.87,21888.376
301035.SZ,20250115,47.53,47.97,46.4,46.52,47.62,-1.1,-2.31,7575.0,35505.687
301036.SZ,20250115,40.24,40.24,38.68,38.83,40.26,-1.43,-3.5519,36002.0,141569.918
301037.SZ,20250115,12.83,13.49,12.74,13.36,13.18,0.18,1.3657,74838.76,98937.951
301038.SZ,20250115,17.91,18.04,17.66,17.67,17.88,-0.21,-1.1745,13350.0,23812.829
301039.SZ,20250115,8.99,9.02,8.93,8.97,9.0,-0.03,-0.3333,70774.99,63458.583
301040.SZ,20250115,12.65,12.8,12.27,12.46,12.35,0.11,0.8907,34388.68,42988.189
301041.SZ,20250115,23.99,24.05,23.51,23.7,23.91,-0.21,-0.8783,22566.0,53515.552
301042.SZ,20250115,34.28,35.18,34.01,34.63,34.28,0.35,1.021,11185.0,38738.751
301043.SZ,20250115,27.55,28.1,27.55,27.81,27.53,0.28,1.0171,6067.0,16877.776
301045.SZ,20250115,22.48,22.48,21.8,21.85,22.31,-0.46,-2.0619,12614.0,27842.764
301046.SZ,20250115,19.85,20.17,19.5,19.86,19.76,0.1,0.5061,11207.0,22228.901
301047.SZ,20250115,59.76,59.82,59.02,59.17,59.89,-0.72,-1.2022,5496.6,32573.274
301048.SZ,20250115,8.6,8.64,8.51,8.55,8.63,-0.08,-0.927,27810.0,23818.583
301049.SZ,20250115,24.2,24.48,23.62,23.68,24.04,-0.36,-1.4975,13460.0,32292.152
301050.SZ,20250115,50.69,50.88,49.44,49.7,50.7,-1.0,-1.9724,51011.44,254690.834
301051.SZ,20250115,26.06,26.23,25.73,25.88,26.21,-0.33,-1.2591,5914.2,15307.882
301052.SZ,20250115,25.12,26.01,25.02,25.5,25.02,0.48,1.9185,119138.96,303138.682
301053.SZ,20250115,19.85,20.25,19.42,20.07,19.74,0.33,1.6717,10408.0,20773.799
301055.SZ,20250115,14.83,14.92,14.6,14.68,14.68,0.0,0.0,11741.0,17294.235
301056.SZ,20250115,8.08,8.17,8.02,8.08,8.04,0.04,0.4975,22185.0,17957.001
301057.SZ,20250115,12.4,12.52,12.24,12.44,12.34,0.1,0.8104,14895.18,18473.163
301058.SZ,20250115,10.02,10.05,9.89,9.9,10.03,-0.13,-1.2961,41792.82,41580.919
301059.SZ,20250115,10.69,10.85,10.47,10.48,10.65,-0.17,-1.5962,37963.8,40389.411
301060.SZ,20250115,9.38,9.38,9.11,9.18,9.41,-0.23,-2.4442,75956.0,70043.008
301061.SZ,20250115,67.6,72.88,66.61,70.35,68.1,2.25,3.304,15803.64,111726.219
301062.SZ,20250115,12.78,12.85,12.27,12.29,12.83,-0.54,-4.2089,123051.22,153720.774
301063.SZ,20250115,15.76,15.84,15.55,15.63,15.69,-0.06,-0.3824,8953.0,14025.905
301065.SZ,20250115,18.92,18.92,18.49,18.57,18.85,-0.28,-1.4854,7185.0,13361.126
301066.SZ,20250115,14.88,14.99,14.08,14.14,14.21,-0.07,-0.4926,165360.05,239587.143
301067.SZ,20250115,31.17,31.48,29.52,29.62,31.17,-1.55,-4.9727,87008.29,263726.644
301068.SZ,20250115,28.67,28.67,27.11,27.26,28.5,-1.24,-4.3509,10335.8,28518.573
301069.SZ,20250115,15.63,15.7,15.1,15.16,15.62,-0.46,-2.9449,64099.0,98335.283
301070.SZ,20250115,48.13,48.53,47.01,47.55,48.12,-0.57,-1.1845,5823.5,27866.365
301071.SZ,20250115,33.33,33.5,32.66,32.85,33.63,-0.78,-2.3194,96223.6,318194.894
301072.SZ,20250115,19.77,19.96,19.31,19.35,19.86,-0.51,-2.568,18081.0,35436.961
301073.SZ,20250115,19.78,20.5,19.56,20.08,19.77,0.31,1.568,74269.88,149405.491
301075.SZ,20250115,18.46,18.79,18.01,18.22,18.36,-0.14,-0.7625,8067.99,14858.353
301076.SZ,20250115,32.5,33.2,31.75,32.01,32.88,-0.87,-2.646,120447.53,390058.45
301077.SZ,20250115,27.35,27.85,27.21,27.42,27.58,-0.16,-0.5801,20109.5,55277.475
301078.SZ,20250115,12.02,12.58,11.82,12.49,12.03,0.46,3.8238,603059.98,742342.265
301079.SZ,20250115,15.35,15.35,14.98,15.09,15.29,-0.2,-1.308,22706.5,34430.497
301080.SZ,20250115,47.22,48.21,46.72,46.94,47.25,-0.31,-0.6561,16063.01,76114.376
301081.SZ,20250115,8.56,8.68,8.4,8.55,8.55,0.0,0.0,18997.2,16192.427
301082.SZ,20250115,16.05,16.24,15.58,15.62,16.57,-0.95,-5.7333,222957.23,352485.604
301083.SZ,20250115,13.76,13.82,13.53,13.53,13.74,-0.21,-1.5284,17448.73,23806.996
301085.SZ,20250115,62.81,64.85,62.0,63.73,63.31,0.42,0.6634,48903.22,311284.209
301086.SZ,20250115,50.4,50.4,48.2,48.41,48.88,-0.47,-0.9615,16023.5,78789.119
301087.SZ,20250115,34.25,34.36,33.76,33.97,34.12,-0.15,-0.4396,10304.17,34988.144
301088.SZ,20250115,12.75,13.05,12.71,12.85,12.75,0.1,0.7843,35395.0,45564.118
301089.SZ,20250115,27.52,27.52,27.1,27.27,27.52,-0.25,-0.9084,16080.0,43859.48
301090.SZ,20250115,6.67,6.69,6.54,6.59,6.68,-0.09,-1.3473,37581.0,24746.783
301091.SZ,20250115,43.6,44.81,43.21,43.3,44.04,-0.74,-1.6803,98996.8,435169.313
301092.SZ,20250115,23.1,23.3,22.8,23.14,23.04,0.1,0.434,10114.0,23378.805
301093.SZ,20250115,24.17,24.58,23.89,24.37,24.17,0.2,0.8275,16795.84,40771.253
301095.SZ,20250115,51.22,51.4,50.22,50.33,51.16,-0.83,-1.6224,28950.0,146910.17
301096.SZ,20250115,35.78,35.89,35.38,35.59,35.77,-0.18,-0.5032,14741.0,52533.982
301097.SZ,20250115,38.26,38.3,37.5,37.53,38.26,-0.73,-1.908,3900.0,14802.512
301098.SZ,20250115,7.76,7.79,7.66,7.72,7.74,-0.02,-0.2584,38770.07,29960.056
301099.SZ,20250115,40.67,41.44,40.36,40.88,40.9,-0.02,-0.0489,16303.54,66766.305
301100.SZ,20250115,15.97,16.2,15.88,15.92,16.08,-0.16,-0.995,11214.0,17961.004
301101.SZ,20250115,38.93,40.44,38.5,39.51,39.07,0.44,1.1262,80613.74,319377.036
301102.SZ,20250115,12.0,12.28,11.35,11.41,10.85,0.56,5.1613,170155.44,197045.404
301103.SZ,20250115,18.8,18.9,18.46,18.81,19.09,-0.28,-1.4667,14480.78,27085.996
301105.SZ,20250115,27.15,27.93,26.92,27.24,27.18,0.06,0.2208,5481.0,14962.374
301106.SZ,20250115,28.0,28.22,27.79,28.04,28.0,0.04,0.1429,8950.4,25050.293
301107.SZ,20250115,26.0,26.17,25.5,25.66,25.6,0.06,0.2344,8207.0,21203.086
301108.SZ,20250115,24.51,24.6,24.05,24.42,24.41,0.01,0.041,4112.0,10021.887
301109.SZ,20250115,16.46,16.66,16.38,16.54,16.47,0.07,0.425,25468.11,42113.936
301110.SZ,20250115,68.2,72.99,66.2,69.6,64.3,5.3,8.2426,119978.47,830437.361
301111.SZ,20250115,15.81,15.81,15.48,15.58,15.82,-0.24,-1.5171,23756.42,37044.58
301112.SZ,20250115,24.16,24.45,23.81,24.12,24.13,-0.01,-0.0414,19181.5,46340.555
301113.SZ,20250115,23.47,23.85,23.0,23.49,23.24,0.25,1.0757,7533.66,17680.051
301115.SZ,20250115,13.67,13.68,13.53,13.62,13.68,-0.06,-0.4386,9776.0,13311.843
301116.SZ,20250115,11.96,12.25,11.88,11.95,11.98,-0.03,-0.2504,65556.0,79044.369
301117.SZ,20250115,30.59,32.13,30.42,32.03,30.73,1.3,4.2304,40283.0,127857.449
301118.SZ,20250115,17.85,18.01,17.53,17.61,17.83,-0.22,-1.2339,21374.0,37859.164
301119.SZ,20250115,29.62,29.94,29.02,29.2,29.6,-0.4,-1.3514,10047.7,29621.989
301120.SZ,20250115,9.29,9.29,8.82,8.86,9.17,-0.31,-3.3806,84054.0,74974.543
301121.SZ,20250115,50.0,50.25,48.63,49.01,50.05,-1.04,-2.0779,21084.0,104122.943
301122.SZ,20250115,19.39,19.39,18.95,19.03,19.16,-0.13,-0.6785,9343.3,17860.259
301123.SZ,20250115,22.52,22.7,21.86,22.14,22.45,-0.31,-1.3808,71060.33,157267.334
301125.SZ,20250115,11.22,11.3,11.02,11.17,11.17,0.0,0.0,35120.48,39233.552
301126.SZ,20250115,10.25,10.37,10.03,10.15,10.2,-0.05,-0.4902,28033.0,28507.543
301127.SZ,20250115,15.61,16.41,15.6,16.31,15.61,0.7,4.4843,171511.92,277497.529
301128.SZ,20250115,57.48,57.73,56.26,56.69,57.48,-0.79,-1.3744,18112.99,103080.396
301129.SZ,20250115,24.57,24.75,24.0,24.08,24.56,-0.48,-1.9544,17626.2,42830.657
301130.SZ,20250115,27.5,27.5,26.56,26.76,27.41,-0.65,-2.3714,8803.0,23648.845
301131.SZ,20250115,33.96,34.56,33.61,34.23,33.92,0.31,0.9139,12338.4,42175.697
301132.SZ,20250115,27.78,27.87,26.94,27.06,28.03,-0.97,-3.4606,43266.51,117967.362
301133.SZ,20250115,21.75,21.93,21.41,21.43,21.77,-0.34,-1.5618,8870.0,19171.285
301135.SZ,20250115,23.68,23.78,23.15,23.22,23.5,-0.28,-1.1915,10827.0,25306.582
301136.SZ,20250115,11.1,11.15,10.91,10.92,11.1,-0.18,-1.6216,23166.0,25468.438
301137.SZ,20250115,17.19,17.3,16.87,16.98,17.28,-0.3,-1.7361,19355.0,33015.405
301138.SZ,20250115,26.61,26.97,26.41,26.46,26.61,-0.15,-0.5637,8750.0,23282.773
301139.SZ,20250115,21.22,21.33,20.86,21.0,21.16,-0.16,-0.7561,19744.0,41562.939
301141.SZ,20250115,38.71,40.15,38.11,39.77,39.15,0.62,1.5837,56821.94,222784.295
301148.SZ,20250115,17.98,18.0,17.53,17.79,17.86,-0.07,-0.3919,11448.88,20316.603
301149.SZ,20250115,9.88,10.09,9.88,9.96,9.92,0.04,0.4032,29545.31,29556.663
301150.SZ,20250115,21.1,21.43,21.01,21.13,21.28,-0.15,-0.7049,9275.48,19597.559
301151.SZ,20250115,14.71,14.87,14.57,14.59,14.74,-0.15,-1.0176,15246.0,22396.498
301152.SZ,20250115,31.66,32.65,31.08,32.38,31.6,0.78,2.4684,39635.88,126298.959
301153.SZ,20250115,24.59,24.84,24.34,24.45,24.77,-0.32,-1.2919,45325.44,111140.641
301155.SZ,20250115,58.03,58.6,55.55,57.89,57.8,0.09,0.1557,46375.12,265094.296
301156.SZ,20250115,12.59,12.59,12.36,12.45,12.51,-0.06,-0.4796,8863.1,11045.31
301157.SZ,20250115,57.8,57.8,53.44,53.46,60.35,-6.89,-11.4167,87778.42,483876.289
301158.SZ,20250115,14.06,14.2,13.88,13.92,14.11,-0.19,-1.3466,21520.29,30120.211
301159.SZ,20250115,30.92,31.18,30.49,30.63,30.87,-0.24,-0.7775,11767.5,36233.999
301160.SZ,20250115,63.0,64.88,61.91,62.23,61.97,0.26,0.4196,39265.37,246771.739
301161.SZ,20250115,20.33,20.44,19.89,19.96,20.32,-0.36,-1.7717,54764.0,109974.576
301162.SZ,20250115,43.07,43.42,42.29,42.37,43.23,-0.86,-1.9894,8657.0,36908.056
301163.SZ,20250115,20.51,20.84,20.31,20.42,20.5,-0.08,-0.3902,14519.0,29855.805
301165.SZ,20250115,68.0,69.37,67.47,68.06,68.5,-0.44,-0.6423,86176.51,588117.178
301166.SZ,20250115,27.55,27.6,27.16,27.24,27.58,-0.34,-1.2328,4393.0,12005.271
301167.SZ,20250115,12.46,12.6,12.35,12.37,12.46,-0.09,-0.7223,13040.0,16234.885
301168.SZ,20250115,28.66,30.37,28.6,29.58,28.72,0.86,2.9944,43506.43,129127.83
301169.SZ,20250115,36.71,38.5,36.22,36.53,36.63,-0.1,-0.273,26383.0,97937.74
301170.SZ,20250115,22.81,22.97,22.53,22.59,22.82,-0.23,-1.0079,6497.0,14727.655
301171.SZ,20250115,29.8,30.92,28.82,30.66,29.55,1.11,3.7563,674523.43,2018612.78
301172.SZ,20250115,25.73,25.89,25.25,25.39,25.71,-0.32,-1.2447,12589.0,32143.315
301175.SZ,20250115,5.04,5.05,4.97,4.99,5.04,-0.05,-0.9921,110459.0,55217.291
301176.SZ,20250115,18.06,18.4,17.58,17.74,18.12,-0.38,-2.0971,56483.0,100920.815
301177.SZ,20250115,27.98,27.99,26.06,26.54,27.89,-1.35,-4.8404,35324.26,94905.115
301178.SZ,20250115,26.73,27.0,26.44,26.84,26.72,0.12,0.4491,28393.8,76012.825
301179.SZ,20250115,17.35,17.36,16.95,17.02,17.28,-0.26,-1.5046,30118.04,51523.703
301180.SZ,20250115,14.6,14.6,13.91,13.91,14.24,-0.33,-2.3174,39824.99,55874.767
301181.SZ,20250115,20.7,20.86,20.43,20.53,20.71,-0.18,-0.8691,7161.3,14709.567
301182.SZ,20250115,34.86,35.49,33.71,33.83,34.58,-0.75,-2.1689,55559.3,191996.173
301183.SZ,20250115,55.24,56.18,54.23,54.4,55.66,-1.26,-2.2637,35680.12,196126.738
301185.SZ,20250115,16.58,17.06,16.4,16.82,16.52,0.3,1.816,47012.0,78873.009
301186.SZ,20250115,43.0,43.4,42.11,42.43,44.48,-2.05,-4.6088,33659.82,143221.181
301187.SZ,20250115,38.09,40.71,37.77,40.46,38.83,1.63,4.1978,77964.02,308438.272
301188.SZ,20250115,16.05,16.68,16.01,16.31,16.05,0.26,1.6199,68052.0,111857.695
301189.SZ,20250115,22.93,24.8,22.47,23.14,22.82,0.32,1.4023,27207.0,63639.124
301190.SZ,20250115,15.01,15.01,14.78,14.82,14.99,-0.17,-1.1341,6151.85,9170.883
301191.SZ,20250115,88.11,89.01,86.6,87.02,88.11,-1.09,-1.2371,19327.86,169241.566
301192.SZ,20250115,19.43,20.5,19.08,20.17,19.27,0.9,4.6705,50520.0,100944.245
301193.SZ,20250115,16.03,16.15,15.71,15.79,16.08,-0.29,-1.8035,6867.0,10939.912
301195.SZ,20250115,30.69,30.71,30.26,30.51,30.64,-0.13,-0.4243,10116.5,30847.42
301196.SZ,20250115,33.8,33.89,33.26,33.46,33.88,-0.42,-1.2397,8913.0,29881.424
301197.SZ,20250115,14.62,14.68,14.38,14.43,14.54,-0.11,-0.7565,14310.0,20730.563
301198.SZ,20250115,10.6,10.77,10.42,10.54,10.58,-0.04,-0.3781,47233.06,50009.594
301199.SZ,20250115,30.42,30.79,29.89,30.02,30.48,-0.46,-1.5092,24767.0,74934.582
301200.SZ,20250115,35.51,36.12,35.31,35.87,35.64,0.23,0.6453,9899.0,35451.947
301201.SZ,20250115,19.46,19.46,18.93,19.02,19.22,-0.2,-1.0406,8198.19,15606.47
301202.SZ,20250115,34.47,35.9,34.16,34.78,34.47,0.31,0.8993,84918.6,296537.473
301203.SZ,20250115,33.33,33.33,31.79,31.79,33.38,-1.59,-4.7633,19913.0,64691.743
301205.SZ,20250115,69.97,70.5,68.69,69.0,70.19,-1.19,-1.6954,18405.0,127369.984
301206.SZ,20250115,25.78,25.78,25.38,25.5,25.68,-0.18,-0.7009,5986.0,15289.767
301207.SZ,20250115,17.99,18.07,17.61,17.65,18.07,-0.42,-2.3243,44747.89,79321.508
301208.SZ,20250115,32.03,32.16,30.96,31.0,31.82,-0.82,-2.577,31940.2,100401.286
301209.SZ,20250115,28.45,28.58,27.0,27.82,28.45,-0.63,-2.2144,18826.0,52173.635
301210.SZ,20250115,33.5,35.3,33.2,35.29,33.07,2.22,6.713,31618.64,109211.353
301211.SZ,20250115,17.94,18.8,17.58,18.56,18.04,0.52,2.8825,105076.79,190820.908
301212.SZ,20250115,20.48,20.56,19.93,20.56,20.27,0.29,1.4307,5985.0,12066.018
301213.SZ,20250115,43.93,44.68,42.82,42.96,44.12,-1.16,-2.6292,11687.0,51086.98
301215.SZ,20250115,5.8,5.8,5.69,5.7,5.8,-0.1,-1.7241,71581.0,41035.652
301216.SZ,20250115,9.87,9.88,9.72,9.78,9.85,-0.07,-0.7107,17848.15,17438.12
301217.SZ,20250115,11.11,11.3,10.91,11.0,11.19,-0.19,-1.6979,142428.0,157419.77
301218.SZ,20250115,21.17,21.32,20.66,20.85,21.11,-0.26,-1.2316,23802.0,49766.957
301219.SZ,20250115,45.17,45.75,44.81,45.05,45.35,-0.3,-0.6615,21963.0,99026.58
301220.SZ,20250115,34.65,34.91,33.61,34.03,35.3,-1.27,-3.5977,18633.87,63751.676
301221.SZ,20250115,44.9,45.18,43.75,44.06,44.58,-0.52,-1.1664,21372.0,94664.246
301222.SZ,20250115,25.28,25.48,24.86,25.09,25.28,-0.19,-0.7516,5828.0,14638.121
301223.SZ,20250115,15.6,15.66,15.47,15.53,15.61,-0.08,-0.5125,6007.0,9350.187
301225.SZ,20250115,25.8,26.5,25.39,26.21,25.98,0.23,0.8853,7748.0,20365.198
301226.SZ,20250115,24.8,24.83,24.0,24.26,24.52,-0.26,-1.0604,32945.59,80477.417
301227.SZ,20250115,15.85,16.12,15.68,16.06,15.83,0.23,1.4529,10909.27,17356.523
301228.SZ,20250115,13.61,15.05,13.61,14.61,13.56,1.05,7.7434,108205.98,155827.217
301229.SZ,20250115,20.75,21.02,20.55,20.65,20.74,-0.09,-0.4339,12502.2,25954.943
301230.SZ,20250115,24.8,25.14,24.22,24.6,24.8,-0.2,-0.8065,30906.04,76553.741
301231.SZ,20250115,17.39,18.15,17.38,17.96,17.22,0.74,4.2973,88308.96,156986.618
301232.SZ,20250115,24.68,24.87,24.17,24.29,24.66,-0.37,-1.5004,9830.6,23979.525
301233.SZ,20250115,45.9,47.06,45.2,45.7,45.79,-0.09,-0.1965,9231.02,42600.744
301234.SZ,20250115,25.16,25.16,24.61,24.9,25.01,-0.11,-0.4398,7077.0,17632.93
301235.SZ,20250115,19.09,19.12,18.81,18.91,19.02,-0.11,-0.5783,9793.0,18590.153
301236.SZ,20250115,55.1,55.42,53.53,53.78,55.65,-1.87,-3.3603,305765.5,1659325.668
301237.SZ,20250115,22.8,22.8,22.33,22.36,22.79,-0.43,-1.8868,6352.0,14330.54
301238.SZ,20250115,15.19,15.25,14.95,15.02,15.17,-0.15,-0.9888,35859.0,54034.818
301239.SZ,20250115,40.7,40.7,39.79,39.93,40.95,-1.02,-2.4908,13573.0,54386.783
301246.SZ,20250115,13.06,13.11,12.88,12.99,13.1,-0.11,-0.8397,19312.0,25050.685
301248.SZ,20250115,15.68,15.8,15.19,15.3,15.4,-0.1,-0.6494,31807.0,48875.305
301251.SZ,20250115,34.95,35.3,33.76,33.95,34.8,-0.85,-2.4425,50714.48,174148.487
301252.SZ,20250115,36.58,37.56,35.33,35.6,37.43,-1.83,-4.8891,85597.75,308148.236
301255.SZ,20250115,34.09,34.29,33.3,33.6,34.09,-0.49,-1.4374,15860.0,53447.315
301256.SZ,20250115,7.45,7.56,7.36,7.38,7.48,-0.1,-1.3369,19842.0,14711.384
301257.SZ,20250115,26.2,26.66,26.12,26.13,25.96,0.17,0.6549,16462.1,43397.744
301258.SZ,20250115,23.3,23.39,22.97,23.05,23.24,-0.19,-0.8176,8871.0,20494.499
301259.SZ,20250115,52.39,55.5,51.27,51.75,52.45,-0.7,-1.3346,51165.2,272342.93
301260.SZ,20250115,13.1,14.62,13.06,13.95,13.05,0.9,6.8966,96747.49,135888.494
301261.SZ,20250115,46.0,47.58,45.77,45.88,44.68,1.2,2.6858,71001.78,330299.99
301262.SZ,20250115,24.27,25.28,24.27,24.83,24.16,0.67,2.7732,37871.64,93766.77
301263.SZ,20250115,15.88,16.01,15.68,15.79,15.97,-0.18,-1.1271,58855.76,93183.735
301265.SZ,20250115,8.7,8.78,8.67,8.7,8.71,-0.01,-0.1148,9439.77,8225.525
301266.SZ,20250115,32.94,35.85,32.65,34.43,32.94,1.49,4.5234,75507.75,258954.21
301267.SZ,20250115,18.02,18.1,17.8,17.87,18.12,-0.25,-1.3797,45120.0,80666.526
301268.SZ,20250115,15.75,15.8,15.4,15.52,15.69,-0.17,-1.0835,18779.0,29213.495
301269.SZ,20250115,112.6,113.5,109.71,109.8,113.14,-3.34,-2.9521,51634.0,575103.511
301270.SZ,20250115,34.23,34.98,33.63,33.8,34.21,-0.41,-1.1985,25324.66,86446.507
301272.SZ,20250115,33.66,33.75,32.85,33.26,33.3,-0.04,-0.1201,5217.29,17366.892
301273.SZ,20250115,19.5,19.58,18.37,18.56,18.9,-0.34,-1.7989,13814.0,25840.526
301276.SZ,20250115,20.31,21.22,19.93,19.98,19.6,0.38,1.9388,41659.12,85169.941
301277.SZ,20250115,13.82,13.82,13.57,13.66,13.8,-0.14,-1.0145,18232.78,24896.855
301278.SZ,20250115,32.8,34.1,32.24,33.22,32.69,0.53,1.6213,18795.36,62499.229
301279.SZ,20250115,20.27,20.41,20.02,20.18,20.27,-0.09,-0.444,9519.0,19271.278
301280.SZ,20250115,43.26,44.31,42.88,43.16,42.94,0.22,0.5123,12552.94,54496.463
301281.SZ,20250115,29.17,29.29,28.69,28.9,29.16,-0.26,-0.8916,13336.0,38496.032
301282.SZ,20250115,20.86,21.04,20.49,20.57,20.88,-0.31,-1.4847,19214.0,39746.321
301283.SZ,20250115,24.8,24.84,24.5,24.58,24.75,-0.17,-0.6869,4500.0,11092.892
301285.SZ,20250115,31.68,33.05,31.31,32.53,31.94,0.59,1.8472,73281.22,236759.944
301286.SZ,20250115,36.06,36.06,34.39,34.9,36.09,-1.19,-3.2973,8452.27,29668.921
301287.SZ,20250115,28.24,28.4,27.62,27.93,27.82,0.11,0.3954,9468.0,26548.327
301288.SZ,20250115,14.97,15.59,14.72,14.94,14.94,0.0,0.0,25777.31,38866.575
301289.SZ,20250115,47.0,47.5,46.3,46.51,47.2,-0.69,-1.4619,13438.3,62833.551
301290.SZ,20250115,22.99,23.18,22.58,22.72,22.83,-0.11,-0.4818,8091.0,18422.094
301291.SZ,20250115,46.92,46.92,44.55,45.0,47.05,-2.05,-4.3571,61298.68,277067.414
301292.SZ,20250115,12.79,13.0,12.65,12.77,12.76,0.01,0.0784,16033.0,20540.894
301293.SZ,20250115,44.3,45.26,43.94,44.54,44.45,0.09,0.2025,87787.41,391117.786
301295.SZ,20250115,20.5,20.5,20.11,20.39,20.38,0.01,0.0491,11049.4,22467.318
301296.SZ,20250115,9.2,9.27,9.1,9.15,9.19,-0.04,-0.4353,26857.0,24637.231
301297.SZ,20250115,41.7,42.03,40.86,41.04,41.72,-0.68,-1.6299,64838.4,267737.533
301298.SZ,20250115,13.43,13.8,13.35,13.69,13.37,0.32,2.3934,31534.3,43035.432
301299.SZ,20250115,64.5,64.79,61.21,61.9,66.28,-4.38,-6.6083,76136.8,478537.863
301300.SZ,20250115,25.2,25.97,25.05,25.22,25.15,0.07,0.2783,10834.92,27389.509
301301.SZ,20250115,11.76,11.8,11.6,11.67,11.76,-0.09,-0.7653,113403.96,132422.442
301302.SZ,20250115,21.22,21.36,20.74,20.89,21.14,-0.25,-1.1826,46242.5,96962.305
301303.SZ,20250115,14.83,14.85,14.43,14.49,14.88,-0.39,-2.621,17199.2,25112.653
301305.SZ,20250115,17.94,18.14,17.81,17.95,17.95,0.0,0.0,21986.17,39481.751
301306.SZ,20250115,35.69,35.99,34.8,34.8,35.65,-0.85,-2.3843,12574.0,44225.669
301307.SZ,20250115,20.3,20.48,19.91,20.0,20.42,-0.42,-2.0568,32648.78,65660.022
301308.SZ,20250115,82.01,82.75,80.79,80.91,82.44,-1.53,-1.8559,46591.7,380732.281
301309.SZ,20250115,24.07,24.32,23.85,23.96,24.08,-0.12,-0.4983,5258.0,12633.997
301310.SZ,20250115,26.4,26.76,26.21,26.43,26.68,-0.25,-0.937,20343.83,53826.725
301311.SZ,20250115,17.46,17.55,17.3,17.36,17.46,-0.1,-0.5727,20954.0,36499.404
301312.SZ,20250115,43.83,44.3,42.93,43.11,43.83,-0.72,-1.6427,11560.4,50155.176
301313.SZ,20250115,26.18,26.44,24.79,25.15,25.88,-0.73,-2.8207,85731.0,218640.18
301314.SZ,20250115,34.79,34.97,34.14,34.62,34.68,-0.06,-0.173,5664.3,19593.816
301315.SZ,20250115,67.6,69.07,63.0,63.14,70.76,-7.62,-10.7688,129390.82,856783.261
301316.SZ,20250115,22.49,22.82,21.9,22.01,21.96,0.05,0.2277,286226.0,636644.158
301317.SZ,20250115,19.5,19.6,18.76,18.93,19.56,-0.63,-3.2209,12676.0,24249.167
301318.SZ,20250115,28.13,28.59,27.85,27.98,28.17,-0.19,-0.6745,17733.34,49782.359
301319.SZ,20250115,30.4,30.4,29.25,29.38,30.14,-0.76,-2.5216,11749.05,34797.988
301320.SZ,20250115,15.0,15.09,14.8,14.85,14.98,-0.13,-0.8678,20247.12,30202.906
301321.SZ,20250115,13.8,14.0,13.61,13.66,13.84,-0.18,-1.3006,20526.8,28242.705
301322.SZ,20250115,22.6,22.67,22.19,22.37,22.51,-0.14,-0.6219,8329.9,18666.627
301323.SZ,20250115,39.07,39.48,38.3,38.65,39.07,-0.42,-1.075,9885.0,38288.216
301325.SZ,20250115,53.88,54.55,52.9,53.32,53.86,-0.54,-1.0026,51558.95,276802.608
301326.SZ,20250115,74.56,77.6,72.03,72.21,72.2,0.01,0.0139,14402.0,106560.246
301327.SZ,20250115,79.2,79.78,76.95,77.01,79.1,-2.09,-2.6422,7081.07,55378.313
301328.SZ,20250115,41.88,42.17,40.83,41.14,41.89,-0.75,-1.7904,29711.24,122767.729
301329.SZ,20250115,22.47,22.55,21.71,21.9,22.9,-1.0,-4.3668,102571.03,226288.932
301330.SZ,20250115,26.0,26.39,25.75,26.11,26.0,0.11,0.4231,23060.5,60049.448
301331.SZ,20250115,23.12,23.15,22.78,22.88,23.04,-0.16,-0.6944,5191.22,11885.779
301332.SZ,20250115,9.85,10.38,9.83,9.89,9.78,0.11,1.1247,67569.33,67638.228
301333.SZ,20250115,46.47,46.9,45.4,45.79,46.9,-1.11,-2.3667,6998.13,32157.06
301335.SZ,20250115,21.87,23.94,21.8,22.79,21.62,1.17,5.4117,69342.35,158531.486
301336.SZ,20250115,54.47,55.99,51.0,52.6,55.08,-2.48,-4.5025,20561.19,110360.784
301337.SZ,20250115,28.65,28.79,27.9,28.04,28.49,-0.45,-1.5795,13978.0,39566.145
301338.SZ,20250115,31.5,31.94,31.0,31.18,31.49,-0.31,-0.9844,9997.0,31410.147
301339.SZ,20250115,19.38,19.51,19.2,19.24,19.4,-0.16,-0.8247,37125.43,71782.284
301345.SZ,20250115,62.3,67.89,62.0,65.95,62.3,3.65,5.8587,23118.42,151196.984
301348.SZ,20250115,24.5,24.57,24.09,24.13,24.46,-0.33,-1.3491,33161.8,80434.908
301349.SZ,20250115,29.67,30.01,29.0,29.37,29.67,-0.3,-1.0111,9786.0,28815.672
301353.SZ,20250115,27.0,27.11,26.52,26.59,26.87,-0.28,-1.0421,6678.0,17897.359
301355.SZ,20250115,13.68,13.68,11.93,12.1,13.71,-1.61,-11.7433,165011.98,210597.744
301356.SZ,20250115,16.56,17.55,16.36,16.99,16.61,0.38,2.2878,15784.64,26874.09
301357.SZ,20250115,31.49,31.49,30.5,30.56,31.12,-0.56,-1.7995,11429.6,35214.672
301358.SZ,20250115,45.24,45.73,43.85,44.04,45.53,-1.49,-3.2726,62531.88,279073.006
301359.SZ,20250115,22.13,22.67,21.91,22.07,22.19,-0.12,-0.5408,11383.5,25232.824
301360.SZ,20250115,48.84,49.6,48.01,48.14,48.87,-0.73,-1.4938,9355.0,45378.064
301361.SZ,20250115,29.21,29.96,28.51,28.57,29.35,-0.78,-2.6576,46791.81,136331.869
301362.SZ,20250115,37.77,38.59,37.34,37.64,37.68,-0.04,-0.1062,5779.44,21791.295
301363.SZ,20250115,33.24,33.37,32.45,32.69,33.51,-0.82,-2.447,14278.52,46864.526
301365.SZ,20250115,14.2,14.38,13.89,13.96,14.2,-0.24,-1.6901,16887.5,23756.963
301366.SZ,20250115,47.0,48.87,46.56,47.65,47.06,0.59,1.2537,105255.46,501149.228
301367.SZ,20250115,64.26,64.26,63.35,63.73,64.2,-0.47,-0.7321,3252.4,20770.064
301368.SZ,20250115,54.43,56.0,52.5,53.38,52.44,0.94,1.7925,151764.36,820700.394
301369.SZ,20250115,51.91,52.88,51.31,51.84,51.74,0.1,0.1933,10834.5,56331.608
301370.SZ,20250115,10.14,10.19,10.05,10.07,10.15,-0.08,-0.7882,31947.0,32287.456
301371.SZ,20250115,36.85,37.09,36.13,36.38,36.85,-0.47,-1.2754,16496.0,60441.768
301372.SZ,20250115,19.93,19.96,19.5,19.58,19.74,-0.16,-0.8105,8680.0,17055.452
301373.SZ,20250115,25.25,26.07,25.08,25.87,25.25,0.62,2.4554,7629.77,19483.529
301376.SZ,20250115,19.15,21.3,19.13,19.93,19.12,0.81,4.2364,67329.91,135467.345
301377.SZ,20250115,22.47,22.7,21.84,22.1,22.71,-0.61,-2.686,85704.36,189797.84
301378.SZ,20250115,27.27,27.73,26.96,27.08,27.26,-0.18,-0.6603,13182.5,35846.352
301379.SZ,20250115,20.12,20.28,19.94,20.15,20.11,0.04,0.1989,27760.9,55769.401
301380.SZ,20250115,45.6,46.28,43.75,45.06,43.61,1.45,3.3249,38772.8,173418.505
301381.SZ,20250115,22.15,23.24,21.88,22.42,22.2,0.22,0.991,62632.0,140514.617
301382.SZ,20250115,25.35,25.95,25.26,25.43,25.18,0.25,0.9929,74070.72,189639.277
301383.SZ,20250115,56.14,57.67,54.41,55.14,54.96,0.18,0.3275,118583.56,662655.445
301386.SZ,20250115,20.11,20.25,19.84,19.95,20.07,-0.12,-0.5979,10331.0,20687.228
301387.SZ,20250115,31.91,32.19,30.81,31.05,31.89,-0.84,-2.6341,30383.4,94812.371
301388.SZ,20250115,23.0,23.45,22.56,23.08,22.92,0.16,0.6981,23444.0,54079.598
301389.SZ,20250115,16.26,16.33,15.65,15.75,16.24,-0.49,-3.0172,38394.0,61040.781
301390.SZ,20250115,31.46,31.46,30.7,30.86,31.27,-0.41,-1.3112,10605.02,32854.158
301391.SZ,20250115,35.24,35.85,34.8,34.87,35.15,-0.28,-0.7966,10526.8,37110.794
301392.SZ,20250115,65.0,67.36,64.1,66.6,66.29,0.31,0.4676,27837.73,182634.48
301393.SZ,20250115,39.33,39.55,38.84,39.09,39.34,-0.25,-0.6355,5976.97,23419.122
301395.SZ,20250115,11.11,11.12,10.9,10.94,11.05,-0.11,-0.9955,13283.66,14614.15
301396.SZ,20250115,30.3,30.35,29.78,29.89,30.38,-0.49,-1.6129,33746.53,101313.289
301397.SZ,20250115,25.52,25.82,25.2,25.27,25.52,-0.25,-0.9796,6799.0,17305.522
301398.SZ,20250115,49.61,51.46,48.73,48.98,50.9,-1.92,-3.7721,26152.09,129855.066
301399.SZ,20250115,29.4,32.15,27.9,28.21,27.82,0.39,1.4019,179240.73,526688.221
301408.SZ,20250115,10.8,10.95,10.71,10.88,10.8,0.08,0.7407,30842.0,33446.302
301413.SZ,20250115,77.93,78.7,74.36,75.45,80.31,-4.86,-6.0516,95389.08,723993.303
301418.SZ,20250115,32.7,32.89,32.43,32.66,32.78,-0.12,-0.3661,5912.0,19312.129
301419.SZ,20250115,32.22,32.6,31.25,31.37,32.41,-1.04,-3.2089,28063.3,89204.018
301421.SZ,20250115,48.13,48.76,47.04,47.21,48.56,-1.35,-2.7801,37417.0,178630.345
301428.SZ,20250115,34.73,35.38,34.13,34.28,34.55,-0.27,-0.7815,63561.23,220994.94
301429.SZ,20250115,15.77,15.77,15.42,15.53,15.76,-0.23,-1.4594,11388.0,17757.979
301439.SZ,20250115,15.15,15.24,14.58,14.6,15.36,-0.76,-4.9479,110633.67,164333.739
301446.SZ,20250115,20.05,20.15,19.7,19.8,20.1,-0.3,-1.4925,11873.0,23564.761
301448.SZ,20250115,20.35,21.47,20.04,20.74,20.15,0.59,2.928,23663.2,49204.201
301456.SZ,20250115,22.46,22.99,22.24,22.67,22.47,0.2,0.8901,13370.0,30337.541
301458.SZ,20250115,42.5,42.5,36.66,36.98,45.0,-8.02,-17.8222,370755.74,1457897.201
301459.SZ,20250115,42.2,42.58,41.14,41.68,40.46,1.22,3.0153,18121.24,75452.066
301468.SZ,20250115,20.75,20.91,20.63,20.88,20.77,0.11,0.5296,5742.81,11945.128
301469.SZ,20250115,23.3,23.35,22.76,22.87,23.11,-0.24,-1.0385,5216.0,12012.178
301486.SZ,20250115,46.66,49.3,45.85,48.64,47.06,1.58,3.3574,105748.06,503849.719
301487.SZ,20250115,20.3,20.44,19.9,20.01,20.38,-0.37,-1.8155,86472.95,174127.14
301488.SZ,20250115,54.85,55.2,53.54,53.76,54.87,-1.11,-2.023,10662.0,57815.09
301489.SZ,20250115,63.49,64.66,61.91,62.27,64.0,-1.73,-2.7031,18497.3,116409.072
301498.SZ,20250115,84.57,87.59,82.8,84.35,84.57,-0.22,-0.2601,28284.0,241509.596
301499.SZ,20250115,25.37,25.66,24.95,24.99,25.35,-0.36,-1.4201,14299.0,36094.669
301500.SZ,20250115,18.25,18.49,17.98,18.07,18.46,-0.39,-2.1127,22493.55,40761.728
301502.SZ,20250115,43.5,43.79,41.81,42.29,43.75,-1.46,-3.3371,22842.76,97148.275
301503.SZ,20250115,32.62,32.62,31.8,32.05,32.38,-0.33,-1.0191,8672.72,27896.051
301505.SZ,20250115,23.39,23.5,23.03,23.04,23.39,-0.35,-1.4964,13820.0,32081.562
301507.SZ,20250115,12.13,12.17,12.0,12.12,12.13,-0.01,-0.0824,23411.51,28308.671
301508.SZ,20250115,31.9,32.24,31.68,31.83,32.06,-0.23,-0.7174,22860.0,73105.348
301509.SZ,20250115,25.47,25.58,25.1,25.16,25.47,-0.31,-1.2171,11383.4,28747.713
301510.SZ,20250115,25.6,25.96,25.17,25.31,25.59,-0.28,-1.0942,57280.85,146181.74
301511.SZ,20250115,15.95,16.35,15.25,15.39,16.24,-0.85,-5.234,389592.1,609812.084
301512.SZ,20250115,37.39,37.72,36.47,36.64,37.3,-0.66,-1.7694,6967.0,25649.538
301515.SZ,20250115,18.33,18.41,17.92,18.34,18.34,0.0,0.0,14371.0,26078.361
301516.SZ,20250115,17.3,17.43,16.88,17.01,17.3,-0.29,-1.6763,48898.12,83486.099
301517.SZ,20250115,47.6,48.2,46.88,47.22,47.65,-0.43,-0.9024,16743.82,79410.415
301518.SZ,20250115,17.5,17.54,16.68,17.0,17.68,-0.68,-3.8462,28967.47,49247.579
301519.SZ,20250115,13.26,13.39,13.09,13.18,13.3,-0.12,-0.9023,11130.0,14693.501
301520.SZ,20250115,37.88,38.25,37.67,37.94,37.99,-0.05,-0.1316,5984.19,22716.432
301522.SZ,20250115,35.2,35.55,34.8,34.87,35.33,-0.46,-1.302,29800.77,104395.45
301525.SZ,20250115,58.03,59.99,57.78,58.81,58.2,0.61,1.0481,12827.76,75905.156
301526.SZ,20250115,3.39,3.41,3.32,3.36,3.42,-0.06,-1.7544,321797.0,108177.796
301528.SZ,20250115,38.79,39.03,38.43,38.5,38.88,-0.38,-0.9774,4093.0,15836.167
301529.SZ,20250115,29.46,29.57,29.01,29.06,29.5,-0.44,-1.4915,6012.16,17558.178
301533.SZ,20250115,31.74,32.01,31.11,32.0,31.81,0.19,0.5973,24846.56,78514.291
301536.SZ,20250115,72.19,77.62,71.7,73.09,73.0,0.09,0.1233,105760.39,787581.847
301538.SZ,20250115,71.23,71.81,69.93,69.97,71.4,-1.43,-2.0028,5860.3,41353.433
301539.SZ,20250115,18.51,18.56,18.1,18.29,18.33,-0.04,-0.2182,14456.44,26495.187
301548.SZ,20250115,40.53,41.3,40.08,40.94,40.52,0.42,1.0365,9852.0,40083.128
301550.SZ,20250115,84.0,84.55,81.12,83.21,84.5,-1.29,-1.5266,50592.99,418645.488
301551.SZ,20250115,52.67,53.95,51.7,51.91,52.6,-0.69,-1.3118,30704.16,161834.25
301552.SZ,20250115,56.6,57.4,55.2,55.58,56.85,-1.27,-2.2339,10186.75,57174.485
301555.SZ,20250115,23.36,23.45,22.82,22.95,23.29,-0.34,-1.4599,7509.37,17284.358
301556.SZ,20250115,86.93,88.05,85.5,86.97,86.82,0.15,0.1728,13922.0,120915.763
301558.SZ,20250115,8.4,8.88,8.4,8.67,8.43,0.24,2.847,249145.14,215391.019
301559.SZ,20250115,14.82,14.88,14.74,14.85,14.85,0.0,0.0,10600.99,15694.809
301565.SZ,20250115,20.98,21.11,20.48,20.55,21.01,-0.46,-2.1894,29586.95,61213.589
301566.SZ,20250115,15.49,15.59,15.26,15.33,15.6,-0.27,-1.7308,59525.43,91665.068
301567.SZ,20250115,42.0,42.16,41.12,41.21,41.88,-0.67,-1.5998,6390.0,26547.783
301568.SZ,20250115,39.02,39.72,37.62,37.99,39.45,-1.46,-3.7009,69825.99,267997.396
301571.SZ,20250115,41.07,42.06,40.84,40.96,41.42,-0.46,-1.1106,16962.0,70195.458
301577.SZ,20250115,57.58,59.65,57.06,57.5,57.79,-0.29,-0.5018,12307.0,71921.642
301578.SZ,20250115,47.43,47.79,46.67,46.83,47.43,-0.6,-1.265,8682.5,40873.518
301580.SZ,20250115,55.08,55.97,54.88,55.03,55.6,-0.57,-1.0252,4361.24,24143.351
301581.SZ,20250115,59.16,61.0,56.44,56.5,57.4,-0.9,-1.5679,62562.53,364754.405
301585.SZ,20250115,43.02,43.27,42.02,42.23,43.4,-1.17,-2.6959,30321.18,129119.703
301586.SZ,20250115,51.5,52.07,50.76,50.95,51.88,-0.93,-1.7926,11419.84,58524.528
301587.SZ,20250115,23.5,23.58,23.12,23.25,23.53,-0.28,-1.19,14105.84,32859.987
301588.SZ,20250115,21.35,21.49,20.71,20.71,22.01,-1.3,-5.9064,48279.83,101775.138
301589.SZ,20250115,162.02,163.44,158.63,158.95,163.2,-4.25,-2.6042,6040.5,97218.588
301591.SZ,20250115,35.81,36.0,35.1,35.25,35.99,-0.74,-2.0561,13385.96,47438.09
301592.SZ,20250115,136.4,138.41,135.01,135.28,136.99,-1.71,-1.2483,12634.0,172344.981
301596.SZ,20250115,107.0,108.55,104.2,104.96,106.44,-1.48,-1.3905,22362.0,236307.739
301598.SZ,20250115,68.1,69.18,67.18,68.08,69.23,-1.15,-1.6611,28184.84,191535.759
301600.SZ,20250115,243.0,263.52,238.0,260.64,244.6,16.04,6.5576,22864.34,575626.744
301601.SZ,20250115,55.1,60.0,46.01,47.4,11.8,35.6,301.6949,243523.39,1286000.312
301603.SZ,20250115,42.15,42.48,41.21,41.43,42.43,-1.0,-2.3568,18386.59,76796.582
301606.SZ,20250115,40.04,40.67,38.71,38.87,40.68,-1.81,-4.4494,68406.85,269250.226
301607.SZ,20250115,36.59,36.99,35.7,36.08,36.58,-0.5,-1.3669,11197.0,40495.75
301608.SZ,20250115,74.22,75.99,72.72,73.0,75.29,-2.29,-3.0416,34309.59,254633.201
301611.SZ,20250115,58.81,60.96,58.52,59.9,59.91,-0.01,-0.0167,48814.1,291867.239
301613.SZ,20250115,55.9,56.2,55.03,55.24,56.0,-0.76,-1.3571,9672.26,53594.79
301617.SZ,20250115,47.54,47.65,46.94,46.97,47.88,-0.91,-1.9006,22886.44,108174.969
301618.SZ,20250115,84.47,84.47,81.46,82.19,84.5,-2.31,-2.7337,11552.94,95391.776
301622.SZ,20250115,68.1,72.69,67.45,70.58,68.48,2.1,3.0666,85040.72,593152.395
301626.SZ,20250115,89.03,89.78,86.26,86.53,85.56,0.97,1.1337,21708.0,190889.073
301628.SZ,20250115,92.0,92.0,86.01,87.0,94.15,-7.15,-7.5943,50983.38,450978.042
301631.SZ,20250115,123.62,124.88,121.48,121.92,124.48,-2.56,-2.0566,13472.45,165339.798
301633.SZ,20250115,82.0,83.5,81.0,83.09,82.31,0.78,0.9476,9790.0,80599.671
302132.SZ,20250115,67.37,67.9,66.41,66.58,67.68,-1.1,-1.6253,80970.0,541706.039
