ts_code,trade_date,open,high,low,close,pre_close,change,pct_chg,vol,amount
300001.SZ,20250207,23.7,24.3,23.38,23.94,23.66,0.28,1.1834,220319.17,526844.177
300002.SZ,20250207,13.16,14.45,13.15,13.9,13.05,0.85,6.5134,2397097.02,3320790.321
300003.SZ,20250207,10.7,11.05,10.65,10.93,10.71,0.22,2.0542,278931.24,303924.178
300004.SZ,20250207,6.39,6.59,6.39,6.52,6.42,0.1,1.5576,123649.19,80307.199
300005.SZ,20250207,6.89,7.14,6.81,7.06,6.86,0.2,2.9155,202012.5,141881.17
300006.SZ,20250207,3.65,3.78,3.63,3.74,3.64,0.1,2.7473,305703.05,114022.415
300007.SZ,20250207,29.64,30.0,28.61,29.18,29.52,-0.34,-1.1518,588040.71,1724558.405
300008.SZ,20250207,4.69,4.77,4.65,4.72,4.7,0.02,0.4255,622684.0,293814.99
300009.SZ,20250207,8.36,8.65,8.31,8.58,8.34,0.24,2.8777,239437.55,203865.822
300010.SZ,20250207,8.4,8.86,8.18,8.35,8.59,-0.24,-2.7939,2755742.04,2345291.876
300011.SZ,20250207,7.42,7.56,7.36,7.49,7.44,0.05,0.672,138054.06,103325.831
300012.SZ,20250207,12.66,13.07,12.63,12.88,12.69,0.19,1.4972,410669.81,530844.7
300013.SZ,20250207,3.37,3.42,3.34,3.39,3.39,0.0,0.0,104158.56,35100.386
300014.SZ,20250207,44.29,46.05,44.1,45.55,44.37,1.18,2.6595,388156.89,1752918.804
300015.SZ,20250207,12.71,13.28,12.63,13.11,12.71,0.4,3.1471,1225169.86,1597705.97
300016.SZ,20250207,6.33,6.52,6.28,6.44,6.29,0.15,2.3847,109065.58,70034.932
300017.SZ,20250207,13.0,14.47,12.78,13.34,13.05,0.29,2.2222,5306690.1,7150472.159
300018.SZ,20250207,7.07,7.18,7.01,7.1,7.08,0.02,0.2825,225721.86,160274.542
300019.SZ,20250207,15.02,15.21,14.85,15.09,14.92,0.17,1.1394,105898.33,159586.156
300020.SZ,20250207,3.17,3.37,3.14,3.17,3.17,0.0,0.0,529836.87,173202.452
300021.SZ,20250207,4.25,4.32,4.24,4.3,4.27,0.03,0.7026,190149.35,81516.051
300022.SZ,20250207,5.03,5.32,5.02,5.31,5.03,0.28,5.5666,219991.0,114691.542
300024.SZ,20250207,20.26,20.55,19.65,20.19,20.25,-0.06,-0.2963,1355472.6,2734641.173
300025.SZ,20250207,8.87,9.1,8.74,8.89,8.84,0.05,0.5656,280168.96,249977.745
300026.SZ,20250207,3.61,3.71,3.59,3.69,3.62,0.07,1.9337,532883.71,195538.771
300027.SZ,20250207,2.56,2.65,2.53,2.6,2.56,0.04,1.5625,1081930.5,280793.682
300029.SZ,20250207,4.58,4.75,4.58,4.72,4.61,0.11,2.3861,26809.0,12575.13
300030.SZ,20250207,5.67,5.87,5.66,5.85,5.67,0.18,3.1746,86504.99,50111.448
300031.SZ,20250207,19.36,20.28,19.36,19.91,19.48,0.43,2.2074,290010.01,579327.785
300032.SZ,20250207,4.63,4.79,4.6,4.71,4.64,0.07,1.5086,280731.04,132258.159
300033.SZ,20250207,305.01,329.99,300.99,316.68,306.31,10.37,3.3855,300855.68,9501253.447
300034.SZ,20250207,15.26,15.55,15.19,15.43,15.25,0.18,1.1803,131381.93,202328.073
300035.SZ,20250207,15.53,15.68,15.16,15.41,15.53,-0.12,-0.7727,328016.55,507399.896
300036.SZ,20250207,17.67,18.24,17.49,18.0,17.12,0.88,5.1402,325617.98,582870.791
300037.SZ,20250207,33.84,34.7,33.54,34.08,33.93,0.15,0.4421,142729.46,487039.64
300039.SZ,20250207,6.3,6.4,6.25,6.33,6.3,0.03,0.4762,356357.07,225767.21
300040.SZ,20250207,5.86,6.04,5.83,5.95,5.86,0.09,1.5358,371084.15,220881.012
300041.SZ,20250207,8.34,8.54,8.31,8.41,8.36,0.05,0.5981,151186.02,127390.609
300042.SZ,20250207,19.44,20.28,19.32,19.7,19.37,0.33,1.7037,116251.23,229375.383
300043.SZ,20250207,3.98,4.11,3.94,4.04,4.02,0.02,0.4975,1176345.0,475186.893
300044.SZ,20250207,6.7,6.84,6.55,6.7,6.69,0.01,0.1495,901035.48,603912.289
300045.SZ,20250207,20.45,21.18,20.2,20.76,20.41,0.35,1.7148,312368.27,648232.304
300046.SZ,20250207,33.8,35.25,33.73,34.46,33.99,0.47,1.3828,243008.6,839629.418
300047.SZ,20250207,13.12,13.88,13.08,13.71,13.26,0.45,3.3937,950263.03,1287814.323
300048.SZ,20250207,5.02,5.12,4.99,5.08,4.99,0.09,1.8036,125073.8,63368.725
300049.SZ,20250207,32.93,33.87,32.75,33.27,33.0,0.27,0.8182,69293.94,230964.768
300050.SZ,20250207,5.78,5.83,5.62,5.77,5.64,0.13,2.305,410406.0,234876.05
300051.SZ,20250207,6.65,6.9,6.62,6.77,6.65,0.12,1.8045,72702.36,49339.025
300052.SZ,20250207,17.1,18.4,17.03,18.16,17.25,0.91,5.2754,270352.12,482556.469
300053.SZ,20250207,13.5,13.72,13.26,13.46,13.54,-0.08,-0.5908,374448.08,506861.804
300054.SZ,20250207,26.7,27.3,26.15,26.98,26.69,0.29,1.0865,175021.0,469375.057
300055.SZ,20250207,4.97,5.06,4.96,5.03,4.99,0.04,0.8016,154694.02,77586.46
300056.SZ,20250207,13.9,14.45,13.81,14.26,13.97,0.29,2.0759,152095.09,216387.01
300057.SZ,20250207,5.02,5.59,5.01,5.59,4.66,0.93,19.9571,615671.5,336256.294
300058.SZ,20250207,9.96,10.24,9.77,10.04,10.02,0.02,0.1996,3446704.76,3465297.517
300059.SZ,20250207,23.54,25.08,23.51,24.28,23.69,0.59,2.4905,9336071.83,22655603.028
300061.SZ,20250207,12.36,13.04,12.35,12.74,12.46,0.28,2.2472,422986.98,538005.994
300062.SZ,20250207,5.21,5.27,5.14,5.21,5.16,0.05,0.969,117666.2,61359.45
300063.SZ,20250207,10.06,10.56,10.0,10.2,10.25,-0.05,-0.4878,1218625.81,1254502.526
300066.SZ,20250207,4.06,4.1,4.0,4.06,4.04,0.02,0.495,232058.59,94132.79
300067.SZ,20250207,5.18,5.39,5.12,5.29,5.17,0.12,2.3211,999154.45,526537.336
300068.SZ,20250207,15.05,15.67,14.97,15.39,14.96,0.43,2.8743,540327.77,829349.586
300070.SZ,20250207,4.77,4.95,4.75,4.89,4.77,0.12,2.5157,405647.89,197642.922
300071.SZ,20250207,5.8,6.27,5.73,6.05,5.98,0.07,1.1706,1947115.4,1160790.686
300072.SZ,20250207,3.19,3.32,3.17,3.28,3.17,0.11,3.47,363776.01,118735.347
300073.SZ,20250207,39.9,40.75,39.57,40.37,39.98,0.39,0.9755,204680.67,823952.515
300074.SZ,20250207,4.1,4.21,4.08,4.16,4.11,0.05,1.2165,199873.0,82945.98
300075.SZ,20250207,16.28,16.94,16.21,16.61,16.29,0.32,1.9644,285278.98,474002.608
300076.SZ,20250207,6.91,7.25,6.9,7.14,6.97,0.17,2.439,180728.1,128632.879
300077.SZ,20250207,23.8,25.21,23.61,24.4,23.85,0.55,2.3061,768988.26,1877390.573
300078.SZ,20250207,3.01,3.46,3.01,3.28,3.01,0.27,8.9701,966616.76,312931.317
300079.SZ,20250207,5.76,5.91,5.72,5.82,5.67,0.15,2.6455,635983.48,369878.929
300080.SZ,20250207,3.95,4.2,3.93,4.12,3.95,0.17,4.3038,292409.4,120079.823
300081.SZ,20250207,7.54,7.86,7.51,7.72,7.62,0.1,1.3123,551640.24,423144.492
300082.SZ,20250207,6.19,6.36,6.15,6.28,6.18,0.1,1.6181,104239.74,65430.477
300083.SZ,20250207,6.65,6.86,6.62,6.77,6.64,0.13,1.9578,543875.97,367632.54
300084.SZ,20250207,5.7,5.78,5.62,5.69,5.69,0.0,0.0,81065.0,46200.596
300085.SZ,20250207,40.91,44.8,40.47,43.3,40.98,2.32,5.6613,1013147.92,4321385.923
300086.SZ,20250207,4.69,4.89,4.68,4.83,4.7,0.13,2.766,181069.5,87211.959
300087.SZ,20250207,10.58,10.88,10.48,10.74,10.63,0.11,1.0348,317892.83,339440.842
300088.SZ,20250207,6.45,6.73,6.43,6.66,6.41,0.25,3.9002,936541.28,618245.524
300091.SZ,20250207,2.1,2.25,2.09,2.21,2.09,0.12,5.7416,741837.0,162875.005
300092.SZ,20250207,11.71,11.9,11.67,11.89,11.72,0.17,1.4505,77238.5,91109.759
300093.SZ,20250207,12.05,13.25,12.05,12.9,12.04,0.86,7.1429,243731.18,314501.277
300094.SZ,20250207,3.53,3.67,3.53,3.62,3.55,0.07,1.9718,533484.0,193069.922
300095.SZ,20250207,6.38,6.72,6.35,6.62,6.39,0.23,3.5994,121715.0,80357.662
300096.SZ,20250207,3.36,3.42,3.31,3.35,3.36,-0.01,-0.2976,105825.05,35654.602
300097.SZ,20250207,5.18,5.3,5.18,5.23,5.18,0.05,0.9653,111070.0,58327.144
300098.SZ,20250207,5.76,5.83,5.59,5.71,5.73,-0.02,-0.349,1496168.24,856233.705
300099.SZ,20250207,6.25,6.38,6.19,6.29,6.28,0.01,0.1592,184288.33,116026.994
300100.SZ,20250207,38.65,39.63,37.8,38.75,39.23,-0.48,-1.2236,439599.67,1701872.88
300101.SZ,20250207,18.48,18.94,18.1,18.48,18.24,0.24,1.3158,295659.0,546912.486
300102.SZ,20250207,11.44,11.89,11.33,11.66,11.45,0.21,1.8341,558806.02,649362.831
300103.SZ,20250207,6.19,6.35,6.17,6.24,6.2,0.04,0.6452,47914.85,30077.09
300105.SZ,20250207,6.8,6.95,6.77,6.88,6.81,0.07,1.0279,125090.0,85974.196
300106.SZ,20250207,8.48,8.7,8.41,8.58,8.45,0.13,1.5385,91125.01,78280.931
300107.SZ,20250207,9.2,9.4,9.11,9.28,9.16,0.12,1.31,169106.64,157070.236
300108.SZ,20250207,1.05,1.17,1.02,1.13,1.05,0.08,7.619,950648.8,105501.056
300109.SZ,20250207,14.54,15.17,14.47,14.79,14.44,0.35,2.4238,156894.05,232071.038
300110.SZ,20250207,3.19,3.27,3.19,3.25,3.19,0.06,1.8809,211330.2,68342.441
300111.SZ,20250207,3.32,3.48,3.3,3.47,3.32,0.15,4.5181,383481.23,130964.056
300112.SZ,20250207,9.21,9.33,9.08,9.19,9.27,-0.08,-0.863,94052.99,86799.331
300113.SZ,20250207,19.92,20.6,18.67,19.88,18.87,1.01,5.3524,1199789.75,2363119.385
300115.SZ,20250207,21.92,22.79,21.72,22.29,21.92,0.37,1.688,2535850.27,5640598.206
300117.SZ,20250207,0.97,1.04,0.95,1.01,0.97,0.04,4.1237,626123.0,62641.889
300118.SZ,20250207,11.32,11.92,11.27,11.75,11.31,0.44,3.8904,403457.15,471975.697
300119.SZ,20250207,16.57,16.81,16.23,16.49,16.62,-0.13,-0.7822,132330.99,218094.768
300120.SZ,20250207,9.3,9.7,9.28,9.51,9.32,0.19,2.0386,328013.26,311736.27
300121.SZ,20250207,11.83,12.14,11.76,12.09,11.82,0.27,2.2843,161995.48,194256.786
300122.SZ,20250207,24.58,25.73,24.51,25.4,24.65,0.75,3.0426,311547.37,786276.83
300123.SZ,20250207,5.71,5.92,5.7,5.82,5.73,0.09,1.5707,322536.65,187524.938
300124.SZ,20250207,69.0,69.7,67.7,69.0,69.41,-0.41,-0.5907,593841.62,4091387.687
300125.SZ,20250207,5.88,6.08,5.84,5.95,5.84,0.11,1.8836,137692.55,82025.623
300126.SZ,20250207,5.55,5.73,5.52,5.7,5.54,0.16,2.8881,76224.0,42894.008
300127.SZ,20250207,27.04,27.28,26.6,27.14,27.19,-0.05,-0.1839,147967.91,399263.607
300128.SZ,20250207,5.2,5.29,5.11,5.17,5.16,0.01,0.1938,373087.16,194410.607
300129.SZ,20250207,6.96,7.18,6.95,7.11,6.98,0.13,1.8625,189725.0,134474.885
300130.SZ,20250207,22.41,23.28,22.36,22.89,22.54,0.35,1.5528,244489.8,558647.926
300131.SZ,20250207,8.4,8.67,8.31,8.46,8.27,0.19,2.2975,1064722.1,904938.863
300132.SZ,20250207,5.03,5.14,5.01,5.1,5.01,0.09,1.7964,86681.0,44093.37
300133.SZ,20250207,7.6,7.82,7.48,7.6,7.67,-0.07,-0.9126,1342570.49,1023864.752
300134.SZ,20250207,11.91,12.39,11.81,12.2,11.88,0.32,2.6936,192753.7,234034.856
300135.SZ,20250207,4.15,4.27,4.14,4.2,4.18,0.02,0.4785,342145.58,144406.538
300136.SZ,20250207,24.88,25.42,24.69,25.09,24.86,0.23,0.9252,287615.65,721580.365
300137.SZ,20250207,5.84,5.92,5.79,5.91,5.84,0.07,1.1986,71974.47,42129.855
300138.SZ,20250207,8.31,8.47,8.29,8.38,8.3,0.08,0.9639,48042.56,40289.247
300139.SZ,20250207,17.02,17.48,16.98,17.26,17.19,0.07,0.4072,327037.88,564321.519
300140.SZ,20250207,5.8,5.97,5.78,5.92,5.8,0.12,2.069,106016.8,62501.056
300141.SZ,20250207,9.1,9.24,8.96,9.12,9.07,0.05,0.5513,101361.01,92618.76
300142.SZ,20250207,11.55,12.1,11.53,12.01,11.58,0.43,3.7133,385291.59,457958.941
300143.SZ,20250207,8.75,9.06,8.7,8.94,8.74,0.2,2.2883,90327.3,80665.625
300144.SZ,20250207,8.95,9.03,8.85,8.93,8.97,-0.04,-0.4459,480489.75,430116.887
300145.SZ,20250207,3.63,3.73,3.61,3.68,3.64,0.04,1.0989,759107.13,278696.722
300146.SZ,20250207,11.42,11.82,11.39,11.69,11.41,0.28,2.454,212015.35,246738.916
300147.SZ,20250207,10.1,10.72,10.1,10.47,10.26,0.21,2.0468,491820.51,515637.966
300148.SZ,20250207,4.06,4.15,4.03,4.11,4.09,0.02,0.489,655606.02,267883.603
300149.SZ,20250207,6.25,6.59,6.25,6.5,6.25,0.25,4.0,179666.98,116174.266
300150.SZ,20250207,5.05,5.3,5.0,5.15,5.04,0.11,2.1825,389236.62,198481.92
300151.SZ,20250207,16.66,17.03,16.47,16.77,16.63,0.14,0.8419,92223.1,154929.843
300152.SZ,20250207,4.95,5.15,4.86,5.05,4.85,0.2,4.1237,684863.79,343727.306
300153.SZ,20250207,14.8,17.24,14.8,16.34,14.88,1.46,9.8118,618492.2,989784.558
300154.SZ,20250207,10.18,10.48,10.01,10.21,10.22,-0.01,-0.0978,197246.0,202050.206
300155.SZ,20250207,4.8,4.93,4.77,4.88,4.79,0.09,1.8789,128109.47,62468.636
300157.SZ,20250207,2.98,3.08,2.97,3.04,2.98,0.06,2.0134,335003.04,101655.362
300158.SZ,20250207,3.91,4.09,3.9,4.06,3.9,0.16,4.1026,406816.16,164279.99
300159.SZ,20250207,2.12,2.53,2.11,2.44,2.11,0.33,15.6398,2801576.44,661740.923
300160.SZ,20250207,5.41,5.55,5.41,5.49,5.42,0.07,1.2915,117203.96,64362.016
300161.SZ,20250207,29.92,30.15,29.08,29.36,30.25,-0.89,-2.9421,106232.02,314904.951
300162.SZ,20250207,7.43,7.56,7.3,7.41,7.36,0.05,0.6793,161384.95,120303.492
300163.SZ,20250207,2.5,2.57,2.5,2.54,2.51,0.03,1.1952,124459.0,31578.45
300164.SZ,20250207,4.31,4.38,4.29,4.36,4.32,0.04,0.9259,345062.48,149782.96
300165.SZ,20250207,3.0,3.05,2.99,3.04,3.0,0.04,1.3333,116242.88,35158.067
300166.SZ,20250207,12.02,12.89,11.9,12.16,11.68,0.48,4.1096,2253250.75,2771968.285
300167.SZ,20250207,2.44,2.51,2.44,2.5,2.46,0.04,1.626,200207.7,49731.871
300168.SZ,20250207,7.55,8.23,7.52,8.17,7.61,0.56,7.3587,677463.12,538438.949
300169.SZ,20250207,7.41,7.76,7.41,7.65,7.41,0.24,3.2389,190990.02,145129.332
300170.SZ,20250207,20.55,22.1,20.06,20.27,21.13,-0.86,-4.07,3040906.99,6307546.791
300171.SZ,20250207,13.04,13.31,13.0,13.22,13.04,0.18,1.3804,96560.02,127371.296
300172.SZ,20250207,5.0,5.19,4.99,5.14,5.0,0.14,2.8,291093.01,148277.27
300173.SZ,20250207,6.15,6.3,6.06,6.19,6.18,0.01,0.1618,791529.99,488949.556
300174.SZ,20250207,15.66,16.18,15.6,15.8,15.7,0.1,0.6369,138497.57,220480.02
300175.SZ,20250207,5.36,5.53,5.35,5.49,5.35,0.14,2.6168,178087.93,97261.835
300176.SZ,20250207,7.08,7.24,7.03,7.14,7.05,0.09,1.2766,150409.0,107500.928
300177.SZ,20250207,11.6,11.89,11.35,11.54,11.6,-0.06,-0.5172,835885.8,967592.027
300179.SZ,20250207,9.7,9.98,9.67,9.85,9.71,0.14,1.4418,246738.0,242629.382
300180.SZ,20250207,6.42,6.75,6.35,6.59,6.42,0.17,2.648,894462.94,587463.546
300181.SZ,20250207,14.7,15.02,14.51,14.84,14.71,0.13,0.8838,159787.82,236313.138
300182.SZ,20250207,6.63,7.03,6.55,6.79,6.64,0.15,2.259,3439839.18,2343889.338
300183.SZ,20250207,17.36,17.77,17.0,17.27,17.35,-0.08,-0.4611,177520.07,309301.637
300184.SZ,20250207,9.9,10.58,9.82,10.18,9.91,0.27,2.7245,1192847.24,1216878.283
300185.SZ,20250207,2.51,2.56,2.5,2.54,2.51,0.03,1.1952,773024.0,195977.109
300187.SZ,20250207,4.96,5.09,4.94,5.03,4.97,0.06,1.2072,65558.0,32964.611
300188.SZ,20250207,14.57,15.2,14.46,14.93,14.8,0.13,0.8784,472624.86,699616.964
300189.SZ,20250207,3.82,3.95,3.8,3.88,3.86,0.02,0.5181,1042329.0,404098.999
300190.SZ,20250207,3.12,3.2,3.1,3.17,3.11,0.06,1.9293,98559.31,31120.392
300191.SZ,20250207,13.53,13.58,13.28,13.5,13.54,-0.04,-0.2954,38881.71,52375.848
300192.SZ,20250207,17.9,18.15,17.27,17.68,17.99,-0.31,-1.7232,421593.2,749930.78
300193.SZ,20250207,9.55,9.65,9.44,9.54,9.6,-0.06,-0.625,158166.4,151252.871
300194.SZ,20250207,4.41,4.5,4.4,4.48,4.42,0.06,1.3575,324137.92,144661.024
300195.SZ,20250207,5.87,5.97,5.81,5.92,5.88,0.04,0.6803,129075.0,76241.938
300196.SZ,20250207,10.48,10.66,10.42,10.59,10.45,0.14,1.3397,39592.0,41836.113
300197.SZ,20250207,2.13,2.27,2.12,2.22,2.13,0.09,4.2254,1018727.63,225561.734
300198.SZ,20250207,1.97,2.1,1.96,2.06,1.97,0.09,4.5685,487219.22,99648.239
300199.SZ,20250207,11.53,12.54,11.5,12.21,11.56,0.65,5.6228,424430.44,511300.733
300200.SZ,20250207,8.78,8.92,8.73,8.86,8.77,0.09,1.0262,85030.47,75102.491
300201.SZ,20250207,5.4,5.47,5.31,5.41,5.38,0.03,0.5576,384625.27,208229.168
300203.SZ,20250207,17.1,17.45,16.88,17.19,17.12,0.07,0.4089,111246.01,191266.087
300204.SZ,20250207,7.08,7.28,7.0,7.21,7.07,0.14,1.9802,72414.92,52071.447
300205.SZ,20250207,4.82,5.08,4.82,4.96,4.87,0.09,1.848,97179.0,48054.029
300206.SZ,20250207,11.67,12.56,11.63,12.47,11.59,0.88,7.5928,262346.46,320836.458
300207.SZ,20250207,24.0,24.0,23.2,23.5,24.0,-0.5,-2.0833,560665.06,1324269.164
300208.SZ,20250207,1.93,2.03,1.91,1.98,1.93,0.05,2.5907,178465.62,35310.745
300209.SZ,20250207,4.7,4.8,4.62,4.68,4.68,0.0,0.0,90774.49,42749.107
300210.SZ,20250207,10.14,10.74,10.03,10.48,10.12,0.36,3.5573,209588.8,218685.402
300211.SZ,20250207,9.9,10.5,9.43,9.58,9.79,-0.21,-2.145,671732.39,669311.107
300212.SZ,20250207,23.26,24.86,23.22,24.28,23.31,0.97,4.1613,354734.71,849528.181
300213.SZ,20250207,8.05,8.27,8.03,8.19,8.11,0.08,0.9864,266780.22,217339.016
300214.SZ,20250207,5.88,6.08,5.82,5.96,5.88,0.08,1.3605,157091.45,94155.903
300215.SZ,20250207,5.85,6.03,5.81,5.94,5.85,0.09,1.5385,102929.0,61244.211
300217.SZ,20250207,4.68,4.78,4.63,4.7,4.66,0.04,0.8584,383594.4,180456.15
300218.SZ,20250207,16.18,16.46,16.01,16.14,16.2,-0.06,-0.3704,58560.07,95002.133
300219.SZ,20250207,7.18,7.37,7.12,7.25,7.17,0.08,1.1158,166298.32,120532.161
300220.SZ,20250207,14.2,14.69,13.8,14.38,14.09,0.29,2.0582,119666.73,172794.072
300221.SZ,20250207,6.7,6.79,6.52,6.6,6.68,-0.08,-1.1976,310644.44,206425.798
300222.SZ,20250207,12.07,12.64,11.85,12.04,12.25,-0.21,-1.7143,1023340.84,1239163.125
300223.SZ,20250207,77.5,78.91,75.01,77.08,76.7,0.38,0.4954,399013.85,3074533.833
300224.SZ,20250207,13.43,14.18,13.43,13.7,13.58,0.12,0.8837,621621.43,855424.502
300225.SZ,20250207,7.18,7.34,7.14,7.21,7.19,0.02,0.2782,82264.0,59756.491
300226.SZ,20250207,25.56,26.1,24.91,25.28,25.67,-0.39,-1.5193,244377.07,624708.812
300227.SZ,20250207,8.44,8.78,8.37,8.64,8.49,0.15,1.7668,259647.06,224159.195
300228.SZ,20250207,7.28,7.37,7.23,7.32,7.29,0.03,0.4115,199303.8,145609.21
300229.SZ,20250207,27.51,28.97,26.6,27.41,27.75,-0.34,-1.2252,2080146.83,5763263.032
300230.SZ,20250207,4.48,4.57,4.45,4.52,4.49,0.03,0.6682,162845.89,73578.935
300231.SZ,20250207,12.01,12.55,11.94,12.28,12.0,0.28,2.3333,462124.16,564903.995
300232.SZ,20250207,7.29,8.75,7.26,8.06,7.32,0.74,10.1093,1345197.16,1075234.104
300233.SZ,20250207,12.85,13.42,12.82,13.28,12.85,0.43,3.3463,188385.04,249095.843
300234.SZ,20250207,4.64,4.75,4.63,4.68,4.64,0.04,0.8621,58530.22,27511.771
300235.SZ,20250207,11.16,12.5,11.15,11.83,11.2,0.63,5.625,267688.89,312489.45
300236.SZ,20250207,37.9,38.59,37.58,37.98,38.02,-0.04,-0.1052,49663.17,189154.687
300237.SZ,20250207,2.04,2.16,2.04,2.12,2.05,0.07,3.4146,635778.8,134756.936
300238.SZ,20250207,12.32,12.7,12.32,12.56,12.4,0.16,1.2903,67858.13,85057.431
300239.SZ,20250207,5.39,5.53,5.37,5.48,5.42,0.06,1.107,131446.02,71963.415
300240.SZ,20250207,6.44,6.62,6.42,6.54,6.45,0.09,1.3953,104696.5,68406.264
300241.SZ,20250207,5.55,5.67,5.51,5.6,5.55,0.05,0.9009,230632.41,129287.725
300242.SZ,20250207,4.83,5.02,4.76,4.93,4.88,0.05,1.0246,837073.99,410384.445
300243.SZ,20250207,9.6,9.74,9.5,9.71,9.51,0.2,2.103,55675.95,53727.972
300244.SZ,20250207,11.25,12.75,11.2,12.4,11.33,1.07,9.444,490063.11,594023.58
300245.SZ,20250207,13.7,14.82,13.59,14.62,13.75,0.87,6.3273,604540.95,854588.689
300246.SZ,20250207,6.61,6.75,6.59,6.69,6.57,0.12,1.8265,55430.41,37049.909
300247.SZ,20250207,3.67,3.81,3.66,3.78,3.68,0.1,2.7174,272970.08,102276.534
300248.SZ,20250207,11.46,11.96,11.3,11.77,11.56,0.21,1.8166,362970.69,420133.75
300249.SZ,20250207,12.45,12.95,12.2,12.46,12.5,-0.04,-0.32,574072.02,723779.074
300250.SZ,20250207,16.5,17.17,16.37,16.7,16.8,-0.1,-0.5952,312030.73,523724.871
300251.SZ,20250207,13.68,14.1,13.05,13.96,13.5,0.46,3.4074,3619373.82,4893420.861
300252.SZ,20250207,10.04,10.34,9.92,10.11,10.09,0.02,0.1982,716301.51,727150.063
300253.SZ,20250207,7.9,9.5,7.87,9.26,7.97,1.29,16.1857,2859098.09,2496826.953
300254.SZ,20250207,8.66,9.43,8.6,9.14,8.66,0.48,5.5427,202609.0,184932.421
300255.SZ,20250207,18.47,19.12,18.34,18.79,18.47,0.32,1.7325,230804.86,432986.507
300256.SZ,20250207,4.25,4.41,4.19,4.29,4.27,0.02,0.4684,1319919.0,569241.652
300257.SZ,20250207,9.79,10.12,9.76,9.94,9.82,0.12,1.222,148395.91,147603.82
300258.SZ,20250207,9.88,9.93,9.59,9.71,9.85,-0.14,-1.4213,179558.0,175474.618
300259.SZ,20250207,3.49,3.58,3.47,3.53,3.49,0.04,1.1461,135606.6,47852.646
300260.SZ,20250207,25.13,25.5,24.7,25.09,25.13,-0.04,-0.1592,126276.4,317815.384
300261.SZ,20250207,6.57,6.83,6.49,6.76,6.45,0.31,4.8062,265434.17,177345.846
300263.SZ,20250207,7.08,7.26,7.05,7.24,7.08,0.16,2.2599,226989.65,163117.594
300264.SZ,20250207,5.78,5.92,5.69,5.78,5.78,0.0,0.0,287494.0,167365.446
300265.SZ,20250207,8.05,8.22,8.0,8.15,8.05,0.1,1.2422,134513.0,109300.271
300266.SZ,20250207,2.68,2.77,2.67,2.71,2.67,0.04,1.4981,420554.5,114757.615
300267.SZ,20250207,2.59,2.76,2.59,2.72,2.6,0.12,4.6154,484076.93,130368.325
300268.SZ,20250207,6.98,7.11,6.93,7.0,6.94,0.06,0.8646,11944.0,8395.53
300269.SZ,20250207,4.18,4.3,4.15,4.24,4.18,0.06,1.4354,224926.66,95203.268
300270.SZ,20250207,8.0,8.0,7.59,7.73,7.57,0.16,2.1136,282774.68,220012.63
300271.SZ,20250207,7.23,7.59,7.23,7.48,7.25,0.23,3.1724,334394.05,248155.921
300272.SZ,20250207,5.95,6.14,5.89,6.06,5.93,0.13,2.1922,100513.48,60735.548
300274.SZ,20250207,71.2,75.0,70.81,74.4,71.5,2.9,4.0559,528183.84,3881242.005
300275.SZ,20250207,14.01,14.24,13.78,13.99,14.01,-0.02,-0.1428,88033.42,123146.551
300276.SZ,20250207,11.09,11.5,10.83,11.2,11.23,-0.03,-0.2671,2301597.27,2573607.525
300277.SZ,20250207,11.8,12.62,11.75,12.38,11.84,0.54,4.5608,237248.33,288688.445
300278.SZ,20250207,6.2,6.31,6.1,6.24,6.19,0.05,0.8078,897304.02,559414.08
300279.SZ,20250207,6.54,6.66,6.43,6.53,6.54,-0.01,-0.1529,128122.0,84125.012
300280.SZ,20250207,17.98,18.8,17.95,18.58,18.03,0.55,3.0505,203295.85,374502.975
300281.SZ,20250207,5.8,5.91,5.72,5.83,5.8,0.03,0.5172,135291.0,78862.232
300283.SZ,20250207,5.65,5.75,5.59,5.65,5.64,0.01,0.1773,73603.59,41882.319
300284.SZ,20250207,10.55,11.02,10.54,10.74,10.69,0.05,0.4677,627656.29,678239.1
300285.SZ,20250207,17.33,17.81,17.18,17.58,17.33,0.25,1.4426,216308.0,378897.075
300286.SZ,20250207,19.68,20.36,19.65,20.17,19.68,0.49,2.4898,62371.73,125294.068
300287.SZ,20250207,5.56,5.99,5.49,5.86,5.7,0.16,2.807,3201477.88,1850236.16
300288.SZ,20250207,15.27,16.3,15.19,15.98,15.37,0.61,3.9688,262671.03,415082.154
300289.SZ,20250207,4.85,4.99,4.84,4.93,4.86,0.07,1.4403,67064.23,33052.67
300290.SZ,20250207,19.48,21.25,19.31,20.72,19.53,1.19,6.0932,658816.58,1340565.86
300291.SZ,20250207,5.13,5.24,5.11,5.19,5.17,0.02,0.3868,373504.0,193015.335
300292.SZ,20250207,5.46,5.55,5.35,5.47,5.5,-0.03,-0.5455,991921.7,543062.854
300293.SZ,20250207,23.18,23.76,22.8,23.27,23.1,0.17,0.7359,170509.0,397884.377
300294.SZ,20250207,29.19,29.31,28.93,29.15,29.16,-0.01,-0.0343,65362.73,190667.406
300295.SZ,20250207,16.44,17.2,16.44,16.99,16.57,0.42,2.5347,117850.62,199404.464
300296.SZ,20250207,6.61,6.78,6.48,6.67,6.58,0.09,1.3678,2702016.72,1793727.474
300298.SZ,20250207,22.51,23.77,22.51,23.35,22.63,0.72,3.1816,85927.26,199806.191
300299.SZ,20250207,6.5,6.55,6.26,6.41,6.51,-0.1,-1.5361,854202.1,550086.638
300300.SZ,20250207,2.85,2.95,2.85,2.89,2.85,0.04,1.4035,181105.06,52440.611
300301.SZ,20250207,1.86,1.91,1.85,1.86,1.86,0.0,0.0,102526.0,19232.866
300302.SZ,20250207,15.47,15.96,15.29,15.59,15.52,0.07,0.451,330263.1,515553.846
300303.SZ,20250207,7.12,7.29,7.06,7.16,7.1,0.06,0.8451,768480.95,553371.531
300304.SZ,20250207,8.81,8.81,8.57,8.7,8.78,-0.08,-0.9112,338194.0,294578.762
300305.SZ,20250207,5.48,5.68,5.47,5.6,5.47,0.13,2.3766,71299.12,39942.815
300306.SZ,20250207,12.09,12.2,11.87,12.06,12.07,-0.01,-0.0829,56290.0,67938.786
300307.SZ,20250207,8.22,9.6,8.2,9.27,8.58,0.69,8.042,1900729.33,1665196.563
300308.SZ,20250207,102.0,109.4,101.71,107.78,101.0,6.78,6.7129,762698.59,8139501.248
300310.SZ,20250207,7.78,7.92,7.61,7.81,7.78,0.03,0.3856,824339.92,641970.105
300311.SZ,20250207,6.16,6.43,6.14,6.31,6.19,0.12,1.9386,398002.35,250341.373
300313.SZ,20250207,5.35,5.49,5.31,5.42,5.34,0.08,1.4981,42316.0,22871.241
300314.SZ,20250207,11.05,11.3,11.03,11.11,11.05,0.06,0.543,35239.0,39398.304
300315.SZ,20250207,5.92,6.03,5.81,5.9,5.87,0.03,0.5111,1608934.19,953045.305
300316.SZ,20250207,31.99,32.79,31.8,32.26,31.9,0.36,1.1285,190062.07,614137.993
300317.SZ,20250207,3.58,3.74,3.56,3.67,3.55,0.12,3.3803,260146.0,95457.187
300318.SZ,20250207,5.77,5.89,5.75,5.8,5.8,0.0,0.0,87798.0,51097.416
300319.SZ,20250207,12.8,12.99,12.59,12.8,12.8,0.0,0.0,365923.43,469806.554
300320.SZ,20250207,9.47,9.7,9.42,9.59,9.43,0.16,1.6967,109329.93,104789.094
300321.SZ,20250207,21.82,22.74,21.82,22.31,21.89,0.42,1.9187,17791.02,39890.088
300322.SZ,20250207,13.91,14.32,13.75,13.98,13.63,0.35,2.5679,443301.0,625553.534
300323.SZ,20250207,7.79,8.87,7.71,8.34,7.81,0.53,6.7862,1687036.17,1416346.948
300324.SZ,20250207,3.53,3.59,3.47,3.55,3.55,0.0,0.0,1414442.04,499591.395
300326.SZ,20250207,7.25,7.34,7.08,7.18,7.24,-0.06,-0.8287,186374.63,134287.697
300327.SZ,20250207,24.65,25.12,24.43,24.74,24.61,0.13,0.5282,125477.87,311013.54
300328.SZ,20250207,8.25,8.52,8.19,8.36,8.2,0.16,1.9512,327559.56,274692.557
300329.SZ,20250207,5.81,5.9,5.68,5.78,5.8,-0.02,-0.3448,66815.03,38915.057
300331.SZ,20250207,20.5,21.09,20.42,20.76,20.47,0.29,1.4167,95873.06,199515.829
300332.SZ,20250207,5.01,5.08,4.98,5.0,4.99,0.01,0.2004,150836.63,75886.273
300333.SZ,20250207,14.48,15.88,14.36,15.43,14.57,0.86,5.9025,665503.47,1012898.976
300334.SZ,20250207,5.8,5.89,5.73,5.85,5.78,0.07,1.2111,54790.5,31916.116
300335.SZ,20250207,4.92,5.03,4.91,4.97,4.93,0.04,0.8114,115022.0,57190.2
300337.SZ,20250207,11.99,12.15,11.78,11.98,11.99,-0.01,-0.0834,463752.26,556314.081
300338.SZ,20250207,3.52,4.08,3.51,3.89,3.53,0.36,10.1983,203402.02,77606.644
300339.SZ,20250207,56.85,63.24,56.68,59.72,56.53,3.19,5.643,1575460.03,9390314.091
300340.SZ,20250207,10.1,10.14,9.81,9.95,10.0,-0.05,-0.5,88973.99,89028.538
300341.SZ,20250207,17.53,18.3,17.53,17.94,17.41,0.53,3.0442,156927.84,280956.27
300342.SZ,20250207,17.61,17.82,17.28,17.57,17.67,-0.1,-0.5659,217666.5,383821.812
300343.SZ,20250207,5.82,5.97,5.81,5.93,5.86,0.07,1.1945,302275.2,178514.63
300344.SZ,20250207,6.14,6.79,6.1,6.45,6.29,0.16,2.5437,1252486.27,796307.989
300345.SZ,20250207,5.51,5.63,5.45,5.58,5.49,0.09,1.6393,64635.29,36028.838
300346.SZ,20250207,38.45,39.59,38.24,38.81,38.61,0.2,0.518,235712.1,917957.501
300347.SZ,20250207,50.56,52.63,50.28,51.73,50.28,1.45,2.8839,210562.22,1092363.827
300348.SZ,20250207,13.13,13.98,13.01,13.72,13.09,0.63,4.8128,761926.36,1032030.573
300349.SZ,20250207,13.28,13.52,13.19,13.4,13.28,0.12,0.9036,131557.0,175668.464
300350.SZ,20250207,5.36,5.48,5.33,5.41,5.36,0.05,0.9328,142148.44,76910.739
300351.SZ,20250207,17.6,17.87,17.37,17.68,17.58,0.1,0.5688,151952.76,268556.712
300352.SZ,20250207,6.2,6.57,6.15,6.37,6.5,-0.13,-2.0,1985155.72,1262076.923
300353.SZ,20250207,12.63,13.0,12.52,12.86,12.64,0.22,1.7405,354075.5,452831.453
300354.SZ,20250207,42.19,42.53,40.6,41.17,42.27,-1.1,-2.6023,80614.0,336800.842
300355.SZ,20250207,4.95,5.14,4.92,5.05,4.95,0.1,2.0202,1135036.6,573225.73
300357.SZ,20250207,19.9,20.51,19.78,20.25,19.92,0.33,1.6566,65574.1,132566.562
300358.SZ,20250207,6.82,6.99,6.76,6.94,6.83,0.11,1.6105,101921.0,70470.843
300359.SZ,20250207,5.24,5.45,5.24,5.35,5.26,0.09,1.711,208670.0,111214.118
300360.SZ,20250207,16.47,17.38,16.4,17.22,16.52,0.7,4.2373,263858.21,449611.282
300363.SZ,20250207,16.51,17.39,16.44,17.25,16.54,0.71,4.2926,157536.0,270321.73
300364.SZ,20250207,26.41,28.19,26.4,27.19,26.8,0.39,1.4552,874503.9,2402554.66
300365.SZ,20250207,5.98,6.23,5.95,6.15,6.01,0.14,2.3295,213738.16,130537.951
300366.SZ,20250207,9.71,10.23,9.71,10.02,9.76,0.26,2.6639,373263.19,373956.816
300368.SZ,20250207,4.35,4.44,4.34,4.37,4.35,0.02,0.4598,95172.4,41790.655
300369.SZ,20250207,7.73,7.97,7.65,7.81,7.77,0.04,0.5148,299751.33,234177.621
300370.SZ,20250207,3.06,3.19,3.04,3.15,3.06,0.09,2.9412,694896.16,217495.148
300371.SZ,20250207,9.99,10.11,9.82,9.95,9.94,0.01,0.1006,24809.98,24817.014
300373.SZ,20250207,44.54,45.24,44.07,44.64,44.53,0.11,0.247,128983.14,576494.637
300374.SZ,20250207,17.06,17.59,17.05,17.42,17.13,0.29,1.6929,100853.81,175399.151
300375.SZ,20250207,4.94,5.1,4.91,4.99,4.89,0.1,2.045,302426.61,151365.353
300376.SZ,20250207,3.59,3.68,3.59,3.65,3.6,0.05,1.3889,176919.28,64421.427
300377.SZ,20250207,26.5,31.35,26.4,30.29,26.71,3.58,13.4032,1847376.06,5388458.733
300378.SZ,20250207,35.82,37.28,34.6,36.08,36.66,-0.58,-1.5821,473834.64,1694104.287
300379.SZ,20250207,15.46,15.98,15.3,15.65,15.45,0.2,1.2945,396100.71,618732.612
300380.SZ,20250207,54.96,59.28,54.8,56.66,55.6,1.06,1.9065,216722.82,1230233.159
300381.SZ,20250207,7.23,7.41,7.21,7.32,7.21,0.11,1.5257,69019.36,50615.836
300382.SZ,20250207,12.29,13.12,12.02,12.9,12.31,0.59,4.7929,789180.57,1006239.852
300383.SZ,20250207,16.28,17.33,16.1,16.69,16.01,0.68,4.2473,2200969.73,3704613.912
300384.SZ,20250207,18.75,18.98,18.31,18.96,18.76,0.2,1.0661,178680.39,332836.245
300385.SZ,20250207,4.89,4.94,4.76,4.86,4.88,-0.02,-0.4098,53692.0,26156.033
300386.SZ,20250207,15.54,16.35,15.5,16.05,15.56,0.49,3.1491,310328.0,494764.058
300387.SZ,20250207,8.55,8.98,8.51,8.97,8.55,0.42,4.9123,251964.84,222613.968
300388.SZ,20250207,7.26,7.41,7.25,7.33,7.28,0.05,0.6868,89134.2,65361.602
300389.SZ,20250207,11.23,11.75,11.23,11.49,11.21,0.28,2.4978,80577.24,92380.531
300390.SZ,20250207,22.43,23.18,22.33,22.85,22.37,0.48,2.1457,202121.21,460441.48
300391.SZ,20250207,4.3,4.52,4.25,4.43,4.2,0.23,5.4762,285603.24,126135.698
300393.SZ,20250207,5.94,6.22,5.88,6.08,5.89,0.19,3.2258,310370.67,188927.656
300394.SZ,20250207,86.66,92.28,86.65,90.29,85.99,4.3,5.0006,375861.46,3394507.398
300395.SZ,20250207,37.67,38.38,36.76,37.13,37.75,-0.62,-1.6424,112548.64,420496.938
300396.SZ,20250207,15.09,15.39,15.05,15.24,15.1,0.14,0.9272,63144.77,96205.913
300397.SZ,20250207,11.71,11.8,11.44,11.8,11.6,0.2,1.7241,192792.29,223849.469
300398.SZ,20250207,16.6,16.95,16.48,16.73,16.66,0.07,0.4202,229048.34,382516.454
300399.SZ,20250207,23.32,24.86,23.11,24.4,23.27,1.13,4.856,226610.43,545391.808
300400.SZ,20250207,17.32,17.75,17.18,17.45,17.33,0.12,0.6924,100627.18,175339.843
300401.SZ,20250207,14.26,14.36,14.07,14.23,14.29,-0.06,-0.4199,125690.09,179083.167
300402.SZ,20250207,14.55,14.81,14.45,14.65,14.52,0.13,0.8953,35589.0,52196.631
300403.SZ,20250207,13.85,14.0,13.48,13.72,13.99,-0.27,-1.9299,938838.65,1293141.697
300404.SZ,20250207,8.69,9.18,8.67,9.17,8.67,0.5,5.767,219161.85,197937.012
300405.SZ,20250207,4.82,4.93,4.77,4.83,4.8,0.03,0.625,91121.9,44252.619
300406.SZ,20250207,13.47,13.7,13.38,13.61,13.48,0.13,0.9644,66250.48,89833.3
300407.SZ,20250207,10.67,10.94,10.51,10.74,10.63,0.11,1.0348,72312.75,77762.464
300408.SZ,20250207,38.6,38.86,37.47,37.85,38.77,-0.92,-2.373,221898.38,847521.343
300409.SZ,20250207,14.37,14.49,14.13,14.33,14.35,-0.02,-0.1394,382567.08,548515.704
300410.SZ,20250207,5.25,5.39,5.2,5.34,5.22,0.12,2.2989,120992.98,64312.255
300411.SZ,20250207,13.24,13.62,13.11,13.35,13.24,0.11,0.8308,189695.0,254525.593
300412.SZ,20250207,5.3,5.34,5.18,5.25,5.29,-0.04,-0.7561,377680.4,199275.581
300413.SZ,20250207,28.58,28.7,28.04,28.46,28.58,-0.12,-0.4199,143064.58,406344.964
300414.SZ,20250207,8.12,8.23,7.97,8.08,8.09,-0.01,-0.1236,43010.0,34927.924
300415.SZ,20250207,21.75,22.15,21.4,21.87,21.72,0.15,0.6906,218689.23,476636.837
300416.SZ,20250207,11.69,11.95,11.63,11.79,11.7,0.09,0.7692,126053.43,148988.001
300417.SZ,20250207,12.5,12.78,12.17,12.35,12.44,-0.09,-0.7235,67565.93,84447.315
300418.SZ,20250207,42.11,44.65,41.72,42.93,42.8,0.13,0.3037,1239409.67,5316895.687
300419.SZ,20250207,4.9,4.98,4.81,4.88,4.91,-0.03,-0.611,232018.0,113804.888
300420.SZ,20250207,2.95,3.05,2.94,3.0,2.95,0.05,1.6949,434123.55,130443.056
300421.SZ,20250207,13.18,13.45,12.91,13.15,13.33,-0.18,-1.3503,277393.8,366323.725
300422.SZ,20250207,4.25,4.34,4.22,4.31,4.27,0.04,0.9368,217267.22,93200.988
300423.SZ,20250207,7.14,7.4,7.11,7.23,7.17,0.06,0.8368,138013.53,100303.76
300424.SZ,20250207,15.74,16.2,15.62,15.93,15.73,0.2,1.2715,124406.49,198798.849
300425.SZ,20250207,5.04,5.2,5.02,5.15,5.05,0.1,1.9802,192508.0,99029.23
300426.SZ,20250207,9.84,10.1,9.8,10.07,9.9,0.17,1.7172,92736.85,92654.284
300427.SZ,20250207,5.89,6.2,5.89,6.16,5.89,0.27,4.584,250173.52,152707.738
300428.SZ,20250207,16.66,17.44,16.51,17.2,16.66,0.54,3.2413,111976.41,191545.592
300429.SZ,20250207,11.92,12.15,11.75,11.97,11.97,0.0,0.0,292893.43,350876.137
300430.SZ,20250207,17.1,17.35,16.68,16.91,17.1,-0.19,-1.1111,210014.0,358106.299
300432.SZ,20250207,18.3,18.46,17.61,17.99,18.35,-0.36,-1.9619,545555.86,986576.388
300433.SZ,20250207,27.13,28.88,27.0,27.48,27.13,0.35,1.2901,1098327.57,3057740.471
300434.SZ,20250207,8.57,8.84,8.5,8.78,8.57,0.21,2.4504,190955.5,166200.366
300435.SZ,20250207,11.88,12.12,11.76,11.9,11.84,0.06,0.5068,57980.81,69349.481
300436.SZ,20250207,33.1,34.3,33.01,33.87,33.31,0.56,1.6812,37716.0,127634.48
300437.SZ,20250207,8.06,8.24,8.01,8.15,8.02,0.13,1.6209,64024.74,52180.015
300438.SZ,20250207,26.97,27.84,26.84,27.44,26.89,0.55,2.0454,166076.06,454641.273
300439.SZ,20250207,10.42,10.58,10.38,10.54,10.43,0.11,1.0547,46149.59,48496.594
300440.SZ,20250207,8.15,8.15,7.9,8.0,8.03,-0.03,-0.3736,181630.45,145417.054
300441.SZ,20250207,9.0,9.08,8.87,9.01,9.01,0.0,0.0,217202.2,195374.385
300442.SZ,20250207,62.81,65.8,60.11,62.01,62.08,-0.07,-0.1128,721694.8,4503969.39
300443.SZ,20250207,20.5,21.47,20.5,21.05,20.52,0.53,2.5828,118588.31,249193.978
300444.SZ,20250207,6.8,6.97,6.79,6.9,6.83,0.07,1.0249,213978.2,147413.746
300445.SZ,20250207,17.9,18.0,17.51,17.79,17.94,-0.15,-0.8361,48683.39,86637.108
300446.SZ,20250207,17.43,18.16,17.33,17.94,17.44,0.5,2.867,257541.13,459618.114
300447.SZ,20250207,12.95,13.18,12.82,13.03,12.96,0.07,0.5401,45200.4,58950.483
300448.SZ,20250207,7.7,8.18,7.5,7.66,7.28,0.38,5.2198,917037.17,714374.501
300449.SZ,20250207,8.65,9.08,8.61,8.75,8.65,0.1,1.1561,107282.6,95437.394
300450.SZ,20250207,20.12,20.71,20.0,20.44,20.05,0.39,1.9451,391503.07,798869.088
300451.SZ,20250207,4.61,5.05,4.58,4.95,4.63,0.32,6.9114,1504281.75,729475.822
300452.SZ,20250207,11.95,12.09,11.89,11.99,11.91,0.08,0.6717,25882.8,31069.219
300453.SZ,20250207,7.6,7.73,7.59,7.68,7.63,0.05,0.6553,54507.1,41803.312
300454.SZ,20250207,67.45,74.0,66.6,72.64,67.5,5.14,7.6148,190226.22,1352498.309
300455.SZ,20250207,13.42,13.88,13.35,13.6,13.39,0.21,1.5683,142823.2,194405.173
300456.SZ,20250207,17.57,17.94,17.38,17.64,17.49,0.15,0.8576,242561.89,428279.396
300457.SZ,20250207,19.01,19.66,18.9,19.36,19.01,0.35,1.8411,180907.97,349283.646
300458.SZ,20250207,52.0,54.49,49.88,51.01,52.19,-1.18,-2.261,1090259.36,5682990.636
300459.SZ,20250207,6.21,6.39,6.12,6.29,6.24,0.05,0.8013,4751047.14,2981426.456
300460.SZ,20250207,12.18,12.39,11.93,12.16,12.16,0.0,0.0,111805.0,136681.204
300461.SZ,20250207,19.0,20.28,18.61,19.31,18.95,0.36,1.8997,54526.58,105471.533
300462.SZ,20250207,9.96,10.16,9.79,9.96,9.96,0.0,0.0,70633.0,70659.487
300463.SZ,20250207,12.56,12.88,12.52,12.77,12.6,0.17,1.3492,68767.0,87655.347
300464.SZ,20250207,5.13,5.28,5.09,5.17,5.13,0.04,0.7797,144141.5,74836.039
300465.SZ,20250207,18.55,19.72,18.43,19.18,18.87,0.31,1.6428,801728.39,1526904.406
300466.SZ,20250207,7.86,7.97,7.7,7.85,7.89,-0.04,-0.507,145772.0,114848.121
300467.SZ,20250207,18.5,19.55,17.96,18.85,18.1,0.75,4.1436,308054.44,576063.641
300468.SZ,20250207,16.2,16.94,16.19,16.59,16.29,0.3,1.8416,394958.46,654715.948
300469.SZ,20250207,26.45,28.28,26.08,28.23,26.5,1.73,6.5283,222311.87,608074.736
300470.SZ,20250207,36.36,36.82,35.9,36.37,36.37,0.0,0.0,41563.94,151459.202
300471.SZ,20250207,8.85,9.16,8.84,9.06,8.87,0.19,2.1421,68665.5,62030.471
300472.SZ,20250207,8.1,8.33,7.95,8.11,8.05,0.06,0.7453,281073.23,227699.805
300473.SZ,20250207,23.57,23.83,23.3,23.72,23.62,0.1,0.4234,78849.59,185921.209
300474.SZ,20250207,90.78,94.28,89.4,91.43,90.85,0.58,0.6384,275900.0,2543302.306
300475.SZ,20250207,30.98,31.55,30.34,31.03,31.47,-0.44,-1.3982,377688.41,1169465.726
300476.SZ,20250207,48.0,51.5,47.7,49.5,47.33,2.17,4.5848,611133.78,3034650.511
300477.SZ,20250207,2.79,2.87,2.78,2.84,2.79,0.05,1.7921,273301.44,77582.869
300478.SZ,20250207,9.48,9.77,9.3,9.58,9.48,0.1,1.0549,59037.34,56513.476
300479.SZ,20250207,21.0,22.06,20.73,21.29,21.1,0.19,0.9005,328068.55,700991.627
300480.SZ,20250207,14.38,15.17,14.35,14.57,14.46,0.11,0.7607,166924.46,246289.369
300481.SZ,20250207,15.11,15.18,14.86,15.0,15.08,-0.08,-0.5305,67495.5,101561.175
300482.SZ,20250207,22.85,23.25,22.66,22.78,22.85,-0.07,-0.3063,90212.58,207225.145
300483.SZ,20250207,8.35,8.61,8.33,8.49,8.35,0.14,1.6766,57573.0,48911.35
300484.SZ,20250207,21.6,22.48,21.4,22.02,21.47,0.55,2.5617,241355.9,531846.048
300485.SZ,20250207,6.93,7.15,6.89,7.11,6.93,0.18,2.5974,59947.0,42235.342
300486.SZ,20250207,7.01,7.12,6.91,7.02,7.01,0.01,0.1427,169235.75,118943.589
300487.SZ,20250207,48.02,49.8,47.79,49.09,48.0,1.09,2.2708,57190.25,280246.52
300488.SZ,20250207,32.21,32.66,30.01,30.57,31.96,-1.39,-4.3492,90899.82,281865.864
300489.SZ,20250207,52.58,55.32,52.1,54.12,52.35,1.77,3.3811,71187.6,382384.456
300490.SZ,20250207,7.67,7.84,7.61,7.76,7.62,0.14,1.8373,98521.0,76321.172
300491.SZ,20250207,16.28,17.18,16.16,16.58,16.29,0.29,1.7802,122629.0,203997.171
300492.SZ,20250207,69.5,70.29,68.4,69.25,69.78,-0.53,-0.7595,7670.8,53267.59
300493.SZ,20250207,28.72,29.78,27.2,28.07,28.79,-0.72,-2.5009,1214741.04,3473147.047
300494.SZ,20250207,13.22,13.78,13.0,13.49,13.6,-0.11,-0.8088,839353.64,1121321.543
300496.SZ,20250207,70.5,75.0,67.8,68.99,69.99,-1.0,-1.4288,713836.17,5063658.095
300497.SZ,20250207,8.72,8.88,8.63,8.75,8.76,-0.01,-0.1142,141372.46,124049.122
300498.SZ,20250207,16.11,16.32,15.99,16.2,16.17,0.03,0.1855,473536.39,765929.849
300499.SZ,20250207,17.36,18.17,17.21,17.6,17.19,0.41,2.3851,322123.1,568720.117
300500.SZ,20250207,10.31,10.58,10.27,10.42,10.28,0.14,1.3619,36390.1,37893.338
300501.SZ,20250207,13.64,13.86,13.51,13.72,13.59,0.13,0.9566,21830.0,29958.546
300502.SZ,20250207,108.0,115.53,108.0,113.39,106.65,6.74,6.3197,410080.25,4628548.784
300503.SZ,20250207,23.38,24.3,22.86,23.38,23.6,-0.22,-0.9322,435615.96,1027568.155
300504.SZ,20250207,16.0,16.32,15.74,16.08,15.95,0.13,0.815,86363.07,139056.138
300505.SZ,20250207,15.41,15.62,15.24,15.48,15.48,0.0,0.0,132054.55,204263.349
300506.SZ,20250207,2.94,3.03,2.91,2.98,2.95,0.03,1.0169,60291.0,17988.686
300507.SZ,20250207,7.24,7.63,7.22,7.4,7.07,0.33,4.6676,742367.89,548029.938
300508.SZ,20250207,28.99,29.24,28.55,28.93,28.98,-0.05,-0.1725,32791.0,94842.552
300509.SZ,20250207,8.45,8.54,8.21,8.31,8.48,-0.17,-2.0047,117873.12,98995.923
300510.SZ,20250207,4.02,4.15,4.0,4.11,4.02,0.09,2.2388,161995.87,66356.118
300511.SZ,20250207,3.44,3.54,3.42,3.5,3.43,0.07,2.0408,153108.55,53339.418
300512.SZ,20250207,7.32,7.43,7.23,7.29,7.33,-0.04,-0.5457,37898.0,27807.653
300513.SZ,20250207,8.92,9.12,8.88,9.01,8.92,0.09,1.009,91214.22,81951.98
300514.SZ,20250207,15.01,15.5,14.97,15.31,14.93,0.38,2.5452,87647.0,133628.224
300515.SZ,20250207,15.5,15.6,15.11,15.36,15.58,-0.22,-1.4121,196750.21,303161.964
300516.SZ,20250207,32.84,33.47,32.65,33.1,32.84,0.26,0.7917,15469.5,51285.401
300517.SZ,20250207,8.95,9.03,8.8,8.9,8.89,0.01,0.1125,27769.0,24764.28
300518.SZ,20250207,12.15,12.32,11.84,12.16,12.12,0.04,0.33,52042.04,63227.291
300519.SZ,20250207,13.24,13.6,13.24,13.39,13.25,0.14,1.0566,25401.92,34093.457
300520.SZ,20250207,25.1,25.79,24.62,25.26,25.71,-0.45,-1.7503,341547.46,864384.468
300521.SZ,20250207,20.53,21.26,20.43,21.05,20.5,0.55,2.6829,51847.42,108490.902
300522.SZ,20250207,13.38,13.64,13.24,13.47,13.43,0.04,0.2978,98421.5,132075.242
300523.SZ,20250207,19.27,20.1,19.18,19.73,19.27,0.46,2.3871,54655.12,107130.962
300525.SZ,20250207,14.96,15.95,14.88,15.5,15.03,0.47,3.1271,290597.39,450055.494
300527.SZ,20250207,7.89,8.06,7.87,7.97,7.88,0.09,1.1421,180330.29,143763.581
300528.SZ,20250207,8.8,8.88,8.47,8.72,8.75,-0.03,-0.3429,208877.2,181356.425
300529.SZ,20250207,26.9,27.39,26.79,27.1,26.93,0.17,0.6313,73847.02,200533.539
300530.SZ,20250207,16.36,16.8,16.27,16.56,16.44,0.12,0.7299,34112.74,56693.725
300531.SZ,20250207,14.42,14.7,14.21,14.55,14.38,0.17,1.1822,119752.14,173431.152
300532.SZ,20250207,11.78,12.2,11.69,12.05,11.74,0.31,2.6405,189991.84,226501.611
300533.SZ,20250207,23.2,23.68,22.64,23.0,23.4,-0.4,-1.7094,91610.01,212246.389
300534.SZ,20250207,8.37,8.59,8.32,8.53,8.38,0.15,1.79,85289.0,72442.811
300535.SZ,20250207,13.98,14.1,13.69,13.86,13.91,-0.05,-0.3595,15336.0,21402.551
300536.SZ,20250207,6.19,6.26,6.0,6.11,6.18,-0.07,-1.1327,79868.5,49107.901
300537.SZ,20250207,17.4,17.74,17.12,17.47,17.43,0.04,0.2295,91251.0,159923.089
300538.SZ,20250207,15.01,15.21,14.76,15.01,14.94,0.07,0.4685,50199.0,75534.536
300539.SZ,20250207,12.41,12.59,12.11,12.3,12.4,-0.1,-0.8065,114591.0,141897.245
300540.SZ,20250207,26.01,26.17,25.46,25.87,26.09,-0.22,-0.8432,47607.5,123218.318
300541.SZ,20250207,12.4,12.87,12.33,12.62,12.43,0.19,1.5286,435989.4,548089.642
300542.SZ,20250207,20.78,21.48,20.7,21.19,20.65,0.54,2.615,122422.42,258122.354
300543.SZ,20250207,11.31,11.38,11.01,11.15,11.45,-0.3,-2.6201,258273.21,289801.5
300545.SZ,20250207,33.0,33.22,32.31,32.79,32.89,-0.1,-0.304,50403.36,165670.439
300546.SZ,20250207,18.96,19.26,18.56,18.83,18.91,-0.08,-0.4231,128581.28,243397.032
300547.SZ,20250207,28.5,29.66,28.21,28.92,28.6,0.32,1.1189,259256.6,747550.329
300548.SZ,20250207,51.8,55.18,51.8,53.65,51.75,1.9,3.6715,364190.26,1952808.15
300549.SZ,20250207,17.95,18.19,17.64,17.83,17.98,-0.15,-0.8343,53552.0,96163.162
300550.SZ,20250207,14.07,14.5,13.9,14.35,13.96,0.39,2.7937,61880.04,87887.574
300551.SZ,20250207,9.71,10.14,9.65,9.97,9.67,0.3,3.1024,215712.85,213520.528
300552.SZ,20250207,35.24,35.54,33.73,34.56,34.5,0.06,0.1739,156631.0,543501.093
300553.SZ,20250207,32.56,33.28,31.95,33.02,32.89,0.13,0.3953,41070.29,133452.82
300554.SZ,20250207,21.5,21.75,21.13,21.45,21.29,0.16,0.7515,31473.83,67601.165
300555.SZ,20250207,8.58,8.68,8.39,8.5,8.4,0.1,1.1905,37019.5,31555.721
300556.SZ,20250207,20.49,23.0,20.1,22.25,20.12,2.13,10.5865,305154.47,646329.689
300557.SZ,20250207,31.7,32.4,30.75,31.42,31.59,-0.17,-0.5381,42805.87,135582.854
300558.SZ,20250207,58.9,59.65,57.35,57.75,59.13,-1.38,-2.3338,46544.71,272587.481
300559.SZ,20250207,12.52,12.94,12.35,12.88,12.53,0.35,2.7933,110741.0,140465.359
300560.SZ,20250207,13.9,14.27,13.76,14.01,13.92,0.09,0.6466,92365.83,129675.306
300561.SZ,20250207,52.0,56.94,52.0,53.87,52.43,1.44,2.7465,475932.55,2587638.746
300562.SZ,20250207,13.8,14.39,13.69,14.14,13.76,0.38,2.7616,236361.49,333056.142
300563.SZ,20250207,45.88,48.63,45.7,48.04,45.73,2.31,5.0514,203736.41,969937.455
300564.SZ,20250207,12.58,12.86,12.45,12.64,12.59,0.05,0.3971,26415.8,33499.586
300565.SZ,20250207,12.6,12.87,12.51,12.69,12.52,0.17,1.3578,80802.24,102637.782
300566.SZ,20250207,20.39,22.0,20.17,20.74,20.32,0.42,2.0669,457441.26,961151.952
300567.SZ,20250207,64.0,65.77,62.41,63.58,64.16,-0.58,-0.904,79096.89,509473.142
300568.SZ,20250207,10.02,10.16,9.92,10.04,10.04,0.0,0.0,407718.77,410424.05
300569.SZ,20250207,4.51,4.62,4.46,4.57,4.48,0.09,2.0089,137100.04,62459.959
300570.SZ,20250207,99.81,107.74,99.34,103.8,100.8,3.0,2.9762,199687.51,2080831.389
300571.SZ,20250207,28.94,32.38,28.46,30.6,28.85,1.75,6.0659,170736.3,517060.894
300572.SZ,20250207,16.87,17.1,16.55,16.98,17.03,-0.05,-0.2936,67922.0,114745.085
300573.SZ,20250207,71.2,73.55,70.8,72.66,71.2,1.46,2.0506,71608.45,519302.383
300575.SZ,20250207,5.83,6.0,5.82,5.94,5.84,0.1,1.7123,116034.39,68570.829
300576.SZ,20250207,46.61,47.88,46.34,47.0,46.95,0.05,0.1065,135787.34,639410.109
300577.SZ,20250207,24.29,24.58,23.9,24.1,24.3,-0.2,-0.823,28925.03,70115.55
300578.SZ,20250207,19.81,20.91,19.7,20.83,19.8,1.03,5.202,144317.0,293749.515
300579.SZ,20250207,29.0,30.0,28.8,29.48,28.95,0.53,1.8307,92312.5,271296.004
300580.SZ,20250207,29.37,30.2,28.4,29.23,29.34,-0.11,-0.3749,401572.2,1181023.944
300581.SZ,20250207,10.37,10.52,10.2,10.4,10.37,0.03,0.2893,122911.74,127800.999
300582.SZ,20250207,14.19,14.25,13.88,14.06,14.17,-0.11,-0.7763,94181.69,132740.925
300583.SZ,20250207,19.65,20.65,19.44,20.11,19.6,0.51,2.602,37468.75,75162.85
300584.SZ,20250207,19.86,20.41,19.78,20.16,19.83,0.33,1.6641,29513.0,59438.724
300585.SZ,20250207,15.79,16.0,15.4,15.64,15.81,-0.17,-1.0753,73793.0,116041.835
300586.SZ,20250207,8.29,8.45,8.2,8.35,8.28,0.07,0.8454,114997.91,95991.537
300587.SZ,20250207,4.34,4.39,4.26,4.32,4.34,-0.02,-0.4608,242521.59,105096.335
300588.SZ,20250207,14.76,16.81,14.44,15.62,14.01,1.61,11.4918,358866.44,573870.555
300589.SZ,20250207,12.02,12.24,12.01,12.09,12.08,0.01,0.0828,51110.15,61993.108
300590.SZ,20250207,16.41,16.78,16.04,16.47,16.46,0.01,0.0608,424168.93,695086.284
300591.SZ,20250207,4.07,4.21,4.06,4.16,4.06,0.1,2.4631,175812.4,72937.514
300592.SZ,20250207,14.14,14.39,13.86,14.08,14.14,-0.06,-0.4243,166565.84,235846.299
300593.SZ,20250207,10.63,10.83,10.49,10.68,10.62,0.06,0.565,112661.66,120358.063
300594.SZ,20250207,17.79,17.93,17.5,17.73,17.7,0.03,0.1695,21467.0,38159.023
300595.SZ,20250207,17.26,17.78,17.2,17.52,17.21,0.31,1.8013,133724.65,234314.355
300596.SZ,20250207,29.66,30.78,29.46,30.78,29.52,1.26,4.2683,114964.0,348087.073
300597.SZ,20250207,9.03,9.18,8.93,9.07,9.03,0.04,0.443,71112.0,64530.117
300598.SZ,20250207,50.28,55.14,50.28,53.35,49.95,3.4,6.8068,256047.55,1350714.114
300599.SZ,20250207,6.77,6.9,6.72,6.79,6.73,0.06,0.8915,37337.0,25467.275
300600.SZ,20250207,7.12,7.16,7.08,7.13,7.1,0.03,0.4225,17290.76,12318.477
300601.SZ,20250207,14.99,15.56,14.95,15.39,14.96,0.43,2.8743,198762.33,304256.955
300602.SZ,20250207,20.55,21.16,20.45,20.7,20.65,0.05,0.2421,355867.56,740133.895
300603.SZ,20250207,10.52,11.17,10.52,11.12,10.63,0.49,4.6096,469562.3,513444.224
300604.SZ,20250207,46.83,47.9,46.08,46.82,46.83,-0.01,-0.0214,350786.27,1649066.917
300605.SZ,20250207,13.05,13.29,12.75,13.04,13.16,-0.12,-0.9119,79280.46,103565.99
300606.SZ,20250207,18.59,19.08,18.58,18.89,18.75,0.14,0.7467,34346.9,64877.572
300607.SZ,20250207,32.8,33.83,31.81,32.62,32.98,-0.36,-1.0916,746297.34,2446329.323
300608.SZ,20250207,13.33,13.98,13.05,13.5,13.34,0.16,1.1994,455678.12,618432.181
300609.SZ,20250207,26.41,27.8,26.36,27.0,26.68,0.32,1.1994,70206.94,189637.924
300610.SZ,20250207,10.09,10.14,9.93,10.01,10.04,-0.03,-0.2988,36223.0,36439.868
300611.SZ,20250207,12.38,12.57,12.16,12.5,12.38,0.12,0.9693,107905.07,133530.58
300612.SZ,20250207,17.01,17.34,16.64,16.94,17.33,-0.39,-2.2504,195887.1,333990.532
300613.SZ,20250207,65.66,72.6,65.59,68.19,65.66,2.53,3.8532,274878.07,1880184.328
300614.SZ,20250207,9.44,9.67,9.41,9.49,9.44,0.05,0.5297,27889.4,26643.407
300615.SZ,20250207,12.79,12.9,12.5,12.68,12.7,-0.02,-0.1575,148020.69,188380.943
300616.SZ,20250207,12.08,12.4,12.03,12.27,12.08,0.19,1.5728,50870.0,62425.455
300617.SZ,20250207,28.58,31.0,28.55,30.48,28.69,1.79,6.2391,88205.64,266057.203
300618.SZ,20250207,33.91,34.65,33.72,34.35,33.91,0.44,1.2976,86775.36,296942.025
300619.SZ,20250207,23.3,23.56,22.93,23.29,23.26,0.03,0.129,17643.3,41185.359
300620.SZ,20250207,47.9,49.78,47.48,48.62,48.71,-0.09,-0.1848,156323.74,761948.28
300621.SZ,20250207,9.14,9.33,9.07,9.2,9.07,0.13,1.4333,46267.98,42600.535
300622.SZ,20250207,52.95,54.17,50.56,52.26,52.95,-0.69,-1.3031,307818.73,1627778.671
300623.SZ,20250207,34.57,35.58,34.02,34.7,34.61,0.09,0.26,346233.72,1206124.844
300624.SZ,20250207,77.3,86.97,75.91,80.32,79.65,0.67,0.8412,453309.45,3635124.537
300625.SZ,20250207,11.73,11.8,11.5,11.6,11.64,-0.04,-0.3436,19751.0,23055.34
300626.SZ,20250207,9.55,9.73,9.37,9.5,9.55,-0.05,-0.5236,52270.0,50112.926
300627.SZ,20250207,41.68,46.21,41.41,45.16,41.38,3.78,9.1348,207384.47,912344.97
300628.SZ,20250207,42.5,44.15,42.11,43.1,42.18,0.92,2.1811,149600.16,647802.485
300629.SZ,20250207,20.73,21.19,20.58,20.99,20.73,0.26,1.2542,89477.89,186997.972
300630.SZ,20250207,2.35,2.84,2.34,2.84,2.37,0.47,19.8312,625989.61,168147.85
300631.SZ,20250207,21.51,21.89,21.36,21.63,21.62,0.01,0.0463,22561.31,48974.039
300632.SZ,20250207,12.0,12.25,11.84,12.09,11.86,0.23,1.9393,195859.39,235608.63
300633.SZ,20250207,28.4,29.19,28.21,28.97,28.44,0.53,1.8636,72302.0,208502.941
300634.SZ,20250207,29.51,31.66,28.89,29.2,30.0,-0.8,-2.6667,937702.77,2814370.974
300635.SZ,20250207,10.0,10.25,9.91,10.02,10.01,0.01,0.0999,47706.79,48004.364
300636.SZ,20250207,7.95,8.07,7.93,8.03,7.95,0.08,1.0063,55613.31,44571.27
300637.SZ,20250207,9.41,9.55,9.27,9.44,9.38,0.06,0.6397,79419.0,74865.763
300638.SZ,20250207,35.5,37.86,34.53,36.3,35.25,1.05,2.9787,1440939.28,5223655.997
300639.SZ,20250207,5.86,5.99,5.83,5.87,5.86,0.01,0.1706,113335.76,67032.564
300640.SZ,20250207,5.99,6.14,5.94,6.04,5.97,0.07,1.1725,223494.0,135160.226
300641.SZ,20250207,26.45,26.94,26.12,26.51,26.45,0.06,0.2268,321517.36,853008.729
300642.SZ,20250207,14.17,14.63,14.17,14.38,14.19,0.19,1.339,42420.32,61129.582
300643.SZ,20250207,12.88,12.88,12.46,12.61,12.63,-0.02,-0.1584,47913.0,60746.257
300644.SZ,20250207,23.07,23.24,22.6,22.92,23.04,-0.12,-0.5208,47201.25,108496.127
300645.SZ,20250207,15.48,15.73,15.29,15.57,15.41,0.16,1.0383,55726.1,86470.112
300647.SZ,20250207,6.37,6.47,6.26,6.4,6.32,0.08,1.2658,215346.71,137606.652
300648.SZ,20250207,22.33,23.48,22.29,23.43,22.35,1.08,4.8322,39913.94,92068.988
300649.SZ,20250207,11.18,11.38,10.85,11.04,10.94,0.1,0.9141,30869.0,34204.417
300650.SZ,20250207,12.16,12.41,12.02,12.17,12.16,0.01,0.0822,67592.6,83012.808
300651.SZ,20250207,13.19,14.6,13.0,14.12,13.1,1.02,7.7863,119118.69,166302.719
300652.SZ,20250207,34.46,35.09,33.33,34.04,34.97,-0.93,-2.6594,65978.28,226138.267
300653.SZ,20250207,20.3,20.99,20.23,20.6,20.35,0.25,1.2285,22134.45,45661.766
300654.SZ,20250207,12.45,13.32,12.09,13.29,12.73,0.56,4.3991,747435.46,947643.416
300655.SZ,20250207,8.93,9.2,8.85,9.03,8.93,0.1,1.1198,304095.67,274493.029
300656.SZ,20250207,24.21,24.44,23.71,24.04,23.7,0.34,1.4346,32364.47,77986.985
300657.SZ,20250207,25.8,27.71,24.8,26.8,25.29,1.51,5.9707,1033001.98,2733418.901
300658.SZ,20250207,5.58,5.67,5.51,5.57,5.58,-0.01,-0.1792,48760.2,27341.532
300659.SZ,20250207,17.63,18.26,17.5,17.95,17.49,0.46,2.6301,127572.34,227777.616
300660.SZ,20250207,49.3,51.5,48.01,49.68,49.41,0.27,0.5464,304921.19,1513439.041
300661.SZ,20250207,92.9,95.19,90.85,92.81,92.89,-0.08,-0.0861,126254.74,1170466.953
300662.SZ,20250207,21.95,22.61,21.66,21.99,22.04,-0.05,-0.2269,41783.0,92194.994
300663.SZ,20250207,17.61,18.84,17.47,18.5,17.74,0.76,4.2841,595997.95,1088752.852
300664.SZ,20250207,5.12,5.25,5.1,5.2,5.12,0.08,1.5625,189671.0,98432.139
300665.SZ,20250207,6.77,6.91,6.7,6.86,6.77,0.09,1.3294,62187.0,42491.3
300666.SZ,20250207,72.21,73.83,71.33,72.12,72.28,-0.16,-0.2214,80321.87,583154.523
300667.SZ,20250207,17.95,18.2,17.4,17.73,17.95,-0.22,-1.2256,89359.0,159886.957
300668.SZ,20250207,19.19,19.94,19.02,19.43,19.14,0.29,1.5152,19945.0,38937.206
300669.SZ,20250207,21.55,21.93,21.4,21.46,21.65,-0.19,-0.8776,19470.7,42186.031
300670.SZ,20250207,6.06,6.11,5.95,6.06,6.04,0.02,0.3311,77043.0,46603.413
300671.SZ,20250207,34.74,35.5,34.1,34.71,34.72,-0.01,-0.0288,96468.94,336991.975
300672.SZ,20250207,70.94,72.58,69.41,71.03,70.94,0.09,0.1269,147825.95,1047171.31
300673.SZ,20250207,18.09,18.41,17.71,18.12,18.17,-0.05,-0.2752,143372.04,259544.732
300674.SZ,20250207,20.68,21.95,20.51,21.7,20.68,1.02,4.9323,523960.85,1117934.444
300675.SZ,20250207,14.6,15.05,14.6,14.89,14.68,0.21,1.4305,49182.15,73066.763
300676.SZ,20250207,46.33,52.0,46.08,49.98,46.4,3.58,7.7155,264479.5,1294855.29
300677.SZ,20250207,27.17,27.39,26.81,27.01,27.23,-0.22,-0.8079,141539.48,384291.384
300678.SZ,20250207,36.39,37.66,36.11,37.0,36.43,0.57,1.5646,212939.66,785621.461
300679.SZ,20250207,69.88,70.94,65.25,66.15,68.5,-2.35,-3.4307,172016.42,1165821.218
300680.SZ,20250207,32.0,32.15,29.95,30.95,32.0,-1.05,-3.2813,326217.73,1017692.695
300681.SZ,20250207,31.2,33.35,30.78,32.52,31.08,1.44,4.6332,275433.08,886068.034
300682.SZ,20250207,11.44,12.02,11.3,11.66,11.35,0.31,2.7313,381192.49,443923.73
300683.SZ,20250207,23.28,24.25,23.01,23.55,22.95,0.6,2.6144,23781.0,56490.38
300684.SZ,20250207,25.69,26.95,25.56,26.2,25.56,0.64,2.5039,223587.81,586944.448
300685.SZ,20250207,21.57,22.79,21.41,22.26,21.5,0.76,3.5349,88485.92,196447.701
300686.SZ,20250207,9.2,9.37,9.06,9.19,9.19,0.0,0.0,71158.8,65736.139
300687.SZ,20250207,20.89,22.06,20.72,21.36,20.96,0.4,1.9084,271262.31,579601.836
300688.SZ,20250207,33.88,36.0,33.24,34.2,33.65,0.55,1.6345,298865.73,1027360.758
300689.SZ,20250207,27.72,29.1,27.48,28.67,27.72,0.95,3.4271,26503.31,75840.155
300690.SZ,20250207,22.61,23.11,22.45,22.82,22.61,0.21,0.9288,53386.8,122220.293
300691.SZ,20250207,21.03,22.34,20.98,21.49,21.04,0.45,2.1388,268529.36,582852.095
300692.SZ,20250207,5.71,5.83,5.65,5.71,5.7,0.01,0.1754,92530.15,53235.25
300693.SZ,20250207,27.84,28.83,27.72,28.32,28.02,0.3,1.0707,193906.84,548689.76
300694.SZ,20250207,15.35,15.68,15.13,15.47,15.37,0.1,0.6506,162716.35,251372.445
300695.SZ,20250207,48.48,49.58,47.8,48.3,48.48,-0.18,-0.3713,6549.17,31987.538
300696.SZ,20250207,14.78,15.3,14.7,15.15,14.78,0.37,2.5034,55290.61,83195.555
300697.SZ,20250207,14.2,14.56,13.9,14.09,14.21,-0.12,-0.8445,284725.6,403611.751
300698.SZ,20250207,40.0,42.0,38.87,39.47,39.16,0.31,0.7916,77130.21,313261.958
300699.SZ,20250207,31.8,32.92,31.53,32.34,31.8,0.54,1.6981,191997.48,621447.04
300700.SZ,20250207,8.22,8.75,8.19,8.54,8.2,0.34,4.1463,122419.13,104462.025
300701.SZ,20250207,10.21,10.28,9.89,10.0,10.15,-0.15,-1.4778,117701.5,118923.893
300702.SZ,20250207,17.46,17.55,17.25,17.48,17.41,0.07,0.4021,27088.07,47202.397
300703.SZ,20250207,15.27,15.74,15.22,15.45,15.65,-0.2,-1.278,195510.52,302968.526
300705.SZ,20250207,15.7,16.3,15.59,16.09,15.73,0.36,2.2886,316398.08,506897.038
300706.SZ,20250207,22.9,23.42,22.6,22.98,22.96,0.02,0.0871,48189.75,111267.691
300707.SZ,20250207,15.2,15.4,14.97,15.26,15.17,0.09,0.5933,91409.09,139127.293
300708.SZ,20250207,13.95,14.22,13.5,13.86,13.99,-0.13,-0.9292,624028.94,870616.955
300709.SZ,20250207,41.99,44.66,41.72,42.51,41.57,0.94,2.2612,196609.22,845360.644
300710.SZ,20250207,17.58,17.9,17.33,17.63,17.6,0.03,0.1705,32290.25,57062.535
300711.SZ,20250207,24.73,25.24,24.31,24.93,24.82,0.11,0.4432,136930.26,339815.458
300712.SZ,20250207,24.2,25.41,24.2,24.8,24.28,0.52,2.1417,34178.5,85020.975
300713.SZ,20250207,15.5,15.72,15.2,15.51,15.38,0.13,0.8453,34818.82,54051.876
300715.SZ,20250207,8.3,8.41,8.12,8.22,8.33,-0.11,-1.3205,94978.36,78496.843
300716.SZ,20250207,12.08,12.75,11.95,12.23,12.07,0.16,1.3256,70514.17,87191.867
300717.SZ,20250207,14.98,15.09,14.7,14.89,14.95,-0.06,-0.4013,17013.5,25454.74
300718.SZ,20250207,64.0,73.11,63.12,69.85,64.67,5.18,8.0099,609477.56,4136712.708
300719.SZ,20250207,17.38,17.71,17.15,17.44,17.44,0.0,0.0,79053.53,138476.9
300720.SZ,20250207,19.11,19.3,18.73,19.09,19.12,-0.03,-0.1569,44585.8,84742.188
300721.SZ,20250207,12.82,13.04,12.7,12.9,12.9,0.0,0.0,34423.9,44449.341
300722.SZ,20250207,26.8,27.48,26.61,26.97,26.8,0.17,0.6343,60297.01,163077.878
300723.SZ,20250207,16.48,17.11,16.3,16.88,16.48,0.4,2.4272,75060.81,126601.056
300724.SZ,20250207,63.28,67.34,63.28,66.34,63.71,2.63,4.1281,208523.31,1375619.245
300725.SZ,20250207,33.22,37.77,33.22,37.49,32.93,4.56,13.8476,216797.95,787984.174
300726.SZ,20250207,29.98,30.7,29.74,30.31,29.87,0.44,1.473,49608.0,149982.905
300727.SZ,20250207,29.89,31.35,29.76,30.45,30.15,0.3,0.995,54418.89,166480.365
300729.SZ,20250207,16.28,17.17,16.22,16.56,16.36,0.2,1.2225,148033.8,247884.755
300730.SZ,20250207,12.3,12.8,12.17,12.62,12.31,0.31,2.5183,116110.5,145664.397
300731.SZ,20250207,23.75,25.39,23.36,24.56,23.74,0.82,3.4541,156480.49,384562.504
300732.SZ,20250207,6.53,6.72,6.51,6.65,6.51,0.14,2.1505,72361.22,48025.697
300733.SZ,20250207,14.8,15.5,14.67,15.37,14.92,0.45,3.0161,310450.8,472502.8
300735.SZ,20250207,32.05,34.37,31.65,33.67,32.03,1.64,5.1202,842102.22,2779495.596
300736.SZ,20250207,9.99,10.17,9.81,9.98,9.9,0.08,0.8081,72064.6,72136.817
300737.SZ,20250207,4.77,4.91,4.76,4.84,4.77,0.07,1.4675,197288.48,95742.922
300738.SZ,20250207,14.6,15.25,14.5,14.81,14.55,0.26,1.7869,1389853.52,2069325.429
300739.SZ,20250207,14.19,14.47,14.04,14.31,14.2,0.11,0.7746,191555.03,273822.076
300740.SZ,20250207,11.79,12.05,11.75,11.91,11.8,0.11,0.9322,90795.5,108088.964
300741.SZ,20250207,15.13,15.56,15.06,15.42,15.13,0.29,1.9167,25534.98,39213.855
300743.SZ,20250207,16.36,16.72,16.07,16.36,16.33,0.03,0.1837,42997.78,70702.81
300745.SZ,20250207,17.99,18.11,17.45,17.67,18.17,-0.5,-2.7518,86140.47,152336.334
300746.SZ,20250207,10.9,11.23,10.82,11.04,10.84,0.2,1.845,52993.0,58565.998
300747.SZ,20250207,19.09,19.56,19.04,19.33,19.11,0.22,1.1512,94543.24,182377.029
300748.SZ,20250207,21.48,21.63,20.88,21.23,21.54,-0.31,-1.4392,602831.64,1283622.841
300749.SZ,20250207,6.78,6.78,6.57,6.67,6.72,-0.05,-0.744,52171.6,34850.341
300750.SZ,20250207,257.0,262.56,251.62,261.28,253.1,8.18,3.2319,344412.54,8922582.684
300751.SZ,20250207,94.17,98.93,93.57,97.05,93.92,3.13,3.3326,46413.09,449801.369
300752.SZ,20250207,18.54,18.94,18.3,18.71,18.46,0.25,1.3543,68012.28,127190.512
300753.SZ,20250207,19.78,20.04,19.33,19.81,19.73,0.08,0.4055,118305.16,233649.259
300755.SZ,20250207,17.8,17.85,17.26,17.53,17.72,-0.19,-1.0722,52303.0,92113.375
300756.SZ,20250207,16.52,16.98,16.36,16.58,16.53,0.05,0.3025,32317.7,54035.372
300757.SZ,20250207,173.26,183.5,173.07,179.0,173.96,5.04,2.8972,72297.63,1299031.239
300758.SZ,20250207,13.68,13.93,13.44,13.74,13.74,0.0,0.0,235997.42,322995.273
300759.SZ,20250207,25.92,26.65,25.88,26.26,25.99,0.27,1.0389,221575.74,583285.431
300760.SZ,20250207,242.08,252.5,240.31,251.19,240.0,11.19,4.6625,108576.43,2695825.17
300761.SZ,20250207,18.46,19.03,18.28,18.77,18.5,0.27,1.4595,103676.87,193213.349
300762.SZ,20250207,22.9,24.0,22.65,23.2,23.01,0.19,0.8257,442319.07,1026495.174
300763.SZ,20250207,52.99,56.15,52.81,55.07,52.82,2.25,4.2598,148616.85,812846.203
300765.SZ,20250207,28.89,29.09,27.81,28.0,28.99,-0.99,-3.415,69739.38,197634.455
300766.SZ,20250207,36.39,41.6,35.85,39.94,34.7,5.24,15.1009,1863297.57,7230998.748
300767.SZ,20250207,9.68,9.77,9.47,9.6,9.59,0.01,0.1043,67681.74,65483.377
300768.SZ,20250207,19.7,20.32,19.49,19.9,19.66,0.24,1.2208,188214.01,372880.343
300769.SZ,20250207,34.3,35.12,33.8,34.49,34.04,0.45,1.322,127585.04,441235.794
300770.SZ,20250207,40.6,41.05,40.31,40.87,40.67,0.2,0.4918,36519.07,148637.614
300771.SZ,20250207,10.95,11.09,10.83,10.97,10.9,0.07,0.6422,62881.61,69051.334
300772.SZ,20250207,12.48,12.87,12.41,12.77,12.48,0.29,2.3237,121895.79,154826.251
300773.SZ,20250207,17.85,18.68,17.8,18.44,17.92,0.52,2.9018,275702.97,504110.654
300774.SZ,20250207,8.87,9.03,8.82,8.91,8.91,0.0,0.0,30690.0,27416.374
300775.SZ,20250207,22.51,23.43,22.35,23.11,22.51,0.6,2.6655,138732.05,319297.256
300776.SZ,20250207,64.22,67.68,63.96,66.22,64.16,2.06,3.2107,93726.83,622321.147
300777.SZ,20250207,28.8,29.38,28.55,29.19,28.73,0.46,1.6011,98192.0,285354.743
300778.SZ,20250207,10.48,10.67,10.28,10.52,10.35,0.17,1.6425,57261.31,60100.961
300779.SZ,20250207,94.76,94.88,92.41,93.67,94.08,-0.41,-0.4358,24848.09,232897.444
300780.SZ,20250207,15.14,15.33,14.88,15.09,15.14,-0.05,-0.3303,52300.0,79215.184
300781.SZ,20250207,65.53,67.85,64.74,66.05,66.67,-0.62,-0.93,117916.3,782408.515
300782.SZ,20250207,83.48,86.09,82.9,84.36,83.45,0.91,1.0905,127089.85,1074149.412
300783.SZ,20250207,29.24,29.99,28.62,29.6,29.44,0.16,0.5435,166138.47,489011.509
300784.SZ,20250207,57.03,57.99,56.76,57.26,57.0,0.26,0.4561,13043.0,74820.336
300785.SZ,20250207,37.68,38.2,36.36,37.48,38.12,-0.64,-1.6789,202448.42,757151.321
300786.SZ,20250207,13.93,14.28,13.77,14.01,13.92,0.09,0.6466,102640.5,143984.323
300787.SZ,20250207,13.21,13.37,12.91,13.13,13.18,-0.05,-0.3794,44463.43,58608.604
300788.SZ,20250207,36.5,36.7,34.8,36.22,35.58,0.64,1.7988,151967.32,542590.118
300789.SZ,20250207,16.27,16.48,15.96,16.17,16.3,-0.13,-0.7975,41741.96,67991.155
300790.SZ,20250207,29.0,29.82,27.38,28.91,24.85,4.06,16.338,1221625.98,3505703.986
300791.SZ,20250207,24.3,25.38,24.22,24.99,24.38,0.61,2.5021,30770.87,76517.958
300792.SZ,20250207,28.09,28.88,27.67,28.34,28.43,-0.09,-0.3166,269708.64,765816.134
300793.SZ,20250207,19.37,19.65,18.75,19.16,19.1,0.06,0.3141,426712.28,824243.465
300795.SZ,20250207,20.29,20.6,19.7,20.13,20.4,-0.27,-1.3235,99904.4,202103.066
300796.SZ,20250207,10.16,10.52,10.13,10.27,10.15,0.12,1.1823,74141.98,76797.492
300797.SZ,20250207,12.03,12.37,11.97,12.08,12.05,0.03,0.249,43140.5,52397.873
300798.SZ,20250207,7.01,7.34,6.88,6.98,6.8,0.18,2.6471,376564.33,267464.358
300800.SZ,20250207,10.64,10.82,10.5,10.59,10.64,-0.05,-0.4699,21789.0,23247.066
300801.SZ,20250207,15.94,16.16,15.78,15.98,15.98,0.0,0.0,28181.1,45193.021
300802.SZ,20250207,18.31,18.77,18.0,18.43,18.33,0.1,0.5456,65363.52,120701.792
300803.SZ,20250207,93.44,101.0,93.01,97.74,94.38,3.36,3.5601,318510.35,3102422.038
300804.SZ,20250207,23.84,24.08,23.6,23.8,23.7,0.1,0.4219,6171.0,14731.4
300805.SZ,20250207,11.1,11.51,11.07,11.27,11.2,0.07,0.625,208463.35,235593.787
300806.SZ,20250207,17.22,17.48,16.72,16.97,17.22,-0.25,-1.4518,190445.1,326372.918
300807.SZ,20250207,36.23,37.01,35.17,36.02,35.85,0.17,0.4742,74535.85,271037.491
300808.SZ,20250207,26.21,27.23,25.86,26.89,26.28,0.61,2.3212,30503.0,81806.379
300809.SZ,20250207,34.88,36.1,33.78,34.26,34.88,-0.62,-1.7775,95785.43,334447.621
300810.SZ,20250207,19.99,20.07,19.5,19.7,20.04,-0.34,-1.6966,27307.5,54190.042
300811.SZ,20250207,51.64,53.19,51.39,52.15,51.64,0.51,0.9876,69162.33,361266.202
300812.SZ,20250207,20.98,21.24,20.45,20.78,20.33,0.45,2.2135,58823.33,123113.725
300813.SZ,20250207,19.01,19.06,18.5,18.7,18.89,-0.19,-1.0058,20516.79,38684.442
300814.SZ,20250207,35.83,36.32,34.66,35.58,35.72,-0.14,-0.3919,101057.07,360241.375
300815.SZ,20250207,15.62,15.73,15.31,15.46,15.52,-0.06,-0.3866,54808.77,85282.901
300816.SZ,20250207,25.0,25.01,24.46,24.68,24.84,-0.16,-0.6441,19411.0,47979.048
300817.SZ,20250207,15.65,17.2,15.45,16.61,15.73,0.88,5.5944,224377.25,368537.292
300818.SZ,20250207,26.9,27.5,26.66,26.95,26.78,0.17,0.6348,14838.08,40285.819
300819.SZ,20250207,13.02,13.25,12.9,13.11,13.02,0.09,0.6912,15488.0,20334.793
300820.SZ,20250207,55.09,55.89,54.09,54.98,55.09,-0.11,-0.1997,34573.28,189852.461
300821.SZ,20250207,7.73,7.88,7.67,7.79,7.71,0.08,1.0376,90438.11,70492.475
300822.SZ,20250207,26.23,27.34,25.95,26.69,26.97,-0.28,-1.0382,285043.7,759080.786
300823.SZ,20250207,13.91,14.07,13.67,13.9,13.81,0.09,0.6517,30628.0,42652.64
300824.SZ,20250207,9.14,9.29,9.07,9.21,9.14,0.07,0.7659,73196.5,67312.59
300825.SZ,20250207,12.76,12.97,12.25,12.6,12.51,0.09,0.7194,472538.81,594485.876
300826.SZ,20250207,17.02,17.36,16.93,17.09,17.02,0.07,0.4113,51209.12,87684.2
300827.SZ,20250207,37.46,39.15,37.18,39.0,37.45,1.55,4.1389,144349.61,554147.581
300828.SZ,20250207,15.14,15.41,14.92,15.17,15.14,0.03,0.1982,57572.0,87698.606
300829.SZ,20250207,15.6,16.15,15.57,16.05,15.61,0.44,2.8187,44419.43,70732.629
300830.SZ,20250207,9.39,10.38,9.39,9.71,9.25,0.46,4.973,478787.23,467077.978
300831.SZ,20250207,15.8,16.1,15.57,15.81,15.86,-0.05,-0.3153,180555.56,286109.925
300832.SZ,20250207,59.92,63.46,59.65,62.69,59.68,3.01,5.0436,71226.56,442077.847
300833.SZ,20250207,42.5,43.25,42.11,42.8,42.61,0.19,0.4459,18563.0,79261.186
300834.SZ,20250207,19.7,19.82,19.53,19.67,19.62,0.05,0.2548,6761.0,13307.738
300835.SZ,20250207,40.79,40.79,39.28,39.91,41.2,-1.29,-3.1311,72860.2,292495.989
300836.SZ,20250207,46.79,48.7,46.38,48.0,46.79,1.21,2.586,14763.5,70209.656
300837.SZ,20250207,20.6,20.7,20.05,20.38,20.5,-0.12,-0.5854,14360.0,29384.343
300838.SZ,20250207,14.15,14.48,14.0,14.43,14.17,0.26,1.8349,51359.0,73136.194
300840.SZ,20250207,25.3,28.52,24.9,27.94,25.93,2.01,7.7516,694051.41,1827514.324
300841.SZ,20250207,52.0,53.33,51.88,52.77,51.92,0.85,1.6371,29220.07,154048.992
300842.SZ,20250207,41.83,45.17,41.59,44.63,41.85,2.78,6.6428,81570.33,357714.877
300843.SZ,20250207,33.4,35.08,33.4,34.24,32.93,1.31,3.9781,204986.41,703729.768
300844.SZ,20250207,32.14,32.98,32.01,32.47,32.14,0.33,1.0268,11300.2,36794.416
300845.SZ,20250207,13.3,13.39,12.98,13.2,13.25,-0.05,-0.3774,51465.02,68190.341
300846.SZ,20250207,17.01,18.52,17.01,18.52,15.43,3.09,20.0259,1194167.05,2156470.148
300847.SZ,20250207,17.18,17.33,16.93,17.13,17.09,0.04,0.2341,58502.0,100370.263
300848.SZ,20250207,16.67,16.96,16.5,16.75,16.68,0.07,0.4197,33524.08,56165.004
300849.SZ,20250207,13.81,13.94,13.75,13.92,13.81,0.11,0.7965,33354.5,46175.265
300850.SZ,20250207,20.0,20.92,19.94,20.47,20.0,0.47,2.35,81105.83,166317.7
300851.SZ,20250207,27.6,27.93,27.19,27.35,27.65,-0.3,-1.085,11194.0,30886.679
300852.SZ,20250207,36.69,38.66,34.61,35.76,35.76,0.0,0.0,187677.16,692941.798
300853.SZ,20250207,21.23,21.99,20.6,20.97,21.23,-0.26,-1.2247,148088.0,314293.009
300854.SZ,20250207,13.38,13.57,13.1,13.3,13.33,-0.03,-0.2251,19277.0,25792.111
300855.SZ,20250207,21.95,22.4,21.72,22.16,21.95,0.21,0.9567,82089.9,181364.533
300856.SZ,20250207,25.18,26.14,25.05,25.69,25.17,0.52,2.066,62122.44,159785.554
300857.SZ,20250207,90.56,96.7,90.56,93.94,89.02,4.92,5.5268,148002.83,1391876.03
300858.SZ,20250207,13.55,13.88,13.51,13.75,13.55,0.2,1.476,44828.39,61395.976
300859.SZ,20250207,34.09,34.61,33.37,33.81,33.9,-0.09,-0.2655,53536.87,182257.837
300860.SZ,20250207,28.74,29.34,28.24,28.82,28.95,-0.13,-0.4491,81958.71,236301.977
300861.SZ,20250207,19.15,19.85,19.07,19.51,19.15,0.36,1.8799,70338.22,137532.28
300862.SZ,20250207,25.16,25.73,24.9,25.24,25.16,0.08,0.318,49404.8,125332.625
300863.SZ,20250207,44.33,47.45,44.18,45.5,43.95,1.55,3.5267,97797.94,448375.536
300864.SZ,20250207,20.51,20.73,20.4,20.67,20.47,0.2,0.977,13304.06,27391.458
300865.SZ,20250207,23.79,24.18,23.45,23.88,23.72,0.16,0.6745,19026.0,45417.923
300866.SZ,20250207,111.55,112.4,107.32,110.07,111.62,-1.55,-1.3886,48506.77,530803.651
300867.SZ,20250207,12.84,13.11,12.79,12.96,12.85,0.11,0.856,29921.0,38824.069
300868.SZ,20250207,28.23,29.38,28.05,28.39,28.17,0.22,0.781,30601.88,87997.611
300869.SZ,20250207,13.53,13.9,13.5,13.77,13.55,0.22,1.6236,52447.56,72115.34
300870.SZ,20250207,114.72,125.82,112.58,120.55,113.59,6.96,6.1273,59200.6,708045.318
300871.SZ,20250207,10.84,11.25,10.73,11.04,10.73,0.31,2.8891,37456.0,41357.332
300872.SZ,20250207,15.7,16.42,15.63,16.15,15.71,0.44,2.8008,224632.0,360833.736
300873.SZ,20250207,17.01,17.92,16.92,17.49,17.07,0.42,2.4605,52683.82,92144.642
300875.SZ,20250207,26.43,27.17,26.3,26.81,26.46,0.35,1.3228,33308.48,89211.946
300876.SZ,20250207,27.23,27.69,26.81,27.24,27.08,0.16,0.5908,11511.0,31407.465
300877.SZ,20250207,14.3,14.5,13.95,14.22,14.22,0.0,0.0,15023.0,21377.175
300878.SZ,20250207,14.47,14.97,14.41,14.78,14.47,0.31,2.1424,19423.2,28620.144
300879.SZ,20250207,16.81,16.85,16.37,16.69,16.74,-0.05,-0.2987,111362.25,185350.343
300880.SZ,20250207,21.96,22.78,21.96,22.37,21.96,0.41,1.867,66873.64,150089.482
300881.SZ,20250207,30.78,31.86,30.43,31.15,30.63,0.52,1.6977,31906.3,98741.118
300882.SZ,20250207,15.48,15.71,15.35,15.52,15.42,0.1,0.6485,42117.58,65583.875
300883.SZ,20250207,5.44,5.55,5.4,5.49,5.44,0.05,0.9191,86028.0,47354.961
300884.SZ,20250207,11.75,12.15,11.55,11.74,11.62,0.12,1.0327,182312.7,216327.786
300885.SZ,20250207,12.36,12.36,11.88,12.07,12.21,-0.14,-1.1466,92608.93,112472.153
300886.SZ,20250207,20.0,20.34,19.77,19.99,20.04,-0.05,-0.2495,10716.0,21548.743
300887.SZ,20250207,7.92,8.08,7.77,7.93,7.99,-0.06,-0.7509,162698.66,129384.04
300888.SZ,20250207,39.05,39.35,37.8,38.0,39.1,-1.1,-2.8133,69089.25,266751.976
300889.SZ,20250207,14.52,14.98,14.36,14.55,14.5,0.05,0.3448,36036.84,52864.546
300890.SZ,20250207,28.78,29.59,28.7,29.05,28.78,0.27,0.9382,53309.82,155753.794
300891.SZ,20250207,8.34,8.48,8.28,8.4,8.34,0.06,0.7194,39421.0,33113.282
300892.SZ,20250207,30.0,31.0,29.71,30.34,30.02,0.32,1.066,30183.0,91319.621
300893.SZ,20250207,31.7,31.7,30.5,30.93,31.45,-0.52,-1.6534,20059.75,62350.876
300894.SZ,20250207,13.81,14.34,13.7,14.1,13.83,0.27,1.9523,185453.0,261198.559
300895.SZ,20250207,33.5,35.97,33.3,34.62,32.98,1.64,4.9727,121538.78,423998.107
300896.SZ,20250207,172.0,178.66,171.27,176.26,172.96,3.3,1.908,40929.96,719498.068
300897.SZ,20250207,23.49,23.86,23.2,23.58,23.54,0.04,0.1699,11604.22,27427.726
300898.SZ,20250207,23.22,23.91,23.1,23.76,23.29,0.47,2.018,51088.0,120709.94
300899.SZ,20250207,21.79,22.22,21.5,21.98,21.79,0.19,0.872,15951.0,35072.872
300900.SZ,20250207,19.74,20.48,19.7,20.2,19.74,0.46,2.3303,75646.6,152772.599
300901.SZ,20250207,10.44,10.9,10.43,10.64,10.44,0.2,1.9157,57746.0,61379.768
300902.SZ,20250207,17.98,18.5,17.71,18.04,18.0,0.04,0.2222,64973.43,118345.883
300903.SZ,20250207,8.18,8.34,8.08,8.21,8.19,0.02,0.2442,144069.93,118867.038
300904.SZ,20250207,52.0,52.42,50.88,51.46,51.66,-0.2,-0.3871,14632.0,75733.673
300905.SZ,20250207,26.27,26.63,25.95,26.3,26.28,0.02,0.0761,49329.52,129801.863
300906.SZ,20250207,25.98,26.36,25.61,25.84,26.06,-0.22,-0.8442,17117.0,44602.95
300907.SZ,20250207,22.35,22.54,21.94,22.3,22.4,-0.1,-0.4464,15685.0,35066.912
300908.SZ,20250207,29.79,31.28,29.61,30.76,29.8,0.96,3.2215,22402.16,68585.21
300909.SZ,20250207,24.58,25.01,24.3,24.58,24.65,-0.07,-0.284,38150.0,94391.175
300910.SZ,20250207,47.06,48.38,46.51,47.85,47.0,0.85,1.8085,18671.2,89145.531
300911.SZ,20250207,32.23,33.2,31.55,32.1,32.24,-0.14,-0.4342,84086.62,272721.701
300912.SZ,20250207,12.85,12.95,12.43,12.59,12.85,-0.26,-2.0233,25945.0,32931.947
300913.SZ,20250207,55.26,57.76,55.2,56.33,55.51,0.82,1.4772,154175.35,871620.784
300915.SZ,20250207,30.58,31.4,30.46,31.03,30.55,0.48,1.5712,8005.25,24798.821
300916.SZ,20250207,31.34,32.8,31.32,31.72,30.8,0.92,2.987,103746.53,332858.335
300917.SZ,20250207,46.51,49.1,46.3,47.89,46.51,1.38,2.9671,90869.0,437233.45
300918.SZ,20250207,11.83,12.87,11.83,12.11,11.09,1.02,9.1975,379318.57,467720.226
300919.SZ,20250207,34.85,36.1,34.68,35.6,34.78,0.82,2.3577,92499.98,328688.571
300920.SZ,20250207,18.31,19.08,18.31,18.96,18.29,0.67,3.6632,19571.0,36838.106
300921.SZ,20250207,28.77,30.34,28.7,29.72,28.74,0.98,3.4099,170721.0,506667.071
300922.SZ,20250207,14.47,14.62,14.25,14.4,14.45,-0.05,-0.346,40763.8,58972.118
300923.SZ,20250207,20.56,20.72,20.23,20.48,20.38,0.1,0.4907,11378.0,23318.911
300925.SZ,20250207,26.5,28.34,26.0,26.72,26.24,0.48,1.8293,690576.36,1862460.634
300926.SZ,20250207,25.79,25.86,25.35,25.67,25.7,-0.03,-0.1167,108958.6,278636.805
300927.SZ,20250207,18.29,18.65,17.95,18.37,18.19,0.18,0.9896,46515.27,85254.145
300928.SZ,20250207,34.25,34.53,33.23,33.67,34.3,-0.63,-1.8367,25676.0,87161.503
300929.SZ,20250207,8.98,9.12,8.85,8.94,8.91,0.03,0.3367,17933.15,16167.697
300930.SZ,20250207,26.93,27.35,26.64,26.94,26.89,0.05,0.1859,21750.0,58643.026
300931.SZ,20250207,6.9,6.96,6.8,6.89,6.85,0.04,0.5839,41409.0,28520.801
300932.SZ,20250207,13.49,13.77,13.43,13.6,13.48,0.12,0.8902,29399.54,40086.608
300933.SZ,20250207,7.33,7.6,7.2,7.39,7.32,0.07,0.9563,544508.79,402246.471
300935.SZ,20250207,23.9,24.44,23.56,23.98,23.9,0.08,0.3347,24104.2,58082.528
300936.SZ,20250207,38.99,40.08,38.7,39.6,39.04,0.56,1.4344,26126.79,103095.362
300937.SZ,20250207,25.12,27.17,25.12,26.85,25.22,1.63,6.4631,64871.0,170953.191
300938.SZ,20250207,31.88,32.75,31.18,32.02,31.66,0.36,1.1371,81642.02,261584.556
300939.SZ,20250207,32.59,33.31,32.11,32.61,32.52,0.09,0.2768,35189.0,115587.167
300940.SZ,20250207,15.05,15.16,14.66,14.89,15.05,-0.16,-1.0631,57018.6,85301.08
300941.SZ,20250207,24.72,25.84,24.52,25.48,24.71,0.77,3.1161,191485.86,483911.239
300942.SZ,20250207,8.57,8.74,8.51,8.62,8.56,0.06,0.7009,52697.0,45604.636
300943.SZ,20250207,13.39,13.66,13.21,13.48,13.38,0.1,0.7474,85071.0,114477.17
300945.SZ,20250207,11.12,11.35,11.03,11.21,11.18,0.03,0.2683,143489.01,160955.242
300946.SZ,20250207,27.94,28.07,27.45,27.8,27.92,-0.12,-0.4298,13974.3,38864.48
300947.SZ,20250207,18.08,18.8,18.0,18.44,18.06,0.38,2.1041,95890.16,177082.477
300948.SZ,20250207,9.7,9.83,9.56,9.71,9.66,0.05,0.5176,20871.5,20282.393
300949.SZ,20250207,39.53,40.89,38.89,39.59,38.76,0.83,2.1414,32738.33,130930.799
300950.SZ,20250207,17.25,17.35,16.93,17.21,17.25,-0.04,-0.2319,36341.0,62465.377
300951.SZ,20250207,30.1,30.8,29.86,30.1,30.05,0.05,0.1664,22906.23,69471.844
300952.SZ,20250207,24.77,25.57,24.39,24.94,25.0,-0.06,-0.24,113581.0,284929.884
300953.SZ,20250207,141.8,141.8,131.23,137.62,141.8,-4.18,-2.9478,113470.96,1556930.258
300955.SZ,20250207,15.4,15.77,15.38,15.6,15.4,0.2,1.2987,19799.52,30860.16
300956.SZ,20250207,22.39,24.15,22.21,23.22,22.4,0.82,3.6607,209543.88,487409.182
300957.SZ,20250207,40.5,41.75,40.41,41.21,40.71,0.5,1.2282,60861.5,250791.472
300958.SZ,20250207,11.62,11.79,11.49,11.61,11.62,-0.01,-0.0861,33852.0,39552.108
300959.SZ,20250207,42.97,43.76,42.0,43.05,42.94,0.11,0.2562,68637.0,295639.522
300960.SZ,20250207,23.06,23.44,22.73,23.17,22.98,0.19,0.8268,28314.0,65587.748
300961.SZ,20250207,9.8,9.95,9.63,9.8,9.73,0.07,0.7194,58573.03,57573.383
300962.SZ,20250207,15.31,15.53,15.21,15.38,15.32,0.06,0.3916,27383.0,42141.238
300963.SZ,20250207,9.1,9.24,9.05,9.2,9.14,0.06,0.6565,58827.07,53953.494
300964.SZ,20250207,38.36,38.48,37.27,37.89,37.97,-0.08,-0.2107,24406.0,92937.918
300965.SZ,20250207,33.03,34.49,33.03,34.32,33.36,0.96,2.8777,4678.0,15877.385
300966.SZ,20250207,16.1,16.46,15.96,16.35,15.99,0.36,2.2514,20052.0,32674.482
300967.SZ,20250207,12.05,12.3,11.96,12.17,12.05,0.12,0.9959,58401.33,70849.274
300968.SZ,20250207,18.36,19.72,18.35,18.85,18.23,0.62,3.401,355303.14,675205.251
300969.SZ,20250207,104.0,104.8,100.6,103.38,104.8,-1.42,-1.355,19546.0,201462.295
300970.SZ,20250207,12.13,12.35,12.04,12.22,12.13,0.09,0.742,22160.0,27101.363
300971.SZ,20250207,21.08,21.37,20.84,21.09,21.09,0.0,0.0,24153.0,51055.815
300972.SZ,20250207,97.12,99.3,95.44,98.5,97.99,0.51,0.5205,24033.0,233660.858
300973.SZ,20250207,37.76,39.08,37.52,38.6,37.95,0.65,1.7128,33625.42,129103.166
300975.SZ,20250207,11.8,12.21,11.7,11.9,11.88,0.02,0.1684,408585.75,489803.385
300976.SZ,20250207,73.2,73.49,71.8,72.52,72.82,-0.3,-0.412,30942.64,224453.721
300977.SZ,20250207,17.34,17.75,17.32,17.59,17.31,0.28,1.6176,21465.87,37759.262
300978.SZ,20250207,11.23,11.39,11.09,11.24,11.29,-0.05,-0.4429,99695.0,112368.531
300979.SZ,20250207,70.53,70.86,69.55,69.99,70.45,-0.46,-0.6529,21988.99,153926.878
300980.SZ,20250207,26.64,27.08,24.5,25.62,27.32,-1.7,-6.2225,213331.38,548378.592
300981.SZ,20250207,12.2,12.54,12.15,12.46,12.2,0.26,2.1311,40603.22,50326.862
300982.SZ,20250207,16.93,17.53,16.93,17.21,16.94,0.27,1.5939,40141.0,69047.16
300983.SZ,20250207,16.5,16.86,16.5,16.73,16.53,0.2,1.2099,6907.64,11551.204
300984.SZ,20250207,61.0,65.58,60.2,62.32,61.61,0.71,1.1524,44279.21,278174.182
300985.SZ,20250207,16.75,17.15,16.55,16.89,16.75,0.14,0.8358,25831.03,43722.849
300986.SZ,20250207,13.55,14.0,13.4,13.61,13.66,-0.05,-0.366,73617.8,100532.545
300987.SZ,20250207,15.61,15.72,15.16,15.44,15.71,-0.27,-1.7187,114661.3,177880.384
300988.SZ,20250207,19.14,20.3,18.99,19.84,19.04,0.8,4.2017,100461.59,198525.652
300989.SZ,20250207,14.37,14.95,14.27,14.38,14.37,0.01,0.0696,39222.95,57224.376
300990.SZ,20250207,39.5,42.0,39.48,41.95,39.83,2.12,5.3226,51540.46,212993.035
300991.SZ,20250207,21.42,21.82,21.01,21.47,21.42,0.05,0.2334,109954.8,236389.966
300992.SZ,20250207,23.0,23.74,22.99,23.66,23.08,0.58,2.513,24081.02,56554.31
300993.SZ,20250207,10.71,11.06,10.66,10.78,10.7,0.08,0.7477,72676.81,78826.578
300994.SZ,20250207,11.55,11.72,11.42,11.59,11.51,0.08,0.695,24949.0,28923.078
300995.SZ,20250207,17.17,17.54,17.05,17.14,17.01,0.13,0.7643,18437.92,31887.453
300996.SZ,20250207,26.58,28.38,26.12,26.4,27.68,-1.28,-4.6243,401978.91,1087760.901
300997.SZ,20250207,14.24,14.63,14.08,14.4,14.17,0.23,1.6231,45657.7,65588.142
300998.SZ,20250207,15.14,15.34,14.95,15.16,15.16,0.0,0.0,21791.0,33126.22
300999.SZ,20250207,30.99,31.59,30.86,31.31,31.03,0.28,0.9024,71805.04,224770.725
301000.SZ,20250207,38.31,40.7,37.37,40.04,39.09,0.95,2.4303,333421.69,1293393.492
301001.SZ,20250207,37.25,38.99,36.11,37.17,37.62,-0.45,-1.1962,80447.0,303035.077
301002.SZ,20250207,17.39,17.54,16.78,17.0,17.34,-0.34,-1.9608,21725.4,37235.146
301003.SZ,20250207,22.53,22.96,22.53,22.82,22.53,0.29,1.2872,10915.4,24843.081
301004.SZ,20250207,114.49,116.2,112.62,114.28,114.47,-0.19,-0.166,9150.12,104478.142
301005.SZ,20250207,29.9,30.07,29.2,29.62,29.96,-0.34,-1.1348,42833.8,127355.912
301006.SZ,20250207,14.13,14.29,13.92,14.16,14.13,0.03,0.2123,13389.0,18932.75
301007.SZ,20250207,20.06,20.41,19.68,20.05,20.41,-0.36,-1.7638,193453.03,385638.42
301008.SZ,20250207,20.12,20.38,19.85,20.03,20.12,-0.09,-0.4473,14091.16,28365.702
301009.SZ,20250207,10.79,11.1,10.71,10.99,10.77,0.22,2.0427,96883.0,106265.991
301010.SZ,20250207,19.01,19.5,18.69,19.27,19.08,0.19,0.9958,69043.83,131944.266
301011.SZ,20250207,29.63,31.51,29.07,31.08,29.65,1.43,4.8229,144906.02,435277.488
301012.SZ,20250207,24.67,25.29,24.45,24.98,24.67,0.31,1.2566,65319.8,163212.59
301013.SZ,20250207,12.28,12.45,12.12,12.32,12.26,0.06,0.4894,106824.0,131672.712
301015.SZ,20250207,23.6,23.98,23.46,23.83,23.6,0.23,0.9746,37358.0,88828.98
301016.SZ,20250207,21.88,22.3,21.59,22.01,21.89,0.12,0.5482,37101.59,81710.098
301017.SZ,20250207,11.45,11.93,11.35,11.81,11.45,0.36,3.1441,54319.86,63654.372
301018.SZ,20250207,37.99,39.57,37.18,38.08,37.28,0.8,2.1459,140139.0,537580.17
301019.SZ,20250207,17.56,17.6,17.01,17.36,17.65,-0.29,-1.6431,32216.79,55830.45
301020.SZ,20250207,19.29,19.47,19.0,19.3,19.29,0.01,0.0518,17194.61,33196.835
301021.SZ,20250207,28.63,29.12,28.0,28.51,28.64,-0.13,-0.4539,77482.39,222524.72
301022.SZ,20250207,22.68,23.35,21.88,22.15,22.12,0.03,0.1356,31847.74,71514.715
301023.SZ,20250207,54.99,55.46,53.7,54.3,55.46,-1.16,-2.0916,22447.22,122573.059
301024.SZ,20250207,22.38,22.99,22.25,22.72,22.42,0.3,1.3381,10910.38,24800.813
301025.SZ,20250207,10.16,10.26,9.98,10.12,10.16,-0.04,-0.3937,95649.24,97035.131
301026.SZ,20250207,28.0,28.17,27.52,27.93,28.0,-0.07,-0.25,12905.0,36048.218
301027.SZ,20250207,16.1,16.39,15.5,15.81,15.99,-0.18,-1.1257,63475.0,101157.092
301028.SZ,20250207,11.23,11.35,11.08,11.22,11.23,-0.01,-0.089,47065.0,52844.73
301029.SZ,20250207,27.25,27.64,26.77,27.23,27.25,-0.02,-0.0734,96485.15,262888.236
301030.SZ,20250207,18.96,22.5,18.8,22.5,18.75,3.75,20.0,307590.56,663407.718
301031.SZ,20250207,119.0,123.88,118.59,122.95,119.28,3.67,3.0768,10100.0,123410.594
301032.SZ,20250207,9.64,9.76,9.49,9.69,9.56,0.13,1.3598,35487.48,34231.197
301033.SZ,20250207,46.58,47.02,46.11,46.77,46.58,0.19,0.4079,6664.08,31118.946
301035.SZ,20250207,48.24,49.9,47.62,48.64,48.4,0.24,0.4959,13866.7,67385.666
301036.SZ,20250207,41.45,42.12,40.75,41.3,41.51,-0.21,-0.5059,53430.05,221813.082
301037.SZ,20250207,10.87,11.15,10.8,11.04,10.89,0.15,1.3774,38458.79,42200.026
301038.SZ,20250207,18.3,18.81,18.28,18.55,18.29,0.26,1.4215,27262.0,50693.303
301039.SZ,20250207,9.13,9.26,9.0,9.21,9.11,0.1,1.0977,204409.21,187451.718
301040.SZ,20250207,13.06,13.41,12.82,13.0,12.98,0.02,0.1541,26710.0,35113.878
301041.SZ,20250207,25.16,25.57,24.81,25.24,25.13,0.11,0.4377,38874.9,98141.362
301042.SZ,20250207,37.21,37.94,36.99,37.42,37.23,0.19,0.5103,18499.0,69334.039
301043.SZ,20250207,28.7,28.75,28.04,28.34,28.42,-0.08,-0.2815,7641.0,21798.21
301045.SZ,20250207,23.36,24.11,23.23,23.58,23.33,0.25,1.0716,34833.0,82143.641
301046.SZ,20250207,20.18,20.66,20.09,20.44,20.18,0.26,1.2884,17011.26,34839.153
301047.SZ,20250207,60.37,63.21,60.15,62.43,60.46,1.97,3.2584,17693.79,109901.729
301048.SZ,20250207,8.79,8.97,8.79,8.9,8.82,0.08,0.907,49714.41,44202.492
301049.SZ,20250207,22.27,22.69,22.01,22.34,22.29,0.05,0.2243,26506.0,59349.957
301050.SZ,20250207,52.03,53.13,51.6,52.5,52.19,0.31,0.594,88715.68,465118.111
301051.SZ,20250207,28.26,28.36,27.74,28.06,28.16,-0.1,-0.3551,15716.4,44069.607
301052.SZ,20250207,28.5,29.34,27.98,28.48,28.83,-0.35,-1.214,112954.93,324144.181
301053.SZ,20250207,22.08,22.38,21.61,21.83,22.09,-0.26,-1.177,8886.0,19574.725
301055.SZ,20250207,14.51,14.76,14.4,14.76,14.5,0.26,1.7931,21427.0,31204.093
301056.SZ,20250207,8.64,8.71,8.48,8.58,8.64,-0.06,-0.6944,26346.0,22735.272
301057.SZ,20250207,13.15,13.25,12.97,13.14,13.09,0.05,0.382,16222.07,21318.017
301058.SZ,20250207,10.16,10.38,10.11,10.25,10.17,0.08,0.7866,81058.0,83165.951
301059.SZ,20250207,11.45,11.45,11.0,11.18,11.24,-0.06,-0.5338,37766.16,42425.002
301060.SZ,20250207,9.32,9.98,9.31,9.75,9.34,0.41,4.3897,152814.37,147847.835
301061.SZ,20250207,77.0,81.86,76.9,79.11,77.5,1.61,2.0774,15327.19,122015.732
301062.SZ,20250207,10.73,11.36,10.7,11.05,10.71,0.34,3.1746,181112.6,200059.073
301063.SZ,20250207,16.8,16.96,16.66,16.83,16.73,0.1,0.5977,15224.53,25677.277
301065.SZ,20250207,19.06,19.35,19.0,19.19,19.1,0.09,0.4712,12158.0,23347.148
301066.SZ,20250207,14.6,14.82,14.41,14.66,14.6,0.06,0.411,120096.24,175455.548
301067.SZ,20250207,31.62,32.1,30.7,31.29,31.08,0.21,0.6757,92505.46,291051.192
301068.SZ,20250207,29.17,30.0,29.1,29.68,29.18,0.5,1.7135,7652.17,22701.942
301069.SZ,20250207,15.09,15.25,14.84,15.03,15.07,-0.04,-0.2654,71348.0,107528.534
301070.SZ,20250207,56.55,60.0,55.46,57.77,55.44,2.33,4.2027,36670.94,210877.456
301071.SZ,20250207,33.49,34.2,32.49,33.07,33.8,-0.73,-2.1598,172279.44,576249.013
301072.SZ,20250207,20.02,20.65,19.99,20.23,20.02,0.21,1.049,21247.0,43153.614
301073.SZ,20250207,20.13,20.73,20.05,20.34,20.17,0.17,0.8428,50420.5,102710.395
301075.SZ,20250207,19.11,19.48,18.93,19.15,19.11,0.04,0.2093,7693.0,14825.096
301076.SZ,20250207,34.6,35.76,33.79,35.25,34.33,0.92,2.6799,169303.77,588665.777
301077.SZ,20250207,27.99,28.72,27.84,28.43,27.98,0.45,1.6083,28470.38,80974.236
301078.SZ,20250207,12.81,13.12,12.45,12.69,12.82,-0.13,-1.014,376102.01,480834.485
301079.SZ,20250207,16.2,16.21,15.78,15.99,16.06,-0.07,-0.4359,29776.3,47846.514
301080.SZ,20250207,52.72,55.69,52.66,55.18,52.66,2.52,4.7854,31127.39,170035.998
301081.SZ,20250207,9.4,9.63,9.31,9.46,9.35,0.11,1.1765,24382.48,23123.995
301082.SZ,20250207,13.91,14.49,13.91,14.21,14.05,0.16,1.1388,133695.0,190199.037
301083.SZ,20250207,14.94,14.95,14.52,14.72,14.92,-0.2,-1.3405,49265.58,72895.646
301085.SZ,20250207,71.0,75.59,70.57,73.0,70.78,2.22,3.1365,95462.07,698737.733
301086.SZ,20250207,51.09,51.95,50.33,50.86,51.09,-0.23,-0.4502,16644.59,85205.255
301087.SZ,20250207,33.89,34.7,33.72,34.32,33.79,0.53,1.5685,14229.56,48814.131
301088.SZ,20250207,12.89,13.11,12.79,12.92,12.87,0.05,0.3885,30565.42,39562.883
301089.SZ,20250207,27.54,28.45,27.38,27.99,27.61,0.38,1.3763,29701.29,83297.99
301090.SZ,20250207,6.7,6.88,6.66,6.82,6.68,0.14,2.0958,69227.0,47072.564
301091.SZ,20250207,46.56,48.92,46.13,47.47,46.86,0.61,1.3017,149110.82,714258.872
301092.SZ,20250207,23.71,24.05,23.55,23.75,23.7,0.05,0.211,10244.0,24449.809
301093.SZ,20250207,23.86,24.49,23.85,24.12,23.86,0.26,1.0897,24047.9,57998.385
301095.SZ,20250207,52.67,53.88,51.77,53.19,52.94,0.25,0.4722,65596.65,348021.615
301096.SZ,20250207,34.96,35.88,34.91,35.47,34.97,0.5,1.4298,26411.0,93782.304
301097.SZ,20250207,37.88,38.83,37.72,38.48,37.89,0.59,1.5571,5338.0,20540.084
301098.SZ,20250207,8.08,8.21,7.99,8.07,8.08,-0.01,-0.1238,38818.65,31517.089
301099.SZ,20250207,45.2,45.98,44.16,45.12,43.36,1.76,4.059,73642.83,331755.659
301100.SZ,20250207,16.31,16.65,16.25,16.43,16.33,0.1,0.6124,13006.0,21429.076
301101.SZ,20250207,46.65,49.84,45.28,47.66,46.95,0.71,1.5122,200399.39,960311.916
301102.SZ,20250207,11.5,11.8,11.46,11.7,11.56,0.14,1.2111,92228.9,107548.013
301103.SZ,20250207,19.22,19.84,19.19,19.62,19.22,0.4,2.0812,17144.91,33546.443
301105.SZ,20250207,28.89,30.26,28.89,29.03,28.89,0.14,0.4846,7895.03,23201.566
301106.SZ,20250207,29.73,30.01,29.57,29.93,29.73,0.2,0.6727,14843.0,44328.205
301107.SZ,20250207,28.26,28.59,27.48,27.91,28.2,-0.29,-1.0284,12723.0,35684.744
301108.SZ,20250207,25.5,26.1,25.04,25.9,25.21,0.69,2.737,9952.0,25508.417
301109.SZ,20250207,17.1,17.25,17.0,17.13,17.13,0.0,0.0,29539.47,50579.911
301110.SZ,20250207,59.77,62.19,59.68,60.19,61.19,-1.0,-1.6343,73496.81,445854.968
301111.SZ,20250207,15.79,16.3,15.75,16.1,15.82,0.28,1.7699,29324.52,47276.327
301112.SZ,20250207,25.3,25.58,24.63,25.05,25.22,-0.17,-0.6741,29352.84,73834.89
301113.SZ,20250207,25.0,25.34,24.5,24.65,24.88,-0.23,-0.9244,9066.5,22460.104
301115.SZ,20250207,13.93,14.09,13.87,14.0,13.92,0.08,0.5747,15467.25,21664.202
301116.SZ,20250207,11.44,11.74,11.35,11.63,11.45,0.18,1.5721,51345.0,59429.962
301117.SZ,20250207,35.03,36.05,34.6,35.42,34.99,0.43,1.2289,36664.0,129324.158
301118.SZ,20250207,17.9,18.1,17.68,17.86,17.89,-0.03,-0.1677,17961.0,32204.645
301119.SZ,20250207,30.67,31.26,30.18,30.73,30.5,0.23,0.7541,17573.14,53927.242
301120.SZ,20250207,8.65,8.9,8.65,8.78,8.66,0.12,1.3857,57451.99,50478.342
301121.SZ,20250207,52.77,53.4,51.7,52.64,52.97,-0.33,-0.623,36253.2,191031.465
301122.SZ,20250207,19.55,20.2,19.55,19.99,19.69,0.3,1.5236,20830.0,41568.036
301123.SZ,20250207,22.68,23.19,22.15,22.73,22.74,-0.01,-0.044,116581.0,265563.571
301125.SZ,20250207,11.99,12.17,11.82,12.03,11.99,0.04,0.3336,42899.81,51696.294
301126.SZ,20250207,10.73,10.95,10.62,10.85,10.73,0.12,1.1184,29109.11,31564.656
301127.SZ,20250207,14.25,15.08,14.13,15.03,14.27,0.76,5.3259,118601.56,175284.516
301128.SZ,20250207,59.49,62.2,59.01,61.8,59.49,2.31,3.883,55407.79,335909.394
301129.SZ,20250207,24.12,24.46,23.61,23.9,23.96,-0.06,-0.2504,28424.8,68385.8
301130.SZ,20250207,27.03,27.48,26.91,27.4,27.03,0.37,1.3688,11379.0,30965.334
301131.SZ,20250207,35.99,36.37,35.59,35.9,36.06,-0.16,-0.4437,9398.0,33915.479
301132.SZ,20250207,28.35,29.05,28.15,28.47,28.26,0.21,0.7431,44089.0,126639.356
301133.SZ,20250207,22.7,23.15,22.53,22.79,22.73,0.06,0.264,16854.0,38587.307
301135.SZ,20250207,24.75,25.28,24.45,24.68,24.76,-0.08,-0.3231,19134.0,47577.246
301136.SZ,20250207,11.42,11.76,11.41,11.63,11.43,0.2,1.7498,39183.0,45494.078
301137.SZ,20250207,17.07,17.42,17.0,17.23,17.07,0.16,0.9373,24459.44,42181.245
301138.SZ,20250207,28.07,28.2,27.43,27.8,28.07,-0.27,-0.9619,17392.0,48579.364
301139.SZ,20250207,23.35,24.34,23.33,23.67,23.34,0.33,1.4139,53895.13,128214.927
301141.SZ,20250207,39.34,39.82,38.64,39.39,39.73,-0.34,-0.8558,41810.0,164361.45
301148.SZ,20250207,18.51,18.79,18.41,18.62,18.45,0.17,0.9214,11589.0,21592.309
301149.SZ,20250207,10.33,10.45,10.25,10.33,10.33,0.0,0.0,37719.48,39153.827
301150.SZ,20250207,20.96,21.46,20.72,21.1,20.86,0.24,1.1505,28938.42,61230.566
301151.SZ,20250207,15.45,15.61,15.28,15.49,15.33,0.16,1.0437,25983.31,40073.829
301152.SZ,20250207,28.86,29.48,28.72,29.08,28.81,0.27,0.9372,30037.37,87406.272
301153.SZ,20250207,25.62,26.76,25.53,26.31,25.7,0.61,2.3735,71622.47,187157.604
301155.SZ,20250207,56.36,58.28,56.05,58.2,56.44,1.76,3.1184,29607.37,170539.171
301156.SZ,20250207,13.14,13.3,13.0,13.25,13.12,0.13,0.9909,11832.02,15606.769
301157.SZ,20250207,51.01,52.73,50.5,51.49,50.92,0.57,1.1194,45274.16,234007.798
301158.SZ,20250207,14.6,14.75,14.41,14.6,14.64,-0.04,-0.2732,24946.18,36485.864
301159.SZ,20250207,33.65,35.32,33.01,35.32,32.68,2.64,8.0783,53880.56,184652.275
301160.SZ,20250207,66.5,71.15,65.16,67.71,66.15,1.56,2.3583,77172.42,529826.062
301161.SZ,20250207,20.46,20.88,20.23,20.73,20.4,0.33,1.6176,59256.5,122464.532
301162.SZ,20250207,43.03,44.8,43.03,43.81,42.99,0.82,1.9074,24004.4,105230.826
301163.SZ,20250207,22.0,22.18,21.48,21.81,21.99,-0.18,-0.8186,20440.36,44760.071
301165.SZ,20250207,65.6,69.64,64.81,68.42,65.6,2.82,4.2988,96091.37,650068.76
301166.SZ,20250207,28.43,28.91,28.4,28.71,28.53,0.18,0.6309,9740.5,27991.72
301167.SZ,20250207,13.42,13.52,13.2,13.36,13.38,-0.02,-0.1495,15310.6,20506.484
301168.SZ,20250207,28.4,30.05,28.28,29.46,28.46,1.0,3.5137,35038.0,103407.027
301169.SZ,20250207,40.17,42.5,40.17,41.92,40.56,1.36,3.3531,38954.89,162209.657
301170.SZ,20250207,23.75,24.14,23.48,23.84,23.85,-0.01,-0.0419,14060.96,33578.371
301171.SZ,20250207,35.68,37.48,33.9,35.44,36.85,-1.41,-3.8263,708120.66,2543757.067
301172.SZ,20250207,27.54,28.48,27.41,28.1,27.55,0.55,1.9964,35416.0,99186.996
301175.SZ,20250207,5.18,5.25,5.16,5.23,5.18,0.05,0.9653,179213.91,93454.135
301176.SZ,20250207,17.64,18.14,17.48,17.92,17.63,0.29,1.6449,42859.0,76838.782
301177.SZ,20250207,24.21,24.56,23.83,24.04,24.18,-0.14,-0.579,16207.0,39267.264
301178.SZ,20250207,28.97,30.88,28.95,30.01,28.95,1.06,3.6615,60010.4,180134.343
301179.SZ,20250207,18.06,18.98,18.06,18.42,18.17,0.25,1.3759,88847.92,164449.123
301180.SZ,20250207,14.71,15.0,14.49,14.68,14.69,-0.01,-0.0681,41554.78,61420.031
301181.SZ,20250207,22.1,22.14,21.62,21.82,21.88,-0.06,-0.2742,12317.98,27044.912
301182.SZ,20250207,34.92,36.18,34.68,35.64,35.06,0.58,1.6543,71249.0,252736.998
301183.SZ,20250207,55.61,57.8,54.83,56.33,55.63,0.7,1.2583,68833.7,390661.526
301185.SZ,20250207,18.79,19.12,18.42,18.83,18.82,0.01,0.0531,64358.0,120948.108
301186.SZ,20250207,44.47,48.5,44.31,48.04,44.16,3.88,8.7862,53586.04,251323.697
301187.SZ,20250207,38.39,39.88,36.84,37.51,38.6,-1.09,-2.8238,57729.53,221665.628
301188.SZ,20250207,16.25,16.62,16.04,16.17,16.25,-0.08,-0.4923,26836.89,43713.282
301189.SZ,20250207,24.58,24.92,24.26,24.5,24.54,-0.04,-0.163,15967.0,39266.142
301190.SZ,20250207,15.68,15.72,15.48,15.57,15.58,-0.01,-0.0642,11802.0,18442.001
301191.SZ,20250207,92.9,94.67,91.13,93.12,93.03,0.09,0.0967,28625.18,266083.35
301192.SZ,20250207,23.37,23.38,21.89,22.4,23.13,-0.73,-3.1561,37038.5,83759.294
301193.SZ,20250207,16.14,16.45,16.06,16.26,16.14,0.12,0.7435,9606.55,15635.451
301195.SZ,20250207,33.08,33.72,32.72,33.17,33.05,0.12,0.3631,21369.02,71096.991
301196.SZ,20250207,35.33,35.94,35.33,35.63,35.49,0.14,0.3945,12594.61,44941.088
301197.SZ,20250207,15.51,15.84,15.29,15.56,15.51,0.05,0.3224,31464.39,48936.846
301198.SZ,20250207,11.15,12.67,10.99,12.04,10.94,1.1,10.0548,173489.54,205872.941
301199.SZ,20250207,34.75,35.18,33.88,34.44,34.82,-0.38,-1.0913,75697.29,261654.17
301200.SZ,20250207,39.19,39.72,38.81,39.34,39.35,-0.01,-0.0254,29992.0,117747.426
301201.SZ,20250207,19.18,19.5,19.12,19.3,19.18,0.12,0.6257,16368.2,31668.55
301202.SZ,20250207,38.91,40.31,38.85,39.77,38.42,1.35,3.5138,145675.14,577696.282
301203.SZ,20250207,31.34,31.67,30.87,31.37,31.4,-0.03,-0.0955,8937.0,28005.462
301205.SZ,20250207,74.7,77.8,74.7,76.4,76.15,0.25,0.3283,67929.4,518965.046
301206.SZ,20250207,25.68,25.85,25.35,25.76,25.68,0.08,0.3115,22621.95,58103.873
301207.SZ,20250207,18.01,18.41,17.81,18.19,18.03,0.16,0.8874,66057.0,119705.024
301208.SZ,20250207,35.81,43.19,35.74,43.19,35.99,7.2,20.0056,217829.56,899834.225
301209.SZ,20250207,31.35,32.0,31.0,31.43,31.35,0.08,0.2552,24414.21,76869.422
301210.SZ,20250207,42.01,42.72,40.76,41.71,42.45,-0.74,-1.7432,25530.72,105760.454
301211.SZ,20250207,18.12,19.01,18.04,18.84,18.09,0.75,4.1459,105192.08,195668.069
301212.SZ,20250207,21.43,21.87,21.28,21.62,21.46,0.16,0.7456,11869.1,25675.235
301213.SZ,20250207,48.01,48.25,46.46,46.99,47.64,-0.65,-1.3644,32195.0,151406.387
301215.SZ,20250207,5.95,6.12,5.93,6.11,5.91,0.2,3.3841,193861.08,117110.389
301216.SZ,20250207,10.05,10.25,9.99,10.15,10.05,0.1,0.995,43722.71,44383.295
301217.SZ,20250207,10.8,11.19,10.8,11.03,10.81,0.22,2.0352,109606.78,120492.422
301218.SZ,20250207,22.75,23.18,22.43,22.78,22.84,-0.06,-0.2627,47119.0,107822.845
301219.SZ,20250207,46.53,47.36,46.39,46.97,46.78,0.19,0.4062,38048.09,178642.458
301220.SZ,20250207,44.02,50.79,42.48,48.63,43.98,4.65,10.573,99127.91,447300.817
301221.SZ,20250207,51.68,52.2,50.81,51.73,52.2,-0.47,-0.9004,78101.47,402588.537
301222.SZ,20250207,26.2,26.43,25.83,26.15,26.11,0.04,0.1532,10036.0,26319.461
301223.SZ,20250207,16.73,16.79,16.37,16.39,16.49,-0.1,-0.6064,16842.73,27877.206
301225.SZ,20250207,27.93,28.08,27.5,27.79,27.92,-0.13,-0.4656,13267.24,36889.76
301226.SZ,20250207,25.59,25.78,24.88,25.3,25.59,-0.29,-1.1333,53122.55,134874.885
301227.SZ,20250207,16.94,17.38,16.81,17.12,16.94,0.18,1.0626,10801.5,18517.953
301228.SZ,20250207,15.0,15.38,14.6,14.82,15.02,-0.2,-1.3316,47199.0,70474.454
301229.SZ,20250207,22.11,22.11,21.27,21.61,21.75,-0.14,-0.6437,21976.8,47637.037
301230.SZ,20250207,29.0,30.96,28.65,30.03,29.01,1.02,3.516,109946.16,326103.063
301231.SZ,20250207,18.5,19.11,18.21,18.52,18.44,0.08,0.4338,42156.98,78655.898
301232.SZ,20250207,25.6,26.78,25.29,26.36,25.4,0.96,3.7795,27162.14,70778.845
301233.SZ,20250207,47.93,48.6,47.31,47.72,47.74,-0.02,-0.0419,13986.57,67126.557
301234.SZ,20250207,26.68,27.13,26.43,26.72,26.62,0.1,0.3757,7653.0,20485.117
301235.SZ,20250207,19.6,19.98,19.53,19.87,19.55,0.32,1.6368,11416.0,22653.677
301236.SZ,20250207,65.41,75.4,64.0,71.64,65.1,6.54,10.0461,1371371.71,9467080.47
301237.SZ,20250207,23.93,23.93,23.14,23.31,23.29,0.02,0.0859,6480.0,15165.346
301238.SZ,20250207,15.5,15.8,15.4,15.62,15.53,0.09,0.5795,62922.17,98275.306
301239.SZ,20250207,42.0,44.18,42.0,43.32,42.2,1.12,2.654,27016.69,116759.386
301246.SZ,20250207,13.41,13.72,13.39,13.62,13.43,0.19,1.4147,33912.92,46148.376
301248.SZ,20250207,18.26,18.95,18.03,18.57,18.81,-0.24,-1.2759,203742.26,376784.459
301251.SZ,20250207,34.11,35.05,33.68,34.43,34.21,0.22,0.6431,60598.0,208954.019
301252.SZ,20250207,35.99,37.49,35.33,36.94,36.1,0.84,2.3269,76158.41,278382.665
301255.SZ,20250207,34.57,35.36,34.15,34.71,34.9,-0.19,-0.5444,28174.44,98011.889
301256.SZ,20250207,7.7,7.77,7.61,7.68,7.64,0.04,0.5236,31708.0,24416.211
301257.SZ,20250207,27.59,28.32,27.43,27.82,27.45,0.37,1.3479,20450.0,57192.477
301258.SZ,20250207,23.88,24.6,23.88,24.14,23.89,0.25,1.0465,15213.0,36843.957
301259.SZ,20250207,46.6,49.28,46.59,47.58,46.98,0.6,1.2771,33410.18,160121.861
301260.SZ,20250207,14.24,14.54,14.14,14.31,14.26,0.05,0.3506,40977.87,58956.244
301261.SZ,20250207,58.0,62.55,56.86,61.9,60.1,1.8,2.995,123194.73,734333.534
301262.SZ,20250207,26.13,26.38,25.55,26.09,25.69,0.4,1.557,31374.62,81523.928
301263.SZ,20250207,15.95,16.66,15.85,16.49,15.97,0.52,3.2561,80932.0,132354.874
301265.SZ,20250207,9.0,9.07,8.91,9.0,8.97,0.03,0.3344,15138.0,13639.568
301266.SZ,20250207,33.85,36.43,33.59,35.88,33.73,2.15,6.3741,86489.09,308405.227
301267.SZ,20250207,18.07,18.62,18.01,18.32,18.06,0.26,1.4396,79155.87,145159.976
301268.SZ,20250207,15.57,15.88,15.38,15.71,15.4,0.31,2.013,36356.41,56980.048
301269.SZ,20250207,114.51,117.51,112.6,115.56,115.96,-0.4,-0.3449,69237.21,798659.62
301270.SZ,20250207,35.32,35.8,34.7,35.23,35.09,0.14,0.399,31247.0,110592.096
301272.SZ,20250207,34.53,35.04,34.21,34.59,34.52,0.07,0.2028,7028.6,24294.801
301273.SZ,20250207,20.0,20.43,19.8,20.18,19.96,0.22,1.1022,8868.0,17921.086
301276.SZ,20250207,20.03,20.2,19.92,20.09,20.02,0.07,0.3497,17189.37,34526.939
301277.SZ,20250207,14.45,14.63,14.32,14.45,14.5,-0.05,-0.3448,53021.56,76959.715
301278.SZ,20250207,33.9,35.15,33.8,34.55,33.85,0.7,2.0679,19521.0,67664.391
301279.SZ,20250207,22.18,22.48,21.74,22.05,21.71,0.34,1.5661,28230.78,62508.41
301280.SZ,20250207,47.01,47.51,46.13,46.6,47.25,-0.65,-1.3757,23492.66,110018.059
301281.SZ,20250207,28.87,29.8,28.87,29.45,28.99,0.46,1.5868,21603.0,63577.952
301282.SZ,20250207,22.91,23.25,22.41,22.78,22.75,0.03,0.1319,50139.0,114739.014
301283.SZ,20250207,26.09,26.2,25.85,25.98,26.06,-0.08,-0.307,9339.33,24345.334
301285.SZ,20250207,30.8,31.01,30.1,30.43,30.9,-0.47,-1.521,52531.45,160547.109
301286.SZ,20250207,32.58,32.76,31.83,32.34,32.43,-0.09,-0.2775,7114.0,23007.46
301287.SZ,20250207,29.93,30.2,29.48,30.02,29.77,0.25,0.8398,9318.0,27905.728
301288.SZ,20250207,12.36,13.0,12.33,12.45,12.3,0.15,1.2195,52333.0,65799.409
301289.SZ,20250207,47.0,47.78,46.65,47.35,46.7,0.65,1.3919,17255.53,81661.634
301290.SZ,20250207,23.33,23.6,23.17,23.34,23.33,0.01,0.0429,11633.14,27258.918
301291.SZ,20250207,46.92,48.3,46.21,47.72,46.77,0.95,2.0312,38602.97,183725.77
301292.SZ,20250207,13.18,13.39,13.11,13.3,13.18,0.12,0.9105,19345.11,25689.059
301293.SZ,20250207,47.03,48.66,46.88,47.94,46.98,0.96,2.0434,136700.06,653020.876
301295.SZ,20250207,21.69,22.11,21.23,21.5,21.74,-0.24,-1.104,15958.8,34580.781
301296.SZ,20250207,9.75,9.87,9.7,9.82,9.78,0.04,0.409,66955.98,65623.698
301297.SZ,20250207,42.32,43.75,42.07,43.0,42.31,0.69,1.6308,104385.12,448340.335
301298.SZ,20250207,14.4,14.46,14.13,14.31,14.36,-0.05,-0.3482,25542.34,36614.299
301299.SZ,20250207,82.1,89.99,81.11,84.39,87.01,-2.62,-3.0111,115400.19,977727.332
301300.SZ,20250207,27.45,27.93,27.24,27.51,27.47,0.04,0.1456,11458.0,31740.138
301301.SZ,20250207,12.22,12.58,12.13,12.55,12.23,0.32,2.6165,297583.0,370445.661
301302.SZ,20250207,22.73,23.91,22.49,23.2,22.61,0.59,2.6095,85270.0,196651.924
301303.SZ,20250207,14.44,14.9,14.28,14.48,14.43,0.05,0.3465,37011.49,53784.12
301305.SZ,20250207,17.28,17.64,17.28,17.49,17.32,0.17,0.9815,22070.74,38619.037
301306.SZ,20250207,41.1,44.9,40.75,43.37,41.82,1.55,3.7064,94849.19,409452.73
301307.SZ,20250207,21.37,21.6,20.91,21.22,21.44,-0.22,-1.0261,70230.02,149593.373
301308.SZ,20250207,87.0,89.5,86.18,87.36,87.8,-0.44,-0.5011,96304.01,845753.961
301309.SZ,20250207,25.05,25.2,24.75,25.04,25.05,-0.01,-0.0399,11728.28,29377.398
301310.SZ,20250207,31.12,32.88,31.04,32.09,32.06,0.03,0.0936,103343.65,330342.271
301311.SZ,20250207,18.11,18.49,18.1,18.29,18.24,0.05,0.2741,33089.44,60632.776
301312.SZ,20250207,46.5,47.4,46.0,46.66,46.41,0.25,0.5387,31637.24,148168.393
301313.SZ,20250207,26.01,26.75,25.68,26.16,25.94,0.22,0.8481,96797.17,252925.429
301314.SZ,20250207,37.09,37.85,36.54,36.92,37.06,-0.14,-0.3778,9708.0,36335.368
301315.SZ,20250207,59.9,62.67,59.37,61.49,59.79,1.7,2.8433,106059.74,646986.391
301316.SZ,20250207,24.48,25.5,24.0,24.86,24.52,0.34,1.3866,459594.05,1135787.489
301317.SZ,20250207,20.67,21.88,20.54,20.73,20.68,0.05,0.2418,15622.37,32806.387
301318.SZ,20250207,35.88,36.88,34.3,35.07,34.98,0.09,0.2573,123291.27,439146.659
301319.SZ,20250207,31.67,32.19,31.25,31.72,31.92,-0.2,-0.6266,16732.65,53209.432
301320.SZ,20250207,15.81,16.09,15.7,15.89,15.82,0.07,0.4425,37603.91,59934.596
301321.SZ,20250207,14.84,15.27,14.84,15.12,14.82,0.3,2.0243,34067.06,51444.091
301322.SZ,20250207,22.24,22.61,22.12,22.38,22.14,0.24,1.084,11175.56,25025.541
301323.SZ,20250207,41.56,41.57,39.6,40.62,41.59,-0.97,-2.3323,26640.91,107969.656
301325.SZ,20250207,58.6,59.0,56.81,58.3,58.7,-0.4,-0.6814,90914.61,528671.563
301326.SZ,20250207,80.3,80.78,77.54,78.85,79.56,-0.71,-0.8924,14446.0,114640.025
301327.SZ,20250207,73.08,74.69,72.9,73.45,73.35,0.1,0.1363,9258.8,68344.853
301328.SZ,20250207,46.14,46.26,44.6,45.42,46.15,-0.73,-1.5818,64355.75,292659.381
301329.SZ,20250207,23.02,23.3,22.47,23.0,23.25,-0.25,-1.0753,108118.81,248092.477
301330.SZ,20250207,28.5,29.08,28.26,28.68,28.5,0.18,0.6316,44706.84,128351.981
301331.SZ,20250207,23.44,24.0,23.42,23.8,23.59,0.21,0.8902,9514.84,22663.298
301332.SZ,20250207,10.03,10.18,9.96,10.06,10.03,0.03,0.2991,45523.45,45924.999
301333.SZ,20250207,49.35,50.88,49.24,49.88,49.45,0.43,0.8696,8655.0,43390.9
301335.SZ,20250207,22.98,23.36,22.71,23.14,22.99,0.15,0.6525,37559.4,86484.423
301336.SZ,20250207,56.36,56.36,53.01,53.78,56.21,-2.43,-4.3231,23388.0,127714.191
301337.SZ,20250207,29.64,30.98,29.41,30.02,29.59,0.43,1.4532,34985.22,105278.966
301338.SZ,20250207,33.37,33.54,32.71,33.1,33.2,-0.1,-0.3012,15391.86,51083.47
301339.SZ,20250207,21.05,21.35,20.66,20.93,20.98,-0.05,-0.2383,85044.64,178891.283
301345.SZ,20250207,67.35,67.86,66.43,67.15,67.32,-0.17,-0.2525,13885.05,93227.352
301348.SZ,20250207,25.31,25.73,24.91,25.29,25.3,-0.01,-0.0395,65680.0,166626.489
301349.SZ,20250207,34.39,35.0,33.76,34.67,34.2,0.47,1.3743,13178.6,45265.851
301353.SZ,20250207,28.19,28.43,27.7,28.14,28.09,0.05,0.178,10068.0,28337.387
301355.SZ,20250207,11.59,11.7,11.53,11.66,11.56,0.1,0.8651,46971.52,54648.739
301356.SZ,20250207,17.93,18.18,17.82,18.02,18.01,0.01,0.0555,14073.73,25359.164
301357.SZ,20250207,30.26,30.6,29.71,30.18,30.18,0.0,0.0,19164.8,58058.132
301358.SZ,20250207,43.32,45.02,42.5,44.01,43.59,0.42,0.9635,98206.89,429390.415
301359.SZ,20250207,24.24,24.42,23.8,24.14,23.92,0.22,0.9197,26323.0,63158.164
301360.SZ,20250207,51.9,52.51,50.86,51.57,51.79,-0.22,-0.4248,18503.0,96190.901
301361.SZ,20250207,29.38,29.86,29.01,29.78,29.37,0.41,1.396,50630.0,149290.484
301362.SZ,20250207,38.8,39.54,38.73,39.2,38.77,0.43,1.1091,5112.17,20053.716
301363.SZ,20250207,32.9,33.51,32.12,32.3,32.96,-0.66,-2.0024,28258.0,92662.514
301365.SZ,20250207,14.61,15.11,14.61,14.84,14.6,0.24,1.6438,32989.39,48915.241
301366.SZ,20250207,47.48,48.43,46.75,47.91,47.76,0.15,0.3141,67170.49,320978.041
301367.SZ,20250207,63.07,64.7,63.0,63.81,63.25,0.56,0.8854,6780.6,43483.657
301368.SZ,20250207,65.51,68.3,63.99,66.16,66.84,-0.68,-1.0174,153049.71,1009424.117
301369.SZ,20250207,54.73,55.49,53.77,54.48,54.76,-0.28,-0.5113,16229.48,88973.15
301370.SZ,20250207,10.48,11.04,10.45,10.95,10.52,0.43,4.0875,110991.64,119738.82
301371.SZ,20250207,35.17,35.7,35.0,35.18,35.18,0.0,0.0,15825.46,55946.303
301372.SZ,20250207,20.16,20.57,19.9,20.3,20.16,0.14,0.6944,10070.0,20482.592
301373.SZ,20250207,26.32,26.44,25.96,26.21,26.2,0.01,0.0382,7482.97,19645.135
301376.SZ,20250207,19.78,19.94,19.5,19.7,19.78,-0.08,-0.4044,25518.57,50371.246
301377.SZ,20250207,22.67,23.05,22.42,22.82,22.67,0.15,0.6617,78196.59,178183.972
301378.SZ,20250207,29.5,30.75,29.44,30.0,29.64,0.36,1.2146,30867.39,92926.271
301379.SZ,20250207,22.01,22.6,21.82,22.14,21.91,0.23,1.0497,64853.68,144339.971
301380.SZ,20250207,50.18,52.88,50.03,52.18,50.68,1.5,2.9597,83644.98,432296.609
301381.SZ,20250207,22.8,23.09,22.52,22.81,22.88,-0.07,-0.3059,74250.61,169639.008
301382.SZ,20250207,33.5,36.49,31.78,34.4,33.03,1.37,4.1477,255770.7,869489.905
301383.SZ,20250207,65.55,66.66,60.06,60.95,62.53,-1.58,-2.5268,142364.29,905530.515
301386.SZ,20250207,20.48,20.79,20.34,20.6,20.42,0.18,0.8815,14649.0,30190.058
301387.SZ,20250207,35.79,38.24,35.3,37.08,35.96,1.12,3.1146,98075.1,362291.37
301388.SZ,20250207,23.98,24.28,23.68,24.05,23.87,0.18,0.7541,24710.0,59390.941
301389.SZ,20250207,17.75,19.19,17.61,18.39,17.73,0.66,3.7225,151876.18,278710.841
301390.SZ,20250207,32.65,33.37,32.53,32.89,32.68,0.21,0.6426,15353.0,50552.695
301391.SZ,20250207,40.49,40.9,39.58,40.17,40.55,-0.38,-0.9371,17915.8,72222.598
301392.SZ,20250207,71.7,73.54,70.5,71.72,72.02,-0.3,-0.4166,40864.06,294625.342
301393.SZ,20250207,41.0,42.37,40.87,41.62,40.95,0.67,1.6361,10629.81,44289.873
301395.SZ,20250207,11.66,11.83,11.59,11.65,11.69,-0.04,-0.3422,18929.49,22171.097
301396.SZ,20250207,31.91,32.77,31.41,32.43,32.14,0.29,0.9023,63364.84,203200.501
301397.SZ,20250207,29.06,30.23,28.8,29.72,29.17,0.55,1.8855,55486.12,163839.33
301398.SZ,20250207,51.8,52.55,50.87,51.64,52.27,-0.63,-1.2053,28631.28,148453.064
301399.SZ,20250207,27.29,27.76,27.06,27.55,27.5,0.05,0.1818,73340.93,201067.64
301408.SZ,20250207,11.08,11.34,11.04,11.28,11.09,0.19,1.7133,38032.0,42766.153
301413.SZ,20250207,87.0,88.88,85.0,87.1,89.81,-2.71,-3.0175,83133.12,723555.533
301418.SZ,20250207,34.06,34.31,33.44,33.9,33.9,0.0,0.0,12418.61,42227.788
301419.SZ,20250207,32.17,33.88,31.92,32.7,32.24,0.46,1.4268,59260.0,195728.13
301421.SZ,20250207,48.39,49.91,47.92,48.87,48.1,0.77,1.6008,54172.48,264589.793
301428.SZ,20250207,40.86,41.38,38.76,39.65,41.15,-1.5,-3.6452,144703.63,578254.943
301429.SZ,20250207,16.67,16.96,16.41,16.82,16.61,0.21,1.2643,31967.49,53546.143
301439.SZ,20250207,17.34,19.96,17.13,19.2,16.65,2.55,15.3153,417625.71,785621.169
301446.SZ,20250207,20.56,20.95,20.43,20.71,20.56,0.15,0.7296,16102.87,33403.089
301448.SZ,20250207,21.24,21.69,21.05,21.35,21.24,0.11,0.5179,14011.94,29962.468
301456.SZ,20250207,24.69,25.09,24.53,24.73,24.95,-0.22,-0.8818,31414.35,78000.557
301458.SZ,20250207,35.58,36.9,35.36,36.09,35.64,0.45,1.2626,169073.1,611609.821
301459.SZ,20250207,43.81,44.92,43.51,43.98,44.15,-0.17,-0.3851,17966.59,79681.668
301468.SZ,20250207,21.26,21.5,21.15,21.27,21.21,0.06,0.2829,11042.28,23546.009
301469.SZ,20250207,24.59,24.72,24.11,24.3,24.59,-0.29,-1.1793,14385.37,35207.509
301486.SZ,20250207,48.28,49.58,47.8,48.97,49.14,-0.17,-0.346,96775.19,472925.776
301487.SZ,20250207,19.58,20.35,19.5,20.08,19.59,0.49,2.5013,147729.74,295258.308
301488.SZ,20250207,68.0,70.99,65.8,67.08,64.81,2.27,3.5025,108287.4,737365.93
301489.SZ,20250207,64.34,67.88,64.34,66.69,64.82,1.87,2.8849,36847.36,244189.543
301498.SZ,20250207,88.54,91.39,87.89,90.99,89.43,1.56,1.7444,33283.44,299906.604
301499.SZ,20250207,26.8,27.72,26.42,26.86,26.6,0.26,0.9774,34577.61,93624.056
301500.SZ,20250207,18.14,18.46,18.04,18.24,18.15,0.09,0.4959,30621.0,55869.298
301502.SZ,20250207,38.5,40.11,38.4,39.28,38.37,0.91,2.3716,17363.8,68040.762
301503.SZ,20250207,40.0,40.02,38.77,39.46,39.96,-0.5,-1.2513,39050.67,154623.238
301505.SZ,20250207,23.89,24.08,23.53,23.9,23.75,0.15,0.6316,20176.72,48235.43
301507.SZ,20250207,12.54,12.7,12.45,12.61,12.52,0.09,0.7188,38176.61,48115.312
301508.SZ,20250207,33.49,33.98,33.25,33.65,33.44,0.21,0.628,36815.29,124115.639
301509.SZ,20250207,25.26,26.02,25.21,25.71,25.26,0.45,1.7815,23048.84,59233.962
301510.SZ,20250207,30.0,31.1,28.5,29.18,29.6,-0.42,-1.4189,174573.21,519335.012
301511.SZ,20250207,13.55,13.76,13.33,13.57,13.55,0.02,0.1476,191671.8,260152.182
301512.SZ,20250207,48.0,50.86,48.0,49.3,50.95,-1.65,-3.2385,66762.54,327370.488
301515.SZ,20250207,18.58,18.85,18.43,18.54,18.56,-0.02,-0.1078,16835.24,31473.617
301516.SZ,20250207,16.51,16.94,16.44,16.7,16.52,0.18,1.0896,60009.45,100285.677
301517.SZ,20250207,49.68,51.58,49.68,50.76,49.98,0.78,1.5606,32113.0,163486.263
301518.SZ,20250207,16.73,16.94,16.6,16.69,16.68,0.01,0.06,11694.59,19631.498
301519.SZ,20250207,13.23,13.37,13.15,13.25,13.21,0.04,0.3028,24833.84,32950.401
301520.SZ,20250207,39.09,40.4,39.01,39.66,39.13,0.53,1.3545,11636.07,46324.293
301522.SZ,20250207,35.36,35.99,35.15,35.78,35.39,0.39,1.102,45953.84,163985.518
301525.SZ,20250207,63.9,66.66,63.52,65.5,63.9,1.6,2.5039,25876.8,168709.907
301526.SZ,20250207,3.36,3.5,3.35,3.46,3.36,0.1,2.9762,383085.53,132156.788
301528.SZ,20250207,40.11,40.81,39.88,40.34,40.39,-0.05,-0.1238,6713.38,27197.656
301529.SZ,20250207,30.44,30.7,30.02,30.3,30.28,0.02,0.0661,10334.0,31492.855
301533.SZ,20250207,30.57,31.26,30.5,31.15,30.68,0.47,1.5319,20994.25,64994.381
301536.SZ,20250207,75.5,78.49,72.72,74.2,76.0,-1.8,-2.3684,110822.74,837156.888
301538.SZ,20250207,73.0,74.3,72.29,73.43,72.98,0.45,0.6166,9352.45,68587.705
301539.SZ,20250207,18.8,18.98,18.52,18.78,18.84,-0.06,-0.3185,22603.96,42480.712
301548.SZ,20250207,42.88,45.5,42.63,44.0,43.06,0.94,2.183,25554.32,113899.806
301550.SZ,20250207,95.38,102.0,93.13,97.25,92.7,4.55,4.9083,73022.18,712377.26
301551.SZ,20250207,52.68,62.26,52.68,61.99,51.88,10.11,19.4873,116697.54,700156.337
301552.SZ,20250207,55.61,56.1,54.55,55.3,55.41,-0.11,-0.1985,14223.21,78898.001
301555.SZ,20250207,23.96,24.39,23.71,24.1,24.0,0.1,0.4167,12650.0,30510.956
301556.SZ,20250207,96.52,102.12,95.58,101.3,96.58,4.72,4.8871,33888.34,333528.336
301558.SZ,20250207,8.99,9.2,8.91,9.06,9.03,0.03,0.3322,224393.21,203537.61
301559.SZ,20250207,15.1,15.35,15.05,15.24,15.15,0.09,0.5941,20266.87,30939.345
301565.SZ,20250207,20.98,21.31,20.73,21.11,20.9,0.21,1.0048,48529.36,102178.081
301566.SZ,20250207,15.4,15.98,15.37,15.65,15.5,0.15,0.9677,151001.4,236667.143
301567.SZ,20250207,42.2,44.57,41.9,43.16,41.96,1.2,2.8599,23365.02,101418.867
301568.SZ,20250207,41.66,42.85,40.77,42.5,41.95,0.55,1.3111,115883.5,485173.402
301571.SZ,20250207,42.59,42.95,41.91,42.6,42.6,0.0,0.0,27916.44,118672.262
301577.SZ,20250207,58.99,59.94,58.26,59.05,59.11,-0.06,-0.1015,17182.2,101404.632
301578.SZ,20250207,51.0,52.66,50.47,51.34,51.7,-0.36,-0.6963,28597.98,147090.532
301580.SZ,20250207,56.32,56.65,55.5,56.16,56.23,-0.07,-0.1245,7039.36,39604.18
301581.SZ,20250207,53.9,55.24,53.56,54.5,53.75,0.75,1.3953,33624.09,182948.769
301585.SZ,20250207,41.81,42.66,41.63,42.2,41.95,0.25,0.5959,29379.09,124152.717
301586.SZ,20250207,51.81,52.99,51.57,52.46,51.85,0.61,1.1765,16829.44,88156.918
301587.SZ,20250207,23.7,23.8,23.27,23.49,23.6,-0.11,-0.4661,18314.49,43264.372
301588.SZ,20250207,20.97,21.16,20.7,20.99,20.92,0.07,0.3346,22549.32,47223.564
301589.SZ,20250207,169.55,174.3,169.13,170.63,170.95,-0.32,-0.1872,12718.65,217660.235
301591.SZ,20250207,40.5,40.51,39.21,39.68,40.5,-0.82,-2.0247,36887.56,147137.198
301592.SZ,20250207,141.0,142.5,139.32,141.18,141.3,-0.12,-0.0849,17941.59,252958.04
301596.SZ,20250207,122.8,146.3,121.0,139.08,121.92,17.16,14.0748,73158.42,986353.424
301598.SZ,20250207,76.0,80.0,75.0,76.02,74.8,1.22,1.631,43325.99,335291.664
301600.SZ,20250207,176.38,193.8,176.0,187.2,173.6,13.6,7.8341,45421.07,842785.808
301601.SZ,20250207,31.7,32.31,31.46,31.85,31.63,0.22,0.6955,59682.06,190068.639
301602.SZ,20250207,22.26,23.73,22.1,23.03,22.17,0.86,3.8791,201604.35,459713.987
301603.SZ,20250207,43.6,44.15,43.17,43.94,43.93,0.01,0.0228,28555.05,125078.667
301606.SZ,20250207,44.45,44.45,42.38,43.29,44.09,-0.8,-1.8145,75590.9,329463.878
301607.SZ,20250207,37.17,38.68,37.01,37.75,36.77,0.98,2.6652,23119.74,87278.373
301608.SZ,20250207,75.16,78.38,74.21,75.37,74.77,0.6,0.8025,43007.87,328215.737
301611.SZ,20250207,60.48,61.5,59.6,60.86,60.79,0.07,0.1152,58442.52,354904.319
301613.SZ,20250207,60.4,61.05,59.6,60.19,61.21,-1.02,-1.6664,33367.21,201242.434
301617.SZ,20250207,46.79,48.18,46.66,47.6,47.01,0.59,1.2551,25513.63,121301.793
301618.SZ,20250207,82.15,88.5,81.8,87.26,82.26,5.0,6.0783,25141.33,217940.171
301622.SZ,20250207,68.8,69.41,67.78,68.97,69.1,-0.13,-0.1881,54638.49,376221.584
301626.SZ,20250207,102.0,102.57,99.32,102.56,101.22,1.34,1.3238,28727.62,290113.007
301628.SZ,20250207,100.0,101.48,96.1,98.31,99.51,-1.2,-1.2059,51058.96,506423.608
301631.SZ,20250207,123.7,127.6,123.64,125.87,124.45,1.42,1.141,16803.26,211188.838
301633.SZ,20250207,86.14,88.3,85.84,87.38,86.49,0.89,1.029,11704.0,102116.943
302132.SZ,20250207,69.86,71.09,68.8,70.11,69.86,0.25,0.3579,153113.91,1069141.526
