ts_code,trade_date,open,high,low,close,pre_close,change,pct_chg,vol,amount
300001.SZ,20250214,23.66,24.76,23.66,24.75,23.8,0.95,3.9916,281872.73,687731.435
300002.SZ,20250214,14.02,14.63,13.68,14.55,14.12,0.43,3.0453,1785882.9,2537613.397
300003.SZ,20250214,11.62,12.24,11.61,12.18,11.67,0.51,4.3702,593791.61,718790.165
300004.SZ,20250214,6.4,6.45,6.27,6.33,6.4,-0.07,-1.0938,111703.0,70862.881
300005.SZ,20250214,6.94,6.98,6.86,6.9,6.98,-0.08,-1.1461,132604.5,91563.515
300006.SZ,20250214,3.83,3.99,3.81,3.87,3.83,0.04,1.0444,310083.72,120795.489
300007.SZ,20250214,28.4,29.39,27.7,28.64,29.92,-1.28,-4.2781,490605.4,1397161.678
300008.SZ,20250214,4.7,4.73,4.64,4.67,4.7,-0.03,-0.6383,365199.29,170573.671
300009.SZ,20250214,8.49,8.99,8.47,8.99,8.49,0.5,5.8893,496305.08,439238.92
300010.SZ,20250214,8.33,8.49,8.1,8.18,8.53,-0.35,-4.1032,1989694.55,1641930.656
300011.SZ,20250214,7.5,7.54,7.42,7.47,7.52,-0.05,-0.6649,99448.01,74380.378
300012.SZ,20250214,12.75,12.96,12.73,12.88,12.78,0.1,0.7825,220620.95,283606.39
300013.SZ,20250214,3.34,3.36,3.29,3.31,3.34,-0.03,-0.8982,57214.5,18924.672
300014.SZ,20250214,43.9,45.18,43.78,44.58,43.9,0.68,1.549,338832.28,1513743.803
300015.SZ,20250214,13.24,13.68,13.19,13.54,13.23,0.31,2.3432,1262595.99,1706380.93
300016.SZ,20250214,6.51,6.93,6.49,6.88,6.49,0.39,6.0092,218366.5,147367.554
300017.SZ,20250214,13.36,14.35,13.08,13.87,13.32,0.55,4.1291,3398164.98,4675095.822
300018.SZ,20250214,6.9,7.17,6.9,7.16,6.91,0.25,3.6179,230659.39,162885.689
300019.SZ,20250214,15.23,15.47,15.15,15.24,15.3,-0.06,-0.3922,63030.0,96447.808
300020.SZ,20250214,3.18,3.35,3.16,3.32,3.19,0.13,4.0752,367030.8,119891.132
300021.SZ,20250214,4.33,4.49,4.33,4.47,4.35,0.12,2.7586,265225.0,117022.077
300022.SZ,20250214,5.7,5.87,5.61,5.84,5.74,0.1,1.7422,187689.29,107905.636
300024.SZ,20250214,19.69,19.88,19.31,19.46,19.82,-0.36,-1.8163,646741.23,1260796.691
300025.SZ,20250214,9.02,9.12,8.89,9.1,9.02,0.08,0.8869,207343.0,187353.448
300026.SZ,20250214,3.66,3.75,3.66,3.72,3.68,0.04,1.087,387467.71,144024.656
300027.SZ,20250214,3.46,3.5,3.22,3.23,3.5,-0.27,-7.7143,5630535.33,1875230.708
300029.SZ,20250214,4.85,4.9,4.71,4.74,4.86,-0.12,-2.4691,26865.0,12869.634
300030.SZ,20250214,5.97,6.53,5.97,6.41,5.93,0.48,8.0944,235088.66,147507.347
300031.SZ,20250214,21.64,24.42,20.96,24.1,21.96,2.14,9.745,820569.45,1876479.268
300032.SZ,20250214,4.68,4.72,4.62,4.66,4.68,-0.02,-0.4274,144781.0,67613.583
300033.SZ,20250214,310.0,314.5,301.9,310.0,312.19,-2.19,-0.7015,144913.93,4455825.545
300034.SZ,20250214,15.37,15.46,15.19,15.3,15.39,-0.09,-0.5848,91281.91,139561.241
300035.SZ,20250214,14.68,15.14,14.61,14.76,14.74,0.02,0.1357,254461.0,378274.946
300036.SZ,20250214,18.0,19.68,17.8,19.19,18.02,1.17,6.4928,456368.88,856656.211
300037.SZ,20250214,34.32,35.29,34.09,34.21,34.43,-0.22,-0.639,111470.31,384610.264
300039.SZ,20250214,6.25,6.45,6.25,6.39,6.27,0.12,1.9139,324021.16,207050.589
300040.SZ,20250214,6.15,6.15,5.98,6.04,6.12,-0.08,-1.3072,311915.62,188546.943
300041.SZ,20250214,8.8,8.86,8.6,8.63,8.8,-0.17,-1.9318,258268.96,224904.76
300042.SZ,20250214,22.11,22.99,21.48,22.69,21.92,0.77,3.5128,183943.0,413350.813
300043.SZ,20250214,4.21,4.37,4.1,4.3,4.31,-0.01,-0.232,1204979.99,509216.891
300044.SZ,20250214,6.65,6.8,6.48,6.78,6.68,0.1,1.497,634119.84,423837.29
300045.SZ,20250214,20.92,21.21,20.56,21.11,21.0,0.11,0.5238,186063.0,389924.164
300046.SZ,20250214,35.0,35.16,34.0,34.59,35.23,-0.64,-1.8166,177213.25,610348.413
300047.SZ,20250214,14.4,15.42,13.96,15.14,14.57,0.57,3.9121,1358236.03,2020822.757
300048.SZ,20250214,5.03,5.21,4.99,5.1,4.99,0.11,2.2044,229340.48,117486.977
300049.SZ,20250214,33.87,37.83,33.87,37.08,33.87,3.21,9.4774,207155.87,753301.189
300050.SZ,20250214,5.93,5.97,5.81,5.88,5.93,-0.05,-0.8432,293996.0,173372.127
300051.SZ,20250214,6.81,8.17,6.8,7.42,6.82,0.6,8.7977,278720.53,208271.603
300052.SZ,20250214,18.68,19.88,18.23,19.57,19.2,0.37,1.9271,405246.48,773872.64
300053.SZ,20250214,13.52,13.72,13.35,13.64,13.56,0.08,0.59,196407.0,266554.322
300054.SZ,20250214,26.34,26.54,26.05,26.49,26.34,0.15,0.5695,95945.16,252508.843
300055.SZ,20250214,5.06,5.12,5.05,5.1,5.09,0.01,0.1965,72470.03,36870.357
300056.SZ,20250214,15.35,15.59,15.0,15.26,15.41,-0.15,-0.9734,150014.89,228063.123
300057.SZ,20250214,5.95,6.1,5.76,6.07,5.97,0.1,1.675,938415.39,559386.933
300058.SZ,20250214,10.33,10.63,9.95,10.16,10.55,-0.39,-3.6967,3752516.75,3815172.058
300059.SZ,20250214,24.03,24.36,23.9,24.22,24.16,0.06,0.2483,3962256.06,9564838.961
300061.SZ,20250214,13.6,13.75,13.18,13.54,13.66,-0.12,-0.8785,330445.0,443660.503
300062.SZ,20250214,5.15,5.21,5.15,5.2,5.17,0.03,0.5803,66085.2,34238.415
300063.SZ,20250214,10.81,10.96,10.38,10.76,10.98,-0.22,-2.0036,1024087.73,1089659.919
300066.SZ,20250214,4.04,4.15,3.95,4.05,4.02,0.03,0.7463,328041.5,132343.473
300067.SZ,20250214,6.36,6.84,6.22,6.46,6.48,-0.02,-0.3086,1970193.0,1279852.316
300068.SZ,20250214,16.1,16.66,15.69,15.87,15.96,-0.09,-0.5639,653083.4,1053223.443
300070.SZ,20250214,4.89,4.93,4.83,4.86,4.9,-0.04,-0.8163,283655.16,137904.8
300071.SZ,20250214,8.12,8.67,7.41,7.45,7.88,-0.43,-5.4569,3761856.45,3027553.063
300072.SZ,20250214,3.43,3.47,3.36,3.4,3.42,-0.02,-0.5848,294535.55,100257.924
300073.SZ,20250214,41.8,43.65,41.61,42.88,42.13,0.75,1.7802,218189.54,931314.424
300074.SZ,20250214,4.62,5.04,4.52,5.04,4.68,0.36,7.6923,830985.46,401820.471
300075.SZ,20250214,17.6,18.17,17.3,18.1,17.17,0.93,5.4164,529395.33,944628.927
300076.SZ,20250214,7.16,7.2,7.02,7.06,7.21,-0.15,-2.0804,158735.09,112594.595
300077.SZ,20250214,25.0,25.02,24.25,24.75,25.19,-0.44,-1.7467,446306.5,1100113.946
300078.SZ,20250214,3.83,4.58,3.83,4.58,3.82,0.76,19.8953,3336635.37,1457362.769
300079.SZ,20250214,6.35,6.64,6.32,6.55,6.39,0.16,2.5039,1042731.9,678980.414
300080.SZ,20250214,4.16,4.24,4.1,4.12,4.16,-0.04,-0.9615,164177.0,68300.442
300081.SZ,20250214,7.94,8.29,7.76,8.19,7.98,0.21,2.6316,543213.43,438698.433
300082.SZ,20250214,6.56,6.91,6.54,6.66,6.54,0.12,1.8349,239313.74,161053.766
300083.SZ,20250214,6.75,6.8,6.64,6.69,6.75,-0.06,-0.8889,315875.45,211568.147
300084.SZ,20250214,5.62,5.69,5.52,5.54,5.62,-0.08,-1.4235,53688.0,29916.68
300085.SZ,20250214,41.86,43.66,41.65,42.77,42.28,0.49,1.1589,536625.53,2288694.228
300086.SZ,20250214,4.91,5.05,4.89,4.95,4.91,0.04,0.8147,141355.5,70386.595
300087.SZ,20250214,10.5,10.61,10.39,10.54,10.59,-0.05,-0.4721,282148.9,295759.552
300088.SZ,20250214,6.56,6.7,6.55,6.63,6.56,0.07,1.0671,561814.7,372580.545
300091.SZ,20250214,2.21,2.23,2.16,2.17,2.22,-0.05,-2.2523,392793.0,85976.567
300092.SZ,20250214,11.74,11.83,11.68,11.74,11.75,-0.01,-0.0851,41038.0,48193.212
300093.SZ,20250214,13.38,14.04,13.17,13.18,13.38,-0.2,-1.4948,155833.39,211416.638
300094.SZ,20250214,3.69,3.73,3.62,3.63,3.71,-0.08,-2.1563,524450.81,192462.274
300095.SZ,20250214,6.56,6.61,6.5,6.54,6.55,-0.01,-0.1527,39423.0,25807.433
300096.SZ,20250214,3.67,3.95,3.67,3.88,3.71,0.17,4.5822,234814.03,90517.953
300097.SZ,20250214,5.21,5.21,5.11,5.11,5.22,-0.11,-2.1073,131037.0,67565.109
300098.SZ,20250214,5.82,5.95,5.72,5.89,5.77,0.12,2.0797,1126685.29,660834.024
300099.SZ,20250214,6.3,6.44,6.2,6.34,6.26,0.08,1.278,164523.6,104064.783
300100.SZ,20250214,37.91,40.27,35.51,36.27,38.48,-2.21,-5.7432,418637.2,1600714.531
300101.SZ,20250214,18.46,18.74,18.21,18.59,18.59,0.0,0.0,136369.74,252236.75
300102.SZ,20250214,10.79,10.94,10.57,10.63,10.87,-0.24,-2.2079,285866.56,306410.924
300103.SZ,20250214,6.51,6.51,6.33,6.36,6.51,-0.15,-2.3041,45410.5,29089.951
300105.SZ,20250214,6.95,6.96,6.81,6.86,6.86,0.0,0.0,102114.0,70126.272
300106.SZ,20250214,8.91,9.01,8.8,8.84,8.92,-0.08,-0.8969,91564.0,81503.574
300107.SZ,20250214,9.61,10.03,9.47,9.94,9.75,0.19,1.9487,347057.16,336825.356
300108.SZ,20250214,1.05,1.07,1.02,1.03,1.07,-0.04,-3.7383,591663.0,61298.234
300109.SZ,20250214,14.9,14.99,14.6,14.76,14.92,-0.16,-1.0724,147353.21,217803.233
300110.SZ,20250214,3.23,3.3,3.22,3.26,3.22,0.04,1.2422,178101.0,58222.721
300111.SZ,20250214,3.31,3.4,3.31,3.35,3.32,0.03,0.9036,184219.56,61751.791
300112.SZ,20250214,9.14,9.22,9.11,9.14,9.17,-0.03,-0.3272,56419.0,51667.923
300113.SZ,20250214,20.08,21.9,19.6,21.39,19.9,1.49,7.4874,1133100.2,2364344.934
300115.SZ,20250214,21.57,22.05,21.32,21.56,21.69,-0.13,-0.5994,968673.05,2095096.305
300117.SZ,20250214,0.98,0.98,0.95,0.96,0.99,-0.03,-3.0303,396750.0,38194.11
300118.SZ,20250214,11.55,11.86,11.55,11.68,11.64,0.04,0.3436,203437.29,238468.424
300119.SZ,20250214,16.73,17.98,16.6,17.84,16.77,1.07,6.3804,155566.67,268944.654
300120.SZ,20250214,9.38,9.43,9.24,9.31,9.4,-0.09,-0.9574,193297.0,180400.331
300121.SZ,20250214,12.07,12.13,11.84,11.89,12.08,-0.19,-1.5728,103497.51,123959.947
300122.SZ,20250214,24.95,25.69,24.94,25.49,25.03,0.46,1.8378,265092.34,673345.408
300123.SZ,20250214,5.97,6.02,5.86,5.97,5.97,0.0,0.0,238146.87,141278.863
300124.SZ,20250214,65.0,67.68,64.68,66.59,65.09,1.5,2.3045,382438.54,2537814.427
300125.SZ,20250214,6.32,6.52,6.2,6.35,6.19,0.16,2.5848,140080.58,88884.969
300126.SZ,20250214,5.63,6.18,5.63,6.06,5.65,0.41,7.2566,184816.71,110975.842
300127.SZ,20250214,25.7,26.23,25.28,25.5,25.9,-0.4,-1.5444,86605.0,222078.503
300128.SZ,20250214,5.2,5.24,5.11,5.13,5.23,-0.1,-1.912,323726.67,166970.356
300129.SZ,20250214,6.96,7.1,6.94,7.03,6.97,0.06,0.8608,131299.05,92665.329
300130.SZ,20250214,23.0,23.47,22.66,23.3,23.04,0.26,1.1285,167206.0,386880.515
300131.SZ,20250214,8.38,8.47,8.28,8.37,8.39,-0.02,-0.2384,489316.72,409234.553
300132.SZ,20250214,5.19,5.29,5.19,5.22,5.21,0.01,0.1919,67782.8,35430.949
300133.SZ,20250214,9.3,10.53,8.76,9.88,9.13,0.75,8.2147,4011550.37,3764631.196
300134.SZ,20250214,12.3,12.48,12.17,12.38,12.37,0.01,0.0808,125233.92,154675.608
300135.SZ,20250214,4.31,4.32,4.21,4.26,4.33,-0.07,-1.6166,277325.59,117891.295
300136.SZ,20250214,26.06,26.25,25.61,25.86,26.17,-0.31,-1.1846,307729.29,794502.119
300137.SZ,20250214,6.6,6.66,6.42,6.59,6.6,-0.01,-0.1515,86782.0,56828.75
300138.SZ,20250214,8.58,8.64,8.51,8.54,8.61,-0.07,-0.813,31588.85,27083.556
300139.SZ,20250214,18.55,18.89,18.04,18.08,18.5,-0.42,-2.2703,388307.6,714441.649
300140.SZ,20250214,5.93,5.94,5.87,5.94,5.91,0.03,0.5076,70341.0,41541.063
300141.SZ,20250214,9.16,9.27,9.06,9.13,9.18,-0.05,-0.5447,60987.7,55887.063
300142.SZ,20250214,11.88,12.28,11.85,12.19,11.89,0.3,2.5231,353590.86,430279.597
300143.SZ,20250214,9.57,10.38,9.57,10.18,9.56,0.62,6.4854,310752.16,313787.975
300144.SZ,20250214,9.21,9.24,9.1,9.18,9.25,-0.07,-0.7568,349660.45,320250.144
300145.SZ,20250214,3.97,4.04,3.85,3.99,3.99,0.0,0.0,1636107.33,647655.439
300146.SZ,20250214,11.8,11.93,11.79,11.88,11.85,0.03,0.2532,118750.18,140826.434
300147.SZ,20250214,10.08,11.3,10.08,10.68,10.07,0.61,6.0576,817632.1,887945.266
300148.SZ,20250214,4.29,4.53,4.15,4.49,4.33,0.16,3.6952,1038711.01,455598.622
300149.SZ,20250214,6.62,7.1,6.62,6.95,6.63,0.32,4.8265,310485.8,214382.426
300150.SZ,20250214,5.2,5.29,5.17,5.26,5.24,0.02,0.3817,181475.66,95224.359
300151.SZ,20250214,16.42,16.92,16.42,16.8,16.5,0.3,1.8182,85580.18,143263.588
300152.SZ,20250214,5.13,5.14,4.97,5.01,5.12,-0.11,-2.1484,479461.0,240664.587
300153.SZ,20250214,17.71,21.16,16.86,21.16,17.63,3.53,20.0227,598574.2,1140154.085
300154.SZ,20250214,10.23,10.8,10.15,10.37,10.24,0.13,1.2695,219240.37,229410.546
300155.SZ,20250214,4.96,5.01,4.9,4.97,4.98,-0.01,-0.2008,100976.0,50194.612
300157.SZ,20250214,3.05,3.07,3.01,3.02,3.05,-0.03,-0.9836,200542.0,60952.156
300158.SZ,20250214,4.06,4.15,4.04,4.07,4.06,0.01,0.2463,246557.0,100756.209
300159.SZ,20250214,2.4,2.41,2.3,2.36,2.45,-0.09,-3.6735,1253126.07,294360.19
300160.SZ,20250214,5.41,5.45,5.38,5.39,5.41,-0.02,-0.3697,61899.4,33451.387
300161.SZ,20250214,28.53,29.8,28.51,29.02,28.77,0.25,0.869,50398.53,146397.539
300162.SZ,20250214,7.46,7.51,7.36,7.42,7.46,-0.04,-0.5362,99297.5,73830.679
300163.SZ,20250214,2.51,2.52,2.45,2.47,2.51,-0.04,-1.5936,81079.0,20128.958
300164.SZ,20250214,4.27,4.32,4.22,4.25,4.28,-0.03,-0.7009,194092.0,82834.814
300165.SZ,20250214,3.04,3.05,3.02,3.05,3.05,0.0,0.0,71620.0,21749.263
300166.SZ,20250214,12.82,13.66,12.66,13.4,13.15,0.25,1.9011,1758799.71,2323076.766
300167.SZ,20250214,2.41,2.5,2.4,2.43,2.42,0.01,0.4132,167276.45,40873.091
300168.SZ,20250214,9.0,10.69,8.99,9.99,9.01,0.98,10.8768,1946050.93,1898951.229
300169.SZ,20250214,7.72,8.18,7.72,8.17,7.87,0.3,3.8119,453463.87,363270.367
300170.SZ,20250214,22.3,23.57,21.77,22.81,23.08,-0.27,-1.1698,2388286.12,5422164.744
300171.SZ,20250214,13.13,14.05,13.11,13.82,13.18,0.64,4.8558,162953.0,222690.689
300172.SZ,20250214,5.07,5.09,5.03,5.04,5.07,-0.03,-0.5917,105260.0,53175.726
300173.SZ,20250214,6.8,7.3,6.72,6.94,6.96,-0.02,-0.2874,1164479.03,811473.915
300174.SZ,20250214,15.67,15.95,15.62,15.69,15.75,-0.06,-0.381,77033.98,121498.008
300175.SZ,20250214,5.58,5.62,5.48,5.5,5.6,-0.1,-1.7857,123505.0,68476.059
300176.SZ,20250214,7.08,7.31,7.06,7.11,7.1,0.01,0.1408,175840.0,126529.933
300177.SZ,20250214,11.71,11.98,11.52,11.86,11.74,0.12,1.0221,443822.0,522349.409
300179.SZ,20250214,10.48,10.57,10.12,10.24,10.63,-0.39,-3.6689,324446.0,333561.068
300180.SZ,20250214,6.63,6.74,6.5,6.68,6.7,-0.02,-0.2985,624466.49,414569.645
300181.SZ,20250214,14.4,14.67,14.36,14.57,14.46,0.11,0.7607,128573.8,186843.755
300182.SZ,20250214,6.85,7.23,6.64,7.07,6.93,0.14,2.0202,3579271.89,2488423.35
300183.SZ,20250214,16.6,17.98,16.35,17.57,16.6,0.97,5.8434,254578.0,440670.648
300184.SZ,20250214,10.37,10.62,10.24,10.48,10.41,0.07,0.6724,604406.13,631787.93
300185.SZ,20250214,2.49,2.51,2.45,2.47,2.48,-0.01,-0.4032,537577.0,133438.662
300187.SZ,20250214,5.05,5.07,4.99,5.0,5.02,-0.02,-0.3984,45543.21,22869.282
300188.SZ,20250214,15.5,16.27,15.33,16.02,15.24,0.78,5.1181,547466.3,868976.426
300189.SZ,20250214,3.93,4.08,3.9,4.0,3.97,0.03,0.7557,1153389.52,458267.113
300190.SZ,20250214,3.17,3.2,3.12,3.15,3.17,-0.02,-0.6309,67721.0,21373.644
300191.SZ,20250214,13.36,13.63,13.31,13.47,13.41,0.06,0.4474,23948.0,32313.891
300192.SZ,20250214,20.4,21.44,19.63,21.19,20.6,0.59,2.8641,543426.73,1113777.974
300193.SZ,20250214,9.48,9.51,9.36,9.42,9.45,-0.03,-0.3175,78198.0,73852.33
300194.SZ,20250214,4.46,4.52,4.45,4.49,4.45,0.04,0.8989,249898.0,112151.033
300195.SZ,20250214,6.06,6.07,5.94,6.0,6.06,-0.06,-0.9901,132171.8,79399.198
300196.SZ,20250214,10.69,10.81,10.65,10.7,10.77,-0.07,-0.65,36808.84,39401.261
300197.SZ,20250214,2.28,2.28,2.21,2.22,2.28,-0.06,-2.6316,596619.48,133297.155
300198.SZ,20250214,2.09,2.14,2.06,2.07,2.1,-0.03,-1.4286,307434.0,64018.408
300199.SZ,20250214,12.2,13.07,12.17,12.98,12.16,0.82,6.7434,640881.31,817890.573
300200.SZ,20250214,8.84,8.91,8.75,8.8,8.84,-0.04,-0.4525,52566.03,46350.751
300201.SZ,20250214,5.25,5.29,5.15,5.19,5.28,-0.09,-1.7045,259987.96,135461.861
300203.SZ,20250214,17.09,18.35,17.03,17.84,17.16,0.68,3.9627,193151.41,346148.302
300204.SZ,20250214,7.32,7.52,7.25,7.45,7.25,0.2,2.7586,78026.4,58033.628
300205.SZ,20250214,4.87,4.94,4.82,4.9,4.85,0.05,1.0309,53955.2,26276.363
300206.SZ,20250214,12.53,13.8,12.53,13.6,12.43,1.17,9.4127,455891.82,609888.025
300207.SZ,20250214,23.66,24.22,23.55,23.72,23.75,-0.03,-0.1263,308596.26,734393.404
300208.SZ,20250214,2.0,2.03,1.96,1.97,2.02,-0.05,-2.4752,107198.5,21264.888
300209.SZ,20250214,4.7,4.74,4.6,4.62,4.7,-0.08,-1.7021,67674.0,31466.231
300210.SZ,20250214,11.08,11.58,10.95,11.41,11.21,0.2,1.7841,280383.42,317486.808
300211.SZ,20250214,9.62,9.68,9.28,9.54,9.54,0.0,0.0,163091.0,155184.433
300212.SZ,20250214,27.0,29.53,26.5,29.53,24.61,4.92,19.9919,988637.04,2779679.898
300213.SZ,20250214,8.4,8.58,8.29,8.53,8.35,0.18,2.1557,303925.14,257646.3
300214.SZ,20250214,6.28,6.4,6.23,6.34,6.32,0.02,0.3165,121971.0,77112.258
300215.SZ,20250214,6.21,6.23,6.05,6.12,6.3,-0.18,-2.8571,214570.23,131333.309
300217.SZ,20250214,4.75,4.78,4.7,4.71,4.74,-0.03,-0.6329,232987.0,110363.586
300218.SZ,20250214,16.28,16.43,16.15,16.23,16.34,-0.11,-0.6732,39741.0,64723.751
300219.SZ,20250214,7.32,7.33,7.22,7.26,7.3,-0.04,-0.5479,108101.0,78695.159
300220.SZ,20250214,19.11,23.26,18.8,21.96,19.46,2.5,12.8469,432398.0,901385.889
300221.SZ,20250214,6.62,6.66,6.54,6.6,6.63,-0.03,-0.4525,194203.02,128176.683
300222.SZ,20250214,11.45,11.63,11.31,11.52,11.58,-0.06,-0.5181,410992.6,471742.136
300223.SZ,20250214,77.5,79.08,75.56,78.28,78.88,-0.6,-0.7606,244712.43,1891649.463
300224.SZ,20250214,13.28,13.5,13.1,13.17,13.25,-0.08,-0.6038,212287.0,281975.457
300225.SZ,20250214,6.88,6.98,6.86,6.89,6.93,-0.04,-0.5772,57288.0,39494.378
300226.SZ,20250214,26.8,30.88,26.34,29.92,26.13,3.79,14.5044,537985.65,1548150.544
300227.SZ,20250214,8.7,8.73,8.59,8.68,8.7,-0.02,-0.2299,135882.0,117527.216
300228.SZ,20250214,7.22,7.27,7.15,7.17,7.25,-0.08,-1.1034,135311.63,97409.71
300229.SZ,20250214,28.4,29.76,26.95,28.95,28.02,0.93,3.3191,1624476.32,4634459.716
300230.SZ,20250214,4.44,4.46,4.39,4.42,4.43,-0.01,-0.2257,85078.0,37658.022
300231.SZ,20250214,12.29,12.77,12.15,12.74,12.38,0.36,2.9079,386507.63,485173.231
300232.SZ,20250214,8.06,8.44,7.96,8.29,8.09,0.2,2.4722,798906.46,656456.133
300233.SZ,20250214,13.06,13.45,13.04,13.26,13.08,0.18,1.3761,135587.0,179969.529
300234.SZ,20250214,4.69,4.73,4.66,4.66,4.71,-0.05,-1.0616,50740.31,23752.432
300235.SZ,20250214,12.28,12.84,12.13,12.76,12.28,0.48,3.9088,305385.15,383618.467
300236.SZ,20250214,37.27,37.5,36.95,37.29,37.38,-0.09,-0.2408,33902.0,126099.989
300237.SZ,20250214,2.13,2.2,2.08,2.09,2.13,-0.04,-1.8779,591260.0,125427.833
300238.SZ,20250214,12.38,13.0,12.37,12.77,12.4,0.37,2.9839,87628.0,111495.845
300239.SZ,20250214,5.66,5.74,5.62,5.65,5.67,-0.02,-0.3527,105451.74,59768.046
300240.SZ,20250214,6.46,6.54,6.45,6.47,6.46,0.01,0.1548,65681.0,42630.318
300241.SZ,20250214,5.65,5.75,5.53,5.62,5.6,0.02,0.3571,289177.04,163284.105
300242.SZ,20250214,5.26,5.89,5.03,5.5,5.36,0.14,2.6119,1267617.47,679178.499
300243.SZ,20250214,9.95,9.97,9.74,9.8,9.93,-0.13,-1.3092,49233.7,48363.219
300244.SZ,20250214,15.9,18.3,15.9,18.14,15.25,2.89,18.9508,1406071.36,2461011.184
300245.SZ,20250214,16.0,16.0,15.0,15.73,16.02,-0.29,-1.8102,508088.98,788352.71
300246.SZ,20250214,6.72,6.95,6.72,6.91,6.74,0.17,2.5223,66019.0,45441.897
300247.SZ,20250214,3.73,3.87,3.71,3.81,3.74,0.07,1.8717,326986.04,124470.399
300248.SZ,20250214,11.91,12.37,11.83,12.21,12.07,0.14,1.1599,350585.33,424519.266
300249.SZ,20250214,17.29,19.85,16.5,18.75,18.2,0.55,3.022,1573591.77,2807164.113
300250.SZ,20250214,16.85,17.57,16.59,17.44,16.92,0.52,3.0733,245865.2,423117.987
300251.SZ,20250214,32.51,34.73,32.0,34.73,28.94,5.79,20.0069,2733938.28,9303380.477
300252.SZ,20250214,10.89,11.27,10.85,10.94,11.01,-0.07,-0.6358,539335.4,593908.699
300253.SZ,20250214,10.5,12.59,10.5,12.44,10.49,1.95,18.5891,4156507.54,4895472.12
300254.SZ,20250214,8.99,9.36,8.99,9.26,8.99,0.27,3.0033,121266.0,111816.987
300255.SZ,20250214,18.7,19.45,18.45,18.46,18.15,0.31,1.708,257206.2,485101.9
300256.SZ,20250214,4.42,4.45,4.31,4.36,4.46,-0.1,-2.2422,812519.88,354887.279
300257.SZ,20250214,9.8,10.6,9.79,10.55,9.82,0.73,7.4338,323616.61,334891.012
300258.SZ,20250214,11.5,11.58,10.88,10.97,11.51,-0.54,-4.6916,497846.16,553610.334
300259.SZ,20250214,3.49,3.52,3.45,3.48,3.51,-0.03,-0.8547,94294.0,32875.338
300260.SZ,20250214,24.42,24.55,23.89,24.09,24.56,-0.47,-1.9137,106265.68,256181.256
300261.SZ,20250214,6.85,7.05,6.83,6.98,6.85,0.13,1.8978,267253.09,185815.462
300263.SZ,20250214,7.04,7.1,6.95,7.02,7.04,-0.02,-0.2841,140017.0,98376.696
300264.SZ,20250214,5.98,6.22,5.91,6.2,6.02,0.18,2.99,336784.0,205836.993
300265.SZ,20250214,8.25,8.32,8.17,8.19,8.2,-0.01,-0.122,65592.0,54040.015
300266.SZ,20250214,2.76,2.79,2.7,2.71,2.78,-0.07,-2.518,282599.0,77056.173
300267.SZ,20250214,2.72,3.01,2.72,2.92,2.75,0.17,6.1818,1022091.86,295945.289
300268.SZ,20250214,7.32,7.58,7.25,7.33,7.34,-0.01,-0.1362,17714.65,13108.983
300269.SZ,20250214,4.3,4.32,4.22,4.25,4.3,-0.05,-1.1628,172727.1,73690.384
300270.SZ,20250214,8.01,8.11,7.95,8.03,8.05,-0.02,-0.2484,117196.05,94294.755
300271.SZ,20250214,9.08,10.3,8.96,10.02,9.44,0.58,6.1441,1498574.74,1450121.462
300272.SZ,20250214,5.95,6.15,5.95,6.08,6.0,0.08,1.3333,93006.32,56540.552
300274.SZ,20250214,69.57,70.7,69.48,69.64,69.97,-0.33,-0.4716,270731.46,1893672.925
300275.SZ,20250214,13.86,13.99,13.66,13.78,13.91,-0.13,-0.9346,74977.0,103705.86
300276.SZ,20250214,10.47,10.65,10.3,10.43,10.63,-0.2,-1.8815,955862.1,996410.832
300277.SZ,20250214,12.5,12.93,12.47,12.8,12.56,0.24,1.9108,149551.82,189957.478
300278.SZ,20250214,6.24,6.3,6.11,6.14,6.32,-0.18,-2.8481,706081.1,435272.734
300279.SZ,20250214,6.59,6.61,6.51,6.56,6.55,0.01,0.1527,90867.6,59578.789
300280.SZ,20250214,19.3,19.48,18.74,19.05,19.44,-0.39,-2.0062,180789.21,343952.35
300281.SZ,20250214,5.78,5.84,5.71,5.76,5.8,-0.04,-0.6897,79337.5,45800.058
300283.SZ,20250214,5.67,5.75,5.61,5.64,5.66,-0.02,-0.3534,53454.0,30344.81
300284.SZ,20250214,11.03,11.49,10.75,11.47,11.07,0.4,3.6134,759792.05,841695.271
300285.SZ,20250214,17.34,17.62,17.2,17.34,17.35,-0.01,-0.0576,174756.3,304234.793
300286.SZ,20250214,20.5,21.0,20.4,20.84,20.62,0.22,1.0669,45804.5,95086.821
300287.SZ,20250214,5.88,7.19,5.88,7.19,5.99,1.2,20.0334,3634913.65,2416122.759
300288.SZ,20250214,16.33,18.77,16.33,17.73,16.15,1.58,9.7833,513492.14,890900.991
300289.SZ,20250214,4.9,5.12,4.9,5.06,4.92,0.14,2.8455,76058.64,38321.397
300290.SZ,20250214,21.21,22.99,21.14,22.99,21.07,1.92,9.1125,776041.3,1726702.203
300291.SZ,20250214,5.8,5.8,5.52,5.68,5.88,-0.2,-3.4014,665212.0,375747.457
300292.SZ,20250214,5.49,5.55,5.38,5.52,5.49,0.03,0.5464,630289.23,345572.602
300293.SZ,20250214,23.2,23.42,22.93,23.18,23.35,-0.17,-0.7281,93002.0,214979.114
300294.SZ,20250214,28.58,29.0,28.56,28.88,28.69,0.19,0.6623,45289.5,130476.39
300295.SZ,20250214,16.85,17.17,16.57,16.94,17.01,-0.07,-0.4115,88250.22,148995.093
300296.SZ,20250214,6.95,7.11,6.89,7.02,7.01,0.01,0.1427,2052831.71,1435920.294
300298.SZ,20250214,23.39,27.21,23.39,26.44,23.39,3.05,13.0398,313551.68,807775.926
300299.SZ,20250214,6.85,7.54,6.76,7.15,6.76,0.39,5.7692,1468730.16,1040299.201
300300.SZ,20250214,2.94,3.0,2.93,2.99,2.93,0.06,2.0478,192250.67,57006.971
300301.SZ,20250214,1.8,1.81,1.79,1.8,1.81,-0.01,-0.5525,61403.72,11043.452
300302.SZ,20250214,16.18,16.8,16.06,16.69,16.02,0.67,4.1823,367879.49,606132.223
300303.SZ,20250214,6.94,7.01,6.86,6.97,6.97,0.0,0.0,361892.17,251538.272
300304.SZ,20250214,8.52,8.65,8.42,8.44,8.59,-0.15,-1.7462,209799.0,178864.898
300305.SZ,20250214,5.55,5.65,5.53,5.65,5.56,0.09,1.6187,44589.8,24912.668
300306.SZ,20250214,12.36,12.63,12.23,12.57,12.35,0.22,1.7814,62842.0,78417.246
300307.SZ,20250214,8.55,8.75,8.29,8.58,8.75,-0.17,-1.9429,760124.37,644532.453
300308.SZ,20250214,109.77,111.33,106.05,107.43,108.12,-0.69,-0.6382,362389.37,3928766.784
300310.SZ,20250214,7.9,7.98,7.71,7.91,7.95,-0.04,-0.5031,548345.0,432094.774
300311.SZ,20250214,6.71,8.0,6.71,7.61,6.93,0.68,9.8124,1281195.56,947922.977
300313.SZ,20250214,5.49,5.49,5.36,5.37,5.48,-0.11,-2.0073,38848.0,20952.957
300314.SZ,20250214,11.24,11.62,11.22,11.51,11.21,0.3,2.6762,44882.0,51581.232
300315.SZ,20250214,6.02,6.24,5.86,6.19,6.04,0.15,2.4834,2468538.74,1500608.048
300316.SZ,20250214,31.24,31.62,31.02,31.31,31.26,0.05,0.1599,98661.88,308639.123
300317.SZ,20250214,3.69,3.72,3.65,3.66,3.68,-0.02,-0.5435,135813.94,50056.938
300318.SZ,20250214,5.86,5.98,5.78,5.94,5.8,0.14,2.4138,101389.92,60069.63
300319.SZ,20250214,12.45,12.59,12.32,12.43,12.43,0.0,0.0,219955.0,273736.897
300320.SZ,20250214,9.45,9.55,9.35,9.39,9.45,-0.06,-0.6349,77806.4,73477.931
300321.SZ,20250214,24.57,27.09,24.05,26.4,24.64,1.76,7.1429,44513.42,111953.879
300322.SZ,20250214,14.5,14.7,14.33,14.45,14.72,-0.27,-1.8342,230221.8,333203.318
300323.SZ,20250214,8.04,8.3,7.93,8.16,8.04,0.12,1.4925,689916.53,561202.365
300324.SZ,20250214,4.07,4.2,3.92,4.13,4.12,0.01,0.2427,2075031.87,846549.496
300326.SZ,20250214,7.44,7.79,7.42,7.66,7.46,0.2,2.681,214500.69,163226.615
300327.SZ,20250214,24.03,24.25,23.75,24.17,24.09,0.08,0.3321,81037.71,194670.139
300328.SZ,20250214,8.45,8.5,8.12,8.16,8.35,-0.19,-2.2754,260445.2,214545.226
300329.SZ,20250214,5.95,6.1,5.94,6.07,5.97,0.1,1.675,45992.28,27771.691
300331.SZ,20250214,20.79,21.02,20.5,20.81,20.89,-0.08,-0.383,55602.0,115396.98
300332.SZ,20250214,4.97,5.02,4.96,4.98,5.0,-0.02,-0.4,88874.86,44316.626
300333.SZ,20250214,15.49,15.75,15.2,15.26,15.66,-0.4,-2.5543,358101.03,549816.714
300334.SZ,20250214,5.91,6.07,5.91,5.93,5.93,0.0,0.0,59617.0,35521.836
300335.SZ,20250214,4.86,4.9,4.82,4.85,4.87,-0.02,-0.4107,90246.62,43849.617
300337.SZ,20250214,12.88,12.89,12.51,12.66,12.88,-0.22,-1.7081,507831.82,644560.932
300338.SZ,20250214,3.92,3.94,3.73,3.75,3.92,-0.17,-4.3367,107231.0,40650.304
300339.SZ,20250214,59.45,61.3,58.31,60.12,60.03,0.09,0.1499,842073.53,5042010.405
300340.SZ,20250214,10.88,11.66,10.82,11.12,10.71,0.41,3.8282,251654.62,282905.768
300341.SZ,20250214,18.5,20.83,18.42,20.05,18.41,1.64,8.9082,383264.43,752752.582
300342.SZ,20250214,17.28,17.42,17.05,17.3,17.38,-0.08,-0.4603,135771.11,234159.801
300343.SZ,20250214,6.02,6.16,5.98,6.04,6.02,0.02,0.3322,257343.96,156365.821
300344.SZ,20250214,9.09,10.99,8.91,9.87,9.16,0.71,7.7511,2215651.39,2239401.383
300345.SZ,20250214,6.03,6.09,5.96,6.03,5.99,0.04,0.6678,79759.0,48030.868
300346.SZ,20250214,37.74,37.93,37.06,37.36,37.75,-0.39,-1.0331,160890.29,600897.392
300347.SZ,20250214,52.74,57.3,52.66,55.72,52.74,2.98,5.6504,250428.86,1384751.353
300348.SZ,20250214,14.25,15.15,14.07,14.98,14.34,0.64,4.463,861686.95,1268683.5
300349.SZ,20250214,13.66,13.86,13.58,13.74,13.67,0.07,0.5121,86675.64,119001.589
300350.SZ,20250214,5.44,5.62,5.42,5.55,5.46,0.09,1.6484,186945.4,103600.42
300351.SZ,20250214,17.68,18.2,17.6,17.88,17.78,0.1,0.5624,127238.96,227462.584
300352.SZ,20250214,6.58,6.99,6.42,6.82,6.48,0.34,5.2469,2010888.22,1359512.922
300353.SZ,20250214,12.76,13.06,12.65,12.88,12.76,0.12,0.9404,199344.27,256779.4
300354.SZ,20250214,39.25,39.55,38.85,39.19,39.3,-0.11,-0.2799,32796.0,128544.711
300355.SZ,20250214,5.18,5.26,5.09,5.1,5.26,-0.16,-3.0418,861658.46,443934.001
300357.SZ,20250214,20.08,20.91,20.08,20.74,20.19,0.55,2.7241,80687.22,166770.092
300358.SZ,20250214,7.02,7.23,7.01,7.18,7.02,0.16,2.2792,117184.2,83916.094
300359.SZ,20250214,5.58,5.88,5.5,5.82,5.6,0.22,3.9286,270923.0,154652.574
300360.SZ,20250214,17.1,17.41,17.0,17.29,17.07,0.22,1.2888,135743.39,234197.078
300363.SZ,20250214,16.97,17.53,16.82,17.3,16.84,0.46,2.7316,122048.06,211128.032
300364.SZ,20250214,27.2,27.88,26.36,27.44,27.39,0.05,0.1825,637429.3,1729375.934
300365.SZ,20250214,6.31,6.46,6.26,6.42,6.33,0.09,1.4218,185523.96,118625.02
300366.SZ,20250214,10.33,10.75,10.27,10.65,10.38,0.27,2.6012,396354.6,419990.995
300368.SZ,20250214,4.46,4.54,4.46,4.51,4.48,0.03,0.6696,83997.0,37770.903
300369.SZ,20250214,8.6,9.03,8.56,8.99,8.56,0.43,5.0234,496326.6,440294.171
300370.SZ,20250214,3.21,3.21,3.13,3.17,3.21,-0.04,-1.2461,446472.3,141593.086
300371.SZ,20250214,9.85,9.95,9.72,9.85,9.81,0.04,0.4077,18840.28,18573.883
300373.SZ,20250214,44.3,44.95,43.88,44.73,44.62,0.11,0.2465,86113.03,382784.128
300374.SZ,20250214,18.06,18.45,17.9,18.04,17.95,0.09,0.5014,151582.22,275139.052
300375.SZ,20250214,4.83,4.9,4.81,4.82,4.82,0.0,0.0,124154.0,60336.161
300376.SZ,20250214,3.67,3.7,3.64,3.66,3.68,-0.02,-0.5435,143434.0,52583.157
300377.SZ,20250214,31.05,32.2,30.87,31.67,32.13,-0.46,-1.4317,1072871.06,3385650.459
300378.SZ,20250214,41.26,45.66,40.1,43.32,41.56,1.76,4.2348,485282.34,2083496.765
300379.SZ,20250214,16.92,17.59,16.55,17.42,16.94,0.48,2.8335,548576.52,944411.292
300380.SZ,20250214,54.18,54.88,52.88,54.35,53.4,0.95,1.779,93754.14,505880.91
300381.SZ,20250214,7.25,7.47,7.25,7.43,7.26,0.17,2.3416,59623.86,44012.886
300382.SZ,20250214,13.48,14.11,13.28,13.68,13.39,0.29,2.1658,417455.86,570884.046
300383.SZ,20250214,17.22,18.2,16.8,17.7,17.17,0.53,3.0868,1773055.61,3111661.514
300384.SZ,20250214,18.41,18.49,18.05,18.34,18.33,0.01,0.0546,89223.27,163272.911
300385.SZ,20250214,4.83,4.87,4.8,4.85,4.83,0.02,0.4141,38719.56,18723.401
300386.SZ,20250214,16.06,16.2,15.66,16.03,16.06,-0.03,-0.1868,178587.0,285241.707
300387.SZ,20250214,8.65,8.8,8.61,8.78,8.66,0.12,1.3857,101352.29,88116.08
300388.SZ,20250214,7.36,7.41,7.2,7.22,7.36,-0.14,-1.9022,70743.57,51424.718
300389.SZ,20250214,11.92,12.02,11.7,11.78,11.92,-0.14,-1.1745,44766.2,52869.927
300390.SZ,20250214,23.1,23.91,23.02,23.08,23.1,-0.02,-0.0866,147852.89,344448.104
300391.SZ,20250214,4.83,4.96,4.76,4.93,4.83,0.1,2.0704,207010.76,101483.597
300393.SZ,20250214,5.91,6.09,5.91,5.98,5.94,0.04,0.6734,142164.46,85591.005
300394.SZ,20250214,91.96,95.5,89.01,89.9,90.83,-0.93,-1.0239,238118.91,2178220.231
300395.SZ,20250214,35.75,36.15,35.24,35.47,35.76,-0.29,-0.811,84783.58,300825.503
300396.SZ,20250214,15.33,16.87,15.3,16.62,15.38,1.24,8.0624,173331.8,282360.413
300397.SZ,20250214,11.66,11.82,11.53,11.77,11.75,0.02,0.1702,111049.52,129852.618
300398.SZ,20250214,16.3,16.43,16.12,16.31,16.3,0.01,0.0613,101256.12,164768.351
300399.SZ,20250214,24.6,25.79,24.27,25.4,24.98,0.42,1.6813,219507.84,549413.713
300400.SZ,20250214,17.07,17.14,16.78,16.91,17.0,-0.09,-0.5294,56089.0,95032.832
300401.SZ,20250214,14.28,14.75,14.21,14.62,14.29,0.33,2.3093,168289.19,244766.869
300402.SZ,20250214,14.39,14.56,14.3,14.4,14.46,-0.06,-0.4149,24873.0,35895.538
300403.SZ,20250214,12.8,13.3,12.67,12.83,12.98,-0.15,-1.1556,501763.33,648594.672
300404.SZ,20250214,9.7,10.53,9.7,10.17,9.58,0.59,6.1587,523600.68,534962.985
300405.SZ,20250214,4.88,4.9,4.82,4.88,4.86,0.02,0.4115,65654.01,31927.914
300406.SZ,20250214,14.22,15.65,14.17,15.38,14.22,1.16,8.1575,256833.03,387436.096
300407.SZ,20250214,10.65,10.74,10.56,10.65,10.63,0.02,0.1881,31222.0,33206.997
300408.SZ,20250214,38.59,38.75,37.88,38.2,38.69,-0.49,-1.2665,101326.05,387928.596
300409.SZ,20250214,14.87,15.25,14.71,14.85,14.98,-0.13,-0.8678,353044.05,525942.144
300410.SZ,20250214,5.5,5.52,5.36,5.39,5.41,-0.02,-0.3697,90571.12,49255.361
300411.SZ,20250214,13.53,14.0,13.01,13.9,13.54,0.36,2.6588,370160.03,496269.679
300412.SZ,20250214,5.17,5.73,5.17,5.55,5.18,0.37,7.1429,629368.63,344858.882
300413.SZ,20250214,29.74,29.74,28.71,29.44,29.9,-0.46,-1.5385,170167.87,496196.39
300414.SZ,20250214,8.26,8.3,8.17,8.23,8.18,0.05,0.6112,28143.8,23202.066
300415.SZ,20250214,20.7,21.69,20.7,21.17,20.72,0.45,2.1718,211562.71,451919.273
300416.SZ,20250214,11.65,11.78,11.61,11.71,11.68,0.03,0.2568,70090.79,82040.204
300417.SZ,20250214,12.49,12.56,12.35,12.46,12.47,-0.01,-0.0802,25218.7,31398.691
300418.SZ,20250214,40.96,44.56,39.5,43.21,41.15,2.06,5.0061,1373555.95,5814403.66
300419.SZ,20250214,5.03,5.13,5.0,5.08,5.01,0.07,1.3972,158485.66,80501.635
300420.SZ,20250214,2.96,2.97,2.89,2.92,2.96,-0.04,-1.3514,345415.0,101083.883
300421.SZ,20250214,13.15,13.29,12.69,12.75,13.19,-0.44,-3.3359,210872.2,272506.705
300422.SZ,20250214,4.32,4.34,4.23,4.26,4.32,-0.06,-1.3889,128411.14,54847.028
300423.SZ,20250214,7.46,7.49,7.3,7.37,7.46,-0.09,-1.2064,84294.81,62094.225
300424.SZ,20250214,16.26,16.38,15.95,16.32,16.28,0.04,0.2457,116099.53,187351.028
300425.SZ,20250214,5.29,5.35,5.22,5.26,5.31,-0.05,-0.9416,159280.44,84009.683
300426.SZ,20250214,11.21,11.52,10.82,11.26,11.74,-0.48,-4.0886,303914.65,337469.614
300427.SZ,20250214,6.09,6.13,6.02,6.06,6.08,-0.02,-0.3289,112909.61,68624.666
300428.SZ,20250214,16.6,16.96,16.6,16.86,16.62,0.24,1.444,48236.03,81216.363
300429.SZ,20250214,12.05,12.19,11.91,12.01,12.08,-0.07,-0.5795,127938.0,153844.199
300430.SZ,20250214,16.77,17.3,16.77,17.07,16.85,0.22,1.3056,144351.81,246791.373
300432.SZ,20250214,16.9,17.36,16.5,16.79,17.19,-0.4,-2.3269,521199.1,877632.112
300433.SZ,20250214,28.09,28.96,27.6,28.08,28.26,-0.18,-0.6369,577699.05,1627917.15
300434.SZ,20250214,9.11,9.38,9.07,9.17,9.14,0.03,0.3282,132182.5,122016.062
300435.SZ,20250214,12.53,12.53,12.3,12.38,12.52,-0.14,-1.1182,40043.0,49607.316
300436.SZ,20250214,31.38,32.97,31.38,31.84,31.48,0.36,1.1436,35828.6,115373.306
300437.SZ,20250214,8.27,8.34,8.16,8.19,8.24,-0.05,-0.6068,38828.97,32032.221
300438.SZ,20250214,29.91,31.11,29.51,29.86,30.14,-0.28,-0.929,269645.34,811486.969
300439.SZ,20250214,10.55,10.98,10.49,10.98,10.51,0.47,4.4719,102288.4,110755.056
300440.SZ,20250214,8.05,8.24,8.04,8.17,8.04,0.13,1.6169,108454.0,88384.192
300441.SZ,20250214,9.16,9.25,9.07,9.14,9.21,-0.07,-0.76,136054.04,124180.04
300442.SZ,20250214,56.61,57.5,55.34,57.2,56.61,0.59,1.0422,374746.04,2120388.647
300443.SZ,20250214,20.2,20.61,20.12,20.29,20.22,0.07,0.3462,59357.55,121034.211
300444.SZ,20250214,7.02,7.11,6.97,7.0,7.07,-0.07,-0.9901,158038.76,111023.034
300445.SZ,20250214,17.05,17.3,16.92,17.06,17.05,0.01,0.0587,29421.0,50202.299
300446.SZ,20250214,17.33,17.51,17.05,17.19,17.32,-0.13,-0.7506,128710.57,221911.838
300447.SZ,20250214,12.84,13.01,12.8,12.97,12.91,0.06,0.4648,37365.4,48267.068
300448.SZ,20250214,7.87,8.19,7.78,8.07,7.87,0.2,2.5413,615226.33,494311.115
300449.SZ,20250214,8.66,8.85,8.58,8.71,8.65,0.06,0.6936,67052.8,58109.836
300450.SZ,20250214,20.78,21.56,20.7,21.28,20.95,0.33,1.5752,400827.63,853849.854
300451.SZ,20250214,6.14,7.18,6.13,6.76,6.0,0.76,12.6667,3683732.34,2457542.084
300452.SZ,20250214,11.99,12.18,11.98,12.1,11.99,0.11,0.9174,19359.7,23421.571
300453.SZ,20250214,7.75,7.92,7.68,7.89,7.71,0.18,2.3346,49175.63,38646.739
300454.SZ,20250214,87.99,105.59,87.5,105.59,87.99,17.6,20.0023,264310.67,2611368.111
300455.SZ,20250214,13.51,13.65,13.39,13.54,13.55,-0.01,-0.0738,98129.12,132565.181
300456.SZ,20250214,17.8,17.94,17.55,17.85,17.74,0.11,0.6201,137524.0,244341.162
300457.SZ,20250214,20.24,20.77,20.18,20.27,20.33,-0.06,-0.2951,158121.01,323117.938
300458.SZ,20250214,48.1,48.38,46.93,47.51,48.17,-0.66,-1.3701,499656.43,2377571.614
300459.SZ,20250214,6.58,6.85,6.35,6.71,6.69,0.02,0.299,4995563.01,3289126.286
300460.SZ,20250214,12.11,13.9,11.91,12.89,12.11,0.78,6.441,275660.0,353929.466
300461.SZ,20250214,19.86,20.14,19.33,19.65,20.56,-0.91,-4.4261,75662.88,149224.467
300462.SZ,20250214,10.26,10.53,10.1,10.25,10.3,-0.05,-0.4854,86048.0,88518.986
300463.SZ,20250214,12.63,13.23,12.63,13.17,12.66,0.51,4.0284,123517.82,161154.13
300464.SZ,20250214,5.18,5.23,5.14,5.22,5.19,0.03,0.578,126657.0,65836.414
300465.SZ,20250214,18.61,18.68,18.04,18.31,19.09,-0.78,-4.0859,447418.56,821591.076
300466.SZ,20250214,7.83,7.89,7.72,7.8,7.85,-0.05,-0.6369,137209.23,107205.068
300467.SZ,20250214,19.91,20.2,18.92,20.1,19.35,0.75,3.876,270069.0,534546.797
300468.SZ,20250214,16.72,17.2,16.53,17.07,16.84,0.23,1.3658,289197.26,490207.444
300469.SZ,20250214,27.34,28.98,27.2,28.4,27.24,1.16,4.2584,179257.85,505291.448
300470.SZ,20250214,34.77,35.39,34.75,35.12,34.84,0.28,0.8037,22831.19,80205.365
300471.SZ,20250214,9.05,9.27,9.03,9.15,9.07,0.08,0.882,47456.5,43314.34
300472.SZ,20250214,8.22,8.53,8.03,8.46,8.38,0.08,0.9547,299383.4,247163.659
300473.SZ,20250214,24.29,25.1,23.91,24.17,24.41,-0.24,-0.9832,119604.88,293229.59
300474.SZ,20250214,91.85,92.29,89.48,90.94,92.01,-1.07,-1.1629,171236.27,1550213.401
300475.SZ,20250214,30.8,31.18,30.38,30.89,31.05,-0.16,-0.5153,184278.05,566715.663
300476.SZ,20250214,54.13,55.5,52.11,53.13,53.72,-0.59,-1.0983,301174.05,1615835.363
300477.SZ,20250214,2.9,2.96,2.88,2.91,2.89,0.02,0.692,321225.76,93842.235
300478.SZ,20250214,10.6,12.94,10.37,12.94,10.78,2.16,20.0371,310774.97,358607.643
300479.SZ,20250214,22.28,23.78,21.55,22.63,21.58,1.05,4.8656,306540.3,690560.668
300480.SZ,20250214,14.36,15.45,14.35,15.02,14.52,0.5,3.4435,153873.72,230718.482
300481.SZ,20250214,14.83,14.93,14.73,14.76,14.82,-0.06,-0.4049,38509.0,57038.304
300482.SZ,20250214,22.4,24.98,22.4,24.92,22.38,2.54,11.3494,319878.42,770076.271
300483.SZ,20250214,8.58,8.6,8.42,8.46,8.55,-0.09,-1.0526,37299.6,31709.401
300484.SZ,20250214,23.07,23.99,22.76,23.6,23.18,0.42,1.8119,254569.43,593844.323
300485.SZ,20250214,7.04,7.24,7.03,7.2,7.04,0.16,2.2727,44249.0,31753.585
300486.SZ,20250214,7.21,7.21,7.07,7.12,7.22,-0.1,-1.385,146997.3,104803.704
300487.SZ,20250214,46.8,47.61,46.57,47.17,46.9,0.27,0.5757,27444.09,129657.755
300488.SZ,20250214,31.9,32.0,30.46,30.62,32.0,-1.38,-4.3125,48208.48,149492.977
300489.SZ,20250214,54.19,55.8,53.17,53.42,54.61,-1.19,-2.1791,45304.99,245564.443
300490.SZ,20250214,7.89,8.05,7.85,7.93,7.89,0.04,0.507,66301.74,52835.231
300491.SZ,20250214,20.28,21.98,20.28,20.7,21.22,-0.52,-2.4505,351441.33,737115.528
300492.SZ,20250214,76.98,80.43,75.52,78.78,76.98,1.8,2.3383,19564.3,154330.465
300493.SZ,20250214,27.27,27.4,26.3,26.91,27.74,-0.83,-2.9921,689881.15,1844369.27
300494.SZ,20250214,14.14,14.8,13.53,14.44,14.46,-0.02,-0.1383,767792.8,1081997.787
300496.SZ,20250214,65.65,67.55,64.7,66.84,65.8,1.04,1.5805,287910.67,1908236.434
300497.SZ,20250214,8.56,8.73,8.53,8.68,8.61,0.07,0.813,67529.68,58561.14
300498.SZ,20250214,16.32,16.43,16.18,16.25,16.44,-0.19,-1.1557,511081.67,832186.737
300499.SZ,20250214,17.92,18.08,17.28,17.44,17.92,-0.48,-2.6786,241734.0,423251.349
300500.SZ,20250214,10.67,11.18,10.61,10.72,10.67,0.05,0.4686,43784.61,47419.802
300501.SZ,20250214,13.41,13.65,13.41,13.5,13.44,0.06,0.4464,16775.85,22715.296
300502.SZ,20250214,111.51,114.14,108.01,109.01,110.51,-1.5,-1.3573,216200.47,2383610.941
300503.SZ,20250214,22.12,22.44,21.55,22.0,22.27,-0.27,-1.2124,220602.44,484940.769
300504.SZ,20250214,16.1,16.47,16.09,16.35,16.25,0.1,0.6154,45481.9,74229.867
300505.SZ,20250214,15.63,15.82,15.38,15.44,15.78,-0.34,-2.1546,136100.15,211577.363
300506.SZ,20250214,2.92,2.95,2.83,2.87,2.88,-0.01,-0.3472,92666.35,26663.087
300507.SZ,20250214,7.27,7.4,7.2,7.27,7.25,0.02,0.2759,229733.75,167691.153
300508.SZ,20250214,28.8,29.18,28.61,28.9,28.8,0.1,0.3472,15956.92,46123.448
300509.SZ,20250214,8.24,8.57,8.24,8.55,8.19,0.36,4.3956,98452.83,82997.195
300510.SZ,20250214,4.18,4.23,4.16,4.19,4.19,0.0,0.0,94348.07,39597.036
300511.SZ,20250214,3.55,3.62,3.53,3.54,3.55,-0.01,-0.2817,120243.9,42932.365
300512.SZ,20250214,7.16,7.28,7.13,7.2,7.16,0.04,0.5587,25669.0,18525.831
300513.SZ,20250214,9.28,9.42,9.19,9.4,9.3,0.1,1.0753,68356.6,63850.617
300514.SZ,20250214,15.1,15.2,14.98,15.09,15.08,0.01,0.0663,39201.0,59106.078
300515.SZ,20250214,15.28,15.42,15.03,15.09,15.36,-0.27,-1.7578,118735.0,179941.728
300516.SZ,20250214,32.6,32.88,32.38,32.72,32.8,-0.08,-0.2439,11661.0,38041.089
300517.SZ,20250214,8.85,8.88,8.77,8.85,8.8,0.05,0.5682,17036.0,15053.164
300518.SZ,20250214,12.21,12.32,12.01,12.2,12.3,-0.1,-0.813,41975.63,51100.409
300519.SZ,20250214,13.41,13.72,13.36,13.58,13.35,0.23,1.7228,19618.0,26684.995
300520.SZ,20250214,25.59,27.56,25.09,26.93,25.61,1.32,5.1542,401704.02,1062138.155
300521.SZ,20250214,21.0,21.0,19.94,20.21,20.7,-0.49,-2.3671,59960.4,121612.233
300522.SZ,20250214,14.2,14.98,13.95,14.75,14.3,0.45,3.1469,191371.31,278583.527
300523.SZ,20250214,21.12,22.1,20.96,21.9,21.17,0.73,3.4483,69820.6,151077.258
300525.SZ,20250214,15.75,16.5,15.6,16.42,15.99,0.43,2.6892,331444.54,533438.268
300527.SZ,20250214,7.96,8.02,7.92,7.98,7.97,0.01,0.1255,92507.15,73687.119
300528.SZ,20250214,10.01,10.2,9.68,9.89,10.41,-0.52,-4.9952,348015.94,345020.039
300529.SZ,20250214,26.16,26.69,26.11,26.56,26.16,0.4,1.5291,87494.37,231475.492
300530.SZ,20250214,22.0,24.48,21.8,24.48,20.4,4.08,20.0,213944.53,513062.974
300531.SZ,20250214,14.53,14.82,14.42,14.79,14.52,0.27,1.8595,71626.0,105159.226
300532.SZ,20250214,12.68,12.97,12.61,12.82,12.68,0.14,1.1041,172932.14,221637.411
300533.SZ,20250214,23.94,24.79,23.24,24.47,24.05,0.42,1.7464,111686.01,267684.682
300534.SZ,20250214,8.39,8.6,8.35,8.51,8.4,0.11,1.3095,86688.0,73919.154
300535.SZ,20250214,13.79,13.94,13.67,13.76,13.8,-0.04,-0.2899,12020.15,16567.851
300536.SZ,20250214,7.07,7.5,6.96,7.39,7.11,0.28,3.9381,115171.74,83095.298
300537.SZ,20250214,17.36,18.08,17.28,17.76,17.46,0.3,1.7182,107663.11,190568.256
300538.SZ,20250214,14.81,15.33,14.81,15.05,14.97,0.08,0.5344,40423.8,60845.645
300539.SZ,20250214,12.07,12.2,11.88,11.92,12.15,-0.23,-1.893,74237.0,89387.555
300540.SZ,20250214,25.43,25.95,25.23,25.66,25.5,0.16,0.6275,26580.0,68008.609
300541.SZ,20250214,13.37,13.77,13.09,13.74,13.58,0.16,1.1782,586794.26,793054.215
300542.SZ,20250214,21.64,22.4,21.37,22.22,21.9,0.32,1.4612,142038.0,311589.959
300543.SZ,20250214,11.0,11.01,10.81,10.88,11.01,-0.13,-1.1807,94857.69,103409.023
300545.SZ,20250214,31.53,31.85,31.18,31.42,31.6,-0.18,-0.5696,30697.3,96707.397
300546.SZ,20250214,18.72,19.03,18.46,18.87,18.72,0.15,0.8013,69444.55,130604.197
300547.SZ,20250214,29.36,31.16,29.31,31.02,29.66,1.36,4.5853,315234.98,954134.041
300548.SZ,20250214,56.79,60.65,53.01,53.81,56.9,-3.09,-5.4306,307177.84,1704947.782
300549.SZ,20250214,17.06,17.26,16.78,16.87,17.15,-0.28,-1.6327,30369.0,51585.602
300550.SZ,20250214,14.11,15.35,14.11,15.02,14.14,0.88,6.2235,145449.18,216470.751
300551.SZ,20250214,10.2,10.29,10.01,10.18,10.24,-0.06,-0.5859,121915.0,124138.72
300552.SZ,20250214,36.5,38.37,36.01,37.52,36.35,1.17,3.2187,206082.27,767680.258
300553.SZ,20250214,32.34,32.57,31.87,32.27,32.4,-0.13,-0.4012,16158.8,52019.554
300554.SZ,20250214,21.74,22.04,21.4,21.43,21.83,-0.4,-1.8323,30107.0,65337.504
300555.SZ,20250214,8.2,8.26,8.14,8.23,8.22,0.01,0.1217,15577.0,12768.998
300556.SZ,20250214,22.81,23.69,22.2,22.97,22.52,0.45,1.9982,247721.8,572105.114
300557.SZ,20250214,30.76,31.6,30.65,30.87,30.87,0.0,0.0,23586.7,73013.92
300558.SZ,20250214,51.69,52.57,51.16,51.19,52.0,-0.81,-1.5577,53645.79,277672.623
300559.SZ,20250214,12.86,14.08,12.79,13.89,12.91,0.98,7.591,201506.93,273549.886
300560.SZ,20250214,14.21,14.58,14.02,14.46,14.22,0.24,1.6878,79966.3,115060.349
300561.SZ,20250214,51.62,52.67,50.7,50.85,51.93,-1.08,-2.0797,220945.93,1134139.681
300562.SZ,20250214,14.88,15.98,14.88,15.71,14.81,0.9,6.077,375594.04,584893.298
300563.SZ,20250214,48.3,49.33,47.01,47.49,47.63,-0.14,-0.2939,113817.3,545282.801
300564.SZ,20250214,12.68,12.69,12.5,12.6,12.54,0.06,0.4785,17529.0,22082.479
300565.SZ,20250214,12.45,12.5,12.2,12.36,12.41,-0.05,-0.4029,59249.5,73079.564
300566.SZ,20250214,20.1,20.48,19.73,19.93,20.09,-0.16,-0.7964,167338.06,336227.612
300567.SZ,20250214,63.52,64.07,62.45,63.63,63.6,0.03,0.0472,49819.0,314888.657
300568.SZ,20250214,10.72,11.05,10.72,10.86,10.77,0.09,0.8357,534332.36,583217.999
300569.SZ,20250214,4.57,4.61,4.55,4.6,4.57,0.03,0.6565,82946.01,38068.724
300570.SZ,20250214,108.47,114.44,101.83,105.49,108.47,-2.98,-2.7473,177881.5,1906322.02
300571.SZ,20250214,34.9,35.49,32.7,34.29,34.9,-0.61,-1.7479,263978.9,903213.811
300572.SZ,20250214,17.95,18.69,17.82,18.12,18.15,-0.03,-0.1653,63455.03,115566.027
300573.SZ,20250214,72.27,74.3,72.0,74.06,72.31,1.75,2.4201,100185.84,737863.988
300575.SZ,20250214,6.15,6.17,6.06,6.13,6.15,-0.02,-0.3252,55417.22,33912.797
300576.SZ,20250214,46.96,47.2,46.18,46.39,46.96,-0.57,-1.2138,81869.79,380858.136
300577.SZ,20250214,23.16,24.31,23.11,23.82,23.26,0.56,2.4076,39229.0,93394.139
300578.SZ,20250214,22.21,22.95,21.55,22.67,22.22,0.45,2.0252,174452.17,390701.972
300579.SZ,20250214,31.0,31.5,30.18,31.3,30.01,1.29,4.2986,150140.9,464792.671
300580.SZ,20250214,27.31,28.12,26.7,26.9,27.61,-0.71,-2.5715,220342.29,602659.986
300581.SZ,20250214,10.39,10.48,10.27,10.42,10.45,-0.03,-0.2871,110186.57,114077.099
300582.SZ,20250214,13.85,13.96,13.66,13.76,13.96,-0.2,-1.4327,53351.8,73609.551
300583.SZ,20250214,23.0,23.58,22.72,23.2,23.15,0.05,0.216,40210.88,93175.269
300584.SZ,20250214,20.02,20.7,20.02,20.44,20.13,0.31,1.54,25534.5,52359.154
300585.SZ,20250214,16.4,17.02,16.37,16.7,16.36,0.34,2.0782,116560.0,195618.606
300586.SZ,20250214,9.0,9.18,8.84,8.84,9.08,-0.24,-2.6432,160531.6,144522.15
300587.SZ,20250214,4.36,4.4,4.31,4.34,4.36,-0.02,-0.4587,148789.62,64664.972
300588.SZ,20250214,15.33,16.14,15.24,15.9,15.43,0.47,3.046,186286.6,293969.653
300589.SZ,20250214,12.12,12.19,12.04,12.1,12.14,-0.04,-0.3295,34663.27,41941.781
300590.SZ,20250214,16.2,16.87,16.18,16.61,16.31,0.3,1.8394,261501.25,432424.75
300591.SZ,20250214,4.18,4.22,4.14,4.17,4.19,-0.02,-0.4773,85714.0,35777.374
300592.SZ,20250214,13.9,14.0,13.64,13.85,13.92,-0.07,-0.5029,115883.4,159965.044
300593.SZ,20250214,10.71,10.85,10.57,10.68,10.74,-0.06,-0.5587,75363.71,80466.359
300594.SZ,20250214,17.29,17.46,17.21,17.4,17.27,0.13,0.7528,13870.25,24027.964
300595.SZ,20250214,17.07,17.56,17.07,17.42,17.07,0.35,2.0504,133064.85,231243.306
300596.SZ,20250214,29.86,30.25,29.65,29.92,30.05,-0.13,-0.4326,43410.69,129698.923
300597.SZ,20250214,9.33,9.56,9.23,9.45,9.28,0.17,1.8319,74867.0,70305.256
300598.SZ,20250214,52.73,53.62,51.35,53.09,52.35,0.74,1.4136,106888.97,563073.046
300599.SZ,20250214,6.88,7.16,6.88,7.12,6.87,0.25,3.639,53378.0,37437.569
300600.SZ,20250214,7.19,7.21,7.05,7.1,7.19,-0.09,-1.2517,18895.88,13455.21
300601.SZ,20250214,15.4,15.94,15.37,15.83,15.42,0.41,2.6589,176837.36,278465.613
300602.SZ,20250214,20.3,20.98,20.0,20.69,20.38,0.31,1.5211,203001.52,417382.656
300603.SZ,20250214,13.55,15.0,13.5,14.5,13.79,0.71,5.1487,1096541.39,1582383.785
300604.SZ,20250214,45.8,46.06,44.61,44.91,46.06,-1.15,-2.4967,261509.21,1178149.987
300605.SZ,20250214,13.8,14.5,13.54,14.25,13.86,0.39,2.8139,97711.15,137972.468
300606.SZ,20250214,19.07,19.44,18.77,19.16,19.09,0.07,0.3667,42555.5,80991.069
300607.SZ,20250214,31.56,32.16,31.3,31.69,32.49,-0.8,-2.4623,457382.53,1448445.62
300608.SZ,20250214,13.48,14.32,13.39,14.09,13.48,0.61,4.5252,389019.15,541905.51
300609.SZ,20250214,27.11,28.18,26.77,27.77,26.95,0.82,3.0427,60513.0,166771.528
300610.SZ,20250214,9.94,10.05,9.89,9.94,9.97,-0.03,-0.3009,23207.0,23146.326
300611.SZ,20250214,12.12,12.33,12.02,12.11,12.14,-0.03,-0.2471,73820.39,89806.368
300612.SZ,20250214,17.87,18.2,17.02,17.83,17.67,0.16,0.9055,224122.43,394308.974
300613.SZ,20250214,63.0,64.86,63.0,64.02,64.24,-0.22,-0.3425,114332.05,730427.411
300614.SZ,20250214,10.38,10.47,10.28,10.44,10.35,0.09,0.8696,27387.0,28402.715
300615.SZ,20250214,13.3,13.43,13.07,13.22,13.35,-0.13,-0.9738,122334.46,162273.776
300616.SZ,20250214,12.95,13.7,12.77,13.6,12.88,0.72,5.5901,111801.0,148769.158
300617.SZ,20250214,30.6,31.18,30.6,30.74,30.65,0.09,0.2936,28779.0,88753.039
300618.SZ,20250214,35.79,37.03,35.2,35.54,35.89,-0.35,-0.9752,124992.28,449633.723
300619.SZ,20250214,23.4,23.95,23.37,23.42,23.4,0.02,0.0855,20573.09,48860.177
300620.SZ,20250214,48.93,50.48,47.85,48.25,48.88,-0.63,-1.2889,117009.71,571915.419
300621.SZ,20250214,9.15,9.2,9.02,9.07,9.14,-0.07,-0.7659,38705.0,35216.18
300622.SZ,20250214,48.5,48.5,46.0,46.37,48.98,-2.61,-5.3287,193916.64,907909.595
300623.SZ,20250214,36.1,36.35,35.21,36.18,36.29,-0.11,-0.3031,292312.36,1045168.884
300624.SZ,20250214,77.91,81.6,74.57,78.49,79.94,-1.45,-1.8139,299252.3,2318926.904
300625.SZ,20250214,11.57,11.68,11.52,11.59,11.57,0.02,0.1729,10567.0,12252.301
300626.SZ,20250214,9.48,9.63,9.41,9.44,9.48,-0.04,-0.4219,30015.0,28535.311
300627.SZ,20250214,42.41,43.87,42.38,43.1,42.46,0.64,1.5073,95506.19,412036.983
300628.SZ,20250214,40.7,41.33,40.63,41.04,40.69,0.35,0.8602,75685.88,310223.747
300629.SZ,20250214,20.75,21.16,20.61,21.01,20.9,0.11,0.5263,70868.88,148230.175
300630.SZ,20250214,2.73,2.83,2.65,2.66,2.81,-0.15,-5.3381,430040.09,116389.669
300631.SZ,20250214,21.2,21.48,21.13,21.2,21.16,0.04,0.189,15743.0,33483.328
300632.SZ,20250214,15.09,15.37,14.24,14.42,15.21,-0.79,-5.194,373379.04,541954.847
300633.SZ,20250214,29.91,31.95,29.85,31.22,29.96,1.26,4.2056,105800.64,329978.135
300634.SZ,20250214,32.0,34.13,31.1,33.0,32.35,0.65,2.0093,699593.12,2288377.765
300635.SZ,20250214,10.13,10.35,9.92,10.18,10.1,0.08,0.7921,36952.79,37524.961
300636.SZ,20250214,7.91,8.04,7.91,7.98,7.92,0.06,0.7576,39928.7,31878.858
300637.SZ,20250214,9.41,9.44,9.32,9.36,9.37,-0.01,-0.1067,46940.5,44014.652
300638.SZ,20250214,37.93,38.3,35.6,35.95,37.1,-1.15,-3.0997,1034216.26,3826749.177
300639.SZ,20250214,5.94,6.27,5.93,6.25,5.93,0.32,5.3963,210584.01,129904.812
300640.SZ,20250214,6.21,6.25,6.11,6.17,6.24,-0.07,-1.1218,168767.0,104227.931
300641.SZ,20250214,26.98,26.99,26.12,26.22,27.2,-0.98,-3.6029,312098.28,821956.792
300642.SZ,20250214,14.38,15.36,14.38,15.21,14.41,0.8,5.5517,94208.19,142138.192
300643.SZ,20250214,12.58,13.66,12.53,13.03,12.56,0.47,3.742,141233.1,185486.735
300644.SZ,20250214,22.85,23.14,22.62,22.77,22.93,-0.16,-0.6978,29046.43,66297.64
300645.SZ,20250214,17.23,17.9,16.84,17.57,16.91,0.66,3.903,152128.04,264727.411
300647.SZ,20250214,6.38,6.46,6.33,6.34,6.38,-0.04,-0.627,127113.0,81170.463
300648.SZ,20250214,22.56,23.14,22.56,22.72,22.67,0.05,0.2206,27439.0,62767.052
300649.SZ,20250214,11.8,12.57,11.46,11.95,12.0,-0.05,-0.4167,87805.67,104431.52
300650.SZ,20250214,11.92,12.05,11.85,11.95,12.01,-0.06,-0.4996,53104.4,63458.213
300651.SZ,20250214,13.33,13.57,13.32,13.44,13.36,0.08,0.5988,26555.4,35609.621
300652.SZ,20250214,37.87,39.2,36.36,37.12,38.0,-0.88,-2.3158,67354.86,253719.527
300653.SZ,20250214,20.52,21.1,20.52,21.0,20.56,0.44,2.1401,25940.7,54253.525
300654.SZ,20250214,12.57,13.45,12.2,13.38,12.93,0.45,3.4803,533999.65,684804.207
300655.SZ,20250214,8.96,9.0,8.83,8.89,8.97,-0.08,-0.8919,186828.69,166253.801
300656.SZ,20250214,23.75,23.91,23.52,23.68,23.73,-0.05,-0.2107,19595.08,46507.522
300657.SZ,20250214,31.04,33.5,30.0,32.28,30.66,1.62,5.2838,1230579.04,3891697.857
300658.SZ,20250214,5.57,5.63,5.55,5.6,5.57,0.03,0.5386,36590.8,20484.497
300659.SZ,20250214,18.0,18.73,17.79,18.57,18.0,0.57,3.1667,92498.7,170345.148
300660.SZ,20250214,45.88,47.36,45.8,46.34,47.17,-0.83,-1.7596,130459.51,605757.891
300661.SZ,20250214,97.2,99.05,94.48,98.96,97.08,1.88,1.9365,116515.72,1129311.618
300662.SZ,20250214,24.73,25.9,24.65,25.78,24.92,0.86,3.451,75432.91,191115.439
300663.SZ,20250214,18.59,19.09,18.02,18.98,18.57,0.41,2.2079,435749.53,816614.347
300664.SZ,20250214,5.17,5.18,5.14,5.15,5.16,-0.01,-0.1938,85962.5,44355.173
300665.SZ,20250214,6.87,7.0,6.87,6.93,6.91,0.02,0.2894,30349.0,21029.135
300666.SZ,20250214,68.69,69.0,67.8,68.16,69.0,-0.84,-1.2174,55504.68,378567.41
300667.SZ,20250214,17.26,17.41,16.99,17.1,17.29,-0.19,-1.0989,48488.5,83357.835
300668.SZ,20250214,18.75,18.89,18.4,18.88,18.56,0.32,1.7241,16947.0,31610.673
300669.SZ,20250214,20.2,20.49,20.1,20.2,20.2,0.0,0.0,9619.8,19539.212
300670.SZ,20250214,6.04,6.12,5.99,6.07,6.09,-0.02,-0.3284,43855.0,26595.413
300671.SZ,20250214,35.43,35.7,34.68,35.37,35.62,-0.25,-0.7019,61152.92,215101.413
300672.SZ,20250214,72.6,73.94,71.62,73.0,73.76,-0.76,-1.0304,73477.03,535546.864
300673.SZ,20250214,17.26,17.65,17.2,17.64,17.37,0.27,1.5544,75227.28,131710.181
300674.SZ,20250214,27.0,28.56,25.8,26.65,27.64,-0.99,-3.5818,1304588.84,3522778.772
300675.SZ,20250214,15.62,16.51,15.28,15.9,15.46,0.44,2.8461,103733.75,165025.731
300676.SZ,20250214,51.48,59.88,51.48,57.95,51.0,6.95,13.6275,283539.71,1586021.692
300677.SZ,20250214,26.01,26.74,25.96,26.51,26.04,0.47,1.8049,125415.19,331430.372
300678.SZ,20250214,36.6,38.49,36.46,38.45,36.48,1.97,5.4002,266870.81,1007578.67
300679.SZ,20250214,65.3,67.22,64.48,64.94,65.35,-0.41,-0.6274,107327.63,702869.844
300680.SZ,20250214,31.64,33.2,31.01,31.93,31.7,0.23,0.7256,198062.4,637188.204
300681.SZ,20250214,36.13,37.1,34.76,36.0,35.93,0.07,0.1948,304630.37,1090725.038
300682.SZ,20250214,12.83,13.99,12.82,13.85,12.81,1.04,8.1187,543671.17,737772.457
300683.SZ,20250214,23.25,23.76,23.22,23.51,23.19,0.32,1.3799,13837.0,32542.8
300684.SZ,20250214,26.9,28.14,26.18,27.27,26.7,0.57,2.1348,341719.08,925853.205
300685.SZ,20250214,22.13,23.06,22.1,22.71,22.18,0.53,2.3895,144219.52,327989.65
300686.SZ,20250214,9.29,9.39,9.18,9.26,9.29,-0.03,-0.3229,46055.0,42803.047
300687.SZ,20250214,23.68,25.73,23.02,25.2,23.71,1.49,6.2843,430435.59,1054439.261
300688.SZ,20250214,36.0,37.0,35.02,36.33,37.86,-1.53,-4.0412,359135.4,1298758.182
300689.SZ,20250214,28.85,29.2,28.39,29.11,28.51,0.6,2.1045,7809.3,22444.105
300690.SZ,20250214,22.68,23.22,22.41,22.79,22.91,-0.12,-0.5238,66413.5,150800.628
300691.SZ,20250214,20.79,21.15,20.52,21.09,20.81,0.28,1.3455,81666.27,170669.399
300692.SZ,20250214,5.73,5.78,5.68,5.7,5.73,-0.03,-0.5236,50225.72,28721.942
300693.SZ,20250214,29.21,30.96,29.21,30.67,29.38,1.29,4.3907,278471.79,844276.833
300694.SZ,20250214,16.85,17.91,16.36,16.57,17.14,-0.57,-3.3256,277256.65,472934.603
300695.SZ,20250214,51.5,52.49,49.82,49.88,51.81,-1.93,-3.7251,9695.0,49081.539
300696.SZ,20250214,15.14,15.17,14.86,15.06,15.02,0.04,0.2663,32768.9,49192.776
300697.SZ,20250214,14.74,15.36,14.5,14.93,14.7,0.23,1.5646,224409.47,335416.886
300698.SZ,20250214,41.32,42.15,41.0,41.2,41.04,0.16,0.3899,45028.0,186707.811
300699.SZ,20250214,31.75,31.99,30.88,31.09,31.89,-0.8,-2.5086,176842.31,552912.398
300700.SZ,20250214,8.97,8.97,8.68,8.72,8.86,-0.14,-1.5801,78518.92,69118.51
300701.SZ,20250214,10.26,10.49,10.09,10.13,10.1,0.03,0.297,98768.0,101177.436
300702.SZ,20250214,17.6,18.22,17.56,18.16,17.66,0.5,2.8313,31586.16,56894.228
300703.SZ,20250214,16.86,17.56,16.85,16.96,16.86,0.1,0.5931,223306.75,382673.542
300705.SZ,20250214,16.93,17.38,16.73,16.92,16.88,0.04,0.237,480678.98,816333.564
300706.SZ,20250214,22.96,23.14,22.69,22.82,23.03,-0.21,-0.9119,28715.0,65685.703
300707.SZ,20250214,14.98,15.55,14.88,15.22,14.88,0.34,2.2849,126828.7,192564.094
300708.SZ,20250214,13.89,13.9,13.5,13.58,13.8,-0.22,-1.5942,366163.6,501619.478
300709.SZ,20250214,42.04,42.8,41.71,41.88,42.3,-0.42,-0.9929,84813.55,357622.064
300710.SZ,20250214,17.91,18.98,17.7,18.51,17.99,0.52,2.8905,64016.0,117685.335
300711.SZ,20250214,26.0,26.14,25.38,26.03,26.38,-0.35,-1.3268,152323.24,391471.044
300712.SZ,20250214,25.1,25.28,24.86,24.94,24.86,0.08,0.3218,22357.12,55935.844
300713.SZ,20250214,15.6,16.38,15.59,15.86,15.72,0.14,0.8906,41668.18,66366.332
300715.SZ,20250214,8.22,8.26,8.1,8.17,8.25,-0.08,-0.9697,55476.8,45270.42
300716.SZ,20250214,11.85,12.07,11.8,11.9,11.9,0.0,0.0,26811.0,31930.295
300717.SZ,20250214,14.73,14.88,14.67,14.78,14.68,0.1,0.6812,9873.0,14573.873
300718.SZ,20250214,63.2,66.4,62.36,64.67,67.85,-3.18,-4.6868,411612.96,2644040.376
300719.SZ,20250214,18.25,20.0,18.1,19.72,18.76,0.96,5.1173,245290.91,466283.969
300720.SZ,20250214,18.42,18.7,17.97,18.46,18.47,-0.01,-0.0541,42948.61,78693.759
300721.SZ,20250214,12.68,12.74,12.52,12.57,12.68,-0.11,-0.8675,21096.39,26605.223
300722.SZ,20250214,27.49,27.49,26.86,27.12,27.43,-0.31,-1.1301,40786.49,110416.631
300723.SZ,20250214,17.13,18.15,17.13,18.02,17.18,0.84,4.8894,112754.16,201305.426
300724.SZ,20250214,64.0,65.28,63.7,64.13,64.11,0.02,0.0312,82752.84,532831.006
300725.SZ,20250214,38.0,43.0,37.42,41.97,37.29,4.68,12.5503,324343.15,1325814.31
300726.SZ,20250214,30.16,30.37,29.67,29.9,30.0,-0.1,-0.3333,33691.0,100707.913
300727.SZ,20250214,31.54,31.83,29.7,29.85,31.64,-1.79,-5.6574,76002.84,229566.696
300729.SZ,20250214,16.5,17.01,16.5,16.58,16.41,0.17,1.036,74672.84,124563.169
300730.SZ,20250214,13.06,14.08,13.06,13.8,13.03,0.77,5.9094,250964.59,342513.405
300731.SZ,20250214,24.5,24.88,23.9,24.25,24.59,-0.34,-1.3827,74454.0,180741.556
300732.SZ,20250214,6.65,6.74,6.63,6.69,6.66,0.03,0.4505,48598.61,32478.983
300733.SZ,20250214,14.7,16.29,14.7,16.04,14.75,1.29,8.7458,278904.21,440983.243
300735.SZ,20250214,34.45,34.65,32.88,33.83,34.8,-0.97,-2.7874,444570.51,1493414.787
300736.SZ,20250214,10.13,10.2,10.01,10.16,10.14,0.02,0.1972,48088.0,48689.497
300737.SZ,20250214,4.9,4.91,4.81,4.84,4.9,-0.06,-1.2245,126094.91,61068.351
300738.SZ,20250214,15.9,17.25,15.51,16.74,15.76,0.98,6.2183,2227205.05,3655743.276
300739.SZ,20250214,14.16,14.4,14.1,14.2,14.24,-0.04,-0.2809,116352.76,165832.883
300740.SZ,20250214,11.95,12.08,11.86,11.93,12.01,-0.08,-0.6661,60284.75,72041.273
300741.SZ,20250214,15.35,15.52,15.35,15.46,15.4,0.06,0.3896,13251.66,20456.959
300743.SZ,20250214,16.72,17.0,16.64,16.75,16.69,0.06,0.3595,37581.6,63155.007
300745.SZ,20250214,17.84,18.5,17.84,18.07,17.89,0.18,1.0061,49748.04,90278.413
300746.SZ,20250214,11.27,11.38,11.18,11.26,11.32,-0.06,-0.53,33216.16,37400.124
300747.SZ,20250214,19.35,19.53,19.18,19.48,19.44,0.04,0.2058,72001.24,139485.579
300748.SZ,20250214,19.98,20.55,19.76,19.94,20.14,-0.2,-0.993,295801.56,590798.348
300749.SZ,20250214,6.7,6.75,6.62,6.66,6.7,-0.04,-0.597,26423.88,17658.384
300750.SZ,20250214,261.53,273.0,261.53,269.71,261.39,8.32,3.183,387800.3,10409880.413
300751.SZ,20250214,92.51,94.4,92.51,93.12,92.73,0.39,0.4206,25635.47,239907.866
300752.SZ,20250214,19.54,20.01,19.42,19.46,19.73,-0.27,-1.3685,84482.38,166764.889
300753.SZ,20250214,20.69,22.41,20.69,21.52,20.57,0.95,4.6184,140035.7,301512.466
300755.SZ,20250214,18.08,18.29,17.7,17.89,18.31,-0.42,-2.2938,49077.0,87768.254
300756.SZ,20250214,16.74,16.99,16.54,16.86,16.74,0.12,0.7168,32097.26,53892.315
300757.SZ,20250214,181.03,188.29,175.0,178.0,181.03,-3.03,-1.6738,52874.64,954058.841
300758.SZ,20250214,14.51,15.17,14.5,15.01,14.81,0.2,1.3504,326456.81,487801.597
300759.SZ,20250214,25.66,27.28,25.64,26.75,25.62,1.13,4.4106,393999.78,1050108.799
300760.SZ,20250214,250.5,262.96,250.18,261.8,251.0,10.8,4.3028,85728.0,2216846.1
300761.SZ,20250214,18.69,18.69,18.23,18.33,18.59,-0.26,-1.3986,106727.58,196254.919
300762.SZ,20250214,22.92,23.14,22.55,22.95,23.05,-0.1,-0.4338,229432.0,523212.632
300763.SZ,20250214,52.23,53.74,51.97,52.3,52.32,-0.02,-0.0382,104410.24,550238.056
300765.SZ,20250214,27.91,28.48,27.77,28.24,27.92,0.32,1.1461,109345.03,308360.857
300766.SZ,20250214,53.99,57.55,50.71,51.01,55.72,-4.71,-8.453,1467911.9,8046357.073
300767.SZ,20250214,11.06,11.35,10.9,10.99,11.06,-0.07,-0.6329,88475.75,98156.25
300768.SZ,20250214,21.02,22.25,21.01,21.9,21.23,0.67,3.1559,223615.3,484144.156
300769.SZ,20250214,36.05,37.95,36.0,36.22,35.75,0.47,1.3147,164334.06,605845.472
300770.SZ,20250214,41.5,41.93,40.7,41.86,41.53,0.33,0.7946,28498.22,117735.391
300771.SZ,20250214,11.05,11.2,11.01,11.16,11.05,0.11,0.9955,51828.9,57667.689
300772.SZ,20250214,12.27,12.53,12.24,12.31,12.33,-0.02,-0.1622,66964.9,82840.718
300773.SZ,20250214,18.46,18.9,18.3,18.75,18.56,0.19,1.0237,177638.0,331471.804
300774.SZ,20250214,9.28,9.29,9.12,9.13,9.17,-0.04,-0.4362,25495.0,23457.873
300775.SZ,20250214,22.99,23.13,22.73,22.91,23.05,-0.14,-0.6074,71762.0,164294.456
300776.SZ,20250214,61.8,63.3,61.73,62.55,61.99,0.56,0.9034,26897.99,167734.513
300777.SZ,20250214,28.87,29.18,28.6,28.81,29.1,-0.29,-0.9966,70186.4,202080.779
300778.SZ,20250214,10.73,10.9,10.67,10.81,10.66,0.15,1.4071,39719.75,42791.48
300779.SZ,20250214,104.04,110.0,102.56,106.28,105.09,1.19,1.1324,57461.96,615640.782
300780.SZ,20250214,15.02,15.07,14.8,14.84,14.98,-0.14,-0.9346,28838.0,43015.136
300781.SZ,20250214,66.73,67.0,63.5,66.07,68.5,-2.43,-3.5474,115025.26,752227.859
300782.SZ,20250214,91.06,93.68,89.38,92.08,91.95,0.13,0.1414,179939.29,1640262.682
300783.SZ,20250214,29.22,29.35,28.51,28.78,29.31,-0.53,-1.8083,96872.6,279660.216
300784.SZ,20250214,56.63,57.93,56.63,57.41,56.83,0.58,1.0206,7860.02,45214.934
300785.SZ,20250214,39.2,39.54,37.82,38.54,40.68,-2.14,-5.2606,181757.5,703479.877
300786.SZ,20250214,14.0,14.18,13.94,14.05,14.03,0.02,0.1426,65525.0,92066.859
300787.SZ,20250214,13.16,13.18,12.97,13.05,13.1,-0.05,-0.3817,26052.2,34083.384
300788.SZ,20250214,38.33,39.6,37.42,38.12,37.8,0.32,0.8466,119621.99,458739.811
300789.SZ,20250214,17.85,19.85,17.85,18.63,17.47,1.16,6.64,139744.51,263135.136
300790.SZ,20250214,26.2,28.82,26.2,27.68,26.98,0.7,2.5945,627561.08,1760484.411
300791.SZ,20250214,25.25,25.59,25.13,25.42,25.2,0.22,0.873,20984.13,53342.776
300792.SZ,20250214,30.29,32.12,29.51,31.51,31.14,0.37,1.1882,322070.86,985195.766
300793.SZ,20250214,18.6,18.92,18.26,18.73,18.72,0.01,0.0534,250372.16,465455.486
300795.SZ,20250214,21.49,21.95,21.02,21.51,21.75,-0.24,-1.1034,105608.53,226499.087
300796.SZ,20250214,10.4,10.61,10.32,10.37,10.37,0.0,0.0,57793.8,60349.624
300797.SZ,20250214,11.8,11.96,11.8,11.86,11.86,0.0,0.0,21433.0,25428.304
300798.SZ,20250214,7.04,7.17,6.88,7.08,7.08,0.0,0.0,161514.0,114030.659
300800.SZ,20250214,10.56,10.67,10.46,10.55,10.56,-0.01,-0.0947,12182.0,12882.992
300801.SZ,20250214,16.48,17.35,16.48,17.11,16.65,0.46,2.7628,79371.57,135588.461
300802.SZ,20250214,18.02,18.14,17.8,18.02,18.08,-0.06,-0.3319,34159.92,61447.914
300803.SZ,20250214,95.88,97.85,94.6,97.01,96.2,0.81,0.842,148189.62,1423835.718
300804.SZ,20250214,23.89,24.18,23.82,23.99,23.94,0.05,0.2089,4102.0,9836.16
300805.SZ,20250214,12.85,12.85,12.17,12.24,12.89,-0.65,-5.0427,324114.52,399845.919
300806.SZ,20250214,19.52,19.9,18.86,19.16,19.68,-0.52,-2.6423,186416.32,357449.051
300807.SZ,20250214,35.98,37.99,35.81,37.55,36.18,1.37,3.7866,60117.0,224033.339
300808.SZ,20250214,27.31,28.09,27.0,27.13,27.36,-0.23,-0.8406,16326.0,45138.033
300809.SZ,20250214,32.65,32.89,31.23,31.56,32.74,-1.18,-3.6042,67707.17,215752.408
300810.SZ,20250214,20.04,20.19,19.76,20.15,19.94,0.21,1.0532,13566.0,27172.356
300811.SZ,20250214,50.48,51.6,50.41,50.8,50.42,0.38,0.7537,43308.31,220718.585
300812.SZ,20250214,20.93,20.95,20.45,20.85,20.82,0.03,0.1441,35352.8,73257.875
300813.SZ,20250214,18.57,19.29,18.52,19.01,18.61,0.4,2.1494,21796.69,41507.509
300814.SZ,20250214,35.51,35.96,34.18,34.53,35.86,-1.33,-3.7089,92690.39,321880.172
300815.SZ,20250214,15.2,15.35,15.12,15.28,15.22,0.06,0.3942,25286.4,38627.825
300816.SZ,20250214,32.9,37.99,32.87,37.99,31.66,6.33,19.9937,121197.58,430525.314
300817.SZ,20250214,16.84,16.84,16.05,16.22,16.99,-0.77,-4.5321,125726.55,205908.016
300818.SZ,20250214,24.58,25.38,24.3,25.36,24.79,0.57,2.2993,37402.4,93663.628
300819.SZ,20250214,12.98,13.09,12.82,12.94,12.96,-0.02,-0.1543,12184.5,15796.801
300820.SZ,20250214,51.6,52.45,50.37,51.28,51.6,-0.32,-0.6202,37795.25,193495.401
300821.SZ,20250214,8.46,8.52,8.29,8.34,8.4,-0.06,-0.7143,137626.21,115063.433
300822.SZ,20250214,24.62,24.74,24.0,24.72,24.64,0.08,0.3247,130704.98,318503.275
300823.SZ,20250214,14.01,16.32,14.01,14.9,13.89,1.01,7.2714,186990.37,282038.1
300824.SZ,20250214,9.4,9.48,9.26,9.27,9.42,-0.15,-1.5924,65957.0,61845.762
300825.SZ,20250214,12.1,12.31,12.03,12.12,12.21,-0.09,-0.7371,139711.76,169623.495
300826.SZ,20250214,17.03,17.24,16.74,16.78,17.01,-0.23,-1.3521,39018.6,66111.755
300827.SZ,20250214,35.21,36.36,35.1,35.92,35.45,0.47,1.3258,140895.21,506822.003
300828.SZ,20250214,15.99,16.07,15.45,15.57,15.88,-0.31,-1.9521,67704.88,106195.217
300829.SZ,20250214,17.47,17.63,17.14,17.28,17.63,-0.35,-1.9853,37479.5,64973.593
300830.SZ,20250214,10.12,10.23,9.61,9.96,9.53,0.43,4.5121,456880.0,451308.818
300831.SZ,20250214,15.2,15.29,14.91,15.03,15.22,-0.19,-1.2484,93191.0,140158.674
300832.SZ,20250214,61.73,65.2,61.08,65.0,61.91,3.09,4.9911,57321.3,363875.426
300833.SZ,20250214,41.33,43.87,41.21,42.77,41.37,1.4,3.3841,26775.84,115036.161
300834.SZ,20250214,19.6,19.73,19.57,19.63,19.62,0.01,0.051,5161.83,10136.461
300835.SZ,20250214,39.84,40.96,39.51,39.74,40.3,-0.56,-1.3896,46032.4,184735.094
300836.SZ,20250214,46.28,47.55,45.7,46.63,46.33,0.3,0.6475,13773.2,63829.796
300837.SZ,20250214,20.73,20.87,20.33,20.48,20.77,-0.29,-1.3962,14861.0,30563.748
300838.SZ,20250214,14.8,15.04,14.79,14.98,14.94,0.04,0.2677,28011.28,41848.722
300839.SZ,20250214,7.87,8.15,7.64,7.89,7.93,-0.04,-0.5044,163631.77,128027.659
300840.SZ,20250214,24.21,24.74,23.6,24.36,25.43,-1.07,-4.2076,364779.01,882352.323
300841.SZ,20250214,52.59,54.33,52.5,53.86,52.77,1.09,2.0656,28680.0,154219.941
300842.SZ,20250214,43.01,43.65,43.01,43.13,43.1,0.03,0.0696,18742.08,81119.182
300843.SZ,20250214,33.7,34.25,33.18,33.48,33.7,-0.22,-0.6528,96140.98,323491.375
300844.SZ,20250214,32.52,32.88,32.32,32.79,32.52,0.27,0.8303,7540.31,24628.517
300845.SZ,20250214,13.77,13.98,13.58,13.93,13.7,0.23,1.6788,37260.0,51485.343
300846.SZ,20250214,25.0,27.77,24.45,24.7,26.26,-1.56,-5.9406,1766036.18,4592260.857
300847.SZ,20250214,17.12,17.21,17.01,17.14,17.13,0.01,0.0584,33132.32,56696.044
300848.SZ,20250214,17.18,17.5,16.9,16.95,17.17,-0.22,-1.2813,26101.53,44597.949
300849.SZ,20250214,14.0,14.28,13.85,14.06,13.85,0.21,1.5162,68241.0,96206.519
300850.SZ,20250214,20.33,20.8,20.33,20.44,20.28,0.16,0.789,48996.21,100821.179
300851.SZ,20250214,26.73,27.17,26.73,26.94,26.93,0.01,0.0371,5622.0,15183.927
300852.SZ,20250214,37.09,41.16,36.4,38.9,37.26,1.64,4.4015,119555.38,469530.625
300853.SZ,20250214,22.3,22.48,21.55,21.77,22.4,-0.63,-2.8125,100093.6,219108.334
300854.SZ,20250214,13.19,13.42,13.1,13.27,13.24,0.03,0.2266,11976.0,15874.936
300855.SZ,20250214,21.6,21.78,21.5,21.6,21.7,-0.1,-0.4608,46832.62,101170.405
300856.SZ,20250214,25.4,25.85,25.31,25.5,25.42,0.08,0.3147,32867.23,84092.254
300857.SZ,20250214,93.4,96.41,92.0,94.22,92.52,1.7,1.8374,104969.77,988090.209
300858.SZ,20250214,13.62,14.15,13.58,13.81,13.62,0.19,1.395,50800.37,70344.112
300859.SZ,20250214,35.22,35.66,34.58,34.83,35.42,-0.59,-1.6657,38413.01,133897.203
300860.SZ,20250214,29.4,29.46,28.66,29.01,29.64,-0.63,-2.1255,58919.87,170897.403
300861.SZ,20250214,19.32,19.64,19.28,19.43,19.34,0.09,0.4654,35539.2,69230.159
300862.SZ,20250214,25.42,26.83,25.42,26.31,25.55,0.76,2.9746,60492.2,158791.443
300863.SZ,20250214,44.63,45.95,44.24,44.74,44.63,0.11,0.2465,44814.41,201121.654
300864.SZ,20250214,20.45,20.63,20.36,20.49,20.44,0.05,0.2446,7414.8,15191.686
300865.SZ,20250214,23.85,24.09,23.28,23.41,23.85,-0.44,-1.8449,14633.41,34536.838
300866.SZ,20250214,110.11,111.49,109.18,109.83,110.5,-0.67,-0.6063,23176.9,255099.144
300867.SZ,20250214,12.87,13.02,12.87,12.99,12.88,0.11,0.854,18045.0,23379.326
300868.SZ,20250214,28.01,29.38,27.94,28.87,28.15,0.72,2.5577,26891.0,77505.823
300869.SZ,20250214,13.92,14.61,13.92,14.43,13.96,0.47,3.3668,72227.27,103934.376
300870.SZ,20250214,120.81,124.4,115.33,117.51,121.7,-4.19,-3.4429,38011.52,450808.736
300871.SZ,20250214,11.3,11.48,11.25,11.38,11.29,0.09,0.7972,24118.5,27414.416
300872.SZ,20250214,17.5,18.3,17.33,17.99,17.51,0.48,2.7413,407305.22,732548.808
300873.SZ,20250214,17.4,17.63,17.27,17.44,17.46,-0.02,-0.1145,23936.0,41705.939
300875.SZ,20250214,27.03,27.33,26.88,27.26,27.15,0.11,0.4052,20756.32,56250.696
300876.SZ,20250214,26.67,28.15,26.43,28.1,26.67,1.43,5.3618,29129.99,78788.954
300877.SZ,20250214,14.1,14.24,14.02,14.14,14.2,-0.06,-0.4225,6946.0,9822.33
300878.SZ,20250214,14.91,15.42,14.78,15.25,14.91,0.34,2.2803,25535.68,38833.367
300879.SZ,20250214,16.82,17.0,16.07,16.17,16.97,-0.8,-4.7142,156573.42,256761.59
300880.SZ,20250214,22.62,22.94,22.46,22.53,22.72,-0.19,-0.8363,47449.21,107566.47
300881.SZ,20250214,30.21,30.38,29.85,30.03,30.28,-0.25,-0.8256,18032.5,54283.491
300882.SZ,20250214,15.36,15.66,15.28,15.42,15.45,-0.03,-0.1942,22470.0,34789.557
300883.SZ,20250214,5.55,5.59,5.5,5.54,5.54,0.0,0.0,53633.0,29741.238
300884.SZ,20250214,11.61,12.03,11.61,11.91,11.64,0.27,2.3196,97812.98,116206.71
300885.SZ,20250214,11.58,11.7,11.46,11.54,11.55,-0.01,-0.0866,41120.02,47660.018
300886.SZ,20250214,20.64,20.73,20.3,20.51,20.45,0.06,0.2934,14633.64,30027.679
300887.SZ,20250214,7.89,8.1,7.87,8.05,7.9,0.15,1.8987,105216.62,84492.548
300888.SZ,20250214,37.48,39.12,37.48,37.88,37.72,0.16,0.4242,35932.49,137051.361
300889.SZ,20250214,14.65,14.68,14.46,14.57,14.65,-0.08,-0.5461,21959.28,31975.97
300890.SZ,20250214,30.7,31.88,30.49,31.17,30.73,0.44,1.4318,97191.37,304569.915
300891.SZ,20250214,8.34,8.45,8.3,8.35,8.34,0.01,0.1199,23152.01,19389.215
300892.SZ,20250214,31.97,32.07,30.8,31.09,32.08,-0.99,-3.086,34373.0,107847.726
300893.SZ,20250214,30.2,30.85,30.03,30.7,30.18,0.52,1.723,20259.58,61645.208
300894.SZ,20250214,14.49,14.55,14.14,14.2,14.48,-0.28,-1.9337,131500.5,188241.601
300895.SZ,20250214,41.03,46.49,41.0,41.48,38.74,2.74,7.0728,315416.04,1355890.712
300896.SZ,20250214,182.6,183.22,180.0,183.07,183.17,-0.1,-0.0546,34869.44,633449.136
300897.SZ,20250214,25.3,25.79,24.69,25.68,26.0,-0.32,-1.2308,44122.92,110815.368
300898.SZ,20250214,24.64,25.0,24.32,24.48,24.93,-0.45,-1.8051,50214.44,123641.916
300899.SZ,20250214,22.3,22.63,22.3,22.59,22.49,0.1,0.4446,11950.0,26886.534
300900.SZ,20250214,20.79,21.09,20.44,20.9,20.95,-0.05,-0.2387,66117.4,137404.293
300901.SZ,20250214,10.31,10.78,10.17,10.64,10.32,0.32,3.1008,63330.0,66211.927
300902.SZ,20250214,18.13,18.28,17.82,18.0,18.13,-0.13,-0.717,38811.69,69781.038
300903.SZ,20250214,8.21,8.32,8.12,8.16,8.23,-0.07,-0.8505,86850.4,71308.621
300904.SZ,20250214,51.88,52.36,50.22,50.67,52.54,-1.87,-3.5592,14573.47,74500.365
300905.SZ,20250214,26.13,26.59,25.83,25.99,26.33,-0.34,-1.2913,42403.15,110888.739
300906.SZ,20250214,24.84,25.1,24.49,24.72,24.88,-0.16,-0.6431,13870.94,34247.708
300907.SZ,20250214,21.5,21.9,21.42,21.88,21.5,0.38,1.7674,15407.93,33409.329
300908.SZ,20250214,30.39,30.59,30.15,30.35,30.15,0.2,0.6633,10904.75,33117.929
300909.SZ,20250214,24.97,25.2,24.6,24.91,24.98,-0.07,-0.2802,20785.0,51792.975
300910.SZ,20250214,48.58,53.44,48.5,52.62,49.07,3.55,7.2346,83540.32,435872.948
300911.SZ,20250214,31.67,33.88,31.42,33.0,31.98,1.02,3.1895,79143.1,258790.833
300912.SZ,20250214,12.97,13.42,12.9,13.27,12.96,0.31,2.392,32955.0,43462.354
300913.SZ,20250214,57.7,58.72,54.71,55.5,57.3,-1.8,-3.1414,118691.53,664499.934
300915.SZ,20250214,30.89,31.08,30.5,30.64,30.89,-0.25,-0.8093,5101.5,15705.279
300916.SZ,20250214,31.33,31.48,30.81,30.95,31.28,-0.33,-1.055,29180.25,90811.887
300917.SZ,20250214,51.52,52.24,50.1,51.16,52.05,-0.89,-1.7099,108232.11,550627.938
300918.SZ,20250214,12.3,12.4,11.8,12.07,12.34,-0.27,-2.188,184963.9,221944.464
300919.SZ,20250214,35.9,36.85,35.8,36.17,35.94,0.23,0.64,87159.33,315431.351
300920.SZ,20250214,19.79,20.11,19.21,19.41,19.6,-0.19,-0.9694,13756.0,26945.888
300921.SZ,20250214,31.89,33.98,30.78,32.55,32.5,0.05,0.1538,205313.05,666545.953
300922.SZ,20250214,14.26,14.37,14.17,14.28,14.31,-0.03,-0.2096,24195.4,34538.033
300923.SZ,20250214,20.48,20.56,20.24,20.43,20.27,0.16,0.7893,7486.0,15285.989
300925.SZ,20250214,28.01,29.8,27.9,29.0,28.22,0.78,2.764,490024.33,1416265.2
300926.SZ,20250214,24.23,24.72,24.21,24.33,24.33,0.0,0.0,59880.25,146137.655
300927.SZ,20250214,18.4,18.66,18.16,18.27,18.5,-0.23,-1.2432,30779.4,56513.727
300928.SZ,20250214,34.41,35.63,34.41,35.1,34.58,0.52,1.5038,18199.0,63969.441
300929.SZ,20250214,8.92,9.09,8.87,8.98,8.99,-0.01,-0.1112,21249.6,19071.83
300930.SZ,20250214,26.38,26.63,25.93,26.11,26.05,0.06,0.2303,18025.0,47351.431
300931.SZ,20250214,6.75,6.79,6.65,6.69,6.73,-0.04,-0.5944,26419.21,17745.662
300932.SZ,20250214,14.36,14.74,14.36,14.62,14.54,0.08,0.5502,38507.56,56081.814
300933.SZ,20250214,7.37,7.74,7.29,7.51,7.38,0.13,1.7615,356864.41,268919.44
300935.SZ,20250214,24.92,25.58,24.52,25.4,24.68,0.72,2.9173,24349.2,61448.05
300936.SZ,20250214,38.54,39.14,38.38,38.7,38.76,-0.06,-0.1548,11931.12,46254.568
300937.SZ,20250214,28.92,31.59,28.92,30.71,29.25,1.46,4.9915,125701.09,386273.835
300938.SZ,20250214,30.63,31.4,30.12,30.73,31.17,-0.44,-1.4116,42429.85,130589.495
300939.SZ,20250214,32.1,32.49,31.86,32.08,32.32,-0.24,-0.7426,18717.5,60269.866
300940.SZ,20250214,15.0,15.71,15.0,15.31,15.07,0.24,1.5926,54025.87,82906.438
300941.SZ,20250214,26.06,26.59,25.83,26.41,26.04,0.37,1.4209,121696.51,320184.921
300942.SZ,20250214,8.65,8.94,8.63,8.86,8.67,0.19,2.1915,53175.9,47098.857
300943.SZ,20250214,13.25,13.49,13.25,13.36,13.35,0.01,0.0749,44416.0,59486.677
300945.SZ,20250214,11.96,12.1,11.76,11.9,11.93,-0.03,-0.2515,177289.43,212075.113
300946.SZ,20250214,26.9,27.19,26.7,27.04,26.91,0.13,0.4831,6051.0,16310.919
300947.SZ,20250214,19.26,19.67,19.05,19.3,19.0,0.3,1.5789,109023.31,210643.731
300948.SZ,20250214,9.72,9.88,9.72,9.85,9.78,0.07,0.7157,17224.0,16897.65
300949.SZ,20250214,39.89,40.32,39.14,39.62,39.89,-0.27,-0.6769,18277.0,72592.986
300950.SZ,20250214,16.85,16.98,16.7,16.82,16.81,0.01,0.0595,19062.5,32096.927
300951.SZ,20250214,30.15,30.15,29.69,29.91,29.96,-0.05,-0.1669,15916.1,47606.703
300952.SZ,20250214,26.05,28.19,25.91,27.4,26.35,1.05,3.9848,109971.2,296627.434
300953.SZ,20250214,127.0,136.45,126.77,127.34,132.36,-5.02,-3.7927,86572.44,1133538.39
300955.SZ,20250214,15.61,15.67,15.49,15.64,15.54,0.1,0.6435,11100.08,17301.043
300956.SZ,20250214,22.57,22.66,21.75,22.15,22.44,-0.29,-1.2923,94021.43,208195.089
300957.SZ,20250214,41.7,42.45,41.6,41.88,41.94,-0.06,-0.1431,46992.45,197544.448
300958.SZ,20250214,11.58,11.68,11.52,11.58,11.58,0.0,0.0,16720.0,19395.872
300959.SZ,20250214,48.66,52.55,47.47,50.87,49.87,1.0,2.0052,120953.65,603864.166
300960.SZ,20250214,22.86,22.93,22.08,22.28,22.8,-0.52,-2.2807,24598.0,55205.34
300961.SZ,20250214,10.24,11.25,10.24,10.4,10.09,0.31,3.0723,149699.71,159076.078
300962.SZ,20250214,15.03,15.35,15.03,15.28,15.1,0.18,1.1921,20042.81,30557.999
300963.SZ,20250214,8.94,9.05,8.88,8.93,8.98,-0.05,-0.5568,34519.96,30902.012
300964.SZ,20250214,37.34,37.9,37.02,37.41,37.34,0.07,0.1875,10835.87,40615.588
300965.SZ,20250214,35.21,35.34,34.78,34.9,35.2,-0.3,-0.8523,1712.0,5997.594
300966.SZ,20250214,16.5,16.9,16.49,16.63,16.46,0.17,1.0328,15128.0,25305.95
300967.SZ,20250214,12.5,13.1,12.26,12.7,12.5,0.2,1.6,133121.02,170273.754
300968.SZ,20250214,18.63,18.81,18.48,18.64,18.82,-0.18,-0.9564,114691.62,213665.916
300969.SZ,20250214,100.0,101.84,98.28,98.8,100.81,-2.01,-1.9938,11380.01,113244.567
300970.SZ,20250214,12.12,12.34,12.09,12.14,12.08,0.06,0.4967,20912.0,25467.266
300971.SZ,20250214,20.7,20.91,20.32,20.45,20.7,-0.25,-1.2077,17561.0,36124.022
300972.SZ,20250214,97.0,98.0,93.58,96.8,97.55,-0.75,-0.7688,20747.08,199705.287
300973.SZ,20250214,38.5,38.9,37.5,37.96,38.63,-0.67,-1.7344,35681.65,135922.32
300975.SZ,20250214,12.22,12.34,11.88,12.22,12.14,0.08,0.659,328386.21,396357.255
300976.SZ,20250214,70.42,70.8,69.11,69.58,70.27,-0.69,-0.9819,16906.95,118293.831
300977.SZ,20250214,17.88,17.92,17.67,17.85,17.78,0.07,0.3937,16299.0,29012.854
300978.SZ,20250214,11.44,11.68,11.4,11.48,11.47,0.01,0.0872,64719.39,74542.556
300979.SZ,20250214,68.84,69.5,67.9,69.0,69.0,0.0,0.0,19799.26,135671.347
300980.SZ,20250214,26.18,26.87,25.22,25.81,26.21,-0.4,-1.5261,83174.11,215984.705
300981.SZ,20250214,12.59,12.94,12.59,12.86,12.63,0.23,1.8211,47013.68,60337.927
300982.SZ,20250214,17.35,17.55,17.23,17.37,17.42,-0.05,-0.287,24460.4,42535.236
300983.SZ,20250214,16.81,16.96,16.75,16.91,16.85,0.06,0.3561,6926.52,11679.459
300984.SZ,20250214,71.03,73.6,66.72,68.37,72.03,-3.66,-5.0812,37608.75,262484.881
300985.SZ,20250214,16.65,16.76,16.46,16.56,16.65,-0.09,-0.5405,16003.2,26543.686
300986.SZ,20250214,13.81,14.1,13.73,13.79,13.82,-0.03,-0.2171,34701.25,48119.502
300987.SZ,20250214,16.18,16.8,15.83,16.68,16.33,0.35,2.1433,122273.88,200422.861
300988.SZ,20250214,19.4,19.88,19.4,19.54,19.51,0.03,0.1538,33308.42,65500.695
300989.SZ,20250214,14.86,16.09,14.75,15.73,15.05,0.68,4.5183,97913.82,152081.727
300990.SZ,20250214,47.56,48.5,46.52,46.8,48.7,-1.9,-3.9014,66397.04,314562.525
300991.SZ,20250214,20.73,21.1,20.45,20.77,20.86,-0.09,-0.4314,64399.0,133627.015
300992.SZ,20250214,22.75,23.19,22.4,22.62,22.75,-0.13,-0.5714,21800.52,49567.805
300993.SZ,20250214,10.62,10.72,10.54,10.62,10.66,-0.04,-0.3752,37150.34,39525.986
300994.SZ,20250214,11.39,11.78,11.34,11.52,11.48,0.04,0.3484,30796.0,35647.634
300995.SZ,20250214,16.92,17.27,16.88,17.04,17.04,0.0,0.0,7115.0,12135.452
300996.SZ,20250214,25.76,27.84,25.76,27.39,26.08,1.31,5.023,284975.34,768461.392
300997.SZ,20250214,14.82,14.84,14.39,14.46,14.81,-0.35,-2.3633,48783.87,71134.113
300998.SZ,20250214,14.88,15.4,14.88,15.13,14.91,0.22,1.4755,24897.0,37826.87
300999.SZ,20250214,31.24,31.6,31.15,31.45,31.41,0.04,0.1273,57477.2,180293.669
301000.SZ,20250214,35.19,35.94,35.02,35.55,35.65,-0.1,-0.2805,106868.51,379708.1
301001.SZ,20250214,38.12,39.88,37.65,39.74,39.13,0.61,1.5589,76972.97,299221.402
301002.SZ,20250214,16.83,17.0,16.76,16.9,16.84,0.06,0.3563,6920.8,11686.462
301003.SZ,20250214,22.27,22.57,22.27,22.34,22.31,0.03,0.1345,6158.0,13811.122
301004.SZ,20250214,110.75,111.82,110.0,110.86,111.24,-0.38,-0.3416,3686.0,40913.167
301005.SZ,20250214,29.54,29.81,28.76,29.08,29.6,-0.52,-1.7568,39368.2,114931.36
301006.SZ,20250214,13.93,14.1,13.78,13.94,13.93,0.01,0.0718,11666.21,16283.148
301007.SZ,20250214,21.27,21.46,19.96,20.14,21.34,-1.2,-5.6232,147413.52,303535.404
301008.SZ,20250214,19.87,19.89,19.45,19.5,19.73,-0.23,-1.1657,10559.42,20744.627
301009.SZ,20250214,11.04,11.17,10.96,11.08,11.03,0.05,0.4533,54112.0,59868.219
301010.SZ,20250214,18.57,18.91,17.93,18.07,18.75,-0.68,-3.6267,48943.0,89541.437
301011.SZ,20250214,30.74,31.39,30.08,30.28,30.76,-0.48,-1.5605,79359.53,244216.819
301012.SZ,20250214,25.3,25.5,25.0,25.1,25.42,-0.32,-1.2589,37816.2,95305.284
301013.SZ,20250214,12.18,12.3,12.05,12.2,12.24,-0.04,-0.3268,59261.3,72142.637
301015.SZ,20250214,23.86,25.65,23.85,24.95,24.03,0.92,3.8285,69105.56,172921.965
301016.SZ,20250214,21.27,21.59,21.11,21.21,21.33,-0.12,-0.5626,18722.4,39872.521
301017.SZ,20250214,12.58,13.3,12.58,13.19,12.74,0.45,3.5322,138367.0,180387.67
301018.SZ,20250214,39.79,40.4,37.93,38.2,40.19,-1.99,-4.9515,99676.6,384939.252
301019.SZ,20250214,16.9,17.19,16.82,16.88,16.88,0.0,0.0,13176.1,22360.79
301020.SZ,20250214,18.93,19.16,18.77,18.91,18.93,-0.02,-0.1057,8526.0,16137.575
301021.SZ,20250214,28.2,28.85,27.91,28.02,28.6,-0.58,-2.028,45905.87,129488.426
301022.SZ,20250214,21.6,22.3,21.55,21.79,21.73,0.06,0.2761,12324.9,26986.267
301023.SZ,20250214,51.75,53.0,51.5,51.86,51.62,0.24,0.4649,10484.0,54764.586
301024.SZ,20250214,22.9,23.38,22.7,23.03,22.9,0.13,0.5677,6830.0,15745.905
301025.SZ,20250214,10.32,10.47,10.13,10.4,10.34,0.06,0.5803,75277.23,77899.314
301026.SZ,20250214,28.04,28.33,28.03,28.18,28.02,0.16,0.571,8641.0,24341.493
301027.SZ,20250214,16.56,17.47,16.31,16.66,16.64,0.02,0.1202,74702.11,127137.41
301028.SZ,20250214,10.88,11.04,10.79,10.9,10.86,0.04,0.3683,38682.42,42159.138
301029.SZ,20250214,26.45,26.85,26.25,26.62,26.56,0.06,0.2259,53801.96,142543.702
301030.SZ,20250214,21.37,21.9,21.28,21.48,21.5,-0.02,-0.093,74069.2,159804.662
301031.SZ,20250214,115.76,119.41,115.06,118.0,116.23,1.77,1.5228,4301.0,50667.369
301032.SZ,20250214,9.69,9.77,9.52,9.55,9.68,-0.13,-1.343,26175.0,25181.872
301033.SZ,20250214,45.55,46.9,45.4,46.72,45.7,1.02,2.2319,7038.0,32653.306
301035.SZ,20250214,47.73,48.35,47.31,47.76,47.76,0.0,0.0,6038.13,28883.321
301036.SZ,20250214,40.45,40.81,40.3,40.44,40.65,-0.21,-0.5166,21130.01,85664.885
301037.SZ,20250214,11.01,11.28,10.95,11.1,11.1,0.0,0.0,20897.02,23089.592
301038.SZ,20250214,18.4,18.6,18.28,18.45,18.4,0.05,0.2717,13546.0,24926.129
301039.SZ,20250214,8.82,9.02,8.82,8.99,8.86,0.13,1.4673,121615.26,108938.915
301040.SZ,20250214,13.57,13.75,13.36,13.45,13.57,-0.12,-0.8843,21627.69,29330.206
301041.SZ,20250214,25.43,25.72,25.2,25.55,25.32,0.23,0.9084,22540.0,57440.654
301042.SZ,20250214,37.72,38.35,37.33,37.76,37.48,0.28,0.7471,12372.38,46854.675
301043.SZ,20250214,27.58,27.89,27.45,27.67,27.58,0.09,0.3263,4703.48,13014.937
301045.SZ,20250214,23.37,23.47,23.07,23.18,23.29,-0.11,-0.4723,14234.0,33056.458
301046.SZ,20250214,19.96,20.18,19.87,19.93,19.99,-0.06,-0.3002,12309.0,24598.927
301047.SZ,20250214,61.85,64.35,61.7,63.66,62.09,1.57,2.5286,12503.4,79318.321
301048.SZ,20250214,8.96,9.03,8.93,8.96,8.97,-0.01,-0.1115,31643.0,28407.759
301049.SZ,20250214,23.85,24.09,23.18,23.55,23.6,-0.05,-0.2119,22875.36,54168.564
301050.SZ,20250214,53.11,53.73,52.65,53.01,53.22,-0.21,-0.3946,59162.71,313927.927
301051.SZ,20250214,27.5,27.93,27.4,27.53,27.69,-0.16,-0.5778,6563.45,18121.521
301052.SZ,20250214,33.95,34.55,32.5,34.09,33.62,0.47,1.398,151418.28,507710.633
301053.SZ,20250214,21.77,22.18,21.72,22.02,21.77,0.25,1.1484,5857.59,12899.44
301055.SZ,20250214,14.6,14.73,14.5,14.56,14.72,-0.16,-1.087,8340.0,12174.491
301056.SZ,20250214,8.43,8.51,8.3,8.35,8.41,-0.06,-0.7134,16956.0,14251.436
301057.SZ,20250214,12.98,13.2,12.97,13.05,12.99,0.06,0.4619,10468.0,13697.066
301058.SZ,20250214,10.4,10.96,10.32,10.83,10.45,0.38,3.6364,187518.0,200239.213
301059.SZ,20250214,10.84,10.95,10.63,10.7,10.84,-0.14,-1.2915,26904.3,28951.542
301060.SZ,20250214,10.15,11.67,10.11,11.2,10.09,1.11,11.001,325059.0,356187.865
301061.SZ,20250214,78.0,81.5,78.0,80.58,79.28,1.3,1.6398,10558.12,84670.343
301062.SZ,20250214,10.86,11.03,10.66,10.77,10.81,-0.04,-0.37,107241.28,115862.491
301063.SZ,20250214,16.7,16.89,16.58,16.73,16.68,0.05,0.2998,9689.27,16208.551
301065.SZ,20250214,19.2,19.39,19.05,19.18,19.2,-0.02,-0.1042,8448.5,16271.284
301066.SZ,20250214,15.22,15.33,14.97,15.02,15.19,-0.17,-1.1192,101937.0,154198.307
301067.SZ,20250214,32.56,32.88,31.7,32.1,32.65,-0.55,-1.6845,54341.97,175278.039
301068.SZ,20250214,30.2,30.67,29.75,29.99,30.28,-0.29,-0.9577,3836.7,11516.479
301069.SZ,20250214,15.23,15.63,15.01,15.21,15.25,-0.04,-0.2623,68562.0,104892.69
301070.SZ,20250214,55.3,58.9,54.09,57.86,56.6,1.26,2.2261,23107.0,130183.825
301071.SZ,20250214,35.12,35.81,34.21,34.83,35.25,-0.42,-1.1915,105479.36,366107.154
301072.SZ,20250214,19.58,20.59,19.58,20.14,19.75,0.39,1.9747,16410.0,33089.857
301073.SZ,20250214,21.02,21.3,20.36,20.44,21.02,-0.58,-2.7593,61030.24,125922.882
301075.SZ,20250214,19.0,19.66,18.98,19.2,18.99,0.21,1.1058,8782.0,16982.127
301076.SZ,20250214,32.63,34.48,32.11,34.02,33.4,0.62,1.8563,99269.38,331614.559
301077.SZ,20250214,26.8,27.59,26.59,26.85,27.0,-0.15,-0.5556,20534.87,55457.718
301078.SZ,20250214,13.03,13.09,12.68,12.82,13.08,-0.26,-1.9878,285605.16,365456.055
301079.SZ,20250214,15.78,15.94,15.58,15.67,15.75,-0.08,-0.5079,16489.72,25991.48
301080.SZ,20250214,55.38,56.85,54.4,56.27,55.48,0.79,1.4239,21653.5,120438.991
301081.SZ,20250214,9.49,9.56,9.4,9.44,9.42,0.02,0.2123,12588.44,11933.168
301082.SZ,20250214,14.21,14.45,14.07,14.14,14.25,-0.11,-0.7719,77919.47,110885.528
301083.SZ,20250214,14.58,14.69,14.47,14.52,14.59,-0.07,-0.4798,18209.0,26541.352
301085.SZ,20250214,76.07,85.0,73.8,80.3,79.1,1.2,1.5171,133583.85,1057736.935
301086.SZ,20250214,49.58,53.86,49.58,52.07,49.95,2.12,4.2442,31780.5,165447.303
301087.SZ,20250214,35.34,40.55,35.21,38.6,35.38,3.22,9.1012,82670.35,316427.133
301088.SZ,20250214,13.09,13.18,13.06,13.11,13.12,-0.01,-0.0762,15933.71,20900.118
301089.SZ,20250214,27.96,29.74,27.82,28.8,27.8,1.0,3.5971,48099.28,139443.627
301090.SZ,20250214,6.93,6.99,6.89,6.93,6.92,0.01,0.1445,42005.44,29116.701
301091.SZ,20250214,47.36,50.49,46.59,49.43,47.8,1.63,3.41,171066.6,824279.259
301092.SZ,20250214,23.44,23.88,23.44,23.68,23.54,0.14,0.5947,6366.0,15067.296
301093.SZ,20250214,24.59,25.25,24.59,24.9,24.74,0.16,0.6467,12834.0,32035.692
301095.SZ,20250214,54.88,57.33,54.19,56.18,55.15,1.03,1.8676,60831.0,338963.876
301096.SZ,20250214,36.3,37.64,36.23,37.55,36.31,1.24,3.415,38737.6,144145.203
301097.SZ,20250214,37.66,38.96,37.41,38.91,37.4,1.51,4.0374,7107.0,27387.155
301098.SZ,20250214,8.09,8.15,8.01,8.07,8.09,-0.02,-0.2472,23883.1,19308.775
301099.SZ,20250214,44.82,45.18,44.24,44.51,44.88,-0.37,-0.8244,23188.24,103645.696
301100.SZ,20250214,16.37,16.63,16.24,16.38,16.41,-0.03,-0.1828,8275.05,13583.985
301101.SZ,20250214,44.61,44.9,43.6,44.6,45.09,-0.49,-1.0867,59816.5,264996.747
301102.SZ,20250214,12.26,12.29,11.93,12.25,12.38,-0.13,-1.0501,97480.48,118494.325
301103.SZ,20250214,20.88,21.19,20.33,20.89,20.65,0.24,1.1622,37368.1,77801.147
301105.SZ,20250214,29.19,29.78,29.06,29.11,29.28,-0.17,-0.5806,3713.0,10884.382
301106.SZ,20250214,29.08,29.41,28.8,28.93,29.12,-0.19,-0.6525,9277.17,26872.345
301107.SZ,20250214,27.29,27.48,26.95,27.2,27.32,-0.12,-0.4392,6130.0,16679.284
301108.SZ,20250214,27.76,27.98,27.1,27.95,27.74,0.21,0.757,9169.0,25281.064
301109.SZ,20250214,16.85,16.9,16.75,16.8,16.81,-0.01,-0.0595,13910.5,23389.906
301110.SZ,20250214,57.58,58.5,54.78,56.19,58.74,-2.55,-4.3412,64006.14,360973.754
301111.SZ,20250214,15.78,16.57,15.78,16.4,15.82,0.58,3.6662,46423.48,75726.935
301112.SZ,20250214,24.23,24.48,24.02,24.26,24.25,0.01,0.0412,14905.0,36113.846
301113.SZ,20250214,24.24,24.57,23.85,23.99,24.22,-0.23,-0.9496,5253.0,12700.98
301115.SZ,20250214,14.06,14.11,14.02,14.05,14.05,0.0,0.0,10398.79,14629.294
301116.SZ,20250214,11.9,11.93,11.71,11.74,11.92,-0.18,-1.5101,50781.0,59990.463
301117.SZ,20250214,35.79,37.47,35.37,37.08,35.92,1.16,3.2294,46464.0,170827.954
301118.SZ,20250214,19.32,19.8,18.77,18.9,19.31,-0.41,-2.1233,39675.42,75381.881
301119.SZ,20250214,30.99,31.06,29.59,29.99,30.62,-0.63,-2.0575,14615.1,44019.597
301120.SZ,20250214,8.63,8.73,8.6,8.65,8.66,-0.01,-0.1155,37413.49,32457.824
301121.SZ,20250214,53.4,54.68,52.6,53.18,53.8,-0.62,-1.1524,42643.97,229813.292
301122.SZ,20250214,21.96,22.36,21.83,22.28,21.96,0.32,1.4572,22814.0,50531.304
301123.SZ,20250214,22.56,22.95,22.22,22.44,22.56,-0.12,-0.5319,65102.0,146229.006
301125.SZ,20250214,11.75,11.85,11.6,11.69,11.73,-0.04,-0.341,23793.99,27850.71
301126.SZ,20250214,10.94,11.19,10.89,11.07,10.98,0.09,0.8197,30353.47,33681.497
301127.SZ,20250214,16.6,16.72,16.2,16.45,16.45,0.0,0.0,88352.86,145271.55
301128.SZ,20250214,58.59,60.1,57.81,59.03,59.21,-0.18,-0.304,29086.0,171414.743
301129.SZ,20250214,23.76,24.16,23.72,23.89,23.85,0.04,0.1677,16350.8,39141.241
301130.SZ,20250214,27.53,28.2,27.53,28.04,27.53,0.51,1.8525,13899.8,38876.662
301131.SZ,20250214,35.25,35.7,35.01,35.18,35.21,-0.03,-0.0852,6251.0,22073.111
301132.SZ,20250214,28.55,28.8,28.2,28.49,28.55,-0.06,-0.2102,24703.0,70566.412
301133.SZ,20250214,22.48,22.88,22.23,22.64,22.42,0.22,0.9813,10579.0,23986.372
301135.SZ,20250214,24.54,24.88,24.3,24.35,24.55,-0.2,-0.8147,11380.0,27862.906
301136.SZ,20250214,11.69,11.84,11.6,11.7,11.74,-0.04,-0.3407,26458.0,30959.237
301137.SZ,20250214,17.13,17.28,16.88,16.94,17.14,-0.2,-1.1669,19764.0,33654.734
301138.SZ,20250214,27.05,27.31,26.8,26.89,27.0,-0.11,-0.4074,8123.0,21967.893
301139.SZ,20250214,24.52,25.28,24.5,25.08,24.55,0.53,2.1589,57585.68,143828.518
301141.SZ,20250214,38.74,38.94,37.87,38.01,38.49,-0.48,-1.2471,19435.8,74358.066
301148.SZ,20250214,18.41,18.59,18.36,18.39,18.44,-0.05,-0.2711,7265.0,13413.538
301149.SZ,20250214,10.26,10.29,10.17,10.2,10.18,0.02,0.1965,23120.92,23674.565
301150.SZ,20250214,21.1,21.7,21.1,21.26,21.22,0.04,0.1885,23384.93,50144.622
301151.SZ,20250214,15.25,15.33,15.18,15.28,15.2,0.08,0.5263,9769.07,14894.17
301152.SZ,20250214,28.85,29.97,28.6,28.93,29.0,-0.07,-0.2414,41417.37,121347.915
301153.SZ,20250214,28.46,30.65,28.3,29.98,28.0,1.98,7.0714,141113.37,417150.277
301155.SZ,20250214,55.75,57.07,55.2,55.87,55.77,0.1,0.1793,29092.0,163608.043
301156.SZ,20250214,13.15,13.85,13.15,13.54,13.21,0.33,2.4981,23078.52,31163.243
301157.SZ,20250214,57.61,58.2,54.71,56.37,59.33,-2.96,-4.989,51467.16,289701.893
301158.SZ,20250214,14.33,14.38,14.12,14.21,14.23,-0.02,-0.1405,19271.8,27428.037
301159.SZ,20250214,38.1,39.0,36.61,37.89,36.15,1.74,4.8133,104085.99,398289.436
301160.SZ,20250214,76.61,81.71,74.22,75.99,78.76,-2.77,-3.517,52465.0,407004.182
301161.SZ,20250214,20.72,20.94,20.51,20.71,20.65,0.06,0.2906,37811.6,78315.215
301162.SZ,20250214,46.67,49.48,46.0,48.19,46.3,1.89,4.0821,34449.0,164765.801
301163.SZ,20250214,22.3,23.07,22.15,22.68,22.38,0.3,1.3405,20571.51,46543.587
301165.SZ,20250214,70.01,73.58,69.8,71.06,69.22,1.84,2.6582,115116.7,821436.212
301166.SZ,20250214,28.42,29.33,28.42,29.02,28.42,0.6,2.1112,12075.0,35043.438
301167.SZ,20250214,13.7,13.78,13.56,13.7,13.53,0.17,1.2565,14726.51,20089.75
301168.SZ,20250214,28.27,28.97,28.14,28.42,28.44,-0.02,-0.0703,13983.69,40103.449
301169.SZ,20250214,44.51,45.03,42.8,43.95,42.58,1.37,3.2175,46658.37,205831.618
301170.SZ,20250214,23.85,24.05,23.6,23.7,23.66,0.04,0.1691,9034.66,21547.139
301171.SZ,20250214,37.45,37.59,34.45,35.7,38.05,-2.35,-6.1761,749473.29,2675264.443
301172.SZ,20250214,30.55,30.58,29.49,30.39,29.39,1.0,3.4025,69066.52,208553.122
301175.SZ,20250214,5.16,5.19,5.13,5.15,5.15,0.0,0.0,102217.0,52698.508
301176.SZ,20250214,17.55,17.75,17.33,17.44,17.56,-0.12,-0.6834,20306.0,35536.986
301177.SZ,20250214,24.85,25.58,24.61,25.25,24.75,0.5,2.0202,27715.0,69361.01
301178.SZ,20250214,30.7,31.5,30.4,31.17,30.49,0.68,2.2302,53633.2,166633.08
301179.SZ,20250214,18.24,18.53,18.13,18.49,18.24,0.25,1.3706,31566.29,58034.361
301180.SZ,20250214,14.69,14.81,14.54,14.62,14.75,-0.13,-0.8814,29354.22,43006.554
301181.SZ,20250214,21.68,22.35,21.68,21.94,21.96,-0.02,-0.0911,17019.4,37487.404
301182.SZ,20250214,35.01,37.33,35.01,37.07,35.52,1.55,4.3637,85521.35,311164.274
301183.SZ,20250214,56.1,57.35,54.07,54.77,56.66,-1.89,-3.3357,57261.3,315946.662
301185.SZ,20250214,19.5,19.88,19.18,19.84,19.55,0.29,1.4834,57182.4,112188.256
301186.SZ,20250214,49.5,50.85,47.51,49.36,50.15,-0.79,-1.5753,37338.47,183012.599
301187.SZ,20250214,34.97,36.45,34.74,35.9,35.02,0.88,2.5128,34807.0,124336.257
301188.SZ,20250214,16.14,16.36,16.08,16.13,16.15,-0.02,-0.1238,12645.0,20493.446
301189.SZ,20250214,25.0,25.27,24.9,25.07,25.04,0.03,0.1198,8475.39,21268.752
301190.SZ,20250214,15.53,15.64,15.4,15.49,15.51,-0.02,-0.1289,8469.0,13105.523
301191.SZ,20250214,94.51,96.2,92.8,93.9,94.71,-0.81,-0.8552,18747.74,176170.735
301192.SZ,20250214,22.1,22.87,22.07,22.35,22.32,0.03,0.1344,27814.15,62226.732
301193.SZ,20250214,17.36,17.45,16.8,17.03,17.49,-0.46,-2.6301,34731.94,59421.377
301195.SZ,20250214,34.38,34.74,33.99,34.65,34.17,0.48,1.4047,19872.01,68539.847
301196.SZ,20250214,35.19,35.64,35.19,35.4,35.33,0.07,0.1981,6984.35,24733.954
301197.SZ,20250214,15.56,15.79,15.47,15.77,15.55,0.22,1.4148,20134.23,31527.719
301198.SZ,20250214,11.41,11.93,11.41,11.46,11.4,0.06,0.5263,73110.35,85131.428
301199.SZ,20250214,32.84,33.26,32.57,32.85,32.94,-0.09,-0.2732,29973.0,98633.983
301200.SZ,20250214,38.8,39.1,38.5,38.68,38.8,-0.12,-0.3093,14104.0,54684.208
301201.SZ,20250214,19.43,20.28,19.38,20.11,19.43,0.68,3.4997,23997.32,48090.079
301202.SZ,20250214,41.0,41.07,39.32,40.39,41.99,-1.6,-3.8104,94369.81,380704.782
301203.SZ,20250214,30.65,31.3,30.6,30.82,30.65,0.17,0.5546,4197.01,12965.013
301205.SZ,20250214,80.8,87.7,80.8,82.8,80.8,2.0,2.4752,88776.13,749593.93
301206.SZ,20250214,25.52,25.7,25.4,25.42,25.61,-0.19,-0.7419,8992.5,22946.106
301207.SZ,20250214,18.22,19.22,18.15,18.89,18.31,0.58,3.1677,58437.5,110088.317
301208.SZ,20250214,40.01,41.46,40.0,40.82,40.4,0.42,1.0396,71751.94,292873.866
301209.SZ,20250214,32.69,33.38,32.43,33.24,32.7,0.54,1.6514,19920.5,65732.452
301210.SZ,20250214,44.07,45.84,42.5,42.65,44.08,-1.43,-3.2441,19457.74,85218.234
301211.SZ,20250214,18.65,19.1,18.6,18.82,18.6,0.22,1.1828,67712.8,127767.105
301212.SZ,20250214,21.41,21.86,21.4,21.65,21.53,0.12,0.5574,7666.0,16614.865
301213.SZ,20250214,46.56,48.3,46.03,47.5,46.8,0.7,1.4957,21990.0,104082.843
301215.SZ,20250214,6.08,6.19,6.08,6.13,6.1,0.03,0.4918,119487.6,73417.01
301216.SZ,20250214,10.18,10.3,10.18,10.26,10.2,0.06,0.5882,32013.96,32833.791
301217.SZ,20250214,10.95,11.15,10.9,11.0,10.97,0.03,0.2735,58733.0,64763.616
301218.SZ,20250214,24.76,25.08,24.34,24.82,24.95,-0.13,-0.521,58898.5,145895.549
301219.SZ,20250214,46.42,47.79,46.18,46.36,46.58,-0.22,-0.4723,40571.03,190201.601
301220.SZ,20250214,67.89,73.18,66.01,69.88,71.65,-1.77,-2.4703,98648.79,681013.325
301221.SZ,20250214,51.03,53.2,51.03,52.62,51.02,1.6,3.136,49485.0,259076.726
301222.SZ,20250214,26.15,26.45,26.01,26.14,26.18,-0.04,-0.1528,6567.0,17214.895
301223.SZ,20250214,16.27,16.35,16.12,16.16,16.27,-0.11,-0.6761,5378.55,8730.14
301225.SZ,20250214,27.11,27.74,27.05,27.34,27.22,0.12,0.4409,5724.0,15718.996
301226.SZ,20250214,24.55,24.99,24.05,24.17,24.57,-0.4,-1.628,29629.91,72219.608
301227.SZ,20250214,16.65,16.88,16.48,16.73,16.68,0.05,0.2998,10978.0,18347.245
301228.SZ,20250214,15.1,15.19,14.72,14.98,14.97,0.01,0.0668,33365.0,49788.184
301229.SZ,20250214,20.88,21.6,20.73,21.06,20.88,0.18,0.8621,14393.8,30461.434
301230.SZ,20250214,31.09,36.94,31.09,36.94,30.78,6.16,20.013,141099.69,488798.553
301231.SZ,20250214,19.25,19.51,18.8,19.43,19.25,0.18,0.9351,35467.99,68107.955
301232.SZ,20250214,25.56,25.7,25.33,25.51,25.43,0.08,0.3146,7931.8,20236.553
301233.SZ,20250214,46.93,47.88,46.67,47.24,47.08,0.16,0.3398,9102.0,42893.373
301234.SZ,20250214,26.22,27.16,26.21,26.71,26.2,0.51,1.9466,7244.7,19385.452
301235.SZ,20250214,19.81,20.75,19.81,20.54,19.8,0.74,3.7374,29142.0,59623.113
301236.SZ,20250214,68.4,71.96,67.3,70.52,68.46,2.06,3.0091,973912.51,6839385.048
301237.SZ,20250214,23.12,23.5,23.12,23.39,23.19,0.2,0.8624,3763.03,8791.475
301238.SZ,20250214,19.5,21.26,19.0,19.85,18.84,1.01,5.3609,789913.57,1611233.157
301239.SZ,20250214,46.77,48.24,46.38,47.22,46.77,0.45,0.9622,15609.86,74196.138
301246.SZ,20250214,13.95,14.23,13.92,14.07,14.0,0.07,0.5,39895.15,56362.891
301248.SZ,20250214,19.81,20.98,19.47,20.7,19.9,0.8,4.0201,247910.86,503767.064
301251.SZ,20250214,37.28,40.23,36.1,39.22,37.46,1.76,4.6983,178989.43,690526.046
301252.SZ,20250214,36.8,38.42,36.8,36.85,37.3,-0.45,-1.2064,53075.48,198979.29
301255.SZ,20250214,37.2,37.79,35.62,35.87,37.72,-1.85,-4.9046,50342.15,183647.25
301256.SZ,20250214,7.61,7.73,7.61,7.66,7.61,0.05,0.657,25396.0,19488.696
301257.SZ,20250214,27.63,29.47,27.6,28.93,27.6,1.33,4.8188,44600.03,128667.027
301258.SZ,20250214,23.97,24.95,23.97,24.5,23.92,0.58,2.4247,20515.2,50469.31
301259.SZ,20250214,48.42,51.56,48.01,51.11,48.23,2.88,5.9714,73245.08,366497.119
301260.SZ,20250214,14.03,14.08,13.73,13.83,13.96,-0.13,-0.9312,33999.4,47189.758
301261.SZ,20250214,57.0,58.9,56.61,57.84,57.8,0.04,0.0692,41135.0,238673.658
301262.SZ,20250214,27.33,27.95,26.68,27.72,27.56,0.16,0.5806,49989.71,136772.541
301263.SZ,20250214,16.4,16.71,16.37,16.63,16.51,0.12,0.7268,34095.83,56633.58
301265.SZ,20250214,8.89,9.01,8.89,8.94,8.93,0.01,0.112,9165.0,8202.895
301266.SZ,20250214,35.07,35.68,34.94,34.96,35.06,-0.1,-0.2852,24922.81,87968.775
301267.SZ,20250214,18.35,19.08,18.35,19.02,18.49,0.53,2.8664,95341.24,179727.917
301268.SZ,20250214,15.84,16.24,15.7,16.03,15.88,0.15,0.9446,29741.0,47853.77
301269.SZ,20250214,113.06,115.38,111.25,113.99,113.0,0.99,0.8761,51326.23,581182.112
301270.SZ,20250214,37.4,38.99,36.88,38.62,37.66,0.96,2.5491,64672.1,246507.03
301272.SZ,20250214,34.2,34.64,34.07,34.22,34.38,-0.16,-0.4654,4321.73,14813.657
301273.SZ,20250214,20.11,20.85,20.1,20.77,20.1,0.67,3.3333,9700.12,19882.219
301276.SZ,20250214,20.19,20.23,20.04,20.13,20.17,-0.04,-0.1983,9569.5,19274.143
301277.SZ,20250214,14.22,14.55,14.22,14.45,14.25,0.2,1.4035,35030.9,50612.105
301278.SZ,20250214,34.77,35.55,34.74,34.85,34.88,-0.03,-0.086,13241.64,46425.707
301279.SZ,20250214,21.8,22.03,21.53,21.63,21.55,0.08,0.3712,10303.96,22453.511
301280.SZ,20250214,46.33,47.5,46.3,46.61,46.54,0.07,0.1504,17372.0,81566.179
301281.SZ,20250214,29.76,30.55,29.57,29.92,29.76,0.16,0.5376,23989.06,72300.477
301282.SZ,20250214,22.45,22.76,22.32,22.5,22.55,-0.05,-0.2217,26100.3,58960.196
301283.SZ,20250214,25.81,26.11,25.61,25.78,25.81,-0.03,-0.1162,5213.18,13479.511
301285.SZ,20250214,29.14,29.4,28.4,28.87,29.51,-0.64,-2.1688,51621.4,149081.886
301286.SZ,20250214,31.46,31.76,30.61,30.76,31.48,-0.72,-2.2872,9016.0,27917.089
301287.SZ,20250214,30.33,30.67,30.09,30.35,30.03,0.32,1.0656,6156.0,18704.924
301288.SZ,20250214,13.0,13.1,12.56,12.73,12.87,-0.14,-1.0878,25031.0,31979.774
301289.SZ,20250214,48.0,48.38,47.8,48.31,47.8,0.51,1.0669,14186.6,68262.995
301290.SZ,20250214,23.35,23.74,23.16,23.55,23.16,0.39,1.6839,13250.26,31201.773
301291.SZ,20250214,48.37,52.46,48.37,51.56,48.8,2.76,5.6557,60472.45,308692.827
301292.SZ,20250214,13.62,14.18,13.51,13.78,13.62,0.16,1.1747,34081.33,47309.453
301293.SZ,20250214,48.0,50.63,47.9,50.02,48.16,1.86,3.8621,138321.7,686679.479
301295.SZ,20250214,21.15,21.46,21.0,21.17,21.16,0.01,0.0473,8687.8,18429.332
301296.SZ,20250214,9.72,9.87,9.67,9.7,9.76,-0.06,-0.6148,29178.54,28440.417
301297.SZ,20250214,42.52,42.86,41.81,42.08,42.64,-0.56,-1.3133,57950.92,244335.134
301298.SZ,20250214,14.0,14.28,13.94,14.0,14.0,0.0,0.0,15228.0,21460.806
301299.SZ,20250214,80.7,83.56,79.57,80.88,78.56,2.32,2.9532,70107.53,572701.062
301300.SZ,20250214,27.06,27.56,27.01,27.13,27.1,0.03,0.1107,7100.94,19324.324
301301.SZ,20250214,12.56,14.05,12.55,13.89,12.6,1.29,10.2381,1008871.77,1365047.565
301302.SZ,20250214,23.2,25.48,22.83,25.05,23.25,1.8,7.7419,135015.69,331012.235
301303.SZ,20250214,14.54,14.59,14.45,14.49,14.58,-0.09,-0.6173,18441.75,26777.866
301305.SZ,20250214,17.5,17.59,17.41,17.52,17.51,0.01,0.0571,10852.17,18990.793
301306.SZ,20250214,43.61,45.09,42.88,44.28,43.77,0.51,1.1652,43731.0,193121.421
301307.SZ,20250214,20.97,21.85,20.8,21.49,20.93,0.56,2.6756,77582.65,166747.123
301308.SZ,20250214,85.2,90.88,84.28,89.88,85.42,4.46,5.2213,104531.8,917937.13
301309.SZ,20250214,24.62,24.83,24.5,24.63,24.62,0.01,0.0406,8152.48,20113.859
301310.SZ,20250214,30.05,30.49,29.44,29.55,30.39,-0.84,-2.7641,46524.33,138877.027
301311.SZ,20250214,18.32,18.41,18.16,18.36,18.35,0.01,0.0545,25461.0,46627.593
301312.SZ,20250214,46.38,46.94,45.8,46.13,46.41,-0.28,-0.6033,15950.7,73788.285
301313.SZ,20250214,26.45,28.1,26.07,27.48,26.49,0.99,3.7373,161862.0,443248.513
301314.SZ,20250214,38.06,38.6,37.51,37.59,38.6,-1.01,-2.6166,9316.41,35279.691
301315.SZ,20250214,59.41,60.83,58.51,60.25,59.96,0.29,0.4837,51667.24,308753.637
301316.SZ,20250214,25.33,26.25,25.1,25.77,25.2,0.57,2.2619,326487.26,840073.902
301317.SZ,20250214,20.0,20.22,19.86,19.91,20.09,-0.18,-0.896,8107.33,16209.302
301318.SZ,20250214,34.21,35.17,34.21,34.59,34.61,-0.02,-0.0578,38154.0,132509.109
301319.SZ,20250214,30.52,30.83,30.3,30.55,30.61,-0.06,-0.196,9403.58,28717.325
301320.SZ,20250214,15.87,16.99,15.82,16.53,15.91,0.62,3.8969,89157.78,146771.454
301321.SZ,20250214,15.58,15.88,15.27,15.56,15.59,-0.03,-0.1924,33279.55,51804.727
301322.SZ,20250214,22.96,23.8,22.91,23.28,23.12,0.16,0.692,16777.58,39357.836
301323.SZ,20250214,40.54,41.49,40.49,40.96,40.4,0.56,1.3861,11356.0,46587.049
301325.SZ,20250214,57.58,59.08,55.51,56.7,59.12,-2.42,-4.0934,91439.94,524324.093
301326.SZ,20250214,79.62,79.99,74.53,76.76,79.62,-2.86,-3.5921,18551.0,142510.321
301327.SZ,20250214,73.0,74.5,73.0,73.68,73.21,0.47,0.642,8292.65,61132.65
301328.SZ,20250214,44.4,45.44,43.85,45.24,44.73,0.51,1.1402,33285.25,148930.564
301329.SZ,20250214,22.85,23.2,22.42,22.57,22.82,-0.25,-1.0955,52959.0,120579.194
301330.SZ,20250214,29.04,30.34,29.0,30.13,29.01,1.12,3.8607,62799.44,187506.561
301331.SZ,20250214,23.67,24.5,23.67,24.35,23.67,0.68,2.8728,12048.96,29175.579
301332.SZ,20250214,10.13,10.24,10.12,10.19,10.15,0.04,0.3941,32940.95,33519.565
301333.SZ,20250214,49.22,53.0,49.12,52.7,49.34,3.36,6.8099,14358.2,73933.075
301335.SZ,20250214,23.01,24.38,22.91,23.73,23.09,0.64,2.7718,52895.37,124950.865
301336.SZ,20250214,57.78,61.58,57.78,60.4,59.8,0.6,1.0033,20532.8,123063.805
301337.SZ,20250214,30.47,31.58,30.4,31.21,30.34,0.87,2.8675,33710.0,105057.184
301338.SZ,20250214,32.81,33.1,32.43,32.86,32.82,0.04,0.1219,10570.2,34639.006
301339.SZ,20250214,21.21,22.18,21.2,22.0,21.12,0.88,4.1667,141900.86,309735.975
301345.SZ,20250214,68.53,69.12,67.2,67.84,67.96,-0.12,-0.1766,12450.93,84807.572
301348.SZ,20250214,25.3,25.48,24.9,25.24,25.36,-0.12,-0.4732,42994.79,108273.671
301349.SZ,20250214,34.78,37.85,34.78,36.49,34.98,1.51,4.3168,31279.88,114380.02
301353.SZ,20250214,27.62,27.97,27.38,27.61,27.62,-0.01,-0.0362,8656.24,23934.7
301355.SZ,20250214,11.8,11.88,11.75,11.79,11.86,-0.07,-0.5902,31753.97,37488.295
301356.SZ,20250214,18.0,18.32,17.77,17.9,18.06,-0.16,-0.8859,12685.8,22808.458
301357.SZ,20250214,30.33,30.33,29.86,30.12,29.99,0.13,0.4335,12463.2,37472.614
301358.SZ,20250214,40.88,41.95,39.8,39.95,40.88,-0.93,-2.275,76511.39,311002.733
301359.SZ,20250214,23.88,24.09,23.63,23.91,23.87,0.04,0.1676,8459.0,20193.069
301360.SZ,20250214,53.67,53.99,52.7,53.12,53.49,-0.37,-0.6917,18516.4,98506.49
301361.SZ,20250214,30.39,30.61,29.75,29.95,30.53,-0.58,-1.8998,42650.78,127984.764
301362.SZ,20250214,39.27,39.33,39.05,39.24,39.01,0.23,0.5896,2308.0,9046.837
301363.SZ,20250214,31.48,32.51,31.41,32.11,31.57,0.54,1.7105,26045.99,83218.657
301365.SZ,20250214,14.83,14.95,14.6,14.9,14.75,0.15,1.0169,19220.74,28377.369
301366.SZ,20250214,47.9,48.73,47.36,47.96,48.23,-0.27,-0.5598,55175.8,264989.933
301367.SZ,20250214,61.53,63.6,61.51,62.58,61.67,0.91,1.4756,10316.43,64465.255
301368.SZ,20250214,62.48,65.2,61.9,62.37,64.16,-1.79,-2.7899,100123.31,634256.818
301369.SZ,20250214,55.38,55.77,54.49,55.0,55.44,-0.44,-0.7937,10204.5,56086.095
301370.SZ,20250214,11.18,12.29,11.07,12.0,11.11,0.89,8.0108,269829.82,320823.052
301371.SZ,20250214,34.3,34.89,34.3,34.62,34.42,0.2,0.5811,9933.54,34442.865
301372.SZ,20250214,20.03,20.65,20.03,20.29,20.13,0.16,0.7948,9442.0,19246.431
301373.SZ,20250214,26.45,26.45,25.94,26.05,26.12,-0.07,-0.268,4589.0,11984.749
301376.SZ,20250214,18.8,19.05,18.72,18.91,18.81,0.1,0.5316,14988.0,28361.501
301377.SZ,20250214,23.27,23.44,22.78,23.21,23.5,-0.29,-1.234,68287.87,158121.46
301378.SZ,20250214,33.9,36.38,32.7,35.7,33.96,1.74,5.1237,107118.38,372716.483
301379.SZ,20250214,25.17,25.8,24.76,25.2,24.97,0.23,0.9211,107579.03,271532.25
301380.SZ,20250214,53.46,56.25,51.52,55.91,53.99,1.92,3.5562,79776.04,431102.964
301381.SZ,20250214,22.31,22.59,22.15,22.52,22.31,0.21,0.9413,34321.71,77080.41
301382.SZ,20250214,43.57,46.68,41.3,42.6,42.52,0.08,0.1881,303781.71,1315787.334
301383.SZ,20250214,56.01,56.48,52.85,53.2,56.7,-3.5,-6.1728,102072.0,553220.738
301386.SZ,20250214,20.45,20.61,20.26,20.35,20.43,-0.08,-0.3916,11081.88,22644.011
301387.SZ,20250214,35.97,36.77,35.66,36.42,36.1,0.32,0.8864,39716.97,143972.797
301388.SZ,20250214,23.11,23.99,23.11,23.35,23.15,0.2,0.8639,20300.0,47642.648
301389.SZ,20250214,17.62,17.73,17.34,17.46,17.59,-0.13,-0.7391,38922.1,68106.03
301390.SZ,20250214,35.01,35.75,34.26,35.19,35.42,-0.23,-0.6494,31073.75,108310.042
301391.SZ,20250214,39.59,40.48,39.51,40.0,39.57,0.43,1.0867,11574.88,46387.308
301392.SZ,20250214,75.83,76.5,73.8,74.4,76.75,-2.35,-3.0619,30063.71,224776.601
301393.SZ,20250214,41.01,42.24,40.9,41.69,41.04,0.65,1.5838,9128.0,38129.409
301395.SZ,20250214,11.47,11.62,11.41,11.51,11.51,0.0,0.0,9935.9,11435.202
301396.SZ,20250214,36.92,45.5,36.4,45.5,37.92,7.58,19.9895,239011.77,971767.056
301397.SZ,20250214,32.01,34.0,32.01,33.3,32.62,0.68,2.0846,63934.4,212613.947
301398.SZ,20250214,51.4,52.8,50.88,51.14,52.16,-1.02,-1.9555,22362.0,115869.019
301399.SZ,20250214,28.59,28.77,27.83,28.27,29.09,-0.82,-2.8188,61069.11,172354.959
301408.SZ,20250214,12.56,13.7,12.5,13.54,12.68,0.86,6.7823,315077.31,414341.271
301413.SZ,20250214,83.0,83.89,79.79,81.01,83.1,-2.09,-2.515,49105.38,399878.164
301418.SZ,20250214,33.68,34.2,33.68,34.0,33.86,0.14,0.4135,7087.0,24067.306
301419.SZ,20250214,32.36,32.8,31.83,32.07,32.5,-0.43,-1.3231,18303.0,58948.114
301421.SZ,20250214,49.0,49.18,47.77,48.25,48.99,-0.74,-1.5105,31011.65,149896.204
301428.SZ,20250214,40.01,42.08,40.01,40.08,40.6,-0.52,-1.2808,180670.0,740218.577
301429.SZ,20250214,16.97,17.22,16.8,16.81,17.01,-0.2,-1.1758,16543.0,27984.713
301439.SZ,20250214,18.54,19.15,17.74,18.04,18.15,-0.11,-0.6061,206970.37,380720.472
301446.SZ,20250214,20.36,20.62,20.2,20.36,20.4,-0.04,-0.1961,12906.3,26346.73
301448.SZ,20250214,20.55,20.95,20.51,20.85,20.55,0.3,1.4599,9598.1,19938.674
301456.SZ,20250214,25.19,26.48,25.09,25.75,25.4,0.35,1.378,41109.68,106207.873
301458.SZ,20250214,34.34,36.45,34.34,35.56,34.6,0.96,2.7746,117671.31,419136.179
301459.SZ,20250214,43.0,51.06,42.4,51.06,42.55,8.51,20.0,53900.69,252209.759
301468.SZ,20250214,21.2,21.55,21.2,21.46,21.29,0.17,0.7985,5535.0,11842.863
301469.SZ,20250214,23.76,24.47,23.76,24.32,23.82,0.5,2.0991,10513.75,25432.68
301486.SZ,20250214,55.42,65.11,55.21,60.1,54.26,5.84,10.763,231984.04,1420686.175
301487.SZ,20250214,21.66,22.63,21.39,21.63,21.91,-0.28,-1.278,244956.27,536611.378
301488.SZ,20250214,66.82,81.1,66.5,74.08,67.58,6.5,9.6182,87068.35,647725.591
301489.SZ,20250214,63.97,66.68,63.07,65.66,64.29,1.37,2.131,35532.28,231775.747
301498.SZ,20250214,90.87,94.83,90.87,94.01,91.0,3.01,3.3077,22384.25,208735.395
301499.SZ,20250214,27.1,27.5,26.78,26.82,27.06,-0.24,-0.8869,21789.55,58998.572
301500.SZ,20250214,18.65,18.89,18.55,18.65,18.74,-0.09,-0.4803,26456.7,49476.552
301502.SZ,20250214,39.09,39.34,38.86,39.06,38.9,0.16,0.4113,6854.08,26780.431
301503.SZ,20250214,39.99,40.48,39.45,39.77,40.05,-0.28,-0.6991,17635.0,70173.527
301505.SZ,20250214,23.8,24.3,23.71,24.0,23.9,0.1,0.4184,15801.0,37826.566
301507.SZ,20250214,12.5,12.83,12.49,12.74,12.47,0.27,2.1652,55154.34,70290.944
301508.SZ,20250214,33.47,33.83,33.26,33.53,33.47,0.06,0.1793,21723.0,72742.384
301509.SZ,20250214,25.4,27.39,25.4,26.81,25.4,1.41,5.5512,56501.42,150803.638
301510.SZ,20250214,30.91,31.6,29.78,29.9,31.15,-1.25,-4.0128,120793.88,367012.016
301511.SZ,20250214,14.32,14.86,14.25,14.47,14.26,0.21,1.4727,204769.95,297141.327
301512.SZ,20250214,47.51,48.25,46.58,46.7,48.45,-1.75,-3.612,26578.0,125857.956
301515.SZ,20250214,18.59,19.15,18.49,18.82,18.47,0.35,1.895,20203.21,38167.165
301516.SZ,20250214,16.88,16.96,16.63,16.71,16.9,-0.19,-1.1243,43624.8,73049.771
301517.SZ,20250214,49.81,50.26,49.2,50.1,49.79,0.31,0.6226,18156.06,90322.19
301518.SZ,20250214,16.93,16.93,16.62,16.64,16.8,-0.16,-0.9524,10175.0,17033.035
301519.SZ,20250214,13.24,13.31,13.09,13.18,13.23,-0.05,-0.3779,15251.57,20135.281
301520.SZ,20250214,39.07,40.5,39.04,39.87,39.12,0.75,1.9172,11109.97,44314.253
301522.SZ,20250214,35.47,35.92,35.39,35.86,35.48,0.38,1.071,27407.61,97983.087
301525.SZ,20250214,64.56,64.91,63.12,63.32,64.8,-1.48,-2.284,8044.36,51416.128
301526.SZ,20250214,3.48,3.51,3.45,3.48,3.47,0.01,0.2882,210817.23,73408.135
301528.SZ,20250214,39.87,40.28,39.81,40.19,40.08,0.11,0.2745,3727.0,14944.787
301529.SZ,20250214,29.6,30.29,29.51,30.1,29.75,0.35,1.1765,7926.0,23787.771
301533.SZ,20250214,30.58,30.8,29.82,30.08,30.58,-0.5,-1.6351,16754.48,50656.92
301536.SZ,20250214,81.0,82.4,80.04,81.6,82.5,-0.9,-1.0909,62526.61,507169.372
301538.SZ,20250214,74.42,76.29,74.27,74.98,74.43,0.55,0.7389,5926.95,44650.641
301539.SZ,20250214,18.71,20.94,18.71,19.86,18.38,1.48,8.0522,110177.41,221551.586
301548.SZ,20250214,44.5,44.65,43.28,43.42,44.87,-1.45,-3.2316,14488.25,63373.585
301550.SZ,20250214,109.0,115.0,100.81,102.0,110.09,-8.09,-7.3485,69444.62,737037.814
301551.SZ,20250214,65.5,65.76,62.22,62.94,67.15,-4.21,-6.2695,82236.87,520921.656
301552.SZ,20250214,52.85,54.05,52.56,53.56,52.82,0.74,1.401,9813.84,52424.471
301555.SZ,20250214,24.1,24.11,23.66,23.7,24.08,-0.38,-1.5781,14561.0,34666.974
301556.SZ,20250214,96.5,100.77,96.0,100.24,96.9,3.34,3.4469,25621.83,253751.41
301558.SZ,20250214,8.92,9.06,8.85,9.06,8.97,0.09,1.0033,121030.83,108546.605
301559.SZ,20250214,15.12,15.17,15.07,15.14,15.09,0.05,0.3313,12032.8,18187.719
301565.SZ,20250214,21.21,23.95,21.2,23.09,21.08,2.01,9.5351,149382.64,336041.93
301566.SZ,20250214,15.41,15.57,15.31,15.48,15.44,0.04,0.2591,56179.88,86822.667
301567.SZ,20250214,44.5,44.53,43.51,43.77,44.2,-0.43,-0.9729,11057.36,48547.495
301568.SZ,20250214,40.1,40.88,39.4,39.88,40.33,-0.45,-1.1158,54260.48,217621.157
301571.SZ,20250214,41.79,42.12,41.6,41.92,41.86,0.06,0.1433,12700.0,53153.118
301577.SZ,20250214,58.8,59.53,58.3,58.71,58.89,-0.18,-0.3057,7183.0,42277.851
301578.SZ,20250214,51.07,51.47,50.3,50.77,51.1,-0.33,-0.6458,10844.69,55094.767
301580.SZ,20250214,56.55,58.3,56.26,57.94,56.62,1.32,2.3313,10136.28,58515.767
301581.SZ,20250214,53.0,55.2,52.66,54.55,52.95,1.6,3.0217,31106.03,169135.909
301585.SZ,20250214,42.07,50.53,41.94,50.53,42.11,8.42,19.9953,94882.41,443654.988
301586.SZ,20250214,53.4,53.87,52.49,53.09,53.61,-0.52,-0.97,11793.31,62547.591
301587.SZ,20250214,23.88,24.45,23.8,23.99,23.81,0.18,0.756,21932.17,52824.415
301588.SZ,20250214,20.43,20.75,20.37,20.57,20.5,0.07,0.3415,13692.55,28146.812
301589.SZ,20250214,171.9,173.34,170.53,172.26,171.4,0.86,0.5018,6979.4,120053.73
301591.SZ,20250214,39.39,39.91,38.71,38.87,39.6,-0.73,-1.8434,22142.25,86359.358
301592.SZ,20250214,140.01,143.38,139.88,141.89,141.56,0.33,0.2331,10137.6,143340.705
301596.SZ,20250214,149.88,150.0,143.4,145.57,151.13,-5.56,-3.679,37787.81,551267.961
301598.SZ,20250214,74.0,75.48,73.29,73.63,75.11,-1.48,-1.9704,19495.0,144592.131
301600.SZ,20250214,168.0,174.5,166.24,168.51,169.0,-0.49,-0.2899,21516.93,365893.884
301601.SZ,20250214,30.92,32.8,30.8,32.62,30.88,1.74,5.6347,83125.07,265143.711
301602.SZ,20250214,22.7,27.12,22.7,27.12,22.6,4.52,20.0,147404.42,383014.087
301603.SZ,20250214,43.74,44.16,43.45,43.88,43.76,0.12,0.2742,15970.59,69979.226
301606.SZ,20250214,40.3,41.25,40.17,41.0,40.77,0.23,0.5641,29017.28,118582.022
301607.SZ,20250214,37.18,40.39,37.18,38.63,37.32,1.31,3.5102,34579.14,134751.203
301608.SZ,20250214,75.95,80.0,75.01,79.02,76.5,2.52,3.2941,43009.54,336030.415
301611.SZ,20250214,58.43,58.88,57.23,57.62,59.22,-1.6,-2.7018,42309.0,244461.627
301613.SZ,20250214,59.16,60.92,59.1,60.26,58.87,1.39,2.3611,16604.73,100063.833
301617.SZ,20250214,49.5,50.49,48.62,50.35,49.85,0.5,1.003,37598.93,186912.991
301618.SZ,20250214,84.8,86.62,84.29,85.85,84.98,0.87,1.0238,8113.02,69450.136
301622.SZ,20250214,66.4,68.55,66.15,67.33,66.6,0.73,1.0961,26064.0,175625.065
301626.SZ,20250214,106.51,109.7,105.25,108.1,107.86,0.24,0.2225,15469.33,165988.435
301628.SZ,20250214,94.01,94.4,92.01,92.98,92.62,0.36,0.3887,23435.51,217948.898
301631.SZ,20250214,121.1,127.68,121.01,126.5,121.72,4.78,3.927,21184.88,266161.53
301633.SZ,20250214,84.58,89.66,84.58,87.37,84.0,3.37,4.0119,16366.38,143540.564
302132.SZ,20250214,71.89,73.98,71.07,72.18,72.3,-0.12,-0.166,163595.76,1181995.873
